recombinant,parent1,parent2,recombinant_date,parent1_date,parent2_date,pango_counts,sc2ts_mrca,sc2ts_num_descendants,sc2ts_closest_recombinant,sc2ts_closest_recombinant_path_len,sc2ts_num_mutations,x_lineage_involved,usher_num_descendants
ERR7237438,ERR11754890,ERR13182720,2021-10-16,2021-10-20,2021-08-22,{'AY.4': 1},729822,1,-1,2147483648,5,False,1
node_234338,SRR20189669,ERR7050028,2021-12-08,2021-12-08,2021-10-08,{'AY.39': 2},1001275,2,-1,2147483648,8,False,2
ERR8241972,ERR8185756,SRR15272300,2021-12-05,2021-12-06,2021-07-12,{'AY.4': 1},982313,2,982314,1,0,False,1
node_226361,ERR11824418,ERR11753570,2021-09-22,2021-09-24,2021-10-17,{'B.1.617.2': 1},631109,1,-1,2147483648,6,False,1
node_600610,SRR24795867,ERR12385266,2023-08-23,2023-05-11,2023-11-04,{'XCR': 84},1833718,84,1833719,1,0,True,84
SRR20742269,SRR20742142,SRR20111221,2022-07-08,2022-07-10,2022-06-28,{'BE.1': 1},1560769,1,1560770,1,0,False,1
SRR16527453,SRR16364634,ERR13153313,2021-09-23,2021-09-16,2021-07-30,{'AY.100': 1},636352,1,-1,2147483648,4,False,1
SRR27417007,ERR11556680,ERR12481573,2023-12-18,2023-05-21,2024-01-01,{'BA.2.86.1': 1},1872523,1,1872524,1,0,False,1
node_595995,SRR24547007,SRR26043367,2023-06-26,2023-05-02,2023-08-22,{'XBB.1.5.77': 2},1825378,2,1673437,11,4,True,2
ERR11754286,ERR11753881,ERR6578584,2021-10-18,2021-10-17,2021-08-18,{'AY.4.8': 1},739916,1,739917,1,0,False,1
node_544293,SRR20776562,SRR20563820,2022-05-27,2022-05-09,2022-04-01,{'BA.2.12': 2},1435295,6,-1,2147483648,1,False,2
SRR20258542,SRR20762631,ERR6491956,2021-10-15,2021-10-21,2021-07-21,{'AY.100': 1},727640,2,-1,2147483648,7,False,1
SRR19693929,ERR10496024,SRR19284719,2022-05-13,2022-07-14,2022-05-03,{'BA.2.64': 1},1482381,1,1482382,1,0,False,1
node_190009,SRR20762790,ERR6423597,2021-11-01,2021-10-26,2021-07-17,{'AY.103': 2},803196,2,-1,2147483648,3,False,2
ERR13127774,ERR10002107,ERR10001391,2022-06-27,2022-07-05,2022-07-06,{'BA.5.1.4': 1},1540826,1,1540827,1,0,False,1
ERR6830767,ERR6598531,ERR6834468,2021-09-06,2021-08-22,2021-09-09,{'AY.4': 1},557198,1,-1,2147483648,0,False,1
SRR20258303,SRR16063773,SRR19675010,2021-10-18,2021-08-27,2022-04-18,{'AY.25': 1},739342,1,-1,2147483648,7,False,1
node_189098,SRR15891977,ERR7239527,2021-09-28,2021-08-23,2021-10-16,{'AY.39': 4},167127,1241012,-1,2147483648,1,False,4
node_273651,SRR16226363,ERR13160246,2021-09-26,2021-09-08,2021-07-30,{'AY.103': 2},647464,2,647465,1,0,False,2
SRR20263107,SRR20763295,SRR15199972,2021-11-23,2021-10-21,2021-06-25,{'AY.39': 1},921731,1,-1,2147483648,8,False,1
ERR6666963,node_174217,ERR7351693,2021-08-29,2021-08-29,2021-11-01,{'AY.4.2': 1},522250,1,522251,1,0,False,1
ERR8193340,ERR8180037,ERR6440908,2021-12-11,2021-12-11,2021-07-26,{'AY.42': 1},1011954,1,1011955,1,0,False,1
node_191714,ERR6768833,ERR6923155,2021-10-11,2021-08-31,2021-09-26,{'AY.42': 1},708321,1,373410,5,10,False,1
node_242641,ERR11763169,ERR7411547,2021-11-10,2021-11-21,2021-11-09,{'AY.98.1': 1},855732,1,855733,1,0,False,1
ERR7686527,ERR7543210,ERR7147095,2021-11-21,2021-11-22,2021-10-05,{'AY.4': 1},909474,1,909475,1,0,False,1
node_126699,ERR6922413,ERR6105556,2021-11-16,2021-09-27,2021-06-09,{'AY.4': 3},883691,3,-1,2147483648,5,False,3
SRR20117358,SRR19222569,node_344804,2021-12-14,2021-12-15,2021-12-04,{'AY.107': 1},1024171,1,1024172,1,0,False,1
SRR16620947,SRR14312655,ERR11823501,2021-05-11,2021-04-02,2021-03-10,{'B.1.526': 1},288224,1,288225,1,0,False,1
ERR6631463,ERR6568301,ERR6297558,2021-07-24,2021-07-24,2021-06-28,{'AY.4': 1},396010,1,-1,2147483648,4,False,1
ERR9989603,ERR10003837,SRR20920170,2022-07-14,2022-07-08,2022-07-18,{'BA.4': 1},1570525,1,-1,2147483648,5,False,1
ERR8187981,ERR7563248,ERR7742605,2021-11-30,2021-11-25,2021-12-06,{'AY.4.2.2': 1},957114,1,-1,2147483648,5,False,1
node_190028,ERR13182720,SRR16381044,2021-09-17,2021-08-22,2021-09-18,{'AY.113': 2},609380,3,373989,1,5,False,2
SRR23730458,SRR23730634,ERR10001529,2023-02-08,2023-02-13,2022-07-06,{'BA.5.3.5': 1},1762525,1,1762526,1,0,False,1
SRR26456449,SRR24606856,SRR26415750,2023-10-05,2023-04-22,2023-10-03,{'FL.1.5.1': 1},1848824,1,1673437,14,6,False,1
node_189706,SRR17299527,SRR16689898,2021-12-04,2021-12-02,2021-09-29,{'AY.120': 3},984304,3,-1,2147483648,4,False,3
node_436931,ERR8971026,node_436930,2021-11-13,2022-02-19,2021-11-13,{'unclassified': -1},-1,0,-1,2147483648,-1,False,433021
node_189355,SRR16696401,ERR6491956,2021-10-07,2021-10-08,2021-07-21,{'AY.100': 2},692741,5,-1,2147483648,5,False,2
node_701836,ERR10000035,ERR9895147,2022-08-09,2022-07-05,2022-06-21,{'BA.5.2': 10},1613302,10,1613302,0,1,False,10
node_188670,ERR6112499,ERR6470123,2021-08-23,2021-06-08,2021-08-01,{'AY.4': 2},423739,294,-1,2147483648,2,False,2
node_715278,ERR10030344,SRR20638864,2022-07-06,2022-07-17,2022-07-03,{'BA.2': 2},1556476,2,1556477,1,0,False,2
ERR6760184,SRR20117827,ERR11762961,2021-08-23,2021-12-11,2021-08-15,{'AY.60': 1},497285,1,497286,1,0,False,1
node_189090,SRR16237438,SRR15629270,2021-10-22,2021-09-12,2021-08-06,{'AY.39': 1},756994,1,-1,2147483648,1,False,1
node_191757,node_189701,ERR11827560,2021-10-05,2021-10-26,2021-08-20,{'AY.42': 79},684686,81,-1,2147483648,5,False,79
node_188909,node_189086,SRR15548262,2021-07-12,2021-08-06,2021-07-28,{'AY.39.1': 2},364801,9,-1,2147483648,4,False,2
SRR16381044,ERR11755864,SRR16351054,2021-09-18,2021-11-22,2021-09-17,{'AY.113': 1},614013,1,373989,2,9,False,1
SRR23655405,node_558630,SRR21197248,2022-05-16,2022-05-16,2022-07-02,{'BA.2.68': 1},1486569,1,-1,2147483648,5,False,1
ERR6776271,ERR6694087,ERR6521658,2021-09-07,2021-08-31,2021-08-05,{'AY.120': 1},563040,1,563041,1,0,False,1
ERR6491383,ERR11761633,ERR6440908,2021-07-30,2021-07-12,2021-07-26,{'B.1.617.2': 1},417172,1,-1,2147483648,7,False,1
node_623415,SRR26390973,SRR25692282,2023-08-12,2023-10-02,2023-07-10,{'XBB.1.16': 3},1831188,3,1831189,1,0,True,3
node_679359,SRR20999825,SRR21197248,2022-06-14,2022-07-24,2022-07-02,"{'BA.4.1.1': 1, 'BA.4.1': 1, 'BA.4.6': 1}",871725,274742,-1,2147483648,1,False,3
ERR10481891,ERR10383989,ERR10031487,2022-11-01,2022-10-03,2022-07-25,{'BE.1.1.2': 1},1701500,1,1701501,1,0,False,1
node_345225,SRR15342015,ERR6492325,2021-08-29,2021-07-18,2021-08-07,{'AY.20': 2},611391,2,523544,1,0,False,2
node_194949,ERR6836572,SRR16831566,2021-10-20,2021-09-13,2021-10-26,{'AY.127': 3},749093,12,749094,1,0,False,3
ERR6699085,ERR11762168,ERR6757351,2021-08-12,2021-07-22,2021-08-24,{'AY.4': 1},465114,1,-1,2147483648,4,False,1
ERR7309582,ERR7178214,ERR6440908,2021-10-26,2021-10-19,2021-07-26,{'AY.120': 1},773506,1,773507,1,0,False,1
ERR6300316,ERR6816656,ERR6494601,2021-07-02,2021-09-14,2021-07-25,{'AY.120': 1},347040,1,-1,2147483648,5,False,1
node_656879,SRR21061526,ERR9790178,2022-09-11,2022-07-22,2022-05-18,{'BA.5.1': 5},1652395,5,1652396,1,0,False,5
node_232128,SRR20258491,SRR17400200,2021-10-11,2021-10-16,2021-11-18,{'AY.39': 60},724242,60,-1,2147483648,4,False,60
SRR19279245,SRR20259179,ERR11742424,2021-10-21,2021-10-21,2021-10-12,{'AY.119': 1},752851,1,-1,2147483648,4,False,1
SRR16351062,SRR16328955,SRR15200045,2021-09-17,2021-09-22,2021-07-02,{'AY.39': 1},609382,2,-1,2147483648,1,False,1
ERR7028215,ERR6931107,ERR6650168,2021-10-03,2021-09-28,2021-08-26,{'AY.4': 1},673126,1,673127,1,0,False,1
node_274532,SRR15589379,SRR15138375,2021-10-31,2021-08-08,2021-06-28,{'B.1.617.2': 5},797173,5,797174,1,0,False,5
ERR9480201,ERR9259913,ERR8424511,2022-03-22,2022-03-04,2022-01-26,{'BA.1.1': 1},1381312,1,-1,2147483648,7,False,1
ERR12920601,ERR11849938,ERR11796019,2022-01-28,2022-04-07,2022-01-05,{'BA.2': 1},1175822,1,1175823,1,0,False,1
node_188288,ERR6754751,ERR6489175,2021-08-30,2021-08-23,2021-07-21,{'AY.4': 2},526228,2,-1,2147483648,7,False,2
SRR20944634,SRR15272161,SRR15984192,2021-11-18,2021-07-13,2021-08-29,{'AY.103': 1},897553,1,897554,1,0,False,1
SRR20395155,SRR18782255,SRR20356977,2022-02-21,2022-03-01,2022-01-29,{'BA.1.1': 1},1288720,1,1288721,1,0,False,1
SRR26043367,SRR25642786,SRR25319974,2023-08-22,2023-07-26,2023-06-26,{'XBB.1.44': 1},1833424,1,1673437,6,3,True,1
node_723745,ERR10150242,ERR12925511,2022-06-30,2022-08-21,2022-02-15,{'BA.4': 2},1592663,2,-1,2147483648,4,False,2
ERR7307967,ERR7307485,ERR7350337,2021-10-13,2021-10-23,2021-11-02,{'AY.4.2.1': 1},717995,5,717996,1,0,False,1
ERR7384072,ERR7294324,node_189248,2021-11-02,2021-10-28,2021-06-16,{'AY.4': 1},807312,1,-1,2147483648,5,False,1
node_647717,ERR10151235,ERR10002163,2022-12-19,2022-09-01,2022-07-05,{'BA.5.2.1': 1},1727398,1,1727399,1,0,False,1
node_117538,ERR13235771,ERR6440908,2021-10-31,2021-10-21,2021-07-26,{'AY.4': 2},794469,2,794469,0,2,False,2
node_442441,ERR10039716,node_442440,2022-01-12,2022-01-21,2022-01-12,"{'BA.1.18': 5, 'BA.1.1': 5, 'BA.1.1.18': 1}",932477,191713,-1,2147483648,1,False,11
ERR6571997,node_189696,ERR6709461,2021-08-16,2021-08-11,2021-08-28,{'AY.42': 1},474605,3,373410,4,4,False,1
node_345352,ERR9899224,ERR6440908,2021-07-14,2021-08-02,2021-07-26,{'AY.20': 4},369223,14,-1,2147483648,7,False,4
node_189526,SRR16381170,ERR6889456,2021-09-28,2021-09-18,2021-09-21,{'AY.100': 3},656111,3,-1,2147483648,4,False,3
SRR27642671,SRR26928349,SRR26524542,2023-12-12,2023-10-13,2023-08-22,{'XBB.1.16': 1},1870679,1,1870680,1,0,True,1
SRR20145485,SRR21263192,ERR6762185,2021-12-03,2021-11-29,2021-08-28,{'AY.125': 1},973645,1,973646,1,0,False,1
node_189617,SRR17103291,SRR20252730,2021-11-04,2021-11-02,2021-10-19,{'AY.100': 2},856107,2,820450,1,0,False,2
node_186298,SRR19305875,ERR6490974,2021-11-03,2021-11-22,2021-08-06,{'AY.100': 4},814969,23,749044,2,5,False,4
ERR6491075,ERR13182720,ERR12790700,2021-07-27,2021-08-22,2021-07-16,{'AY.4': 1},405225,1,405226,1,0,False,1
ERR7141593,ERR6491994,ERR6605052,2021-09-03,2021-06-23,2021-08-24,{'AY.4': 1},546678,1,546679,1,0,False,1
SRR15877430,SRR15864024,SRR15818867,2021-08-11,2021-08-18,2021-08-09,{'AY.39': 1},462314,2,-1,2147483648,4,False,1
node_191852,ERR6873274,node_188256,2021-10-18,2021-09-22,2021-07-14,{'AY.126': 2},737226,2,737227,1,0,False,2
ERR13052013,ERR13058662,ERR13320778,2023-11-27,2023-10-23,2023-09-28,{'XBB.1.9': 1},1864430,1,1864431,1,0,True,1
node_399949,ERR5291292,SRR17436204,2021-05-12,2021-01-13,2021-05-10,{'B.1.1.7': 2},289542,2,-1,2147483648,2,False,2
SRR20178633,ERR6758016,SRR17665049,2021-11-29,2021-09-09,2021-11-01,{'B.1.617.2': 1},951257,1,951258,1,0,False,1
node_542920,SRR18236582,SRR18235705,2021-12-16,2022-01-20,2022-02-20,{'BA.1.18': 94},871714,424062,-1,2147483648,0,False,94
node_189733,ERR6409149,ERR6378221,2021-07-24,2021-07-26,2021-07-21,{'AY.120': 2},167127,1241012,-1,2147483648,1,False,2
SRR20662983,ERR10000391,ERR10004251,2022-07-05,2022-07-06,2022-07-17,{'BF.5': 1},1553955,1,1553956,1,0,False,1
node_189374,SRR16781537,SRR15518829,2021-10-18,2021-10-09,2021-07-30,{'AY.100': 1},739379,1,-1,2147483648,4,False,1
ERR6622334,ERR6735492,ERR6622534,2021-08-24,2021-09-05,2021-08-23,{'AY.4': 1},500221,2,500222,1,2,False,1
SRR18151876,SRR21101064,SRR17847962,2022-01-23,2022-01-12,2021-12-27,{'BA.1.1.14': 1},1152111,1,1152112,1,0,False,1
SRR22237356,SRR21737739,SRR21716356,2022-10-17,2022-09-20,2022-09-13,{'BA.5.1.5': 1},1689732,1,1689733,1,0,False,1
node_675478,ERR10039731,ERR12980247,2022-10-16,2022-07-22,2022-08-02,{'BA.5.3.1': 2},1689145,2,1689146,1,0,False,2
SRR21266227,node_237008,SRR20189143,2021-12-16,2021-12-16,2021-12-07,{'AY.118': 1},1033433,1,-1,2147483648,8,False,1
ERR7383256,node_91267,ERR6440908,2021-11-05,2021-11-05,2021-07-26,{'AY.4': 1},823927,1,823928,1,0,False,1
SRR28170169,ERR13321798,ERR11779177,2024-01-02,2023-12-20,2023-07-18,{'JN.18': 1},1876643,1,1876644,1,0,False,1
SRR15775745,node_305643,SRR15272300,2021-08-17,2021-08-17,2021-07-12,{'AY.3': 1},478603,14,-1,2147483648,6,False,1
ERR6631759,ERR12817707,ERR11441252,2021-08-06,2021-07-21,2021-11-02,{'AY.9.2': 1},445254,1,445255,1,0,False,1
node_190217,SRR17264127,SRR16288101,2021-11-12,2021-11-23,2021-09-13,{'AY.113': 2},864961,2,864962,1,0,False,2
SRR16246115,SRR15387463,node_323880,2021-09-10,2021-07-23,2021-09-29,{'AY.44': 1},578790,1,-1,2147483648,5,False,1
node_252388,SRR15855590,SRR16850184,2021-09-15,2021-09-03,2021-10-15,{'AY.103': 9},600937,9,-1,2147483648,4,False,9
ERR8250720,ERR6634211,ERR8214896,2021-12-11,2021-08-19,2021-12-11,{'AY.4': 1},1012029,1,1012030,1,0,False,1
ERR13006159,ERR13014122,ERR10109722,2022-08-12,2022-08-04,2022-08-09,{'BF.4': 1},1617414,1,1428716,7,7,False,1
node_347808,ERR11761444,ERR6191812,2021-09-08,2021-07-06,2021-06-25,{'AY.9': 2},566374,2,566375,1,0,False,2
SRR15983091,SRR16221830,ERR6760781,2021-09-05,2021-09-07,2021-08-26,{'AY.39.1': 1},553537,1,-1,2147483648,5,False,1
node_189380,SRR17103150,SRR15518829,2021-11-02,2021-11-01,2021-07-30,{'AY.100': 1},808623,1,-1,2147483648,4,False,1
node_328130,SRR15290457,SRR16829949,2021-11-30,2021-07-17,2021-10-06,{'AY.44': 2},958296,2,958297,1,0,False,2
node_397580,ERR5059137,ERR4682176,2020-12-23,2020-12-18,2020-09-19,{'B.1.1.7': 2},90053,2,90053,0,0,False,2
SRR20263035,SRR17413678,SRR16606691,2021-11-24,2021-12-03,2021-09-28,{'AY.39': 1},927122,1,774473,1,6,False,1
SRR24141700,SRR23381686,SRR23895692,2023-03-24,2023-01-30,2023-02-23,{'XBB.1.5.19': 1},1801902,1,1801903,1,0,True,1
SRR21948388,SRR22038034,node_702440,2022-09-28,2022-10-09,2022-09-04,{'BA.5.2': 1},1672485,1,1672486,1,0,False,1
node_7007,node_7006,node_6897,2021-03-30,2021-03-30,2021-03-03,"{'XB': 202, 'B.1': 224}",242304,426,242304,0,20,True,426
node_701823,ERR10024646,ERR10000419,2022-08-22,2022-07-23,2022-07-06,{'XBM': 21},1642734,21,1629518,1,0,True,21
node_587132,ERR10933215,SRR26085496,2023-04-21,2023-02-15,2023-09-03,"{'GJ.1.2': 629, 'GJ.1.2.2': 218, 'GJ.1.2.4': 8, 'JE.1.1.1': 25, 'GJ.1.2.8': 19, 'KH.1': 13, 'GJ.1.2.5': 24, 'GJ.1.2.7': 5, 'JE.1': 13, 'GJ.1.2.1': 13, 'GJ.1': 4, 'JE.1.1': 2, 'GJ.1.2.6': 1}",1762644,4075,1673437,3,6,False,974
SRR20264149,SRR19266532,ERR6491292,2021-11-24,2021-11-20,2021-08-05,{'AY.119': 1},927330,1,927331,1,0,False,1
node_188925,SRR20254302,node_189098,2021-09-29,2021-10-14,2021-09-28,{'AY.39': 1},661353,2,-1,2147483648,5,False,1
node_651488,ERR10219839,SRR20662930,2022-09-06,2022-09-03,2022-07-06,{'BA.5.1': 2},1647777,2,1647778,1,0,False,2
ERR6454891,ERR6331604,ERR6520140,2021-07-28,2021-07-10,2021-08-08,{'B.1.617.2': 1},408243,1,-1,2147483648,4,False,1
SRR28620111,SRR26976438,SRR27473100,2024-01-12,2023-11-15,2023-12-01,{'JN.1.1': 1},1878897,1,1878898,1,0,False,1
node_189383,SRR15391634,node_180652,2021-11-24,2021-07-22,2021-10-08,{'AY.100': 2},927329,2,927329,0,0,False,2
node_643391,ERR10010968,ERR9969966,2022-07-08,2022-07-12,2022-06-25,{'BA.5.1': 4},1559471,4,1559471,0,0,False,4
ERR6758016,ERR6756391,SRR15877721,2021-09-09,2021-09-10,2021-08-12,{'B.1.617.2': 1},569209,1,569210,1,0,False,1
node_777514,ERR10020918,node_777513,2022-12-07,2022-07-19,2022-12-07,"{'XAY.2': 91, 'XAY.2.2': 72, 'XAY.2.1': 81, 'XAY.2.3': 127}",1723586,371,1723586,0,17,True,371
node_357856,SRR15547380,SRR15224374,2021-08-02,2021-07-27,2021-07-10,{'AY.75': 21},428959,21,428960,1,0,False,21
ERR13046667,ERR12979441,ERR10385907,2022-10-29,2022-09-12,2022-09-28,{'BA.5.2': 1},1699896,1,1699897,1,0,False,1
node_302633,SRR17003892,SRR17187152,2021-11-22,2021-11-08,2021-11-30,{'AY.3': 1},915315,1,-1,2147483648,4,False,1
ERR6101447,node_530783,ERR6011927,2021-06-08,2022-01-24,2021-05-28,{'B.1.1.7': 1},316175,1,316176,1,0,False,1
SRR19319894,SRR27240204,ERR12551423,2022-05-05,2023-12-04,2022-04-03,{'BA.2': 1},1471596,1,-1,2147483648,4,False,1
node_189500,SRR15628860,ERR6491956,2021-08-05,2021-08-05,2021-07-21,{'AY.100': 2},442664,2,-1,2147483648,4,False,2
node_191978,SRR15818993,SRR20259884,2021-10-12,2021-08-10,2021-10-21,{'AY.107': 2},715193,3,-1,2147483648,4,False,2
SRR20259238,SRR16795134,ERR6491956,2021-10-20,2021-10-07,2021-07-21,{'AY.100': 1},749043,1,749044,2,1,False,1
SRR20117298,SRR19286444,SRR20250558,2021-12-15,2021-12-21,2021-11-11,{'AY.39.1': 1},1029050,1,1029051,1,0,False,1
SRR16566606,SRR16056180,SRR18291229,2021-09-26,2021-08-20,2021-12-28,{'AY.44': 1},647387,1,-1,2147483648,6,False,1
ERR7240305,ERR7177975,ERR6492325,2021-10-26,2021-10-18,2021-08-07,{'AY.4': 1},771732,1,-1,2147483648,7,False,1
SRR20178812,SRR17362836,SRR21266401,2021-11-27,2021-12-04,2021-12-08,{'AY.20': 1},940166,3,-1,2147483648,7,False,1
node_196237,SRR17083728,ERR6440908,2021-10-18,2021-09-27,2021-07-26,"{'B.1.617.2': 9, 'AY.126': 1}",582384,50,-1,2147483648,3,False,10
node_343944,SRR16636640,SRR16527634,2021-10-27,2021-10-04,2021-09-27,{'AY.20': 3},822709,4,-1,2147483648,6,False,3
ERR7009409,ERR7007369,ERR6445757,2021-09-27,2021-09-27,2021-07-14,{'AY.126': 1},650508,1,-1,2147483648,5,False,1
ERR10020846,ERR10000914,ERR9926206,2022-07-20,2022-07-06,2022-06-27,{'BA.5': 1},1581997,1,1581998,1,0,False,1
ERR7696866,ERR7135363,ERR13153313,2021-12-07,2021-10-03,2021-07-30,{'AY.4': 1},991144,1,991145,1,0,False,1
SRR20252936,SRR16786252,ERR6571500,2021-10-18,2021-10-07,2021-08-08,{'AY.75': 1},739232,1,-1,2147483648,7,False,1
node_189654,SRR16636944,SRR15199833,2021-10-09,2021-10-05,2021-06-28,{'AY.117': 8},702193,8,614015,1,5,False,8
SRR15916359,SRR15446230,node_232780,2021-08-11,2021-07-26,2021-09-02,{'AY.39': 1},462446,1,-1,2147483648,4,False,1
ERR6766013,ERR6758732,SRR17889057,2021-09-04,2021-08-29,2021-12-24,{'AY.36': 1},550309,1,-1,2147483648,7,False,1
node_189701,ERR11794806,ERR6884561,2021-10-26,2021-12-08,2021-09-19,{'AY.42': 2},773483,2,-1,2147483648,7,False,2
node_248552,SRR20767046,SRR20278071,2021-12-01,2021-10-24,2021-11-30,{'B.1.617.2': 2},963867,2,963867,0,0,False,2
ERR12077841,ERR11923696,ERR10965153,2023-09-04,2023-08-11,2023-02-21,{'EG.5.1': 1},1837854,1,1837855,1,0,False,1
node_63111,DRR321274,ERR6887655,2021-07-28,2021-05-18,2021-09-15,{'AY.4': 144},408248,146,-1,2147483648,4,False,144
ERR11837995,node_518394,ERR12895549,2022-01-18,2022-01-18,2022-01-07,{'BA.1': 1},1127065,1,-1,2147483648,6,False,1
SRR26043246,ERR12254959,ERR12037666,2023-08-21,2023-10-01,2023-08-13,{'XBB.2.3': 1},1833117,1,1833118,1,0,True,1
node_117233,ERR6386534,ERR6440908,2021-08-20,2021-07-21,2021-07-26,{'AY.4': 7},339131,3349,-1,2147483648,1,False,7
SRR20682676,ERR10039731,SRR19723306,2022-07-07,2022-07-22,2022-05-27,{'BA.5.5': 1},1558218,1,1558219,1,0,False,1
node_153932,ERR6201276,ERR7464523,2021-12-09,2021-06-28,2021-11-09,{'AY.4': 1},1005925,1,1005926,1,0,False,1
SRR22685051,SRR21898952,SRR23319113,2022-10-01,2022-09-26,2022-09-06,{'BA.5.2.1': 1},1674817,1,1428716,11,4,False,1
SRR21636269,SRR20932763,SRR21762167,2022-09-04,2022-07-11,2022-09-13,{'BA.5.1.30': 1},1645176,1,1645177,1,0,False,1
node_189618,SRR16684419,SRR16829648,2021-11-12,2021-10-12,2021-10-09,{'AY.100': 2},754484,49,-1,2147483648,5,False,2
ERR7238940,ERR7236446,ERR6605289,2021-10-16,2021-10-16,2021-08-24,{'AY.4': 1},729817,1,-1,2147483648,7,False,1
node_186490,ERR6633085,SRR16162594,2021-08-26,2021-08-27,2021-09-12,{'AY.100': 2},508325,4,-1,2147483648,5,False,2
node_96191,ERR6634211,ERR11753761,2021-10-20,2021-08-19,2021-10-17,{'AY.4': 2},747743,2,747743,0,0,False,2
node_627481,node_627480,node_580575,2023-01-06,2023-01-06,2022-10-28,"{'XBB.1': 6, 'XBB.2.3': 1}",1613656,44307,1428716,8,2,True,7
node_696534,ERR10000161,ERR10032299,2022-07-23,2022-07-06,2022-07-28,{'BA.5': 2},1588420,2,1588420,0,1,False,2
ERR6765753,ERR6470794,SRR16706479,2021-09-03,2021-08-03,2021-10-04,{'AY.4': 1},546467,1,546468,1,0,False,1
node_188340,ERR6602566,SRR20178193,2021-10-22,2021-08-24,2021-11-17,{'AY.4': 1},755221,1,-1,2147483648,6,False,1
SRR20249801,SRR20769737,SRR16307507,2021-11-09,2021-10-23,2021-09-15,{'AY.118': 1},847204,1,847205,1,0,False,1
SRR15948751,SRR16056575,node_343944,2021-08-20,2021-08-23,2021-10-27,{'AY.20': 1},488463,1,-1,2147483648,7,False,1
node_19985,node_19984,node_21213,2021-02-25,2021-02-25,2021-05-07,{'B.1.526': 470},170973,475,-1,2147483648,7,False,470
SRR22896031,ERR13173513,node_695655,2022-11-07,2022-07-06,2022-11-07,{'BF.7.4.1': 1},1704365,1,1704366,1,0,False,1
node_588962,node_615187,ERR13028283,2023-01-13,2023-03-22,2022-12-06,{'XBB.3.1': 4},1717364,8,1673437,5,3,True,4
node_231906,SRR16925704,SRR15200045,2021-10-04,2021-10-12,2021-07-02,{'AY.39': 4},679326,11,679327,1,0,False,4
SRR16161553,SRR15892996,SRR20261476,2021-09-01,2021-08-25,2021-11-12,{'AY.25': 1},538379,1,-1,2147483648,4,False,1
ERR6573578,ERR12846385,ERR7683692,2021-08-18,2021-10-28,2021-11-14,{'AY.128': 1},479894,1,479895,1,0,False,1
ERR6936211,ERR6870523,ERR7528093,2021-09-29,2021-09-20,2021-11-18,{'AY.4': 1},659165,1,-1,2147483648,7,False,1
ERR6826236,ERR6647643,ERR6571333,2021-08-24,2021-08-22,2021-08-18,{'AY.4': 1},501024,1,-1,2147483648,7,False,1
ERR7240684,ERR6922762,ERR6568434,2021-10-07,2021-09-27,2021-08-08,{'AY.4': 1},692003,1,-1,2147483648,6,False,1
ERR6490974,ERR6225461,node_135285,2021-08-06,2021-07-01,2021-10-11,{'AY.4': 1},444141,1,-1,2147483648,6,False,1
node_638275,SRR20136361,ERR10001748,2022-08-07,2022-06-16,2022-07-06,{'BA.5.1': 3},1610792,3,1428716,7,7,False,3
ERR6485055,node_192357,ERR6759290,2021-07-09,2021-06-28,2021-09-04,{'B.1.617.2': 1},359973,1,-1,2147483648,0,False,1
ERR12978293,ERR11805511,ERR9913620,2022-07-26,2022-06-17,2022-06-28,{'BA.5': 1},1594331,1,1594332,1,0,False,1
SRR16527807,SRR20951995,node_189449,2021-09-26,2021-11-15,2021-09-16,{'AY.100': 1},646992,2,-1,2147483648,4,False,1
ERR7379837,ERR6664562,ERR13182720,2021-10-30,2021-08-26,2021-08-22,{'AY.4': 1},791803,1,-1,2147483648,4,False,1
SRR27387213,SRR27353959,SRR27366131,2023-11-25,2023-10-26,2023-10-10,{'EG.5.1': 1},1863700,1,1863701,1,0,False,1
ERR8189386,ERR7971721,ERR13309875,2021-12-26,2022-01-03,2022-01-15,{'BA.1.17.2': 1},1058408,1,-1,2147483648,4,False,1
ERR10481476,ERR10706865,SRR22295763,2022-10-28,2022-12-10,2022-10-28,{'BA.2': 1},1698565,1,1698566,1,0,False,1
node_557097,ERR12751262,node_557096,2022-03-25,2022-05-01,2022-03-25,{'BA.2': 6},1394155,6,-1,2147483648,3,False,6
ERR9327284,ERR11781826,ERR8646187,2022-03-09,2022-03-29,2022-02-08,{'BA.2': 1},1339347,1,1339348,1,0,False,1
node_585331,ERR10086602,ERR10560448,2023-03-18,2022-07-28,2022-11-23,{'DV.6': 2},871728,1294334,-1,2147483648,64,False,2
SRR21635978,ERR10000035,ERR10296875,2022-09-06,2022-07-05,2022-09-17,{'BA.5.2': 1},1647272,1,1647273,1,0,False,1
node_188298,ERR6822499,ERR6435944,2021-10-05,2021-09-17,2021-07-14,{'AY.4': 1},682474,1,-1,2147483648,6,False,1
ERR4758732,ERR4668686,ERR4688291,2020-10-07,2020-09-24,2020-09-27,{'B.1.1.307': 1},41913,1,41914,1,0,False,1
node_92975,ERR7332483,ERR7406713,2021-11-25,2021-11-01,2021-11-08,{'AY.4': 5},931528,5,931529,1,0,False,5
node_701810,ERR10164892,ERR13011898,2022-10-12,2022-08-08,2022-10-12,{'BA.2.75': 1},1685653,1,1685654,1,0,False,1
ERR9365679,ERR8304678,ERR8287258,2022-03-11,2022-01-22,2022-01-21,{'BA.1.1': 1},1346755,1,-1,2147483648,5,False,1
node_199364,SRR16840477,SRR16606793,2021-10-08,2021-10-13,2021-09-28,{'AY.119': 40},699184,46,-1,2147483648,5,False,40
ERR7148099,ERR7028964,ERR7239088,2021-10-09,2021-10-03,2021-10-08,{'AY.4': 1},699902,1,-1,2147483648,4,False,1
node_232801,SRR20263107,ERR6438994,2021-10-21,2021-11-23,2021-07-20,{'AY.39': 5},789653,6,-1,2147483648,5,False,5
SRR21898952,SRR22685051,SRR21222296,2022-09-26,2022-10-01,2022-08-01,{'BF.26': 1},1670502,1,1428716,9,7,False,1
node_426542,ERR6101447,ERR5692104,2021-06-01,2021-06-08,2021-03-29,{'B.1.1.7': 2},309544,2,-1,2147483648,5,False,2
node_544088,ERR11757268,ERR7679225,2022-01-18,2021-12-17,2021-12-04,{'BA.1': 1},1124269,1,1124270,1,0,False,1
ERR8176933,SRR19814523,SRR15775511,2021-12-05,2022-01-19,2021-08-17,{'AY.47': 1},982087,1,-1,2147483648,7,False,1
node_528779,ERR7907581,ERR8020502,2022-02-15,2021-12-27,2022-01-06,{'BA.1': 1},1264059,1,-1,2147483648,3,False,1
node_409608,ERR6620039,ERR5185595,2021-03-16,2021-08-24,2021-01-09,{'B.1.1.7': 8},204304,8,-1,2147483648,4,False,8
node_199145,node_199144,node_189882,2021-11-15,2021-11-15,2021-10-19,{'AY.119.2': 1},880656,1,-1,2147483648,9,False,1
node_189624,node_186496,ERR7201271,2021-08-24,2021-10-01,2021-10-07,{'AY.100': 2},501628,4,-1,2147483648,3,False,2
ERR6767587,ERR6570893,ERR6699085,2021-09-03,2021-08-16,2021-08-12,{'AY.5': 1},546478,1,-1,2147483648,4,False,1
node_287746,ERR11761851,node_287745,2021-08-30,2021-07-16,2021-08-07,{'AY.25.1': 5},574472,5,-1,2147483648,4,False,5
node_188880,SRR15983771,SRR15313765,2021-08-18,2021-08-30,2021-07-23,{'AY.39.1': 2},482454,19,-1,2147483648,4,False,2
node_359299,ERR9899053,ERR9899344,2021-08-26,2021-07-30,2021-08-26,{'B.1.617.2': 23},511511,23,511511,0,0,False,23
ERR6765742,ERR6432552,ERR6434734,2021-08-24,2021-07-30,2021-07-30,{'AY.4': 1},500951,1,500952,1,0,False,1
SRR16606821,SRR16778318,SRR16527751,2021-09-28,2021-10-21,2021-09-21,{'AY.118': 1},656180,2,-1,2147483648,5,False,1
node_580576,node_586857,ERR10707037,2023-02-02,2023-01-23,2022-12-06,{'BA.2': 7},1620344,30820,1428716,10,1,False,7
node_629331,ERR13050338,ERR13076635,2023-12-04,2023-11-27,2023-11-20,{'JN.1.4': 2},1859971,107,1854739,9,1,False,2
SRR28238669,ERR10814673,node_607512,2023-06-21,2023-01-21,2023-06-12,{'XBB.1.5.59': 1},1824706,1,1673437,7,7,True,1
SRR16832825,SRR15364194,SRR15945405,2021-10-10,2021-07-19,2021-09-03,{'B.1.617.2': 1},705143,1,705144,1,0,False,1
ERR6755638,ERR6480581,ERR6568434,2021-09-01,2021-08-04,2021-08-08,{'AY.4': 1},536486,1,-1,2147483648,4,False,1
node_234414,SRR17378862,ERR7232760,2021-12-04,2021-12-14,2021-10-16,{'AY.39': 1},978035,4,-1,2147483648,6,False,1
ERR7021445,ERR6105556,ERR6728242,2021-09-30,2021-06-09,2021-09-02,{'AY.4.1': 1},663937,1,663938,1,0,False,1
ERR7235713,ERR6840063,ERR13154152,2021-10-18,2021-09-13,2021-08-08,{'AY.112': 1},737076,1,737077,1,0,False,1
ERR7314127,ERR6761066,ERR7110976,2021-10-15,2021-08-31,2021-10-09,{'AY.4.2': 1},726224,1,726225,1,0,False,1
node_157916,ERR7139605,ERR11753533,2021-11-10,2021-10-14,2021-10-17,{'AY.4': 9},851713,9,851713,0,0,False,9
node_189623,ERR6632986,SRR20259749,2021-08-27,2021-08-26,2021-10-22,{'AY.100': 2},513370,2,513371,1,0,False,2
ERR7189964,ERR6822478,ERR6760263,2021-10-17,2021-09-17,2021-08-24,{'AY.4': 1},732055,1,-1,2147483648,4,False,1
node_658895,SRR22240935,ERR10296875,2022-12-23,2022-10-24,2022-09-17,{'BQ.1.1.5': 2},1730973,2,1428716,17,5,False,2
SRR15993918,SRR16221692,SRR15391863,2021-08-23,2021-09-07,2021-07-19,{'AY.119': 1},498002,1,-1,2147483648,4,False,1
node_544114,ERR8628074,ERR8568996,2022-03-04,2022-02-05,2022-02-04,{'XAE': 10},1322987,10,1322988,1,0,True,10
ERR7730302,ERR7753252,ERR11755403,2021-12-05,2021-12-07,2021-10-21,{'AY.4.2': 1},980996,1,-1,2147483648,5,False,1
SRR20935183,SRR16559270,SRR16545596,2021-12-09,2021-09-28,2021-09-23,{'AY.44': 1},1005524,1,1005525,1,0,False,1
node_189633,SRR19296753,ERR6704362,2021-12-01,2021-11-15,2021-08-26,{'AY.129': 1},963714,1,963715,1,0,False,1
ERR7320952,ERR7296454,ERR6758972,2021-10-27,2021-10-30,2021-08-29,{'AY.4': 1},778378,1,-1,2147483648,6,False,1
node_189744,SRR16284461,SRR15391855,2021-09-28,2021-09-13,2021-07-19,{'AY.119': 3},656138,3,656139,1,0,False,3
ERR7235507,node_56208,ERR6435944,2021-10-19,2021-10-07,2021-07-14,{'AY.4': 1},742740,1,-1,2147483648,7,False,1
ERR9278240,ERR9271929,ERR8303458,2022-03-07,2022-03-06,2022-01-22,{'BA.2': 1},1330096,1,1330097,1,0,False,1
node_739377,ERR10729956,ERR11837995,2021-12-30,2022-03-12,2022-01-18,{'XH': 40},1073547,40,1073548,1,3,True,40
node_701768,node_701767,ERR10003171,2022-09-06,2022-09-06,2022-07-07,"{'XBD': 46, 'XBS': 19, 'BA.2.75': 7, 'XBR': 3}",1551581,17309,-1,2147483648,1,True,75
SRR20247205,SRR20232787,SRR15199972,2021-10-27,2021-11-02,2021-06-25,{'AY.39': 1},779361,1,-1,2147483648,4,False,1
node_180636,SRR15385787,ERR6105556,2021-08-04,2021-07-25,2021-06-09,{'AY.100': 53},483303,53,-1,2147483648,4,False,53
SRR20117827,SRR17418966,SRR15891464,2021-12-11,2021-12-12,2021-08-06,{'AY.39': 1},1012501,1,1012502,1,0,False,1
node_629644,SRR29412798,ERR12554227,2024-06-05,2024-05-31,2023-12-21,{'JN.1.16.1': 1},1893372,1,1854739,11,7,False,1
ERR7318562,ERR7149325,SRR15877561,2021-10-28,2021-10-05,2021-08-11,{'AY.121': 1},783076,1,783077,1,0,False,1
SRR20233568,SRR19287974,ERR7310754,2021-11-02,2021-11-04,2021-10-19,{'AY.100': 1},808703,1,-1,2147483648,7,False,1
ERR7151835,ERR6569377,node_188697,2021-10-07,2021-08-08,2021-09-09,{'AY.109': 1},691763,1,-1,2147483648,5,False,1
node_189353,SRR17078121,SRR20234418,2021-11-14,2021-11-16,2021-11-03,{'AY.100': 2},873874,2,873875,1,0,False,2
node_205137,ERR12846441,ERR12824760,2021-09-22,2021-11-01,2021-09-22,{'AY.126': 37},589582,41,-1,2147483648,6,False,37
ERR13159237,node_782741,ERR13160309,2021-07-01,2021-05-05,2021-07-07,{'P.1.15': 1},346279,1,-1,2147483648,1,False,1
ERR8063431,ERR8248733,ERR7395833,2022-01-01,2021-12-20,2021-11-07,{'AY.4.2.2': 1},1076018,1,-1,2147483648,1,False,1
SRR15585202,ERR11756739,SRR16050830,2021-08-09,2021-12-01,2021-08-31,{'AY.122': 1},454828,2,-1,2147483648,4,False,1
SRR19933105,node_180094,ERR6440908,2021-12-23,2021-12-23,2021-07-26,{'AY.100': 1},1054479,2,-1,2147483648,6,False,1
ERR6769182,ERR6308193,SRR20917503,2021-08-28,2021-07-04,2021-12-15,{'AY.4': 1},520220,1,-1,2147483648,4,False,1
ERR7239731,ERR13182720,ERR12842193,2021-10-26,2021-08-22,2021-10-31,{'AY.4': 1},771727,1,771728,1,0,False,1
node_188280,SRR17136430,node_188279,2021-10-14,2021-10-28,2021-10-14,{'B.1.617.2': 3},723291,3,723292,1,0,False,3
ERR7378832,ERR11753728,ERR6773979,2021-10-30,2021-10-17,2021-09-08,{'AY.98': 1},791787,1,791788,1,0,False,1
SRR17367056,ERR12847243,ERR11853544,2021-12-03,2021-10-28,2021-12-16,{'AY.4': 1},972346,1,-1,2147483648,5,False,1
node_583816,ERR10931842,ERR13044272,2022-11-15,2023-01-31,2023-02-11,{'CH.1.1': 3},1708191,3,-1,2147483648,6,False,3
SRR19675010,SRR19675011,SRR19683454,2022-04-18,2022-04-18,2022-02-14,{'BA.2.3': 1},1443755,1,-1,2147483648,6,False,1
SRR17521781,SRR17235362,SRR17888935,2021-12-06,2021-10-29,2021-12-23,{'AY.112.2': 1},988478,1,-1,2147483648,5,False,1
ERR13076635,ERR13050308,ERR13077315,2023-11-20,2023-11-06,2023-12-04,{'BA.2.86.1': 1},1862132,1,1854739,8,5,False,1
SRR15388518,SRR15290276,SRR15272300,2021-07-26,2021-07-13,2021-07-12,{'AY.47': 1},402265,1,-1,2147483648,5,False,1
node_188983,SRR15863944,SRR20252910,2021-10-15,2021-08-18,2021-10-19,{'AY.39': 2},727473,2,-1,2147483648,4,False,2
SRR21175732,ERR11761605,SRR21173296,2021-10-29,2021-07-10,2021-10-27,{'AY.9.2': 1},788801,1,-1,2147483648,6,False,1
ERR10777582,ERR10382801,ERR10777579,2022-12-22,2022-10-03,2022-12-18,{'BQ.1.1': 1},1730437,1,1730438,1,0,False,1
node_188907,SRR16695665,SRR15199972,2021-10-18,2021-10-04,2021-06-25,{'AY.39.1': 3},739302,3,-1,2147483648,5,False,3
SRR16245770,node_190582,SRR15993681,2021-09-09,2021-10-24,2021-08-25,{'AY.116.1': 1},573488,3,390208,2,6,False,1
ERR7371157,ERR7381404,SRR20145644,2021-11-02,2021-11-02,2021-11-29,{'AY.4': 1},807066,1,-1,2147483648,6,False,1
SRR20263943,SRR17330843,SRR15518829,2021-11-23,2021-11-26,2021-07-30,{'AY.100': 1},922053,5,-1,2147483648,6,False,1
SRR15876884,SRR15270985,SRR15923783,2021-08-20,2021-07-15,2021-08-30,{'B.1.617.2': 1},488367,1,488368,1,0,False,1
ERR13161706,ERR13162223,SRR16629291,2021-10-25,2021-10-28,2021-06-01,{'P.1.15': 1},771213,1,-1,2147483648,9,False,1
SRR16351524,SRR16246120,SRR16883450,2021-09-14,2021-09-10,2021-10-12,{'AY.124': 1},596459,1,332322,6,7,False,1
node_189299,SRR16527388,SRR20179725,2021-11-28,2021-09-27,2021-11-26,{'AY.100': 2},944728,2,944728,0,0,False,2
node_189796,SRR20926458,SRR15445917,2021-11-23,2021-12-06,2021-07-29,{'AY.119': 1},921949,3,-1,2147483648,1,False,1
ERR7035845,ERR11761851,ERR7018745,2021-10-04,2021-07-16,2021-09-30,{'AY.4.2': 1},677326,1,677327,1,0,False,1
ERR7230437,ERR6634211,ERR7120778,2021-10-26,2021-08-19,2021-10-11,{'AY.4': 1},771707,1,771708,1,0,False,1
node_547457,SRR19723558,SRR19946443,2022-06-06,2022-05-28,2022-06-02,{'BA.2.12.1': 2},1511159,2,1511159,0,0,False,2
node_342977,ERR6879008,node_343367,2021-09-21,2021-09-21,2021-11-20,{'AY.36': 2},626108,2,-1,2147483648,4,False,2
ERR8287258,ERR8295153,ERR9365679,2022-01-21,2022-01-23,2022-03-11,{'BA.1.17.2': 1},1144269,1,-1,2147483648,5,False,1
node_583769,ERR10739916,ERR10731892,2023-01-11,2022-12-06,2022-12-19,{'CH.1.1.8': 5},1765003,5,-1,2147483648,3,False,5
SRR16829480,SRR16077175,SRR15863944,2021-10-08,2021-09-14,2021-08-18,{'AY.39': 1},698368,1,698369,1,0,False,1
node_675848,SRR21601809,SRR23730481,2023-01-05,2022-08-29,2023-02-20,{'BA.5.3.5': 39},1741115,40,1428716,5,6,False,39
ERR12839238,node_160564,ERR6931278,2021-10-21,2021-10-21,2021-09-29,{'AY.4': 1},754051,1,-1,2147483648,4,False,1
ERR12794355,ERR6666963,ERR11761614,2021-07-17,2021-08-29,2021-07-12,{'AY.7.1': 1},376324,1,376325,1,0,False,1
ERR7259724,ERR12835583,node_138344,2021-10-23,2021-10-08,2021-10-23,{'AY.4': 1},759172,1,-1,2147483648,6,False,1
ERR12481789,ERR12483868,ERR10000515,2023-12-11,2023-12-12,2022-07-06,{'JN.1.4': 1},1869629,1,1854739,11,4,False,1
SRR20179725,SRR15985184,SRR20146104,2021-11-26,2021-08-31,2021-11-28,{'AY.100': 1},935818,3,-1,2147483648,4,False,1
node_724452,ERR10151241,ERR10296428,2023-03-01,2022-08-30,2022-09-14,{'EZ.1': 1},1784319,1,1784320,1,0,False,1
node_188502,ERR7147969,ERR6571500,2021-10-09,2021-10-09,2021-08-08,{'AY.4.2': 2},701050,2,701050,0,2,False,2
node_238504,SRR17521945,ERR7243253,2021-12-14,2021-12-07,2021-10-20,{'B.1.617.2': 1},1023239,1,-1,2147483648,7,False,1
SRR20939623,SRR17105832,SRR16839497,2021-12-06,2021-11-04,2021-10-12,{'AY.3': 1},988918,1,-1,2147483648,3,False,1
node_126656,ERR7232037,ERR7237498,2021-10-15,2021-10-20,2021-10-20,{'B.1.617.2': 8},725993,13,725994,1,0,False,8
node_344092,SRR16066290,SRR20180432,2021-09-23,2021-08-27,2021-11-26,{'AY.20': 2},636407,2,636408,1,0,False,2
SRR15159673,node_25553,ERR5875936,2021-05-07,2021-05-07,2021-04-15,{'B.1.427': 1},283769,1,-1,2147483648,7,False,1
node_188803,SRR19304724,ERR13153313,2021-10-15,2021-11-22,2021-07-30,{'AY.118': 1},727639,1,-1,2147483648,7,False,1
ERR7497682,ERR7109320,ERR11849799,2021-11-15,2021-10-09,2021-08-27,{'AY.4': 1},876300,1,-1,2147483648,6,False,1
SRR20265230,SRR17352698,ERR13153313,2021-11-16,2021-11-11,2021-07-30,{'AY.100': 1},885215,1,-1,2147483648,7,False,1
node_67045,ERR6733184,ERR6399577,2021-09-14,2021-09-05,2021-07-25,{'AY.4': 4},592985,4,592986,1,0,False,4
node_644924,ERR10165738,SRR21486431,2022-08-29,2022-08-22,2022-07-31,{'BA.5.1': 2},1638820,2,1428716,4,14,False,2
ERR7306375,ERR6725762,ERR13153313,2021-10-27,2021-09-01,2021-07-30,{'AY.4': 1},778279,1,778280,1,0,False,1
SRR21546186,SRR21704322,ERR10296875,2022-09-01,2022-08-20,2022-09-17,{'BF.10': 1},1641611,1,1428716,8,6,False,1
SRR26170356,SRR25681909,SRR26076047,2023-09-07,2023-06-02,2023-08-25,{'XBB.2.3': 1},1838998,1,1838999,1,0,True,1
node_189042,SRR17219806,SRR15199972,2021-11-16,2021-11-09,2021-06-25,{'AY.39': 2},946311,2,-1,2147483648,6,False,2
SRR20186249,SRR17381447,SRR15877448,2021-12-05,2021-12-07,2021-08-11,{'AY.113': 1},982680,1,373989,1,5,False,1
node_235801,SRR17361080,ERR7232760,2021-11-27,2021-11-30,2021-10-16,{'AY.39': 2},940081,2,-1,2147483648,7,False,2
node_189843,SRR16022701,SRR15628585,2021-09-17,2021-09-08,2021-08-05,{'AY.119.2': 29},662704,33,609342,1,0,False,29
node_189062,SRR15446230,SRR16749941,2021-11-10,2021-07-26,2021-10-03,{'AY.39': 3},853590,3,853590,0,0,False,3
node_189946,SRR16245621,SRR15876395,2021-08-25,2021-09-10,2021-08-20,{'AY.116.1': 1},506485,1,506486,1,0,False,1
node_189115,SRR16307266,SRR15199972,2021-10-03,2021-09-14,2021-06-25,{'AY.39': 1},674853,1,-1,2147483648,2,False,1
node_641282,SRR21223875,SRR21040678,2022-10-09,2022-07-29,2022-07-28,{'BA.5': 2},1682081,2,1682081,0,2,False,2
node_6083,node_6072,SRR17488780,2021-06-15,2021-04-07,2021-05-15,{'B.1.214': 1},322199,1,322200,1,0,False,1
node_619248,ERR13321412,SRR26653779,2024-01-03,2023-11-08,2023-10-20,{'HK.19': 2},1876789,2,1876790,1,0,False,2
node_169447,ERR6883633,ERR11756169,2021-08-26,2021-08-20,2021-11-25,{'AY.4': 80},512679,80,-1,2147483648,8,False,80
ERR7310438,ERR7186603,ERR6491292,2021-10-26,2021-10-19,2021-08-05,{'AY.4': 1},773508,1,773509,1,0,False,1
ERR6598739,ERR6105556,ERR6644030,2021-08-22,2021-06-09,2021-08-15,{'AY.4': 1},494793,1,494794,1,0,False,1
node_561459,ERR10039731,SRR19547633,2022-04-13,2022-07-22,2022-03-23,{'BA.2': 2},1439257,2,1435483,1,0,False,2
node_318559,SRR17102822,ERR6440908,2021-11-10,2021-11-11,2021-07-26,{'AY.44': 8},853306,9,-1,2147483648,7,False,8
SRR19932950,SRR20116829,ERR6423050,2021-12-23,2021-12-13,2021-07-08,{'AY.44': 1},1054471,1,-1,2147483648,9,False,1
ERR8213432,ERR7602741,ERR7557017,2021-11-30,2021-11-26,2021-11-23,{'AY.43': 1},957190,1,957191,1,0,False,1
ERR7395506,ERR6735585,ERR6148731,2021-11-03,2021-09-06,2021-06-21,{'AY.46.5': 1},816617,1,-1,2147483648,5,False,1
node_189209,SRR17130396,SRR16040836,2021-11-27,2021-11-04,2021-08-28,{'AY.20': 3},940166,3,-1,2147483648,7,False,3
node_237330,SRR15552771,node_188794,2021-11-05,2021-07-28,2021-12-07,{'AY.118': 3},997063,4,-1,2147483648,4,False,3
node_546478,ERR12782515,SRR19779216,2022-05-28,2022-06-08,2022-05-31,{'BA.2.12.1': 2},1500723,2,1500723,0,1,False,2
SRR16883640,SRR16510512,ERR7148076,2021-10-10,2021-10-07,2021-10-07,{'AY.105': 1},705900,1,705901,1,0,False,1
SRR16883439,node_236324,SRR16606479,2021-10-12,2021-10-08,2021-10-04,{'AY.39': 1},714993,1,714994,1,0,False,1
node_179837,SRR17374295,SRR16883831,2021-11-10,2021-12-13,2021-10-13,{'AY.100': 3},853352,3,853352,0,2,False,3
node_188721,ERR11756256,ERR13153313,2021-11-06,2021-11-28,2021-07-30,{'AY.4': 1},828353,1,828354,1,0,False,1
node_646469,ERR10015523,ERR9615445,2022-07-05,2022-07-18,2022-04-02,{'BA.5.1': 3},1551694,3,1551695,1,0,False,3
ERR10306608,ERR9909566,ERR10015485,2022-09-16,2022-06-25,2022-07-16,{'BE.1': 1},1659442,1,1659443,1,0,False,1
node_192843,SRR15877078,SRR16568277,2021-11-20,2021-08-26,2021-09-27,{'AY.44': 1},905910,1,905911,1,0,False,1
SRR26938277,ERR13055291,SRR26415765,2023-11-07,2023-12-11,2023-10-01,{'XBB.1.16': 1},1857841,1,1857842,1,0,True,1
ERR6569478,ERR6765742,ERR6201753,2021-07-24,2021-08-24,2021-06-30,{'AY.4': 1},395994,1,-1,2147483648,5,False,1
node_174218,ERR6666963,ERR7292851,2021-11-13,2021-08-29,2021-10-30,{'AY.4': 10},918550,10,870473,1,0,False,10
node_189808,SRR20938664,SRR16883472,2021-11-29,2021-11-29,2021-10-12,{'AY.119': 2},951692,2,-1,2147483648,5,False,2
node_515294,ERR11854306,ERR11847675,2022-02-16,2022-02-11,2021-12-30,{'BA.1.1': 1},1269956,1,-1,2147483648,7,False,1
SRR16706981,SRR23879191,ERR6837908,2021-10-04,2021-09-20,2021-09-11,{'AY.100': 1},679328,1,-1,2147483648,5,False,1
node_586861,node_586860,ERR11556708,2023-09-11,2023-09-11,2023-05-29,"{'XCT.1': 32, 'XCT': 25}",1840332,57,1840333,1,0,True,57
SRR19608244,SRR25319974,SRR19608312,2022-05-25,2023-06-26,2022-05-25,{'BA.2.12.1': 1},1497622,1,-1,2147483648,2,False,1
node_182116,SRR17256249,SRR15948762,2021-11-11,2021-11-04,2021-08-20,{'AY.100': 2},1020512,2,859209,1,0,False,2
SRR21694577,ERR10000002,SRR21671530,2022-09-10,2022-07-05,2022-09-06,{'BA.5.5': 1},1650859,1,1650860,1,0,False,1
SRR20682810,SRR20136282,ERR10000870,2022-07-07,2022-06-17,2022-07-05,{'BA.2': 1},1558241,1,1558242,1,0,False,1
node_182280,SRR16987447,SRR15391634,2021-10-20,2021-10-13,2021-07-22,{'AY.100': 2},749080,2,749081,1,0,False,2
node_623417,ERR11556784,SRR26456331,2023-04-25,2023-05-28,2023-10-07,{'XBB.1.16': 1},1815659,1,1815660,1,0,True,1
node_189379,SRR17077972,node_189377,2021-11-09,2021-11-10,2021-10-16,{'AY.100': 12},847348,16,730996,2,4,False,12
node_329649,SRR15945085,SRR15982499,2021-10-25,2021-09-03,2021-08-31,{'AY.44': 11},997310,11,769290,1,0,False,11
ERR7367909,ERR7284814,ERR6440908,2021-11-05,2021-10-26,2021-07-26,{'AY.4': 1},823805,1,-1,2147483648,7,False,1
ERR6342716,node_46557,ERR6309151,2021-07-07,2021-07-31,2021-07-02,{'B.1.617.2': 1},355881,1,-1,2147483648,7,False,1
SRR15875404,SRR15554140,ERR13160860,2021-08-20,2021-08-04,2021-09-06,{'AY.103': 1},488206,1,488207,1,0,False,1
SRR25642961,SRR25642990,SRR25207923,2023-07-28,2023-07-24,2023-06-22,{'XBB.2.3': 1},1828106,1,1828107,1,0,True,1
ERR9867451,ERR12255260,ERR10395233,2022-06-07,2022-04-07,2022-09-27,{'BA.4': 1},1512674,1,-1,2147483648,0,False,1
node_436925,ERR5219736,ERR5026579,2021-02-02,2021-01-15,2020-12-10,{'B.1.1': 3},136674,3,136674,0,3,False,3
node_545605,ERR9989273,SRR19719274,2022-06-03,2022-07-11,2022-05-23,{'BA.2.12.1': 4},1507761,4,1507761,0,0,False,4
node_189125,SRR15199972,SRR20258596,2021-10-28,2021-06-25,2021-10-17,{'AY.39': 1},784099,1,784100,1,0,False,1
SRR15983729,SRR16062991,SRR16384916,2021-09-03,2021-08-25,2021-09-20,{'AY.3.1': 1},547487,1,547488,1,0,False,1
ERR6629362,ERR6387573,ERR13153313,2021-08-08,2021-07-22,2021-07-30,{'AY.4': 1},451845,1,451846,1,0,False,1
ERR6451662,ERR6322711,ERR6331868,2021-07-29,2021-07-08,2021-07-09,{'AY.8': 1},411565,1,411566,1,0,False,1
SRR24374323,SRR24795561,ERR10910673,2023-03-26,2023-05-17,2023-02-04,{'XBB.1.5': 1},1802839,1,1673437,8,6,True,1
node_94315,ERR11755166,ERR11754052,2021-11-30,2021-10-20,2021-10-13,{'AY.4.2': 2},955398,2,955399,1,0,False,2
ERR10618774,ERR10088999,ERR10163637,2022-11-11,2022-08-08,2022-08-26,{'BA.5.2': 1},1706440,1,1706441,1,0,False,1
SRR20953745,SRR19294290,ERR13153313,2021-11-09,2021-11-14,2021-07-30,{'AY.113': 1},847327,2,373989,3,5,False,1
SRR20259749,SRR16837302,ERR6633085,2021-10-22,2021-10-14,2021-08-27,{'AY.118': 1},757025,1,-1,2147483648,8,False,1
ERR7230989,ERR6914173,ERR6492325,2021-10-11,2021-09-24,2021-08-07,{'AY.4': 1},708261,1,-1,2147483648,7,False,1
SRR23709688,SRR24270180,ERR11079349,2023-02-10,2023-04-11,2023-02-26,{'XBB.1.5.20': 1},1764345,1,1673437,8,6,True,1
node_271238,ERR6442517,SRR16697768,2021-10-11,2021-07-29,2021-10-04,{'AY.103': 1},709749,1,709750,1,0,False,1
SRR21346944,node_461962,SRR18784931,2022-03-20,2022-03-20,2022-03-09,{'BA.1.1': 1},1376175,1,-1,2147483648,5,False,1
ERR9940303,ERR10738159,ERR9821533,2022-06-26,2022-08-24,2022-05-21,{'BA.5.1': 1},1538348,1,1538349,1,0,False,1
node_518432,ERR11764255,ERR11837995,2022-01-07,2021-12-06,2022-01-18,{'BA.1': 3},1091702,4,-1,2147483648,4,False,3
ERR8196091,SRR18098309,ERR7885484,2021-12-22,2022-01-03,2021-12-23,{'BA.1.17.2': 1},1050850,1,-1,2147483648,5,False,1
node_222570,ERR7191800,ERR6105556,2021-11-12,2021-10-20,2021-06-09,{'AY.43': 2},862090,2,-1,2147483648,5,False,2
SRR15352954,SRR15391396,SRR16318274,2021-07-16,2021-07-22,2021-08-09,{'AY.3': 1},373964,1,373965,1,0,False,1
SRR21266675,SRR17269878,ERR6492325,2021-12-08,2021-11-01,2021-08-07,{'AY.42': 1},1002451,1,1002452,1,0,False,1
node_232046,SRR16859979,SRR20116093,2021-09-28,2021-09-19,2021-12-02,{'AY.39': 4},754424,4,656179,1,0,False,4
node_412691,ERR6709168,ERR5467662,2021-04-16,2021-05-03,2021-03-01,{'B.1.1.7': 71},259308,71,259308,0,0,False,71
node_134704,node_72646,ERR6605904,2021-09-17,2021-10-13,2021-08-25,{'AY.4': 1},607937,1,607938,1,0,False,1
node_137011,ERR7027527,ERR6492325,2021-10-20,2021-10-02,2021-08-07,{'AY.4': 2},747219,2,747219,0,2,False,2
node_783859,ERR13149512,ERR13158624,2021-08-28,2021-04-21,2021-06-13,{'P.1.2': 2},521329,2,-1,2147483648,4,False,2
ERR6633394,ERR6464471,ERR13153313,2021-08-20,2021-07-31,2021-07-30,{'AY.4': 1},487246,1,-1,2147483648,4,False,1
node_180497,SRR16551099,SRR17235074,2021-09-28,2021-09-23,2021-10-07,{'AY.100': 23},672795,71,656259,1,0,False,23
SRR16884218,SRR16782118,SRR16829649,2021-10-14,2021-10-13,2021-10-09,{'AY.103': 1},723290,1,-1,2147483648,5,False,1
SRR20251880,SRR17117565,ERR6440908,2021-11-11,2021-11-01,2021-07-26,{'AY.3.1': 1},859519,1,-1,2147483648,7,False,1
node_197713,SRR16793175,ERR13153313,2021-11-26,2021-10-06,2021-07-30,{'AY.121': 9},954139,11,-1,2147483648,3,False,9
SRR16328596,node_190915,SRR19045749,2021-09-07,2021-09-07,2021-12-26,{'AY.114': 1},560802,3,-1,2147483648,6,False,1
node_172882,ERR11761456,ERR6886715,2021-08-08,2021-07-06,2021-09-19,{'AY.4.7': 6},453136,7,-1,2147483648,5,False,6
SRR21039681,ERR10089088,ERR11849615,2022-07-25,2022-08-09,2022-06-11,{'BA.2.75': 1},1591341,1,1591342,1,2,False,1
SRR16383990,SRR16383989,ERR6571333,2021-09-20,2021-09-20,2021-08-18,{'AY.44': 1},622277,1,-1,2147483648,6,False,1
ERR9077528,ERR9132575,ERR12750946,2022-02-21,2022-02-25,2022-04-29,{'BA.2': 1},1286537,1,-1,2147483648,3,False,1
SRR19279475,SRR16901703,SRR16899351,2021-11-04,2021-10-20,2021-10-19,{'AY.44': 1},820150,1,820151,1,0,False,1
ERR7047712,ERR7235648,ERR6568434,2021-10-03,2021-10-18,2021-08-08,{'AY.4.2.2': 1},673618,1,-1,2147483648,4,False,1
SRR15954459,SRR14811939,ERR4238502,2021-06-21,2021-05-16,2020-05-08,{'B.1.637': 1},329169,1,-1,2147483648,5,False,1
ERR13126176,ERR12781803,ERR11781188,2022-04-24,2022-07-06,2022-03-29,{'BA.2.9.1': 1},1456229,1,-1,2147483648,4,False,1
node_580736,ERR11255248,ERR10673129,2022-12-05,2023-03-20,2022-12-04,{'BN.1.4.1': 34},1721837,34,-1,2147483648,10,False,34
node_663847,ERR10779489,SRR22807821,2022-12-23,2023-01-04,2022-11-20,{'BQ.1': 3},1730943,3,1730944,1,0,False,3
node_189814,SRR20144768,SRR20229247,2021-12-07,2021-12-03,2021-10-27,{'AY.119': 2},995212,2,995213,1,0,False,2
SRR29023076,SRR14152463,node_434719,2021-04-23,2021-03-16,2021-02-14,{'B.1.1.7': 1},268515,1,-1,2147483648,5,False,1
ERR9926825,ERR11795131,ERR12749433,2022-06-30,2021-12-20,2022-06-30,{'BA.2': 1},1543948,1,1543949,1,0,False,1
ERR12754384,ERR12750205,SRR23953549,2022-04-19,2022-04-25,2023-03-06,{'BA.2': 1},1447599,2,-1,2147483648,7,False,1
SRR16706536,SRR16067801,ERR13153313,2021-10-03,2021-09-14,2021-07-30,{'AY.117': 1},675019,1,675020,1,0,False,1
node_302879,SRR19265314,SRR16238754,2021-12-09,2021-11-19,2021-09-09,{'AY.3': 2},1006373,2,1006374,1,0,False,2
ERR6479685,ERR13156943,ERR6416969,2021-08-01,2021-09-02,2021-07-27,{'AY.4': 1},423968,1,423969,1,0,False,1
SRR21834646,ERR9927039,SRR21834567,2022-09-02,2022-06-30,2022-09-01,{'BA.5.2.1': 1},1642256,1,1642257,1,0,False,1
node_340104,ERR7678774,ERR7011017,2021-11-10,2021-12-04,2021-09-16,{'AY.122': 3},855415,3,-1,2147483648,6,False,3
SRR16196766,SRR16245660,ERR6531421,2021-09-10,2021-09-09,2021-08-10,{'AY.110': 1},578030,1,-1,2147483648,4,False,1
node_216377,ERR6573172,ERR11743088,2021-08-17,2021-08-16,2021-12-23,{'B.1.617.2': 3},478015,3,-1,2147483648,7,False,3
node_316539,SRR16923478,SRR16278642,2021-10-18,2021-11-03,2021-10-01,{'AY.44': 3},811066,3,-1,2147483648,4,False,3
node_199253,SRR17330908,SRR20259390,2021-12-14,2021-12-07,2021-10-21,{'AY.119': 2},1024181,2,1024182,1,0,False,2
ERR13321417,node_607665,ERR13053872,2023-11-13,2023-08-21,2023-12-04,{'HK.13.1': 1},1859646,1,1859647,1,0,False,1
node_189092,SRR20264761,SRR15629270,2021-11-23,2021-11-16,2021-08-06,{'AY.39': 2},921753,2,921754,1,0,False,2
node_182296,SRR16307322,ERR7006481,2021-09-14,2021-09-13,2021-09-29,{'AY.100': 3},615090,3,596389,1,0,False,3
ERR7009611,ERR6223118,ERR6605289,2021-09-02,2021-06-30,2021-08-24,{'AY.4': 1},541782,1,541783,1,0,False,1
node_614945,node_614933,SRR22295638,2023-04-07,2022-12-12,2022-10-29,"{'XBL.3': 3, 'XBL.2': 3, 'XBL': 3, 'XBL.3.1': 4}",1814205,13,1673437,5,5,True,13
node_149122,node_228977,ERR6316461,2021-08-07,2021-08-03,2021-07-04,{'AY.4': 1},448930,1,-1,2147483648,5,False,1
node_185594,SRR16926018,ERR6440908,2021-10-19,2021-10-12,2021-07-26,{'AY.100': 18},744579,24,-1,2147483648,7,False,18
ERR6492835,SRR15200057,ERR6491589,2021-07-30,2021-07-02,2021-07-30,{'AY.100': 1},417184,1,-1,2147483648,4,False,1
ERR6758858,ERR6387616,ERR6440908,2021-09-02,2021-07-22,2021-07-26,{'AY.4': 1},541518,1,541519,1,0,False,1
node_600543,ERR10911007,node_623725,2023-08-08,2023-02-06,2023-08-24,"{'GK.1.1': 342, 'GK.6': 10, 'XCH': 103, 'GK.2.1': 88, 'GK.1': 27, 'GK.2': 143, 'GK.2.2': 3, 'XCR': 84, 'GK.3.1': 100, 'GK.4': 15, 'GK.1.1.1': 141, 'GK.2.1.1': 11, 'XCH.1': 52, 'GK.1.6.1': 35, 'XBB.1.5.70': 12, 'GK.1.6': 29, 'GK.2.4': 24, 'GK.1.5': 2, 'GK.8.1': 7, 'XCL': 22, 'GK.1.7': 3, 'GK.7': 12, 'GK.1.2': 6, 'GK.5.1': 2, 'GK.3': 5, 'GK.1.10': 9, 'GK.3.2': 8, 'GK.2.3': 8, 'GK.8': 1, 'GK.1.9': 3, 'GK.12': 1}",1702805,57052,1673437,4,1,True,1308
SRR16559270,SRR20935183,SRR15877190,2021-09-28,2021-12-09,2021-08-26,{'AY.44': 1},655766,1,-1,2147483648,5,False,1
node_619747,ERR11779304,ERR11642432,2023-08-07,2023-07-18,2023-06-12,{'EG.5.1.13': 4},1829884,4,1829885,1,0,False,4
node_234748,ERR13143853,SRR16351102,2021-09-12,2021-10-07,2021-09-17,{'AY.39': 2},585594,3,-1,2147483648,4,False,2
node_724866,ERR8995819,SRR19319807,2022-05-15,2022-02-15,2022-05-04,{'BA.2': 6},1484637,6,1484637,0,0,False,6
node_638213,SRR20273194,ERR10427829,2022-07-08,2022-06-26,2022-10-08,{'BA.5.1.21': 4},1559490,4,1559491,1,0,False,4
node_215781,ERR12794355,ERR6195790,2021-06-28,2021-07-17,2021-06-27,{'AY.6': 1},338898,1,-1,2147483648,8,False,1
node_316095,SRR19931891,SRR17102724,2021-12-04,2021-11-04,2021-11-09,{'AY.44': 2},978074,2,978075,1,0,False,2
SRR18814275,SRR18153025,SRR21870152,2022-01-30,2022-01-20,2022-03-01,{'BA.1.1': 1},1183323,1,-1,2147483648,9,False,1
SRR16161643,SRR15201064,ERR6112499,2021-09-08,2021-07-07,2021-06-08,{'B.1.617.2': 1},567039,1,-1,2147483648,6,False,1
SRR20127349,ERR10004416,ERR9826369,2022-06-17,2022-07-16,2022-05-24,{'BA.5.2.1': 1},1528118,1,1528119,1,0,False,1
node_13629,SRR14002268,SRR20694518,2021-01-13,2020-09-28,2020-11-15,{'B.1.2': 1},108495,1,-1,2147483648,5,False,1
node_623725,ERR13320505,node_623724,2023-08-24,2023-09-08,2023-08-24,"{'XCZ': 6, 'XBB.1.9': 1}",1673437,112021,1673437,0,15,True,7
SRR20918207,SRR19931504,SRR17640663,2021-12-16,2021-11-04,2021-12-20,{'AY.39': 1},1033159,1,1033160,1,0,False,1
SRR24762455,ERR11728458,SRR22258064,2023-05-08,2023-03-22,2022-10-30,{'XCE': 1},1818893,1,1818894,1,0,True,1
ERR12919893,ERR12780385,ERR12049011,2022-02-13,2022-04-28,2022-04-28,{'BA.2.9': 1},1255863,1,-1,2147483648,3,False,1
SRR19945500,SRR20189076,ERR13153313,2022-01-14,2021-12-09,2021-07-30,{'AY.39': 1},1111068,1,1111069,1,0,False,1
ERR7234185,ERR7244203,ERR6440908,2021-10-11,2021-10-11,2021-07-26,{'AY.43.8': 1},708299,1,708300,1,0,False,1
node_189478,SRR20247267,ERR6491956,2021-11-10,2021-11-08,2021-07-21,{'AY.100': 1},853409,1,853410,1,0,False,1
ERR8175973,ERR7668926,SRR16307155,2021-12-11,2021-12-02,2021-09-13,{'AY.4': 1},1011934,1,-1,2147483648,7,False,1
SRR16288101,ERR6491994,SRR15709581,2021-09-13,2021-06-23,2021-08-25,{'AY.113': 1},591351,1,591352,1,0,False,1
SRR21222419,ERR10111349,ERR9922411,2022-08-01,2022-08-08,2022-06-20,{'BA.5': 1},1602820,1,1602821,1,0,False,1
ERR7240683,ERR6770343,ERR13182720,2021-10-19,2021-09-06,2021-08-22,{'AY.4': 1},742784,1,654970,1,5,False,1
node_184206,SRR17218705,ERR6491956,2021-10-24,2021-11-21,2021-07-21,{'AY.100': 4},764406,4,-1,2147483648,7,False,4
node_189482,SRR16376553,ERR6491956,2021-10-08,2021-09-26,2021-07-21,{'AY.100': 2},762279,2,-1,2147483648,4,False,2
node_205399,ERR11764123,ERR12846441,2021-10-28,2021-12-05,2021-11-01,{'AY.126': 265},785738,284,-1,2147483648,4,False,265
node_703359,node_703357,ERR10021302,2022-11-11,2022-10-12,2022-07-16,{'BF.11.1': 1},1706404,1,1706405,1,0,False,1
ERR8178285,ERR11756793,ERR7239088,2021-12-09,2021-12-02,2021-10-08,{'AY.43': 1},1004357,1,-1,2147483648,4,False,1
SRR21322647,ERR11761851,SRR16973160,2021-11-10,2021-07-16,2021-11-05,{'AY.39.1': 1},855275,1,855276,1,0,False,1
node_313228,ERR12818196,SRR16263131,2021-10-16,2021-08-06,2021-09-28,{'B.1.617.2': 1},731300,1,731301,1,0,False,1
ERR6491292,ERR6488868,ERR7310438,2021-08-05,2021-07-29,2021-10-26,{'AY.4.3': 1},439976,1,439977,1,0,False,1
node_189932,SRR15628974,ERR13153313,2021-08-04,2021-08-04,2021-07-30,{'AY.119': 4},439523,10,-1,2147483648,2,False,4
node_611335,node_611334,ERR13320448,2023-10-27,2023-10-27,2023-08-24,{'XBB.1.16.15': 2},1854675,2,1673437,16,7,True,2
SRR15628733,SRR15534657,node_188252,2021-08-05,2021-08-02,2021-07-13,{'AY.110': 1},442642,1,-1,2147483648,7,False,1
SRR16350995,SRR16500739,SRR15313765,2021-09-17,2021-09-20,2021-07-23,{'AY.39.1': 1},609328,2,-1,2147483648,1,False,1
ERR5331405,ERR5314179,ERR5181396,2021-02-11,2021-02-06,2021-01-04,{'B.1.1.7': 1},148790,1,-1,2147483648,4,False,1
node_189187,SRR16593195,node_189185,2021-10-05,2021-09-30,2021-08-25,{'AY.114': 3},683512,3,323645,4,5,False,3
node_345927,SRR15224357,ERR6194717,2021-08-05,2021-07-12,2021-06-23,"{'B.1.617.2': 34, 'AY.126': 8}",443206,42,443207,1,0,False,42
ERR8251790,ERR7495958,ERR6605289,2021-12-09,2021-11-15,2021-08-24,{'AY.4': 1},1004555,1,-1,2147483648,7,False,1
ERR12924866,ERR12896445,ERR10045123,2022-03-01,2022-01-19,2022-07-27,{'BA.2': 1},1312995,1,1312996,1,0,False,1
node_192120,ERR6760245,ERR6819440,2021-08-02,2021-08-27,2021-09-16,{'AY.107': 2},429035,3,-1,2147483648,5,False,2
SRR16901086,node_205359,ERR11762675,2021-10-10,2021-10-10,2021-08-09,{'AY.126': 1},705933,1,-1,2147483648,2,False,1
ERR7802481,node_224723,ERR9188242,2021-12-03,2021-12-08,2021-11-28,{'AY.43': 1},972609,1,-1,2147483648,7,False,1
ERR7377917,ERR7375109,ERR6761066,2021-11-05,2021-11-05,2021-08-31,{'AY.4.2': 1},823859,1,-1,2147483648,7,False,1
SRR21266228,SRR17446947,node_188558,2021-12-16,2021-11-06,2021-07-21,{'AY.118': 1},1033434,1,-1,2147483648,4,False,1
ERR7234500,ERR6900347,ERR6440908,2021-10-26,2021-09-23,2021-07-26,{'AY.4': 1},771715,1,-1,2147483648,7,False,1
SRR16373762,SRR15489271,SRR15553516,2021-10-05,2021-08-01,2021-08-03,{'B.1.617.2': 1},684354,1,684355,1,0,False,1
ERR12972009,ERR13127421,ERR11805781,2022-06-28,2022-06-29,2022-06-17,{'BE.1.1': 1},1542516,1,1542517,1,0,False,1
node_181543,SRR17311315,SRR16883831,2021-12-04,2021-11-28,2021-10-13,{'AY.100': 2},997065,2,-1,2147483648,7,False,2
node_648350,ERR10219839,ERR10001586,2022-09-20,2022-09-03,2022-07-06,{'BA.5.1.2': 2},1665294,2,1642870,1,6,False,2
SRR28335119,SRR27245776,SRR27087041,2024-01-14,2023-11-21,2023-11-07,{'HV.1': 1},1879197,1,1879198,1,0,False,1
SRR20186543,SRR17385878,SRR20189143,2021-12-06,2021-12-08,2021-12-07,{'AY.100': 1},988691,1,-1,2147483648,7,False,1
ERR7245663,ERR6922139,ERR13153313,2021-10-14,2021-09-27,2021-07-30,{'AY.4': 1},721880,1,-1,2147483648,5,False,1
node_235201,SRR16197670,ERR7232760,2021-09-29,2021-09-10,2021-10-16,{'AY.39': 1},661441,1,-1,2147483648,7,False,1
ERR9216792,ERR8689592,SRR25727599,2022-02-28,2022-02-11,2022-05-02,{'BA.1': 1},1308779,1,1308780,1,0,False,1
ERR6609891,ERR6419023,ERR6651687,2021-08-17,2021-07-27,2021-08-26,{'AY.4': 1},477772,1,-1,2147483648,4,False,1
node_283572,SRR16660078,ERR6112499,2021-10-07,2021-09-29,2021-06-08,{'AY.25.1': 5},661476,28,-1,2147483648,2,False,5
SRR26456331,node_612966,node_610972,2023-10-07,2023-09-07,2023-08-31,{'XBB.1.16.9': 1},1849286,1,1673437,11,5,True,1
SRR20178225,SRR20976214,ERR13153313,2021-11-17,2021-11-12,2021-07-30,{'AY.4': 1},890877,1,890878,1,0,False,1
SRR20358773,SRR20941967,SRR20934082,2022-02-11,2021-12-29,2021-12-08,{'BA.1.15': 1},1247223,1,1247224,1,0,False,1
node_184961,SRR16527817,ERR11753829,2021-10-01,2021-09-26,2021-10-17,{'AY.100': 1},668553,1,-1,2147483648,7,False,1
SRR20178407,SRR21180049,SRR15391344,2021-11-18,2021-11-07,2021-07-16,{'AY.113': 1},896053,1,896054,1,0,False,1
node_185201,SRR17125056,node_183825,2021-11-16,2021-11-02,2021-09-09,{'AY.100': 3},886657,3,-1,2147483648,4,False,3
node_357863,ERR13156129,ERR13155885,2021-08-19,2021-06-04,2021-08-18,{'AY.75': 8},485107,8,485108,1,0,False,8
node_189781,node_199364,SRR15391855,2021-09-28,2021-10-08,2021-07-19,{'AY.119': 6},699184,46,-1,2147483648,5,False,6
node_189916,SRR16898818,SRR15391719,2021-10-23,2021-10-21,2021-07-21,{'AY.119': 2},1054914,2,-1,2147483648,4,False,2
ERR7375444,ERR7330060,node_188584,2021-11-05,2021-11-02,2021-11-04,{'AY.4': 1},823861,1,823862,1,0,False,1
node_188424,ERR6811012,ERR6761066,2021-10-14,2021-09-13,2021-08-31,{'AY.4.2': 2},722004,2,-1,2147483648,7,False,2
SRR21266141,SRR15390923,node_354332,2021-12-08,2021-07-20,2021-12-08,{'AY.47': 1},1002411,1,1002412,1,0,False,1
node_356089,SRR15945517,ERR6105556,2021-09-12,2021-09-02,2021-06-09,{'AY.47': 2},585533,2,-1,2147483648,7,False,2
node_195318,SRR20233381,ERR7443356,2021-09-13,2021-11-03,2021-11-22,{'AY.127': 6},589140,6,-1,2147483648,7,False,6
node_734354,ERR11782177,ERR4699437,2022-02-23,2022-03-28,2020-10-05,{'BA.2.3': 1},1294364,1,-1,2147483648,6,False,1
node_188462,ERR7291700,ERR7232111,2021-10-23,2021-10-28,2021-10-26,{'AY.4.2': 1},760371,1,-1,2147483648,4,False,1
SRR20954238,SRR17103138,SRR15391719,2021-11-09,2021-11-07,2021-07-21,{'AY.119': 1},847541,1,-1,2147483648,5,False,1
ERR13176362,ERR10426124,ERR10000160,2023-01-04,2022-10-09,2022-07-06,{'XBB.1': 1},1740121,1,1740122,1,0,True,1
SRR23612268,node_325628,ERR6490974,2021-07-24,2021-07-24,2021-08-06,{'AY.44': 1},396623,1,-1,2147483648,5,False,1
node_724546,ERR9869614,ERR10002148,2022-05-15,2022-06-10,2022-07-04,{'BA.2': 4},1495454,4,1483963,1,0,False,4
SRR23877689,SRR15387813,SRR19932051,2021-10-16,2021-07-25,2021-11-05,{'AY.118': 1},731530,1,-1,2147483648,1,False,1
SRR16729055,SRR14391411,ERR5185595,2021-04-28,2021-04-06,2021-01-09,{'B.1.1.7': 1},274194,1,274195,1,0,False,1
node_199557,SRR17078128,ERR6440908,2021-11-16,2021-11-14,2021-07-26,{'AY.119': 2},885044,2,-1,2147483648,8,False,2
node_232214,SRR21172405,ERR6440908,2021-10-20,2021-10-26,2021-07-26,{'AY.39': 1},749052,1,749053,1,0,False,1
node_701778,ERR10000238,SRR20662627,2022-09-06,2022-07-05,2022-07-01,"{'XBD': 46, 'BA.2.75': 7}",1551581,17309,-1,2147483648,1,True,53
ERR13053855,ERR13050375,ERR13049012,2023-11-27,2023-11-20,2023-10-09,{'JN.1.1': 1},1864583,1,1864584,1,0,False,1
node_188348,ERR12792631,SRR16527388,2021-07-21,2021-07-18,2021-09-27,{'AY.4': 3},386073,3,386074,1,0,False,3
SRR20188981,SRR19253438,SRR15807271,2021-12-07,2021-12-17,2021-08-06,{'AY.118': 1},995082,1,995083,1,0,False,1
node_172927,ERR11756821,ERR12794095,2021-08-06,2021-12-01,2021-07-21,{'AY.4.7': 1},445227,1,445228,1,0,False,1
node_611425,node_611424,SRR23710835,2023-12-07,2023-10-18,2023-02-13,{'JM.1': 2},1868861,2,1673437,16,5,False,2
SRR25053154,ERR12539249,SRR24583465,2023-05-03,2022-07-22,2023-04-21,{'XBB.1.9.1': 1},1818008,1,1818009,1,0,True,1
node_544142,ERR8276489,node_566428,2022-02-13,2022-01-22,2022-02-08,{'BA.2': 2},1253766,2,1253766,0,1,False,2
ERR7684935,ERR13182720,ERR11756803,2021-11-27,2021-08-22,2021-12-02,{'AY.4': 1},939317,1,939318,1,0,False,1
ERR4803482,ERR4671549,ERR4668737,2020-10-19,2020-09-27,2020-09-24,{'B.1.177': 1},46907,1,46908,1,0,False,1
node_189952,SRR15270657,ERR6112499,2021-07-23,2021-07-12,2021-06-08,{'AY.105': 3},167127,1241012,-1,2147483648,1,False,3
ERR7137303,ERR6817476,ERR11755473,2021-10-13,2021-09-15,2021-10-20,{'AY.4': 1},716612,1,716613,1,0,False,1
SRR28397892,SRR28173279,SRR28166621,2024-02-20,2024-02-12,2024-01-17,{'JN.1.22': 1},1887283,1,1854739,14,4,False,1
node_617292,SRR27149786,ERR11923928,2023-08-10,2023-10-19,2023-08-08,{'EG.5.1.3': 4},1830888,4,1673437,14,3,False,4
node_212226,ERR6498839,ERR6597170,2021-08-28,2021-08-05,2021-08-21,{'AY.5': 1},519602,1,-1,2147483648,4,False,1
node_190035,SRR16898421,ERR8175973,2021-09-13,2021-10-18,2021-12-11,{'AY.113': 7},591414,8,373989,2,5,False,7
node_436930,node_777514,node_436929,2021-11-13,2022-12-07,2021-11-13,{'unclassified': -1},-1,0,-1,2147483648,-1,False,1292704
SRR21900426,SRR20105543,SRR20919761,2022-09-24,2022-06-28,2022-07-18,{'BA.4': 1},1669033,1,1669034,1,0,False,1
ERR6836742,ERR6733431,ERR6440908,2021-09-09,2021-09-03,2021-07-26,{'AY.107': 1},571172,1,-1,2147483648,7,False,1
node_683477,ERR9365262,SRR21223066,2022-08-12,2022-03-09,2022-08-01,{'BF.28': 2},1616563,2,1616563,0,0,False,2
SRR21642040,SRR21796083,SRR19722863,2022-07-17,2022-09-16,2022-05-28,{'BA.2.12.1': 1},1576615,1,1576616,1,0,False,1
SRR20178538,SRR19302530,SRR15518651,2021-11-18,2021-12-13,2021-08-02,{'AY.100': 1},896084,1,896085,1,2,False,1
SRR14391508,SRR14393245,SRR15096457,2021-04-11,2021-04-09,2021-06-20,{'B.1.1.7': 1},251788,1,-1,2147483648,1,False,1
node_711817,ERR12975205,ERR9869580,2022-07-31,2022-07-24,2022-06-13,{'BA.5.2': 2},1601642,2,1428716,8,4,False,2
SRR15651674,SRR14898751,ERR12842274,2021-08-16,2021-05-21,2021-10-24,{'B.1.617.2': 1},475289,1,475290,1,0,False,1
node_301,node_298,ERR4209555,2020-03-22,2020-03-20,2020-04-13,{'B.1.157': 1},1893,1,1894,1,0,False,1
SRR22063736,SRR21852882,ERR10382112,2022-10-12,2022-09-26,2022-10-03,{'BA.4.6': 1},1685197,1,1685198,1,0,False,1
node_188278,node_188275,SRR16556549,2021-12-04,2021-07-26,2021-09-27,{'B.1.617.2': 1},978031,1,978032,1,0,False,1
ERR10219839,ERR13018428,node_648596,2022-09-03,2022-09-20,2022-09-03,{'BA.5.1.2': 1},1642869,1,1642870,1,2,False,1
node_185014,SRR16751928,ERR6760263,2021-11-05,2021-10-01,2021-08-24,{'AY.100': 1},827319,1,-1,2147483648,7,False,1
node_452634,ERR8413838,SRR21326012,2022-01-21,2022-01-25,2022-02-13,{'BA.1': 1},1140174,1,-1,2147483648,6,False,1
node_231663,SRR16221675,ERR6760781,2021-08-18,2021-09-07,2021-08-26,{'AY.39.1': 1},482221,1,-1,2147483648,4,False,1
ERR13043027,ERR10791874,ERR13018817,2022-12-06,2023-01-09,2022-11-14,{'BA.5.2.1': 1},1718847,1,1718848,1,0,False,1
SRR20251879,node_180321,SRR16690140,2021-11-11,2021-10-27,2021-10-01,{'AY.100': 1},859517,1,859518,1,0,False,1
node_680349,SRR21538305,node_680348,2022-09-17,2022-08-25,2022-09-06,{'BF.27': 2},1661323,2,1661324,1,0,False,2
ERR7305983,ERR6851618,ERR6440908,2021-10-21,2021-09-18,2021-07-26,{'AY.4': 1},751863,1,751864,1,0,False,1
node_188867,SRR15546043,SRR15807346,2021-10-22,2021-07-29,2021-08-06,{'AY.39': 1},757054,1,757055,1,0,False,1
node_189555,SRR17562766,node_189551,2021-11-29,2021-12-22,2021-08-07,{'AY.100': 3},953738,3,953739,1,0,False,3
ERR13013688,ERR13008085,SRR22668157,2022-09-01,2022-08-29,2022-11-27,{'BA.5.1': 1},1641832,1,1428716,8,6,False,1
ERR8214964,ERR11756065,SRR19945547,2021-12-08,2021-11-26,2022-01-19,{'AY.4': 1},999944,1,999945,1,0,False,1
SRR20227296,SRR16984203,SRR15392154,2021-10-29,2021-11-02,2021-07-19,{'AY.100': 1},788152,1,-1,2147483648,4,False,1
ERR7045008,ERR7041746,node_130137,2021-09-15,2021-09-26,2021-09-15,{'AY.4.2': 1},598654,1,-1,2147483648,7,False,1
node_695574,ERR10039731,ERR12979048,2022-10-18,2022-07-22,2022-09-08,{'BF.7.26': 2},1691303,2,1691303,0,3,False,2
ERR5238288,ERR5039243,ERR4988707,2021-01-17,2020-12-13,2020-11-22,{'B.1.177.9': 1},114055,1,114056,1,0,False,1
node_623715,node_612199,ERR11779169,2023-09-27,2023-05-17,2023-07-14,{'EG.5.1.1': 2},1846224,2,1846224,0,2,False,2
node_182223,SRR20917429,SRR16247797,2021-11-09,2021-12-14,2021-09-25,{'AY.100': 5},866965,6,-1,2147483648,5,False,5
SRR21263213,SRR17360934,ERR6571333,2021-11-29,2021-12-01,2021-08-18,{'AY.103': 1},951664,3,951665,1,0,False,1
node_77458,ERR11753862,ERR7186381,2021-10-30,2021-10-17,2021-10-18,{'AY.4.2': 4},790867,4,790868,1,0,False,4
node_230752,ERR7585066,ERR7104107,2021-11-06,2021-11-07,2021-10-07,{'AY.120': 10},828928,10,828928,0,0,False,10
SRR20891142,SRR19223596,SRR15391088,2021-12-30,2021-12-15,2021-07-15,{'AY.39': 1},1073366,1,1073367,1,0,False,1
SRR15864066,SRR15717755,ERR7239527,2021-08-17,2021-08-27,2021-10-16,{'AY.39.1': 1},478814,23,-1,2147483648,4,False,1
ERR7239898,ERR7235788,SRR20117053,2021-10-16,2021-10-16,2021-12-16,{'AY.4.12': 1},729833,1,-1,2147483648,6,False,1
ERR8420822,ERR8275294,SRR20350853,2022-01-26,2022-01-21,2022-01-23,{'BA.1': 1},1165063,1,-1,2147483648,6,False,1
node_188707,ERR6070238,SRR20179445,2021-08-23,2021-06-04,2021-11-27,{'AY.4': 2},496721,2,-1,2147483648,7,False,2
ERR7009944,ERR6732961,ERR6492325,2021-09-20,2021-09-05,2021-08-07,{'AY.4': 1},620824,1,620825,1,0,False,1
ERR7311364,ERR7344766,ERR13153313,2021-10-28,2021-10-22,2021-07-30,{'AY.4': 1},783062,1,-1,2147483648,4,False,1
ERR13041473,ERR13040343,ERR13042130,2023-01-30,2023-01-20,2023-02-07,{'EF.1': 1},1756386,2,1756387,1,0,False,1
node_331783,SRR15920925,SRR15388843,2021-10-04,2021-09-04,2021-07-22,{'AY.44': 2},679121,2,-1,2147483648,7,False,2
node_190032,SRR16849704,SRR15993313,2021-10-18,2021-10-16,2021-08-23,{'AY.113': 2},739288,2,373989,1,7,False,2
node_610972,ERR12077788,SRR26364074,2023-08-31,2023-09-01,2023-09-26,{'XBB.1.16.6': 2},1837055,2,1837055,0,0,True,2
node_188818,SRR15921268,SRR16153649,2021-09-14,2021-09-03,2021-08-31,{'AY.118': 2},596252,2,596253,1,0,False,2
SRR20254670,SRR16537945,ERR6493816,2021-10-16,2021-09-17,2021-07-31,{'AY.20': 1},730962,1,-1,2147483648,4,False,1
node_696532,SRR21001735,SRR19708420,2022-06-13,2022-07-23,2022-05-17,{'BA.5': 3},1523091,3,1523091,0,0,False,3
node_189239,ERR6888433,ERR6485838,2021-09-21,2021-09-21,2021-07-27,{'AY.36': 2},626065,2,-1,2147483648,5,False,2
node_440432,SRR21347860,ERR8223280,2022-01-31,2022-02-14,2021-12-21,{'BA.1.15': 1},1190248,1,1190249,1,0,False,1
node_189093,SRR16786544,SRR15629270,2021-10-19,2021-10-07,2021-08-06,{'AY.39': 2},744632,2,744633,1,0,False,2
node_151216,SRR17218979,SRR16780800,2021-11-12,2021-11-27,2021-10-11,{'AY.4': 4},865084,4,-1,2147483648,6,False,4
node_198413,SRR20249552,SRR15388483,2021-11-02,2021-11-10,2021-07-26,{'AY.119.2': 61},810379,61,-1,2147483648,4,False,61
SRR17418578,SRR15857526,SRR16383717,2021-12-17,2021-09-03,2021-09-19,{'AY.3': 1},1037383,1,1037384,1,0,False,1
node_227404,SRR20186773,ERR6135599,2021-11-26,2021-12-05,2021-06-17,{'AY.120': 6},935927,6,-1,2147483648,4,False,6
SRR18772658,SRR20393097,SRR17864401,2022-02-20,2022-02-24,2022-01-08,{'BA.1.15': 1},1283387,1,-1,2147483648,5,False,1
SRR20917993,SRR17205823,SRR15518829,2021-12-17,2021-11-30,2021-07-30,{'AY.100': 1},1037038,1,-1,2147483648,6,False,1
SRR24221402,SRR20683740,SRR21719314,2022-08-10,2022-07-06,2022-08-22,{'BA.5.2': 1},1614374,1,1614375,1,0,False,1
node_183842,SRR16307461,SRR15628882,2021-09-13,2021-09-15,2021-08-04,{'AY.100': 9},601783,9,-1,2147483648,4,False,9
node_345937,SRR16499574,SRR15200045,2021-10-26,2021-09-22,2021-07-02,"{'B.1.617.2': 1, 'AY.126': 1}",1037934,2,443207,3,7,False,2
node_188316,ERR13182720,ERR6379939,2021-09-28,2021-08-22,2021-07-19,{'AY.4': 6},379396,1432,-1,2147483648,1,False,6
node_179948,ERR13161216,node_189356,2021-10-20,2021-09-21,2021-12-04,{'AY.100': 6},781218,8,-1,2147483648,4,False,6
node_190030,SRR20251448,ERR6629221,2021-11-11,2021-11-11,2021-08-08,{'AY.113': 1},859449,1,373989,1,6,False,1
ERR7309466,ERR13182720,ERR11755029,2021-10-31,2021-08-22,2021-10-19,{'AY.4': 1},794465,1,794466,1,0,False,1
ERR9234688,ERR12817397,ERR11827882,2022-01-17,2021-08-17,2021-11-09,{'AY.126': 1},1120935,1,1120936,1,0,False,1
ERR6999878,ERR6369178,ERR6785457,2021-09-15,2021-07-15,2021-09-09,{'AY.4': 1},599500,1,-1,2147483648,5,False,1
SRR16883912,node_179878,ERR13153313,2021-10-13,2021-10-15,2021-07-30,{'AY.100': 1},719262,2,-1,2147483648,5,False,1
SRR28104551,node_623723,ERR13050029,2023-11-01,2023-10-05,2023-10-16,{'EG.5.1.3': 1},1856181,1,1856182,1,0,False,1
SRR20250958,SRR20945794,ERR13153313,2021-11-12,2021-11-19,2021-07-30,{'AY.118': 1},864845,1,-1,2147483648,8,False,1
node_777628,SRR16240693,node_777627,2022-12-12,2021-09-17,2022-12-12,{'XBC.1.2.1': 98},1727007,98,1727007,0,32,True,98
SRR25955693,SRR26123285,SRR26075997,2023-08-25,2023-09-03,2023-08-23,{'XBB.1.16': 1},1834753,1,1834754,1,0,True,1
node_601349,node_593653,ERR10666866,2023-02-28,2023-03-05,2022-11-22,{'XBB.1.5': 1},1782555,1,1673437,8,7,True,1
node_166871,ERR11754747,ERR11754047,2021-08-20,2021-10-19,2021-10-13,{'AY.4': 2},487422,2,487422,0,0,False,2
SRR26390973,SRR26331142,ERR11171424,2023-10-02,2023-09-25,2023-03-17,{'XBB.1.16': 1},1847491,1,1847492,1,0,True,1
node_189928,SRR15699928,SRR16780540,2021-08-02,2021-08-06,2021-10-07,{'AY.119': 1},429068,1,-1,2147483648,4,False,1
node_647723,SRR21271755,SRR19939076,2022-10-07,2022-08-01,2022-06-07,{'BA.5.1': 2},1680480,2,1680480,0,0,False,2
SRR19681844,SRR19369140,ERR13306889,2022-05-25,2022-03-28,2022-01-11,{'BA.2.9': 1},1497703,1,-1,2147483648,5,False,1
SRR16040829,SRR16059998,node_345225,2021-08-28,2021-08-24,2021-08-29,{'AY.20': 1},520668,1,-1,2147483648,6,False,1
node_376299,ERR5552870,ERR5088809,2021-03-23,2021-03-15,2020-12-30,{'B.1.1.7': 66},217046,66,217046,0,1,False,66
node_204492,node_204491,ERR11762854,2021-08-18,2021-08-18,2021-08-13,{'AY.126': 314},431927,343,-1,2147483648,2,False,314
node_48267,SRR17255138,ERR6488595,2021-12-03,2021-10-29,2021-08-01,{'AY.112.2': 7},972871,10,-1,2147483648,5,False,7
SRR21266520,SRR19222383,ERR6440908,2021-12-14,2021-12-15,2021-07-26,{'AY.100': 1},1025242,1,-1,2147483648,6,False,1
SRR23600395,SRR15534825,ERR6112499,2021-09-28,2021-08-03,2021-06-08,{'AY.46.1': 1},656575,1,656576,1,0,False,1
ERR10031820,ERR10005856,ERR10023010,2022-07-27,2022-07-21,2022-07-23,{'BE.1': 1},1594770,1,1594771,1,0,False,1
node_189695,SRR17330483,SRR20226657,2021-12-07,2021-12-08,2021-11-01,{'AY.42': 3},995109,3,373410,10,7,False,3
node_701834,ERR10319597,SRR22092961,2022-10-10,2022-09-13,2022-10-12,{'BA.5.2': 6},1683417,6,1683417,0,1,False,6
SRR22255468,SRR21158121,SRR21795464,2022-09-26,2022-07-14,2022-09-14,{'BA.5': 1},1670315,1,1670316,1,0,False,1
node_663272,ERR10749075,SRR22908214,2022-11-10,2022-12-17,2022-11-12,{'BQ.1.1': 2},1706094,2,1706095,1,0,False,2
node_425948,node_425945,ERR6709171,2021-03-01,2021-02-23,2021-05-04,{'B.1.1.7': 3},177888,3,-1,2147483648,0,False,3
node_623412,ERR13320212,SRR25620363,2023-08-24,2023-08-08,2023-07-21,{'EG.5.1': 3},1834462,3,1834463,1,0,False,3
SRR20953902,SRR21175830,ERR6440908,2021-11-09,2021-10-26,2021-07-26,{'AY.119': 1},847411,1,-1,2147483648,7,False,1
SRR15819150,SRR15628544,SRR15628990,2021-08-11,2021-08-05,2021-08-06,{'AY.20': 1},462263,1,462264,1,0,False,1
ERR6760263,ERR6539928,node_244400,2021-08-24,2021-07-30,2021-11-01,{'AY.4': 1},500754,1,-1,2147483648,7,False,1
node_305815,SRR20178148,SRR22986029,2021-12-14,2021-11-17,2021-08-23,{'AY.3': 2},1023925,2,-1,2147483648,6,False,2
SRR16245594,SRR16245591,ERR11754059,2021-09-09,2021-09-09,2021-10-13,{'AY.39': 1},573467,1,-1,2147483648,4,False,1
SRR15893776,SRR15385725,SRR15199972,2021-07-26,2021-07-22,2021-06-25,{'AY.39': 1},403065,1,-1,2147483648,8,False,1
node_193394,ERR11761555,SRR16527186,2021-07-31,2021-07-11,2021-09-27,{'AY.125': 15},339353,1811,-1,2147483648,1,False,15
node_189305,SRR16852687,ERR6491956,2021-09-28,2021-10-17,2021-07-21,{'AY.100': 3},655484,6,-1,2147483648,4,False,3
node_413023,SRR14380439,ERR5381053,2021-04-01,2021-03-31,2021-02-15,{'B.1.1.7': 2},237023,2,-1,2147483648,5,False,2
node_696523,ERR10481901,SRR20741545,2022-08-08,2022-10-30,2022-07-10,{'BA.5.1.7': 28},1612095,28,1612095,0,1,False,28
ERR5054123,node_370228,ERR4668552,2020-12-18,2020-10-21,2020-09-22,{'B.1.1': 1},86925,1,86926,1,0,False,1
SRR22472502,ERR10109588,node_691388,2022-07-24,2022-08-03,2022-07-24,{'BA.5.2.1': 1},1589728,1,1589729,1,0,False,1
node_195607,SRR17102708,ERR6440908,2021-11-10,2021-11-10,2021-07-26,{'AY.127': 3},853547,3,-1,2147483648,7,False,3
node_8110,ERR11854175,ERR4759820,2020-10-20,2020-11-30,2020-10-01,{'B.1': 1},47530,1,47531,1,0,False,1
ERR7204000,ERR6643911,node_188545,2021-10-12,2021-08-15,2021-12-09,{'AY.4': 1},713653,1,713654,1,0,False,1
node_188258,SRR16557577,ERR6445757,2021-08-31,2021-09-27,2021-07-14,{'AY.126': 3},533713,3,-1,2147483648,7,False,3
node_7332,node_7331,ERR4671078,2020-08-09,2020-08-09,2020-08-26,"{'B.1.160': 2405, 'B.1.160.7': 344, 'B.1.160.33': 124, 'B.1.160.23': 146, 'B.1.160.26': 13, 'B.1.160.16': 5, 'B.1.160.10': 3, 'B.1.160.30': 9, 'B.1.160.12': 1, 'B.1.160.28': 1, 'B.1.160.29': 1, 'B.1.177.44': 1}",28647,3070,-1,2147483648,12,False,3053
node_597397,SRR24002331,SRR27283782,2023-03-01,2023-03-12,2023-10-27,{'FZ.2': 1},1783905,1,1673437,10,6,False,1
node_188804,SRR15534686,node_237410,2021-08-18,2021-08-04,2021-10-07,{'AY.118': 4},322181,104,-1,2147483648,4,False,4
ERR6886715,ERR6633880,ERR12820760,2021-09-19,2021-08-23,2021-08-21,{'AY.4.7': 1},616676,1,616677,1,0,False,1
SRR16557846,SRR16558855,SRR16326434,2021-09-28,2021-09-27,2021-10-04,{'AY.3': 1},655652,1,655653,1,0,False,1
ERR6619260,ERR6408957,ERR7343244,2021-08-09,2021-07-26,2021-09-25,{'AY.4': 1},454388,1,-1,2147483648,4,False,1
ERR7697993,node_55776,ERR7142322,2021-11-24,2021-11-24,2021-10-07,{'AY.4': 1},926330,1,-1,2147483648,5,False,1
ERR7317852,ERR6583901,ERR6830767,2021-10-20,2021-08-19,2021-09-06,{'AY.4': 1},747798,1,747799,1,0,False,1
ERR6885659,ERR6619898,ERR6112499,2021-08-19,2021-08-19,2021-06-08,{'AY.4': 1},484966,1,-1,2147483648,4,False,1
node_390756,ERR6101447,SRR15138671,2021-07-13,2021-06-08,2021-06-30,{'Q.3': 5},366700,5,366701,1,0,False,5
SRR19267453,ERR12794355,SRR19267260,2021-11-24,2021-07-17,2021-11-24,{'AY.39': 1},928452,1,928453,1,0,False,1
ERR13018108,ERR10032066,ERR10015468,2022-09-19,2022-07-26,2022-07-14,{'BA.5.2': 1},1664113,1,1664114,1,0,False,1
node_646826,ERR10015645,ERR10000238,2022-09-04,2022-07-18,2022-07-05,{'BA.5.2': 14},871728,1294334,-1,2147483648,64,False,14
node_782539,node_782538,SRR15856342,2021-01-24,2021-01-24,2021-08-30,"{'P.1.15': 736, 'P.1': 3676, 'P.1.17': 544, 'P.1.7': 49, 'P.1.2': 146, 'P.1.13': 164, 'P.1.10': 601, 'P.1.16': 43, 'P.1.14': 35, 'P.1.12': 10, 'P.1.7.1': 4, 'P.1.9': 1, 'P.1.1': 8, 'P.1.17.1': 6, 'P.1.4': 1}",132046,6028,-1,2147483648,30,False,6024
node_21213,SRR14374918,SRR16619020,2021-05-07,2021-04-02,2021-04-05,{'B.1.526': 4},283853,4,283854,1,0,False,4
ERR7327882,ERR7369266,ERR7330875,2021-10-31,2021-10-29,2021-10-31,{'AY.4': 1},795622,1,-1,2147483648,4,False,1
ERR7229021,ERR6598808,ERR6605289,2021-10-11,2021-08-22,2021-08-24,{'AY.4': 1},708234,1,708235,1,0,False,1
SRR20186763,SRR17251148,SRR16527388,2021-12-05,2021-11-15,2021-09-27,{'AY.100': 1},982706,1,-1,2147483648,4,False,1
ERR7724904,ERR7515125,ERR12794355,2021-12-04,2021-11-14,2021-07-17,{'AY.122': 1},976886,1,-1,2147483648,8,False,1
node_636835,ERR10165329,SRR21976996,2022-08-14,2022-08-25,2022-10-08,{'BA.5.1': 6},1630626,6,1619628,1,0,False,6
SRR17275482,SRR17393308,SRR20179884,2021-12-02,2021-12-02,2021-11-26,{'AY.112.2': 1},968232,1,-1,2147483648,6,False,1
SRR21001321,ERR12535440,ERR10004138,2022-07-23,2022-07-07,2022-07-06,{'BA.5.1': 1},1587898,1,1587899,1,0,False,1
node_638297,ERR10001641,ERR10111486,2022-10-31,2022-07-06,2022-08-13,{'BA.5': 2},1700903,2,1700904,1,0,False,2
ERR7237498,ERR7188786,ERR7231909,2021-10-20,2021-10-19,2021-10-20,{'AY.4': 1},747232,1,747233,1,0,False,1
node_700672,ERR13040343,ERR10000094,2022-07-06,2023-01-20,2022-07-05,{'BA.5.2.1': 5},1556594,6,1556595,1,0,False,5
node_639579,ERR13028133,ERR12982185,2022-11-06,2022-10-24,2022-08-02,{'BA.5.1.5': 2},1703927,2,1703928,1,0,False,2
node_189673,SRR16504126,SRR15628757,2021-10-20,2021-09-21,2021-08-05,{'AY.117': 2},781249,2,749110,1,0,False,2
SRR20918102,node_180626,ERR6440908,2021-12-15,2021-12-15,2021-07-26,{'AY.100': 1},1029197,1,1029198,1,0,False,1
node_518354,ERR11764255,ERR12886312,2021-12-13,2021-12-06,2022-01-12,"{'BA.1': 2, 'BA.1.14': 1}",871714,424062,-1,2147483648,0,False,3
SRR21349392,SRR18780531,ERR10513102,2022-02-14,2022-02-24,2022-11-17,{'BA.1.1': 1},1260823,1,-1,2147483648,5,False,1
node_776722,ERR11795050,ERR11796193,2022-03-03,2021-12-18,2022-01-07,{'BA.2': 2},1317827,2,1317828,1,0,False,2
SRR19223626,ERR7561507,SRR16831375,2021-12-15,2021-11-23,2021-10-25,{'AY.39': 1},1028758,1,1028759,1,0,False,1
SRR28165213,ERR12118131,SRR26390562,2024-01-11,2023-09-23,2023-10-02,{'XBB.1.9': 1},1878600,1,1878601,1,0,True,1
node_255920,SRR15548585,ERR11849799,2021-09-06,2021-07-28,2021-08-27,{'AY.103': 4},557588,4,-1,2147483648,14,False,4
SRR14158437,SRR14152764,SRR14157549,2021-03-02,2021-03-15,2021-02-24,{'B.1.2': 1},179121,1,179122,1,0,False,1
SRR20916680,ERR10492664,SRR20683667,2022-07-16,2022-07-13,2022-07-08,{'BE.1': 1},1575221,1,1575222,1,0,False,1
ERR7305778,ERR7139558,ERR6445757,2021-10-31,2021-10-13,2021-07-14,{'AY.4': 1},794449,1,794450,1,0,False,1
SRR16527186,SRR16527187,ERR6495160,2021-09-27,2021-09-27,2021-07-31,{'AY.125': 1},651387,1,420981,3,7,False,1
node_189794,SRR16838910,SRR15391358,2021-11-12,2021-10-12,2021-07-16,{'AY.119': 2},864741,2,-1,2147483648,5,False,2
node_189890,SRR17271285,ERR6834520,2021-10-24,2021-11-03,2021-09-03,{'AY.119.2': 2},764392,10,-1,2147483648,4,False,2
node_635338,SRR26637501,ERR12306865,2023-12-17,2023-10-20,2023-10-29,"{'XDD': 68, 'XDD.1': 17, 'XDD.1.1.1': 7, 'XDD.1.1': 17, 'BA.2.86.1': 1, 'XDD.3': 2, 'XDD.2': 1}",871726,858794,-1,2147483648,1,True,113
node_235888,SRR15490126,SRR20263331,2021-11-04,2021-08-02,2021-11-23,{'AY.39': 13},820406,13,-1,2147483648,4,False,13
node_194936,SRR17275469,ERR6836572,2021-12-03,2021-12-02,2021-09-13,{'AY.127': 6},1002532,6,-1,2147483648,7,False,6
node_290216,SRR20861059,SRR16116722,2021-12-16,2021-12-27,2021-09-13,{'AY.25': 1},1032519,1,1032520,1,0,False,1
SRR19286085,SRR16807593,node_309396,2021-12-21,2021-10-27,2021-12-21,{'AY.3': 1},1048696,1,1048697,1,0,False,1
node_188540,ERR6408957,ERR6761269,2021-08-23,2021-07-26,2021-09-03,{'AY.4': 1},497030,1,497031,1,0,False,1
node_188703,ERR6901472,node_188814,2021-11-06,2021-09-23,2021-08-06,{'AY.4': 1},828379,1,828380,1,0,False,1
SRR25918205,SRR25815010,ERR10910673,2023-08-17,2023-08-10,2023-02-04,{'XBB.1.16.11': 1},1832225,1,1673437,14,10,True,1
node_342885,ERR7707958,ERR11754063,2021-08-28,2021-11-12,2021-10-18,{'AY.36': 4},520167,5,-1,2147483648,4,False,4
SRR27334894,SRR26828095,node_619203,2023-08-17,2023-09-19,2023-08-17,{'EG.5.1.1': 1},1832155,1,1673437,13,6,False,1
ERR13042071,ERR10107588,ERR10130689,2022-11-20,2022-07-28,2022-08-15,{'BF.7.6': 1},1710518,1,1710519,1,0,False,1
SRR16221830,SRR15983091,SRR15313765,2021-09-07,2021-09-05,2021-07-23,{'AY.39.1': 1},562276,1,-1,2147483648,6,False,1
SRR20250176,SRR16556832,node_189140,2021-11-10,2021-09-25,2021-09-02,{'AY.39': 1},853494,1,853495,1,0,False,1
ERR7306411,ERR6814120,ERR13182720,2021-10-31,2021-09-12,2021-08-22,{'AY.4': 1},794453,1,-1,2147483648,5,False,1
ERR7316860,ERR12794355,ERR11754799,2021-10-21,2021-07-17,2021-10-19,{'AY.4': 1},751953,1,751954,1,0,False,1
node_408753,node_408750,ERR6019795,2021-04-22,2021-04-16,2021-06-02,{'B.1.1.7': 29},267240,29,-1,2147483648,7,False,29
node_188239,ERR7230437,ERR12824840,2021-04-09,2021-10-26,2021-08-25,"{'AY.39': 513, 'AY.119.2': 156, 'AY.4': 585, 'AY.100': 914, 'AY.107': 72, 'AY.118': 193, 'AY.112.2': 17, 'B.1.617.2': 51, 'AY.4.2.2': 28, 'AY.4.2': 114, 'AY.120': 41, 'AY.114': 56, 'AY.119': 265, 'AY.36': 42, 'AY.113': 46, 'AY.20': 58, 'AY.120.1': 18, 'AY.111': 3, 'AY.4.2.1': 29, 'AY.117': 74, 'AY.124': 8, 'AY.112': 5, 'AY.110': 29, 'AY.4.2.3': 4, 'AY.116.1': 24, 'AY.39.1': 79, 'AY.42': 18, 'AY.4.4': 7, 'AY.126': 14, 'AY.25': 2, 'AY.129': 6, 'AY.105': 3, 'AY.25.1': 2, 'AY.128': 1, 'AY.109': 9, 'AY.103': 16, 'AY.4.11': 2, 'AY.4.1': 2, 'AY.4.7': 5, 'AY.4.2.4': 1, 'AY.46.4': 1, 'AY.4.12': 1, 'AY.5': 1, 'AY.46.1': 1, 'AY.120.2.1': 1, 'AY.29': 4, 'AY.4.9': 3, 'AY.106': 2, 'AY.4.5': 1, 'AY.127': 1}",167127,1241012,-1,2147483648,1,False,3528
ERR5989382,ERR5989944,ERR5181396,2021-05-18,2021-05-02,2021-01-04,{'B.1.1.7': 1},294781,1,-1,2147483648,4,False,1
node_187515,node_187514,SRR20263707,2021-10-21,2021-10-21,2021-11-23,{'AY.113': 7},781252,37,752882,1,0,False,7
ERR6427219,ERR6195240,ERR6834094,2021-07-21,2021-06-26,2021-09-07,{'AY.4': 1},385900,1,-1,2147483648,0,False,1
SRR17235074,node_226497,SRR16606211,2021-10-07,2021-10-07,2021-10-04,{'B.1.617.2': 1},693902,2,-1,2147483648,6,False,1
ERR8996829,ERR8043726,ERR10706235,2022-02-15,2022-01-10,2022-12-09,{'BA.1.15': 1},1263898,1,-1,2147483648,5,False,1
node_320945,ERR12852630,ERR6571333,2021-07-27,2021-11-14,2021-08-18,{'AY.44': 1},405697,1,-1,2147483648,7,False,1
ERR7371565,ERR7110053,ERR6445757,2021-11-05,2021-10-10,2021-07-14,{'AY.126': 1},823834,1,-1,2147483648,5,False,1
node_189904,SRR19265528,ERR6881464,2021-11-11,2021-11-20,2021-09-09,{'AY.119.2': 4},167127,1241012,-1,2147483648,1,False,4
node_296252,node_296227,ERR6827744,2021-07-31,2021-06-23,2021-08-24,{'AY.3': 3},422334,3,-1,2147483648,5,False,3
SRR20918075,SRR21296590,ERR7243253,2021-12-16,2021-12-03,2021-10-20,{'AY.4': 1},1033127,1,1033128,1,0,False,1
SRR14569320,node_19982,SRR14114846,2021-04-07,2021-02-06,2021-03-11,{'B.1.526': 1},244970,1,244971,1,0,False,1
SRR16606566,SRR16527318,SRR16380691,2021-10-04,2021-09-27,2021-09-19,{'AY.34.1': 1},678885,1,-1,2147483648,8,False,1
node_554941,SRR19951232,SRR19793880,2022-06-07,2022-06-08,2022-06-08,{'BA.2.12.1': 5},1512804,5,-1,2147483648,6,False,5
node_189130,SRR16790011,SRR16829480,2021-10-07,2021-10-07,2021-10-08,{'AY.39': 2},692743,2,692744,1,0,False,2
ERR6568434,ERR11827495,ERR6699085,2021-08-08,2021-08-06,2021-08-12,{'AY.4': 1},451723,1,-1,2147483648,6,False,1
node_701513,ERR9895423,ERR10000006,2022-07-12,2022-06-22,2022-07-02,{'BA.5.2.21': 1},1567631,1,1567632,1,0,False,1
node_96717,ERR11824597,ERR11754782,2021-12-04,2021-11-10,2021-10-20,{'AY.4': 1},978557,1,978558,1,0,False,1
ERR7313954,node_143009,ERR6440908,2021-10-27,2021-10-27,2021-07-26,{'AY.4': 1},778337,1,-1,2147483648,8,False,1
ERR9123984,ERR8572782,SRR20493124,2022-02-19,2022-02-01,2022-01-10,{'BA.1.18': 1},1279838,1,-1,2147483648,4,False,1
SRR16546753,SRR16022147,SRR15982202,2021-09-25,2021-09-09,2021-09-03,{'AY.103': 1},644178,1,-1,2147483648,8,False,1
SRR23939873,ERR10000033,node_657208,2022-11-13,2022-07-04,2022-11-01,{'BE.1.2': 1},1707412,1,1707413,1,0,False,1
node_412243,SRR14892985,SRR14898456,2021-05-28,2021-06-07,2021-05-18,{'B.1.1.7': 3},303636,3,303636,0,0,False,3
SRR20259671,node_192011,ERR6493944,2021-10-19,2021-11-13,2021-07-28,{'AY.107': 1},744489,1,-1,2147483648,1,False,1
SRR20570960,SRR20567076,SRR20785997,2022-04-17,2022-04-16,2022-05-06,{'BA.2.12': 1},1442064,1,-1,2147483648,5,False,1
SRR29175761,SRR29175671,ERR13076799,2024-03-20,2024-03-03,2023-01-13,{'JN.1': 1},1889481,1,1854739,9,4,False,1
node_695439,ERR10424576,ERR10462793,2022-11-08,2022-10-08,2022-10-27,{'BA.5.2.1': 9},1705049,9,1705050,1,0,False,9
SRR19242653,ERR6417079,SRR16898265,2021-10-22,2021-07-27,2021-10-19,{'AY.3': 1},756873,1,756874,1,0,False,1
node_192342,ERR11853088,SRR20254757,2021-10-12,2021-07-07,2021-10-15,{'B.1.617.2': 1},714998,1,714999,1,0,False,1
node_189224,SRR15584959,ERR6885051,2021-08-07,2021-08-08,2021-09-03,{'AY.20': 1},449991,1,-1,2147483648,1,False,1
ERR6881540,ERR6611696,ERR13153313,2021-08-25,2021-08-25,2021-07-30,{'AY.4': 1},505495,1,-1,2147483648,5,False,1
SRR26473090,SRR26556420,node_618565,2023-10-06,2023-10-09,2023-11-21,{'JD.1.1': 1},1849149,1,1849150,1,0,False,1
node_203705,ERR12857708,SRR16606566,2021-08-27,2021-08-29,2021-10-04,"{'AY.34.1': 32, 'AY.34': 2}",344313,3663,-1,2147483648,7,False,34
ERR12846441,node_204874,ERR11763803,2021-11-01,2021-07-30,2021-12-03,{'AY.126': 1},2596068,1,-1,2147483648,0,False,1
node_777484,ERR8028294,ERR11746964,2022-03-05,2022-01-06,2022-03-29,{'BA.2': 8},1324014,8,1324014,0,0,False,8
ERR6758564,ERR6522615,ERR6112499,2021-09-09,2021-08-08,2021-06-08,{'AY.4': 1},569212,1,-1,2147483648,4,False,1
node_199870,SRR20186745,ERR11753784,2021-10-28,2021-12-05,2021-10-17,{'AY.119': 12},783909,12,-1,2147483648,8,False,12
node_744727,ERR12751814,ERR11781188,2022-04-24,2022-04-11,2022-03-29,{'BA.2.9': 2},1456159,2,1456159,0,2,False,2
node_189547,node_185187,node_189592,2021-09-27,2021-10-22,2021-10-08,{'AY.100': 2},651423,33,-1,2147483648,6,False,2
node_189859,SRR16948386,SRR15893692,2021-11-09,2021-11-05,2021-07-26,{'AY.119.2': 4},847312,4,-1,2147483648,4,False,4
ERR6757288,ERR6766815,SRR20186461,2021-09-02,2021-08-17,2021-12-04,{'AY.36': 1},541504,1,541505,1,0,False,1
node_203723,SRR20251124,ERR6761017,2021-11-12,2021-11-12,2021-08-30,{'AY.34.1': 2},887256,2,-1,2147483648,5,False,2
node_599313,ERR10850941,SRR25986048,2023-02-13,2023-01-12,2023-05-10,{'XBB.1.5.4': 12},1767081,12,1767081,0,0,True,12
SRR20178790,SRR17497583,node_203716,2021-11-27,2021-12-17,2021-09-19,{'AY.34.1': 1},940151,1,-1,2147483648,5,False,1
node_634175,ERR13253613,SRR28145013,2023-12-21,2024-05-17,2024-01-27,"{'JN.1.1': 11, 'JN.1': 1}",1854737,23726,1854739,3,1,False,12
SRR20226771,SRR17135682,SRR15391656,2021-10-30,2021-10-25,2021-07-22,{'AY.116.1': 1},792172,1,390208,1,4,False,1
node_192862,SRR15201251,SRR20250958,2021-10-09,2021-07-09,2021-11-12,{'AY.1': 1},702153,1,-1,2147483648,7,False,1
ERR7561646,ERR11761851,ERR7291879,2021-11-25,2021-07-16,2021-10-29,{'AY.46.5': 1},929416,1,929417,1,0,False,1
SRR16884076,SRR16884155,ERR6571500,2021-10-12,2021-10-11,2021-08-08,{'AY.118': 1},715169,1,-1,2147483648,7,False,1
ERR6557788,ERR6529403,ERR6476052,2021-08-12,2021-08-09,2021-07-30,{'AY.122': 1},464980,1,464981,1,0,False,1
node_190016,ERR6629147,ERR6112499,2021-08-16,2021-08-17,2021-06-08,{'B.1.617.2': 1},474615,4,-1,2147483648,12,False,1
node_196304,SRR17235276,ERR6731572,2021-09-25,2021-10-25,2021-09-03,{'AY.106': 3},644527,4,-1,2147483648,4,False,3
SRR20953685,SRR20264937,SRR16288152,2021-11-09,2021-11-16,2021-09-13,{'AY.39': 1},847289,1,-1,2147483648,5,False,1
node_323547,SRR16957578,SRR17475729,2021-10-20,2021-09-20,2021-12-27,{'AY.44': 1},748873,1,748874,1,0,False,1
node_739385,ERR12345251,ERR9025313,2022-04-03,2022-04-07,2022-02-22,{'BA.2': 1},1416321,1,1416322,1,0,False,1
node_544123,ERR8761573,ERR7772073,2022-04-20,2022-02-16,2021-12-08,{'XAC': 19},1456322,19,1448913,1,0,True,19
SRR21457722,SRR21208456,SRR21369690,2022-08-22,2022-08-08,2022-08-13,{'BA.5.1.25': 1},1630019,1,1630020,1,0,False,1
node_623423,ERR11923785,ERR13049630,2023-07-19,2023-08-12,2023-08-07,{'EG.5.1': 4},1827030,4,1827030,0,0,False,4
node_189428,SRR17219382,SRR16706972,2021-11-11,2021-11-09,2021-10-06,{'AY.100': 2},859332,2,-1,2147483648,4,False,2
SRR20918090,SRR17427974,SRR15518829,2021-12-16,2021-12-09,2021-07-30,{'AY.100': 1},1033132,1,-1,2147483648,5,False,1
ERR7148808,ERR6417018,ERR13182720,2021-09-26,2021-07-27,2021-08-22,{'AY.4': 1},646808,1,-1,2147483648,5,False,1
SRR14568865,SRR14154580,SRR14567651,2021-04-07,2021-03-08,2021-04-07,{'B.1.1.7': 1},245659,1,-1,2147483648,5,False,1
ERR7379152,ERR7118493,ERR7156603,2021-11-07,2021-10-12,2021-09-28,{'AY.4': 1},832281,1,832282,1,0,False,1
ERR6702609,ERR6634454,ERR13153313,2021-08-23,2021-07-29,2021-07-30,{'AY.4': 1},497036,1,497037,1,0,False,1
node_226062,ERR6543803,ERR6485425,2021-08-07,2021-08-12,2021-08-06,{'AY.43': 1},447849,1,-1,2147483648,7,False,1
node_693988,ERR10175345,ERR12982338,2022-10-04,2022-08-26,2022-09-12,{'BF.7.5.1': 1},1677890,1,1677891,1,0,False,1
node_213532,ERR6105556,ERR6601260,2021-10-01,2021-06-09,2021-08-23,{'AY.6': 2},667879,2,667880,1,0,False,2
SRR21637001,node_706510,ERR10022933,2022-09-03,2022-09-05,2022-07-15,{'BA.5.2': 1},1643830,1,1643831,1,0,False,1
ERR7238507,ERR6849655,ERR6440908,2021-10-26,2021-09-17,2021-07-26,{'AY.4': 1},771720,1,-1,2147483648,7,False,1
SRR20259867,SRR20252780,ERR13153313,2021-10-21,2021-10-20,2021-07-30,{'AY.39': 1},753014,1,753015,1,0,False,1
ERR11742086,ERR6457057,ERR11742206,2021-08-21,2021-07-29,2021-08-27,{'AY.28': 1},492135,1,492136,1,0,False,1
SRR19305694,SRR17264023,ERR11742086,2021-11-22,2021-11-22,2021-08-21,{'AY.47': 1},915944,1,915945,1,0,False,1
node_104131,ERR11754296,ERR6311815,2021-10-16,2021-10-19,2021-07-05,{'AY.4.2': 155},175379,680876,-1,2147483648,1,False,155
node_188545,node_188544,ERR11756261,2021-12-09,2021-12-09,2021-11-28,{'AY.4': 1},1004450,1,1004451,1,0,False,1
ERR5458848,ERR5316952,ERR5458865,2021-02-15,2021-02-09,2021-02-16,{'B.1.1.7': 1},155971,1,-1,2147483648,4,False,1
ERR9625458,ERR9102490,ERR9647850,2022-04-11,2022-02-23,2022-04-19,{'BA.1': 1},1431252,1,1431253,1,0,False,1
node_699893,SRR21371288,SRR21527405,2022-08-24,2022-08-13,2022-08-27,{'BA.5': 26},1631859,26,1631860,1,0,False,26
node_21935,SRR14154896,ERR10089282,2021-05-01,2021-03-14,2021-04-21,{'B.1.526': 4},50503,295781,-1,2147483648,1,False,4
SRR21947661,ERR10000035,ERR10425645,2022-09-27,2022-07-05,2022-10-04,{'BA.5.2': 1},1671684,1,1671685,1,0,False,1
ERR12539249,SRR25053154,ERR10000064,2022-07-22,2023-05-03,2022-07-05,{'BA.5.2': 1},1585461,1,1428716,10,7,False,1
node_181387,SRR17330263,SRR16883831,2021-10-30,2021-12-08,2021-10-13,{'AY.100': 5},792155,19,-1,2147483648,7,False,5
node_226103,ERR6543800,ERR6392127,2021-09-02,2021-08-12,2021-07-22,{'AY.98': 1},543989,1,543990,1,0,False,1
ERR13076974,ERR13051412,SRR28273281,2023-11-20,2023-11-20,2024-02-12,{'JN.1.4': 1},1862149,1,1854739,11,6,False,1
SRR16883831,SRR16789901,SRR15518829,2021-10-13,2021-10-09,2021-07-30,{'AY.100': 1},719291,1,719292,1,0,False,1
SRR20189753,SRR21183996,node_189447,2021-12-08,2021-11-05,2021-07-29,{'AY.118': 1},1000903,1,-1,2147483648,11,False,1
SRR20179884,SRR16883335,SRR17275482,2021-11-26,2021-10-19,2021-12-02,{'AY.100': 1},935860,1,-1,2147483648,7,False,1
SRR15189070,ERR5340332,SRR16736728,2021-07-07,2021-02-12,2021-03-25,{'B.1.1.7': 1},356164,1,356165,1,0,False,1
ERR7234709,ERR7099711,ERR7383256,2021-10-22,2021-10-08,2021-11-05,{'AY.4': 1},755210,1,755211,1,0,False,1
node_91599,ERR11822853,SRR17367056,2021-12-16,2021-10-17,2021-12-03,{'AY.4.9': 1},1034137,1,-1,2147483648,5,False,1
node_600545,SRR28238669,ERR13320350,2023-08-23,2023-06-21,2023-08-22,"{'XCH': 103, 'XCR': 84, 'XCH.1': 52, 'XBB.1.5.70': 1}",1831721,837,1673437,8,3,True,240
SRR20251927,SRR19306355,ERR6491956,2021-11-10,2021-11-22,2021-07-21,{'AY.100': 1},853602,1,-1,2147483648,7,False,1
SRR18279402,SRR17418968,SRR18246150,2022-02-22,2021-12-17,2022-02-24,{'BA.1.18': 1},1293131,2,1232639,3,4,False,1
SRR20259390,SRR20258148,SRR16606679,2021-10-21,2021-10-18,2021-09-28,{'AY.119': 1},752918,1,752919,1,0,False,1
ERR6486365,ERR6112499,ERR6310026,2021-07-21,2021-06-08,2021-07-04,{'AY.4': 1},386063,1,386064,1,0,False,1
SRR22294791,SRR22319644,ERR10000006,2022-10-31,2022-10-26,2022-07-02,{'BA.5.2.1': 1},1701007,1,1701008,1,0,False,1
node_188761,SRR15534656,SRR15199752,2021-08-02,2021-08-02,2021-06-30,{'AY.107': 2},439530,2,-1,2147483648,5,False,2
SRR19914226,node_731504,ERR13076799,2022-06-13,2022-06-13,2023-01-13,{'BA.2.3': 1},1522259,1,-1,2147483648,7,False,1
ERR6655421,ERR6580674,ERR6597976,2021-08-27,2021-08-19,2021-08-22,{'AY.43': 1},514005,1,514006,1,0,False,1
node_527843,ERR9193758,ERR8076203,2022-03-02,2022-02-25,2022-01-12,{'BA.1.17.2': 2},1314409,2,1314409,0,1,False,2
SRR20177842,SRR17125415,SRR16883831,2021-11-14,2021-11-12,2021-10-13,{'AY.100': 1},873887,2,873888,1,0,False,1
node_782735,node_783859,SRR14152625,2021-04-21,2021-08-28,2021-03-16,"{'P.1.15': 7, 'P.1': 8}",132045,6003,-1,2147483648,1,False,15
node_596743,ERR7795801,SRR24606764,2023-03-09,2021-12-12,2023-03-15,{'XBB.1.5.45': 6},1790973,6,1790973,0,1,True,6
node_357841,SRR15626314,SRR15478881,2021-09-28,2021-08-05,2021-08-06,{'AY.75': 54},655431,54,655432,1,0,False,54
SRR20694518,SRR17595114,node_13629,2020-11-15,2021-09-14,2021-01-13,{'B.1.239': 1},64904,1,-1,2147483648,7,False,1
ERR7463393,ERR7166311,SRR16007316,2021-11-10,2021-10-17,2021-09-02,{'AY.4': 1},850621,1,-1,2147483648,5,False,1
SRR24708985,node_592035,ERR10910673,2023-04-15,2023-04-15,2023-02-04,{'XBB.1.5': 1},1812334,1,1673437,14,8,True,1
ERR7405133,ERR6654743,ERR11753789,2021-11-09,2021-08-28,2021-10-17,{'AY.4': 1},847968,1,-1,2147483648,6,False,1
node_588550,node_588498,SRR26212636,2023-11-21,2023-11-16,2023-08-21,"{'KT.1.1': 119, 'KT.1': 3}",1875602,262,1673437,10,4,False,122
SRR20259179,SRR19279245,SRR15948433,2021-10-21,2021-10-21,2021-08-20,{'AY.119': 1},752889,1,-1,2147483648,4,False,1
SRR20949740,SRR17488567,SRR19265413,2021-11-28,2021-12-21,2021-11-17,{'AY.44': 1},944942,1,944943,1,0,False,1
node_167397,ERR7265232,ERR7328353,2021-10-25,2021-10-25,2021-11-01,{'AY.4': 8},770358,8,770359,1,0,False,8
node_698437,ERR10004697,ERR13009749,2022-10-17,2022-07-18,2022-10-09,{'BF.11.3': 2},1690393,2,1690394,1,0,False,2
ERR11255248,ERR11254938,ERR11255040,2023-03-20,2023-02-21,2023-03-06,{'XBB.1.5': 1},1798273,1,1798274,1,0,True,1
node_311784,ERR6567507,ERR13159712,2021-08-16,2021-08-11,2021-07-13,{'AY.3': 3},476037,3,476037,0,1,False,3
SRR17889057,SRR25066350,node_189228,2021-12-24,2021-12-03,2021-07-27,{'B.1.617.2': 1},1055842,1,-1,2147483648,8,False,1
node_237991,SRR15920578,SRR20227424,2021-10-03,2021-08-25,2021-10-31,{'AY.118': 4},728289,5,-1,2147483648,4,False,4
ERR7309252,ERR6854892,ERR13182720,2021-10-28,2021-09-19,2021-08-22,{'AY.4': 1},783057,1,-1,2147483648,5,False,1
node_188467,ERR11754381,ERR7302056,2021-10-11,2021-10-19,2021-10-17,{'AY.4.2.2': 2},708512,2,708513,1,0,False,2
SRR20380016,SRR19914191,SRR19550911,2022-06-28,2022-06-13,2022-05-16,{'BA.2.12.1': 1},1542385,1,1542386,1,0,False,1
node_188868,SRR15363718,SRR20251944,2021-08-25,2021-07-20,2021-11-10,{'AY.39': 8},167127,1241012,-1,2147483648,1,False,8
SRR21000324,ERR10424344,ERR11823461,2022-07-22,2022-10-05,2022-06-14,{'BA.4': 1},1585667,1,1585668,1,0,False,1
ERR13048866,ERR10559859,ERR13046543,2022-12-15,2022-11-16,2023-03-16,{'CH.1.1.5': 1},1724935,1,-1,2147483648,8,False,1
ERR7367857,ERR7322140,ERR6440908,2021-10-29,2021-10-28,2021-07-26,{'AY.6': 1},787506,1,787507,1,0,False,1
SRR20953808,SRR20226446,SRR16606679,2021-11-09,2021-10-30,2021-09-28,{'AY.119': 1},847359,1,-1,2147483648,8,False,1
SRR20251359,node_184543,SRR16527817,2021-11-11,2021-11-02,2021-09-26,{'AY.100': 1},859439,1,-1,2147483648,6,False,1
SRR22844195,SRR21796069,SRR22239738,2022-08-26,2022-09-16,2022-10-23,{'BA.5.2.1': 1},1633589,1,1428716,9,4,False,1
ERR12255012,ERR8645122,ERR9304004,2022-04-06,2022-02-08,2022-03-06,{'BA.1.1': 1},1423596,1,1423597,1,0,False,1
node_190029,ERR13182720,node_187481,2021-10-03,2021-08-22,2021-10-28,{'AY.113': 1},675000,1,675001,1,0,False,1
SRR15993700,SRR15549687,SRR15819444,2021-08-25,2021-07-30,2021-08-10,{'AY.120.1': 1},506323,1,506324,1,0,False,1
SRR23600680,SRR16688453,ERR6491292,2021-09-28,2021-10-19,2021-08-05,{'AY.25.1': 1},656578,1,-1,2147483648,6,False,1
SRR20189751,SRR20189750,SRR15200045,2021-12-08,2021-12-08,2021-07-02,{'AY.39': 1},1000901,1,-1,2147483648,7,False,1
node_72428,ERR6814611,ERR6903045,2021-10-18,2021-09-14,2021-09-23,{'AY.4': 10},739655,10,739656,1,0,False,10
node_90273,ERR6479543,ERR11755756,2021-11-24,2021-08-03,2021-11-22,{'AY.4': 4},925420,4,-1,2147483648,4,False,4
node_183814,SRR16149933,node_183813,2021-09-15,2021-09-17,2021-09-15,{'AY.100': 2},600805,2,-1,2147483648,4,False,2
SRR20180432,ERR8214283,ERR13153313,2021-11-26,2021-12-18,2021-07-30,{'AY.117': 1},936012,1,936013,1,0,False,1
SRR20226638,SRR20233157,SRR15818914,2021-11-03,2021-11-02,2021-08-02,{'AY.120.1': 1},814866,1,814867,1,0,False,1
ERR11852901,node_434735,ERR11820936,2021-05-16,2020-12-21,2021-05-10,{'B.1.1.7': 1},293023,1,293024,1,0,False,1
node_188272,SRR15693469,ERR6440908,2021-06-16,2021-07-11,2021-07-26,{'B.1.617.2': 1},323672,1,323673,1,0,False,1
node_346259,ERR11822590,SRR16833054,2021-11-01,2021-08-13,2021-10-11,{'B.1.617.2': 3},804897,3,804898,1,0,False,3
SRR20258621,node_314968,node_316067,2021-10-16,2021-10-16,2021-10-16,{'AY.44': 1},731021,1,-1,2147483648,4,False,1
ERR7305340,ERR7239993,SRR25075223,2021-10-29,2021-10-16,2021-09-05,{'B.1.617.2': 1},787354,1,787355,1,0,False,1
SRR17813172,SRR15272300,SRR17847566,2021-12-23,2021-07-12,2021-12-21,{'AY.119': 1},1054068,1,1054069,1,0,False,1
ERR5181396,ERR5381053,ERR5025462,2021-01-04,2021-02-15,2020-12-11,{'B.1.1.7': 1},98267,1,-1,2147483648,5,False,1
node_635340,node_635338,SRR27417703,2023-12-17,2023-12-17,2023-12-16,"{'XDD': 68, 'XDD.1': 17, 'XDD.1.1.1': 7, 'XDD.1.1': 17, 'XDD.3': 2, 'XDD.2': 1}",1872109,112,1872109,0,0,True,112
ERR7239088,ERR7274565,ERR8248180,2021-10-08,2021-10-26,2021-12-09,{'AY.4': 1},696839,1,-1,2147483648,6,False,1
node_188341,ERR13182720,ERR6924426,2021-09-30,2021-08-22,2021-09-28,{'AY.4': 2},664539,2,664539,0,0,False,2
node_776723,node_739323,ERR9208425,2022-03-06,2022-02-22,2022-02-28,{'BA.2': 3},1329297,3,1329297,0,2,False,3
node_126088,ERR7274803,ERR6440908,2021-11-05,2021-10-25,2021-07-26,{'AY.4': 2},823842,2,823842,0,1,False,2
SRR23358540,ERR10489394,SRR22668161,2023-01-23,2022-11-01,2022-11-21,{'BA.2': 1},1752128,1,1752129,1,0,False,1
node_715300,ERR10000001,node_687748,2022-09-26,2022-07-05,2022-09-11,{'BA.4': 1},1670701,1,1670702,1,0,False,1
SRR26444037,SRR26444038,SRR26444003,2023-03-20,2023-03-20,2023-03-24,{'XBB.1.5': 1},1798616,1,1798617,1,0,True,1
ERR6763204,ERR12818002,SRR20254530,2021-08-27,2021-08-13,2021-10-15,{'AY.112': 1},515396,1,-1,2147483648,7,False,1
ERR11184421,ERR11029910,ERR12751262,2023-03-16,2023-02-23,2022-05-01,{'FL.27': 1},1795783,1,1673437,10,6,False,1
node_610943,ERR11556652,ERR12658012,2023-10-12,2023-05-22,2023-12-16,{'XBB.1.16.6': 1},1850881,1,1673437,16,7,True,1
node_397060,node_5831,ERR5025873,2021-01-18,2020-09-10,2020-12-10,{'B.1.1.7': 3},115377,3,115377,0,0,False,3
ERR6488290,ERR6495467,ERR6493055,2021-08-05,2021-08-07,2021-08-05,{'AY.4': 1},439935,1,439936,1,0,False,1
SRR15986193,ERR7357583,SRR16157345,2021-08-31,2021-11-05,2021-09-08,{'AY.44': 1},533350,1,533351,1,0,False,1
SRR16221850,SRR16055312,node_188707,2021-09-07,2021-08-24,2021-08-23,{'AY.100': 1},562382,1,-1,2147483648,5,False,1
node_6077,SRR15230194,SRR16619427,2021-05-15,2021-06-15,2021-04-08,{'B.1.214': 1},292233,1,-1,2147483648,7,False,1
SRR23912134,SRR23896645,ERR10910673,2023-03-02,2023-02-27,2023-02-04,{'XBB.1.5.17': 1},1785087,1,1673437,13,7,True,1
node_182858,SRR15391634,SRR19931558,2021-11-12,2021-07-22,2021-11-04,{'AY.100': 1},865139,1,865140,1,0,False,1
SRR15776056,node_184764,SRR15556478,2021-08-14,2021-08-14,2021-08-03,{'AY.100': 1},470811,1,470812,1,0,False,1
SRR20263086,SRR17318039,SRR20254697,2021-11-24,2021-11-24,2021-10-15,{'AY.39': 1},927160,1,-1,2147483648,4,False,1
SRR26084897,SRR25951809,ERR11829251,2023-08-27,2023-08-23,2023-07-26,{'GJ.1.2': 1},1835227,1,1835228,1,0,False,1
ERR7889430,ERR6138093,ERR7438592,2021-12-19,2021-06-17,2021-11-16,{'AY.124': 1},1042122,1,1042123,1,0,False,1
node_189133,SRR16898874,ERR13153313,2021-10-26,2021-10-20,2021-07-30,{'AY.39': 6},817179,6,774513,1,0,False,6
SRR21703859,SRR21276167,SRR21276160,2022-08-18,2022-08-03,2022-07-30,{'BA.5': 1},1624496,1,1624497,1,0,False,1
SRR26827825,SRR26084888,SRR25946180,2023-09-18,2023-08-28,2023-07-24,{'XBB.1.16': 1},1843037,1,1843038,1,0,True,1
SRR20933159,ERR9925953,ERR12781635,2022-07-11,2022-06-28,2022-06-06,{'BA.5.5': 1},1566142,1,1566143,1,0,False,1
SRR26287955,SRR25642848,ERR12091118,2023-09-03,2023-08-01,2023-09-05,{'EG.1': 1},1837693,1,1837694,1,0,False,1
node_189559,node_183257,SRR20251802,2021-10-22,2021-10-11,2021-11-11,{'AY.100': 1},756995,1,-1,2147483648,1,False,1
node_189013,SRR21266161,SRR15948441,2021-10-21,2021-12-08,2021-08-20,{'AY.39': 3},752893,5,-1,2147483648,5,False,3
node_335843,ERR13144649,node_782266,2021-09-09,2021-09-30,2021-05-06,{'B.1.617.2': 4},571189,4,571190,1,0,False,4
SRR19828311,SRR17611386,ERR12751756,2022-01-30,2021-12-29,2022-05-15,{'BA.1.1': 1},1183500,1,-1,2147483648,4,False,1
ERR12886196,ERR11796019,node_451977,2022-01-10,2022-01-05,2021-12-23,{'BA.1.17': 1},1098300,1,-1,2147483648,4,False,1
ERR6768833,ERR7235536,ERR13153313,2021-08-31,2021-10-11,2021-07-30,{'AY.42': 1},531438,1,373410,5,1,False,1
SRR21610934,ERR10150373,SRR21671375,2022-09-04,2022-08-19,2022-09-06,{'BA.5.2': 1},1644881,1,1428716,6,4,False,1
node_188513,ERR6879247,SRR15518570,2021-08-26,2021-09-16,2021-08-02,{'AY.4': 1},508202,48,-1,2147483648,6,False,1
ERR6880611,ERR6328211,ERR6440908,2021-09-19,2021-07-09,2021-07-26,{'AY.4': 1},616630,1,616631,1,0,False,1
node_451977,ERR11743086,ERR12886196,2021-12-23,2021-12-23,2022-01-10,"{'BA.1.20': 2, 'BA.1': 6, 'BA.1.1': 4, 'BA.1.1.18': 3, 'BA.1.17.2': 1, 'BA.1.12': 1, 'BA.1.15': 1}",871714,424062,-1,2147483648,0,False,18
node_526309,ERR9319960,ERR8132085,2022-02-15,2022-03-07,2022-01-19,{'BA.1.17.2': 2},1263448,2,1263449,1,0,False,2
ERR7004218,ERR6692182,SRR17218905,2021-09-15,2021-09-01,2021-11-27,{'AY.4': 1},599596,1,-1,2147483648,4,False,1
node_189867,SRR17414049,SRR16829139,2021-11-17,2021-11-25,2021-10-09,{'AY.119.2': 2},167127,1241012,-1,2147483648,1,False,2
node_308770,node_308769,ERR6666963,2021-08-04,2021-08-04,2021-08-29,{'AY.3': 2},3407196,2,-1,2147483648,9,False,2
node_329381,SRR20249757,node_188279,2021-11-14,2021-11-10,2021-10-14,{'AY.44': 1},873872,1,-1,2147483648,7,False,1
SRR16221675,SRR15863953,ERR6485838,2021-09-07,2021-08-18,2021-07-27,{'AY.39.1': 1},562275,1,-1,2147483648,7,False,1
node_253213,SRR15551595,ERR7463393,2021-09-02,2021-07-29,2021-11-10,{'AY.103': 2},543148,2,-1,2147483648,4,False,2
SRR16829666,SRR20254290,SRR15948495,2021-10-09,2021-10-15,2021-08-19,{'AY.100': 1},702208,1,-1,2147483648,4,False,1
node_234108,SRR20116299,ERR7232760,2021-12-06,2021-12-02,2021-10-16,{'AY.39': 2},988705,2,-1,2147483648,7,False,2
SRR29320372,node_588550,SRR27426056,2023-12-17,2023-11-21,2023-12-15,{'KT.1.1': 1},1872251,1,1872252,1,0,False,1
node_626114,ERR10802679,ERR13057342,2023-03-14,2023-01-09,2023-03-11,{'EG.1': 3},1794224,3,1794225,1,0,False,3
ERR7308920,ERR7160875,ERR6440908,2021-10-31,2021-10-15,2021-07-26,{'AY.4': 1},794463,1,794464,1,0,False,1
SRR22344184,SRR23939961,ERR10003967,2022-10-31,2022-11-17,2022-07-08,{'BA.5.2.23': 1},1701186,1,1701187,1,0,False,1
ERR13177071,ERR13177079,ERR10983072,2023-01-14,2023-01-24,2023-02-23,{'XBB': 1},1747006,1,1673437,4,8,True,1
node_463712,ERR12923941,SRR19690504,2022-03-10,2022-02-18,2022-02-23,{'BA.1.1': 2},1344305,2,1344305,0,0,False,2
ERR8504703,ERR7819565,ERR8287831,2022-01-31,2021-12-13,2022-01-23,{'BA.1': 1},1185150,1,1185151,1,0,False,1
SRR21559034,SRR20933021,SRR22587069,2022-08-30,2022-07-11,2022-11-10,{'BA.5.5': 1},1640177,1,1428716,7,5,False,1
node_189351,SRR17665262,SRR15519153,2021-11-24,2021-11-01,2021-07-30,{'AY.100': 2},927043,4,-1,2147483648,4,False,2
ERR6495233,ERR6492911,ERR6378012,2021-08-06,2021-08-06,2021-07-21,{'AY.4': 1},444171,1,444172,1,0,False,1
SRR16629291,SRR14152408,ERR13161706,2021-06-01,2021-03-13,2021-10-25,{'P.1': 1},308149,1,-1,2147483648,10,False,1
ERR7268953,ERR6300316,ERR7306072,2021-10-21,2021-07-02,2021-10-23,{'AY.4.2': 1},751632,1,751633,1,0,False,1
SRR19223783,ERR11761851,SRR19269878,2021-12-15,2021-07-16,2021-11-14,{'AY.4': 1},1028806,1,1028807,1,0,False,1
node_629736,SRR29412693,SRR29354160,2024-05-22,2024-05-31,2024-05-21,{'XDY': 3},1892436,3,1892436,0,2,True,3
node_188563,ERR6456337,ERR13153313,2021-10-20,2021-07-29,2021-07-30,{'AY.4': 2},747271,2,-1,2147483648,4,False,2
ERR6834240,ERR6654955,ERR11753645,2021-09-06,2021-08-28,2021-10-17,{'AY.4': 1},557240,1,557241,1,0,False,1
node_627497,ERR12554278,SRR26187605,2024-01-26,2024-01-02,2023-09-11,{'JN.1.1': 3},1882541,3,1882541,0,1,False,3
node_209135,ERR11761640,ERR6488272,2021-07-29,2021-07-12,2021-07-28,{'AY.5': 2},414734,2,414734,0,0,False,2
node_67755,ERR6678251,ERR6440908,2021-11-05,2021-08-30,2021-07-26,{'AY.4': 1},823843,1,823844,1,0,False,1
ERR6881205,node_246299,ERR6840063,2021-09-17,2021-11-14,2021-09-13,{'AY.112': 1},608474,1,-1,2147483648,7,False,1
node_233731,SRR20178201,SRR16245485,2021-11-11,2021-11-17,2021-09-10,{'AY.39': 1},859290,1,-1,2147483648,8,False,1
SRR19689862,SRR17497269,SRR19684011,2022-02-11,2021-12-23,2022-02-14,{'BA.1.1': 1},1246002,1,-1,2147483648,5,False,1
SRR15391759,SRR15490122,ERR6112499,2021-07-21,2021-08-02,2021-06-08,{'B.1.617.2': 1},386667,1,-1,2147483648,1,False,1
node_284735,SRR15272300,SRR15364261,2021-08-10,2021-07-12,2021-07-19,{'AY.25.1': 2},458680,2,458680,0,2,False,2
node_189665,SRR16837316,node_189686,2021-10-22,2021-10-14,2021-11-15,{'AY.117': 2},757015,2,-1,2147483648,1,False,2
SRR20145379,SRR20178654,SRR20251618,2021-12-05,2021-11-28,2021-11-10,{'AY.39': 1},982661,1,982662,1,0,False,1
ERR12554229,ERR12658154,ERR11779177,2023-12-18,2024-01-15,2023-07-18,{'JN.3': 1},1872433,1,1872434,1,0,False,1
node_197708,ERR11762596,ERR6490974,2021-09-01,2021-08-04,2021-08-06,{'AY.121': 18},369864,2411,-1,2147483648,2,False,18
SRR20178296,SRR19288276,ERR7707661,2021-11-18,2021-11-08,2021-11-15,{'AY.39': 1},896046,1,896047,1,0,False,1
node_188787,SRR23877689,SRR15390962,2021-11-05,2021-10-16,2021-07-15,{'AY.118': 2},825854,2,-1,2147483648,8,False,2
node_580575,ERR10231773,SRR22295736,2022-10-28,2022-09-13,2022-10-26,{'BA.2': 8},1613656,44307,1428716,8,2,False,8
node_204307,ERR12825155,ERR12838955,2021-08-01,2021-09-26,2021-10-12,{'AY.126': 417},3408320,435,-1,2147483648,2,False,417
SRR21716808,SRR21901196,SRR21559003,2022-09-11,2022-09-26,2022-08-31,{'BA.5.6': 1},1652169,1,1652170,1,0,False,1
SRR21889546,ERR10730923,SRR21868887,2022-09-28,2022-12-19,2022-09-21,{'BA.5.2': 1},1672309,1,1672310,1,0,False,1
node_723773,ERR9585254,ERR10000291,2022-06-17,2022-03-28,2022-07-05,{'BA.4': 25},1529090,25,1529091,1,0,False,25
node_338074,node_338073,SRR15585202,2021-08-31,2021-08-31,2021-08-09,{'AY.122': 1},533512,1,-1,2147483648,2,False,1
node_271483,SRR16750765,SRR16247625,2021-09-30,2021-10-04,2021-09-27,{'AY.103': 2},665559,2,-1,2147483648,5,False,2
node_311069,SRR17207240,ERR7942352,2021-12-09,2021-12-01,2021-12-30,{'AY.3': 4},1005609,4,-1,2147483648,4,False,4
node_226584,SRR15223470,SRR15775745,2021-07-12,2021-06-29,2021-08-17,{'AY.120.1': 47},168591,690,-1,2147483648,1,False,47
node_237862,node_188819,ERR6401011,2021-09-03,2021-09-14,2021-07-25,{'AY.118': 4},546976,6,-1,2147483648,4,False,4
node_88875,ERR6549487,ERR6472116,2021-08-23,2021-08-14,2021-08-03,{'AY.4': 14},495725,14,495726,1,0,False,14
node_344804,SRR17334156,ERR6445386,2021-12-04,2021-11-18,2021-07-16,{'AY.20': 3},895622,8,-1,2147483648,1,False,3
ERR7320673,ERR6928153,ERR6572774,2021-10-21,2021-09-29,2021-08-11,{'AY.4': 1},751984,1,751985,1,0,False,1
SRR16184898,node_264459,ERR6571333,2021-09-10,2021-09-10,2021-08-18,{'AY.103': 1},577774,1,-1,2147483648,7,False,1
SRR13925176,SRR25727637,node_32189,2020-06-26,2022-01-29,2020-06-26,{'B.1': 1},22143,1,-1,2147483648,6,False,1
node_544185,ERR8003918,ERR10711792,2022-04-02,2022-01-06,2022-03-14,{'BA.2': 3},1415651,3,1415652,1,0,False,3
node_188661,ERR6821719,SRR16351461,2021-10-11,2021-09-16,2021-09-15,{'AY.4': 1},708383,1,-1,2147483648,7,False,1
node_226588,ERR6373331,SRR17135676,2021-10-18,2021-07-18,2021-10-13,{'AY.120.1': 31},719418,32,-1,2147483648,5,False,31
ERR13159904,ERR13159128,ERR13149509,2021-07-17,2021-05-18,2021-04-12,{'P.1': 1},376385,1,376386,1,0,False,1
node_188772,SRR15386558,SRR15392137,2021-08-02,2021-07-23,2021-07-19,{'AY.118': 7},443856,16,-1,2147483648,7,False,7
ERR7236133,ERR7164399,ERR7238349,2021-10-18,2021-10-16,2021-10-19,{'AY.4': 1},737088,1,-1,2147483648,7,False,1
SRR15916348,SRR15199752,SRR15893851,2021-08-11,2021-06-30,2021-07-26,{'AY.107': 1},462440,1,462441,1,0,False,1
SRR20189663,SRR17207556,ERR6440908,2021-12-08,2021-12-01,2021-07-26,{'AY.100': 1},1000837,1,-1,2147483648,7,False,1
SRR17647498,SRR19255803,SRR16238327,2021-12-16,2021-12-19,2021-09-09,{'B.1.617.2': 1},1032505,1,1032506,1,0,False,1
node_585845,ERR8681666,node_585840,2023-01-12,2022-02-11,2023-01-12,{'CH.1.1.24': 29},1757942,33,1745732,1,0,False,29
ERR10425664,node_693907,ERR10151045,2022-10-04,2022-07-19,2022-08-15,{'BA.5.2.1': 1},1677411,1,1428716,7,5,False,1
node_544099,ERR10373091,ERR9380439,2022-01-29,2022-02-18,2022-03-14,"{'BA.1': 2, 'BA.1.1': 1, 'BA.2': 3}",965896,552721,-1,2147483648,1,False,6
node_269742,node_269739,ERR7041848,2021-09-07,2021-09-07,2021-09-23,{'AY.103': 3},562577,3,562578,1,0,False,3
SRR20261679,SRR20938979,SRR15230406,2021-11-14,2021-11-30,2021-06-17,{'AY.39': 1},873960,2,-1,2147483648,6,False,1
node_189456,SRR21182680,SRR15628951,2021-10-06,2021-11-06,2021-08-05,{'AY.100': 2},687800,2,-1,2147483648,1,False,2
ERR6785047,node_230401,SRR15556930,2021-09-10,2021-09-10,2021-08-03,{'AY.120': 1},575729,1,-1,2147483648,5,False,1
node_186258,ERR13160269,node_189602,2021-10-15,2021-08-03,2021-12-06,{'AY.100': 30},734905,39,-1,2147483648,4,False,30
ERR6882997,ERR6816488,SRR15916348,2021-09-19,2021-09-14,2021-08-11,{'AY.4': 1},616645,1,-1,2147483648,7,False,1
node_205941,ERR6378038,ERR7138401,2021-11-08,2021-07-21,2021-10-13,{'AY.5': 2},838162,2,838162,0,1,False,2
ERR7584913,ERR7305190,ERR7575779,2021-11-10,2021-10-21,2021-11-10,{'AY.4': 1},852090,1,852091,1,0,False,1
node_189554,SRR16380706,SRR17377799,2021-11-10,2021-09-19,2021-11-14,{'AY.100': 3},847453,5,-1,2147483648,1,False,3
ERR12118131,SRR26722381,ERR13053855,2023-09-23,2023-09-04,2023-11-27,{'XBB.1.9': 1},1844728,1,1844729,1,0,True,1
node_345084,SRR16380772,SRR15199951,2021-09-29,2021-09-17,2021-06-25,{'AY.20': 1},661355,1,-1,2147483648,8,False,1
SRR20177943,SRR20178192,ERR7011305,2021-11-15,2021-11-17,2021-09-29,{'AY.117': 1},879063,3,879064,1,0,False,1
SRR20111223,ERR9483503,ERR8135413,2022-05-09,2022-03-24,2022-01-15,{'BA.2': 1},1477048,1,1477049,1,0,False,1
node_188320,ERR13182720,ERR11755369,2021-09-30,2021-08-22,2021-10-21,{'AY.4': 2},471315,2560,-1,2147483648,1,False,2
SRR20254302,SRR16659863,SRR15985606,2021-10-14,2021-09-29,2021-09-04,{'AY.39': 1},723517,1,-1,2147483648,11,False,1
ERR7367241,ERR7255800,SRR17267745,2021-11-05,2021-11-01,2021-11-08,{'AY.4': 1},823799,1,823800,1,0,False,1
SRR21220913,SRR21272320,SRR21032815,2022-08-04,2022-07-31,2022-07-26,{'BA.5.6': 1},1608425,1,1608426,1,0,False,1
ERR4760005,ERR4699761,ERR4615901,2020-09-30,2020-10-05,2020-08-30,{'B.1.177': 1},38792,1,38793,1,0,False,1
ERR6999528,ERR6553899,node_189382,2021-09-15,2021-08-15,2021-08-02,{'AY.4': 1},599489,1,-1,2147483648,4,False,1
SRR16153568,SRR16214072,ERR13153313,2021-08-31,2021-08-27,2021-07-30,{'AY.113': 1},533730,1,373989,2,4,False,1
SRR20178527,SRR21045486,ERR6301712,2021-11-19,2021-11-01,2021-06-29,{'AY.100': 1},900829,1,-1,2147483648,5,False,1
node_90305,ERR6899496,ERR6440908,2021-10-21,2021-09-23,2021-07-26,{'AY.4': 1},751913,1,751914,1,0,False,1
node_739587,ERR11748467,ERR12904440,2022-04-18,2022-05-24,2022-02-06,{'BA.2': 2},1444447,2,1444447,0,0,False,2
ERR6887909,ERR6551687,ERR6345513,2021-09-19,2021-08-13,2021-07-09,{'AY.4': 1},616685,1,-1,2147483648,5,False,1
ERR10445631,SRR19940948,SRR21146090,2022-10-06,2022-06-07,2022-07-30,{'BA.5.6': 1},1679226,1,1679227,1,0,False,1
node_318773,SRR16223982,ERR13159242,2021-11-03,2021-09-09,2021-07-05,{'AY.44': 2},815558,2,815559,1,0,False,2
node_188312,ERR6532142,ERR13153313,2021-09-12,2021-08-11,2021-07-30,{'AY.4': 1},584674,1,584675,1,0,False,1
node_190206,SRR20251447,ERR11742327,2021-11-11,2021-11-11,2021-09-23,{'AY.113': 2},887258,2,-1,2147483648,4,False,2
SRR14399101,SRR11578127,SRR14380714,2021-03-13,2020-03-27,2021-03-31,{'B.1.1.519': 1},199307,1,-1,2147483648,1,False,1
ERR8248180,ERR7527468,ERR7239088,2021-12-09,2021-11-20,2021-10-08,{'AY.4': 1},1004547,1,-1,2147483648,4,False,1
SRR20258765,SRR16766019,SRR16829649,2021-10-18,2021-10-06,2021-10-09,{'AY.3': 1},739448,1,-1,2147483648,4,False,1
SRR25693019,node_626429,SRR23055305,2023-05-13,2023-05-13,2023-01-02,{'XBB.1.9.1': 1},1820307,1,1673437,7,7,True,1
node_224723,ERR7802481,ERR7515537,2021-12-08,2021-12-03,2021-11-18,{'AY.43': 2},999016,2,-1,2147483648,5,False,2
node_190119,SRR17022816,SRR15391344,2021-10-12,2021-10-21,2021-07-16,{'AY.113': 4},715031,40,373989,1,7,False,4
SRR20117186,SRR17625230,SRR20180237,2021-12-15,2021-12-22,2021-11-26,{'AY.100': 1},1029026,3,-1,2147483648,7,False,1
node_189683,SRR16211747,SRR20234417,2021-11-02,2021-09-24,2021-11-03,{'AY.117': 1},808704,1,808705,1,0,False,1
ERR7375921,ERR7003543,ERR6568434,2021-11-07,2021-09-23,2021-08-08,{'AY.4': 1},832279,1,-1,2147483648,4,False,1
node_637847,SRR20490796,SRR21504496,2022-09-05,2022-07-01,2022-08-01,{'BA.5.1.18': 2},1646115,2,1646115,0,0,False,2
node_684295,ERR10003917,ERR10086602,2022-05-30,2022-07-08,2022-07-28,{'BA.5.2.1': 6},871728,1294334,-1,2147483648,64,False,6
SRR16317567,SRR15554913,SRR20694518,2021-08-10,2021-08-04,2020-11-15,{'AY.13': 1},459675,1,-1,2147483648,5,False,1
node_679361,node_679360,ERR10000143,2022-08-08,2022-08-08,2022-07-05,{'BA.4.6': 1},1611808,1,-1,2147483648,5,False,1
ERR7321264,ERR6873338,ERR6440908,2021-10-16,2021-09-21,2021-07-26,{'AY.4': 1},730151,1,-1,2147483648,8,False,1
SRR16778318,SRR16606821,ERR6930231,2021-10-21,2021-09-28,2021-09-28,{'AY.118': 1},752217,1,-1,2147483648,9,False,1
SRR20179132,SRR17329004,SRR16689807,2021-11-26,2021-11-29,2021-09-30,{'AY.125': 1},935777,1,935778,1,0,False,1
SRR17187152,SRR17107284,SRR17166486,2021-11-30,2021-11-17,2021-11-22,{'AY.100': 1},957409,1,-1,2147483648,4,False,1
node_188931,SRR17136513,SRR20186943,2021-11-10,2021-10-22,2021-12-05,{'AY.39': 3},1002578,3,-1,2147483648,5,False,3
node_188487,ERR6571500,ERR11754076,2021-09-26,2021-08-08,2021-10-17,{'AY.4.2': 1},646794,1,646795,1,0,False,1
SRR21266624,SRR16884534,ERR7239527,2021-12-08,2021-10-29,2021-10-16,{'AY.116.1': 1},1002444,1,1002445,1,0,False,1
ERR13175818,ERR10003590,SRR21792689,2022-12-19,2022-07-08,2022-09-19,{'BA.5.3.1': 1},1728248,1,1728249,1,0,False,1
ERR7310754,ERR9770513,SRR20233568,2021-10-19,2021-12-15,2021-11-02,{'AY.121': 1},742963,1,-1,2147483648,2,False,1
SRR16307205,SRR15985176,SRR20250176,2021-09-13,2021-09-04,2021-11-10,{'AY.39': 1},591425,1,-1,2147483648,7,False,1
SRR18047211,ERR11757228,ERR13167258,2021-12-21,2021-12-15,2022-01-17,{'BA.1.17.2': 1},1047822,3,-1,2147483648,4,False,1
ERR8037512,ERR7653780,ERR7802481,2022-01-08,2021-11-30,2021-12-03,{'AY.43': 1},1092949,1,-1,2147483648,6,False,1
ERR10983471,ERR10965153,ERR10910673,2023-02-27,2023-02-21,2023-02-04,{'XBB.2.3.13': 1},1781740,1,1673437,6,7,True,1
SRR20263707,SRR20263708,SRR20247144,2021-11-23,2021-11-23,2021-10-27,{'AY.113': 1},922006,1,752882,2,6,False,1
SRR26256643,SRR25643103,ERR12481849,2023-09-14,2023-07-29,2023-12-07,{'XBB.1.16.11': 1},1841632,1,1841633,1,0,True,1
ERR7142322,ERR12853205,ERR7239088,2021-10-07,2021-11-19,2021-10-08,{'AY.98': 1},691638,1,-1,2147483648,4,False,1
node_679812,node_679665,SRR19723383,2022-07-26,2022-07-07,2022-05-29,{'BF.1': 1},1593847,1,1593848,1,0,False,1
node_189840,SRR16607089,SRR15391358,2021-12-15,2021-10-14,2021-07-16,{'AY.119': 1},1029175,1,1029176,1,0,False,1
ERR10931828,ERR10666779,ERR10932736,2023-01-29,2022-11-29,2023-02-13,{'CH.1.1': 1},1755639,1,1755640,1,0,False,1
node_619196,SRR26938414,SRR27149638,2023-11-22,2023-11-06,2023-10-27,{'HK.19': 2},1863038,2,1863039,1,0,False,2
node_237434,node_237433,SRR21266227,2021-12-07,2021-12-07,2021-12-16,{'AY.118': 2},995152,2,-1,2147483648,7,False,2
SRR20261293,SRR20768963,SRR15199972,2021-11-13,2021-10-23,2021-06-25,{'AY.39': 1},869672,1,869673,1,0,False,1
SRR26556244,SRR26556649,SRR27106473,2023-10-11,2023-10-13,2023-11-22,{'XBB.1.5.70': 1},1850440,1,1850441,1,0,True,1
node_182112,SRR16307618,SRR20179774,2021-09-17,2021-09-14,2021-12-13,{'AY.100': 1},609274,1,-1,2147483648,8,False,1
SRR20226343,SRR16752881,SRR16527246,2021-11-02,2021-10-03,2021-09-27,{'AY.39': 1},808452,1,808453,1,0,False,1
ERR5220706,ERR5039840,ERR5198311,2021-01-16,2020-12-15,2021-01-13,{'B.1.177': 1},112684,1,112685,1,0,False,1
ERR7707958,ERR7306712,ERR6488595,2021-11-12,2021-10-28,2021-08-01,{'AY.36': 1},863851,1,863852,1,0,False,1
ERR7149619,ERR6932695,ERR6440908,2021-10-06,2021-09-28,2021-07-26,{'AY.4': 1},686639,1,686640,1,0,False,1
node_235091,SRR15893776,node_235089,2021-07-22,2021-07-26,2021-07-22,{'AY.39': 5},389802,6,-1,2147483648,5,False,5
node_699913,SRR21212074,ERR10019782,2022-07-11,2022-08-11,2022-07-06,{'BA.2.12.1': 2},1565504,2,1565504,0,1,False,2
node_21936,SRR16620947,SRR14155002,2021-05-01,2021-05-11,2021-03-16,{'B.1.526': 3},277189,3,277190,1,0,False,3
ERR8198202,ERR7559407,ERR6761066,2021-12-10,2021-11-24,2021-08-31,{'AY.4.2.2': 1},1008394,1,-1,2147483648,7,False,1
node_234663,SRR17117337,ERR7232760,2021-11-23,2021-11-17,2021-10-16,{'AY.39': 3},921875,3,-1,2147483648,7,False,3
node_777954,ERR4308011,ERR4653345,2020-10-22,2020-05-01,2020-09-16,{'B.1.1.308': 2},49405,2,49406,1,0,False,2
node_181757,SRR17135384,node_189377,2021-10-24,2021-10-26,2021-10-16,{'AY.100': 3},764303,3,764303,0,2,False,3
node_200299,SRR16809979,SRR16606679,2021-11-03,2021-10-23,2021-09-28,{'AY.119': 3},843619,3,-1,2147483648,7,False,3
node_618356,ERR12145887,SRR25704204,2023-10-20,2023-10-10,2023-08-01,{'EG.5.1.1': 2},1853707,2,1852912,1,0,False,2
node_778645,ERR4307909,ERR4238502,2020-04-29,2020-04-24,2020-05-08,{'B.1.1.29': 23},13055,24,-1,2147483648,5,False,23
ERR10427736,ERR10000160,ERR10446641,2022-10-12,2022-07-06,2022-10-17,{'BF.7.13': 1},1685058,1,1685059,1,0,False,1
node_189849,node_198316,ERR13153313,2021-10-19,2021-10-22,2021-07-30,{'AY.119.2': 2},3404002,2,609342,3,1,False,2
SRR21450704,ERR13012827,SRR21509452,2022-08-22,2022-10-14,2022-08-01,{'BA.5.2': 1},1629129,1,1629130,1,0,False,1
SRR22239683,node_674486,SRR21450837,2022-10-22,2022-08-08,2022-08-22,{'BE.1.4': 1},1694389,1,1694390,1,0,False,1
node_188896,SRR16593420,SRR15313765,2021-09-28,2021-09-30,2021-07-23,{'AY.39.1': 1},655525,30,-1,2147483648,5,False,1
SRR22344807,ERR10627125,SRR21270235,2022-11-01,2022-11-01,2022-08-01,{'BF.14': 1},1701631,1,1701632,1,0,False,1
SRR20264259,SRR16923772,ERR7707661,2021-11-23,2021-11-03,2021-11-15,{'AY.39': 1},922130,1,922131,1,0,False,1
ERR9908351,ERR10003741,ERR10000256,2022-06-23,2022-07-08,2022-07-01,{'BA.2': 1},1535266,1,1535267,1,0,False,1
SRR19684011,SRR19831460,SRR19683454,2022-02-14,2022-02-08,2022-02-14,{'BA.1.1': 1},1260188,1,-1,2147483648,7,False,1
SRR16008981,SRR15003865,SRR16008906,2021-07-06,2021-05-19,2021-06-07,{'B.1.351': 1},354521,1,354522,1,0,False,1
ERR11472570,ERR11177671,ERR11757451,2023-05-05,2023-03-20,2023-05-15,{'FL.9': 1},1818413,1,1673437,11,6,False,1
node_222918,ERR6580674,ERR6550190,2021-09-23,2021-08-19,2021-08-13,{'AY.4': 3},633728,3,633729,1,0,False,3
ERR6757351,ERR11761512,ERR6699085,2021-08-24,2021-07-10,2021-08-12,{'AY.43': 1},500746,1,-1,2147483648,4,False,1
ERR6495467,ERR6638233,ERR6112499,2021-08-07,2021-08-06,2021-06-08,{'AY.4': 1},447837,1,-1,2147483648,4,False,1
SRR27482619,ERR12551144,SRR26976456,2023-12-11,2023-12-13,2023-11-15,{'HV.1': 1},1870230,1,1870231,1,0,False,1
node_189922,SRR16345199,SRR15391358,2021-10-17,2021-09-18,2021-07-16,{'AY.119': 5},734151,5,-1,2147483648,4,False,5
node_627490,node_627489,ERR11556708,2023-10-18,2023-10-18,2023-05-29,"{'JN.1': 7448, 'JN.1.42': 263, 'JN.1.1': 1571, 'JN.1.4': 4741, 'JN.1.32': 119, 'JN.1.43.1': 92, 'JN.1.16.1': 61, 'JN.1.42.2': 12, 'JN.1.30': 27, 'BA.2.86.1': 656, 'KP.2.6': 1, 'KP.1.1.3': 36, 'JN.1.11': 39, 'JN.1.31': 93, 'JN.1.7': 570, 'JN.1.4.5': 1030, 'JN.1.8': 151, 'JN.1.8.1': 586, 'JN.1.6': 186, 'JN.18': 160, 'KP.3.1': 90, 'JN.1.13.1': 221, 'KP.1.1.1': 70, 'JN.3.3': 47, 'JN.1.16': 100, 'KP.2.2': 64, 'JN.1.60': 21, 'JN.1.4.2': 260, 'KP.1.1': 65, 'JN.1.9': 289, 'XDD.1.1.1': 7, 'JN.1.5': 63, 'XDK': 47, 'JN.1.2': 241, 'XDP.1': 32, 'JN.3': 98, 'JQ.1': 103, 'JN.1.4.1': 25, 'JN.1.38': 130, 'JN.1.59': 32, 'XDP': 80, 'JN.1.39': 452, 'JN.1.1.1': 33, 'KP.2.3': 171, 'KP.2.3.3': 3, 'KP.2': 214, 'JN.1.45': 156, 'XDD': 68, 'JN.1.19': 218, 'JN.1.22': 233, 'JN.1.18': 171, 'LF.4': 4, 'KR.1': 27, 'JN.1.43': 158, 'JN.1.55': 29, 'JN.1.7.3': 7, 'JN.1.3': 32, 'JN.7': 83, 'JN.1.34': 25, 'KP.3.3': 57, 'JN.1.6.1': 28, 'JN.1.11.1': 53, 'JN.1.52': 67, 'JN.1.4.8': 29, 'JN.1.28': 14, 'JQ.2.1': 7, 'JN.2': 206, 'JN.1.41': 58, 'JN.1.24': 25, 'LB.1': 42, 'JN.1.7.5': 178, 'XDD.2': 1, 'KS.1': 78, 'JN.1.17': 42, 'JN.1.57': 5, 'JN.10': 31, 'XDP.3': 15, 'JN.1.35': 2, 'JN.1.14': 14, 'XDK.1': 12, 'JN.1.64': 43, 'JN.1.18.6': 3, 'JN.1.8.3': 72, 'KV.2': 147, 'JN.1.16.2': 4, 'KP.4.2': 10, 'JN.1.18.2': 18, 'KP.3.1.4': 46, 'JN.6': 69, 'JN.1.65': 5, 'JN.1.4.6': 64, 'JN.2.2': 13, 'JN.1.1.7': 15, 'JN.1.29': 59, 'JN.2.3': 37, 'XDD.1': 17, 'JN.2.5': 5, 'LB.1.7': 35, 'LP.1.1': 5, 'JN.1.10': 4, 'KP.3.2.4': 83, 'BA.2.86.2': 16, 'KP.3.1.1': 25, 'JN.9': 32, 'JN.1.4.3': 51, 'LN.1.1': 5, 'JN.1.47.2': 61, 'JN.1.46': 119, 'JN.1.37': 13, 'JN.1.20': 23, 'LH.2': 4, 'JN.1.21': 19, 'KQ.1': 86, 'KP.5': 9, 'JN.1.7.2': 64, 'KV.1': 1, 'JN.1.18.3': 22, 'XDK.5': 9, 'LJ.1': 10, 'XDD.3': 2, 'JN.1.25': 7, 'LB.1.3': 43, 'KW.1.1': 13, 'KU.1': 3, 'JN.1.1.2': 11, 'JN.1.47': 55, 'JN.2.1': 3, 'JN.1.24.1': 3, 'JN.13.1': 8, 'JN.1.44': 23, 'JN.1.64.1': 10, 'JN.1.54': 15, 'JN.1.49.1': 6, 'JN.1.53.1': 12, 'LB.1.4': 22, 'JN.1.42.1': 6, 'JN.1.58': 17, 'JN.1.4.7': 54, 'JN.1.39.3': 14, 'LF.4.1': 6, 'LA.1': 21, 'KP.4.1': 29, 'KP.3.2.3': 11, 'KP.2.5': 5, 'JN.1.26': 10, 'KY.1': 1, 'LB.1.8': 7, 'KP.4': 6, 'KP.3.1.5': 4, 'JN.1.1.6': 11, 'JN.4': 39, 'JN.1.9.1': 7, 'JN.1.44.1': 1, 'JN.1.50': 8, 'KP.3.1.6': 11, 'JN.1.13': 9, 'ML.2': 1, 'KP.1': 15, 'KP.2.15': 13, 'LK.1': 2, 'JN.1.54.1': 2, 'JN.1.1.5': 13, 'KS.1.1': 9, 'JN.1.1.4': 10, 'KP.3.2': 31, 'JN.2.4': 1, 'JN.1.8.2': 9, 'LL.1': 23, 'XDD.1.1': 17, 'JN.1.1.3': 14, 'LF.5': 8, 'XDK.4.1': 8, 'JN.1.27': 16, 'JN.1.63': 14, 'KR.1.1': 11, 'JN.11': 42, 'JN.1.4.4': 20, 'JN.1.51': 9, 'MD.1.1': 7, 'JN.1.49': 19, 'JN.1.30.1': 5, 'KP.2.14': 1, 'JN.1.39.2': 5, 'LF.1': 13, 'BA.2.86.6': 2, 'LF.1.1': 5, 'KP.1.2': 13, 'JN.13': 12, 'KW.1': 8, 'LP.1': 17, 'BA.2.86.3': 11, 'LB.1.2': 5, 'KP.4.2.1': 3, 'LB.1.3.1': 3, 'LB.1.3.2': 9, 'JN.1.48': 7, 'LF.1.1.1': 12, 'JN.1.25.1': 3, 'JN.1.57.1': 4, 'JN.1.62': 11, 'JN.1.61': 3, 'XEB': 9, 'JN.1.51.1': 5, 'KZ.1.1': 2, 'LE.1': 8, 'JN.1.32.1': 14, 'JN.1.7.9': 2, 'XDR': 6, 'LV.1': 10, 'JN.1.1.10': 13, 'JN.1.56': 6, 'KP.3': 25, 'KP.3.5': 6, 'JN.1.15': 9, 'LB.1.7.1': 1, 'KZ.1': 2, 'LW.1': 5, 'BA.2.86': 14, 'JN.1.36': 2, 'JN.1.53': 22, 'LC.1': 1, 'JN.1.2.1': 1, 'MK.2': 4, 'JQ.2.1.1': 1, 'KP.2.13': 2, 'JN.1.16.3': 7, 'LQ.1.1': 11, 'LF.3.1': 5, 'JN.1.40': 6, 'JN.1.55.2': 1, 'KP.2.9': 1, 'JN.16': 3, 'JN.1.50.1': 7, 'KW.1.1.1': 1, 'LK.2.1': 2, 'JN.1.63.1': 2, 'JN.1.58.3': 2, 'LP.3': 2, 'MA.1': 4, 'KP.1.1.4': 1, 'KP.2.1': 9, 'XDY': 3, 'LF.3.1.1': 5, 'KP.3.3.3': 6, 'JN.5': 8, 'JN.1.48.3': 3, 'KP.4.2.2': 4, 'JN.1.48.2': 1, 'JN.1.48.1': 1, 'JN.1.7.1': 9, 'JN.1.50.2': 2, 'JN.1.47.1': 5, 'LA.2': 1, 'LR.1': 1, 'KP.2.3.1': 1, 'KP.3.2.2': 3, 'LY.2': 1, 'JN.1.18.4': 1, 'KP.2.10': 4, 'KS.1.3': 2, 'KP.1.1.5': 6, 'KP.3.4': 3, 'JN.1.28.1': 4, 'JN.1.29.1': 1, 'XDP.2': 1, 'MM.1': 3, 'KP.2.7': 5, 'LE.1.1': 4, 'LM.1': 1, 'LY.1': 1, 'JN.1.65.1': 5, 'KP.3.1.2': 3, 'MF.1': 4, 'KP.4.1.1': 2, 'KP.2.16': 5, 'KU.2': 5, 'JN.14': 1, 'JN.1.23': 8, 'XDK.3': 2, 'XDK.1.2': 4, 'KP.3.2.1': 2, 'LB.1.2.1': 2, 'JN.1.12': 1, 'LF.3': 1, 'JN.1.55.1': 2, 'LQ.1': 1, 'MH.1': 1, 'KP.2.8': 1, 'XDK.4': 2, 'LU.2': 1, 'JN.1.7.7': 2, 'BA.2.86.7': 1, 'LQ.3': 1, 'KP.4.1.2': 1, 'JN.8': 1, 'LH.1': 1, 'BA.2.86.4': 1, 'JN.1.9.2': 1, 'JN.1.23.1': 1, 'MD.2': 1, 'JN.1.39.1': 3, 'KP.3.2.5': 1}",871726,858794,-1,2147483648,1,True,25669
node_188738,ERR11755155,node_188252,2021-10-20,2021-10-18,2021-07-13,{'AY.4': 1},747229,1,-1,2147483648,5,False,1
ERR7005088,ERR7043319,ERR7001504,2021-09-15,2021-09-22,2021-09-15,{'AY.4': 1},599625,1,-1,2147483648,4,False,1
node_542874,DRR318759,SRR18279402,2022-02-24,2020-05-03,2022-02-22,{'BA.1.18': 1},3068960,1,1232639,4,0,False,1
SRR20246692,SRR16779361,ERR6440908,2021-10-23,2021-10-06,2021-07-26,{'AY.100': 1},761048,1,761049,1,0,False,1
SRR20189257,SRR20117901,SRR16706744,2021-12-07,2021-12-11,2021-10-06,{'AY.100': 1},995164,1,687566,3,4,False,1
SRR15314696,ERR9899378,ERR13163820,2021-07-26,2021-07-27,2021-11-24,{'AY.26': 1},403368,1,-1,2147483648,10,False,1
ERR7321236,ERR7301725,ERR13153313,2021-10-27,2021-10-27,2021-07-30,{'AY.4': 1},778380,1,500239,3,4,False,1
SRR16307219,node_234591,SRR16381073,2021-09-12,2021-11-16,2021-09-20,{'AY.39': 1},586258,2,-1,2147483648,5,False,1
ERR7231659,ERR6445757,ERR7401468,2021-10-12,2021-07-14,2021-11-08,{'AY.126': 1},713802,1,713803,1,0,False,1
ERR6630526,ERR6493456,ERR6633844,2021-08-27,2021-08-01,2021-08-20,{'AY.36': 1},513359,1,513360,1,0,False,1
SRR15491121,ERR13149512,SRR15391298,2021-07-31,2021-04-21,2021-07-17,{'P.1': 1},421769,1,-1,2147483648,1,False,1
SRR17445040,node_360143,ERR11852532,2021-07-15,2021-07-15,2021-08-23,{'AY.67': 1},371401,1,371402,1,0,False,1
SRR16008906,SRR13620291,SRR16008981,2021-06-07,2020-11-24,2021-07-06,{'B.1.351': 1},314899,2,-1,2147483648,7,False,1
node_189479,SRR16557045,ERR6491956,2021-09-16,2021-09-29,2021-07-21,{'AY.100': 2},604978,2,-1,2147483648,4,False,2
ERR7307567,node_188363,ERR6906813,2021-10-18,2021-10-11,2021-09-24,{'AY.4': 1},737350,1,737351,1,0,False,1
SRR19223070,SRR17647461,node_174216,2021-12-15,2021-11-24,2021-08-29,{'AY.3': 1},1028592,1,1028593,1,0,False,1
ERR7310305,ERR7284317,ERR13153313,2021-11-02,2021-10-27,2021-07-30,{'AY.4': 1},805598,1,805599,1,0,False,1
node_189356,SRR15391634,SRR16807854,2021-12-04,2021-07-22,2021-10-27,{'AY.100': 2},978056,2,978056,0,3,False,2
node_186589,node_189592,ERR6450348,2021-09-18,2021-10-08,2021-07-03,{'AY.100': 2},613951,2,-1,2147483648,3,False,2
SRR20117083,SRR20116837,SRR15391358,2021-12-15,2021-12-13,2021-07-16,{'AY.119': 1},1028975,1,1028976,1,0,False,1
node_188960,SRR15948690,SRR15391404,2021-08-31,2021-08-18,2021-07-16,{'AY.39': 1},2377042,1,-1,2147483648,6,False,1
ERR13083874,ERR13093315,ERR13083675,2022-04-22,2022-03-28,2022-04-22,{'BA.2.3': 1},1453118,1,1453119,1,0,False,1
node_237990,node_188839,ERR7202915,2021-08-25,2021-10-31,2021-10-10,{'AY.118': 5},506051,6,-1,2147483648,4,False,5
node_756756,ERR11747316,ERR9482362,2022-04-14,2022-03-29,2022-03-22,{'BA.2.56': 2},1436065,2,1436065,0,0,False,2
node_627478,ERR10731720,ERR13018790,2022-12-07,2022-12-12,2022-11-14,{'XBV': 3},1719441,3,1719442,1,0,True,3
node_190213,ERR6393255,SRR19286035,2021-12-13,2021-07-21,2021-12-21,{'AY.113': 3},1034272,3,-1,2147483648,5,False,3
node_204874,node_204585,ERR12820555,2021-07-30,2021-07-20,2021-08-15,{'AY.126': 1888},419537,2165,-1,2147483648,1,False,1888
ERR7229850,ERR7178122,ERR6434734,2021-10-16,2021-10-18,2021-07-30,{'AY.4': 1},729777,8,-1,2147483648,4,False,1
ERR7715835,ERR7369199,ERR7352054,2021-11-12,2021-10-30,2021-11-04,{'AY.98': 1},863886,1,863887,1,0,False,1
node_236264,SRR20145098,SRR16386077,2021-11-28,2021-12-03,2021-09-19,{'AY.39': 2},946236,2,-1,2147483648,4,False,2
node_188522,SRR16637012,ERR13153313,2021-10-06,2021-10-05,2021-07-30,{'AY.4': 14},675591,91,-1,2147483648,1,False,14
node_49126,ERR6105556,ERR6771419,2021-11-26,2021-06-09,2021-09-06,{'AY.4': 2},936984,2,936985,1,0,False,2
SRR28273281,node_633545,ERR13076974,2024-02-12,2024-02-12,2023-11-20,{'JN.1.7': 1},1886220,1,1854739,12,5,False,1
node_466323,SRR17418968,ERR8962590,2022-01-20,2021-12-17,2022-02-15,{'BA.1.1': 1},1137350,1,-1,2147483648,5,False,1
ERR7239993,ERR6800173,SRR15629155,2021-10-16,2021-09-12,2021-08-06,{'B.1.617.2': 1},729835,1,729836,1,0,False,1
node_701774,ERR10482107,ERR10426737,2022-12-20,2022-11-04,2022-10-12,{'XBR': 3},1745437,3,1729101,1,0,True,3
node_179638,SRR15946118,SRR20263442,2021-11-01,2021-09-03,2021-11-24,{'AY.100': 24},167127,1241012,-1,2147483648,1,False,24
SRR12338410,ERR8288938,SRR26241865,2020-07-14,2022-01-23,2020-06-05,{'B.1.381': 1},24299,1,-1,2147483648,7,False,1
SRR21370028,ERR10000006,node_721416,2022-08-14,2022-07-02,2022-10-07,{'BA.5.2': 1},1619700,1,1619701,1,0,False,1
node_46557,ERR13159871,SRR15271093,2021-07-31,2021-07-20,2021-07-16,{'AY.103': 2},422660,2,422661,1,0,False,2
ERR9380129,ERR9560418,ERR9367984,2022-03-15,2022-03-07,2022-03-12,{'BA.2': 1},1358448,1,1358449,1,0,False,1
node_446720,ERR8643872,ERR11847675,2022-01-02,2022-02-08,2021-12-30,{'BA.1.15': 1},1077499,1,-1,2147483648,1,False,1
node_189155,node_189135,node_236448,2021-10-12,2021-11-15,2021-11-14,{'AY.39': 3},715157,3,-1,2147483648,5,False,3
SRR20186719,SRR20940284,SRR15391719,2021-12-06,2021-12-07,2021-07-21,{'AY.119.2': 1},988709,2,-1,2147483648,5,False,1
ERR6571333,ERR7471760,ERR7152210,2021-08-18,2021-11-11,2021-10-10,{'AY.4': 1},479881,3,-1,2147483648,0,False,1
node_741793,ERR11485560,ERR12035101,2022-06-03,2022-06-21,2022-04-29,{'BA.2': 8},1508498,8,1508499,1,0,False,8
node_678405,SRR20637762,ERR10118699,2022-07-25,2022-07-03,2022-07-29,{'BA.5.6': 2},1590895,2,1590895,0,2,False,2
ERR11728410,ERR11254845,ERR10910673,2023-03-09,2023-02-22,2023-02-04,{'XBB.1.5.99': 1},1790816,1,1673437,9,0,True,1
ERR7302919,ERR6548822,ERR6440908,2021-10-27,2021-08-12,2021-07-26,{'AY.4': 1},778261,1,778262,1,0,False,1
SRR26637391,ERR13048793,SRR26304625,2023-10-19,2023-09-25,2023-09-20,{'EG.5.1.3': 1},1852549,1,1673437,16,6,False,1
node_188794,SRR19301953,SRR15199928,2021-12-07,2021-12-14,2021-06-25,{'AY.118': 1},995094,1,-1,2147483648,8,False,1
node_104141,ERR7171151,ERR6999202,2021-10-24,2021-10-16,2021-09-27,{'AY.4.2': 2},763893,2,729324,2,7,False,2
node_739327,node_739324,SRR18780709,2022-02-22,2022-02-22,2022-03-07,{'BA.2': 8},1292884,8,1292884,0,0,False,8
node_190838,SRR16706799,SRR15201298,2021-09-30,2021-10-05,2021-07-09,{'AY.114': 11},665381,11,-1,2147483648,4,False,11
node_724450,ERR10005669,SRR21275739,2022-07-06,2022-07-18,2022-07-25,{'BA.4': 2},1556222,2,1556223,1,0,False,2
ERR12969702,ERR11795241,ERR10123385,2022-08-02,2021-12-21,2022-08-14,{'BA.4': 1},1606049,1,1606050,1,0,False,1
SRR20249587,SRR16692513,ERR6828874,2021-11-09,2021-10-22,2021-09-09,{'AY.119': 1},847175,1,847176,1,0,False,1
node_189205,node_345021,ERR6112499,2021-10-17,2021-09-22,2021-06-08,{'AY.20': 12},167127,1241012,-1,2147483648,1,False,12
node_594274,ERR11008276,ERR10560448,2023-03-13,2023-02-24,2022-11-23,{'XBB.1.5': 5},1793238,5,1793239,1,0,True,5
SRR14627955,SRR14392151,SRR14792089,2021-05-08,2021-04-11,2021-05-07,{'P.1': 1},284625,1,284626,1,0,False,1
node_519745,ERR7792017,ERR11795518,2021-12-26,2021-12-10,2021-12-27,{'BA.1.17.2': 10},903389,58944,-1,2147483648,1,False,10
ERR7109126,ERR6735330,ERR6300316,2021-10-09,2021-09-06,2021-07-02,{'AY.4': 1},700508,1,-1,2147483648,4,False,1
SRR20261476,SRR16923495,SRR16161553,2021-11-12,2021-11-03,2021-09-01,{'AY.103': 1},865025,1,-1,2147483648,4,False,1
SRR20254400,SRR16384577,SRR16829649,2021-10-16,2021-09-20,2021-10-09,{'AY.25.1': 1},730927,1,-1,2147483648,5,False,1
SRR19045749,SRR19266550,SRR16328596,2021-12-26,2021-11-20,2021-09-07,{'AY.3': 1},1058918,1,-1,2147483648,7,False,1
node_346249,ERR7036425,ERR11754885,2021-10-24,2021-10-05,2021-10-19,{'AY.4': 2},763622,2,763622,0,0,False,2
node_237763,SRR16927733,ERR6492325,2021-10-19,2021-10-14,2021-08-07,{'AY.118': 11},723381,76,-1,2147483648,1,False,11
node_189349,SRR20177845,SRR17310671,2021-12-01,2021-11-14,2021-12-03,{'AY.100': 4},963634,4,963634,0,0,False,4
SRR15922902,SRR15590841,SRR20762889,2021-08-31,2021-08-10,2021-10-25,{'AY.103': 1},532501,1,-1,2147483648,6,False,1
SRR20265243,SRR20234489,ERR6440908,2021-11-17,2021-11-02,2021-07-26,{'AY.100': 1},890927,1,-1,2147483648,8,False,1
ERR6860433,ERR6610381,ERR6580955,2021-09-09,2021-08-17,2021-08-19,{'AY.4': 1},571195,1,571196,1,0,False,1
SRR19814523,SRR19683165,ERR8176933,2022-01-19,2022-02-08,2021-12-05,{'AY.47': 1},1132033,1,1132034,1,0,False,1
SRR20258232,SRR16379364,ERR7232760,2021-10-18,2021-09-26,2021-10-16,{'AY.39.1': 1},739310,1,739311,1,0,False,1
ERR7238349,ERR7193153,ERR7236133,2021-10-19,2021-10-21,2021-10-18,{'AY.4': 1},742766,1,-1,2147483648,7,False,1
node_699906,node_700123,SRR19526136,2022-06-21,2022-05-27,2022-05-22,{'BA.5': 3},1533504,3,1533504,0,0,False,3
SRR20942480,SRR16695951,ERR7779801,2021-12-07,2021-10-05,2021-12-10,{'AY.122': 1},995484,1,-1,2147483648,7,False,1
node_226589,SRR17022262,SRR18519003,2021-10-18,2021-10-20,2021-12-22,{'AY.120.1': 6},739415,10,739416,1,0,False,6
ERR7605456,ERR6579055,ERR7488999,2021-11-26,2021-08-18,2021-11-14,{'AY.98': 1},933155,1,933156,1,0,False,1
node_49085,ERR6524417,ERR6161105,2021-08-05,2021-08-07,2021-06-12,{'AY.4': 2},441011,2,-1,2147483648,4,False,2
ERR6622251,ERR7367241,ERR6622963,2021-08-20,2021-11-05,2021-08-19,{'AY.4': 1},487199,1,487200,1,0,False,1
ERR13046543,ERR13044678,ERR13048866,2023-03-16,2023-03-04,2022-12-15,{'CH.1.1.22': 1},1795812,1,-1,2147483648,14,False,1
node_622169,SRR25955542,SRR26899367,2023-10-30,2023-08-27,2023-10-30,{'HV.1.2': 2},1855485,2,1855485,0,1,False,2
node_189486,SRR15818867,SRR16834680,2021-10-14,2021-08-09,2021-10-11,{'AY.100': 3},723568,3,723568,0,0,False,3
node_726550,ERR12131843,ERR12750695,2022-02-23,2022-03-17,2022-06-08,{'BA.2': 5},1361139,5,-1,2147483648,6,False,5
node_724454,SRR20785503,ERR10000639,2022-06-10,2022-05-08,2022-07-04,{'BA.4': 2},1523282,2,1517547,1,0,False,2
node_580744,ERR11255248,ERR10667959,2023-02-21,2023-03-20,2022-12-05,{'BN.1.4.1': 6},1776614,6,-1,2147483648,4,False,6
node_544075,SRR21348829,SRR17418795,2022-01-27,2022-02-10,2021-12-15,{'XS': 19},1169967,19,1169967,0,0,True,19
node_684584,SRR21211810,SRR21000400,2022-09-08,2022-08-13,2022-07-25,{'BA.5.2.1': 5},1710283,5,1649496,1,0,False,5
node_188394,ERR11755986,SRR16380668,2021-11-26,2021-11-24,2021-09-19,{'AY.4': 2},935038,2,935039,1,0,False,2
node_46580,ERR11760125,ERR11742600,2021-08-12,2021-06-07,2021-11-05,"{'XC': 5, 'B.1.617.2': 1}",463545,6,463545,0,1,True,6
node_436920,ERR5197150,ERR5308315,2021-01-30,2021-01-13,2021-01-27,{'XA': 39},132996,39,132996,0,0,True,39
ERR6868848,node_60931,ERR7106179,2021-09-21,2021-09-21,2021-10-03,{'AY.4': 1},624512,1,624513,1,0,False,1
node_134452,ERR7287401,node_344804,2021-10-18,2021-10-29,2021-12-04,{'AY.4': 1},737333,1,-1,2147483648,0,False,1
SRR20251802,SRR19289710,SRR20259351,2021-11-11,2021-11-05,2021-10-22,{'AY.100': 1},859487,1,-1,2147483648,7,False,1
ERR13323123,ERR10976928,ERR13029352,2023-03-17,2023-02-08,2022-12-18,{'XBB.2.3': 1},1796620,1,1796621,1,0,True,1
node_189705,SRR16504223,SRR20254412,2021-09-29,2021-09-19,2021-10-15,{'AY.120': 4},661536,4,-1,2147483648,6,False,4
ERR4786984,ERR10205191,ERR4698890,2020-10-12,2021-02-08,2020-09-29,{'B.1.177.4': 1},43741,1,43742,1,0,False,1
node_739374,ERR9622628,ERR8144872,2022-02-25,2022-04-11,2022-01-18,{'BA.2': 7},1301067,7,1301067,0,0,False,7
SRR15982371,SRR15777419,SRR15915518,2021-09-03,2021-08-21,2021-08-19,{'B.1.617.2': 1},547380,1,547381,1,0,False,1
SRR15856342,SRR16225662,ERR13158291,2021-08-30,2021-09-08,2021-05-20,{'AY.43': 1},528499,1,528500,1,0,False,1
ERR7154038,ERR6657372,ERR7237438,2021-10-07,2021-08-27,2021-10-16,{'AY.4': 1},691784,1,691785,1,0,False,1
node_601093,SRR27235928,SRR23953607,2023-08-29,2023-11-28,2023-03-09,{'XCL': 22},1838129,22,1836320,1,0,True,22
node_36939,ERR4904871,ERR4668607,2021-02-06,2020-11-11,2020-09-22,{'B.1.177': 2},140807,2,140807,0,3,False,2
node_188501,ERR11753755,ERR6619482,2021-10-16,2021-10-17,2021-08-16,{'AY.4.2': 1},729842,1,-1,2147483648,4,False,1
node_140015,ERR6573905,ERR6440908,2021-08-20,2021-08-04,2021-07-26,{'AY.4': 4},487185,4,-1,2147483648,7,False,4
ERR7147095,ERR7023061,ERR7686527,2021-10-05,2021-10-01,2021-11-21,{'B.1.617.2': 1},682392,1,-1,2147483648,7,False,1
ERR7310933,ERR7290159,ERR13182720,2021-10-16,2021-10-28,2021-08-22,{'AY.4.2': 1},730084,2,730085,1,0,False,1
ERR8245085,ERR8212724,ERR6997670,2021-12-12,2021-12-12,2021-09-27,{'AY.4': 1},1015187,1,-1,2147483648,6,False,1
node_685595,ERR10214556,SRR21538499,2022-08-22,2022-09-05,2022-08-29,{'BA.5.2.1': 2},1629300,2,1629300,0,3,False,2
ERR6761008,ERR6419311,ERR6112499,2021-08-24,2021-07-26,2021-06-08,{'AY.4': 1},500841,1,500842,1,0,False,1
ERR7375837,ERR12841172,ERR7235923,2021-11-01,2021-10-23,2021-10-19,{'AY.4': 1},801421,1,-1,2147483648,7,False,1
node_581055,node_581054,ERR13040277,2023-01-04,2023-01-04,2023-01-19,{'BN.1.3': 5},1743936,5,-1,2147483648,5,False,5
SRR23730481,ERR10902030,SRR23318703,2023-02-20,2023-02-02,2023-01-17,{'BE.13': 1},1775460,1,1775461,1,0,False,1
ERR8251978,ERR6626707,ERR7497034,2021-12-06,2021-08-26,2021-11-14,{'AY.36': 1},987665,1,987666,1,0,False,1
SRR21322204,ERR11761851,SRR19277489,2021-11-19,2021-07-16,2021-12-23,{'AY.113': 1},901124,1,901125,1,0,False,1
ERR7718295,ERR7386894,ERR6605289,2021-11-23,2021-11-05,2021-08-24,{'AY.4': 1},920961,1,-1,2147483648,7,False,1
ERR7208421,SRR18027320,SRR15391656,2021-10-12,2021-10-30,2021-07-22,{'AY.116.1': 1},713758,1,-1,2147483648,7,False,1
ERR7775950,ERR12794355,ERR7676334,2021-12-10,2021-07-17,2021-12-02,{'AY.4.2': 1},1007152,1,1007153,1,0,False,1
node_345730,ERR6758016,ERR6775263,2021-09-05,2021-09-09,2021-09-07,{'B.1.617.2': 2},554320,3,-1,2147483648,4,False,2
ERR10002072,ERR10000107,ERR10005606,2022-07-03,2022-07-05,2022-07-19,{'BA.5.1': 1},1548926,1,1548927,1,0,False,1
node_323545,node_323544,node_45511,2021-08-15,2021-08-15,2021-07-13,{'AY.44': 1},473025,1,473026,1,0,False,1
node_134196,ERR6046897,ERR6135810,2021-07-16,2021-06-02,2021-06-19,{'AY.4': 3},394354,3,-1,2147483648,6,False,3
SRR20117201,SRR15807312,SRR17219167,2021-12-14,2021-08-09,2021-11-21,{'AY.119': 1},1024106,1,1024107,1,0,False,1
node_654026,ERR10425851,ERR12749923,2022-07-04,2022-10-16,2022-06-27,{'BA.5.1': 2},1550838,2,1550839,1,0,False,2
SRR15818885,SRR16384605,ERR6112499,2021-08-09,2021-09-19,2021-06-08,{'AY.118': 1},455368,1,-1,2147483648,5,False,1
SRR29320158,SRR27117901,ERR13077316,2023-12-11,2023-11-05,2023-10-23,{'HK.19': 1},1870306,1,1870307,1,0,False,1
node_656540,ERR10706187,ERR10002447,2022-08-03,2022-12-12,2022-07-08,{'BE.1': 2},1690574,2,1606764,1,0,False,2
node_696222,ERR10000002,SRR21694607,2022-09-18,2022-07-05,2022-09-10,{'BA.5': 5},1662304,5,1662304,0,0,False,5
ERR7150033,ERR7007842,ERR6571500,2021-09-30,2021-09-14,2021-08-08,{'AY.4.2': 1},664667,1,664668,1,0,False,1
ERR10804812,ERR10805755,SRR23055305,2023-01-04,2023-01-17,2023-01-02,{'CH.1.1.14': 1},1739320,1,-1,2147483648,4,False,1
SRR26212636,SRR25642825,ERR13041177,2023-08-21,2023-07-25,2023-01-07,{'FU.1': 1},1833160,1,1673437,13,5,False,1
ERR5743634,ERR5225520,ERR5462200,2021-04-10,2021-01-15,2021-03-02,{'B.1.1.7': 1},250176,1,250177,1,0,False,1
node_188683,ERR6574329,ERR7193186,2021-12-03,2021-08-11,2021-10-20,{'AY.4': 1},972181,1,972182,1,0,False,1
SRR20227167,SRR16884389,SRR16780615,2021-10-30,2021-10-29,2021-10-07,{'AY.39': 1},792220,1,-1,2147483648,7,False,1
ERR6492325,node_188725,ERR6374346,2021-08-07,2021-08-07,2021-07-18,{'AY.4': 1},447864,1,-1,2147483648,7,False,1
node_162362,ERR6875357,ERR6571333,2021-09-30,2021-09-23,2021-08-18,{'AY.4': 2},664647,2,664648,1,0,False,2
ERR11742306,ERR11741977,SRR19265803,2021-09-11,2021-07-28,2021-11-20,{'AY.104': 1},582774,1,-1,2147483648,5,False,1
ERR10428510,SRR22241415,ERR10381754,2022-10-12,2022-10-20,2022-10-06,{'BF.28': 1},1685092,1,1685093,1,0,False,1
node_751594,ERR13124933,ERR9108549,2022-06-08,2022-05-19,2022-02-23,{'BA.2.9': 2},1515580,2,1515581,1,0,False,2
SRR26441731,SRR26085078,SRR26256944,2023-09-16,2023-08-31,2023-09-12,{'XBB.1.16.16': 1},1842341,1,1842342,1,0,True,1
node_188723,ERR6451463,ERR6492325,2021-08-26,2021-07-29,2021-08-07,{'AY.4': 3},509750,3,-1,2147483648,5,False,3
ERR6882837,ERR6175175,SRR20259576,2021-09-23,2021-06-24,2021-10-21,{'AY.4': 1},633535,1,633536,1,0,False,1
ERR11253876,ERR10739933,ERR11184445,2023-03-28,2022-12-13,2023-03-15,{'XBB.1': 1},1804166,1,1804167,1,0,True,1
SRR21348829,SRR18154900,SRR16198618,2022-02-10,2022-01-26,2021-09-07,{'BA.1': 1},1242084,1,1242085,1,0,False,1
node_188256,ERR7231659,ERR11755165,2021-07-14,2021-10-12,2021-10-19,{'AY.126': 14},167127,1241012,-1,2147483648,1,False,14
ERR7266740,ERR7557861,ERR6816656,2021-10-22,2021-11-24,2021-09-14,{'AY.43': 1},757780,1,-1,2147483648,4,False,1
node_273445,ERR13160072,SRR15224107,2021-08-18,2021-07-29,2021-07-08,{'AY.25': 2},534878,2,482429,1,0,False,2
node_682003,ERR10021041,SRR20305384,2022-08-15,2022-07-20,2022-06-26,{'BF.5': 2},1621644,2,1621645,1,0,False,2
ERR6883633,node_169447,node_188626,2021-08-20,2021-08-26,2021-08-20,{'AY.4': 1},487541,81,-1,2147483648,6,False,1
ERR10559415,ERR9893296,ERR10005922,2022-11-18,2022-06-19,2022-07-20,{'BE.12': 1},1709676,1,1709677,1,0,False,1
node_189163,SRR15985926,SRR15200010,2021-09-17,2021-09-05,2021-06-24,{'AY.114': 2},609559,2,609559,0,2,False,2
ERR7307455,ERR6793339,ERR6879167,2021-10-23,2021-09-12,2021-09-23,{'AY.4': 1},760262,1,760263,1,0,False,1
node_58030,ERR6871449,ERR6916756,2021-11-11,2021-09-21,2021-09-26,{'AY.4': 2},857687,2,857687,0,2,False,2
SRR20186924,node_297158,SRR19223070,2021-12-06,2021-12-06,2021-12-15,{'AY.3': 1},988749,1,988750,1,0,False,1
SRR22037705,ERR10151040,node_677286,2022-10-10,2022-08-16,2022-08-21,{'BA.5.6': 1},1683253,1,1683254,1,0,False,1
SRR21606289,SRR20423396,SRR20741299,2022-08-20,2022-06-15,2022-07-09,{'BA.5.6': 1},1626675,1,1626676,1,0,False,1
SRR16518465,ERR13160287,SRR15553319,2021-09-22,2021-08-05,2021-08-03,{'AY.3': 1},631970,1,631971,1,0,False,1
node_189431,node_182223,ERR13153313,2021-12-14,2021-11-09,2021-07-30,{'AY.100': 1},1024265,1,1024266,1,0,False,1
ERR7608959,ERR11761851,ERR7188023,2021-11-27,2021-07-16,2021-10-19,{'AY.4': 1},938162,1,938163,1,0,False,1
SRR22029754,ERR10000328,ERR9926981,2022-09-14,2022-07-05,2022-06-29,{'BA.5': 1},1657700,1,1657701,1,0,False,1
node_183825,SRR16143463,ERR6420155,2021-09-09,2021-08-04,2021-07-28,{'AY.100': 2},573954,2,-1,2147483648,7,False,2
node_191569,ERR6491282,ERR6440908,2021-08-24,2021-07-29,2021-07-26,{'AY.42': 2},500882,2,-1,2147483648,7,False,2
node_189378,SRR16354513,SRR20252804,2021-10-16,2021-09-16,2021-10-20,{'AY.100': 14},730995,18,730996,1,0,False,14
node_46915,SRR20233571,ERR11826324,2021-09-17,2021-11-02,2021-11-28,{'AY.117': 97},624085,98,-1,2147483648,4,False,97
SRR21326012,SRR19099076,ERR8162740,2022-02-13,2022-01-21,2022-01-21,{'BA.1.1': 1},1254814,1,-1,2147483648,7,False,1
node_188889,SRR15587578,SRR15313765,2021-08-05,2021-08-07,2021-07-23,{'AY.39.1': 2},450690,4,-1,2147483648,1,False,2
SRR16288152,node_232820,SRR16307205,2021-09-13,2021-09-13,2021-09-13,{'AY.39.3': 1},591388,3,-1,2147483648,6,False,1
node_209654,ERR11753913,ERR6837634,2021-09-16,2021-10-13,2021-09-04,{'AY.4': 2},604160,2,-1,2147483648,6,False,2
node_188371,ERR7120055,ERR6566960,2021-10-20,2021-10-12,2021-08-13,{'AY.4': 1},747819,1,747820,1,0,False,1
node_555793,ERR10001609,ERR10000170,2022-06-09,2022-07-06,2022-07-05,"{'XAJ': 21, 'BA.4': 1}",1141742,51247,-1,2147483648,1,True,22
node_581013,ERR9840698,SRR25727251,2022-11-02,2022-05-31,2022-11-23,{'BN.1.3.7': 1},1702292,1,1702293,1,0,False,1
node_189687,ERR11761759,ERR6486711,2021-07-16,2021-07-11,2021-08-07,{'AY.42': 18},344386,2137,-1,2147483648,3,False,18
ERR5458865,ERR5458848,ERR5392008,2021-02-16,2021-02-15,2021-02-20,{'B.1.1.7': 1},156664,1,-1,2147483648,5,False,1
node_188886,SRR16606852,SRR16527272,2021-10-22,2021-09-28,2021-09-21,{'AY.39.1': 1},756948,1,-1,2147483648,7,False,1
node_623420,ERR12081201,ERR13320506,2023-09-28,2023-09-09,2023-09-05,{'XBB.1.16': 2},1846478,2,1846478,0,3,True,2
node_128850,ERR13133823,ERR7319518,2021-09-01,2021-09-05,2021-10-16,{'AY.4': 3},535984,4,-1,2147483648,4,False,3
node_646470,ERR12974368,node_737099,2022-08-23,2022-07-18,2022-05-23,{'BA.5.1': 1},1631460,1,1631461,1,0,False,1
node_117234,ERR6777338,ERR6440908,2021-10-11,2021-09-09,2021-07-26,{'AY.4': 2},708148,2,487210,2,4,False,2
SRR20304164,SRR19721298,ERR9968076,2022-06-25,2022-05-20,2022-07-06,{'BA.4.1.4': 1},1537646,1,1537647,1,0,False,1
node_189318,SRR19265206,ERR13153313,2021-11-24,2021-11-19,2021-07-30,{'AY.100': 2},927042,2,-1,2147483648,4,False,2
node_201859,SRR17215343,ERR6440908,2021-11-09,2021-11-29,2021-07-26,{'AY.119': 8},847387,8,847387,0,3,False,8
node_642312,SRR21670845,SRR21546186,2022-08-28,2022-09-06,2022-09-01,"{'BA.5.2': 1, 'BA.5.1': 8}",1636865,9,1428716,6,5,False,9
node_189103,SRR15553432,SRR15446230,2021-09-12,2021-08-03,2021-07-26,{'AY.39': 5},771669,5,586250,1,0,False,5
node_699280,ERR10000667,ERR10023714,2022-06-16,2022-07-04,2022-07-23,"{'BA.5.2.1': 3, 'BA.5': 2}",1526255,5,1526256,1,0,False,5
node_777509,node_436928,DRR354685,2022-12-07,2021-11-13,2022-02-22,"{'XBC.1.2.1': 98, 'XAY.2': 91, 'XAY.2.2': 72, 'XAY.2.1': 81, 'XAY.2.3': 127}",965896,552721,-1,2147483648,1,True,469
ERR11849799,node_341106,ERR6300316,2021-08-27,2021-08-27,2021-07-02,{'AY.122': 1},517544,1,-1,2147483648,4,False,1
node_188325,ERR6791686,ERR6162082,2021-10-09,2021-09-08,2021-06-13,{'AY.4': 1},701073,1,-1,2147483648,4,False,1
node_434719,ERR5174309,SRR29023076,2021-02-14,2020-12-21,2021-04-23,{'B.1.1.7': 1},152969,1,-1,2147483648,7,False,1
node_190414,SRR17299781,ERR13153313,2021-11-24,2021-12-03,2021-07-30,{'AY.116.1': 2},937809,11,390208,4,5,False,2
node_667457,SRR22668180,ERR10430901,2023-01-07,2022-11-22,2022-10-17,{'BA.5.2.1': 2},1742329,2,1742329,0,0,False,2
SRR20145644,SRR15199951,SRR20145643,2021-11-29,2021-06-25,2021-11-29,{'AY.20': 1},951124,1,951125,1,0,False,1
node_207652,ERR6921473,ERR7109163,2021-10-11,2021-09-26,2021-10-08,{'AY.5': 150},708162,150,-1,2147483648,5,False,150
node_185378,SRR20115940,ERR6872732,2021-12-12,2021-12-01,2021-09-21,{'AY.100': 2},1015453,2,-1,2147483648,10,False,2
SRR20259524,SRR16925783,ERR7239529,2021-10-19,2021-10-14,2021-10-16,{'AY.25': 1},744645,1,-1,2147483648,7,False,1
ERR5381053,ERR5181396,ERR5238729,2021-02-15,2021-01-04,2021-01-22,{'B.1.1.7': 1},155725,1,-1,2147483648,5,False,1
node_523875,ERR8223280,node_523874,2022-02-26,2021-12-21,2022-02-26,{'BD.1': 2},1303818,2,1303819,1,0,False,2
ERR6997670,ERR6871773,ERR6492325,2021-09-27,2021-09-22,2021-08-07,{'B.1.617.2': 1},650487,1,-1,2147483648,7,False,1
node_716832,node_646826,ERR10000209,2022-06-18,2022-09-04,2022-07-05,"{'BA.4': 6, 'BA.4.6': 20, 'BA.4.1': 4, 'BA.4.6.5': 2, 'BA.4.4': 2}",871728,1294334,-1,2147483648,64,False,34
SRR15138352,ERR5238430,node_378075,2021-06-25,2021-01-22,2021-06-23,{'B.1.1.7': 1},335068,1,-1,2147483648,1,False,1
ERR7244209,ERR6778219,ERR6440908,2021-10-17,2021-09-09,2021-07-26,{'AY.4': 1},733115,1,733116,1,0,False,1
node_623414,ERR11923658,ERR11171424,2023-04-25,2023-08-02,2023-03-17,{'XBB.1.16': 9},1789141,12729,1673437,9,1,True,9
node_159068,ERR7310305,ERR6369646,2021-08-31,2021-11-02,2021-07-13,{'AY.4': 84},530241,86,-1,2147483648,4,False,84
node_671370,ERR10109588,ERR13323045,2022-12-11,2022-08-03,2023-01-28,{'BQ.1.21': 66},1726434,67,1726434,0,7,False,66
node_654020,ERR10004039,ERR9892585,2022-07-24,2022-07-07,2022-06-18,{'BA.5': 3},1589275,3,1589275,0,0,False,3
ERR6763100,ERR6620571,ERR6761017,2021-08-27,2021-08-16,2021-08-30,{'AY.34.1': 1},515395,1,-1,2147483648,7,False,1
SRR21797337,ERR10850941,ERR10120544,2022-09-19,2023-01-12,2022-08-19,{'BA.2.75.2': 1},1663571,1,1663572,1,0,False,1
node_47728,SRR20261372,ERR6492325,2021-10-29,2021-11-14,2021-08-07,{'AY.117': 2},788229,3,-1,2147483648,7,False,2
node_188444,ERR7270546,ERR7310393,2021-11-02,2021-10-25,2021-10-10,{'AY.4.2.1': 11},392479,12337,-1,2147483648,1,False,11
SRR28770924,SRR27758390,ERR11796719,2024-04-05,2024-01-11,2022-01-13,{'JN.1.7': 1},1890259,1,1854739,11,5,False,1
SRR16318274,ERR6494825,SRR15223696,2021-08-09,2021-07-26,2021-07-06,{'AY.25': 1},455855,1,455856,1,0,False,1
node_188602,ERR11754502,ERR6634771,2021-10-19,2021-10-18,2021-08-20,{'AY.4': 1},742775,1,-1,2147483648,6,False,1
node_701764,SRR20218056,SRR20683448,2022-08-20,2022-06-29,2022-07-07,{'BA.5.2': 2},1627218,2,1627218,0,0,False,2
ERR7742605,ERR7547842,ERR8187981,2021-12-06,2021-11-22,2021-11-30,{'AY.4.2.2': 1},984776,1,-1,2147483648,4,False,1
SRR23953549,SRR24002737,ERR12754384,2023-03-06,2023-03-08,2022-04-19,{'XBB.1.5': 1},1787790,1,1787791,1,0,True,1
ERR8144931,ERR7807042,ERR8035711,2022-01-19,2021-12-12,2022-01-08,{'BA.1.1.15': 1},1128204,1,1128205,1,0,False,1
SRR16153448,SRR15270366,SRR20258496,2021-09-01,2021-07-16,2021-10-16,{'AY.122': 1},537943,1,-1,2147483648,5,False,1
node_580570,node_580453,ERR10610963,2022-11-11,2023-02-22,2022-11-18,{'BA.2': 2},1706444,2,1706445,1,0,False,2
SRR28286283,SRR28439082,SRR29412836,2024-02-13,2024-02-21,2024-05-31,{'JN.1': 1},1886327,1,1854739,7,6,False,1
ERR6765788,ERR6840594,ERR6440908,2021-09-03,2021-09-03,2021-07-26,{'AY.36': 1},546469,1,-1,2147483648,6,False,1
SRR16706479,SRR16832771,ERR6765753,2021-10-04,2021-10-11,2021-09-03,{'AY.100': 1},679275,1,-1,2147483648,5,False,1
node_629667,SRR29065125,SRR28145013,2024-02-12,2024-05-06,2024-01-27,{'JN.1.30': 1},1886259,1,1854739,3,6,False,1
node_586859,node_586857,SRR24638866,2023-01-23,2023-01-23,2023-03-06,"{'XCT.1': 32, 'XCT': 25, 'BA.2': 1}",1673437,112021,1673437,0,15,True,58
node_188898,SRR19255500,node_188897,2021-11-12,2021-12-20,2021-11-12,{'AY.39.1': 2},864949,2,-1,2147483648,5,False,2
node_186141,SRR20250955,ERR11756647,2021-10-12,2021-11-12,2021-12-01,{'AY.100': 47},754484,49,-1,2147483648,5,False,47
node_698332,SRR20748020,SRR20664150,2022-09-04,2022-07-10,2022-07-06,{'BA.5.2.1': 7},1645355,7,1645356,1,0,False,7
node_189949,SRR15388721,node_189948,2021-07-15,2021-07-27,2021-07-15,{'B.1.617.2': 3},371278,9,-1,2147483648,1,False,3
SRR20247188,SRR20234295,SRR16706536,2021-10-27,2021-11-01,2021-10-03,{'AY.118': 1},779356,1,-1,2147483648,8,False,1
node_311311,SRR15553506,ERR7287382,2021-09-05,2021-08-03,2021-10-29,{'AY.3': 1},553514,1,-1,2147483648,6,False,1
ERR8256185,ERR12853497,ERR6760619,2021-12-06,2021-11-19,2021-09-03,{'AY.4': 1},986088,1,-1,2147483648,7,False,1
node_622167,ERR12481734,ERR11923692,2023-10-30,2023-11-24,2023-08-11,"{'HV.1.2': 2, 'HV.1': 3}",1831743,1292,1673437,7,8,False,5
ERR8487500,ERR8541113,ERR8640466,2022-01-27,2022-01-31,2022-02-07,{'BA.1': 1},1168895,1,1168896,1,0,False,1
SRR16829649,SRR17099687,SRR16884218,2021-10-09,2021-10-14,2021-10-14,{'AY.25': 1},702201,1,-1,2147483648,6,False,1
node_192357,ERR6071064,ERR6485055,2021-06-28,2021-06-02,2021-07-09,{'B.1.617.2': 49},339492,49,-1,2147483648,6,False,49
SRR17155394,node_359688,SRR16253164,2021-10-26,2021-10-20,2021-09-14,{'AY.44': 1},774236,1,774237,1,0,False,1
node_65707,ERR6105556,ERR7201461,2021-11-27,2021-06-09,2021-10-06,{'AY.4': 8},939147,8,939147,0,0,False,8
node_325975,SRR16248022,ERR6816656,2021-09-29,2021-09-26,2021-09-14,{'AY.44': 1},660462,1,-1,2147483648,5,False,1
SRR20254757,SRR16184577,SRR16883450,2021-10-15,2021-09-11,2021-10-12,{'AY.118': 1},727626,1,-1,2147483648,6,False,1
node_663849,ERR13010058,ERR13022872,2022-12-06,2022-10-02,2022-11-21,{'BE.1.1': 1},1718943,1,1718944,1,0,False,1
node_442312,SRR18978401,node_543802,2021-12-26,2022-01-25,2022-02-01,{'BA.1.1.18': 2},1058830,3,-1,2147483648,2,False,2
SRR28273033,ERR12306865,SRR26976433,2024-02-06,2023-10-29,2023-11-12,{'JN.1.1': 1},1885117,1,1885118,1,0,False,1
SRR16040836,SRR16059999,node_189209,2021-08-28,2021-08-25,2021-11-27,{'AY.20': 1},520674,1,520675,1,0,False,1
ERR7528093,ERR7539514,node_174216,2021-11-18,2021-11-21,2021-08-29,{'AY.43': 1},894575,1,894576,1,0,False,1
SRR20251029,SRR17128121,SRR20186529,2021-11-12,2021-11-16,2021-12-06,{'AY.4': 1},864853,2,687515,3,4,False,1
node_135285,ERR11754604,ERR6834520,2021-10-11,2021-10-20,2021-09-03,{'AY.4': 4},708328,4,708329,1,0,False,4
node_664440,ERR10756048,ERR10887193,2023-01-25,2022-12-15,2023-01-29,{'BQ.1.1.66': 3},1753495,3,1753496,1,0,False,3
SRR20918238,SRR17820300,ERR7233601,2021-12-16,2022-01-18,2021-10-20,{'AY.119': 1},1033171,1,-1,2147483648,7,False,1
node_647040,SRR22391468,SRR22117054,2022-09-13,2022-10-28,2022-10-14,{'BA.5.1': 17},1656692,17,1428716,5,2,False,17
SRR16884109,SRR16833146,node_189140,2021-10-12,2021-10-10,2021-09-02,{'AY.39': 1},715188,1,715189,1,0,False,1
node_188565,ERR6681875,ERR6570387,2021-10-19,2021-09-01,2021-08-06,{'AY.4': 2},633798,24,-1,2147483648,1,False,2
node_435891,ERR5743634,ERR11822444,2021-01-15,2021-04-10,2021-04-05,{'B.1.1.7': 1},110720,1,-1,2147483648,5,False,1
node_716119,SRR20919715,ERR13121057,2022-10-30,2022-07-18,2022-04-30,{'BA.4.1': 1},1700112,1,-1,2147483648,5,False,1
node_183807,SRR15628882,SRR20178538,2021-08-02,2021-08-04,2021-11-18,{'AY.100': 12},601772,76,-1,2147483648,3,False,12
SRR20259302,SRR19277383,ERR13153313,2021-10-20,2021-12-23,2021-07-30,{'AY.119': 1},749071,10,-1,2147483648,5,False,1
ERR7150546,ERR6417742,ERR6999528,2021-10-07,2021-07-27,2021-09-15,{'AY.4': 1},691735,1,-1,2147483648,5,False,1
node_188459,ERR7303279,ERR7147134,2021-10-12,2021-10-11,2021-10-06,{'AY.4.2': 7},682539,37,-1,2147483648,4,False,7
SRR16884182,SRR16594414,node_189119,2021-10-11,2021-10-04,2021-09-23,{'AY.39': 1},710251,1,710252,1,0,False,1
ERR9825147,ERR9825166,ERR10366269,2022-04-22,2022-04-22,2022-09-27,{'BA.2': 1},1451986,1,-1,2147483648,3,False,1
ERR7317537,ERR12839841,ERR6440908,2021-10-25,2021-10-26,2021-07-26,{'AY.4': 1},768232,1,768233,1,0,False,1
SRR25446451,SRR23291509,ERR11190046,2023-01-09,2023-01-06,2023-02-12,{'XBB.1.5.33': 1},1743608,3,1673437,9,2,True,1
ERR6405162,ERR6220213,ERR6924773,2021-07-26,2021-06-28,2021-09-27,{'B.1.617.2': 1},400696,1,-1,2147483648,5,False,1
node_189076,SRR16115913,SRR20259589,2021-10-08,2021-09-14,2021-10-21,{'AY.39': 1},698335,1,-1,2147483648,7,False,1
SRR20259884,SRR15894154,SRR16884115,2021-10-21,2021-07-20,2021-10-12,{'AY.107': 1},753022,1,-1,2147483648,9,False,1
ERR6760245,SRR15518151,node_188762,2021-08-27,2021-08-02,2021-08-27,{'AY.107': 1},515367,1,515368,1,0,False,1
node_722962,ERR10000073,ERR10001513,2022-07-10,2022-07-04,2022-07-05,{'BA.4': 3},1478145,7617,1428716,4,1,False,3
SRR17235276,SRR17235277,SRR20232545,2021-10-25,2021-10-25,2021-11-03,{'AY.106': 1},769201,1,-1,2147483648,6,False,1
SRR16307159,SRR16365879,ERR7005955,2021-09-15,2021-09-16,2021-09-23,{'AY.100': 1},600798,1,-1,2147483648,1,False,1
node_544108,node_544107,ERR9380129,2021-11-17,2021-11-17,2022-03-15,{'unclassified': -1},-1,0,-1,2147483648,-1,False,859638
SRR24540383,SRR24525936,SRR24606855,2023-04-27,2023-04-13,2023-04-24,{'XBB.2.3': 1},1816263,1,1816264,1,0,True,1
SRR15993439,SRR16153749,ERR7239527,2021-08-23,2021-09-03,2021-10-16,{'AY.39': 1},497929,2,-1,2147483648,4,False,1
node_627488,node_627487,ERR10426560,2023-10-18,2023-10-18,2022-10-14,"{'JN.1': 7448, 'JN.1.42': 263, 'JN.1.1': 1571, 'JN.1.4': 4741, 'JN.1.32': 119, 'JN.1.43.1': 92, 'JN.1.16.1': 61, 'JN.1.42.2': 12, 'JN.1.30': 27, 'BA.2.86.1': 656, 'KP.2.6': 1, 'KP.1.1.3': 36, 'JN.1.11': 39, 'JN.1.31': 93, 'JN.1.7': 570, 'JN.1.4.5': 1030, 'JN.1.8': 151, 'JN.1.8.1': 586, 'JN.1.6': 186, 'JN.18': 160, 'KP.3.1': 90, 'JN.1.13.1': 221, 'KP.1.1.1': 70, 'JN.3.3': 47, 'JN.1.16': 100, 'KP.2.2': 64, 'JN.1.60': 21, 'JN.1.4.2': 260, 'KP.1.1': 65, 'JN.1.9': 289, 'XDD.1.1.1': 7, 'JN.1.5': 63, 'XDK': 47, 'JN.1.2': 241, 'XDP.1': 32, 'JN.3': 98, 'JQ.1': 103, 'JN.1.4.1': 25, 'JN.1.38': 130, 'JN.1.59': 32, 'XDP': 80, 'JN.1.39': 452, 'JN.1.1.1': 33, 'KP.2.3': 171, 'KP.2.3.3': 3, 'KP.2': 214, 'JN.1.45': 156, 'XDD': 68, 'JN.1.19': 218, 'JN.1.22': 233, 'JN.1.18': 171, 'LF.4': 4, 'KR.1': 27, 'JN.1.43': 158, 'JN.1.55': 29, 'JN.1.7.3': 7, 'JN.1.3': 32, 'JN.7': 83, 'JN.1.34': 25, 'KP.3.3': 57, 'JN.1.6.1': 28, 'JN.1.11.1': 53, 'JN.1.52': 67, 'JN.1.4.8': 29, 'JN.1.28': 14, 'JQ.2.1': 7, 'JN.2': 206, 'JN.1.41': 58, 'JN.1.24': 25, 'LB.1': 42, 'JN.1.7.5': 178, 'XDD.2': 1, 'KS.1': 78, 'JN.1.17': 42, 'JN.1.57': 5, 'JN.10': 31, 'XDP.3': 15, 'JN.1.35': 2, 'JN.1.14': 14, 'XDK.1': 12, 'JN.1.64': 43, 'JN.1.18.6': 3, 'JN.1.8.3': 72, 'KV.2': 147, 'JN.1.16.2': 4, 'KP.4.2': 10, 'JN.1.18.2': 18, 'KP.3.1.4': 46, 'JN.6': 69, 'JN.1.65': 5, 'JN.1.4.6': 64, 'JN.2.2': 13, 'JN.1.1.7': 15, 'JN.1.29': 59, 'JN.2.3': 37, 'XDD.1': 17, 'JN.2.5': 5, 'LB.1.7': 35, 'LP.1.1': 5, 'JN.1.10': 4, 'KP.3.2.4': 83, 'BA.2.86.2': 16, 'KP.3.1.1': 25, 'JN.9': 32, 'JN.1.4.3': 51, 'LN.1.1': 5, 'JN.1.47.2': 61, 'JN.1.46': 119, 'JN.1.37': 13, 'JN.1.20': 23, 'LH.2': 4, 'JN.1.21': 19, 'KQ.1': 86, 'KP.5': 9, 'JN.1.7.2': 64, 'KV.1': 1, 'JN.1.18.3': 22, 'XDK.5': 9, 'LJ.1': 10, 'XDD.3': 2, 'JN.1.25': 7, 'LB.1.3': 43, 'KW.1.1': 13, 'KU.1': 3, 'JN.1.1.2': 11, 'JN.1.47': 55, 'JN.2.1': 3, 'JN.1.24.1': 3, 'JN.13.1': 8, 'JN.1.44': 23, 'JN.1.64.1': 10, 'JN.1.54': 15, 'JN.1.49.1': 6, 'JN.1.53.1': 12, 'LB.1.4': 22, 'JN.1.42.1': 6, 'JN.1.58': 17, 'XDV.1': 32, 'JN.1.4.7': 54, 'JN.1.39.3': 14, 'LF.4.1': 6, 'LA.1': 21, 'KP.4.1': 29, 'KP.3.2.3': 11, 'KP.2.5': 5, 'JN.1.26': 10, 'KY.1': 1, 'LB.1.8': 7, 'KP.4': 6, 'KP.3.1.5': 4, 'JN.1.1.6': 11, 'JN.4': 39, 'JN.1.9.1': 7, 'JN.1.44.1': 1, 'JN.1.50': 8, 'KP.3.1.6': 11, 'JN.1.13': 9, 'ML.2': 1, 'KP.1': 15, 'KP.2.15': 13, 'LK.1': 2, 'JN.1.54.1': 2, 'JN.1.1.5': 13, 'KS.1.1': 9, 'JN.1.1.4': 10, 'KP.3.2': 31, 'JN.2.4': 1, 'JN.1.8.2': 9, 'LL.1': 23, 'XDD.1.1': 17, 'JN.1.1.3': 14, 'LF.5': 8, 'XDK.4.1': 8, 'JN.1.27': 16, 'JN.1.63': 14, 'KR.1.1': 11, 'JN.11': 42, 'JN.1.4.4': 20, 'JN.1.51': 9, 'MD.1.1': 7, 'JN.1.49': 19, 'JN.1.30.1': 5, 'KP.2.14': 1, 'JN.1.39.2': 5, 'LF.1': 13, 'BA.2.86.6': 2, 'LF.1.1': 5, 'KP.1.2': 13, 'JN.13': 12, 'KW.1': 8, 'LP.1': 17, 'BA.2.86.3': 11, 'LB.1.2': 5, 'KP.4.2.1': 3, 'LB.1.3.1': 3, 'LB.1.3.2': 9, 'JN.1.48': 7, 'LF.1.1.1': 12, 'JN.1.25.1': 3, 'JN.1.57.1': 4, 'JN.1.62': 11, 'JN.1.61': 3, 'XEB': 9, 'JN.1.51.1': 5, 'KZ.1.1': 2, 'LE.1': 8, 'JN.1.32.1': 14, 'JN.1.7.9': 2, 'XDR': 6, 'LV.1': 10, 'JN.1.1.10': 13, 'JN.1.56': 6, 'KP.3': 25, 'KP.3.5': 6, 'JN.1.15': 9, 'LB.1.7.1': 1, 'KZ.1': 2, 'LW.1': 5, 'BA.2.86': 14, 'JN.1.36': 2, 'JN.1.53': 22, 'LC.1': 1, 'JN.1.2.1': 1, 'MK.2': 4, 'JQ.2.1.1': 1, 'KP.2.13': 2, 'JN.1.16.3': 7, 'LQ.1.1': 11, 'LF.3.1': 5, 'JN.1.40': 6, 'JN.1.55.2': 1, 'KP.2.9': 1, 'JN.16': 3, 'JN.1.50.1': 7, 'KW.1.1.1': 1, 'LK.2.1': 2, 'JN.1.63.1': 2, 'JN.1.58.3': 2, 'LP.3': 2, 'MA.1': 4, 'KP.1.1.4': 1, 'KP.2.1': 9, 'XDY': 3, 'LF.3.1.1': 5, 'KP.3.3.3': 6, 'JN.5': 8, 'JN.1.48.3': 3, 'KP.4.2.2': 4, 'JN.1.48.2': 1, 'JN.1.48.1': 1, 'JN.1.7.1': 9, 'JN.1.50.2': 2, 'JN.1.47.1': 5, 'LA.2': 1, 'LR.1': 1, 'KP.2.3.1': 1, 'KP.3.2.2': 3, 'LY.2': 1, 'JN.1.18.4': 1, 'KP.2.10': 4, 'KS.1.3': 2, 'KP.1.1.5': 6, 'KP.3.4': 3, 'JN.1.28.1': 4, 'JN.1.29.1': 1, 'XDP.2': 1, 'MM.1': 3, 'KP.2.7': 5, 'LE.1.1': 4, 'LM.1': 1, 'LY.1': 1, 'JN.1.65.1': 5, 'KP.3.1.2': 3, 'MF.1': 4, 'KP.4.1.1': 2, 'KP.2.16': 5, 'KU.2': 5, 'JN.14': 1, 'JN.1.23': 8, 'XDK.3': 2, 'XDK.1.2': 4, 'KP.3.2.1': 2, 'LB.1.2.1': 2, 'JN.1.12': 1, 'LF.3': 1, 'JN.1.55.1': 2, 'LQ.1': 1, 'MH.1': 1, 'KP.2.8': 1, 'XDK.4': 2, 'LU.2': 1, 'JN.1.7.7': 2, 'BA.2.86.7': 1, 'LQ.3': 1, 'KP.4.1.2': 1, 'JN.8': 1, 'LH.1': 1, 'BA.2.86.4': 1, 'JN.1.9.2': 1, 'JN.1.23.1': 1, 'MD.2': 1, 'JN.1.39.1': 3, 'KP.3.2.5': 1}",871726,858794,-1,2147483648,1,True,25701
SRR20251944,SRR16245696,SRR17252914,2021-11-10,2021-09-10,2021-11-04,{'AY.39': 1},853613,1,853614,1,0,False,1
SRR22734395,ERR10020874,SRR22743842,2022-11-30,2022-07-19,2022-11-03,{'BQ.1.8': 1},1715772,1,1715773,1,0,False,1
ERR7305190,ERR7164782,node_188646,2021-10-21,2021-10-15,2021-12-05,{'AY.4': 1},751852,1,751853,1,0,False,1
node_667462,ERR10462341,ERR13023797,2022-12-28,2022-10-20,2022-12-05,{'BQ.1.1.13': 2},1733440,2,1733440,0,2,False,2
SRR16899114,SRR16530593,SRR16199631,2021-10-17,2021-09-22,2021-09-12,{'AY.44': 1},733975,1,733976,1,0,False,1
ERR9618461,ERR11781415,ERR12887101,2022-04-05,2022-03-29,2022-01-10,{'BA.2': 1},1420831,1,1420832,1,0,False,1
node_749000,ERR8149553,ERR13173177,2022-03-15,2022-01-18,2022-06-17,{'BA.2': 3},1360191,3,1360191,0,0,False,3
node_481761,ERR8288314,ERR10511768,2022-03-01,2022-01-21,2022-11-09,{'BA.1.1': 3},1311517,3,1311517,0,0,False,3
node_179878,SRR16883912,node_179999,2021-10-15,2021-10-13,2021-11-17,{'AY.100': 1},726926,1,-1,2147483648,9,False,1
node_97718,ERR7305258,ERR11756946,2021-10-05,2021-10-15,2021-12-03,{'AY.4.2': 30},682539,37,-1,2147483648,4,False,30
node_607666,ERR11923729,ERR11642399,2023-08-21,2023-08-12,2023-06-08,{'XCP': 40},1833066,40,1833066,0,0,True,40
node_162854,ERR6472119,ERR7215603,2021-08-31,2021-08-03,2021-10-22,{'AY.4': 1},530119,1,-1,2147483648,5,False,1
SRR20249562,SRR19931969,SRR15200045,2021-11-10,2021-11-04,2021-07-02,{'AY.39': 1},853325,1,-1,2147483648,4,False,1
SRR17157536,SRR15225135,SRR16728687,2021-08-01,2021-07-12,2021-04-23,{'AY.3.1': 1},425791,1,425792,1,0,False,1
ERR6634211,ERR6309043,ERR6440908,2021-08-19,2021-07-04,2021-07-26,{'AY.4': 1},484659,1,-1,2147483648,0,False,1
node_189199,SRR16781977,SRR15199951,2021-10-06,2021-10-07,2021-06-25,{'AY.20': 8},694695,8,-1,2147483648,4,False,8
node_715349,SRR19284948,ERR12538328,2022-06-16,2022-05-03,2022-06-19,{'BA.4.1': 2},1526808,2,1526808,0,0,False,2
ERR7312514,ERR6772652,ERR6486677,2021-11-02,2021-09-06,2021-07-03,{'AY.4': 1},805600,1,-1,2147483648,4,False,1
node_233065,SRR15295106,SRR16307205,2021-06-23,2021-06-26,2021-09-13,{'AY.39': 35},331001,379,-1,2147483648,1,False,35
SRR21371381,ERR10000161,SRR20663851,2022-08-12,2022-07-06,2022-07-06,{'BE.2': 1},1616509,1,1616510,1,0,False,1
SRR15775617,node_291545,SRR20946507,2021-08-17,2021-08-17,2021-11-23,{'AY.25.3': 1},478579,1,-1,2147483648,4,False,1
node_23743,SRR15152414,ERR6933894,2021-03-18,2021-03-26,2021-09-29,{'B.1.637': 2},209072,2,-1,2147483648,6,False,2
ERR13041352,ERR13011374,ERR13051547,2022-11-25,2022-10-17,2022-12-23,{'BQ.1.13': 1},1712934,1,1712935,1,0,False,1
ERR7239529,ERR6930264,ERR6440908,2021-10-16,2021-09-27,2021-07-26,{'AY.4': 1},729830,1,729831,1,0,False,1
SRR15993592,SRR15199928,SRR15629067,2021-08-25,2021-06-25,2021-08-05,{'AY.118': 1},506275,1,506276,1,0,False,1
ERR12079917,ERR12080718,ERR10813843,2022-12-19,2022-12-14,2023-01-11,{'BA.5.2': 1},1728007,1,1428716,11,10,False,1
node_179517,SRR17218751,ERR6440908,2021-10-27,2021-11-21,2021-07-26,{'AY.100': 6},779345,6,779346,1,0,False,6
SRR21458174,ERR12976414,SRR20136249,2022-08-19,2022-06-14,2022-06-19,{'BA.4': 1},1625490,1,1625491,1,0,False,1
ERR9085156,ERR8150270,SRR17992458,2022-02-13,2022-01-17,2022-01-09,{'BA.1.1': 1},1254314,1,-1,2147483648,5,False,1
SRR19815278,SRR20250316,ERR6440908,2021-11-18,2021-11-11,2021-07-26,{'AY.125': 1},895953,1,-1,2147483648,7,False,1
node_125443,ERR11761851,ERR6644772,2021-09-25,2021-07-16,2021-08-15,{'AY.4': 1},643798,1,643799,1,0,False,1
node_544105,ERR8551466,ERR10004467,2022-03-21,2022-02-02,2022-04-22,{'BA.1': 1},1379623,1,1379624,1,0,False,1
SRR16829531,SRR20918075,SRR16851266,2021-10-07,2021-12-16,2021-10-14,{'AY.113': 1},693741,1,373989,1,4,False,1
node_189605,SRR16345224,ERR6491956,2021-10-24,2021-09-15,2021-07-21,{'AY.100': 17},764310,20,-1,2147483648,5,False,17
node_188318,ERR7188815,ERR7147908,2021-11-05,2021-10-20,2021-10-05,{'AY.4': 2},746207,9,-1,2147483648,3,False,2
node_192011,SRR20259671,ERR11753829,2021-11-13,2021-10-19,2021-10-17,{'AY.107': 2},869463,2,-1,2147483648,10,False,2
node_627496,ERR13053855,SRR19620834,2023-10-18,2023-11-27,2022-05-26,"{'JN.1': 7448, 'JN.1.42': 263, 'JN.1.1': 1570, 'JN.1.4': 4741, 'JN.1.32': 119, 'JN.1.43.1': 92, 'JN.1.16.1': 61, 'JN.1.42.2': 12, 'JN.1.30': 27, 'BA.2.86.1': 656, 'KP.2.6': 1, 'KP.1.1.3': 36, 'JN.1.11': 39, 'JN.1.31': 93, 'JN.1.7': 570, 'JN.1.4.5': 1030, 'JN.1.8': 151, 'JN.1.8.1': 586, 'JN.1.6': 186, 'JN.18': 160, 'KP.3.1': 90, 'JN.1.13.1': 221, 'KP.1.1.1': 70, 'JN.3.3': 47, 'JN.1.16': 100, 'KP.2.2': 64, 'JN.1.60': 21, 'JN.1.4.2': 260, 'KP.1.1': 65, 'JN.1.9': 289, 'XDD.1.1.1': 7, 'JN.1.5': 63, 'XDK': 47, 'JN.1.2': 241, 'XDP.1': 32, 'JN.3': 98, 'JQ.1': 103, 'JN.1.4.1': 25, 'JN.1.38': 130, 'JN.1.59': 32, 'XDP': 80, 'JN.1.39': 452, 'JN.1.1.1': 33, 'KP.2.3': 171, 'KP.2.3.3': 3, 'KP.2': 214, 'JN.1.45': 156, 'XDD': 68, 'JN.1.19': 218, 'JN.1.22': 233, 'JN.1.18': 171, 'LF.4': 4, 'KR.1': 27, 'JN.1.43': 158, 'JN.1.55': 29, 'JN.1.7.3': 7, 'JN.1.3': 32, 'JN.7': 83, 'JN.1.34': 25, 'KP.3.3': 57, 'JN.1.6.1': 28, 'JN.1.11.1': 53, 'JN.1.52': 67, 'JN.1.4.8': 29, 'JN.1.28': 14, 'JQ.2.1': 7, 'JN.2': 206, 'JN.1.41': 58, 'JN.1.24': 25, 'LB.1': 42, 'JN.1.7.5': 178, 'XDD.2': 1, 'KS.1': 78, 'JN.1.17': 42, 'JN.1.57': 5, 'JN.10': 31, 'XDP.3': 15, 'JN.1.35': 2, 'JN.1.14': 14, 'XDK.1': 12, 'JN.1.64': 43, 'JN.1.18.6': 3, 'JN.1.8.3': 72, 'KV.2': 147, 'JN.1.16.2': 4, 'KP.4.2': 10, 'JN.1.18.2': 18, 'KP.3.1.4': 46, 'JN.6': 69, 'JN.1.65': 5, 'JN.1.4.6': 64, 'JN.2.2': 13, 'JN.1.1.7': 15, 'JN.1.29': 59, 'JN.2.3': 37, 'XDD.1': 17, 'JN.2.5': 5, 'LB.1.7': 35, 'LP.1.1': 5, 'JN.1.10': 4, 'KP.3.2.4': 83, 'BA.2.86.2': 16, 'KP.3.1.1': 25, 'JN.9': 32, 'JN.1.4.3': 51, 'LN.1.1': 5, 'JN.1.47.2': 61, 'JN.1.46': 119, 'JN.1.37': 13, 'JN.1.20': 23, 'LH.2': 4, 'JN.1.21': 19, 'KQ.1': 86, 'KP.5': 9, 'JN.1.7.2': 64, 'KV.1': 1, 'JN.1.18.3': 22, 'XDK.5': 9, 'LJ.1': 10, 'XDD.3': 2, 'JN.1.25': 7, 'LB.1.3': 43, 'KW.1.1': 13, 'KU.1': 3, 'JN.1.1.2': 11, 'JN.1.47': 55, 'JN.2.1': 3, 'JN.1.24.1': 3, 'JN.13.1': 8, 'JN.1.44': 23, 'JN.1.64.1': 10, 'JN.1.54': 15, 'JN.1.49.1': 6, 'JN.1.53.1': 12, 'LB.1.4': 22, 'JN.1.42.1': 6, 'JN.1.58': 17, 'JN.1.4.7': 54, 'JN.1.39.3': 14, 'LF.4.1': 6, 'LA.1': 21, 'KP.4.1': 29, 'KP.3.2.3': 11, 'KP.2.5': 5, 'JN.1.26': 10, 'KY.1': 1, 'LB.1.8': 7, 'KP.4': 6, 'KP.3.1.5': 4, 'JN.1.1.6': 11, 'JN.4': 39, 'JN.1.9.1': 7, 'JN.1.44.1': 1, 'JN.1.50': 8, 'KP.3.1.6': 11, 'JN.1.13': 9, 'ML.2': 1, 'KP.1': 15, 'KP.2.15': 13, 'LK.1': 2, 'JN.1.54.1': 2, 'JN.1.1.5': 13, 'KS.1.1': 9, 'JN.1.1.4': 10, 'KP.3.2': 31, 'JN.2.4': 1, 'JN.1.8.2': 9, 'LL.1': 23, 'XDD.1.1': 17, 'JN.1.1.3': 14, 'LF.5': 8, 'XDK.4.1': 8, 'JN.1.27': 16, 'JN.1.63': 14, 'KR.1.1': 11, 'JN.11': 42, 'JN.1.4.4': 20, 'JN.1.51': 9, 'MD.1.1': 7, 'JN.1.49': 19, 'JN.1.30.1': 5, 'KP.2.14': 1, 'JN.1.39.2': 5, 'LF.1': 13, 'BA.2.86.6': 2, 'LF.1.1': 5, 'KP.1.2': 13, 'JN.13': 12, 'KW.1': 8, 'LP.1': 17, 'BA.2.86.3': 11, 'LB.1.2': 5, 'KP.4.2.1': 3, 'LB.1.3.1': 3, 'LB.1.3.2': 9, 'JN.1.48': 7, 'LF.1.1.1': 12, 'JN.1.25.1': 3, 'JN.1.57.1': 4, 'JN.1.62': 11, 'JN.1.61': 3, 'XEB': 9, 'JN.1.51.1': 5, 'KZ.1.1': 2, 'LE.1': 8, 'JN.1.32.1': 14, 'JN.1.7.9': 2, 'XDR': 6, 'LV.1': 10, 'JN.1.1.10': 13, 'JN.1.56': 6, 'KP.3': 25, 'KP.3.5': 6, 'JN.1.15': 9, 'LB.1.7.1': 1, 'KZ.1': 2, 'LW.1': 5, 'BA.2.86': 14, 'JN.1.36': 2, 'JN.1.53': 22, 'LC.1': 1, 'JN.1.2.1': 1, 'MK.2': 4, 'JQ.2.1.1': 1, 'KP.2.13': 2, 'JN.1.16.3': 7, 'LQ.1.1': 11, 'LF.3.1': 5, 'JN.1.40': 6, 'JN.1.55.2': 1, 'KP.2.9': 1, 'JN.16': 3, 'JN.1.50.1': 7, 'KW.1.1.1': 1, 'LK.2.1': 2, 'JN.1.63.1': 2, 'JN.1.58.3': 2, 'LP.3': 2, 'MA.1': 4, 'KP.1.1.4': 1, 'KP.2.1': 9, 'XDY': 3, 'LF.3.1.1': 5, 'KP.3.3.3': 6, 'JN.5': 8, 'JN.1.48.3': 3, 'KP.4.2.2': 4, 'JN.1.48.2': 1, 'JN.1.48.1': 1, 'JN.1.7.1': 9, 'JN.1.50.2': 2, 'JN.1.47.1': 5, 'LA.2': 1, 'LR.1': 1, 'KP.2.3.1': 1, 'KP.3.2.2': 3, 'LY.2': 1, 'JN.1.18.4': 1, 'KP.2.10': 4, 'KS.1.3': 2, 'KP.1.1.5': 6, 'KP.3.4': 3, 'JN.1.28.1': 4, 'JN.1.29.1': 1, 'XDP.2': 1, 'MM.1': 3, 'KP.2.7': 5, 'LE.1.1': 4, 'LM.1': 1, 'LY.1': 1, 'JN.1.65.1': 5, 'KP.3.1.2': 3, 'MF.1': 4, 'KP.4.1.1': 2, 'KP.2.16': 5, 'KU.2': 5, 'JN.14': 1, 'JN.1.23': 8, 'XDK.3': 2, 'XDK.1.2': 4, 'KP.3.2.1': 2, 'LB.1.2.1': 2, 'JN.1.12': 1, 'LF.3': 1, 'JN.1.55.1': 2, 'LQ.1': 1, 'MH.1': 1, 'KP.2.8': 1, 'XDK.4': 2, 'LU.2': 1, 'JN.1.7.7': 2, 'BA.2.86.7': 1, 'LQ.3': 1, 'KP.4.1.2': 1, 'JN.8': 1, 'LH.1': 1, 'BA.2.86.4': 1, 'JN.1.9.2': 1, 'JN.1.23.1': 1, 'MD.2': 1, 'JN.1.39.1': 3, 'KP.3.2.5': 1}",871726,858794,-1,2147483648,1,True,25668
ERR7320404,ERR11755396,ERR6162082,2021-10-27,2021-10-21,2021-06-13,{'AY.4.2.3': 1},778370,1,778371,1,0,False,1
SRR21317915,SRR16499858,ERR7521902,2021-10-28,2021-09-20,2021-11-19,{'AY.3': 1},784848,1,-1,2147483648,7,False,1
node_544081,node_436931,ERR11755611,2021-12-27,2021-11-13,2021-11-25,"{'BA.1.1': 1, 'BA.1': 2}",167126,795153,-1,2147483648,1,False,3
node_349823,SRR17392466,node_349822,2021-08-26,2021-12-21,2021-08-26,{'AY.26': 4},511334,4,-1,2147483648,7,False,4
ERR10296449,SRR21371541,ERR13054526,2022-09-12,2022-08-13,2022-12-01,{'BA.5.2': 1},1652914,1,1428716,8,5,False,1
node_345216,SRR20117747,SRR16380915,2021-12-11,2021-12-11,2021-09-17,{'AY.20': 1},1012486,1,-1,2147483648,2,False,1
node_580578,SRR21797084,node_589091,2022-06-28,2022-07-27,2023-02-12,"{'BN.1.3.1': 673, 'BL.6': 5, 'CH.1.1': 3509, 'DV.3.1': 61, 'CH.1.1.2': 600, 'CH.1.1.5': 199, 'BA.2.75.3': 38, 'BR.2.1': 222, 'CV.1': 77, 'BN.1.3': 498, 'GP.2': 95, 'CH.1.1.24': 82, 'GP.3': 41, 'CH.1.1.21': 32, 'CH.1.1.19': 343, 'DS.3': 211, 'DV.7.1.5': 45, 'BN.1.2': 286, 'BN.1.5': 509, 'CH.1.1.11': 136, 'DV.6': 1296, 'DV.1': 34, 'BN.1.2.1': 208, 'DV.3': 223, 'CA.7': 109, 'DS.2': 25, 'CH.1.1.16': 20, 'BN.1.7': 135, 'CH.1.1.1': 1180, 'BA.2.75.5': 143, 'DV.7.1.2': 29, 'BR.1': 76, 'BA.2.75.2': 369, 'CH.1.1.12': 397, 'CH.1.1.15': 54, 'DV.7': 76, 'BM.1.1.3': 186, 'DV.7.1.4': 54, 'CJ.1.2': 119, 'BA.2.75.6': 13, 'CH.1.1.13': 180, 'BN.5': 24, 'DV.1.1': 266, 'BN.1': 425, 'BN.1.2.2': 16, 'CH.1.1.8': 109, 'BA.2.75': 74, 'XBK.1': 75, 'DV.2': 99, 'DV.6.1': 11, 'CH.1.1.10': 166, 'CH.1.1.6': 244, 'BN.1.4.4': 269, 'BL.1': 89, 'BN.1.3.5': 22, 'CB.1': 46, 'BM.4.1.1': 88, 'BN.1.4.5': 12, 'FJ.1': 80, 'XBK': 103, 'BL.2': 50, 'CA.3': 20, 'BA.2.75.1': 191, 'CH.1.1.22': 22, 'CA.5': 23, 'BY.1': 88, 'CH.1': 7, 'BN.1.2.3': 43, 'XBQ': 36, 'BN.1.3.12': 27, 'BN.1.4.3': 29, 'BN.1.3.6': 58, 'BY.1.2': 16, 'CA.1': 51, 'CA.3.1': 34, 'CJ.1.1': 16, 'BN.1.1': 32, 'CH.1.1.14': 89, 'CH.1.1.23': 20, 'CH.1.1.28': 123, 'BN.1.4': 118, 'BM.1.1': 51, 'CH.1.1.25': 142, 'BR.1.2': 38, 'CH.1.1.18': 52, 'FS.1': 129, 'BN.1.2.4': 21, 'CH.1.1.32': 16, 'DV.7.1': 44, 'DS.1': 27, 'CH.1.1.3': 57, 'BL.3': 18, 'DV.7.1.8': 2, 'BN.3.1': 51, 'BN.1.3.7': 13, 'BN.6': 43, 'CH.1.1.9': 114, 'CH.1.1.20': 12, 'BN.1.10': 16, 'BN.3': 3, 'DV.5': 33, 'EJ.2': 28, 'CH.1.1.30': 9, 'CH.1.1.7': 12, 'BN.1.9': 22, 'KG.1': 7, 'GP.1': 22, 'BA.2.75.10': 6, 'BM.1': 19, 'CH.1.1.27': 21, 'BN.1.4.1': 34, 'BN.1.3.8': 4, 'FR.1.1': 5, 'CA.2': 4, 'BA.2.75.4': 19, 'BN.1.1.1': 19, 'BA.2.75.7': 8, 'BN.2.1': 9, 'EJ.1': 10, 'BR.2': 2, 'BN.1.5.2': 11, 'DV.4': 5, 'BN.1.3.4': 2, 'BR.5': 5, 'BM.2.1': 1, 'DV.7.1.1': 9, 'FR.1': 8, 'BM.1.1.1': 15, 'BM.1.1.5': 12, 'CJ.1.3': 8, 'DV.7.1.3': 13, 'BM.5': 9, 'CH.2': 4, 'BL.4': 4, 'DV.8': 3, 'BN.1.2.7': 2, 'BN.1.2.5': 2, 'BN.2': 3, 'BL.1.4': 7, 'DV.7.1.6': 6, 'BL.5': 8, 'FR.1.2': 2, 'BN.1.3.3': 5, 'CH.1.1.26': 6, 'BN.4': 3, 'BM.2': 4, 'CJ.1': 2, 'BN.1.3.9': 2, 'BR.4': 2, 'BN.1.2.6': 2, 'BL.1.1': 1, 'CH.1.1.29': 1, 'CA.6': 1, 'FR.1.4': 1, 'DV.6.2': 1, 'BM.1.1.2': 1, 'BN.1.4.2': 1, 'CH.3.1': 1, 'BN.1.6': 1, 'BM.4': 1, 'BM.3': 1, 'BY.1.2.1': 1, 'BM.4.1': 1}",871728,1294334,-1,2147483648,64,True,17219
node_230008,ERR7105000,ERR6492325,2021-11-08,2021-10-07,2021-08-07,{'AY.120': 1},840334,1,-1,2147483648,7,False,1
ERR10711772,ERR10711774,ERR8633303,2022-03-13,2022-03-13,2022-02-03,{'BA.2': 1},1350908,1,1350909,1,0,False,1
node_188864,ERR12793883,ERR13153313,2021-09-11,2021-07-24,2021-07-30,{'AY.118': 1},581130,1,581131,1,0,False,1
SRR16829334,SRR16385250,ERR6440908,2021-10-08,2021-09-21,2021-07-26,{'AY.109': 1},698328,1,698329,1,0,False,1
node_334295,SRR17352228,ERR11820691,2021-09-02,2021-10-02,2021-07-03,{'B.1.617.2': 3},540054,3,540054,0,3,False,3
node_179668,SRR16307159,ERR6495785,2021-09-16,2021-09-15,2021-07-25,{'AY.100': 7},605382,7,-1,2147483648,10,False,7
node_356696,SRR15489619,ERR8241972,2021-07-20,2021-07-31,2021-12-05,{'AY.75': 4},400247,8,-1,2147483648,2,False,4
ERR13322641,ERR12551638,ERR13321687,2024-02-19,2023-12-26,2023-11-21,{'JN.1.43.1': 1},1887013,1,1854739,12,5,False,1
ERR7937571,node_544090,ERR11756759,2021-12-27,2021-12-27,2021-12-02,{'BA.1': 1},1061130,1,1061131,1,0,False,1
node_615971,SRR25709650,ERR11171424,2023-08-10,2023-08-04,2023-03-17,{'EG.6.1': 2},1830783,2,1830784,1,0,False,2
node_580573,ERR10462350,ERR10000094,2022-10-28,2022-10-20,2022-07-05,{'BA.2': 9},1428716,244541,1428716,0,12,False,9
node_188660,ERR11753634,ERR6573578,2021-11-14,2021-10-17,2021-08-18,{'AY.4': 1},873008,1,873009,1,0,False,1
ERR5306171,node_416447,ERR5552870,2021-01-21,2021-01-21,2021-03-15,{'B.1.1.7': 1},118921,1,-1,2147483648,5,False,1
SRR17690069,SRR17106828,SRR15391719,2021-12-03,2021-11-17,2021-07-21,{'AY.119': 1},973435,1,-1,2147483648,7,False,1
SRR29320538,SRR25814946,ERR10910673,2023-08-28,2023-08-08,2023-02-04,{'FL.1.5.1': 1},1835891,1,1673437,14,8,False,1
SRR20245955,node_190841,SRR15200010,2021-10-22,2021-10-28,2021-06-24,{'AY.114': 1},756944,1,323645,5,4,False,1
ERR7303734,ERR6903640,ERR6492325,2021-10-31,2021-09-24,2021-08-07,{'AY.4': 1},794441,1,794442,1,0,False,1
node_189228,ERR6446085,SRR17889057,2021-07-27,2021-07-29,2021-12-24,{'AY.36': 42},348025,3784,-1,2147483648,4,False,42
node_623711,ERR13058605,node_616381,2023-08-31,2023-08-14,2023-09-09,{'XBB.1.9': 4},1836985,4,1836985,0,1,True,4
node_87613,ERR6441624,ERR6492325,2021-07-26,2021-07-15,2021-08-07,{'AY.4': 3},401793,3,-1,2147483648,3,False,3
ERR6886412,ERR6512170,SRR16153387,2021-09-17,2021-07-29,2021-09-01,{'AY.4': 1},608499,1,608500,1,0,False,1
node_354912,SRR15413985,ERR11742083,2021-09-07,2021-07-31,2021-08-21,{'AY.47': 7},560455,7,560455,0,0,False,7
ERR7147933,ERR6493550,ERR7147518,2021-10-06,2021-07-28,2021-10-06,{'AY.124': 1},686614,1,332322,2,4,False,1
node_189675,SRR17378488,SRR16883780,2021-12-04,2021-12-05,2021-10-13,{'AY.117': 2},978140,2,978140,0,1,False,2
ERR7795899,ERR7285078,ERR6816656,2021-12-12,2021-10-27,2021-09-14,{'AY.4': 1},1015825,1,-1,2147483648,4,False,1
SRR16153759,SRR16354731,SRR15199972,2021-09-03,2021-09-17,2021-06-25,{'AY.39': 1},547839,2,-1,2147483648,5,False,1
node_360011,ERR12789419,node_205314,2021-07-08,2021-06-07,2021-11-09,{'B.1.617.2': 3},358727,3,-1,2147483648,5,False,3
ERR7709970,ERR7663085,ERR6440908,2021-12-07,2021-12-02,2021-07-26,{'AY.129': 1},991165,1,991166,1,0,False,1
node_186192,SRR20116100,ERR11827861,2021-09-15,2021-12-01,2021-11-09,{'AY.100': 107},167127,1241012,-1,2147483648,1,False,107
SRR16602278,SRR15364194,SRR15588866,2021-08-13,2021-07-19,2021-08-07,{'B.1.617.2': 1},468452,1,468453,1,0,False,1
node_45495,node_346260,node_46557,2021-03-13,2021-03-07,2021-07-31,"{'B.1.617.2': 3026, 'AY.48': 312, 'AY.35': 296}",199550,3636,-1,2147483648,6,False,3634
node_702929,ERR10045067,ERR10150279,2022-07-28,2022-07-26,2022-08-23,{'BA.5.2': 2},871728,1294334,-1,2147483648,64,False,2
ERR7148136,ERR7050043,ERR13153313,2021-10-07,2021-09-25,2021-07-30,{'AY.36': 1},691709,1,-1,2147483648,4,False,1
SRR20762889,SRR21175563,node_314215,2021-10-25,2021-10-30,2021-11-19,{'AY.44': 1},769578,1,-1,2147483648,6,False,1
ERR7007369,ERR7009409,ERR11755165,2021-09-27,2021-09-27,2021-10-19,{'AY.126': 1},650502,1,-1,2147483648,5,False,1
ERR5458932,ERR5458865,node_424984,2021-02-22,2021-02-16,2021-02-13,{'B.1.1.7': 1},166251,1,166252,1,0,False,1
ERR5552870,node_376299,ERR5552606,2021-03-15,2021-03-23,2021-03-14,{'B.1.1.7': 1},202585,1,-1,2147483648,4,False,1
node_175948,SRR16786725,ERR6492325,2021-10-15,2021-10-08,2021-08-07,{'AY.4': 4},727447,4,727448,1,0,False,4
SRR21042171,SRR20095525,SRR20919455,2022-07-20,2022-06-13,2022-07-18,{'BA.5': 1},1582959,1,1582960,1,0,False,1
node_189294,SRR17130385,SRR16527388,2021-11-23,2021-11-07,2021-09-27,{'AY.100': 1},921928,1,-1,2147483648,4,False,1
node_187885,SRR19815333,ERR13153313,2021-10-27,2021-11-18,2021-07-30,{'AY.113': 1},779324,3,779325,1,0,False,1
SRR19941578,ERR10000016,ERR12713422,2022-06-03,2022-06-29,2022-05-19,{'BA.2.12.1': 1},1508252,1,1508253,1,0,False,1
node_696531,SRR21440715,ERR9653153,2022-09-17,2022-08-11,2022-04-17,{'BF.26': 4},1665406,4,1660891,1,0,False,4
node_193399,SRR20768509,SRR16689807,2021-10-15,2021-10-23,2021-09-30,{'AY.125': 1},727601,3,-1,2147483648,2,False,1
node_188252,SRR15224720,ERR6440908,2021-07-13,2021-07-12,2021-07-26,{'AY.110': 7},366597,8,-1,2147483648,6,False,7
node_647732,SRR21372289,ERR10000094,2022-09-14,2022-08-14,2022-07-05,{'BA.5.1.18': 2},1657401,2,1657401,0,0,False,2
ERR5304348,ERR10089282,ERR5006866,2021-01-12,2021-04-21,2020-11-26,{'B.1.1': 1},107776,1,107777,1,0,False,1
ERR13056717,ERR13040667,SRR27353674,2023-02-19,2023-01-14,2023-10-26,{'BQ.1.1': 1},1774231,1,1428716,14,6,False,1
node_674559,SRR21539000,SRR21369642,2022-09-14,2022-08-29,2022-08-12,{'BE.1.4': 2},1657704,2,1657704,0,0,False,2
node_188353,ERR6420031,ERR6570394,2021-08-18,2021-07-28,2021-08-11,{'AY.4': 3},407389,362,-1,2147483648,1,False,3
ERR10839848,ERR10756347,SRR24183873,2023-01-23,2022-12-10,2023-04-02,{'BA.2': 1},1751641,1,1751642,1,0,False,1
node_188737,ERR6858131,SRR16829333,2021-10-19,2021-09-19,2021-10-08,{'AY.4': 1},742735,1,742736,1,0,False,1
node_197358,ERR7240472,ERR13153313,2021-09-15,2021-10-11,2021-07-30,{'B.1.617.2': 1},599755,1,-1,2147483648,8,False,1
node_203657,SRR17299710,ERR6761017,2021-11-26,2021-12-03,2021-08-30,{'AY.34.1': 6},935788,6,-1,2147483648,7,False,6
ERR7231714,ERR6779096,ERR6755104,2021-10-16,2021-09-09,2021-09-01,{'AY.4': 1},729792,1,729793,1,0,False,1
ERR9700026,ERR11781915,ERR11892664,2022-04-08,2022-03-28,2022-03-16,{'BA.2': 1},1426104,1,1426105,1,0,False,1
SRR22117054,node_638213,ERR10432112,2022-10-14,2022-07-08,2022-10-06,{'BA.5.1': 1},1687174,1,1428716,6,0,False,1
SRR20116093,SRR19527964,SRR16606817,2021-12-02,2021-12-04,2021-09-28,{'AY.39': 1},968896,1,-1,2147483648,1,False,1
ERR13040343,ERR12781803,ERR13054211,2023-01-20,2022-07-06,2023-01-07,{'BQ.1.1': 1},1750095,1,1750096,1,0,False,1
node_189697,ERR12820927,ERR6571997,2021-08-11,2021-08-19,2021-08-16,{'AY.42': 2},461796,5,373410,4,5,False,2
node_188524,SRR16706618,SRR20178965,2021-12-04,2021-10-06,2021-11-28,{'AY.4': 4},944791,6,-1,2147483648,3,False,4
node_198691,SRR20246493,ERR11754591,2021-10-28,2021-10-24,2021-10-20,{'AY.119.2': 8},817406,8,-1,2147483648,7,False,8
SRR21173296,SRR16900296,ERR6571500,2021-10-27,2021-10-19,2021-08-08,{'AY.26': 1},779612,1,-1,2147483648,8,False,1
ERR7643780,ERR7505432,ERR8191371,2021-11-30,2021-11-15,2021-12-01,{'AY.34.1': 1},954685,1,-1,2147483648,6,False,1
node_700663,ERR10021881,ERR10005251,2022-06-17,2022-07-22,2022-07-19,{'BA.5.2': 2},1528970,2,1528971,1,0,False,2
SRR17275446,node_47931,ERR13153313,2021-12-02,2021-12-15,2021-07-30,{'B.1.617.2': 1},968229,1,-1,2147483648,2,False,1
ERR7313709,ERR7009168,ERR6112499,2021-10-26,2021-09-16,2021-06-08,{'AY.4': 1},773532,1,-1,2147483648,4,False,1
ERR8018134,ERR7275345,ERR11756798,2022-01-03,2021-10-26,2021-12-01,{'AY.46.5': 1},1079764,1,1079765,1,0,False,1
SRR17134150,SRR16571709,ERR6492325,2021-09-16,2021-09-05,2021-08-07,{'AY.127': 1},605595,1,-1,2147483648,7,False,1
node_228677,ERR6920539,ERR7092734,2021-10-05,2021-09-23,2021-10-05,{'AY.120': 8},681814,8,681814,0,1,False,8
node_642708,SRR22317385,ERR13013688,2022-11-27,2022-11-03,2022-09-01,{'BA.5.1.12': 1},1713502,1,1428716,8,2,False,1
ERR8204883,ERR7772151,ERR6440908,2021-12-08,2021-12-09,2021-07-26,{'AY.4': 1},999919,1,999920,1,0,False,1
SRR20115940,node_185378,ERR6889456,2021-12-01,2021-12-12,2021-09-21,{'AY.100': 1},963606,3,-1,2147483648,4,False,1
node_188299,ERR6487581,ERR6435944,2021-08-23,2021-07-24,2021-07-14,{'AY.4': 1},496637,1,-1,2147483648,4,False,1
ERR10366269,node_720738,ERR9825147,2022-09-27,2022-09-27,2022-04-22,{'BA.4.6.5': 1},1671006,1,-1,2147483648,3,False,1
SRR16606235,SRR16527271,ERR7239527,2021-09-28,2021-09-21,2021-10-16,{'AY.39': 1},656049,1,-1,2147483648,5,False,1
node_580298,node_580297,node_701767,2022-06-28,2022-06-28,2022-09-06,"{'BN.1.3.1': 673, 'XBF.3': 64, 'BL.6': 5, 'CH.1.1': 3509, 'DV.3.1': 61, 'CH.1.1.2': 600, 'CH.1.1.5': 199, 'BA.2.75.3': 38, 'BR.2.1': 222, 'CV.1': 77, 'BN.1.3': 498, 'GP.2': 95, 'CH.1.1.24': 82, 'GP.3': 41, 'CH.1.1.21': 32, 'CH.1.1.19': 343, 'DS.3': 211, 'DV.7.1.5': 45, 'BN.1.2': 286, 'BN.1.5': 509, 'CH.1.1.11': 136, 'DV.6': 1296, 'DV.1': 34, 'BN.1.2.1': 208, 'DV.3': 223, 'CA.7': 109, 'DS.2': 25, 'CH.1.1.16': 20, 'BN.1.7': 135, 'CH.1.1.1': 1180, 'BA.2.75.5': 143, 'DV.7.1.2': 29, 'BR.1': 76, 'BA.2.75.2': 369, 'XBF': 631, 'CH.1.1.12': 397, 'CH.1.1.15': 54, 'DV.7': 76, 'BM.1.1.3': 186, 'DV.7.1.4': 54, 'CJ.1.2': 119, 'BA.2.75.6': 13, 'CH.1.1.13': 180, 'BN.5': 24, 'DV.1.1': 266, 'BN.1': 425, 'BN.1.2.2': 16, 'CH.1.1.8': 109, 'BA.2.75': 75, 'XBK.1': 75, 'DV.2': 99, 'DV.6.1': 11, 'CH.1.1.10': 166, 'CH.1.1.6': 244, 'BN.1.4.4': 269, 'BL.1': 89, 'BN.1.3.5': 22, 'XCT': 25, 'CB.1': 46, 'BM.4.1.1': 88, 'BN.1.4.5': 12, 'FJ.1': 80, 'XBK': 103, 'BL.2': 50, 'CA.3': 20, 'BA.2.75.1': 191, 'CH.1.1.22': 22, 'XBF.7': 13, 'CA.5': 23, 'BY.1': 88, 'CH.1': 7, 'BN.1.2.3': 43, 'XBQ': 36, 'BN.1.3.12': 27, 'BN.1.4.3': 29, 'BN.1.3.6': 58, 'BY.1.2': 16, 'CA.1': 51, 'CA.3.1': 34, 'BA.2': 16, 'CJ.1.1': 16, 'BN.1.1': 32, 'CH.1.1.14': 89, 'CH.1.1.23': 20, 'CH.1.1.28': 123, 'BN.1.4': 118, 'XCT.1': 32, 'BM.1.1': 51, 'CH.1.1.25': 142, 'BR.1.2': 38, 'CH.1.1.18': 52, 'FS.1': 129, 'BN.1.2.4': 21, 'XBF.4': 65, 'CH.1.1.32': 16, 'DV.7.1': 44, 'DS.1': 27, 'CH.1.1.3': 57, 'BL.3': 18, 'DV.7.1.8': 2, 'XBF.1': 4, 'BN.3.1': 51, 'BN.1.3.7': 13, 'XBF.9': 13, 'DV.5': 33, 'BN.6': 43, 'CH.1.1.9': 114, 'CH.1.1.20': 12, 'BN.1.10': 16, 'BN.3': 3, 'EJ.2': 28, 'CH.1.1.30': 9, 'CH.1.1.7': 12, 'BN.1.9': 22, 'KG.1': 7, 'GP.1': 22, 'BA.2.75.10': 6, 'BM.1': 19, 'CH.1.1.27': 21, 'XBF.1.1': 4, 'BN.1.4.1': 34, 'BN.1.3.8': 4, 'FR.1.1': 5, 'CA.2': 4, 'BA.2.75.4': 19, 'BN.1.1.1': 19, 'BA.2.75.7': 8, 'BN.2.1': 9, 'EJ.1': 10, 'BR.2': 2, 'BN.1.5.2': 11, 'DV.4': 5, 'BN.1.3.4': 2, 'BR.5': 5, 'BM.2.1': 1, 'XBF.7.1': 12, 'DV.7.1.1': 9, 'XBF.5': 8, 'FR.1': 8, 'BM.1.1.1': 15, 'BM.1.1.5': 12, 'CJ.1.3': 8, 'DV.7.1.3': 13, 'BM.5': 9, 'XBH': 7, 'CH.2': 4, 'BL.4': 4, 'DV.8': 3, 'XBF.2': 7, 'BN.1.2.7': 2, 'BN.1.2.5': 2, 'BN.2': 3, 'BL.1.4': 7, 'DV.7.1.6': 6, 'BL.5': 8, 'XBF.6': 10, 'FR.1.2': 2, 'BN.1.3.3': 5, 'CH.1.1.26': 6, 'BN.4': 3, 'BM.2': 4, 'CJ.1': 2, 'BN.1.3.9': 2, 'BR.4': 2, 'BN.1.2.6': 2, 'BL.1.1': 1, 'CH.1.1.29': 1, 'CA.6': 1, 'FR.1.4': 1, 'DV.6.2': 1, 'BM.1.1.2': 1, 'BN.1.4.2': 1, 'CH.3.1': 1, 'BN.1.6': 1, 'BM.4': 1, 'BM.3': 1, 'BY.1.2.1': 1, 'XBF.10': 1, 'BM.4.1': 1}",871728,1294334,-1,2147483648,64,True,18132
ERR7317796,SRR25066491,ERR6112499,2021-10-27,2021-11-11,2021-06-08,{'B.1.617.2': 1},778365,1,-1,2147483648,2,False,1
ERR9732238,ERR9720270,node_754626,2022-05-02,2022-05-01,2022-03-11,{'BA.2.41': 1},1466762,1,-1,2147483648,7,False,1
node_197731,ERR7318562,ERR8267093,2021-09-15,2021-10-28,2021-10-21,{'AY.121': 5},601578,6,-1,2147483648,5,False,5
SRR21797771,ERR10002131,ERR13012044,2022-09-19,2022-07-05,2022-08-28,{'BA.5.3.1': 1},1663128,1,1663129,1,0,False,1
node_188344,ERR6820661,ERR6162082,2021-10-15,2021-09-16,2021-06-13,{'AY.4': 1},726135,1,726136,1,0,False,1
node_269945,SRR16351064,ERR13153313,2021-10-07,2021-09-17,2021-07-30,{'AY.103': 1},693699,1,-1,2147483648,7,False,1
node_231555,SRR20251283,SRR15554495,2021-10-14,2021-11-12,2021-08-03,{'AY.39.1': 10},789624,10,-1,2147483648,4,False,10
SRR21457228,node_680686,SRR21994599,2022-08-18,2022-08-18,2022-09-06,{'BF.24': 1},1624682,1,1428716,9,7,False,1
node_197735,ERR11762590,ERR7229194,2021-10-18,2021-08-08,2021-10-18,{'AY.121': 2},836603,2,-1,2147483648,4,False,2
node_182145,SRR17052330,ERR6440908,2021-10-19,2021-10-26,2021-07-26,{'AY.100': 4},744611,4,-1,2147483648,7,False,4
node_334975,SRR16383177,SRR15706553,2021-10-18,2021-09-21,2021-07-14,{'AY.122': 1},738639,1,-1,2147483648,6,False,1
ERR6834094,node_64326,ERR13153313,2021-09-07,2021-08-01,2021-07-30,{'AY.4': 1},560015,1,-1,2147483648,5,False,1
SRR22344560,ERR10511060,ERR10086692,2022-11-02,2022-11-05,2022-07-30,{'BA.2': 1},1702507,1,1702508,1,0,False,1
SRR20145098,SRR24230382,ERR7239527,2021-12-03,2021-11-28,2021-10-16,{'AY.39': 1},973615,1,-1,2147483648,5,False,1
SRR16883669,SRR16793126,SRR16883632,2021-10-14,2021-10-05,2021-10-14,{'AY.3': 1},723287,1,-1,2147483648,6,False,1
SRR16527246,SRR16629883,node_188942,2021-09-27,2021-09-24,2021-08-06,{'AY.39': 1},651400,1,651401,1,0,False,1
SRR20249756,SRR20952235,ERR6440908,2021-11-10,2021-11-15,2021-07-26,{'AY.119': 1},852547,1,-1,2147483648,7,False,1
SRR16153609,SRR16055237,SRR15775541,2021-08-31,2021-08-20,2021-08-17,{'AY.3': 1},533748,1,533749,1,0,False,1
SRR21084986,ERR10109579,SRR20096650,2022-07-13,2022-08-08,2022-06-16,{'BA.5.1.30': 1},1569225,1,1569226,1,0,False,1
node_555408,node_555407,SRR19719393,2022-07-02,2022-07-02,2022-05-22,{'BA.2.12.1': 1},1548094,1,-1,2147483648,5,False,1
SRR27240204,SRR19319894,ERR13322628,2023-12-04,2022-05-05,2024-02-19,{'JN.1.39': 1},1867920,1,1867921,1,0,False,1
node_360146,SRR15289525,ERR6765017,2021-07-28,2021-07-17,2021-09-01,{'AY.67': 1},410802,1,410803,1,0,False,1
ERR6768972,ERR6639124,ERR6440908,2021-09-04,2021-08-07,2021-07-26,{'AY.4': 1},550319,1,-1,2147483648,7,False,1
SRR28043704,ERR10039731,ERR12551638,2024-02-01,2022-07-22,2023-12-26,{'JN.1.43.1': 1},1884049,1,1884050,1,0,False,1
node_235547,SRR19939593,SRR16239548,2021-10-18,2021-12-28,2021-09-09,{'AY.39': 47},739100,47,-1,2147483648,5,False,47
SRR20706313,ERR10000135,ERR12538804,2022-07-10,2022-07-06,2022-06-27,{'BA.4': 1},1562884,1,1562885,1,0,False,1
node_188315,ERR13182720,ERR6454904,2021-09-15,2021-08-22,2021-07-28,{'AY.4': 2},599464,2,599464,0,0,False,2
node_24405,SRR13689367,SRR14404745,2021-02-18,2020-12-02,2021-02-15,{'B.1.375': 2},160837,2,160838,1,0,False,2
node_168238,ERR6676360,node_168237,2021-09-29,2021-08-30,2021-09-29,{'AY.4': 4},658628,4,-1,2147483648,7,False,4
SRR21266622,ERR7743439,ERR6490974,2021-12-09,2021-12-04,2021-08-06,{'AY.118': 1},2802134,1,-1,2147483648,6,False,1
node_594791,SRR22237946,SRR23729336,2023-03-09,2022-10-17,2023-02-18,{'XBB.1.5': 3},1790906,3,1790907,1,0,True,3
SRR16829333,SRR16364659,SRR15982202,2021-10-08,2021-09-18,2021-09-03,{'AY.100': 1},698327,1,-1,2147483648,4,False,1
SRR16099131,SRR15552708,SRR16386287,2021-07-29,2021-07-24,2021-09-20,{'AY.14': 1},414848,1,-1,2147483648,5,False,1
ERR8686127,ERR8159712,ERR12307238,2022-02-09,2022-01-19,2022-04-07,{'BA.1': 1},1237767,1,1237768,1,0,False,1
SRR20186943,SRR17330479,SRR20228147,2021-12-05,2021-12-06,2021-10-28,{'AY.39': 1},982730,2,-1,2147483648,4,False,1
node_234486,SRR20145379,SRR16551672,2021-11-28,2021-12-05,2021-10-14,{'AY.39': 2},944542,3,-1,2147483648,4,False,2
node_646824,ERR10000044,node_716832,2022-05-15,2022-07-05,2022-06-18,"{'BA.5.1': 21, 'BA.5.2': 14}",871728,1294334,-1,2147483648,64,False,35
node_623717,node_623716,SRR25109904,2023-09-21,2023-09-21,2023-06-14,{'XBB.1.9': 3},1844193,3,1844193,0,0,True,3
ERR7044588,ERR7008500,ERR6370985,2021-09-22,2021-09-13,2021-07-17,{'AY.5': 1},631022,1,-1,2147483648,7,False,1
SRR21266638,SRR20935129,SRR16606691,2021-12-09,2021-12-09,2021-09-28,{'AY.39': 1},1006517,1,-1,2147483648,6,False,1
node_188289,ERR7294495,ERR6760158,2021-10-31,2021-10-29,2021-08-30,{'AY.4': 1},794484,1,-1,2147483648,5,False,1
node_461395,ERR7675357,ERR8476414,2022-01-16,2021-12-03,2022-01-23,"{'BA.1.19': 2, 'BA.1': 1, 'BA.1.17': 2}",871714,424062,-1,2147483648,0,False,5
node_314881,ERR6442517,ERR11763306,2021-07-28,2021-07-29,2021-11-24,{'AY.44': 1},410523,1,410524,1,0,False,1
node_701805,ERR10080278,ERR10150235,2022-10-26,2022-08-02,2022-08-20,{'BA.2.75': 5},1697529,5,1697530,1,0,False,5
node_785003,SRR16660456,node_785002,2021-03-23,2021-05-03,2021-03-15,{'P.1': 3},291686,3,-1,2147483648,5,False,3
node_580577,ERR10901538,ERR10489106,2023-02-02,2023-02-06,2022-11-01,{'BA.2': 6},1758223,6,1758224,1,0,False,6
ERR6840063,ERR6881205,ERR13153313,2021-09-13,2021-09-17,2021-07-30,{'AY.112': 1},589160,2,-1,2147483648,4,False,1
node_188711,ERR7094763,ERR6112499,2021-10-20,2021-10-06,2021-06-08,{'AY.4': 1},747258,1,747259,1,0,False,1
SRR16730512,SRR13380805,SRR14405940,2021-05-02,2020-12-27,2021-02-02,{'B.1.2': 1},277973,1,-1,2147483648,8,False,1
node_257468,SRR16546753,ERR6526813,2021-09-09,2021-09-25,2021-08-10,{'AY.103': 4},571695,5,-1,2147483648,5,False,4
node_664965,ERR10097107,ERR10476409,2023-01-04,2022-07-20,2022-10-28,{'BQ.1.1': 2},1739238,2,1739239,1,0,False,2
node_783508,SRR15151160,ERR13149662,2021-05-18,2021-05-01,2021-04-30,{'P.1': 3},132045,6003,-1,2147483648,1,False,3
node_189483,SRR16147011,ERR13153313,2021-10-09,2021-09-20,2021-07-30,{'AY.100': 2},702155,2,-1,2147483648,5,False,2
node_518987,ERR7920037,ERR12888162,2022-01-18,2021-12-23,2022-01-10,{'BA.1': 2},1238283,2,1123638,1,0,False,2
node_189988,node_195489,ERR6112499,2021-09-27,2021-08-19,2021-06-08,{'AY.127': 1},651380,1,-1,2147483648,7,False,1
node_188413,ERR11755890,node_188415,2021-10-26,2021-11-25,2021-10-21,{'AY.4.2.2': 8},773496,8,704794,2,3,False,8
node_522286,ERR8304130,ERR10673300,2021-12-12,2022-01-22,2022-12-05,{'BA.1.17.2': 2},1020300,2,-1,2147483648,4,False,2
node_701831,SRR20741975,ERR10015589,2022-08-22,2022-07-08,2022-07-16,{'BA.5.2': 2},1679816,2,1630344,1,0,False,2
SRR21266646,SRR20146079,ERR6491956,2021-12-08,2021-11-28,2021-07-21,{'AY.100': 1},1002446,1,-1,2147483648,6,False,1
ERR6333468,ERR11761851,ERR6175175,2021-07-10,2021-07-16,2021-06-24,{'AY.4': 1},361105,1,361106,1,0,False,1
node_6897,ERR4249590,node_7007,2021-03-03,2020-05-01,2021-03-30,{'B.1.634': 59},218128,59,-1,2147483648,38,False,59
ERR7044036,ERR5933097,ERR6555340,2021-09-22,2021-05-07,2021-08-16,{'AY.4': 1},631012,1,-1,2147483648,5,False,1
SRR15877561,SRR15874541,ERR7318562,2021-08-11,2021-08-09,2021-10-28,{'AY.116': 1},462368,1,462369,1,0,False,1
node_731443,ERR9110426,ERR8162740,2022-03-13,2022-02-24,2022-01-21,{'BA.2.3': 1},1351391,1,-1,2147483648,7,False,1
node_778979,ERR4597173,ERR11826937,2020-08-26,2020-08-07,2020-11-27,{'B.1.160': 4},30982,4,30443,1,0,False,4
node_180651,ERR7648466,node_189383,2021-08-30,2021-11-29,2021-11-24,{'AY.100': 82},568849,84,-1,2147483648,4,False,82
SRR26828095,SRR27334894,SRR26865116,2023-09-19,2023-08-17,2023-09-26,{'HV.1.6': 1},1843492,1,1673437,18,6,False,1
node_405106,ERR8972578,ERR5706257,2021-05-24,2021-05-18,2021-04-04,{'B.1.1.7': 6},300712,6,-1,2147483648,2,False,6
ERR12887809,ERR12886332,ERR8222293,2022-01-14,2022-01-10,2021-12-23,{'BA.1.12': 1},1111479,1,-1,2147483648,5,False,1
node_78800,node_78799,ERR6679169,2021-10-22,2021-10-22,2021-08-31,{'AY.4': 4},755018,4,-1,2147483648,5,False,4
SRR19821529,SRR19293544,ERR6492325,2022-01-15,2021-11-11,2021-08-07,{'B.1.617.2': 1},1114298,1,-1,2147483648,8,False,1
ERR13287273,ERR11761851,ERR11794685,2021-12-04,2021-07-16,2021-12-02,{'AY.4': 1},979453,1,979454,1,0,False,1
SRR20229089,SRR16384145,SRR20254683,2021-10-27,2021-09-21,2021-10-15,{'AY.100': 1},779163,1,-1,2147483648,5,False,1
ERR12960981,ERR12780385,ERR12713711,2022-04-01,2022-04-28,2022-04-14,{'BA.2.9': 1},1414366,1,-1,2147483648,2,False,1
node_188955,SRR16797667,ERR7707661,2021-10-16,2021-10-23,2021-11-15,{'AY.39': 1},730991,1,-1,2147483648,4,False,1
ERR6881713,ERR13182720,ERR6544260,2021-09-23,2021-08-22,2021-08-12,{'AY.4': 1},633518,1,633519,1,0,False,1
node_131357,ERR6348480,ERR11754070,2021-08-16,2021-07-14,2021-10-13,{'AY.46.5': 3},474744,3,-1,2147483648,7,False,3
node_701771,ERR10214020,ERR10003171,2022-12-20,2022-09-07,2022-07-07,"{'XBS': 19, 'XBR': 3}",1551581,17309,-1,2147483648,1,True,22
node_188644,ERR6611490,ERR13153313,2021-08-26,2021-08-23,2021-07-30,{'AY.4': 1},508294,1,508295,1,0,False,1
node_157605,ERR7287256,ERR6492325,2021-10-27,2021-10-28,2021-08-07,{'AY.4': 1},778376,1,778377,1,0,False,1
node_189882,SRR15628585,SRR20944594,2021-10-19,2021-08-05,2021-11-15,{'AY.119.2': 3},744545,4,-1,2147483648,4,False,3
ERR7268636,ERR11761851,ERR6776446,2021-10-22,2021-07-16,2021-09-06,{'AY.4': 1},757785,1,757786,1,0,False,1
node_197726,ERR7310754,ERR12821884,2021-10-23,2021-10-19,2021-09-07,{'AY.121': 12},1030728,12,-1,2147483648,7,False,12
ERR7239824,ERR6779332,ERR6492325,2021-10-26,2021-09-08,2021-08-07,{'AY.4': 1},771729,1,771730,1,0,False,1
SRR20254217,node_187505,SRR16829649,2021-10-15,2021-10-15,2021-10-09,{'AY.113': 1},727440,1,-1,2147483648,5,False,1
node_188460,ERR7108360,ERR7232111,2021-10-17,2021-10-08,2021-10-26,{'AY.4.2': 1},733198,1,733199,1,0,False,1
SRR20186727,SRR19270622,SRR15391358,2021-12-06,2021-11-14,2021-07-16,{'AY.119': 1},988716,1,-1,2147483648,7,False,1
SRR21641837,ERR10002774,ERR11551963,2022-07-18,2022-07-08,2022-06-06,{'BA.5.5': 1},1579666,1,1428716,4,7,False,1
node_699921,ERR10000667,ERR10005934,2022-07-04,2022-07-04,2022-07-20,{'BF.6': 10},1554372,10,1551057,1,0,False,10
ERR8476414,ERR8476408,ERR8266002,2022-01-23,2022-01-23,2022-01-16,{'AY.5': 1},1151834,1,1151835,1,0,False,1
node_188636,ERR6627124,ERR11754867,2021-10-14,2021-08-16,2021-10-20,{'AY.4': 3},659959,9,-1,2147483648,1,False,3
node_92619,ERR11756452,ERR7351306,2021-11-29,2021-11-28,2021-11-03,{'AY.4': 4},949117,4,-1,2147483648,3,False,4
node_210538,ERR6452059,ERR6936211,2021-07-25,2021-07-29,2021-09-29,{'AY.5': 1},397174,1,-1,2147483648,8,False,1
node_48197,SRR17084602,ERR6997670,2021-12-09,2021-10-06,2021-09-27,{'AY.112.2': 1},1004968,1,-1,2147483648,8,False,1
node_189086,SRR15777731,ERR7239527,2021-08-06,2021-08-20,2021-10-16,{'AY.39': 13},3408397,269,-1,2147483648,1,False,13
node_179810,SRR17128095,ERR6440908,2021-10-18,2021-11-15,2021-07-26,{'AY.100': 2},739358,3,739359,1,0,False,2
