recombinant,parent1,parent2,recombinant_date,parent1_date,parent2_date,pango_counts,sc2ts_mrca,sc2ts_num_descendants,sc2ts_closest_recombinant,sc2ts_closest_recombinant_path_len,sc2ts_num_mutations,x_lineage_involved,usher_num_descendants
ERR7149087,ERR6660059,ERR7239088,2021-09-27,2021-08-28,2021-10-08,{'AY.4': 1},652615,1,-1,2147483648,6,False,1
SRR20220449,SRR20105193,SRR20505229,2022-06-19,2022-07-01,2022-04-08,{'BA.2.12.1': 1},1530953,1,-1,2147483648,4,False,1
node_203901,ERR7121362,ERR6514726,2021-10-26,2021-10-11,2021-08-06,{'AY.34': 4},773303,4,-1,2147483648,3,False,4
ERR7237438,ERR11754890,ERR13182720,2021-10-16,2021-10-20,2021-08-22,{'AY.4': 1},729822,1,-1,2147483648,5,False,1
node_234338,SRR20189669,ERR7050028,2021-12-08,2021-12-08,2021-10-08,{'AY.39': 2},1001275,2,-1,2147483648,8,False,2
ERR8241972,ERR8185756,SRR15272300,2021-12-05,2021-12-06,2021-07-12,{'AY.4': 1},982313,2,982314,1,0,False,1
node_218233,ERR11761504,SRR15199807,2021-08-06,2021-07-08,2021-06-29,{'AY.43': 5},189903,49163,-1,2147483648,1,False,5
node_332325,SRR16527532,SRR17117520,2021-11-15,2021-09-22,2021-11-17,{'AY.44': 4},789767,20,-1,2147483648,1,False,4
node_226361,DRR321274,ERR7312207,2021-09-22,2021-05-18,2021-10-22,{'B.1.617.2': 1},631109,1,-1,2147483648,6,False,1
SRR16527597,SRR16527599,SRR16143970,2021-09-22,2021-09-22,2021-08-02,{'AY.39': 1},632157,1,-1,2147483648,3,False,1
node_600610,SRR24795867,ERR12385266,2023-08-23,2023-05-11,2023-11-04,{'XCR': 84},1833718,84,1833719,1,0,True,84
SRR20742269,SRR20742142,SRR20111221,2022-07-08,2022-07-10,2022-06-28,{'BE.1': 1},1560769,1,1560770,1,0,False,1
SRR16527453,SRR16364634,SRR15819456,2021-09-23,2021-09-16,2021-08-10,{'AY.100': 1},636352,1,-1,2147483648,4,False,1
node_600644,ERR12066373,SRR26085596,2023-10-17,2023-08-21,2023-08-29,{'GK.2.1': 4},1852150,4,1673437,12,5,False,4
SRR27417007,ERR11556680,ERR12481573,2023-12-18,2023-05-21,2024-01-01,{'BA.2.86.1': 1},1872523,1,1872524,1,0,False,1
node_595995,SRR24547007,SRR26043367,2023-06-26,2023-05-02,2023-08-22,{'XBB.1.5.77': 2},1825378,2,1673437,11,4,True,2
ERR7601343,ERR7603282,SRR15970408,2021-11-25,2021-11-26,2021-09-01,{'AY.98': 1},929776,1,-1,2147483648,5,False,1
ERR11754286,ERR11753881,ERR6578584,2021-10-18,2021-10-17,2021-08-18,{'AY.4.8': 1},739916,1,739917,1,0,False,1
node_25837,SRR13690100,SRR16947806,2021-01-31,2020-12-16,2021-11-04,{'B.1.427': 9},134243,9,-1,2147483648,3,False,9
node_544293,SRR20776562,SRR20563820,2022-05-27,2022-05-09,2022-04-01,{'BA.2.12': 2},1435295,6,-1,2147483648,1,False,2
SRR20258542,SRR20762631,ERR6491956,2021-10-15,2021-10-21,2021-07-21,{'AY.100': 1},727640,2,-1,2147483648,7,False,1
ERR5224687,ERR5089164,ERR5304348,2021-01-15,2020-12-28,2021-01-12,{'B.1.177.65': 1},111458,1,-1,2147483648,3,False,1
node_188814,SRR15534686,SRR15891537,2021-08-06,2021-08-04,2021-08-06,{'AY.118': 4},728323,4,-1,2147483648,3,False,4
ERR7297817,ERR6300316,node_51897,2021-10-29,2021-07-02,2021-10-25,{'AY.4': 1},787256,1,787257,1,0,False,1
SRR19693929,ERR10000016,SRR19284719,2022-05-13,2022-06-29,2022-05-03,{'BA.2.64': 1},1482381,1,1482382,1,0,False,1
node_190009,SRR20762790,ERR6423597,2021-11-01,2021-10-26,2021-07-17,{'AY.103': 2},803196,2,-1,2147483648,3,False,2
ERR13127774,ERR10002107,ERR10001391,2022-06-27,2022-07-05,2022-07-06,{'BA.5.1.4': 1},1540826,1,1540827,1,0,False,1
node_546652,SRR20210497,SRR19429807,2022-05-31,2022-05-25,2022-05-18,{'BA.2.12.1': 5},1504253,5,-1,2147483648,3,False,5
ERR6830767,ERR6598531,ERR6834468,2021-09-06,2021-08-22,2021-09-09,{'AY.4': 1},557198,1,-1,2147483648,0,False,1
SRR20258303,SRR16063773,SRR19675010,2021-10-18,2021-08-27,2022-04-18,{'AY.25': 1},739342,1,-1,2147483648,7,False,1
ERR10983997,ERR10932044,SRR25680859,2023-02-22,2023-02-13,2023-04-08,{'EG.1.4': 1},1777662,1,1673437,11,9,False,1
ERR6757522,ERR6630203,node_188507,2021-08-30,2021-08-16,2021-08-30,{'AY.4': 1},526212,1,526213,1,0,False,1
ERR7988978,SRR18538812,ERR7949415,2022-01-03,2022-02-07,2021-12-31,{'BA.1.15.1': 1},1079483,1,-1,2147483648,3,False,1
ERR8024474,SRR21859136,node_531155,2022-01-06,2022-01-05,2022-01-31,{'BA.1.17': 1},1087606,3,-1,2147483648,5,False,1
node_189098,SRR15891977,ERR7239527,2021-09-28,2021-08-23,2021-10-16,{'AY.39': 4},167127,1241012,-1,2147483648,1,False,4
node_273651,SRR16226363,ERR13160246,2021-09-26,2021-09-08,2021-07-30,{'AY.103': 2},647464,2,647465,1,0,False,2
ERR6761526,ERR6071702,ERR6649775,2021-08-24,2021-06-03,2021-08-25,{'AY.4': 1},500863,1,-1,2147483648,5,False,1
SRR20263107,SRR20763295,SRR15199972,2021-11-23,2021-10-21,2021-06-25,{'AY.39': 1},921731,1,-1,2147483648,8,False,1
SRR19817979,ERR9453582,SRR21815513,2022-01-27,2022-03-14,2022-01-19,{'BA.1.1.18': 1},1170844,1,-1,2147483648,5,False,1
node_40983,ERR4668685,ERR4652556,2020-10-01,2020-09-24,2020-09-07,{'B.1.177.4': 2},39349,2,-1,2147483648,3,False,2
SRR27471107,SRR27236231,SRR27240246,2023-12-19,2023-12-04,2023-12-04,{'HV.1': 1},1873147,1,1873148,1,0,False,1
node_323824,SRR16254381,SRR16835145,2021-10-20,2021-09-13,2021-10-10,{'AY.44': 2},754417,2,-1,2147483648,4,False,2
SRR18236038,node_527950,ERR7824165,2022-02-15,2022-02-15,2021-12-15,{'BA.1.17.2': 1},1264533,1,-1,2147483648,4,False,1
ERR6666963,node_174217,ERR7351693,2021-08-29,2021-08-29,2021-11-01,{'AY.4.2': 1},522250,1,522251,1,0,False,1
ERR8193340,ERR8180037,ERR6440908,2021-12-11,2021-12-11,2021-07-26,{'AY.42': 1},1011954,1,1011955,1,0,False,1
node_418282,SRR15281920,node_418280,2021-01-21,2021-05-07,2021-01-21,{'B.1.1.7': 4},120293,4,-1,2147483648,1,False,4
node_134261,SRR15581447,ERR11755326,2021-09-22,2021-08-05,2021-10-20,{'AY.4': 2},630032,2,-1,2147483648,4,False,2
node_280683,SRR15923679,ERR6484148,2021-10-21,2021-08-31,2021-08-06,{'AY.25': 4},752861,4,-1,2147483648,5,False,4
ERR10306504,ERR10039851,ERR10002259,2022-09-17,2022-07-22,2022-07-05,{'BA.5.1.23': 1},1660828,1,1428716,6,7,False,1
node_411447,SRR19435622,node_411446,2021-08-11,2021-03-29,2021-08-11,{'B.1.1.7': 2},462610,2,-1,2147483648,2,False,2
SRR17626538,node_27377,SRR14398010,2021-03-25,2021-03-02,2021-03-17,{'B.1.429': 1},221374,1,-1,2147483648,5,False,1
node_189543,SRR15875191,ERR6620412,2021-09-20,2021-08-26,2021-08-24,{'AY.100': 14},622014,60,-1,2147483648,3,False,14
node_191714,ERR6768833,ERR6923155,2021-10-11,2021-08-31,2021-09-26,{'AY.42': 1},708321,1,373410,5,10,False,1
node_242641,ERR11763169,ERR7411547,2021-11-10,2021-11-21,2021-11-09,{'AY.98.1': 1},855732,1,855733,1,0,False,1
node_188629,ERR6500359,ERR13153313,2021-09-18,2021-08-05,2021-07-30,{'AY.4': 3},421296,673,-1,2147483648,2,False,3
ERR7794202,node_340104,ERR12853561,2021-12-10,2021-11-10,2021-11-14,{'AY.4.2.1': 1},1009723,1,-1,2147483648,5,False,1
SRR17370608,SRR17206256,ERR4599326,2021-12-06,2021-11-28,2020-08-21,{'AY.103': 1},988049,1,-1,2147483648,4,False,1
SRR18247850,SRR19816913,SRR18483481,2022-02-16,2022-01-28,2021-12-30,{'BA.1.1': 1},1268691,1,-1,2147483648,4,False,1
node_2172,ERR4365683,ERR4308011,2020-05-08,2020-04-24,2020-05-01,{'B.1.225': 2},14812,2,-1,2147483648,5,False,2
SRR22119147,SRR21559052,ERR10296875,2022-09-07,2022-08-30,2022-09-17,{'BA.4.6': 1},1648806,1,-1,2147483648,4,False,1
SRR16238108,SRR15551055,SRR20952347,2021-09-07,2021-07-30,2021-11-18,{'AY.100': 1},562675,1,-1,2147483648,3,False,1
ERR7686527,ERR7543210,ERR7147095,2021-11-21,2021-11-22,2021-10-05,{'AY.4': 1},909474,1,909475,1,0,False,1
node_126699,ERR6922413,ERR6105556,2021-11-16,2021-09-27,2021-06-09,{'AY.4': 3},883691,3,-1,2147483648,5,False,3
SRR20117358,SRR19222569,node_344804,2021-12-14,2021-12-15,2021-12-04,{'AY.107': 1},1024171,1,1024172,1,0,False,1
SRR16620947,SRR14312655,ERR11823501,2021-05-11,2021-04-02,2021-03-10,{'B.1.526': 1},288224,1,288225,1,0,False,1
node_342612,SRR16538520,SRR20927813,2021-08-26,2021-08-07,2021-12-16,{'AY.122': 3},510036,3,-1,2147483648,7,False,3
node_439623,SRR18818719,ERR8302051,2022-01-23,2022-01-09,2022-01-23,{'BA.1.15.2': 1},1152481,1,-1,2147483648,4,False,1
ERR6631463,ERR6568301,ERR6297558,2021-07-24,2021-07-24,2021-06-28,{'AY.4': 1},396010,1,-1,2147483648,4,False,1
SRR17358419,ERR12824179,SRR17206115,2021-12-09,2021-09-15,2021-11-30,{'AY.122': 1},1004643,1,-1,2147483648,4,False,1
ERR10933961,ERR10864455,node_590468,2023-02-16,2023-02-01,2023-01-24,{'FD.1': 1},1770914,1,1673437,11,3,False,1
ERR9989603,ERR10003837,SRR20920170,2022-07-14,2022-07-08,2022-07-18,{'BA.4': 1},1570525,1,-1,2147483648,5,False,1
node_701844,ERR10000536,ERR12969182,2022-07-27,2022-07-05,2022-07-21,{'BA.5.2': 2},1595799,2,1595800,1,0,False,2
SRR18929214,SRR18786461,SRR18666268,2022-02-24,2022-02-25,2022-02-01,{'BA.1.1': 1},1299793,1,1299794,1,0,False,1
ERR9444538,ERR9200036,ERR12752379,2022-03-19,2022-02-25,2022-04-26,{'BA.2': 1},1373899,1,-1,2147483648,3,False,1
SRR20917568,SRR15628585,SRR19280539,2021-12-16,2021-08-05,2021-12-17,{'AY.119.2': 1},1033046,2,-1,2147483648,3,False,1
node_74175,ERR7260525,ERR11742306,2021-11-17,2021-10-23,2021-09-11,{'AY.4': 7},891835,7,-1,2147483648,3,False,7
SRR20145780,SRR20146032,SRR15876350,2021-11-28,2021-11-29,2021-08-26,{'AY.3': 1},944630,1,-1,2147483648,4,False,1
ERR13238214,ERR12840402,ERR6193263,2021-10-20,2021-10-18,2021-06-26,{'AY.4': 1},749911,1,-1,2147483648,4,False,1
node_90883,ERR7178359,ERR6658098,2021-11-15,2021-10-19,2021-08-28,{'AY.4': 2},877942,2,-1,2147483648,6,False,2
ERR8187981,ERR7563248,ERR7742605,2021-11-30,2021-11-25,2021-12-06,{'AY.4.2.2': 1},957114,1,-1,2147483648,5,False,1
SRR16224820,SRR16287904,ERR6399198,2021-09-11,2021-09-13,2021-07-23,{'AY.118': 1},582711,1,-1,2147483648,5,False,1
node_222686,ERR7726226,ERR11853544,2021-11-21,2021-12-04,2021-12-16,{'AY.43': 7},846142,138,-1,2147483648,2,False,7
node_461457,SRR18145195,ERR8215240,2022-01-12,2022-02-15,2021-12-29,{'BA.1': 1},1104175,1,-1,2147483648,2,False,1
node_190028,ERR13182720,SRR16381044,2021-09-17,2021-08-22,2021-09-18,{'AY.113': 2},609380,3,373989,1,5,False,2
node_700599,SRR21459494,SRR20683187,2022-08-23,2022-08-18,2022-07-09,{'BA.5.2.1': 2},3407719,2,1428716,10,3,False,2
SRR23730458,SRR23730634,ERR10001529,2023-02-08,2023-02-13,2022-07-06,{'BA.5.3.5': 1},1762525,1,1762526,1,0,False,1
node_273997,SRR15387557,ERR6649245,2021-08-17,2021-07-26,2021-08-24,{'AY.103': 3},563567,3,-1,2147483648,3,False,3
SRR26456449,SRR24606856,SRR26415750,2023-10-05,2023-04-22,2023-10-03,{'FL.1.5.1': 1},1848824,1,1673437,14,6,False,1
SRR21976683,ERR13018244,ERR12784575,2022-10-08,2022-08-13,2022-07-13,{'BA.5.1': 1},1681291,1,1428716,5,5,False,1
node_189706,SRR17299527,SRR16689898,2021-12-04,2021-12-02,2021-09-29,{'AY.120': 3},984304,3,-1,2147483648,4,False,3
node_436931,ERR8971026,node_436930,2021-11-13,2022-02-19,2021-11-13,{'unclassified': -1},-1,0,-1,2147483648,-1,False,433021
node_189355,SRR16696401,ERR6491956,2021-10-07,2021-10-08,2021-07-21,{'AY.100': 2},692741,5,-1,2147483648,5,False,2
node_701836,ERR10000035,ERR9895147,2022-08-09,2022-07-05,2022-06-21,{'BA.5.2': 10},1613302,10,1613302,0,1,False,10
ERR7526590,ERR7110224,ERR11849799,2021-11-20,2021-10-10,2021-08-27,{'AY.4': 1},906177,1,-1,2147483648,6,False,1
ERR10771086,ERR10004697,ERR10769730,2022-12-28,2022-07-18,2022-12-20,{'BQ.1.1': 1},1733290,1,1428716,17,2,False,1
node_591234,ERR10910984,ERR13049115,2023-01-30,2023-02-06,2023-04-11,"{'XBB.1.5': 19, 'XBB.1.5.32': 2, 'XBB.1.5.49': 1}",1702805,57052,1673437,4,1,True,22
ERR7570582,ERR11851939,ERR11742306,2021-11-06,2021-11-27,2021-09-11,{'AY.122': 1},829489,1,-1,2147483648,4,False,1
node_188670,ERR13182720,ERR6470123,2021-08-23,2021-08-22,2021-08-01,{'AY.4': 2},423739,294,-1,2147483648,2,False,2
node_715278,ERR10030344,SRR20638864,2022-07-06,2022-07-17,2022-07-03,{'BA.2': 2},1556476,2,1556477,1,0,False,2
ERR6760184,SRR20117827,ERR11762961,2021-08-23,2021-12-11,2021-08-15,{'AY.60': 1},497285,1,497286,1,0,False,1
ERR6860539,ERR6470030,ERR12840515,2021-09-18,2021-08-01,2021-10-28,{'AY.6': 1},611878,1,-1,2147483648,3,False,1
node_189090,SRR16237438,SRR15629270,2021-10-22,2021-09-12,2021-08-06,{'AY.39': 1},756994,1,-1,2147483648,1,False,1
SRR16380928,SRR16833095,ERR6886657,2021-09-17,2021-10-08,2021-09-16,{'AY.113': 1},610465,1,373989,3,1,False,1
node_244763,ERR13155031,ERR5991611,2021-07-23,2021-08-30,2021-05-19,{'AY.98': 1},392685,1,-1,2147483648,4,False,1
node_191757,node_189701,ERR11827560,2021-10-05,2021-10-26,2021-08-20,{'AY.42': 79},684686,81,-1,2147483648,5,False,79
node_188909,node_189086,SRR15548262,2021-07-12,2021-08-06,2021-07-28,{'AY.39.1': 2},364801,9,-1,2147483648,4,False,2
SRR16381044,ERR11755864,SRR16351054,2021-09-18,2021-11-22,2021-09-17,{'AY.113': 1},614013,1,373989,2,9,False,1
node_188480,ERR11754052,ERR7312629,2021-10-26,2021-10-13,2021-10-09,{'AY.4.2': 1},771711,1,-1,2147483648,6,False,1
ERR6605939,ERR6368859,SRR16232846,2021-08-25,2021-07-16,2021-09-21,{'AY.4': 1},504220,1,-1,2147483648,3,False,1
node_272632,ERR6552729,SRR16837376,2021-11-22,2021-08-15,2021-10-13,{'AY.103': 1},915406,1,-1,2147483648,3,False,1
ERR6620571,ERR6763100,ERR6768748,2021-08-16,2021-08-27,2021-08-19,{'AY.34.1': 1},474718,2,-1,2147483648,3,False,1
SRR23655405,node_558630,SRR21197248,2022-05-16,2022-05-16,2022-07-02,{'BA.2.68': 1},1486569,1,-1,2147483648,5,False,1
SRR24607739,ERR13055050,SRR24606705,2023-03-23,2023-01-13,2023-03-14,{'XBB.1.16.1': 1},1801242,1,1673437,13,3,True,1
ERR6776271,ERR6694087,ERR6521658,2021-09-07,2021-08-31,2021-08-05,{'AY.120': 1},563040,1,563041,1,0,False,1
node_72835,ERR7109790,ERR11756968,2021-10-31,2021-10-10,2021-12-03,{'AY.4': 2},796704,2,-1,2147483648,4,False,2
ERR7173066,ERR6518685,SRR16566229,2021-10-17,2021-08-07,2021-09-24,{'AY.4': 1},734214,1,-1,2147483648,3,False,1
node_466886,SRR18776649,ERR8163051,2022-02-10,2022-03-16,2022-01-21,{'BA.1.1': 1},1241437,1,-1,2147483648,4,False,1
ERR6491383,ERR11761633,ERR6440908,2021-07-30,2021-07-12,2021-07-26,{'B.1.617.2': 1},417172,1,-1,2147483648,7,False,1
node_719764,ERR13174907,ERR10024519,2022-08-08,2022-08-19,2022-07-27,{'BA.4.6': 6},1612513,6,-1,2147483648,3,False,6
node_623415,SRR26390973,SRR25692282,2023-08-12,2023-10-02,2023-07-10,{'XBB.1.16': 3},1831188,3,1831189,1,0,True,3
node_345079,ERR7287487,SRR16478454,2021-07-29,2021-10-27,2021-09-20,{'AY.20': 11},422901,11,-1,2147483648,5,False,11
SRR15583132,node_326044,ERR11754507,2021-08-05,2021-08-05,2021-10-18,{'AY.44': 1},439966,1,-1,2147483648,4,False,1
SRR17443934,ERR9899007,SRR17445400,2021-07-21,2021-07-26,2021-07-16,{'AY.26': 1},387081,1,-1,2147483648,6,False,1
SRR15958094,node_182283,node_269670,2021-09-04,2021-11-03,2021-09-01,{'AY.103': 1},550805,1,-1,2147483648,3,False,1
ERR7684974,ERR11763318,ERR6467564,2021-11-22,2021-11-23,2021-07-29,{'AY.4': 1},917184,1,-1,2147483648,3,False,1
node_679359,SRR20999825,SRR21197248,2022-06-14,2022-07-24,2022-07-02,"{'BA.4.1.1': 1, 'BA.4.1': 1, 'BA.4.6': 1}",871725,274742,-1,2147483648,1,False,3
SRR21317082,node_169126,SRR19258492,2021-10-24,2021-09-06,2021-12-28,{'AY.20': 1},764966,1,-1,2147483648,6,False,1
ERR7378461,ERR7296506,ERR11853316,2021-11-04,2021-10-30,2021-09-22,{'AY.43': 1},818867,1,-1,2147483648,3,False,1
ERR12966487,ERR12961973,ERR10711783,2022-04-20,2022-04-15,2022-03-14,{'BA.2': 1},1449568,1,-1,2147483648,3,False,1
ERR10481891,ERR10383989,ERR10031487,2022-11-01,2022-10-03,2022-07-25,{'BE.1.1.2': 1},1701500,1,1701501,1,0,False,1
node_95198,ERR6108276,ERR7688088,2021-09-12,2021-06-13,2021-12-07,{'AY.4': 297},583977,297,-1,2147483648,3,False,297
ERR7051140,ERR7049463,ERR6553714,2021-09-22,2021-09-22,2021-08-15,{'AY.4.2': 1},631096,1,-1,2147483648,3,False,1
node_586200,ERR13044002,ERR10983471,2023-02-19,2023-01-31,2023-02-27,{'CH.1.1.25': 3},1774234,3,-1,2147483648,3,False,3
ERR4598232,ERR4210193,ERR4555184,2020-08-14,2020-03-29,2020-07-26,{'B.1.1.51': 1},28515,1,-1,2147483648,3,False,1
SRR14896925,SRR14369554,ERR12932802,2021-05-11,2021-03-31,2022-03-06,{'B.1.526': 1},287656,1,-1,2147483648,3,False,1
SRR18978401,node_442312,ERR13307113,2022-01-25,2021-12-26,2022-01-17,{'BA.1.1.18': 1},1162084,1,1162085,1,0,False,1
node_345225,SRR15342015,ERR6492325,2021-08-29,2021-07-18,2021-08-07,{'AY.20': 2},611391,2,523544,1,0,False,2
node_354911,ERR13160678,ERR11441252,2021-09-07,2021-08-22,2021-11-02,{'AY.47': 7},560455,7,560455,0,0,False,7
ERR6838290,ERR6598739,ERR6605582,2021-09-02,2021-08-22,2021-08-24,{'AY.4': 1},541718,1,-1,2147483648,3,False,1
node_194949,ERR6836572,SRR16831566,2021-10-20,2021-09-13,2021-10-26,{'AY.127': 3},749093,12,749094,1,0,False,3
node_755578,ERR8710744,ERR13085916,2022-05-16,2022-02-15,2022-03-30,{'BA.2': 4},1485339,4,-1,2147483648,3,False,4
SRR16056550,ERR13159766,ERR11853103,2021-08-23,2021-07-15,2021-07-22,{'AY.119': 1},497662,1,-1,2147483648,3,False,1
SRR20254713,SRR16780639,ERR6523433,2021-10-15,2021-10-06,2021-08-06,{'AY.116.1': 1},727602,1,-1,2147483648,3,False,1
node_452818,ERR7877259,ERR11856490,2022-02-08,2021-12-20,2022-03-26,"{'BA.1.16': 4, 'BA.1': 18}",1323584,22,-1,2147483648,5,False,22
SRR26800728,ERR11923680,ERR12553517,2023-10-26,2023-08-09,2023-12-27,{'HV.1': 1},1854354,1,1673437,17,5,False,1
SRR20922128,ERR11848448,SRR20898253,2022-02-02,2022-02-15,2022-02-08,{'BA.1.1': 1},1200452,1,-1,2147483648,3,False,1
node_362390,SRR16065596,SRR15224530,2021-12-07,2021-08-28,2021-07-10,{'AY.54': 2},995144,2,-1,2147483648,6,False,2
ERR6699085,ERR11762168,ERR6757351,2021-08-12,2021-07-22,2021-08-24,{'AY.4': 1},465114,1,-1,2147483648,4,False,1
node_632919,ERR12554297,node_632918,2024-05-17,2024-01-02,2024-05-17,{'JN.1.16': 2},1892058,2,1854739,12,5,False,2
node_90169,ERR6523835,ERR6043096,2021-08-26,2021-08-09,2021-06-01,{'AY.4': 1},508856,1,-1,2147483648,4,False,1
node_390080,SRR15153120,SRR14389143,2021-04-21,2021-05-10,2021-03-10,{'B.1.1.7': 3},265630,3,-1,2147483648,5,False,3
ERR7309582,ERR7178214,ERR6440908,2021-10-26,2021-10-19,2021-07-26,{'AY.120': 1},773506,1,773507,1,0,False,1
node_72430,node_72111,SRR20251427,2021-09-17,2021-09-08,2021-11-11,{'AY.4': 2},623971,2,-1,2147483648,4,False,2
SRR20135569,SRR19709496,ERR10080249,2022-06-17,2022-05-21,2022-08-01,{'BA.2.12.1': 1},1528773,1,-1,2147483648,4,False,1
ERR6300316,ERR6816656,ERR6494601,2021-07-02,2021-09-14,2021-07-25,{'AY.120': 1},347040,1,-1,2147483648,5,False,1
ERR7023357,ERR6600851,ERR5991611,2021-09-30,2021-08-23,2021-05-19,{'AY.4': 1},664242,1,-1,2147483648,5,False,1
node_480110,ERR8040496,ERR8694893,2022-01-23,2022-01-10,2022-02-11,{'BA.1.1.15': 1},1150607,1,-1,2147483648,4,False,1
node_203724,SRR20246217,SRR17375589,2021-11-11,2021-10-25,2021-12-01,{'AY.34.1': 1},859331,3,-1,2147483648,3,False,1
ERR9705934,ERR11747073,ERR11827068,2022-04-28,2022-03-29,2022-02-23,{'BA.2': 1},1462337,1,-1,2147483648,2,False,1
node_656879,SRR21061526,ERR9790178,2022-09-11,2022-07-22,2022-05-18,{'BA.5.1': 5},1652395,5,1652396,1,0,False,5
node_232128,SRR20258491,SRR17400200,2021-10-11,2021-10-16,2021-11-18,{'AY.39': 60},724242,60,-1,2147483648,4,False,60
node_262863,SRR15874664,ERR12846919,2021-09-18,2021-08-24,2021-11-06,{'AY.103': 2},613748,2,-1,2147483648,3,False,2
ERR12254932,ERR11171375,node_619016,2023-10-03,2023-03-17,2023-07-13,{'HK.6': 1},1848077,1,1673437,15,5,False,1
SRR19279245,SRR20259179,ERR11742424,2021-10-21,2021-10-21,2021-10-12,{'AY.119': 1},752851,1,-1,2147483648,4,False,1
SRR16351062,SRR16328955,SRR15200045,2021-09-17,2021-09-22,2021-07-02,{'AY.39': 1},609382,2,-1,2147483648,1,False,1
node_117236,ERR7232746,ERR7119715,2021-11-29,2021-10-20,2021-10-12,{'AY.4': 2},949783,2,949783,0,0,False,2
SRR27117732,SRR25693915,SRR27367473,2023-11-08,2023-06-11,2023-11-13,{'XBB.1.16.6': 1},1858287,1,1673437,20,4,True,1
node_724461,SRR21139565,SRR19579844,2022-06-03,2022-06-29,2022-05-26,{'BA.4': 10},1507600,10,-1,2147483648,0,False,10
ERR7028215,ERR6931107,ERR6650168,2021-10-03,2021-09-28,2021-08-26,{'AY.4': 1},673126,1,673127,1,0,False,1
ERR7683551,ERR6649579,ERR6757327,2021-11-23,2021-08-24,2021-08-30,{'AY.4': 1},920660,1,-1,2147483648,3,False,1
SRR21198470,SRR21947142,SRR20741317,2022-07-06,2022-09-29,2022-07-08,{'BA.5': 1},1555935,1,1428716,6,3,False,1
node_274532,SRR15589379,SRR15138375,2021-10-31,2021-08-08,2021-06-28,{'B.1.617.2': 5},797173,5,797174,1,0,False,5
ERR9480201,ERR9259913,ERR8424511,2022-03-22,2022-03-04,2022-01-26,{'BA.1.1': 1},1381312,1,-1,2147483648,7,False,1
SRR20258400,SRR15391634,SRR16164714,2021-10-18,2021-07-22,2021-09-23,{'AY.100': 1},739361,1,-1,2147483648,4,False,1
node_57355,ERR6486183,ERR7009611,2021-06-19,2021-07-26,2021-09-02,{'AY.4': 271},326477,272,-1,2147483648,3,False,271
node_413066,node_411464,ERR11759899,2020-11-16,2021-05-16,2021-05-31,{'B.1.1.7': 271},65336,271,-1,2147483648,5,False,271
node_534439,SRR17625572,ERR11795874,2021-12-23,2021-12-22,2021-12-22,{'BA.1': 2},1104862,2,-1,2147483648,3,False,2
ERR12920601,ERR11849938,ERR11796019,2022-01-28,2022-04-07,2022-01-05,{'BA.2': 1},1175822,1,1175823,1,0,False,1
SRR14627990,ERR5238430,ERR13149154,2021-05-05,2021-01-22,2021-02-03,{'B.1.1.7': 1},281807,1,-1,2147483648,1,False,1
node_191044,ERR6416769,SRR16153649,2021-08-07,2021-07-26,2021-08-31,{'AY.114': 3},486075,3,-1,2147483648,3,False,3
node_631779,ERR12478490,ERR12653839,2024-03-09,2023-12-04,2024-01-23,{'BA.2.86.1': 2},1888905,2,1854739,11,6,False,2
ERR7791194,ERR6371763,ERR7628700,2021-12-10,2021-07-18,2021-11-28,{'AY.98': 1},2803393,1,-1,2147483648,0,False,1
ERR11763085,ERR12836930,ERR13144354,2021-11-21,2021-10-24,2021-10-20,{'AY.4.6': 1},911754,1,-1,2147483648,4,False,1
ERR6491994,ERR6486801,ERR6493550,2021-06-23,2021-06-23,2021-07-28,{'AY.124': 1},332321,1,332322,1,3,False,1
ERR11763821,ERR11764091,ERR7632006,2021-12-02,2021-12-04,2021-11-28,{'AY.36': 1},969976,1,-1,2147483648,3,False,1
ERR7550487,ERR7444041,ERR6543896,2021-11-22,2021-11-22,2021-08-12,{'AY.4': 1},913989,1,-1,2147483648,3,False,1
node_665722,ERR10932714,SRR22577706,2022-12-05,2023-02-12,2022-11-22,{'BQ.1.1.20': 6},1718123,6,1428716,15,4,False,6
SRR27240327,SRR27473023,ERR12145902,2023-12-02,2023-11-27,2023-10-05,{'HK.26': 1},1866633,1,1673437,15,5,False,1
node_188288,ERR6754751,ERR6489175,2021-08-30,2021-08-23,2021-07-21,{'AY.4': 2},526228,2,-1,2147483648,7,False,2
SRR20944634,SRR15272161,SRR15984192,2021-11-18,2021-07-13,2021-08-29,{'AY.103': 1},897553,1,897554,1,0,False,1
SRR15982634,ERR9899450,SRR16385792,2021-08-31,2021-08-25,2021-09-21,{'AY.20': 1},533120,1,-1,2147483648,4,False,1
node_327055,ERR13159182,SRR15493683,2021-08-11,2021-07-01,2021-07-30,{'AY.44': 4},462021,4,462022,1,0,False,4
SRR20395155,SRR18782255,SRR20356977,2022-02-21,2022-03-01,2022-01-29,{'BA.1.1': 1},1288720,1,1288721,1,0,False,1
node_223252,ERR11762657,SRR17497534,2021-10-30,2021-08-09,2021-12-13,{'AY.43': 2},799026,3,-1,2147483648,4,False,2
node_39705,node_35572,ERR4802812,2021-03-07,2020-12-23,2020-10-22,{'B.1.177': 5},187076,5,-1,2147483648,7,False,5
SRR27944740,SRR27470964,SRR28166518,2024-01-22,2023-12-23,2024-01-30,{'JN.1': 1},1881381,1,1854739,8,6,False,1
ERR6738145,ERR11753809,SRR17185391,2021-09-04,2021-10-17,2021-11-29,{'AY.4': 1},549856,1,-1,2147483648,3,False,1
SRR28563939,ERR13105558,SRR28101207,2024-03-25,2024-04-22,2024-01-12,{'KS.1': 1},1889711,1,1854739,15,4,False,1
node_334275,ERR6776657,SRR16050930,2021-05-09,2021-09-07,2021-08-17,{'B.1.617.2': 7},287004,7,-1,2147483648,5,False,7
node_226797,SRR15993700,ERR6482226,2021-07-30,2021-08-25,2021-08-02,{'AY.120.1': 27},486195,27,-1,2147483648,3,False,27
SRR20277008,SRR19792010,SRR20276985,2022-06-24,2022-06-04,2022-06-20,{'BA.2.12.1': 1},1536581,1,-1,2147483648,3,False,1
SRR20683233,ERR9342319,ERR13125880,2022-07-07,2022-03-10,2022-07-05,{'BA.2.12.1': 1},1557662,1,-1,2147483648,3,False,1
node_236323,SRR16883439,SRR15775898,2021-09-27,2021-10-12,2021-08-17,{'AY.39': 4},699144,5,-1,2147483648,3,False,4
SRR26085318,ERR11343376,node_609505,2023-08-30,2023-04-06,2023-08-30,{'FY.1.2': 1},1836592,1,1673437,12,6,False,1
SRR26043367,SRR25642786,SRR25319974,2023-08-22,2023-07-26,2023-06-26,{'XBB.1.44': 1},1833424,1,1673437,6,3,True,1
node_723745,ERR10150242,ERR9760621,2022-06-30,2022-08-21,2022-05-09,{'BA.4': 2},1592663,2,-1,2147483648,4,False,2
ERR7307967,ERR7307485,ERR7350337,2021-10-13,2021-10-23,2021-11-02,{'AY.4.2.1': 1},717995,5,717996,1,0,False,1
ERR7384072,ERR7294324,node_189248,2021-11-02,2021-10-28,2021-06-16,{'AY.4': 1},807312,1,-1,2147483648,5,False,1
SRR17902604,SRR17235303,SRR18518930,2021-12-24,2021-10-18,2021-12-21,{'B.1.617.2': 1},1055847,1,-1,2147483648,5,False,1
node_647717,ERR10151235,ERR10002163,2022-12-19,2022-09-01,2022-07-05,{'BA.5.2.1': 1},1727398,1,1727399,1,0,False,1
node_777510,node_777509,SRR15651674,2022-12-07,2022-12-07,2021-08-16,"{'XBC.1.2.1': 98, 'XAY.2.1': 81, 'XAY.2': 91, 'XAY.2.3': 127, 'XAY.2.2': 72}",965896,552721,-1,2147483648,1,True,469
node_463084,ERR11795951,SRR20899937,2022-03-06,2022-01-02,2022-02-09,{'BA.1.1': 2},1328693,2,1328694,1,0,False,2
node_117538,ERR13235771,ERR6440908,2021-10-31,2021-10-21,2021-07-26,{'AY.4': 2},794469,2,794469,0,2,False,2
ERR7170369,ERR6739033,ERR11742306,2021-10-15,2021-09-06,2021-09-11,{'AY.4': 1},725578,1,-1,2147483648,4,False,1
node_442441,ERR10039716,node_442440,2022-01-12,2022-01-21,2022-01-12,"{'BA.1.1': 5, 'BA.1.18': 5, 'BA.1.1.18': 1}",932477,191713,-1,2147483648,1,False,11
node_557339,SRR20466624,ERR8547114,2022-05-18,2022-03-21,2022-01-30,{'BA.2': 2},1488698,2,-1,2147483648,4,False,2
node_187125,SRR16351524,ERR6743995,2021-09-10,2021-09-14,2021-08-22,{'AY.124': 5},750252,6,332322,4,3,False,5
node_701761,node_707870,ERR10000018,2022-10-14,2022-08-13,2022-07-05,{'BA.5.2': 4},1687274,4,1428716,12,3,False,4
ERR8770201,ERR7780086,ERR8284773,2022-02-17,2021-12-10,2022-01-21,{'BA.1': 1},1271099,1,-1,2147483648,8,False,1
ERR13123988,ERR12902400,ERR9875751,2022-06-17,2022-01-22,2022-06-14,{'BA.2': 1},1529078,1,-1,2147483648,4,False,1
node_782736,ERR6912715,SRR16731933,2021-05-04,2021-05-05,2021-04-27,{'P.1': 2},283232,2,-1,2147483648,2,False,2
ERR10792032,ERR10445652,ERR10504418,2023-01-04,2022-10-09,2022-11-07,{'BA.5.2.1': 1},1739486,1,1428716,8,7,False,1
ERR5934187,ERR5933284,ERR6136319,2021-05-09,2021-05-09,2021-06-16,{'B.1.1.7': 1},285185,1,-1,2147483648,3,False,1
ERR7515847,ERR13240672,node_99183,2021-11-17,2021-11-04,2021-11-28,{'AY.4': 1},888732,1,-1,2147483648,3,False,1
ERR6571997,ERR6438122,ERR6709461,2021-08-16,2021-07-16,2021-08-28,{'AY.42': 1},474605,3,373410,4,4,False,1
SRR21670036,SRR21008242,ERR9001943,2022-09-07,2022-07-27,2022-02-18,{'BA.4.6': 1},1648929,1,-1,2147483648,4,False,1
node_345352,ERR9899224,ERR6440908,2021-07-14,2021-08-02,2021-07-26,{'AY.20': 4},369223,14,-1,2147483648,7,False,4
node_208339,ERR6741814,ERR6532882,2021-08-11,2021-07-30,2021-08-12,{'AY.5': 1},461419,1,-1,2147483648,3,False,1
SRR19307315,SRR16765937,ERR9899245,2021-11-28,2021-10-10,2021-08-11,{'AY.103': 1},945884,1,-1,2147483648,4,False,1
node_189173,SRR16637575,SRR15863982,2021-09-28,2021-10-04,2021-08-18,{'AY.114': 4},656135,18,323645,4,3,False,4
node_274764,SRR15819133,ERR5947007,2021-08-30,2021-08-11,2021-05-10,{'AY.25': 2},527828,2,-1,2147483648,4,False,2
node_195489,SRR16527178,DRR321274,2021-08-19,2021-09-27,2021-05-18,"{'AY.127': 294, 'AY.127.1': 19}",521345,314,-1,2147483648,3,False,313
node_97009,ERR11754364,ERR10107912,2021-12-02,2021-10-19,2021-02-17,{'AY.4.2': 1},967797,1,-1,2147483648,4,False,1
ERR6769249,node_91572,SRR15948495,2021-09-02,2021-09-08,2021-08-19,{'AY.4.9': 1},541579,19,-1,2147483648,5,False,1
node_733557,SRR18690991,SRR18329258,2022-04-18,2022-03-16,2022-02-07,{'BA.2.3': 4},1443742,4,-1,2147483648,3,False,4
node_127567,node_127566,SRR16829741,2021-10-06,2021-10-06,2021-10-08,{'AY.4': 14},711173,14,-1,2147483648,4,False,14
node_480295,ERR8112540,ERR11826612,2022-01-09,2022-01-15,2022-04-04,{'BA.1.1.15': 1},1094331,1,-1,2147483648,4,False,1
node_189526,SRR16381170,ERR6889456,2021-09-28,2021-09-18,2021-09-21,{'AY.100': 3},656111,3,-1,2147483648,4,False,3
SRR14450343,SRR14228096,SRR18821383,2021-03-05,2021-02-14,2020-11-16,{'B.1.2': 1},184523,1,-1,2147483648,4,False,1
node_619813,ERR13048940,ERR13045072,2023-09-22,2023-09-04,2023-03-19,{'EG.5.1.4': 3},1851346,3,1673437,18,4,False,3
node_387106,ERR5552870,ERR5178866,2021-02-18,2021-03-15,2020-12-29,{'B.1.1.7': 2},160500,2,-1,2147483648,5,False,2
SRR19854118,SRR18802400,SRR18537793,2022-05-09,2022-02-04,2022-03-09,{'BA.1.1': 1},1477027,1,-1,2147483648,5,False,1
ERR8634862,ERR11795951,node_541847,2022-02-06,2022-01-02,2022-02-06,{'BA.1': 1},1218940,1,-1,2147483648,5,False,1
node_234973,SRR18644862,ERR7707661,2021-08-03,2021-07-21,2021-11-15,{'AY.39': 94},489520,99,-1,2147483648,3,False,94
node_238392,ERR13287273,SRR15982393,2021-09-12,2021-12-04,2021-09-03,{'AY.118': 7},680523,7,-1,2147483648,4,False,7
node_189869,SRR17468604,SRR16380671,2021-10-06,2021-09-29,2021-09-19,{'AY.119.2': 2},699187,2,-1,2147483648,3,False,2
SRR27642671,SRR26928349,SRR26524542,2023-12-12,2023-10-13,2023-08-22,{'XBB.1.16': 1},1870679,1,1870680,1,0,True,1
SRR20145485,SRR21263192,ERR6618997,2021-12-03,2021-11-29,2021-08-23,{'AY.125': 1},973645,1,973646,1,0,False,1
node_189617,SRR17103291,SRR20252730,2021-11-04,2021-11-02,2021-10-19,{'AY.100': 2},856107,2,820450,1,0,False,2
ERR8700815,ERR8648324,ERR8476345,2022-02-06,2022-02-08,2022-01-24,{'BA.1.17.2': 1},1219093,1,-1,2147483648,5,False,1
SRR22296121,SRR21527529,ERR10739873,2022-10-27,2022-08-25,2022-12-21,{'CA.5': 1},1698237,1,-1,2147483648,4,False,1
ERR9790549,ERR13124262,SRR24954266,2022-05-20,2022-06-25,2023-06-04,{'BA.2.12.1': 1},1490292,1,-1,2147483648,4,False,1
ERR9098258,ERR11795951,ERR8757568,2022-02-22,2022-01-02,2022-02-14,{'BA.1.1': 1},1292982,1,-1,2147483648,3,False,1
node_186298,SRR19305875,ERR6490974,2021-11-03,2021-11-22,2021-08-06,{'AY.100': 4},814969,23,749044,2,5,False,4
SRR28446088,SRR26537306,SRR28445833,2023-12-18,2023-10-12,2023-12-27,{'HV.1': 1},1872720,1,1673437,20,3,False,1
ERR6491075,ERR13182720,ERR12790700,2021-07-27,2021-08-22,2021-07-16,{'AY.4': 1},405225,1,405226,1,0,False,1
ERR8117833,ERR7824039,node_513025,2022-01-13,2021-12-15,2022-01-13,{'BA.1': 1},1106420,1,-1,2147483648,4,False,1
SRR28397885,SRR27642651,SRR27852486,2024-02-14,2023-12-11,2024-01-18,{'KV.2': 1},1886618,1,1854739,15,5,False,1
ERR7746728,ERR4461973,ERR4084914,2020-07-25,2020-04-28,2020-03-26,{'B.1.1': 1},25955,1,25956,1,0,False,1
SRR16741563,SRR14391383,ERR11820931,2021-04-11,2021-04-07,2021-05-05,{'B.1.1.7': 1},251459,1,-1,2147483648,5,False,1
ERR7141593,ERR6634211,ERR6605052,2021-09-03,2021-08-19,2021-08-24,{'AY.4': 1},546678,1,546679,1,0,False,1
SRR15392137,SRR15391716,SRR15948604,2021-07-19,2021-07-21,2021-08-18,{'AY.118': 1},380613,2,-1,2147483648,3,False,1
SRR16669910,SRR16615659,ERR5181396,2021-04-22,2021-03-20,2021-01-04,{'B.1.1.7': 1},266571,1,-1,2147483648,4,False,1
SRR14811969,ERR11760413,SRR14897243,2021-05-11,2021-06-07,2021-05-11,{'B.1.1.7': 1},287571,1,-1,2147483648,4,False,1
SRR15877430,SRR15864024,SRR15818867,2021-08-11,2021-08-18,2021-08-09,{'AY.39': 1},462314,2,-1,2147483648,4,False,1
ERR7119642,ERR5991611,node_135079,2021-10-12,2021-05-19,2021-10-12,{'AY.4': 1},711819,1,-1,2147483648,6,False,1
node_191852,ERR6873274,node_188256,2021-10-18,2021-09-22,2021-07-14,{'AY.126': 2},737226,2,737227,1,0,False,2
SRR19296950,SRR19293074,ERR11742306,2021-11-17,2021-11-11,2021-09-11,{'AY.44': 1},892248,1,-1,2147483648,5,False,1
ERR13052013,ERR13058662,ERR13320778,2023-11-27,2023-10-23,2023-09-28,{'XBB.1.9': 1},1864430,1,1864431,1,0,True,1
node_769931,ERR11795381,ERR9248140,2022-04-18,2021-12-27,2022-02-27,{'BA.2.5': 1},1443285,1,-1,2147483648,3,False,1
node_234045,SRR20227167,node_234044,2021-09-29,2021-10-30,2021-09-29,{'AY.39': 13},745689,14,-1,2147483648,3,False,13
node_399949,ERR5291292,SRR17436204,2021-05-12,2021-01-13,2021-05-10,{'B.1.1.7': 2},289542,2,-1,2147483648,2,False,2
SRR20178633,ERR6758016,SRR17665049,2021-11-29,2021-09-09,2021-11-01,{'B.1.617.2': 1},951257,1,951258,1,0,False,1
SRR24114513,SRR23897000,ERR12131829,2023-03-26,2023-02-27,2022-03-17,{'XBB.1.5.55': 1},1802608,1,1673437,9,5,True,1
node_542920,SRR18236582,SRR18235705,2021-12-16,2022-01-20,2022-02-20,{'BA.1.18': 94},871714,424062,-1,2147483648,0,False,94
ERR6824685,ERR6532551,ERR6162082,2021-09-13,2021-08-12,2021-06-13,{'AY.4': 1},589078,1,-1,2147483648,4,False,1
node_189004,SRR15199972,SRR16836916,2021-10-16,2021-06-25,2021-10-10,{'AY.39': 18},731024,23,-1,2147483648,3,False,18
ERR12881356,ERR12855422,ERR7222687,2021-12-15,2021-11-24,2021-10-22,{'AY.43': 1},1030049,1,-1,2147483648,3,False,1
SRR24636475,SRR24460904,ERR9694341,2023-03-30,2023-04-21,2022-04-27,{'XBB.1.16.20': 1},1805511,1,1673437,13,4,True,1
node_189733,ERR6409149,ERR6378221,2021-07-24,2021-07-26,2021-07-21,{'AY.120': 2},167127,1241012,-1,2147483648,1,False,2
node_192661,ERR6494593,ERR11854137,2021-07-05,2021-08-05,2021-10-07,"{'AY.110': 260, 'B.1.617.2': 10}",352951,277,-1,2147483648,3,False,270
SRR20662983,ERR10000391,ERR10004251,2022-07-05,2022-07-06,2022-07-17,{'BF.5': 1},1553955,1,1553956,1,0,False,1
SRR12528735,SRR12754775,SRR12528110,2020-07-14,2020-08-15,2020-07-13,{'D.2': 1},24300,1,-1,2147483648,0,False,1
ERR6331458,ERR12791888,ERR6331447,2021-07-09,2021-07-22,2021-07-10,{'AY.6': 1},358969,1,-1,2147483648,4,False,1
SRR15910938,SRR15910961,SRR15919535,2021-05-02,2021-05-15,2021-08-04,{'AY.122': 1},277920,1,-1,2147483648,7,False,1
ERR9194350,ERR8077748,ERR11781805,2022-02-24,2021-12-27,2022-03-28,{'BA.1.1': 1},1299149,1,-1,2147483648,4,False,1
node_189374,SRR16781537,ERR6491956,2021-10-18,2021-10-09,2021-07-21,{'AY.100': 1},739379,1,-1,2147483648,4,False,1
ERR6622334,ERR6735492,ERR6622534,2021-08-24,2021-09-05,2021-08-23,{'AY.4': 1},500221,2,500222,1,2,False,1
node_203715,SRR16883984,SRR16381122,2021-10-08,2021-10-12,2021-09-18,{'AY.34.1': 2},698391,3,698392,1,0,False,2
SRR16911324,SRR16518869,ERR5946395,2021-09-18,2021-09-23,2021-05-10,{'AY.103': 1},614390,1,-1,2147483648,4,False,1
node_628251,ERR12481556,SRR28296728,2024-01-16,2023-12-28,2024-02-23,{'JN.1.4': 2},1855174,21004,1854739,6,1,False,2
ERR7520786,ERR7822546,ERR7517509,2021-11-19,2021-12-12,2021-11-17,{'AY.4.2.2': 1},898561,1,-1,2147483648,3,False,1
SRR18151876,SRR21101064,SRR17847962,2022-01-23,2022-01-12,2021-12-27,{'BA.1.1.14': 1},1152111,1,1152112,1,0,False,1
SRR22237356,SRR21737739,SRR21716356,2022-10-17,2022-09-20,2022-09-13,{'BA.5.1.5': 1},1689732,1,1689733,1,0,False,1
node_436458,ERR12784774,ERR5318770,2021-01-10,2021-03-26,2021-02-09,{'B.1.1.7': 41},104372,41,-1,2147483648,3,False,41
node_675478,ERR10039731,ERR12980247,2022-10-16,2022-07-22,2022-08-02,{'BA.5.3.1': 2},1689145,2,1689146,1,0,False,2
ERR7445887,ERR7432800,ERR5187981,2021-02-26,2021-02-17,2021-01-07,{'B.1.1.7': 1},172728,1,-1,2147483648,3,False,1
SRR26805284,SRR21307071,ERR10296875,2022-06-21,2022-07-07,2022-09-17,{'BA.4.1': 1},1533452,1,-1,2147483648,5,False,1
node_116478,node_116142,ERR13082609,2021-08-11,2021-10-30,2021-06-28,{'AY.4': 6},461203,6,-1,2147483648,3,False,6
SRR21266227,node_237008,SRR20189143,2021-12-16,2021-12-16,2021-12-07,{'AY.118': 1},1033433,1,-1,2147483648,8,False,1
ERR7383256,node_91267,ERR6440908,2021-11-05,2021-11-05,2021-07-26,{'AY.4': 1},823927,1,823928,1,0,False,1
SRR28170169,ERR13321798,ERR12554229,2024-01-02,2023-12-20,2023-12-18,{'JN.18': 1},1876643,1,1876644,1,0,False,1
node_162716,SRR16254620,SRR16075930,2021-09-15,2021-09-14,2021-09-16,{'AY.4': 2},599939,12,-1,2147483648,2,False,2
node_117235,ERR6623806,ERR6219896,2021-10-20,2021-08-20,2021-06-28,{'AY.4': 3},339131,3349,-1,2147483648,1,False,3
node_69848,ERR6126779,ERR6387053,2021-07-29,2021-06-15,2021-07-21,{'AY.4': 2},413040,2,-1,2147483648,5,False,2
ERR7442740,ERR7515520,ERR11763821,2021-11-21,2021-11-17,2021-12-02,{'AY.4': 1},907775,1,-1,2147483648,4,False,1
node_632623,ERR13253600,SRR29412898,2024-06-05,2024-05-04,2024-05-31,{'KP.3': 2},1893341,2,1854739,12,4,False,2
node_168219,ERR6660623,ERR6009376,2021-06-17,2021-08-27,2021-05-26,"{'AY.4': 35, 'B.1.617.2': 12, 'AY.103': 2}",167127,1241012,-1,2147483648,1,False,49
node_188576,ERR6112499,ERR6377885,2021-07-21,2021-06-08,2021-07-18,{'AY.4': 2},386232,2,-1,2147483648,3,False,2
ERR12534748,ERR10000135,ERR9370494,2022-07-09,2022-07-06,2022-03-13,{'BA.4.1': 1},1562303,1,-1,2147483648,13,False,1
node_416850,ERR5700227,ERR11820931,2021-04-18,2021-04-01,2021-05-05,{'B.1.1.7': 3},261215,3,-1,2147483648,5,False,3
SRR15775745,node_305643,SRR15272300,2021-08-17,2021-08-17,2021-07-12,{'AY.3': 1},478603,14,-1,2147483648,6,False,1
SRR23273233,ERR13036390,SRR21887011,2023-01-05,2022-12-27,2022-09-21,{'BQ.1.1.51': 1},1740897,1,1428716,13,5,False,1
SRR16833095,SRR16380928,ERR11853270,2021-10-08,2021-09-17,2021-09-12,{'AY.113': 1},698842,1,373989,3,11,False,1
ERR9428557,ERR12344074,ERR13090025,2022-03-18,2022-04-06,2022-03-29,{'BA.2': 1},1369587,1,-1,2147483648,5,False,1
node_501614,ERR8305778,ERR11795951,2022-02-02,2022-01-23,2022-01-02,{'BA.1.1': 2},1198180,2,-1,2147483648,3,False,2
node_235261,SRR20260044,node_235260,2021-07-29,2021-10-22,2021-07-29,{'AY.39': 34},414081,34,-1,2147483648,3,False,34
ERR6631759,ERR12817707,ERR11441252,2021-08-06,2021-07-21,2021-11-02,{'AY.9.2': 1},445254,1,445255,1,0,False,1
ERR13048009,ERR11923814,ERR13052165,2023-10-09,2023-08-07,2023-10-30,{'XCT': 1},1849731,1,1849732,1,0,True,1
node_326723,SRR15854822,ERR6393255,2021-09-09,2021-09-02,2021-07-21,{'AY.44': 3},571935,3,-1,2147483648,3,False,3
node_190217,SRR17264127,SRR16288101,2021-11-12,2021-11-23,2021-09-13,{'AY.113': 2},864961,2,864962,1,0,False,2
ERR10795726,ERR10821956,ERR10003894,2022-12-22,2022-12-13,2022-07-08,{'BA.5.1.23': 1},1730445,1,1428716,12,5,False,1
ERR5178134,ERR5054963,node_430710,2020-12-29,2020-12-18,2020-12-29,{'B.1.1.7': 1},93866,1,-1,2147483648,6,False,1
SRR19321236,SRR20345021,ERR9416799,2022-05-07,2022-04-14,2022-03-18,{'BA.2.63': 1},1474388,1,-1,2147483648,4,False,1
node_309644,SRR17250745,SRR17428113,2021-11-26,2021-10-22,2021-12-10,{'AY.3': 3},935971,3,-1,2147483648,7,False,3
node_83989,ERR6935413,ERR11755558,2021-10-31,2021-09-29,2021-11-25,{'AY.4': 1},796046,1,-1,2147483648,5,False,1
node_231277,SRR15391967,SRR14891435,2021-07-23,2021-07-19,2021-06-04,{'AY.39.1': 42},394383,43,-1,2147483648,4,False,42
ERR10932739,node_603710,SRR24013567,2023-02-12,2023-02-08,2023-03-17,{'XBB.1.5.18': 1},1765930,1,1673437,6,4,True,1
node_344172,ERR9899349,SRR16527612,2021-09-25,2021-09-03,2021-09-22,{'AY.20': 11},632164,12,632165,1,0,False,11
SRR18776709,SRR18812711,ERR8037373,2022-03-17,2022-01-25,2022-01-10,{'BA.1.1': 1},1367232,1,-1,2147483648,1,False,1
node_188937,SRR20116968,SRR16040697,2021-12-14,2021-12-14,2021-08-30,{'AY.39': 2},1024119,2,-1,2147483648,3,False,2
node_565078,ERR12529835,node_688898,2022-04-19,2022-04-04,2022-10-14,{'BA.2': 2},1446248,2,-1,2147483648,4,False,2
SRR16246115,SRR15387463,node_323880,2021-09-10,2021-07-23,2021-09-29,{'AY.44': 1},578790,1,-1,2147483648,5,False,1
SRR24547466,ERR10931842,SRR23607929,2023-04-30,2023-01-31,2023-02-08,{'GW.2': 1},1816928,1,1673437,6,5,False,1
SRR15863962,SRR15391634,SRR15586067,2021-08-18,2021-07-22,2021-08-05,{'AY.100': 1},482338,1,482339,1,0,False,1
node_252388,SRR15855590,SRR16850184,2021-09-15,2021-09-03,2021-10-15,{'AY.103': 9},600937,9,-1,2147483648,4,False,9
node_720998,ERR13028563,ERR12751262,2022-11-09,2022-12-18,2022-05-01,{'BA.4.6': 11},1705677,11,-1,2147483648,3,False,11
node_302719,SRR15545937,ERR6405162,2021-09-20,2021-08-01,2021-07-26,{'AY.3': 5},694674,5,-1,2147483648,4,False,5
SRR15056025,SRR14906274,SRR14374623,2021-06-02,2021-06-07,2021-04-03,{'P.1': 1},309254,1,-1,2147483648,4,False,1
node_426890,ERR6713518,ERR5688476,2021-03-06,2021-01-13,2021-03-28,{'B.1.1.7': 3},186396,3,-1,2147483648,10,False,3
ERR8250720,ERR6491994,ERR8214896,2021-12-11,2021-06-23,2021-12-11,{'AY.4': 1},1012029,1,1012030,1,0,False,1
ERR7022355,ERR6783048,ERR7262660,2021-09-26,2021-09-10,2021-10-21,{'AY.125': 1},646615,1,-1,2147483648,6,False,1
SRR20895315,SRR20874111,ERR8257723,2022-01-12,2021-12-22,2021-12-31,{'BA.1': 1},1104387,1,-1,2147483648,3,False,1
SRR16594571,ERR12816956,ERR5947007,2021-09-29,2021-07-24,2021-05-10,{'B.1.617.2': 1},661152,1,-1,2147483648,5,False,1
node_83875,ERR6495624,ERR7609970,2021-07-21,2021-08-04,2021-11-27,{'AY.4': 2},390998,2,-1,2147483648,4,False,2
node_700261,ERR10165871,ERR10366532,2022-10-05,2022-08-25,2022-09-27,{'BF.30': 3},1678251,3,1428716,8,3,False,3
node_325613,SRR15983263,SRR25081501,2021-10-22,2021-08-30,2021-07-24,{'AY.44': 1},757075,1,-1,2147483648,5,False,1
ERR13006159,ERR13014122,ERR10109722,2022-08-12,2022-08-04,2022-08-09,{'BF.4': 1},1617414,1,1428716,7,7,False,1
node_347808,ERR11761444,ERR6191812,2021-09-08,2021-07-06,2021-06-25,{'AY.9': 2},566374,2,566375,1,0,False,2
node_462776,ERR8196091,ERR11826612,2021-12-30,2021-12-22,2022-04-04,"{'BA.1.1': 11, 'BA.2.2.1': 3}",932477,191713,-1,2147483648,1,False,14
SRR15983091,SRR16221830,ERR6760781,2021-09-05,2021-09-07,2021-08-26,{'AY.39.1': 1},553537,1,-1,2147483648,5,False,1
node_189380,SRR17103150,SRR15818623,2021-11-02,2021-11-01,2021-08-11,{'AY.100': 1},808623,1,-1,2147483648,4,False,1
ERR5692774,ERR5436325,ERR5471460,2021-03-30,2021-02-24,2021-01-12,{'B.1.1.7': 1},228532,1,-1,2147483648,3,False,1
node_328130,SRR15290457,SRR16829949,2021-11-30,2021-07-17,2021-10-06,{'AY.44': 2},958296,2,958297,1,0,False,2
node_397580,ERR5059137,ERR4682176,2020-12-23,2020-12-18,2020-09-19,{'B.1.1.7': 2},90053,2,90053,0,0,False,2
SRR18537442,SRR18784749,ERR11829415,2022-03-19,2022-03-09,2022-03-16,{'BA.2': 1},1373726,1,-1,2147483648,5,False,1
node_643069,ERR10000017,ERR11804434,2022-07-02,2022-07-04,2022-06-13,{'BA.5.1': 1},1548713,1,1548714,1,0,False,1
ERR9277496,ERR8073554,ERR9265732,2022-03-06,2022-01-10,2022-03-04,{'BA.1': 1},1327439,1,-1,2147483648,0,False,1
SRR20263035,SRR17413678,SRR16606691,2021-11-24,2021-12-03,2021-09-28,{'AY.39': 1},927122,1,774473,1,6,False,1
node_370228,ERR4413600,node_370227,2020-10-21,2020-03-31,2020-10-21,{'unclassified': -1},-1,0,-1,2147483648,-1,False,293107
ERR7288362,ERR11754379,ERR6126779,2021-10-26,2021-10-19,2021-06-15,{'AY.4': 1},773261,1,-1,2147483648,3,False,1
SRR16161627,SRR16153482,ERR6840673,2021-08-31,2021-08-31,2021-09-03,{'AY.39': 1},533683,1,-1,2147483648,4,False,1
SRR20747565,SRR21561831,SRR23359892,2022-07-09,2022-08-28,2023-01-23,{'BA.5.5': 1},1562148,1,1428716,3,3,False,1
SRR24141700,SRR23381686,SRR23895692,2023-03-24,2023-01-30,2023-02-23,{'XBB.1.5.19': 1},1801902,1,1801903,1,0,True,1
node_504705,ERR8486753,ERR11905679,2022-02-09,2022-01-25,2022-02-06,{'BA.1.1.12': 2},1235505,2,-1,2147483648,5,False,2
node_187848,DRR321274,SRR16288101,2021-08-20,2021-05-18,2021-09-13,{'AY.113': 9},507790,10,-1,2147483648,3,False,9
SRR14778919,SRR14567615,node_404875,2021-04-11,2021-04-03,2021-03-09,{'B.1.1.7': 1},251885,1,-1,2147483648,3,False,1
ERR13125061,ERR12960617,ERR12937700,2022-04-06,2022-04-26,2022-04-02,{'BA.2': 1},1423487,1,-1,2147483648,3,False,1
node_189595,ERR6492835,SRR16149061,2021-09-23,2021-07-30,2021-09-10,{'AY.100': 7},636335,17,-1,2147483648,3,False,7
ERR8162484,ERR8544179,ERR8413388,2022-01-20,2022-02-01,2022-01-25,{'BA.2': 1},1135838,1,-1,2147483648,3,False,1
SRR21948388,SRR22038034,node_702440,2022-09-28,2022-10-09,2022-09-04,{'BA.5.2': 1},1672485,1,1672486,1,0,False,1
node_52910,ERR7406771,ERR6601033,2021-11-16,2021-11-09,2021-08-23,{'AY.4': 1},885972,1,-1,2147483648,4,False,1
node_7007,node_7006,node_6897,2021-03-30,2021-03-30,2021-03-03,"{'XB': 202, 'B.1': 224}",242304,426,242304,0,20,True,426
node_184125,SRR16829754,ERR11827861,2021-09-17,2021-10-08,2021-11-09,{'AY.100': 7},610594,7,-1,2147483648,3,False,7
ERR6610710,ERR6517334,ERR11755558,2021-08-18,2021-08-05,2021-11-25,{'AY.4': 1},480990,1,-1,2147483648,4,False,1
node_189682,node_189681,SRR17318226,2021-11-03,2021-11-03,2021-11-17,{'AY.117': 2},815177,2,815178,1,0,False,2
node_701823,ERR10024646,node_701811,2022-08-22,2022-07-23,2022-07-06,{'XBM': 21},1642734,21,1629518,1,0,True,21
node_587132,ERR10933215,SRR26085496,2023-04-21,2023-02-15,2023-09-03,"{'GJ.1.2': 629, 'GJ.1.2.2': 218, 'GJ.1.2.1': 13, 'KH.1': 13, 'GJ.1.2.8': 19, 'GJ.1.2.5': 24, 'JE.1.1.1': 25, 'JE.1': 13, 'GJ.1': 4, 'GJ.1.2.4': 8, 'JE.1.1': 2, 'GJ.1.2.7': 5, 'GJ.1.2.6': 1}",1762644,4075,1673437,3,6,False,974
node_184732,node_189490,ERR11847243,2021-08-30,2021-09-10,2021-07-31,{'AY.100': 32},527836,32,-1,2147483648,3,False,32
ERR5395571,ERR5393889,ERR12839238,2021-02-22,2021-02-21,2021-10-21,{'B.1.1.7': 1},166073,1,-1,2147483648,4,False,1
SRR19934309,ERR7692892,SRR18817377,2022-01-19,2021-11-27,2022-01-18,{'BA.1': 1},1132426,1,-1,2147483648,4,False,1
SRR20264149,SRR19266532,ERR6491292,2021-11-24,2021-11-20,2021-08-05,{'AY.119': 1},927330,1,927331,1,0,False,1
node_677969,ERR10511517,SRR21640599,2022-12-22,2022-11-11,2022-09-02,{'BW.1.1': 3},1730219,3,1428716,10,6,False,3
node_189516,node_189515,SRR17099203,2021-10-25,2021-10-25,2021-10-14,{'AY.100': 2},769503,2,769504,1,0,False,2
node_192012,SRR20232708,ERR12852118,2021-10-05,2021-11-02,2021-11-24,{'AY.107': 11},683641,11,-1,2147483648,3,False,11
node_188925,SRR20254302,node_189098,2021-09-29,2021-10-14,2021-09-28,{'AY.39': 1},661353,2,-1,2147483648,5,False,1
SRR15230181,SRR15087102,SRR16040875,2021-06-15,2021-06-27,2021-08-25,{'AY.44': 1},322193,1,-1,2147483648,3,False,1
node_651488,ERR10219839,SRR20662930,2022-09-06,2022-09-03,2022-07-06,{'BA.5.1': 2},1647777,2,1647778,1,0,False,2
node_149740,ERR6858625,ERR11755558,2021-10-20,2021-09-20,2021-11-25,{'AY.4': 3},765834,3,-1,2147483648,5,False,3
node_225622,ERR11761519,node_225012,2021-07-09,2021-07-09,2021-08-12,{'AY.43': 148},360587,148,360588,1,0,False,148
SRR16753061,SRR14391306,ERR4642224,2021-03-27,2021-04-11,2020-06-23,{'B.1.1.7': 1},224306,1,-1,2147483648,3,False,1
ERR7528443,ERR6136456,ERR7091320,2021-11-20,2021-06-17,2021-10-06,{'AY.4': 1},906301,1,-1,2147483648,3,False,1
ERR8629514,ERR8274434,ERR8001001,2022-02-06,2022-01-21,2022-01-04,{'BA.1.1': 1},1218663,1,-1,2147483648,3,False,1
SRR17128121,SRR20251029,SRR20264121,2021-11-16,2021-11-12,2021-11-24,{'AY.4': 1},886307,1,687515,4,7,False,1
ERR6454891,ERR6331604,ERR6520140,2021-07-28,2021-07-10,2021-08-08,{'B.1.617.2': 1},408243,1,-1,2147483648,4,False,1
node_455296,ERR11757240,ERR11796315,2021-12-15,2021-12-15,2022-01-11,"{'BA.1.1.15': 41, 'BA.1.1': 34}",932477,191713,-1,2147483648,1,False,75
node_461342,ERR8500951,ERR7675357,2021-12-24,2022-01-30,2021-12-03,{'BA.1': 2},1055445,3,-1,2147483648,3,False,2
node_107749,ERR7320404,ERR7209723,2021-09-18,2021-10-27,2021-10-19,{'AY.4.2.3': 45},3408924,45,-1,2147483648,3,False,45
node_652475,SRR21522778,node_650988,2022-08-25,2022-08-28,2022-07-28,{'BA.5.1.1': 2},1632758,2,1428716,3,4,False,2
SRR28620111,SRR26976438,SRR27473100,2024-01-12,2023-11-15,2023-12-01,{'JN.1.1': 1},1878897,1,1878898,1,0,False,1
node_189383,SRR15391634,node_180652,2021-11-24,2021-07-22,2021-10-08,{'AY.100': 2},927329,2,927329,0,0,False,2
SRR20899937,ERR8312927,node_463084,2022-02-09,2022-01-24,2022-03-06,{'BA.1.1': 1},1237095,3,-1,2147483648,3,False,1
node_643391,ERR10010968,ERR9969966,2022-07-08,2022-07-12,2022-06-25,{'BA.5.1': 4},1559471,4,1559471,0,0,False,4
node_189670,SRR16697349,node_189669,2021-11-10,2021-10-08,2021-11-10,{'AY.117': 2},861670,2,-1,2147483648,5,False,2
ERR10932303,ERR10932834,ERR13057366,2023-02-14,2023-02-15,2023-03-17,{'XBB.1.5.4': 1},1768189,1,1767081,1,4,True,1
ERR6758016,ERR6756391,SRR15877721,2021-09-09,2021-09-10,2021-08-12,{'B.1.617.2': 1},569209,1,569210,1,0,False,1
node_721870,ERR12782176,ERR10366434,2022-11-15,2022-06-08,2022-09-27,{'BA.4.6.1': 2},1708585,2,-1,2147483648,5,False,2
node_204670,ERR11755165,ERR7043654,2021-11-11,2021-10-19,2021-09-11,{'AY.126': 2},581259,42,-1,2147483648,5,False,2
node_777514,ERR10020918,node_777513,2022-12-07,2022-07-19,2022-12-07,"{'XAY.2.1': 81, 'XAY.2': 91, 'XAY.2.3': 127, 'XAY.2.2': 72}",1723586,371,1723586,0,17,True,371
SRR20806438,ERR10002434,ERR12752783,2022-05-15,2022-07-08,2022-05-07,{'BA.2.40.1': 1},1484292,1,-1,2147483648,6,False,1
node_357856,SRR15547380,SRR15224374,2021-08-02,2021-07-27,2021-07-10,{'AY.75': 21},428959,21,428960,1,0,False,21
SRR20115910,SRR17003221,ERR13153313,2021-12-01,2021-11-10,2021-07-30,{'AY.117': 1},963584,1,-1,2147483648,3,False,1
ERR13046667,ERR12979441,ERR10385907,2022-10-29,2022-09-12,2022-09-28,{'BA.5.2': 1},1699896,1,1699897,1,0,False,1
ERR8254824,ERR5946395,ERR8228039,2021-12-06,2021-05-10,2021-12-05,{'AY.4': 1},987678,1,-1,2147483648,3,False,1
SRR16795278,node_353569,SRR15920784,2021-10-08,2021-10-08,2021-08-31,{'AY.47': 1},698251,1,-1,2147483648,5,False,1
node_237409,SRR15224212,node_188804,2021-10-07,2021-07-12,2021-08-18,{'AY.118': 1},692999,1,-1,2147483648,10,False,1
node_302633,SRR17003892,SRR17187152,2021-11-22,2021-11-08,2021-11-30,{'AY.3': 1},915315,1,-1,2147483648,4,False,1
ERR8185895,ERR7469112,SRR20226724,2021-12-21,2021-11-11,2021-10-31,{'AY.36': 1},1047781,1,-1,2147483648,5,False,1
SRR24259854,ERR11079349,SRR23953652,2023-04-06,2023-02-26,2023-03-09,{'FD.2': 1},1808605,1,1673437,11,4,False,1
ERR6101447,node_530783,ERR6011927,2021-06-08,2022-01-24,2021-05-28,{'B.1.1.7': 1},316175,1,316176,1,0,False,1
ERR6927773,node_133191,ERR7139143,2021-09-26,2021-09-26,2021-10-14,{'AY.4': 1},646511,1,-1,2147483648,5,False,1
SRR23708312,SRR23713962,SRR23729166,2023-02-19,2023-02-15,2023-02-20,{'XBB.1.5': 1},1773998,1,1673437,9,3,True,1
node_189961,SRR17134186,SRR17345296,2021-10-29,2021-10-15,2021-12-08,{'AY.112.2': 6},3407528,10,-1,2147483648,2,False,6
SRR19319894,SRR27240204,ERR12551423,2022-05-05,2023-12-04,2022-04-03,{'BA.2': 1},1471596,1,-1,2147483648,4,False,1
SRR24270180,SRR23708976,SRR23709688,2023-04-11,2023-02-15,2023-02-10,{'XBB.1.5.20': 1},1810612,1,1673437,8,5,True,1
SRR23953148,ERR13054673,SRR26085318,2023-03-06,2023-02-19,2023-08-30,{'XBB.1.5': 1},1787771,1,1673437,8,6,True,1
node_189500,SRR15628860,ERR6491956,2021-08-05,2021-08-05,2021-07-21,{'AY.100': 2},442664,2,-1,2147483648,4,False,2
node_191978,SRR15818993,SRR20259884,2021-10-12,2021-08-10,2021-10-21,{'AY.107': 2},715193,3,-1,2147483648,4,False,2
node_126560,ERR11755457,ERR6393255,2021-09-21,2021-10-21,2021-07-21,{'AY.4': 3},175379,680876,-1,2147483648,1,False,3
SRR20259238,SRR16795134,ERR6491956,2021-10-20,2021-10-07,2021-07-21,{'AY.100': 1},749043,1,749044,2,1,False,1
SRR20117298,SRR19286444,SRR20250558,2021-12-15,2021-12-21,2021-11-11,{'AY.39.1': 1},1029050,1,1029051,1,0,False,1
SRR24065866,ERR7176021,node_275306,2021-12-28,2021-10-18,2021-12-28,{'AY.25': 1},1065973,1,1065974,1,0,False,1
SRR16566606,SRR16056180,SRR18291229,2021-09-26,2021-08-20,2021-12-28,{'AY.44': 1},647387,1,-1,2147483648,6,False,1
ERR12862681,ERR13322490,ERR12862605,2023-12-27,2024-02-05,2024-01-21,{'JN.1': 1},1875378,1,1854739,11,1,False,1
ERR7240305,ERR7177975,ERR6492325,2021-10-26,2021-10-18,2021-08-07,{'AY.4': 1},771732,1,-1,2147483648,7,False,1
SRR20769737,SRR20249801,ERR6517830,2021-10-23,2021-11-09,2021-08-04,{'AY.118': 1},761478,2,-1,2147483648,3,False,1
node_189519,ERR6492835,SRR15489886,2021-08-05,2021-07-30,2021-08-01,{'AY.100': 2},442588,2,-1,2147483648,3,False,2
SRR20178812,SRR17362836,SRR21266401,2021-11-27,2021-12-04,2021-12-08,{'AY.20': 1},940166,3,-1,2147483648,7,False,1
node_577739,ERR10711783,node_577736,2022-04-03,2022-03-14,2022-04-03,{'BA.2': 1},1416126,9,-1,2147483648,5,False,1
node_188640,SRR15432687,ERR6112499,2021-10-25,2021-07-24,2021-06-08,{'AY.4': 3},167127,1241012,-1,2147483648,1,False,3
node_716639,ERR9634441,SRR21153457,2022-08-05,2022-04-13,2022-07-22,{'BA.4.1': 2},1609434,2,-1,2147483648,3,False,2
SRR22148946,SRR24183827,SRR19720902,2022-08-15,2023-03-28,2022-05-24,{'BA.5.6': 1},1621122,1,1428716,7,6,False,1
node_263825,ERR6136456,node_263824,2021-09-11,2021-06-17,2021-09-11,{'AY.103': 2},582050,2,-1,2147483648,6,False,2
node_593789,SRR23630374,ERR10706049,2023-01-10,2023-02-01,2022-11-29,"{'XBB.1.5.25': 34, 'XBB.1.5.48': 1, 'XBB.1.5': 4, 'XBB.1.5.78': 1}",1702805,57052,1673437,4,1,True,40
node_619131,node_618072,SRR26391001,2023-08-29,2023-08-15,2023-09-30,{'EG.5.1.1': 2},1836841,2,1673437,13,6,False,2
node_196237,SRR17083728,ERR6440908,2021-10-18,2021-09-27,2021-07-26,"{'AY.126': 1, 'B.1.617.2': 9}",582384,50,-1,2147483648,3,False,10
SRR14462686,SRR14158596,ERR4287486,2021-02-23,2021-03-03,2020-05-13,{'B.1.110.3': 1},167537,1,-1,2147483648,4,False,1
node_343944,SRR16636640,SRR16527634,2021-10-27,2021-10-04,2021-09-27,{'AY.20': 3},822709,4,-1,2147483648,6,False,3
ERR7009409,ERR7007369,ERR6445757,2021-09-27,2021-09-27,2021-07-14,{'AY.126': 1},650508,1,-1,2147483648,5,False,1
SRR16623248,SRR14154884,ERR4287486,2021-05-16,2021-03-14,2020-05-13,{'B.1.637': 1},292832,1,-1,2147483648,5,False,1
ERR5700552,ERR5670688,ERR5453939,2021-04-03,2021-02-14,2021-02-26,{'B.1.1.7': 1},237193,1,-1,2147483648,4,False,1
ERR10020846,ERR10000914,ERR9926206,2022-07-20,2022-07-06,2022-06-27,{'BA.5': 1},1581997,1,1581998,1,0,False,1
node_189162,SRR15656764,SRR15200010,2021-09-17,2021-08-04,2021-06-24,{'AY.114': 2},670139,2,323645,1,4,False,2
ERR7696866,ERR7135363,ERR13153313,2021-12-07,2021-10-03,2021-07-30,{'AY.4': 1},991144,1,991145,1,0,False,1
ERR10120569,ERR10021627,ERR12973049,2022-08-19,2022-07-20,2022-08-08,{'BA.5.1.30': 1},1625220,1,1428716,7,5,False,1
node_555834,SRR19793871,ERR9847862,2022-06-07,2022-06-07,2022-05-26,{'BA.2.12.1': 7},1515857,7,-1,2147483648,4,False,7
ERR8302936,ERR7894465,ERR8092061,2022-01-24,2021-12-25,2022-01-14,{'BA.1.17.2': 1},1154081,1,-1,2147483648,0,False,1
SRR20234186,SRR16351303,SRR16243861,2021-11-03,2021-09-16,2021-09-15,{'AY.26': 1},815165,1,-1,2147483648,6,False,1
SRR21458449,ERR10445652,SRR21223423,2022-08-18,2022-10-09,2022-07-30,{'BA.5.2.31': 1},1624833,1,1428716,9,4,False,1
SRR19933528,SRR17128573,SRR16706744,2021-11-15,2021-11-15,2021-10-06,{'AY.100': 1},878913,1,687566,3,3,False,1
node_519083,ERR7795933,ERR9350755,2022-01-25,2021-12-09,2022-03-11,{'BA.1.17.2': 1},1160944,1,-1,2147483648,4,False,1
SRR20252936,SRR16786252,ERR6571500,2021-10-18,2021-10-07,2021-08-08,{'AY.75': 1},739232,1,-1,2147483648,7,False,1
node_39561,ERR4849909,ERR4688484,2020-12-20,2020-11-03,2020-09-25,{'B.1.177': 2},88240,2,-1,2147483648,4,False,2
node_189654,SRR16636944,SRR15199833,2021-10-09,2021-10-05,2021-06-28,{'AY.117': 8},702193,8,614015,1,5,False,8
SRR15916359,SRR15446230,node_232780,2021-08-11,2021-07-26,2021-09-02,{'AY.39': 1},462446,1,-1,2147483648,4,False,1
ERR6766013,ERR6758732,SRR17889057,2021-09-04,2021-08-29,2021-12-24,{'AY.36': 1},550309,1,-1,2147483648,7,False,1
node_189701,ERR11794806,ERR6884561,2021-10-26,2021-12-08,2021-09-19,{'AY.42': 2},773483,2,-1,2147483648,7,False,2
SRR19721836,ERR9474611,SRR20568907,2022-05-23,2022-03-21,2022-04-22,{'BA.2': 1},1495033,1,-1,2147483648,4,False,1
ERR7104248,ERR6930866,ERR6215273,2021-10-08,2021-09-29,2021-06-28,{'AY.4': 1},695671,1,-1,2147483648,3,False,1
node_533111,ERR11795874,ERR8648324,2021-12-10,2021-12-22,2022-02-08,"{'BA.1': 4, 'BA.1.1': 3}",1046379,435305,-1,2147483648,1,False,7
ERR7321064,ERR6887655,ERR7121820,2021-10-24,2021-09-15,2021-10-11,{'AY.4': 1},764056,1,599464,1,3,False,1
SRR14392923,SRR14390385,ERR11822460,2021-04-09,2021-04-02,2021-04-11,{'B.1.1.7': 1},248130,1,-1,2147483648,3,False,1
node_357622,SRR16066337,ERR13156129,2021-06-22,2021-08-27,2021-06-04,{'AY.75': 71},282372,4360,-1,2147483648,5,False,71
node_328441,SRR15290557,SRR16063008,2021-07-31,2021-07-16,2021-08-27,{'AY.44': 3},422303,3,-1,2147483648,4,False,3
node_435037,ERR5176276,ERR5183148,2021-01-25,2020-12-29,2021-01-03,{'B.1.1.7': 4},124080,4,-1,2147483648,3,False,4
SRR28373762,SRR27852272,ERR12862680,2024-02-04,2024-01-18,2023-12-27,{'JN.1.39': 1},1884665,1,1854739,11,3,False,1
ERR6757274,ERR6830436,ERR6486677,2021-09-01,2021-09-01,2021-07-03,{'AY.4': 1},536494,1,-1,2147483648,4,False,1
node_248552,SRR20767046,SRR20278071,2021-12-01,2021-10-24,2021-11-30,{'B.1.617.2': 2},963867,2,963867,0,0,False,2
node_607665,ERR11923729,node_586861,2023-08-21,2023-08-12,2023-09-11,"{'XCP': 40, 'JD.1.1': 1}",1805404,20411,1673437,10,2,True,41
ERR7375443,ERR7573186,ERR6829012,2021-11-01,2021-11-05,2021-09-01,{'AY.4': 1},801407,3,-1,2147483648,3,False,1
node_659376,ERR10446529,ERR10032339,2022-11-10,2022-10-18,2022-07-27,{'BQ.1.1.7': 2},1705963,2,1428716,12,7,False,2
node_723157,ERR9759927,ERR12753545,2022-06-08,2022-05-04,2022-06-12,{'BA.4': 2},1514852,2,-1,2147483648,12,False,2
ERR5334397,ERR5316757,ERR5058345,2021-01-27,2021-02-08,2020-12-20,{'B.1.1.7': 1},127854,1,-1,2147483648,5,False,1
ERR8256873,ERR8070263,ERR8189011,2022-01-04,2022-01-11,2021-12-28,{'BA.1.1': 1},1083064,1,-1,2147483648,1,False,1
ERR10119199,ERR10000017,ERR10000391,2022-08-05,2022-07-04,2022-07-06,{'BA.5.1.22': 1},1609022,1,1609023,1,0,False,1
ERR6010077,ERR12850744,ERR5964379,2021-05-24,2021-11-17,2021-05-16,{'B.1.617.2': 1},300233,1,-1,2147483648,3,False,1
ERR12077841,ERR11923696,ERR10965153,2023-09-04,2023-08-11,2023-02-21,{'EG.5.1': 1},1837854,1,1837855,1,0,False,1
ERR7863688,ERR7333303,ERR7482736,2021-12-17,2021-11-01,2021-11-12,{'AY.4.2.1': 1},1035452,1,-1,2147483648,3,False,1
node_409327,node_409326,ERR5174575,2021-05-12,2021-05-12,2020-12-21,{'B.1.1.7': 2},289299,2,-1,2147483648,5,False,2
SRR28513473,SRR28210486,SRR28513457,2024-02-18,2023-01-24,2024-02-09,{'JN.1': 1},1886965,1,1854739,9,5,False,1
SRR27334897,ERR11779167,ERR13076516,2023-08-16,2023-07-05,2023-07-10,{'EG.5.1': 1},1832043,1,1832044,1,0,False,1
node_63111,DRR321274,ERR6887655,2021-07-28,2021-05-18,2021-09-15,{'AY.4': 144},408248,146,-1,2147483648,4,False,144
SRR27236231,SRR27471107,SRR27240218,2023-12-04,2023-12-19,2023-12-04,{'HV.1': 1},1867014,1,1673437,19,6,False,1
node_468539,SRR18518122,ERR8028645,2022-03-31,2022-03-18,2022-01-08,{'BA.1.1': 1},1411536,1,-1,2147483648,3,False,1
ERR11452620,SRR21898617,ERR10005000,2023-01-03,2022-09-21,2022-07-19,{'BA.4': 1},1738643,1,-1,2147483648,4,False,1
node_15595,SRR13834125,SRR14463228,2020-12-13,2020-11-10,2021-02-22,"{'B.1.596': 2, 'B.1.2': 2}",80882,4,-1,2147483648,5,False,4
ERR6515528,ERR11754016,ERR6216880,2021-08-03,2021-10-18,2021-06-29,{'AY.98': 1},431784,1,-1,2147483648,5,False,1
SRR16721013,SRR16721233,SRR16722377,2021-04-07,2021-04-04,2021-04-04,{'B.1.526': 1},245220,1,-1,2147483648,4,False,1
ERR11837995,node_518394,ERR12895549,2022-01-18,2022-01-18,2022-01-07,{'BA.1': 1},1127065,1,-1,2147483648,6,False,1
node_183257,SRR20259351,SRR16065061,2021-10-11,2021-10-22,2021-08-26,{'AY.100': 7},167127,1241012,-1,2147483648,1,False,7
ERR7651607,ERR7407747,ERR7388236,2021-11-30,2021-11-09,2021-11-04,{'AY.4.2.1': 1},955474,1,-1,2147483648,3,False,1
SRR23011884,node_670381,ERR10779875,2022-11-29,2022-11-29,2022-12-28,{'BQ.1.12': 1},1715198,1,1428716,11,6,False,1
node_235412,SRR20228873,ERR7377782,2021-11-01,2021-10-26,2021-11-02,{'AY.39': 1},803171,1,774473,2,9,False,1
SRR19675172,SRR19674868,SRR19675118,2022-04-24,2022-04-16,2022-04-18,{'BA.2.9': 1},1455345,1,-1,2147483648,3,False,1
ERR9234072,ERR5190650,ERR9233651,2021-05-18,2021-01-11,2021-04-16,{'B.1.1.7': 1},295390,1,-1,2147483648,3,False,1
node_62316,ERR6457775,ERR6830462,2021-08-17,2021-07-29,2021-09-05,{'AY.4': 2},486086,2,-1,2147483648,3,False,2
SRR26043246,ERR12254959,SRR23508767,2023-08-21,2023-10-01,2023-01-23,{'XBB.2.3': 1},1833117,1,1833118,1,0,True,1
SRR24115691,ERR11803655,ERR10039713,2022-01-07,2022-02-06,2022-01-03,{'BA.1.18': 1},1092057,1,-1,2147483648,5,False,1
ERR7409551,ERR11756314,ERR7174506,2021-11-09,2021-11-27,2021-10-18,{'AY.4.2.1': 1},844949,1,-1,2147483648,2,False,1
SRR24547017,SRR24460605,node_610178,2023-05-02,2023-04-21,2023-10-23,{'HP.1': 1},1817468,1,1673437,9,7,False,1
SRR29074623,node_632917,node_629790,2024-05-02,2024-02-26,2024-05-14,{'LQ.1': 1},1891290,1,1854739,12,4,False,1
node_117233,ERR6386534,ERR6440908,2021-08-20,2021-07-21,2021-07-26,{'AY.4': 7},339131,3349,-1,2147483648,1,False,7
node_102553,ERR6867090,ERR8198202,2021-10-26,2021-09-18,2021-12-10,{'AY.4.2.2': 81},817094,82,-1,2147483648,3,False,81
SRR20682676,ERR10039731,SRR19723306,2022-07-07,2022-07-22,2022-05-27,{'BA.5.5': 1},1558218,1,1558219,1,0,False,1
SRR23869169,SRR23447278,ERR10730075,2023-02-01,2023-01-24,2022-12-12,{'BQ.1.1.3': 1},1757874,1,1428716,16,3,False,1
node_181406,SRR16766301,SRR19939676,2021-11-03,2021-10-07,2021-12-28,{'AY.100': 60},605200,97,-1,2147483648,2,False,60
SRR19212263,SRR19723748,ERR9199575,2022-03-31,2022-05-28,2022-02-26,{'BA.2': 1},1411584,1,-1,2147483648,6,False,1
SRR22117910,node_682662,SRR20884574,2022-10-17,2022-09-15,2022-07-18,{'BF.10': 1},1689694,1,1428716,9,3,False,1
SRR21045027,SRR16835380,node_186233,2021-11-02,2021-10-11,2021-09-08,{'AY.25': 1},809372,1,-1,2147483648,4,False,1
node_288868,SRR21331931,SRR16838005,2021-10-28,2021-11-18,2021-10-12,{'AY.25.1': 4},783477,4,-1,2147483648,4,False,4
ERR13126630,SRR19958622,node_647565,2022-06-30,2022-06-08,2022-11-03,{'BA.5': 1},1545187,1,1428716,1,13,False,1
node_236556,SRR14897305,SRR16162137,2021-09-08,2021-05-10,2021-09-09,{'AY.39': 5},734901,5,-1,2147483648,4,False,5
node_153932,ERR6201276,ERR7464523,2021-12-09,2021-06-28,2021-11-09,{'AY.4': 1},1005925,1,1005926,1,0,False,1
SRR22685051,SRR21898952,SRR23319113,2022-10-01,2022-09-26,2022-09-06,{'BA.5.2.1': 1},1674817,1,1428716,11,4,False,1
SRR17364698,node_4883,SRR16792083,2020-12-14,2020-12-14,2021-08-21,{'B.1.561': 1},81783,1,-1,2147483648,5,False,1
node_169767,ERR6533444,SRR15555535,2021-08-29,2021-08-11,2021-08-02,{'AY.4': 7},544432,7,-1,2147483648,5,False,7
ERR8236467,ERR8224616,ERR11755230,2021-12-02,2021-12-01,2021-10-21,{'B.1.617.2': 1},968152,1,-1,2147483648,3,False,1
node_191161,ERR6516129,node_189163,2021-09-05,2021-08-06,2021-09-17,{'AY.114': 6},642496,8,-1,2147483648,3,False,6
ERR10779875,SRR24600441,node_668508,2022-12-28,2023-03-07,2022-12-28,{'BQ.1.8': 1},1733302,1,1428716,13,5,False,1
ERR5390276,ERR5175948,ERR5352626,2021-02-18,2020-12-25,2021-02-15,{'B.1.1.7': 1},160497,1,-1,2147483648,3,False,1
node_228015,ERR6423050,ERR6550880,2021-10-14,2021-07-08,2021-08-13,{'AY.120': 18},3400272,87,-1,2147483648,0,False,18
node_182993,SRR16527807,SRR15224891,2021-11-15,2021-09-26,2021-07-12,{'AY.100': 1},880695,1,-1,2147483648,8,False,1
node_363518,SRR15201211,ERR11764426,2021-07-16,2021-07-08,2021-12-05,{'AY.14': 1},374149,1,-1,2147483648,5,False,1
ERR6634771,ERR6622861,ERR7239857,2021-08-20,2021-08-14,2021-10-19,{'B.1.617.2': 1},487258,1,-1,2147483648,4,False,1
SRR21636269,SRR20932763,SRR21762167,2022-09-04,2022-07-11,2022-09-13,{'BA.5.1.30': 1},1645176,1,1645177,1,0,False,1
ERR6626906,ERR13182720,ERR6626209,2021-08-17,2021-08-22,2021-08-17,{'AY.4': 1},477998,1,-1,2147483648,3,False,1
SRR20177845,SRR20186634,SRR17102886,2021-11-14,2021-12-04,2021-11-09,{'AY.100': 1},873889,1,-1,2147483648,3,False,1
node_188485,ERR7320404,ERR11826237,2021-10-23,2021-10-27,2021-10-26,{'AY.4.2.3': 1},760291,1,760292,1,0,False,1
node_189618,SRR16684419,SRR16829648,2021-11-12,2021-10-12,2021-10-09,{'AY.100': 2},754484,49,-1,2147483648,5,False,2
SRR16354581,DRR321274,SRR16853158,2021-09-15,2021-05-18,2021-10-17,{'AY.44': 1},601530,1,-1,2147483648,3,False,1
node_91222,ERR12825008,ERR11764426,2021-10-05,2021-09-14,2021-12-05,{'AY.4': 4},689182,4,-1,2147483648,2,False,4
SRR15993313,SRR15993314,ERR6491956,2021-08-23,2021-08-23,2021-07-21,{'AY.100': 1},497862,1,-1,2147483648,3,False,1
node_709214,ERR10047435,SRR21606083,2022-11-28,2022-08-02,2022-07-28,{'BA.5.2.20': 1},1714358,1,1428716,9,7,False,1
ERR6486533,ERR6172291,ERR13153313,2021-07-21,2021-06-23,2021-07-30,{'AY.4': 1},385989,1,-1,2147483648,4,False,1
node_190041,SRR16696998,ERR13153313,2021-10-07,2021-10-06,2021-07-30,{'AY.113': 2},692664,2,692665,1,0,False,2
SRR17393650,SRR17354585,SRR16501217,2021-12-17,2021-12-08,2021-09-21,{'AY.103': 1},1037379,1,-1,2147483648,3,False,1
ERR7238940,ERR7236446,ERR6605289,2021-10-16,2021-10-16,2021-08-24,{'AY.4': 1},729817,1,-1,2147483648,7,False,1
SRR16668964,SRR15599404,SRR14375047,2021-04-21,2021-02-06,2021-04-01,{'B.1.526': 1},265163,1,-1,2147483648,5,False,1
node_446746,SRR18772658,ERR8203298,2021-12-21,2022-02-20,2021-12-18,{'BA.1.15': 15},926284,38012,-1,2147483648,1,False,15
node_446132,SRR18152831,ERR8492983,2021-12-29,2022-01-20,2022-01-29,{'BA.1.15': 9},1319960,10,-1,2147483648,3,False,9
node_186490,ERR6633085,SRR16162594,2021-08-26,2021-08-27,2021-09-12,{'AY.100': 2},508325,4,-1,2147483648,5,False,2
SRR23359808,ERR10462109,SRR23708058,2023-01-24,2022-10-20,2023-02-12,{'XBB.1.5': 1},1752784,1,1673437,5,4,True,1
node_450394,ERR11780336,ERR8146022,2022-01-30,2022-03-28,2022-01-18,{'BA.1.1': 1},1183861,1,1183862,1,0,False,1
ERR13049115,ERR13046195,SRR23711356,2023-04-11,2023-03-24,2023-02-13,{'XBB.1.5.62': 1},1810563,1,1673437,7,5,True,1
ERR5404343,ERR5458982,ERR5557767,2021-02-08,2021-02-13,2021-03-15,{'B.1.1.7': 1},143970,1,-1,2147483648,4,False,1
node_96191,ERR6634211,ERR11753761,2021-10-20,2021-08-19,2021-10-17,{'AY.4': 2},747743,2,747743,0,0,False,2
SRR14857811,SRR15139478,SRR14898051,2021-05-16,2021-04-05,2021-05-18,{'B.1.429': 1},292720,1,-1,2147483648,7,False,1
ERR9194011,ERR11795951,ERR9104933,2022-02-25,2022-01-02,2022-02-22,{'BA.1.1.14': 1},1301213,1,-1,2147483648,3,False,1
SRR24547090,node_611807,ERR10804812,2023-04-29,2023-04-29,2023-01-04,{'XBB.1.16.1': 1},1816745,1,1673437,12,3,True,1
ERR7236965,ERR6800297,node_188704,2021-10-11,2021-09-11,2021-09-16,{'AY.4': 1},708341,1,708342,1,0,False,1
node_627481,SRR23608393,node_580575,2023-01-06,2023-02-10,2022-10-28,"{'XBB.2.3': 1, 'XBB.1': 6}",1613656,44307,1428716,8,2,True,7
SRR23620397,ERR13049636,ERR11490464,2023-02-13,2023-08-21,2023-03-27,{'XBB.1.5': 1},1767201,1,1673437,6,6,True,1
node_453258,ERR8119408,ERR9327284,2022-02-08,2022-01-16,2022-03-09,{'BA.1.16': 2},1229221,3,-1,2147483648,3,False,2
SRR19941051,ERR11781452,SRR19449040,2022-06-01,2022-03-29,2022-05-15,{'BA.2.12': 1},1506315,1,-1,2147483648,3,False,1
node_718790,ERR10000570,ERR10002732,2022-08-02,2022-07-05,2022-07-08,{'BA.4': 6},1604783,6,-1,2147483648,5,False,6
node_555437,SRR19454561,ERR12307116,2022-07-09,2022-05-05,2022-04-07,{'BA.2.12.1': 2},1319942,48127,-1,2147483648,1,False,2
SRR21521861,ERR10000474,ERR10015469,2022-08-28,2022-07-05,2022-07-15,{'BE.1': 1},1636700,1,1428716,5,5,False,1
node_696534,SRR21211700,ERR10032299,2022-07-23,2022-08-11,2022-07-28,{'BA.5': 2},1588420,2,1588420,0,1,False,2
node_589090,ERR10426124,ERR10003171,2023-02-12,2022-10-09,2022-07-07,{'XCC': 15},1766388,15,1766388,0,0,True,15
SRR14403334,SRR14201703,SRR16171877,2021-02-18,2021-02-09,2020-12-28,{'B.1.427': 1},160912,1,-1,2147483648,3,False,1
node_210457,ERR7396248,ERR6381235,2021-11-04,2021-11-06,2021-07-15,{'AY.5': 10},817813,11,-1,2147483648,4,False,10
node_573913,ERR9615540,SRR19547896,2022-03-24,2022-04-03,2022-03-23,{'BA.2': 4},1389322,4,-1,2147483648,3,False,4
SRR16621377,ERR11822460,SRR16614209,2021-05-10,2021-04-11,2021-03-16,{'B.1.1.7': 1},286500,1,-1,2147483648,8,False,1
node_434723,ERR5091743,ERR5193362,2020-12-21,2020-12-30,2021-01-14,{'B.1.1.7': 4},124597,4,-1,2147483648,3,False,4
ERR6765753,ERR6470794,SRR16706479,2021-09-03,2021-08-03,2021-10-04,{'AY.4': 1},546467,1,546468,1,0,False,1
node_579615,SRR21394361,ERR9760788,2022-05-11,2022-07-29,2022-05-07,{'BA.2': 2},1479892,2,-1,2147483648,5,False,2
node_188340,ERR6602566,SRR20178193,2021-10-22,2021-08-24,2021-11-17,{'AY.4': 1},755221,1,-1,2147483648,6,False,1
SRR20249801,SRR20769737,SRR16307507,2021-11-09,2021-10-23,2021-09-15,{'AY.118': 1},847204,1,847205,1,0,False,1
node_719108,ERR12538482,ERR10003894,2022-06-12,2022-06-10,2022-07-08,{'BA.4': 6},1521312,6,-1,2147483648,3,False,6
ERR7712436,ERR7301655,ERR6169344,2021-11-27,2021-10-25,2021-06-21,{'AY.4': 1},939509,1,-1,2147483648,7,False,1
SRR15948751,SRR16056575,node_343944,2021-08-20,2021-08-23,2021-10-27,{'AY.20': 1},488463,1,-1,2147483648,7,False,1
ERR13177416,ERR13040343,node_675638,2023-02-08,2023-01-20,2023-02-08,{'BA.5.3.1': 1},1762613,1,1428716,10,6,False,1
node_19985,ERR13149459,node_21213,2021-02-25,2021-04-21,2021-05-07,{'B.1.526': 470},170973,475,-1,2147483648,7,False,470
node_389189,ERR5339353,ERR4848182,2020-12-25,2021-02-11,2020-10-29,{'B.1.1.7': 6},50503,295781,-1,2147483648,1,False,6
SRR22896031,ERR13173513,node_695655,2022-11-07,2022-07-06,2022-11-07,{'BF.7.4.1': 1},1704365,1,1704366,1,0,False,1
node_588962,node_615187,ERR13028283,2023-01-13,2023-03-22,2022-12-06,{'XBB.3.1': 4},1717364,8,1673437,5,3,True,4
node_231906,SRR16925704,SRR15200045,2021-10-04,2021-10-12,2021-07-02,{'AY.39': 4},679326,11,679327,1,0,False,4
SRR19535074,node_319691,ERR13153217,2022-01-16,2022-01-16,2021-07-31,{'AY.44': 1},1117523,1,-1,2147483648,4,False,1
SRR16161553,SRR15892996,SRR20261476,2021-09-01,2021-08-25,2021-11-12,{'AY.25': 1},538379,1,-1,2147483648,4,False,1
node_314215,SRR16840590,SRR20762889,2021-11-19,2021-10-14,2021-10-25,{'AY.44': 3},902233,3,-1,2147483648,5,False,3
ERR6573578,ERR12846385,ERR7683692,2021-08-18,2021-10-28,2021-11-14,{'AY.128': 1},479894,1,479895,1,0,False,1
SRR15919840,SRR16838591,SRR15891588,2021-08-04,2021-10-13,2021-08-04,{'AY.39': 1},438708,1,-1,2147483648,3,False,1
node_189636,SRR16161643,ERR13161268,2021-06-28,2021-09-08,2021-09-24,{'AY.117': 74},167127,1241012,-1,2147483648,1,False,74
ERR10151025,SRR22295081,ERR10382001,2022-08-15,2022-10-28,2022-10-03,{'BA.5.1.10': 1},1620650,1,1428716,6,3,False,1
node_173739,ERR5991611,ERR6578959,2021-09-16,2021-05-19,2021-08-18,{'AY.4': 2},647866,2,-1,2147483648,3,False,2
ERR6936211,ERR6870523,ERR7528093,2021-09-29,2021-09-20,2021-11-18,{'AY.4': 1},659165,1,-1,2147483648,7,False,1
node_422584,ERR5460026,ERR5174575,2021-03-30,2021-03-02,2020-12-21,{'B.1.1.7': 2},228259,2,-1,2147483648,6,False,2
ERR6826236,ERR6647643,ERR6440908,2021-08-24,2021-08-22,2021-07-26,{'AY.4': 1},501024,1,-1,2147483648,7,False,1
node_344387,ERR13160882,SRR20145644,2021-10-30,2021-09-09,2021-11-29,{'AY.20': 6},792663,7,-1,2147483648,3,False,6
ERR9840332,ERR12754228,ERR12969900,2022-04-19,2022-05-15,2022-05-14,{'BA.2': 1},1446452,1,1446453,1,0,False,1
ERR5649679,ERR5553098,ERR12141719,2021-03-20,2021-03-16,2021-01-15,{'B.1.1.7': 1},210897,1,-1,2147483648,3,False,1
ERR8204262,SRR19342516,node_536839,2021-12-31,2022-02-04,2021-12-24,{'BA.1.1': 1},1074771,1,-1,2147483648,4,False,1
node_408615,ERR11822460,SRR14312926,2021-05-03,2021-04-11,2021-04-03,{'B.1.1.7': 3},279272,3,-1,2147483648,3,False,3
ERR9979167,ERR10000034,ERR9892277,2022-07-12,2022-07-05,2022-06-17,{'BA.5': 1},1567767,1,1567768,1,0,False,1
node_135077,ERR6932384,ERR11742306,2021-10-03,2021-09-29,2021-09-11,{'AY.4': 1},674204,1,-1,2147483648,3,False,1
SRR25081904,node_227521,SRR15585887,2021-07-21,2021-08-11,2021-08-06,{'AY.120': 1},384837,1,-1,2147483648,6,False,1
ERR7240684,ERR6922762,ERR6568434,2021-10-07,2021-09-27,2021-08-08,{'AY.4': 1},692003,1,-1,2147483648,6,False,1
ERR6490974,ERR6225461,node_135285,2021-08-06,2021-07-01,2021-10-11,{'AY.4': 1},444141,1,-1,2147483648,6,False,1
node_638275,SRR20136361,ERR10001748,2022-08-07,2022-06-16,2022-07-06,{'BA.5.1': 3},1610792,3,1428716,7,7,False,3
ERR6485055,node_192357,ERR6759290,2021-07-09,2021-06-28,2021-09-04,{'B.1.617.2': 1},359973,1,-1,2147483648,0,False,1
ERR12978293,ERR11805511,ERR9913620,2022-07-26,2022-06-17,2022-06-28,{'BA.5': 1},1594331,1,1594332,1,0,False,1
node_417191,ERR6074062,ERR5934187,2021-06-16,2021-06-05,2021-05-09,{'B.1.1.7': 2},323404,2,-1,2147483648,3,False,2
SRR23530383,SRR23318608,SRR25681644,2023-02-08,2023-01-05,2023-07-24,{'XBB.1.5': 1},1761966,1,1673437,7,16,True,1
node_498377,ERR8276642,ERR10640834,2022-01-14,2022-01-22,2022-11-28,{'BA.1.1': 1},1111425,1,-1,2147483648,3,False,1
SRR16527807,SRR20951995,node_189449,2021-09-26,2021-11-15,2021-09-16,{'AY.100': 1},646992,2,-1,2147483648,4,False,1
SRR19792010,SRR20277008,ERR10000182,2022-06-04,2022-06-24,2022-07-06,{'BA.2.12.1': 1},1508681,1,-1,2147483648,3,False,1
ERR7379837,ERR6664562,ERR13182720,2021-10-30,2021-08-26,2021-08-22,{'AY.4': 1},791803,1,-1,2147483648,4,False,1
ERR9699779,ERR8656845,ERR9501729,2022-04-07,2022-02-09,2022-03-25,{'BA.2': 1},1424327,1,-1,2147483648,4,False,1
ERR5308878,node_370377,node_370291,2021-02-05,2021-01-30,2020-12-19,{'B.1.1.7': 1},139642,1,-1,2147483648,3,False,1
SRR27387213,SRR27353959,SRR27366131,2023-11-25,2023-10-26,2023-10-10,{'EG.5.1': 1},1863700,1,1863701,1,0,False,1
node_33014,ERR5239073,ERR4645635,2020-11-02,2021-01-15,2020-08-27,{'B.1.177': 2},53960,2,-1,2147483648,4,False,2
node_180343,SRR16162760,SRR16066475,2021-10-11,2021-09-10,2021-08-26,{'AY.100': 2},709581,2,-1,2147483648,4,False,2
ERR8189386,ERR7971721,ERR13309875,2021-12-26,2022-01-03,2022-01-15,{'BA.1.17.2': 1},1058408,1,-1,2147483648,4,False,1
SRR21349251,SRR19277617,ERR9343363,2022-02-13,2021-12-23,2022-03-11,{'BA.1.1': 1},1255489,1,-1,2147483648,4,False,1
node_423589,ERR5041885,ERR5877670,2021-04-29,2020-12-19,2021-04-22,{'B.1.1.7': 1},274648,1,-1,2147483648,3,False,1
SRR15230480,SRR17878143,SRR15160251,2021-06-03,2021-05-14,2021-04-29,{'B.1.1.7': 1},310437,1,-1,2147483648,3,False,1
ERR4905768,ERR4793745,ERR4780466,2020-11-14,2020-10-20,2020-10-19,{'B.1.177.17': 1},63820,1,-1,2147483648,4,False,1
node_587129,SRR27143009,node_587128,2023-04-21,2023-11-26,2023-04-21,"{'GJ.1.2': 629, 'GJ.1.2.2': 218, 'GJ.1.2.1': 13, 'KH.1': 13, 'GJ.1.2.8': 25, 'GJ.1.2.5': 24, 'JE.1.1.1': 25, 'JE.1': 13, 'GJ.1': 4, 'GJ.1.2.4': 8, 'JE.1.1': 2, 'GJ.1.2.7': 5, 'GJ.1.2.6': 1}",1762644,4075,1673437,3,6,False,980
node_10662,SRR13971677,SRR14155952,2021-01-29,2021-01-11,2021-03-12,{'B.1.2': 2},130674,2,-1,2147483648,5,False,2
node_36927,ERR5025825,ERR4693714,2020-11-16,2020-12-10,2020-10-04,{'B.1.177': 2},26678,36266,-1,2147483648,1,False,2
ERR13320567,ERR13320788,ERR11008186,2023-09-14,2023-09-25,2023-03-01,{'XDF': 1},1841699,1,1673437,12,6,True,1
ERR10481476,ERR10706865,SRR22295763,2022-10-28,2022-12-10,2022-10-28,{'BA.2': 1},1698565,1,1698566,1,0,False,1
node_557097,ERR12751262,node_557096,2022-03-25,2022-05-01,2022-03-25,{'BA.2': 6},1394155,6,-1,2147483648,3,False,6
node_16077,node_16075,SRR16747377,2021-03-01,2021-02-19,2021-03-11,{'B.1.2': 1},177171,1,-1,2147483648,6,False,1
SRR19320003,ERR11827041,SRR19681844,2022-05-05,2022-04-11,2022-05-25,{'BA.2.9': 1},1471608,1,-1,2147483648,3,False,1
ERR9327284,ERR11781826,ERR8646187,2022-03-09,2022-03-29,2022-02-08,{'BA.2': 1},1339347,1,1339348,1,0,False,1
ERR6888844,ERR6883632,node_188504,2021-09-08,2021-09-09,2021-09-08,{'AY.4': 1},565951,1,565952,2,1,False,1
SRR27499826,SRR27417599,SRR27236231,2023-12-27,2023-12-19,2023-12-04,{'HV.1': 1},1875454,1,1673437,18,4,False,1
ERR5335042,ERR5349481,ERR5181396,2021-02-07,2021-02-07,2021-01-04,{'B.1.1.7': 1},142306,1,-1,2147483648,3,False,1
node_323404,SRR15557724,ERR12840515,2021-09-10,2021-08-01,2021-10-28,{'AY.44': 2},629350,2,-1,2147483648,4,False,2
node_687070,ERR10445652,ERR10165903,2022-10-17,2022-10-09,2022-08-29,{'BF.39': 1},1689907,1,1428716,7,0,False,1
SRR16153410,SRR15993772,SRR15893777,2021-09-01,2021-08-25,2021-07-26,{'AY.119': 1},538231,1,-1,2147483648,6,False,1
SRR15993895,SRR15857841,SRR16527638,2021-08-23,2021-08-27,2021-09-28,{'AY.107': 1},497991,8,-1,2147483648,3,False,1
node_770283,ERR10428779,ERR12903691,2022-05-23,2022-10-16,2022-02-05,{'BA.2.9': 12},1495214,12,-1,2147483648,3,False,12
node_545161,ERR12535442,SRR19372512,2022-06-06,2022-07-03,2022-05-16,{'BA.2.12.1': 2},1510616,2,-1,2147483648,3,False,2
node_585331,ERR10086602,ERR10560448,2023-03-18,2022-07-28,2022-11-23,{'DV.6': 2},871728,1294334,-1,2147483648,64,False,2
SRR21635978,ERR10000035,ERR10296875,2022-09-06,2022-07-05,2022-09-17,{'BA.5.2': 1},1647272,1,1647273,1,0,False,1
node_188298,ERR6822499,ERR6435944,2021-10-05,2021-09-17,2021-07-14,{'AY.4': 1},682474,1,-1,2147483648,6,False,1
node_562358,ERR13025378,node_562356,2022-01-30,2022-12-07,2022-01-30,{'BA.2.10': 9},1326134,9,-1,2147483648,4,False,9
ERR4758732,ERR4668686,ERR4688291,2020-10-07,2020-09-24,2020-09-27,{'B.1.1.307': 1},41913,1,41914,1,0,False,1
node_634392,node_634391,SRR26364102,2024-01-09,2024-01-09,2023-09-28,"{'JN.1.1': 1, 'XDR': 6}",1877957,7,1877958,1,0,True,7
node_189298,SRR17077950,SRR16527388,2021-11-26,2021-11-17,2021-09-27,{'AY.100': 3},935814,3,-1,2147483648,3,False,3
node_613434,node_613995,SRR26441731,2023-04-21,2023-06-05,2023-09-16,{'XBB.1.16.16': 67},1814330,68,1673437,16,5,True,67
node_696854,ERR10000161,node_648800,2022-07-10,2022-07-06,2022-07-28,{'BA.5.2.1': 2},1562471,2,1428716,6,3,False,2
node_92975,ERR7332483,ERR7406713,2021-11-25,2021-11-01,2021-11-08,{'AY.4': 5},931528,5,931529,1,0,False,5
SRR28334819,SRR28122184,ERR13077040,2024-02-14,2024-01-17,2023-12-18,{'JN.1.1': 1},1886603,1,1880065,1,4,False,1
node_701810,ERR10164892,ERR13011898,2022-10-12,2022-08-08,2022-10-12,{'BA.2.75': 1},1685653,1,1685654,1,0,False,1
SRR16527308,SRR16834359,ERR6840673,2021-09-27,2021-10-10,2021-09-03,{'AY.103': 1},651411,1,-1,2147483648,1,False,1
SRR15281759,SRR15139786,ERR5059062,2021-05-07,2021-04-01,2020-12-21,{'B.1.1.7': 1},284151,1,-1,2147483648,3,False,1
ERR9365679,ERR8304678,ERR8287258,2022-03-11,2022-01-22,2022-01-21,{'BA.1.1': 1},1346755,1,-1,2147483648,5,False,1
node_199364,SRR16840477,SRR16606793,2021-10-08,2021-10-13,2021-09-28,{'AY.119': 40},699184,46,-1,2147483648,5,False,40
SRR16066337,SRR15138229,SRR15891361,2021-08-27,2021-07-01,2021-08-08,{'AY.75': 1},516811,1,-1,2147483648,4,False,1
ERR6848938,ERR5991611,ERR6601873,2021-09-16,2021-05-19,2021-08-23,{'AY.4': 1},603485,1,-1,2147483648,3,False,1
SRR16829172,SRR16829171,SRR16527342,2021-10-07,2021-10-07,2021-09-21,{'AY.100': 1},693689,1,-1,2147483648,3,False,1
node_721831,ERR10640083,SRR20507080,2022-11-09,2022-09-28,2022-04-11,{'BA.4.6.1': 6},1705360,6,-1,2147483648,3,False,6
node_651409,SRR21792844,ERR13037563,2022-10-07,2022-09-16,2022-10-05,{'BA.5.1': 2},1680627,2,1680627,0,0,False,2
ERR7148099,ERR7028964,ERR7239088,2021-10-09,2021-10-03,2021-10-08,{'AY.4': 1},699902,1,-1,2147483648,4,False,1
node_189170,SRR15289647,SRR15200010,2021-07-12,2021-07-17,2021-06-24,{'AY.114': 8},364761,34,323645,3,3,False,8
ERR12941400,node_559684,ERR13055788,2022-03-26,2022-03-06,2023-01-10,{'BA.2': 1},1397389,1,-1,2147483648,3,False,1
node_245411,ERR11755103,ERR6924773,2021-10-24,2021-10-18,2021-09-27,{'AY.46.5': 40},810900,40,-1,2147483648,4,False,40
node_19981,node_19976,node_21213,2021-02-06,2021-02-06,2021-05-07,"{'B.1.526': 3750, 'B.1': 2}",151400,10440,-1,2147483648,6,False,3752
ERR9535797,ERR10511768,ERR9366319,2022-03-28,2022-11-09,2022-03-12,{'BA.2': 1},1403331,1,-1,2147483648,4,False,1
node_232801,SRR20263107,ERR5964083,2021-10-21,2021-11-23,2021-05-13,{'AY.39': 5},789653,6,-1,2147483648,5,False,5
node_192166,SRR15518497,ERR5996719,2021-08-25,2021-08-03,2021-05-22,{'AY.107': 2},506248,2,-1,2147483648,7,False,2
SRR21898952,SRR22685051,SRR21222296,2022-09-26,2022-10-01,2022-08-01,{'BF.26': 1},1670502,1,1428716,9,7,False,1
node_189034,SRR17077563,SRR16153576,2021-10-18,2021-10-18,2021-09-02,{'AY.39': 3},739246,3,-1,2147483648,3,False,3
node_658429,SRR22323442,node_663177,2022-11-22,2022-10-28,2023-01-23,"{'BQ.1.1': 1, 'BQ.1.1.7': 2}",1620344,30820,1428716,10,1,False,3
ERR7009827,SRR15876749,ERR6353334,2021-09-16,2021-08-20,2021-07-14,{'B.1.617.2': 1},604167,1,-1,2147483648,7,False,1
SRR20682949,ERR10175294,SRR20490932,2022-07-09,2022-08-28,2022-07-01,{'BA.5.1': 1},1561970,1,1561971,1,0,False,1
node_760703,ERR10004586,ERR12901576,2022-03-02,2022-04-18,2022-01-31,{'BA.2': 1},1316246,1,-1,2147483648,3,False,1
node_426542,ERR6101447,ERR5692104,2021-06-01,2021-06-08,2021-03-29,{'B.1.1.7': 2},309544,2,-1,2147483648,5,False,2
node_697968,SRR24599075,ERR10000132,2022-07-01,2023-03-28,2022-07-05,{'BA.5.2.1': 3},1656827,3,1428716,5,1,False,3
node_117635,ERR12839324,ERR11763085,2021-11-12,2021-10-28,2021-11-21,{'AY.4': 18},866724,18,-1,2147483648,3,False,18
node_107679,ERR11826237,ERR7309895,2021-09-27,2021-10-26,2021-10-23,{'AY.4.2.3': 11},649469,12,-1,2147483648,3,False,11
node_544088,ERR11757268,ERR7679225,2022-01-18,2021-12-17,2021-12-04,{'BA.1': 1},1124269,1,1124270,1,0,False,1
node_464636,ERR9109068,ERR8216921,2022-02-08,2022-02-23,2021-12-17,{'BA.1.1': 1},1230639,1,-1,2147483648,3,False,1
ERR8176933,SRR19814523,SRR15775511,2021-12-05,2022-01-19,2021-08-17,{'AY.47': 1},982087,1,-1,2147483648,7,False,1
node_528779,ERR7907581,ERR8020502,2022-02-15,2021-12-27,2022-01-06,{'BA.1': 1},1264059,1,-1,2147483648,3,False,1
node_409608,ERR6620039,ERR5185595,2021-03-16,2021-08-24,2021-01-09,{'B.1.1.7': 8},204304,8,-1,2147483648,4,False,8
node_518242,ERR8641614,ERR8553023,2022-02-11,2022-02-07,2022-02-03,{'BA.1.17.2': 4},1245054,4,-1,2147483648,3,False,4
SRR24110243,SRR24002391,SRR23608881,2023-03-23,2023-03-10,2023-02-09,{'XBB.1.5.49': 1},1800706,1,1673437,9,6,True,1
SRR22293888,node_642311,SRR22060265,2022-10-26,2022-08-28,2022-10-10,{'BA.5.1.15': 1},1697322,1,1428716,4,10,False,1
node_442292,SRR17650987,ERR7727841,2021-11-25,2021-12-18,2021-12-05,"{'BA.1.15': 13, 'BA.1': 11, 'BA.1.1': 42, 'BA.1.17.2': 4, 'BA.1.17': 1, 'BA.1.1.14': 1, 'BA.1.1.18': 2, 'BA.1.18': 2, 'B.1.1.529': 1, 'BA.1.20': 1, 'BA.1.15.1': 3}",871714,424062,-1,2147483648,0,False,81
ERR6701229,ERR6423050,ERR6409686,2021-08-17,2021-07-08,2021-07-26,{'AY.6': 1},478088,1,-1,2147483648,8,False,1
node_542819,SRR18082464,node_444158,2021-12-25,2022-01-15,2021-12-14,{'BA.1.1': 2},1056874,34,-1,2147483648,6,False,2
node_199145,node_199144,node_189882,2021-11-15,2021-11-15,2021-10-19,{'AY.119.2': 1},880656,1,-1,2147483648,9,False,1
SRR19931572,SRR17022539,SRR16350896,2021-11-05,2021-11-05,2021-09-16,{'AY.26': 1},825808,1,-1,2147483648,3,False,1
ERR4848361,ERR12073377,ERR5215255,2020-10-31,2020-10-21,2021-01-19,{'B.1.177.19': 1},52904,1,-1,2147483648,6,False,1
SRR25109998,SRR25620354,SRR25642887,2023-06-13,2023-07-24,2023-07-26,{'GN.1': 1},1823825,1,1673437,11,4,False,1
node_129817,SRR16833817,ERR6186495,2021-12-20,2021-10-11,2021-06-22,{'AY.4': 2},1046026,2,-1,2147483648,5,False,2
SRR18097202,SRR18929267,ERR13163893,2022-02-02,2022-02-22,2021-12-12,{'BA.1.1': 1},1198766,1,-1,2147483648,5,False,1
ERR8988790,ERR8549675,ERR12743095,2022-02-12,2022-02-01,2022-03-28,{'BA.1.1.1': 1},1249948,1,-1,2147483648,0,False,1
node_248326,node_248324,SRR21321278,2021-10-25,2021-10-20,2021-11-03,{'AY.46': 2},768970,2,-1,2147483648,6,False,2
node_189624,node_186496,SRR20186895,2021-08-24,2021-10-01,2021-12-06,{'AY.100': 2},501628,4,-1,2147483648,3,False,2
ERR6767587,ERR6570893,ERR6699085,2021-09-03,2021-08-16,2021-08-12,{'AY.5': 1},546478,1,-1,2147483648,4,False,1
node_555952,ERR9789822,SRR22466135,2022-05-12,2022-05-18,2022-09-25,{'BA.2.12.1': 2},1480906,2,-1,2147483648,3,False,2
SRR18666339,SRR18026258,ERR13163893,2022-01-29,2022-01-18,2021-12-12,{'BA.1': 1},1178715,1,-1,2147483648,7,False,1
ERR8114598,ERR7903501,ERR7906303,2022-01-13,2021-12-23,2021-12-27,{'BA.1.1': 1},1106453,1,-1,2147483648,4,False,1
SRR16245962,SRR15445985,ERR13135371,2021-09-10,2021-07-29,2021-09-25,{'AY.3': 1},578726,1,-1,2147483648,3,False,1
node_189174,ERR6831622,SRR16065841,2021-09-14,2021-09-03,2021-08-25,{'AY.114': 2},596318,2,323645,4,5,False,2
node_287746,ERR11761851,node_287745,2021-08-30,2021-07-16,2021-08-07,{'AY.25.1': 5},574472,5,-1,2147483648,4,False,5
node_430903,ERR5041885,ERR5380462,2021-03-29,2020-12-19,2021-02-15,{'B.1.1.7': 12},226469,12,-1,2147483648,3,False,12
node_188880,SRR15983771,SRR15313765,2021-08-18,2021-08-30,2021-07-23,{'AY.39.1': 2},482454,19,-1,2147483648,4,False,2
ERR7920237,ERR7488505,SRR15550529,2021-12-27,2021-11-13,2021-07-30,{'AY.4': 1},1062412,1,-1,2147483648,4,False,1
node_359299,ERR9899053,ERR9899344,2021-08-26,2021-07-30,2021-08-26,{'B.1.617.2': 23},511511,23,511511,0,0,False,23
ERR6765742,ERR6432552,ERR6434734,2021-08-24,2021-07-30,2021-07-30,{'AY.4': 1},500951,1,500952,1,0,False,1
SRR19931543,SRR15391085,SRR16984977,2021-11-04,2021-07-15,2021-10-18,{'AY.25': 1},820433,1,-1,2147483648,5,False,1
node_236637,SRR20261679,ERR6194717,2021-11-19,2021-11-14,2021-06-23,{'AY.39': 3},167127,1241012,-1,2147483648,1,False,3
SRR16606821,SRR16778318,ERR13153313,2021-09-28,2021-10-21,2021-07-30,{'AY.118': 1},656180,2,-1,2147483648,5,False,1
ERR7347899,ERR7265942,ERR6059644,2021-11-03,2021-10-24,2021-06-03,{'AY.4': 1},816082,1,-1,2147483648,5,False,1
node_248397,ERR7609834,ERR7486713,2021-06-09,2021-11-26,2021-11-11,{'B.1.617.2': 1},317263,1,-1,2147483648,4,False,1
node_580576,node_586857,ERR10214020,2023-02-02,2023-01-23,2022-09-07,{'BA.2': 7},1620344,30820,1428716,10,1,False,7
ERR9687842,ERR7974168,ERR8708507,2022-04-25,2022-01-04,2022-02-15,{'BA.1.1': 1},1456765,1,-1,2147483648,5,False,1
SRR22578886,SRR21451211,SRR20980143,2022-08-31,2022-08-19,2022-07-16,{'BA.5.1.1': 1},1640915,1,1428716,7,6,False,1
ERR4332924,ERR4209869,ERR4638271,2020-05-08,2020-03-24,2020-07-23,{'B.1.1.83': 1},14825,1,-1,2147483648,4,False,1
node_188968,SRR15199972,SRR15919840,2021-08-04,2021-06-25,2021-08-04,{'AY.39': 1},438627,1,-1,2147483648,3,False,1
ERR10296869,SRR22291431,ERR13018626,2022-09-16,2022-10-10,2022-09-14,{'BA.5.2.1': 1},1659380,1,1428716,11,5,False,1
SRR16883750,SRR20254272,SRR20232770,2021-10-13,2021-10-15,2021-11-05,{'AY.44': 1},719246,1,-1,2147483648,4,False,1
node_724459,ERR13127382,ERR10000047,2022-07-11,2022-05-26,2022-07-05,{'BA.4': 2},1566125,2,1566126,1,0,False,2
node_269611,SRR19269449,ERR7173066,2021-11-08,2021-11-15,2021-10-17,{'AY.103': 2},842966,2,-1,2147483648,3,False,2
node_629331,ERR13050338,ERR13076635,2023-12-04,2023-11-27,2023-11-20,{'JN.1.4': 2},1859971,107,1854739,9,1,False,2
node_461830,SRR21329552,SRR18483268,2022-02-18,2022-02-09,2022-01-15,{'BA.1.1': 1},3042774,1,-1,2147483648,0,False,1
node_543716,SRR18159305,node_543715,2022-01-01,2022-02-15,2021-12-26,{'BA.1': 1},1076287,1,-1,2147483648,7,False,1
SRR28238669,ERR10802679,node_607512,2023-06-21,2023-01-09,2023-06-12,{'XBB.1.5.59': 1},1824706,1,1673437,7,7,True,1
SRR16829318,node_231431,SRR15313765,2021-10-08,2021-11-11,2021-07-23,{'AY.39.1': 1},698321,1,-1,2147483648,4,False,1
node_473197,node_462878,ERR12878982,2022-01-09,2021-12-22,2021-12-15,{'BA.1.19': 1},1095271,2,-1,2147483648,2,False,1
SRR16832825,SRR15364194,SRR15945405,2021-10-10,2021-07-19,2021-09-03,{'B.1.617.2': 1},705143,1,705144,1,0,False,1
SRR15983843,SRR16697219,SRR16198987,2021-08-29,2021-10-05,2021-09-10,{'AY.44': 1},523472,1,-1,2147483648,6,False,1
SRR15488337,SRR15162282,ERR6713298,2021-05-24,2021-05-27,2021-01-13,{'B.1.1.7': 1},300061,1,-1,2147483648,5,False,1
ERR6755638,ERR6480581,ERR6568434,2021-09-01,2021-08-04,2021-08-08,{'AY.4': 1},536486,1,-1,2147483648,4,False,1
SRR16856868,SRR15855479,SRR16386674,2021-10-18,2021-08-31,2021-09-20,{'AY.100': 1},737956,1,-1,2147483648,7,False,1
node_73883,SRR16637012,SRR20233242,2021-11-13,2021-10-05,2021-11-03,{'AY.4': 2},869630,2,687515,3,7,False,2
node_234414,SRR17378862,ERR7232760,2021-12-04,2021-12-14,2021-10-16,{'AY.39': 1},978035,4,-1,2147483648,6,False,1
node_516686,ERR8554361,ERR7818201,2022-03-02,2022-02-03,2021-12-11,{'BA.1.1.1': 2},1316006,2,-1,2147483648,3,False,2
SRR27976856,ERR13321679,ERR12374054,2024-01-23,2023-11-29,2023-12-04,{'JN.1.4': 1},1881580,1,1854739,9,3,False,1
ERR7021445,ERR11761851,ERR6728242,2021-09-30,2021-07-16,2021-09-02,{'AY.4.1': 1},663937,1,663938,1,0,False,1
SRR19945275,SRR20145346,ERR8235079,2022-01-19,2021-12-17,2021-12-20,{'BA.1': 1},1132222,1,-1,2147483648,5,False,1
ERR11904227,ERR5299657,ERR5039468,2021-05-09,2021-01-27,2020-12-13,{'B.1.1.7': 1},285683,1,-1,2147483648,5,False,1
ERR7235713,ERR6840063,ERR13154152,2021-10-18,2021-09-13,2021-08-08,{'AY.112': 1},737076,1,737077,1,0,False,1
ERR13082110,ERR9428375,SRR20781755,2022-03-24,2022-03-19,2022-05-07,{'BA.2.12': 1},1390190,1,-1,2147483648,3,False,1
node_407397,SRR16743880,ERR5175500,2021-03-27,2021-04-10,2020-12-29,{'B.1.1.7': 6},94218,15532,-1,2147483648,1,False,6
node_392948,ERR5653628,ERR5398406,2021-03-12,2021-03-19,2021-02-11,{'B.1.1.7': 2},196698,2,-1,2147483648,3,False,2
ERR7314127,ERR6761066,ERR7110976,2021-10-15,2021-08-31,2021-10-09,{'AY.4.2': 1},726224,1,726225,1,0,False,1
node_425243,ERR5674061,ERR6713518,2021-03-01,2021-02-15,2021-01-13,{'B.1.1.7': 5},182476,5,-1,2147483648,7,False,5
node_157916,ERR7139605,ERR11753533,2021-11-10,2021-10-14,2021-10-17,{'AY.4': 9},851713,9,851713,0,0,False,9
SRR16222362,SRR15709014,node_187630,2021-08-06,2021-08-26,2021-08-05,{'AY.113': 1},446965,1,-1,2147483648,6,False,1
SRR23903929,SRR24540406,SRR23710650,2023-03-06,2023-04-26,2023-02-14,{'XBB.1.5': 1},1787741,1,1673437,12,2,True,1
node_189623,ERR6632986,SRR20259749,2021-08-27,2021-08-26,2021-10-22,{'AY.100': 2},513370,2,513371,1,0,False,2
ERR7189964,ERR6822478,ERR6760263,2021-10-17,2021-09-17,2021-08-24,{'AY.4': 1},732055,1,-1,2147483648,4,False,1
SRR21044302,SRR16698700,ERR11755558,2021-11-03,2021-10-12,2021-11-25,{'AY.44': 1},815279,1,-1,2147483648,4,False,1
SRR24795977,node_589887,SRR24013413,2023-05-09,2023-03-01,2023-03-14,{'XBB.1.5.20': 1},1819200,1,1673437,8,7,True,1
node_710468,SRR21383058,SRR21450704,2022-08-01,2022-08-14,2022-08-22,{'BA.5.2': 1},1603152,2,1428716,9,5,False,1
node_580300,SRR22136803,SRR20505848,2022-09-02,2022-08-29,2022-04-07,{'BA.2': 2},1642344,2,1642345,1,0,False,2
node_344781,node_344780,node_345131,2021-09-09,2021-09-09,2021-11-22,{'AY.20': 2},571775,2,-1,2147483648,5,False,2
node_658895,SRR22240935,ERR10296875,2022-12-23,2022-10-24,2022-09-17,{'BQ.1.1.5': 2},1730973,2,1428716,17,5,False,2
node_234644,SRR15864189,ERR13143853,2021-08-18,2021-08-18,2021-10-07,{'AY.39': 7},167127,1241012,-1,2147483648,1,False,7
node_189067,SRR16884026,SRR16780819,2021-10-08,2021-10-12,2021-10-11,{'AY.39': 3},698338,5,-1,2147483648,4,False,3
node_625216,SRR25693019,SRR26170603,2023-10-06,2023-05-13,2023-09-10,{'FL.1.5.1': 2},1849018,2,1673437,15,3,False,2
node_99183,ERR7792325,ERR7515847,2021-11-28,2021-12-09,2021-11-17,{'AY.4.2': 1},943162,1,-1,2147483648,7,False,1
ERR6381235,ERR6136456,ERR6334286,2021-07-15,2021-06-17,2021-07-10,{'AY.5': 1},370585,1,-1,2147483648,4,False,1
node_367474,ERR4645593,ERR4210193,2020-10-13,2020-08-27,2020-03-29,{'B.1.1': 11},48734,11,-1,2147483648,4,False,11
node_787674,node_778878,ERR5314202,2020-09-23,2020-08-21,2021-02-07,{'B.1.1.453': 2},36381,2,-1,2147483648,5,False,2
ERR5689422,ERR5681455,ERR5041885,2021-03-30,2021-03-27,2020-12-19,{'B.1.1.7': 1},228262,1,-1,2147483648,4,False,1
ERR8203171,node_129335,ERR11754376,2021-12-02,2021-11-09,2021-10-18,{'AY.4': 1},968047,1,-1,2147483648,6,False,1
node_188493,ERR7023074,ERR6486677,2021-10-22,2021-09-30,2021-07-03,{'AY.4.2': 1},756115,1,756116,1,0,False,1
node_422076,ERR5238292,ERR5025417,2021-01-08,2021-01-17,2020-12-09,{'B.1.1.7': 10},102735,10,-1,2147483648,3,False,10
ERR6643654,ERR6469909,ERR6644595,2021-08-15,2021-08-01,2021-08-15,{'AY.4': 1},472260,1,472261,1,1,False,1
ERR6583209,node_184729,ERR12840515,2021-08-19,2021-08-19,2021-10-28,{'AY.100': 1},484020,1,-1,2147483648,4,False,1
SRR15993918,SRR16221692,SRR15391863,2021-08-23,2021-09-07,2021-07-19,{'AY.119': 1},498002,1,-1,2147483648,4,False,1
SRR19914144,ERR11848022,SRR19747420,2022-06-13,2022-05-23,2022-06-02,{'BA.2.3.17': 1},1522246,1,-1,2147483648,6,False,1
node_510402,SRR18160308,ERR11780336,2022-01-13,2022-01-31,2022-03-28,{'BA.1.1': 3},1133697,3,-1,2147483648,3,False,3
node_188980,SRR15864142,SRR15391404,2021-08-18,2021-08-18,2021-07-16,{'AY.39': 3},482310,8,-1,2147483648,3,False,3
node_485575,ERR11826612,ERR8035616,2022-01-28,2022-04-04,2022-01-07,{'BA.1.1.14': 6},1173417,6,-1,2147483648,3,False,6
SRR25207911,SRR25109939,SRR23177976,2023-06-23,2023-06-14,2023-01-07,{'FL.4.5': 1},1824818,1,1673437,12,6,False,1
ERR7200708,node_146060,ERR7149087,2021-10-08,2021-10-08,2021-09-27,{'AY.4': 1},695927,1,-1,2147483648,4,False,1
node_544114,ERR8628074,ERR8568996,2022-03-04,2022-02-05,2022-02-04,{'XAE': 10},1322987,10,1322988,1,0,True,10
node_769686,node_769710,SRR23121589,2022-03-23,2022-03-11,2022-01-07,{'BA.2': 1},1384456,1,-1,2147483648,4,False,1
SRR16381055,SRR16228609,ERR6484148,2021-09-18,2021-09-15,2021-08-06,{'AY.46.4': 1},614022,1,-1,2147483648,4,False,1
SRR18312410,SRR18343231,SRR18310316,2022-02-21,2022-02-24,2022-01-11,{'BA.1.17.2': 1},1287517,1,-1,2147483648,7,False,1
node_189461,SRR16338848,SRR15628951,2021-10-04,2021-10-04,2021-08-05,{'AY.100': 8},678850,9,-1,2147483648,3,False,8
ERR9107381,ERR11795951,ERR8534546,2022-02-23,2022-01-02,2022-01-28,{'BA.1.1': 1},1295961,1,-1,2147483648,6,False,1
ERR7730302,ERR7753252,ERR11755403,2021-12-05,2021-12-07,2021-10-21,{'AY.4.2': 1},980996,1,-1,2147483648,5,False,1
SRR16221627,SRR16544946,ERR7006481,2021-09-07,2021-10-11,2021-09-29,{'AY.126': 1},562244,1,-1,2147483648,6,False,1
ERR7433296,ERR7429730,ERR5183148,2021-05-20,2021-06-30,2021-01-03,{'B.1.1.7': 1},297441,1,-1,2147483648,4,False,1
node_226264,node_83668,SRR16285038,2021-08-10,2021-09-09,2021-09-15,{'B.1.617.2': 3},460380,3,-1,2147483648,6,False,3
ERR9233245,ERR11854161,ERR7033478,2021-01-07,2020-11-23,2021-10-03,{'B.1.1': 1},101191,1,-1,2147483648,5,False,1
node_47530,node_189673,ERR12839238,2021-09-10,2021-10-20,2021-10-21,{'AY.117': 14},577344,14,-1,2147483648,3,False,14
SRR20935183,SRR16559270,SRR16545596,2021-12-09,2021-09-28,2021-09-23,{'AY.44': 1},1005524,1,1005525,1,0,False,1
node_189633,SRR19296753,ERR6704362,2021-12-01,2021-11-15,2021-08-26,{'AY.129': 1},963714,1,963715,1,0,False,1
ERR9705531,SRR19681387,node_733089,2022-04-27,2022-05-24,2022-05-17,{'BA.2.3': 1},1461270,1,-1,2147483648,6,False,1
node_237870,SRR16780530,ERR6084907,2021-08-29,2021-10-07,2021-06-08,{'AY.118': 17},167127,1241012,-1,2147483648,1,False,17
ERR7320952,ERR7296454,ERR6758972,2021-10-27,2021-10-30,2021-08-29,{'AY.4': 1},778378,1,-1,2147483648,6,False,1
node_516901,node_516900,ERR8489564,2022-03-26,2022-03-26,2022-01-28,{'BA.1.1.1': 2},1396127,2,-1,2147483648,5,False,2
node_303686,SRR17022605,SRR21182914,2021-11-04,2021-10-20,2021-11-05,{'AY.3': 2},820489,2,-1,2147483648,4,False,2
SRR26928309,SRR25803872,SRR27642381,2023-10-07,2023-08-13,2023-12-20,{'JF.4': 1},1849373,1,1673437,20,5,False,1
ERR9103660,ERR12971048,ERR9104320,2022-02-23,2022-05-17,2022-02-23,{'BA.2': 1},1294481,1,-1,2147483648,4,False,1
ERR6487075,ERR6880832,ERR6219309,2021-08-04,2021-09-23,2021-07-01,{'AY.4': 1},436323,1,436324,1,0,False,1
ERR9753146,ERR8546423,ERR8276420,2022-03-26,2022-02-02,2022-01-22,{'BA.2': 1},1396549,1,-1,2147483648,3,False,1
node_187425,ERR5991611,node_187424,2021-07-12,2021-05-19,2021-07-12,{'AY.124': 32},364371,32,-1,2147483648,4,False,32
node_567078,ERR11780232,SRR19941578,2022-03-21,2022-03-28,2022-06-03,{'BA.2': 119},871728,1294334,-1,2147483648,64,False,119
node_134137,node_134042,SRR16382959,2021-09-07,2021-07-13,2021-09-19,{'AY.4': 3},560127,3,-1,2147483648,4,False,3
node_189744,SRR16284461,SRR15391855,2021-09-28,2021-09-13,2021-07-19,{'AY.119': 3},656138,3,656139,1,0,False,3
node_578326,ERR9687537,ERR12752656,2022-05-29,2022-04-25,2022-05-08,{'BA.2': 1},1501846,1,-1,2147483648,3,False,1
ERR7235507,node_56208,ERR6435944,2021-10-19,2021-10-07,2021-07-14,{'AY.4': 1},742740,1,-1,2147483648,7,False,1
ERR9278240,ERR9271929,ERR12420193,2022-03-07,2022-03-06,2022-04-04,{'BA.2': 1},1330096,1,1330097,1,0,False,1
node_458258,ERR7823746,SRR20891952,2021-12-29,2021-12-11,2022-01-14,{'BA.1.1': 2},1084279,2,-1,2147483648,2,False,2
node_632911,SRR27936346,ERR13077040,2024-01-25,2024-01-24,2023-12-18,{'JN.1.4': 2},1882380,2,1854739,15,3,False,2
SRR19815311,SRR19265490,SRR15391719,2021-11-18,2021-11-19,2021-07-21,{'AY.119': 1},895972,3,895973,1,0,False,1
ERR9311166,ERR9209423,ERR9261687,2022-03-08,2022-02-28,2022-03-04,{'BA.2': 1},1335292,1,-1,2147483648,4,False,1
node_612888,SRR25815378,ERR10911668,2023-09-13,2023-08-09,2023-02-10,{'XBB.1.16.8': 2},1841250,2,1673437,15,4,True,2
SRR15819302,SRR15807350,ERR13153313,2021-08-09,2021-08-06,2021-07-30,{'AY.20': 1},455479,1,-1,2147483648,3,False,1
node_355700,SRR15957846,ERR13160157,2021-10-03,2021-08-27,2021-08-02,{'AY.47': 2},675068,2,-1,2147483648,5,False,2
node_739377,ERR10729956,ERR11837995,2021-12-30,2022-03-12,2022-01-18,{'XH': 40},1073547,40,1073548,1,3,True,40
SRR16941851,SRR16941853,SRR17448211,2021-10-25,2021-10-25,2021-07-21,{'AY.14': 1},768816,1,-1,2147483648,5,False,1
ERR8493030,SRR20357387,ERR8004748,2022-01-28,2022-02-07,2022-01-05,{'BA.1.17': 1},1173311,1,-1,2147483648,4,False,1
node_701768,node_701767,ERR10003171,2022-09-06,2022-09-06,2022-07-07,"{'XBD': 46, 'XBS': 19, 'BA.2.75': 7, 'XBR': 3}",1551581,17309,-1,2147483648,1,True,75
SRR20247205,SRR20232787,SRR15199972,2021-10-27,2021-11-02,2021-06-25,{'AY.39': 1},779361,1,-1,2147483648,4,False,1
SRR20944153,SRR17378859,ERR9899245,2021-11-29,2021-12-15,2021-08-11,{'AY.103': 1},951607,1,-1,2147483648,4,False,1
node_714978,ERR10762044,node_675417,2022-06-18,2022-12-14,2022-06-19,"{'BA.5': 19, 'BA.5.3.1': 5}",1542566,24,1428716,2,5,False,24
node_180636,SRR15385787,ERR6105556,2021-08-04,2021-07-25,2021-06-09,{'AY.100': 53},483303,53,-1,2147483648,4,False,53
SRR21263167,SRR16883472,SRR17437444,2021-11-29,2021-10-12,2021-12-08,{'AY.119': 1},951651,1,-1,2147483648,4,False,1
SRR20117827,SRR17418966,SRR15891464,2021-12-11,2021-12-12,2021-08-06,{'AY.39': 1},1012501,1,1012502,1,0,False,1
node_340409,SRR17052428,ERR12819586,2021-08-23,2021-10-20,2021-08-27,{'AY.122': 2},498814,2,-1,2147483648,3,False,2
SRR21319437,SRR16973545,ERR11755558,2021-11-06,2021-11-05,2021-11-25,{'AY.117': 1},831563,1,-1,2147483648,3,False,1
node_629644,SRR29412798,ERR12554227,2024-06-05,2024-05-31,2023-12-21,{'JN.1.16.1': 1},1893372,1,1854739,11,7,False,1
ERR9417928,ERR8970183,ERR8967625,2022-03-18,2022-02-19,2022-02-19,{'BA.2': 1},1369138,1,1369139,1,0,False,1
ERR7318562,ERR7149325,SRR15877561,2021-10-28,2021-10-05,2021-08-11,{'AY.121': 1},783076,1,783077,1,0,False,1
SRR20186634,SRR20186633,SRR15392154,2021-12-04,2021-12-04,2021-07-19,{'AY.100': 1},978170,1,-1,2147483648,3,False,1
SRR23011066,SRR22907805,SRR21154983,2022-12-01,2022-11-19,2022-06-20,{'BA.5.2.1': 1},1716216,1,1649496,3,4,False,1
ERR8287061,node_451457,ERR8130370,2022-01-22,2022-01-22,2022-01-17,{'BA.1.16': 1},1146922,1,-1,2147483648,5,False,1
SRR20233568,SRR19287974,ERR7310754,2021-11-02,2021-11-04,2021-10-19,{'AY.100': 1},808703,1,-1,2147483648,7,False,1
SRR18813129,SRR18307632,ERR7869720,2022-02-04,2022-03-02,2021-12-17,{'BA.1.15': 1},1207868,2,-1,2147483648,3,False,1
SRR21223491,ERR12535573,ERR9869056,2022-08-02,2022-07-06,2022-06-10,{'BA.2.12.1': 1},1605387,1,-1,2147483648,4,False,1
ERR6720173,node_401426,ERR6718759,2021-05-05,2021-04-05,2021-04-07,{'B.1.1.7': 1},2123161,1,-1,2147483648,3,False,1
ERR7697441,ERR7505248,ERR6571500,2021-11-21,2021-11-15,2021-08-08,{'AY.4.2': 1},909641,1,909642,1,0,False,1
node_284368,SRR16901678,SRR15877167,2021-12-01,2021-10-18,2021-08-26,{'AY.25.1': 4},963140,4,-1,2147483648,4,False,4
ERR6314644,ERR5946395,ERR6126709,2021-07-05,2021-05-10,2021-06-15,{'AY.4': 1},351938,1,-1,2147483648,3,False,1
SRR20227671,SRR16927546,SRR20179733,2021-10-29,2021-10-15,2021-11-24,{'AY.3': 1},788249,1,-1,2147483648,3,False,1
ERR7004412,ERR6878327,ERR6730319,2021-09-16,2021-09-18,2021-09-04,{'AY.4': 1},604123,1,-1,2147483648,5,False,1
node_720113,SRR20999964,ERR10296875,2022-08-23,2022-07-22,2022-09-17,{'BA.4.6': 2},1630987,2,-1,2147483648,5,False,2
node_605736,ERR10911668,ERR10965294,2023-04-06,2023-02-10,2023-02-21,{'XBB.1.5': 3},1821661,3,1673437,7,5,True,3
node_456401,ERR7723137,SRR18929801,2022-02-17,2021-12-01,2022-02-21,{'BA.1.1.14': 2},1272883,3,-1,2147483648,3,False,2
node_158524,node_188723,ERR6525264,2021-06-27,2021-08-26,2021-08-10,{'AY.4': 33},344378,33,-1,2147483648,4,False,33
ERR7151835,ERR6569377,node_188697,2021-10-07,2021-08-08,2021-09-09,{'AY.109': 1},691763,1,-1,2147483648,5,False,1
node_189353,SRR17078121,SRR20234418,2021-11-14,2021-11-16,2021-11-03,{'AY.100': 2},873874,2,873875,1,0,False,2
node_205137,ERR11762593,ERR12824760,2021-09-22,2021-08-08,2021-09-22,{'AY.126': 37},589582,41,-1,2147483648,6,False,37
node_676703,ERR10445631,ERR12538804,2022-06-07,2022-10-06,2022-06-27,{'BA.5.6': 14},1513002,14,1428716,7,3,False,14
node_97143,ERR7443380,ERR6409590,2021-11-10,2021-11-24,2021-07-26,{'AY.4.2': 2},854754,2,-1,2147483648,3,False,2
node_712020,ERR10151235,ERR10000004,2022-12-02,2022-09-01,2022-07-04,"{'BA.5.2.1': 9, 'BU.1': 1}",1440558,38554,1428716,3,1,False,10
ERR9622936,ERR10004506,ERR13081690,2022-04-11,2022-04-22,2022-04-11,{'BA.2.8': 1},1430653,1,-1,2147483648,3,False,1
node_739375,ERR9215238,node_739288,2022-02-25,2022-03-01,2021-12-30,{'BA.2': 6},1301066,6,1301067,1,4,False,6
ERR13159237,node_782741,ERR13160309,2021-07-01,2021-05-05,2021-07-07,{'P.1.15': 1},346279,1,-1,2147483648,1,False,1
SRR20227168,SRR16351081,SRR17268894,2021-10-30,2021-09-17,2021-10-28,{'AY.117': 1},792221,1,-1,2147483648,3,False,1
ERR13121059,ERR10000024,ERR10045311,2022-05-06,2022-07-04,2022-07-29,{'BA.5.3.2': 1},1473881,1,1428716,3,3,False,1
node_552845,SRR19672610,SRR19074779,2022-06-15,2022-05-27,2022-04-12,{'BA.2.12.1': 3},1526004,3,-1,2147483648,3,False,3
ERR8063431,ERR8248733,ERR7395833,2022-01-01,2021-12-20,2021-11-07,{'AY.4.2.2': 1},1076018,1,-1,2147483648,1,False,1
node_679362,SRR20075588,ERR10119219,2022-06-14,2022-06-19,2022-08-08,{'BA.4.1.1': 1},1524205,1,-1,2147483648,3,False,1
SRR15585202,SRR15585616,SRR16050830,2021-08-09,2021-08-06,2021-08-31,{'AY.122': 1},454828,2,-1,2147483648,4,False,1
SRR19933105,node_180094,ERR6440908,2021-12-23,2021-12-23,2021-07-26,{'AY.100': 1},1054479,2,-1,2147483648,6,False,1
ERR6769182,ERR6308193,SRR20917503,2021-08-28,2021-07-04,2021-12-15,{'AY.4': 1},520220,1,-1,2147483648,4,False,1
SRR21978679,node_16319,SRR17735335,2021-02-02,2021-02-02,2021-03-08,{'B.1.2': 1},137045,1,-1,2147483648,6,False,1
ERR7239731,ERR13182720,ERR12842193,2021-10-26,2021-08-22,2021-10-31,{'AY.4': 1},771727,1,771728,1,0,False,1
ERR6781253,ERR6599465,ERR11742306,2021-09-08,2021-08-22,2021-09-11,{'AY.4': 1},565635,1,-1,2147483648,4,False,1
node_588499,SRR25642961,SRR27224176,2023-11-16,2023-07-28,2023-11-24,{'KT.1.1': 140},1861104,259,1673437,11,2,False,140
ERR6342407,ERR6302134,ERR6341402,2021-07-06,2021-07-01,2021-07-06,{'AY.4': 1},354007,1,-1,2147483648,3,False,1
ERR5452671,ERR5279601,SRR14381406,2021-01-27,2021-01-21,2021-03-30,{'B.1.1.7': 1},128211,1,-1,2147483648,4,False,1
node_17524,SRR15842153,SRR13527408,2020-11-25,2021-03-01,2020-11-30,{'B.1.2': 2},69999,2,-1,2147483648,7,False,2
node_472258,SRR18815314,SRR18815966,2022-01-15,2022-01-28,2022-01-16,{'BA.1.1': 2},961188,67028,-1,2147483648,1,False,2
SRR21970976,SRR21527529,ERR10024519,2022-10-04,2022-08-25,2022-07-27,{'CA.5': 1},1677474,1,-1,2147483648,4,False,1
SRR24883807,ERR10896911,ERR13319890,2023-05-30,2023-02-04,2023-06-07,{'XBB.1.16': 1},1822207,1,1818668,1,7,True,1
node_747701,SRR18698583,ERR9090799,2022-02-27,2022-03-28,2022-02-18,{'BA.2.9': 1},1306722,1,-1,2147483648,3,False,1
node_188280,SRR17136430,node_188279,2021-10-14,2021-10-28,2021-10-14,{'B.1.617.2': 3},723291,3,723292,1,0,False,3
SRR16743880,SRR14393654,ERR5185595,2021-04-10,2021-04-04,2021-01-09,{'B.1.1.7': 1},250111,1,-1,2147483648,3,False,1
SRR15921545,SRR15551342,ERR6340775,2021-09-01,2021-07-28,2021-07-05,{'AY.25': 1},537327,1,-1,2147483648,7,False,1
SRR23720696,SRR22991930,ERR10002259,2022-08-15,2022-07-19,2022-07-05,{'BF.28': 1},1621778,1,1428716,10,5,False,1
ERR7378832,ERR11753728,ERR6773979,2021-10-30,2021-10-17,2021-09-08,{'AY.98': 1},791787,1,791788,1,0,False,1
SRR17367056,ERR12847243,ERR11853544,2021-12-03,2021-10-28,2021-12-16,{'AY.4': 1},972346,1,-1,2147483648,5,False,1
node_542657,SRR22558286,node_480238,2022-02-07,2022-02-28,2022-02-15,{'BA.1.18': 3},1222070,3,-1,2147483648,5,False,3
SRR20768644,SRR20938723,SRR16794865,2021-10-25,2021-12-03,2021-10-05,{'AY.3': 1},770016,1,-1,2147483648,3,False,1
node_657535,ERR10001786,SRR21271814,2022-06-14,2022-07-06,2022-07-25,{'BE.1.1': 4},1523510,4,1428716,6,3,False,4
node_164157,node_188683,ERR11742960,2021-09-10,2021-12-03,2021-12-16,{'AY.4': 177},576284,179,-1,2147483648,3,False,177
node_218336,ERR12882015,ERR13156632,2021-12-04,2021-12-14,2021-09-23,{'AY.43': 2},979581,2,-1,2147483648,3,False,2
ERR4307159,ERR12072906,ERR4306440,2020-04-11,2020-03-31,2020-04-04,{'B.1': 1},8936,1,-1,2147483648,3,False,1
node_583816,ERR10931842,node_583544,2022-11-15,2023-01-31,2022-12-16,{'CH.1.1': 3},1708191,3,-1,2147483648,6,False,3
node_356159,ERR13160678,SRR16795615,2021-07-10,2021-08-22,2021-10-05,{'AY.47': 1},361442,1,-1,2147483648,5,False,1
ERR5772416,ERR5041885,ERR5772422,2021-04-16,2020-12-19,2021-04-16,{'B.1.1.7': 1},259109,1,-1,2147483648,3,False,1
SRR19775167,SRR19692442,ERR11177908,2022-04-20,2022-03-26,2023-03-20,{'BA.2.3': 1},1448971,1,-1,2147483648,4,False,1
node_367671,node_370055,SRR14200345,2020-09-09,2020-06-01,2020-10-28,"{'B.1.1.236': 67, 'B.1.1': 2}",32878,70,-1,2147483648,7,False,69
SRR19675010,SRR19675011,SRR19683454,2022-04-18,2022-04-18,2022-02-14,{'BA.2.3': 1},1443755,1,-1,2147483648,6,False,1
SRR23630561,SRR23949544,ERR11184421,2023-01-26,2023-02-07,2023-03-16,{'XBB.1.5.21': 1},1754408,1,1673437,7,3,True,1
SRR17521781,SRR17235362,SRR17888935,2021-12-06,2021-10-29,2021-12-23,{'AY.112.2': 1},988478,1,-1,2147483648,5,False,1
ERR13076635,ERR13050308,ERR13077315,2023-11-20,2023-11-06,2023-12-04,{'BA.2.86.1': 1},1862132,1,1854739,8,5,False,1
SRR15388518,SRR15290276,SRR15272300,2021-07-26,2021-07-13,2021-07-12,{'AY.47': 1},402265,1,-1,2147483648,5,False,1
node_701808,ERR10213982,ERR10231544,2022-09-06,2022-09-07,2022-09-11,{'BA.2.75': 1},1646430,1,1646431,1,0,False,1
SRR19708375,ERR12535244,SRR16947806,2022-05-17,2022-07-05,2021-11-04,{'XAM': 1},1487625,1,1251095,8,5,True,1
SRR19320883,ERR12781288,ERR10097053,2022-05-06,2022-05-19,2022-07-13,{'BA.2.12.1': 1},1473037,1,-1,2147483648,3,False,1
node_78323,ERR6544518,ERR12795818,2021-09-15,2021-08-12,2021-07-16,{'AY.4': 1},601352,1,-1,2147483648,5,False,1
ERR8636818,ERR9755462,node_543551,2022-02-08,2022-03-26,2022-02-08,{'BA.1': 1},1227554,1,-1,2147483648,6,False,1
SRR28563839,node_629109,ERR13322490,2024-03-22,2024-03-22,2024-02-05,{'JN.1.4': 1},1889580,2,1854739,11,1,False,1
SRR18786347,SRR18342864,ERR12755214,2022-02-25,2022-02-23,2022-01-13,{'BA.1.1.18': 1},1302182,1,-1,2147483648,5,False,1
node_188983,SRR15863944,SRR20252910,2021-10-15,2021-08-18,2021-10-19,{'AY.39': 2},727473,2,-1,2147483648,4,False,2
ERR12941347,ERR11796912,ERR12924120,2022-02-20,2022-01-15,2022-02-13,{'BA.2': 1},1284098,1,-1,2147483648,3,False,1
SRR18022170,SRR15546531,SRR16973791,2021-08-28,2021-07-30,2021-11-05,{'AY.103': 1},520923,1,-1,2147483648,4,False,1
ERR5688120,ERR5460945,ERR5393686,2021-03-29,2021-02-28,2021-02-21,{'B.1.1.7': 1},227520,1,-1,2147483648,6,False,1
node_623521,ERR11556613,node_621332,2023-08-03,2023-05-21,2023-11-26,{'EG.5.1': 12},1829162,12,1673437,13,4,False,12
ERR8067802,ERR7605983,ERR8299246,2022-01-08,2021-11-26,2022-01-23,{'BA.1.1': 1},1092518,2,-1,2147483648,3,False,1
ERR12960617,ERR13125061,ERR12751220,2022-04-26,2022-04-06,2022-04-16,{'BA.2': 1},1460421,1,-1,2147483648,5,False,1
node_236091,node_189092,ERR6462458,2021-09-02,2021-11-23,2021-07-30,{'AY.39': 12},542487,12,-1,2147483648,3,False,12
SRR22394020,SRR21951377,ERR10004550,2022-11-09,2022-10-06,2022-04-22,{'BA.4': 1},1705458,1,1705459,1,0,False,1
ERR9653725,ERR12258795,ERR12749849,2022-04-17,2022-04-06,2022-04-28,{'BA.2': 1},1441709,1,-1,2147483648,4,False,1
SRR21175732,ERR11761605,SRR21173296,2021-10-29,2021-07-10,2021-10-27,{'AY.9.2': 1},788801,1,-1,2147483648,6,False,1
SRR15583079,SRR15589455,ERR12794677,2021-08-05,2021-08-07,2021-08-06,{'AY.47': 1},442037,1,-1,2147483648,3,False,1
SRR21166421,SRR20979908,ERR10000063,2022-08-09,2022-07-20,2022-07-05,{'BA.5.1': 1},1613078,1,1428716,5,4,False,1
node_257781,node_257780,ERR11742306,2021-10-25,2021-10-25,2021-09-11,{'AY.103': 1},768955,1,-1,2147483648,5,False,1
ERR10777582,ERR10382801,ERR10777579,2022-12-22,2022-10-03,2022-12-18,{'BQ.1.1': 1},1730437,1,1730438,1,0,False,1
node_476295,ERR11852261,SRR18922550,2022-03-27,2022-04-25,2022-03-20,{'BA.1.1': 3},1399979,3,-1,2147483648,4,False,3
ERR10825679,ERR10005637,ERR10120246,2022-10-24,2022-07-18,2022-08-17,{'BA.5.2.1': 1},1695550,1,1428716,5,8,False,1
SRR20258601,SRR16682708,SRR20226724,2021-10-17,2021-09-29,2021-10-31,{'AY.103': 1},734158,1,-1,2147483648,4,False,1
node_307987,ERR9899057,SRR20116879,2021-09-24,2021-08-01,2021-12-13,{'AY.3': 2},641319,2,-1,2147483648,4,False,2
node_460174,SRR18044159,SRR18342998,2022-02-17,2022-01-31,2022-02-23,{'BA.1.1': 2},1273279,2,-1,2147483648,3,False,2
node_188907,SRR16695665,SRR15199972,2021-10-18,2021-10-04,2021-06-25,{'AY.39.1': 3},739302,3,-1,2147483648,5,False,3
node_187615,SRR16040701,ERR12819348,2021-08-27,2021-08-30,2021-08-12,{'AY.113': 11},516940,11,-1,2147483648,3,False,11
node_296443,SRR16028205,SRR16568328,2021-09-01,2021-08-07,2021-09-24,{'AY.3': 2},592560,2,-1,2147483648,5,False,2
SRR16245770,node_190582,SRR15993681,2021-09-09,2021-10-24,2021-08-25,{'AY.116.1': 1},573488,3,390208,2,6,False,1
ERR7371157,ERR7381404,SRR20145644,2021-11-02,2021-11-02,2021-11-29,{'AY.4': 1},807066,1,-1,2147483648,6,False,1
SRR15993670,node_231980,ERR7707661,2021-08-25,2021-10-28,2021-11-15,{'AY.39': 1},506288,6,-1,2147483648,4,False,1
SRR20246200,SRR20252919,SRR16338848,2021-10-25,2021-10-19,2021-10-04,{'AY.100': 1},769389,1,-1,2147483648,8,False,1
ERR7297483,ERR7164208,ERR6816656,2021-10-29,2021-10-16,2021-09-14,{'AY.4': 1},787202,1,-1,2147483648,5,False,1
SRR16751356,ERR6060090,node_311524,2021-10-02,2021-06-02,2021-09-09,{'AY.3': 1},672228,1,-1,2147483648,5,False,1
SRR20263943,SRR17330843,SRR15518829,2021-11-23,2021-11-26,2021-07-30,{'AY.100': 1},922053,5,-1,2147483648,6,False,1
SRR20884037,ERR10024627,ERR10045311,2022-07-15,2022-07-26,2022-07-29,{'BA.5.5': 1},1572937,1,1428716,4,6,False,1
SRR20694880,node_4145,ERR4642690,2021-01-05,2021-01-05,2020-06-12,{'B.1.396': 1},99542,1,-1,2147483648,4,False,1
SRR15876884,SRR15270985,SRR15923783,2021-08-20,2021-07-15,2021-08-30,{'B.1.617.2': 1},488367,1,488368,1,0,False,1
node_419443,ERR5399546,SRR15153075,2021-03-04,2021-02-10,2021-05-15,{'B.1.1.7': 6},183503,6,-1,2147483648,2,False,6
ERR13161706,ERR13162223,SRR16629291,2021-10-25,2021-10-28,2021-06-01,{'P.1.15': 1},771213,1,-1,2147483648,9,False,1
ERR7199547,ERR7144130,SRR20261545,2021-10-04,2021-09-18,2021-11-12,{'AY.4': 1},678361,1,-1,2147483648,4,False,1
node_349729,SRR15070157,ERR7139143,2021-08-04,2021-06-13,2021-10-14,{'AY.26': 1},438923,1,-1,2147483648,5,False,1
ERR6495659,ERR6837908,ERR6319964,2021-08-04,2021-09-11,2021-07-08,{'AY.4': 1},436368,1,-1,2147483648,5,False,1
ERR6453413,ERR6194261,ERR7166458,2021-07-25,2021-06-27,2021-10-17,{'AY.4': 1},398697,1,-1,2147483648,6,False,1
node_371537,ERR5041885,ERR5624247,2021-03-24,2020-12-19,2021-03-11,{'B.1.1.7': 2},218789,2,-1,2147483648,3,False,2
SRR16351524,SRR16246120,SRR16883450,2021-09-14,2021-09-10,2021-10-12,{'AY.124': 1},596459,1,332322,6,7,False,1
node_680286,SRR21754217,SRR21546186,2022-09-27,2022-08-29,2022-09-01,{'BA.5.2.1': 1},1671665,1,1428716,8,5,False,1
node_147793,ERR11755987,ERR11742306,2021-12-11,2021-11-26,2021-09-11,{'AY.4': 4},1011047,4,-1,2147483648,3,False,4
node_189299,SRR16527388,SRR20179725,2021-11-28,2021-09-27,2021-11-26,{'AY.100': 2},944728,2,944728,0,0,False,2
node_189796,SRR20926458,node_189795,2021-11-23,2021-12-06,2021-11-23,{'AY.119': 1},921949,3,-1,2147483648,1,False,1
SRR20261755,SRR20261756,SRR20228488,2021-11-13,2021-11-13,2021-10-28,{'AY.39': 1},869729,1,-1,2147483648,2,False,1
node_430391,node_430388,ERR5037948,2020-12-10,2020-12-10,2020-12-07,{'B.1.1.7': 59},74555,132,-1,2147483648,1,False,59
SRR16380742,SRR16527458,SRR20258303,2021-09-19,2021-09-23,2021-10-18,{'AY.44': 1},617696,1,-1,2147483648,3,False,1
ERR7035845,ERR11761851,ERR7018745,2021-10-04,2021-07-16,2021-09-30,{'AY.4.2': 1},677326,1,677327,1,0,False,1
node_543946,SRR18234769,ERR7845111,2022-02-12,2022-01-31,2021-12-15,{'BA.1': 1},1249914,1,-1,2147483648,3,False,1
node_8104,ERR4598855,ERR6816898,2020-11-08,2020-08-12,2021-09-15,{'B.1.160': 4},59508,4,-1,2147483648,5,False,4
SRR21172158,SRR21174557,ERR11755558,2021-10-27,2021-10-29,2021-11-25,{'AY.100': 1},779451,1,-1,2147483648,3,False,1
ERR7230437,SRR16288101,ERR7120778,2021-10-26,2021-09-13,2021-10-11,{'AY.4': 1},771707,1,771708,1,0,False,1
SRR15519153,SRR15891544,ERR13153313,2021-07-30,2021-08-06,2021-07-30,{'AY.107': 1},418079,2,-1,2147483648,3,False,1
SRR16780591,SRR15958577,SRR15534723,2021-10-07,2021-08-31,2021-08-02,{'AY.44': 1},692720,1,-1,2147483648,5,False,1
node_343648,ERR6570556,node_169855,2021-10-16,2021-08-05,2021-11-28,{'AY.36': 43},758719,43,-1,2147483648,10,False,43
node_440434,ERR8545272,ERR7858192,2022-02-05,2022-02-02,2021-12-16,{'BA.1.15.1': 1},1213582,1,-1,2147483648,3,False,1
ERR8981813,ERR8477983,ERR9031414,2021-03-07,2021-02-25,2021-03-23,{'B.1.1.7': 1},187632,1,-1,2147483648,3,False,1
node_189709,node_229168,ERR6378221,2021-07-31,2021-07-03,2021-07-21,{'AY.120': 4},167127,1241012,-1,2147483648,1,False,4
ERR5378963,ERR5190054,ERR5193362,2021-02-15,2021-01-14,2021-01-14,{'B.1.1.7': 1},155445,1,-1,2147483648,3,False,1
node_189069,SRR16221911,SRR15230406,2021-08-12,2021-09-07,2021-06-17,{'AY.39': 2},465566,4,-1,2147483648,4,False,2
node_434144,ERR5026591,ERR5278832,2021-01-26,2020-12-10,2021-01-29,{'B.1.1.7': 2},126045,2,-1,2147483648,4,False,2
node_547457,SRR19723558,SRR19946443,2022-06-06,2022-05-28,2022-06-02,{'BA.2.12.1': 2},1511159,2,1511159,0,0,False,2
node_443235,node_440424,SRR18043690,2022-01-06,2022-01-16,2022-02-01,{'BA.1.15': 2},926284,38012,-1,2147483648,1,False,2
ERR5238292,ERR5185786,ERR5183148,2021-01-17,2021-01-08,2021-01-03,{'B.1.1.7': 1},113285,1,-1,2147483648,5,False,1
node_342977,ERR6879008,node_343367,2021-09-21,2021-09-21,2021-11-20,{'AY.36': 2},626108,2,-1,2147483648,4,False,2
node_673341,ERR13009131,ERR11805533,2022-08-07,2022-08-30,2022-06-14,"{'BE.1.1': 28, 'BE.1.1.2': 12}",1613628,40,1428716,9,3,False,40
node_719512,SRR20918551,ERR10002349,2022-08-16,2022-07-18,2022-07-07,{'BA.4.6': 2},1622575,2,-1,2147483648,7,False,2
ERR8153790,ERR8028617,ERR12895480,2022-01-20,2022-01-06,2022-01-21,{'BA.1.16': 1},2930284,1,-1,2147483648,0,False,1
ERR8287258,ERR8295153,ERR9365679,2022-01-21,2022-01-23,2022-03-11,{'BA.1.17.2': 1},1144269,1,-1,2147483648,5,False,1
SRR16706972,SRR15391634,SRR16160381,2021-10-06,2021-07-22,2021-09-04,{'AY.100': 1},687575,1,-1,2147483648,4,False,1
node_623419,node_623418,ERR11556652,2023-08-22,2023-08-22,2023-05-22,{'XBB.1.16': 2},1833588,2,1833588,0,1,True,2
ERR6600389,SRR20117750,ERR6684480,2021-08-22,2021-12-11,2021-08-30,{'AY.7': 1},493525,1,-1,2147483648,4,False,1
SRR16197990,node_314081,ERR12795818,2021-09-07,2021-09-07,2021-07-16,{'AY.44': 1},560356,1,-1,2147483648,5,False,1
node_583769,ERR10739916,ERR10731892,2023-01-11,2022-12-06,2022-12-19,{'CH.1.1.8': 5},1765003,5,-1,2147483648,3,False,5
SRR17368798,SRR17165894,ERR13286783,2021-12-09,2021-11-22,2021-12-05,{'AY.119': 1},1004756,1,-1,2147483648,3,False,1
node_444121,SRR17418857,SRR17625314,2021-12-23,2021-12-17,2021-12-23,{'BA.1.15': 1},1054027,1,-1,2147483648,3,False,1
SRR16829480,SRR16077175,SRR15863944,2021-10-08,2021-09-14,2021-08-18,{'AY.39': 1},698368,1,698369,1,0,False,1
ERR7047703,ERR6517151,ERR6754751,2021-09-22,2021-08-05,2021-08-23,{'AY.4': 1},631062,1,-1,2147483648,5,False,1
node_383164,ERR5181241,SRR14396200,2021-02-18,2021-01-04,2021-03-22,{'B.1.1.7': 17},170298,17,-1,2147483648,5,False,17
SRR17389718,SRR17685324,SRR16365559,2021-12-15,2022-01-07,2021-09-18,{'AY.103': 1},1027962,1,-1,2147483648,4,False,1
node_698815,ERR12975993,ERR10838384,2022-10-09,2022-08-31,2022-11-22,{'BF.11': 1},1682335,1,1428716,7,6,False,1
node_675848,SRR21601809,SRR23730481,2023-01-05,2022-08-29,2023-02-20,{'BA.5.3.5': 39},1741115,40,1428716,5,6,False,39
ERR12839238,node_160564,ERR6931278,2021-10-21,2021-10-21,2021-09-29,{'AY.4': 1},754051,1,-1,2147483648,4,False,1
ERR8160208,ERR9226245,ERR8144747,2022-01-21,2022-03-03,2022-01-17,{'BA.1.1': 1},1139415,1,-1,2147483648,4,False,1
node_185657,node_185704,SRR16380706,2021-09-25,2021-08-22,2021-09-19,{'AY.100': 26},644545,29,-1,2147483648,3,False,26
ERR12794355,ERR6666963,ERR11761614,2021-07-17,2021-08-29,2021-07-12,{'AY.7.1': 1},376324,1,376325,1,0,False,1
node_586864,ERR10910670,ERR13050992,2023-09-18,2023-02-06,2023-09-11,"{'XCT': 21, 'XCT.1': 32}",1842923,54,1842923,0,0,True,53
SRR24013567,SRR24795582,ERR10932739,2023-03-17,2023-05-11,2023-02-12,{'XBB.1.5.1': 1},1796268,1,1673437,9,4,True,1
ERR7259724,ERR12835583,node_138344,2021-10-23,2021-10-08,2021-10-23,{'AY.4': 1},759172,1,-1,2147483648,6,False,1
SRR20189222,SRR17363235,ERR6629221,2021-12-07,2021-12-08,2021-08-08,{'AY.119': 1},995187,1,995188,1,0,False,1
SRR15842050,SRR14393907,ERR4697754,2021-05-01,2021-04-05,2020-10-02,{'B.1.1.7': 1},277591,1,-1,2147483648,4,False,1
node_508797,SRR17625314,ERR11780336,2021-12-22,2021-12-23,2022-03-28,{'BA.1.1': 5},935852,12433,-1,2147483648,1,False,5
node_380848,ERR5293187,SRR15148302,2021-05-11,2021-02-03,2021-04-27,{'B.1.1.7': 2},293060,2,-1,2147483648,3,False,2
SRR24540566,ERR11556615,SRR23711051,2023-04-28,2023-05-21,2023-02-14,{'XBB.1.5': 1},1816531,1,1673437,8,5,True,1
SRR28971931,SRR27417185,ERR13051215,2024-01-16,2023-12-16,2023-11-13,{'JN.1.8.1': 1},1879771,1,1854739,11,4,False,1
ERR12481789,ERR12483868,ERR10000515,2023-12-11,2023-12-12,2022-07-06,{'JN.1.4': 1},1869629,1,1854739,11,4,False,1
SRR28281521,SRR28373744,ERR13080125,2024-01-10,2024-01-27,2023-12-11,{'BA.2.86.1': 1},1878311,1,1854739,10,5,False,1
ERR9412675,ERR10711783,ERR9375520,2022-03-15,2022-03-14,2022-03-11,{'BA.2': 1},1360088,1,-1,2147483648,3,False,1
SRR23708801,SRR23952891,ERR11823119,2023-02-16,2023-03-08,2022-02-08,{'XBB.1.5': 1},1771165,1,1673437,8,5,True,1
ERR10504328,ERR13175760,ERR10371630,2022-10-17,2022-12-26,2022-10-04,{'BQ.1.1.5': 1},1689665,1,1428716,15,4,False,1
SRR20179725,SRR15985184,SRR20146104,2021-11-26,2021-08-31,2021-11-28,{'AY.100': 1},935818,3,-1,2147483648,4,False,1
node_203716,ERR6763100,SRR15958106,2021-09-19,2021-08-27,2021-09-03,{'AY.34.1': 25},617669,28,-1,2147483648,7,False,25
ERR9940378,ERR10015550,SRR21138978,2022-06-28,2022-07-18,2022-07-07,{'BA.5.1': 1},1541897,1,1428716,5,4,False,1
node_724452,ERR10000106,ERR10296428,2023-03-01,2022-07-05,2022-09-14,{'EZ.1': 1},1784319,1,1784320,1,0,False,1
node_228863,ERR11761885,SRR16318906,2021-06-26,2021-07-15,2021-08-10,{'AY.120': 6},338171,6,-1,2147483648,3,False,6
ERR4667229,ERR4682052,ERR4699700,2020-09-29,2020-09-21,2020-10-05,{'B.1.177': 1},38444,1,-1,2147483648,3,False,1
node_174840,ERR6374500,SRR15855137,2021-10-10,2021-07-16,2021-09-01,{'AY.4.5': 1},706395,1,-1,2147483648,6,False,1
node_188502,ERR7147969,ERR6571500,2021-10-09,2021-10-09,2021-08-08,{'AY.4.2': 2},701050,2,701050,0,2,False,2
ERR6491608,ERR6322583,ERR6199525,2021-07-25,2021-07-07,2021-06-27,{'AY.98': 1},399097,1,-1,2147483648,3,False,1
SRR16838930,ERR6605369,SRR15555337,2021-10-12,2021-08-24,2021-08-02,{'AY.103': 1},714804,1,-1,2147483648,5,False,1
node_186448,ERR13160269,ERR6492835,2021-07-30,2021-08-03,2021-07-30,{'AY.100': 2},417181,2,-1,2147483648,3,False,2
SRR19842579,ERR8031321,SRR18247849,2022-02-11,2022-01-07,2022-02-15,{'BA.1.1.18': 1},1246113,1,-1,2147483648,4,False,1
ERR12781995,ERR12753592,ERR10511768,2022-05-01,2022-04-19,2022-11-09,{'BA.2': 1},1466600,1,-1,2147483648,3,False,1
node_238504,SRR17521945,ERR7243253,2021-12-14,2021-12-07,2021-10-20,{'B.1.617.2': 1},1023239,1,-1,2147483648,7,False,1
SRR20939623,SRR17105832,SRR16839497,2021-12-06,2021-11-04,2021-10-12,{'AY.3': 1},988918,1,-1,2147483648,3,False,1
node_691784,ERR10000161,node_715349,2022-07-11,2022-07-06,2022-06-16,{'BA.5.2.1': 8},1584770,8,1428716,8,3,False,8
node_126656,ERR7232037,ERR7237498,2021-10-15,2021-10-20,2021-10-20,{'B.1.617.2': 8},725993,13,725994,1,0,False,8
node_344092,SRR16066290,SRR20180432,2021-09-23,2021-08-27,2021-11-26,{'AY.20': 2},636407,2,636408,1,0,False,2
SRR19689143,ERR10496024,SRR19319874,2022-05-15,2022-07-14,2022-05-05,{'BA.2': 1},1484491,1,-1,2147483648,0,False,1
SRR15159673,node_25553,ERR5875936,2021-05-07,2021-05-07,2021-04-15,{'B.1.427': 1},283769,1,-1,2147483648,7,False,1
node_188803,SRR19304724,ERR13153313,2021-10-15,2021-11-22,2021-07-30,{'AY.118': 1},727639,1,-1,2147483648,7,False,1
SRR22988841,ERR10512449,node_683534,2022-12-20,2022-11-14,2022-07-31,{'BF.7': 1},1728972,1,1428716,7,4,False,1
node_196135,ERR6319867,ERR11794865,2021-11-17,2021-07-08,2021-12-08,{'B.1.617.2': 2},892632,2,-1,2147483648,3,False,2
node_458165,ERR7605983,ERR8647650,2021-12-29,2021-11-26,2022-02-05,{'BA.1.1': 1},1066608,2,-1,2147483648,2,False,1
node_654024,ERR10000024,ERR10002299,2022-07-04,2022-07-04,2022-07-04,"{'BA.5.1': 2, 'BA.5': 1}",1371164,2899,-1,2147483648,1,False,3
ERR7485123,ERR7775866,ERR6523836,2021-11-13,2021-12-10,2021-08-08,{'AY.4': 1},867564,1,-1,2147483648,3,False,1
node_203676,SRR16122543,SRR16829698,2021-09-18,2021-08-21,2021-10-08,{'AY.34.1': 26},614035,31,-1,2147483648,3,False,26
ERR7497682,ERR7109320,ERR11849799,2021-11-15,2021-10-09,2021-08-27,{'AY.4': 1},876300,1,-1,2147483648,6,False,1
SRR20265230,SRR17352698,ERR13153313,2021-11-16,2021-11-11,2021-07-30,{'AY.100': 1},885215,1,-1,2147483648,7,False,1
SRR22240899,ERR10319620,SRR21539715,2022-10-23,2022-09-17,2022-08-30,{'BF.7.4.1': 1},1694789,1,1428716,12,3,False,1
node_67045,ERR6733184,ERR6399577,2021-09-14,2021-09-05,2021-07-25,{'AY.4': 4},592985,4,592986,1,0,False,4
ERR12786300,node_431213,ERR13159049,2021-05-31,2021-01-17,2021-06-23,{'B.1.1.7': 1},307013,1,-1,2147483648,6,False,1
node_465700,node_465699,SRR18776650,2022-02-22,2021-12-30,2022-03-16,{'BA.1.1': 1},1292259,1,-1,2147483648,5,False,1
ERR12878070,ERR11764612,ERR11742306,2021-12-04,2021-11-26,2021-09-11,{'AY.43': 1},979563,1,-1,2147483648,3,False,1
ERR10732401,ERR10560717,ERR13041671,2022-12-10,2022-11-22,2022-12-05,{'BQ.1.1.43': 1},1721199,1,1428716,14,4,False,1
node_644924,ERR10165738,SRR21486431,2022-08-29,2022-08-22,2022-07-31,{'BA.5.1': 2},1638820,2,1428716,4,14,False,2
SRR20898762,ERR8086343,ERR9230935,2022-02-08,2022-01-14,2022-01-31,{'BA.1.1': 1},1231735,1,-1,2147483648,5,False,1
ERR7306375,ERR6725762,ERR6627124,2021-10-27,2021-09-01,2021-08-16,{'AY.4': 1},778279,1,778280,1,0,False,1
SRR20259474,ERR6484148,SRR17099533,2021-10-21,2021-08-06,2021-10-22,{'AY.44': 1},752954,1,752955,1,0,False,1
node_666975,SRR22059550,ERR10667200,2022-12-16,2022-10-15,2022-11-30,{'BQ.1': 2},1725263,2,1428716,15,4,False,2
SRR22864726,node_658327,SRR22734840,2022-12-10,2022-12-10,2022-12-02,{'BQ.1.1': 1},1721261,1,1428716,15,5,False,1
node_189579,SRR15958144,ERR6999528,2021-09-27,2021-08-29,2021-09-15,{'AY.100': 1},651352,1,-1,2147483648,4,False,1
SRR21546186,SRR21704322,ERR10296875,2022-09-01,2022-08-20,2022-09-17,{'BF.10': 1},1641611,1,1428716,8,6,False,1
ERR7762126,ERR7751049,ERR11742306,2021-12-07,2021-12-05,2021-09-11,{'AY.4': 1},992814,1,-1,2147483648,3,False,1
node_724694,node_724847,ERR11039811,2022-03-16,2022-05-26,2023-03-09,{'BA.2': 12},1364185,12,-1,2147483648,4,False,12
node_531155,ERR8487500,ERR8024474,2022-01-31,2022-01-27,2022-01-06,{'BA.1.17': 2},1187150,2,-1,2147483648,1,False,2
node_311773,SRR14855631,ERR7601343,2021-09-01,2021-06-04,2021-11-25,{'AY.3': 1},537759,1,-1,2147483648,5,False,1
SRR23728976,SRR23183188,ERR10165359,2023-02-21,2023-01-09,2022-08-21,{'XBB.1.5.66': 1},1776029,1,1673437,6,6,True,1
ERR7308843,ERR6129565,ERR6480436,2021-10-17,2021-06-16,2021-08-04,{'AY.4': 1},733217,1,-1,2147483648,3,False,1
ERR8558128,ERR8013831,ERR7795801,2022-02-03,2022-01-06,2021-12-12,{'BA.1': 1},1203016,1,-1,2147483648,4,False,1
node_629298,SRR28166623,ERR13077040,2024-02-04,2024-01-31,2023-12-18,{'JN.1.4': 2},1888463,2,1854739,16,1,False,2
ERR7307926,ERR7206991,ERR11853316,2021-10-20,2021-10-04,2021-09-22,{'AY.98': 1},749454,1,-1,2147483648,3,False,1
SRR24540406,SRR23903929,SRR24114602,2023-04-26,2023-03-06,2023-03-26,{'XBB.1.5': 1},1815784,1,1673437,8,6,True,1
SRR22743820,ERR13017345,ERR13175132,2022-11-17,2022-10-24,2022-11-30,{'BQ.1.23': 1},1709397,1,1428716,13,1,False,1
ERR13268416,ERR11763145,SRR21140926,2021-11-13,2021-11-21,2021-09-15,{'AY.43': 1},871240,1,-1,2147483648,4,False,1
node_675755,ERR12536005,SRR22294045,2022-12-08,2022-06-06,2022-10-29,{'BE.10': 31},1720160,31,1428716,4,7,False,31
SRR26170356,SRR25681909,SRR26076047,2023-09-07,2023-06-02,2023-08-25,{'XBB.2.3': 1},1838998,1,1838999,1,0,True,1
node_155535,ERR6824968,ERR6079469,2021-08-05,2021-09-05,2021-06-07,{'AY.4': 23},443613,27,-1,2147483648,3,False,23
ERR4698010,ERR4585201,ERR4780466,2020-09-30,2020-08-05,2020-10-19,{'B.1.177': 1},38607,1,-1,2147483648,6,False,1
SRR27825872,SRR23710492,SRR27417553,2023-12-26,2023-02-14,2023-12-18,{'XCR': 1},1875167,1,1833719,7,6,True,1
ERR13288689,node_130461,ERR6137961,2021-12-21,2021-07-20,2021-06-17,{'AY.4': 1},1049353,1,-1,2147483648,5,False,1
SRR20177792,SRR16706037,SRR20250871,2021-11-15,2021-10-05,2021-11-12,{'AY.100': 1},879036,1,-1,2147483648,4,False,1
SRR20564099,ERR8036259,SRR18343221,2022-03-28,2022-01-05,2022-02-21,{'BA.1.1': 1},1405530,1,-1,2147483648,7,False,1
node_189042,SRR17219806,SRR15199972,2021-11-16,2021-11-09,2021-06-25,{'AY.39': 2},946311,2,-1,2147483648,6,False,2
node_701845,ERR9909854,ERR10296477,2022-07-29,2022-06-24,2022-09-12,{'BA.5.2': 45},1612588,45,1428716,6,4,False,45
SRR20186249,SRR17381447,SRR15877448,2021-12-05,2021-12-07,2021-08-11,{'AY.113': 1},982680,1,373989,1,5,False,1
node_451224,ERR8146085,SRR18025896,2022-01-23,2022-01-18,2022-01-27,{'BA.1': 3},965581,42613,-1,2147483648,1,False,3
ERR7259000,ERR11756314,ERR6935948,2021-10-21,2021-11-27,2021-09-29,{'AY.4.2.1': 1},751523,1,-1,2147483648,1,False,1
node_235801,SRR17361080,ERR7232760,2021-11-27,2021-11-30,2021-10-16,{'AY.39': 2},940081,2,-1,2147483648,7,False,2
node_682004,ERR13018108,node_680689,2022-07-26,2022-09-19,2022-09-29,{'BF.24': 12},1489781,636,1428716,7,1,False,12
node_378049,ERR5278162,ERR5188580,2021-02-16,2021-01-29,2021-01-11,{'B.1.1.7': 2},157590,2,-1,2147483648,7,False,2
node_416714,ERR5481100,SRR16612901,2021-04-01,2021-02-21,2021-03-04,{'B.1.1.7': 2},233397,2,-1,2147483648,4,False,2
node_189843,SRR16022701,ERR7233601,2021-09-17,2021-09-08,2021-10-20,{'AY.119.2': 29},662704,33,609342,1,0,False,29
node_283182,SRR15385389,SRR16008290,2021-08-26,2021-07-25,2021-09-07,{'AY.25': 2},511572,2,-1,2147483648,5,False,2
node_189062,SRR15446230,SRR16749941,2021-11-10,2021-07-26,2021-10-03,{'AY.39': 3},853590,3,853590,0,0,False,3
node_39412,ERR4908871,ERR4653046,2020-10-06,2020-11-13,2020-09-10,{'B.1.177': 1},41316,1,-1,2147483648,4,False,1
ERR6521150,ERR6455850,ERR6042471,2021-08-05,2021-07-29,2021-05-31,{'AY.4': 1},440972,1,-1,2147483648,3,False,1
node_189946,SRR16245621,SRR15876395,2021-08-25,2021-09-10,2021-08-20,{'AY.116.1': 1},506485,1,506486,1,0,False,1
node_189115,SRR16307266,SRR15199972,2021-10-03,2021-09-14,2021-06-25,{'AY.39': 1},674853,1,-1,2147483648,2,False,1
node_641282,SRR21223875,SRR21040678,2022-10-09,2022-07-29,2022-07-28,{'BA.5': 2},1682081,2,1682081,0,2,False,2
node_461747,ERR8408166,ERR7675357,2022-02-25,2022-01-22,2021-12-03,{'BA.1': 2},1301632,2,-1,2147483648,4,False,2
SRR15158826,ERR11822460,node_407557,2021-04-24,2021-04-11,2021-04-24,{'B.1.1.7': 1},269162,1,-1,2147483648,4,False,1
SRR19267618,SRR16020134,SRR16688111,2021-11-24,2021-09-12,2021-10-19,{'AY.46.4': 1},926996,1,-1,2147483648,6,False,1
SRR21270183,SRR20305047,SRR21703449,2022-07-28,2022-06-27,2022-07-19,{'BA.5.2.1': 1},1596870,1,1428716,8,4,False,1
node_296588,SRR20246014,SRR15518559,2021-08-20,2021-10-22,2021-08-03,{'AY.3': 1},488405,1,-1,2147483648,6,False,1
node_188725,ERR6135269,SRR20918075,2021-08-07,2021-06-17,2021-12-16,{'AY.4': 2},167127,1241012,-1,2147483648,1,False,2
SRR20918724,SRR21636838,ERR9909506,2022-07-16,2022-09-04,2022-06-23,{'BF.28': 1},1574917,1,1428716,6,3,False,1
node_205407,ERR13275742,ERR13153217,2021-12-04,2021-12-03,2021-07-31,{'AY.126': 2},979632,2,-1,2147483648,3,False,2
node_203373,ERR7742290,ERR11827103,2021-12-20,2021-12-06,2021-08-31,{'AY.34.1': 2},1044706,2,-1,2147483648,13,False,2
SRR19942299,ERR12924868,SRR20781479,2022-06-06,2022-02-21,2022-05-06,{'BA.2.9': 1},1511750,1,-1,2147483648,5,False,1
node_6083,node_6072,SRR17488780,2021-06-15,2021-04-07,2021-05-15,{'B.1.214': 1},322199,1,322200,1,0,False,1
node_297704,SRR16780528,SRR16942239,2021-10-22,2021-10-07,2021-10-25,{'AY.3': 2},756584,2,-1,2147483648,1,False,2
node_189059,SRR20251944,SRR15270895,2021-09-10,2021-11-10,2021-07-15,{'AY.39': 1},578661,1,-1,2147483648,7,False,1
ERR7009108,ERR11753873,ERR7050130,2021-09-16,2021-10-17,2021-09-22,{'AY.4': 1},604066,1,-1,2147483648,4,False,1
ERR6649245,ERR6562324,SRR15775374,2021-08-24,2021-08-16,2021-08-17,{'AY.4': 1},503192,1,-1,2147483648,3,False,1
node_370475,ERR5338570,ERR5059062,2021-02-14,2021-02-10,2020-12-21,{'B.1.1.7': 1},153798,1,-1,2147483648,4,False,1
node_619248,ERR13321412,SRR26653779,2024-01-03,2023-11-08,2023-10-20,{'HK.19': 2},1876789,2,1876790,1,0,False,2
node_461831,SRR18783902,ERR11826612,2022-01-30,2022-02-21,2022-04-04,{'BA.1.1': 2},1289238,3,-1,2147483648,3,False,2
node_547278,ERR12754458,SRR21886304,2022-07-07,2022-05-04,2022-09-21,{'BA.2.12.1': 1},1557808,1,-1,2147483648,4,False,1
node_169447,ERR6883633,ERR11756169,2021-08-26,2021-08-20,2021-11-25,{'AY.4': 80},512679,80,-1,2147483648,8,False,80
ERR7310438,ERR7186603,ERR6491292,2021-10-26,2021-10-19,2021-08-05,{'AY.4': 1},773508,1,773509,1,0,False,1
node_198060,ERR7420174,ERR11753700,2021-12-14,2021-11-08,2021-10-17,{'AY.121': 1},1022334,1,-1,2147483648,5,False,1
node_724861,ERR11006399,ERR10004457,2022-02-11,2023-02-16,2022-04-22,"{'BA.2': 34, 'BA.2.10': 4, 'BA.2.5': 2}",965896,552721,-1,2147483648,1,False,40
ERR6598739,ERR11761851,ERR6644030,2021-08-22,2021-07-16,2021-08-15,{'AY.4': 1},494793,1,494794,1,0,False,1
node_561459,ERR10039731,SRR19547633,2022-04-13,2022-07-22,2022-03-23,{'BA.2': 2},1439257,2,1435483,1,0,False,2
ERR7441667,ERR7441167,ERR5281444,2021-04-07,2021-04-08,2021-01-29,{'B.1.1.7': 1},244848,1,-1,2147483648,6,False,1
node_189055,SRR16835373,SRR16161484,2021-10-13,2021-10-09,2021-09-03,{'AY.39': 1},719244,1,-1,2147483648,3,False,1
ERR11200663,ERR10966165,SRR23711356,2023-03-26,2023-02-21,2023-02-13,{'XBB.1.5.7': 1},1802740,1,1673437,11,5,True,1
node_47550,SRR20250721,SRR16788470,2021-10-08,2021-11-11,2021-10-09,{'AY.117': 54},697165,54,-1,2147483648,3,False,54
node_60182,ERR11755941,ERR6036091,2021-08-23,2021-11-25,2021-05-29,{'AY.4': 1},497333,1,497334,1,0,False,1
SRR15628568,SRR15518306,ERR6112499,2021-08-05,2021-08-01,2021-06-08,{'AY.20': 1},442600,1,-1,2147483648,3,False,1
SRR26928050,SRR27366185,SRR26928309,2023-10-13,2023-10-12,2023-10-07,{'XBB.2.3': 1},1851135,1,1673437,9,3,True,1
ERR6769200,ERR11822634,ERR11853316,2021-09-02,2021-08-18,2021-09-22,{'AY.4.4': 1},541578,1,-1,2147483648,6,False,1
SRR21175960,SRR21044231,ERR11763085,2021-10-26,2021-11-02,2021-11-21,{'AY.25.1': 1},774952,1,-1,2147483648,6,False,1
node_545639,ERR11823387,ERR10000475,2022-07-03,2022-05-16,2022-07-06,{'BA.2.12.1': 3},1554411,3,-1,2147483648,3,False,3
node_190003,SRR17186749,node_190002,2021-12-06,2021-11-29,2021-12-06,{'AY.103': 1},988694,1,988695,1,0,False,1
ERR7428489,ERR7430799,ERR5469546,2021-02-09,2021-02-09,2021-03-03,{'B.1.1.7': 1},145105,1,-1,2147483648,3,False,1
ERR8504699,SRR20872330,ERR8633471,2022-02-01,2021-12-29,2022-02-03,{'BA.1.1': 1},1191773,1,-1,2147483648,3,False,1
node_318559,SRR17102822,ERR6440908,2021-11-10,2021-11-11,2021-07-26,{'AY.44': 8},853306,9,-1,2147483648,7,False,8
SRR17445769,SRR15270847,SRR15555535,2021-07-15,2021-07-15,2021-08-02,{'AY.14': 1},371449,1,-1,2147483648,3,False,1
SRR14569393,SRR14758909,SRR14569436,2021-04-08,2021-04-14,2021-04-09,{'B.1.1.7': 1},246514,1,-1,2147483648,5,False,1
SRR16246021,SRR16065733,SRR15628931,2021-09-10,2021-08-27,2021-08-06,{'AY.103': 1},578760,1,-1,2147483648,4,False,1
SRR20232747,SRR16630199,SRR15534723,2021-11-05,2021-10-01,2021-08-02,{'AY.103': 1},825884,1,-1,2147483648,4,False,1
node_628402,SRR27195963,ERR13079456,2024-01-17,2023-11-28,2023-12-11,{'JN.1.4.2': 2},1879911,2,1854739,12,3,False,2
node_188724,ERR11761328,ERR6440908,2021-08-20,2021-06-25,2021-07-26,{'AY.4': 2},315414,509,-1,2147483648,2,False,2
SRR19932950,SRR20116829,ERR6423050,2021-12-23,2021-12-13,2021-07-08,{'AY.44': 1},1054471,1,-1,2147483648,9,False,1
ERR11782196,ERR13321377,ERR13092946,2022-03-29,2023-11-08,2022-03-28,{'BA.2': 1},1409077,1,-1,2147483648,4,False,1
node_571809,ERR12784009,ERR10004222,2022-01-22,2022-06-08,2022-04-19,"{'BA.2': 233, 'BA.2.23': 11, 'BA.2.10': 13, 'BA.2.9': 8, 'BA.2.5': 11, 'BA.2.56': 1, 'BA.2.1': 1, 'BA.2.64': 1, 'BA.2.25': 1}",965896,552721,-1,2147483648,1,False,280
ERR8213432,ERR7602741,ERR7557017,2021-11-30,2021-11-26,2021-11-23,{'AY.43': 1},957190,1,957191,1,0,False,1
ERR6579496,ERR6544585,ERR6076282,2021-08-18,2021-08-12,2021-06-04,{'AY.4': 1},480638,1,-1,2147483648,3,False,1
ERR7395506,ERR6735585,ERR6148731,2021-11-03,2021-09-06,2021-06-21,{'AY.46.5': 1},816617,1,-1,2147483648,5,False,1
node_189209,SRR17130396,ERR6440908,2021-11-27,2021-11-04,2021-07-26,{'AY.20': 3},940166,3,-1,2147483648,7,False,3
ERR10911672,ERR10511768,ERR10705615,2023-02-08,2022-11-09,2022-12-09,{'CA.7': 1},1761909,1,-1,2147483648,4,False,1
SRR20467361,ERR11782965,SRR18517717,2022-03-23,2022-03-29,2022-03-19,{'BA.2': 1},1386526,1,-1,2147483648,3,False,1
node_613180,SRR24547228,node_613179,2023-10-13,2023-04-27,2023-10-13,{'KJ.1': 1},1851049,1,1673437,14,7,False,1
ERR7632697,ERR6136456,ERR7331704,2021-11-27,2021-06-17,2021-11-02,{'AY.4': 1},938942,1,-1,2147483648,7,False,1
ERR9194782,ERR8622493,ERR10711783,2022-02-25,2022-02-07,2022-03-14,{'BA.2': 1},1301416,1,-1,2147483648,3,False,1
node_189459,ERR7763196,node_189458,2021-11-09,2021-12-07,2021-11-09,{'AY.100': 2},847461,2,-1,2147483648,4,False,2
node_237330,SRR15552771,node_188794,2021-11-05,2021-07-28,2021-12-07,{'AY.118': 3},997063,4,-1,2147483648,4,False,3
ERR6888780,ERR6883156,ERR6772638,2021-09-17,2021-09-23,2021-09-06,{'AY.4': 1},608512,1,-1,2147483648,3,False,1
ERR7989628,ERR7777852,ERR11822620,2022-01-02,2021-12-10,2021-08-19,{'AY.4': 1},1077253,1,-1,2147483648,4,False,1
node_372119,ERR5221206,ERR5559290,2021-01-08,2021-01-12,2021-03-16,{'B.1.1.7': 4},102654,4,-1,2147483648,3,False,4
node_589603,ERR11079349,ERR11279606,2023-03-23,2023-02-26,2023-04-10,{'XBB.1.5.17': 2},1800971,2,1673437,10,4,True,2
node_256814,SRR20186553,ERR6653861,2021-11-10,2021-12-06,2021-08-27,{'AY.103': 18},903012,19,-1,2147483648,3,False,18
SRR16974058,SRR24229346,ERR6340775,2021-10-25,2021-10-18,2021-07-05,{'AY.100': 1},768964,1,-1,2147483648,3,False,1
node_379851,ERR11825672,node_434719,2021-03-31,2021-05-11,2021-02-14,{'B.1.1.7': 1},230492,1,-1,2147483648,6,False,1
SRR18938328,node_469754,ERR11826612,2022-03-06,2022-03-06,2022-04-04,{'BA.1.1': 1},1328580,1,-1,2147483648,4,False,1
node_189991,SRR17234997,ERR6112499,2021-10-31,2021-11-03,2021-06-08,{'B.1.617.2': 2},796783,2,-1,2147483648,4,False,2
node_237969,ERR13160747,SRR15993592,2021-08-05,2021-08-28,2021-08-25,{'AY.118': 84},463398,89,-1,2147483648,3,False,84
node_546478,ERR12782515,SRR19779216,2022-05-28,2022-06-08,2022-05-31,{'BA.2.12.1': 2},1500723,2,1500723,0,1,False,2
node_188839,SRR15920578,ERR6633394,2021-10-31,2021-08-25,2021-08-20,{'AY.118': 1},796982,1,796983,1,0,False,1
SRR16731446,SRR19435613,ERR5222825,2021-05-08,2021-03-22,2021-01-19,{'B.1.1.7': 1},284869,1,-1,2147483648,8,False,1
node_188357,ERR6317524,ERR13182720,2021-08-19,2021-07-07,2021-08-22,{'AY.4': 1},484642,1,415908,1,5,False,1
SRR15226366,SRR15157845,ERR11820931,2021-05-26,2021-05-09,2021-05-05,{'B.1.1.7': 1},302159,1,-1,2147483648,5,False,1
SRR16883640,SRR16510512,ERR7148076,2021-10-10,2021-10-07,2021-10-07,{'AY.105': 1},705900,1,705901,1,0,False,1
SRR16883439,node_236324,SRR16606479,2021-10-12,2021-10-08,2021-10-04,{'AY.39': 1},714993,1,714994,1,0,False,1
node_618766,ERR13320384,ERR12037708,2023-09-22,2023-08-24,2023-08-16,{'HK.30': 2},1855939,2,1673437,17,3,False,2
node_544290,ERR9879823,ERR10003738,2022-07-24,2022-06-15,2022-07-07,{'BA.2.12.1': 2},1589706,2,1589707,1,0,False,2
node_179837,SRR17374295,SRR15948762,2021-11-10,2021-12-13,2021-08-20,{'AY.100': 3},853352,3,853352,0,2,False,3
node_573374,ERR9403674,SRR18153187,2022-03-30,2022-03-16,2022-01-21,{'BA.2': 8},1410149,8,-1,2147483648,5,False,8
SRR16942676,SRR14906084,SRR16942680,2021-10-27,2021-06-08,2021-10-27,{'AY.44': 1},778814,1,-1,2147483648,5,False,1
node_188721,ERR11756256,ERR13153313,2021-11-06,2021-11-28,2021-07-30,{'AY.4': 1},828353,1,828354,1,0,False,1
node_646469,ERR10015527,ERR9615445,2022-07-05,2022-07-18,2022-04-02,{'BA.5.1': 3},1551694,3,1551695,1,0,False,3
node_176448,ERR6675774,ERR6922632,2021-08-31,2021-08-30,2021-09-27,{'AY.4': 2},531741,2,-1,2147483648,3,False,2
node_732434,ERR12965366,ERR10214001,2022-09-08,2022-05-17,2022-09-06,"{'CM.2': 137, 'CM.8.1': 67, 'BA.2.3.20': 155, 'CM.10': 5, 'CM.3': 7, 'CM.5.2': 8, 'CM.1': 3, 'CM.4': 37, 'CM.9': 1, 'CM.8.1.4': 1, 'CM.5': 22, 'CM.12': 2, 'CM.7.1': 3, 'CM.4.1': 4, 'CM.7': 1, 'CM.2.1': 2, 'CM.6': 1}",1658117,456,-1,2147483648,21,False,456
node_507709,node_507708,ERR11796959,2022-03-18,2022-03-18,2022-01-10,{'BA.1.1': 1},1370652,1,-1,2147483648,5,False,1
node_24910,SRR14012217,ERR10003894,2021-02-28,2021-02-08,2022-07-08,{'B.1.311': 3},176447,3,-1,2147483648,3,False,3
node_766435,ERR9655843,ERR9645612,2022-04-04,2022-04-19,2022-04-16,{'BA.2': 2},1419272,2,-1,2147483648,3,False,2
node_189490,SRR16229003,ERR6491956,2021-09-10,2021-08-30,2021-07-21,{'AY.100': 4},611352,4,-1,2147483648,3,False,4
SRR20180320,SRR20259547,ERR5946395,2021-11-26,2021-10-22,2021-05-10,{'AY.103': 1},936002,1,-1,2147483648,6,False,1
node_295143,SRR16504342,SRR17637487,2021-11-01,2021-10-08,2021-12-18,{'AY.3': 19},802466,19,-1,2147483648,3,False,19
ERR10306608,ERR9909566,ERR10015485,2022-09-16,2022-06-25,2022-07-16,{'BE.1': 1},1659442,1,1659443,1,0,False,1
node_188490,ERR11753917,ERR6571500,2021-10-16,2021-10-13,2021-08-08,{'AY.4.2': 4},167127,1241012,-1,2147483648,1,False,4
node_639421,ERR10627100,ERR10002259,2022-09-12,2022-10-14,2022-07-05,{'BA.5.1.5': 6},1428715,49685,1428716,2,1,False,6
SRR18247677,ERR13278466,SRR18815593,2022-02-15,2021-12-16,2022-01-17,{'BA.1.1.18': 1},1264611,1,-1,2147483648,1,False,1
node_338336,node_338335,ERR13156727,2021-10-13,2021-10-11,2021-08-23,{'AY.122': 2},750244,2,-1,2147483648,3,False,2
node_189596,SRR16527307,SRR16779383,2021-09-29,2021-09-27,2021-10-04,{'AY.100': 4},661432,14,-1,2147483648,3,False,4
node_266553,SRR20946578,ERR11742306,2021-12-12,2021-11-24,2021-09-11,{'AY.103': 2},1013776,2,-1,2147483648,6,False,2
node_192843,SRR15877078,SRR16568277,2021-11-20,2021-08-26,2021-09-27,{'AY.44': 1},905910,1,905911,1,0,False,1
SRR26938277,ERR13055291,SRR26415765,2023-11-07,2023-12-11,2023-10-01,{'XBB.1.16': 1},1857841,1,1857842,1,0,True,1
ERR6767281,ERR6676569,ERR6571500,2021-09-05,2021-08-29,2021-08-08,{'AY.4.2': 1},552887,1,-1,2147483648,4,False,1
node_599740,SRR23530119,ERR10667409,2023-01-07,2023-02-09,2022-11-30,"{'XBB.1.5': 22, 'XBB.1.5.48': 1, 'XBB.1.5.7': 1, 'XBB.1.5.1': 1, 'XBB.1.5.66': 1}",1702805,57052,1673437,4,1,True,26
node_198973,ERR6136456,SRR15801437,2021-09-26,2021-06-17,2021-08-19,{'AY.119.2': 2},647332,2,-1,2147483648,3,False,2
ERR6594411,ERR5339139,ERR6594415,2021-07-01,2021-02-11,2021-06-01,{'B.1.1.7': 1},346201,1,-1,2147483648,7,False,1
SRR14405342,SRR14157257,SRR16619172,2021-03-19,2021-02-25,2021-04-06,{'B.1.1.7': 1},209834,1,-1,2147483648,3,False,1
ERR4759486,ERR4422894,ERR4693828,2020-10-13,2020-04-24,2020-10-02,{'B.1.1.303': 1},44081,1,-1,2147483648,4,False,1
SRR15519020,SRR15199972,SRR15270530,2021-07-31,2021-06-25,2021-07-15,{'AY.39': 1},421979,1,-1,2147483648,4,False,1
ERR7372347,ERR6861634,ERR6762070,2021-11-01,2021-09-18,2021-09-03,{'AY.4': 1},801335,1,-1,2147483648,5,False,1
ERR12322865,ERR13077440,ERR13320567,2023-10-03,2023-10-30,2023-09-14,{'EG.10': 1},1848090,1,1848091,1,0,False,1
node_354910,ERR13160678,node_347806,2021-09-07,2021-08-22,2021-07-29,{'AY.47': 8},68,3109242,-1,2147483648,1,False,8
node_499614,ERR8489564,ERR8067439,2022-02-15,2022-01-28,2022-01-11,{'BA.1.1': 2},1263814,2,-1,2147483648,3,False,2
node_635785,ERR11177518,ERR13321815,2023-11-23,2023-03-17,2023-12-14,{'BA.2.86.1': 1},1863228,1,1854739,4,6,False,1
ERR6569478,ERR6765742,ERR6201753,2021-07-24,2021-08-24,2021-06-30,{'AY.4': 1},395994,1,-1,2147483648,5,False,1
ERR8976946,ERR9031421,ERR8976993,2021-02-17,2021-03-23,2021-03-01,{'B.1.1.7': 1},159632,1,-1,2147483648,3,False,1
node_382248,ERR13149154,ERR5398406,2021-01-27,2021-02-03,2021-02-11,{'B.1.1.7': 2},127155,2,-1,2147483648,4,False,2
node_174218,ERR12794355,ERR7292851,2021-11-13,2021-07-17,2021-10-30,{'AY.4': 10},918550,10,870473,1,0,False,10
node_68476,ERR7773999,ERR11755365,2021-11-25,2021-12-09,2021-10-20,{'AY.4': 1},929318,1,-1,2147483648,3,False,1
node_189808,SRR20938664,SRR16883472,2021-11-29,2021-11-29,2021-10-12,{'AY.119': 2},951692,2,-1,2147483648,5,False,2
node_515294,ERR11854306,ERR11847675,2022-02-16,2022-02-11,2021-12-30,{'BA.1.1': 1},1269956,1,-1,2147483648,7,False,1
node_757905,ERR9583336,ERR9413769,2022-04-21,2022-04-04,2022-03-18,{'BA.2': 2},1450937,2,-1,2147483648,4,False,2
SRR16706981,SRR23879191,ERR6837908,2021-10-04,2021-09-20,2021-09-11,{'AY.100': 1},679328,1,-1,2147483648,5,False,1
node_573739,SRR19709002,ERR12345342,2022-02-27,2022-05-20,2022-04-07,{'BA.2': 3},1306370,3,-1,2147483648,4,False,3
node_569632,ERR12937763,ERR6916756,2022-03-16,2022-04-02,2021-09-26,{'BA.2.23': 1},1362649,1,-1,2147483648,5,False,1
node_318937,SRR16527413,SRR16551214,2021-09-17,2021-09-21,2021-09-23,{'AY.44': 2},609294,2,-1,2147483648,3,False,2
ERR9232767,ERR9024011,ERR8085827,2022-01-24,2022-02-22,2022-01-13,{'BA.1.15': 1},1156914,1,-1,2147483648,3,False,1
SRR18929267,SRR18097202,ERR8993622,2022-02-22,2022-02-02,2022-02-14,{'BA.1.1': 1},1292419,1,-1,2147483648,6,False,1
node_292898,SRR15389711,ERR7274997,2021-11-14,2021-07-26,2021-10-26,{'AY.25': 5},873814,5,-1,2147483648,5,False,5
node_384547,ERR6011919,ERR5059062,2021-06-06,2021-05-27,2020-12-21,{'B.1.1.7': 2},313252,2,-1,2147483648,3,False,2
node_586861,node_586860,ERR11556708,2023-09-11,2023-09-11,2023-05-29,"{'XCT': 25, 'XCT.1': 32}",1840332,57,1840333,1,0,True,57
SRR16160965,SRR16160966,ERR12795818,2021-09-10,2021-09-10,2021-07-16,{'AY.26': 1},579352,1,-1,2147483648,3,False,1
SRR19608244,SRR25319974,SRR19608312,2022-05-25,2023-06-26,2022-05-25,{'BA.2.12.1': 1},1497622,1,-1,2147483648,2,False,1
SRR26076376,SRR24042138,ERR10511768,2023-08-27,2023-03-21,2022-11-09,{'XBB.1.5.51': 1},1835212,1,1673437,9,7,True,1
node_716688,ERR9857839,ERR10045311,2022-06-13,2022-06-08,2022-07-29,"{'BA.4.1': 2, 'BA.4.1.1': 1}",1521849,3,-1,2147483648,3,False,3
node_149146,ERR6401213,ERR7096127,2021-08-13,2021-07-25,2021-10-07,{'AY.4': 1},467217,1,-1,2147483648,10,False,1
ERR6622206,ERR13182720,ERR6200491,2021-08-17,2021-08-22,2021-06-28,{'AY.4': 1},477948,1,477949,1,0,False,1
ERR7626779,ERR7521012,ERR11822620,2021-11-25,2021-11-18,2021-08-19,{'AY.4': 1},931707,1,-1,2147483648,5,False,1
ERR8534857,ERR8309763,ERR9380129,2022-01-29,2022-01-24,2022-03-15,{'BA.2': 1},1178293,1,1178294,1,0,False,1
SRR20536005,ERR12712015,ERR12982284,2022-03-27,2022-03-29,2022-07-28,{'BA.2': 1},1400370,1,-1,2147483648,5,False,1
SRR28223188,SRR28618873,node_631599,2024-02-21,2024-03-22,2024-02-21,{'JN.1': 1},1887395,1,1854739,8,4,False,1
ERR6420083,ERR6637562,ERR12789550,2021-07-27,2021-08-03,2021-07-21,{'AY.4': 1},404362,1,-1,2147483648,3,False,1
node_423201,ERR5673428,ERR5181396,2021-04-30,2021-03-22,2021-01-04,{'B.1.1.7': 5},275919,5,-1,2147483648,3,False,5
ERR7236193,ERR7296952,ERR7320194,2021-10-19,2021-10-30,2021-10-21,{'AY.4': 1},742744,1,742745,1,0,False,1
ERR11760202,ERR11759658,ERR11759988,2021-05-31,2021-05-24,2021-05-31,{'B.1.1.7': 1},306948,1,-1,2147483648,4,False,1
node_182116,SRR17256249,SRR15948762,2021-11-11,2021-11-04,2021-08-20,{'AY.100': 2},1020512,2,859209,1,0,False,2
SRR21694577,ERR10000002,SRR21671530,2022-09-10,2022-07-05,2022-09-06,{'BA.5.5': 1},1650859,1,1650860,1,0,False,1
ERR9089705,node_567127,ERR13085022,2022-02-18,2022-03-18,2022-04-22,{'BA.2': 1},1275844,1,-1,2147483648,2,False,1
ERR4248312,node_6124,ERR4082498,2020-05-06,2021-01-22,2020-04-07,{'B.1': 1},14481,1,-1,2147483648,8,False,1
SRR16659958,SRR16376103,SRR16780609,2021-09-29,2021-10-07,2021-10-07,{'AY.100': 1},661422,9,-1,2147483648,3,False,1
SRR20682810,SRR20136282,ERR10000870,2022-07-07,2022-06-17,2022-07-05,{'BA.2': 1},1558241,1,1558242,1,0,False,1
node_204806,node_205131,node_188258,2021-08-29,2021-08-26,2021-08-31,{'AY.126': 40},586781,43,-1,2147483648,6,False,40
SRR19978793,SRR16593879,ERR5946395,2021-11-20,2021-09-30,2021-05-10,{'AY.44': 1},905952,1,-1,2147483648,4,False,1
node_182280,SRR16987447,SRR15391634,2021-10-20,2021-10-13,2021-07-22,{'AY.100': 2},749080,2,749081,1,0,False,2
ERR9977741,ERR9852729,SRR21145273,2022-07-10,2022-06-07,2022-06-22,{'BF.1': 1},1563386,1,1428716,12,4,False,1
node_623417,ERR11556784,SRR26456331,2023-04-25,2023-05-28,2023-10-07,{'XBB.1.16': 1},1815659,1,1815660,1,0,True,1
SRR16747377,SRR16613082,SRR14398952,2021-03-11,2021-03-02,2021-03-14,{'B.1.2': 1},194197,1,-1,2147483648,4,False,1
SRR18821035,SRR13373852,SRR17363986,2020-11-16,2020-11-01,2020-12-12,{'B.1.2': 1},65285,1,-1,2147483648,7,False,1
node_615401,ERR8547114,ERR10482205,2022-12-06,2022-01-30,2022-11-04,{'XBB.1': 2},1718759,2,1673437,4,5,True,2
ERR6884448,ERR6828192,node_188264,2021-09-16,2021-09-13,2021-09-16,{'AY.126': 1},604010,1,604011,1,0,False,1
node_556647,ERR9482379,SRR19951841,2022-03-03,2022-03-23,2022-06-07,{'BA.2.12': 2},1318674,3,-1,2147483648,4,False,2
node_116446,ERR11753927,ERR6135892,2021-08-11,2021-10-13,2021-06-19,{'AY.4': 2},461202,2,-1,2147483648,3,False,2
SRR20179733,SRR20951723,SRR20227671,2021-11-24,2021-11-16,2021-10-29,{'AY.3': 1},927041,1,-1,2147483648,4,False,1
SRR23895919,ERR10366050,SRR23358612,2023-02-23,2022-09-26,2023-01-23,{'BQ.1.1.18': 1},1778387,1,1428716,14,7,False,1
ERR7651993,ERR11756213,ERR7791288,2021-11-29,2021-11-28,2021-12-11,{'AY.4.2': 1},948819,1,-1,2147483648,3,False,1
ERR6778160,ERR11534037,ERR6675719,2021-09-09,2022-06-13,2021-08-30,{'AY.4': 1},569731,1,-1,2147483648,4,False,1
node_189379,SRR17077972,node_189377,2021-11-09,2021-11-10,2021-10-16,{'AY.100': 12},847348,16,730996,2,4,False,12
ERR9020297,ERR8630079,ERR9085156,2022-02-21,2022-02-07,2022-02-13,{'BA.1.1.15': 1},1288479,1,-1,2147483648,4,False,1
SRR19757247,node_530138,SRR18813421,2022-01-13,2022-01-13,2022-02-04,{'BA.1.17.2': 1},1107388,1,-1,2147483648,5,False,1
node_644392,SRR21450998,ERR9967547,2022-08-16,2022-08-22,2022-07-04,{'BA.5.1': 2},1622896,2,1428716,5,6,False,2
SRR22326209,SRR22991771,ERR10770289,2022-10-28,2022-12-04,2022-12-29,{'BQ.1.1': 1},1699015,1,1428716,12,4,False,1
node_360607,ERR6378750,ERR11742086,2021-07-17,2021-07-19,2021-08-21,{'AY.8': 19},375072,19,-1,2147483648,3,False,19
node_436962,SRR18380134,node_445305,2022-01-15,2022-02-14,2022-02-02,{'BA.1.15.1': 3},926284,38012,-1,2147483648,1,False,3
SRR20259160,node_360037,SRR15864294,2021-10-21,2021-10-21,2021-08-16,{'B.1.617.2': 1},752885,1,-1,2147483648,7,False,1
node_329649,SRR15945085,SRR15982499,2021-10-25,2021-09-03,2021-08-31,{'AY.44': 11},997310,11,769290,1,0,False,11
ERR7367909,ERR7284814,ERR6440908,2021-11-05,2021-10-26,2021-07-26,{'AY.4': 1},823805,1,-1,2147483648,7,False,1
ERR7040299,ERR6934563,ERR6602313,2021-09-21,2021-09-29,2021-08-23,{'AY.4': 1},626557,1,-1,2147483648,3,False,1
SRR20186850,SRR17251089,SRR15199972,2021-12-04,2021-11-17,2021-06-25,{'AY.39': 1},978193,1,-1,2147483648,1,False,1
ERR6342716,node_46557,ERR6309151,2021-07-07,2021-07-31,2021-07-02,{'B.1.617.2': 1},355881,1,-1,2147483648,7,False,1
SRR16706564,SRR15446330,SRR16766068,2021-10-02,2021-07-24,2021-10-06,{'AY.25': 1},672011,1,-1,2147483648,3,False,1
node_48192,SRR17235066,ERR11821247,2021-07-31,2021-10-26,2021-10-26,{'AY.112.2': 174},167127,1241012,-1,2147483648,1,False,174
node_236967,SRR15199724,SRR20247188,2021-10-11,2021-06-30,2021-10-27,{'AY.118': 4},709136,5,-1,2147483648,3,False,4
SRR15875404,SRR15554140,ERR13160860,2021-08-20,2021-08-04,2021-09-06,{'AY.103': 1},488206,1,488207,1,0,False,1
node_783031,ERR13159904,node_783030,2021-05-07,2021-07-17,2021-05-07,{'P.1': 2},132045,6003,-1,2147483648,1,False,2
node_271774,node_271768,ERR12840515,2021-10-23,2021-09-13,2021-10-28,{'AY.103': 1},761308,1,-1,2147483648,5,False,1
SRR23381138,ERR10706406,SRR23318716,2023-01-11,2022-12-07,2023-01-13,{'BQ.1.1': 1},1745214,1,1428716,12,4,False,1
node_769318,ERR9327656,ERR9025168,2022-03-03,2022-03-09,2022-02-22,{'BA.2': 3},1317822,3,-1,2147483648,3,False,3
node_486015,SRR18799636,ERR8134291,2022-02-06,2022-01-24,2022-01-17,{'BA.1.1.14': 3},1218056,3,-1,2147483648,4,False,3
SRR22117621,SRR19910992,ERR10003894,2022-10-15,2022-06-03,2022-07-08,{'BA.5.2.1': 1},1688484,1,1428716,9,7,False,1
SRR25642961,SRR25642990,SRR25207923,2023-07-28,2023-07-24,2023-06-22,{'XBB.2.3': 1},1828106,1,1828107,1,0,True,1
ERR9867451,ERR12255260,ERR10395233,2022-06-07,2022-04-07,2022-09-27,{'BA.4': 1},1512674,1,-1,2147483648,0,False,1
node_305716,SRR15387832,node_311311,2021-08-26,2021-07-26,2021-09-05,{'AY.3': 3},511161,3,-1,2147483648,5,False,3
SRR14393852,node_407330,SRR14397656,2021-03-31,2021-03-11,2021-03-21,{'B.1.1.7': 1},231021,1,-1,2147483648,5,False,1
ERR7240378,ERR5946395,ERR7303692,2021-09-23,2021-05-10,2021-09-20,{'AY.4': 1},635428,1,-1,2147483648,5,False,1
node_436925,ERR5219736,ERR5026579,2021-02-02,2021-01-15,2020-12-10,{'B.1.1': 3},136674,3,136674,0,3,False,3
node_527727,node_527726,ERR8498805,2022-01-01,2022-01-01,2022-01-30,{'BA.1.17.2': 2},871714,424062,-1,2147483648,0,False,2
ERR8757593,ERR7894706,ERR8294984,2022-02-13,2021-12-24,2022-01-22,{'BD.1': 1},1253288,1,-1,2147483648,6,False,1
ERR13045072,node_626175,SRR23728611,2023-03-19,2023-03-19,2023-02-18,{'FL.8': 1},1797384,1,1673437,8,4,False,1
node_435770,ERR5440058,ERR5174575,2021-02-23,2021-02-28,2020-12-21,{'B.1.1.7': 3},168003,3,-1,2147483648,3,False,3
node_545605,ERR9989273,SRR19719274,2022-06-03,2022-07-11,2022-05-23,{'BA.2.12.1': 4},1507761,4,1507761,0,0,False,4
ERR6765462,ERR6758685,ERR11756631,2021-08-14,2021-08-13,2021-12-02,{'AY.4': 1},470347,1,-1,2147483648,6,False,1
node_189125,SRR15199972,SRR20258596,2021-10-28,2021-06-25,2021-10-17,{'AY.39': 1},784099,1,784100,1,0,False,1
node_71038,ERR6771533,SRR16898335,2021-09-18,2021-09-06,2021-10-17,{'AY.4': 39},612322,39,-1,2147483648,3,False,39
node_189359,SRR15518829,SRR16636880,2021-10-06,2021-07-30,2021-10-03,{'AY.100': 14},687551,14,-1,2147483648,3,False,14
ERR8289112,ERR8551627,ERR8768244,2022-01-23,2022-02-02,2022-02-15,{'BA.1.17.2': 1},1150427,1,-1,2147483648,3,False,1
node_147758,node_188644,ERR6307667,2021-08-23,2021-08-26,2021-07-02,{'AY.4': 3},498519,3,-1,2147483648,4,False,3
ERR7170636,ERR6512694,ERR6649245,2021-10-16,2021-08-05,2021-08-24,{'AY.4': 1},729186,1,-1,2147483648,5,False,1
SRR15983729,SRR16062991,SRR16384916,2021-09-03,2021-08-25,2021-09-20,{'AY.3.1': 1},547487,1,547488,1,0,False,1
ERR6629362,ERR6387573,SRR20258542,2021-08-08,2021-07-22,2021-10-15,{'AY.4': 1},451845,1,451846,1,0,False,1
node_420536,ERR5175948,ERR5238215,2021-03-14,2020-12-25,2021-01-20,{'B.1.1.7': 8},212164,8,-1,2147483648,3,False,8
node_695277,ERR9346214,ERR10425322,2022-12-29,2022-03-10,2022-10-10,{'BF.7.19': 2},1734538,2,1428716,10,6,False,2
ERR10901509,SRR24748995,ERR10002259,2023-02-03,2023-03-31,2022-07-05,{'EH.1': 1},1758878,1,1428716,17,4,False,1
ERR8035884,ERR7920081,ERR8693223,2022-01-08,2021-12-26,2022-02-12,{'BA.1.17.2': 1},1092905,1,1092906,1,0,False,1
ERR6451662,ERR6322711,ERR6331868,2021-07-29,2021-07-08,2021-07-09,{'AY.8': 1},411565,1,411566,1,0,False,1
SRR15391519,SRR15200010,SRR16073687,2021-07-16,2021-06-24,2021-07-14,{'AY.114': 1},374022,1,323645,3,4,False,1
SRR27852050,SRR27417300,ERR12385547,2024-01-16,2023-12-17,2023-11-09,{'JN.1': 1},1879493,1,1854739,9,7,False,1
SRR14521437,SRR14395976,ERR5190060,2021-04-13,2021-03-27,2021-01-12,{'B.1.1.7': 1},254613,1,-1,2147483648,7,False,1
SRR24374323,SRR24795561,ERR10910673,2023-03-26,2023-05-17,2023-02-04,{'XBB.1.5': 1},1802839,1,1673437,8,6,True,1
node_368161,SRR12528735,SRR12753367,2020-08-15,2020-07-14,2020-08-12,{'D.2': 1},28589,1,-1,2147483648,3,False,1
ERR5747822,ERR5677901,ERR6625663,2021-03-29,2021-03-25,2021-08-24,{'B.1.1.7': 1},226843,1,-1,2147483648,3,False,1
node_94315,ERR11755166,ERR11754052,2021-11-30,2021-10-20,2021-10-13,{'AY.4.2': 2},955398,2,955399,1,0,False,2
ERR10618774,ERR10088999,ERR10163637,2022-11-11,2022-08-08,2022-08-26,{'BA.5.2': 1},1706440,1,1706441,1,0,False,1
node_188908,SRR15875971,SRR16527097,2021-09-13,2021-08-21,2021-09-27,{'AY.39.1': 1},591329,1,-1,2147483648,4,False,1
ERR6526623,ERR6532346,ERR5920882,2021-08-10,2021-08-11,2021-05-02,{'B.1.617.2': 1},457281,1,-1,2147483648,2,False,1
SRR20953745,SRR19294290,SRR16527647,2021-11-09,2021-11-14,2021-09-28,{'AY.113': 1},847327,2,373989,3,5,False,1
ERR10296907,ERR10000720,SRR21031839,2022-09-16,2022-07-01,2022-07-25,{'BA.5.1': 1},1659399,1,1428716,4,3,False,1
ERR7343200,ERR6136456,ERR6861560,2021-09-27,2021-06-17,2021-09-19,{'AY.4': 1},650887,1,-1,2147483648,3,False,1
SRR16566229,SRR16239876,ERR7173066,2021-09-24,2021-09-15,2021-10-17,{'AY.3': 1},641486,1,-1,2147483648,4,False,1
node_503247,SRR17650978,ERR9003714,2021-12-16,2021-12-18,2022-02-19,{'BA.1.13.1': 1},1032521,1,-1,2147483648,10,False,1
SRR21343988,SRR20390217,node_487139,2022-03-31,2022-03-07,2022-03-08,{'BA.1.1': 1},1411773,1,-1,2147483648,4,False,1
node_619904,ERR13075922,ERR10839854,2023-09-01,2023-10-23,2023-01-25,{'EG.5.1.4': 7},1837189,7,1673437,14,6,False,7
SRR20259749,SRR16837302,ERR6633085,2021-10-22,2021-10-14,2021-08-27,{'AY.118': 1},757025,1,-1,2147483648,8,False,1
node_642311,ERR10000401,SRR21889867,2022-08-28,2022-07-06,2022-09-30,"{'BA.5.1': 8, 'BA.5.2': 1, 'BA.5.1.15': 1}",1428715,49685,1428716,2,1,False,10
node_189138,SRR16260674,SRR16780615,2021-10-28,2021-09-20,2021-10-07,{'AY.39': 1},784059,1,719277,1,6,False,1
SRR16237908,node_321884,SRR21182802,2021-09-10,2021-10-31,2021-11-07,{'AY.44': 1},577019,1,-1,2147483648,4,False,1
SRR22059748,ERR10020874,SRR21119340,2022-10-09,2022-07-19,2022-08-07,{'BF.11': 1},1682177,1,1682178,1,0,False,1
ERR7230989,ERR6914173,ERR6492325,2021-10-11,2021-09-24,2021-08-07,{'AY.4': 1},708261,1,-1,2147483648,7,False,1
node_589501,node_615322,ERR11079349,2023-03-17,2022-11-14,2023-02-26,"{'XBB.1.5.4': 1, 'XBB.1.5': 1}",1702805,57052,1673437,4,1,True,2
node_188903,SRR15557155,SRR15199972,2021-08-12,2021-08-03,2021-06-25,{'AY.39.1': 6},618779,7,-1,2147483648,4,False,6
node_189498,ERR6491956,SRR16843698,2021-10-12,2021-07-21,2021-10-14,{'AY.100': 1},715151,1,-1,2147483648,5,False,1
ERR5686734,ERR5175948,ERR5425959,2021-03-25,2020-12-25,2021-02-23,{'B.1.1.7': 1},220587,1,-1,2147483648,3,False,1
SRR23709688,SRR24270180,ERR11079349,2023-02-10,2023-04-11,2023-02-26,{'XBB.1.5.20': 1},1764345,1,1673437,8,6,True,1
node_198549,node_189904,SRR15857067,2021-10-26,2021-11-11,2021-08-24,{'AY.119.2': 9},861677,10,-1,2147483648,3,False,9
SRR20250362,SRR17102808,ERR6820250,2021-11-11,2021-11-12,2021-09-16,{'AY.25': 1},859182,1,-1,2147483648,3,False,1
node_564951,ERR8552922,SRR19746245,2022-02-19,2022-02-03,2022-05-31,{'BA.2': 2},1278138,2,-1,2147483648,4,False,2
ERR10306394,ERR10187691,ERR10002259,2022-09-19,2022-08-30,2022-07-05,{'BA.5.1.30': 1},1662863,1,1428716,9,4,False,1
node_701862,ERR10088774,ERR12973749,2022-09-14,2022-08-09,2022-08-15,{'BA.5.2': 6},1657582,6,1657582,0,2,False,6
SRR15554369,ERR12844852,ERR7311971,2021-08-04,2021-11-07,2021-10-12,{'AY.122': 1},436008,1,-1,2147483648,4,False,1
node_271238,ERR6442517,SRR16697768,2021-10-11,2021-07-29,2021-10-04,{'AY.103': 1},709749,1,709750,1,0,False,1
SRR14381406,SRR14356175,ERR5452671,2021-03-30,2021-04-17,2021-01-27,{'B.1.1.7': 1},228930,1,-1,2147483648,5,False,1
SRR21346944,node_461962,SRR18784931,2022-03-20,2022-03-20,2022-03-09,{'BA.1.1': 1},1376175,1,-1,2147483648,5,False,1
ERR9397147,ERR8671268,ERR10004575,2022-03-14,2022-02-08,2022-04-22,{'BA.1': 1},1355988,1,1355989,1,0,False,1
ERR9940303,ERR12982208,ERR9821533,2022-06-26,2022-07-30,2022-05-21,{'BA.5.1': 1},1538348,1,1538349,1,0,False,1
node_518432,ERR10039713,ERR11837995,2022-01-07,2022-01-03,2022-01-18,{'BA.1': 3},1091702,4,-1,2147483648,4,False,3
node_188589,ERR13182720,ERR11754914,2021-10-14,2021-08-22,2021-10-19,{'AY.4': 1},721563,1,-1,2147483648,3,False,1
node_140099,ERR12822087,ERR11763085,2021-10-08,2021-09-08,2021-11-21,{'AY.4.14': 14},750291,14,-1,2147483648,4,False,14
ERR8196091,SRR18098309,ERR7898480,2021-12-22,2022-01-03,2021-12-25,{'BA.1.17.2': 1},1050850,1,-1,2147483648,5,False,1
ERR9338872,ERR12118342,ERR8114598,2022-03-10,2022-04-07,2022-01-13,{'BA.1.1': 1},1343155,1,-1,2147483648,3,False,1
node_610178,ERR13047738,ERR13051122,2023-10-23,2023-10-09,2023-11-06,{'XBB.1.16.6': 2},1853431,2,1673437,19,6,True,2
node_222570,ERR7191800,ERR6105556,2021-11-12,2021-10-20,2021-06-09,{'AY.43': 2},862090,2,-1,2147483648,5,False,2
node_188479,node_188475,ERR6925600,2021-10-09,2021-10-09,2021-09-28,{'AY.4.2': 1},701374,1,-1,2147483648,8,False,1
ERR8120452,ERR8088684,SRR18434571,2022-01-16,2022-01-14,2022-03-11,{'BA.1.16': 1},1116412,1,-1,2147483648,5,False,1
node_620442,SRR27366042,ERR11924068,2023-11-14,2023-10-10,2023-08-09,{'HV.1': 2},1860600,2,1673437,17,5,False,2
node_184721,SRR20259180,ERR11827861,2021-09-23,2021-10-21,2021-11-09,{'AY.100': 1},637512,1,-1,2147483648,3,False,1
node_63646,ERR6600389,ERR6549404,2021-08-05,2021-08-22,2021-08-13,{'AY.4': 3},441269,3,-1,2147483648,3,False,3
ERR12540034,ERR10003934,ERR10000054,2022-07-20,2022-07-08,2022-07-05,{'BA.4': 1},1583142,1,1583143,1,0,False,1
SRR15352954,SRR15391396,SRR16318274,2021-07-16,2021-07-22,2021-08-09,{'AY.3': 1},373964,1,373965,1,0,False,1
SRR17060468,SRR16067566,ERR6598739,2021-10-13,2021-09-08,2021-08-22,{'AY.44': 1},719401,1,-1,2147483648,3,False,1
SRR21266675,SRR17269878,ERR6492325,2021-12-08,2021-11-01,2021-08-07,{'AY.42': 1},1002451,1,1002452,1,0,False,1
node_691397,SRR21716352,ERR10457951,2022-10-06,2022-09-13,2022-10-18,{'BA.5.2.1': 1},1679594,1,1428716,9,3,False,1
ERR7791931,ERR7538132,ERR12789550,2021-12-10,2021-11-21,2021-07-21,{'AY.4.2.2': 1},1007316,1,-1,2147483648,3,False,1
ERR7157064,ERR11754995,ERR7682786,2021-10-07,2021-10-18,2021-11-25,{'AY.4.2': 1},690703,1,-1,2147483648,3,False,1
node_542749,SRR18234136,ERR8648034,2022-02-24,2022-02-18,2022-02-08,{'BA.1.18': 1},1298140,1,-1,2147483648,4,False,1
SRR20258706,SRR16829600,SRR15993895,2021-10-18,2021-10-06,2021-08-23,{'AY.107': 1},739424,1,-1,2147483648,4,False,1
node_135286,ERR7159679,ERR7236271,2021-10-20,2021-10-12,2021-10-11,{'AY.4': 2},827926,2,708329,2,3,False,2
node_232046,SRR16859979,SRR20116093,2021-09-28,2021-09-19,2021-12-02,{'AY.39': 4},754424,4,656179,1,0,False,4
node_342566,ERR7235307,ERR7442031,2021-12-02,2021-10-20,2021-11-19,{'AY.122': 3},967021,3,-1,2147483648,3,False,3
node_581340,ERR10757212,node_580751,2022-12-28,2022-12-20,2022-12-28,{'BN.1.3.1': 2},1738875,2,-1,2147483648,3,False,2
node_484265,ERR9109466,SRR18235420,2022-02-18,2022-02-24,2022-02-19,{'BA.1.1': 2},1276212,2,-1,2147483648,3,False,2
node_412691,ERR6709168,ERR5467662,2021-04-16,2021-05-03,2021-03-01,{'B.1.1.7': 71},259308,71,259308,0,0,False,71
SRR16530987,SRR15708593,ERR4759554,2021-10-04,2021-08-19,2020-10-10,{'AY.4': 1},678742,1,-1,2147483648,4,False,1
ERR6367402,ERR11757164,ERR6076282,2021-07-14,2021-12-03,2021-06-04,{'AY.4': 1},368128,1,-1,2147483648,4,False,1
node_134704,node_72646,ERR6605904,2021-09-17,2021-10-13,2021-08-25,{'AY.4': 1},607937,1,607938,1,0,False,1
node_189388,SRR15391634,SRR17125420,2021-11-26,2021-07-22,2021-11-07,{'AY.100': 1},936011,1,-1,2147483648,7,False,1
SRR21889419,SRR23319161,SRR22296028,2022-09-26,2022-09-26,2022-10-29,{'BA.5.2.1': 1},1670481,1,1428716,7,7,False,1
node_202194,SRR15290506,SRR16941851,2021-07-20,2021-07-17,2021-10-25,{'AY.119': 2},384045,2,-1,2147483648,5,False,2
ERR13039470,ERR13052729,ERR10804812,2023-01-02,2023-01-09,2023-01-04,{'CH.1.1.25': 1},1736706,1,-1,2147483648,4,False,1
SRR20259351,SRR20234595,node_189559,2021-10-22,2021-11-03,2021-10-22,{'AY.100': 1},756995,1,-1,2147483648,1,False,1
SRR20118601,ERR12902194,SRR19724579,2022-06-13,2022-02-06,2022-05-27,{'BA.2': 1},3270943,1,-1,2147483648,0,False,1
node_137011,ERR7027527,ERR6492325,2021-10-20,2021-10-02,2021-08-07,{'AY.4': 2},747219,2,747219,0,2,False,2
node_443945,ERR7988978,ERR13163895,2022-02-07,2022-01-03,2021-12-10,{'BA.1.15': 1},1224627,1,-1,2147483648,7,False,1
SRR22472469,SRR22382696,ERR12754384,2022-11-02,2022-10-28,2022-04-19,{'BA.5.1': 1},1702418,1,1428716,8,3,False,1
node_590467,ERR10864016,ERR10933961,2023-01-15,2023-01-29,2023-02-16,"{'XBB.1.5': 3, 'FD.4': 4}",1702805,57052,1673437,4,1,True,7
SRR16688308,SRR16837715,ERR11764426,2021-10-20,2021-10-13,2021-12-05,{'AY.3': 1},747961,1,-1,2147483648,7,False,1
node_486104,ERR7754967,SRR18771965,2022-02-21,2021-12-07,2022-02-17,{'BA.1.1.14': 1},3054925,1,-1,2147483648,0,False,1
node_189085,SRR16008033,SRR20234286,2021-08-04,2021-09-07,2021-11-01,{'AY.39': 1},438707,1,-1,2147483648,1,False,1
node_34224,ERR5178990,ERR4569850,2020-11-06,2020-12-29,2020-08-25,{'B.1.177.7': 1},57918,1,-1,2147483648,3,False,1
SRR26976422,SRR28104647,SRR21197858,2023-11-17,2023-10-05,2022-08-10,{'HV.1': 1},1860929,1,1673437,17,4,False,1
ERR7154343,ERR11754911,ERR7149087,2021-10-05,2021-10-19,2021-09-27,{'AY.4.2.1': 1},684303,1,-1,2147483648,4,False,1
node_698591,ERR10020874,ERR10425664,2022-11-08,2022-07-19,2022-10-04,{'BF.11': 2},1704943,2,1428716,8,5,False,2
ERR6421583,ERR11754179,ERR6399886,2021-07-28,2021-10-15,2021-07-25,{'AY.5': 1},407878,1,407879,1,0,False,1
node_783859,ERR13149512,ERR13158624,2021-08-28,2021-04-21,2021-06-13,{'P.1.2': 2},521329,2,-1,2147483648,4,False,2
ERR6633394,ERR6464471,node_188839,2021-08-20,2021-07-31,2021-10-31,{'AY.4': 1},487246,1,-1,2147483648,4,False,1
node_180497,SRR16551099,SRR17235074,2021-09-28,2021-09-23,2021-10-07,{'AY.100': 23},672795,71,656259,1,0,False,23
node_620221,SRR27417176,ERR11924094,2023-09-04,2023-12-14,2023-08-11,{'EG.5.1': 12},1839306,12,1673437,11,5,False,12
ERR13015334,SRR21670099,ERR10005513,2022-09-06,2022-09-06,2022-07-19,{'BE.1.4': 1},1648208,1,1428716,8,8,False,1
SRR16884218,SRR16782118,SRR16829649,2021-10-14,2021-10-13,2021-10-09,{'AY.103': 1},723290,1,-1,2147483648,5,False,1
ERR9305777,ERR7794974,ERR8160926,2022-03-07,2021-12-12,2022-01-20,{'BA.1.15': 1},1331165,1,-1,2147483648,3,False,1
SRR21571173,SRR21197379,ERR12752656,2022-08-30,2022-08-08,2022-05-08,{'BA.5.1': 1},1639744,1,1428716,7,3,False,1
SRR23891896,node_670896,ERR10779493,2022-10-03,2023-01-23,2023-01-03,{'BQ.1': 1},1677007,1,1428716,10,5,False,1
SRR20251880,SRR17117565,ERR6440908,2021-11-11,2021-11-01,2021-07-26,{'AY.3.1': 1},859519,1,-1,2147483648,7,False,1
SRR20116311,SRR15445985,SRR16883833,2021-12-02,2021-07-29,2021-10-13,{'AY.3': 1},968940,1,-1,2147483648,3,False,1
SRR20259325,SRR16659951,SRR16510448,2021-10-22,2021-09-29,2021-10-07,{'AY.26': 1},756987,1,-1,2147483648,3,False,1
node_197713,SRR16793175,ERR13153313,2021-11-26,2021-10-06,2021-07-30,{'AY.121': 9},954139,11,-1,2147483648,3,False,9
SRR16328596,node_190915,SRR19045749,2021-09-07,2021-09-07,2021-12-26,{'AY.114': 1},560802,3,-1,2147483648,6,False,1
node_172882,ERR11761456,ERR6886715,2021-08-08,2021-07-06,2021-09-19,{'AY.4.7': 6},453136,7,-1,2147483648,5,False,6
SRR19931915,node_211799,ERR6840673,2021-11-04,2021-11-04,2021-09-03,{'AY.5.3': 1},820523,1,-1,2147483648,4,False,1
ERR10770652,ERR10771547,SRR24270147,2022-12-23,2023-01-03,2023-04-10,{'DV.6': 1},1730839,1,-1,2147483648,4,False,1
SRR21039681,ERR10089088,ERR10079823,2022-07-25,2022-08-09,2022-08-02,{'BA.2.75': 1},1591341,1,1591342,1,2,False,1
node_179387,SRR20178980,ERR7669538,2021-11-09,2021-11-28,2021-12-03,{'AY.100': 36},855915,36,-1,2147483648,3,False,36
SRR16383990,SRR16383989,ERR6571333,2021-09-20,2021-09-20,2021-08-18,{'AY.44': 1},622277,1,-1,2147483648,6,False,1
node_153674,ERR6886412,ERR6106055,2021-07-29,2021-09-17,2021-06-08,{'AY.4': 18},539570,18,-1,2147483648,5,False,18
node_234721,SRR20188691,SRR16307570,2021-10-15,2021-12-07,2021-09-14,{'AY.39': 4},727865,4,-1,2147483648,3,False,4
SRR20177967,SRR20232560,ERR6840673,2021-11-13,2021-11-02,2021-09-03,{'AY.103': 1},869626,1,-1,2147483648,5,False,1
SRR20938013,ERR6600389,SRR19294164,2021-12-06,2021-08-22,2021-11-09,{'AY.39': 1},988863,1,-1,2147483648,4,False,1
ERR9077528,ERR9132575,ERR12750946,2022-02-21,2022-02-25,2022-04-29,{'BA.2': 1},1286537,1,-1,2147483648,3,False,1
node_188451,ERR7307518,ERR11755938,2021-10-20,2021-10-23,2021-11-26,{'AY.4.2.1': 3},747827,3,747827,0,0,False,3
node_256819,SRR17155360,SRR23003253,2021-11-23,2021-11-16,2021-11-29,{'AY.103': 1},921432,1,-1,2147483648,3,False,1
node_531073,ERR11795951,node_531072,2022-03-20,2022-01-02,2022-03-20,{'BA.1.17': 1},1374549,1,1374550,1,0,False,1
node_326627,SRR19932950,ERR7745250,2021-09-13,2021-12-23,2021-07-28,{'AY.44': 3},349223,2077,-1,2147483648,1,False,3
node_326281,SRR15230181,SRR16923819,2021-11-17,2021-06-15,2021-11-03,{'AY.44': 2},890121,2,-1,2147483648,4,False,2
SRR19279475,SRR16901703,SRR16899351,2021-11-04,2021-10-20,2021-10-19,{'AY.44': 1},820150,1,820151,1,0,False,1
SRR15893851,node_192244,SRR15916348,2021-07-26,2021-07-26,2021-08-11,{'AY.107': 1},403075,2,-1,2147483648,5,False,1
ERR7047712,ERR7235648,ERR6568434,2021-10-03,2021-10-18,2021-08-08,{'AY.4.2.2': 1},673618,1,-1,2147483648,4,False,1
SRR16899147,SRR16856582,ERR11820697,2021-10-21,2021-10-18,2021-07-11,{'AY.26': 1},752435,1,-1,2147483648,1,False,1
SRR15954459,SRR14811939,ERR4238502,2021-06-21,2021-05-16,2020-05-08,{'B.1.637': 1},329169,1,-1,2147483648,5,False,1
SRR20933281,SRR19715887,SRR20883802,2022-07-10,2022-05-22,2022-07-14,{'BA.5.6': 1},1562992,1,1428716,7,5,False,1
ERR13126176,ERR12781803,ERR11781188,2022-04-24,2022-07-06,2022-03-29,{'BA.2.9.1': 1},1456229,1,-1,2147483648,4,False,1
node_195798,ERR7359196,ERR13145224,2021-11-04,2021-11-05,2021-10-12,{'AY.109': 62},818856,144,-1,2147483648,2,False,62
ERR9909528,ERR12535719,ERR10003894,2022-06-24,2022-07-03,2022-07-08,{'BA.4': 1},1536305,1,-1,2147483648,4,False,1
node_580736,ERR11255248,ERR10673129,2022-12-05,2023-03-20,2022-12-04,{'BN.1.4.1': 34},1721837,34,-1,2147483648,10,False,34
node_124544,ERR6456657,ERR6701329,2021-07-26,2021-07-29,2021-08-23,{'AY.4': 87},422880,88,-1,2147483648,3,False,87
node_663847,ERR10779489,SRR22807821,2022-12-23,2023-01-04,2022-11-20,{'BQ.1': 3},1730943,3,1730944,1,0,False,3
node_175950,SRR20117048,ERR7239898,2021-12-06,2021-12-13,2021-10-16,{'AY.4': 2},988668,2,727448,3,3,False,2
ERR6777285,ERR6777378,ERR11753702,2021-09-09,2021-09-09,2021-10-17,{'AY.4.2': 1},569322,1,-1,2147483648,3,False,1
node_452798,ERR7903340,ERR7842854,2022-01-04,2021-12-26,2021-12-16,{'BA.1.16': 19},1081787,19,-1,2147483648,3,False,19
ERR7409291,node_154026,ERR7149837,2021-11-08,2021-10-28,2021-10-10,{'AY.4': 1},842187,1,-1,2147483648,3,False,1
node_189814,SRR20144768,SRR20229247,2021-12-07,2021-12-03,2021-10-27,{'AY.119': 2},995212,2,995213,1,0,False,2
node_112912,ERR6319867,ERR7309470,2021-10-31,2021-07-08,2021-10-18,{'AY.4.2': 2},796331,2,-1,2147483648,3,False,2
SRR29023076,SRR14152463,node_434719,2021-04-23,2021-03-16,2021-02-14,{'B.1.1.7': 1},268515,1,-1,2147483648,5,False,1
SRR14330552,SRR13971811,ERR5392706,2021-04-07,2021-01-04,2021-02-19,{'B.1.427': 1},244868,1,-1,2147483648,4,False,1
node_614475,ERR13048372,ERR12044294,2023-11-16,2023-09-11,2023-06-06,"{'XDA': 97, 'XDA.1': 8}",1863208,105,1863208,0,4,True,105
ERR9763372,ERR9730711,ERR12752656,2022-04-26,2022-04-25,2022-05-08,{'BA.2': 1},1459577,1,-1,2147483648,5,False,1
node_360539,ERR6322711,ERR7504151,2021-07-26,2021-07-08,2021-11-10,{'AY.8': 5},400880,5,-1,2147483648,4,False,5
SRR15993772,SRR16153410,SRR15394781,2021-08-25,2021-09-01,2021-07-27,{'AY.119': 1},506391,1,-1,2147483648,4,False,1
ERR8671006,ERR8569017,ERR8286813,2022-02-09,2022-02-04,2022-01-21,{'BA.1.1': 1},1234543,1,-1,2147483648,4,False,1
node_461153,ERR10039713,SRR18575057,2022-03-07,2022-01-03,2022-02-25,{'BA.1': 1},1333438,1,-1,2147483648,2,False,1
node_203560,SRR16836270,SRR20250753,2021-11-05,2021-10-11,2021-11-11,{'AY.34.1': 8},615067,182,-1,2147483648,1,False,8
node_183128,SRR20227524,ERR6058231,2021-11-02,2021-10-31,2021-06-04,{'AY.100': 2},808538,2,-1,2147483648,8,False,2
ERR9926825,ERR11795131,ERR12749433,2022-06-30,2021-12-20,2022-06-30,{'BA.2': 1},1543948,1,1543949,1,0,False,1
ERR9012818,ERR8768712,ERR9197841,2022-02-22,2022-02-17,2022-02-25,{'BA.1.1': 1},1289582,1,-1,2147483648,4,False,1
node_189931,ERR13182720,SRR20767520,2021-10-19,2021-08-22,2021-10-26,{'AY.119': 2},744542,2,-1,2147483648,3,False,2
ERR12754384,ERR12750205,SRR23953549,2022-04-19,2022-04-25,2023-03-06,{'BA.2': 1},1447599,2,-1,2147483648,7,False,1
node_544162,ERR8556749,ERR12933584,2022-05-31,2022-01-31,2022-03-06,{'BA.2': 2},1503567,2,1133051,4,4,False,2
node_538127,SRR18799837,SRR19258200,2022-03-06,2022-01-21,2021-12-21,{'BA.1.20': 2},1328632,2,-1,2147483648,5,False,2
SRR16706536,SRR16067801,ERR13153313,2021-10-03,2021-09-14,2021-07-30,{'AY.117': 1},675019,1,675020,1,0,False,1
ERR7011299,ERR5764201,ERR6728823,2021-09-15,2021-04-15,2021-09-04,{'AY.5': 1},599744,1,-1,2147483648,6,False,1
ERR12943575,ERR11747071,ERR12958946,2022-04-01,2022-03-29,2022-04-03,{'BA.2.9': 1},1414356,2,-1,2147483648,3,False,1
node_580409,ERR12902194,ERR10751285,2023-01-31,2022-02-06,2022-12-24,{'XBF.3': 2},1757081,2,1705711,5,1,True,2
SRR20251427,SRR16527320,node_72430,2021-11-11,2021-09-27,2021-09-17,{'AY.3': 1},858639,1,-1,2147483648,3,False,1
node_302879,SRR19265314,SRR16238754,2021-12-09,2021-11-19,2021-09-09,{'AY.3': 2},1006373,2,1006374,1,0,False,2
SRR23530119,SRR23530282,ERR10910673,2023-02-09,2023-02-08,2023-02-04,{'XBB.1.5.25': 1},1763106,1,1673437,8,8,True,1
node_520655,ERR13307043,ERR8488116,2022-01-27,2022-01-12,2022-01-27,{'BA.1.17.2': 1},1171259,1,-1,2147483648,4,False,1
ERR9367455,ERR9095513,ERR8301879,2022-03-12,2022-02-21,2022-01-21,{'BA.1.1.15': 1},1349834,1,-1,2147483648,4,False,1
ERR6479685,ERR13156943,ERR6416969,2021-08-01,2021-09-02,2021-07-27,{'AY.4': 1},423968,1,423969,1,0,False,1
ERR7008704,ERR6680510,ERR6936103,2021-09-15,2021-09-01,2021-09-30,{'AY.4': 1},599711,1,-1,2147483648,5,False,1
SRR21834646,SRR21223875,SRR21834567,2022-09-02,2022-07-29,2022-09-01,{'BA.5.2.1': 1},1642256,1,1642257,1,0,False,1
node_159031,ERR11755990,ERR11742306,2021-12-10,2021-11-26,2021-09-11,{'AY.4': 3},1009710,3,-1,2147483648,3,False,3
SRR20785542,SRR19513833,ERR12752656,2022-05-08,2022-04-01,2022-05-08,{'BA.2.9': 1},1475851,1,-1,2147483648,3,False,1
node_340104,ERR7678774,ERR7011017,2021-11-10,2021-12-04,2021-09-16,{'AY.122': 3},855415,3,-1,2147483648,6,False,3
ERR7636105,ERR11756396,ERR11742306,2021-11-29,2021-11-28,2021-09-11,{'AY.120': 1},946679,1,-1,2147483648,3,False,1
SRR16196766,SRR16245660,ERR6531421,2021-09-10,2021-09-09,2021-08-10,{'AY.110': 1},578030,1,-1,2147483648,4,False,1
ERR9967547,ERR9857610,ERR13128531,2022-07-04,2022-06-08,2022-07-05,{'BA.5.2.2': 1},1550960,1,1428716,8,4,False,1
node_216377,ERR6573172,ERR11743088,2021-08-17,2021-08-16,2021-12-23,{'B.1.617.2': 3},478015,3,-1,2147483648,7,False,3
node_266073,ERR6423050,SRR16593479,2021-10-08,2021-07-08,2021-09-27,{'AY.103': 1},697951,1,-1,2147483648,10,False,1
ERR10150242,ERR10023657,ERR10015485,2022-08-21,2022-07-25,2022-07-16,{'BA.4': 1},1628559,1,1628560,1,0,False,1
node_398493,ERR5698803,ERR4825548,2021-01-13,2021-03-12,2020-10-21,{'B.1.1.7': 3},115789,3,-1,2147483648,1,False,3
SRR21818635,SRR22445762,ERR10020803,2022-09-10,2022-08-29,2022-07-16,{'BA.5': 1},1650665,1,1428716,8,3,False,1
ERR13174774,SRR21040143,SRR21001398,2022-08-17,2022-07-30,2022-07-22,{'BE.1': 1},1623998,1,1428716,7,7,False,1
SRR26444316,ERR13056541,node_615172,2023-02-18,2023-03-22,2022-12-20,{'XBB.1.5.66': 1},1773759,1,1673437,9,6,True,1
SRR16185694,SRR15983494,SRR15086755,2021-09-09,2021-08-31,2021-06-26,{'AY.3': 1},572347,1,-1,2147483648,4,False,1
node_316539,SRR16923478,SRR16278642,2021-10-18,2021-11-03,2021-10-01,{'AY.44': 3},811066,3,-1,2147483648,4,False,3
node_199253,SRR17330908,SRR16606679,2021-12-14,2021-12-07,2021-09-28,{'AY.119': 2},1024181,2,1024182,1,0,False,2
ERR13321417,node_607665,ERR13053872,2023-11-13,2023-08-21,2023-12-04,{'HK.13.1': 1},1859646,1,1859647,1,0,False,1
node_277492,SRR16786943,SRR16162134,2021-09-17,2021-10-07,2021-09-10,{'AY.25': 2},609068,2,-1,2147483648,5,False,2
node_189092,SRR20264761,SRR15629270,2021-11-23,2021-11-16,2021-08-06,{'AY.39': 2},921753,2,921754,1,0,False,2
node_182296,SRR16307322,ERR7006481,2021-09-14,2021-09-13,2021-09-29,{'AY.100': 3},615090,3,596389,1,0,False,3
ERR7009611,ERR6223118,ERR6605289,2021-09-02,2021-06-30,2021-08-24,{'AY.4': 1},541782,1,541783,1,0,False,1
node_650014,node_654037,SRR21794393,2022-10-14,2022-08-15,2022-09-16,{'BA.5': 1},1687483,1,1428716,6,6,False,1
ERR6466845,ERR6135634,ERR6466889,2021-07-31,2021-06-18,2021-07-31,{'AY.4': 1},420414,1,-1,2147483648,4,False,1
SRR18381187,ERR9086875,ERR8163051,2022-02-23,2022-02-16,2022-01-21,{'BA.1.1': 1},1296698,1,-1,2147483648,3,False,1
node_614945,node_614933,SRR22295638,2023-04-07,2022-12-12,2022-10-29,"{'XBL': 3, 'XBL.3': 3, 'XBL.2': 3, 'XBL.3.1': 4}",1814205,13,1673437,5,5,True,13
ERR8160926,ERR13314086,ERR9305777,2022-01-20,2022-01-24,2022-03-07,{'BA.1.1': 1},1136052,1,-1,2147483648,3,False,1
ERR5183148,ERR5176194,ERR5238292,2021-01-03,2020-12-29,2021-01-17,{'B.1.1.7': 1},97398,1,-1,2147483648,3,False,1
ERR8020502,ERR8024271,node_528779,2022-01-06,2022-01-04,2022-02-15,{'BA.1': 1},1088066,2,-1,2147483648,3,False,1
ERR7371205,ERR7357719,ERR6484148,2021-11-06,2021-11-05,2021-08-06,{'AY.4': 1},828351,1,-1,2147483648,3,False,1
node_181758,SRR20245822,SRR17219691,2021-12-04,2021-10-24,2021-11-12,{'AY.100': 1},978147,1,764303,1,4,False,1
SRR28242725,SRR26123391,SRR26556650,2023-12-08,2023-09-06,2023-10-13,{'XBB.1.16.6': 1},1869166,1,1673437,16,3,True,1
ERR9216857,ERR8630041,ERR8566024,2022-03-02,2022-02-07,2022-02-05,{'BA.1.1': 1},1315954,1,-1,2147483648,6,False,1
ERR8142340,ERR8009593,SRR20570286,2022-01-17,2022-01-04,2022-04-18,{'BA.1.1.14': 1},1120552,1,-1,2147483648,2,False,1
ERR6569233,ERR6762270,ERR6486332,2021-08-13,2021-09-03,2021-07-28,{'AY.4': 1},467655,1,-1,2147483648,5,False,1
SRR19620381,ERR9876170,SRR19610739,2022-05-30,2022-06-14,2022-05-13,{'BA.2.12.1': 1},1502698,1,-1,2147483648,4,False,1
node_226749,SRR16928822,ERR11755901,2021-09-30,2021-09-10,2021-11-23,{'AY.120.1': 1},666027,1,579003,2,2,False,1
ERR13165819,ERR13165742,ERR12901016,2022-01-18,2022-01-17,2022-01-26,{'BA.1.17': 1},1123561,1,-1,2147483648,3,False,1
node_149122,node_228977,ERR6316461,2021-08-07,2021-08-03,2021-07-04,{'AY.4': 1},448930,1,-1,2147483648,5,False,1
node_79317,ERR6765399,ERR6333711,2021-08-15,2021-09-05,2021-07-11,{'AY.4': 534},479635,534,-1,2147483648,3,False,534
node_185594,SRR16926018,ERR6440908,2021-10-19,2021-10-12,2021-07-26,{'AY.100': 18},744579,24,-1,2147483648,7,False,18
node_123924,ERR7606521,SRR14312574,2021-12-07,2021-11-26,2021-03-24,{'AY.4': 5},1002499,5,-1,2147483648,5,False,5
ERR6492835,SRR15200057,ERR6491589,2021-07-30,2021-07-02,2021-07-30,{'AY.100': 1},417184,1,-1,2147483648,4,False,1
ERR9319912,ERR9215218,ERR12932802,2022-03-09,2022-03-01,2022-03-06,{'BA.2': 1},1338735,1,-1,2147483648,3,False,1
SRR16558929,SRR17105832,SRR15984961,2021-09-28,2021-11-04,2021-08-25,{'AY.3': 1},655748,1,-1,2147483648,5,False,1
node_625534,ERR11006399,ERR11923817,2023-08-21,2023-02-16,2023-08-10,{'FL.1.5.1': 1},1833114,1,1833115,1,0,False,1
node_619575,SRR26299032,ERR12476607,2023-11-03,2023-09-16,2023-11-21,{'EG.5.1.14': 4},1856513,4,1673437,19,1,False,4
node_189609,SRR20116100,SRR20145856,2021-11-29,2021-12-01,2021-11-29,{'AY.100': 2},951683,2,-1,2147483648,3,False,2
SRR20766294,node_180509,SRR16558929,2021-10-21,2021-10-21,2021-09-28,{'AY.100': 1},752513,1,-1,2147483648,6,False,1
ERR6758858,ERR6387616,ERR6440908,2021-09-02,2021-07-22,2021-07-26,{'AY.4': 1},541518,1,541519,1,0,False,1
node_225608,ERR6655735,ERR6059644,2021-08-02,2021-08-28,2021-06-03,{'AY.43': 3},486093,3,-1,2147483648,3,False,3
SRR28975186,SRR27235888,SRR28992996,2024-04-17,2023-11-28,2024-04-15,{'JN.1.13.1': 1},1890644,1,1854739,14,3,False,1
SRR20245970,SRR21266155,SRR16527647,2021-10-22,2021-12-08,2021-09-28,{'AY.113': 1},756945,1,373989,3,3,False,1
SRR19693733,SRR18925385,SRR18329258,2022-04-26,2022-04-13,2022-02-07,{'BA.2.3': 1},1459812,1,-1,2147483648,4,False,1
node_109317,ERR7519844,ERR11754537,2021-12-06,2021-11-17,2021-10-19,{'AY.4.2': 1},986892,1,-1,2147483648,4,False,1
SRR23003253,SRR19279623,SRR19263212,2021-11-29,2021-12-17,2021-11-23,{'AY.103': 1},951745,1,-1,2147483648,5,False,1
ERR10805429,SRR22241198,ERR10512964,2023-01-10,2022-10-24,2022-11-17,{'BQ.1.1': 1},1744269,1,1428716,16,3,False,1
ERR4599773,ERR4584578,ERR4802533,2020-08-02,2020-07-23,2020-10-22,{'B.1.1.51': 1},26822,1,-1,2147483648,3,False,1
SRR16901758,SRR16790037,ERR11849799,2021-10-17,2021-10-06,2021-08-27,{'AY.3': 1},734039,1,-1,2147483648,4,False,1
node_600543,SRR24042571,node_623725,2023-08-08,2023-03-18,2023-08-24,"{'GK.3.1': 100, 'GK.2': 143, 'GK.1.1': 342, 'GK.2.1': 88, 'GK.4': 15, 'XCH.1': 52, 'XCR': 84, 'GK.1.1.1': 141, 'GK.1.10': 9, 'XCH': 103, 'GK.6': 10, 'GK.2.4': 24, 'GK.1.5': 2, 'XCL': 22, 'GK.1.6.1': 35, 'GK.3': 5, 'GK.7': 12, 'GK.3.2': 8, 'GK.2.1.1': 11, 'GK.1.9': 3, 'GK.1': 27, 'XBB.1.5.70': 12, 'GK.1.2': 6, 'GK.1.6': 29, 'GK.8.1': 7, 'GK.2.2': 3, 'GK.12': 1, 'GK.2.3': 8, 'GK.1.7': 3, 'GK.5.1': 2, 'GK.8': 1}",1702805,57052,1673437,4,1,True,1308
SRR16883972,SRR16254150,node_188681,2021-10-12,2021-09-14,2021-08-11,{'AY.100': 1},715057,1,-1,2147483648,5,False,1
node_679092,ERR10021152,ERR13005592,2022-08-04,2022-07-19,2022-08-04,{'BA.5.6': 2},1608558,2,1428716,4,3,False,2
SRR16559270,SRR20935183,SRR15877190,2021-09-28,2021-12-09,2021-08-26,{'AY.44': 1},655766,1,-1,2147483648,5,False,1
node_190044,SRR16519323,SRR15877448,2021-11-10,2021-09-23,2021-08-11,{'AY.113': 1},853579,1,373989,1,5,False,1
ERR7050173,ERR6999478,ERR7044224,2021-09-22,2021-09-13,2021-09-20,{'AY.4': 1},631107,1,-1,2147483648,3,False,1
node_188639,ERR6549864,ERR13153313,2021-09-27,2021-08-14,2021-07-30,{'AY.4': 3},167127,1241012,-1,2147483648,1,False,3
node_188668,ERR11755297,ERR6112499,2021-09-03,2021-10-20,2021-06-08,{'AY.4': 3},316400,898,-1,2147483648,2,False,3
SRR20939603,SRR20116889,ERR6603884,2021-12-02,2021-12-13,2021-08-24,{'AY.119': 1},969067,1,-1,2147483648,3,False,1
node_544086,SRR21348829,SRR15272473,2022-02-12,2022-02-10,2021-07-14,{'BA.1.1': 1},1251515,1,1251516,1,0,False,1
node_548456,SRR21457116,SRR19722789,2022-05-28,2022-08-20,2022-05-24,{'BA.2.12.1': 2},1500762,2,-1,2147483648,3,False,2
node_619747,ERR11779304,ERR11642432,2023-08-07,2023-07-18,2023-06-12,{'EG.5.1.13': 4},1829884,4,1829885,1,0,False,4
ERR8409532,ERR7906930,ERR8152189,2022-01-24,2021-12-28,2022-01-21,{'BA.1.1.13': 1},1156324,1,-1,2147483648,3,False,1
node_231067,node_233547,SRR15391509,2021-07-21,2021-10-07,2021-07-16,{'AY.39.1': 7},3408719,7,-1,2147483648,8,False,7
ERR5437588,ERR5183537,ERR5175449,2021-02-24,2021-01-02,2020-12-29,{'B.1.1.7': 1},169694,1,-1,2147483648,1,False,1
node_234748,ERR13143853,SRR16351102,2021-09-12,2021-10-07,2021-09-17,{'AY.39': 2},585594,3,-1,2147483648,4,False,2
node_737099,ERR12037656,ERR10150337,2022-05-23,2022-03-16,2022-08-23,{'BA.2': 2},1497104,3,-1,2147483648,4,False,2
SRR25709561,SRR26556322,SRR26523102,2023-08-04,2023-10-14,2023-08-25,{'FL.1.5.1': 1},1829356,1,1673437,13,7,False,1
ERR9219494,ERR11781067,ERR11796719,2022-03-01,2022-03-28,2022-01-13,{'BA.2': 1},1312878,1,-1,2147483648,4,False,1
node_724866,ERR8995819,SRR19319807,2022-05-15,2022-02-15,2022-05-04,{'BA.2': 6},1484637,6,1484637,0,0,False,6
SRR21869122,ERR10383008,SRR21372379,2022-09-24,2022-09-30,2022-08-12,{'BA.5.2': 1},1668686,1,1428716,5,5,False,1
node_229845,ERR6179983,ERR7104248,2021-06-28,2021-06-22,2021-10-08,{'AY.120': 1},338939,1,-1,2147483648,3,False,1
SRR26456441,ERR11779168,ERR12932802,2023-10-07,2023-07-08,2022-03-06,{'EG.7': 1},1849327,1,1673437,10,4,False,1
ERR12980603,node_656879,ERR10015637,2022-08-08,2022-09-11,2022-07-18,{'BA.5.1': 1},1611969,1,1428716,7,3,False,1
node_188906,SRR16116477,ERR7239527,2021-10-05,2021-09-14,2021-10-16,{'AY.39.1': 2},167127,1241012,-1,2147483648,1,False,2
node_638213,SRR20273194,ERR10427829,2022-07-08,2022-06-26,2022-10-08,{'BA.5.1.21': 4},1559490,4,1559491,1,0,False,4
node_232792,SRR15993439,SRR15555441,2021-09-03,2021-08-23,2021-08-04,{'AY.39': 1},547834,1,-1,2147483648,9,False,1
ERR8500000,ERR8486637,ERR12894556,2022-01-27,2022-01-25,2022-01-07,{'BA.1.1': 1},1169281,1,-1,2147483648,3,False,1
node_215781,ERR12794355,ERR6195790,2021-06-28,2021-07-17,2021-06-27,{'AY.6': 1},338898,1,-1,2147483648,8,False,1
SRR17475141,SRR15777694,SRR17354270,2021-12-28,2021-08-20,2021-12-08,{'AY.100': 1},1064891,1,-1,2147483648,4,False,1
node_316095,SRR19931891,SRR17102724,2021-12-04,2021-11-04,2021-11-09,{'AY.44': 2},978074,2,978075,1,0,False,2
ERR10937730,ERR10911473,ERR10512382,2023-02-16,2023-02-13,2022-11-15,{'XBB.1.5.24': 1},1770952,1,1673437,7,4,True,1
SRR18814275,SRR18153025,SRR21870152,2022-01-30,2022-01-20,2022-03-01,{'BA.1.1': 1},1183323,1,-1,2147483648,9,False,1
ERR7010697,ERR7004474,ERR6526780,2021-09-15,2021-09-15,2021-08-10,{'B.1.617.2': 1},599735,1,-1,2147483648,7,False,1
SRR23848820,SRR23713397,SRR24357586,2023-02-06,2023-02-15,2023-04-12,{'XBB.1.5': 1},1760006,1,1673437,7,6,True,1
SRR16161643,SRR15201064,ERR6112499,2021-09-08,2021-07-07,2021-06-08,{'B.1.617.2': 1},567039,1,-1,2147483648,6,False,1
SRR15199842,SRR15199805,SRR15225186,2021-06-28,2021-06-29,2021-07-11,{'AY.100': 1},339647,2,-1,2147483648,3,False,1
ERR10424529,SRR21671208,ERR13020838,2022-10-01,2022-09-05,2022-10-07,{'BF.3': 1},1674331,1,1428716,11,4,False,1
node_281705,node_281704,SRR16162134,2021-12-07,2021-12-07,2021-09-10,{'AY.25': 2},1025395,2,-1,2147483648,6,False,2
node_531743,ERR11803671,ERR7675357,2022-01-07,2022-02-04,2021-12-03,{'BA.1': 2},946355,5353,-1,2147483648,1,False,2
SRR20127349,ERR10004416,ERR9826369,2022-06-17,2022-07-16,2022-05-24,{'BA.5.2.1': 1},1528118,1,1528119,1,0,False,1
node_205426,ERR13130504,ERR6008480,2021-08-20,2021-07-23,2021-05-26,{'AY.126': 2},487253,2,-1,2147483648,7,False,2
node_444972,ERR11743068,ERR12780385,2022-01-11,2021-12-23,2022-04-28,{'BA.1.15': 2},926284,38012,-1,2147483648,1,False,2
node_13629,SRR14002268,SRR20694518,2021-01-13,2020-09-28,2020-11-15,{'B.1.2': 1},108495,1,-1,2147483648,5,False,1
node_188930,SRR16527597,ERR7239527,2021-09-22,2021-09-22,2021-10-16,{'AY.39': 2},632159,2,-1,2147483648,3,False,2
SRR20740939,node_656129,ERR10000651,2022-07-11,2022-06-21,2022-07-05,{'BE.5': 1},1565728,1,1565729,1,0,False,1
node_623725,ERR13320505,node_623715,2023-08-24,2023-09-08,2023-09-27,"{'XCZ': 6, 'XBB.1.9': 1}",1673437,112021,1673437,0,15,True,7
ERR7001244,ERR6881607,ERR6792332,2021-09-15,2021-09-05,2021-09-11,{'AY.4': 1},599533,1,-1,2147483648,4,False,1
SRR16153298,SRR15446330,SRR15551592,2021-09-02,2021-07-24,2021-07-29,{'AY.25.1': 1},543333,1,-1,2147483648,6,False,1
node_345915,SRR17383106,SRR15272694,2021-11-02,2021-11-23,2021-07-11,{'B.1.617.2': 2},805960,2,-1,2147483648,4,False,2
ERR7633821,ERR7118399,ERR11742306,2021-11-28,2021-10-12,2021-09-11,{'AY.4': 1},942829,1,-1,2147483648,4,False,1
SRR20918207,SRR19931504,SRR17640663,2021-12-16,2021-11-04,2021-12-20,{'AY.39': 1},1033159,1,1033160,1,0,False,1
node_518251,SRR19187043,ERR8492422,2021-12-21,2021-12-27,2022-01-29,{'BA.1.15': 2},926284,38012,-1,2147483648,1,False,2
ERR9880038,ERR13172687,ERR12973013,2022-06-16,2022-05-20,2022-05-31,{'BA.5.3': 1},1526452,1,1428716,3,4,False,1
node_556089,ERR11254928,ERR13125090,2022-06-06,2023-02-24,2022-06-27,{'BA.2.12.1': 2},1511018,2,-1,2147483648,1,False,2
SRR25001650,ERR5962920,ERR4287486,2021-04-21,2021-05-05,2020-05-13,{'B.1.351': 1},265776,1,-1,2147483648,6,False,1
ERR9005943,ERR8759462,ERR8001001,2022-02-20,2022-02-13,2022-01-04,{'BA.1.1': 1},1283840,1,-1,2147483648,4,False,1
SRR20186970,SRR15313765,SRR16850130,2021-12-05,2021-07-23,2021-10-17,{'AY.39.1': 1},982738,1,982739,1,0,False,1
SRR20116995,SRR19222769,SRR16829589,2021-12-13,2021-12-15,2021-10-07,{'AY.44': 1},1019109,1,-1,2147483648,3,False,1
SRR24762455,ERR11728458,SRR22258064,2023-05-08,2023-03-22,2022-10-30,{'XCE': 1},1818893,1,1818894,1,0,True,1
SRR19817538,SRR18082464,SRR23026272,2022-01-26,2022-01-15,2021-12-26,{'BA.1.1.18': 1},1166528,1,-1,2147483648,4,False,1
ERR6625663,node_432561,ERR5747822,2021-08-24,2021-08-24,2021-03-29,{'B.1.1.7': 1},500247,1,-1,2147483648,6,False,1
SRR28397898,node_633278,ERR13077040,2024-02-16,2024-02-13,2023-12-18,{'JN.1.30': 1},1886861,1,1854739,13,5,False,1
node_603329,ERR10756716,ERR10931950,2023-01-21,2022-12-27,2023-02-13,{'XBB.1.5': 2},1750555,2,1673437,10,1,True,2
node_622569,SRR26637584,ERR11190125,2023-09-13,2023-10-16,2023-03-21,{'HV.1': 10},1851861,10,1673437,15,3,False,10
SRR16527117,node_279530,SRR16125372,2021-09-27,2021-09-27,2021-09-19,{'AY.25': 1},651360,1,-1,2147483648,5,False,1
node_518651,ERR7895983,ERR7906303,2021-12-26,2021-12-22,2021-12-27,{'BA.1.17.2': 2},1058161,13,-1,2147483648,3,False,2
ERR12919893,ERR12780385,ERR12049011,2022-02-13,2022-04-28,2022-04-28,{'BA.2.9': 1},1255863,1,-1,2147483648,3,False,1
SRR19945500,SRR20189076,ERR13153313,2022-01-14,2021-12-09,2021-07-30,{'AY.39': 1},1111068,1,1111069,1,0,False,1
node_430347,ERR5676175,ERR5174575,2021-04-04,2021-03-25,2020-12-21,{'B.1.1.7': 3},239197,3,-1,2147483648,4,False,3
SRR17146264,node_11999,SRR20250060,2021-03-11,2021-03-11,2021-11-10,{'B.1.2': 1},195408,1,-1,2147483648,7,False,1
node_29867,SRR16166662,ERR4366753,2020-05-20,2020-04-22,2020-05-29,{'B.1.518': 4},200,56368,-1,2147483648,1,False,4
ERR7234185,ERR7244203,ERR6440908,2021-10-11,2021-10-11,2021-07-26,{'AY.43.8': 1},708299,1,708300,1,0,False,1
node_189478,SRR20247267,ERR13153313,2021-11-10,2021-11-08,2021-07-30,{'AY.100': 1},853409,1,853410,1,0,False,1
ERR9341280,ERR9194774,ERR12924714,2022-03-11,2022-02-24,2022-02-17,{'BA.2': 1},1346073,1,-1,2147483648,3,False,1
SRR16551214,SRR15993549,SRR16350929,2021-09-23,2021-08-23,2021-09-17,{'AY.75': 1},636901,1,-1,2147483648,6,False,1
ERR8175973,ERR7668926,SRR16307155,2021-12-11,2021-12-02,2021-09-13,{'AY.4': 1},1011934,1,-1,2147483648,7,False,1
node_633909,ERR13077040,SRR28242754,2024-02-10,2023-12-18,2023-12-19,{'JN.1.22': 2},1885961,2,1854739,13,3,False,2
node_353689,node_355700,SRR16245535,2021-08-27,2021-10-03,2021-09-09,{'AY.47': 5},3408677,5,-1,2147483648,3,False,5
SRR16288101,ERR6491994,SRR15709581,2021-09-13,2021-06-23,2021-08-25,{'AY.113': 1},591351,1,591352,1,0,False,1
node_787441,ERR6712212,ERR6740397,2020-06-27,2020-05-06,2020-03-31,{'B.1.1.198': 2},22213,2,-1,2147483648,7,False,2
SRR21222419,ERR10111349,ERR9922411,2022-08-01,2022-08-08,2022-06-20,{'BA.5': 1},1602820,1,1602821,1,0,False,1
ERR7240683,ERR6770343,ERR13182720,2021-10-19,2021-09-06,2021-08-22,{'AY.4': 1},742784,1,654970,1,5,False,1
SRR17698268,ERR8144997,SRR17698598,2022-01-04,2022-01-17,2022-01-04,{'BA.1.1.18': 1},1083299,1,-1,2147483648,4,False,1
node_188857,SRR15199928,SRR15386500,2021-08-17,2021-06-25,2021-07-25,{'AY.118': 8},399540,362,-1,2147483648,2,False,8
node_188455,ERR7302056,ERR7888679,2021-10-12,2021-10-17,2021-12-17,{'AY.4.2': 2},713991,4,713992,1,0,False,2
SRR26327353,ERR11826612,ERR8141389,2022-01-11,2022-04-04,2022-01-17,{'BA.1.13': 1},1101890,1,-1,2147483648,3,False,1
node_184206,SRR17218705,ERR6491956,2021-10-24,2021-11-21,2021-07-21,{'AY.100': 4},764406,4,-1,2147483648,7,False,4
node_189482,SRR16376553,ERR6491956,2021-10-08,2021-09-26,2021-07-21,{'AY.100': 2},762279,2,-1,2147483648,4,False,2
node_335703,ERR12822059,ERR12795818,2021-10-26,2021-09-12,2021-07-16,{'AY.122': 5},775951,5,-1,2147483648,3,False,5
node_509979,SRR18304345,SRR18221415,2022-02-16,2022-02-07,2022-02-09,{'BA.1.1': 1},1268563,1,-1,2147483648,1,False,1
ERR6815967,ERR6380477,ERR6651756,2021-09-14,2021-07-20,2021-08-26,{'AY.4': 1},596866,1,-1,2147483648,5,False,1
SRR23928585,SRR23897945,ERR10151241,2023-02-18,2023-03-01,2022-08-30,{'XBB.1.5': 1},1773727,1,1673437,10,3,True,1
node_413690,ERR11851235,ERR5232903,2020-12-18,2021-04-24,2021-01-15,{'B.1.1.7': 4},86796,4,-1,2147483648,4,False,4
node_337235,node_337234,ERR11755298,2021-08-09,2021-08-09,2021-10-20,{'AY.122': 3},454131,3,-1,2147483648,5,False,3
node_75146,ERR11763325,ERR6495233,2021-07-21,2021-11-22,2021-08-06,{'AY.4': 1},384696,2,-1,2147483648,3,False,1
node_532395,ERR11826612,SRR19683006,2022-02-20,2022-04-04,2022-02-16,{'BA.1': 2},1283721,2,1283721,0,1,False,2
node_758528,node_758527,ERR9338343,2022-04-21,2022-04-21,2022-03-08,{'BA.2': 3},1464552,3,-1,2147483648,4,False,3
node_405105,ERR11828978,ERR11822460,2021-05-18,2021-04-12,2021-04-11,{'B.1.1.7': 9},295557,9,-1,2147483648,6,False,9
node_188251,SRR15200738,ERR6489364,2021-07-13,2021-07-05,2021-07-21,{'AY.110': 8},167127,1241012,-1,2147483648,1,False,8
node_205399,ERR11764123,ERR12846441,2021-10-28,2021-12-05,2021-11-01,{'AY.126': 265},785738,284,-1,2147483648,4,False,265
node_183669,SRR16883499,SRR15416771,2021-09-19,2021-10-12,2021-07-30,{'AY.100': 72},167127,1241012,-1,2147483648,1,False,72
node_703359,node_703357,ERR10021302,2022-11-11,2022-10-12,2022-07-16,{'BF.11.1': 1},1706404,1,1706405,1,0,False,1
node_189325,SRR16630027,SRR19933528,2021-10-06,2021-10-04,2021-11-15,{'AY.100': 44},678945,376,-1,2147483648,1,False,44
ERR6640912,ERR11853316,ERR6498324,2021-08-09,2021-09-22,2021-08-05,{'AY.43': 1},454487,1,-1,2147483648,5,False,1
SRR16571733,SRR15518535,ERR5947049,2021-09-06,2021-08-03,2021-05-11,{'B.1.617.2': 1},557698,1,-1,2147483648,5,False,1
node_134160,ERR7229850,ERR6551573,2021-10-05,2021-10-16,2021-08-13,{'AY.4': 10},167127,1241012,-1,2147483648,1,False,10
node_189107,SRR15549225,SRR15199972,2021-07-19,2021-07-29,2021-06-25,{'AY.39': 18},167127,1241012,-1,2147483648,1,False,18
ERR8178285,ERR11756793,ERR7239088,2021-12-09,2021-12-02,2021-10-08,{'AY.43': 1},1004357,1,-1,2147483648,4,False,1
node_767443,ERR8964741,ERR12752379,2022-03-17,2022-02-17,2022-04-26,{'BA.2': 2},1366749,2,-1,2147483648,4,False,2
SRR23734009,SRR23696130,ERR12982284,2023-02-24,2023-02-15,2022-07-28,{'XBB.1.5.32': 1},1779396,1,1673437,7,4,True,1
ERR6861836,ERR6814543,ERR6319705,2021-09-18,2021-09-14,2021-07-04,{'AY.4': 1},612856,1,-1,2147483648,4,False,1
ERR7010579,ERR6553714,ERR7006497,2021-09-15,2021-08-15,2021-09-16,{'AY.4': 1},598126,1,-1,2147483648,4,False,1
SRR22490603,ERR10474985,ERR12971048,2022-11-09,2022-10-19,2022-05-17,{'BA.5.2.47': 1},1705500,1,1428716,11,5,False,1
node_627715,SRR27936285,SRR27195927,2024-01-09,2024-01-26,2023-11-28,{'JN.1.1.7': 2},1877926,2,1854739,12,5,False,2
node_344796,SRR15819302,ERR6301463,2021-08-06,2021-08-09,2021-07-06,{'AY.20': 2},446351,2,-1,2147483648,3,False,2
SRR21322647,ERR11761851,SRR16973160,2021-11-10,2021-07-16,2021-11-05,{'AY.39.1': 1},855275,1,855276,1,0,False,1
node_555407,ERR13076799,ERR10001389,2022-07-02,2023-01-13,2022-07-06,{'BA.2.12.1': 1},1548094,1,-1,2147483648,5,False,1
node_748807,ERR9427893,SRR20389668,2022-05-06,2022-03-18,2022-03-07,{'BA.2.9': 3},1473947,3,-1,2147483648,5,False,3
ERR7235635,ERR6827933,ERR6192075,2021-10-18,2021-09-04,2021-06-26,{'AY.4.2': 1},737075,1,-1,2147483648,3,False,1
node_313228,ERR12818196,SRR16263131,2021-10-16,2021-08-06,2021-09-28,{'B.1.617.2': 1},731300,1,731301,1,0,False,1
node_55104,ERR6586499,ERR6126815,2021-10-05,2021-08-20,2021-06-15,{'AY.4': 6},682602,6,-1,2147483648,5,False,6
SRR17367694,SRR17358719,ERR7823792,2021-12-08,2021-12-09,2021-12-13,{'AY.44': 1},1000324,1,-1,2147483648,4,False,1
node_95741,ERR6219309,ERR6224762,2021-07-10,2021-07-01,2021-07-01,{'AY.4': 2},360872,2,-1,2147483648,4,False,2
ERR7048157,ERR7265447,ERR6794744,2021-09-15,2021-10-25,2021-09-12,{'AY.4': 1},599676,1,-1,2147483648,3,False,1
ERR12794702,ERR12794254,ERR12163917,2021-07-24,2021-07-17,2021-08-01,{'AY.42': 1},396832,1,-1,2147483648,7,False,1
ERR6491292,ERR6488868,ERR7310438,2021-08-05,2021-07-29,2021-10-26,{'AY.4.3': 1},439976,1,439977,1,0,False,1
node_195768,ERR6489375,ERR7151835,2021-08-08,2021-08-07,2021-10-07,{'AY.109': 25},451735,25,-1,2147483648,3,False,25
ERR9670965,ERR10729963,ERR8617004,2022-04-19,2022-03-12,2022-01-31,{'BA.2': 1},1446970,1,1446971,1,0,False,1
ERR9323228,SRR17744959,ERR8153259,2022-03-05,2022-01-08,2022-01-19,{'BA.1.1': 1},1325460,1,-1,2147483648,3,False,1
ERR6569117,ERR6573605,node_189209,2021-08-08,2021-08-11,2021-11-27,{'AY.4': 1},451731,2,451732,1,0,False,1
node_189932,SRR15628974,ERR13153313,2021-08-04,2021-08-04,2021-07-30,{'AY.119': 4},439523,10,-1,2147483648,2,False,4
node_632262,node_632259,node_632184,2024-05-30,2024-05-10,2024-06-06,{'KP.2.3': 2},1892966,2,1854739,15,6,False,2
node_611335,node_611334,ERR13320448,2023-10-27,2023-10-27,2023-08-24,{'XBB.1.16.15': 2},1854675,2,1673437,16,7,True,2
node_7333,node_7332,ERR4671078,2020-08-09,2020-08-09,2020-08-26,"{'B.1.160': 2405, 'B.1.160.7': 344, 'B.1.160.33': 124, 'B.1.160.23': 146, 'B.1.160.26': 13, 'B.1.160.16': 5, 'B.1.160.30': 9, 'B.1.160.28': 1, 'B.1.177.44': 1, 'B.1.160.10': 3, 'B.1.160.29': 1, 'B.1.160.12': 1}",28647,3070,-1,2147483648,12,False,3053
node_766964,ERR12902194,ERR12658203,2022-03-16,2022-02-06,2022-03-28,{'BA.2': 3},1239251,145,-1,2147483648,3,False,3
ERR8037280,ERR8501292,ERR8493030,2022-01-10,2022-01-30,2022-01-28,{'BA.1': 1},1095750,1,-1,2147483648,4,False,1
node_91650,ERR12840597,ERR7586092,2021-11-10,2021-10-06,2021-11-08,{'AY.4.9': 3},850459,3,-1,2147483648,7,False,3
SRR15628733,SRR15534657,node_188252,2021-08-05,2021-08-02,2021-07-13,{'AY.110': 1},442642,1,-1,2147483648,7,False,1
ERR6485346,ERR6572567,ERR6601937,2021-07-21,2021-07-24,2021-08-20,{'AY.4': 1},384900,1,-1,2147483648,3,False,1
SRR16350995,SRR16500739,SRR15313765,2021-09-17,2021-09-20,2021-07-23,{'AY.39.1': 1},609328,2,-1,2147483648,1,False,1
node_188275,SRR15541632,node_188255,2021-07-26,2021-08-05,2021-06-16,{'B.1.617.2': 4},167127,1241012,-1,2147483648,1,False,4
SRR22092408,ERR10047328,ERR10640939,2022-10-14,2022-08-01,2022-11-29,{'BA.5.2.6': 1},1687381,1,1428716,8,6,False,1
node_705203,SRR22161591,ERR10219645,2022-07-07,2022-07-06,2022-09-01,{'BA.5.2': 2},1558025,2,1428716,10,13,False,2
ERR5331405,ERR5314179,ERR5181396,2021-02-11,2021-02-06,2021-01-04,{'B.1.1.7': 1},148790,1,-1,2147483648,4,False,1
SRR20353427,SRR18774968,ERR10039715,2022-01-21,2022-03-02,2022-01-18,{'BA.1': 1},1138931,1,-1,2147483648,4,False,1
node_189187,SRR16593195,node_189185,2021-10-05,2021-09-30,2021-08-25,{'AY.114': 3},683512,3,323645,4,5,False,3
node_345927,SRR15224357,ERR6194717,2021-08-05,2021-07-12,2021-06-23,"{'AY.126': 8, 'B.1.617.2': 34}",443206,42,443207,1,0,False,42
node_204528,node_204491,ERR11763332,2021-11-25,2021-08-18,2021-11-25,{'AY.126': 9},923716,51,-1,2147483648,1,False,9
ERR8251790,ERR7495958,ERR6605289,2021-12-09,2021-11-15,2021-08-24,{'AY.4': 1},1004555,1,-1,2147483648,7,False,1
ERR12924866,ERR12896445,ERR10045123,2022-03-01,2022-01-19,2022-07-27,{'BA.2': 1},1312995,1,1312996,1,0,False,1
node_192120,ERR6760245,ERR6819440,2021-08-02,2021-08-27,2021-09-16,{'AY.107': 2},429035,3,-1,2147483648,5,False,2
node_398208,SRR14906322,ERR5175948,2021-07-29,2021-06-09,2020-12-25,{'B.1.1.7': 2},447546,2,-1,2147483648,4,False,2
node_612500,SRR26256789,SRR25709704,2023-10-01,2023-09-14,2023-07-30,{'XBB.1.16.11': 2},1847269,2,1673437,15,4,True,2
SRR16901086,node_205359,ERR11762675,2021-10-10,2021-10-10,2021-08-09,{'AY.126': 1},705933,1,-1,2147483648,2,False,1
SRR16670234,SRR14380237,ERR4438279,2021-04-28,2021-04-01,2020-03-30,{'B.1.1.7': 1},274142,1,-1,2147483648,5,False,1
node_255109,SRR15492289,ERR6010844,2021-08-02,2021-07-31,2021-05-27,{'AY.103': 32},429649,32,-1,2147483648,5,False,32
node_189366,SRR16765942,ERR6492835,2021-10-14,2021-10-08,2021-07-30,{'AY.100': 8},723544,8,-1,2147483648,7,False,8
ERR7802481,node_224723,ERR9188242,2021-12-03,2021-12-08,2021-11-28,{'AY.43': 1},972609,1,-1,2147483648,7,False,1
node_72994,ERR12879452,ERR6817851,2021-12-26,2021-12-02,2021-09-16,{'AY.4': 2},1066139,2,-1,2147483648,3,False,2
node_189473,SRR16149645,ERR13153313,2021-10-13,2021-08-24,2021-07-30,{'AY.100': 5},728314,6,-1,2147483648,4,False,5
SRR16973791,SRR17005499,SRR18022170,2021-11-05,2021-11-10,2021-08-28,{'AY.103': 1},827274,1,-1,2147483648,3,False,1
ERR7377917,ERR7375109,ERR6761066,2021-11-05,2021-11-05,2021-08-31,{'AY.4.2': 1},823859,1,-1,2147483648,7,False,1
ERR6482421,ERR6036087,ERR6475577,2021-08-04,2021-05-29,2021-07-29,{'AY.6': 1},436122,1,436123,1,0,False,1
node_518283,SRR18081041,SRR19842579,2022-02-15,2022-02-06,2022-02-11,{'BA.1.1.18': 2},1264626,2,-1,2147483648,3,False,2
SRR21266228,SRR17446947,node_188558,2021-12-16,2021-11-06,2021-07-21,{'AY.118': 1},1033434,1,-1,2147483648,4,False,1
SRR20246119,ERR6492835,SRR17135377,2021-10-26,2021-07-30,2021-10-26,{'AY.100': 1},774502,1,-1,2147483648,3,False,1
ERR7234500,ERR6900347,ERR6440908,2021-10-26,2021-09-23,2021-07-26,{'AY.4': 1},771715,1,-1,2147483648,7,False,1
SRR16373762,SRR15489271,SRR15553516,2021-10-05,2021-08-01,2021-08-03,{'B.1.617.2': 1},684354,1,684355,1,0,False,1
node_495488,ERR7906930,ERR8163351,2022-01-25,2021-12-28,2022-01-20,{'BA.1.1': 1},1162336,1,-1,2147483648,5,False,1
SRR28406016,ERR6175277,ERR11756715,2021-05-20,2021-06-23,2021-12-01,{'B.1.351': 1},297578,1,-1,2147483648,5,False,1
node_432965,ERR10089282,SRR17885534,2021-01-14,2021-04-21,2021-05-25,{'B.1.1.7': 5},50503,295781,-1,2147483648,1,False,5
ERR12972009,ERR13127421,ERR11805781,2022-06-28,2022-06-29,2022-06-17,{'BE.1.1': 1},1542516,1,1542517,1,0,False,1
node_48213,SRR17235059,SRR17235287,2021-10-15,2021-10-09,2021-10-22,{'AY.112.2': 8},728305,42,-1,2147483648,3,False,8
node_181543,SRR17311315,ERR6440908,2021-12-04,2021-11-28,2021-07-26,{'AY.100': 2},997065,2,-1,2147483648,7,False,2
node_648350,ERR10219839,ERR10750380,2022-09-20,2022-09-03,2022-09-13,{'BA.5.1.2': 2},1665294,2,1642870,1,6,False,2
SRR18684633,SRR22558284,ERR9351605,2022-03-23,2022-03-01,2022-03-12,{'BA.2.9': 1},1386051,1,-1,2147483648,3,False,1
node_524669,ERR8154099,ERR7799065,2022-02-05,2022-01-19,2021-12-12,{'BA.1.17.2': 2},1211874,2,-1,2147483648,3,False,2
SRR15586499,SRR15201358,SRR15586500,2021-08-07,2021-07-08,2021-08-07,{'AY.122': 1},449536,1,-1,2147483648,5,False,1
SRR28335119,SRR27245776,SRR27087041,2024-01-14,2023-11-21,2023-11-07,{'HV.1': 1},1879197,1,1879198,1,0,False,1
node_257170,SRR18378443,SRR24798187,2021-12-14,2021-12-22,2021-12-14,{'AY.103': 1},1025279,1,-1,2147483648,3,False,1
ERR10045311,ERR10175222,ERR10046741,2022-07-29,2022-08-24,2022-08-01,{'BA.5.1': 1},1597261,1,1428716,5,5,False,1
ERR7319012,ERR6819324,ERR13153313,2021-10-23,2021-09-16,2021-07-30,{'AY.4': 1},760376,1,-1,2147483648,3,False,1
ERR10778837,ERR10504428,ERR10731477,2022-12-30,2022-11-06,2022-12-12,{'EF.1.1': 1},1734945,1,1428716,17,3,False,1
ERR6402813,ERR6372638,ERR12840515,2021-07-24,2021-07-19,2021-10-28,{'AY.4': 1},395281,1,-1,2147483648,3,False,1
SRR20186543,SRR17385878,SRR20189143,2021-12-06,2021-12-08,2021-12-07,{'AY.100': 1},988691,1,-1,2147483648,7,False,1
SRR21270291,SRR20639002,ERR10000349,2022-07-29,2022-07-03,2022-07-06,{'BA.5.1': 1},1598412,1,1428716,5,5,False,1
node_226813,SRR20226638,SRR15551139,2021-03-30,2021-11-03,2021-07-30,{'AY.120.1': 30},666589,31,-1,2147483648,6,False,30
node_374997,ERR6715406,ERR5176917,2021-04-06,2021-03-08,2020-12-29,{'B.1.1.7': 6},242885,6,-1,2147483648,2,False,6
ERR5728516,ERR5238430,ERR5689725,2021-03-29,2021-01-22,2021-03-30,{'B.1.1.7': 1},226819,1,-1,2147483648,2,False,1
ERR6999671,node_138339,ERR7161341,2021-09-16,2021-11-27,2021-10-14,{'AY.4': 1},604078,1,-1,2147483648,3,False,1
ERR7245663,ERR6922139,ERR13153313,2021-10-14,2021-09-27,2021-07-30,{'AY.4': 1},721880,1,-1,2147483648,5,False,1
node_80025,ERR6062451,ERR7239836,2021-09-14,2021-05-31,2021-10-13,{'AY.4': 39},594074,40,-1,2147483648,3,False,39
node_198316,SRR20145630,ERR7551663,2021-10-22,2021-11-29,2021-11-23,{'AY.119.2': 33},771293,33,-1,2147483648,6,False,33
ERR6887741,node_188265,ERR11753846,2021-09-23,2021-09-23,2021-10-17,{'AY.126': 1},633577,1,-1,2147483648,7,False,1
node_525030,ERR8542467,ERR8035355,2022-01-18,2022-02-01,2022-01-08,{'BA.1.17.2': 8},1125352,8,-1,2147483648,7,False,8
node_600544,node_600543,SRR26287955,2023-08-08,2023-08-08,2023-09-03,"{'GK.3.1': 100, 'GK.2': 143, 'GK.1.1': 342, 'GK.2.1': 88, 'GK.4': 15, 'XCH.1': 52, 'XCR': 84, 'GK.1.1.1': 141, 'GK.1.10': 9, 'XCH': 103, 'GK.6': 10, 'GK.2.4': 24, 'GK.1.5': 2, 'GK.1.6.1': 35, 'GK.3': 5, 'GK.7': 12, 'GK.3.2': 8, 'GK.2.1.1': 11, 'GK.1.9': 3, 'GK.1': 27, 'XBB.1.5.70': 12, 'GK.1.2': 6, 'GK.1.6': 29, 'GK.8.1': 7, 'GK.2.2': 3, 'GK.12': 1, 'GK.2.3': 8, 'GK.1.7': 3, 'GK.5.1': 2, 'GK.8': 1}",1831743,1292,1673437,7,8,True,1286
node_235201,SRR16197670,ERR7232760,2021-09-29,2021-09-10,2021-10-16,{'AY.39': 1},661441,1,-1,2147483648,7,False,1
ERR9216792,ERR8689592,SRR25727599,2022-02-28,2022-02-11,2022-05-02,{'BA.1': 1},1308779,1,1308780,1,0,False,1
node_189002,SRR19294938,SRR15391404,2021-10-15,2021-11-13,2021-07-16,{'AY.39': 3},394369,141,-1,2147483648,1,False,3
ERR13128088,node_640910,ERR10120378,2022-07-12,2022-07-22,2022-08-15,{'BA.5.1.23': 1},1568185,1,1428716,6,3,False,1
SRR16157275,SRR15980912,ERR12794677,2021-09-07,2021-08-31,2021-08-06,{'AY.26': 1},561338,1,-1,2147483648,4,False,1
SRR27417288,ERR11923680,ERR13080537,2023-12-13,2023-08-09,2023-10-30,{'HV.1': 1},1870803,1,1673437,18,7,False,1
ERR6609891,ERR6419023,ERR6651687,2021-08-17,2021-07-27,2021-08-26,{'AY.4': 1},477772,1,-1,2147483648,4,False,1
SRR16622361,ERR13149512,SRR14896540,2021-05-18,2021-04-21,2021-05-13,{'P.1': 1},295209,1,-1,2147483648,1,False,1
node_283572,SRR16660078,ERR6112499,2021-10-07,2021-09-29,2021-06-08,{'AY.25.1': 5},661476,28,-1,2147483648,2,False,5
node_696334,SRR22291431,node_696333,2022-08-21,2022-10-10,2022-08-21,{'BA.5.2.1': 10},1627630,10,1428716,7,5,False,10
node_268038,ERR13161259,SRR16223542,2021-09-09,2021-09-27,2021-09-08,{'AY.103': 7},572121,7,-1,2147483648,4,False,7
ERR13015263,ERR9989049,ERR12969807,2022-09-03,2022-07-15,2022-08-05,{'BA.5.2': 1},1643940,1,1428716,9,5,False,1
SRR18221683,ERR8115748,SRR18816895,2022-02-08,2022-01-14,2022-01-15,{'BA.1.1.7': 1},1227168,1,-1,2147483648,4,False,1
node_188322,ERR6760614,ERR6174881,2021-10-11,2021-09-03,2021-06-24,{'AY.4': 2},708317,2,708317,0,0,False,2
node_697340,SRR21516483,SRR19950625,2022-08-18,2022-08-22,2022-06-06,{'BA.5.2.1': 5},1660581,5,1428716,7,4,False,5
SRR19920005,ERR12534320,ERR10000386,2022-06-13,2022-07-13,2022-07-06,{'BA.2.12.1': 1},1522659,1,1522660,1,0,False,1
SRR23608292,node_667327,SRR23051872,2023-02-11,2023-01-19,2022-12-16,{'BQ.1.1': 1},1765385,1,1428716,15,4,False,1
node_461398,node_461396,ERR8305265,2022-02-01,2022-01-24,2022-01-22,{'BA.1.17': 2},871714,424062,-1,2147483648,0,False,2
node_23955,SRR15750423,SRR14389974,2021-03-25,2021-06-07,2021-03-29,{'B.1.637': 3},221115,3,-1,2147483648,3,False,3
node_153346,DRR321274,node_72428,2021-07-09,2021-05-18,2021-10-18,{'AY.4': 659},369744,669,-1,2147483648,3,False,659
ERR7787816,ERR7481897,SRR18184621,2021-12-10,2021-11-09,2021-11-06,{'AY.4': 1},1007661,1,-1,2147483648,3,False,1
ERR9021872,ERR9208242,ERR12926485,2022-02-22,2022-02-28,2022-02-17,{'BA.1.1': 1},1289804,1,-1,2147483648,5,False,1
node_591800,ERR11279659,SRR24184233,2023-05-12,2023-04-12,2023-04-03,{'XBB.1.5': 2},1820125,2,1673437,8,7,True,2
SRR16245531,SRR16288128,SRR15877434,2021-09-09,2021-09-13,2021-08-11,{'AY.100': 1},573442,15,-1,2147483648,3,False,1
ERR8641032,SRR17822742,ERR7853208,2022-02-08,2022-01-06,2021-12-17,{'BA.1.17.2': 1},1228607,1,-1,2147483648,7,False,1
SRR26331084,ERR11343376,SRR26391008,2023-09-25,2023-04-06,2023-09-27,{'FL.2.7.1': 1},1845080,1,1673437,12,6,False,1
node_658324,ERR10512463,ERR10380901,2022-10-17,2022-11-14,2022-09-30,"{'DR.1': 2, 'BQ.1': 2, 'BQ.1.1': 7, 'BQ.1.1.3': 2}",1627492,36070,1428716,9,1,False,13
ERR9685465,ERR9591457,ERR13090025,2022-04-23,2022-04-04,2022-03-29,{'BA.2': 1},1453612,1,-1,2147483648,4,False,1
SRR26456331,node_612966,node_610972,2023-10-07,2023-09-07,2023-08-31,{'XBB.1.16.9': 1},1849286,1,1673437,11,5,True,1
node_185476,node_189526,SRR17369615,2021-09-09,2021-09-28,2021-12-03,{'AY.100': 11},611331,11,-1,2147483648,3,False,11
SRR19254606,SRR19306664,ERR11742306,2021-12-20,2021-11-20,2021-09-11,{'AY.103': 1},1046019,1,-1,2147483648,6,False,1
SRR20178225,SRR20976214,ERR13153313,2021-11-17,2021-11-12,2021-07-30,{'AY.4': 1},890877,1,890878,1,0,False,1
SRR15391716,SRR15392137,SRR20944569,2021-07-21,2021-07-19,2021-11-20,{'AY.118': 1},386678,1,-1,2147483648,8,False,1
ERR12962202,node_726973,node_750427,2022-04-18,2022-06-09,2022-03-16,{'BA.2': 1},1444661,1,-1,2147483648,5,False,1
node_492278,SRR18538013,SRR16883487,2022-03-17,2022-03-11,2021-10-12,{'BA.1.1': 2},1367349,2,-1,2147483648,4,False,2
SRR20358773,SRR20941967,SRR20934082,2022-02-11,2021-12-29,2021-12-08,{'BA.1.15': 1},1247223,1,1247224,1,0,False,1
ERR7258747,ERR6598739,ERR11755821,2021-10-21,2021-08-22,2021-11-25,{'AY.46.5': 1},751455,1,-1,2147483648,3,False,1
ERR9031371,node_398059,ERR6713298,2021-03-24,2021-03-24,2021-01-13,{'B.1.1.7': 1},219884,1,-1,2147483648,6,False,1
node_782739,SRR15488612,ERR13153926,2021-04-21,2021-06-04,2021-05-20,"{'P.1': 4, 'P.1.15': 7}",132045,6003,-1,2147483648,1,False,11
node_184961,SRR16527817,ERR11753829,2021-10-01,2021-09-26,2021-10-17,{'AY.100': 1},668553,1,-1,2147483648,7,False,1
node_563360,ERR11795381,ERR12750351,2022-03-26,2021-12-27,2022-05-18,{'BA.2': 3},1396823,3,-1,2147483648,3,False,3
node_603664,ERR10937634,SRR23711356,2023-03-21,2023-02-15,2023-02-13,{'XBB.1.5.18': 4},1792629,8,1673437,8,2,True,4
SRR20178407,SRR21180049,SRR15391344,2021-11-18,2021-11-07,2021-07-16,{'AY.113': 1},896053,1,896054,1,0,False,1
SRR20226777,ERR6760184,SRR17387936,2021-11-02,2021-08-23,2021-12-19,{'AY.25': 1},808468,1,-1,2147483648,3,False,1
node_185201,SRR17125056,node_183825,2021-11-16,2021-11-02,2021-09-09,{'AY.100': 3},886657,3,-1,2147483648,4,False,3
ERR9189068,ERR9127233,ERR8536826,2022-01-27,2022-01-17,2022-01-29,{'BA.1.14': 1},1169369,1,-1,2147483648,1,False,1
ERR7200098,node_63671,ERR7239088,2021-10-08,2021-10-08,2021-10-08,{'AY.4': 1},696733,1,-1,2147483648,4,False,1
node_717147,SRR19951622,ERR10711783,2022-06-28,2022-06-07,2022-03-14,{'BA.4.1': 3},1337921,10855,-1,2147483648,1,False,3
ERR13309487,ERR12885834,SRR21822937,2022-01-20,2021-12-28,2022-02-22,{'BA.1.17': 1},1138566,1,-1,2147483648,3,False,1
ERR7311971,ERR7301693,SRR15554369,2021-10-12,2021-10-12,2021-08-04,{'AY.5': 1},715535,1,-1,2147483648,4,False,1
node_437224,ERR8312815,ERR8045071,2022-02-07,2022-01-24,2022-01-10,{'BA.1.15.1': 3},1221611,3,-1,2147483648,3,False,3
ERR5057720,ERR4988825,ERR4688484,2020-12-06,2020-11-23,2020-09-25,{'B.1.177': 1},74245,1,-1,2147483648,3,False,1
ERR5403691,ERR5291324,ERR11849669,2021-02-02,2021-01-25,2021-03-27,{'B.1.177': 1},136837,1,-1,2147483648,4,False,1
ERR13044789,ERR13017578,ERR10512463,2022-12-18,2022-11-08,2022-11-14,{'BQ.1.11': 1},1726820,1,1428716,13,3,False,1
node_357863,ERR13156129,ERR13155885,2021-08-19,2021-06-04,2021-08-18,{'AY.75': 8},485107,8,485108,1,0,False,8
node_416855,node_416854,ERR5174575,2021-01-27,2021-01-02,2020-12-21,{'B.1.1.7': 3},127931,3,-1,2147483648,5,False,3
node_668841,ERR10730267,ERR10732401,2023-01-26,2022-12-17,2022-12-10,{'BQ.1': 2},1758493,2,1428716,13,5,False,2
SRR28334842,ERR13077040,SRR27758870,2024-02-14,2023-12-18,2024-01-17,{'JN.1.52': 1},1886604,1,1854739,12,4,False,1
node_189781,node_199364,SRR15391855,2021-09-28,2021-10-08,2021-07-19,{'AY.119': 6},699184,46,-1,2147483648,5,False,6
SRR15993851,SRR15818863,SRR15391518,2021-08-25,2021-08-09,2021-07-16,{'AY.39': 1},506467,1,-1,2147483648,4,False,1
node_189100,SRR15199972,SRR15289523,2021-09-13,2021-06-25,2021-07-17,{'AY.39': 3},591453,3,591453,0,0,False,3
node_232726,SRR16501109,SRR16780813,2021-10-11,2021-09-22,2021-10-11,{'AY.39': 2},708945,2,-1,2147483648,7,False,2
SRR20740916,node_654113,SRR23733776,2022-07-09,2022-07-09,2023-02-01,{'BA.5.5': 1},1562034,1,1428716,6,6,False,1
node_189916,SRR16898818,SRR15391719,2021-10-23,2021-10-21,2021-07-21,{'AY.119': 2},1054914,2,-1,2147483648,4,False,2
node_234349,ERR13143853,SRR20258635,2021-10-08,2021-10-07,2021-10-16,{'AY.39': 218},167127,1241012,-1,2147483648,1,False,218
ERR8304130,ERR7795801,ERR12896541,2022-01-22,2021-12-12,2022-01-20,{'BA.1.1': 1},1147535,1,-1,2147483648,0,False,1
node_442325,node_442317,ERR12901016,2022-01-01,2022-01-02,2022-01-26,{'BA.1.17': 1},1076286,1,-1,2147483648,4,False,1
ERR12306871,ERR13075572,SRR26863539,2023-11-02,2023-10-30,2023-09-25,{'XCP': 1},1856263,1,1833066,1,3,True,1
ERR7375444,ERR7330060,node_188584,2021-11-05,2021-11-02,2021-11-04,{'AY.4': 1},823861,1,823862,1,0,False,1
node_492304,SRR19828565,ERR7692892,2022-01-18,2022-01-27,2021-11-27,"{'BA.1.1': 1, 'BA.1': 1}",871713,36404,-1,2147483648,1,False,2
node_188424,ERR6811012,ERR6761066,2021-10-14,2021-09-13,2021-08-31,{'AY.4.2': 2},722004,2,-1,2147483648,7,False,2
node_189377,SRR15628789,ERR6491292,2021-10-16,2021-08-04,2021-08-05,{'AY.100': 15},167127,1241012,-1,2147483648,1,False,15
SRR21266141,SRR15390923,node_354332,2021-12-08,2021-07-20,2021-12-08,{'AY.47': 1},1002411,1,1002412,1,0,False,1
ERR6605771,ERR5999042,node_60434,2021-08-24,2021-05-25,2021-08-28,{'AY.4': 1},499723,1,-1,2147483648,3,False,1
node_356089,SRR15945517,ERR6105556,2021-09-12,2021-09-02,2021-06-09,{'AY.47': 2},585533,2,-1,2147483648,7,False,2
ERR6766779,SRR15877363,ERR6400901,2021-08-29,2021-08-10,2021-07-25,{'AY.36': 1},522965,1,-1,2147483648,8,False,1
SRR21223141,SRR20919185,ERR10000074,2022-07-31,2022-07-18,2022-07-04,{'BA.5.1': 1},1601212,1,1428716,8,3,False,1
SRR28009299,ERR13080125,SRR27195927,2024-01-31,2023-12-11,2023-11-28,{'JN.1.4': 1},1883718,1,1854739,11,4,False,1
SRR28439067,SRR27642651,SRR28439175,2024-02-28,2023-12-11,2024-02-21,{'JN.1.4.5': 1},1888270,1,1854739,15,5,False,1
node_195318,SRR20233381,ERR7443356,2021-09-13,2021-11-03,2021-11-22,{'AY.127': 6},589140,6,-1,2147483648,7,False,6
node_734354,ERR11782177,ERR4699437,2022-02-23,2022-03-28,2020-10-05,{'BA.2.3': 1},1294364,1,-1,2147483648,6,False,1
node_188462,ERR7291700,ERR7232111,2021-10-23,2021-10-28,2021-10-26,{'AY.4.2': 1},760371,1,-1,2147483648,4,False,1
SRR20954238,SRR17103138,SRR15391358,2021-11-09,2021-11-07,2021-07-16,{'AY.119': 1},847541,1,-1,2147483648,5,False,1
ERR8966154,ERR9002902,ERR8162484,2022-02-17,2022-02-19,2022-01-20,{'BA.2': 1},1271390,1,-1,2147483648,3,False,1
node_188567,ERR6069977,ERR13153313,2021-08-24,2021-06-02,2021-07-30,{'AY.4': 1},500603,1,-1,2147483648,5,False,1
ERR13176362,ERR10426124,ERR10000160,2023-01-04,2022-10-09,2022-07-06,{'XBB.1': 1},1740121,1,1740122,1,0,True,1
SRR21266469,SRR15391634,SRR19255911,2021-12-08,2021-07-22,2021-12-19,{'AY.100': 1},1002437,1,-1,2147483648,5,False,1
SRR23612268,node_325628,ERR6571333,2021-07-24,2021-07-24,2021-08-18,{'AY.44': 1},396623,1,-1,2147483648,5,False,1
ERR10022048,ERR10004159,ERR11526466,2022-07-22,2022-06-24,2022-06-09,{'BE.1.1.2': 1},1586071,1,1428716,9,4,False,1
node_724546,ERR9869614,ERR10002148,2022-05-15,2022-06-10,2022-07-04,{'BA.2': 4},1495454,4,1483963,1,0,False,4
node_619280,ERR12254936,ERR12385515,2023-11-21,2023-10-01,2023-11-08,{'EG.5.1.19': 2},1863518,2,1673437,12,3,False,2
SRR27106800,ERR11343376,SRR24540530,2023-11-21,2023-04-06,2023-04-25,{'FY.5': 1},1862626,1,1673437,9,7,False,1
SRR21182243,node_319396,ERR12795818,2021-11-06,2021-11-06,2021-07-16,{'AY.44': 1},830374,1,-1,2147483648,3,False,1
SRR23877689,ERR11821003,node_188787,2021-10-16,2021-09-03,2021-11-05,{'AY.118': 1},731530,1,-1,2147483648,1,False,1
SRR16729055,SRR14391411,ERR5185595,2021-04-28,2021-04-06,2021-01-09,{'B.1.1.7': 1},274194,1,274195,1,0,False,1
node_183949,node_183948,node_189478,2021-10-06,2021-10-01,2021-11-10,{'AY.100': 25},776326,26,-1,2147483648,3,False,25
node_199557,SRR17078128,ERR6440908,2021-11-16,2021-11-14,2021-07-26,{'AY.119': 2},885044,2,-1,2147483648,8,False,2
ERR12755214,ERR11796224,ERR9425424,2022-01-13,2022-01-07,2022-03-17,{'BA.1': 1},1107650,1,-1,2147483648,5,False,1
node_573467,ERR12934671,ERR9467862,2022-05-17,2022-03-02,2022-03-24,{'BA.2': 2},1487047,2,-1,2147483648,3,False,2
ERR7609970,ERR6685184,ERR7284719,2021-11-27,2021-08-28,2021-10-28,{'AY.4': 1},940460,1,-1,2147483648,4,False,1
node_232214,SRR21172405,ERR6440908,2021-10-20,2021-10-26,2021-07-26,{'AY.39': 1},749052,1,749053,1,0,False,1
node_701778,ERR10000238,SRR20662627,2022-09-06,2022-07-05,2022-07-01,"{'XBD': 46, 'BA.2.75': 7}",1551581,17309,-1,2147483648,1,True,53
ERR13053855,ERR13050375,ERR13049012,2023-11-27,2023-11-20,2023-10-09,{'JN.1.1': 1},1864583,1,1864584,1,0,False,1
node_539537,ERR11743068,ERR11796913,2021-12-27,2021-12-23,2022-01-14,{'BA.1.15': 16},871714,424062,-1,2147483648,0,False,16
node_188348,ERR12792631,SRR16527388,2021-07-21,2021-07-18,2021-09-27,{'AY.4': 3},386073,3,386074,1,0,False,3
node_724784,ERR8547224,ERR10039723,2022-03-07,2022-02-02,2022-07-23,{'BA.2': 3},1332626,3,-1,2147483648,3,False,3
SRR17355707,SRR17360310,SRR16365559,2021-12-07,2021-12-06,2021-09-18,{'AY.103': 1},996297,1,-1,2147483648,3,False,1
SRR20188981,SRR19253438,SRR15807271,2021-12-07,2021-12-17,2021-08-06,{'AY.118': 1},995082,1,995083,1,0,False,1
node_172927,ERR11756821,ERR12794095,2021-08-06,2021-12-01,2021-07-21,{'AY.4.7': 1},445227,1,445228,1,0,False,1
node_565074,ERR12258891,ERR9347403,2022-02-01,2022-04-07,2022-03-13,{'BA.2': 8},1191685,9,-1,2147483648,3,False,8
SRR21263083,SRR20258397,ERR12795818,2021-11-29,2021-10-18,2021-07-16,{'AY.100': 1},951639,1,739359,2,3,False,1
node_611425,node_611424,SRR23710835,2023-12-07,2023-10-18,2023-02-13,{'JM.1': 2},1868861,2,1673437,16,5,False,2
SRR25053154,ERR12539249,SRR24583465,2023-05-03,2022-07-22,2023-04-21,{'XBB.1.9.1': 1},1818008,1,1818009,1,0,True,1
node_109294,ERR11754497,ERR7937571,2021-09-21,2021-10-18,2021-12-27,{'AY.4.2': 446},624621,447,-1,2147483648,4,False,446
ERR7606407,ERR7471190,ERR6186495,2021-11-26,2021-11-11,2021-06-22,{'AY.4': 1},933434,1,-1,2147483648,4,False,1
node_544142,ERR8276489,node_566428,2022-02-13,2022-01-22,2022-02-08,{'BA.2': 2},1253766,2,1253766,0,1,False,2
node_228014,SRR16790370,ERR6315499,2021-07-08,2021-10-08,2021-07-04,{'AY.120': 20},350503,131,-1,2147483648,1,False,20
node_644421,ERR12976725,ERR12969399,2022-07-23,2022-07-21,2022-07-26,{'BA.5.2.1': 2},1588335,2,1428716,7,6,False,2
node_501565,ERR8149230,ERR9256059,2022-01-23,2022-01-19,2022-03-03,{'BA.1.1': 2},1150379,2,-1,2147483648,5,False,2
ERR8556749,ERR11797159,ERR11746920,2022-01-31,2022-01-16,2022-03-29,{'BA.2': 1},1187493,1,1133051,3,0,False,1
SRR19285859,SRR16782592,SRR16697219,2021-12-21,2021-10-19,2021-10-05,{'AY.44': 1},1048656,1,-1,2147483648,6,False,1
node_187535,node_46579,SRR16067253,2021-07-25,2021-08-12,2021-09-14,"{'AY.113': 1, 'B.1.617.2': 1}",347893,2182,-1,2147483648,1,False,2
ERR7147142,ERR6798985,ERR7200098,2021-10-08,2021-09-10,2021-10-08,{'AY.4': 1},696643,1,-1,2147483648,3,False,1
ERR7684935,ERR13182720,ERR11756803,2021-11-27,2021-08-22,2021-12-02,{'AY.4': 1},939317,1,939318,1,0,False,1
ERR4803482,ERR4671549,ERR4668737,2020-10-19,2020-09-27,2020-09-24,{'B.1.177': 1},46907,1,46908,1,0,False,1
node_200244,SRR16883495,ERR6518481,2021-10-25,2021-10-12,2021-08-07,{'AY.119': 4},769154,4,-1,2147483648,7,False,4
node_20813,SRR14330969,SRR14330512,2021-05-07,2021-04-14,2021-04-09,{'B.1.526': 3},284020,3,-1,2147483648,3,False,3
node_83558,ERR12796396,ERR12789550,2021-08-13,2021-08-13,2021-07-21,{'AY.4': 2},3407095,2,-1,2147483648,3,False,2
SRR21695404,node_641282,SRR21370336,2022-09-10,2022-10-09,2022-08-14,{'BA.5': 1},1650523,1,1428716,7,5,False,1
node_283008,SRR16519088,ERR11742306,2021-10-18,2021-09-23,2021-09-11,{'AY.25': 4},871468,4,-1,2147483648,3,False,4
SRR20226773,SRR16682777,SRR15391344,2021-10-30,2021-10-01,2021-07-16,{'AY.113': 1},792173,1,373989,2,3,False,1
node_233073,SRR15519005,SRR15519004,2021-07-20,2021-07-31,2021-07-30,{'AY.39': 3},383542,5,332444,3,4,False,3
ERR7838576,ERR11783202,ERR7823746,2021-12-14,2022-03-29,2021-12-11,{'BA.1.1.15': 1},1022115,1,-1,2147483648,4,False,1
node_188411,ERR7047712,ERR11753568,2021-10-10,2021-10-03,2021-10-17,{'AY.4.2.2': 13},704794,13,704794,0,1,False,13
node_189952,SRR15270657,ERR6112499,2021-07-23,2021-07-12,2021-06-08,{'AY.105': 3},167127,1241012,-1,2147483648,1,False,3
ERR6715340,ERR6708867,ERR6713298,2021-03-09,2021-03-02,2021-01-13,{'B.1.1.7': 1},190936,1,-1,2147483648,8,False,1
node_758588,SRR19674824,node_745582,2022-03-24,2022-04-17,2022-03-11,{'BA.2': 3},1389866,3,-1,2147483648,4,False,3
SRR28334828,SRR28166691,ERR13077040,2024-01-28,2024-01-28,2023-12-18,{'JN.1': 1},1882846,1,1854739,13,6,False,1
ERR8299246,ERR10373091,ERR8067802,2022-01-23,2022-02-18,2022-01-08,{'BA.1.1': 1},1150739,1,-1,2147483648,3,False,1
node_201112,SRR16852157,ERR11853316,2021-12-22,2021-10-14,2021-09-22,{'AY.119': 2},1073672,2,-1,2147483648,5,False,2
node_586857,ERR10740141,SRR21039681,2023-01-23,2022-12-12,2022-07-25,"{'XCT': 25, 'XCT.1': 32, 'BA.2': 2}",871726,858794,-1,2147483648,1,True,59
ERR5957351,ERR5946921,ERR11820931,2021-05-10,2021-05-10,2021-05-05,{'B.1.1.7': 1},286663,1,-1,2147483648,3,False,1
node_438879,ERR8302389,ERR8003765,2022-01-24,2022-01-21,2022-01-06,{'BA.1.15.1': 2},1154140,2,-1,2147483648,4,False,2
ERR7137303,ERR6817476,ERR11755473,2021-10-13,2021-09-15,2021-10-20,{'AY.4': 1},716612,1,716613,1,0,False,1
SRR20932634,SRR20706408,ERR12973221,2022-07-12,2022-07-10,2022-07-12,{'BF.27': 1},1567949,1,1428716,8,3,False,1
SRR28397892,SRR28173279,SRR28166621,2024-02-20,2024-02-12,2024-01-17,{'JN.1.22': 1},1887283,1,1854739,14,4,False,1
SRR19835099,SRR21328822,ERR8091475,2022-01-27,2022-02-09,2022-01-09,{'BA.1.1': 1},1171053,1,-1,2147483648,3,False,1
node_285019,SRR16710195,SRR20937794,2021-09-20,2021-09-08,2021-12-07,{'AY.25.1': 7},623844,7,-1,2147483648,4,False,7
SRR16659951,SRR15518773,ERR6762270,2021-09-29,2021-08-02,2021-09-03,{'AY.26': 1},661416,1,-1,2147483648,6,False,1
ERR6733995,ERR6532877,ERR6043096,2021-09-03,2021-08-11,2021-06-01,{'AY.4': 1},546305,1,-1,2147483648,3,False,1
node_280289,SRR19262706,ERR11742306,2021-12-05,2021-11-23,2021-09-11,{'AY.25': 3},924221,6,-1,2147483648,1,False,3
SRR20735401,SRR21038875,SRR19649175,2022-06-20,2022-07-23,2022-06-01,{'BA.2.12.1': 1},1532050,1,-1,2147483648,4,False,1
node_539523,ERR11795951,ERR11794933,2022-01-13,2022-01-02,2021-12-16,{'BA.1': 1},1107790,1,1062771,3,4,False,1
node_403645,ERR5043019,node_370337,2021-01-18,2020-12-21,2020-12-26,{'B.1.1.7': 4},115578,4,-1,2147483648,3,False,4
node_513214,node_513213,SRR20564099,2022-02-11,2022-02-11,2022-03-28,{'BA.1.1': 8},1273978,8,-1,2147483648,4,False,8
SRR15919562,SRR15445917,ERR7685258,2021-08-03,2021-07-29,2021-11-14,{'AY.119': 1},434052,1,-1,2147483648,3,False,1
ERR11029894,ERR10921971,ERR10111954,2023-02-23,2023-02-06,2022-08-12,{'EZ.1': 1},1778829,1,1428716,16,7,False,1
ERR7491381,ERR7177075,ERR11764426,2021-11-14,2021-10-18,2021-12-05,{'AY.4': 1},872057,1,-1,2147483648,3,False,1
node_189485,SRR16008378,ERR6491956,2021-09-03,2021-09-02,2021-07-21,{'AY.100': 1},547864,1,-1,2147483648,4,False,1
node_397058,node_370228,ERR4893316,2021-01-18,2020-10-21,2020-11-02,{'B.1.1.7': 3},115377,3,115377,0,0,False,3
ERR7000726,ERR7009053,node_158639,2021-09-16,2021-09-14,2021-08-21,{'AY.5': 1},604087,1,-1,2147483648,4,False,1
node_635991,node_634749,ERR10911630,2024-04-27,2023-12-24,2023-02-10,{'XDV.1': 32},1891345,32,1891345,0,8,True,32
node_246704,ERR11763486,SRR17497920,2021-12-14,2021-11-25,2021-12-20,{'AY.46': 2},1025179,2,-1,2147483648,4,False,2
node_617292,SRR26781734,ERR12138735,2023-08-10,2023-10-25,2023-08-20,{'EG.5.1.3': 4},1830888,4,1673437,14,3,False,4
node_212226,ERR6498839,ERR6597170,2021-08-28,2021-08-05,2021-08-21,{'AY.5': 1},519602,1,-1,2147483648,4,False,1
node_190035,SRR16898421,ERR8175973,2021-09-13,2021-10-18,2021-12-11,{'AY.113': 7},591414,8,373989,2,5,False,7
SRR16328806,ERR7175360,SRR16697219,2021-09-18,2021-10-18,2021-10-05,{'AY.44': 1},613583,1,-1,2147483648,4,False,1
node_273670,SRR16793511,ERR11754958,2021-11-13,2021-10-10,2021-10-19,{'AY.103': 3},869465,3,-1,2147483648,7,False,3
ERR12851776,ERR5957942,ERR12850214,2021-11-22,2021-05-12,2021-11-19,{'AY.43': 1},917949,1,-1,2147483648,3,False,1
SRR16829600,SRR20258706,SRR15553516,2021-10-06,2021-10-18,2021-08-03,{'AY.107': 1},688551,1,-1,2147483648,3,False,1
node_436930,node_777514,node_436929,2021-11-13,2022-12-07,2021-11-13,{'unclassified': -1},-1,0,-1,2147483648,-1,False,1292704
node_457304,ERR8012100,ERR8277772,2021-12-30,2022-01-03,2022-01-19,{'BA.1': 1},1070775,2,-1,2147483648,3,False,1
SRR19834271,SRR19842158,SRR19683165,2022-02-02,2022-02-05,2022-02-08,{'BA.1.1': 1},1200072,2,-1,2147483648,4,False,1
ERR12896144,ERR7799065,ERR13281907,2022-01-12,2021-12-12,2022-01-14,{'BA.1.17.2': 1},1104746,1,-1,2147483648,3,False,1
ERR6558171,ERR6498713,ERR11754800,2021-08-13,2021-08-04,2021-10-18,{'AY.4': 1},467601,1,-1,2147483648,3,False,1
SRR21900426,SRR20105543,SRR20919761,2022-09-24,2022-06-28,2022-07-18,{'BA.4': 1},1669033,1,1669034,1,0,False,1
ERR5672255,ERR5539513,ERR5238430,2021-03-22,2021-03-10,2021-01-22,{'B.1.1.7': 1},2060380,1,-1,2147483648,0,False,1
node_234358,ERR6216827,SRR20186253,2021-12-05,2021-06-29,2021-12-04,{'AY.39': 5},167127,1241012,-1,2147483648,1,False,5
ERR6836742,ERR6733431,ERR6440908,2021-09-09,2021-09-03,2021-07-26,{'AY.107': 1},571172,1,-1,2147483648,7,False,1
node_683477,ERR9365262,SRR21223066,2022-08-12,2022-03-09,2022-08-01,{'BF.28': 2},1616563,2,1616563,0,0,False,2
SRR20518165,ERR10711783,SRR18787244,2022-03-14,2022-03-14,2022-02-26,{'BA.2.3': 1},1357103,1,-1,2147483648,5,False,1
SRR21642040,SRR21796083,SRR19722863,2022-07-17,2022-09-16,2022-05-28,{'BA.2.12.1': 1},1576615,1,1576616,1,0,False,1
SRR20178538,SRR19302530,SRR15518651,2021-11-18,2021-12-13,2021-08-02,{'AY.100': 1},896084,1,896085,1,2,False,1
SRR15281920,ERR5238430,SRR14857680,2021-05-07,2021-01-22,2021-05-21,{'B.1.1.7': 1},283793,1,-1,2147483648,3,False,1
SRR14391508,SRR14393245,SRR15096457,2021-04-11,2021-04-09,2021-06-20,{'B.1.1.7': 1},251788,1,-1,2147483648,1,False,1
SRR26545007,SRR28446088,SRR26256861,2023-09-05,2023-12-18,2023-09-14,{'HV.1': 1},1838196,1,1673437,17,3,False,1
SRR19188450,ERR11795951,SRR20904183,2022-01-02,2022-01-02,2022-02-09,{'BA.1.1': 1},1077651,1,-1,2147483648,0,False,1
node_695228,ERR10000118,SRR22579206,2022-11-06,2022-07-05,2022-11-21,{'BF.7': 4},1703665,4,1428716,7,3,False,4
node_629124,SRR28334758,SRR28043884,2024-01-24,2024-01-25,2024-02-01,{'JN.1.4': 5},1884884,5,1854739,11,4,False,5
node_711817,ERR12975205,ERR9869580,2022-07-31,2022-07-24,2022-06-13,{'BA.5.2': 2},1601642,2,1428716,8,4,False,2
node_234081,SRR19294246,node_233205,2021-10-26,2021-11-09,2021-09-09,{'AY.39': 3},775816,3,-1,2147483648,3,False,3
SRR15651674,SRR14898751,ERR12842274,2021-08-16,2021-05-21,2021-10-24,{'B.1.617.2': 1},475289,1,475290,1,0,False,1
node_722032,ERR10000143,ERR12752656,2022-08-08,2022-07-05,2022-05-08,{'BA.4.6': 2},1612114,2,-1,2147483648,4,False,2
node_625585,ERR11343376,SRR25910288,2023-10-02,2023-04-06,2023-08-18,{'FL.1.5.1': 2},1847506,2,1673437,14,5,False,2
node_645722,ERR10130880,SRR22391822,2022-12-21,2022-08-18,2022-10-26,{'BA.5.1.33': 2},1730680,2,1428716,8,5,False,2
node_93171,node_93090,ERR11754648,2021-08-18,2021-08-03,2021-10-19,{'AY.4': 17},480955,17,-1,2147483648,6,False,17
node_301,node_298,ERR4209555,2020-03-22,2020-03-20,2020-04-13,{'B.1.157': 1},1893,1,1894,1,0,False,1
SRR22063736,SRR21852882,ERR10382112,2022-10-12,2022-09-26,2022-10-03,{'BA.4.6': 1},1685197,1,1685198,1,0,False,1
node_188278,node_188275,SRR16556549,2021-12-04,2021-07-26,2021-09-27,{'B.1.617.2': 1},978031,1,978032,1,0,False,1
ERR10219839,ERR13018428,node_648596,2022-09-03,2022-09-20,2022-09-03,{'BA.5.1.2': 1},1642869,1,1642870,1,2,False,1
node_7551,ERR4909421,ERR5301680,2020-12-12,2020-11-15,2021-01-19,{'B.1.160': 2},79936,2,-1,2147483648,5,False,2
ERR6309043,ERR6634211,ERR6309153,2021-07-04,2021-08-19,2021-07-03,{'AY.4': 1},349747,1,-1,2147483648,3,False,1
node_185014,SRR16751928,ERR6760263,2021-11-05,2021-10-01,2021-08-24,{'AY.100': 1},827319,1,-1,2147483648,7,False,1
SRR29008017,SRR28770874,ERR12862680,2024-04-14,2024-03-31,2023-12-27,{'JN.1.4.6': 1},1890533,1,1888026,3,4,False,1
node_452634,ERR8413838,SRR21326012,2022-01-21,2022-01-25,2022-02-13,{'BA.1': 1},1140174,1,-1,2147483648,6,False,1
node_231663,SRR16221675,ERR6760781,2021-08-18,2021-09-07,2021-08-26,{'AY.39.1': 1},482221,1,-1,2147483648,4,False,1
SRR21635493,SRR21635431,ERR10000246,2022-09-03,2022-09-06,2022-07-05,{'BA.5.2': 1},1642855,1,1428716,10,3,False,1
ERR13043027,ERR10791874,ERR13018817,2022-12-06,2023-01-09,2022-11-14,{'BA.5.2.1': 1},1718847,1,1718848,1,0,False,1
ERR13307659,ERR12904896,SRR18152181,2022-01-20,2022-02-13,2022-01-21,{'BA.1.1': 1},1138553,1,-1,2147483648,4,False,1
SRR23321921,SRR22734240,ERR10032339,2023-01-04,2022-11-28,2022-07-27,{'BQ.1.2': 1},1739780,1,1428716,12,6,False,1
ERR8089222,ERR8038692,SRR18783289,2022-01-14,2022-01-10,2022-03-05,{'BA.1.1': 1},1109402,1,-1,2147483648,2,False,1
SRR20251879,node_180321,SRR16690140,2021-11-11,2021-10-27,2021-10-01,{'AY.100': 1},859517,1,859518,1,0,False,1
ERR9489723,ERR11796912,ERR11747003,2022-03-23,2022-01-15,2022-03-29,{'BA.2': 1},1385458,1,-1,2147483648,4,False,1
ERR7441941,ERR7812260,ERR7516445,2021-11-20,2021-12-13,2021-11-16,{'AY.4': 1},903305,1,-1,2147483648,3,False,1
SRR21558781,SRR22295918,SRR21948105,2022-08-27,2022-10-30,2022-10-02,{'BA.5.1': 1},1635738,1,1428716,7,5,False,1
node_609963,SRR25709547,ERR11007982,2023-08-22,2023-08-04,2023-02-27,{'XBB.1.16.6': 2},1870725,2,1673437,19,3,True,2
ERR11828527,node_405738,ERR11846987,2021-02-25,2021-04-20,2021-05-10,{'B.1.1.7': 1},170735,1,-1,2147483648,2,False,1
node_397671,node_391133,SRR15842118,2021-04-02,2021-04-20,2021-04-01,{'B.1.1.7': 2},235243,2,-1,2147483648,2,False,2
SRR20179594,SRR16606617,SRR17219000,2021-11-27,2021-10-05,2021-11-21,{'AY.39.1': 1},940246,1,940247,1,0,False,1
node_416049,ERR5042562,ERR5174575,2021-01-12,2020-12-20,2020-12-21,{'B.1.1.7': 9},107012,9,-1,2147483648,3,False,9
node_244023,ERR5991611,ERR11754446,2021-06-09,2021-05-19,2021-10-18,{'AY.98': 2},317152,2,-1,2147483648,3,False,2
node_264910,SRR16228135,SRR16266058,2021-10-13,2021-09-12,2021-09-30,{'AY.103': 2},719316,2,-1,2147483648,5,False,2
node_627485,ERR11781745,node_777627,2023-10-18,2022-03-29,2022-12-12,"{'JN.1.4': 4741, 'JN.1.39': 452, 'JN.6': 69, 'JN.1.43': 158, 'JN.1.9': 289, 'JN.1': 7448, 'JN.1.42': 263, 'XDD.1': 17, 'JN.1.1': 1571, 'LP.1': 17, 'BA.2.86.1': 656, 'JN.1.7': 570, 'JN.1.4.2': 260, 'KP.2': 214, 'KP.3.1.6': 11, 'KP.3.2.4': 83, 'JN.1.47': 55, 'JN.1.8': 151, 'JN.1.13.1': 221, 'JN.1.4.5': 1030, 'JN.1.1.7': 15, 'KP.4.2': 10, 'JN.1.16.2': 4, 'JN.1.6': 186, 'JN.1.52': 67, 'JN.1.4.1': 25, 'JN.7': 83, 'KP.1': 15, 'JN.11': 42, 'JN.1.4.6': 64, 'JN.1.63': 14, 'JN.1.58.3': 2, 'JQ.1': 103, 'JN.1.39.3': 14, 'JN.1.5': 63, 'KP.3.1.5': 4, 'JN.1.7.2': 64, 'JN.1.4.8': 29, 'JN.1.50': 8, 'KP.1.2': 13, 'JN.1.31': 93, 'JN.1.64': 43, 'JN.3': 98, 'KP.3.3.3': 6, 'JN.1.8.1': 586, 'KQ.1': 86, 'JN.1.7.5': 178, 'JN.1.22': 233, 'LF.1': 13, 'JN.1.18': 171, 'JN.2': 206, 'KV.2': 147, 'JN.1.4.7': 54, 'JN.1.46': 119, 'JN.1.43.1': 92, 'LB.1.4': 22, 'JN.1.55.1': 2, 'JN.1.60': 21, 'JN.1.59': 32, 'XDK': 47, 'JN.1.45': 156, 'XDP.1': 32, 'KP.1.1': 65, 'JN.1.55': 29, 'JN.1.2': 241, 'JN.1.53.1': 12, 'JN.1.17': 42, 'MM.1': 3, 'JN.1.25.1': 3, 'JN.1.47.2': 61, 'JN.1.4.3': 51, 'JN.1.3': 32, 'JN.1.32': 119, 'JN.1.1.3': 14, 'JN.16': 3, 'JN.9': 32, 'JN.1.18.3': 22, 'JN.13': 12, 'XDV.1': 32, 'JN.1.47.1': 5, 'JN.1.2.1': 1, 'KR.1': 27, 'KP.2.3': 171, 'KP.1.1.1': 70, 'KP.4.1': 29, 'JN.1.4.4': 20, 'JN.1.19': 218, 'JN.1.51': 9, 'JN.1.18.2': 18, 'JN.2.2': 13, 'JN.1.42.1': 6, 'KW.1': 8, 'KP.3.1': 90, 'XDD': 68, 'XDP': 80, 'KP.2.7': 5, 'JN.1.11': 39, 'JN.18': 160, 'JN.1.16.1': 61, 'JN.1.41': 58, 'KS.1': 78, 'LB.1': 42, 'JN.1.11.1': 53, 'KV.1': 1, 'XDD.1.1': 17, 'JN.1.14': 14, 'LB.1.8': 7, 'JN.3.3': 47, 'KP.1.1.3': 36, 'MD.1.1': 7, 'JN.1.1.1': 33, 'LP.3': 2, 'KP.3.2': 31, 'JN.1.49': 19, 'KP.2.2': 64, 'JN.1.8.3': 72, 'XDP.3': 15, 'JQ.2.1': 7, 'JN.2.5': 5, 'LL.1': 23, 'JN.1.16': 100, 'JN.1.28': 14, 'JN.1.1.2': 11, 'JN.1.25': 7, 'LW.1': 5, 'JN.1.27': 16, 'LA.1': 21, 'LE.1.1': 4, 'KP.2.15': 13, 'JN.4': 39, 'KP.3.3': 57, 'KP.2.1': 9, 'JN.1.34': 25, 'JN.1.1.10': 13, 'LB.1.3': 43, 'JN.1.53': 22, 'JN.10': 31, 'JN.1.9.1': 7, 'KS.1.1': 9, 'LA.2': 1, 'XDK.3': 2, 'JN.1.20': 23, 'JN.1.21': 19, 'JN.1.6.1': 28, 'LF.5': 8, 'JN.1.63.1': 2, 'JN.1.32.1': 14, 'JN.1.38': 130, 'JN.1.30': 27, 'BA.2.86': 14, 'JN.1.1.4': 10, 'JN.2.3': 37, 'KP.3.2.3': 11, 'KP.4.2.2': 4, 'XDK.1.2': 4, 'KW.1.1': 13, 'KP.3.1.4': 46, 'JN.1.1.6': 11, 'JN.1.29': 59, 'KP.3.5': 6, 'JN.1.16.3': 7, 'MA.1': 4, 'JN.1.7.1': 9, 'KP.3.2.1': 2, 'LB.1.3.2': 9, 'JN.1.26': 10, 'JN.1.58': 17, 'LB.1.3.1': 3, 'LK.1': 2, 'JN.1.36': 2, 'JN.1.50.2': 2, 'XDY': 3, 'JN.1.37': 13, 'JN.1.57': 5, 'JN.1.48.3': 3, 'JN.1.64.1': 10, 'JN.1.57.1': 4, 'KP.4.2.1': 3, 'JN.1.54': 15, 'XDK.1': 12, 'KP.3.1.1': 25, 'LQ.1.1': 11, 'XEB': 9, 'LB.1.2.1': 2, 'JN.1.44': 23, 'JN.1.62': 11, 'LP.1.1': 5, 'LF.4.1': 6, 'KP.3': 25, 'JN.1.8.2': 9, 'JN.1.10': 4, 'LF.3.1.1': 5, 'JN.1.7.3': 7, 'JN.13.1': 8, 'JN.1.56': 6, 'LF.1.1.1': 12, 'BA.2.86.2': 16, 'JN.1.24': 25, 'JN.1.51.1': 5, 'LB.1.7': 35, 'KP.2.16': 5, 'JN.1.1.5': 13, 'JN.1.7.9': 2, 'LF.1.1': 5, 'KP.2.5': 5, 'JN.1.65.1': 5, 'XDK.5': 9, 'LJ.1': 10, 'XDK.4.1': 8, 'KU.2': 5, 'KP.4.1.1': 2, 'LQ.3': 1, 'JN.1.15': 9, 'LV.1': 10, 'BA.2.86.3': 11, 'LB.1.2': 5, 'JN.1.42.2': 12, 'KP.3.4': 3, 'KZ.1': 2, 'XDD.1.1.1': 7, 'KP.2.10': 4, 'JN.1.55.2': 1, 'XDP.2': 1, 'KR.1.1': 11, 'JN.1.54.1': 2, 'JN.1.40': 6, 'MK.2': 4, 'KP.4': 6, 'JN.1.65': 5, 'JN.1.23': 8, 'LF.3.1': 5, 'JN.1.9.2': 1, 'JN.1.49.1': 6, 'LH.1': 1, 'XDD.3': 2, 'JN.1.18.6': 3, 'KS.1.3': 2, 'LE.1': 8, 'JN.1.30.1': 5, 'JN.1.28.1': 4, 'JN.2.1': 3, 'JN.5': 8, 'KW.1.1.1': 1, 'JN.1.39.1': 3, 'KP.5': 9, 'XDR': 6, 'LH.2': 4, 'LN.1.1': 5, 'KZ.1.1': 2, 'JQ.2.1.1': 1, 'KP.3.1.2': 3, 'MF.1': 4, 'JN.1.7.7': 2, 'JN.1.61': 3, 'LF.4': 4, 'LK.2.1': 2, 'JN.1.24.1': 3, 'JN.1.13': 9, 'JN.1.48.2': 1, 'BA.2.86.6': 2, 'MH.1': 1, 'JN.1.50.1': 7, 'JN.1.39.2': 5, 'KU.1': 3, 'KP.4.1.2': 1, 'KP.2.3.3': 3, 'KP.3.2.2': 3, 'KP.2.13': 2, 'XDK.4': 2, 'XDD.2': 1, 'KY.1': 1, 'LR.1': 1, 'KP.1.1.5': 6, 'JN.1.23.1': 1, 'ML.2': 1, 'JN.1.48': 7, 'JN.8': 1, 'KP.2.9': 1, 'JN.1.35': 2, 'JN.1.12': 1, 'LU.2': 1, 'LQ.1': 1, 'KP.2.6': 1, 'LY.2': 1, 'JN.1.48.1': 1, 'LC.1': 1, 'JN.1.29.1': 1, 'KP.2.8': 1, 'BA.2.86.4': 1, 'JN.1.18.4': 1, 'LY.1': 1, 'LM.1': 1, 'JN.2.4': 1, 'KP.2.14': 1, 'MD.2': 1, 'JN.1.44.1': 1, 'KP.2.3.1': 1, 'LB.1.7.1': 1, 'LF.3': 1, 'JN.14': 1, 'BA.2.86.7': 1, 'KP.3.2.5': 1, 'KP.1.1.4': 1}",871726,858794,-1,2147483648,1,True,25701
SRR16365559,SRR15982688,node_255920,2021-09-18,2021-08-31,2021-09-06,{'AY.103': 1},613741,1,-1,2147483648,3,False,1
ERR5393368,ERR5175948,ERR5053040,2021-02-19,2020-12-25,2020-12-14,{'B.1.1.7': 1},161225,1,-1,2147483648,4,False,1
node_616221,SRR25680896,ERR10933961,2023-03-04,2023-04-09,2023-02-16,{'EG.13': 1},1786809,1,1673437,12,5,False,1
SRR16381073,SRR16226997,SRR19931606,2021-09-20,2021-09-10,2021-11-04,{'AY.105': 1},622036,1,622037,1,0,False,1
SRR20573053,SRR21340006,SRR20506102,2022-04-20,2022-04-03,2022-04-08,{'BA.2.12.1': 1},1448530,1,-1,2147483648,4,False,1
node_188720,node_189922,ERR6401042,2021-10-20,2021-10-17,2021-07-25,{'AY.4': 1},747296,1,-1,2147483648,7,False,1
node_680349,ERR10109588,node_680348,2022-09-17,2022-08-03,2022-09-06,{'BF.27': 2},1661323,2,1661324,1,0,False,2
SRR20261422,SRR17201478,SRR16829542,2021-11-14,2021-11-05,2021-10-07,{'AY.100': 1},873934,1,-1,2147483648,4,False,1
node_687549,ERR10021178,ERR10000391,2022-07-04,2022-07-20,2022-07-06,{'BA.5.2.1': 6},1550781,6,1428716,8,3,False,6
node_637234,node_637233,ERR10120569,2022-07-27,2022-07-27,2022-08-19,{'BA.5.1.10': 13},1595689,13,1428716,6,5,False,13
ERR6998487,ERR6129312,ERR6840960,2021-09-15,2021-06-17,2021-08-30,{'AY.4': 1},599475,1,-1,2147483648,2,False,1
ERR12962345,ERR9720458,node_547026,2022-04-17,2022-04-30,2022-08-11,{'BA.2': 1},1442178,1,-1,2147483648,5,False,1
node_188577,ERR13135591,ERR6112499,2021-08-29,2021-09-16,2021-06-08,{'AY.4': 1},522975,1,-1,2147483648,4,False,1
node_739358,ERR9399983,ERR11827068,2022-04-01,2022-03-15,2022-02-23,{'XY': 23},1420287,23,1413955,1,0,True,23
SRR16619794,ERR5026591,SRR14155368,2021-04-08,2020-12-10,2021-03-13,{'B.1.1.7': 1},246629,1,-1,2147483648,6,False,1
node_696788,SRR20932386,SRR20492231,2022-10-04,2022-07-10,2022-07-02,{'BA.5.2.1': 1},1677450,1,1428716,8,6,False,1
ERR7305983,ERR6851618,ERR6440908,2021-10-21,2021-09-18,2021-07-26,{'AY.4': 1},751863,1,751864,1,0,False,1
node_10221,SRR13956171,SRR14135998,2021-02-24,2021-01-20,2021-02-02,{'B.1.2': 1},168963,1,-1,2147483648,3,False,1
node_188867,SRR15546043,SRR15807346,2021-10-22,2021-07-29,2021-08-06,{'AY.39': 1},757054,1,757055,1,0,False,1
node_592954,SRR23177732,node_603329,2023-01-23,2023-01-09,2023-01-21,"{'XBB.1.5': 43, 'XBB.1.5.2': 1}",1753423,44,1673437,10,5,True,44
SRR23359329,SRR23359684,ERR10426893,2023-01-22,2023-01-21,2022-10-14,{'BQ.1.1': 1},1750969,1,1428716,17,5,False,1
node_189555,SRR17562766,node_189551,2021-11-29,2021-12-22,2021-08-07,{'AY.100': 3},953738,3,953739,1,0,False,3
ERR13013688,ERR13008085,node_642708,2022-09-01,2022-08-29,2022-11-27,{'BA.5.1': 1},1641832,1,1428716,8,6,False,1
SRR16245999,SRR16245998,SRR15199951,2021-09-09,2021-09-09,2021-06-25,{'AY.20': 1},573559,1,-1,2147483648,6,False,1
SRR24143309,SRR23601019,SRR22092465,2023-03-13,2023-02-09,2022-10-14,{'CL.1': 1},1793469,1,1428716,8,3,False,1
ERR8214964,ERR11756065,SRR19945547,2021-12-08,2021-11-26,2022-01-19,{'AY.4': 1},999944,1,999945,1,0,False,1
SRR18537861,SRR18160330,ERR7895175,2022-03-10,2022-01-31,2021-12-26,{'BA.1.1.18': 1},1344178,1,-1,2147483648,5,False,1
node_105191,ERR7493666,ERR7805424,2021-11-23,2021-11-13,2021-12-13,{'AY.4.2.1': 9},920910,9,-1,2147483648,3,False,9
SRR20227296,SRR16984203,SRR15392154,2021-10-29,2021-11-02,2021-07-19,{'AY.100': 1},788152,1,-1,2147483648,4,False,1
ERR8680390,ERR12923941,SRR19341964,2022-02-11,2022-02-18,2022-02-05,{'BA.1.1': 1},1243550,1,-1,2147483648,3,False,1
node_137313,ERR7190374,ERR6605369,2021-12-01,2021-10-19,2021-08-24,{'AY.4': 3},990730,3,-1,2147483648,3,False,3
SRR21635902,SRR21007991,SRR20351451,2022-09-06,2022-07-07,2022-01-31,{'BA.5.2.1': 1},1647268,1,1428716,8,5,False,1
ERR12903607,ERR11781527,ERR11795671,2022-01-31,2022-03-29,2022-01-02,{'BA.2': 1},1190389,1,1190390,1,0,False,1
ERR9312611,SRR19825738,ERR8091987,2022-03-06,2022-01-28,2022-01-16,{'BA.1.1': 1},1328180,1,-1,2147483648,4,False,1
ERR9975252,SRR20663765,ERR10003136,2022-07-04,2022-07-06,2022-07-07,{'BA.4.7': 1},1551000,1,-1,2147483648,13,False,1
ERR8568657,ERR11824811,ERR11822152,2022-01-28,2022-02-16,2022-02-14,{'BA.1.12': 1},1173964,1,-1,2147483648,3,False,1
ERR10187567,SRR21670339,ERR10291904,2022-08-26,2022-09-06,2022-08-18,{'BF.5': 1},1633187,1,1428716,10,3,False,1
ERR7147908,ERR6861002,node_188317,2021-10-05,2021-09-20,2021-10-05,{'AY.4': 1},682404,1,682405,1,0,False,1
node_3879,SRR14399876,ERR4642690,2021-04-01,2021-03-06,2020-06-12,{'B.1.234': 2},233719,2,-1,2147483648,4,False,2
ERR7045008,ERR7041746,node_130137,2021-09-15,2021-09-26,2021-09-15,{'AY.4.2': 1},598654,1,-1,2147483648,7,False,1
SRR21372073,SRR21271814,SRR21538397,2022-08-14,2022-07-25,2022-08-29,{'BA.5.2.9': 1},1619421,1,1428716,7,5,False,1
node_695574,ERR10039731,ERR12979048,2022-10-18,2022-07-22,2022-09-08,{'BF.7.26': 2},1691303,2,1691303,0,3,False,2
SRR20918300,SRR20178709,SRR20186752,2021-12-14,2021-11-27,2021-12-05,{'AY.39': 1},1024312,1,-1,2147483648,3,False,1
node_460977,ERR8128853,ERR7906407,2022-01-11,2022-01-17,2021-12-25,{'BA.1.17': 1},1099503,1,-1,2147483648,1,False,1
node_462961,SRR18805389,ERR8416345,2022-02-25,2022-01-27,2022-01-26,{'BA.1.1': 2},1334264,2,-1,2147483648,4,False,2
node_137714,ERR7029792,ERR11853316,2021-10-03,2021-10-03,2021-09-22,{'AY.4': 4},673312,4,-1,2147483648,3,False,4
node_733209,ERR11550540,node_545644,2022-02-22,2022-06-06,2022-06-01,"{'BA.2.3': 2, 'BA.2': 1}",1289586,3,-1,2147483648,3,False,3
SRR15877305,SRR15919621,SRR19815264,2021-08-12,2021-08-03,2021-11-18,{'AY.114': 1},465416,1,323645,6,10,False,1
ERR6427806,ERR7136504,ERR6086398,2021-07-16,2021-10-13,2021-06-08,{'AY.122': 1},373361,1,-1,2147483648,6,False,1
ERR5238288,ERR5039243,ERR4988707,2021-01-17,2020-12-13,2020-11-22,{'B.1.177.9': 1},114055,1,114056,1,0,False,1
SRR25814957,SRR26212498,ERR11079349,2023-08-07,2023-07-25,2023-02-26,{'XBB.1.16.13': 1},1829825,1,1673437,14,5,True,1
SRR21172398,SRR16510075,ERR11822620,2021-10-28,2021-10-07,2021-08-19,{'AY.103': 1},785473,1,-1,2147483648,3,False,1
node_223090,ERR6430937,ERR6531440,2021-07-19,2021-07-27,2021-08-11,{'AY.43': 39},379221,39,-1,2147483648,3,False,39
node_623715,node_612199,ERR11779169,2023-09-27,2023-05-17,2023-07-14,{'EG.5.1.1': 2},1846224,2,1846224,0,2,False,2
node_281157,ERR6301246,SRR16384265,2021-11-26,2021-07-02,2021-09-18,{'AY.25': 3},937048,3,-1,2147483648,3,False,3
node_643178,ERR10000125,ERR10000845,2022-06-13,2022-07-04,2022-07-05,{'BA.5.1': 6},1522963,6,1522963,0,9,False,6
ERR8249594,ERR6523836,ERR7402016,2021-12-09,2021-08-08,2021-11-08,{'AY.4': 1},1004553,1,-1,2147483648,3,False,1
node_778749,ERR4598066,SRR24134269,2020-08-14,2020-08-16,2020-12-14,{'B.1.1.44': 2},28479,2,-1,2147483648,4,False,2
node_396802,ERR5041885,ERR5307859,2021-02-05,2020-12-19,2021-01-25,{'B.1.1.7': 4},140111,4,-1,2147483648,3,False,4
SRR21538636,ERR10111960,node_641721,2022-08-29,2022-08-12,2022-08-08,{'BA.5.2.20': 1},1638506,1,1428716,9,5,False,1
node_182223,SRR20917429,SRR16247797,2021-11-09,2021-12-14,2021-09-25,{'AY.100': 5},866965,6,-1,2147483648,5,False,5
SRR16245660,SRR16196766,SRR15864177,2021-09-09,2021-09-10,2021-08-18,{'AY.110': 1},573485,1,-1,2147483648,6,False,1
node_3237,SRR14406570,ERR11824222,2021-02-24,2021-02-05,2021-05-15,{'B.1.243': 4},140598,13,-1,2147483648,1,False,4
ERR7290159,ERR7310933,ERR6815399,2021-10-28,2021-10-16,2021-09-12,{'AY.4.2': 1},785056,1,730085,2,8,False,1
ERR6485026,SRR16106289,ERR6175290,2021-08-01,2021-08-09,2021-06-19,{'AY.122': 1},423977,1,-1,2147483648,5,False,1
SRR21263213,SRR17360934,ERR6571333,2021-11-29,2021-12-01,2021-08-18,{'AY.103': 1},951664,3,951665,1,0,False,1
node_77458,ERR11753862,ERR7186381,2021-10-30,2021-10-17,2021-10-18,{'AY.4.2': 4},790867,4,790868,1,0,False,4
SRR20898684,SRR19690432,ERR9237650,2022-02-09,2022-03-07,2022-02-18,{'BA.1.1': 1},1237009,1,-1,2147483648,4,False,1
node_112618,ERR11753936,ERR7314127,2021-09-16,2021-10-18,2021-10-15,{'AY.4.2': 16},602253,17,-1,2147483648,3,False,16
node_230752,ERR7585066,ERR7104107,2021-11-06,2021-11-07,2021-10-07,{'AY.120': 10},828928,10,828928,0,0,False,10
SRR20891142,SRR19223596,SRR15391088,2021-12-30,2021-12-15,2021-07-15,{'AY.39': 1},1073366,1,1073367,1,0,False,1
SRR20234060,SRR16383118,ERR6112499,2021-11-03,2021-09-17,2021-06-08,{'AY.4': 1},815126,1,815127,1,0,False,1
SRR15864066,SRR15717755,SRR15199972,2021-08-17,2021-08-27,2021-06-25,{'AY.39.1': 1},478814,23,-1,2147483648,4,False,1
node_616721,ERR12255014,ERR12322925,2023-10-09,2023-10-14,2023-10-11,{'JG.3.1': 7},1840379,17,1673437,16,1,False,7
node_188744,node_192166,ERR6760245,2021-08-03,2021-08-25,2021-08-27,{'AY.107': 2},432599,4,-1,2147483648,3,False,2
node_323546,node_323543,ERR6438059,2021-08-30,2021-08-15,2021-07-26,{'AY.44': 1},527947,1,527948,1,0,False,1
ERR7239898,ERR7235788,SRR20117053,2021-10-16,2021-10-16,2021-12-16,{'AY.4.12': 1},729833,1,-1,2147483648,6,False,1
ERR7234418,ERR7092687,node_188719,2021-10-18,2021-10-04,2021-10-18,{'AY.4': 1},737039,1,-1,2147483648,5,False,1
ERR10431229,ERR10019958,ERR13025552,2022-10-13,2022-07-08,2022-12-08,{'BA.5.1': 1},1685967,1,1428716,7,5,False,1
node_46581,node_46580,ERR6837873,2021-08-12,2021-08-12,2021-09-07,"{'XC': 5, 'B.1.617.2': 1}",463545,6,463545,0,1,True,6
node_360529,node_46565,SRR17443945,2021-03-23,2021-07-29,2021-07-21,"{'B.1.617.2': 2569, 'AY.54': 2520, 'AY.14': 4050, 'AY.8': 1376, 'AY.13': 1775, 'AY.16': 279, 'AY.49': 36, 'AY.53': 169, 'AY.52': 183, 'AY.51': 94, 'AY.17': 21, 'AY.15': 18, 'AY.30': 14, 'AY.19': 19, 'AY.50': 14, 'AY.16.1': 5}",234933,13157,-1,2147483648,5,False,13142
ERR5341197,ERR5041904,ERR5175948,2021-02-09,2020-12-18,2020-12-25,{'B.1.1.7': 1},145519,1,-1,2147483648,6,False,1
SRR29008035,ERR13105541,node_590176,2024-04-18,2024-04-11,2023-02-06,{'XDP.2': 1},1890708,1,1868714,2,7,True,1
SRR15391841,SRR15391840,node_189107,2021-07-19,2021-07-19,2021-07-19,{'AY.39': 1},380545,1,-1,2147483648,6,False,1
ERR8420822,ERR8275294,SRR20350853,2022-01-26,2022-01-21,2022-01-23,{'BA.1': 1},1165063,1,-1,2147483648,6,False,1
node_349570,SRR16158513,SRR15138800,2021-10-18,2021-09-07,2021-07-01,{'AY.26': 17},754616,17,-1,2147483648,3,False,17
SRR15201358,node_338479,SRR15224142,2021-07-08,2021-07-30,2021-07-12,{'AY.122': 1},358300,4,-1,2147483648,1,False,1
node_698748,ERR10181242,ERR10045818,2022-09-20,2022-09-07,2022-07-30,{'BF.11': 5},1685701,5,1428716,9,5,False,5
node_188707,ERR6070238,SRR20179445,2021-08-23,2021-06-04,2021-11-27,{'AY.4': 2},496721,2,-1,2147483648,7,False,2
ERR7009944,ERR6732961,ERR6492325,2021-09-20,2021-09-05,2021-08-07,{'AY.4': 1},620824,1,620825,1,0,False,1
ERR7541229,ERR7549572,ERR12840515,2021-11-21,2021-11-21,2021-10-28,{'AY.4': 1},908609,1,-1,2147483648,4,False,1
node_699926,ERR10738121,ERR9909685,2022-06-23,2022-08-19,2022-06-24,{'BA.5.2.1': 1},1535155,1,1535156,1,0,False,1
ERR7964568,ERR7878515,ERR11795951,2021-12-30,2021-12-20,2022-01-02,{'BA.1.17': 1},1071941,1,-1,2147483648,5,False,1
ERR8967898,ERR9006591,ERR8413714,2022-02-19,2022-02-21,2022-01-26,{'BA.1.1': 1},1278264,1,-1,2147483648,3,False,1
ERR13160309,SRR16734077,ERR13159237,2021-07-07,2021-04-28,2021-07-01,{'P.1.15': 1},356880,1,-1,2147483648,1,False,1
ERR5323825,ERR5215467,ERR5193123,2021-02-08,2021-01-20,2021-01-14,{'B.1.1.7': 1},143753,1,-1,2147483648,3,False,1
ERR7311364,ERR7344766,ERR13153313,2021-10-28,2021-10-22,2021-07-30,{'AY.4': 1},783062,1,-1,2147483648,4,False,1
SRR22037787,SRR20662736,SRR20972296,2022-10-07,2022-07-04,2022-06-25,{'BA.5.2': 1},1680304,1,1428716,10,5,False,1
SRR28347235,ERR13077040,SRR28166800,2024-02-08,2023-12-18,2024-01-24,{'JN.1': 1},1885637,1,1854739,12,3,False,1
ERR7959234,node_535291,ERR7867419,2021-12-21,2022-02-04,2021-12-19,{'BA.1': 1},1047753,1,-1,2147483648,3,False,1
SRR18537306,SRR17378487,SRR20349329,2022-01-10,2021-12-16,2022-02-17,{'BA.1.18': 1},1097865,2,-1,2147483648,3,False,1
node_284253,node_284252,SRR15948397,2021-08-02,2021-08-02,2021-08-20,{'AY.25.1': 2},429045,2,-1,2147483648,11,False,2
node_47657,SRR21324792,ERR11742306,2021-12-01,2021-11-13,2021-09-11,{'AY.117': 4},1052414,4,-1,2147483648,5,False,4
ERR7317254,ERR6862129,ERR6162082,2021-10-11,2021-09-20,2021-06-13,{'AY.4': 1},708613,1,-1,2147483648,4,False,1
node_188727,ERR11753927,SRR20918075,2021-10-10,2021-10-13,2021-12-16,{'AY.4': 6},370157,2495,-1,2147483648,2,False,6
ERR13041473,ERR13040343,ERR13042130,2023-01-30,2023-01-20,2023-02-07,{'EF.1': 1},1756386,2,1756387,1,0,False,1
node_189446,SRR16221837,SRR15391755,2021-09-22,2021-09-07,2021-07-15,{'AY.100': 1},632138,1,-1,2147483648,3,False,1
ERR6789993,ERR6648075,ERR12789550,2021-09-09,2021-08-23,2021-07-21,{'AY.4': 1},570964,1,-1,2147483648,3,False,1
node_189254,SRR15446280,ERR13153313,2021-08-12,2021-07-26,2021-07-30,{'AY.100': 1},465461,1,-1,2147483648,3,False,1
node_203675,SRR16883984,ERR12795667,2021-08-21,2021-10-12,2021-07-17,{'AY.34.1': 32},491815,39,-1,2147483648,3,False,32
node_529205,ERR11803644,ERR11743284,2021-12-19,2022-02-05,2022-01-25,{'BA.1': 1},1042281,8,-1,2147483648,4,False,1
ERR7158356,ERR7330195,ERR7149674,2021-10-08,2021-11-01,2021-10-05,{'AY.46.5': 1},696674,1,-1,2147483648,3,False,1
SRR19978751,SRR19279608,ERR11742306,2021-11-19,2021-12-17,2021-09-11,{'AY.3': 1},900819,1,-1,2147483648,4,False,1
ERR9731665,ERR9370538,ERR9415420,2022-05-01,2022-03-12,2022-03-17,{'BA.2': 1},1465997,1,-1,2147483648,3,False,1
ERR7877949,ERR7548737,ERR13153217,2021-12-19,2021-11-22,2021-07-31,{'AY.111': 1},1042060,1,-1,2147483648,4,False,1
node_331783,SRR15920925,SRR15388843,2021-10-04,2021-09-04,2021-07-22,{'AY.44': 2},679121,2,-1,2147483648,7,False,2
node_190032,SRR16849704,SRR15993313,2021-10-18,2021-10-16,2021-08-23,{'AY.113': 2},739288,2,373989,1,7,False,2
node_610972,ERR12077788,SRR26364074,2023-08-31,2023-09-01,2023-09-26,{'XBB.1.16.6': 2},1837055,2,1837055,0,0,True,2
node_188818,SRR15921268,SRR16153649,2021-09-14,2021-09-03,2021-08-31,{'AY.118': 2},596252,2,596253,1,0,False,2
SRR23608568,SRR22063491,node_596585,2023-02-11,2022-10-15,2023-02-11,{'XBB.1.5': 1},1765415,1,1673437,9,5,True,1
SRR26324789,SRR26147963,SRR22997090,2023-09-24,2023-09-10,2022-10-15,{'HF.1': 1},1844968,1,1673437,17,3,False,1
ERR6224762,ERR6258464,ERR6331524,2021-07-01,2021-06-29,2021-07-10,{'AY.4': 1},345053,1,-1,2147483648,3,False,1
SRR20254670,SRR16537945,ERR6493816,2021-10-16,2021-09-17,2021-07-31,{'AY.20': 1},730962,1,-1,2147483648,4,False,1
SRR21195399,ERR10187391,ERR10002732,2022-07-19,2022-08-18,2022-07-08,{'BA.5.8': 1},1580964,1,1428716,6,6,False,1
node_696532,SRR21001735,SRR19708420,2022-06-13,2022-07-23,2022-05-17,{'BA.5': 3},1523091,3,1523091,0,0,False,3
SRR20492248,ERR10000040,ERR10130544,2022-07-02,2022-07-06,2022-08-18,{'BA.5.1.3': 1},1548457,1,1428716,9,4,False,1
SRR19266568,ERR11761851,SRR19269835,2021-11-20,2021-07-16,2021-11-14,{'AY.103': 1},907103,1,-1,2147483648,4,False,1
node_645249,ERR13044385,ERR10431229,2022-12-08,2022-11-28,2022-10-13,{'BA.5.1.34': 1},1720471,1,1428716,10,1,False,1
node_188685,ERR13156943,ERR6112499,2021-09-03,2021-09-02,2021-06-08,{'AY.4': 3},167127,1241012,-1,2147483648,1,False,3
node_189239,ERR6888433,ERR6485838,2021-09-21,2021-09-21,2021-07-27,{'AY.36': 2},626065,2,-1,2147483648,5,False,2
ERR9645612,ERR11780216,ERR9590653,2022-04-16,2022-03-28,2022-04-04,{'BA.2': 1},1439525,1,-1,2147483648,4,False,1
node_84025,ERR6070038,ERR7043913,2021-08-20,2021-06-02,2021-09-30,{'AY.4': 115},487306,117,-1,2147483648,3,False,115
node_638688,ERR10002228,ERR10003894,2022-05-17,2022-07-04,2022-07-08,"{'BA.5.1': 24, 'BA.5.1.30': 1, 'BA.5.1.1': 1}",1428715,49685,1428716,2,1,False,26
ERR6529242,ERR13287273,ERR6526675,2021-08-09,2021-12-04,2021-08-10,{'AY.4': 1},454121,1,-1,2147483648,3,False,1
SRR20265114,SRR17201591,ERR6840673,2021-11-16,2021-11-12,2021-09-03,{'AY.3': 1},885173,1,-1,2147483648,4,False,1
node_632649,ERR12722703,ERR12554347,2024-01-27,2024-02-07,2024-01-07,"{'JN.1.11': 2, 'KP.2': 1}",1868912,1183,1854739,8,1,False,3
ERR6762805,ERR6756041,ERR6378221,2021-08-27,2021-08-27,2021-07-21,{'AY.120': 1},515388,1,-1,2147483648,3,False,1
ERR7286923,SRR19978756,node_342468,2021-10-28,2021-11-17,2021-07-18,{'AY.122': 1},782089,1,-1,2147483648,6,False,1
node_126812,ERR7187845,SRR17646921,2021-10-23,2021-10-20,2021-12-07,{'AY.4': 2},761645,2,-1,2147483648,3,False,2
node_302192,ERR6319867,SRR15200762,2021-08-22,2021-07-08,2021-07-08,{'AY.3': 29},494615,29,-1,2147483648,3,False,29
node_668178,node_667457,ERR10430978,2022-11-22,2023-01-07,2022-10-17,{'BQ.1.23': 10},1711383,10,1428716,12,4,False,10
node_440432,SRR21347860,ERR8223280,2022-01-31,2022-02-14,2021-12-21,{'BA.1.15': 1},1190248,1,1190249,1,0,False,1
node_189093,SRR16786544,SRR15629270,2021-10-19,2021-10-07,2021-08-06,{'AY.39': 2},744632,2,744633,1,0,False,2
ERR9733356,ERR9733376,ERR10045311,2022-05-10,2022-05-10,2022-07-29,{'BA.4': 1},1479271,1,-1,2147483648,5,False,1
node_424071,node_370797,ERR5088461,2021-01-23,2021-01-18,2020-12-21,{'B.1.1.7': 1},121130,1,-1,2147483648,4,False,1
ERR11752153,ERR10085385,node_683777,2022-10-10,2022-07-27,2022-09-28,{'BF.28': 1},1683560,1,1428716,8,6,False,1
ERR7041153,ERR6592091,ERR11753700,2021-09-27,2021-08-22,2021-10-17,{'AY.4': 1},650581,1,-1,2147483648,3,False,1
node_151216,SRR17218979,node_189986,2021-11-12,2021-11-27,2021-10-11,{'AY.4': 4},865084,4,-1,2147483648,6,False,4
node_412344,SRR14375089,SRR14464157,2021-04-06,2021-04-03,2021-04-26,{'B.1.1.7': 2},243797,2,-1,2147483648,3,False,2
SRR16007885,SRR16794408,SRR16041239,2021-09-07,2021-10-07,2021-09-07,{'AY.103': 1},560974,1,-1,2147483648,3,False,1
node_198413,SRR20249552,SRR15388483,2021-11-02,2021-11-10,2021-07-26,{'AY.119.2': 61},810379,61,-1,2147483648,4,False,61
node_434735,ERR11852901,ERR5025517,2020-12-21,2021-05-16,2020-12-09,{'B.1.1.7': 21},50503,295781,-1,2147483648,1,False,21
node_518355,ERR12885491,ERR11764525,2021-12-27,2022-01-07,2021-12-05,{'BA.1.14': 1},1062728,1,1062729,1,0,False,1
ERR13012220,ERR9758574,ERR13007176,2022-09-06,2022-03-29,2022-09-30,{'BA.5.2.20': 1},1648191,1,1428716,10,3,False,1
SRR17418578,SRR15857526,SRR16383717,2021-12-17,2021-09-03,2021-09-19,{'AY.3': 1},1037383,1,1037384,1,0,False,1
SRR26171382,SRR25642990,ERR10804812,2023-09-06,2023-07-24,2023-01-04,{'GV.1': 1},1838626,1,1673437,11,4,False,1
node_606598,ERR11254885,node_603418,2023-03-02,2023-03-02,2023-05-02,{'XBB.1.5.12': 4},1785321,4,1673437,11,4,True,4
SRR14496630,SRR14496574,SRR14192055,2021-04-15,2021-04-25,2021-03-18,{'B.1.1.7': 1},258045,1,-1,2147483648,3,False,1
node_122407,ERR7359369,SRR16559304,2021-11-09,2021-11-05,2021-09-29,{'AY.4': 1},848014,1,-1,2147483648,4,False,1
ERR10086601,ERR10004340,ERR12780783,2022-07-28,2022-07-16,2022-06-04,{'BA.5.2.1': 1},1596325,1,1428716,8,5,False,1
ERR6761157,ERR6327820,ERR6435944,2021-08-24,2021-07-09,2021-07-14,{'AY.4': 1},500845,1,-1,2147483648,4,False,1
ERR7005601,ERR6478870,ERR11753555,2021-09-15,2021-08-03,2021-10-17,{'AY.4': 1},599641,1,-1,2147483648,6,False,1
node_189300,SRR15391634,node_179167,2021-09-28,2021-07-22,2021-09-07,{'AY.100': 16},167127,1241012,-1,2147483648,1,False,16
SRR20259857,SRR16706744,SRR20146104,2021-10-21,2021-10-06,2021-11-28,{'AY.100': 1},753010,1,687566,2,3,False,1
node_518336,ERR11764255,ERR8110928,2021-12-17,2021-12-06,2022-01-15,"{'BA.1.1': 10, 'BA.1.18': 2, 'BA.1': 3}",871714,424062,-1,2147483648,0,False,15
SRR16732684,SRR14464098,SRR16669022,2021-04-26,2021-04-26,2021-04-27,{'B.1.526': 1},271011,1,-1,2147483648,5,False,1
node_227404,SRR20186773,ERR6135599,2021-11-26,2021-12-05,2021-06-17,{'AY.120': 6},935927,6,-1,2147483648,4,False,6
ERR10896909,ERR11006394,node_586344,2023-02-03,2023-02-14,2023-02-03,{'CH.1.1': 1},1758721,2,-1,2147483648,5,False,1
SRR18772658,SRR20393097,SRR17864401,2022-02-20,2022-02-24,2022-01-08,{'BA.1.15': 1},1283387,1,-1,2147483648,5,False,1
SRR20917993,SRR17205823,ERR13153313,2021-12-17,2021-11-30,2021-07-30,{'AY.100': 1},1037038,1,-1,2147483648,6,False,1
SRR28166816,SRR28166510,ERR13077040,2024-01-26,2024-01-26,2023-12-18,{'JN.1.42': 1},1882578,1,1854739,12,3,False,1
ERR5232903,ERR5092662,ERR5042091,2021-01-15,2020-12-27,2020-12-17,{'B.1.1.7': 1},111499,1,-1,2147483648,6,False,1
ERR5338703,ERR5178387,SRR14705093,2021-02-10,2020-12-29,2021-04-28,{'B.1.1.7': 1},147121,1,-1,2147483648,5,False,1
SRR24221402,SRR20683740,SRR21719314,2022-08-10,2022-07-06,2022-08-22,{'BA.5.2': 1},1614374,1,1614375,1,0,False,1
ERR7685027,ERR5946395,ERR7302285,2021-11-14,2021-05-10,2021-10-24,{'AY.4': 1},874829,1,-1,2147483648,3,False,1
node_638277,ERR12752311,ERR13028133,2022-06-09,2022-06-01,2022-10-24,"{'BA.5.1.5': 84, 'BA.5': 2}",1428716,244541,1428716,0,12,False,86
ERR13277025,ERR12852529,ERR7003752,2021-12-05,2021-11-15,2021-09-16,{'AY.4.10': 1},984071,1,-1,2147483648,3,False,1
node_183842,SRR16307461,SRR15894541,2021-09-13,2021-09-15,2021-08-25,{'AY.100': 9},601783,9,-1,2147483648,4,False,9
node_356239,SRR16373762,node_356238,2021-05-06,2021-10-05,2021-05-06,{'AY.75': 4268},282372,4360,-1,2147483648,5,False,4268
node_154044,node_154036,ERR7033478,2021-10-03,2021-09-25,2021-10-03,{'AY.4': 23},680653,23,-1,2147483648,3,False,23
node_345937,SRR16499574,SRR15200045,2021-10-26,2021-09-22,2021-07-02,"{'B.1.617.2': 1, 'AY.126': 1}",1037934,2,443207,3,7,False,2
node_188316,ERR13182720,ERR6379939,2021-09-28,2021-08-22,2021-07-19,{'AY.4': 6},379396,1432,-1,2147483648,1,False,6
node_520502,ERR7973195,ERR7906303,2022-01-26,2022-01-04,2021-12-27,"{'BA.1.17.2': 1, 'BA.1.1': 1}",1216512,2,-1,2147483648,3,False,2
node_179948,ERR13161216,node_189356,2021-10-20,2021-09-21,2021-12-04,{'AY.100': 6},781218,8,-1,2147483648,4,False,6
node_191636,ERR11761991,ERR6571997,2021-07-01,2021-07-18,2021-08-16,{'AY.42': 58},344386,2137,-1,2147483648,3,False,58
node_190030,SRR20251448,ERR6629221,2021-11-11,2021-11-11,2021-08-08,{'AY.113': 1},859449,1,373989,1,6,False,1
SRR20940284,SRR20186719,ERR13160151,2021-12-07,2021-12-06,2021-08-03,{'AY.119.2': 1},996419,1,-1,2147483648,8,False,1
ERR7309466,ERR6162082,ERR11755029,2021-10-31,2021-06-13,2021-10-19,{'AY.4': 1},794465,1,794466,1,0,False,1
ERR9234688,ERR12817397,ERR11827882,2022-01-17,2021-08-17,2021-11-09,{'AY.126': 1},1120935,1,1120936,1,0,False,1
ERR6999878,ERR6369178,ERR6785457,2021-09-15,2021-07-15,2021-09-09,{'AY.4': 1},599500,1,-1,2147483648,5,False,1
node_656800,ERR10081406,SRR21458347,2022-07-13,2022-08-04,2022-08-21,{'BE.1': 2},1568744,2,1428716,8,3,False,2
SRR16883912,node_179878,ERR13153313,2021-10-13,2021-10-15,2021-07-30,{'AY.100': 1},719262,2,-1,2147483648,5,False,1
SRR15864311,SRR15863916,ERR6491956,2021-08-17,2021-08-18,2021-07-21,{'AY.100': 1},478859,2,-1,2147483648,3,False,1
SRR20261847,ERR6762270,SRR19292934,2021-11-12,2021-09-03,2021-11-11,{'AY.120.1': 1},865097,1,-1,2147483648,4,False,1
node_726655,ERR12756206,ERR10004551,2022-03-03,2022-02-11,2022-04-22,{'BA.2': 4},1316967,4,-1,2147483648,4,False,4
SRR28104551,node_623723,ERR13050029,2023-11-01,2023-10-05,2023-10-16,{'EG.5.1.3': 1},1856181,1,1856182,1,0,False,1
node_269312,node_269311,SRR16266058,2021-12-13,2021-12-13,2021-09-30,{'AY.103': 3},1025449,3,-1,2147483648,5,False,3
ERR9197831,ERR7907271,ERR8289332,2022-02-25,2021-12-28,2022-01-22,{'BA.1.1': 1},1301621,1,-1,2147483648,4,False,1
ERR9700745,ERR9327656,ERR9403826,2022-04-10,2022-03-09,2022-03-15,{'BA.2': 1},1429521,1,-1,2147483648,3,False,1
SRR15807271,node_237177,ERR13153313,2021-08-06,2021-09-05,2021-07-30,{'AY.118': 1},446726,1,-1,2147483648,8,False,1
SRR20250958,SRR20945794,ERR13153313,2021-11-12,2021-11-19,2021-07-30,{'AY.118': 1},864845,1,-1,2147483648,8,False,1
ERR6480436,ERR6334546,ERR7308843,2021-08-04,2021-07-12,2021-10-17,{'AY.4': 1},435585,1,-1,2147483648,7,False,1
node_188807,SRR16190445,ERR6763204,2021-10-15,2021-09-16,2021-08-27,{'AY.118': 1},727559,1,-1,2147483648,7,False,1
SRR17521936,SRR17650946,SRR17110226,2021-12-16,2021-12-18,2021-10-22,{'AY.112.2': 1},1032430,1,-1,2147483648,1,False,1
node_777628,SRR16240693,node_777627,2022-12-12,2021-09-17,2022-12-12,{'XBC.1.2.1': 98},1727007,98,1727007,0,32,True,98
node_647718,ERR12538964,ERR12972253,2022-09-15,2022-07-15,2022-08-07,{'BA.5.1': 14},1658953,14,1658954,1,0,False,14
SRR25955693,SRR26123285,SRR26075997,2023-08-25,2023-09-03,2023-08-23,{'XBB.1.16': 1},1834753,1,1834754,1,0,True,1
node_188859,node_188858,SRR17117350,2021-11-27,2021-11-27,2021-11-17,{'AY.118': 3},954108,3,940280,1,0,False,3
node_140199,ERR6590836,ERR11742306,2021-10-05,2021-08-21,2021-09-11,{'AY.4': 4},682661,4,-1,2147483648,3,False,4
SRR20999827,node_555793,ERR12978293,2022-07-23,2022-06-09,2022-07-26,{'BA.4': 1},1587445,1,-1,2147483648,0,False,1
node_738639,ERR9102767,ERR12050921,2022-03-25,2022-02-23,2022-03-21,{'BA.2': 2},1391692,2,-1,2147483648,3,False,2
ERR9393705,ERR12342136,ERR9327656,2022-03-13,2022-04-07,2022-03-09,{'BA.2': 1},1352873,1,-1,2147483648,3,False,1
node_601349,node_593653,ERR10666866,2023-02-28,2023-03-05,2022-11-22,{'XBB.1.5': 1},1782555,1,1673437,8,7,True,1
SRR18797810,ERR8085827,SRR18135256,2022-01-27,2022-01-13,2022-01-18,{'BA.1.15': 1},1170379,1,-1,2147483648,4,False,1
ERR13053865,node_589443,ERR9909316,2023-01-10,2023-03-02,2022-06-25,{'XBB.1.5': 1},1744136,1,1673437,6,6,True,1
ERR6936830,ERR6936633,ERR11764426,2021-09-29,2021-09-29,2021-12-05,{'AY.4': 1},659210,1,-1,2147483648,3,False,1
node_463864,ERR7923540,node_466886,2022-01-21,2021-12-29,2022-02-10,{'BA.1.1': 3},1140271,3,-1,2147483648,4,False,3
node_269091,SRR16260196,SRR16527435,2021-09-30,2021-09-20,2021-09-23,{'AY.103': 2},664872,2,-1,2147483648,3,False,2
node_391602,ERR5673996,ERR6714874,2021-03-02,2021-02-23,2021-03-04,{'B.1.1.7': 12},180101,12,-1,2147483648,3,False,12
node_33589,ERR5043048,ERR5058830,2020-12-11,2020-12-22,2020-12-21,{'B.1.177': 3},78179,3,-1,2147483648,6,False,3
node_263915,SRR16160925,ERR9899245,2021-09-28,2021-09-07,2021-08-11,{'AY.103': 3},720127,3,-1,2147483648,4,False,3
node_188876,SRR15548524,SRR15199972,2021-07-19,2021-07-27,2021-06-25,{'AY.39.1': 1},380572,1,-1,2147483648,1,False,1
node_627477,ERR10426477,ERR10000052,2022-12-07,2022-10-10,2022-07-06,"{'XBB.2.3': 1, 'XBB.1': 6, 'XBV': 3}",1428716,244541,1428716,0,12,True,10
node_166871,ERR11754747,ERR11754047,2021-08-20,2021-10-19,2021-10-13,{'AY.4': 2},487422,2,487422,0,0,False,2
SRR17235283,SRR17235285,SRR17110226,2021-10-29,2021-10-29,2021-10-22,{'AY.112.2': 1},787992,1,-1,2147483648,5,False,1
SRR26390973,SRR26331142,node_623414,2023-10-02,2023-09-25,2023-04-25,{'XBB.1.16': 1},1847491,1,1847492,1,0,True,1
node_91572,ERR5965944,ERR6769249,2021-09-08,2021-05-12,2021-09-02,{'AY.4.9': 18},564753,18,-1,2147483648,8,False,18
node_630473,ERR12551638,ERR13076974,2023-12-05,2023-12-26,2023-11-20,{'JN.1.43.1': 2},1875266,2,1854739,9,3,False,2
node_436645,ERR5278148,ERR11820869,2021-03-27,2021-01-29,2021-04-10,{'B.1.1.7': 5},224500,5,-1,2147483648,7,False,5
node_188884,SRR16592452,SRR15313765,2021-12-16,2021-10-02,2021-07-23,{'AY.39.1': 3},3406697,3,-1,2147483648,2,False,3
SRR24143143,SRR23358123,ERR10932739,2023-03-30,2023-01-23,2023-02-12,{'FG.2': 1},1805431,1,1673437,8,6,False,1
node_189928,SRR15699928,SRR16780540,2021-08-02,2021-08-06,2021-10-07,{'AY.119': 1},429068,1,-1,2147483648,4,False,1
node_398679,ERR11822504,ERR5403691,2021-03-27,2021-05-03,2021-02-02,{'B.1.1.7': 1},224743,1,-1,2147483648,6,False,1
ERR8710175,ERR9085139,ERR11822152,2022-02-16,2022-02-16,2022-02-14,{'BA.1.1': 1},1266834,1,-1,2147483648,4,False,1
node_516994,ERR9625458,DRR354685,2022-02-23,2022-04-11,2022-02-22,{'BA.1.1.1': 7},1326101,7,-1,2147483648,3,False,7
node_647723,SRR21271755,SRR19939076,2022-10-07,2022-08-01,2022-06-07,{'BA.5.1': 2},1680480,2,1680480,0,0,False,2
SRR19681844,SRR19369140,ERR13306889,2022-05-25,2022-03-28,2022-01-11,{'BA.2.9': 1},1497703,1,-1,2147483648,5,False,1
SRR16040829,SRR16059998,node_345225,2021-08-28,2021-08-24,2021-08-29,{'AY.20': 1},520668,1,-1,2147483648,6,False,1
ERR6660623,ERR6136456,ERR6605757,2021-08-27,2021-06-17,2021-08-24,{'AY.4': 1},514785,1,-1,2147483648,4,False,1
node_77148,ERR5991611,ERR6561870,2021-06-07,2021-05-19,2021-08-17,{'AY.4': 29},175379,680876,-1,2147483648,1,False,29
node_376299,ERR5552870,ERR5088809,2021-03-23,2021-03-15,2020-12-30,{'B.1.1.7': 66},217046,66,217046,0,1,False,66
ERR8004957,ERR7654739,ERR8146292,2022-01-05,2021-12-01,2022-01-18,{'BA.1': 1},1085292,6,-1,2147483648,3,False,1
node_188732,ERR7235923,SRR17301872,2021-12-07,2021-10-19,2021-12-07,{'AY.4': 2},994403,2,742742,2,3,False,2
node_204492,node_204491,ERR11762854,2021-08-18,2021-08-18,2021-08-13,{'AY.126': 314},431927,343,-1,2147483648,2,False,314
SRR21702654,ERR11825055,ERR10120077,2022-08-28,2022-05-24,2022-08-16,{'BA.5': 1},1636610,1,1428716,4,6,False,1
ERR11039811,node_615051,ERR11823119,2023-03-09,2023-03-09,2022-02-08,{'GA.1': 1},1790672,1,1673437,9,3,False,1
node_580036,ERR12964985,node_571991,2022-04-10,2022-04-24,2022-04-15,{'BA.2': 9},1430227,9,-1,2147483648,5,False,9
node_48267,SRR17255138,ERR6488595,2021-12-03,2021-10-29,2021-08-01,{'AY.112.2': 7},972871,10,-1,2147483648,5,False,7
ERR8217255,ERR7573123,ERR11742306,2021-12-17,2021-11-07,2021-09-11,{'AY.4.2.2': 1},1035838,1,-1,2147483648,3,False,1
ERR9003093,ERR8567420,ERR9370560,2022-02-19,2022-02-05,2022-03-13,{'BA.1.1.1': 1},1278707,1,-1,2147483648,3,False,1
SRR21458042,ERR9989943,ERR10002349,2022-08-21,2022-07-14,2022-07-07,{'BA.4.1': 1},1628177,1,-1,2147483648,3,False,1
SRR25815279,SRR25910369,SRR25709704,2023-08-10,2023-08-14,2023-07-30,{'XBB.1.16.11': 1},1830800,1,1673437,16,3,True,1
SRR21266520,SRR19222383,ERR6440908,2021-12-14,2021-12-15,2021-07-26,{'AY.100': 1},1025242,1,-1,2147483648,6,False,1
node_83416,ERR6587534,ERR11754438,2021-09-07,2021-08-21,2021-10-18,{'AY.4': 2},558627,2,-1,2147483648,4,False,2
SRR23600395,SRR15534825,ERR6112499,2021-09-28,2021-08-03,2021-06-08,{'AY.46.1': 1},656575,1,656576,1,0,False,1
ERR10031820,ERR10005856,ERR10023010,2022-07-27,2022-07-21,2022-07-23,{'BE.1': 1},1594770,1,1594771,1,0,False,1
node_189695,SRR17330483,SRR20226657,2021-12-07,2021-12-08,2021-11-01,{'AY.42': 3},995109,3,373410,10,7,False,3
node_179844,node_189306,ERR11827861,2021-10-17,2021-10-19,2021-11-09,{'AY.100': 3},733666,3,-1,2147483648,8,False,3
node_701834,ERR10319597,SRR22092961,2022-10-10,2022-09-13,2022-10-12,{'BA.5.2': 6},1683417,6,1683417,0,1,False,6
SRR17448630,SRR15201319,SRR15314696,2021-07-18,2021-07-08,2021-07-26,{'AY.26': 1},377976,1,-1,2147483648,10,False,1
ERR7322556,ERR7111002,ERR6076282,2021-10-30,2021-10-09,2021-06-04,{'AY.4': 1},791113,1,-1,2147483648,4,False,1
node_189023,SRR15199972,node_234812,2021-10-04,2021-06-25,2021-10-23,{'AY.39': 1},679283,3,-1,2147483648,3,False,1
SRR22255468,SRR21158121,SRR21795464,2022-09-26,2022-07-14,2022-09-14,{'BA.5': 1},1670315,1,1670316,1,0,False,1
node_663272,ERR10749075,SRR22908214,2022-11-10,2022-12-17,2022-11-12,{'BQ.1.1': 2},1706094,2,1706095,1,0,False,2
SRR15160209,SRR14392692,SRR15157873,2021-05-14,2021-04-06,2021-05-09,{'B.1.1.7': 1},291383,1,-1,2147483648,3,False,1
node_459254,ERR11795951,node_459253,2022-02-09,2022-01-02,2022-02-09,{'BA.1.1': 1},1236771,1,-1,2147483648,4,False,1
SRR15410406,SRR15386491,SRR17269865,2021-07-17,2021-07-24,2021-10-27,{'AY.20': 1},375984,1,-1,2147483648,3,False,1
SRR17176697,SRR15555270,SRR15545735,2021-11-28,2021-08-03,2021-07-29,{'AY.25': 1},945726,1,-1,2147483648,4,False,1
node_425948,node_425945,ERR6709171,2021-03-01,2021-02-23,2021-05-04,{'B.1.1.7': 3},177888,3,-1,2147483648,0,False,3
node_623412,ERR13320212,SRR25620363,2023-08-24,2023-08-08,2023-07-21,{'EG.5.1': 3},1834462,3,1834463,1,0,False,3
ERR13175637,ERR10887522,ERR10731477,2022-12-13,2023-01-27,2022-12-12,{'BQ.1.1': 1},1723499,1,1428716,12,5,False,1
ERR13024080,ERR10107433,node_709097,2022-10-14,2022-07-27,2022-07-30,{'BA.5.2': 1},1687719,1,1428716,8,6,False,1
ERR12900432,ERR13307894,SRR20393425,2022-01-31,2022-01-20,2022-02-24,{'BA.1.1': 1},1190537,1,-1,2147483648,5,False,1
node_705300,ERR13015263,ERR10032175,2022-10-07,2022-09-03,2022-07-25,{'BA.5.2': 3},1680829,3,1428716,11,6,False,3
SRR20953902,SRR21175830,ERR6440908,2021-11-09,2021-10-26,2021-07-26,{'AY.119': 1},847411,1,-1,2147483648,7,False,1
SRR18803299,ERR11795951,SRR18812650,2022-02-01,2022-01-02,2022-01-23,{'BA.1.1': 1},1194017,1,-1,2147483648,5,False,1
node_189771,SRR20117085,ERR7233601,2021-12-05,2021-12-15,2021-10-20,{'AY.119': 2},982748,2,-1,2147483648,3,False,2
ERR7658015,ERR6322563,ERR6794218,2021-12-01,2021-07-07,2021-09-12,{'AY.4': 1},961219,1,-1,2147483648,0,False,1
SRR15819150,SRR15628544,SRR15628990,2021-08-11,2021-08-05,2021-08-06,{'AY.20': 1},462263,1,462264,1,0,False,1
node_235727,SRR17252860,SRR16075529,2021-11-13,2021-11-04,2021-09-17,{'AY.39': 1},869101,1,-1,2147483648,4,False,1
ERR6760263,ERR6539928,node_244400,2021-08-24,2021-07-30,2021-11-01,{'AY.4': 1},500754,1,-1,2147483648,7,False,1
node_305815,SRR20178148,SRR22986029,2021-12-14,2021-11-17,2021-08-23,{'AY.3': 2},1023925,2,-1,2147483648,6,False,2
node_583660,SRR20972230,ERR10756078,2022-12-31,2022-06-23,2022-12-19,{'CH.1.1': 11},1735622,11,-1,2147483648,4,False,11
node_189598,ERR6492835,SRR16749312,2021-10-06,2021-07-30,2021-10-01,{'AY.100': 10},167127,1241012,-1,2147483648,1,False,10
SRR19943422,SRR18221923,ERR8302051,2022-01-19,2022-02-16,2022-01-23,{'BA.1.17.2': 1},1132668,1,-1,2147483648,3,False,1
SRR16245594,SRR16245591,ERR11754059,2021-09-09,2021-09-09,2021-10-13,{'AY.39': 1},573467,1,-1,2147483648,4,False,1
SRR23911470,ERR11007982,ERR11202096,2023-03-03,2023-02-27,2023-03-27,{'FD.2': 1},1785781,1,1673437,9,8,False,1
ERR12862700,ERR13189008,ERR13322490,2023-12-27,2024-03-06,2024-02-05,{'JN.1.16': 1},1875379,1,1854739,9,3,False,1
node_68487,ERR5946395,ERR6456020,2021-08-27,2021-05-10,2021-07-29,{'AY.4': 2},514507,2,-1,2147483648,3,False,2
SRR21266581,SRR17363325,SRR16709161,2021-12-13,2021-12-09,2021-09-26,{'AY.100': 1},1020184,1,-1,2147483648,1,False,1
SRR26390799,SRR26170249,ERR10804812,2023-09-30,2023-09-10,2023-01-04,{'XBB.1.5.72': 1},1846939,1,1673437,11,3,True,1
SRR15893776,SRR15385725,SRR15199972,2021-07-26,2021-07-22,2021-06-25,{'AY.39': 1},403065,1,-1,2147483648,8,False,1
SRR17105832,SRR20939623,SRR16307227,2021-11-04,2021-12-06,2021-09-13,{'AY.3': 1},819829,1,-1,2147483648,7,False,1
SRR17375270,SRR16843423,SRR17220073,2021-12-06,2021-10-28,2021-11-14,{'AY.25': 1},988294,1,-1,2147483648,7,False,1
SRR24357690,SRR24110239,SRR23358660,2023-04-15,2023-03-23,2023-01-21,{'XBB.1.9.1': 1},1812234,1,1673437,10,6,True,1
ERR7701693,ERR7541062,ERR13182720,2021-12-03,2021-11-21,2021-08-22,{'AY.4.2.3': 1},972184,1,-1,2147483648,4,False,1
node_193394,ERR11761555,SRR16527186,2021-07-31,2021-07-11,2021-09-27,{'AY.125': 15},339353,1811,-1,2147483648,1,False,15
node_189305,SRR16852687,ERR6491956,2021-09-28,2021-10-17,2021-07-21,{'AY.100': 3},655484,6,-1,2147483648,4,False,3
node_518478,ERR7896930,ERR11795533,2022-01-12,2021-12-21,2021-12-27,{'BA.1.17.2': 1},1104706,1,-1,2147483648,4,False,1
SRR14569315,ERR5233250,node_408054,2021-04-07,2021-01-22,2021-03-21,{'B.1.1.7': 1},244969,1,-1,2147483648,5,False,1
node_189611,SRR17378824,ERR13153313,2021-12-04,2021-12-06,2021-07-30,{'AY.100': 3},978168,6,-1,2147483648,2,False,3
node_413023,SRR14380439,ERR5381053,2021-04-01,2021-03-31,2021-02-15,{'B.1.1.7': 2},237023,2,-1,2147483648,5,False,2
node_696523,ERR10481901,SRR20741545,2022-08-08,2022-10-30,2022-07-10,{'BA.5.1.7': 28},1612095,28,1612095,0,1,False,28
ERR5054123,node_370228,ERR4668552,2020-12-18,2020-10-21,2020-09-22,{'B.1.1': 1},86925,1,86926,1,0,False,1
SRR22472502,ERR10109588,node_691388,2022-07-24,2022-08-03,2022-07-24,{'BA.5.2.1': 1},1589728,1,1589729,1,0,False,1
node_188926,SRR16782057,SRR20228820,2021-09-22,2021-10-14,2021-10-26,{'AY.39': 21},728533,22,-1,2147483648,3,False,21
SRR21451693,SRR21886169,node_602134,2022-08-19,2022-09-20,2023-09-03,{'BA.5.2.1': 1},1625782,1,1428716,5,6,False,1
node_195607,SRR17102708,ERR6440908,2021-11-10,2021-11-10,2021-07-26,{'AY.127': 3},853547,3,-1,2147483648,7,False,3
ERR12258749,ERR13089724,ERR8489564,2022-04-07,2022-03-27,2022-01-28,{'BA.1.1': 1},1425371,1,-1,2147483648,6,False,1
node_544107,node_436930,ERR8534857,2021-11-17,2021-11-13,2022-01-29,{'unclassified': -1},-1,0,-1,2147483648,-1,False,859683
node_8110,node_7331,ERR4759820,2020-10-20,2020-08-09,2020-10-01,{'B.1': 1},47530,1,47531,1,0,False,1
node_614555,ERR11171732,node_576364,2023-06-20,2023-03-14,2022-03-02,{'XBB.1.22.2': 3},1824499,3,1673437,7,7,True,3
ERR7204000,ERR6643911,node_188545,2021-10-12,2021-08-15,2021-12-09,{'AY.4': 1},713653,1,713654,1,0,False,1
node_188258,SRR16557577,ERR6445757,2021-08-31,2021-09-27,2021-07-14,{'AY.126': 3},533713,3,-1,2147483648,7,False,3
SRR16351018,SRR16160591,ERR6484148,2021-09-17,2021-09-05,2021-08-06,{'AY.103': 1},609350,1,-1,2147483648,4,False,1
ERR6762270,ERR6310882,ERR6484148,2021-09-03,2021-06-30,2021-08-06,{'AY.4': 1},546439,1,-1,2147483648,5,False,1
node_504432,ERR8073554,ERR8543826,2022-03-06,2022-01-10,2022-02-02,{'BA.1.1.12': 3},1394365,3,-1,2147483648,4,False,3
ERR8542910,ERR11796424,ERR7950477,2022-02-01,2022-01-10,2021-12-29,{'BA.1.12': 1},1192134,1,-1,2147483648,2,False,1
node_542896,ERR8276156,ERR7818201,2022-02-11,2022-01-22,2021-12-11,{'BA.1': 1},1244158,1,-1,2147483648,3,False,1
SRR19907459,SRR19721686,ERR12982284,2022-06-16,2022-05-25,2022-07-28,{'BA.2.12.1': 1},1526583,1,-1,2147483648,3,False,1
ERR7230644,ERR6569233,ERR6854025,2021-10-18,2021-08-13,2021-09-17,{'AY.4': 1},736970,1,-1,2147483648,5,False,1
node_447236,ERR12920263,SRR20914320,2022-01-18,2022-02-22,2022-02-01,{'BA.1.17.2': 7},1125091,7,-1,2147483648,3,False,7
ERR10750680,ERR10616408,ERR13041558,2022-12-17,2022-11-26,2023-02-01,{'CH.1.1.1': 1},1725970,1,-1,2147483648,4,False,1
ERR7720995,node_96060,ERR7540364,2021-11-29,2021-11-23,2021-11-20,{'AY.4': 1},949794,1,-1,2147483648,3,False,1
SRR20520930,ERR8537707,ERR9341105,2022-03-16,2022-01-31,2022-03-10,{'BA.1.1': 1},1364214,1,-1,2147483648,5,False,1
node_597397,SRR24002331,SRR27283782,2023-03-01,2023-03-12,2023-10-27,{'FZ.2': 1},1783905,1,1673437,10,6,False,1
node_188804,SRR15534686,node_237410,2021-08-18,2021-08-04,2021-10-07,{'AY.118': 4},322181,104,-1,2147483648,4,False,4
ERR6886715,ERR6633880,ERR12820760,2021-09-19,2021-08-23,2021-08-21,{'AY.4.7': 1},616676,1,616677,1,0,False,1
SRR16557846,SRR16558855,SRR16326434,2021-09-28,2021-09-27,2021-10-04,{'AY.3': 1},655652,1,655653,1,0,False,1
ERR9414573,ERR9665853,ERR12752379,2022-03-17,2022-04-22,2022-04-26,{'BA.2': 1},1365724,1,-1,2147483648,3,False,1
ERR6571390,ERR6337861,SRR15626486,2021-08-05,2021-07-13,2021-08-08,{'AY.4': 1},441244,1,-1,2147483648,4,False,1
node_188842,SRR16224820,ERR6112499,2021-09-13,2021-09-11,2021-06-08,{'AY.118': 2},591261,2,-1,2147483648,3,False,2
SRR15387612,SRR14142616,ERR12824840,2021-07-25,2020-07-07,2021-08-25,{'B.1.617.2': 1},399635,1,399636,1,0,False,1
node_186534,SRR14906188,SRR15199842,2021-07-11,2021-06-11,2021-06-28,{'AY.100': 1},362933,1,-1,2147483648,8,False,1
ERR6619260,ERR6408957,ERR7343244,2021-08-09,2021-07-26,2021-09-25,{'AY.4': 1},454388,1,-1,2147483648,4,False,1
ERR9704385,ERR9704425,ERR11829415,2022-04-22,2022-04-22,2022-03-16,{'BA.2': 1},1451905,1,-1,2147483648,3,False,1
node_365579,SRR17436243,ERR4210193,2020-12-15,2020-11-30,2020-03-29,{'B.1.1.222': 3},84005,3,-1,2147483648,1,False,3
ERR7697993,node_55776,ERR7142322,2021-11-24,2021-11-24,2021-10-07,{'AY.4': 1},926330,1,-1,2147483648,5,False,1
SRR18299493,SRR18187289,ERR6484148,2022-01-03,2022-01-07,2021-08-06,{'AY.44': 1},1079974,1,-1,2147483648,3,False,1
SRR20178822,SRR20262037,SRR16221743,2021-11-27,2021-11-14,2021-09-07,{'AY.20': 1},940169,1,-1,2147483648,3,False,1
ERR7310393,ERR7307518,ERR7302709,2021-10-10,2021-10-23,2021-10-10,{'AY.4.2.1': 1},704843,1,704844,1,0,False,1
SRR21889763,ERR10425705,ERR13044426,2022-09-30,2022-10-07,2022-10-18,{'BA.5.1.18': 1},1673843,1,1428716,12,5,False,1
ERR7317852,ERR6583901,ERR6830767,2021-10-20,2021-08-19,2021-09-06,{'AY.4': 1},747798,1,747799,1,0,False,1
ERR6885659,ERR6619898,ERR6112499,2021-08-19,2021-08-19,2021-06-08,{'AY.4': 1},484966,1,-1,2147483648,4,False,1
SRR20922502,SRR19448389,ERR11780336,2022-02-16,2022-02-07,2022-03-28,{'BA.1.1': 1},1269336,1,-1,2147483648,1,False,1
node_100592,ERR11755558,ERR7614888,2021-12-09,2021-11-25,2021-11-24,{'AY.4.2.2': 1},1003386,1,-1,2147483648,3,False,1
SRR16791700,ERR4421368,ERR5648163,2020-10-16,2020-06-23,2021-03-12,{'B.1.1.168': 1},45835,1,-1,2147483648,6,False,1
ERR13129502,ERR11822318,ERR12793377,2021-07-10,2021-06-28,2021-07-15,{'AY.60': 1},361815,1,-1,2147483648,4,False,1
ERR4638271,ERR4332924,ERR4646696,2020-07-23,2020-05-08,2020-08-01,{'B.1.1.217': 1},25597,1,-1,2147483648,0,False,1
node_390756,ERR6101447,SRR15138671,2021-07-13,2021-06-08,2021-06-30,{'Q.3': 5},366700,5,366701,1,0,False,5
SRR23322201,SRR22512396,SRR22692298,2022-12-20,2022-11-25,2022-11-19,{'BQ.1.3.2': 1},1729112,1,1428716,12,5,False,1
SRR25681644,SRR25681662,SRR23530383,2023-07-24,2023-07-11,2023-02-08,{'XBB.1.5.10': 1},1827508,1,1673437,9,4,True,1
SRR16623848,SRR15157846,ERR5054963,2021-05-18,2021-05-09,2020-12-18,{'B.1.1.7': 1},295225,1,-1,2147483648,3,False,1
node_338213,SRR17371460,SRR16863388,2021-11-02,2021-12-02,2021-10-28,{'AY.122': 3},783516,32,-1,2147483648,1,False,3
node_120536,ERR6888115,ERR7270698,2021-08-30,2021-08-30,2021-10-25,{'AY.4': 2},526364,2,-1,2147483648,3,False,2
SRR25709704,node_613008,SRR26556650,2023-07-30,2023-07-30,2023-10-13,{'XBB.1.16': 1},1828311,1,1673437,12,5,True,1
node_95374,SRR16344982,SRR16201163,2021-07-29,2021-07-30,2021-09-07,{'B.1.617.2': 2},430370,2,-1,2147483648,3,False,2
SRR19267453,ERR12794355,SRR19267260,2021-11-24,2021-07-17,2021-11-24,{'AY.39': 1},928452,1,928453,1,0,False,1
node_572257,ERR10004469,SRR18329258,2022-03-04,2022-04-22,2022-02-07,{'BA.2': 2},1406881,2,-1,2147483648,3,False,2
ERR9758204,ERR12896053,ERR9399721,2022-04-01,2022-01-17,2022-03-14,{'BA.2': 1},1412984,1,-1,2147483648,5,False,1
ERR13018108,ERR10032066,ERR10015468,2022-09-19,2022-07-26,2022-07-14,{'BA.5.2': 1},1664113,1,1664114,1,0,False,1
node_462902,SRR18478371,ERR13168088,2022-04-01,2022-03-14,2022-01-31,{'BA.1.1': 1},1413868,1,-1,2147483648,3,False,1
node_461996,SRR18798910,SRR17958621,2022-01-21,2022-01-22,2022-01-14,{'BA.1.1': 2},1110710,4,-1,2147483648,2,False,2
node_646826,ERR10015645,ERR10000238,2022-09-04,2022-07-18,2022-07-05,{'BA.5.2': 14},871728,1294334,-1,2147483648,64,False,14
SRR20537469,SRR20536800,ERR10002732,2022-04-11,2022-03-31,2022-07-08,{'BA.2': 1},1432563,1,-1,2147483648,3,False,1
node_782539,node_782538,SRR15856342,2021-01-24,2021-01-24,2021-08-30,"{'P.1.10': 601, 'P.1.15': 736, 'P.1': 3676, 'P.1.7': 49, 'P.1.17': 544, 'P.1.16': 43, 'P.1.2': 146, 'P.1.1': 8, 'P.1.13': 164, 'P.1.14': 35, 'P.1.17.1': 6, 'P.1.12': 10, 'P.1.4': 1, 'P.1.7.1': 4, 'P.1.9': 1}",132046,6028,-1,2147483648,30,False,6024
ERR8269705,ERR8645509,ERR7906930,2022-01-20,2022-02-08,2021-12-28,{'BA.1.1': 1},1136245,1,-1,2147483648,3,False,1
SRR18153187,SRR21709420,SRR18697872,2022-01-21,2022-02-17,2022-03-30,{'BA.1.1': 1},1143164,1,-1,2147483648,7,False,1
node_756731,ERR9758168,ERR9227070,2022-03-28,2022-03-30,2022-03-03,{'BA.2': 2},1406447,2,-1,2147483648,4,False,2
node_707126,ERR10003639,node_708978,2022-06-20,2022-07-05,2022-06-28,{'BA.5.2': 6},1542576,10,1428716,7,3,False,6
ERR7573150,ERR6201113,ERR12819838,2021-10-29,2021-06-29,2021-08-17,{'AY.120': 1},786842,1,-1,2147483648,4,False,1
node_318910,SRR16199075,ERR12820480,2021-10-21,2021-09-12,2021-08-26,{'AY.44': 8},752409,8,-1,2147483648,5,False,8
ERR7001804,ERR6450851,ERR6869533,2021-09-16,2021-07-24,2021-09-21,{'AY.6': 1},604097,1,-1,2147483648,4,False,1
node_21213,SRR14374918,SRR16619020,2021-05-07,2021-04-02,2021-04-05,{'B.1.526': 4},283853,4,283854,1,0,False,4
ERR6385679,ERR6761636,ERR6756838,2021-07-21,2021-08-17,2021-07-26,{'AY.43': 1},385462,1,-1,2147483648,4,False,1
SRR21331931,SRR16843423,SRR15947789,2021-11-18,2021-10-28,2021-08-31,{'AY.25.1': 1},897823,1,-1,2147483648,3,False,1
SRR19903000,SRR15877167,SRR19223615,2021-11-01,2021-08-26,2021-12-15,{'AY.25.1': 1},802496,1,-1,2147483648,5,False,1
SRR16384086,SRR15920527,SRR17352864,2021-09-18,2021-08-29,2021-12-12,{'AY.3': 1},614136,1,-1,2147483648,4,False,1
node_699909,ERR10000034,ERR11535327,2022-06-17,2022-07-05,2022-06-06,"{'BA.5.2.1': 1, 'BA.2.12.1': 2, 'BA.5.1': 1, 'BA.5': 1, 'BA.2': 1}",965896,552721,-1,2147483648,1,False,6
node_56637,ERR6012217,ERR7142982,2021-10-28,2021-05-26,2021-10-04,{'AY.4': 5},783406,5,-1,2147483648,3,False,5
ERR7327882,ERR7369266,ERR7330875,2021-10-31,2021-10-29,2021-10-31,{'AY.4': 1},795622,1,-1,2147483648,4,False,1
SRR14391415,ERR5026591,SRR14337596,2021-04-06,2020-12-10,2021-04-09,{'B.1.1.7': 1},242973,1,-1,2147483648,4,False,1
ERR7229021,ERR6598808,ERR6605289,2021-10-11,2021-08-22,2021-08-24,{'AY.4': 1},708234,1,708235,1,0,False,1
node_698242,ERR10231681,SRR21371742,2022-08-28,2022-08-31,2022-08-15,{'BF.39': 3},1664187,3,1428716,7,3,False,3
SRR23949197,SRR24954266,SRR23757988,2023-02-16,2023-06-04,2023-02-21,{'XBB.1.5': 1},1771766,1,1673437,8,11,True,1
node_405890,ERR6714615,node_405793,2021-02-14,2021-02-08,2021-05-08,{'B.1.1.7': 6},154020,6,-1,2147483648,2,False,6
node_518383,ERR13165819,ERR11764255,2021-12-19,2022-01-18,2021-12-06,{'BA.1': 1},1043232,1,-1,2147483648,3,False,1
SRR15920794,SRR15391898,SRR15921866,2021-09-01,2021-07-14,2021-08-31,{'AY.20': 1},537189,1,-1,2147483648,7,False,1
SRR15550529,SRR15545922,ERR7920237,2021-07-30,2021-07-31,2021-12-27,{'AY.75': 1},417788,1,-1,2147483648,3,False,1
node_523354,ERR7775913,ERR8757000,2022-02-11,2021-12-09,2022-02-12,{'BA.1.17.2': 2},1256110,2,-1,2147483648,5,False,2
node_719817,ERR9933801,SRR21041150,2022-07-11,2022-06-30,2022-07-24,{'BA.4.6': 7},1566428,7,-1,2147483648,3,False,7
SRR20186763,SRR17251148,SRR16527388,2021-12-05,2021-11-15,2021-09-27,{'AY.100': 1},982706,1,-1,2147483648,4,False,1
ERR7724904,ERR7515125,ERR12794355,2021-12-04,2021-11-14,2021-07-17,{'AY.122': 1},976886,1,-1,2147483648,8,False,1
SRR20874717,ERR8270226,node_460287,2021-12-31,2022-01-20,2021-12-31,{'BA.1.1': 1},1075040,1,-1,2147483648,5,False,1
node_636835,ERR10165329,SRR21976996,2022-08-14,2022-08-25,2022-10-08,{'BA.5.1': 6},1630626,6,1619628,1,0,False,6
SRR21163600,SRR20682627,ERR10023209,2022-06-29,2022-07-08,2022-07-20,{'BA.5.2.1': 1},1543304,1,1428716,10,3,False,1
SRR18220842,SRR18538632,ERR12903677,2022-02-16,2022-02-03,2022-01-29,{'BA.1.1': 1},1268542,1,-1,2147483648,3,False,1
ERR7120719,ERR6936531,ERR7880121,2021-10-11,2021-09-30,2021-12-22,{'AY.4': 1},707888,1,-1,2147483648,5,False,1
SRR19827830,ERR8069247,SRR19933199,2022-01-31,2022-01-10,2021-12-24,{'BA.1.1': 1},1189435,1,-1,2147483648,5,False,1
node_179564,SRR20189257,ERR6405070,2021-11-27,2021-12-07,2021-07-23,{'AY.100': 8},940160,8,-1,2147483648,3,False,8
node_640910,ERR13128088,SRR21371745,2022-07-22,2022-07-12,2022-08-15,{'BA.5.1.23': 2},1586600,2,1428716,7,5,False,2
SRR17275482,SRR17393308,SRR20179884,2021-12-02,2021-12-02,2021-11-26,{'AY.112.2': 1},968232,1,-1,2147483648,6,False,1
SRR21001321,ERR12535440,ERR10004138,2022-07-23,2022-07-07,2022-07-06,{'BA.5.1': 1},1587898,1,1587899,1,0,False,1
node_230388,ERR11761456,ERR12819161,2021-08-06,2021-07-06,2021-08-03,{'AY.120.2.1': 1},447123,1,-1,2147483648,5,False,1
node_638297,ERR10023304,ERR10111486,2022-10-31,2022-07-21,2022-08-13,{'BA.5': 2},1700903,2,1700904,1,0,False,2
ERR7237498,ERR7188786,ERR7231909,2021-10-20,2021-10-19,2021-10-20,{'AY.4': 1},747232,1,747233,1,0,False,1
node_700672,ERR13040343,ERR10000094,2022-07-06,2023-01-20,2022-07-05,{'BA.5.2.1': 5},1556594,6,1556595,1,0,False,5
node_250017,SRR16269149,ERR6649245,2021-11-06,2021-10-01,2021-08-24,{'AY.103': 1},831350,1,-1,2147483648,4,False,1
ERR12845982,ERR11764612,ERR5991611,2021-11-10,2021-11-26,2021-05-19,{'AY.43': 1},855458,1,-1,2147483648,3,False,1
SRR18381676,ERR8302545,node_527732,2022-01-28,2022-01-22,2022-01-28,{'BA.1.17.2': 1},1174595,1,-1,2147483648,7,False,1
node_106895,ERR11753740,ERR11756314,2021-12-07,2021-10-17,2021-11-27,{'AY.4.2.1': 5},992529,5,-1,2147483648,2,False,5
SRR15842153,SRR12185549,SRR14377080,2021-03-01,2020-06-11,2021-02-28,{'B.1.2': 1},2020654,1,-1,2147483648,0,False,1
node_252715,SRR16559609,SRR16877543,2021-09-17,2021-09-25,2021-08-30,{'AY.103': 1},609259,1,-1,2147483648,4,False,1
node_208740,ERR11847539,ERR6191008,2021-10-15,2021-10-18,2021-06-26,{'AY.5': 4},724743,4,-1,2147483648,3,False,4
node_639579,ERR10000121,ERR12982185,2022-11-06,2022-07-05,2022-08-02,{'BA.5.1.5': 2},1703927,2,1703928,1,0,False,2
node_189673,SRR16504126,SRR15628757,2021-10-20,2021-09-21,2021-08-05,{'AY.117': 2},781249,2,749110,1,0,False,2
node_614166,ERR11202219,SRR23177976,2023-03-20,2023-03-28,2023-01-07,{'XBB.1.16.20': 1},1798480,1,1673437,13,4,True,1
SRR20918102,node_180626,ERR6440908,2021-12-15,2021-12-15,2021-07-26,{'AY.100': 1},1029197,1,1029198,1,0,False,1
SRR20918306,SRR19931798,SRR15391719,2021-12-14,2021-11-05,2021-07-21,{'AY.119': 1},1024314,1,1024315,1,0,False,1
node_134887,ERR11761851,ERR6477756,2021-11-07,2021-07-16,2021-08-01,{'AY.4': 1},835720,1,835721,1,0,False,1
node_518354,ERR11764255,ERR13282197,2021-12-13,2021-12-06,2022-01-02,"{'BA.1.14': 1, 'BA.1': 2}",871714,424062,-1,2147483648,0,False,3
ERR10120476,ERR10366275,ERR10120331,2022-08-18,2022-09-27,2022-08-18,{'BE.1': 1},1624137,1,1428716,8,3,False,1
SRR23177906,ERR13017345,SRR23911318,2023-01-05,2022-10-24,2023-03-01,{'BQ.1.1.15': 1},1740830,1,1428716,13,2,False,1
node_150777,ERR6919682,ERR12839238,2021-09-26,2021-09-26,2021-10-21,{'AY.4': 61},647672,61,-1,2147483648,3,False,61
node_173816,ERR6470994,ERR6676656,2021-08-18,2021-08-03,2021-08-30,{'AY.4': 2},481468,2,-1,2147483648,5,False,2
node_188820,SRR15982922,ERR6495659,2021-09-28,2021-08-29,2021-08-04,{'AY.118': 14},670138,18,-1,2147483648,3,False,14
SRR18780207,SRR18782915,SRR20518165,2022-03-06,2022-03-06,2022-03-14,{'BA.2.3': 1},1328471,1,-1,2147483648,3,False,1
SRR16722377,ERR5905139,SRR16721013,2021-04-04,2021-04-29,2021-04-07,{'B.1.526': 1},239718,2,-1,2147483648,3,False,1
SRR21349392,SRR18780531,ERR10513102,2022-02-14,2022-02-24,2022-11-17,{'BA.1.1': 1},1260823,1,-1,2147483648,5,False,1
SRR23891830,SRR22237483,ERR10825375,2022-10-02,2022-10-19,2022-10-19,{'BA.5.2.1': 1},1675835,1,1428716,7,6,False,1
SRR15910801,node_364547,ERR7000913,2021-04-16,2021-03-16,2021-09-12,{'B.1.617.1': 1},259892,1,-1,2147483648,10,False,1
node_776722,ERR11795050,ERR11796193,2022-03-03,2021-12-18,2022-01-07,{'BA.2': 2},1317827,2,1317828,1,0,False,2
ERR4759554,ERR4652059,ERR6816898,2020-10-10,2020-09-10,2021-09-15,{'B.1.177.7': 1},43015,1,-1,2147483648,4,False,1
node_274597,SRR16254457,ERR13153217,2021-11-06,2021-09-14,2021-07-31,{'AY.25': 2},831429,2,-1,2147483648,7,False,2
SRR19223626,ERR7561507,SRR16831375,2021-12-15,2021-11-23,2021-10-25,{'AY.39': 1},1028758,1,1028759,1,0,False,1
SRR28165213,ERR12118131,SRR26390562,2024-01-11,2023-09-23,2023-10-02,{'XBB.1.9': 1},1878600,1,1878601,1,0,True,1
node_345215,SRR17418438,ERR6701229,2021-12-11,2021-12-17,2021-08-17,{'AY.20': 2},1012487,2,-1,2147483648,8,False,2
ERR7804052,ERR7682615,ERR11742306,2021-12-03,2021-11-22,2021-09-11,{'AY.4': 1},972653,1,-1,2147483648,4,False,1
node_33979,ERR4859788,ERR4806710,2020-11-01,2020-10-26,2020-10-08,{'B.1.177.7': 2},53638,2,-1,2147483648,6,False,2
node_255920,SRR15548585,ERR11849799,2021-09-06,2021-07-28,2021-08-27,{'AY.103': 4},557588,4,-1,2147483648,14,False,4
node_134875,ERR6105556,ERR12822069,2021-08-07,2021-06-09,2021-09-07,{'AY.4': 5},449104,5,449105,1,0,False,5
SRR14158437,SRR14152764,SRR14157549,2021-03-02,2021-03-15,2021-02-24,{'B.1.2': 1},179121,1,179122,1,0,False,1
node_262528,node_260604,SRR15985005,2021-08-24,2021-08-17,2021-09-02,{'AY.103': 4},611336,4,-1,2147483648,3,False,4
SRR21948279,SRR21457930,SRR21522108,2022-09-30,2022-08-21,2022-08-28,{'BA.5.2': 1},1674064,1,1428716,7,5,False,1
node_244549,ERR6518567,ERR6532888,2021-08-26,2021-08-07,2021-08-12,{'AY.98': 8},509800,8,-1,2147483648,5,False,8
SRR24799345,SRR18379990,SRR26327312,2022-01-15,2022-02-17,2022-01-19,{'BA.1.17.2': 1},1114738,1,-1,2147483648,5,False,1
ERR7237757,ERR7203522,ERR6572774,2021-10-11,2021-10-11,2021-08-11,{'AY.4': 1},708352,1,650727,1,5,False,1
SRR20916680,ERR10492664,SRR20683667,2022-07-16,2022-07-13,2022-07-08,{'BE.1': 1},1575221,1,1575222,1,0,False,1
node_221711,ERR6854489,ERR7639624,2021-11-30,2021-09-16,2021-11-29,{'AY.43': 2},959948,2,-1,2147483648,6,False,2
node_547637,SRR19888920,ERR12538267,2022-05-23,2022-06-03,2022-06-17,{'BA.2.12.1': 4},1319942,48127,-1,2147483648,1,False,4
node_51471,SRR16898333,ERR6331873,2021-10-31,2021-10-19,2021-07-09,{'AY.4': 5},797063,5,-1,2147483648,4,False,5
node_371288,SRR14069579,ERR6713419,2020-12-29,2021-01-15,2021-01-13,{'B.1.1.7': 25},50503,295781,-1,2147483648,1,False,25
node_188863,SRR16196495,node_188862,2021-10-21,2021-09-10,2021-10-21,{'AY.118': 1},753000,1,-1,2147483648,8,False,1
ERR7305778,ERR7139558,ERR6445757,2021-10-31,2021-10-13,2021-07-14,{'AY.4': 1},794449,1,794450,1,0,False,1
node_450391,ERR7876571,ERR12754384,2022-01-18,2021-12-19,2022-04-19,"{'BA.1': 8, 'BA.1.1': 1}",1124715,9,-1,2147483648,4,False,9
ERR8188761,node_107763,node_304145,2021-12-02,2021-12-02,2021-10-16,{'AY.4.2.3': 1},968001,1,-1,2147483648,1,False,1
ERR10383001,ERR13128941,ERR10004965,2022-10-07,2022-05-04,2022-07-19,{'BE.1': 1},1679872,1,1428716,6,4,False,1
SRR20466560,ERR9227602,ERR10711783,2022-03-21,2022-03-02,2022-03-14,{'BA.2': 1},1379696,1,-1,2147483648,3,False,1
SRR16351102,SRR15199972,SRR16223384,2021-09-17,2021-06-25,2021-09-12,{'AY.39': 1},609407,1,609408,1,0,False,1
ERR9755681,ERR9371010,ERR10711783,2022-03-22,2022-03-13,2022-03-14,{'BA.2': 1},1382637,1,-1,2147483648,3,False,1
node_189565,ERR6492835,SRR15271665,2021-07-30,2021-07-30,2021-07-14,{'AY.100': 2},417185,2,-1,2147483648,3,False,2
SRR19798494,SRR19836898,ERR8302051,2022-02-04,2022-01-30,2022-01-23,{'BA.1.15': 1},1210437,1,1210438,1,0,False,1
node_186603,ERR12819348,ERR11848868,2021-09-22,2021-08-12,2021-07-22,{'B.1.617.2': 3},631654,3,631655,1,0,False,3
SRR16527186,SRR16527187,ERR6495160,2021-09-27,2021-09-27,2021-07-31,{'AY.125': 1},651387,1,420981,3,7,False,1
SRR14857985,ERR5238430,SRR15142185,2021-05-20,2021-01-22,2021-06-03,{'B.1.1.7': 1},297152,1,-1,2147483648,3,False,1
node_189794,SRR16838910,SRR15391358,2021-11-12,2021-10-12,2021-07-16,{'AY.119': 2},864741,2,-1,2147483648,5,False,2
SRR20694708,SRR18308859,SRR21242099,2022-01-04,2022-02-28,2021-12-30,{'BA.1': 1},1083849,1,-1,2147483648,3,False,1
ERR9396441,ERR10511768,ERR11747013,2022-03-14,2022-11-09,2022-03-29,{'BA.2': 1},1355870,1,-1,2147483648,3,False,1
node_588297,SRR25682779,ERR11190125,2023-06-13,2023-07-23,2023-03-21,{'GE.1.4': 19},1845510,19,1673437,10,4,False,19
node_210787,node_168221,ERR7268948,2021-11-12,2021-07-28,2021-10-22,{'AY.5': 2},871422,2,-1,2147483648,3,False,2
node_189890,SRR17271285,SRR20189130,2021-10-24,2021-11-03,2021-12-07,{'AY.119.2': 2},764392,10,-1,2147483648,4,False,2
node_198576,SRR19815303,SRR16559740,2021-12-05,2021-11-18,2021-09-29,{'AY.119.2': 3},982425,3,-1,2147483648,9,False,3
ERR7317133,ERR7314279,ERR7171835,2021-10-11,2021-10-10,2021-10-16,{'AY.4.2': 1},708605,1,708606,1,0,False,1
ERR6882154,ERR6581560,SRR21266638,2021-09-19,2021-08-17,2021-12-09,{'AY.36': 1},616642,1,-1,2147483648,3,False,1
node_32590,ERR4569850,ERR4667229,2020-09-09,2020-08-25,2020-09-29,{'B.1.177.7': 2},28952,4658,-1,2147483648,1,False,2
SRR25709863,node_618270,ERR13076516,2023-08-02,2023-08-02,2023-07-10,{'HK.29': 1},1828974,1,1673437,14,5,False,1
ERR6817560,ERR6696839,ERR11742306,2021-09-15,2021-09-02,2021-09-11,{'AY.4': 1},598611,1,-1,2147483648,4,False,1
node_46632,ERR12790091,SRR15199833,2021-05-12,2021-06-07,2021-06-28,{'AY.117': 3781},167127,1241012,-1,2147483648,1,False,3781
SRR19359140,ERR12755293,SRR19359139,2022-05-01,2022-05-16,2022-04-26,{'BA.2': 1},1466099,1,-1,2147483648,3,False,1
SRR20682808,SRR20380265,ERR9969566,2022-07-08,2022-06-27,2022-05-13,{'BA.4.4': 1},1560403,1,-1,2147483648,14,False,1
SRR16260687,SRR15972876,ERR6171796,2021-09-21,2021-09-07,2021-06-23,{'AY.100': 1},627127,1,-1,2147483648,4,False,1
SRR24013221,SRR23055212,ERR11255207,2023-03-15,2023-01-02,2023-03-10,{'XBB.1.5': 1},1794628,1,1673437,8,6,True,1
node_670681,ERR10667464,ERR10002259,2022-12-07,2022-11-28,2022-07-05,{'BQ.1.13.1': 2},1708123,314,1428716,13,1,False,2
ERR6810221,ERR6749974,ERR5991611,2021-09-14,2021-09-07,2021-05-19,{'AY.4': 1},596781,1,-1,2147483648,3,False,1
ERR7178199,ERR6136456,ERR7120815,2021-10-16,2021-06-17,2021-10-12,{'AY.120': 1},729675,1,-1,2147483648,4,False,1
node_712022,ERR10234150,SRR23273691,2022-12-25,2022-09-15,2023-01-04,"{'BA.5.2.1': 3, 'BU.1': 1}",1731574,4,1731575,1,0,False,4
SRR19683454,SRR19684854,SRR19684011,2022-02-14,2022-02-18,2022-02-14,{'BA.1.1.18': 1},1260166,1,-1,2147483648,6,False,1
ERR6543319,ERR11761504,ERR6334523,2021-08-02,2021-07-08,2021-07-12,{'AY.43': 1},427480,1,-1,2147483648,4,False,1
ERR10088934,ERR10000032,ERR10000283,2022-08-09,2022-07-04,2022-07-06,{'BE.1': 1},1612729,1,1612730,1,0,False,1
ERR13009232,node_681623,ERR10187567,2022-10-01,2022-10-01,2022-08-26,{'BF.5': 1},1674969,1,1428716,14,3,False,1
node_635338,SRR26637501,ERR12306865,2023-12-17,2023-10-20,2023-10-29,"{'XDD': 68, 'XDD.1': 17, 'XDD.1.1.1': 7, 'XDD.1.1': 17, 'XDD.3': 2, 'XDD.2': 1, 'BA.2.86.1': 1}",871726,858794,-1,2147483648,1,True,113
node_700217,node_680349,ERR10000094,2022-07-22,2022-09-17,2022-07-05,{'BA.5.2.1': 5},1441088,70110,1428716,3,1,False,5
node_235888,SRR15363718,SRR20263331,2021-11-04,2021-07-20,2021-11-23,{'AY.39': 13},820406,13,-1,2147483648,4,False,13
node_194936,SRR17275469,ERR6836572,2021-12-03,2021-12-02,2021-09-13,{'AY.127': 6},1002532,6,-1,2147483648,7,False,6
node_290216,SRR20861059,SRR16116722,2021-12-16,2021-12-27,2021-09-13,{'AY.25': 1},1032519,1,1032520,1,0,False,1
node_520528,ERR8415806,ERR7824165,2022-02-02,2022-01-25,2021-12-15,{'BA.1.17.2': 5},1200752,5,-1,2147483648,4,False,5
node_503241,ERR11743068,node_503240,2021-12-18,2021-12-23,2021-12-18,{'BA.1.15': 1},1039907,1,-1,2147483648,6,False,1
SRR20105558,SRR19620322,ERR13126461,2022-06-30,2022-05-27,2022-07-07,{'BA.2.12.1': 1},1544688,1,-1,2147483648,4,False,1
node_628601,ERR13322683,SRR28286283,2023-12-19,2024-02-21,2024-02-13,{'JN.1.4.6': 8},1875604,8,1854739,10,4,False,8
SRR19286085,SRR16807593,node_309396,2021-12-21,2021-10-27,2021-12-21,{'AY.3': 1},1048696,1,1048697,1,0,False,1
node_281595,SRR15877167,SRR16354512,2021-09-09,2021-08-26,2021-09-16,{'AY.25': 2},574084,2,-1,2147483648,7,False,2
SRR21539127,SRR24260022,ERR10046994,2022-08-30,2023-04-06,2022-07-29,{'BA.5.6': 1},1640035,1,1428716,7,5,False,1
ERR7731864,ERR11756314,ERR7636417,2021-12-05,2021-11-27,2021-11-29,{'AY.4.2.1': 1},981310,1,-1,2147483648,1,False,1
ERR4642690,ERR4636962,ERR4210193,2020-06-12,2020-07-01,2020-03-29,{'B.1.235': 1},19672,1,-1,2147483648,4,False,1
SRR27245910,node_621080,SRR26324787,2023-11-29,2023-11-29,2023-09-25,{'HV.1': 1},1865846,1,1673437,16,5,False,1
node_188540,ERR6408957,ERR6761269,2021-08-23,2021-07-26,2021-09-03,{'AY.4': 1},497030,1,497031,1,0,False,1
ERR12978670,ERR9933207,ERR9999969,2022-07-17,2022-07-02,2022-07-04,{'BA.5.1': 1},1577314,1,1428716,4,5,False,1
node_739288,ERR10004182,ERR13283719,2021-12-30,2022-04-19,2022-01-12,"{'XE': 1253, 'XH': 40, 'XJ': 71, 'BA.2': 109, 'XM': 33, 'XY': 23, 'XAL': 14, 'XV': 9}",1046379,435305,-1,2147483648,1,True,1552
SRR22344182,SRR21272688,SRR21440594,2022-10-31,2022-07-25,2022-08-16,{'BA.5.2.1': 1},1701185,1,1428716,8,3,False,1
ERR13319961,SRR20491508,ERR10933478,2023-06-14,2022-07-02,2023-02-15,{'XBB.1.9.1': 1},1823926,1,1673437,8,7,True,1
ERR7777094,ERR11753957,ERR11754534,2021-12-08,2021-10-17,2021-10-17,{'AY.4.2': 1},999108,1,999109,1,0,False,1
node_188703,ERR6901472,node_188814,2021-11-06,2021-09-23,2021-08-06,{'AY.4': 1},828379,1,828380,1,0,False,1
ERR8270226,SRR20874717,ERR7795424,2022-01-20,2021-12-31,2021-12-11,{'BA.1.17.2': 1},1136367,1,-1,2147483648,4,False,1
ERR7204515,ERR6435944,ERR6653567,2021-10-04,2021-07-14,2021-08-28,{'AY.4': 1},678372,1,-1,2147483648,3,False,1
ERR6817851,ERR6868366,ERR12885669,2021-09-16,2021-09-20,2021-12-28,{'AY.4': 1},602155,1,-1,2147483648,3,False,1
SRR21341275,SRR18785789,SRR18775470,2022-04-02,2022-03-11,2022-03-02,{'BA.1.1': 1},1415196,1,-1,2147483648,3,False,1
SRR25918205,SRR25815010,ERR10910673,2023-08-17,2023-08-10,2023-02-04,{'XBB.1.16.11': 1},1832225,1,1673437,14,10,True,1
SRR21263410,SRR16606793,SRR17219633,2021-11-28,2021-09-28,2021-11-18,{'AY.119': 1},946210,1,-1,2147483648,8,False,1
SRR23758281,ERR10839971,SRR23194289,2023-02-22,2023-01-24,2023-01-04,{'XBB.1.5.15': 1},1777399,1,1673437,10,8,True,1
SRR17378707,SRR18820558,ERR6405162,2021-12-15,2021-12-03,2021-07-26,{'AY.44': 1},1027845,1,-1,2147483648,3,False,1
SRR20390363,node_537625,SRR20898626,2022-02-28,2022-02-28,2022-02-08,{'BA.1.20': 1},1309716,1,-1,2147483648,4,False,1
node_342885,ERR7707958,ERR11754063,2021-08-28,2021-11-12,2021-10-18,{'AY.36': 4},520167,5,-1,2147483648,4,False,4
SRR27334894,SRR26828095,node_619203,2023-08-17,2023-09-19,2023-08-17,{'EG.5.1.1': 1},1832155,1,1673437,13,6,False,1
node_9135,SRR15226570,SRR15391262,2021-05-31,2021-05-19,2021-07-13,{'B.1.621': 1},305766,1,-1,2147483648,3,False,1
node_668514,SRR26444350,ERR10511622,2022-11-14,2023-02-16,2022-11-11,{'BQ.1.8': 2},1707481,2,1428716,14,3,False,2
ERR10081523,ERR10219673,node_679717,2022-08-06,2022-09-01,2022-07-05,{'BF.1': 1},1609823,1,1428716,8,4,False,1
node_188657,SRR16161643,SRR16849538,2021-12-01,2021-09-08,2021-10-15,{'AY.4': 3},963637,3,963638,1,0,False,3
node_401328,ERR5222460,ERR5696096,2021-04-01,2021-01-18,2021-04-02,{'B.1.1.7': 3},232400,3,-1,2147483648,4,False,3
SRR16241133,SRR16307535,SRR15590981,2021-09-17,2021-09-15,2021-08-10,{'AY.25': 1},609099,1,-1,2147483648,4,False,1
ERR13042071,ERR10107588,ERR10130689,2022-11-20,2022-07-28,2022-08-15,{'BF.7.6': 1},1710518,1,1710519,1,0,False,1
SRR16221830,SRR15983091,SRR15313765,2021-09-07,2021-09-05,2021-07-23,{'AY.39.1': 1},562276,1,-1,2147483648,6,False,1
node_181112,ERR6600389,SRR17437762,2021-12-11,2021-08-22,2021-12-02,{'AY.100': 2},1012489,2,-1,2147483648,4,False,2
node_639840,ERR10045112,ERR13005760,2022-06-30,2022-07-29,2022-08-14,{'BA.5.1': 2},1543977,2,1428716,6,4,False,2
node_301374,SRR15581811,SRR15585663,2021-09-03,2021-08-06,2021-08-07,{'AY.3': 2},547854,2,-1,2147483648,3,False,2
node_391180,ERR11828381,SRR14393566,2020-11-04,2021-04-14,2021-04-05,{'B.1.1.7': 1},56405,1,-1,2147483648,1,False,1
SRR14313016,ERR5672124,ERR5175948,2021-04-03,2021-03-23,2020-12-25,{'B.1.1.7': 1},237773,1,-1,2147483648,3,False,1
node_48258,SRR17345274,SRR16573048,2021-09-24,2021-12-04,2021-09-19,{'AY.112.2': 33},544501,186,-1,2147483648,6,False,33
SRR20250176,SRR16556832,node_189140,2021-11-10,2021-09-25,2021-09-02,{'AY.39': 1},853494,1,853495,1,0,False,1
ERR7306411,ERR6814120,ERR13182720,2021-10-31,2021-09-12,2021-08-22,{'AY.4': 1},794453,1,-1,2147483648,5,False,1
ERR7367439,ERR6571500,ERR6849991,2021-11-05,2021-08-08,2021-09-17,{'AY.4.2': 1},823801,1,-1,2147483648,5,False,1
ERR8541749,ERR7906930,ERR8031989,2022-02-02,2021-12-28,2022-01-07,{'BA.1.1': 1},1195994,1,-1,2147483648,4,False,1
SRR20114476,ERR12255012,node_461064,2022-01-05,2022-04-06,2022-01-05,{'BA.1': 1},1086374,1,-1,2147483648,3,False,1
ERR11803719,ERR11764516,ERR7898295,2022-02-07,2021-12-05,2021-12-22,{'BA.1': 1},1226566,1,-1,2147483648,3,False,1
ERR7316860,ERR12794355,ERR11754799,2021-10-21,2021-07-17,2021-10-19,{'AY.4': 1},751953,1,751954,1,0,False,1
node_749530,ERR9874936,ERR11781860,2022-05-03,2022-05-23,2022-03-28,{'BA.2.9': 2},1469474,2,-1,2147483648,6,False,2
node_603962,SRR20664214,ERR10779585,2023-01-10,2022-07-05,2023-01-03,{'XBB.1.5.7': 2},1745438,2,1673437,8,5,True,2
node_408753,node_408750,ERR6019795,2021-04-22,2021-04-16,2021-06-02,{'B.1.1.7': 29},267240,29,-1,2147483648,7,False,29
SRR20228598,SRR20226473,SRR20115949,2021-10-26,2021-10-31,2021-12-01,{'AY.100': 1},774328,2,655496,2,3,False,1
SRR16381079,ERR6762270,SRR15923740,2021-09-20,2021-09-03,2021-08-30,{'AY.122': 1},622041,1,-1,2147483648,5,False,1
node_663177,ERR11189986,SRR22577706,2023-01-23,2023-01-26,2022-11-22,{'BQ.1.1': 2},1751999,2,1428716,12,6,False,2
ERR12823518,ERR6886715,ERR7383256,2021-08-20,2021-09-19,2021-11-05,{'AY.4.7': 1},489358,1,-1,2147483648,5,False,1
node_188239,ERR7230437,ERR12824840,2021-04-09,2021-10-26,2021-08-25,"{'AY.118': 193, 'AY.100': 914, 'AY.39': 513, 'AY.36': 42, 'AY.29': 4, 'AY.4': 585, 'AY.111': 3, 'AY.119': 265, 'B.1.617.2': 51, 'AY.117': 74, 'AY.114': 56, 'AY.20': 58, 'AY.112.2': 17, 'AY.39.1': 79, 'AY.103': 16, 'AY.124': 8, 'AY.119.2': 156, 'AY.110': 29, 'AY.4.2': 114, 'AY.4.2.1': 29, 'AY.42': 18, 'AY.4.11': 2, 'AY.120': 41, 'AY.126': 14, 'AY.107': 72, 'AY.113': 46, 'AY.4.12': 1, 'AY.4.2.2': 28, 'AY.109': 9, 'AY.116.1': 24, 'AY.120.1': 18, 'AY.4.4': 7, 'AY.4.7': 5, 'AY.4.1': 2, 'AY.4.2.3': 4, 'AY.4.2.4': 1, 'AY.5': 1, 'AY.112': 5, 'AY.25': 2, 'AY.106': 2, 'AY.105': 3, 'AY.128': 1, 'AY.46.1': 1, 'AY.120.2.1': 1, 'AY.129': 6, 'AY.127': 1, 'AY.4.9': 3, 'AY.4.5': 1, 'AY.25.1': 2, 'AY.46.4': 1}",167127,1241012,-1,2147483648,1,False,3528
SRR22470147,ERR12780719,SRR21947961,2022-10-28,2022-05-30,2022-09-30,{'BA.5.2': 1},1698800,1,1428716,11,3,False,1
node_724474,ERR10175106,ERR9869455,2022-05-15,2022-08-26,2022-06-11,{'BA.4': 2},1483944,2,-1,2147483648,0,False,2
ERR5989382,ERR5989944,ERR5181396,2021-05-18,2021-05-02,2021-01-04,{'B.1.1.7': 1},294781,1,-1,2147483648,4,False,1
ERR6319867,ERR6922632,ERR6200374,2021-07-08,2021-09-27,2021-06-29,{'AY.4': 1},357084,1,-1,2147483648,4,False,1
SRR15698081,SRR15698251,SRR14200426,2021-03-08,2021-02-03,2021-02-04,{'B.1.177': 1},189336,1,-1,2147483648,5,False,1
node_191165,ERR6069694,SRR16351421,2021-08-04,2021-06-02,2021-09-17,{'AY.114': 24},438473,24,-1,2147483648,3,False,24
node_187515,node_187514,SRR20263707,2021-10-21,2021-10-21,2021-11-23,{'AY.113': 7},781252,37,752882,1,0,False,7
ERR6427219,ERR6195240,ERR6834094,2021-07-21,2021-06-26,2021-09-07,{'AY.4': 1},385900,1,-1,2147483648,0,False,1
ERR6887010,ERR6397510,ERR6840673,2021-08-30,2021-07-23,2021-09-03,{'AY.4': 1},526477,1,-1,2147483648,5,False,1
node_634350,ERR12258930,ERR12481632,2023-12-16,2023-10-30,2023-12-22,{'JN.1.1': 2},1871976,114,1871976,0,0,False,2
SRR17235074,node_226497,SRR16606211,2021-10-07,2021-10-07,2021-10-04,{'B.1.617.2': 1},693902,2,-1,2147483648,6,False,1
ERR8996829,ERR8043726,ERR10706235,2022-02-15,2022-01-10,2022-12-09,{'BA.1.15': 1},1263898,1,-1,2147483648,5,False,1
ERR7259570,ERR6648009,ERR11742306,2021-10-23,2021-08-23,2021-09-11,{'AY.120': 1},760448,1,-1,2147483648,4,False,1
ERR8216764,ERR12878173,ERR7147142,2021-12-07,2021-12-07,2021-10-08,{'AY.4': 1},994267,1,-1,2147483648,3,False,1
ERR12131835,ERR11829415,ERR9102767,2022-03-17,2022-03-16,2022-02-23,{'BA.2.23': 1},1367913,1,-1,2147483648,5,False,1
ERR10730075,ERR10791491,ERR12973221,2022-12-12,2023-01-06,2022-07-12,{'BQ.1.1.2': 1},1722523,1,1428716,16,4,False,1
node_747866,ERR13093052,SRR21640599,2022-02-15,2022-03-28,2022-09-02,{'BA.2.9': 3},1263032,3,-1,2147483648,3,False,3
node_320945,SRR17447581,ERR6571333,2021-07-27,2021-07-17,2021-08-18,{'AY.44': 1},405697,1,-1,2147483648,7,False,1
ERR6388122,ERR6552197,SRR16161697,2021-07-23,2021-08-14,2021-09-08,{'AY.4': 1},391253,1,-1,2147483648,7,False,1
ERR7045648,node_127576,SRR15910980,2021-09-12,2021-10-04,2021-05-20,{'AY.4': 1},585033,1,-1,2147483648,5,False,1
node_174140,ERR6596194,ERR6105721,2021-09-16,2021-08-20,2021-06-08,{'AY.4': 1},604154,1,604155,1,0,False,1
ERR8241576,ERR8171055,ERR12840515,2021-12-13,2021-12-11,2021-10-28,{'AY.4': 1},1018436,1,-1,2147483648,3,False,1
ERR7371565,ERR7110053,ERR6445757,2021-11-05,2021-10-10,2021-07-14,{'AY.126': 1},823834,1,-1,2147483648,5,False,1
node_189904,SRR19265528,ERR6881464,2021-11-11,2021-11-20,2021-09-09,{'AY.119.2': 4},167127,1241012,-1,2147483648,1,False,4
SRR27106748,ERR11923680,SRR27143007,2023-11-18,2023-08-09,2023-11-20,{'EG.5.1.1': 1},1861145,1,1673437,17,4,False,1
node_296252,node_296227,ERR6827744,2021-07-31,2021-06-23,2021-08-24,{'AY.3': 3},422334,3,-1,2147483648,5,False,3
SRR16727405,ERR6126779,SRR16318906,2021-04-25,2021-06-15,2021-08-10,{'B.1.617.2': 1},269462,1,-1,2147483648,7,False,1
SRR20918075,SRR21296590,ERR6492325,2021-12-16,2021-12-03,2021-08-07,{'AY.4': 1},1033127,1,1033128,1,0,False,1
node_484272,ERR8995997,ERR11838111,2022-01-12,2022-02-15,2022-01-17,"{'BA.1.1': 19, 'BA.1.1.7': 1, 'BA.1.1.8': 1, 'BA.1.20': 1}",871714,424062,-1,2147483648,0,False,22
node_568694,ERR13307378,ERR11781661,2022-04-18,2022-01-24,2022-03-29,{'BA.2': 1},1442959,1,-1,2147483648,3,False,1
SRR24002579,ERR11255171,SRR23903745,2023-03-13,2023-03-07,2023-03-05,{'XBB.1.5': 1},1792752,1,1673437,6,6,True,1
ERR6260892,ERR11756900,ERR7796444,2021-07-02,2021-12-03,2021-12-12,{'AY.4': 1},346694,1,-1,2147483648,4,False,1
ERR10477253,ERR10385879,ERR9848106,2022-10-25,2022-09-29,2022-05-30,{'BA.5.1.2': 1},1696624,1,1428716,4,6,False,1
node_670067,ERR10425295,ERR10003894,2022-10-24,2022-10-08,2022-07-08,{'BQ.1.2': 5},1699221,5,1428716,12,4,False,5
node_656045,ERR10020666,ERR9001943,2022-06-09,2022-07-10,2022-02-18,{'BA.5.5': 7},1568388,7,1428716,2,3,False,7
ERR6658517,ERR6727498,ERR6650089,2021-08-26,2021-09-02,2021-08-27,{'AY.4': 1},509440,1,-1,2147483648,3,False,1
SRR23713436,SRR24114950,SRR23714049,2023-02-18,2023-03-22,2023-02-16,{'XBB.1.5': 1},1773343,1,1673437,6,3,True,1
SRR14569320,node_19982,SRR14114846,2021-04-07,2021-02-06,2021-03-11,{'B.1.526': 1},244970,1,244971,1,0,False,1
SRR16606566,SRR16527318,SRR16380691,2021-10-04,2021-09-27,2021-09-19,{'AY.34.1': 1},678885,1,-1,2147483648,8,False,1
node_554941,SRR19951232,SRR19793880,2022-06-07,2022-06-08,2022-06-08,{'BA.2.12.1': 5},1512804,5,-1,2147483648,6,False,5
ERR9407660,ERR8489158,ERR12894556,2022-03-17,2022-01-28,2022-01-07,{'BD.1': 1},1364932,1,-1,2147483648,5,False,1
SRR15708310,ERR6592379,ERR13131464,2021-08-25,2021-08-22,2021-07-16,{'AY.88': 1},505327,1,-1,2147483648,7,False,1
node_345326,SRR16853183,ERR11742306,2021-10-26,2021-10-14,2021-09-11,{'AY.20': 1},774836,1,-1,2147483648,4,False,1
node_739604,ERR8635162,ERR7989424,2022-02-06,2022-02-07,2022-01-02,{'XL': 67},1218637,67,1218637,0,1,True,67
ERR9869580,SRR20119570,ERR10000394,2022-06-13,2022-06-10,2022-07-06,{'BA.5.3.3': 1},1522557,1,1522558,1,0,False,1
node_610950,ERR10910670,ERR12038010,2023-08-26,2023-02-06,2023-08-19,{'XBB.1.16': 11},1817423,3866,1673437,12,1,True,11
node_213716,ERR6398900,ERR7463393,2021-08-09,2021-07-24,2021-11-10,{'AY.6': 4},453819,4,-1,2147483648,4,False,4
node_90608,ERR6136456,ERR6779905,2021-10-12,2021-06-17,2021-09-07,{'AY.4': 2},762268,2,-1,2147483648,3,False,2
node_713664,ERR10002575,SRR20883977,2022-07-05,2022-07-08,2022-07-17,{'BA.5.2.4': 10},1552246,10,1428716,5,3,False,10
ERR11796315,ERR11764255,ERR7835560,2022-01-11,2021-12-06,2021-12-15,{'BA.1': 1},1099704,1,-1,2147483648,5,False,1
SRR16261960,SRR15818807,SRR16266058,2021-09-18,2021-08-09,2021-09-30,{'AY.103': 1},613515,1,-1,2147483648,5,False,1
node_156781,ERR6770455,SRR15588615,2021-10-16,2021-09-05,2021-08-05,{'AY.4': 5},762236,5,-1,2147483648,6,False,5
node_189270,SRR16492843,node_188394,2021-09-19,2021-09-02,2021-11-26,{'AY.100': 2},728316,2,-1,2147483648,4,False,2
ERR7805016,ERR7722045,ERR5946395,2021-12-12,2021-12-04,2021-05-10,{'AY.98': 1},1014532,1,-1,2147483648,3,False,1
ERR7507002,ERR6921292,ERR11762442,2021-11-15,2021-09-27,2021-07-29,{'AY.4': 1},877408,1,-1,2147483648,4,False,1
node_189130,SRR16790011,SRR16829480,2021-10-07,2021-10-07,2021-10-08,{'AY.39': 2},692743,2,692744,1,0,False,2
ERR7538981,ERR7410300,ERR11754218,2021-11-21,2021-11-08,2021-10-13,{'AY.4': 1},908344,1,-1,2147483648,6,False,1
node_73879,SRR16637012,SRR20145469,2021-11-28,2021-10-05,2021-12-04,{'AY.4': 2},944791,6,-1,2147483648,3,False,2
SRR16062302,SRR15550827,ERR6171796,2021-08-27,2021-07-28,2021-06-23,{'AY.118': 1},516368,1,-1,2147483648,3,False,1
ERR6568434,ERR11827495,ERR6699085,2021-08-08,2021-08-06,2021-08-12,{'AY.4': 1},451723,1,-1,2147483648,6,False,1
ERR9967463,ERR10000674,SRR27492354,2022-07-04,2022-07-04,2023-12-26,{'BA.5.1.23': 1},1550950,1,1428716,5,6,False,1
node_701513,SRR21223875,ERR10000006,2022-07-12,2022-07-29,2022-07-02,{'BA.5.2.21': 1},1567631,1,1567632,1,0,False,1
SRR15877522,SRR15877521,SRR15391344,2021-08-12,2021-08-12,2021-07-16,{'AY.113': 1},465490,1,373989,1,5,False,1
SRR18817892,ERR8648255,SRR20391093,2022-01-13,2022-02-08,2022-02-10,{'BA.1.1': 1},1107321,1,-1,2147483648,4,False,1
SRR23600219,SRR23600230,ERR6571333,2021-10-07,2021-10-04,2021-08-18,{'AY.119': 1},693928,1,-1,2147483648,3,False,1
node_369939,SRR14898838,ERR4555222,2020-06-24,2021-05-21,2020-07-03,{'B.1.1': 2},21882,4,-1,2147483648,5,False,2
node_96717,ERR11824597,ERR11754782,2021-12-04,2021-11-10,2021-10-20,{'AY.4': 1},978557,1,978558,1,0,False,1
ERR6491957,ERR6761269,ERR6308921,2021-06-29,2021-09-03,2021-06-29,{'AY.4': 1},342041,1,-1,2147483648,5,False,1
ERR7313954,node_143009,ERR6440908,2021-10-27,2021-10-27,2021-07-26,{'AY.4': 1},778337,1,-1,2147483648,8,False,1
SRR29098693,SRR28883448,SRR27106555,2024-05-08,2024-04-24,2023-11-21,{'JN.1.7': 1},1891560,1,1854739,11,5,False,1
node_374499,ERR5027011,ERR5174575,2021-01-13,2020-12-10,2020-12-21,{'B.1.1.7': 1},108947,1,-1,2147483648,5,False,1
ERR9123984,ERR8572782,SRR20493124,2022-02-19,2022-02-01,2022-01-10,{'BA.1.18': 1},1279838,1,-1,2147483648,4,False,1
ERR6470524,ERR12818003,ERR7230664,2021-08-02,2021-08-05,2021-09-13,{'B.1.617.2': 1},426402,1,-1,2147483648,3,False,1
node_117949,ERR6136456,ERR6665864,2021-09-20,2021-06-17,2021-08-29,{'AY.4.8': 17},411095,3151,-1,2147483648,1,False,17
ERR6491199,ERR6485327,ERR6534499,2021-07-25,2021-07-26,2021-08-13,{'AY.4': 1},399037,1,-1,2147483648,3,False,1
SRR16606679,SRR16527991,ERR6440908,2021-09-28,2021-09-23,2021-07-26,{'AY.119': 1},656138,3,656139,1,0,False,1
ERR9622628,ERR8689945,ERR13091191,2022-04-11,2022-02-11,2022-03-29,{'BA.2': 1},1430528,1,1073548,4,6,False,1
SRR16942239,SRR19290832,SRR16863785,2021-10-25,2021-11-16,2021-10-22,{'AY.44': 1},768889,1,-1,2147483648,5,False,1
node_261938,SRR17298094,SRR16765806,2021-11-12,2021-11-17,2021-09-20,{'AY.103': 2},887212,2,-1,2147483648,3,False,2
ERR6709165,ERR10096185,ERR6718766,2021-05-10,2021-04-16,2021-04-05,{'B.1.1.7': 1},286201,1,-1,2147483648,4,False,1
ERR6489254,ERR6926310,ERR7001427,2021-07-25,2021-09-28,2021-09-15,{'AY.4': 1},399047,1,-1,2147483648,3,False,1
SRR16546753,SRR16022147,ERR13153313,2021-09-25,2021-09-09,2021-07-30,{'AY.103': 1},644178,1,-1,2147483648,8,False,1
ERR13079331,ERR12551629,ERR12658172,2023-12-11,2023-12-28,2024-01-15,{'JN.1.4.7': 1},1869857,1,1854739,9,6,False,1
ERR4204579,ERR4246635,ERR4210193,2020-03-28,2020-04-21,2020-03-29,{'B.23': 1},3934,1,-1,2147483648,6,False,1
SRR23000085,ERR10381791,SRR22092465,2022-12-22,2022-10-06,2022-10-14,{'BQ.1': 1},1730476,1,1428716,12,5,False,1
SRR16166335,node_3656,ERR4668109,2020-09-17,2020-06-15,2020-08-20,{'B.1.243': 1},34892,1,-1,2147483648,7,False,1
SRR23939873,ERR10000033,node_657208,2022-11-13,2022-07-04,2022-11-01,{'BE.1.2': 1},1707412,1,1707413,1,0,False,1
ERR7727683,ERR7753427,ERR5946395,2021-12-05,2021-12-07,2021-05-10,{'AY.4': 1},983079,1,-1,2147483648,3,False,1
ERR8135322,ERR9078262,ERR11742306,2022-01-19,2022-01-10,2021-09-11,{'AY.4': 1},1127794,1,-1,2147483648,3,False,1
node_412243,SRR14892985,SRR14898456,2021-05-28,2021-06-07,2021-05-18,{'B.1.1.7': 3},303636,3,303636,0,0,False,3
node_190007,SRR20953360,node_190005,2021-10-26,2021-11-27,2021-10-03,{'AY.103': 3},774554,3,-1,2147483648,6,False,3
node_401349,SRR19832200,ERR5038182,2021-03-04,2022-01-31,2020-12-11,{'B.1.1.7': 16},183236,16,-1,2147483648,4,False,16
node_380331,ERR5238292,ERR12818994,2020-12-18,2021-01-17,2021-08-05,{'B.1.1.7': 3},86381,3,-1,2147483648,3,False,3
ERR6620492,ERR6056552,ERR6692818,2021-08-10,2021-06-01,2021-08-31,{'AY.4': 1},458318,1,-1,2147483648,3,False,1
ERR9665185,ERR9684363,ERR10740289,2022-04-20,2022-04-23,2022-12-13,{'BA.2.23': 1},1448446,1,-1,2147483648,3,False,1
SRR20263118,SRR19254657,ERR13153313,2021-11-23,2021-12-20,2021-07-30,{'AY.118': 1},921739,1,-1,2147483648,7,False,1
SRR20259671,node_192011,ERR13153313,2021-10-19,2021-11-13,2021-07-30,{'AY.107': 1},744489,1,-1,2147483648,1,False,1
SRR20570960,SRR20567076,SRR20785997,2022-04-17,2022-04-16,2022-05-06,{'BA.2.12': 1},1442064,1,-1,2147483648,5,False,1
SRR20261545,SRR17376183,ERR7199547,2021-11-12,2021-12-06,2021-10-04,{'AY.3': 1},865055,1,-1,2147483648,4,False,1
ERR9031421,ERR8976946,ERR8507629,2021-03-23,2021-02-17,2021-03-03,{'B.1.1.7': 1},218090,1,-1,2147483648,3,False,1
SRR29175761,SRR29175671,ERR13076799,2024-03-20,2024-03-03,2023-01-13,{'JN.1': 1},1889481,1,1854739,9,4,False,1
node_695439,ERR10424576,ERR10462793,2022-11-08,2022-10-08,2022-10-27,{'BA.5.2.1': 9},1705049,9,1705050,1,0,False,9
SRR19242653,ERR7184389,SRR16898265,2021-10-22,2021-10-11,2021-10-19,{'AY.3': 1},756873,1,756874,1,0,False,1
node_192342,ERR11853088,SRR20254757,2021-10-12,2021-07-07,2021-10-15,{'B.1.617.2': 1},714998,1,714999,1,0,False,1
ERR7398731,ERR6685184,ERR7107713,2021-11-03,2021-08-28,2021-10-08,{'AY.4': 1},816590,1,-1,2147483648,0,False,1
node_189224,SRR15584959,ERR6885051,2021-08-07,2021-08-08,2021-09-03,{'AY.20': 1},449991,1,-1,2147483648,1,False,1
node_706200,node_706199,SRR21459050,2022-09-26,2022-07-11,2022-08-18,{'BA.5.2': 2},1670799,2,1670800,1,0,False,2
ERR6881540,ERR6611696,ERR13153313,2021-08-25,2021-08-25,2021-07-30,{'AY.4': 1},505495,1,-1,2147483648,5,False,1
SRR26473090,SRR26556420,node_618565,2023-10-06,2023-10-09,2023-11-21,{'JD.1.1': 1},1849149,1,1849150,1,0,False,1
node_188674,ERR6763633,ERR11754047,2021-09-09,2021-08-26,2021-10-13,{'AY.4': 1},569189,1,569190,1,0,False,1
node_203705,ERR12857708,SRR16606566,2021-08-27,2021-08-29,2021-10-04,"{'AY.34.1': 32, 'AY.34': 2}",344313,3663,-1,2147483648,7,False,34
node_652491,ERR13127473,SRR21746434,2022-08-12,2022-07-05,2022-09-12,{'BA.5': 9},1616834,9,1428716,4,7,False,9
node_671396,node_668466,ERR10756274,2023-01-12,2023-01-03,2022-12-19,{'BQ.1': 5},1745880,5,1428716,12,7,False,5
SRR23055269,SRR23273995,SRR23200078,2022-12-28,2022-12-16,2022-12-15,{'BQ.1.6': 1},1733198,1,1428716,12,3,False,1
SRR26938442,node_612972,SRR28103265,2023-11-13,2023-11-13,2023-11-15,{'XBB.1.16.9': 1},1859274,1,1673437,16,3,True,1
ERR6552155,ERR6603284,node_168408,2021-08-13,2021-08-23,2021-08-26,{'AY.6': 1},467312,1,-1,2147483648,3,False,1
ERR12846441,ERR11837819,ERR11763803,2021-11-01,2021-07-29,2021-12-03,{'AY.126': 1},2596068,1,-1,2147483648,0,False,1
node_597136,ERR10922026,SRR24109629,2023-03-24,2023-02-03,2023-03-20,{'XBB.1.22': 2},1801418,2,1673437,6,3,True,2
node_777484,ERR8028294,ERR11746964,2022-03-05,2022-01-06,2022-03-29,{'BA.2': 8},1324014,8,1324014,0,0,False,8
node_188665,ERR7257361,ERR6112499,2021-11-27,2021-10-14,2021-06-08,{'AY.4': 2},939427,2,-1,2147483648,4,False,2
ERR6758564,ERR6522615,ERR6112499,2021-09-09,2021-08-08,2021-06-08,{'AY.4': 1},569212,1,-1,2147483648,4,False,1
node_199870,SRR20186745,ERR11753784,2021-10-28,2021-12-05,2021-10-17,{'AY.119': 12},783909,12,-1,2147483648,8,False,12
node_744727,ERR12751814,ERR11781188,2022-04-24,2022-04-11,2022-03-29,{'BA.2.9': 2},1456159,2,1456159,0,2,False,2
node_189547,node_185187,node_189592,2021-09-27,2021-10-22,2021-10-08,{'AY.100': 2},651423,33,-1,2147483648,6,False,2
SRR17328759,ERR7817903,SRR17418630,2021-12-03,2021-12-11,2021-12-12,{'AY.3': 1},972922,1,-1,2147483648,3,False,1
node_189977,ERR6476510,SRR17267640,2021-11-17,2021-07-25,2021-11-10,{'B.1.617.2': 4},687724,65,-1,2147483648,1,False,4
node_189859,SRR16948386,SRR15893692,2021-11-09,2021-11-05,2021-07-26,{'AY.119.2': 4},847312,4,-1,2147483648,4,False,4
node_444188,ERR11803567,ERR8302051,2022-01-20,2022-01-29,2022-01-23,"{'BA.1.15': 7, 'BA.1.15.1': 1}",871714,424062,-1,2147483648,0,False,8
ERR9622396,ERR11782395,ERR12752656,2022-04-11,2022-03-28,2022-05-08,{'BA.2.1': 1},1430418,1,-1,2147483648,5,False,1
ERR7761842,ERR6738462,ERR11849799,2021-12-06,2021-09-06,2021-08-27,{'AY.4': 1},987092,1,-1,2147483648,3,False,1
node_405477,ERR5222460,ERR5707736,2021-03-25,2021-01-18,2021-04-03,{'B.1.1.7': 3},220870,3,-1,2147483648,4,False,3
ERR6757288,ERR6766815,SRR20186461,2021-09-02,2021-08-17,2021-12-04,{'AY.36': 1},541504,1,541505,1,0,False,1
ERR6485229,node_228900,ERR6486178,2021-07-25,2021-07-25,2021-07-27,{'AY.4': 1},398978,1,-1,2147483648,4,False,1
node_203723,SRR20251124,ERR6761017,2021-11-12,2021-11-12,2021-08-30,{'AY.34.1': 2},887256,2,-1,2147483648,5,False,2
SRR17393290,SRR17521789,SRR17110226,2021-12-09,2021-12-10,2021-10-22,{'AY.112.2': 1},1004788,1,-1,2147483648,6,False,1
node_599313,ERR10109588,SRR25986048,2023-02-13,2022-08-03,2023-05-10,{'XBB.1.5.4': 12},1767081,12,1767081,0,0,True,12
SRR19292713,ERR6213504,node_294474,2021-11-10,2021-06-26,2021-10-11,{'AY.3': 1},853045,1,-1,2147483648,6,False,1
ERR9969733,ERR12755462,ERR10729962,2022-05-20,2022-05-20,2022-03-12,{'BA.2': 1},1490414,1,-1,2147483648,4,False,1
node_782741,SRR16733150,ERR5939660,2021-05-05,2021-05-04,2021-03-24,{'P.1': 1},281211,1,-1,2147483648,5,False,1
node_370309,ERR5389654,ERR4906537,2021-01-01,2021-02-17,2020-11-12,{'B.1.1.7': 2},95130,2,-1,2147483648,3,False,2
SRR16890121,SRR16221863,SRR15853946,2021-10-06,2021-09-07,2021-09-03,{'AY.103': 1},688286,1,-1,2147483648,5,False,1
SRR20178790,SRR17497583,node_203716,2021-11-27,2021-12-17,2021-09-19,{'AY.34.1': 1},940151,1,-1,2147483648,5,False,1
node_188436,ERR7302113,ERR11756068,2021-10-28,2021-10-12,2021-11-25,{'AY.4.2': 3},783337,3,650489,2,3,False,3
node_345446,node_189224,ERR11753839,2021-08-04,2021-08-07,2021-10-17,{'AY.20': 7},447597,8,-1,2147483648,3,False,7
node_322731,SRR16941937,SRR15982118,2021-12-02,2021-10-25,2021-09-07,{'AY.44': 1},969092,1,-1,2147483648,5,False,1
ERR5946395,ERR6456252,ERR5905029,2021-05-10,2021-07-29,2021-04-29,{'AY.5': 1},285973,1,-1,2147483648,4,False,1
SRR15518306,SRR15628568,ERR6127871,2021-08-01,2021-08-05,2021-06-17,{'AY.20': 1},425251,1,-1,2147483648,3,False,1
node_634175,ERR13253613,SRR28145013,2023-12-21,2024-05-17,2024-01-27,"{'JN.1.1': 11, 'JN.1': 1}",1854737,23726,1854739,3,1,False,12
ERR7465684,ERR7401708,ERR7794623,2021-11-07,2021-11-08,2021-12-10,{'AY.127': 1},833709,1,-1,2147483648,3,False,1
SRR20188953,SRR15199972,SRR20188954,2021-12-08,2021-06-25,2021-12-08,{'AY.39': 1},1000753,1,-1,2147483648,4,False,1
SRR22120067,SRR21531075,ERR12981984,2022-07-23,2022-07-25,2022-08-10,{'BA.2.12.1': 1},1587715,1,-1,2147483648,4,False,1
SRR24134269,SRR19899084,ERR4598614,2020-12-14,2020-11-11,2020-08-14,{'B.1.336': 1},82652,1,-1,2147483648,5,False,1
SRR20226771,SRR17135682,SRR15391656,2021-10-30,2021-10-25,2021-07-22,{'AY.116.1': 1},792172,1,390208,1,4,False,1
node_192862,SRR15201251,SRR20250958,2021-10-09,2021-07-09,2021-11-12,{'AY.1': 1},702153,1,-1,2147483648,7,False,1
ERR7561646,ERR11761851,ERR7291879,2021-11-25,2021-07-16,2021-10-29,{'AY.46.5': 1},929416,1,929417,1,0,False,1
node_688067,ERR10004704,ERR10045311,2022-07-19,2022-07-17,2022-07-29,"{'BA.5.2.1': 4, 'BF.2': 1}",1580590,5,1428716,7,3,False,5
SRR16884076,SRR16884155,ERR6571500,2021-10-12,2021-10-11,2021-08-08,{'AY.118': 1},715169,1,-1,2147483648,7,False,1
node_755322,ERR12921387,ERR12919258,2022-03-27,2022-02-13,2022-02-04,{'BA.2.9': 3},1400775,3,-1,2147483648,3,False,3
ERR7044286,ERR6523571,ERR5988482,2021-09-22,2021-08-07,2021-04-23,{'AY.4': 1},631014,1,-1,2147483648,4,False,1
node_584005,SRR26443970,ERR10382572,2023-01-01,2023-04-17,2022-10-03,{'CH.1.1': 32},1676438,4229,-1,2147483648,1,False,32
ERR7686130,ERR11756314,ERR7606007,2021-11-28,2021-11-27,2021-11-26,{'AY.4.2.1': 1},943611,1,-1,2147483648,1,False,1
ERR6557788,ERR6529403,ERR6476052,2021-08-12,2021-08-09,2021-07-30,{'AY.122': 1},464980,1,464981,1,0,False,1
node_188641,SRR20228763,node_188341,2021-10-25,2021-10-26,2021-09-30,{'AY.4': 2},769489,2,-1,2147483648,1,False,2
node_190016,ERR6629147,ERR6112499,2021-08-16,2021-08-17,2021-06-08,{'B.1.617.2': 1},474615,4,-1,2147483648,12,False,1
node_208100,ERR11822779,ERR6485741,2021-08-02,2021-10-10,2021-07-28,{'AY.5': 2},468819,2,-1,2147483648,3,False,2
SRR19724455,ERR10511768,SRR18780758,2022-05-29,2022-11-09,2022-03-05,{'BA.2': 1},1501544,1,-1,2147483648,5,False,1
node_196304,SRR17235276,ERR6731572,2021-09-25,2021-10-25,2021-09-03,{'AY.106': 3},644527,4,-1,2147483648,4,False,3
SRR21459581,ERR10231132,ERR12534490,2022-08-20,2022-09-05,2022-07-14,{'BA.5.2.9': 1},1626922,1,1428716,7,7,False,1
node_407351,ERR5238430,SRR14997709,2021-05-25,2021-01-22,2021-05-26,{'B.1.1.7': 2},299963,5,-1,2147483648,3,False,2
node_220074,ERR7184975,SRR16838930,2021-10-22,2021-10-14,2021-10-12,{'AY.43': 1},755188,1,-1,2147483648,5,False,1
ERR7318429,ERR6816862,ERR6440908,2021-10-26,2021-09-15,2021-07-26,{'AY.4': 1},773571,1,-1,2147483648,3,False,1
node_570946,node_570945,ERR9934036,2022-05-27,2022-05-27,2022-06-30,{'BA.2': 2},1499973,2,-1,2147483648,6,False,2
SRR28101158,ERR13322370,SRR29065228,2024-01-25,2024-01-30,2024-05-04,{'JN.1.58.3': 1},1882334,1,1854739,8,6,False,1
SRR20953685,SRR20264937,SRR16288152,2021-11-09,2021-11-16,2021-09-13,{'AY.39': 1},847289,1,-1,2147483648,5,False,1
node_323547,SRR16957578,SRR17475729,2021-10-20,2021-09-20,2021-12-27,{'AY.44': 1},748873,1,748874,1,0,False,1
SRR21211445,SRR20706313,SRR20095647,2022-08-04,2022-07-10,2022-06-15,{'BA.4': 1},1608343,1,-1,2147483648,0,False,1
SRR20232474,SRR15445985,SRR16690310,2021-11-03,2021-07-29,2021-10-03,{'AY.3': 1},814918,1,-1,2147483648,3,False,1
SRR14156602,ERR4653353,SRR17362214,2021-02-12,2020-09-16,2020-12-11,{'B.1.2': 1},150200,1,-1,2147483648,7,False,1
node_739385,ERR12345251,ERR9025313,2022-04-03,2022-04-07,2022-02-22,{'BA.2': 1},1416321,1,1416322,1,0,False,1
node_544123,ERR8761573,ERR7772073,2022-04-20,2022-02-16,2021-12-08,{'XAC': 19},1456322,19,1448913,1,0,True,19
node_48046,ERR6107960,SRR20186254,2021-09-27,2021-06-14,2021-12-04,{'B.1.617.2': 15},776312,16,-1,2147483648,3,False,15
SRR15893940,SRR15893938,ERR13153313,2021-07-26,2021-07-26,2021-07-30,{'AY.118': 1},403096,1,-1,2147483648,7,False,1
node_188739,ERR6172831,ERR6112499,2021-07-21,2021-06-23,2021-06-08,{'AY.4': 1},385992,1,-1,2147483648,4,False,1
SRR21457722,SRR21208456,SRR21369690,2022-08-22,2022-08-08,2022-08-13,{'BA.5.1.25': 1},1630019,1,1630020,1,0,False,1
node_477918,SRR18245826,SRR18160610,2022-02-13,2022-02-25,2022-01-31,{'BA.1.1': 2},1254818,2,-1,2147483648,4,False,2
ERR12934671,ERR12958216,ERR12920563,2022-03-02,2022-03-25,2022-02-13,{'XG': 1},1316286,1,1093814,6,3,True,1
ERR8232319,ERR7606033,ERR6794548,2021-12-12,2021-11-26,2021-09-13,{'AY.4.2.1': 1},1015236,1,-1,2147483648,6,False,1
SRR23121317,ERR8498127,SRR18241378,2022-01-10,2022-01-26,2021-12-30,{'BA.1.1': 1},1098104,2,-1,2147483648,3,False,1
node_544109,node_544108,ERR8534857,2021-11-17,2021-11-17,2022-01-29,{'unclassified': -1},-1,0,-1,2147483648,-1,False,859638
node_13400,SRR14158289,SRR17361919,2020-12-09,2021-03-03,2020-12-11,{'B.1.2': 2},75886,2,-1,2147483648,4,False,2
node_623423,ERR11923785,ERR13049630,2023-07-19,2023-08-12,2023-08-07,{'EG.5.1': 4},1827030,4,1827030,0,0,False,4
node_185098,SRR16829072,SRR16288127,2021-10-15,2021-10-08,2021-09-13,{'AY.100': 9},726801,9,-1,2147483648,8,False,9
node_598383,SRR23728673,SRR23508704,2023-04-01,2023-02-21,2023-01-12,{'XBB.1.5': 4},1806203,4,1673437,9,4,True,4
node_189428,SRR17219382,SRR16706972,2021-11-11,2021-11-09,2021-10-06,{'AY.100': 2},859332,2,-1,2147483648,4,False,2
SRR20918090,SRR17427974,SRR15818623,2021-12-16,2021-12-09,2021-08-11,{'AY.100': 1},1033132,1,-1,2147483648,5,False,1
ERR7693817,ERR7230839,ERR11742116,2021-10-27,2021-09-23,2021-08-20,{'AY.5': 1},778607,1,-1,2147483648,7,False,1
SRR24259331,node_606791,ERR10911668,2023-04-07,2023-04-07,2023-02-10,{'XBB.1.5.35': 1},1808956,1,1673437,13,4,True,1
ERR7148808,ERR6417018,ERR13182720,2021-09-26,2021-07-27,2021-08-22,{'AY.4': 1},646808,1,-1,2147483648,5,False,1
ERR6494788,ERR6112499,ERR6485574,2021-08-07,2021-06-08,2021-07-31,{'AY.4': 1},447875,1,447876,1,0,False,1
ERR6758419,ERR13182720,ERR6471909,2021-08-26,2021-08-22,2021-08-03,{'AY.4': 1},509775,1,509776,1,0,False,1
node_233414,ERR13143853,SRR20264259,2021-09-17,2021-10-07,2021-11-23,{'AY.39': 16},609728,17,-1,2147483648,4,False,16
SRR20917699,node_188703,SRR19291211,2021-12-16,2021-11-06,2021-11-17,{'AY.114': 1},1033082,2,323645,1,5,False,1
SRR14568865,SRR14154580,SRR14567651,2021-04-07,2021-03-08,2021-04-07,{'B.1.1.7': 1},245659,1,-1,2147483648,5,False,1
node_420654,ERR5183537,SRR14375476,2021-04-07,2021-01-02,2021-03-31,{'B.1.1.7': 2},245030,2,-1,2147483648,2,False,2
ERR9934158,ERR10000044,ERR10023825,2022-07-03,2022-07-05,2022-07-25,{'BA.5.1': 1},1548983,1,1428716,4,6,False,1
ERR7379152,ERR7118493,ERR7156603,2021-11-07,2021-10-12,2021-09-28,{'AY.4': 1},832281,1,832282,1,0,False,1
ERR13019137,ERR10003639,ERR12970138,2022-09-14,2022-07-05,2022-07-30,{'BA.5.2.1': 1},1657944,1,1428716,9,3,False,1
ERR7049463,ERR7051140,ERR7040521,2021-09-22,2021-09-22,2021-09-22,{'AY.4.2': 1},631095,1,-1,2147483648,4,False,1
SRR14463228,SRR14372490,node_15595,2021-02-22,2021-01-25,2020-12-13,{'B.1.2': 1},165933,1,-1,2147483648,4,False,1
ERR6702609,ERR6634454,ERR13153313,2021-08-23,2021-07-29,2021-07-30,{'AY.4': 1},497036,1,497037,1,0,False,1
SRR21662703,ERR4204348,SRR15515316,2020-03-26,2020-04-13,2020-06-10,{'B.1.518': 1},3156,1,-1,2147483648,5,False,1
node_513008,ERR9503002,ERR11803621,2022-03-14,2022-03-25,2022-02-04,{'BA.1.1': 2},1354329,2,-1,2147483648,3,False,2
ERR12540657,ERR10001366,ERR11852294,2022-07-12,2022-07-06,2022-05-22,{'BA.4': 1},1567774,1,-1,2147483648,14,False,1
node_189015,SRR16839446,SRR16351262,2021-12-07,2021-10-15,2021-09-14,{'AY.39': 2},1002624,2,-1,2147483648,5,False,2
SRR22118198,SRR21716450,node_703128,2022-08-18,2022-09-11,2022-09-12,{'BA.5.2': 1},1624301,1,1428716,8,3,False,1
node_226062,ERR6543803,ERR6485425,2021-08-07,2021-08-12,2021-08-06,{'AY.43': 1},447849,1,-1,2147483648,7,False,1
node_693988,ERR10175345,ERR12982338,2022-10-04,2022-08-26,2022-09-12,{'BF.7.5.1': 1},1677890,1,1677891,1,0,False,1
node_193268,ERR6619154,ERR4759554,2021-09-26,2021-08-27,2020-10-10,{'AY.125': 2},339353,1811,-1,2147483648,1,False,2
ERR7139143,ERR11753943,SRR15600693,2021-10-14,2021-10-12,2021-08-04,{'AY.4': 1},720507,1,-1,2147483648,4,False,1
SRR21901206,SRR21636879,ERR13093069,2022-09-26,2022-09-04,2022-03-28,{'BA.5.1.6': 1},1670794,1,1428716,6,7,False,1
SRR22997090,node_586903,SRR26324789,2022-10-15,2022-10-15,2023-09-24,{'XBB.2.8': 1},1688236,1,1673437,4,4,True,1
ERR7024892,node_95593,ERR6578688,2021-10-01,2021-05-31,2021-08-18,{'AY.4': 1},667352,1,-1,2147483648,3,False,1
node_213532,ERR11761851,ERR6601260,2021-10-01,2021-07-16,2021-08-23,{'AY.6': 2},667879,2,667880,1,0,False,2
SRR21637001,node_706510,SRR23770517,2022-09-03,2022-09-05,2022-11-09,{'BA.5.2': 1},1643830,1,1643831,1,0,False,1
SRR26364324,SRR26170730,node_599747,2023-09-27,2023-09-05,2023-02-18,{'EG.5.1': 1},1846159,1,1673437,17,7,False,1
ERR7238507,ERR6849655,ERR6440908,2021-10-26,2021-09-17,2021-07-26,{'AY.4': 1},771720,1,-1,2147483648,7,False,1
ERR9511806,ERR9332987,ERR8291886,2022-03-27,2022-03-09,2022-01-23,{'BA.1.1': 1},1398593,1,-1,2147483648,4,False,1
node_656739,ERR10000032,ERR10000724,2022-06-28,2022-07-04,2022-07-04,{'BE.1': 7},1541824,7,1541824,0,0,False,7
SRR20259867,SRR20252780,ERR13153313,2021-10-21,2021-10-20,2021-07-30,{'AY.39': 1},753014,1,753015,1,0,False,1
node_436705,SRR16714079,ERR5195856,2021-03-11,2021-03-12,2021-01-09,{'B.1.1.7': 1},194919,1,-1,2147483648,5,False,1
SRR19694506,SRR19675895,SRR19675081,2022-04-16,2022-04-25,2022-04-18,{'BA.2': 1},1440313,1,-1,2147483648,3,False,1
SRR28262769,ERR12551638,ERR13052840,2023-12-18,2023-12-26,2023-11-20,{'JN.1.43.1': 1},1872708,1,1854739,9,3,False,1
ERR11742086,ERR6457057,ERR11742206,2021-08-21,2021-07-29,2021-08-27,{'AY.28': 1},492135,1,492136,1,0,False,1
SRR19305694,SRR17264023,ERR11742086,2021-11-22,2021-11-22,2021-08-21,{'AY.47': 1},915944,1,915945,1,0,False,1
node_380000,ERR4875976,ERR7445887,2021-01-07,2020-11-09,2021-02-26,{'B.1.1.7': 2},101496,2,-1,2147483648,4,False,2
node_189684,ERR6625113,SRR16157939,2021-11-10,2021-07-30,2021-09-01,{'AY.117': 2},853483,2,853484,1,0,False,2
node_402236,ERR11759701,ERR11760202,2021-05-31,2021-05-31,2021-05-31,{'B.1.1.7': 2},305980,2,-1,2147483648,2,False,2
node_104131,ERR11754296,ERR6311815,2021-10-16,2021-10-19,2021-07-05,{'AY.4.2': 155},175379,680876,-1,2147483648,1,False,155
ERR12145855,SRR23177976,ERR13059082,2023-10-10,2023-01-07,2023-11-20,{'FL.1.5': 1},1850191,1,1673437,13,5,False,1
ERR13076391,SRR25682114,ERR10983471,2023-10-02,2023-07-05,2023-02-27,{'FY.2': 1},1847685,1,1673437,9,10,False,1
SRR22092742,ERR10219839,SRR19793911,2022-10-13,2022-09-03,2022-06-05,{'BA.5.1': 1},1686352,1,1428716,13,7,False,1
node_223495,node_223428,ERR12819460,2021-08-29,2021-11-07,2021-08-06,{'AY.43': 2},522244,2,-1,2147483648,4,False,2
node_188453,ERR7311027,ERR11754607,2021-10-12,2021-10-10,2021-10-20,{'AY.4.2': 24},598550,2155,-1,2147483648,1,False,24
node_20306,node_19974,SRR14395081,2021-03-23,2021-02-06,2021-03-29,{'B.1.526': 19},217375,19,217375,0,2,False,19
node_600787,node_587923,SRR26204405,2023-09-22,2023-04-30,2023-08-30,{'GK.3.1': 3},1852179,3,1673437,11,4,False,3
ERR7394692,ERR7294991,ERR6584610,2021-11-07,2021-10-30,2021-08-20,{'AY.43': 1},832672,1,-1,2147483648,3,False,1
ERR5553633,ERR5058206,ERR5393469,2021-03-18,2020-12-21,2021-02-19,{'B.1.1.7': 1},208391,1,208392,1,0,False,1
node_676813,ERR10013812,SRR19938946,2022-07-15,2022-07-20,2022-06-21,{'BA.5.6': 2},1573343,2,1428716,7,4,False,2
node_188545,node_188544,ERR11756261,2021-12-09,2021-12-09,2021-11-28,{'AY.4': 1},1004450,1,1004451,1,0,False,1
ERR9392181,ERR11781067,ERR12896053,2022-03-10,2022-03-28,2022-01-17,{'BA.2': 1},1344051,1,-1,2147483648,3,False,1
ERR6529223,ERR6455786,ERR11742306,2021-08-09,2021-07-29,2021-09-11,{'AY.4': 1},454116,1,-1,2147483648,5,False,1
node_554099,ERR12902194,ERR10005867,2022-06-09,2022-02-06,2022-07-21,{'BA.2.12.1': 2},1319942,48127,-1,2147483648,1,False,2
SRR18234507,SRR18234620,SRR18159803,2022-02-21,2022-02-22,2022-02-14,{'BA.1': 1},1287309,1,-1,2147483648,4,False,1
SRR16741551,ERR5026591,SRR14154655,2021-04-12,2020-12-10,2021-03-13,{'B.1.1.7': 1},253664,1,-1,2147483648,4,False,1
node_493961,ERR9220454,ERR8489564,2022-03-03,2022-03-02,2022-01-28,{'BA.1.1': 3},1326098,3,-1,2147483648,4,False,3
SRR16883487,SRR16147990,SRR19692747,2021-10-12,2021-09-09,2022-03-18,{'AY.3': 1},715019,1,-1,2147483648,3,False,1
ERR5458848,ERR5316952,ERR5458865,2021-02-15,2021-02-09,2021-02-16,{'B.1.1.7': 1},155971,1,-1,2147483648,4,False,1
node_554590,ERR9825971,SRR21340695,2022-05-07,2022-05-25,2022-04-01,{'BA.2.12.1': 18},1474512,18,-1,2147483648,3,False,18
SRR19782827,SRR19649028,ERR10045493,2022-06-09,2022-06-06,2022-07-25,{'BA.2.12.1': 1},1516379,1,-1,2147483648,4,False,1
ERR9216801,ERR12120893,ERR10711783,2022-03-02,2022-03-16,2022-03-14,{'BA.2': 1},1315952,1,-1,2147483648,3,False,1
SRR21263192,SRR20145485,node_193094,2021-11-29,2021-12-03,2021-11-29,{'AY.125': 1},951658,2,-1,2147483648,5,False,1
node_413713,ERR5212919,ERR5323383,2021-01-19,2021-01-18,2021-02-10,{'B.1.1.7': 3},118087,3,-1,2147483648,3,False,3
SRR16351479,SRR16386910,SRR20258219,2021-09-17,2021-09-19,2021-10-18,{'AY.118': 1},609579,1,-1,2147483648,3,False,1
node_754420,ERR12342330,ERR11748459,2022-04-09,2022-04-07,2022-05-25,{'BA.2.9': 7},1428286,7,-1,2147483648,4,False,7
ERR7310480,ERR6761066,ERR7141057,2021-10-23,2021-08-31,2021-10-12,{'AY.4.2': 1},760300,1,-1,2147483648,4,False,1
ERR9625458,ERR9102490,ERR9647850,2022-04-11,2022-02-23,2022-04-19,{'BA.1': 1},1431252,1,1431253,1,0,False,1
node_699893,SRR21371288,SRR21527405,2022-08-24,2022-08-13,2022-08-27,{'BA.5': 26},1631859,26,1631860,1,0,False,26
node_189936,ERR13182720,SRR15138744,2021-07-22,2021-08-22,2021-07-02,{'AY.116.1': 24},342463,986,-1,2147483648,1,False,24
ERR8502404,ERR7824165,ERR8161101,2022-01-30,2021-12-15,2022-01-19,{'BA.1.17.2': 1},1181637,1,-1,2147483648,4,False,1
SRR15948720,ERR6494593,SRR15818661,2021-08-21,2021-08-05,2021-08-10,{'AY.110': 1},491705,1,-1,2147483648,3,False,1
node_189075,SRR16852701,ERR7239527,2021-10-12,2021-10-16,2021-10-16,{'AY.39': 2},745748,2,-1,2147483648,4,False,2
node_315890,SRR17646921,SRR16839264,2021-10-16,2021-12-07,2021-10-13,{'AY.44': 2},856016,2,-1,2147483648,3,False,2
node_21935,SRR14154896,ERR10089282,2021-05-01,2021-03-14,2021-04-21,{'B.1.526': 4},50503,295781,-1,2147483648,1,False,4
ERR8075292,ERR7904475,ERR11803719,2022-01-11,2021-12-27,2022-02-07,{'BA.1': 1},1100473,1,-1,2147483648,4,False,1
node_121862,ERR6558132,ERR6136456,2021-08-30,2021-08-16,2021-06-17,{'AY.4': 2},524419,2,-1,2147483648,3,False,2
node_697085,SRR21497930,SRR20492562,2022-10-15,2022-08-12,2022-07-01,{'BA.5.2.1': 5},1688633,5,1428716,9,4,False,5
node_698325,SRR20885021,ERR10024647,2022-09-08,2022-07-18,2022-07-25,{'BA.5.2': 1},1649582,1,1428716,7,6,False,1
node_318591,SRR16221899,SRR15230181,2021-09-24,2021-09-07,2021-06-15,{'AY.44': 2},641405,2,-1,2147483648,3,False,2
ERR7109163,ERR6136467,node_207652,2021-10-08,2021-06-16,2021-10-11,{'AY.5': 1},696442,1,-1,2147483648,5,False,1
SRR28618873,SRR28223188,ERR13322449,2024-03-22,2024-02-21,2024-01-31,{'JN.1': 1},1889587,1,1854739,11,3,False,1
ERR13047041,ERR13053784,ERR10804812,2022-12-26,2023-01-12,2023-01-04,{'GP.2': 1},1731962,1,-1,2147483648,3,False,1
node_189585,SRR17235280,ERR6886657,2021-10-07,2021-10-28,2021-09-16,{'B.1.617.2': 2},691862,9,-1,2147483648,3,False,2
node_784871,ERR11822527,SRR14627955,2021-03-02,2021-05-11,2021-05-08,{'P.1': 216},180083,217,-1,2147483648,3,False,216
node_724306,SRR21153599,ERR10081155,2022-06-30,2022-07-12,2022-08-06,{'BA.4': 3},1544146,3,-1,2147483648,3,False,3
ERR4692800,ERR4671367,ERR4569850,2020-09-26,2020-09-27,2020-08-25,{'B.1.177.15': 1},37873,1,-1,2147483648,3,False,1
SRR21947661,ERR10000013,SRR20510377,2022-09-27,2022-07-05,2022-07-09,{'BA.5.2': 1},1671684,1,1671685,1,0,False,1
SRR14199390,ERR5469621,SRR14199310,2021-02-04,2021-03-04,2021-02-04,{'B.1.429': 1},139339,1,-1,2147483648,3,False,1
ERR7233192,node_343306,ERR6488595,2021-10-20,2021-09-10,2021-08-01,{'AY.36': 1},747178,1,-1,2147483648,5,False,1
node_642597,ERR10825335,SRR21085128,2022-07-06,2022-10-17,2022-07-18,{'BA.5.1': 2},1555718,2,1428716,9,4,False,2
ERR12539249,SRR25053154,ERR10000064,2022-07-22,2023-05-03,2022-07-05,{'BA.5.2': 1},1585461,1,1428716,10,7,False,1
ERR9500632,ERR12896053,ERR11780791,2022-03-26,2022-01-17,2022-03-29,{'BA.2': 1},1395857,1,-1,2147483648,3,False,1
node_181387,SRR17330263,SRR16883831,2021-10-30,2021-12-08,2021-10-13,{'AY.100': 5},792155,19,-1,2147483648,7,False,5
ERR10111954,SRR22117368,SRR21382752,2022-08-12,2022-10-17,2022-08-15,{'BA.5.1': 1},1616121,1,1428716,7,5,False,1
ERR6760619,ERR6611757,ERR6605289,2021-09-03,2021-08-25,2021-08-24,{'AY.4': 1},546419,1,-1,2147483648,4,False,1
node_747416,ERR11796666,ERR12922304,2022-01-31,2022-01-14,2022-02-21,{'BA.2': 3},1220826,3,-1,2147483648,3,False,3
node_226103,ERR6543800,ERR6392127,2021-09-02,2021-08-12,2021-07-22,{'AY.98': 1},543989,1,543990,1,0,False,1
SRR23898384,ERR10910673,SRR24180605,2023-02-28,2023-02-04,2023-03-30,{'XBB.1.5': 1},1782647,1,1673437,10,5,True,1
node_199033,SRR19931451,SRR17317843,2021-11-02,2021-11-04,2021-11-16,{'AY.119.2': 3},808580,3,-1,2147483648,7,False,3
SRR18310316,SRR17888988,node_539514,2022-01-11,2021-12-22,2021-12-14,{'BA.1.14': 1},1101055,1,-1,2147483648,6,False,1
SRR26256584,SRR26937913,SRR26075582,2023-09-12,2023-11-07,2023-08-22,{'FU.2.1': 1},1840797,1,1673437,17,7,False,1
ERR13076974,ERR13051412,SRR28273281,2023-11-20,2023-11-20,2024-02-12,{'JN.1.4': 1},1862149,1,1854739,11,6,False,1
node_133805,ERR5991611,ERR6696333,2021-09-19,2021-05-19,2021-08-31,{'AY.4': 21},616994,21,-1,2147483648,3,False,21
node_47104,ERR6319867,SRR16375548,2021-11-03,2021-07-08,2021-10-10,{'AY.117': 10},816700,10,-1,2147483648,3,False,10
node_775559,ERR12925994,ERR12751553,2022-05-06,2022-02-25,2022-05-01,{'BA.2.9': 8},1473866,8,-1,2147483648,0,False,8
node_201022,SRR16834437,SRR16592849,2021-11-11,2021-10-10,2021-10-01,{'AY.119': 2},858990,2,-1,2147483648,3,False,2
SRR18084356,SRR20494235,node_490657,2022-02-02,2022-01-10,2022-02-02,{'BA.1.1.18': 1},1198929,1,-1,2147483648,6,False,1
node_766050,ERR11550533,ERR10024519,2022-04-23,2022-06-06,2022-07-27,{'BA.2.36': 5},1454490,5,-1,2147483648,4,False,5
SRR16883831,SRR16789901,SRR15518829,2021-10-13,2021-10-09,2021-07-30,{'AY.100': 1},719291,1,719292,1,0,False,1
node_189711,ERR6403523,ERR6492761,2021-08-28,2021-07-23,2021-07-31,{'AY.120': 2},520173,2,-1,2147483648,3,False,2
ERR9264149,ERR11826612,ERR8622748,2022-03-05,2022-04-04,2022-02-06,{'BA.1.1': 1},1324137,1,-1,2147483648,3,False,1
SRR20898062,SRR18775437,ERR8547679,2022-02-09,2022-03-02,2022-01-30,{'BA.1.1': 1},1236922,1,-1,2147483648,3,False,1
ERR6767364,ERR6638071,ERR6605289,2021-08-27,2021-08-04,2021-08-24,{'AY.4': 1},515446,1,-1,2147483648,3,False,1
SRR20189753,SRR21183996,SRR15518438,2021-12-08,2021-11-05,2021-08-03,{'AY.118': 1},1000903,1,-1,2147483648,11,False,1
SRR20179884,SRR16883335,SRR17275482,2021-11-26,2021-10-19,2021-12-02,{'AY.100': 1},935860,1,-1,2147483648,7,False,1
node_150060,DRR321274,ERR6769182,2021-06-22,2021-05-18,2021-08-28,{'AY.4': 132},330416,132,-1,2147483648,1,False,132
SRR15189070,ERR5340332,SRR16736728,2021-07-07,2021-02-12,2021-03-25,{'B.1.1.7': 1},356164,1,356165,1,0,False,1
node_107677,ERR13157923,ERR7309895,2021-09-06,2021-09-02,2021-10-23,{'AY.4.2.3': 306},555748,308,-1,2147483648,3,False,306
ERR5341263,ERR5026591,ERR5224595,2021-02-10,2020-12-10,2021-01-16,{'B.1.1.7': 1},147363,1,-1,2147483648,6,False,1
node_238507,ERR6012212,SRR15490174,2021-09-06,2021-05-25,2021-07-31,{'AY.119': 1},558141,1,-1,2147483648,7,False,1
node_755607,SRR19505093,ERR11780382,2022-03-26,2022-05-17,2022-03-28,{'BA.2': 2},1395082,2,-1,2147483648,3,False,2
node_583488,node_583831,ERR13055086,2023-02-02,2023-02-07,2023-01-18,{'CH.1.1': 6},1758022,6,-1,2147483648,4,False,6
node_575724,ERR10001945,ERR8123495,2022-05-08,2022-07-06,2022-01-17,{'BA.2.48': 9},1479526,9,-1,2147483648,3,False,9
SRR28278389,SRR12109476,ERR4287486,2020-06-29,2020-05-13,2020-05-13,{'B.1.381': 1},22457,1,-1,2147483648,5,False,1
ERR7234709,ERR7099711,ERR6440908,2021-10-22,2021-10-08,2021-07-26,{'AY.4': 1},755210,1,755211,1,0,False,1
ERR8248166,ERR7404505,ERR13153313,2021-12-09,2021-11-08,2021-07-30,{'AY.4': 1},1004545,1,1004546,1,0,False,1
node_577568,ERR13091294,ERR13091650,2022-03-12,2022-03-28,2022-04-04,{'BA.2': 2},1349984,2,-1,2147483648,3,False,2
node_626995,ERR11279669,ERR11171389,2023-02-24,2023-04-06,2023-03-17,{'XBB.1.5': 2},1788341,2,1673437,6,3,True,2
SRR20189726,SRR23878332,ERR6626500,2021-12-08,2021-11-28,2021-08-26,{'AY.100': 1},1000884,1,-1,2147483648,3,False,1
node_393937,ERR5181175,ERR5059062,2021-02-11,2021-01-02,2020-12-21,{'B.1.1.7': 75},149142,75,-1,2147483648,6,False,75
node_306057,SRR16307598,node_306054,2021-07-29,2021-09-14,2021-07-29,{'AY.3': 1},413745,1,-1,2147483648,3,False,1
node_91599,ERR11822853,SRR17367056,2021-12-16,2021-10-17,2021-12-03,{'AY.4.9': 1},1034137,1,-1,2147483648,5,False,1
SRR20423836,ERR9401159,SRR19559751,2022-06-14,2022-03-15,2022-04-19,{'BA.2': 1},1524071,1,-1,2147483648,3,False,1
node_361136,SRR15387604,SRR16199729,2021-07-10,2021-07-23,2021-09-11,{'AY.13': 3},361467,3,-1,2147483648,3,False,3
SRR14450895,ERR5040789,SRR13928111,2021-03-04,2020-12-18,2021-02-09,{'B.1.1.7': 1},182981,1,-1,2147483648,3,False,1
node_188314,ERR6746665,ERR13182720,2021-09-23,2021-08-27,2021-08-22,{'AY.4': 2},694602,2,-1,2147483648,3,False,2
node_668852,ERR10770064,SRR21522108,2022-12-11,2022-12-14,2022-08-28,{'BQ.1': 2},1721548,2,1428716,14,3,False,2
node_600545,ERR10758858,ERR13320350,2023-08-23,2022-12-30,2023-08-22,"{'XCH': 103, 'XCR': 84, 'XCH.1': 52, 'XBB.1.5.70': 1}",1831721,837,1673437,8,3,True,240
ERR12781794,ERR13125671,ERR12941798,2022-05-03,2022-06-29,2022-04-10,{'BA.2': 1},1469630,1,-1,2147483648,3,False,1
SRR21795943,ERR11006399,SRR21670893,2022-09-15,2023-02-16,2022-09-05,{'BA.5.6': 1},1658761,1,1428716,10,5,False,1
node_487142,ERR8086604,ERR9615432,2022-02-05,2022-01-11,2022-04-05,{'BA.1.1': 1},1215152,1,-1,2147483648,1,False,1
SRR22136828,ERR10089088,SRR18329258,2022-08-22,2022-08-09,2022-02-07,{'BA.2.75.1': 1},1629551,1,-1,2147483648,6,False,1
SRR20251927,SRR19306355,ERR6491956,2021-11-10,2021-11-22,2021-07-21,{'AY.100': 1},853602,1,-1,2147483648,7,False,1
ERR10096034,ERR5338627,ERR6544798,2021-04-23,2021-02-11,2021-05-08,{'B.1.1.7': 1},267447,1,-1,2147483648,3,False,1
node_585018,SRR23475877,ERR10888216,2023-02-16,2022-06-08,2023-02-02,{'DV.6': 2},1770883,2,-1,2147483648,3,False,2
SRR18279402,SRR17418968,SRR18246150,2022-02-22,2021-12-17,2022-02-24,{'BA.1.18': 1},1293131,2,1232639,3,4,False,1
SRR20259390,SRR20258148,SRR16606679,2021-10-21,2021-10-18,2021-09-28,{'AY.119': 1},752918,1,752919,1,0,False,1
node_368889,SRR12894436,SRR11915782,2020-07-03,2020-09-24,2020-05-13,{'D.2': 60},15818,8813,-1,2147483648,5,False,60
node_568079,ERR12750703,ERR13090981,2022-04-21,2022-04-24,2022-03-28,{'BA.2': 2},1450304,2,-1,2147483648,6,False,2
node_418440,ERR6708879,ERR5176917,2021-01-13,2021-03-04,2020-12-29,{'B.1.1.7': 3},109072,3,-1,2147483648,3,False,3
SRR16153649,SRR15391538,SRR15776936,2021-08-31,2021-07-12,2021-08-19,{'AY.114': 1},533765,1,323645,4,3,False,1
ERR6486365,ERR6112499,ERR6310026,2021-07-21,2021-06-08,2021-07-04,{'AY.4': 1},386063,1,386064,1,0,False,1
SRR20932702,node_691557,ERR9714824,2022-07-10,2022-08-21,2022-04-22,{'BA.5.2.1': 1},1563905,1,1428716,8,7,False,1
node_149131,ERR6854079,node_149146,2021-10-07,2021-09-18,2021-08-13,{'AY.4': 4},715936,4,-1,2147483648,9,False,4
SRR21041378,ERR13121857,SRR19919918,2022-07-20,2022-05-03,2022-06-13,{'BA.2.12.1': 1},1582878,1,-1,2147483648,5,False,1
node_48211,SRR17235362,node_164273,2021-10-09,2021-10-29,2021-09-24,{'AY.112.2': 36},728305,42,-1,2147483648,3,False,36
node_76494,ERR6584730,ERR13153217,2021-09-16,2021-08-20,2021-07-31,{'AY.4': 2},624117,2,-1,2147483648,4,False,2
node_462417,SRR18084356,node_462416,2022-02-04,2022-02-02,2022-02-04,{'BA.1.1': 4},1211236,4,-1,2147483648,7,False,4
SRR22294791,SRR22319644,SRR20304068,2022-10-31,2022-10-26,2022-06-25,{'BA.5.2.1': 1},1701007,1,1701008,1,0,False,1
SRR20777853,SRR19495661,ERR9504359,2022-05-09,2022-05-03,2022-03-27,{'BA.2': 1},1477377,1,-1,2147483648,4,False,1
SRR24540461,ERR10910673,node_608214,2023-04-26,2023-02-04,2023-02-08,{'XBB.1.5': 1},1815801,1,1673437,8,5,True,1
ERR5185078,node_386189,ERR5292028,2021-01-08,2021-01-30,2021-01-27,{'B.1.1.7': 1},102029,1,-1,2147483648,3,False,1
node_568693,ERR11781587,ERR12752656,2022-04-19,2022-03-28,2022-05-08,{'BA.2': 1},1446139,1,-1,2147483648,3,False,1
node_188761,SRR15534656,SRR15199752,2021-08-02,2021-08-02,2021-06-30,{'AY.107': 2},439530,2,-1,2147483648,5,False,2
SRR19914226,node_731504,ERR13076799,2022-06-13,2022-06-13,2023-01-13,{'BA.2.3': 1},1522259,1,-1,2147483648,7,False,1
ERR6655421,ERR6580674,ERR6597976,2021-08-27,2021-08-19,2021-08-22,{'AY.43': 1},514005,1,514006,1,0,False,1
node_527843,ERR9193758,ERR8076203,2022-03-02,2022-02-25,2022-01-12,{'BA.1.17.2': 2},1314409,2,1314409,0,1,False,2
SRR20177842,SRR17125415,SRR15518651,2021-11-14,2021-11-12,2021-08-02,{'AY.100': 1},873887,2,873888,1,0,False,1
node_782735,node_783859,SRR14152625,2021-04-21,2021-08-28,2021-03-16,"{'P.1': 8, 'P.1.15': 7}",132045,6003,-1,2147483648,1,False,15
SRR21042600,ERR12902194,ERR12973443,2022-07-20,2022-02-06,2022-07-07,{'BA.5.6': 1},3301250,1,1428716,6,0,False,1
ERR6835271,ERR6729234,ERR6438122,2021-09-13,2021-09-03,2021-07-16,{'AY.42': 1},589135,1,373410,4,3,False,1
ERR7518217,ERR5946395,ERR11756036,2021-11-18,2021-05-10,2021-11-25,{'AY.34.2': 1},895289,1,-1,2147483648,3,False,1
node_701256,SRR20677446,ERR13174849,2022-09-18,2022-07-06,2022-08-12,{'BA.5.2.21': 6},1681696,6,1428716,9,4,False,6
SRR16736806,ERR5222460,SRR14219343,2021-03-26,2021-01-18,2021-03-09,{'B.1.1.7': 1},223397,1,-1,2147483648,7,False,1
ERR8648324,ERR8140936,ERR8700815,2022-02-08,2022-01-17,2022-02-06,{'BA.1.17.2': 1},1228566,1,-1,2147483648,8,False,1
node_132750,ERR11754090,ERR7642691,2021-11-04,2021-10-13,2021-11-29,{'AY.4': 38},821563,38,-1,2147483648,4,False,38
SRR24798187,SRR19318803,SRR24798168,2021-12-14,2021-12-27,2021-12-14,{'AY.103': 1},1025282,1,-1,2147483648,6,False,1
node_183742,SRR20954028,node_183741,2021-11-04,2021-11-09,2021-10-01,{'AY.100': 17},828008,17,-1,2147483648,3,False,17
SRR20648399,SRR19149048,SRR18329258,2022-06-25,2022-04-11,2022-02-07,{'BA.2.38': 1},1537455,1,-1,2147483648,6,False,1
node_596743,ERR7795801,SRR24606764,2023-03-09,2021-12-12,2023-03-15,{'XBB.1.5.45': 6},1790973,6,1790973,0,1,True,6
node_357841,SRR15626314,SRR15478881,2021-09-28,2021-08-05,2021-08-06,{'AY.75': 54},655431,54,655432,1,0,False,54
SRR15891544,SRR15519153,DRR321268,2021-08-06,2021-07-30,2021-08-13,{'AY.107': 1},446855,1,-1,2147483648,7,False,1
SRR19674655,SRR20569591,SRR18329258,2022-04-22,2022-04-22,2022-02-07,{'BA.2.3': 1},1452138,1,-1,2147483648,4,False,1
SRR20694518,SRR17595114,node_13629,2020-11-15,2021-09-14,2021-01-13,{'B.1.239': 1},64904,1,-1,2147483648,7,False,1
ERR9086146,ERR8409403,ERR8964262,2022-02-18,2022-01-25,2022-02-17,{'BA.1': 1},1275515,1,-1,2147483648,3,False,1
ERR9494164,ERR13088053,ERR8276420,2022-03-24,2022-03-28,2022-01-22,{'BA.2': 1},1388484,1,-1,2147483648,3,False,1
node_276965,SRR15446330,SRR15199786,2021-07-15,2021-07-24,2021-06-29,{'AY.25': 3},447564,3,-1,2147483648,3,False,3
ERR13272720,ERR11763392,ERR12795818,2021-11-30,2021-11-27,2021-07-16,{'AY.43.6': 1},959752,1,-1,2147483648,4,False,1
node_406133,ERR5238430,SRR14037895,2021-03-12,2021-01-22,2021-03-05,{'B.1.1.7': 3},59586,33614,-1,2147483648,1,False,3
SRR16741878,node_382828,ERR6628813,2021-04-13,2021-04-13,2021-08-24,{'B.1.1.7': 1},254888,1,-1,2147483648,5,False,1
node_10231,SRR17628191,SRR21978679,2021-03-03,2021-03-17,2021-02-02,{'B.1.2': 3},182378,3,-1,2147483648,4,False,3
SRR22004894,ERR12971413,SRR21795787,2022-10-05,2022-07-14,2022-09-16,{'BA.4.6': 1},1678352,1,-1,2147483648,5,False,1
ERR7463393,ERR7166311,SRR16007316,2021-11-10,2021-10-17,2021-09-02,{'AY.4': 1},850621,1,-1,2147483648,5,False,1
node_189905,SRR16606464,ERR7234418,2021-09-28,2021-09-28,2021-10-18,{'AY.119.2': 2},656124,2,-1,2147483648,3,False,2
SRR24708985,node_592035,ERR10910673,2023-04-15,2023-04-15,2023-02-04,{'XBB.1.5': 1},1812334,1,1673437,14,8,True,1
ERR9977318,ERR10000237,ERR9967481,2022-07-08,2022-07-05,2022-07-04,{'BA.5.2': 1},1559573,1,1428716,9,0,False,1
node_531694,ERR8184954,ERR12894143,2022-02-05,2021-12-29,2022-01-10,{'BA.1': 2},1216301,2,-1,2147483648,4,False,2
SRR22159852,ERR12753380,SRR21196810,2022-08-30,2022-05-05,2022-07-02,{'BA.5.2.1': 1},1639862,1,1428716,9,4,False,1
node_233517,SRR16020651,SRR20251370,2021-10-16,2021-09-13,2021-11-12,{'AY.39': 40},730597,41,-1,2147483648,3,False,40
SRR15096457,ERR5291292,SRR15070142,2021-06-20,2021-01-13,2021-06-11,{'B.1.1.7': 1},2186782,1,-1,2147483648,0,False,1
node_188872,SRR19933852,node_235888,2021-11-04,2021-12-16,2021-11-04,{'AY.39': 2},820407,2,506265,4,3,False,2
ERR7405133,ERR6654743,ERR11753789,2021-11-09,2021-08-28,2021-10-17,{'AY.4': 1},847968,1,-1,2147483648,6,False,1
node_134885,ERR6105556,node_115369,2021-08-16,2021-06-09,2021-08-03,{'AY.4': 13},474893,13,474894,1,0,False,13
SRR11939579,ERR4242285,SRR16381147,2020-05-06,2020-05-01,2021-09-18,{'B.1': 1},14447,1,-1,2147483648,3,False,1
ERR8179812,ERR7885199,ERR11826612,2021-12-27,2021-12-21,2022-04-04,{'BA.1.10': 1},1061314,1,-1,2147483648,3,False,1
SRR21810565,ERR10751371,SRR21899555,2022-09-19,2022-12-27,2022-09-25,{'BA.5.2.9': 1},1663801,1,1428716,8,6,False,1
SRR21799764,SRR21695008,ERR10002732,2022-09-21,2022-09-11,2022-07-08,{'BF.27': 1},1665640,1,1428716,11,5,False,1
node_223497,ERR7461670,ERR6661203,2021-11-01,2021-11-09,2021-08-29,{'AY.43': 2},801512,2,-1,2147483648,5,False,2
node_151835,ERR6299719,node_188565,2021-08-06,2021-06-26,2021-10-19,{'AY.4': 26},445180,28,-1,2147483648,3,False,26
ERR5632226,ERR4988523,node_372931,2021-03-11,2020-11-22,2021-03-19,{'B.1.1.7': 1},194868,1,-1,2147483648,5,False,1
SRR21346640,ERR12753709,SRR19688411,2022-03-22,2022-05-01,2022-05-13,{'BA.2.12.1': 1},1383290,1,1383291,1,2,False,1
node_588550,node_588498,SRR26212636,2023-11-21,2023-11-16,2023-08-21,"{'KT.1.1': 119, 'KT.1': 3}",1875602,262,1673437,10,4,False,122
ERR7239836,node_188534,ERR6820819,2021-10-13,2021-07-02,2021-09-14,{'AY.4': 1},717859,1,717860,1,0,False,1
node_143390,ERR7311364,ERR6923440,2021-10-09,2021-10-28,2021-09-27,{'AY.4': 15},700662,15,-1,2147483648,3,False,15
node_95337,SRR15433667,ERR6425163,2021-07-09,2021-07-20,2021-07-20,{'AY.105': 66},360521,66,-1,2147483648,3,False,66
ERR6574329,ERR6201368,node_188681,2021-08-11,2021-06-26,2021-08-11,{'AY.4': 1},461763,1,-1,2147483648,6,False,1
node_696677,ERR10000002,ERR10000391,2022-10-28,2022-07-05,2022-07-06,{'BA.5.2.1': 1},1699022,1,1699023,1,0,False,1
SRR23055305,SRR24067275,SRR23358609,2023-01-02,2023-03-15,2023-01-23,{'XBB.1.5': 1},1736799,2,1673437,8,4,True,1
ERR8486797,ERR8299146,ERR7932127,2022-01-26,2022-01-22,2021-12-26,{'BA.1.15.1': 1},1165538,1,1165539,1,0,False,1
SRR20259179,SRR19279245,SRR15948433,2021-10-21,2021-10-21,2021-08-20,{'AY.119': 1},752889,1,-1,2147483648,4,False,1
ERR12941357,SRR20075486,ERR12713837,2022-04-09,2022-06-22,2022-04-20,{'BA.2': 1},1428360,1,-1,2147483648,4,False,1
SRR15958883,ERR7216466,node_234222,2021-08-30,2021-10-22,2021-09-01,{'AY.39': 1},527259,1,-1,2147483648,5,False,1
SRR16269280,ERR13287273,SRR16238336,2021-10-01,2021-12-04,2021-09-09,{'AY.119': 1},668246,1,-1,2147483648,0,False,1
SRR20949740,SRR17488567,SRR19265413,2021-11-28,2021-12-21,2021-11-17,{'AY.44': 1},944942,1,944943,1,0,False,1
node_388962,ERR5351897,ERR5174575,2021-02-24,2021-02-15,2020-12-21,{'B.1.1.7': 8},169418,8,-1,2147483648,3,False,8
SRR20917404,SRR16780615,SRR16858678,2021-12-15,2021-10-07,2021-10-19,{'AY.39': 1},1029155,1,692744,2,6,False,1
node_633084,SRR28009299,ERR12306865,2023-12-11,2024-01-31,2023-10-29,{'JN.1': 2},1878914,2,1854739,9,4,False,2
SRR14229180,SRR14135991,SRR14135998,2021-02-09,2021-02-01,2021-02-02,{'B.1.2': 1},146051,1,-1,2147483648,3,False,1
node_351872,ERR9899079,ERR6115889,2021-07-01,2021-08-08,2021-06-08,{'AY.26': 10},367056,10,-1,2147483648,3,False,10
node_167397,ERR7265232,ERR7328353,2021-10-25,2021-10-25,2021-11-01,{'AY.4': 8},770358,8,770359,1,0,False,8
node_177707,ERR7609970,ERR6107283,2021-06-23,2021-11-27,2021-06-16,{'AY.4': 3},331561,3,-1,2147483648,3,False,3
SRR21040591,SRR19911077,ERR9932354,2022-07-27,2022-06-03,2022-07-01,{'BA.5': 1},1595635,1,1428716,3,4,False,1
node_698437,ERR10556218,ERR13009749,2022-10-17,2022-11-11,2022-10-09,{'BF.11.3': 2},1690393,2,1690394,1,0,False,2
ERR13014581,ERR10111471,ERR10047446,2022-08-02,2022-08-11,2022-08-02,{'BA.5.2': 1},1606176,1,1428716,5,5,False,1
SRR24599075,SRR21275162,SRR24339082,2023-03-28,2022-07-01,2023-04-11,{'XBB.1.5': 1},1804324,1,1673437,10,3,True,1
ERR11255248,ERR11254938,ERR11255040,2023-03-20,2023-02-21,2023-03-06,{'XBB.1.5': 1},1798273,1,1798274,1,0,True,1
node_174215,ERR7775950,ERR11753787,2021-06-28,2021-12-10,2021-10-17,"{'AY.4': 11, 'AY.4.2': 1}",175379,680876,-1,2147483648,1,False,12
node_311784,ERR6567507,ERR13159712,2021-08-16,2021-08-11,2021-07-13,{'AY.3': 3},476037,3,476037,0,1,False,3
SRR17889057,SRR25066350,node_189228,2021-12-24,2021-12-03,2021-07-27,{'B.1.617.2': 1},1055842,1,-1,2147483648,8,False,1
ERR13016312,ERR10022221,ERR13013492,2022-10-23,2022-07-22,2022-10-14,{'BF.7': 1},1695148,1,1428716,10,4,False,1
SRR20233478,SRR20233397,SRR15629270,2021-11-02,2021-11-03,2021-08-06,{'AY.39': 1},808692,2,446667,2,3,False,1
node_188274,ERR6302723,ERR6440908,2021-08-01,2021-06-29,2021-07-26,{'AY.111': 2},574361,2,-1,2147483648,5,False,2
node_237991,SRR15920578,SRR20227424,2021-10-03,2021-08-25,2021-10-31,{'AY.118': 4},728289,5,-1,2147483648,4,False,4
node_230379,ERR11762452,ERR6300316,2021-06-28,2021-07-30,2021-07-02,{'AY.120.2.1': 2},338611,2,-1,2147483648,4,False,2
ERR7309252,ERR6854892,ERR13182720,2021-10-28,2021-09-19,2021-08-22,{'AY.4': 1},783057,1,-1,2147483648,5,False,1
node_679093,ERR10000238,SRR21502597,2022-08-20,2022-07-05,2022-08-08,{'BA.5': 3},1630500,3,1428716,5,6,False,3
node_188467,ERR11754381,ERR7302056,2021-10-11,2021-10-19,2021-10-17,{'AY.4.2.2': 2},708512,2,708513,1,0,False,2
SRR20380016,SRR19914191,SRR19550911,2022-06-28,2022-06-13,2022-05-16,{'BA.2.12.1': 1},1542385,1,1542386,1,0,False,1
ERR8199715,ERR11755609,SRR16787785,2021-12-03,2021-11-24,2021-10-07,{'AY.39': 1},972727,1,-1,2147483648,5,False,1
node_188868,SRR15363718,SRR20251944,2021-08-25,2021-07-20,2021-11-10,{'AY.39': 8},167127,1241012,-1,2147483648,1,False,8
SRR21000324,ERR10424344,ERR11823461,2022-07-22,2022-10-05,2022-06-14,{'BA.4': 1},1585667,1,1585668,1,0,False,1
node_188442,ERR7094578,ERR6832685,2021-10-13,2021-10-06,2021-08-23,{'AY.4.2.1': 1},717985,1,497475,3,4,False,1
ERR13048866,ERR10559859,ERR13046543,2022-12-15,2022-11-16,2023-03-16,{'CH.1.1.5': 1},1724935,1,-1,2147483648,8,False,1
node_188649,SRR15819031,SRR16780660,2021-10-08,2021-08-09,2021-10-06,{'AY.4': 2},698406,2,-1,2147483648,3,False,2
ERR12939171,ERR9627281,ERR12918957,2022-03-20,2022-04-13,2022-01-29,{'BA.2': 1},1376549,1,-1,2147483648,4,False,1
node_202232,DRR321274,SRR16221681,2021-09-09,2021-05-18,2021-09-07,{'AY.119': 2},572061,2,-1,2147483648,7,False,2
ERR7367857,ERR7322140,ERR6440908,2021-10-29,2021-10-28,2021-07-26,{'AY.6': 1},787506,1,787507,1,0,False,1
SRR22466135,SRR21670388,node_700588,2022-09-25,2022-09-06,2022-09-04,{'BA.5.1': 1},1669379,1,1428716,9,4,False,1
SRR20953808,SRR20226446,SRR16606679,2021-11-09,2021-10-30,2021-09-28,{'AY.119': 1},847359,1,-1,2147483648,8,False,1
ERR9261959,ERR9102767,ERR9276566,2022-03-04,2022-02-23,2022-03-06,{'BA.2': 1},1322032,1,-1,2147483648,4,False,1
ERR7562845,ERR7464250,ERR6126779,2021-11-25,2021-11-09,2021-06-15,{'AY.4': 1},929526,1,-1,2147483648,4,False,1
SRR20251359,node_184543,SRR16527817,2021-11-11,2021-11-02,2021-09-26,{'AY.100': 1},859439,1,-1,2147483648,6,False,1
node_461596,ERR11743086,node_461595,2022-01-13,2021-12-23,2022-01-13,{'BA.1': 2},1145048,2,-1,2147483648,6,False,2
ERR6697815,ERR6099865,SRR16237982,2021-09-02,2021-06-07,2021-09-07,{'AY.98': 1},540695,1,-1,2147483648,3,False,1
ERR13126744,ERR12968037,ERR12780231,2022-07-07,2022-07-16,2022-06-30,{'BE.1.1': 1},1558524,1,1558525,1,0,False,1
SRR22844195,SRR21796069,SRR22239738,2022-08-26,2022-09-16,2022-10-23,{'BA.5.2.1': 1},1633589,1,1428716,9,4,False,1
node_631194,SRR27417990,ERR13077040,2024-01-31,2023-12-14,2023-12-18,{'JN.1.45': 2},1883815,2,1854739,16,3,False,2
ERR7005096,ERR6576952,ERR6832676,2021-09-15,2021-08-17,2021-09-05,{'AY.4': 1},598069,1,-1,2147483648,3,False,1
SRR19320448,SRR18683753,ERR12131835,2022-05-03,2022-03-23,2022-03-17,{'BA.2.4': 1},1469248,1,-1,2147483648,4,False,1
ERR12255012,ERR8645122,ERR9304004,2022-04-06,2022-02-08,2022-03-06,{'BA.1.1': 1},1423596,1,1423597,1,0,False,1
node_297539,SRR17107025,SRR20758846,2021-12-12,2021-11-16,2021-10-31,{'AY.3': 2},1015303,2,-1,2147483648,3,False,2
node_190029,ERR13182720,node_187481,2021-10-03,2021-08-22,2021-10-28,{'AY.113': 1},675000,1,675001,1,0,False,1
SRR15993700,SRR15549687,SRR15819444,2021-08-25,2021-07-30,2021-08-10,{'AY.120.1': 1},506323,1,506324,1,0,False,1
SRR23600680,SRR16688453,ERR6491292,2021-09-28,2021-10-19,2021-08-05,{'AY.25.1': 1},656578,1,-1,2147483648,6,False,1
SRR18899072,ERR13307113,SRR18525803,2021-12-30,2022-01-17,2021-12-30,{'BA.1.1.18': 1},1072247,1,-1,2147483648,3,False,1
ERR6464471,ERR6633394,ERR6673569,2021-07-31,2021-08-20,2021-08-30,{'AY.4': 1},420241,1,-1,2147483648,3,False,1
SRR20189751,SRR20189750,SRR15200045,2021-12-08,2021-12-08,2021-07-02,{'AY.39': 1},1000901,1,-1,2147483648,7,False,1
node_125924,ERR6649425,node_299476,2021-09-13,2021-08-24,2021-08-28,{'AY.4': 4},588086,4,-1,2147483648,5,False,4
ERR6486540,ERR6481617,ERR6492325,2021-08-06,2021-08-03,2021-08-07,{'AY.4': 1},444096,1,-1,2147483648,4,False,1
node_72428,ERR6814611,ERR6903045,2021-10-18,2021-09-14,2021-09-23,{'AY.4': 10},739655,10,739656,1,0,False,10
SRR22291431,node_696334,SRR22011756,2022-10-10,2022-08-21,2022-10-09,{'BA.5.2.1': 1},1683026,1,1428716,10,3,False,1
node_622755,SRR26456253,SRR28273033,2023-11-02,2023-10-08,2024-02-06,{'HV.1': 2},1859233,3,1673437,15,6,False,2
ERR11448154,SRR24547023,ERR11279551,2023-05-01,2023-05-02,2023-04-11,{'XBB.1.5.15': 1},1817244,1,1673437,8,3,True,1
ERR5655822,ERR5493175,ERR5452944,2021-03-17,2021-03-09,2021-02-26,{'B.1.1.7': 1},206170,1,-1,2147483648,3,False,1
ERR11853935,SRR19791286,ERR9001943,2022-05-29,2022-06-01,2022-02-18,{'BA.2.9': 1},1502129,1,-1,2147483648,5,False,1
node_237768,SRR20180381,SRR20179717,2021-11-09,2021-11-27,2021-11-26,{'AY.118': 1},847432,1,-1,2147483648,3,False,1
node_587136,SRR25681657,node_587128,2023-04-21,2023-07-19,2023-04-21,"{'GJ.1.2': 629, 'GJ.1.2.2': 218, 'GJ.1.2.1': 13, 'KH.1': 13, 'GJ.1.2.5': 24, 'JE.1.1.1': 25, 'JE.1': 13, 'GJ.1': 4, 'GJ.1.2.4': 8, 'JE.1.1': 2, 'GJ.1.2.7': 5, 'GJ.1.2.6': 1}",1762644,4075,1673437,3,6,False,955
node_189550,SRR16307189,SRR15445898,2021-09-14,2021-09-14,2021-07-29,{'AY.100': 1},596286,1,-1,2147483648,4,False,1
node_90273,ERR6479543,ERR11755756,2021-11-24,2021-08-03,2021-11-22,{'AY.4': 4},925420,4,-1,2147483648,4,False,4
node_439429,SRR18378581,SRR18786321,2022-03-05,2022-01-16,2022-02-26,{'BA.1.15.2': 5},1367999,5,-1,2147483648,3,False,5
node_344683,ERR5991611,SRR16483322,2021-10-10,2021-05-19,2021-10-01,{'AY.20': 2},706256,2,-1,2147483648,3,False,2
node_646279,ERR10000033,SRR20637868,2022-07-01,2022-07-04,2022-07-05,"{'BA.5.1.25': 2, 'BA.5.1': 1}",1546182,3,1428716,5,5,False,3
node_232777,SRR15200687,SRR15916359,2021-08-05,2021-07-06,2021-08-11,{'AY.39': 24},517873,24,-1,2147483648,3,False,24
ERR9933150,ERR10000213,ERR9826037,2022-07-01,2022-07-05,2022-05-25,{'BF.4': 1},1545479,1,1428716,6,4,False,1
SRR16795615,SRR16850251,node_356159,2021-10-05,2021-10-15,2021-07-10,{'AY.37': 1},684036,1,-1,2147483648,3,False,1
node_234408,SRR17298184,ERR11742306,2022-01-05,2021-11-17,2021-09-11,{'AY.39': 2},1086242,2,-1,2147483648,3,False,2
SRR13404455,SRR13960679,ERR4287486,2020-11-27,2021-01-04,2020-05-13,{'B.1': 1},70916,1,-1,2147483648,5,False,1
node_189507,node_185932,SRR15390962,2021-09-09,2021-08-29,2021-07-15,{'AY.100': 22},167127,1241012,-1,2147483648,1,False,22
node_415353,ERR5174986,ERR5182205,2021-01-14,2020-12-27,2021-01-03,{'B.1.1.7': 2},135900,2,-1,2147483648,3,False,2
SRR16756201,ERR5656279,ERR5059062,2021-03-31,2021-03-22,2020-12-21,{'B.1.1.7': 1},231495,1,-1,2147483648,6,False,1
SRR21044225,node_291350,ERR9486101,2021-11-01,2021-09-09,2022-03-24,{'AY.25': 1},803464,1,-1,2147483648,7,False,1
node_3705,SRR14399138,ERR4287486,2021-01-21,2021-03-15,2020-05-13,{'B.1.234': 2},119035,2,-1,2147483648,4,False,2
node_82810,ERR7143487,ERR12839238,2021-11-10,2021-10-04,2021-10-21,{'AY.4': 1},851022,1,-1,2147483648,3,False,1
SRR20264868,SRR15230181,SRR16899792,2021-11-16,2021-06-15,2021-10-20,{'AY.44': 1},885059,1,-1,2147483648,5,False,1
node_295934,SRR15961762,SRR19931714,2021-11-05,2021-09-08,2021-11-04,{'AY.3': 1},826187,1,-1,2147483648,4,False,1
ERR11851864,ERR8482688,ERR6765665,2021-10-23,2021-10-21,2021-08-23,{'AY.43': 1},759724,1,-1,2147483648,6,False,1
node_418885,ERR5040385,ERR5277895,2021-01-19,2020-12-17,2021-01-29,{'B.1.1.7': 2},116466,2,-1,2147483648,4,False,2
SRR21796447,SRR21276343,SRR18736100,2022-09-13,2022-08-03,2022-03-21,{'BA.5.5': 1},1656462,1,1428716,2,4,False,1
ERR9663573,SRR18785060,ERR9754894,2022-04-18,2022-03-11,2022-03-27,{'BA.2': 1},1443104,1,-1,2147483648,5,False,1
node_188891,SRR15313765,SRR16022450,2021-09-23,2021-07-23,2021-09-09,{'AY.39.1': 1},636491,1,-1,2147483648,7,False,1
node_183814,SRR16149933,node_183813,2021-09-15,2021-09-17,2021-09-15,{'AY.100': 2},600805,2,-1,2147483648,4,False,2
SRR20180432,ERR8214283,ERR13153313,2021-11-26,2021-12-18,2021-07-30,{'AY.117': 1},936012,1,936013,1,0,False,1
ERR13052576,ERR13039668,ERR10000515,2023-01-02,2023-01-06,2022-07-06,{'BA.5.1.34': 1},1737335,1,1737336,1,0,False,1
SRR21320231,ERR6393255,SRR16696392,2021-11-04,2021-07-21,2021-10-08,{'AY.114': 1},821166,1,-1,2147483648,6,False,1
SRR16857514,SRR16567055,SRR21182914,2021-10-18,2021-09-26,2021-11-05,{'AY.44': 1},738092,1,-1,2147483648,5,False,1
node_52250,ERR7148002,SRR16066475,2021-09-07,2021-09-10,2021-08-26,{'AY.4': 1},560323,1,-1,2147483648,5,False,1
SRR16731465,ERR11822460,SRR14152547,2021-05-04,2021-04-11,2021-03-16,{'B.1.1.7': 1},280148,1,-1,2147483648,4,False,1
node_739355,ERR8123888,ERR8412573,2022-03-23,2022-01-18,2022-01-24,{'BA.2': 2},1385852,2,1123059,1,5,False,2
SRR20226638,SRR20233157,SRR15818914,2021-11-03,2021-11-02,2021-08-02,{'AY.120.1': 1},814866,1,814867,1,0,False,1
SRR18774968,SRR20353427,SRR17651020,2022-03-02,2022-01-21,2021-12-27,{'BA.1.1': 1},1315639,1,-1,2147483648,4,False,1
SRR18929907,ERR7967404,SRR18797334,2022-02-18,2021-12-27,2022-01-05,{'BA.1': 1},1276641,1,-1,2147483648,6,False,1
ERR9693902,ERR12960685,node_746805,2022-04-27,2022-04-30,2022-04-27,{'BA.2.9': 1},1461038,1,-1,2147483648,1,False,1
ERR11852901,node_434735,ERR11820936,2021-05-16,2020-12-21,2021-05-10,{'B.1.1.7': 1},293023,1,293024,1,0,False,1
node_163997,DRR321274,ERR6417831,2021-08-15,2021-05-18,2021-07-27,{'AY.4': 2},472261,2,472261,0,0,False,2
ERR13045817,ERR13044458,SRR24114581,2023-03-21,2023-03-12,2023-03-24,{'EG.3': 1},1799319,1,1673437,13,11,False,1
node_143826,ERR6379618,ERR6340775,2021-08-23,2021-07-19,2021-07-05,{'AY.4': 2},495613,2,-1,2147483648,3,False,2
ERR7762283,ERR7540529,ERR11742306,2021-12-08,2021-11-21,2021-09-11,{'AY.46.5': 1},997617,1,-1,2147483648,4,False,1
node_188272,SRR15693469,ERR6440908,2021-06-16,2021-07-11,2021-07-26,{'B.1.617.2': 1},323672,1,323673,1,0,False,1
SRR20259180,SRR16529796,ERR6491956,2021-10-21,2021-09-23,2021-07-21,{'AY.100': 1},752890,1,-1,2147483648,6,False,1
SRR21978786,SRR21977875,SRR16612881,2021-01-30,2021-01-27,2021-03-03,{'B.1.2': 1},133367,1,-1,2147483648,4,False,1
node_346259,ERR11822590,SRR16833054,2021-11-01,2021-08-13,2021-10-11,{'B.1.617.2': 3},804897,3,804898,1,0,False,3
SRR20258621,node_314968,node_316067,2021-10-16,2021-10-16,2021-10-16,{'AY.44': 1},731021,1,-1,2147483648,4,False,1
ERR12554227,SRR28296904,node_629644,2023-12-21,2024-02-28,2024-06-05,{'JN.1': 1},1873775,1,1854739,8,4,False,1
ERR11254953,ERR11079308,ERR10888242,2023-02-23,2023-02-20,2023-02-04,{'XBB.1.5.52': 1},1778845,1,1673437,9,3,True,1
SRR15892578,node_93699,SRR16709971,2021-08-23,2021-11-09,2021-09-08,{'AY.111': 1},497774,1,-1,2147483648,7,False,1
SRR21140926,SRR21140923,ERR11742306,2021-09-15,2021-09-15,2021-09-11,{'AY.25': 1},601196,1,-1,2147483648,3,False,1
ERR7305340,ERR7239993,SRR25075223,2021-10-29,2021-10-16,2021-09-05,{'B.1.617.2': 1},787354,1,787355,1,0,False,1
SRR17267745,SRR17267762,node_230009,2021-11-08,2021-11-05,2021-11-08,{'AY.120': 1},840334,1,-1,2147483648,7,False,1
SRR16794739,ERR6425163,SRR15981396,2021-10-07,2021-07-20,2021-08-31,{'AY.118': 1},693569,1,-1,2147483648,5,False,1
SRR14569390,SRR16748288,SRR14229170,2021-04-08,2021-04-11,2021-03-07,{'B.1.1.7': 1},246951,1,-1,2147483648,4,False,1
node_402394,ERR11760743,ERR11760413,2021-06-14,2021-06-07,2021-06-07,{'B.1.1.7': 6},320659,6,-1,2147483648,4,False,6
ERR6574570,ERR6191547,ERR13153313,2021-08-03,2021-06-25,2021-07-30,{'AY.4': 1},431664,1,-1,2147483648,4,False,1
node_635476,node_633859,ERR12258930,2023-11-14,2023-12-27,2023-10-30,"{'JN.1': 13, 'JN.1.6': 1, 'JN.1.1': 1, 'JN.1.1.3': 1, 'JN.1.39': 1}",1854737,23726,1854739,3,1,False,17
SRR24067353,SRR23707965,SRR23953684,2023-03-09,2023-02-12,2023-03-09,{'XBB.1.5': 1},1790451,1,1767510,5,3,True,1
SRR17813172,SRR15272300,SRR17847566,2021-12-23,2021-07-12,2021-12-21,{'AY.119': 1},1054068,1,1054069,1,0,False,1
ERR5181396,ERR5381053,ERR5025462,2021-01-04,2021-02-15,2020-12-11,{'B.1.1.7': 1},98267,1,-1,2147483648,5,False,1
SRR16077175,SRR16829480,node_328312,2021-09-14,2021-10-08,2021-12-13,{'AY.39': 1},597041,2,-1,2147483648,3,False,1
node_635340,node_635338,SRR27417703,2023-12-17,2023-12-17,2023-12-16,"{'XDD': 68, 'XDD.1': 17, 'XDD.1.1.1': 7, 'XDD.1.1': 17, 'XDD.3': 2, 'XDD.2': 1}",1872109,112,1872109,0,0,True,112
ERR7003752,ERR6598739,ERR6582148,2021-09-16,2021-08-22,2021-08-19,{'AY.4': 1},604111,1,-1,2147483648,3,False,1
SRR16527271,SRR16606235,ERR11753599,2021-09-21,2021-09-28,2021-10-17,{'AY.39': 1},628280,1,-1,2147483648,3,False,1
node_405567,node_405565,ERR11820931,2021-04-13,2021-03-30,2021-05-05,{'B.1.1.7': 2},254939,2,-1,2147483648,5,False,2
ERR7095329,ERR6136456,ERR7019147,2021-10-06,2021-06-17,2021-09-28,{'AY.4': 1},685899,1,-1,2147483648,3,False,1
node_103227,ERR6136456,ERR7664947,2021-12-12,2021-06-17,2021-12-01,{'AY.4.2': 2},1015958,2,-1,2147483648,3,False,2
ERR7239088,ERR7274565,ERR8248180,2021-10-08,2021-10-26,2021-12-09,{'AY.4': 1},696839,1,-1,2147483648,6,False,1
SRR22246585,SRR20748164,SRR21794929,2022-09-29,2022-07-07,2022-09-16,{'BA.5': 1},1672962,1,1428716,4,6,False,1
SRR20758846,SRR15968586,SRR17352864,2021-10-31,2021-09-07,2021-12-12,{'AY.3': 1},797439,1,-1,2147483648,5,False,1
SRR17497494,node_181546,ERR11764426,2021-12-21,2021-12-21,2021-12-05,{'AY.100': 1},1048141,1,-1,2147483648,5,False,1
ERR9876750,ERR12920828,ERR10429686,2022-06-14,2022-02-13,2022-10-17,{'BA.2': 1},1523824,1,-1,2147483648,6,False,1
node_436606,ERR5026591,ERR5351422,2021-02-11,2020-12-10,2021-02-03,{'B.1.1.7': 7},186610,7,-1,2147483648,5,False,7
ERR9413406,ERR8073554,ERR9253314,2022-03-15,2022-01-10,2022-03-03,{'BA.1.1': 1},1360107,1,-1,2147483648,4,False,1
SRR28210486,SRR28513473,SRR21601803,2023-01-24,2024-02-18,2022-09-03,{'BA.5.3.5': 1},1753399,1,1428716,6,7,False,1
node_188341,ERR13182720,ERR6924426,2021-09-30,2021-08-22,2021-09-28,{'AY.4': 2},664539,2,664539,0,0,False,2
node_776723,node_739323,ERR9208425,2022-03-06,2022-02-22,2022-02-28,{'BA.2': 3},1329297,3,1329297,0,2,False,3
SRR17443945,node_360528,node_350039,2021-07-21,2021-03-23,2021-11-16,{'B.1.617.2': 1},387082,1,-1,2147483648,6,False,1
node_188939,SRR15200175,SRR15230406,2021-09-02,2021-07-07,2021-06-17,{'AY.39': 2},548751,3,-1,2147483648,3,False,2
ERR6868072,ERR6674210,ERR11794917,2021-09-19,2021-08-29,2021-12-13,{'AY.4': 1},616501,1,-1,2147483648,5,False,1
node_236993,SRR20259749,node_236992,2021-10-01,2021-10-22,2021-10-01,{'AY.118': 5},668538,6,-1,2147483648,4,False,5
node_126088,ERR7274803,ERR6440908,2021-11-05,2021-10-25,2021-07-26,{'AY.4': 2},823842,2,823842,0,1,False,2
SRR23358540,ERR10489394,SRR22668161,2023-01-23,2022-11-01,2022-11-21,{'BA.2': 1},1752128,1,1752129,1,0,False,1
SRR15556930,SRR15388793,ERR6785047,2021-08-03,2021-07-22,2021-09-10,{'AY.122': 1},433551,1,-1,2147483648,3,False,1
node_715300,ERR10000001,node_687748,2022-09-26,2022-07-05,2022-09-11,{'BA.4': 1},1670701,1,1670702,1,0,False,1
node_189717,ERR6625262,ERR6378221,2021-08-09,2021-08-24,2021-07-21,{'AY.120.1': 1},455501,1,-1,2147483648,3,False,1
ERR8257723,ERR11757042,SRR19286960,2021-12-31,2021-12-02,2021-12-30,{'BA.1': 1},1074088,1,-1,2147483648,3,False,1
SRR16883702,SRR16606782,SRR16829649,2021-10-10,2021-10-04,2021-10-09,{'AY.3': 1},705914,1,-1,2147483648,2,False,1
SRR26444037,SRR26444038,SRR26444003,2023-03-20,2023-03-20,2023-03-24,{'XBB.1.5': 1},1798616,1,1798617,1,0,True,1
ERR10425418,SRR21459412,SRR16195715,2022-10-07,2022-08-21,2021-09-10,{'BA.5.1': 1},1680019,1,1428716,5,5,False,1
ERR6475101,ERR6217232,ERR6455468,2021-07-27,2021-06-29,2021-07-29,{'AY.4': 1},404961,1,-1,2147483648,3,False,1
ERR12782850,ERR10015610,ERR10705753,2022-05-29,2022-07-19,2022-12-06,{'BA.5.1': 1},1502155,1,1428716,5,3,False,1
SRR15629262,SRR15391898,SRR15801185,2021-08-04,2021-07-14,2021-08-20,{'AY.20': 1},438472,1,-1,2147483648,1,False,1
node_682824,SRR22391180,ERR12979151,2022-10-15,2022-11-14,2022-07-18,{'BF.10': 2},1688146,2,1428716,9,4,False,2
SRR20178329,SRR20251244,SRR17218681,2021-11-17,2021-11-11,2021-11-18,{'AY.120.1': 1},890895,5,739416,2,3,False,1
ERR11803739,ERR9109733,ERR12894629,2022-02-12,2022-02-24,2022-01-20,{'BA.1': 1},1251753,1,-1,2147483648,4,False,1
ERR6763204,ERR12818002,SRR20254530,2021-08-27,2021-08-13,2021-10-15,{'AY.112': 1},515396,1,-1,2147483648,7,False,1
ERR11184421,ERR11029910,ERR12751262,2023-03-16,2023-02-23,2022-05-01,{'FL.27': 1},1795783,1,1673437,10,6,False,1
ERR10984510,ERR10983481,ERR10933961,2023-02-26,2023-02-27,2023-02-16,{'XBB.1.5': 1},1780931,1,1673437,10,4,True,1
ERR12900126,ERR12905431,ERR12920649,2022-01-25,2022-02-01,2022-02-13,{'BA.1': 1},1162777,1,1162778,1,0,False,1
node_610943,ERR11556652,ERR12658012,2023-10-12,2023-05-22,2023-12-16,{'XBB.1.16.6': 1},1850881,1,1673437,16,7,True,1
node_40643,ERR4652556,ERR4653458,2020-10-21,2020-09-07,2020-09-16,{'B.1.177.54': 15},47864,15,-1,2147483648,3,False,15
ERR9963047,ERR11797379,ERR9730675,2022-06-13,2022-01-20,2022-04-19,{'BA.2': 1},1522159,1,-1,2147483648,5,False,1
node_651243,SRR19952081,ERR10426893,2022-07-06,2022-06-09,2022-10-14,{'BA.5.1.1': 1},1556297,1,1428716,7,3,False,1
SRR17654784,SRR17488583,ERR9023957,2022-01-03,2021-12-21,2022-02-22,{'BA.1.1.8': 1},1080159,1,-1,2147483648,3,False,1
SRR21796146,ERR8304130,SRR21527494,2022-09-12,2022-01-22,2022-08-24,{'BA.5.2.1': 1},1654387,1,1428716,7,3,False,1
SRR16685357,ERR7411862,ERR6623066,2021-08-06,2021-11-10,2021-08-20,{'B.1.617.2': 1},446998,1,-1,2147483648,4,False,1
SRR16619172,SRR14374866,SRR16722314,2021-04-06,2021-04-01,2021-04-07,{'B.1.1.7': 1},243981,1,-1,2147483648,3,False,1
ERR13041558,ERR13040353,ERR10750680,2023-02-01,2023-01-09,2022-12-17,{'CH.1.1': 1},1757757,1,-1,2147483648,4,False,1
ERR6488290,ERR6495467,ERR6493055,2021-08-05,2021-08-07,2021-08-05,{'AY.4': 1},439935,1,439936,1,0,False,1
SRR15986193,ERR7357583,SRR16157345,2021-08-31,2021-11-05,2021-09-08,{'AY.44': 1},533350,1,533351,1,0,False,1
SRR16221850,SRR16055312,node_188707,2021-09-07,2021-08-24,2021-08-23,{'AY.100': 1},562382,1,-1,2147483648,5,False,1
node_459556,ERR8544098,SRR18026341,2022-02-01,2022-02-02,2022-01-26,{'BA.1.1': 1},1193788,1,-1,2147483648,6,False,1
ERR7932034,ERR7790648,ERR6601033,2021-12-26,2021-12-11,2021-08-23,{'AY.4.2.2': 1},1058239,1,-1,2147483648,3,False,1
node_635388,ERR13075303,ERR12553463,2023-12-21,2023-11-06,2024-01-02,{'JN.1': 2},1874654,2,1873770,1,0,False,2
ERR7538255,ERR7271992,ERR6693810,2021-11-22,2021-10-24,2021-09-01,{'AY.4': 1},916372,1,-1,2147483648,3,False,1
node_6077,SRR15230194,SRR16619427,2021-05-15,2021-06-15,2021-04-08,{'B.1.214': 1},292233,1,-1,2147483648,7,False,1
SRR20953862,SRR17103038,SRR16164932,2021-11-09,2021-11-02,2021-09-21,{'AY.39': 1},847373,1,-1,2147483648,4,False,1
SRR23912134,SRR23896645,ERR10910673,2023-03-02,2023-02-27,2023-02-04,{'XBB.1.5.17': 1},1785087,1,1673437,13,7,True,1
node_182858,SRR15391634,SRR19931558,2021-11-12,2021-07-22,2021-11-04,{'AY.100': 1},865139,1,865140,1,0,False,1
node_461637,node_461636,ERR7829065,2022-01-12,2022-01-12,2021-12-15,{'BA.1': 2},1103049,2,-1,2147483648,3,False,2
SRR15776056,node_184764,SRR15556478,2021-08-14,2021-08-14,2021-08-03,{'AY.100': 1},470811,1,470812,1,0,False,1
SRR20263086,SRR17318039,SRR20254697,2021-11-24,2021-11-24,2021-10-15,{'AY.39': 1},927160,1,-1,2147483648,4,False,1
node_640414,ERR10024647,ERR10001162,2022-06-16,2022-07-25,2022-07-05,"{'BA.5.1': 11, 'BA.5.1.24': 3}",1428715,49685,1428716,2,1,False,14
SRR16153315,SRR16052150,SRR16659934,2021-09-02,2021-08-21,2021-09-29,{'AY.39': 1},543339,1,543340,1,1,False,1
SRR26084897,SRR25951809,ERR11829251,2023-08-27,2023-08-23,2023-07-26,{'GJ.1.2': 1},1835227,1,1835228,1,0,False,1
ERR7889430,ERR6138093,ERR7438592,2021-12-19,2021-06-17,2021-11-16,{'AY.124': 1},1042122,1,1042123,1,0,False,1
node_751232,SRR20572756,SRR19523742,2022-04-23,2022-04-22,2022-05-02,{'BA.2.9': 2},1454174,2,-1,2147483648,3,False,2
node_542875,SRR17723557,ERR7963002,2021-12-11,2022-01-05,2022-01-02,"{'BA.1': 25, 'BA.1.1': 25, 'BA.1.1.18': 5, 'BA.1.18': 4, 'BA.1.1.14': 1, 'BA.1.1.1': 1}",871714,424062,-1,2147483648,0,False,61
node_189133,SRR16898874,ERR7707661,2021-10-26,2021-10-20,2021-11-15,{'AY.39': 6},817179,6,774513,1,0,False,6
SRR22991771,SRR22326209,SRR22991767,2022-12-04,2022-10-28,2022-12-03,{'BQ.1.1': 1},1717322,1,1428716,15,3,False,1
node_583053,ERR12941400,ERR13029962,2023-01-10,2022-03-26,2022-12-25,{'CH.1.1': 1},1744677,1,-1,2147483648,4,False,1
SRR21703859,SRR21276167,SRR21276160,2022-08-18,2022-08-03,2022-07-30,{'BA.5': 1},1624496,1,1624497,1,0,False,1
SRR26827825,SRR26084888,SRR25946180,2023-09-18,2023-08-28,2023-07-24,{'XBB.1.16': 1},1843037,1,1843038,1,0,True,1
SRR20933159,ERR9925953,ERR12781635,2022-07-11,2022-06-28,2022-06-06,{'BA.5.5': 1},1566142,1,1566143,1,0,False,1
node_354993,SRR15628682,SRR15390923,2021-08-04,2021-08-05,2021-07-20,{'AY.47': 2},437671,2,-1,2147483648,3,False,2
node_651474,ERR10088928,SRR20663626,2022-08-27,2022-08-05,2022-07-05,{'BA.5': 2},1677049,2,1428716,7,5,False,2
node_448878,ERR11757251,SRR19684839,2022-02-18,2021-12-18,2022-02-18,{'BA.1': 2},1275102,2,-1,2147483648,3,False,2
node_490692,SRR18787321,ERR8076047,2022-02-18,2022-02-28,2022-01-12,{'BA.1.1.18': 3},871714,424062,-1,2147483648,0,False,3
ERR6789113,node_161495,ERR11764546,2021-09-09,2021-09-09,2021-09-11,{'AY.4': 1},570608,1,-1,2147483648,4,False,1
node_188267,ERR6634211,ERR13165421,2021-06-23,2021-08-19,2021-12-20,{'AY.124': 8},332322,15,332322,0,0,False,8
SRR26287955,SRR25642848,ERR12091118,2023-09-03,2023-08-01,2023-09-05,{'EG.1': 1},1837693,1,1837694,1,0,False,1
ERR7151481,ERR6445757,ERR11821023,2021-10-07,2021-07-14,2021-08-30,{'AY.126': 1},691755,1,-1,2147483648,5,False,1
ERR9497561,ERR11747085,ERR11746977,2022-03-26,2022-03-26,2022-03-29,{'BA.2.18': 1},1394757,1,-1,2147483648,3,False,1
SRR23262763,SRR21797300,SRR23274030,2023-01-09,2022-09-20,2022-11-29,{'BQ.1.13': 1},1743487,1,1428716,16,6,False,1
ERR6206025,node_292055,node_159900,2021-06-27,2021-09-11,2021-06-22,{'AY.4': 1},337693,1,-1,2147483648,10,False,1
node_727559,ERR9327656,ERR12764016,2022-03-09,2022-03-09,2022-03-28,{'BA.2.1': 4},1338718,4,-1,2147483648,3,False,4
SRR24474645,SRR21275162,SRR23651714,2023-03-16,2022-07-01,2023-02-17,{'EG.4': 1},1795964,1,1673437,10,6,False,1
ERR9218115,ERR8162484,ERR13088812,2022-03-02,2022-01-20,2022-03-24,{'BA.2': 1},1314035,1,-1,2147483648,0,False,1
node_236074,SRR15923528,SRR20228981,2021-10-04,2021-09-03,2021-10-27,{'AY.39': 5},965683,7,-1,2147483648,3,False,5
ERR7306665,ERR6762270,ERR12816956,2021-10-31,2021-09-03,2021-07-24,{'B.1.617.2': 1},794458,1,-1,2147483648,6,False,1
node_189013,SRR21266161,SRR15948441,2021-10-21,2021-12-08,2021-08-20,{'AY.39': 3},752893,5,-1,2147483648,5,False,3
node_335843,ERR13144649,node_782266,2021-09-09,2021-09-30,2021-05-06,{'B.1.617.2': 4},571189,4,571190,1,0,False,4
ERR7805424,ERR6598739,ERR7636064,2021-12-13,2021-08-22,2021-11-29,{'AY.4.2.2': 1},1016804,1,-1,2147483648,3,False,1
node_317583,SRR15224285,SRR20762889,2021-09-07,2021-07-09,2021-10-25,{'AY.44': 2},560743,2,-1,2147483648,5,False,2
SRR19828311,SRR17611386,ERR12751756,2022-01-30,2021-12-29,2022-05-15,{'BA.1.1': 1},1183500,1,-1,2147483648,4,False,1
node_188527,SRR16706618,SRR20145385,2021-11-28,2021-10-06,2021-12-05,{'AY.4': 2},944952,2,944952,0,0,False,2
ERR10424130,node_682317,SRR20105259,2022-09-30,2022-09-19,2022-06-30,{'BF.10': 1},1673576,1,1428716,7,7,False,1
ERR12886196,ERR11796019,node_451977,2022-01-10,2022-01-05,2021-12-23,{'BA.1.17': 1},1098300,1,-1,2147483648,4,False,1
ERR6308921,ERR11755974,ERR6491957,2021-06-29,2021-11-23,2021-06-29,{'AY.4': 1},341667,1,-1,2147483648,3,False,1
ERR6768833,ERR7235536,ERR6438122,2021-08-31,2021-10-11,2021-07-16,{'AY.42': 1},531438,1,373410,5,1,False,1
ERR9331238,ERR12964394,ERR8276420,2022-03-09,2022-04-23,2022-01-22,{'BA.2': 1},1339923,1,-1,2147483648,3,False,1
ERR6456252,ERR6515738,ERR6416934,2021-07-29,2021-08-05,2021-07-27,{'AY.4': 1},412466,1,-1,2147483648,3,False,1
ERR7005228,ERR12840482,ERR11755538,2021-09-15,2021-10-05,2021-10-20,{'AY.43': 1},599629,1,-1,2147483648,7,False,1
SRR21610934,ERR10150373,SRR21671375,2022-09-04,2022-08-19,2022-09-06,{'BA.5.2': 1},1644881,1,1428716,6,4,False,1
SRR15683368,ERR11762484,ERR11822860,2021-07-17,2021-07-31,2021-10-20,{'AY.120.2': 1},375986,1,-1,2147483648,5,False,1
node_188513,ERR6879247,SRR15518570,2021-08-26,2021-09-16,2021-08-02,{'AY.4': 1},508202,48,-1,2147483648,6,False,1
ERR6880611,ERR6328211,ERR6440908,2021-09-19,2021-07-09,2021-07-26,{'AY.4': 1},616630,1,616631,1,0,False,1
SRR15555270,ERR6605369,ERR13158818,2021-08-03,2021-08-24,2021-06-29,{'AY.25.1': 1},433433,1,-1,2147483648,13,False,1
node_729850,ERR8644395,ERR8152508,2022-02-11,2022-02-09,2022-01-19,{'BA.2': 2},1244471,2,-1,2147483648,1,False,2
node_451977,ERR11743086,ERR12886196,2021-12-23,2021-12-23,2022-01-10,"{'BA.1': 6, 'BA.1.12': 1, 'BA.1.1.18': 3, 'BA.1.20': 2, 'BA.1.1': 4, 'BA.1.15': 1, 'BA.1.17.2': 1}",871714,424062,-1,2147483648,0,False,18
ERR8960635,ERR8977017,ERR8960633,2021-02-18,2021-03-01,2021-02-18,{'B.1.1.7': 1},160972,1,-1,2147483648,3,False,1
node_571810,ERR11829415,ERR9251301,2022-03-30,2022-03-16,2022-03-02,{'BA.2': 1},1410610,1,-1,2147483648,3,False,1
ERR7000230,ERR6759817,ERR6568434,2021-09-17,2021-09-07,2021-08-08,{'AY.98.1': 1},608557,1,-1,2147483648,4,False,1
ERR7576474,ERR6760184,ERR7030448,2021-11-07,2021-08-23,2021-10-02,{'AY.4': 1},833878,1,-1,2147483648,3,False,1
ERR6836572,ERR7150537,ERR7156510,2021-09-13,2021-10-06,2021-09-30,{'AY.127': 1},589140,6,-1,2147483648,7,False,1
node_189426,SRR20250356,ERR6491956,2021-10-17,2021-11-11,2021-07-21,{'AY.100': 2},734118,15,-1,2147483648,3,False,2
ERR6892661,ERR6575571,ERR12794450,2021-09-23,2021-08-17,2021-08-05,{'AY.122': 1},633592,1,-1,2147483648,6,False,1
SRR24233129,SRR24230361,ERR7261653,2021-11-30,2021-11-28,2021-10-23,{'AY.3': 1},959886,1,-1,2147483648,3,False,1
node_425996,ERR5486834,ERR11820931,2021-04-18,2021-03-05,2021-05-05,{'B.1.1.7': 5},261311,5,-1,2147483648,3,False,5
node_526309,ERR9319960,ERR8132085,2022-02-15,2022-03-07,2022-01-19,{'BA.1.17.2': 2},1263448,2,1263449,1,0,False,2
SRR19300797,SRR19259451,ERR11742306,2021-12-14,2021-12-10,2021-09-11,{'AY.103': 1},1023507,1,-1,2147483648,5,False,1
node_278826,SRR17103105,SRR16853580,2021-11-21,2021-11-09,2021-10-14,{'AY.25': 4},953954,4,-1,2147483648,5,False,4
ERR7004218,ERR6692182,SRR17218905,2021-09-15,2021-09-01,2021-11-27,{'AY.4': 1},599596,1,-1,2147483648,4,False,1
node_189867,SRR17414049,SRR16829139,2021-11-17,2021-11-25,2021-10-09,{'AY.119.2': 2},167127,1241012,-1,2147483648,1,False,2
node_520609,ERR8073554,ERR12900056,2021-11-27,2022-01-10,2022-01-25,{'BA.1.17.2': 16},937732,45768,-1,2147483648,1,False,16
node_664489,node_664488,SRR22577706,2022-12-05,2022-11-28,2022-11-22,{'BQ.1.1.35': 6},1723545,6,1428716,14,3,False,6
node_318666,SRR16920869,ERR12840515,2021-09-06,2021-10-11,2021-10-28,{'AY.44': 5},557727,5,-1,2147483648,3,False,5
node_308770,node_308769,ERR6666963,2021-08-04,2021-08-04,2021-08-29,{'AY.3': 2},3407196,2,-1,2147483648,9,False,2
node_652027,SRR20380006,SRR21222902,2022-08-17,2022-06-27,2022-07-30,{'BA.5.1': 3},1623342,3,1428716,7,4,False,3
ERR9082542,ERR11254928,ERR12405438,2022-02-15,2023-02-24,2022-04-04,{'BA.2': 1},3031259,1,-1,2147483648,0,False,1
node_329381,SRR20249757,SRR16884223,2021-11-14,2021-11-10,2021-10-14,{'AY.44': 1},873872,1,-1,2147483648,7,False,1
node_422708,ERR5219514,ERR5043071,2021-03-10,2021-01-18,2020-12-21,{'B.1.1.7': 2},195482,2,-1,2147483648,3,False,2
SRR16221675,SRR15863953,ERR6485838,2021-09-07,2021-08-18,2021-07-27,{'AY.39.1': 1},562275,1,-1,2147483648,7,False,1
ERR5549284,ERR5183537,ERR5905894,2021-03-09,2021-01-02,2021-04-25,{'B.1.1.7': 1},189833,1,-1,2147483648,4,False,1
ERR8409079,SRR20394861,ERR7951549,2022-01-23,2022-02-16,2021-12-30,{'BA.1': 1},1151634,1,-1,2147483648,6,False,1
node_183800,SRR16829795,SRR15628882,2021-10-05,2021-10-08,2021-08-04,{'AY.100': 9},684467,11,-1,2147483648,3,False,9
ERR9509375,ERR12255012,node_502450,2022-03-27,2022-04-06,2022-03-21,{'BA.1.1': 1},1398534,1,-1,2147483648,5,False,1
node_610372,ERR13075239,SRR24606553,2023-11-06,2023-10-16,2023-03-16,{'JF.1.1': 2},1857263,2,1673437,18,4,False,2
SRR16374405,SRR23600334,ERR7683063,2021-10-05,2021-09-28,2021-11-25,{'AY.26': 1},682783,1,-1,2147483648,7,False,1
SRR19693551,ERR9311740,node_742580,2022-04-25,2022-03-08,2022-04-25,{'BA.2': 1},1457526,1,-1,2147483648,5,False,1
node_536163,ERR8076641,ERR8228470,2022-02-22,2022-01-15,2021-12-26,{'BA.1': 2},871714,424062,-1,2147483648,0,False,2
node_253213,SRR15551595,ERR7463393,2021-09-02,2021-07-29,2021-11-10,{'AY.103': 2},543148,2,-1,2147483648,4,False,2
node_188758,SRR16780743,SRR15993895,2021-10-19,2021-10-05,2021-08-23,{'AY.107': 2},810982,2,-1,2147483648,3,False,2
SRR16829666,SRR20254290,SRR15948495,2021-10-09,2021-10-15,2021-08-19,{'AY.100': 1},702208,1,-1,2147483648,4,False,1
node_569426,ERR13123289,ERR8693300,2022-03-10,2022-06-13,2022-02-10,{'BA.2': 6},1344322,6,-1,2147483648,6,False,6
SRR15877363,ERR6766779,ERR6489852,2021-08-10,2021-08-29,2021-08-06,{'AY.36': 1},459516,2,-1,2147483648,3,False,1
SRR20353405,ERR8285434,SRR20870256,2022-01-22,2022-01-22,2021-12-29,{'BA.1.1.18': 1},1148465,1,-1,2147483648,1,False,1
node_149639,ERR6653488,ERR6076282,2021-10-24,2021-08-27,2021-06-04,{'AY.4': 2},762855,2,-1,2147483648,5,False,2
node_234108,SRR20116299,ERR7232760,2021-12-06,2021-12-02,2021-10-16,{'AY.39': 2},988705,2,-1,2147483648,7,False,2
SRR29320372,node_588550,SRR27426056,2023-12-17,2023-11-21,2023-12-15,{'KT.1.1': 1},1872251,1,1872252,1,0,False,1
node_632898,node_632897,SRR28166574,2023-11-21,2023-11-21,2024-01-13,"{'JN.1.4.5': 8, 'JN.1': 25, 'JN.1.4': 14, 'KQ.1': 1, 'JN.1.16': 3, 'JN.1.24': 3, 'JN.1.6': 2, 'LQ.1': 1, 'JN.1.1': 1, 'JN.1.9': 1}",1855174,21004,1854739,6,1,False,59
SRR17003382,SRR19306865,ERR7428887,2021-11-08,2021-11-28,2021-02-18,{'AY.103': 1},840098,1,-1,2147483648,4,False,1
node_624143,SRR25616998,ERR10987933,2023-04-25,2023-07-31,2023-02-01,{'FL.4': 1},1815522,1,1673437,10,7,False,1
node_626114,ERR10802679,ERR13057342,2023-03-14,2023-01-09,2023-03-11,{'EG.1': 3},1794224,3,1794225,1,0,False,3
node_84808,ERR11754405,ERR12840515,2021-10-06,2021-10-19,2021-10-28,{'AY.4': 7},694534,7,-1,2147483648,6,False,7
SRR14228249,SRR14158364,node_10173,2021-02-12,2021-03-01,2021-02-12,{'B.1.2': 1},150225,1,-1,2147483648,5,False,1
SRR19690394,SRR18307625,SRR19683165,2022-02-25,2022-03-01,2022-02-08,{'BA.1.1': 1},1302514,1,-1,2147483648,4,False,1
ERR7772669,ERR7257938,ERR7520786,2021-12-08,2021-10-21,2021-11-19,{'AY.4.2.2': 1},998890,1,-1,2147483648,3,False,1
node_384713,ERR5238430,ERR5435119,2021-04-04,2021-01-22,2021-02-20,{'B.1.1.7': 6},239018,6,-1,2147483648,1,False,6
ERR7308920,ERR7160875,ERR6440908,2021-10-31,2021-10-15,2021-07-26,{'AY.4': 1},794463,1,794464,1,0,False,1
node_336758,SRR16007769,SRR15556930,2021-10-19,2021-09-07,2021-08-03,{'AY.122': 4},743367,4,-1,2147483648,4,False,4
ERR13321129,ERR13321379,ERR12982284,2023-10-21,2023-11-08,2022-07-28,{'JG.3': 1},1852978,1,1673437,16,6,False,1
SRR22344184,SRR23939961,ERR10003967,2022-10-31,2022-11-17,2022-07-08,{'BA.5.2.23': 1},1701186,1,1701187,1,0,False,1
node_494767,ERR8489564,ERR8278124,2022-02-17,2022-01-28,2022-01-22,{'BA.1.1': 2},1272114,2,-1,2147483648,3,False,2
node_708098,SRR21032803,ERR12982279,2022-10-22,2022-07-26,2022-07-23,{'BA.5.2': 1},1694095,1,1428716,10,7,False,1
ERR7307240,ERR6999936,ERR6620377,2021-10-11,2021-09-17,2021-08-24,{'AY.4.4': 1},708502,1,-1,2147483648,4,False,1
node_503248,ERR12880444,node_503235,2021-12-20,2021-12-05,2021-12-16,{'BA.1.1': 8},900210,28765,-1,2147483648,1,False,8
ERR13177071,ERR13177079,ERR10983072,2023-01-14,2023-01-24,2023-02-23,{'XBB': 1},1747006,1,1673437,4,8,True,1
node_463712,ERR12923941,SRR19690504,2022-03-10,2022-02-18,2022-02-23,{'BA.1.1': 2},1344305,2,1344305,0,0,False,2
node_499681,ERR9824886,ERR11821509,2022-04-13,2022-04-10,2022-02-14,{'BA.1.1': 1},1434853,1,-1,2147483648,4,False,1
node_311640,ERR7035278,SRR15391405,2021-09-14,2021-10-04,2021-07-16,{'AY.3': 2},167127,1241012,-1,2147483648,1,False,2
SRR20182593,ERR7878101,ERR7870060,2021-12-16,2021-12-20,2021-12-15,{'BA.1': 1},1032969,1,1032970,1,0,False,1
SRR20570286,SRR20776634,ERR11852261,2022-04-18,2022-05-09,2022-04-25,{'BA.1.1': 1},1444481,1,-1,2147483648,4,False,1
ERR6576572,ERR6393255,ERR6391949,2021-08-17,2021-07-21,2021-07-20,{'AY.4': 1},478052,1,-1,2147483648,5,False,1
SRR22291670,ERR12783176,SRR24143309,2022-09-01,2022-07-13,2023-03-13,{'BA.5.2.1': 1},1641702,1,1428716,6,5,False,1
node_632184,SRR28883524,node_632262,2024-06-06,2024-04-21,2024-05-30,{'KP.1.1.3': 1},1893385,1,1854739,14,7,False,1
ERR7796444,ERR7513976,SRR17435053,2021-12-12,2021-11-18,2021-12-16,{'AY.4': 1},1013939,1,-1,2147483648,6,False,1
SRR16571981,ERR6306766,node_338014,2021-09-06,2021-06-30,2021-12-02,{'AY.122': 1},557701,1,-1,2147483648,6,False,1
node_615183,ERR13076799,ERR10667409,2023-03-22,2023-01-13,2022-11-30,"{'XBB.1.5.71': 3, 'XBB.1.5': 1}",1702805,57052,1673437,4,1,True,4
node_531710,ERR7775693,ERR11796325,2022-01-14,2021-12-10,2022-01-11,{'BA.1': 2},1111493,2,-1,2147483648,3,False,2
ERR8504703,ERR7819565,ERR8287831,2022-01-31,2021-12-13,2022-01-23,{'BA.1': 1},1185150,1,1185151,1,0,False,1
node_394290,ERR5041885,ERR5656279,2021-03-12,2020-12-19,2021-03-22,{'B.1.1.7': 3},197273,3,-1,2147483648,3,False,3
SRR21559034,SRR20933021,SRR22587069,2022-08-30,2022-07-11,2022-11-10,{'BA.5.5': 1},1640177,1,1428716,7,5,False,1
node_189351,SRR17665262,SRR15519153,2021-11-24,2021-11-01,2021-07-30,{'AY.100': 2},927043,4,-1,2147483648,4,False,2
node_168009,ERR7190486,ERR11742306,2021-10-30,2021-10-19,2021-09-11,{'AY.4': 5},790550,5,-1,2147483648,4,False,5
ERR8981778,ERR8960635,ERR8516248,2021-03-07,2021-02-18,2021-02-25,{'B.1.1.7': 1},187662,1,-1,2147483648,3,False,1
node_235369,SRR15891977,SRR20228873,2021-09-04,2021-08-23,2021-10-26,{'AY.39': 149},551288,151,-1,2147483648,3,False,149
ERR6495233,ERR13182720,ERR6378012,2021-08-06,2021-08-22,2021-07-21,{'AY.4': 1},444171,1,444172,1,0,False,1
node_191913,ERR11761550,ERR11741938,2021-07-11,2021-07-09,2021-07-27,{'AY.42': 14},363214,14,-1,2147483648,3,False,14
ERR6381599,ERR6172274,ERR6208282,2021-07-17,2021-06-23,2021-06-26,{'AY.4': 1},375253,1,-1,2147483648,3,False,1
SRR16629291,SRR14152408,ERR13161706,2021-06-01,2021-03-13,2021-10-25,{'P.1': 1},308149,1,-1,2147483648,10,False,1
node_775029,ERR11783228,ERR9335386,2022-03-28,2022-03-29,2022-03-10,{'BA.2': 2},1406421,2,-1,2147483648,4,False,2
ERR7268953,ERR6300316,ERR7306072,2021-10-21,2021-07-02,2021-10-23,{'AY.4.2': 1},751632,1,751633,1,0,False,1
node_460932,ERR8240247,node_460931,2022-01-13,2021-12-27,2022-01-13,{'BA.1.17.2': 3},1105148,3,-1,2147483648,2,False,3
node_185723,SRR18184651,ERR7787816,2021-11-06,2021-11-18,2021-12-10,{'AY.101': 2},830079,2,-1,2147483648,3,False,2
ERR12132079,ERR8141299,ERR8617187,2022-03-16,2022-01-16,2022-02-07,{'BA.1.1': 1},1362149,1,-1,2147483648,2,False,1
SRR23911700,SRR23898627,SRR19659202,2023-03-04,2023-03-01,2022-05-23,{'XBB.1.5': 1},1786612,1,1673437,7,5,True,1
SRR19223783,ERR11761851,SRR19269878,2021-12-15,2021-07-16,2021-11-14,{'AY.4': 1},1028806,1,1028807,1,0,False,1
node_134877,ERR11761851,ERR11754879,2021-08-10,2021-07-16,2021-10-18,{'AY.4.2': 19},309592,94790,-1,2147483648,1,False,19
node_193118,ERR11762717,ERR11742938,2021-08-17,2021-08-11,2021-12-13,{'AY.125': 3},479564,3,-1,2147483648,3,False,3
node_626714,node_626661,SRR24002251,2023-04-10,2023-02-21,2023-03-11,{'FL.12': 1},1810212,1,1673437,12,5,False,1
ERR10111333,ERR10219839,ERR12783283,2022-08-11,2022-09-03,2022-07-14,{'BA.5.1': 1},1614618,1,1428716,5,6,False,1
node_509316,SRR18247850,SRR19797434,2022-01-28,2022-02-16,2022-02-13,{'BA.1.1': 1},1175132,1,-1,2147483648,3,False,1
node_454221,ERR12887828,ERR12894556,2022-01-05,2022-01-07,2022-01-07,{'BA.1': 2},1273942,2,-1,2147483648,6,False,2
node_488775,ERR12880444,ERR13307113,2021-12-21,2021-12-05,2022-01-17,{'BA.1.1.18': 2},932477,191713,-1,2147483648,1,False,2
node_629736,SRR29412693,SRR29354160,2024-05-22,2024-05-31,2024-05-21,{'XDY': 3},1892436,3,1892436,0,2,True,3
SRR16251606,SRR15087325,ERR13153217,2021-09-13,2021-06-22,2021-07-31,{'AY.39': 1},590513,1,-1,2147483648,4,False,1
node_188563,ERR6456337,ERR13153313,2021-10-20,2021-07-29,2021-07-30,{'AY.4': 2},747271,2,-1,2147483648,4,False,2
ERR6834240,ERR6654955,ERR11753645,2021-09-06,2021-08-28,2021-10-17,{'AY.4': 1},557240,1,557241,1,0,False,1
SRR15863916,SRR15864311,ERR11827861,2021-08-18,2021-08-17,2021-11-09,{'AY.100': 1},482323,1,-1,2147483648,8,False,1
node_631742,SRR28445984,ERR12306870,2024-01-15,2023-12-15,2023-10-29,{'BA.2.86.1': 2},1879429,2,1854739,11,3,False,2
ERR7001427,ERR6817158,ERR6774252,2021-09-15,2021-09-14,2021-09-08,{'AY.4': 1},599541,1,-1,2147483648,5,False,1
SRR16765806,SRR16380802,SRR17300391,2021-09-20,2021-09-18,2021-11-12,{'AY.3': 1},623083,1,-1,2147483648,3,False,1
node_16900,SRR13635770,SRR13927124,2021-01-12,2020-11-30,2020-11-07,{'B.1.2': 2},106884,2,-1,2147483648,6,False,2
node_104132,ERR7171151,ERR6782847,2021-10-20,2021-10-16,2021-09-10,{'AY.4.2': 53},746723,53,746723,0,0,False,53
SRR16221651,SRR15993353,ERR6840673,2021-09-07,2021-08-23,2021-09-03,{'AY.103': 1},562260,1,-1,2147483648,5,False,1
node_627497,ERR12554278,SRR26187605,2024-01-26,2024-01-02,2023-09-11,{'JN.1.1': 3},1882541,3,1882541,0,1,False,3
node_688898,ERR10120265,ERR9703147,2022-10-14,2022-08-15,2022-04-19,{'BF.26': 2},1687386,2,1428716,10,5,False,2
node_209135,ERR11756821,ERR6488272,2021-07-29,2021-12-01,2021-07-28,{'AY.5': 2},414734,2,414734,0,0,False,2
SRR19721366,SRR19708925,ERR9969563,2022-05-22,2022-05-21,2022-05-12,{'BA.2.12.1': 1},1492847,1,-1,2147483648,6,False,1
node_67761,ERR6561653,ERR6373502,2021-09-18,2021-08-17,2021-07-16,{'AY.4': 17},612179,17,612180,1,0,False,17
node_67755,ERR6678251,ERR6440908,2021-11-05,2021-08-30,2021-07-26,{'AY.4': 1},823843,1,823844,1,0,False,1
node_70703,ERR6821553,ERR7540364,2021-10-31,2021-09-17,2021-11-20,{'AY.4': 12},797766,12,-1,2147483648,3,False,12
SRR16246022,SRR16023223,SRR20263943,2021-09-10,2021-09-07,2021-11-23,{'AY.100': 1},578761,1,-1,2147483648,3,False,1
ERR12919221,ERR11803890,ERR11826687,2022-02-19,2022-02-18,2022-04-23,{'BA.2.9': 1},1280898,1,1280899,1,0,False,1
ERR6881205,node_246299,ERR6840063,2021-09-17,2021-11-14,2021-09-13,{'AY.112': 1},608474,1,-1,2147483648,7,False,1
node_2462,SRR12833664,ERR5338453,2020-10-14,2020-08-28,2021-02-12,{'B.1.232': 8},44461,8,-1,2147483648,3,False,8
node_102094,ERR7401608,ERR7863688,2021-11-12,2021-11-08,2021-12-17,{'AY.4.2.2': 2},862898,2,-1,2147483648,3,False,2
ERR12789550,ERR11761810,ERR6420083,2021-07-21,2021-07-15,2021-07-27,{'AY.4.7': 1},387432,1,-1,2147483648,4,False,1
ERR6605369,SRR16838930,ERR6531885,2021-08-24,2021-10-12,2021-08-11,{'AY.4': 1},503068,1,-1,2147483648,4,False,1
node_233731,SRR20178201,SRR16245485,2021-11-11,2021-11-17,2021-09-10,{'AY.39': 1},859290,1,-1,2147483648,8,False,1
ERR4307332,ERR4306971,SRR15154376,2020-04-20,2020-04-07,2021-03-18,{'B.1.1': 1},11108,1,-1,2147483648,3,False,1
ERR10032339,ERR10022403,ERR10667897,2022-07-27,2022-07-22,2022-11-30,{'BE.1': 1},1594853,1,1428716,7,3,False,1
node_377129,node_379220,ERR5186834,2021-04-16,2021-02-25,2021-01-10,{'B.1.1.7': 3},259035,3,-1,2147483648,5,False,3
node_189213,SRR15628990,ERR9899060,2021-09-07,2021-08-06,2021-08-02,{'AY.20': 1},562447,1,562448,1,0,False,1
node_182506,SRR20146062,SRR16520847,2021-11-12,2021-11-28,2021-09-22,{'AY.100': 18},864392,18,-1,2147483648,3,False,18
node_580572,ERR10462350,ERR10000074,2022-10-28,2022-10-20,2022-07-04,{'BA.2': 9},1428716,244541,1428716,0,12,False,9
SRR19689862,SRR17497269,SRR19684011,2022-02-11,2021-12-23,2022-02-14,{'BA.1.1': 1},1246002,1,-1,2147483648,5,False,1
SRR15391759,SRR15490122,ERR6112499,2021-07-21,2021-08-02,2021-06-08,{'B.1.617.2': 1},386667,1,-1,2147483648,1,False,1
node_189110,SRR16837684,SRR16883439,2021-10-15,2021-10-14,2021-10-12,{'AY.39': 2},928890,2,-1,2147483648,4,False,2
node_284735,SRR15272300,SRR15364261,2021-08-10,2021-07-12,2021-07-19,{'AY.25.1': 2},458680,2,458680,0,2,False,2
ERR13153217,ERR13152317,ERR6393255,2021-07-31,2021-07-26,2021-07-21,{'AY.121': 1},422748,1,-1,2147483648,4,False,1
SRR25270693,ERR11343376,ERR13320222,2023-06-26,2023-04-06,2023-07-31,{'EG.6.1': 1},1825041,1,1673437,10,7,False,1
node_639267,ERR10045311,ERR10020803,2022-08-13,2022-07-29,2022-07-16,{'BA.5.1.6': 2},1618036,2,1428716,6,5,False,2
node_201931,SRR16922752,ERR7512842,2021-11-06,2021-11-03,2021-11-16,{'AY.119': 3},830190,3,-1,2147483648,3,False,3
ERR7942137,ERR8003908,ERR9264844,2021-12-30,2022-01-06,2022-03-05,{'BA.1': 1},1071325,1,-1,2147483648,2,False,1
node_634749,SRR27482619,ERR13077068,2023-12-24,2023-12-11,2023-10-30,{'JN.1.1': 2},1874570,2,1854739,12,5,False,2
ERR8073592,ERR8108373,ERR8561304,2022-01-11,2022-01-12,2022-02-04,{'BA.1': 1},1100372,1,-1,2147483648,3,False,1
node_189665,SRR16837316,node_189686,2021-10-22,2021-10-14,2021-11-15,{'AY.117': 2},757015,2,-1,2147483648,1,False,2
ERR12385278,ERR12145882,ERR13079440,2023-11-02,2023-10-06,2023-12-11,{'JD.1.1': 1},1856277,1,1673437,12,5,False,1
node_46558,ERR11821093,node_46552,2021-12-02,2021-09-11,2021-02-23,{'B.1.617.2': 10},167133,49279,-1,2147483648,1,False,10
SRR20145379,SRR20178654,SRR20251618,2021-12-05,2021-11-28,2021-11-10,{'AY.39': 1},982661,1,982662,1,0,False,1
ERR12554229,ERR12658154,SRR28170169,2023-12-18,2024-01-15,2024-01-02,{'JN.3': 1},1872433,1,1872434,1,0,False,1
node_47930,SRR17275446,ERR6035706,2021-10-23,2021-12-02,2021-05-30,{'B.1.617.2': 2},167127,1241012,-1,2147483648,1,False,2
SRR21340695,ERR9706162,SRR19608001,2022-04-01,2022-04-29,2022-05-28,{'BA.2.7': 1},1413851,1,-1,2147483648,3,False,1
node_197708,ERR11762596,ERR6490974,2021-09-01,2021-08-04,2021-08-06,{'AY.121': 18},369864,2411,-1,2147483648,2,False,18
SRR20178296,SRR19288276,ERR7707661,2021-11-18,2021-11-08,2021-11-15,{'AY.39': 1},896046,1,896047,1,0,False,1
ERR10707313,node_670662,node_670681,2022-12-07,2023-01-06,2022-12-07,{'BQ.1.13.1': 1},1719210,1,1428716,17,3,False,1
node_188677,ERR6112499,ERR6320540,2021-08-25,2021-06-08,2021-07-05,{'AY.4': 1},505270,1,-1,2147483648,3,False,1
SRR16245591,SRR16245594,SRR15818553,2021-09-09,2021-09-09,2021-08-09,{'AY.39': 1},573466,1,-1,2147483648,4,False,1
node_529582,ERR9340903,SRR18381814,2022-05-02,2022-03-10,2022-01-13,{'BA.1.17.2': 3},1472502,3,-1,2147483648,4,False,3
node_188787,SRR23877689,SRR15390962,2021-11-05,2021-10-16,2021-07-15,{'AY.118': 2},825854,2,-1,2147483648,8,False,2
node_580575,node_580572,ERR10214020,2022-10-28,2022-10-28,2022-09-07,{'BA.2': 8},1613656,44307,1428716,8,2,False,8
node_189767,SRR17103263,ERR13153313,2021-11-11,2021-11-09,2021-07-30,{'AY.119': 2},859314,2,-1,2147483648,3,False,2
node_190855,SRR15391464,ERR13160402,2021-07-16,2021-07-12,2021-08-09,{'AY.114': 26},364761,34,323645,3,3,False,26
node_271736,SRR20179013,SRR16765806,2021-11-23,2021-11-28,2021-09-20,{'AY.103': 3},922064,3,-1,2147483648,3,False,3
SRR20232798,SRR16221843,SRR20226180,2021-11-02,2021-09-07,2021-11-02,{'AY.39.1': 1},808566,1,-1,2147483648,4,False,1
ERR8545176,ERR7838713,ERR11039811,2022-02-02,2021-12-15,2023-03-09,{'BA.1.17.2': 1},1196923,1,-1,2147483648,5,False,1
node_204307,ERR12825155,ERR12838955,2021-08-01,2021-09-26,2021-10-12,{'AY.126': 417},3408320,435,-1,2147483648,2,False,417
SRR21716808,SRR21901196,SRR21559003,2022-09-11,2022-09-26,2022-08-31,{'BA.5.6': 1},1652169,1,1652170,1,0,False,1
node_189972,ERR6666388,node_188769,2021-09-03,2021-08-28,2021-07-17,{'AY.109': 1},546567,1,-1,2147483648,4,False,1
SRR21889546,ERR10730923,SRR21868887,2022-09-28,2022-12-19,2022-09-21,{'BA.5.2': 1},1672309,1,1672310,1,0,False,1
node_723773,ERR9585254,ERR10000291,2022-06-17,2022-03-28,2022-07-05,{'BA.4': 25},1529090,25,1529091,1,0,False,25
ERR6342078,ERR6072630,ERR6649245,2021-07-05,2021-05-30,2021-08-24,{'AY.98': 1},352592,1,-1,2147483648,5,False,1
node_561917,ERR8566717,ERR11780806,2022-02-09,2022-02-04,2022-03-28,{'BA.2.10': 2},1234832,2,-1,2147483648,3,False,2
SRR21716281,SRR21450873,node_683882,2022-09-12,2022-08-20,2022-06-18,{'BA.5.2': 1},1653717,1,1428716,11,8,False,1
node_338074,node_338073,SRR15585202,2021-08-31,2021-08-31,2021-08-09,{'AY.122': 1},533512,1,-1,2147483648,2,False,1
ERR7240852,ERR7234303,ERR11757223,2021-10-19,2021-10-18,2021-12-18,{'AY.127': 1},742787,1,-1,2147483648,6,False,1
SRR17497534,SRR17510529,ERR7315030,2021-12-13,2021-12-21,2021-10-30,{'AY.103': 1},1018801,1,-1,2147483648,3,False,1
node_204585,ERR11824281,ERR11762854,2021-07-20,2021-08-02,2021-08-13,{'AY.126': 412},384343,435,-1,2147483648,2,False,412
ERR10910673,ERR11492943,SRR23707141,2023-02-04,2023-05-05,2023-02-06,{'XBB.1.5.48': 1},1759189,1,1673437,9,7,True,1
ERR12899726,ERR12897921,ERR13168088,2022-01-24,2022-01-23,2022-01-31,{'BA.1.17.2': 1},1158359,1,-1,2147483648,4,False,1
node_189310,SRR15876323,ERR6491956,2021-10-01,2021-08-26,2021-07-21,{'AY.100': 3},167127,1241012,-1,2147483648,1,False,3
SRR16756444,SRR14158289,SRR14157944,2021-04-01,2021-03-03,2021-03-01,{'B.1.2': 1},234748,1,-1,2147483648,6,False,1
SRR20136106,SRR20979578,ERR12781288,2022-06-17,2022-07-17,2022-05-19,{'BA.2.12.1': 1},1528146,1,-1,2147483648,4,False,1
node_186267,node_189602,ERR11756031,2021-11-23,2021-12-06,2021-11-26,{'AY.100': 1},921496,1,-1,2147483648,6,False,1
node_271483,SRR16750765,SRR16247625,2021-09-30,2021-10-04,2021-09-27,{'AY.103': 2},665559,2,-1,2147483648,5,False,2
SRR18027128,node_344152,SRR17444140,2021-08-11,2021-08-11,2021-08-01,{'AY.20': 1},462088,1,-1,2147483648,5,False,1
node_610332,ERR13321622,SRR26938442,2023-11-15,2023-11-27,2023-11-13,{'JF.1.1': 2},1860584,2,1673437,17,7,False,2
node_548932,ERR10000016,node_555408,2022-05-22,2022-06-29,2022-07-02,{'BA.2.12.1': 1},1492914,2,-1,2147483648,3,False,1
node_124637,ERR6530272,ERR12840515,2021-08-25,2021-08-07,2021-10-28,{'AY.4': 2},507277,2,-1,2147483648,3,False,2
SRR14155952,SRR14228142,SRR16730512,2021-03-12,2021-02-14,2021-05-02,{'B.1.2': 1},197275,1,-1,2147483648,4,False,1
node_422169,ERR5222460,node_422168,2021-02-22,2021-01-18,2021-01-31,{'B.1.1.7': 15},166313,15,-1,2147483648,3,False,15
node_633157,ERR13077040,SRR28122001,2024-02-01,2023-12-18,2024-01-22,{'JN.1': 2},1884162,2,1854739,14,3,False,2
node_777488,node_776723,node_544107,2021-11-30,2022-03-06,2021-11-17,"{'BA.3': 20, 'BA.3.1': 25}",871718,49,-1,2147483648,4,False,45
node_311069,SRR17207240,ERR7942352,2021-12-09,2021-12-01,2021-12-30,{'AY.3': 4},1005609,4,-1,2147483648,4,False,4
node_226584,SRR15223470,SRR15775745,2021-07-12,2021-06-29,2021-08-17,{'AY.120.1': 47},168591,690,-1,2147483648,1,False,47
ERR6685184,ERR7609970,ERR6524641,2021-08-28,2021-11-27,2021-08-09,{'AY.120': 1},520112,1,-1,2147483648,4,False,1
node_237862,node_188819,ERR6401011,2021-09-03,2021-09-14,2021-07-25,{'AY.118': 4},546976,6,-1,2147483648,4,False,4
SRR14898838,ERR4644612,ERR9899423,2021-05-21,2020-06-24,2021-08-15,{'P.1': 1},298013,1,-1,2147483648,4,False,1
node_542398,ERR11849958,node_484275,2022-01-30,2022-01-28,2022-02-03,"{'BA.1.1': 1, 'BA.1.18': 1}",1206662,2,-1,2147483648,5,False,2
node_311752,SRR15489637,ERR11753700,2021-08-25,2021-07-31,2021-10-17,{'AY.3': 1},506229,1,-1,2147483648,3,False,1
SRR23274081,SRR15650586,ERR6456252,2021-08-16,2021-08-10,2021-07-29,{'AY.3': 1},476098,1,-1,2147483648,3,False,1
node_643903,ERR10001507,ERR10002259,2022-07-24,2022-07-06,2022-07-05,{'BA.5.1': 1},1588760,1,1428716,5,4,False,1
ERR7390999,ERR7176691,ERR7268953,2021-11-06,2021-10-19,2021-10-21,{'AY.4.2': 1},828657,1,-1,2147483648,4,False,1
node_499194,ERR8269485,ERR12258749,2022-02-12,2022-01-21,2022-04-07,{'BA.1.1': 7},1261497,7,-1,2147483648,3,False,7
ERR11508004,ERR10000889,SRR22743914,2022-06-14,2022-07-05,2022-11-16,{'BE.1.1': 1},1524648,1,1428716,7,6,False,1
node_329833,SRR20227534,ERR6484148,2021-11-03,2021-10-30,2021-08-06,{'AY.44': 3},822714,3,-1,2147483648,3,False,3
node_9596,SRR15617467,SRR15227746,2021-07-13,2021-08-08,2021-05-31,{'B.1.621': 2},447567,2,-1,2147483648,3,False,2
node_181767,node_181600,SRR20263943,2021-08-10,2021-10-25,2021-11-23,{'AY.100': 7},167127,1241012,-1,2147483648,1,False,7
ERR12971048,ERR9103660,ERR12344289,2022-05-17,2022-02-23,2022-04-06,{'BA.2': 1},1487966,1,-1,2147483648,3,False,1
SRR20258426,SRR16380944,SRR15534723,2021-10-18,2021-09-20,2021-08-02,{'AY.3': 1},739055,1,-1,2147483648,4,False,1
node_181357,SRR16351439,ERR6816898,2021-10-07,2021-09-17,2021-09-15,{'AY.100': 7},692624,7,-1,2147483648,6,False,7
node_718512,ERR10109642,SRR19722766,2022-05-31,2022-08-06,2022-05-24,"{'BA.4': 5, 'BA.4.1': 7}",1505013,12,-1,2147483648,4,False,12
node_88875,ERR6549487,ERR6472116,2021-08-23,2021-08-14,2021-08-03,{'AY.4': 14},495725,14,495726,1,0,False,14
node_193565,ERR7233929,ERR6573578,2021-07-20,2021-10-15,2021-08-18,{'AY.128': 170},396922,171,-1,2147483648,4,False,170
ERR7370207,ERR11754822,ERR7321213,2021-10-28,2021-10-19,2021-10-21,{'AY.4.2': 1},783205,1,-1,2147483648,3,False,1
ERR5339353,ERR5175948,ERR5339236,2021-02-11,2020-12-25,2021-02-11,{'B.1.1.7': 1},148970,1,-1,2147483648,3,False,1
node_407758,SRR17324498,ERR5191314,2021-03-23,2021-03-30,2021-01-11,{'B.1.1.7': 2},217328,2,-1,2147483648,3,False,2
node_484070,ERR11795951,SRR19683603,2022-02-21,2022-01-02,2022-02-24,{'BA.1.1': 3},1288111,3,-1,2147483648,3,False,3
SRR21502497,SRR20119570,ERR10001513,2022-07-09,2022-06-10,2022-07-05,{'BA.5.6': 1},1561768,1,1428716,6,6,False,1
node_344804,SRR17334156,SRR15199951,2021-12-04,2021-11-18,2021-06-25,{'AY.20': 3},895622,8,-1,2147483648,1,False,3
SRR20734713,ERR10000016,ERR9644208,2022-06-17,2022-06-29,2022-04-13,{'BA.2.12': 1},1528412,1,1528413,1,0,False,1
ERR7320673,ERR6928153,ERR6572774,2021-10-21,2021-09-29,2021-08-11,{'AY.4': 1},751984,1,751985,1,0,False,1
ERR13079456,SRR29175754,SRR28009263,2023-12-11,2024-03-20,2024-01-31,{'JN.1.1': 1},1869690,1,1854739,8,5,False,1
ERR6332013,ERR11761885,ERR12836678,2021-07-09,2021-07-15,2021-10-05,{'AY.120': 1},359413,1,-1,2147483648,3,False,1
SRR16184898,node_264459,ERR6571333,2021-09-10,2021-09-10,2021-08-18,{'AY.103': 1},577774,1,-1,2147483648,7,False,1
ERR6841286,ERR11753866,ERR7383744,2021-09-13,2021-10-17,2021-11-02,{'AY.43': 1},589163,1,-1,2147483648,4,False,1
SRR13925176,SRR25727637,node_32189,2020-06-26,2022-01-29,2020-06-26,{'B.1': 1},22143,1,-1,2147483648,6,False,1
node_723810,ERR9933104,ERR12970212,2022-07-08,2022-07-01,2022-07-28,{'BA.4': 2},1559495,2,-1,2147483648,3,False,2
ERR5398406,ERR5287835,ERR5471460,2021-02-11,2021-01-30,2021-01-12,{'B.1.1.7': 1},149054,1,-1,2147483648,3,False,1
node_544185,ERR10039716,ERR10711792,2022-04-02,2022-01-21,2022-03-14,{'BA.2': 3},1415651,3,1415652,1,0,False,3
SRR19469880,SRR15877167,SRR19468040,2021-11-09,2021-08-26,2021-11-29,{'AY.25': 1},847133,1,-1,2147483648,3,False,1
node_188661,ERR6821719,SRR16351461,2021-10-11,2021-09-16,2021-09-15,{'AY.4': 1},708383,1,-1,2147483648,7,False,1
ERR9216279,ERR11795951,ERR8767568,2022-03-02,2022-01-02,2022-02-15,{'BA.1.1.14': 1},1313771,1,-1,2147483648,3,False,1
SRR20917503,node_189840,SRR19259675,2021-12-15,2021-12-15,2021-12-09,{'AY.119': 1},1029175,1,1029176,1,0,False,1
SRR21886304,SRR21889973,SRR21138978,2022-09-21,2022-09-28,2022-07-07,{'BA.5.2.19': 1},1666109,1,1428716,11,4,False,1
node_226588,ERR6373331,SRR17135676,2021-10-18,2021-07-18,2021-10-13,{'AY.120.1': 31},719418,32,-1,2147483648,5,False,31
ERR9031428,ERR8960635,ERR8962280,2021-03-23,2021-02-18,2021-04-26,{'B.1.1.7': 1},217098,1,-1,2147483648,3,False,1
ERR6756939,ERR6548743,ERR6162082,2021-09-04,2021-08-12,2021-06-13,{'AY.4': 1},550270,1,-1,2147483648,4,False,1
SRR23878906,SRR15800678,SRR16752908,2021-10-27,2021-08-17,2021-10-01,{'AY.3.1': 1},781149,1,-1,2147483648,3,False,1
SRR26331058,ERR13076305,ERR11079349,2023-09-26,2023-11-06,2023-02-26,{'HV.1.6': 1},1845604,1,1673437,17,6,False,1
ERR13159904,ERR13159128,ERR13149509,2021-07-17,2021-05-18,2021-04-12,{'P.1': 1},376385,1,376386,1,0,False,1
node_188772,SRR15386558,SRR15392137,2021-08-02,2021-07-23,2021-07-19,{'AY.118': 7},443856,16,-1,2147483648,7,False,7
SRR20922640,SRR19685007,SRR19817933,2022-02-17,2022-02-10,2022-01-24,{'BA.1.1': 1},1273253,1,-1,2147483648,3,False,1
ERR7236133,ERR7164399,ERR7238349,2021-10-18,2021-10-16,2021-10-19,{'AY.4': 1},737088,1,-1,2147483648,7,False,1
SRR15916348,SRR15199752,SRR15893851,2021-08-11,2021-06-30,2021-07-26,{'AY.107': 1},462440,1,462441,1,0,False,1
node_189140,SRR15588652,SRR15200045,2021-09-02,2021-08-05,2021-07-02,{'AY.39': 5},356353,535,-1,2147483648,2,False,5
SRR16504640,SRR16375380,ERR12841848,2021-10-11,2021-10-10,2021-11-02,{'AY.100': 1},708656,1,-1,2147483648,3,False,1
node_268533,SRR16158541,ERR9899245,2021-11-23,2021-09-10,2021-08-11,{'AY.103': 1},923236,1,-1,2147483648,6,False,1
node_724308,ERR10000135,ERR10002107,2022-07-03,2022-07-06,2022-07-05,{'BA.4': 2},1549911,2,1549911,0,0,False,2
node_186299,SRR17299615,ERR6440908,2021-11-26,2021-11-29,2021-07-26,{'AY.100': 3},936014,3,749044,6,7,False,3
SRR20189663,SRR17207556,ERR6440908,2021-12-08,2021-12-01,2021-07-26,{'AY.100': 1},1000837,1,-1,2147483648,7,False,1
node_189957,ERR7326852,ERR6489364,2021-10-14,2021-11-01,2021-07-21,{'AY.112.2': 17},167127,1241012,-1,2147483648,1,False,17
ERR5920276,SRR25001713,node_364271,2021-04-26,2021-04-10,2021-05-22,{'B.1.617.2': 1},270149,1,-1,2147483648,11,False,1
SRR17647498,SRR19255803,SRR16238327,2021-12-16,2021-12-19,2021-09-09,{'B.1.617.2': 1},1032505,1,1032506,1,0,False,1
SRR18821383,node_13170,SRR14450343,2020-11-16,2020-11-16,2021-03-05,{'B.1.2': 1},65294,1,-1,2147483648,5,False,1
ERR5741104,node_363642,ERR11822620,2021-04-06,2021-04-06,2021-08-19,{'B.1.617.2': 1},242399,1,-1,2147483648,4,False,1
node_99088,ERR7268953,ERR7297616,2021-11-11,2021-10-21,2021-10-27,{'AY.4.2': 4},856821,4,-1,2147483648,3,False,4
node_677766,ERR10000561,ERR12979151,2022-07-12,2022-07-05,2022-07-18,{'BA.5.6': 2},1568122,2,1428716,7,3,False,2
node_585845,ERR10109588,node_585840,2023-01-12,2022-08-03,2023-01-12,{'CH.1.1.24': 29},1757942,33,1745732,1,0,False,29
node_411061,SRR16621377,SRR14192055,2021-05-06,2021-05-10,2021-03-18,{'B.1.1.7': 2},282901,2,-1,2147483648,4,False,2
SRR26251106,node_625426,ERR10511768,2023-09-16,2023-09-16,2022-11-09,{'FL.1.5.1': 1},1842223,1,1673437,16,4,False,1
node_765769,ERR12383850,ERR9431198,2022-05-20,2022-04-07,2022-03-19,{'BA.2': 3},1532430,3,-1,2147483648,4,False,3
node_235832,SRR15388959,SRR20251828,2021-10-22,2021-07-21,2021-11-11,{'AY.39': 12},756784,12,-1,2147483648,3,False,12
ERR10425664,node_693907,ERR10151045,2022-10-04,2022-07-19,2022-08-15,{'BA.5.2.1': 1},1677411,1,1428716,7,5,False,1
node_544099,ERR12924512,ERR10000074,2022-01-29,2022-02-17,2022-07-04,"{'BA.2': 3, 'BA.1': 2, 'BA.1.1': 1}",965896,552721,-1,2147483648,1,False,6
ERR6713912,ERR6708815,node_401328,2021-02-08,2021-03-03,2021-04-01,{'B.1.1.7': 1},144118,1,-1,2147483648,3,False,1
SRR16162134,SRR15024362,SRR20765780,2021-09-10,2021-06-21,2021-10-25,{'AY.25': 1},579357,1,-1,2147483648,4,False,1
ERR9932317,ERR9934866,ERR12131829,2022-06-29,2022-07-04,2022-03-17,{'BE.1.1': 1},1543174,1,1428716,8,3,False,1
node_22433,SRR16070221,SRR15149403,2021-04-04,2021-06-11,2021-04-21,{'B.1.526': 2},229153,15,-1,2147483648,1,False,2
ERR7007633,node_48828,ERR6766893,2021-09-15,2021-09-13,2021-08-23,{'AY.4': 1},599685,1,-1,2147483648,5,False,1
SRR22620744,ERR10165487,ERR12969628,2022-10-03,2022-08-23,2022-07-23,{'BA.5.2.1': 1},1676643,1,1428716,4,5,False,1
node_269742,node_269739,ERR7041848,2021-09-07,2021-09-07,2021-09-23,{'AY.103': 3},562577,3,562578,1,0,False,3
ERR6999739,ERR6760263,ERR6649179,2021-09-08,2021-08-24,2021-08-24,{'AY.4': 1},565983,1,-1,2147483648,5,False,1
SRR20261679,SRR20938979,SRR15230406,2021-11-14,2021-11-30,2021-06-17,{'AY.39': 1},873960,2,-1,2147483648,6,False,1
ERR7307104,node_104563,ERR7232111,2021-10-10,2021-10-12,2021-10-26,{'AY.4.2': 1},704825,1,704826,1,0,False,1
node_189456,SRR21182680,SRR15628951,2021-10-06,2021-11-06,2021-08-05,{'AY.100': 2},687800,2,-1,2147483648,1,False,2
SRR15159718,ERR5184222,SRR15230709,2021-05-06,2021-01-04,2021-06-10,{'B.1.1.7': 1},282674,1,-1,2147483648,3,False,1
ERR12958216,ERR12934671,ERR12926430,2022-03-25,2022-03-02,2022-02-22,{'BA.2.9': 1},1394216,1,-1,2147483648,7,False,1
ERR6457604,ERR5946395,node_173550,2021-07-30,2021-05-10,2021-07-16,{'AY.4': 1},416274,1,-1,2147483648,4,False,1
ERR9431350,ERR13121835,ERR9020521,2022-03-19,2022-04-16,2022-02-21,{'BA.2': 1},1372359,1,-1,2147483648,5,False,1
ERR6785047,node_230401,SRR15556930,2021-09-10,2021-09-10,2021-08-03,{'AY.120': 1},575729,1,-1,2147483648,5,False,1
node_127329,ERR6612898,ERR12789550,2021-09-22,2021-08-23,2021-07-21,{'AY.4': 11},699070,11,-1,2147483648,5,False,11
node_358338,node_346259,SRR14870531,2021-07-10,2021-11-01,2021-04-24,{'AY.73': 79},361730,79,-1,2147483648,5,False,79
ERR9762296,ERR9311740,ERR9703615,2022-05-13,2022-03-08,2022-04-20,{'BA.2.9': 1},1481636,1,-1,2147483648,3,False,1
node_267153,SRR16923603,ERR6455468,2021-11-30,2021-11-03,2021-07-29,{'AY.103': 3},958345,3,-1,2147483648,4,False,3
node_335372,ERR7794202,node_335371,2021-10-30,2021-12-10,2021-10-30,{'AY.122': 68},790062,68,-1,2147483648,5,False,68
node_186258,ERR13160269,node_189602,2021-10-15,2021-08-03,2021-12-06,{'AY.100': 30},734905,39,-1,2147483648,4,False,30
ERR6882997,ERR6816488,SRR15916348,2021-09-19,2021-09-14,2021-08-11,{'AY.4': 1},616645,1,-1,2147483648,7,False,1
node_233976,SRR16790011,SRR20917404,2021-10-19,2021-10-07,2021-12-15,{'AY.39': 10},743690,10,-1,2147483648,3,False,10
SRR26969387,SRR26805823,ERR10932421,2023-11-07,2023-10-20,2023-02-11,{'JD.1.1.8': 1},1857925,1,1673437,13,6,False,1
ERR12658284,SRR27960771,SRR27838510,2024-01-30,2024-01-10,2024-01-13,{'JN.1': 1},1883275,1,1883276,1,0,False,1
ERR5185097,ERR5181022,ERR5175948,2021-01-06,2021-01-02,2020-12-25,{'B.1.1.7': 1},100622,1,-1,2147483648,3,False,1
node_609506,SRR26085318,ERR13059204,2023-10-11,2023-08-30,2023-10-16,{'FY.1.2': 3},1860266,3,1673437,12,9,False,3
node_205941,ERR6378038,ERR7138401,2021-11-08,2021-07-21,2021-10-13,{'AY.5': 2},838162,2,838162,0,1,False,2
SRR18782463,SRR19690348,SRR18151897,2022-02-22,2022-02-17,2022-01-21,{'BA.1.1.18': 1},1292358,1,-1,2147483648,8,False,1
ERR7584913,ERR7305190,ERR7575779,2021-11-10,2021-10-21,2021-11-10,{'AY.4': 1},852090,1,852091,1,0,False,1
node_189554,SRR16380706,SRR17377799,2021-11-10,2021-09-19,2021-11-14,{'AY.100': 3},847453,5,-1,2147483648,1,False,3
ERR12118131,SRR26722381,ERR13053855,2023-09-23,2023-09-04,2023-11-27,{'XBB.1.9': 1},1844728,1,1844729,1,0,True,1
node_345084,SRR16380772,SRR15199951,2021-09-29,2021-09-17,2021-06-25,{'AY.20': 1},661355,1,-1,2147483648,8,False,1
SRR20177943,SRR20178192,ERR7011305,2021-11-15,2021-11-17,2021-09-29,{'AY.117': 1},879063,3,879064,1,0,False,1
SRR20111223,ERR9483503,ERR8135413,2022-05-09,2022-03-24,2022-01-15,{'BA.2': 1},1477048,1,1477049,1,0,False,1
node_188320,ERR13182720,ERR11755369,2021-09-30,2021-08-22,2021-10-21,{'AY.4': 2},471315,2560,-1,2147483648,1,False,2
SRR18929659,SRR18082462,ERR8037280,2022-02-22,2022-01-14,2022-01-10,{'BA.1.15': 1},1292466,1,-1,2147483648,4,False,1
node_197712,ERR6886292,node_197735,2021-10-18,2021-09-17,2021-10-18,{'AY.121': 1},736932,1,-1,2147483648,5,False,1
SRR21135643,SRR14157324,SRR16612881,2021-01-01,2021-02-23,2021-03-03,{'B.1.2': 1},94941,1,-1,2147483648,4,False,1
node_28896,ERR7428693,SRR14403334,2020-12-15,2021-02-06,2021-02-18,{'B.1.429': 2},83047,2,-1,2147483648,3,False,2
SRR20254302,SRR16659863,SRR15985606,2021-10-14,2021-09-29,2021-09-04,{'AY.39': 1},723517,1,-1,2147483648,11,False,1
ERR7367241,ERR7255800,SRR17267745,2021-11-05,2021-11-01,2021-11-08,{'AY.4': 1},823799,1,823800,1,0,False,1
node_632924,ERR13077040,SRR27471173,2024-02-13,2023-12-18,2023-12-21,{'JN.1': 3},1886461,3,1854739,11,7,False,3
SRR21220913,SRR21272320,SRR21032815,2022-08-04,2022-07-31,2022-07-26,{'BA.5.6': 1},1608425,1,1608426,1,0,False,1
node_614958,ERR10901627,SRR24460924,2023-04-14,2023-02-07,2023-04-19,{'XBB.1.5.57': 21},1811954,21,1673437,7,3,True,21
SRR20124313,SRR20774872,ERR13081291,2022-05-16,2022-04-07,2022-04-12,{'BA.2': 1},1486191,1,-1,2147483648,5,False,1
ERR7652806,ERR12879358,ERR11764014,2021-11-29,2021-11-30,2021-12-02,{'AY.4': 1},952597,1,-1,2147483648,5,False,1
ERR4760005,ERR4699761,ERR4615901,2020-09-30,2020-10-05,2020-08-30,{'B.1.177': 1},38792,1,38793,1,0,False,1
ERR6999528,ERR6553899,node_189382,2021-09-15,2021-08-15,2021-08-02,{'AY.4': 1},599489,1,-1,2147483648,4,False,1
SRR23359633,SRR22059572,ERR11171247,2023-01-22,2022-10-15,2023-03-14,{'BQ.1.14': 1},1751117,1,1428716,13,8,False,1
SRR20466896,ERR9132517,ERR10445637,2022-03-21,2022-02-24,2022-10-09,{'BA.2': 1},1379759,1,-1,2147483648,7,False,1
ERR9342859,ERR12037774,ERR12131835,2022-03-08,2022-03-16,2022-03-17,{'BA.2': 1},1336484,1,-1,2147483648,3,False,1
SRR27353674,SRR26364223,ERR13056717,2023-10-26,2023-09-23,2023-02-19,{'EG.5.1.16': 1},1854419,1,1673437,14,4,False,1
SRR16153568,SRR16214072,ERR13153313,2021-08-31,2021-08-27,2021-07-30,{'AY.113': 1},533730,1,373989,2,4,False,1
ERR12901016,ERR12898132,SRR18925651,2022-01-26,2022-01-22,2022-01-01,{'BA.1.15': 1},1167110,1,-1,2147483648,4,False,1
SRR20178527,SRR21045486,ERR6301712,2021-11-19,2021-11-01,2021-06-29,{'AY.100': 1},900829,1,-1,2147483648,5,False,1
node_90305,ERR6899496,ERR6440908,2021-10-21,2021-09-23,2021-07-26,{'AY.4': 1},751913,1,751914,1,0,False,1
ERR9760231,ERR12982208,ERR9645519,2022-05-05,2022-07-30,2022-04-16,{'BA.2.1': 1},1472106,1,-1,2147483648,6,False,1
node_188984,node_234610,SRR15391404,2021-09-15,2021-10-19,2021-07-16,{'AY.39': 2},167127,1241012,-1,2147483648,1,False,2
node_739587,ERR11748467,ERR12904440,2022-04-18,2022-05-24,2022-02-06,{'BA.2': 2},1444447,2,1444447,0,0,False,2
SRR16350896,SRR15993753,SRR19931572,2021-09-16,2021-08-25,2021-11-05,{'AY.26': 1},604905,1,-1,2147483648,4,False,1
SRR20228294,SRR16221863,SRR20226520,2021-10-28,2021-09-07,2021-10-30,{'AY.122': 1},784023,1,-1,2147483648,3,False,1
node_32589,ERR4615552,ERR4667229,2020-09-09,2020-08-29,2020-09-29,"{'B.1.177.7': 2, 'B.1.177.5': 1}",26678,36266,-1,2147483648,1,False,3
ERR5072673,ERR4877000,ERR5060916,2020-12-08,2020-11-08,2020-11-25,{'B.1.177': 1},75301,1,-1,2147483648,3,False,1
node_539995,ERR11795951,ERR8300819,2022-02-10,2022-01-02,2022-01-23,{'BA.1': 2},1281276,2,-1,2147483648,3,False,2
node_733634,ERR12051054,SRR19674588,2022-02-07,2022-03-17,2022-04-22,"{'BA.2.3': 13, 'BA.2': 14, 'BA.2.10': 10, 'BA.2.38': 1, 'BA.2.3.17': 2, 'BA.2.65': 1}",965896,552721,-1,2147483648,1,False,41
ERR6887909,ERR6551687,ERR6345513,2021-09-19,2021-08-13,2021-07-09,{'AY.4': 1},616685,1,-1,2147483648,5,False,1
ERR10445631,SRR19940948,SRR21146090,2022-10-06,2022-06-07,2022-07-30,{'BA.5.6': 1},1679226,1,1679227,1,0,False,1
node_454736,ERR8163240,ERR7812112,2022-01-26,2022-01-21,2021-12-11,{'BA.1.17': 3},1242661,3,-1,2147483648,3,False,3
node_318773,SRR16223982,ERR13157325,2021-11-03,2021-09-09,2021-09-02,{'AY.44': 2},815558,2,815559,1,0,False,2
node_40500,node_40499,ERR4698834,2020-09-07,2020-09-07,2020-10-01,"{'B.1.177.54': 939, 'V.2': 11, 'V.1': 19}",33945,972,-1,2147483648,4,False,969
node_596922,SRR23707606,ERR10667755,2023-03-01,2023-02-13,2022-12-05,{'XBB.1.5.16': 4},1783943,4,1783943,0,0,True,4
node_78563,ERR5991611,ERR7516457,2021-11-13,2021-05-19,2021-11-16,{'AY.4': 3},867507,3,-1,2147483648,3,False,3
node_452968,ERR8532763,ERR8118277,2022-02-10,2022-01-30,2022-01-14,{'BA.1.16': 6},1239656,6,-1,2147483648,4,False,6
node_188312,ERR6532142,ERR13153313,2021-09-12,2021-08-11,2021-07-30,{'AY.4': 1},584674,1,584675,1,0,False,1
node_632203,ERR13077040,ERR13253431,2024-05-05,2023-12-18,2024-05-24,{'KP.1.1.1': 2},1891408,2,1854739,16,2,False,2
node_597963,SRR24764401,SRR24034025,2023-03-27,2023-05-21,2023-03-21,{'XBB.1.5.2': 5},1803564,5,1673437,9,4,True,5
node_664617,ERR10214020,ERR9665185,2022-12-13,2022-09-07,2022-04-20,{'BQ.1.1': 3},1723161,3,1428716,14,4,False,3
node_190206,SRR20251447,ERR11742327,2021-11-11,2021-11-11,2021-09-23,{'AY.113': 2},887258,2,-1,2147483648,4,False,2
SRR14399101,SRR11578127,SRR14380714,2021-03-13,2020-03-27,2021-03-31,{'B.1.1.519': 1},199307,1,-1,2147483648,1,False,1
node_268256,SRR15387987,SRR15922902,2021-08-06,2021-07-25,2021-08-31,{'AY.103': 9},446482,9,-1,2147483648,3,False,9
node_189083,SRR15199972,SRR15546525,2021-07-26,2021-06-25,2021-07-30,{'AY.39': 4},402853,6,-1,2147483648,3,False,4
node_117143,ERR7203448,ERR11826181,2021-09-09,2021-10-11,2021-10-14,{'AY.4': 65},569342,66,-1,2147483648,3,False,65
ERR8248180,ERR7527468,ERR7239088,2021-12-09,2021-11-20,2021-10-08,{'AY.4': 1},1004547,1,-1,2147483648,4,False,1
node_709097,ERR12972187,ERR13024080,2022-07-30,2022-08-03,2022-10-14,{'BA.5.2.20': 2},1598860,2,1428716,9,6,False,2
ERR9975523,ERR10032154,ERR10219617,2022-07-02,2022-07-28,2022-09-03,{'BA.4': 1},1547677,1,-1,2147483648,1,False,1
ERR7156315,ERR7041669,ERR7149674,2021-10-07,2021-09-29,2021-10-05,{'AY.4': 1},691812,1,-1,2147483648,3,False,1
SRR20258765,SRR16766019,SRR16829649,2021-10-18,2021-10-06,2021-10-09,{'AY.3': 1},739448,1,-1,2147483648,4,False,1
SRR22815000,SRR20119570,SRR20016805,2022-07-14,2022-06-10,2022-06-21,{'BA.5.3': 1},1571001,1,1428716,7,4,False,1
SRR25693019,node_626429,SRR23055305,2023-05-13,2023-05-13,2023-01-02,{'XBB.1.9.1': 1},1820307,1,1673437,7,7,True,1
node_694853,SRR21625934,SRR22928080,2022-10-03,2022-08-27,2022-12-05,{'BF.7': 11},1676022,11,1428716,8,4,False,11
SRR21558715,SRR23064026,SRR20979359,2022-08-29,2022-12-13,2022-07-19,{'BA.5.2.1': 1},1638717,1,1428716,7,5,False,1
node_224723,ERR7802481,ERR7515537,2021-12-08,2021-12-03,2021-11-18,{'AY.43': 2},999016,2,-1,2147483648,5,False,2
node_586887,node_586886,ERR10839848,2022-09-24,2022-09-24,2023-01-23,{'unclassified': -1},-1,0,-1,2147483648,-1,False,111753
node_192022,SRR15993895,SRR15553516,2021-08-27,2021-08-23,2021-08-03,{'AY.107': 7},515828,7,-1,2147483648,7,False,7
ERR11279669,ERR11254928,ERR11029892,2023-04-06,2023-02-24,2023-02-25,{'XBB.1.5': 1},1808689,1,1673437,7,1,True,1
ERR8674420,ERR8545569,ERR12902530,2022-02-09,2022-02-02,2022-01-27,{'BA.1.1': 1},1234878,1,-1,2147483648,3,False,1
SRR24180350,ERR10966101,SRR24041996,2023-03-29,2023-02-18,2023-03-15,{'XBB.1.5': 1},1804541,1,1673437,10,6,True,1
ERR8179603,node_120416,SRR17078095,2021-12-03,2021-12-03,2021-11-12,{'AY.4': 1},972682,1,-1,2147483648,5,False,1
node_190119,SRR17022816,SRR15391344,2021-10-12,2021-10-21,2021-07-16,{'AY.113': 4},715031,40,373989,1,7,False,4
node_739693,ERR11829521,ERR10020044,2022-03-20,2022-03-16,2022-07-11,{'XW': 37},1375029,37,1375030,1,0,True,37
SRR20117186,SRR17625230,SRR20116178,2021-12-15,2021-12-22,2021-12-01,{'AY.100': 1},1029026,3,-1,2147483648,7,False,1
node_424369,ERR5181352,ERR5874973,2021-01-25,2021-01-04,2021-04-09,{'B.1.1.7': 3},123330,3,-1,2147483648,3,False,3
node_268105,node_268104,ERR6840673,2021-06-29,2021-06-29,2021-09-03,{'AY.103': 6},563598,11,-1,2147483648,3,False,6
node_30852,node_30851,SRR14158437,2021-02-09,2021-02-09,2021-03-02,{'B.1.349': 3},145245,4,-1,2147483648,5,False,3
ERR13175287,ERR13175226,ERR11200663,2022-12-07,2022-12-04,2023-03-26,{'XBB': 1},1719877,1,1673437,4,3,True,1
node_189683,SRR16211747,SRR20234417,2021-11-02,2021-09-24,2021-11-03,{'AY.117': 1},808704,1,808705,1,0,False,1
ERR7375921,ERR7003543,ERR6568434,2021-11-07,2021-09-23,2021-08-08,{'AY.4': 1},832279,1,-1,2147483648,4,False,1
node_637847,SRR20490796,SRR21504496,2022-09-05,2022-07-01,2022-08-01,{'BA.5.1.18': 2},1646115,2,1646115,0,0,False,2
node_684295,ERR10003917,ERR10086602,2022-05-30,2022-07-08,2022-07-28,{'BA.5.2.1': 6},871728,1294334,-1,2147483648,64,False,6
SRR17362782,SRR17298662,SRR19292258,2021-12-10,2021-11-26,2021-11-16,{'AY.103': 1},1008701,1,-1,2147483648,4,False,1
node_237131,SRR15557349,node_188803,2021-11-04,2021-08-03,2021-10-15,{'AY.118': 2},822762,3,-1,2147483648,4,False,2
SRR19888920,SRR19722321,SRR19889103,2022-06-03,2022-05-23,2022-06-08,{'BA.2.12.1': 1},1507801,1,-1,2147483648,4,False,1
SRR16317567,SRR15554913,SRR20694518,2021-08-10,2021-08-04,2020-11-15,{'AY.13': 1},459675,1,-1,2147483648,5,False,1
node_74547,ERR6903829,ERR12840515,2021-10-09,2021-09-24,2021-10-28,{'AY.4': 1},699570,1,-1,2147483648,3,False,1
ERR9645740,ERR9622921,ERR11795381,2022-04-16,2022-04-11,2021-12-27,{'BA.2.9': 1},1439576,1,-1,2147483648,3,False,1
SRR17717234,SRR14389189,SRR16612881,2021-03-22,2021-03-11,2021-03-03,{'B.1.2': 1},216316,1,-1,2147483648,3,False,1
node_679361,node_679360,ERR10000143,2022-08-08,2022-08-08,2022-07-05,{'BA.4.6': 1},1611808,1,-1,2147483648,5,False,1
ERR7321264,ERR6873338,ERR6440908,2021-10-16,2021-09-21,2021-07-26,{'AY.4': 1},730151,1,-1,2147483648,8,False,1
ERR9857582,ERR12255296,ERR10045312,2022-06-09,2022-04-06,2022-07-29,{'BA.2': 1},1516105,1,-1,2147483648,6,False,1
SRR16778318,SRR16606821,ERR6930231,2021-10-21,2021-09-28,2021-09-28,{'AY.118': 1},752217,1,-1,2147483648,9,False,1
node_663850,ERR11823454,ERR10463614,2022-10-05,2022-06-12,2022-10-17,{'BQ.1.1.7': 13},1678791,13,1678792,1,0,False,13
node_271105,SRR15386235,ERR6816898,2021-08-06,2021-07-25,2021-09-15,{'AY.103': 3},445945,3,-1,2147483648,6,False,3
ERR9661211,ERR9661169,ERR9421301,2022-04-11,2022-04-06,2022-03-15,{'BA.2': 1},1431480,1,-1,2147483648,5,False,1
SRR20179132,SRR17329004,SRR16689807,2021-11-26,2021-11-29,2021-09-30,{'AY.125': 1},935777,1,935778,1,0,False,1
ERR9494865,ERR12756206,ERR8623933,2022-03-24,2022-02-11,2022-02-06,{'BA.2': 1},1388511,1,-1,2147483648,4,False,1
node_292178,SRR16153583,ERR11851875,2021-09-14,2021-08-31,2021-10-18,{'AY.25': 2},596453,2,-1,2147483648,3,False,2
SRR16629299,ERR5279781,SRR16742895,2021-06-01,2021-01-22,2021-04-11,{'B.1.1.7': 1},308154,1,-1,2147483648,7,False,1
SRR17187152,SRR17107284,SRR17166486,2021-11-30,2021-11-17,2021-11-22,{'AY.100': 1},957409,1,-1,2147483648,4,False,1
ERR9215238,SRR20506457,ERR9670965,2022-03-01,2022-04-09,2022-04-19,{'BA.2': 1},1311407,1,1301067,1,14,False,1
node_188931,SRR17136513,SRR20186943,2021-11-10,2021-10-22,2021-12-05,{'AY.39': 3},1002578,3,-1,2147483648,5,False,3
SRR23729563,ERR10512847,ERR10511275,2023-02-21,2022-11-16,2022-11-08,{'BQ.1.1': 1},1776139,1,1428716,15,5,False,1
ERR9198374,ERR12889016,ERR9218211,2022-02-26,2022-01-20,2022-03-01,{'BA.1.1': 1},1305040,1,-1,2147483648,3,False,1
SRR15534723,SRR15518103,SRR16883669,2021-08-02,2021-08-02,2021-10-14,{'AY.3.1': 1},428368,1,-1,2147483648,3,False,1
node_234716,SRR20954128,node_231791,2021-10-27,2021-11-09,2021-12-15,{'AY.39': 2},779353,2,-1,2147483648,3,False,2
node_146143,ERR6586970,ERR12794677,2021-10-23,2021-08-20,2021-08-06,{'AY.4': 58},760433,58,-1,2147483648,6,False,58
node_259046,SRR15920544,ERR6605939,2021-09-21,2021-08-31,2021-08-25,{'AY.103': 3},627027,3,-1,2147483648,3,False,3
SRR25519714,SRR21671246,ERR12969462,2022-07-24,2022-09-06,2022-07-29,{'BF.28': 1},1590037,1,1428716,8,4,False,1
node_188487,ERR6571500,ERR11754076,2021-09-26,2021-08-08,2021-10-17,{'AY.4.2': 1},646794,1,646795,1,0,False,1
SRR21266624,SRR16884534,ERR7707661,2021-12-08,2021-10-29,2021-11-15,{'AY.116.1': 1},1002444,1,1002445,1,0,False,1
ERR13175818,ERR10003590,SRR21792689,2022-12-19,2022-07-08,2022-09-19,{'BA.5.3.1': 1},1728248,1,1728249,1,0,False,1
ERR7310754,ERR9770513,SRR20233568,2021-10-19,2021-12-15,2021-11-02,{'AY.121': 1},742963,1,-1,2147483648,2,False,1
ERR7833754,ERR7559407,ERR7742605,2021-12-16,2021-11-24,2021-12-06,{'AY.4.2.2': 1},1031009,1,-1,2147483648,3,False,1
node_354896,SRR16196789,SRR15982859,2021-09-21,2021-09-10,2021-09-04,{'AY.47': 7},627475,7,-1,2147483648,4,False,7
node_234930,SRR19252424,SRR16153708,2021-08-18,2021-12-16,2021-08-31,{'AY.39': 2},482556,3,-1,2147483648,3,False,2
node_187895,DRR321274,SRR20227687,2021-08-16,2021-05-18,2021-10-29,{'AY.113': 25},499134,27,-1,2147483648,1,False,25
SRR16307205,SRR15985176,SRR20250176,2021-09-13,2021-09-04,2021-11-10,{'AY.39': 1},591425,1,-1,2147483648,7,False,1
ERR13023977,ERR13030185,ERR11079349,2022-11-28,2022-12-20,2023-02-26,{'CJ.1.2': 1},1714582,1,-1,2147483648,3,False,1
ERR7111306,ERR6785490,ERR7160327,2021-10-10,2021-09-10,2021-10-15,{'AY.4.2.1': 1},703677,1,-1,2147483648,4,False,1
node_317281,SRR15270988,ERR6816898,2021-07-30,2021-07-15,2021-09-15,{'AY.44': 1},419023,1,-1,2147483648,3,False,1
SRR18047211,ERR11757228,ERR13167258,2021-12-21,2021-12-15,2022-01-17,{'BA.1.17.2': 1},1047822,3,-1,2147483648,4,False,1
ERR9534551,ERR10000699,ERR9470676,2022-03-27,2022-07-04,2022-03-19,{'BA.2': 1},1399225,1,-1,2147483648,3,False,1
ERR8037512,ERR7653780,ERR7802481,2022-01-08,2021-11-30,2021-12-03,{'AY.43': 1},1092949,1,-1,2147483648,6,False,1
ERR6471870,ERR6494507,ERR6514803,2021-08-03,2021-07-30,2021-08-04,{'AY.43': 1},430630,1,-1,2147483648,4,False,1
ERR10983471,ERR10965153,ERR10910673,2023-02-27,2023-02-21,2023-02-04,{'XBB.2.3.13': 1},1781740,1,1673437,6,7,True,1
SRR20263707,SRR20263708,SRR20247144,2021-11-23,2021-11-23,2021-10-27,{'AY.113': 1},922006,1,752882,2,6,False,1
SRR26256643,SRR25643103,ERR12481849,2023-09-14,2023-07-29,2023-12-07,{'XBB.1.16.11': 1},1841632,1,1841633,1,0,True,1
node_264760,SRR16766396,SRR15410406,2021-10-27,2021-10-06,2021-07-17,{'AY.103': 1},778976,1,-1,2147483648,5,False,1
ERR7142322,ERR11756832,ERR7239088,2021-10-07,2021-12-02,2021-10-08,{'AY.98': 1},691638,1,-1,2147483648,4,False,1
ERR9626969,SRR21609043,ERR9619785,2022-04-13,2022-07-21,2022-04-09,{'BA.2': 1},1434347,1,-1,2147483648,3,False,1
node_679812,node_679665,SRR19723383,2022-07-26,2022-07-07,2022-05-29,{'BF.1': 1},1593847,1,1593848,1,0,False,1
node_472855,ERR12966753,ERR11847675,2021-12-29,2022-04-26,2021-12-30,"{'BA.1.1.18': 8, 'BA.1.1': 27, 'BA.1': 6, 'BA.1.1.1': 1, 'BA.1.18': 1}",1046379,435305,-1,2147483648,1,False,43
node_314214,node_314213,SRR16318073,2021-12-12,2021-12-12,2021-08-10,{'AY.44': 2},1015668,2,-1,2147483648,7,False,2
node_622767,SRR25815236,SRR25643351,2023-11-08,2023-08-09,2023-07-28,{'HV.1': 2},1858145,2,1673437,18,2,False,2
node_185614,SRR18538011,ERR11755558,2021-12-15,2022-01-04,2021-11-25,{'AY.100': 3},1029026,3,-1,2147483648,7,False,3
node_193025,SRR20264871,SRR19283178,2021-12-03,2021-11-16,2021-12-17,{'AY.125': 2},973521,3,-1,2147483648,3,False,2
node_529508,ERR7876980,ERR13307043,2022-02-07,2021-12-20,2022-01-12,{'BA.1.17': 1},1223194,1,-1,2147483648,3,False,1
ERR8694893,ERR8633775,ERR7906303,2022-02-11,2022-02-07,2021-12-27,{'BA.1.1': 1},1245034,1,-1,2147483648,3,False,1
SRR18735920,ERR7835560,SRR17714112,2022-03-24,2021-12-15,2022-01-12,{'BA.1.1': 1},1389299,1,-1,2147483648,3,False,1
ERR10931828,ERR10666779,ERR10932736,2023-01-29,2022-11-29,2023-02-13,{'CH.1.1': 1},1755639,1,1755640,1,0,False,1
node_269052,SRR20117201,SRR15490365,2021-06-03,2021-12-14,2021-08-02,{'AY.103': 7474},167135,1303454,-1,2147483648,9,False,7474
SRR18786707,SRR19684257,SRR18157708,2022-02-27,2022-02-17,2022-01-30,{'BA.1.1.18': 1},1306691,1,-1,2147483648,5,False,1
node_619196,node_622602,SRR27149638,2023-11-22,2023-11-06,2023-10-27,{'HK.19': 2},1863038,2,1863039,1,0,False,2
ERR7712393,ERR6008848,ERR6488290,2021-11-22,2021-05-26,2021-08-05,{'B.1.617.2': 1},914967,1,-1,2147483648,6,False,1
node_279723,SRR16857655,SRR16062429,2021-10-08,2021-10-17,2021-08-27,{'AY.25': 1},697523,1,-1,2147483648,5,False,1
node_94840,ERR7148808,ERR6216912,2021-07-26,2021-09-26,2021-06-29,{'AY.4': 77},407078,77,-1,2147483648,4,False,77
node_237434,node_237433,SRR21266227,2021-12-07,2021-12-07,2021-12-16,{'AY.118': 2},995152,2,-1,2147483648,7,False,2
node_189822,SRR16698204,node_189821,2021-10-05,2021-10-12,2021-10-05,{'AY.119': 8},683634,8,683635,1,0,False,8
SRR20261293,SRR20768963,SRR15199972,2021-11-13,2021-10-23,2021-06-25,{'AY.39': 1},869672,1,869673,1,0,False,1
SRR26556244,SRR26556649,SRR27106473,2023-10-11,2023-10-13,2023-11-22,{'XBB.1.5.70': 1},1850440,1,1850441,1,0,True,1
node_334282,ERR11763695,node_342370,2021-08-23,2021-12-02,2021-12-09,{'AY.122': 3},496449,3,-1,2147483648,7,False,3
node_182112,SRR16307618,SRR20179774,2021-09-17,2021-09-14,2021-12-13,{'AY.100': 1},609274,1,-1,2147483648,8,False,1
node_272395,ERR6423050,SRR16829443,2021-09-30,2021-07-08,2021-10-06,{'AY.103': 3},665760,3,-1,2147483648,7,False,3
node_39054,ERR4892124,ERR4688484,2020-12-06,2020-11-13,2020-09-25,{'B.1.177': 8},87992,8,-1,2147483648,4,False,8
ERR12790724,ERR11761614,ERR6378483,2021-07-15,2021-07-12,2021-07-21,{'AY.7.1': 1},371690,1,-1,2147483648,3,False,1
SRR20226343,SRR16752881,SRR16527246,2021-11-02,2021-10-03,2021-09-27,{'AY.39': 1},808452,1,808453,1,0,False,1
ERR10771991,ERR10741756,ERR8045071,2023-01-04,2022-12-07,2022-01-10,{'CH.1.1': 1},1739123,1,-1,2147483648,7,False,1
node_115089,ERR6681206,ERR6085506,2021-06-26,2021-09-02,2021-06-08,{'AY.4': 5},335796,5,-1,2147483648,3,False,5
ERR8696990,ERR8491634,ERR9272085,2022-02-13,2022-01-28,2022-03-06,{'BA.1.1': 1},1252635,1,-1,2147483648,6,False,1
node_62717,node_188312,ERR11753532,2021-07-29,2021-09-12,2021-10-17,"{'AY.4': 95, 'AY.4.9': 1}",411881,96,-1,2147483648,3,False,96
node_188699,ERR11762845,node_188698,2021-09-05,2021-08-11,2021-09-05,{'AY.4': 4},443613,27,-1,2147483648,3,False,4
ERR5220706,ERR5039840,ERR5198311,2021-01-16,2020-12-15,2021-01-13,{'B.1.177': 1},112684,1,112685,1,0,False,1
ERR8302545,ERR8493030,ERR7907020,2022-01-22,2022-01-28,2021-12-28,{'BA.1.17.2': 1},1147475,1,-1,2147483648,14,False,1
ERR7707958,ERR7306712,ERR6488595,2021-11-12,2021-10-28,2021-08-01,{'AY.36': 1},863851,1,863852,1,0,False,1
ERR7149619,ERR6932695,ERR6440908,2021-10-06,2021-09-28,2021-07-26,{'AY.4': 1},686639,1,686640,1,0,False,1
SRR15628757,SRR15628568,SRR15518575,2021-08-05,2021-08-05,2021-08-03,{'AY.20': 1},442653,1,-1,2147483648,0,False,1
node_231980,SRR15993670,ERR6525338,2021-10-28,2021-08-25,2021-08-10,{'AY.39': 5},784187,5,-1,2147483648,14,False,5
node_258569,node_255920,SRR16567971,2021-11-08,2021-09-06,2021-09-25,{'AY.103': 2},841111,2,-1,2147483648,3,False,2
ERR12976923,ERR13090748,ERR10213811,2022-08-29,2022-08-08,2022-09-03,{'BF.11': 1},1639119,1,1639120,1,0,False,1
SRR21737469,SRR22692513,ERR9935574,2022-09-20,2022-09-13,2022-07-05,{'BA.5.2': 1},1664562,1,1428716,13,4,False,1
SRR16603918,SRR15916142,SRR15877167,2021-09-04,2021-08-12,2021-08-26,{'AY.25': 1},551405,1,-1,2147483648,7,False,1
SRR17419012,SRR17377947,ERR5946395,2021-12-15,2021-11-19,2021-05-10,{'AY.3': 1},1028056,1,-1,2147483648,3,False,1
ERR7042338,ERR6577148,ERR6516398,2021-09-15,2021-08-17,2021-08-07,{'AY.4.8': 1},599760,1,-1,2147483648,4,False,1
node_495477,ERR7988963,ERR8305230,2022-02-04,2022-01-03,2022-01-24,{'BA.1': 2},1207718,2,-1,2147483648,4,False,2
node_223983,ERR11763071,ERR6342078,2021-10-27,2021-11-23,2021-07-05,{'AY.43': 3},780821,3,-1,2147483648,3,False,3
node_204779,ERR11755165,ERR7371565,2021-09-13,2021-10-19,2021-11-05,{'AY.126': 24},587468,24,-1,2147483648,3,False,24
ERR9664042,ERR12756206,ERR13087553,2022-04-20,2022-02-11,2022-04-16,{'BA.2.1': 1},1448257,1,-1,2147483648,4,False,1
node_109228,node_109227,ERR7822546,2021-10-17,2021-10-17,2021-12-12,{'AY.4.2': 3},732645,3,-1,2147483648,4,False,3
node_235091,SRR15893776,node_235089,2021-07-22,2021-07-26,2021-07-22,{'AY.39': 5},389802,6,-1,2147483648,5,False,5
ERR8503842,ERR8416199,ERR8997022,2022-01-30,2022-01-26,2022-02-16,{'BA.1': 1},1181774,1,-1,2147483648,3,False,1
node_699913,ERR10000002,ERR10019782,2022-07-11,2022-07-05,2022-07-06,{'BA.2.12.1': 2},1565504,2,1565504,0,1,False,2
node_21936,SRR16620947,SRR14155002,2021-05-01,2021-05-11,2021-03-16,{'B.1.526': 3},277189,3,277190,1,0,False,3
node_91308,ERR7524871,ERR11764426,2021-11-22,2021-11-20,2021-12-05,{'AY.4': 9},913142,9,-1,2147483648,3,False,9
ERR8198202,ERR7559407,ERR6761066,2021-12-10,2021-11-24,2021-08-31,{'AY.4.2.2': 1},1008394,1,-1,2147483648,7,False,1
node_234663,SRR17117337,ERR7232760,2021-11-23,2021-11-17,2021-10-16,{'AY.39': 3},921875,3,-1,2147483648,7,False,3
node_192591,ERR6598739,SRR15876472,2021-09-17,2021-08-22,2021-08-31,{'AY.110': 1},609681,1,-1,2147483648,3,False,1
ERR4877000,ERR5072673,ERR4807877,2020-11-08,2020-12-08,2020-10-22,{'B.1.177': 1},59201,1,-1,2147483648,3,False,1
ERR7528049,ERR7408821,ERR12795818,2021-11-19,2021-11-09,2021-07-16,{'AY.4': 1},899062,1,-1,2147483648,4,False,1
node_367805,SRR15360628,ERR4598232,2020-03-29,2020-03-23,2020-08-14,{'B.1.1': 6},10592,6,-1,2147483648,2,False,6
node_47326,SRR16706536,ERR12852118,2021-09-14,2021-10-03,2021-11-24,{'AY.117': 3},614888,4,-1,2147483648,3,False,3
node_348100,ERR6008351,SRR15138800,2021-06-06,2021-05-26,2021-07-01,{'AY.9': 2},313247,2,-1,2147483648,4,False,2
node_777954,ERR4308011,ERR4653345,2020-10-22,2020-05-01,2020-09-16,{'B.1.1.308': 2},49405,2,49406,1,0,False,2
ERR6596507,ERR6126815,ERR6564394,2021-08-22,2021-06-15,2021-08-16,{'AY.4': 1},492780,1,-1,2147483648,3,False,1
node_189913,ERR6446480,SRR16158764,2021-09-07,2021-07-30,2021-09-09,{'AY.119': 2},562280,4,-1,2147483648,3,False,2
node_189149,SRR16197975,SRR15230406,2021-10-04,2021-09-07,2021-06-17,{'AY.39': 7},728318,8,678912,1,0,False,7
ERR9265394,node_770452,SRR22343961,2022-03-04,2022-02-03,2022-11-01,{'BA.2': 1},1321021,1,-1,2147483648,6,False,1
SRR16752250,node_280601,ERR6455468,2021-09-28,2021-09-28,2021-07-29,{'AY.25': 1},655383,1,-1,2147483648,4,False,1
SRR16696764,SRR16546143,ERR11742306,2021-10-05,2021-09-30,2021-09-11,{'AY.103': 1},684462,1,-1,2147483648,5,False,1
SRR15200037,SRR15230288,SRR16732684,2021-07-03,2021-06-14,2021-04-26,{'B.1.526': 1},348993,1,-1,2147483648,3,False,1
node_265078,ERR5991611,SRR15984744,2021-09-07,2021-05-19,2021-09-03,{'AY.103': 2},561835,2,-1,2147483648,3,False,2
node_636709,SRR19149129,ERR10711783,2022-05-16,2022-04-08,2022-03-14,{'BA.2': 2},1486185,2,-1,2147483648,5,False,2
node_131520,ERR6310992,ERR11755558,2021-08-19,2021-06-30,2021-11-25,{'AY.4': 6},489526,6,-1,2147483648,5,False,6
node_181757,SRR17135384,SRR16883831,2021-10-24,2021-10-26,2021-10-13,{'AY.100': 3},764303,3,764303,0,2,False,3
ERR6572774,ERR13182720,ERR6129605,2021-08-11,2021-08-22,2021-06-14,{'AY.4': 1},461748,1,461749,1,0,False,1
ERR13286783,ERR11764040,ERR6601033,2021-12-05,2021-12-01,2021-08-23,{'AY.132': 1},984185,1,-1,2147483648,3,False,1
node_136153,ERR7239898,ERR11762376,2021-09-25,2021-10-16,2021-07-27,{'AY.4.12': 4},3408928,4,-1,2147483648,3,False,4
node_457772,ERR11803644,ERR7824127,2021-12-21,2022-02-05,2021-12-15,{'BA.1': 3},1047889,7,-1,2147483648,7,False,3
SRR16040875,SRR15270985,SRR15230181,2021-08-25,2021-07-15,2021-06-15,{'AY.44': 1},506121,1,-1,2147483648,4,False,1
ERR9224167,node_497444,ERR11905679,2022-03-02,2022-03-02,2022-02-06,{'BA.1.1': 1},1313849,2,-1,2147483648,6,False,1
SRR19993283,node_321490,ERR12789550,2021-09-03,2021-09-03,2021-07-21,{'AY.44': 1},545683,1,-1,2147483648,5,False,1
node_200299,SRR16809979,SRR16606679,2021-11-03,2021-10-23,2021-09-28,{'AY.119': 3},843619,3,-1,2147483648,7,False,3
SRR16153878,SRR15518559,node_305716,2021-09-02,2021-08-03,2021-08-26,{'AY.3': 1},543400,1,-1,2147483648,5,False,1
node_618356,ERR12145887,SRR25704204,2023-10-20,2023-10-10,2023-08-01,{'EG.5.1.1': 2},1853707,2,1852912,1,0,False,2
node_778645,ERR4307909,ERR4238502,2020-04-29,2020-04-24,2020-05-08,{'B.1.1.29': 23},13055,24,-1,2147483648,5,False,23
node_378503,ERR5318770,ERR5658040,2021-04-13,2021-02-09,2021-03-22,{'B.1.1.7': 38},254184,38,-1,2147483648,3,False,38
node_604933,ERR10791603,SRR23736059,2023-03-19,2023-01-03,2023-02-14,{'HZ.3': 7},1797493,7,1673437,7,4,False,7
ERR6840489,ERR6513185,ERR6378221,2021-08-27,2021-07-30,2021-07-21,{'AY.120': 1},515389,1,-1,2147483648,3,False,1
ERR6703657,ERR7535536,ERR9188897,2021-08-24,2021-11-19,2021-11-18,{'AY.43': 1},500597,1,-1,2147483648,6,False,1
ERR10427736,ERR10000160,ERR10446641,2022-10-12,2022-07-06,2022-10-17,{'BF.7.13': 1},1685058,1,1685059,1,0,False,1
node_189849,node_198316,ERR13153313,2021-10-19,2021-10-22,2021-07-30,{'AY.119.2': 2},3404002,2,609342,3,1,False,2
node_566540,SRR21041378,SRR18784511,2022-06-06,2022-07-20,2022-03-10,{'BA.2': 1},1511129,1,-1,2147483648,5,False,1
SRR21450704,ERR10429674,SRR21509452,2022-08-22,2022-10-19,2022-08-01,{'BA.5.2': 1},1629129,1,1629130,1,0,False,1
SRR20258786,SRR16745081,SRR16161553,2021-10-14,2021-10-20,2021-09-01,{'AY.25': 1},722435,1,-1,2147483648,4,False,1
SRR22239683,SRR21546007,SRR21451809,2022-10-22,2022-08-30,2022-08-22,{'BE.1.4': 1},1694389,1,1694390,1,0,False,1
node_188896,SRR16593420,SRR15313765,2021-09-28,2021-09-30,2021-07-23,{'AY.39.1': 1},655525,30,-1,2147483648,5,False,1
node_402099,ERR6593677,node_430406,2021-05-03,2021-04-06,2021-02-03,{'B.1.1.7': 1},278542,1,-1,2147483648,5,False,1
SRR22344807,ERR13005049,SRR21270235,2022-11-01,2022-09-18,2022-08-01,{'BF.14': 1},1701631,1,1701632,1,0,False,1
node_165559,ERR6587519,ERR6059644,2021-09-08,2021-08-21,2021-06-03,{'AY.4': 30},564401,30,-1,2147483648,4,False,30
SRR20264259,SRR16923772,ERR7239527,2021-11-23,2021-11-03,2021-10-16,{'AY.39': 1},922130,1,922131,1,0,False,1
ERR13059518,ERR9762142,ERR13044901,2023-03-20,2022-05-12,2023-03-19,{'CH.1.1': 1},1798316,1,-1,2147483648,6,False,1
ERR9908351,ERR10003741,ERR10000256,2022-06-23,2022-07-08,2022-07-01,{'BA.2': 1},1535266,1,1535267,1,0,False,1
SRR19684011,SRR19831460,SRR19683454,2022-02-14,2022-02-08,2022-02-14,{'BA.1.1': 1},1260188,1,-1,2147483648,7,False,1
SRR19260007,SRR16510562,ERR9899245,2021-12-10,2021-10-07,2021-08-11,{'AY.103': 1},1008647,1,-1,2147483648,6,False,1
node_683209,SRR20919421,SRR21795197,2022-09-20,2022-07-18,2022-09-16,{'BF.10': 3},1664561,3,1428716,10,6,False,3
SRR16008981,SRR15003865,SRR16008906,2021-07-06,2021-05-19,2021-06-07,{'B.1.351': 1},354521,1,354522,1,0,False,1
ERR11472570,ERR11177671,ERR11757451,2023-05-05,2023-03-20,2023-05-15,{'FL.9': 1},1818413,1,1673437,11,6,False,1
node_222918,ERR6580674,ERR6550190,2021-09-23,2021-08-19,2021-08-13,{'AY.4': 3},633728,3,633729,1,0,False,3
ERR6757351,ERR11754553,ERR6699085,2021-08-24,2021-10-18,2021-08-12,{'AY.43': 1},500746,1,-1,2147483648,4,False,1
SRR22317409,ERR10731477,SRR22117319,2022-11-02,2022-12-12,2022-10-17,{'BQ.1.1': 1},1702328,1,1428716,12,6,False,1
SRR21345952,SRR20854670,SRR19341421,2022-02-17,2022-02-21,2022-02-04,{'BA.1.1.18': 1},1273386,1,-1,2147483648,3,False,1
ERR6495467,ERR6638233,ERR6112499,2021-08-07,2021-08-06,2021-06-08,{'AY.4': 1},447837,1,-1,2147483648,4,False,1
node_755458,SRR18785060,ERR9301658,2022-03-25,2022-03-11,2022-03-05,{'BA.2': 2},1393448,2,-1,2147483648,3,False,2
ERR8491634,ERR8696990,ERR8533820,2022-01-28,2022-02-13,2022-01-30,{'BA.1.1': 1},1173081,1,-1,2147483648,7,False,1
ERR9894769,ERR11796912,ERR9858345,2022-06-19,2022-01-15,2022-06-09,{'BA.2': 1},1530757,1,-1,2147483648,4,False,1
node_189099,SRR16606691,SRR16195882,2021-10-26,2021-09-28,2021-09-04,{'AY.39': 2},774473,3,774473,0,0,False,2
ERR7480160,ERR7288294,SRR20929778,2021-11-12,2021-10-27,2021-12-05,{'B.1.617.2': 1},862538,1,-1,2147483648,3,False,1
SRR27482619,ERR12551144,SRR26976456,2023-12-11,2023-12-13,2023-11-15,{'HV.1': 1},1870230,1,1870231,1,0,False,1
SRR16689150,SRR14389974,SRR14390586,2021-03-04,2021-03-29,2021-03-28,{'B.1.637': 1},183083,1,-1,2147483648,3,False,1
ERR13311064,SRR21240738,SRR19467882,2022-01-26,2022-01-06,2022-01-17,{'BA.1.1': 1},1167010,1,-1,2147483648,3,False,1
node_647714,SRR22323421,SRR21039998,2022-09-20,2022-09-30,2022-07-25,{'BA.5.2.1': 2},1664729,2,1614871,1,7,False,2
ERR9005692,ERR8966388,ERR9402902,2022-02-21,2022-02-17,2022-03-16,{'BA.1.1': 1},1288358,1,-1,2147483648,3,False,1
node_189922,SRR16345199,SRR15391719,2021-10-17,2021-09-18,2021-07-21,{'AY.119': 5},734151,5,-1,2147483648,4,False,5
node_627490,node_627489,ERR11556708,2023-10-18,2023-10-18,2023-05-29,"{'JN.1.4': 4741, 'JN.1.39': 452, 'JN.6': 69, 'JN.1.43': 158, 'JN.1.9': 289, 'JN.1': 7448, 'JN.1.42': 263, 'XDD.1': 17, 'JN.1.1': 1571, 'LP.1': 17, 'BA.2.86.1': 656, 'JN.1.7': 570, 'JN.1.4.2': 260, 'KP.2': 214, 'KP.3.1.6': 11, 'KP.3.2.4': 83, 'JN.1.47': 55, 'JN.1.8': 151, 'JN.1.13.1': 221, 'JN.1.4.5': 1030, 'JN.1.1.7': 15, 'KP.4.2': 10, 'JN.1.16.2': 4, 'JN.1.6': 186, 'JN.1.52': 67, 'JN.1.4.1': 25, 'JN.7': 83, 'KP.1': 15, 'JN.11': 42, 'JN.1.4.6': 64, 'JN.1.63': 14, 'JN.1.58.3': 2, 'JQ.1': 103, 'JN.1.39.3': 14, 'JN.1.5': 63, 'KP.3.1.5': 4, 'JN.1.7.2': 64, 'JN.1.4.8': 29, 'JN.1.50': 8, 'KP.1.2': 13, 'JN.1.31': 93, 'JN.1.64': 43, 'JN.3': 98, 'KP.3.3.3': 6, 'JN.1.8.1': 586, 'KQ.1': 86, 'JN.1.7.5': 178, 'JN.1.22': 233, 'LF.1': 13, 'JN.1.18': 171, 'JN.2': 206, 'KV.2': 147, 'JN.1.4.7': 54, 'JN.1.46': 119, 'JN.1.43.1': 92, 'LB.1.4': 22, 'JN.1.55.1': 2, 'JN.1.60': 21, 'JN.1.59': 32, 'XDK': 47, 'JN.1.45': 156, 'XDP.1': 32, 'KP.1.1': 65, 'JN.1.55': 29, 'JN.1.2': 241, 'JN.1.53.1': 12, 'JN.1.17': 42, 'MM.1': 3, 'JN.1.25.1': 3, 'JN.1.47.2': 61, 'JN.1.4.3': 51, 'JN.1.3': 32, 'JN.1.32': 119, 'JN.1.1.3': 14, 'JN.16': 3, 'JN.9': 32, 'JN.1.18.3': 22, 'JN.13': 12, 'JN.1.47.1': 5, 'JN.1.2.1': 1, 'KR.1': 27, 'KP.2.3': 171, 'KP.1.1.1': 70, 'KP.4.1': 29, 'JN.1.4.4': 20, 'JN.1.19': 218, 'JN.1.51': 9, 'JN.1.18.2': 18, 'JN.2.2': 13, 'JN.1.42.1': 6, 'KW.1': 8, 'KP.3.1': 90, 'XDD': 68, 'XDP': 80, 'KP.2.7': 5, 'JN.1.11': 39, 'JN.18': 160, 'JN.1.16.1': 61, 'JN.1.41': 58, 'KS.1': 78, 'LB.1': 42, 'JN.1.11.1': 53, 'KV.1': 1, 'XDD.1.1': 17, 'JN.1.14': 14, 'LB.1.8': 7, 'JN.3.3': 47, 'KP.1.1.3': 36, 'MD.1.1': 7, 'JN.1.1.1': 33, 'LP.3': 2, 'KP.3.2': 31, 'JN.1.49': 19, 'KP.2.2': 64, 'JN.1.8.3': 72, 'XDP.3': 15, 'JQ.2.1': 7, 'JN.2.5': 5, 'LL.1': 23, 'JN.1.16': 100, 'JN.1.28': 14, 'JN.1.1.2': 11, 'JN.1.25': 7, 'LW.1': 5, 'JN.1.27': 16, 'LA.1': 21, 'LE.1.1': 4, 'KP.2.15': 13, 'JN.4': 39, 'KP.3.3': 57, 'KP.2.1': 9, 'JN.1.34': 25, 'JN.1.1.10': 13, 'LB.1.3': 43, 'JN.1.53': 22, 'JN.10': 31, 'JN.1.9.1': 7, 'KS.1.1': 9, 'LA.2': 1, 'XDK.3': 2, 'JN.1.20': 23, 'JN.1.21': 19, 'JN.1.6.1': 28, 'LF.5': 8, 'JN.1.63.1': 2, 'JN.1.32.1': 14, 'JN.1.38': 130, 'JN.1.30': 27, 'BA.2.86': 14, 'JN.1.1.4': 10, 'JN.2.3': 37, 'KP.3.2.3': 11, 'KP.4.2.2': 4, 'XDK.1.2': 4, 'KW.1.1': 13, 'KP.3.1.4': 46, 'JN.1.1.6': 11, 'JN.1.29': 59, 'KP.3.5': 6, 'JN.1.16.3': 7, 'MA.1': 4, 'JN.1.7.1': 9, 'KP.3.2.1': 2, 'LB.1.3.2': 9, 'JN.1.26': 10, 'JN.1.58': 17, 'LB.1.3.1': 3, 'LK.1': 2, 'JN.1.36': 2, 'JN.1.50.2': 2, 'XDY': 3, 'JN.1.37': 13, 'JN.1.57': 5, 'JN.1.48.3': 3, 'JN.1.64.1': 10, 'JN.1.57.1': 4, 'KP.4.2.1': 3, 'JN.1.54': 15, 'XDK.1': 12, 'KP.3.1.1': 25, 'LQ.1.1': 11, 'XEB': 9, 'LB.1.2.1': 2, 'JN.1.44': 23, 'JN.1.62': 11, 'LP.1.1': 5, 'LF.4.1': 6, 'KP.3': 25, 'JN.1.8.2': 9, 'JN.1.10': 4, 'LF.3.1.1': 5, 'JN.1.7.3': 7, 'JN.13.1': 8, 'JN.1.56': 6, 'LF.1.1.1': 12, 'BA.2.86.2': 16, 'JN.1.24': 25, 'JN.1.51.1': 5, 'LB.1.7': 35, 'KP.2.16': 5, 'JN.1.1.5': 13, 'JN.1.7.9': 2, 'LF.1.1': 5, 'KP.2.5': 5, 'JN.1.65.1': 5, 'XDK.5': 9, 'LJ.1': 10, 'XDK.4.1': 8, 'KU.2': 5, 'KP.4.1.1': 2, 'LQ.3': 1, 'JN.1.15': 9, 'LV.1': 10, 'BA.2.86.3': 11, 'LB.1.2': 5, 'JN.1.42.2': 12, 'KP.3.4': 3, 'KZ.1': 2, 'XDD.1.1.1': 7, 'KP.2.10': 4, 'JN.1.55.2': 1, 'XDP.2': 1, 'KR.1.1': 11, 'JN.1.54.1': 2, 'JN.1.40': 6, 'MK.2': 4, 'KP.4': 6, 'JN.1.65': 5, 'JN.1.23': 8, 'LF.3.1': 5, 'JN.1.9.2': 1, 'JN.1.49.1': 6, 'LH.1': 1, 'XDD.3': 2, 'JN.1.18.6': 3, 'KS.1.3': 2, 'LE.1': 8, 'JN.1.30.1': 5, 'JN.1.28.1': 4, 'JN.2.1': 3, 'JN.5': 8, 'KW.1.1.1': 1, 'JN.1.39.1': 3, 'KP.5': 9, 'XDR': 6, 'LH.2': 4, 'LN.1.1': 5, 'KZ.1.1': 2, 'JQ.2.1.1': 1, 'KP.3.1.2': 3, 'MF.1': 4, 'JN.1.7.7': 2, 'JN.1.61': 3, 'LF.4': 4, 'LK.2.1': 2, 'JN.1.24.1': 3, 'JN.1.13': 9, 'JN.1.48.2': 1, 'BA.2.86.6': 2, 'MH.1': 1, 'JN.1.50.1': 7, 'JN.1.39.2': 5, 'KU.1': 3, 'KP.4.1.2': 1, 'KP.2.3.3': 3, 'KP.3.2.2': 3, 'KP.2.13': 2, 'XDK.4': 2, 'XDD.2': 1, 'KY.1': 1, 'LR.1': 1, 'KP.1.1.5': 6, 'JN.1.23.1': 1, 'ML.2': 1, 'JN.1.48': 7, 'JN.8': 1, 'KP.2.9': 1, 'JN.1.35': 2, 'JN.1.12': 1, 'LU.2': 1, 'LQ.1': 1, 'KP.2.6': 1, 'LY.2': 1, 'JN.1.48.1': 1, 'LC.1': 1, 'JN.1.29.1': 1, 'KP.2.8': 1, 'BA.2.86.4': 1, 'JN.1.18.4': 1, 'LY.1': 1, 'LM.1': 1, 'JN.2.4': 1, 'KP.2.14': 1, 'MD.2': 1, 'JN.1.44.1': 1, 'KP.2.3.1': 1, 'LB.1.7.1': 1, 'LF.3': 1, 'JN.14': 1, 'BA.2.86.7': 1, 'KP.3.2.5': 1, 'KP.1.1.4': 1}",871726,858794,-1,2147483648,1,True,25669
node_188738,ERR11755155,node_188252,2021-10-20,2021-10-18,2021-07-13,{'AY.4': 1},747229,1,-1,2147483648,5,False,1
node_185214,node_185213,ERR7753215,2021-09-18,2021-09-18,2021-12-07,{'AY.100': 7},614648,7,-1,2147483648,3,False,7
node_110332,ERR7378145,ERR7268953,2021-11-07,2021-10-31,2021-10-21,{'AY.4.2': 1},834059,1,-1,2147483648,3,False,1
node_189460,SRR16366141,SRR15628951,2021-10-04,2021-09-19,2021-08-05,{'AY.100': 9},716207,10,-1,2147483648,3,False,9
node_700220,ERR12754228,ERR9869927,2022-07-22,2022-05-15,2022-06-11,{'BA.5.2.1': 2},1585368,2,1585369,1,0,False,2
node_460141,SRR18433726,ERR8036317,2021-11-29,2022-03-09,2022-01-09,"{'BA.2.2.1': 290, 'BA.1.1': 1925, 'BA.1': 4506, 'BA.1.1.18': 1716, 'BA.1.17.2': 607, 'BA.1.17': 182, 'BA.1.1.8': 19, 'BA.1.18': 23, 'BA.1.16': 5, 'BA.1.1.10': 2, 'BA.1.1.1': 3, 'BA.1.1.7': 1, 'BA.1.14.1': 1, 'BA.1.1.13': 1, 'BA.1.1.14': 1, 'BA.1.9': 2, 'BA.1.5': 1, 'BA.1.19': 2, 'BA.1.1.2': 1}",1046379,435305,-1,2147483648,1,False,9288
ERR7005088,ERR6620875,ERR7001504,2021-09-15,2021-08-16,2021-09-15,{'AY.4': 1},599625,1,-1,2147483648,4,False,1
node_542874,ERR12884793,SRR18279402,2022-02-24,2021-12-19,2022-02-22,{'BA.1.18': 1},3068960,1,1232639,4,0,False,1
SRR20246692,SRR16779361,ERR6440908,2021-10-23,2021-10-06,2021-07-26,{'AY.100': 1},761048,1,761049,1,0,False,1
SRR20189257,SRR20117901,SRR16706744,2021-12-07,2021-12-11,2021-10-06,{'AY.100': 1},995164,1,687566,3,4,False,1
SRR15314696,ERR9899378,ERR13163820,2021-07-26,2021-07-27,2021-11-24,{'AY.26': 1},403368,1,-1,2147483648,10,False,1
node_617291,ERR11923785,ERR10771991,2023-07-24,2023-08-12,2023-01-04,{'EG.5.1.3': 3},1827369,3,1673437,13,4,False,3
ERR7235240,ERR6871859,SRR20227524,2021-10-11,2021-09-21,2021-10-31,{'AY.4': 1},708316,1,708317,1,3,False,1
node_580297,ERR11780185,ERR10383166,2022-06-28,2022-03-28,2022-10-03,{'unclassified': -1},-1,0,-1,2147483648,-1,False,129895
ERR7321236,ERR7301725,ERR13153313,2021-10-27,2021-10-27,2021-07-30,{'AY.4': 1},778380,1,500239,3,4,False,1
SRR20917576,SRR20935813,SRR20116236,2021-12-16,2021-12-01,2021-12-01,{'AY.121': 1},1033053,1,-1,2147483648,5,False,1
node_623723,node_623725,ERR11779177,2023-10-05,2023-08-24,2023-07-18,{'XCY': 1},1848676,1,1848677,1,0,True,1
SRR16307219,node_234591,SRR16381073,2021-09-12,2021-11-16,2021-09-20,{'AY.39': 1},586258,2,-1,2147483648,5,False,1
ERR7231659,ERR6445757,ERR7401468,2021-10-12,2021-07-14,2021-11-08,{'AY.126': 1},713802,1,713803,1,0,False,1
ERR6630526,ERR6493456,ERR6633844,2021-08-27,2021-08-01,2021-08-20,{'AY.36': 1},513359,1,513360,1,0,False,1
node_581561,ERR12752656,node_581560,2022-12-02,2022-05-08,2022-12-02,{'BN.1.3': 1},1716668,1,-1,2147483648,5,False,1
SRR15491121,ERR13149512,SRR15391298,2021-07-31,2021-04-21,2021-07-17,{'P.1': 1},421769,1,-1,2147483648,1,False,1
SRR17445040,node_360143,ERR11852532,2021-07-15,2021-07-15,2021-08-23,{'AY.67': 1},371401,1,371402,1,0,False,1
node_539763,ERR12894556,SRR18213404,2022-02-16,2022-01-07,2022-02-11,{'BA.1': 1},1268720,1,-1,2147483648,3,False,1
SRR16221863,SRR20228294,SRR15891527,2021-09-07,2021-10-28,2021-08-06,{'AY.122': 1},562389,1,-1,2147483648,4,False,1
SRR16008906,ERR5439341,SRR16008981,2021-06-07,2020-12-28,2021-07-06,{'B.1.351': 1},314899,2,-1,2147483648,7,False,1
node_190421,ERR6136456,SRR15224907,2021-07-22,2021-06-17,2021-07-12,{'AY.116.1': 1},390277,1,-1,2147483648,5,False,1
SRR21039395,ERR10000105,ERR10022181,2022-07-22,2022-07-05,2022-07-22,{'BA.5.2.1': 1},1586488,1,1428716,5,6,False,1
ERR6901743,node_142323,ERR7109163,2021-09-18,2021-09-17,2021-10-08,{'AY.4': 1},613111,1,-1,2147483648,4,False,1
node_194938,SRR17521918,SRR17275469,2021-12-13,2021-12-15,2021-12-02,{'AY.127': 4},1018811,4,-1,2147483648,3,False,4
node_189479,SRR16557045,ERR6491956,2021-09-16,2021-09-29,2021-07-21,{'AY.100': 2},604978,2,-1,2147483648,4,False,2
SRR16706057,SRR16386748,SRR16883669,2021-10-01,2021-09-20,2021-10-14,{'AY.3': 1},668899,1,-1,2147483648,5,False,1
ERR9404235,ERR11823377,ERR8162484,2022-03-16,2022-05-23,2022-01-20,{'BA.2': 1},1362086,1,-1,2147483648,3,False,1
SRR17178357,SRR16807343,SRR20952347,2021-11-27,2021-10-26,2021-11-18,{'AY.25': 1},939625,1,-1,2147483648,3,False,1
ERR7307567,node_188363,ERR6906813,2021-10-18,2021-10-11,2021-09-24,{'AY.4': 1},737350,1,737351,1,0,False,1
ERR11853959,ERR10000160,ERR12750831,2022-06-12,2022-07-06,2022-05-04,{'BA.5': 1},1521440,1,1521441,1,0,False,1
SRR19223070,SRR17647461,node_174216,2021-12-15,2021-11-24,2021-08-29,{'AY.3': 1},1028592,1,1028593,1,0,False,1
SRR15391405,node_310607,ERR6840673,2021-07-16,2021-07-11,2021-09-03,{'AY.3': 1},374004,1,374005,1,0,False,1
SRR16722314,SRR16722414,SRR16619172,2021-04-07,2021-03-31,2021-04-06,{'B.1.1.7': 1},245307,1,-1,2147483648,3,False,1
ERR7310305,ERR7284317,ERR13153313,2021-11-02,2021-10-27,2021-07-30,{'AY.4': 1},805598,1,805599,1,0,False,1
ERR8222293,ERR10286798,ERR12887809,2021-12-23,2022-09-13,2022-01-14,{'BA.1.17.2': 1},1053782,13,-1,2147483648,8,False,1
ERR7046557,ERR6679923,ERR6492171,2021-09-15,2021-08-31,2021-07-13,{'AY.120': 1},599768,1,-1,2147483648,7,False,1
node_189356,SRR15391634,SRR16807854,2021-12-04,2021-07-22,2021-10-27,{'AY.100': 2},978056,2,978056,0,3,False,2
SRR26722440,SRR25714294,ERR11184421,2023-08-25,2023-08-09,2023-03-16,{'HG.2': 1},1834847,1,1673437,12,7,False,1
node_186589,node_189592,ERR6517580,2021-09-18,2021-10-08,2021-08-05,{'AY.100': 2},613951,2,-1,2147483648,3,False,2
node_231227,SRR16345471,ERR12840515,2021-09-27,2021-09-13,2021-10-28,{'AY.39.1': 7},652385,7,-1,2147483648,3,False,7
ERR13122912,ERR11853916,ERR10213784,2022-05-03,2022-05-24,2022-09-01,{'BA.2.9': 1},1469581,1,-1,2147483648,7,False,1
node_648907,SRR21695629,ERR10045311,2022-10-13,2022-09-10,2022-07-29,{'BA.5.1.3': 3},1686003,3,1428716,7,5,False,3
ERR6885554,node_217521,ERR6423050,2021-09-23,2021-09-23,2021-07-08,{'AY.43': 1},633562,1,-1,2147483648,10,False,1
SRR21889867,node_637218,ERR12307116,2022-09-30,2022-09-30,2022-04-07,{'BA.5.1.10': 1},1673878,1,1428716,7,4,False,1
node_126933,ERR11753611,ERR5947007,2021-10-18,2021-10-17,2021-05-10,{'AY.4': 91},735854,91,-1,2147483648,3,False,91
ERR6828669,ERR6743887,ERR6491994,2021-09-13,2021-08-23,2021-06-23,{'AY.124': 1},589097,1,332322,2,3,False,1
SRR20117083,SRR20116837,SRR15391358,2021-12-15,2021-12-13,2021-07-16,{'AY.119': 1},1028975,1,1028976,1,0,False,1
node_656279,SRR23130296,ERR13018517,2022-12-16,2023-01-03,2022-11-11,{'CQ.2': 3},1725460,3,1428716,11,3,False,3
node_449665,ERR7899120,SRR18802168,2022-02-03,2021-12-27,2022-02-07,{'BA.1': 2},1201666,2,-1,2147483648,5,False,2
ERR12737350,SRR28043948,ERR12711917,2024-02-26,2024-02-04,2024-02-05,{'JN.1.4': 1},1887960,1,1854739,11,6,False,1
SRR17690085,SRR17185181,ERR6484148,2021-11-10,2021-11-29,2021-08-06,{'AY.4': 1},852962,1,-1,2147483648,12,False,1
node_216072,ERR6170488,ERR6899753,2021-07-02,2021-06-22,2021-09-18,{'AY.6': 21},346535,22,-1,2147483648,3,False,21
SRR20389899,SRR18783968,ERR8988916,2022-03-04,2022-02-20,2022-02-14,{'BA.1.1': 1},1320952,1,-1,2147483648,7,False,1
node_188960,SRR15948690,ERR7239527,2021-08-31,2021-08-18,2021-10-16,{'AY.39': 1},2377042,1,-1,2147483648,6,False,1
node_555125,node_547004,SRR19793866,2022-06-12,2022-06-01,2022-06-07,{'BA.2.12.1': 4},1520560,4,-1,2147483648,5,False,4
node_648377,SRR21451371,ERR12972380,2022-09-02,2022-08-21,2022-08-13,{'BA.5.1': 2},1642127,2,1428716,6,7,False,2
ERR13083874,ERR13093315,ERR13083675,2022-04-22,2022-03-28,2022-04-22,{'BA.2.3': 1},1453118,1,1453119,1,0,False,1
node_187750,SRR20226773,ERR12824840,2021-10-01,2021-10-30,2021-08-25,{'AY.113': 4},668826,4,-1,2147483648,3,False,4
node_237990,node_188839,ERR7202915,2021-08-25,2021-10-31,2021-10-10,{'AY.118': 5},506051,6,-1,2147483648,4,False,5
node_44296,ERR4848850,ERR4699571,2020-11-12,2020-10-23,2020-10-06,{'B.1.177.19': 4},63572,4,-1,2147483648,4,False,4
node_756756,ERR11747316,ERR9482362,2022-04-14,2022-03-29,2022-03-22,{'BA.2.56': 2},1436065,2,1436065,0,0,False,2
SRR25693915,SRR25678832,ERR11008003,2023-06-11,2023-05-17,2023-02-28,{'FU.1': 1},1823574,1,1673437,14,6,False,1
node_627478,ERR10731720,ERR13018790,2022-12-07,2022-12-12,2022-11-14,{'XBV': 3},1719441,3,1719442,1,0,True,3
node_451986,ERR11743068,SRR18026165,2022-01-30,2021-12-23,2022-01-28,{'BA.1.15': 1},1183204,1,-1,2147483648,5,False,1
ERR8274584,ERR8149478,ERR11821509,2022-01-21,2022-01-19,2022-02-14,{'BA.1.1': 1},1141663,1,-1,2147483648,3,False,1
SRR16307194,SRR16466916,SRR15541851,2021-09-13,2021-09-10,2021-08-05,{'AY.39': 1},591415,1,-1,2147483648,6,False,1
node_669771,SRR22382136,ERR11508004,2022-11-16,2022-10-22,2022-06-14,{'BQ.1.3.2': 1},1708869,1,1428716,13,6,False,1
SRR19448389,SRR20922502,ERR8216921,2022-02-07,2022-02-16,2021-12-17,{'BA.1.1': 1},1225063,2,-1,2147483648,3,False,1
node_437031,ERR11794918,ERR11803621,2021-12-14,2021-12-14,2022-02-04,"{'BA.1.15': 2, 'BA.1.15.1': 1}",1020671,5,-1,2147483648,3,False,3
ERR8235593,ERR7762984,ERR7149674,2021-12-09,2021-12-07,2021-10-05,{'AY.4': 1},1004529,1,-1,2147483648,3,False,1
SRR14898051,SRR14356224,SRR14857811,2021-05-18,2021-04-16,2021-05-16,{'B.1.429': 1},295033,1,-1,2147483648,15,False,1
SRR22975601,SRR15545487,SRR16380874,2021-08-16,2021-07-28,2021-09-18,{'AY.44': 1},475803,1,-1,2147483648,4,False,1
node_446895,SRR19481161,node_19626,2022-02-22,2022-01-31,2021-04-21,{'BA.1.15': 1},1292274,1,-1,2147483648,3,False,1
node_190213,ERR6393255,node_187923,2021-12-13,2021-07-21,2021-12-21,{'AY.113': 3},1034272,3,-1,2147483648,5,False,3
SRR21007958,ERR11757307,ERR9327656,2022-06-14,2022-04-17,2022-03-09,{'BA.2.9': 1},1524092,1,-1,2147483648,3,False,1
SRR15965025,SRR15385503,ERR11764030,2021-07-23,2021-07-26,2021-12-03,{'AY.77': 1},393823,1,-1,2147483648,6,False,1
SRR14219278,SRR14388159,ERR5174575,2021-03-09,2021-02-21,2020-12-21,{'B.1.1.7': 1},189943,1,-1,2147483648,3,False,1
node_204874,node_204585,ERR12820555,2021-07-30,2021-07-20,2021-08-15,{'AY.126': 1888},419537,2165,-1,2147483648,1,False,1888
node_234812,SRR15964952,SRR16706488,2021-10-23,2021-08-03,2021-10-04,{'AY.39': 2},781334,2,-1,2147483648,8,False,2
ERR9842721,ERR10001526,ERR8420822,2022-06-05,2022-07-05,2022-01-26,{'BA.4': 1},1509563,1,-1,2147483648,5,False,1
SRR25780236,SRR26091805,SRR25709402,2023-08-08,2023-08-29,2023-08-03,{'GJ.1.2': 1},1830245,1,1673437,10,7,False,1
node_599789,node_599788,SRR23358660,2023-04-13,2023-04-13,2023-01-21,{'XBB.1.5': 3},1811591,3,1673437,7,7,True,3
SRR20946507,node_285804,SRR15775617,2021-11-23,2021-11-21,2021-08-17,{'AY.25.1': 1},922215,1,-1,2147483648,3,False,1
SRR16660594,SRR14374998,SRR13958102,2021-04-30,2021-04-04,2021-03-03,{'B.1.429': 1},276281,1,-1,2147483648,4,False,1
ERR8005734,ERR7675357,ERR8088416,2022-01-05,2021-12-03,2022-01-14,{'BA.1': 1},1085329,1,-1,2147483648,3,False,1
node_679101,ERR10120157,SRR21032548,2022-09-25,2022-08-15,2022-07-25,{'BA.5': 2},1677925,2,1428716,2,6,False,2
SRR24764257,SRR25097846,SRR24206527,2023-05-17,2023-05-24,2023-04-08,{'XBB.1.5.80': 1},1820870,1,1673437,8,3,True,1
node_189692,ERR6438122,SRR16214052,2021-08-09,2021-07-16,2021-08-30,{'AY.42': 6},455493,78,373410,3,3,False,6
SRR16318073,SRR15800832,SRR16697219,2021-08-10,2021-08-18,2021-10-05,{'AY.44': 1},459700,1,-1,2147483648,4,False,1
ERR7229850,ERR7178122,ERR6434734,2021-10-16,2021-10-18,2021-07-30,{'AY.4': 1},729777,8,-1,2147483648,4,False,1
ERR7715835,ERR7369199,ERR7352054,2021-11-12,2021-10-30,2021-11-04,{'AY.98': 1},863886,1,863887,1,0,False,1
node_253261,SRR17155372,ERR9899245,2021-11-10,2021-11-12,2021-08-11,{'AY.103': 2},854873,2,-1,2147483648,3,False,2
node_389160,node_425881,SRR14157901,2021-01-14,2021-02-19,2021-03-01,{'B.1.1.7': 5},109832,5,-1,2147483648,4,False,5
ERR10380270,node_683403,SRR21610541,2022-09-28,2022-09-10,2022-09-02,{'BA.5.2.1': 1},1671953,1,1428716,5,7,False,1
SRR22558284,SRR20390672,ERR11794933,2022-03-01,2022-03-07,2021-12-16,{'BA.2.9': 1},1312972,1,-1,2147483648,1,False,1
node_139990,ERR7318429,ERR7635275,2021-09-15,2021-10-26,2021-11-28,{'AY.4': 183},601251,183,-1,2147483648,3,False,183
ERR6639470,ERR6100241,ERR12840515,2021-08-07,2021-06-07,2021-10-28,{'AY.4': 1},449091,1,-1,2147483648,4,False,1
SRR16595601,SRR16750943,SRR16260144,2021-09-30,2021-10-02,2021-09-17,{'AY.44': 1},665655,1,-1,2147483648,3,False,1
node_236264,SRR20145098,ERR13143853,2021-11-28,2021-12-03,2021-10-07,{'AY.39': 2},946236,2,-1,2147483648,4,False,2
node_129818,node_126726,SRR20116014,2021-10-15,2021-08-28,2021-12-01,{'AY.4': 13},726663,16,-1,2147483648,3,False,13
SRR19342425,node_470137,ERR11852261,2022-02-06,2022-02-06,2022-04-25,{'BA.1.1': 1},1219562,4,-1,2147483648,5,False,1
node_188522,SRR16637012,ERR13153313,2021-10-06,2021-10-05,2021-07-30,{'AY.4': 14},675591,91,-1,2147483648,1,False,14
ERR7007042,ERR6762270,ERR6864931,2021-09-27,2021-09-03,2021-09-13,{'AY.7': 1},650500,1,-1,2147483648,5,False,1
ERR11764426,ERR12837604,ERR11849799,2021-12-05,2021-10-27,2021-08-27,{'AY.122': 1},984026,1,-1,2147483648,4,False,1
SRR25910244,node_624134,ERR11079349,2023-08-18,2023-08-17,2023-02-26,{'FL.4': 1},1832364,1,1673437,12,4,False,1
node_417756,node_417755,node_418958,2021-02-17,2021-02-06,2020-12-21,{'B.1.1.7': 3},159219,3,-1,2147483648,3,False,3
node_49126,ERR6148731,ERR6771419,2021-11-26,2021-06-21,2021-09-06,{'AY.4': 2},936984,2,936985,1,0,False,2
ERR6493456,ERR6838399,ERR6761581,2021-08-01,2021-09-08,2021-09-09,{'AY.36': 1},424025,1,-1,2147483648,4,False,1
ERR12794677,ERR11762567,ERR6224762,2021-08-06,2021-07-26,2021-07-01,{'AY.43': 1},447391,1,-1,2147483648,3,False,1
SRR28273281,node_633545,ERR13076974,2024-02-12,2024-02-12,2023-11-20,{'JN.1.7': 1},1886220,1,1854739,12,5,False,1
SRR19695004,SRR19695003,SRR18329258,2022-04-15,2022-04-15,2022-02-07,{'BA.2': 1},1438469,1,1438470,1,0,False,1
node_6056,node_5831,ERR11822016,2020-09-22,2020-09-10,2020-11-02,"{'B.1.221': 36, 'B.1': 3}",36153,39,36153,0,0,False,39
SRR19941055,ERR9827429,SRR19719835,2022-06-01,2022-05-30,2022-05-23,{'BA.2.12.1': 1},1506414,1,-1,2147483648,3,False,1
node_370230,node_370229,ERR5238288,2020-10-21,2020-10-21,2021-01-17,{'unclassified': -1},-1,0,-1,2147483648,-1,False,293063
ERR7158899,ERR7097319,ERR7154343,2021-10-12,2021-10-04,2021-10-05,{'AY.4': 1},715453,1,-1,2147483648,3,False,1
node_189907,SRR15363194,SRR15391719,2021-08-25,2021-07-19,2021-07-21,{'AY.119': 4},611393,4,-1,2147483648,3,False,4
node_466323,SRR17418968,ERR8962590,2022-01-20,2021-12-17,2022-02-15,{'BA.1.1': 1},1137350,1,-1,2147483648,5,False,1
ERR7239993,ERR6800173,SRR15629155,2021-10-16,2021-09-12,2021-08-06,{'B.1.617.2': 1},729835,1,729836,1,0,False,1
node_701774,ERR10482107,ERR10426737,2022-12-20,2022-11-04,2022-10-12,{'XBR': 3},1745437,3,1729101,1,0,True,3
node_179638,SRR15946118,SRR20263442,2021-11-01,2021-09-03,2021-11-24,{'AY.100': 24},167127,1241012,-1,2147483648,1,False,24
SRR12338410,ERR8288938,SRR26241865,2020-07-14,2022-01-23,2020-06-05,{'B.1.381': 1},24299,1,-1,2147483648,7,False,1
ERR6603884,ERR6463781,ERR6644020,2021-08-24,2021-07-31,2021-08-15,{'AY.4': 1},503014,1,-1,2147483648,5,False,1
node_434559,ERR11760413,ERR5440369,2021-04-17,2021-06-07,2021-02-27,{'B.1.1.7': 3},260180,3,-1,2147483648,4,False,3
SRR21370028,ERR10000006,node_721416,2022-08-14,2022-07-02,2022-10-07,{'BA.5.2': 1},1619700,1,1619701,1,0,False,1
node_46557,ERR13159871,SRR15271093,2021-07-31,2021-07-20,2021-07-16,{'AY.103': 2},422660,2,422661,1,0,False,2
SRR19815303,SRR17346303,SRR20259483,2021-11-18,2021-12-05,2021-10-20,{'AY.119.2': 1},895966,4,-1,2147483648,3,False,1
node_608756,SRR24002516,ERR12780582,2023-03-30,2023-03-09,2022-05-28,{'XBB.1.5': 4},1815699,4,1673437,8,3,True,4
node_232877,ERR6661253,ERR6816898,2021-08-05,2021-08-29,2021-09-15,{'AY.39': 3},443245,3,-1,2147483648,4,False,3
node_189553,SRR17128114,SRR15891385,2021-09-19,2021-11-17,2021-08-07,{'AY.100': 6},167127,1241012,-1,2147483648,1,False,6
ERR9380129,ERR9560418,ERR9367984,2022-03-15,2022-03-07,2022-03-12,{'BA.2': 1},1358448,1,1358449,1,0,False,1
ERR9014462,ERR9089780,ERR9086861,2022-02-20,2022-02-18,2022-02-16,{'BA.1.1': 1},1282441,1,-1,2147483648,3,False,1
SRR16829825,SRR16345471,SRR15199972,2021-10-07,2021-09-13,2021-06-25,{'AY.39.1': 1},693754,1,-1,2147483648,5,False,1
node_416774,node_399551,ERR5053567,2021-01-29,2021-03-30,2020-12-15,{'B.1.1.7': 2},141551,2,-1,2147483648,5,False,2
SRR24540250,SRR23728611,SRR24183868,2023-04-27,2023-02-18,2023-04-02,{'XBB.1.5.21': 1},1816110,1,1673437,8,5,True,1
node_446720,ERR8643872,ERR11847675,2022-01-02,2022-02-08,2021-12-30,{'BA.1.15': 1},1077499,1,-1,2147483648,1,False,1
node_189155,node_189135,node_236448,2021-10-12,2021-11-15,2021-11-14,{'AY.39': 3},715157,3,-1,2147483648,5,False,3
ERR7286326,ERR6817712,ERR7605767,2021-10-26,2021-09-15,2021-11-26,{'AY.4': 1},775602,1,-1,2147483648,4,False,1
node_463866,ERR8965208,node_474591,2022-01-24,2022-02-16,2022-01-17,{'BA.1.1': 2},1156826,2,-1,2147483648,5,False,2
node_201295,SRR15227295,node_202171,2021-08-30,2021-07-07,2021-11-07,{'AY.119': 6},526897,6,-1,2147483648,5,False,6
SRR20186719,SRR20940284,SRR15391719,2021-12-06,2021-12-07,2021-07-21,{'AY.119.2': 1},988709,2,-1,2147483648,5,False,1
node_186585,SRR16380911,SRR16710044,2021-08-12,2021-09-17,2021-09-14,{'AY.100': 3},465451,3,-1,2147483648,3,False,3
ERR6724966,ERR11754405,ERR12795818,2021-09-01,2021-10-19,2021-07-16,{'AY.4': 1},535695,1,-1,2147483648,3,False,1
SRR23109798,node_642184,ERR10003894,2022-12-28,2022-11-10,2022-07-08,{'BA.5.1.27': 1},1733231,1,1428716,11,4,False,1
ERR6571333,node_153535,ERR7152210,2021-08-18,2021-08-18,2021-10-10,{'AY.4': 1},479881,3,-1,2147483648,0,False,1
SRR20390340,ERR7894706,SRR21097172,2022-03-02,2021-12-24,2022-02-01,{'BA.1.1': 1},1315871,1,-1,2147483648,6,False,1
node_741793,ERR11521463,ERR12035101,2022-06-03,2022-06-09,2022-04-29,{'BA.2': 8},1508498,8,1508499,1,0,False,8
node_678405,SRR20637762,ERR10118699,2022-07-25,2022-07-03,2022-07-29,{'BA.5.6': 2},1590895,2,1590895,0,2,False,2
ERR11728410,ERR11254845,ERR10910673,2023-03-09,2023-02-22,2023-02-04,{'XBB.1.5.99': 1},1790816,1,1673437,9,0,True,1
ERR7232376,ERR6762270,ERR7140514,2021-10-19,2021-09-03,2021-10-12,{'AY.4': 1},742724,1,-1,2147483648,3,False,1
node_712793,ERR10000017,ERR10001302,2022-07-15,2022-07-04,2022-07-06,{'BA.5.2.9': 3},1573273,3,1428716,4,4,False,3
node_367633,ERR4583952,node_778438,2020-09-24,2020-05-13,2020-09-16,{'B.1.1.311': 7},108,1940,-1,2147483648,1,False,7
node_517328,ERR8164057,ERR8151638,2022-01-20,2022-01-20,2022-01-18,{'BA.1.1': 3},1135425,3,-1,2147483648,1,False,3
ERR12972526,SRR19708490,SRR20884469,2022-08-14,2022-05-17,2022-07-13,{'BA.5.2.1': 1},1619304,1,1428716,5,4,False,1
ERR10024477,node_684441,ERR10045818,2022-07-27,2022-06-04,2022-07-30,{'BA.5.2.1': 1},1594605,1,1428716,7,6,False,1
node_289977,SRR16843423,SRR15947738,2021-08-30,2021-10-28,2021-08-31,{'AY.25': 3},528103,3,-1,2147483648,6,False,3
ERR7302919,ERR6548822,ERR6440908,2021-10-27,2021-08-12,2021-07-26,{'AY.4': 1},778261,1,778262,1,0,False,1
SRR16237438,SRR20259348,ERR6622520,2021-09-12,2021-10-22,2021-08-14,{'AY.39': 1},585286,2,-1,2147483648,3,False,1
SRR27492354,SRR27322655,ERR9967463,2023-12-26,2023-12-10,2022-07-04,{'HK.20.1': 1},1875002,1,1673437,20,15,False,1
node_544082,ERR10039713,ERR5999645,2021-12-27,2022-01-03,2021-05-24,"{'BA.1': 2, 'BA.1.1': 1}",167126,795153,-1,2147483648,1,False,3
SRR26637391,ERR13048793,SRR26304625,2023-10-19,2023-09-25,2023-09-20,{'EG.5.1.3': 1},1852549,1,1673437,16,6,False,1
ERR9705205,ERR10711783,ERR12752920,2022-04-24,2022-03-14,2022-04-30,{'BA.2': 1},1455125,1,-1,2147483648,0,False,1
node_188794,SRR19301953,SRR15199928,2021-12-07,2021-12-14,2021-06-25,{'AY.118': 1},995094,1,-1,2147483648,8,False,1
node_188323,ERR6400681,ERR13182720,2021-08-29,2021-07-25,2021-08-22,{'AY.4': 2},522929,2,-1,2147483648,3,False,2
ERR8647650,ERR9000964,ERR7949814,2022-02-05,2022-02-16,2021-12-29,{'BA.1.1': 1},1214604,1,-1,2147483648,4,False,1
node_104141,ERR7171151,ERR6999202,2021-10-24,2021-10-16,2021-09-27,{'AY.4.2': 2},763893,2,729324,2,7,False,2
SRR20854670,SRR21345952,node_489771,2022-02-21,2022-02-17,2022-01-30,{'BA.1.1.18': 1},1288290,1,-1,2147483648,4,False,1
SRR20350853,SRR17700921,ERR8420822,2022-01-23,2022-01-08,2022-01-26,{'BA.1.1.18': 1},1151622,1,-1,2147483648,3,False,1
node_311774,node_298265,SRR16545744,2021-07-17,2021-10-16,2021-10-11,{'AY.3': 2},375793,2,-1,2147483648,6,False,2
node_739327,node_739324,SRR18780709,2022-02-22,2022-02-22,2022-03-07,{'BA.2': 8},1292884,8,1292884,0,0,False,8
node_190838,SRR16706799,SRR15201298,2021-09-30,2021-10-05,2021-07-09,{'AY.114': 11},665381,11,-1,2147483648,4,False,11
node_447217,ERR7957828,ERR8688262,2022-03-02,2022-01-01,2022-02-11,{'BA.1.15': 4},1334235,4,-1,2147483648,4,False,4
node_724450,ERR10005669,SRR21275739,2022-07-06,2022-07-18,2022-07-25,{'BA.4': 2},1556222,2,1556223,1,0,False,2
ERR10426893,ERR10382801,SRR20664020,2022-10-14,2022-10-03,2022-07-06,{'BQ.1.1.8': 1},1686808,1,1428716,13,4,False,1
ERR12969702,ERR11795241,ERR10123385,2022-08-02,2021-12-21,2022-08-14,{'BA.4': 1},1606049,1,1606050,1,0,False,1
SRR17362809,SRR17218980,ERR6342078,2021-11-30,2021-11-23,2021-07-05,{'AY.103': 1},958072,1,-1,2147483648,4,False,1
ERR7149674,ERR6934239,ERR7156315,2021-10-05,2021-09-29,2021-10-07,{'AY.4.8': 1},682435,1,-1,2147483648,4,False,1
SRR20249587,SRR16692513,ERR6827525,2021-11-09,2021-10-22,2021-08-31,{'AY.119': 1},847175,1,847176,1,0,False,1
node_189205,SRR16629666,SRR15199951,2021-10-17,2021-09-30,2021-06-25,{'AY.20': 12},167127,1241012,-1,2147483648,1,False,12
node_335446,ERR7136779,ERR12840515,2021-10-28,2021-10-12,2021-10-28,{'AY.122': 1},785183,1,-1,2147483648,4,False,1
node_367590,node_367589,SRR15515316,2020-05-29,2020-05-29,2020-06-10,{'B.1.1.220': 13},17672,13,-1,2147483648,4,False,13
node_594274,ERR11008276,ERR10560448,2023-03-13,2023-02-24,2022-11-23,{'XBB.1.5': 5},1793238,5,1793239,1,0,True,5
node_517214,ERR8303239,SRR24798565,2022-02-08,2022-01-22,2022-02-09,{'BA.1.1.18': 2},1231269,2,-1,2147483648,3,False,2
ERR7694911,ERR7524388,ERR7305190,2021-12-05,2021-11-19,2021-10-21,{'AY.4': 1},980027,1,-1,2147483648,5,False,1
SRR24604981,node_627436,SRR25815010,2022-12-25,2022-10-31,2023-08-10,{'XBB.1': 1},1731689,1,1673437,3,3,True,1
ERR9876170,SRR19620381,ERR9895458,2022-06-14,2022-05-30,2022-06-22,{'BA.2.12.1': 1},1523778,1,-1,2147483648,3,False,1
node_182375,SRR20247451,ERR11827861,2021-10-24,2021-11-07,2021-11-09,{'AY.100': 13},861666,13,-1,2147483648,8,False,13
SRR14627955,SRR14392151,SRR14792089,2021-05-08,2021-04-11,2021-05-07,{'P.1': 1},284625,1,284626,1,0,False,1
ERR9699431,ERR9382062,ERR11852240,2022-04-06,2022-03-13,2022-04-10,{'BA.2': 1},1422700,1,-1,2147483648,4,False,1
node_182561,SRR16252120,SRR20177792,2021-11-12,2021-09-12,2021-11-15,{'AY.100': 4},864815,4,-1,2147483648,4,False,4
node_673079,SRR22119023,ERR10187659,2022-10-10,2022-09-13,2022-08-24,{'BE.1.1': 2},1682683,2,1532312,1,6,False,2
ERR7158104,ERR7099518,ERR7147142,2021-10-06,2021-10-07,2021-10-08,{'AY.4': 1},686711,1,-1,2147483648,3,False,1
node_519745,ERR7792017,ERR11795518,2021-12-26,2021-12-10,2021-12-27,{'BA.1.17.2': 10},903389,58944,-1,2147483648,1,False,10
ERR7109126,ERR6735330,ERR6300316,2021-10-09,2021-09-06,2021-07-02,{'AY.4': 1},700508,1,-1,2147483648,4,False,1
SRR20261476,SRR16923495,SRR16161553,2021-11-12,2021-11-03,2021-09-01,{'AY.103': 1},865025,1,-1,2147483648,4,False,1
node_235084,ERR6760184,SRR16926119,2021-11-12,2021-08-23,2021-10-13,{'AY.39': 2},864799,2,-1,2147483648,3,False,2
node_134647,SRR19288268,ERR7396788,2021-12-11,2021-11-09,2021-11-07,{'AY.4': 2},1011732,2,-1,2147483648,3,False,2
node_128382,ERR7157299,node_328841,2021-12-02,2021-10-04,2021-07-22,{'AY.4': 2},979790,2,-1,2147483648,5,False,2
ERR6913712,ERR11753809,ERR6076282,2021-09-24,2021-10-17,2021-06-04,{'AY.4': 1},639218,1,-1,2147483648,3,False,1
node_555271,ERR10711783,ERR10001251,2022-06-08,2022-03-14,2022-07-05,{'BA.2.12.1': 1},1515659,1,-1,2147483648,3,False,1
ERR12755462,ERR12713435,ERR9969733,2022-05-20,2022-04-19,2022-05-20,{'BA.2': 1},1491216,1,-1,2147483648,3,False,1
SRR20254400,SRR16384577,SRR16829649,2021-10-16,2021-09-20,2021-10-09,{'AY.25.1': 1},730927,1,-1,2147483648,5,False,1
SRR19045749,SRR19266550,SRR16328596,2021-12-26,2021-11-20,2021-09-07,{'AY.3': 1},1058918,1,-1,2147483648,7,False,1
ERR13025932,node_662196,ERR10511275,2022-10-23,2022-10-23,2022-11-08,{'BQ.1.1': 1},1695192,1,1428716,12,4,False,1
node_641041,ERR10095244,ERR12979151,2022-06-21,2022-07-25,2022-07-18,{'BA.5.1.23': 3},1532680,3,1428716,6,3,False,3
ERR5215255,node_36430,ERR4848361,2021-01-19,2021-01-19,2020-10-31,{'B.1.177': 1},116269,1,-1,2147483648,4,False,1
SRR20392956,ERR7894465,SRR17708976,2022-02-27,2021-12-25,2021-12-31,{'BA.1.1': 1},1306795,1,-1,2147483648,4,False,1
node_370341,ERR5318770,ERR5470312,2021-02-22,2021-02-09,2021-03-04,{'B.1.1.7': 13},165607,13,-1,2147483648,3,False,13
node_346249,ERR7036425,ERR11754885,2021-10-24,2021-10-05,2021-10-19,{'AY.4': 2},763622,2,763622,0,0,False,2
node_189599,ERR6492835,node_186258,2021-10-21,2021-07-30,2021-10-15,{'AY.100': 9},752953,30,752953,0,0,False,9
node_409264,SRR15225848,SRR15160209,2021-05-08,2021-05-12,2021-05-14,{'B.1.1.7': 5},284733,5,-1,2147483648,3,False,5
node_237763,SRR16927733,ERR6492325,2021-10-19,2021-10-14,2021-08-07,{'AY.118': 11},723381,76,-1,2147483648,1,False,11
SRR18435350,SRR17118185,SRR16689832,2021-11-29,2021-11-12,2021-09-30,{'AY.103': 1},951016,1,-1,2147483648,9,False,1
node_189349,SRR20177845,SRR17310671,2021-12-01,2021-11-14,2021-12-03,{'AY.100': 4},963634,4,963634,0,0,False,4
SRR15922902,SRR15590841,SRR20762889,2021-08-31,2021-08-10,2021-10-25,{'AY.103': 1},532501,1,-1,2147483648,6,False,1
SRR24270147,ERR10779238,ERR10770652,2023-04-10,2023-01-03,2022-12-23,{'DV.1.1': 1},1809898,1,-1,2147483648,3,False,1
node_444158,ERR8113826,node_542819,2021-12-14,2022-01-14,2021-12-25,{'BA.1.15': 3},940275,712,-1,2147483648,1,False,3
ERR6837908,ERR6735289,SRR15807513,2021-09-11,2021-09-06,2021-08-06,{'AY.4': 1},581143,1,581144,1,0,False,1
ERR7779801,ERR7881452,ERR11742306,2021-12-10,2021-12-20,2021-09-11,{'AY.5': 1},1007438,1,-1,2147483648,3,False,1
SRR15518798,SRR15518797,ERR6134917,2021-07-30,2021-07-30,2021-06-16,{'AY.118': 1},417967,1,-1,2147483648,9,False,1
ERR9826066,ERR11894609,ERR12131839,2022-05-26,2022-05-13,2022-03-17,{'BA.2': 1},1498403,1,-1,2147483648,5,False,1
ERR6640746,ERR6320994,SRR22997822,2021-08-08,2021-07-01,2021-10-18,{'AY.4': 1},451175,1,-1,2147483648,6,False,1
SRR16829089,SRR19815311,SRR16788447,2021-10-08,2021-11-18,2021-10-08,{'AY.119': 1},698280,1,-1,2147483648,4,False,1
SRR20265243,SRR20234489,ERR6440908,2021-11-17,2021-11-02,2021-07-26,{'AY.100': 1},890927,1,-1,2147483648,8,False,1
ERR6860433,ERR6610381,ERR6580955,2021-09-09,2021-08-17,2021-08-19,{'AY.4': 1},571195,1,571196,1,0,False,1
node_580569,ERR9266919,node_580355,2023-02-28,2022-03-05,2023-01-22,{'XBF': 2},1783337,2,1705711,3,4,True,2
node_406396,SRR14448987,ERR11820931,2021-03-29,2021-03-03,2021-05-05,{'B.1.1.7': 12},227405,12,-1,2147483648,3,False,12
node_672687,ERR12753632,SRR21061595,2022-07-27,2022-06-12,2022-07-27,{'BE.1.1.2': 1},1595195,1,1428716,11,3,False,1
SRR17822742,ERR8641032,ERR11795874,2022-01-06,2022-02-08,2021-12-22,{'BA.1': 1},1088791,1,-1,2147483648,3,False,1
node_701804,ERR13174971,ERR10003171,2022-09-06,2022-08-31,2022-07-07,{'BA.2.75': 6},1551581,17309,-1,2147483648,1,False,6
node_691359,ERR12981420,SRR22238111,2022-06-05,2022-09-16,2022-10-19,"{'BA.5.2.1': 6, 'BF.8': 1, 'BA.5.2': 1, 'BA.5': 1}",1441168,108674,1428716,2,1,False,9
SRR19814523,SRR19683165,ERR8176933,2022-01-19,2022-02-08,2021-12-05,{'AY.47': 1},1132033,1,1132034,1,0,False,1
node_180099,SRR16040894,SRR16706972,2021-09-02,2021-08-25,2021-10-06,{'AY.100': 7},542030,7,-1,2147483648,3,False,7
node_232657,ERR6579244,SRR20251944,2021-08-31,2021-08-18,2021-11-10,{'AY.39': 14},533854,15,-1,2147483648,3,False,14
SRR19832797,ERR8988715,SRR20858929,2022-01-27,2022-02-13,2022-02-15,{'BA.1.1.18': 1},1171035,1,-1,2147483648,4,False,1
node_365349,SRR14389271,ERR4210193,2021-03-09,2021-03-09,2020-03-29,{'B.1.1.316': 2},191125,2,-1,2147483648,3,False,2
SRR20258232,SRR16379364,ERR7232760,2021-10-18,2021-09-26,2021-10-16,{'AY.39.1': 1},739310,1,739311,1,0,False,1
ERR7238349,ERR7193153,ERR7236133,2021-10-19,2021-10-21,2021-10-18,{'AY.4': 1},742766,1,-1,2147483648,7,False,1
node_189924,SRR16864852,SRR15391358,2021-11-24,2021-10-29,2021-07-16,{'AY.119': 1},927243,1,-1,2147483648,6,False,1
node_699906,node_700123,SRR19526136,2022-06-21,2022-05-27,2022-05-22,{'BA.5': 3},1533504,3,1533504,0,0,False,3
SRR19836576,SRR19834762,SRR20144927,2022-01-29,2022-01-29,2021-12-18,{'BA.1.1.18': 1},1179237,1,-1,2147483648,3,False,1
ERR7411862,SRR16685357,ERR11763000,2021-11-10,2021-08-06,2021-09-06,{'AY.9.2': 1},850168,1,-1,2147483648,3,False,1
SRR16734491,SRR14399166,SRR14378321,2021-05-07,2021-03-14,2021-04-23,{'B.1.1.7': 1},283939,1,-1,2147483648,5,False,1
SRR20942480,SRR16695951,ERR7779801,2021-12-07,2021-10-05,2021-12-10,{'AY.122': 1},995484,1,-1,2147483648,7,False,1
ERR6927691,ERR6553858,ERR6532888,2021-09-28,2021-08-15,2021-08-12,{'AY.98': 1},653889,1,-1,2147483648,5,False,1
node_278643,ERR6564175,SRR16840571,2021-11-19,2021-08-16,2021-10-12,{'AY.25': 3},902034,3,-1,2147483648,5,False,3
ERR7795582,ERR7760190,node_100449,2021-12-12,2021-12-07,2021-12-20,{'AY.4.2.2': 1},1013761,1,-1,2147483648,3,False,1
SRR23711381,SRR23911938,ERR12973221,2023-02-17,2023-03-03,2022-07-12,{'BQ.1.13.1': 1},1772867,1,1428716,16,4,False,1
node_226589,SRR17022262,SRR18519003,2021-10-18,2021-10-20,2021-12-22,{'AY.120.1': 6},739415,10,739416,1,0,False,6
node_188534,ERR7239836,ERR6083664,2021-07-02,2021-10-13,2021-06-08,{'AY.4': 1},347111,1,-1,2147483648,3,False,1
ERR7605456,ERR6579055,ERR7488999,2021-11-26,2021-08-18,2021-11-14,{'AY.98': 1},933155,1,933156,1,0,False,1
SRR14158326,SRR13958228,ERR4599773,2021-03-01,2021-02-26,2020-08-02,{'B.1.1.519': 1},177117,1,-1,2147483648,3,False,1
node_344816,SRR20254670,ERR12860359,2021-09-17,2021-10-16,2021-10-06,{'AY.20': 4},706501,4,-1,2147483648,3,False,4
node_206512,ERR6697093,SRR20681148,2021-09-10,2021-09-03,2021-12-06,{'AY.5': 2},579153,2,-1,2147483648,3,False,2
node_189324,node_179434,SRR20953692,2021-10-06,2021-09-18,2021-11-09,{'AY.100': 78},678945,376,-1,2147483648,1,False,78
node_626066,ERR10780012,ERR13177071,2023-02-23,2023-01-05,2023-01-14,"{'XBB.1.9.2': 2, 'XBB.1.9.1': 2, 'EG.6': 1, 'FL.12': 2}",1699953,32340,1673437,4,2,True,7
SRR24008365,ERR12788882,SRR15386713,2021-09-19,2021-06-20,2021-07-24,{'B.1.617.2': 1},618694,1,618695,1,0,False,1
node_49085,ERR6524417,ERR6161105,2021-08-05,2021-08-07,2021-06-12,{'AY.4': 2},441011,2,-1,2147483648,4,False,2
SRR26415905,node_626005,node_613955,2023-10-04,2023-10-04,2023-06-17,{'FL.16': 1},1848392,1,1673437,13,4,False,1
node_235638,SRR16153236,ERR13161408,2021-07-05,2021-09-02,2021-10-05,{'AY.39': 71},167127,1241012,-1,2147483648,1,False,71
ERR9111693,ERR8073554,ERR8709684,2022-02-21,2022-01-10,2022-02-13,{'BA.1.1': 1},1287152,1,-1,2147483648,3,False,1
ERR6622251,ERR7367241,ERR6622963,2021-08-20,2021-11-05,2021-08-19,{'AY.4': 1},487199,1,487200,1,0,False,1
ERR10000223,SRR20806650,ERR10004148,2022-07-06,2022-05-16,2022-06-24,{'BA.5.2.1': 1},1554689,1,1428716,6,4,False,1
node_619712,node_619710,SRR22344284,2023-11-06,2023-08-10,2022-11-01,{'EG.5.1': 1},1857636,1,1673437,12,8,False,1
SRR20538663,SRR18785464,ERR8489564,2022-04-07,2022-03-11,2022-01-28,{'BA.1.1.10': 1},1424948,1,-1,2147483648,3,False,1
node_48269,SRR17255138,SRR16478704,2021-12-07,2021-10-29,2021-09-21,{'AY.112.2': 9},1006626,22,-1,2147483648,3,False,9
ERR13046543,ERR13044678,ERR13048866,2023-03-16,2023-03-04,2022-12-15,{'CH.1.1.22': 1},1795812,1,-1,2147483648,14,False,1
node_622169,SRR25955542,SRR26899367,2023-10-30,2023-08-27,2023-10-30,{'HV.1.2': 2},1855485,2,1855485,0,1,False,2
node_69061,ERR6522990,ERR6484620,2021-08-16,2021-08-09,2021-07-29,{'AY.4': 7},473968,7,-1,2147483648,3,False,7
node_683595,SRR21522742,ERR13128531,2022-10-19,2022-08-27,2022-07-05,{'BF.28': 2},1692052,2,1428716,9,3,False,2
node_189486,SRR15818867,SRR16834680,2021-10-14,2021-08-09,2021-10-11,{'AY.100': 3},723568,3,723568,0,0,False,3
ERR7174459,ERR7174064,ERR11742306,2021-10-18,2021-10-18,2021-09-11,{'AY.4': 1},735411,1,-1,2147483648,4,False,1
node_726550,ERR12131843,ERR12750695,2022-02-23,2022-03-17,2022-06-08,{'BA.2': 5},1361139,5,-1,2147483648,6,False,5
SRR28334857,SRR28166621,SRR28395827,2024-02-13,2024-01-17,2024-02-21,{'JN.1.8.1': 1},1886444,1,1854739,18,1,False,1
ERR7818479,ERR7609739,ERR6342078,2021-12-11,2021-11-27,2021-07-05,{'AY.4.2': 1},1011794,1,-1,2147483648,4,False,1
node_149421,ERR6456252,ERR6075512,2021-11-02,2021-07-29,2021-06-05,{'AY.4': 1},807037,1,-1,2147483648,4,False,1
node_724454,SRR20785503,ERR10000639,2022-06-10,2022-05-08,2022-07-04,{'BA.4': 2},1523282,2,1517547,1,0,False,2
node_580744,ERR11255248,ERR10667959,2023-02-21,2023-03-20,2022-12-05,{'BN.1.4.1': 6},1776614,6,-1,2147483648,4,False,6
ERR7351209,ERR7345314,ERR5946395,2021-11-03,2021-10-31,2021-05-10,{'AY.4': 1},816291,1,-1,2147483648,5,False,1
SRR25319775,node_599313,SRR24357785,2023-07-04,2023-02-13,2023-04-15,{'XBB.1.5.97': 1},1825784,1,1673437,7,4,True,1
ERR6493550,ERR11837796,ERR6491994,2021-07-28,2021-07-29,2021-06-23,{'AY.124': 1},408968,1,332322,2,4,False,1
ERR6621389,ERR6572257,ERR11822620,2021-08-13,2021-08-18,2021-08-19,{'AY.34.1': 1},467686,1,-1,2147483648,4,False,1
node_424536,node_424535,ERR5238430,2021-07-22,2021-07-22,2021-01-22,{'B.1.1.7': 1},390496,1,-1,2147483648,6,False,1
SRR15722005,SRR15271799,SRR15716692,2021-08-30,2021-07-14,2021-08-28,{'AY.3': 1},526637,1,-1,2147483648,7,False,1
node_342609,node_338410,ERR6344319,2021-10-19,2021-09-10,2021-07-05,{'AY.122': 2},743053,2,-1,2147483648,6,False,2
node_317976,SRR16697219,SRR16185371,2021-11-20,2021-10-05,2021-09-07,{'AY.44': 1},905819,1,-1,2147483648,7,False,1
node_232840,SRR15200687,SRR20251778,2021-10-03,2021-07-06,2021-11-10,{'AY.39': 5},675108,8,-1,2147483648,3,False,5
node_518249,ERR11743068,ERR11795792,2021-12-21,2021-12-23,2022-01-02,{'BA.1.15': 5},926284,38012,-1,2147483648,1,False,5
node_205217,ERR6884448,ERR7026520,2021-09-13,2021-09-16,2021-09-28,{'AY.126': 2},587471,2,-1,2147483648,3,False,2
ERR7794119,node_205359,ERR6381932,2021-12-11,2021-10-10,2021-07-17,{'AY.43': 1},1011214,1,-1,2147483648,6,False,1
node_544075,SRR21348829,SRR20117694,2022-01-27,2022-02-10,2021-12-11,{'XS': 19},1169967,19,1169967,0,0,True,19
node_3616,SRR22114469,ERR4583952,2020-07-14,2020-07-15,2020-05-13,{'B.1.243': 2},24333,2,-1,2147483648,4,False,2
node_259317,ERR6762270,SRR17099794,2021-11-26,2021-09-03,2021-10-21,{'AY.103': 3},941403,3,-1,2147483648,3,False,3
node_536011,SRR23026291,ERR11796029,2021-12-17,2021-12-26,2022-01-05,"{'BA.1': 2, 'BA.1.15': 1, 'BA.1.13': 1}",871713,36404,-1,2147483648,1,False,4
SRR26524542,ERR12385343,ERR13050582,2023-08-22,2023-10-18,2023-11-06,{'XBB.1.16': 1},1833587,1,1833588,1,0,True,1
node_334647,ERR6545826,SRR17269161,2021-07-30,2021-07-05,2021-10-29,{'AY.122': 2},417367,2,-1,2147483648,5,False,2
node_698198,ERR10000392,ERR10001980,2022-07-12,2022-07-06,2022-07-06,{'BA.5.2.1': 9},1566830,9,1428716,6,2,False,9
ERR8185713,ERR6075458,ERR7138349,2021-12-01,2021-06-04,2021-10-12,{'AY.4': 1},962493,1,-1,2147483648,4,False,1
node_684005,SRR20637927,ERR10024647,2022-07-07,2022-07-05,2022-07-25,{'BA.5.2.1': 1},1558294,1,1428716,8,4,False,1
node_684584,SRR21211810,SRR21000400,2022-09-08,2022-08-13,2022-07-25,{'BA.5.2.1': 5},1710283,5,1649496,1,0,False,5
ERR5484756,ERR5178054,ERR5177671,2020-12-22,2020-12-29,2020-12-30,{'B.1.1.7': 1},89863,1,-1,2147483648,3,False,1
SRR16254331,SRR15225232,SRR16546557,2021-09-13,2021-07-08,2021-09-23,{'AY.100': 1},591008,1,-1,2147483648,5,False,1
SRR16857484,SRR16262258,SRR16852668,2021-10-17,2021-09-18,2021-10-17,{'AY.3': 1},733820,1,-1,2147483648,6,False,1
ERR8621168,ERR7894465,ERR8476713,2022-02-04,2021-12-25,2022-01-24,{'BA.1.17': 1},2985473,1,-1,2147483648,0,False,1
node_188394,ERR11755986,SRR16380668,2021-11-26,2021-11-24,2021-09-19,{'AY.4': 2},935038,2,935039,1,0,False,2
node_233101,SRR15270870,SRR15390923,2021-07-30,2021-07-15,2021-07-20,{'AY.39': 2},383542,5,332444,3,4,False,2
SRR22587160,ERR10187517,ERR10382877,2022-10-10,2022-08-24,2022-10-03,{'BF.7': 1},1683518,1,1428716,9,1,False,1
ERR7377723,ERR6900617,ERR13153313,2021-10-30,2021-09-22,2021-07-30,{'AY.4': 1},790998,1,-1,2147483648,3,False,1
node_436920,ERR5197150,ERR5308315,2021-01-30,2021-01-13,2021-01-27,{'XA': 39},132996,39,132996,0,0,True,39
node_87408,ERR6936073,ERR11742306,2021-12-02,2021-09-29,2021-09-11,{'AY.4': 2},984235,2,-1,2147483648,3,False,2
node_371009,ERR11822180,ERR5649679,2020-12-06,2021-01-07,2021-03-20,{'B.1.1.7': 612},74146,614,-1,2147483648,4,False,612
SRR16351105,node_189424,SRR15982920,2021-09-17,2021-09-17,2021-08-28,{'AY.100': 1},609411,1,609412,1,0,False,1
ERR6868848,node_60931,ERR7106179,2021-09-21,2021-09-21,2021-10-03,{'AY.4': 1},624512,1,624513,1,0,False,1
node_673445,ERR10000160,ERR12979151,2022-07-22,2022-07-06,2022-07-18,{'BE.1.1': 2},1488446,50500,1428716,5,1,False,2
ERR8112312,ERR8077792,ERR7828044,2022-01-15,2022-01-12,2021-12-15,{'BA.1': 1},1112876,1,-1,2147483648,3,False,1
node_134452,ERR7287401,node_344804,2021-10-18,2021-10-29,2021-12-04,{'AY.4': 1},737333,1,-1,2147483648,0,False,1
ERR7585668,ERR11757053,ERR6922632,2021-11-09,2021-12-03,2021-09-27,{'AY.4': 1},845181,1,-1,2147483648,3,False,1
node_615322,ERR13057366,ERR10778206,2022-11-14,2023-03-17,2022-12-29,{'XBB.1.1': 1},1707797,1,1673437,5,7,True,1
ERR9031418,ERR8960635,ERR8530991,2021-03-23,2021-02-18,2021-03-23,{'B.1.1.7': 1},218089,1,-1,2147483648,3,False,1
node_338951,ERR7056179,SRR17059906,2021-07-07,2021-10-07,2021-11-04,{'AY.122': 28},356130,28,-1,2147483648,6,False,28
ERR5764829,ERR5181396,ERR5703101,2021-04-14,2021-01-04,2021-04-05,{'B.1.1.7': 1},256920,1,-1,2147483648,3,False,1
ERR6886657,ERR11837663,ERR7201271,2021-09-16,2021-07-26,2021-10-07,{'AY.4.5': 1},604020,1,-1,2147483648,5,False,1
node_632034,ERR13053735,SRR28812948,2024-05-10,2023-12-11,2024-04-17,{'KP.2.2': 2},1891672,5,1854739,15,2,False,2
SRR20251802,SRR19289710,SRR20259351,2021-11-11,2021-11-05,2021-10-22,{'AY.100': 1},859487,1,-1,2147483648,7,False,1
SRR16735409,SRR16697219,node_316344,2021-08-27,2021-10-05,2021-10-07,{'AY.44': 1},517008,1,-1,2147483648,3,False,1
ERR13323123,ERR10976928,ERR13029352,2023-03-17,2023-02-08,2022-12-18,{'XBB.2.3': 1},1796620,1,1796621,1,0,True,1
node_189705,SRR16504223,SRR20254412,2021-09-29,2021-09-19,2021-10-15,{'AY.120': 4},661536,4,-1,2147483648,6,False,4
node_188505,ERR11755306,ERR6162082,2021-10-20,2021-10-20,2021-06-13,{'AY.4': 1},747146,1,747147,1,0,False,1
node_587125,ERR11171375,ERR10983944,2023-04-21,2023-03-17,2023-02-22,"{'GJ.1.2': 629, 'GJ.1.2.2': 218, 'GJ.1.2.1': 13, 'KH.1': 13, 'GJ.1.2.8': 25, 'GJ.1.2.5': 24, 'JE.1.1.1': 25, 'JE.1': 13, 'GJ.1': 4, 'GJ.1.2.4': 8, 'JE.1.1': 2, 'GJ.1.2.7': 5, 'GJ.1.2.6': 1, 'XBB.2.3': 1}",1762644,4075,1673437,3,6,True,981
ERR4786984,ERR10205191,ERR4698890,2020-10-12,2021-02-08,2020-09-29,{'B.1.177.4': 1},43741,1,43742,1,0,False,1
SRR19292987,SRR16698959,SRR15387533,2021-11-10,2021-10-06,2021-07-23,{'AY.44': 1},853072,1,-1,2147483648,4,False,1
node_739374,ERR9622628,ERR8144872,2022-02-25,2022-04-11,2022-01-18,{'BA.2': 7},1301067,7,1301067,0,0,False,7
node_598007,SRR23586948,SRR26444037,2023-02-27,2023-02-04,2023-03-20,{'XBB.1.5.2': 12},1782258,13,1673437,9,3,True,12
ERR9380041,ERR8543698,ERR10002264,2022-03-15,2022-02-02,2022-07-02,{'BA.1': 1},1358368,1,1358369,1,0,False,1
node_292055,SRR15983465,SRR16022723,2021-09-11,2021-08-26,2021-09-09,{'AY.25': 3},581743,3,581743,0,0,False,3
node_371250,ERR5222460,SRR15157605,2021-04-28,2021-01-18,2021-05-06,{'B.1.1.7': 3},273551,3,-1,2147483648,3,False,3
node_270361,SRR15518463,ERR6840673,2021-08-03,2021-08-02,2021-09-03,{'AY.103': 2},432804,2,-1,2147483648,4,False,2
node_179906,ERR7552329,node_189349,2021-11-17,2021-11-23,2021-12-01,{'AY.100': 33},911974,37,-1,2147483648,3,False,33
node_188747,SRR16927461,SRR15807338,2021-10-15,2021-10-14,2021-08-06,{'AY.107': 7},727623,10,-1,2147483648,7,False,7
ERR7312074,node_96046,ERR6440908,2021-10-20,2021-10-30,2021-07-26,{'AY.4': 1},747742,1,747743,1,1,False,1
SRR15982371,SRR15777419,SRR15915518,2021-09-03,2021-08-21,2021-08-19,{'B.1.617.2': 1},547380,1,547381,1,0,False,1
node_638640,SRR20492206,ERR10165765,2022-07-21,2022-07-02,2022-08-22,{'BA.5.1.30': 11},1584329,11,1584329,0,0,False,11
node_713860,ERR10119773,ERR13024080,2022-09-05,2022-08-16,2022-10-14,{'BA.5.2': 1},1645786,1,1428716,5,6,False,1
node_46559,SRR19262486,SRR17647498,2021-12-02,2021-11-24,2021-12-16,{'B.1.617.2': 9},968340,9,968340,0,0,False,9
ERR8963886,SRR19620322,ERR8286705,2022-02-18,2022-05-27,2022-01-23,{'BA.2': 1},1274256,1,-1,2147483648,5,False,1
SRR18784255,ERR11826612,SRR18780742,2022-03-03,2022-04-04,2022-03-07,{'BA.1.1': 1},1319403,1,1319404,1,0,False,1
SRR24600441,ERR10779875,SRR22130721,2023-03-07,2022-12-28,2022-10-08,{'BQ.1.15': 1},1789263,1,1428716,12,6,False,1
SRR15856342,SRR16225662,ERR13158291,2021-08-30,2021-09-08,2021-05-20,{'AY.43': 1},528499,1,528500,1,0,False,1
ERR7154038,ERR6657372,ERR7237438,2021-10-07,2021-08-27,2021-10-16,{'AY.4': 1},691784,1,691785,1,0,False,1
node_601093,SRR27235928,SRR23953607,2023-08-29,2023-11-28,2023-03-09,{'XCL': 22},1838129,22,1836320,1,0,True,22
node_232544,SRR15587660,ERR6571390,2021-08-08,2021-08-05,2021-08-05,{'AY.39': 2},452439,2,-1,2147483648,4,False,2
node_60390,ERR6480307,ERR7370511,2021-10-20,2021-08-04,2021-11-05,{'AY.4': 7},746207,9,-1,2147483648,3,False,7
node_36939,ERR4904871,ERR4668607,2021-02-06,2020-11-11,2020-09-22,{'B.1.177': 2},140807,2,140807,0,3,False,2
node_188501,ERR11753755,ERR6619482,2021-10-16,2021-10-17,2021-08-16,{'AY.4.2': 1},729842,1,-1,2147483648,4,False,1
node_140015,ERR6573905,ERR7317537,2021-08-20,2021-08-04,2021-10-25,{'AY.4': 4},487185,4,-1,2147483648,7,False,4
SRR18797556,ERR7894465,SRR17488583,2022-01-27,2021-12-25,2021-12-21,{'BA.1.1.8': 1},1169408,1,-1,2147483648,4,False,1
ERR8675369,ERR9092032,ERR7818201,2022-02-10,2022-02-19,2021-12-11,{'BA.1': 1},1239261,1,-1,2147483648,4,False,1
ERR8419224,ERR8549893,ERR7992080,2022-01-25,2022-02-02,2022-01-03,{'BA.1.1': 1},1160941,1,-1,2147483648,3,False,1
ERR7147095,ERR7023061,ERR7686527,2021-10-05,2021-10-01,2021-11-21,{'B.1.617.2': 1},682392,1,-1,2147483648,7,False,1
SRR21948265,SRR21451606,ERR8759694,2022-09-30,2022-08-22,2022-02-15,{'BA.5.1': 1},1674057,1,1428716,8,6,False,1
ERR7310933,ERR7290159,ERR6571500,2021-10-16,2021-10-28,2021-08-08,{'AY.4.2': 1},730084,2,730085,1,0,False,1
node_777444,ERR10004457,ERR13309487,2022-02-12,2022-04-22,2022-01-20,"{'BA.2': 9, 'BA.2.9': 8, 'BA.2.3': 1}",965896,552721,-1,2147483648,1,False,18
ERR8245085,ERR8212724,ERR6997670,2021-12-12,2021-12-12,2021-09-27,{'AY.4': 1},1015187,1,-1,2147483648,6,False,1
ERR6514726,ERR12824179,ERR6354743,2021-08-06,2021-09-15,2021-07-15,{'AY.4': 1},444469,1,-1,2147483648,3,False,1
node_685595,ERR10214556,SRR21538499,2022-08-22,2022-09-05,2022-08-29,{'BA.5.2.1': 2},1629300,2,1629300,0,3,False,2
node_188503,ERR6571500,ERR6921865,2021-10-26,2021-08-08,2021-09-27,{'AY.4.2': 1},773559,1,-1,2147483648,3,False,1
ERR9267774,ERR12066430,SRR19722321,2022-03-03,2022-03-16,2022-05-23,{'BA.2': 1},1318980,1,-1,2147483648,4,False,1
node_643371,ERR10730158,node_643368,2022-09-19,2022-12-14,2022-09-11,{'BA.5.1': 3},1670836,3,1428716,7,3,False,3
ERR5189564,ERR5055231,ERR4688484,2021-01-13,2020-12-15,2020-09-25,{'B.1.177.10': 1},108243,1,-1,2147483648,4,False,1
node_226599,SRR15587761,SRR15272300,2021-09-10,2021-08-07,2021-07-12,{'AY.120.1': 1},579002,2,579003,1,0,False,1
SRR16660834,SRR14375182,node_37750,2021-05-04,2021-04-01,2020-12-11,{'B.1.526': 1},280588,1,-1,2147483648,4,False,1
node_226712,SRR15819476,SRR20766469,2021-08-09,2021-08-09,2021-10-25,{'AY.120.1': 4},3408958,4,-1,2147483648,3,False,4
ERR6761008,ERR6419311,ERR6112499,2021-08-24,2021-07-26,2021-06-08,{'AY.4': 1},500841,1,500842,1,0,False,1
node_209407,ERR6173801,ERR6058872,2021-06-30,2021-06-24,2021-05-30,"{'AY.5': 406, 'AY.5.4': 4}",343834,410,343835,1,0,False,410
ERR8756530,ERR9462015,ERR13164713,2022-02-12,2022-03-23,2021-12-22,{'BA.2': 1},1251238,1,1251239,1,0,False,1
ERR7536396,node_54396,ERR7477413,2021-11-19,2021-11-19,2021-11-11,{'AY.4': 1},901703,1,-1,2147483648,6,False,1
node_675552,ERR11804853,node_675551,2022-09-21,2022-06-14,2022-09-21,{'BA.5.3.1': 1},1665847,1,1428716,8,7,False,1
ERR9104780,ERR8118596,ERR12924111,2022-02-23,2022-01-15,2022-02-17,{'BA.1.17.2': 1},1295392,1,-1,2147483648,6,False,1
node_562471,ERR9001943,ERR11782726,2022-03-13,2022-02-18,2022-03-29,{'BA.2.10': 2},1352053,2,-1,2147483648,3,False,2
node_442293,SRR19260745,SRR17888974,2021-11-25,2021-12-10,2021-12-30,"{'BA.1.15': 12, 'BA.1': 11, 'BA.1.1': 42, 'BA.1.17.2': 4, 'BA.1.17': 1, 'BA.1.1.14': 1, 'BA.1.1.18': 2, 'BA.1.18': 2, 'B.1.1.529': 1, 'BA.1.20': 1, 'BA.1.15.1': 3}",871714,424062,-1,2147483648,0,False,80
node_426733,ERR5041885,ERR5854545,2021-05-08,2020-12-19,2021-04-18,{'B.1.1.7': 3},284464,3,-1,2147483648,4,False,3
ERR7375837,ERR12841172,ERR6492325,2021-11-01,2021-10-23,2021-08-07,{'AY.4': 1},801421,1,-1,2147483648,7,False,1
SRR27642381,SRR27086820,SRR26928309,2023-12-20,2023-10-12,2023-10-07,{'FL.1.5.1': 1},1873562,1,1673437,19,4,False,1
SRR16527612,node_189221,SRR16530436,2021-09-22,2021-09-22,2021-09-27,{'AY.20': 1},632164,12,632165,1,0,False,1
node_581055,node_581054,ERR13040277,2023-01-04,2023-01-04,2023-01-19,{'BN.1.3': 5},1743936,5,-1,2147483648,5,False,5
ERR6644020,ERR6516714,ERR6603884,2021-08-15,2021-08-07,2021-08-24,{'AY.4': 1},472376,1,-1,2147483648,4,False,1
ERR13018298,ERR11029955,ERR10123424,2022-08-12,2023-03-07,2022-08-14,{'BE.1': 1},1617462,1,1428716,8,4,False,1
SRR19942335,SRR18930684,ERR9760606,2022-06-05,2022-03-17,2022-05-09,{'BA.2': 1},1510201,1,1510202,1,0,False,1
SRR23730481,ERR10902030,SRR23318703,2023-02-20,2023-02-02,2023-01-17,{'BE.13': 1},1775460,1,1775461,1,0,False,1
ERR8251978,ERR6626707,ERR7497034,2021-12-06,2021-08-26,2021-11-14,{'AY.36': 1},987665,1,987666,1,0,False,1
SRR26849609,SRR27482669,SRR25910118,2023-10-12,2023-12-06,2023-08-18,{'EG.5.1.4': 1},1850839,1,1673437,18,7,False,1
SRR20250615,SRR15446330,SRR17022694,2021-11-13,2021-07-24,2021-11-03,{'AY.25': 1},869652,1,-1,2147483648,3,False,1
node_744072,ERR13088585,ERR9200466,2022-04-19,2022-03-28,2022-02-26,{'BA.2': 2},1453197,2,-1,2147483648,3,False,2
SRR21322204,ERR11761851,SRR19277489,2021-11-19,2021-07-16,2021-12-23,{'AY.113': 1},901124,1,901125,1,0,False,1
node_440707,SRR17724008,SRR20895874,2022-02-02,2022-01-04,2022-01-22,{'BA.1.15': 2},1200336,2,-1,2147483648,4,False,2
node_152643,ERR6579073,ERR11755558,2021-11-16,2021-08-18,2021-11-25,{'AY.4': 1},882073,1,-1,2147483648,3,False,1
node_758628,ERR11796234,ERR9017368,2022-02-08,2022-01-10,2022-02-21,{'BA.2': 2},1232985,2,-1,2147483648,3,False,2
SRR20263753,SRR20251607,SRR15891512,2021-11-23,2021-11-10,2021-08-06,{'AY.119': 1},922025,1,-1,2147483648,3,False,1
ERR7718295,ERR7386894,ERR6605289,2021-11-23,2021-11-05,2021-08-24,{'AY.4': 1},920961,1,-1,2147483648,7,False,1
ERR13176375,ERR9626969,ERR10355834,2022-12-28,2022-04-13,2022-09-26,{'BQ.1.1.4': 1},1733086,1,1428716,14,5,False,1
SRR16957759,SRR16537717,SRR19263337,2021-09-20,2021-09-16,2021-11-24,{'AY.103': 1},621472,1,-1,2147483648,4,False,1
SRR21545858,ERR10002220,SRR21222056,2022-08-31,2022-07-04,2022-08-01,{'BA.5.1.25': 1},1640739,1,1428716,5,6,False,1
node_241371,ERR11753605,ERR6870566,2021-08-27,2021-10-17,2021-09-20,{'AY.98': 1},514539,1,-1,2147483648,3,False,1
ERR7807306,ERR7601066,ERR7140572,2021-12-09,2021-11-25,2021-10-13,{'AY.4': 1},1004185,1,-1,2147483648,0,False,1
node_771575,ERR8619523,ERR10512382,2022-02-20,2022-02-04,2022-11-15,{'BA.2': 2},1281788,2,-1,2147483648,3,False,2
ERR9262073,ERR9109359,ERR11746920,2022-03-04,2022-02-23,2022-03-29,{'BA.2': 1},1323161,1,1323162,1,0,False,1
ERR7208421,SRR18027320,SRR15391656,2021-10-12,2021-10-30,2021-07-22,{'AY.116.1': 1},713758,1,-1,2147483648,7,False,1
node_72929,ERR7562354,ERR7192602,2021-11-21,2021-11-23,2021-10-21,{'AY.4': 1},908497,1,-1,2147483648,3,False,1
ERR7046895,ERR7009210,ERR6440908,2021-09-27,2021-09-26,2021-07-26,{'AY.125': 1},650596,1,420981,4,3,False,1
ERR7049389,ERR6999029,ERR6834240,2021-09-22,2021-09-15,2021-09-06,{'AY.4.2': 1},631091,1,-1,2147483648,3,False,1
SRR15857801,SRR15548157,ERR12795818,2021-08-25,2021-07-28,2021-07-16,{'AY.44': 1},507464,1,-1,2147483648,6,False,1
ERR12751415,SRR20775697,SRR19721964,2022-05-01,2022-04-29,2022-05-23,{'BA.2': 1},1466563,1,-1,2147483648,7,False,1
ERR12898949,node_755965,ERR8131447,2022-01-31,2022-01-31,2022-01-18,{'BA.2': 1},1190499,1,-1,2147483648,7,False,1
ERR7775950,node_174216,ERR7676334,2021-12-10,2021-08-29,2021-12-02,{'AY.4.2': 1},1007152,1,1007153,1,0,False,1
node_345730,ERR6758016,ERR6775263,2021-09-05,2021-09-09,2021-09-07,{'B.1.617.2': 2},554320,3,-1,2147483648,4,False,2
SRR20918786,ERR10000034,SRR21372143,2022-07-15,2022-07-05,2022-08-14,{'BA.5': 1},1573251,1,1428716,9,3,False,1
SRR21382841,ERR10002145,SRR20380010,2022-08-16,2022-07-04,2022-06-29,{'BA.5.2.1': 1},1622760,1,1428716,9,4,False,1
ERR10002072,ERR10000107,ERR10005606,2022-07-03,2022-07-05,2022-07-19,{'BA.5.1': 1},1548926,1,1548927,1,0,False,1
ERR7285695,ERR7101556,ERR7297817,2021-10-26,2021-10-01,2021-10-29,{'AY.4': 1},775579,1,-1,2147483648,4,False,1
node_323545,node_323544,node_45511,2021-08-15,2021-08-15,2021-07-13,{'AY.44': 1},473025,1,473026,1,0,False,1
SRR18745294,ERR11795649,SRR18574863,2022-02-14,2022-01-03,2022-03-03,{'BA.1.1.18': 1},1259980,1,-1,2147483648,0,False,1
node_715301,ERR10030344,node_722962,2022-06-10,2022-07-17,2022-07-10,{'BA.4': 1},1518298,1,-1,2147483648,0,False,1
node_134196,ERR6046897,ERR6135810,2021-07-16,2021-06-02,2021-06-19,{'AY.4': 3},394354,3,-1,2147483648,6,False,3
SRR19950625,ERR10032438,SRR21719461,2022-06-06,2022-07-28,2022-08-20,{'BF.8': 1},1511226,1,1428716,6,4,False,1
SRR21327820,ERR7754967,SRR20904841,2022-02-07,2021-12-07,2022-02-07,{'BA.1.1.14': 1},1225722,1,-1,2147483648,0,False,1
node_715119,SRR20505471,SRR21515837,2022-09-06,2022-04-11,2022-08-27,{'BA.5': 2},1682422,2,1428716,7,6,False,2
node_567237,ERR9278532,ERR9369128,2022-05-30,2022-03-07,2022-03-13,{'BA.2': 3},1503170,3,-1,2147483648,6,False,3
ERR5990028,ERR5238430,ERR5989553,2021-05-21,2021-01-22,2021-05-18,{'B.1.1.7': 1},2140451,1,-1,2147483648,0,False,1
SRR20117201,SRR15807312,SRR17219167,2021-12-14,2021-08-09,2021-11-21,{'AY.119': 1},1024106,1,1024107,1,0,False,1
node_360222,node_360221,SRR19830739,2021-10-20,2021-10-20,2022-01-29,{'AY.67': 2},765886,2,-1,2147483648,5,False,2
node_267317,ERR7609970,SRR16510697,2021-10-28,2021-11-27,2021-10-07,{'AY.103': 2},784732,2,-1,2147483648,6,False,2
node_399947,ERR5291292,ERR6620061,2021-05-12,2021-01-13,2021-04-15,{'B.1.1.7': 3},136391,1967,-1,2147483648,1,False,3
SRR22844367,node_656442,SRR22844432,2022-07-25,2022-05-11,2022-07-20,{'BE.1': 1},1591752,1,1428716,4,5,False,1
SRR20250060,SRR17135704,SRR17146264,2021-11-10,2021-10-25,2021-03-11,{'AY.25.1': 1},853460,1,-1,2147483648,5,False,1
node_673166,ERR12980603,node_673165,2022-10-07,2022-08-08,2022-10-07,{'BE.1.1': 15},1683730,15,1428716,8,4,False,15
node_679534,SRR21272688,ERR10004169,2022-06-07,2022-07-25,2022-07-13,{'BF.1': 6},1439245,1571,1428716,7,1,False,6
node_23126,SRR16732684,SRR14356337,2021-04-26,2021-04-26,2021-04-16,{'B.1.526': 3},271232,3,-1,2147483648,3,False,3
node_125381,ERR6856167,ERR11742306,2021-10-07,2021-09-18,2021-09-11,{'AY.4': 6},689795,6,-1,2147483648,4,False,6
ERR8977017,ERR8960635,ERR8507764,2021-03-01,2021-02-18,2021-03-04,{'B.1.1.7': 1},178640,1,-1,2147483648,3,False,1
node_341022,ERR8257466,ERR5991611,2021-11-19,2021-12-13,2021-05-19,{'AY.122': 2},898423,2,-1,2147483648,3,False,2
node_654026,ERR10425851,ERR12749923,2022-07-04,2022-10-16,2022-06-27,{'BA.5.1': 2},1550838,2,1550839,1,0,False,2
SRR15818885,SRR16384605,ERR6112499,2021-08-09,2021-09-19,2021-06-08,{'AY.118': 1},455368,1,-1,2147483648,5,False,1
SRR14451191,SRR14406569,ERR4287486,2021-03-03,2021-02-06,2020-05-13,{'B.1.2': 1},181163,1,-1,2147483648,7,False,1
SRR29320158,SRR27117901,ERR13077316,2023-12-11,2023-11-05,2023-10-23,{'HK.19': 1},1870306,1,1870307,1,0,False,1
ERR9229574,ERR9229459,ERR9189153,2022-02-02,2022-01-31,2022-01-30,{'BA.1.17': 1},1198709,1,-1,2147483648,3,False,1
ERR9006251,ERR11826612,ERR8310059,2022-02-20,2022-04-04,2022-01-25,{'BA.1.1': 1},1282360,1,-1,2147483648,3,False,1
node_183574,node_189456,SRR15416771,2021-11-04,2021-10-06,2021-07-30,{'AY.100': 2},821304,2,-1,2147483648,8,False,2
SRR23209612,SRR23051798,ERR10022048,2023-01-07,2022-12-17,2022-07-22,{'BQ.1.3.2': 1},1742347,1,1428716,14,4,False,1
node_656540,ERR10706187,ERR10002447,2022-08-03,2022-12-12,2022-07-08,{'BE.1': 2},1690574,2,1606764,1,0,False,2
SRR20251124,SRR20261496,node_203562,2021-11-12,2021-11-12,2021-11-12,{'AY.34.1': 1},864902,1,-1,2147483648,5,False,1
ERR8688826,ERR8303502,ERR8291734,2022-02-10,2022-01-24,2022-01-21,{'BA.1.1': 1},1240073,1,-1,2147483648,3,False,1
SRR20394561,SRR20356805,SRR18818670,2022-02-16,2022-01-29,2022-01-12,{'BA.1.1': 1},1269739,1,-1,2147483648,4,False,1
SRR19676043,SRR19045565,SRR18329258,2022-04-25,2022-03-28,2022-02-07,{'BA.2': 1},1457493,1,-1,2147483648,5,False,1
node_444022,ERR8627043,node_444021,2022-02-03,2022-02-06,2022-02-03,{'BA.1.15': 1},1205744,1,-1,2147483648,7,False,1
node_721961,ERR13006304,SRR21085033,2022-08-19,2022-06-26,2022-07-12,{'BA.4.6': 2},1636041,2,-1,2147483648,13,False,2
ERR6736334,ERR6592098,ERR5946395,2021-08-31,2021-08-22,2021-05-10,{'AY.4': 1},531284,1,-1,2147483648,4,False,1
ERR9344283,ERR8307137,ERR13085022,2022-03-10,2022-01-24,2022-04-22,{'BA.2': 1},1343718,1,-1,2147483648,3,False,1
ERR5676478,ERR5042811,ERR5176556,2021-03-25,2020-12-21,2020-12-26,{'B.1.1.7': 1},220197,1,-1,2147483648,4,False,1
node_696222,ERR10000002,SRR21694607,2022-09-18,2022-07-05,2022-09-10,{'BA.5': 5},1662304,5,1662304,0,0,False,5
node_762277,ERR12919221,node_762276,2022-02-08,2022-02-19,2022-02-08,{'BA.2': 11},1252069,11,-1,2147483648,2,False,11
ERR7150033,ERR7007842,ERR6571500,2021-09-30,2021-09-14,2021-08-08,{'AY.4.2': 1},664667,1,664668,1,0,False,1
ERR10804812,ERR10805755,SRR23055305,2023-01-04,2023-01-17,2023-01-02,{'CH.1.1.14': 1},1739320,1,-1,2147483648,4,False,1
SRR26212636,SRR25642825,ERR13041177,2023-08-21,2023-07-25,2023-01-07,{'FU.1': 1},1833160,1,1673437,13,5,False,1
node_484278,ERR8561226,ERR8489564,2022-03-09,2022-02-04,2022-01-28,{'BA.1.1': 3},1345329,3,-1,2147483648,4,False,3
node_188475,ERR6580988,ERR7302056,2021-10-09,2021-08-19,2021-10-17,{'AY.4.2': 4},480774,1513,-1,2147483648,1,False,4
ERR5743634,ERR5225520,ERR5462200,2021-04-10,2021-01-15,2021-03-02,{'B.1.1.7': 1},250176,1,250177,1,0,False,1
node_615174,SRR23041625,ERR10667409,2022-12-20,2022-12-19,2022-11-30,"{'XBW': 5, 'XBB.1.5': 1}",1675918,106381,1673437,2,1,True,6
ERR5469745,node_373845,ERR5059062,2021-03-03,2021-03-03,2020-12-21,{'B.1.1.7': 1},181608,1,-1,2147483648,5,False,1
ERR6531440,ERR6401947,ERR11853103,2021-08-11,2021-07-22,2021-07-22,{'AY.4': 1},461015,1,-1,2147483648,5,False,1
SRR21222202,SRR21451064,SRR20683187,2022-07-31,2022-08-23,2022-07-09,{'BA.5.2.1': 1},1601030,1,1428716,9,2,False,1
ERR9736356,ERR9518345,ERR12924077,2022-05-02,2022-03-27,2022-02-19,{'BA.2.9': 1},1467032,1,-1,2147483648,5,False,1
ERR5966752,ERR7746716,ERR5700184,2021-05-19,2021-01-15,2021-04-02,{'B.1.1.7': 1},295694,1,-1,2147483648,6,False,1
ERR5653626,ERR5318379,ERR5460248,2021-03-20,2021-02-04,2021-03-02,{'B.1.1.7': 1},211368,1,-1,2147483648,5,False,1
SRR21272111,SRR20492851,node_645722,2022-08-01,2022-07-01,2022-12-21,{'BA.5.2.1': 1},1603022,1,1428716,6,4,False,1
node_313496,SRR16899094,SRR17366182,2021-11-21,2021-10-16,2021-12-01,{'AY.44': 2},1030438,2,-1,2147483648,3,False,2
node_188683,ERR6574329,ERR7193186,2021-12-03,2021-08-11,2021-10-20,{'AY.4': 1},972181,1,972182,1,0,False,1
ERR6758523,ERR6760184,ERR12819759,2021-09-01,2021-08-23,2021-08-07,{'AY.23': 1},536503,1,-1,2147483648,5,False,1
SRR24180557,ERR11254915,SRR23848799,2023-03-27,2023-03-06,2023-02-01,{'XBB.1.5': 1},1803199,1,1673437,8,4,True,1
SRR20227167,SRR16884389,SRR16780615,2021-10-30,2021-10-29,2021-10-07,{'AY.39': 1},792220,1,-1,2147483648,7,False,1
node_152940,ERR7602761,ERR11441252,2021-12-03,2021-11-26,2021-11-02,{'AY.4': 5},971552,5,-1,2147483648,3,False,5
node_189159,ERR13182720,ERR6621354,2021-06-16,2021-08-22,2021-08-24,{'AY.114': 56},293507,1442,-1,2147483648,3,False,56
ERR9977047,ERR12258900,ERR9429296,2022-04-13,2022-04-06,2022-03-19,{'BA.2': 1},1435019,1,-1,2147483648,3,False,1
SRR24460555,SRR24764287,ERR10804812,2023-04-19,2023-05-11,2023-01-04,{'XBB.1.5.73': 1},1813692,1,1673437,10,6,True,1
node_710237,ERR10319654,SRR22119151,2022-08-29,2022-09-21,2022-09-03,{'BA.5.2': 3},1662764,3,1428716,8,6,False,3
node_188667,ERR6399560,ERR6486200,2021-09-04,2021-07-25,2021-08-07,{'AY.4': 1},550277,1,550278,1,0,False,1
node_666070,ERR10769825,ERR10667564,2023-01-28,2022-12-21,2022-11-28,{'BQ.1.1.2': 2},1755340,2,1428716,15,7,False,2
SRR18160308,SRR18083077,node_465702,2022-01-31,2022-01-13,2022-01-31,{'BA.1.1': 1},1188311,1,-1,2147483648,3,False,1
node_427895,ERR5290086,ERR5007569,2021-01-17,2021-01-08,2020-12-06,{'B.1.1.7': 4},50503,295781,-1,2147483648,1,False,4
SRR20146062,SRR17300379,SRR16884137,2021-11-28,2021-11-12,2021-10-11,{'AY.100': 1},944696,1,-1,2147483648,3,False,1
ERR6492325,node_188725,ERR6374346,2021-08-07,2021-08-07,2021-07-18,{'AY.4': 1},447864,1,-1,2147483648,7,False,1
ERR10120077,ERR13081591,ERR10000003,2022-08-16,2022-08-17,2022-07-05,{'BA.5': 1},1622195,1,1428716,7,5,False,1
node_620039,SRR26637045,SRR21601832,2023-08-29,2023-10-21,2022-09-02,{'EG.5.1.4': 2},1836300,2,1673437,15,3,False,2
node_236448,SRR15775864,SRR20186292,2021-11-14,2021-08-17,2021-12-04,{'AY.39': 10},873465,10,-1,2147483648,3,False,10
node_260751,SRR15922763,ERR7653190,2021-10-26,2021-09-01,2021-12-01,{'AY.103': 1},774866,1,-1,2147483648,6,False,1
node_162362,ERR6875357,ERR6440908,2021-09-30,2021-09-23,2021-07-26,{'AY.4': 2},664647,2,664648,1,0,False,2
node_188919,SRR16225773,SRR15819469,2021-11-26,2021-09-05,2021-08-09,{'AY.39': 2},1133693,2,-1,2147483648,3,False,2
ERR11742306,ERR11741977,SRR19265803,2021-09-11,2021-07-28,2021-11-20,{'AY.104': 1},582774,1,-1,2147483648,5,False,1
ERR10428510,SRR22241415,ERR10381754,2022-10-12,2022-10-20,2022-10-06,{'BF.28': 1},1685092,1,1685093,1,0,False,1
SRR18799573,SRR18797748,node_466162,2022-01-24,2022-01-27,2022-01-24,{'BA.1.1': 1},1157456,1,-1,2147483648,5,False,1
node_751594,ERR13124933,ERR9108549,2022-06-08,2022-05-19,2022-02-23,{'BA.2.9': 2},1515580,2,1515581,1,0,False,2
SRR15391671,SRR15225183,SRR15200069,2021-07-10,2021-07-11,2021-07-02,{'AY.100': 1},361569,2,-1,2147483648,3,False,1
node_339300,SRR15230747,SRR20938552,2021-07-01,2021-05-29,2021-12-07,{'AY.122': 65},534756,65,-1,2147483648,4,False,65
node_700695,node_700097,node_699951,2022-10-09,2022-09-13,2022-09-19,{'BA.5.2.1': 3},1682309,3,1428716,7,5,False,3
SRR26441731,SRR26085078,SRR26256944,2023-09-16,2023-08-31,2023-09-12,{'XBB.1.16.16': 1},1842341,1,1842342,1,0,True,1
node_188723,ERR6451463,ERR6492325,2021-08-26,2021-07-29,2021-08-07,{'AY.4': 3},509750,3,-1,2147483648,5,False,3
ERR7239998,ERR6755043,ERR6872123,2021-10-19,2021-08-30,2021-09-21,{'AY.4': 1},742776,1,742777,1,0,False,1
ERR6882837,ERR6175175,SRR20259576,2021-09-23,2021-06-24,2021-10-21,{'AY.4': 1},633535,1,633536,1,0,False,1
SRR20938307,SRR19259714,SRR19979701,2021-12-01,2021-12-10,2021-12-07,{'AY.119': 1},963830,1,-1,2147483648,6,False,1
node_188996,SRR16047357,ERR7239527,2021-10-15,2021-09-13,2021-10-16,{'AY.39': 7},167127,1241012,-1,2147483648,1,False,7
ERR7873295,ERR7610663,ERR5991611,2021-12-19,2021-11-26,2021-05-19,{'AY.4': 1},1042909,1,-1,2147483648,4,False,1
SRR15629144,SRR15534683,node_189645,2021-08-07,2021-08-04,2021-08-07,{'AY.117': 1},449808,1,-1,2147483648,7,False,1
SRR20259538,SRR15717610,node_249289,2021-10-19,2021-08-27,2021-10-08,{'B.1.617.2': 1},744295,1,-1,2147483648,5,False,1
ERR11253876,ERR10739933,ERR11184445,2023-03-28,2022-12-13,2023-03-15,{'XBB.1': 1},1804166,1,1804167,1,0,True,1
SRR21348829,SRR18154900,SRR16198618,2022-02-10,2022-01-26,2021-09-07,{'BA.1': 1},1242084,1,1242085,1,0,False,1
ERR9989049,ERR13015263,ERR10118640,2022-07-15,2022-09-03,2022-07-26,{'BA.5.2.33': 1},1572152,1,1428716,8,5,False,1
node_712030,ERR9892280,node_677969,2022-08-23,2022-06-18,2022-12-22,{'BA.5.2': 2},1642701,2,1428716,6,4,False,2
SRR21093460,SRR18725949,SRR18152986,2022-02-07,2022-02-08,2022-01-14,{'BA.1.1': 1},1225083,1,-1,2147483648,5,False,1
node_187480,ERR6038705,node_190029,2021-09-16,2021-05-29,2021-10-03,{'AY.113': 24},605905,25,-1,2147483648,3,False,24
node_59451,SRR19304964,ERR6303662,2021-08-15,2021-11-22,2021-07-01,{'AY.4': 104},471165,104,-1,2147483648,5,False,104
node_188256,ERR7231659,ERR11755165,2021-07-14,2021-10-12,2021-10-19,{'AY.126': 14},167127,1241012,-1,2147483648,1,False,14
SRR20186253,SRR15818553,SRR17418966,2021-12-04,2021-08-09,2021-12-12,{'AY.39': 1},978028,5,-1,2147483648,2,False,1
node_233549,SRR16884109,SRR15201060,2021-09-09,2021-10-12,2021-07-07,{'AY.39': 10},572212,11,-1,2147483648,3,False,10
ERR7266740,ERR7557861,ERR6816656,2021-10-22,2021-11-24,2021-09-14,{'AY.43': 1},757780,1,-1,2147483648,4,False,1
node_667463,ERR10214020,ERR10382571,2022-11-25,2022-09-07,2022-09-29,{'BQ.1.1': 4},1712709,4,1428716,13,3,False,4
SRR12753181,SRR12753107,SRR14199537,2020-08-19,2020-08-15,2021-02-04,{'D.2': 1},29153,1,-1,2147483648,4,False,1
node_273445,ERR13160072,SRR15224107,2021-08-18,2021-07-29,2021-07-08,{'AY.25': 2},534878,2,482429,1,0,False,2
node_163793,ERR11755297,ERR11753889,2021-08-28,2021-10-20,2021-10-17,{'AY.4': 1},518516,1,-1,2147483648,3,False,1
node_682003,ERR10021041,SRR20305384,2022-08-15,2022-07-20,2022-06-26,{'BF.5': 2},1621644,2,1621645,1,0,False,2
SRR16351303,SRR15394972,ERR6484148,2021-09-16,2021-07-29,2021-08-06,{'AY.26': 1},604947,1,-1,2147483648,6,False,1
ERR7317979,ERR6762270,ERR7191815,2021-10-21,2021-09-03,2021-10-20,{'AY.120': 1},751963,1,-1,2147483648,3,False,1
ERR7001606,ERR7003862,ERR6551567,2021-09-15,2021-09-15,2021-08-14,{'AY.4': 1},599545,1,-1,2147483648,5,False,1
node_298326,SRR20259845,SRR16706057,2021-10-14,2021-10-21,2021-10-01,{'AY.3': 1},723285,1,-1,2147483648,5,False,1
ERR6883633,node_169447,node_188626,2021-08-20,2021-08-26,2021-08-20,{'AY.4': 1},487541,81,-1,2147483648,6,False,1
ERR6312067,ERR6308125,ERR7442356,2021-07-04,2021-07-04,2021-11-19,{'AY.4': 1},350188,1,-1,2147483648,3,False,1
SRR18291229,SRR19468547,ERR11742306,2021-12-28,2021-11-26,2021-09-11,{'AY.25.1': 1},1065824,1,-1,2147483648,4,False,1
ERR10559415,ERR9893296,ERR10005922,2022-11-18,2022-06-19,2022-07-20,{'BE.12': 1},1709676,1,1709677,1,0,False,1
ERR7166458,ERR6816117,ERR6453413,2021-10-17,2021-09-15,2021-07-25,{'AY.4': 1},732070,1,-1,2147483648,4,False,1
node_189163,SRR15985926,SRR15200010,2021-09-17,2021-09-05,2021-06-24,{'AY.114': 2},609559,2,609559,0,2,False,2
SRR20977150,SRR15271701,SRR18057296,2021-11-12,2021-07-14,2021-12-30,{'AY.25.1': 1},865256,1,-1,2147483648,6,False,1
node_186422,node_189617,SRR16099598,2021-11-01,2021-11-04,2021-07-29,{'AY.100': 18},817144,20,-1,2147483648,3,False,18
ERR7307455,ERR6793339,ERR13153313,2021-10-23,2021-09-12,2021-07-30,{'AY.4': 1},760262,1,760263,1,0,False,1
SRR14812067,SRR14331173,SRR14906650,2021-05-17,2021-04-13,2021-06-08,{'B.1.526': 1},293655,1,-1,2147483648,5,False,1
SRR23891798,ERR10130589,SRR21851613,2022-11-22,2022-08-16,2022-09-15,{'BF.7': 1},1711684,1,1428716,9,5,False,1
ERR9375733,ERR8276420,ERR11848381,2022-03-14,2022-01-22,2022-03-28,{'BA.2.9': 1},1354520,1,-1,2147483648,4,False,1
SRR21636338,SRR20663337,ERR10000246,2022-09-05,2022-07-06,2022-07-05,{'BA.5.1.22': 1},1646053,1,1428716,6,6,False,1
node_581656,ERR10911672,ERR10476517,2022-11-09,2023-02-08,2022-11-02,{'BN.1.5': 1},1705391,1,-1,2147483648,7,False,1
ERR7236118,ERR7172252,ERR7310754,2021-10-20,2021-10-17,2021-10-19,{'AY.121': 1},747212,1,-1,2147483648,4,False,1
node_188681,ERR6180763,ERR13153313,2021-08-11,2021-06-24,2021-07-30,{'AY.4': 4},167127,1241012,-1,2147483648,1,False,4
SRR26537306,SRR26545007,ERR13058666,2023-10-12,2023-09-05,2023-11-13,{'HV.1': 1},1850825,1,1673437,17,3,False,1
SRR13927124,SRR13333685,node_16900,2020-11-07,2020-12-12,2021-01-12,{'B.1.2': 1},58417,1,-1,2147483648,3,False,1
ERR5184506,ERR5089500,ERR4699571,2021-01-05,2020-12-21,2020-10-06,{'B.1.177': 1},99237,1,-1,2147483648,4,False,1
SRR22092465,SRR22060200,SRR24143309,2022-10-14,2022-10-12,2023-03-13,{'BA.5.5.1': 1},1687385,1,1428716,11,3,False,1
SRR20186885,SRR19281022,ERR13153313,2021-12-06,2021-12-17,2021-07-30,{'AY.39': 1},988726,1,-1,2147483648,3,False,1
node_58030,ERR6871449,ERR6916756,2021-11-11,2021-09-21,2021-09-26,{'AY.4': 2},857687,2,857687,0,2,False,2
SRR24109629,ERR13058736,node_599740,2023-03-20,2023-04-30,2023-01-07,{'XBB.1.5.24': 1},1798395,1,1673437,8,4,True,1
ERR5352515,ERR5493313,ERR5175948,2021-02-15,2021-03-07,2020-12-25,{'B.1.1.7': 1},155305,1,-1,2147483648,3,False,1
node_74584,ERR7653320,ERR11762751,2021-12-13,2021-11-30,2021-08-09,{'AY.4': 2},1017752,2,-1,2147483648,1,False,2
ERR9017368,ERR8422338,ERR11823119,2022-02-21,2022-01-26,2022-02-08,{'BA.2': 1},1285374,1,-1,2147483648,3,False,1
SRR20186924,node_297158,SRR19223070,2021-12-06,2021-12-06,2021-12-15,{'AY.3': 1},988749,1,988750,1,0,False,1
SRR22037705,ERR10151040,node_677286,2022-10-10,2022-08-16,2022-08-21,{'BA.5.6': 1},1683253,1,1683254,1,0,False,1
ERR6621352,node_363781,SRR15916474,2021-08-11,2021-08-11,2021-08-10,{'AY.53': 1},461799,1,-1,2147483648,6,False,1
SRR21606289,SRR20423396,SRR20741299,2022-08-20,2022-06-15,2022-07-09,{'BA.5.6': 1},1626675,1,1626676,1,0,False,1
node_708978,ERR10446551,ERR10024666,2022-06-28,2022-10-17,2022-07-27,{'BA.5.2.20': 4},1542355,4,1428716,8,4,False,4
SRR16518465,ERR13160287,SRR15553319,2021-09-22,2021-08-05,2021-08-03,{'AY.3': 1},631970,1,631971,1,0,False,1
node_189431,node_182223,SRR20188898,2021-12-14,2021-11-09,2021-12-08,{'AY.100': 1},1024265,1,1024266,1,0,False,1
ERR7682786,ERR7540529,ERR7157064,2021-11-25,2021-11-21,2021-10-07,{'AY.46.5': 1},930807,1,-1,2147483648,3,False,1
node_147002,ERR7136927,ERR7462941,2021-11-09,2021-10-12,2021-11-10,{'AY.4': 1},844850,1,-1,2147483648,3,False,1
ERR7608959,ERR11761851,ERR7188023,2021-11-27,2021-07-16,2021-10-19,{'AY.4': 1},938162,1,938163,1,0,False,1
SRR22029754,ERR10000328,ERR9926981,2022-09-14,2022-07-05,2022-06-29,{'BA.5': 1},1657700,1,1657701,1,0,False,1
ERR4789765,ERR4210193,ERR4653288,2020-10-15,2020-03-29,2020-09-16,{'B.1.1.311': 1},45104,1,-1,2147483648,3,False,1
node_183825,SRR16143463,ERR6420155,2021-09-09,2021-08-04,2021-07-28,{'AY.100': 2},573954,2,-1,2147483648,7,False,2
node_206506,node_206505,ERR13135023,2021-09-17,2021-09-17,2021-10-21,{'AY.5.3': 2},609998,2,-1,2147483648,7,False,2
ERR9457450,ERR10019998,ERR9369390,2022-03-22,2022-07-12,2022-03-12,{'BA.2.3': 1},1380536,1,-1,2147483648,3,False,1
ERR12881832,ERR11763635,ERR11763085,2021-12-06,2021-11-23,2021-11-21,{'AY.126': 1},990446,1,-1,2147483648,4,False,1
node_191569,ERR6491282,ERR6440908,2021-08-24,2021-07-29,2021-07-26,{'AY.42': 2},500882,2,-1,2147483648,7,False,2
node_234218,SRR16353090,ERR6578747,2021-09-21,2021-09-19,2021-08-18,{'AY.39': 1},626932,1,-1,2147483648,4,False,1
node_544962,ERR10965050,ERR9870274,2022-05-27,2023-02-20,2022-06-11,{'BA.2.12.1': 4},1499653,4,-1,2147483648,2,False,4
SRR21154983,SRR20076620,SRR23011066,2022-06-20,2022-06-20,2022-12-01,{'BA.5.1.30': 1},1531540,1,1428716,6,3,False,1
node_189378,SRR16354513,SRR20252804,2021-10-16,2021-09-16,2021-10-20,{'AY.100': 14},730995,18,730996,1,0,False,14
ERR13055050,ERR13045064,ERR13037252,2023-01-13,2023-02-18,2022-12-27,{'BN.1': 1},1746660,1,-1,2147483648,4,False,1
node_550904,ERR11804249,SRR19457264,2022-05-23,2022-03-25,2022-04-30,{'BA.2.12.1': 3},1494757,3,-1,2147483648,4,False,3
ERR5054963,ERR5175948,ERR4990830,2020-12-18,2020-12-25,2020-11-27,{'B.1.1.7': 1},86941,1,-1,2147483648,3,False,1
node_351508,SRR17451846,SRR14878294,2021-07-02,2021-07-14,2021-04-22,{'AY.26': 3},347659,3,-1,2147483648,5,False,3
ERR12963369,ERR12937472,ERR9320652,2022-04-04,2022-04-01,2022-03-08,{'BA.2.9': 1},1420155,1,-1,2147483648,3,False,1
SRR22834501,ERR10000035,SRR22291615,2022-11-10,2022-07-05,2022-09-07,{'BA.5.2': 1},1706131,1,1706132,1,0,False,1
ERR12538137,SRR20569844,SRR20794810,2022-05-29,2022-04-17,2022-05-02,{'BA.2': 1},1502131,1,-1,2147483648,5,False,1
node_46915,SRR20233571,ERR11826324,2021-09-17,2021-11-02,2021-11-28,{'AY.117': 97},624085,98,-1,2147483648,4,False,97
SRR16629180,SRR14399166,SRR16670250,2021-06-03,2021-03-14,2021-04-22,{'P.1': 1},310506,1,-1,2147483648,5,False,1
node_186665,ERR7571598,ERR6573730,2021-07-10,2021-11-05,2021-08-03,{'AY.124': 1},361043,1,-1,2147483648,6,False,1
SRR14391907,SRR14394916,SRR14389974,2021-04-07,2021-03-28,2021-03-29,{'B.1.637': 1},244897,1,-1,2147483648,3,False,1
SRR24259654,SRR23728611,SRR24184202,2023-04-06,2023-02-18,2023-04-02,{'GU.1': 1},1808545,1,1673437,10,3,False,1
SRR21326012,SRR19099076,ERR8162740,2022-02-13,2022-01-21,2022-01-21,{'BA.1.1': 1},1254814,1,-1,2147483648,7,False,1
SRR19472093,SRR14906660,ERR7173066,2021-08-03,2021-06-09,2021-10-17,{'AY.3': 1},434439,1,-1,2147483648,4,False,1
node_54198,ERR6393200,SRR16942239,2021-07-19,2021-07-21,2021-10-25,{'AY.4': 2},380156,2,-1,2147483648,1,False,2
SRR20178134,SRR17117423,ERR6484148,2021-11-17,2021-11-16,2021-08-06,{'AY.25': 1},890833,1,-1,2147483648,5,False,1
SRR19504108,SRR16320206,ERR5991611,2021-11-16,2021-09-16,2021-05-19,{'AY.100': 1},886830,1,-1,2147483648,3,False,1
node_760690,ERR11757384,SRR20570960,2022-05-06,2022-03-29,2022-04-17,{'BA.2': 1},1473402,1,-1,2147483648,3,False,1
ERR7208955,ERR6920339,ERR6761066,2021-10-07,2021-09-23,2021-08-31,{'AY.4.2.2': 1},691940,1,-1,2147483648,4,False,1
SRR20186996,ERR6762270,SRR17378663,2021-12-04,2021-09-03,2021-12-06,{'AY.103': 1},978205,1,-1,2147483648,3,False,1
node_188889,SRR15587578,SRR15313765,2021-08-05,2021-08-07,2021-07-23,{'AY.39.1': 2},450690,4,-1,2147483648,1,False,2
node_718749,ERR10000570,SRR22293888,2022-06-27,2022-07-05,2022-10-26,{'BA.4': 13},1539413,13,-1,2147483648,3,False,13
SRR16288152,node_232820,SRR16307205,2021-09-13,2021-09-13,2021-09-13,{'AY.39.3': 1},591388,3,-1,2147483648,6,False,1
SRR18797478,ERR13160179,SRR15490035,2022-01-04,2021-08-04,2021-08-01,{'B.1.617.2': 1},1083644,1,-1,2147483648,5,False,1
SRR19485365,ERR11743379,ERR8086413,2022-01-16,2022-01-22,2022-01-15,{'BA.1.20': 1},1117014,1,-1,2147483648,4,False,1
node_277872,SRR15678595,node_280289,2021-09-01,2021-08-11,2021-12-05,{'AY.25': 20},568851,20,-1,2147483648,3,False,20
SRR19815323,SRR17201762,ERR6301712,2021-11-18,2021-11-13,2021-06-29,{'AY.44': 1},895983,1,-1,2147483648,3,False,1
node_209654,ERR11753913,ERR6837634,2021-09-16,2021-10-13,2021-09-04,{'AY.4': 2},604160,2,-1,2147483648,6,False,2
node_233245,SRR15518588,ERR13159775,2021-07-21,2021-08-02,2021-07-15,{'AY.39': 2},386500,2,-1,2147483648,3,False,2
SRR17235285,SRR17276145,SRR17235283,2021-10-29,2021-12-09,2021-10-29,{'AY.112.2': 1},787993,1,-1,2147483648,3,False,1
SRR20918312,SRR19254288,SRR16539367,2021-12-18,2021-12-20,2021-09-29,{'AY.25.1': 1},1040336,1,-1,2147483648,3,False,1
ERR5749673,ERR5026591,ERR5685978,2021-04-05,2020-12-10,2021-03-23,{'B.1.1.7': 1},240763,1,-1,2147483648,4,False,1
SRR14389974,node_23743,SRR14153083,2021-03-29,2021-03-18,2021-03-16,{'B.1.637': 1},226953,1,-1,2147483648,4,False,1
node_227809,SRR15387612,ERR11754819,2021-09-02,2021-07-25,2021-10-19,{'B.1.617.2': 2},540127,2,-1,2147483648,3,False,2
node_188371,ERR7120055,ERR6566960,2021-10-20,2021-10-12,2021-08-13,{'AY.4': 1},747819,1,747820,1,0,False,1
SRR25664780,SRR23896664,SRR26781756,2023-03-04,2023-02-26,2023-10-27,{'XBB.1.5': 1},1786902,1,1673437,8,8,True,1
node_344332,SRR15201256,SRR16794739,2021-08-13,2021-07-08,2021-10-07,{'AY.20': 3},579639,3,-1,2147483648,4,False,3
node_555793,ERR10001609,ERR9933891,2022-06-09,2022-07-06,2022-07-01,"{'XAJ': 21, 'BA.4': 1}",1141742,51247,-1,2147483648,1,True,22
SRR15515316,SRR16166476,ERR4437216,2020-06-10,2020-05-21,2020-04-21,{'B.1.518': 1},19104,1,-1,2147483648,5,False,1
node_581013,ERR10165839,SRR25727251,2022-11-02,2022-08-22,2022-11-23,{'BN.1.3.7': 1},1702292,1,1702293,1,0,False,1
SRR26828002,SRR26085217,ERR10933961,2023-09-25,2023-08-29,2023-02-16,{'EG.5.1.6': 1},1845450,1,1673437,19,6,False,1
node_189731,ERR6466588,ERR6836733,2021-08-26,2021-07-31,2021-08-26,{'AY.120': 2},416877,442,-1,2147483648,1,False,2
SRR29175673,SRR29175895,SRR29175959,2024-02-24,2024-02-16,2024-02-10,{'JN.1': 1},1887820,1,1854739,8,3,False,1
node_731758,SRR18774591,ERR10296875,2022-04-02,2022-03-13,2022-09-17,{'BA.2.3': 2},1415367,2,-1,2147483648,3,False,2
node_189687,ERR11761570,ERR6486711,2021-07-16,2021-07-09,2021-08-07,{'AY.42': 18},344386,2137,-1,2147483648,3,False,18
ERR6892550,ERR6752751,ERR12840515,2021-09-20,2021-09-10,2021-10-28,{'AY.122.2': 1},623430,1,-1,2147483648,4,False,1
ERR5458865,ERR5458932,ERR11822180,2021-02-16,2021-02-22,2021-01-07,{'B.1.1.7': 1},156664,1,-1,2147483648,5,False,1
SRR17201557,SRR16696815,ERR7229194,2021-11-07,2021-10-06,2021-10-18,{'AY.25': 1},834327,1,-1,2147483648,6,False,1
node_188886,SRR16606852,SRR16527272,2021-10-22,2021-09-28,2021-09-21,{'AY.39.1': 1},756948,1,-1,2147483648,7,False,1
node_190192,ERR6678305,SRR18022178,2021-10-11,2021-08-31,2021-08-17,{'AY.113': 3},709156,3,-1,2147483648,6,False,3
node_634351,ERR12653867,SRR23630551,2023-12-15,2024-01-08,2023-01-30,"{'XDK.5': 9, 'XDK': 47, 'XDK.4': 2, 'XDK.1.2': 4, 'XDK.1': 12, 'XDK.3': 2, 'XDK.4.1': 8}",1871605,84,1871605,0,0,True,84
node_623420,ERR12081201,ERR13320506,2023-09-28,2023-09-09,2023-09-05,{'XBB.1.16': 2},1846478,2,1846478,0,3,True,2
node_128850,ERR13133823,ERR7319518,2021-09-01,2021-09-05,2021-10-16,{'AY.4': 3},535984,4,-1,2147483648,4,False,3
node_331953,SRR16527532,SRR17078084,2021-11-12,2021-09-22,2021-11-12,{'AY.44': 2},864978,2,-1,2147483648,8,False,2
node_646470,ERR12974368,node_737099,2022-08-23,2022-07-18,2022-05-23,{'BA.5.1': 1},1631460,1,1631461,1,0,False,1
node_117234,ERR6777338,ERR6493550,2021-10-11,2021-09-09,2021-07-28,{'AY.4': 2},708148,2,487210,2,4,False,2
SRR20304164,SRR19721298,ERR9968076,2022-06-25,2022-05-20,2022-07-06,{'BA.4.1.4': 1},1537646,1,1537647,1,0,False,1
node_760254,SRR18699703,node_760248,2022-04-22,2022-03-31,2022-04-22,{'BA.2': 2},1452966,2,-1,2147483648,4,False,2
node_189318,SRR19265206,ERR13153313,2021-11-24,2021-11-19,2021-07-30,{'AY.100': 2},927042,2,-1,2147483648,4,False,2
node_370337,ERR13071541,ERR5027382,2020-12-26,2021-02-18,2020-12-10,{'B.1.1.7': 2},76945,336,-1,2147483648,1,False,2
ERR9396766,ERR9223773,ERR7799065,2022-03-14,2022-03-02,2021-12-12,{'BA.1.1': 1},1355940,1,-1,2147483648,3,False,1
SRR20258716,SRR16130340,SRR15993784,2021-10-18,2021-09-18,2021-08-25,{'AY.100': 1},739427,1,-1,2147483648,4,False,1
node_201859,SRR17215343,ERR6440908,2021-11-09,2021-11-29,2021-07-26,{'AY.119': 8},847387,8,847387,0,3,False,8
node_460785,SRR18929128,SRR20899446,2022-02-17,2022-02-23,2022-02-05,{'BA.1.1.18': 2},1297935,4,-1,2147483648,4,False,2
ERR7005955,ERR6573578,ERR12788896,2021-09-23,2021-08-18,2021-06-25,{'B.1.617.2': 1},635206,1,-1,2147483648,7,False,1
SRR16839588,SRR14855861,ERR13158818,2021-10-14,2021-06-02,2021-06-29,{'AY.103': 1},722677,1,-1,2147483648,4,False,1
node_188832,SRR15199928,SRR16884055,2021-10-12,2021-06-25,2021-10-12,{'AY.118': 1},715159,1,715160,1,0,False,1
SRR27470713,SRR25669409,SRR26937897,2023-12-20,2023-05-01,2023-11-12,{'JN.1.4': 1},1873509,1,1854739,10,5,False,1
node_273676,SRR16228145,ERR6840673,2021-09-10,2021-09-20,2021-09-03,{'AY.103': 2},578667,2,-1,2147483648,3,False,2
ERR8560366,ERR11826612,ERR8275300,2022-02-02,2022-04-04,2022-01-21,{'BA.1.1': 1},1198399,1,-1,2147483648,3,False,1
ERR6828608,ERR6386457,ERR6112499,2021-09-02,2021-07-21,2021-06-08,{'AY.4': 1},541635,1,-1,2147483648,4,False,1
node_169758,ERR7399181,ERR9307151,2021-10-27,2021-11-07,2022-03-07,{'AY.4': 2},778173,2,-1,2147483648,1,False,2
node_642312,SRR21670845,SRR21546186,2022-08-28,2022-09-06,2022-09-01,"{'BA.5.1': 8, 'BA.5.2': 1}",1636865,9,1428716,6,5,False,9
ERR9935574,ERR10086586,SRR21737469,2022-07-05,2022-07-29,2022-09-20,{'BA.5.2.26': 1},1552421,1,1428716,8,5,False,1
node_189103,SRR15553432,SRR15230406,2021-09-12,2021-08-03,2021-06-17,{'AY.39': 5},771669,5,586250,1,0,False,5
node_231613,node_188896,ERR6760781,2021-09-10,2021-09-28,2021-08-26,{'AY.39.1': 33},167127,1241012,-1,2147483648,1,False,33
node_699280,ERR10000667,ERR10023714,2022-06-16,2022-07-04,2022-07-23,"{'BA.5.2.1': 3, 'BA.5': 2}",1526255,5,1526256,1,0,False,5
SRR23730562,ERR13128941,SRR23318645,2023-02-20,2022-05-04,2023-01-19,{'BA.5.3.5': 1},1775468,1,1428716,6,16,False,1
node_628361,ERR13253475,ERR13077929,2024-05-18,2024-05-19,2023-11-27,{'JN.1.4': 1},1892118,1,1854739,10,5,False,1
SRR28273279,SRR28228387,node_634346,2024-02-10,2023-12-29,2023-12-15,{'JN.1.4.5': 1},1885953,1,1854739,11,3,False,1
node_455216,ERR8287359,SRR18378407,2022-02-09,2022-01-22,2022-01-13,{'BA.1': 1},1236399,1,-1,2147483648,4,False,1
ERR11849799,node_341106,ERR6300316,2021-08-27,2021-08-27,2021-07-02,{'AY.122': 1},517544,1,-1,2147483648,4,False,1
node_129099,ERR6793518,ERR11742306,2021-09-11,2021-09-10,2021-09-11,{'AY.4': 13},580706,13,-1,2147483648,3,False,13
node_188325,ERR6791686,ERR6162082,2021-10-09,2021-09-08,2021-06-13,{'AY.4': 1},701073,1,-1,2147483648,4,False,1
node_434719,ERR5174309,SRR29023076,2021-02-14,2020-12-21,2021-04-23,{'B.1.1.7': 1},152969,1,-1,2147483648,7,False,1
node_190414,SRR17299781,ERR13153313,2021-11-24,2021-12-03,2021-07-30,{'AY.116.1': 2},937809,11,390208,4,5,False,2
node_667457,SRR22668180,ERR10430901,2023-01-07,2022-11-22,2022-10-17,{'BA.5.2.1': 2},1742329,2,1742329,0,0,False,2
ERR13022613,ERR10627167,ERR10044799,2022-10-02,2022-10-21,2022-07-27,{'BQ.1.5': 1},1675704,1,1675705,1,0,False,1
ERR9417001,ERR11747263,ERR8679903,2022-03-17,2022-03-29,2022-02-12,{'BA.1.1': 1},1366153,1,-1,2147483648,3,False,1
SRR20145644,SRR15199951,SRR20145643,2021-11-29,2021-06-25,2021-11-29,{'AY.20': 1},951124,1,951125,1,0,False,1
SRR15876350,SRR15980866,ERR13153217,2021-08-26,2021-08-30,2021-07-31,{'AY.3': 1},510280,1,-1,2147483648,3,False,1
node_185186,node_189547,SRR21140927,2021-10-22,2021-09-27,2021-09-15,{'AY.100': 31},887315,32,-1,2147483648,8,False,31
node_207652,ERR6921473,ERR7109163,2021-10-11,2021-09-26,2021-10-08,{'AY.5': 150},708162,150,-1,2147483648,5,False,150
SRR19684288,SRR18816445,SRR19683165,2022-02-16,2022-01-18,2022-02-08,{'BA.1.1': 1},1269044,1,-1,2147483648,3,False,1
ERR12977085,node_719448,ERR10003036,2022-07-22,2022-08-09,2022-07-07,{'BA.4.6': 1},1586739,1,-1,2147483648,3,False,1
node_185378,SRR20115940,ERR6872732,2021-12-12,2021-12-01,2021-09-21,{'AY.100': 2},1015453,2,-1,2147483648,10,False,2
SRR23040738,node_586917,ERR12932802,2022-12-19,2022-12-19,2022-03-06,{'XBB.2.6': 1},1727676,1,1673437,6,4,True,1
node_714548,ERR10165159,SRR20662983,2022-05-04,2022-08-23,2022-07-05,{'BA.5': 496},1482700,497,1428716,4,3,False,496
node_496171,SRR18285211,ERR8089877,2022-02-27,2022-01-30,2022-01-13,{'BA.1.1': 1},1305868,1,-1,2147483648,3,False,1
SRR20259524,SRR16925783,ERR7239529,2021-10-19,2021-10-14,2021-10-16,{'AY.25': 1},744645,1,-1,2147483648,7,False,1
SRR14451569,SRR17861166,SRR14811919,2021-04-16,2021-04-20,2021-05-18,{'B.1.1.7': 1},259811,1,-1,2147483648,3,False,1
SRR18464946,SRR20352339,ERR9302759,2022-02-16,2022-01-18,2022-03-06,{'BA.1.1': 1},1268758,1,-1,2147483648,6,False,1
node_85433,ERR11763014,ERR6136456,2021-10-23,2021-09-08,2021-06-17,{'AY.4.6': 9},761953,9,-1,2147483648,4,False,9
node_313603,ERR11754344,SRR17138310,2021-10-08,2021-10-19,2021-10-09,{'AY.44': 3},698493,3,-1,2147483648,3,False,3
ERR10003894,ERR9894726,ERR9892564,2022-07-08,2022-06-20,2022-06-18,{'BA.5.2.3': 1},1559363,1,1428716,10,3,False,1
node_531746,ERR11795267,ERR13282847,2022-02-04,2021-12-26,2022-01-20,{'BA.1': 2},1211449,2,-1,2147483648,4,False,2
node_75998,ERR7372136,ERR6584610,2021-11-11,2021-11-03,2021-08-20,{'AY.4': 7},866834,7,-1,2147483648,3,False,7
SRR21899008,ERR10047150,ERR10427944,2022-09-25,2022-08-01,2022-10-17,{'BA.5.1.22': 1},1669448,1,1428716,6,5,False,1
node_188637,ERR11762168,ERR7154038,2021-07-30,2021-07-22,2021-10-07,{'AY.4': 3},167127,1241012,-1,2147483648,1,False,3
ERR6570381,ERR6793350,ERR6144371,2021-08-06,2021-09-08,2021-06-22,{'AY.4': 1},445206,1,-1,2147483648,3,False,1
SRR23630374,ERR10911112,ERR10932368,2023-02-01,2023-02-07,2023-02-11,{'XBB.1.5.80': 1},1757812,1,1673437,7,3,True,1
ERR9615540,node_573913,ERR9356350,2022-04-03,2022-03-24,2022-03-07,{'BA.2': 1},1416195,1,-1,2147483648,9,False,1
ERR9892828,ERR13015334,ERR10002513,2022-06-18,2022-09-06,2022-07-08,{'BE.1': 1},1529475,1,1428716,6,4,False,1
node_395094,ERR5007444,ERR5222825,2021-01-29,2020-12-04,2021-01-19,{'B.1.1.7': 3},151178,3,-1,2147483648,3,False,3
node_61583,ERR7546694,ERR7540364,2021-11-19,2021-11-21,2021-11-20,{'AY.4': 4},900151,4,-1,2147483648,3,False,4
node_750748,ERR9101324,ERR12924714,2022-02-14,2022-02-23,2022-02-17,"{'BA.2.9': 13, 'BA.2': 7}",1259230,20,-1,2147483648,5,False,20
node_405903,ERR6713298,ERR6718821,2021-04-06,2021-01-13,2021-04-09,{'B.1.1.7': 5},242892,5,-1,2147483648,1,False,5
ERR6573605,ERR6569117,ERR11753994,2021-08-11,2021-08-08,2021-10-12,{'AY.4': 1},461756,1,451732,2,8,False,1
node_218648,ERR11853316,ERR6670334,2021-10-16,2021-09-22,2021-08-28,{'AY.43': 3},731144,3,-1,2147483648,4,False,3
ERR5381053,ERR5181396,ERR5238729,2021-02-15,2021-01-04,2021-01-22,{'B.1.1.7': 1},155725,1,-1,2147483648,5,False,1
ERR6741814,ERR6533492,node_211438,2021-07-30,2021-08-11,2021-07-25,{'AY.5': 1},417454,1,-1,2147483648,6,False,1
node_333639,ERR7036931,ERR11755558,2021-10-02,2021-10-04,2021-11-25,{'AY.94': 2},671487,2,-1,2147483648,2,False,2
SRR17351344,node_226598,SRR16232782,2021-12-06,2021-09-10,2021-09-25,{'AY.120.1': 1},987770,1,987771,1,0,False,1
ERR9110968,ERR7795152,ERR11803719,2022-02-24,2021-12-12,2022-02-07,{'BA.1.10': 1},1298643,1,-1,2147483648,4,False,1
node_29497,SRR14405676,ERR4363570,2021-02-28,2021-03-19,2020-04-02,{'B.1.429': 5},175645,5,-1,2147483648,6,False,5
node_189788,SRR16782263,ERR13153313,2021-10-12,2021-10-11,2021-07-30,{'AY.119': 12},715027,24,-1,2147483648,3,False,12
ERR11853316,ERR7171631,ERR11822832,2021-09-22,2021-10-16,2021-10-05,{'AY.43': 1},632872,1,-1,2147483648,4,False,1
SRR25709402,SRR25709376,ERR13053060,2023-08-03,2023-08-03,2023-01-20,{'GJ.1.2': 1},1829205,1,1673437,10,7,False,1
node_523875,ERR8223280,node_523874,2022-02-26,2021-12-21,2022-02-26,{'BD.1': 2},1303818,2,1303819,1,0,False,2
node_190025,SRR15982465,SRR15391344,2021-08-30,2021-08-31,2021-07-16,{'AY.113': 2},534767,2,373989,2,3,False,2
SRR21497627,SRR20663760,ERR10001340,2022-08-09,2022-07-06,2022-07-05,{'BF.27': 1},1613122,1,1428716,10,3,False,1
ERR6997670,ERR6871773,ERR6492325,2021-09-27,2021-09-22,2021-08-07,{'B.1.617.2': 1},650487,1,-1,2147483648,7,False,1
node_716832,node_646826,ERR10000209,2022-06-18,2022-09-04,2022-07-05,"{'BA.4.1': 4, 'BA.4.6': 20, 'BA.4.6.5': 2, 'BA.4': 6, 'BA.4.4': 2}",871728,1294334,-1,2147483648,64,False,34
SRR16500761,SRR15553961,SRR16222759,2021-09-22,2021-08-03,2021-09-09,{'AY.25.1': 1},631801,1,-1,2147483648,3,False,1
SRR15138352,ERR5238430,node_378075,2021-06-25,2021-01-22,2021-06-23,{'B.1.1.7': 1},335068,1,-1,2147483648,1,False,1
node_636848,SRR21188517,node_636835,2022-10-11,2022-07-28,2022-08-14,{'BA.5.1': 4},1687876,4,1428716,4,6,False,4
node_273248,SRR16901101,SRR16545779,2021-12-11,2021-10-11,2021-09-24,{'AY.103': 2},1012515,2,-1,2147483648,4,False,2
SRR20735731,node_675869,SRR19599539,2022-06-21,2022-06-21,2022-05-23,{'BA.5.3': 1},1533489,1,1428716,2,6,False,1
node_50601,ERR7572470,ERR11742306,2021-11-10,2021-11-10,2021-09-11,{'AY.4': 1},851906,1,-1,2147483648,4,False,1
SRR19690265,node_510433,SRR19683165,2022-03-02,2022-03-02,2022-02-08,{'BA.1.1': 1},1315786,1,-1,2147483648,4,False,1
SRR17650965,SRR17521958,ERR6010289,2021-12-19,2021-12-15,2021-05-26,{'AY.112.2': 1},1042432,1,-1,2147483648,3,False,1
node_189592,ERR6492835,SRR16380863,2021-10-08,2021-07-30,2021-09-18,{'AY.100': 1},698266,1,-1,2147483648,5,False,1
ERR7244209,ERR6778219,ERR6440908,2021-10-17,2021-09-09,2021-07-26,{'AY.4': 1},733115,1,733116,1,0,False,1
SRR16063965,ERR5991611,ERR6764583,2021-08-26,2021-05-19,2021-09-04,{'AY.119.2': 1},511587,1,-1,2147483648,6,False,1
node_573448,ERR10711774,ERR12131839,2022-04-06,2022-03-13,2022-03-17,{'BA.2': 5},1458554,5,-1,2147483648,4,False,5
node_773941,SRR19457027,ERR12035327,2022-04-14,2022-04-25,2022-04-25,{'BA.2.47': 2},1436187,2,-1,2147483648,4,False,2
ERR12790706,ERR12787524,ERR6620061,2021-06-14,2021-05-31,2021-04-15,{'B.1.1.7': 1},320972,1,-1,2147483648,3,False,1
node_623414,ERR11923658,ERR11171424,2023-04-25,2023-08-02,2023-03-17,{'XBB.1.16': 9},1789141,12729,1673437,9,1,True,9
node_120999,ERR11753809,ERR11764426,2021-11-06,2021-10-17,2021-12-05,{'AY.4': 2},836601,2,-1,2147483648,4,False,2
SRR16527617,SRR16527619,ERR13153313,2021-09-21,2021-09-21,2021-07-30,{'AY.100': 1},628278,1,-1,2147483648,3,False,1
node_159068,ERR7310305,ERR6369646,2021-08-31,2021-11-02,2021-07-13,{'AY.4': 84},530241,86,-1,2147483648,4,False,84
node_345021,SRR21317082,SRR20178812,2021-09-22,2021-10-24,2021-11-27,{'AY.20': 76},167127,1241012,-1,2147483648,1,False,76
node_671370,ERR10109588,ERR13323045,2022-12-11,2022-08-03,2023-01-28,{'BQ.1.21': 66},1726434,67,1726434,0,7,False,66
node_654020,ERR10004039,ERR9892585,2022-07-24,2022-07-07,2022-06-18,{'BA.5': 3},1589275,3,1589275,0,0,False,3
node_652522,node_652521,SRR21000324,2022-05-03,2022-05-03,2022-07-22,{'BA.5.5': 133},1469291,134,1428716,3,4,False,133
node_631471,ERR13050044,ERR12551108,2023-11-20,2023-11-13,2023-12-18,{'JN.1.19': 2},1862234,2,1854739,9,4,False,2
ERR6763100,ERR6620571,ERR6761017,2021-08-27,2021-08-16,2021-08-30,{'AY.34.1': 1},515395,1,-1,2147483648,7,False,1
ERR7009221,ERR6136456,ERR6605445,2021-09-13,2021-06-17,2021-08-24,{'AY.4': 1},589473,1,-1,2147483648,4,False,1
SRR21797337,ERR10850941,ERR10120544,2022-09-19,2023-01-12,2022-08-19,{'BA.2.75.2': 1},1663571,1,1663572,1,0,False,1
node_47728,SRR20261372,ERR6492325,2021-10-29,2021-11-14,2021-08-07,{'AY.117': 2},788229,3,-1,2147483648,7,False,2
node_188444,ERR7270546,ERR7310393,2021-11-02,2021-10-25,2021-10-10,{'AY.4.2.1': 11},392479,12337,-1,2147483648,1,False,11
node_397101,ERR5187002,ERR5331432,2021-02-21,2021-01-08,2021-02-09,{'B.1.1.7': 3},165262,11,-1,2147483648,6,False,3
node_436564,ERR5212801,ERR5300270,2021-03-15,2021-01-20,2021-02-05,{'B.1.1.7': 5},201425,5,-1,2147483648,4,False,5
SRR14158289,SRR16943163,SRR16753356,2021-03-03,2021-01-06,2021-03-29,{'B.1.2': 1},180996,1,-1,2147483648,7,False,1
SRR28770924,SRR27758390,ERR11796719,2024-04-05,2024-01-11,2022-01-13,{'JN.1.7': 1},1890259,1,1854739,11,5,False,1
SRR16318274,ERR6494825,SRR15223696,2021-08-09,2021-07-26,2021-07-06,{'AY.25': 1},455855,1,455856,1,0,False,1
ERR7656957,ERR7606936,ERR7299008,2021-12-01,2021-11-25,2021-10-31,{'AY.4.2': 1},961073,1,-1,2147483648,3,False,1
node_188602,ERR11754502,ERR6634771,2021-10-19,2021-10-18,2021-08-20,{'AY.4': 1},742775,1,-1,2147483648,6,False,1
SRR15803070,SRR15364313,ERR11764426,2021-08-04,2021-07-20,2021-12-05,{'AY.3': 1},438596,1,-1,2147483648,8,False,1
SRR20898253,ERR9361472,SRR20922128,2022-02-08,2022-02-20,2022-02-02,{'BA.1.1': 1},1230417,1,-1,2147483648,4,False,1
node_639578,ERR10000121,node_695192,2022-11-20,2022-07-05,2022-11-08,{'BA.5.1.5': 1},1710493,1,1710494,1,0,False,1
node_700591,ERR10118636,ERR10002732,2022-08-11,2022-07-26,2022-07-08,{'BA.5.2.1': 1},1615008,1,1428716,6,5,False,1
node_701764,SRR20218056,SRR20683448,2022-08-20,2022-06-29,2022-07-07,{'BA.5.2': 2},1627218,2,1627218,0,0,False,2
ERR7050280,ERR6758613,ERR7010697,2021-09-16,2021-08-23,2021-09-15,{'AY.43': 1},604204,1,-1,2147483648,6,False,1
ERR7742605,ERR7547842,ERR8187981,2021-12-06,2021-11-22,2021-11-30,{'AY.4.2.2': 1},984776,1,-1,2147483648,4,False,1
SRR20233242,SRR16706618,SRR20177984,2021-11-03,2021-10-06,2021-11-13,{'AY.4': 1},815049,3,687515,2,3,False,1
SRR16246129,SRR15983864,ERR6484148,2021-09-10,2021-09-03,2021-08-06,{'AY.25': 1},578795,1,-1,2147483648,4,False,1
ERR6630767,ERR6757525,ERR6316269,2021-08-17,2021-08-14,2021-07-04,{'AY.4': 1},478028,1,-1,2147483648,5,False,1
SRR21797150,ERR10428779,ERR10002876,2022-09-15,2022-10-16,2022-07-08,{'BA.5.5': 1},1658810,1,1428716,5,4,False,1
SRR23953549,SRR24002737,ERR12754384,2023-03-06,2023-03-08,2022-04-19,{'XBB.1.5': 1},1787790,1,1787791,1,0,True,1
ERR8144931,ERR7807042,ERR8690439,2022-01-19,2021-12-12,2022-02-12,{'BA.1.1.15': 1},1128204,1,1128205,1,0,False,1
SRR21539715,ERR10024647,SRR21797516,2022-08-30,2022-07-25,2022-09-18,{'BA.5.1.6': 1},1640072,1,1428716,7,4,False,1
node_188446,ERR7307518,ERR11754270,2021-10-10,2021-10-23,2021-10-18,{'AY.4.2.1': 2},548676,1715,-1,2147483648,2,False,2
SRR16381147,SRR16121285,SRR11939579,2021-09-18,2021-08-25,2020-05-06,{'AY.3': 1},614048,1,-1,2147483648,5,False,1
SRR20258363,SRR17099203,SRR15534723,2021-10-16,2021-10-14,2021-08-02,{'AY.100': 1},730974,1,-1,2147483648,3,False,1
SRR24002323,ERR11254928,SRR23896877,2023-03-12,2023-02-24,2023-02-24,{'XBB.1.5': 1},1792347,1,1673437,7,1,True,1
SRR16153448,SRR15270366,SRR20258496,2021-09-01,2021-07-16,2021-10-16,{'AY.122': 1},537943,1,-1,2147483648,5,False,1
SRR19715737,ERR12538350,ERR12753548,2022-05-22,2022-06-08,2022-06-14,{'BA.2.12.1': 1},1492865,1,-1,2147483648,7,False,1
ERR10838381,ERR10838207,node_658895,2022-11-22,2022-11-13,2022-12-23,{'BQ.1.1': 1},1711345,1,1428716,12,3,False,1
node_580570,node_580453,ERR10610963,2022-11-11,2023-02-22,2022-11-18,{'BA.2': 2},1706444,2,1706445,1,0,False,2
node_571842,ERR10711783,node_767323,2022-03-19,2022-03-14,2022-05-08,{'BA.2': 5},1373697,8,-1,2147483648,2,False,5
SRR28286283,SRR28439082,SRR29412836,2024-02-13,2024-02-21,2024-05-31,{'JN.1': 1},1886327,1,1854739,7,6,False,1
ERR6765788,ERR6840594,ERR6440908,2021-09-03,2021-09-03,2021-07-26,{'AY.36': 1},546469,1,-1,2147483648,6,False,1
SRR16706479,SRR16832771,ERR6765753,2021-10-04,2021-10-11,2021-09-03,{'AY.100': 1},679275,1,-1,2147483648,5,False,1
node_663854,ERR10000035,ERR10214020,2022-12-28,2022-07-05,2022-09-07,{'BQ.1.1': 2},1735521,2,1733018,1,0,False,2
SRR19834373,ERR8302051,SRR17855869,2022-01-31,2022-01-23,2022-01-16,{'BA.1.1': 1},1189583,1,-1,2147483648,4,False,1
node_434567,ERR11760413,node_405988,2021-04-10,2021-06-07,2021-04-14,{'B.1.1.7': 3},250430,3,-1,2147483648,4,False,3
node_415687,ERR5422265,ERR5059062,2021-02-25,2021-02-22,2020-12-21,{'B.1.1.7': 3},171173,3,-1,2147483648,3,False,3
node_445937,SRR19831317,SRR18380077,2021-12-22,2022-02-08,2022-02-13,{'BA.1.15': 2},1051297,2,-1,2147483648,4,False,2
node_629667,SRR29065125,SRR28145013,2024-02-12,2024-05-06,2024-01-27,{'JN.1.30': 1},1886259,1,1854739,3,6,False,1
node_586859,node_586857,SRR24638866,2023-01-23,2023-01-23,2023-03-06,"{'XCT': 25, 'XCT.1': 32, 'BA.2': 1}",1673437,112021,1673437,0,15,True,58
ERR5480457,ERR5175948,ERR5339083,2021-03-04,2020-12-25,2021-02-11,{'B.1.1.7': 1},183378,1,-1,2147483648,0,False,1
node_771745,SRR20505471,ERR10383236,2022-04-11,2022-04-11,2022-09-27,{'BA.2.28': 9},1431980,9,-1,2147483648,3,False,9
node_188898,SRR19255500,node_188897,2021-11-12,2021-12-20,2021-11-12,{'AY.39.1': 2},864949,2,-1,2147483648,5,False,2
node_186141,SRR20250955,node_186140,2021-10-12,2021-11-12,2021-10-12,{'AY.100': 47},754484,49,-1,2147483648,5,False,47
node_698332,SRR20748020,SRR20664150,2022-09-04,2022-07-10,2022-07-06,{'BA.5.2.1': 7},1645355,7,1645356,1,0,False,7
node_186544,node_186403,SRR15519197,2021-07-14,2021-09-28,2021-07-30,{'AY.100': 47},369147,47,-1,2147483648,2,False,47
node_189949,SRR15388721,node_189948,2021-07-15,2021-07-27,2021-07-15,{'B.1.617.2': 3},371278,9,-1,2147483648,1,False,3
node_515759,ERR9006504,node_486113,2022-03-12,2022-02-20,2022-03-09,{'BA.1.1': 2},1349979,2,-1,2147483648,5,False,2
node_512629,SRR18377961,node_451224,2022-01-27,2022-01-14,2022-01-23,{'BA.1.1.2': 5},3407586,5,-1,2147483648,3,False,5
ERR6543896,ERR6525367,ERR7550487,2021-08-12,2021-08-10,2021-11-22,{'AY.4': 1},464518,1,-1,2147483648,3,False,1
SRR23489480,ERR9311740,SRR22685048,2023-01-09,2022-03-08,2022-10-02,{'BA.5.2.6': 1},1743616,1,1428716,11,10,False,1
SRR21740397,ERR10003486,SRR20919973,2022-09-01,2022-07-08,2022-07-17,{'BA.5.2.1': 1},1641737,1,1428716,4,5,False,1
SRR16237323,SRR16592867,ERR11753700,2021-09-11,2021-09-30,2021-10-17,{'AY.103': 1},582088,1,-1,2147483648,4,False,1
node_577830,ERR12454405,ERR12959796,2022-03-16,2022-04-04,2022-04-25,{'BA.2': 4},1362383,4,1362383,0,0,False,4
ERR9261777,ERR8987501,ERR12894556,2022-03-04,2022-02-13,2022-01-07,{'BA.1': 1},1322011,1,-1,2147483648,4,False,1
SRR20258317,ERR7524624,ERR6840673,2021-10-18,2021-11-19,2021-09-03,{'AY.46.4': 1},739350,1,-1,2147483648,4,False,1
SRR20247188,SRR20234295,SRR16706536,2021-10-27,2021-11-01,2021-10-03,{'AY.118': 1},779356,1,-1,2147483648,8,False,1
node_589492,SRR24259854,ERR13042495,2023-01-02,2023-04-06,2023-01-25,"{'XBB.1.5.20': 1, 'XBB.1.5': 32, 'XBB.1.5.49': 1, 'XBB.1.5.4': 1}",1702805,57052,1673437,4,1,True,35
node_311311,SRR15553506,ERR7287382,2021-09-05,2021-08-03,2021-10-29,{'AY.3': 1},553514,1,-1,2147483648,6,False,1
ERR13314379,ERR11795951,ERR12886031,2022-02-05,2022-01-02,2022-01-14,{'BA.1.1.1': 1},1216290,1,-1,2147483648,4,False,1
node_14578,SRR16791725,SRR18821035,2020-12-09,2020-11-10,2020-11-16,{'B.1.2': 9},80278,9,-1,2147483648,3,False,9
node_766057,ERR9518101,ERR12963230,2022-04-04,2022-03-27,2022-04-16,{'BA.2.36': 2},1418840,2,-1,2147483648,3,False,2
ERR8256185,ERR12853497,ERR6760619,2021-12-06,2021-11-19,2021-09-03,{'AY.4': 1},986088,1,-1,2147483648,7,False,1
node_622167,ERR12481734,ERR11923692,2023-10-30,2023-11-24,2023-08-11,"{'HV.1.2': 2, 'HV.1': 3}",1831743,1292,1673437,7,8,False,5
node_86312,ERR7304880,ERR11754966,2021-11-22,2021-10-23,2021-10-17,{'AY.4': 10},914409,10,914410,1,0,False,10
node_776880,ERR9925570,SRR21976745,2022-04-22,2022-04-04,2022-10-06,{'BA.2': 1},1453187,1,-1,2147483648,5,False,1
node_185932,SRR15516538,SRR16245913,2021-08-29,2021-07-29,2021-09-09,{'AY.100': 155},523614,157,-1,2147483648,3,False,155
ERR7648958,ERR5991611,ERR7561696,2021-11-29,2021-05-19,2021-11-24,{'AY.4': 1},948565,1,-1,2147483648,3,False,1
ERR8487500,ERR8541113,ERR8640466,2022-01-27,2022-01-31,2022-02-07,{'BA.1': 1},1168895,1,1168896,1,0,False,1
node_368254,SRR12528085,SRR12750832,2020-09-21,2020-07-05,2020-09-04,{'D.2': 4},26962,76,-1,2147483648,1,False,4
node_282578,ERR6193263,SRR15489297,2021-09-08,2021-06-26,2021-08-02,{'AY.25': 3},568208,3,-1,2147483648,3,False,3
node_48247,SRR17256096,SRR17110226,2021-12-23,2021-11-19,2021-10-22,{'AY.112.2': 2},1054140,2,-1,2147483648,3,False,2
SRR16829649,SRR17099687,SRR16884218,2021-10-09,2021-10-14,2021-10-14,{'AY.25': 1},702201,1,-1,2147483648,6,False,1
node_192357,ERR6071064,ERR6485055,2021-06-28,2021-06-02,2021-07-09,{'B.1.617.2': 49},339492,49,-1,2147483648,6,False,49
SRR16742317,SRR14896642,SRR16635675,2021-04-11,2021-05-12,2021-05-28,{'P.1': 1},251494,1,-1,2147483648,4,False,1
SRR17155394,node_359688,SRR16253164,2021-10-26,2021-10-20,2021-09-14,{'AY.44': 1},774236,1,774237,1,0,False,1
node_65707,ERR6105556,ERR7201461,2021-11-27,2021-06-09,2021-10-06,{'AY.4': 8},939147,8,939147,0,0,False,8
ERR8498533,ERR7854118,ERR8551099,2022-01-30,2021-12-15,2022-02-03,{'BA.1.1': 1},1183685,1,-1,2147483648,3,False,1
node_276811,SRR15446322,SRR16527118,2021-09-29,2021-07-24,2021-09-27,{'AY.25': 219},661758,219,-1,2147483648,3,False,219
ERR9023957,ERR8709885,ERR13168088,2022-02-22,2022-02-14,2022-01-31,{'BA.1.1': 1},1290294,1,-1,2147483648,3,False,1
node_317823,SRR23475149,SRR17328625,2021-12-10,2021-12-02,2021-12-02,{'AY.44': 1},1008764,1,-1,2147483648,5,False,1
SRR21522108,SRR21060708,SRR21948279,2022-08-28,2022-07-06,2022-09-30,{'BA.5.6': 1},1636756,1,1428716,7,4,False,1
node_325975,SRR16248022,ERR6816656,2021-09-29,2021-09-26,2021-09-14,{'AY.44': 1},660462,1,-1,2147483648,5,False,1
node_527230,ERR7808177,ERR12894556,2021-12-21,2021-12-13,2022-01-07,{'BA.1.17.2': 2},1047476,2,-1,2147483648,3,False,2
node_267172,SRR16499886,ERR7173066,2021-09-19,2021-09-22,2021-10-17,{'AY.103': 3},618048,3,-1,2147483648,5,False,3
node_531153,ERR9078236,node_531392,2022-01-17,2022-01-11,2021-12-27,{'BA.1.17': 1},1119739,1,-1,2147483648,1,False,1
SRR20254757,SRR16184577,SRR16883450,2021-10-15,2021-09-11,2021-10-12,{'AY.118': 1},727626,1,-1,2147483648,6,False,1
node_663849,ERR13010058,ERR13022872,2022-12-06,2022-10-02,2022-11-21,{'BE.1.1': 1},1718943,1,1718944,1,0,False,1
ERR5685683,ERR5041885,ERR5397133,2021-03-19,2020-12-19,2021-02-20,{'B.1.1.7': 1},209481,1,-1,2147483648,4,False,1
ERR5926261,ERR5238430,ERR5742073,2021-04-28,2021-01-22,2021-04-08,{'B.1.1.7': 1},273060,1,-1,2147483648,1,False,1
node_442312,SRR18978401,node_543802,2021-12-26,2022-01-25,2022-02-01,{'BA.1.1.18': 2},1058830,3,-1,2147483648,2,False,2
node_179198,SRR20228598,SRR17052364,2021-10-31,2021-10-26,2021-10-25,{'AY.100': 1},796946,1,655496,3,7,False,1
SRR28273033,ERR12306865,SRR26976433,2024-02-06,2023-10-29,2023-11-12,{'JN.1.1': 1},1885117,1,1885118,1,0,False,1
SRR22587069,ERR10427982,SRR21559034,2022-11-10,2022-10-14,2022-08-30,{'BF.7.21': 1},1706051,1,1428716,12,3,False,1
ERR11728397,ERR11702880,ERR8966723,2023-03-03,2023-03-27,2022-02-18,{'XBB.1.5.12': 1},1786134,1,1673437,12,5,True,1
node_46518,ERR13149562,ERR11753565,2021-07-25,2021-04-24,2021-10-17,{'B.1.617.2': 17},400127,17,-1,2147483648,6,False,17
SRR23052008,SRR23447729,ERR10355714,2022-12-20,2023-01-19,2022-09-23,{'BQ.1.1.5': 1},1729114,1,1428716,17,4,False,1
SRR16040836,SRR16059999,node_189209,2021-08-28,2021-08-25,2021-11-27,{'AY.20': 1},520674,1,520675,1,0,False,1
node_69674,ERR11754117,ERR6888780,2021-09-06,2021-10-17,2021-09-17,{'AY.4': 8},556804,8,-1,2147483648,3,False,8
ERR7528093,ERR7539514,node_174216,2021-11-18,2021-11-21,2021-08-29,{'AY.43': 1},894575,1,894576,1,0,False,1
SRR26212554,node_602247,ERR10804812,2023-08-15,2023-08-03,2023-01-04,{'XBB.1.5.10': 1},1831755,1,1673437,10,4,True,1
SRR20251029,SRR17128121,SRR20186529,2021-11-12,2021-11-16,2021-12-06,{'AY.4': 1},864853,2,687515,3,4,False,1
node_135285,ERR11754604,ERR6834520,2021-10-11,2021-10-20,2021-09-03,{'AY.4': 4},708328,4,708329,1,0,False,4
ERR8535759,ERR7989734,ERR8533434,2022-01-31,2022-01-03,2022-01-29,{'BA.1.1': 1},1186502,1,-1,2147483648,1,False,1
ERR6715412,ERR6718834,node_419086,2021-03-14,2021-04-10,2021-03-14,{'B.1.1.7': 1},200741,1,-1,2147483648,4,False,1
node_715152,SRR21886901,node_715136,2022-07-04,2022-09-19,2022-08-31,{'BA.5.1.5': 9},1551418,9,1428716,4,15,False,9
node_664440,ERR10756048,node_658815,2023-01-25,2022-12-15,2022-12-20,{'BQ.1.1.66': 3},1753495,3,1753496,1,0,False,3
node_221778,node_221770,ERR7481855,2021-10-17,2021-09-14,2021-11-11,{'AY.43': 2},732997,2,-1,2147483648,5,False,2
SRR20918238,SRR17820300,ERR7233601,2021-12-16,2022-01-18,2021-10-20,{'AY.119': 1},1033171,1,-1,2147483648,7,False,1
node_647040,SRR22391468,SRR22117054,2022-09-13,2022-10-28,2022-10-14,{'BA.5.1': 17},1656692,17,1428716,5,2,False,17
ERR12420108,ERR8645233,ERR8272348,2022-04-04,2022-02-08,2022-01-21,{'BA.2': 1},1419917,1,-1,2147483648,4,False,1
SRR16884109,SRR16833146,node_189140,2021-10-12,2021-10-10,2021-09-02,{'AY.39': 1},715188,1,715189,1,0,False,1
ERR6404024,ERR5920755,ERR6333104,2021-07-23,2021-05-02,2021-07-11,{'AY.4': 1},392580,1,-1,2147483648,4,False,1
node_188565,ERR6681875,ERR6570387,2021-10-19,2021-09-01,2021-08-06,{'AY.4': 2},633798,24,-1,2147483648,1,False,2
node_466917,ERR9088496,ERR7780086,2022-03-06,2022-02-18,2021-12-10,{'BA.1.1': 3},1327888,3,-1,2147483648,6,False,3
node_435891,ERR5743634,ERR11822444,2021-01-15,2021-04-10,2021-04-05,{'B.1.1.7': 1},110720,1,-1,2147483648,5,False,1
ERR11822620,ERR11756296,ERR6760245,2021-08-19,2021-11-28,2021-08-27,{'AY.43': 1},485861,1,-1,2147483648,3,False,1
SRR21539649,ERR12118167,node_640066,2022-08-26,2022-03-17,2022-08-12,{'BA.5.1.22': 1},1633586,1,1428716,5,14,False,1
node_302047,SRR23878906,ERR12794260,2021-08-17,2021-10-27,2021-07-19,{'AY.3': 1},478746,1,-1,2147483648,3,False,1
node_716119,SRR20919715,ERR13121057,2022-10-30,2022-07-18,2022-04-30,{'BA.4.1': 1},1700112,1,-1,2147483648,5,False,1
SRR20349329,ERR9397109,SRR18537306,2022-02-17,2022-03-14,2022-01-10,{'BA.1.18': 1},1273139,1,-1,2147483648,6,False,1
node_183807,SRR15628882,SRR20178538,2021-08-02,2021-08-04,2021-11-18,{'AY.100': 12},601772,76,-1,2147483648,3,False,12
node_729941,ERR9490302,SRR19073176,2022-06-14,2022-03-23,2022-04-12,{'BA.2': 1},1524122,1,-1,2147483648,5,False,1
SRR20259302,SRR19277383,ERR13153313,2021-10-20,2021-12-23,2021-07-30,{'AY.119': 1},749071,10,-1,2147483648,5,False,1
ERR7150546,ERR6417742,ERR6999528,2021-10-07,2021-07-27,2021-09-15,{'AY.4': 1},691735,1,-1,2147483648,5,False,1
node_188459,ERR7303279,ERR7147134,2021-10-12,2021-10-11,2021-10-06,{'AY.4.2': 7},682539,37,-1,2147483648,4,False,7
node_264836,SRR16788423,ERR9899245,2021-10-05,2021-10-06,2021-08-11,{'AY.103': 1},683714,1,-1,2147483648,4,False,1
node_188415,ERR7122290,ERR7307838,2021-10-21,2021-10-12,2021-10-27,{'AY.4.2.2': 3},751955,3,704794,2,0,False,3
SRR16884182,SRR16594414,node_189119,2021-10-11,2021-10-04,2021-09-23,{'AY.39': 1},710251,1,710252,1,0,False,1
node_371939,ERR5041885,ERR6007690,2021-07-03,2020-12-19,2021-05-10,{'B.1.1.7': 2},348897,2,-1,2147483648,4,False,2
SRR25443946,ERR6466705,ERR6307905,2021-04-18,2021-07-31,2021-07-03,{'AY.1': 1},261754,1,-1,2147483648,4,False,1
ERR9825147,ERR9825166,ERR10366269,2022-04-22,2022-04-22,2022-09-27,{'BA.2': 1},1451986,1,-1,2147483648,3,False,1
node_342761,ERR11754783,ERR6488595,2021-06-30,2021-10-19,2021-08-01,"{'AY.36': 3597, 'AY.36.1': 141}",348025,3784,-1,2147483648,4,False,3738
node_64373,ERR6370097,ERR6427219,2021-06-15,2021-07-15,2021-07-21,{'AY.4': 49},321284,49,-1,2147483648,3,False,49
ERR7317537,ERR12839841,ERR6440908,2021-10-25,2021-10-26,2021-07-26,{'AY.4': 1},768232,1,768233,1,0,False,1
SRR25446451,SRR23291509,ERR11190046,2023-01-09,2023-01-06,2023-02-12,{'XBB.1.5.33': 1},1743608,3,1673437,9,2,True,1
node_779166,SRR14189601,ERR4238579,2021-01-15,2021-01-13,2020-05-07,{'C.16': 1},111862,1,-1,2147483648,3,False,1
ERR6828874,ERR6136571,ERR6827525,2021-09-09,2021-06-17,2021-08-31,{'AY.4': 1},571124,1,-1,2147483648,4,False,1
SRR21609043,ERR9626969,ERR10047375,2022-07-21,2022-04-13,2022-08-02,{'BA.5.2': 1},1584169,1,1428716,5,5,False,1
node_771737,ERR9664307,SRR19720251,2022-04-11,2022-04-20,2022-05-24,{'BA.2': 3},1432646,3,-1,2147483648,4,False,3
node_126687,ERR7266843,ERR6186495,2021-11-20,2021-10-24,2021-06-22,{'AY.4': 2},906809,2,-1,2147483648,3,False,2
SRR20116166,SRR17300436,SRR20259384,2021-12-01,2021-12-03,2021-10-21,{'AY.103': 1},963692,1,-1,2147483648,8,False,1
ERR6405162,ERR6220213,ERR6924773,2021-07-26,2021-06-28,2021-09-27,{'B.1.617.2': 1},400696,1,-1,2147483648,5,False,1
node_121815,ERR6482099,ERR6816898,2021-09-27,2021-08-03,2021-09-15,{'AY.110': 24},662302,24,-1,2147483648,3,False,24
node_498044,ERR9338224,ERR8144105,2022-04-18,2022-03-08,2022-01-18,{'BA.1.1': 12},1442413,12,-1,2147483648,3,False,12
node_237765,ERR7470203,SRR20179717,2021-11-03,2021-11-10,2021-11-26,{'AY.118': 1},814992,26,-1,2147483648,3,False,1
node_188712,ERR6112499,ERR11754543,2021-10-07,2021-06-08,2021-10-19,{'AY.4': 10},691721,11,-1,2147483648,3,False,10
node_189076,SRR16115913,SRR20259589,2021-10-08,2021-09-14,2021-10-21,{'AY.39': 1},698335,1,-1,2147483648,7,False,1
node_43888,ERR5176149,ERR5025424,2021-01-26,2020-12-28,2020-12-09,{'B.1.177.16': 1},125201,1,-1,2147483648,4,False,1
SRR20259884,SRR15894154,SRR16884115,2021-10-21,2021-07-20,2021-10-12,{'AY.107': 1},753022,1,-1,2147483648,9,False,1
ERR6760245,SRR15518151,node_188762,2021-08-27,2021-08-02,2021-08-27,{'AY.107': 1},515367,1,515368,1,0,False,1
node_722962,ERR10000059,SRR20920302,2022-07-10,2022-07-06,2022-07-17,{'BA.4': 3},1478145,7617,1428716,4,1,False,3
SRR21178072,SRR16793537,SRR16899706,2021-11-08,2021-10-06,2021-10-19,{'AY.44': 1},842663,1,-1,2147483648,4,False,1
SRR24636652,SRR24638793,node_612088,2023-03-27,2023-03-09,2023-03-27,{'XBB.1.16.1': 1},1802985,1,1673437,12,3,True,1
SRR17235276,SRR17235277,SRR20232545,2021-10-25,2021-10-25,2021-11-03,{'AY.106': 1},769201,1,-1,2147483648,6,False,1
node_751833,ERR12924963,ERR10097053,2022-03-13,2022-02-13,2022-07-13,{'BA.2.9': 3},1390285,3,-1,2147483648,4,False,3
node_187932,SRR20178407,ERR6182076,2021-10-10,2021-11-18,2021-06-26,{'AY.113': 5},776550,5,-1,2147483648,2,False,5
ERR9223587,ERR7894465,ERR9098756,2022-03-02,2021-12-25,2022-02-22,{'BA.1.1': 1},1314582,1,-1,2147483648,2,False,1
SRR16307159,SRR16365879,ERR7005955,2021-09-15,2021-09-16,2021-09-23,{'AY.100': 1},600798,1,-1,2147483648,1,False,1
SRR24540383,SRR24606592,SRR24606855,2023-04-27,2023-03-18,2023-04-24,{'XBB.2.3': 1},1816263,1,1816264,1,0,True,1
SRR18775783,ERR8037464,SRR20903014,2022-03-15,2022-01-10,2022-02-09,{'BA.1.1': 1},1360360,1,-1,2147483648,4,False,1
ERR7307607,ERR6572774,ERR6862834,2021-10-27,2021-08-11,2021-09-19,{'AY.4': 1},778291,1,778292,1,0,False,1
SRR15993439,SRR16153749,ERR7239527,2021-08-23,2021-09-03,2021-10-16,{'AY.39': 1},497929,2,-1,2147483648,4,False,1
node_509828,ERR11780336,ERR8086413,2022-01-07,2022-03-28,2022-01-15,{'BA.1.1': 1},1091047,1,-1,2147483648,4,False,1
node_346727,node_346725,ERR11756352,2021-08-26,2021-08-26,2021-11-28,{'AY.9': 3},512469,3,-1,2147483648,3,False,3
SRR16754725,ERR5041885,SRR14380723,2021-03-28,2020-12-19,2021-03-29,{'B.1.1.7': 1},225603,1,-1,2147483648,4,False,1
SRR20251944,SRR16245696,SRR17252914,2021-11-10,2021-09-10,2021-11-04,{'AY.39': 1},853613,1,853614,1,0,False,1
SRR22734395,ERR10020874,SRR22743842,2022-11-30,2022-07-19,2022-11-03,{'BQ.1.8': 1},1715772,1,1715773,1,0,False,1
ERR7283773,ERR6931518,ERR6601033,2021-10-26,2021-09-28,2021-08-23,{'AY.5': 1},772776,1,-1,2147483648,3,False,1
ERR7558527,ERR7346860,ERR11764426,2021-11-24,2021-11-02,2021-12-05,{'AY.4': 1},925035,1,-1,2147483648,3,False,1
node_478153,ERR12255012,SRR18736101,2022-04-03,2022-04-06,2022-03-20,{'BA.1.1': 1},1416842,1,-1,2147483648,4,False,1
ERR7369556,ERR7216844,ERR6999202,2021-10-29,2021-10-23,2021-09-27,{'AY.4.2': 1},787533,1,650489,2,4,False,1
SRR19837068,SRR18155059,ERR11822152,2022-02-10,2022-01-20,2022-02-14,{'BA.1.1': 1},1241130,1,-1,2147483648,5,False,1
ERR9458661,node_579489,ERR10711783,2022-03-22,2022-03-22,2022-03-14,{'BA.2': 1},1380821,1,-1,2147483648,4,False,1
node_570760,ERR11862419,SRR19689143,2022-04-22,2022-05-20,2022-05-15,{'BA.2': 9},1452530,9,-1,2147483648,1,False,9
ERR7305190,ERR7164782,node_188646,2021-10-21,2021-10-15,2021-12-05,{'AY.4': 1},751852,1,751853,1,0,False,1
node_189058,SRR16144960,SRR15391088,2021-09-07,2021-07-30,2021-07-15,{'AY.39': 1},562292,1,-1,2147483648,5,False,1
ERR5558174,ERR5467360,ERR5222460,2021-03-15,2021-03-03,2021-01-18,{'B.1.1.7': 1},202755,1,-1,2147483648,3,False,1
ERR12307116,ERR9302741,ERR8985339,2022-04-07,2022-03-06,2022-02-13,{'BA.2': 1},1425408,1,-1,2147483648,3,False,1
node_759348,ERR8566458,SRR19321236,2022-03-18,2022-02-05,2022-05-07,{'BA.2': 2},1368909,2,-1,2147483648,3,False,2
SRR17444140,ERR9899087,SRR18027128,2021-08-01,2021-08-09,2021-08-11,{'AY.20': 1},425552,1,-1,2147483648,4,False,1
node_20204,node_20203,SRR14389250,2021-03-12,2021-03-12,2021-03-12,{'B.1.526': 17},195942,17,-1,2147483648,3,False,17
SRR15557674,ERR6815303,SRR15548370,2021-08-03,2021-09-15,2021-07-29,{'AY.44': 1},433824,1,433825,1,0,False,1
node_345492,ERR6136456,node_345491,2021-09-21,2021-06-17,2021-09-21,{'AY.20': 4},628101,4,-1,2147483648,7,False,4
node_667462,ERR10462341,ERR13023797,2022-12-28,2022-10-20,2022-12-05,{'BQ.1.1.13': 2},1733440,2,1733440,0,2,False,2
ERR8506803,node_454212,ERR12118409,2022-01-30,2022-01-30,2022-04-07,{'BA.1': 1},1181976,1,-1,2147483648,4,False,1
SRR17521918,SRR17521854,SRR17276146,2021-12-15,2021-12-13,2021-12-08,{'AY.127': 1},1028210,1,-1,2147483648,3,False,1
SRR18689404,SRR17960883,SRR18689347,2022-02-08,2021-12-26,2022-02-08,{'BA.1': 1},1230823,1,988511,2,3,False,1
node_701658,ERR8617147,ERR13008946,2022-09-04,2022-02-07,2022-07-05,{'BA.5.2': 2},1644799,2,1428716,8,4,False,2
SRR21810309,SRR22844222,ERR10003894,2022-09-14,2022-07-31,2022-07-08,{'BA.5.2.1': 1},1657693,1,1428716,7,6,False,1
SRR23923562,SRR23273106,ERR11079349,2023-01-03,2022-12-29,2023-02-26,{'XBB.2.6': 1},1738822,1,1673437,5,3,True,1
SRR15993338,SRR15806724,ERR6485055,2021-08-23,2021-08-12,2021-07-09,{'AY.39': 1},497876,1,-1,2147483648,3,False,1
node_558492,ERR11781017,ERR10296875,2022-02-13,2022-03-28,2022-09-17,"{'BA.2': 9, 'BA.2.9': 1}",965896,552721,-1,2147483648,1,False,10
SRR16899114,SRR16530593,SRR16199631,2021-10-17,2021-09-22,2021-09-12,{'AY.44': 1},733975,1,733976,1,0,False,1
SRR17060156,SRR16899094,SRR16853601,2021-11-05,2021-10-16,2021-10-16,{'AY.44': 1},825331,1,-1,2147483648,3,False,1
ERR6774497,ERR6591279,ERR11764426,2021-09-08,2021-08-21,2021-12-05,{'AY.4': 1},564702,1,-1,2147483648,4,False,1
ERR7305170,ERR7316924,ERR7303279,2021-10-26,2021-10-12,2021-10-11,{'AY.4.2': 1},773460,1,-1,2147483648,5,False,1
ERR7324012,ERR11755162,ERR6126779,2021-10-30,2021-10-19,2021-06-15,{'AY.4': 1},791251,1,-1,2147483648,3,False,1
ERR9618461,ERR11781415,ERR12887101,2022-04-05,2022-03-29,2022-01-10,{'BA.2': 1},1420831,1,1420832,1,0,False,1
SRR16571026,SRR14394069,SRR14389964,2021-05-04,2021-04-03,2021-03-29,{'B.1.1.7': 1},280103,1,-1,2147483648,6,False,1
ERR10381553,ERR10000088,ERR10627244,2022-10-05,2022-07-05,2022-11-04,{'BF.2': 1},1678439,1,1428716,8,4,False,1
node_412149,SRR14152652,SRR16733094,2021-04-09,2021-03-16,2021-04-23,{'B.1.1.7': 2},248875,2,-1,2147483648,4,False,2
ERR6435944,ERR6305956,ERR6492374,2021-07-14,2021-07-02,2021-07-21,{'AY.4': 1},368667,1,-1,2147483648,3,False,1
node_245069,ERR6338202,ERR6676246,2021-09-20,2021-07-13,2021-08-30,{'AY.46.5': 3},629256,3,-1,2147483648,4,False,3
SRR21008396,SRR19907381,SRR20884037,2022-07-29,2022-06-17,2022-07-15,{'BA.5.5': 1},1598066,1,1428716,6,3,False,1
node_491405,ERR8988881,ERR12894556,2022-03-09,2022-02-12,2022-01-07,{'BA.1.1': 2},1340129,2,-1,2147483648,3,False,2
node_749000,ERR8149553,ERR13173177,2022-03-15,2022-01-18,2022-06-17,{'BA.2': 3},1360191,3,1360191,0,0,False,3
node_481761,ERR8288314,ERR10511768,2022-03-01,2022-01-21,2022-11-09,{'BA.1.1': 3},1311517,3,1311517,0,0,False,3
ERR8123495,node_731285,ERR12752656,2022-01-17,2022-01-17,2022-05-08,{'BA.2.3': 1},1118411,1,-1,2147483648,3,False,1
SRR16380911,SRR15877380,ERR6882554,2021-09-17,2021-08-12,2021-08-27,{'AY.100': 1},610456,1,-1,2147483648,3,False,1
SRR15894473,SRR15225232,ERR6491956,2021-07-25,2021-07-08,2021-07-21,{'AY.100': 1},399848,1,-1,2147483648,4,False,1
SRR21369695,ERR10371693,ERR10002305,2022-08-13,2022-09-29,2022-07-04,{'BA.5.2.1': 1},1618418,1,1428716,9,5,False,1
node_179878,SRR16883912,SRR15556628,2021-10-15,2021-10-13,2021-08-01,{'AY.100': 1},726926,1,-1,2147483648,9,False,1
ERR10771775,ERR10771834,SRR19956517,2023-01-03,2023-01-03,2022-06-08,{'BQ.1.1.34': 1},1737758,1,1428716,15,3,False,1
node_97718,ERR7305258,ERR11756946,2021-10-05,2021-10-15,2021-12-03,{'AY.4.2': 30},682539,37,-1,2147483648,4,False,30
SRR21212334,ERR10383517,ERR10024647,2022-08-12,2022-10-04,2022-07-25,{'BA.5.2': 1},1616032,1,1428716,8,4,False,1
node_40142,ERR4803159,SRR14377116,2020-11-02,2020-10-22,2021-02-27,{'B.1.177.57': 3},54478,3,-1,2147483648,5,False,3
node_607666,ERR11923729,ERR11642399,2023-08-21,2023-08-12,2023-06-08,{'XCP': 40},1833066,40,1833066,0,0,True,40
node_162854,ERR6472119,ERR7215603,2021-08-31,2021-08-03,2021-10-22,{'AY.4': 1},530119,1,-1,2147483648,5,False,1
ERR12795818,ERR11761357,ERR6515738,2021-07-16,2021-06-27,2021-08-05,{'AY.7.1': 1},374479,1,-1,2147483648,3,False,1
node_436647,ERR12786300,ERR5700109,2021-02-04,2021-05-31,2021-04-02,{'B.1.1.7': 12},138745,12,-1,2147483648,5,False,12
SRR20249562,SRR19931969,SRR15200045,2021-11-10,2021-11-04,2021-07-02,{'AY.39': 1},853325,1,-1,2147483648,4,False,1
node_189249,ERR13160269,node_183814,2021-06-16,2021-08-03,2021-09-15,"{'AY.100': 914, 'B.1.617.2': 3}",167127,1241012,-1,2147483648,1,False,917
node_635795,ERR12554229,ERR12862680,2023-12-13,2023-12-18,2023-12-27,{'BA.2.86.1': 1},1870873,1,1854739,3,3,False,1
SRR20554029,ERR12894556,SRR18434695,2022-03-22,2022-01-07,2022-03-10,{'BA.1': 1},1382867,1,-1,2147483648,4,False,1
ERR6455468,ERR6513140,ERR6475101,2021-07-29,2021-08-03,2021-07-27,{'AY.4': 1},412207,1,-1,2147483648,4,False,1
node_330748,SRR21323800,ERR6879367,2021-10-01,2021-11-11,2021-09-19,{'AY.44': 8},728303,8,-1,2147483648,4,False,8
node_377904,ERR5041885,ERR5687918,2021-04-02,2020-12-19,2021-03-29,{'B.1.1.7': 2},235567,2,-1,2147483648,3,False,2
node_705721,SRR21038877,ERR10150419,2022-10-03,2022-07-23,2022-08-23,{'BA.5.2.25': 8},1676926,8,1428716,10,5,False,8
SRR17157536,SRR15225135,SRR16728687,2021-08-01,2021-07-12,2021-04-23,{'AY.3.1': 1},425791,1,425792,1,0,False,1
ERR6634211,ERR6309043,ERR6440908,2021-08-19,2021-07-04,2021-07-26,{'AY.4': 1},484659,1,-1,2147483648,0,False,1
SRR23498079,ERR10931842,SRR23498090,2023-01-30,2023-01-31,2023-01-23,{'XBB.6.1': 1},1756261,1,1673437,7,3,True,1
node_189199,SRR16781977,SRR15199951,2021-10-06,2021-10-07,2021-06-25,{'AY.20': 8},694695,8,-1,2147483648,4,False,8
ERR9714811,ERR12782608,ERR7853104,2022-04-22,2022-06-09,2021-12-18,{'BA.2': 1},1451962,1,-1,2147483648,6,False,1
node_108784,ERR8169459,ERR13153217,2021-12-10,2021-12-08,2021-07-31,{'AY.4.2': 1},1008376,1,-1,2147483648,3,False,1
ERR7561766,ERR7136503,ERR11761504,2021-11-24,2021-10-13,2021-07-08,{'AY.25': 1},925426,1,-1,2147483648,5,False,1
node_442304,SRR19827307,node_442312,2022-01-06,2022-02-02,2021-12-26,{'BA.1.1': 1},1088956,1,-1,2147483648,2,False,1
node_345102,ERR13160882,SRR16727405,2021-08-10,2021-09-09,2021-04-25,{'AY.20': 3},675872,3,-1,2147483648,4,False,3
SRR16239288,SRR16066812,SRR15289474,2021-09-09,2021-08-31,2021-07-18,{'AY.25': 1},573305,1,573306,1,0,False,1
node_715349,SRR19284948,ERR12538328,2022-06-16,2022-05-03,2022-06-19,{'BA.4.1': 2},1526808,2,1526808,0,0,False,2
node_234113,node_189138,ERR8201454,2021-09-20,2021-10-28,2021-12-17,{'AY.39': 13},666603,13,-1,2147483648,3,False,13
node_197715,node_197558,node_197713,2021-11-26,2021-11-26,2021-11-26,{'AY.121': 5},1034296,5,-1,2147483648,3,False,5
ERR7309650,ERR6935664,ERR7147908,2021-10-21,2021-09-30,2021-10-05,{'AY.4.2': 1},751896,1,751897,1,0,False,1
ERR7312514,ERR6772652,ERR6486677,2021-11-02,2021-09-06,2021-07-03,{'AY.4': 1},805600,1,-1,2147483648,4,False,1
node_120339,node_110947,ERR7117567,2021-10-23,2021-11-08,2021-10-11,{'AY.4': 1},759680,1,-1,2147483648,2,False,1
node_233065,SRR15295106,SRR16307205,2021-06-23,2021-06-26,2021-09-13,{'AY.39': 35},331001,379,-1,2147483648,1,False,35
SRR21371381,ERR10000161,SRR20663851,2022-08-12,2022-07-06,2022-07-06,{'BE.2': 1},1616509,1,1616510,1,0,False,1
SRR15775617,node_291545,SRR20946507,2021-08-17,2021-08-17,2021-11-23,{'AY.25.3': 1},478579,1,-1,2147483648,4,False,1
SRR24357661,ERR11007943,SRR26444158,2023-04-17,2023-02-28,2023-04-04,{'XBB.1.9.1': 1},1812741,1,1673437,9,5,True,1
SRR19956517,SRR19609066,ERR10771775,2022-06-08,2022-04-21,2023-01-03,{'BA.2.12.1': 1},1514917,1,-1,2147483648,3,False,1
node_648800,ERR10088565,SRR20536005,2022-07-28,2022-08-08,2022-03-27,{'BA.5.1.3': 1},1597007,1,1428716,5,4,False,1
SRR16245601,SRR16307143,ERR6840673,2021-09-09,2021-09-13,2021-09-03,{'AY.3': 1},573470,1,-1,2147483648,4,False,1
ERR9934474,ERR10081417,ERR12973221,2022-07-02,2022-08-05,2022-07-12,{'BA.5.2.1': 1},1548194,1,1428716,10,4,False,1
node_192309,ERR7317796,node_212107,2021-08-02,2021-10-27,2021-06-23,{'B.1.617.2': 2},167127,1241012,-1,2147483648,1,False,2
node_635415,ERR13059708,ERR13322179,2023-11-20,2023-11-13,2024-01-18,{'JN.1.8.3': 2},1861990,2,1854739,10,3,False,2
ERR6823716,ERR6576663,ERR12840515,2021-09-16,2021-08-17,2021-10-28,{'AY.4': 1},602374,1,-1,2147483648,3,False,1
node_23743,SRR15152414,ERR6933894,2021-03-18,2021-03-26,2021-09-29,{'B.1.637': 2},209072,2,-1,2147483648,6,False,2
SRR20357321,ERR11838150,ERR8678945,2022-02-07,2022-01-24,2022-02-10,{'BA.1.1': 1},1225556,1,-1,2147483648,4,False,1
node_231952,node_231863,SRR20186850,2021-11-11,2021-09-08,2021-12-04,{'AY.39': 19},892897,19,-1,2147483648,7,False,19
ERR13079440,ERR13052735,ERR12385278,2023-12-11,2023-11-27,2023-11-02,{'JD.1.1': 1},1870079,1,1673437,12,7,False,1
node_236347,node_189115,SRR20769666,2021-07-08,2021-10-03,2021-10-23,{'AY.39': 4},358170,5,-1,2147483648,3,False,4
ERR13041352,ERR13011374,ERR13051547,2022-11-25,2022-10-17,2022-12-23,{'BQ.1.13': 1},1712934,1,1712935,1,0,False,1
ERR8108551,ERR11796424,ERR8299527,2022-01-12,2022-01-10,2022-01-23,{'BA.1.12': 1},1103063,1,-1,2147483648,4,False,1
ERR4989513,ERR4793021,ERR4989221,2020-11-27,2020-10-17,2020-11-25,{'AD.2': 1},70746,1,-1,2147483648,2,False,1
ERR7239529,ERR6930264,ERR6440908,2021-10-16,2021-09-27,2021-07-26,{'AY.4': 1},729830,1,729831,1,0,False,1
SRR15993592,SRR15199928,SRR15629067,2021-08-25,2021-06-25,2021-08-05,{'AY.118': 1},506275,1,506276,1,0,False,1
ERR12077872,ERR12077728,ERR11343376,2023-09-09,2023-09-04,2023-04-06,{'FL.8': 1},1839782,1,1673437,11,8,False,1
ERR8256177,ERR7651193,ERR7147142,2021-12-09,2021-11-30,2021-10-08,{'AY.43': 1},1004564,1,-1,2147483648,3,False,1
SRR18837225,SRR20469418,SRR19759318,2022-03-25,2022-02-23,2022-03-01,{'BA.1.1': 1},1393389,1,-1,2147483648,4,False,1
ERR12079917,ERR12080718,ERR11253876,2022-12-19,2022-12-14,2023-03-28,{'BA.5.2': 1},1728007,1,1428716,11,10,False,1
ERR8551406,ERR11826612,ERR8268990,2022-02-02,2022-04-04,2022-01-20,{'BA.1.17.2': 1},1200700,1,-1,2147483648,3,False,1
node_179517,SRR17218751,ERR6440908,2021-10-27,2021-11-21,2021-07-26,{'AY.100': 6},779345,6,779346,1,0,False,6
ERR6380511,ERR6329037,ERR6425163,2021-07-20,2021-07-07,2021-07-20,{'AY.120': 1},382725,1,-1,2147483648,3,False,1
SRR21458174,ERR13090347,SRR20136249,2022-08-19,2022-03-28,2022-06-19,{'BA.4': 1},1625490,1,1625491,1,0,False,1
ERR9085156,ERR8150270,SRR17992458,2022-02-13,2022-01-17,2022-01-09,{'BA.1.1': 1},1254314,1,-1,2147483648,5,False,1
ERR8560869,ERR7906935,ERR11804047,2022-02-04,2021-12-28,2022-03-03,{'BA.1.15.1': 1},1207783,1,-1,2147483648,3,False,1
SRR19815278,SRR20250316,ERR6495160,2021-11-18,2021-11-11,2021-07-31,{'AY.125': 1},895953,1,-1,2147483648,7,False,1
node_776721,ERR10000742,node_544099,2022-03-03,2022-07-02,2022-01-29,{'BA.2': 5},871727,859026,-1,2147483648,16,False,5
ERR7710246,ERR7305731,ERR11756207,2021-11-27,2021-10-13,2021-11-26,{'AY.4.2': 1},939498,1,-1,2147483648,3,False,1
ERR7317567,ERR7307921,ERR11822620,2021-10-12,2021-09-28,2021-08-19,{'AY.4': 1},715550,1,-1,2147483648,3,False,1
node_105564,ERR7347599,ERR7177461,2021-11-29,2021-11-03,2021-10-17,{'AY.4.2.1': 5},946954,5,-1,2147483648,3,False,5
node_419884,ERR11760413,ERR5667362,2021-03-24,2021-06-07,2021-03-22,{'B.1.1.7': 4},218845,4,-1,2147483648,4,False,4
node_216269,ERR7383744,node_216268,2021-08-05,2021-11-02,2021-08-05,{'AY.6': 1},440653,1,-1,2147483648,5,False,1
ERR6659999,ERR6831511,ERR6480351,2021-08-28,2021-08-26,2021-08-04,{'AY.120': 1},519200,1,-1,2147483648,4,False,1
ERR7541831,ERR7350990,ERR11756968,2021-11-17,2021-11-03,2021-12-03,{'AY.4': 1},889633,1,-1,2147483648,3,False,1
node_125443,ERR11761851,ERR6644772,2021-09-25,2021-07-16,2021-08-15,{'AY.4': 1},643798,1,643799,1,0,False,1
node_544105,ERR8551466,ERR10004467,2022-03-21,2022-02-02,2022-04-22,{'BA.1': 1},1379623,1,1379624,1,0,False,1
SRR18929278,SRR20899370,SRR20888335,2022-02-23,2022-02-08,2022-01-04,{'BA.1': 1},1297035,1,-1,2147483648,5,False,1
SRR16829531,SRR20918075,SRR16851266,2021-10-07,2021-12-16,2021-10-14,{'AY.113': 1},693741,1,373989,1,4,False,1
SRR23373140,ERR12258714,SRR23373075,2023-01-20,2022-04-06,2023-01-20,{'BQ.1.1': 1},1749871,1,1428716,13,1,False,1
ERR7290198,ERR7275079,ERR12840515,2021-10-27,2021-10-25,2021-10-28,{'AY.98': 1},780383,1,-1,2147483648,3,False,1
node_651350,ERR10432103,ERR12752656,2022-10-27,2022-10-09,2022-05-08,{'BA.5.1.37': 3},1698301,3,1698302,1,0,False,3
node_189605,SRR16345224,ERR6491956,2021-10-24,2021-09-15,2021-07-21,{'AY.100': 17},764310,20,-1,2147483648,5,False,17
SRR20178424,SRR15709231,SRR20953778,2021-11-18,2021-08-25,2021-11-09,{'AY.3.1': 1},896062,1,-1,2147483648,3,False,1
SRR16690161,SRR16884795,SRR15948495,2021-09-30,2021-10-28,2021-08-19,{'AY.100': 1},665769,3,-1,2147483648,3,False,1
node_47717,SRR20180432,ERR6309286,2021-10-29,2021-11-26,2021-07-03,{'AY.117': 30},827979,31,-1,2147483648,3,False,30
node_782768,ERR13159128,SRR14380506,2021-04-26,2021-05-18,2021-03-31,{'P.1': 2},270678,2,-1,2147483648,8,False,2
SRR17861166,node_407873,ERR5175948,2021-04-20,2021-04-20,2020-12-25,{'B.1.1.7': 1},264057,1,-1,2147483648,4,False,1
node_625609,ERR13079570,ERR10983997,2023-08-13,2023-07-10,2023-02-22,{'HN.4': 7},1837733,7,1673437,15,6,False,7
SRR23903793,SRR23729219,SRR23728611,2023-03-06,2023-02-21,2023-02-18,{'XBB.1.5': 1},1787729,1,1673437,9,6,True,1
SRR20710781,ERR11856754,SRR18433772,2022-06-09,2022-06-14,2022-03-10,{'BA.2.12.1': 1},1516651,1,-1,2147483648,3,False,1
SRR16040868,SRR15877167,SRR15271843,2021-08-25,2021-08-26,2021-07-14,{'AY.25': 1},506518,1,-1,2147483648,7,False,1
node_188318,ERR7188815,ERR7147908,2021-11-05,2021-10-20,2021-10-05,{'AY.4': 2},746207,9,-1,2147483648,3,False,2
SRR28334807,SRR28166764,ERR13077040,2024-02-15,2024-01-31,2023-12-18,{'JN.1': 1},1886751,1,1854739,12,3,False,1
ERR10187517,ERR12902194,ERR10019929,2022-08-24,2022-02-06,2022-07-03,{'BA.5.2.1': 1},1631711,1,1428716,8,1,False,1
SRR19978900,SRR19903192,ERR4759554,2021-11-26,2021-11-09,2020-10-10,{'AY.103': 1},935635,1,-1,2147483648,4,False,1
SRR16733094,SRR14152669,node_412149,2021-04-23,2021-03-14,2021-04-09,{'B.1.1.7': 1},268115,1,-1,2147483648,5,False,1
node_128082,ERR7467826,ERR12845982,2021-11-30,2021-11-10,2021-11-10,{'AY.4': 2},956603,2,-1,2147483648,3,False,2
SRR17345274,SRR17235283,SRR17267747,2021-12-04,2021-10-29,2021-11-22,{'AY.112.2': 1},977601,1,-1,2147483648,4,False,1
node_339021,node_338886,ERR9187808,2021-09-19,2021-06-19,2021-11-04,{'AY.122': 2},616624,2,-1,2147483648,3,False,2
ERR8248733,ERR8063431,ERR6761066,2021-12-20,2022-01-01,2021-08-31,{'AY.4.2.2': 1},1044745,1,-1,2147483648,1,False,1
SRR15818841,SRR16237191,SRR15518521,2021-08-09,2021-08-04,2021-08-03,{'AY.100': 1},455340,1,-1,2147483648,5,False,1
node_545644,node_545642,ERR9024265,2022-06-01,2022-05-20,2022-02-22,{'BA.2.12.1': 2},1505803,2,-1,2147483648,4,False,2
SRR14567652,SRR14310095,SRR14389959,2021-04-08,2021-03-18,2021-03-30,{'B.1.1.7': 1},246531,1,-1,2147483648,5,False,1
SRR14398952,SRR16716109,SRR17363986,2021-03-14,2021-03-14,2020-12-12,{'B.1.2': 1},200020,1,-1,2147483648,6,False,1
node_192011,SRR20259671,ERR11753829,2021-11-13,2021-10-19,2021-10-17,{'AY.107': 2},869463,2,-1,2147483648,10,False,2
SRR16258669,SRR16258653,ERR12795818,2021-08-04,2021-08-04,2021-07-16,{'AY.118': 1},438611,1,-1,2147483648,4,False,1
ERR13132286,ERR11761400,ERR5181396,2021-07-07,2021-06-30,2021-01-04,{'B.1.1.7': 1},356793,1,-1,2147483648,4,False,1
node_627496,ERR13053855,SRR19620834,2023-10-18,2023-11-27,2022-05-26,"{'JN.1.4': 4741, 'JN.1.39': 452, 'JN.6': 69, 'JN.1.43': 158, 'JN.1.9': 289, 'JN.1': 7448, 'JN.1.42': 263, 'XDD.1': 17, 'JN.1.1': 1570, 'LP.1': 17, 'BA.2.86.1': 656, 'JN.1.7': 570, 'JN.1.4.2': 260, 'KP.2': 214, 'KP.3.1.6': 11, 'KP.3.2.4': 83, 'JN.1.47': 55, 'JN.1.8': 151, 'JN.1.13.1': 221, 'JN.1.4.5': 1030, 'JN.1.1.7': 15, 'KP.4.2': 10, 'JN.1.16.2': 4, 'JN.1.6': 186, 'JN.1.52': 67, 'JN.1.4.1': 25, 'JN.7': 83, 'KP.1': 15, 'JN.11': 42, 'JN.1.4.6': 64, 'JN.1.63': 14, 'JN.1.58.3': 2, 'JQ.1': 103, 'JN.1.39.3': 14, 'JN.1.5': 63, 'KP.3.1.5': 4, 'JN.1.7.2': 64, 'JN.1.4.8': 29, 'JN.1.50': 8, 'KP.1.2': 13, 'JN.1.31': 93, 'JN.1.64': 43, 'JN.3': 98, 'KP.3.3.3': 6, 'JN.1.8.1': 586, 'KQ.1': 86, 'JN.1.7.5': 178, 'JN.1.22': 233, 'LF.1': 13, 'JN.1.18': 171, 'JN.2': 206, 'KV.2': 147, 'JN.1.4.7': 54, 'JN.1.46': 119, 'JN.1.43.1': 92, 'LB.1.4': 22, 'JN.1.55.1': 2, 'JN.1.60': 21, 'JN.1.59': 32, 'XDK': 47, 'JN.1.45': 156, 'XDP.1': 32, 'KP.1.1': 65, 'JN.1.55': 29, 'JN.1.2': 241, 'JN.1.53.1': 12, 'JN.1.17': 42, 'MM.1': 3, 'JN.1.25.1': 3, 'JN.1.47.2': 61, 'JN.1.4.3': 51, 'JN.1.3': 32, 'JN.1.32': 119, 'JN.1.1.3': 14, 'JN.16': 3, 'JN.9': 32, 'JN.1.18.3': 22, 'JN.13': 12, 'JN.1.47.1': 5, 'JN.1.2.1': 1, 'KR.1': 27, 'KP.2.3': 171, 'KP.1.1.1': 70, 'KP.4.1': 29, 'JN.1.4.4': 20, 'JN.1.19': 218, 'JN.1.51': 9, 'JN.1.18.2': 18, 'JN.2.2': 13, 'JN.1.42.1': 6, 'KW.1': 8, 'KP.3.1': 90, 'XDD': 68, 'XDP': 80, 'KP.2.7': 5, 'JN.1.11': 39, 'JN.18': 160, 'JN.1.16.1': 61, 'JN.1.41': 58, 'KS.1': 78, 'LB.1': 42, 'JN.1.11.1': 53, 'KV.1': 1, 'XDD.1.1': 17, 'JN.1.14': 14, 'LB.1.8': 7, 'JN.3.3': 47, 'KP.1.1.3': 36, 'MD.1.1': 7, 'JN.1.1.1': 33, 'LP.3': 2, 'KP.3.2': 31, 'JN.1.49': 19, 'KP.2.2': 64, 'JN.1.8.3': 72, 'XDP.3': 15, 'JQ.2.1': 7, 'JN.2.5': 5, 'LL.1': 23, 'JN.1.16': 100, 'JN.1.28': 14, 'JN.1.1.2': 11, 'JN.1.25': 7, 'LW.1': 5, 'JN.1.27': 16, 'LA.1': 21, 'LE.1.1': 4, 'KP.2.15': 13, 'JN.4': 39, 'KP.3.3': 57, 'KP.2.1': 9, 'JN.1.34': 25, 'JN.1.1.10': 13, 'LB.1.3': 43, 'JN.1.53': 22, 'JN.10': 31, 'JN.1.9.1': 7, 'KS.1.1': 9, 'LA.2': 1, 'XDK.3': 2, 'JN.1.20': 23, 'JN.1.21': 19, 'JN.1.6.1': 28, 'LF.5': 8, 'JN.1.63.1': 2, 'JN.1.32.1': 14, 'JN.1.38': 130, 'JN.1.30': 27, 'BA.2.86': 14, 'JN.1.1.4': 10, 'JN.2.3': 37, 'KP.3.2.3': 11, 'KP.4.2.2': 4, 'XDK.1.2': 4, 'KW.1.1': 13, 'KP.3.1.4': 46, 'JN.1.1.6': 11, 'JN.1.29': 59, 'KP.3.5': 6, 'JN.1.16.3': 7, 'MA.1': 4, 'JN.1.7.1': 9, 'KP.3.2.1': 2, 'LB.1.3.2': 9, 'JN.1.26': 10, 'JN.1.58': 17, 'LB.1.3.1': 3, 'LK.1': 2, 'JN.1.36': 2, 'JN.1.50.2': 2, 'XDY': 3, 'JN.1.37': 13, 'JN.1.57': 5, 'JN.1.48.3': 3, 'JN.1.64.1': 10, 'JN.1.57.1': 4, 'KP.4.2.1': 3, 'JN.1.54': 15, 'XDK.1': 12, 'KP.3.1.1': 25, 'LQ.1.1': 11, 'XEB': 9, 'LB.1.2.1': 2, 'JN.1.44': 23, 'JN.1.62': 11, 'LP.1.1': 5, 'LF.4.1': 6, 'KP.3': 25, 'JN.1.8.2': 9, 'JN.1.10': 4, 'LF.3.1.1': 5, 'JN.1.7.3': 7, 'JN.13.1': 8, 'JN.1.56': 6, 'LF.1.1.1': 12, 'BA.2.86.2': 16, 'JN.1.24': 25, 'JN.1.51.1': 5, 'LB.1.7': 35, 'KP.2.16': 5, 'JN.1.1.5': 13, 'JN.1.7.9': 2, 'LF.1.1': 5, 'KP.2.5': 5, 'JN.1.65.1': 5, 'XDK.5': 9, 'LJ.1': 10, 'XDK.4.1': 8, 'KU.2': 5, 'KP.4.1.1': 2, 'LQ.3': 1, 'JN.1.15': 9, 'LV.1': 10, 'BA.2.86.3': 11, 'LB.1.2': 5, 'JN.1.42.2': 12, 'KP.3.4': 3, 'KZ.1': 2, 'XDD.1.1.1': 7, 'KP.2.10': 4, 'JN.1.55.2': 1, 'XDP.2': 1, 'KR.1.1': 11, 'JN.1.54.1': 2, 'JN.1.40': 6, 'MK.2': 4, 'KP.4': 6, 'JN.1.65': 5, 'JN.1.23': 8, 'LF.3.1': 5, 'JN.1.9.2': 1, 'JN.1.49.1': 6, 'LH.1': 1, 'XDD.3': 2, 'JN.1.18.6': 3, 'KS.1.3': 2, 'LE.1': 8, 'JN.1.30.1': 5, 'JN.1.28.1': 4, 'JN.2.1': 3, 'JN.5': 8, 'KW.1.1.1': 1, 'JN.1.39.1': 3, 'KP.5': 9, 'XDR': 6, 'LH.2': 4, 'LN.1.1': 5, 'KZ.1.1': 2, 'JQ.2.1.1': 1, 'KP.3.1.2': 3, 'MF.1': 4, 'JN.1.7.7': 2, 'JN.1.61': 3, 'LF.4': 4, 'LK.2.1': 2, 'JN.1.24.1': 3, 'JN.1.13': 9, 'JN.1.48.2': 1, 'BA.2.86.6': 2, 'MH.1': 1, 'JN.1.50.1': 7, 'JN.1.39.2': 5, 'KU.1': 3, 'KP.4.1.2': 1, 'KP.2.3.3': 3, 'KP.3.2.2': 3, 'KP.2.13': 2, 'XDK.4': 2, 'XDD.2': 1, 'KY.1': 1, 'LR.1': 1, 'KP.1.1.5': 6, 'JN.1.23.1': 1, 'ML.2': 1, 'JN.1.48': 7, 'JN.8': 1, 'KP.2.9': 1, 'JN.1.35': 2, 'JN.1.12': 1, 'LU.2': 1, 'LQ.1': 1, 'KP.2.6': 1, 'LY.2': 1, 'JN.1.48.1': 1, 'LC.1': 1, 'JN.1.29.1': 1, 'KP.2.8': 1, 'BA.2.86.4': 1, 'JN.1.18.4': 1, 'LY.1': 1, 'LM.1': 1, 'JN.2.4': 1, 'KP.2.14': 1, 'MD.2': 1, 'JN.1.44.1': 1, 'KP.2.3.1': 1, 'LB.1.7.1': 1, 'LF.3': 1, 'JN.14': 1, 'BA.2.86.7': 1, 'KP.3.2.5': 1, 'KP.1.1.4': 1}",871726,858794,-1,2147483648,1,True,25668
ERR7320404,ERR11755396,ERR6162082,2021-10-27,2021-10-21,2021-06-13,{'AY.4.2.3': 1},778370,1,778371,1,0,False,1
SRR20234321,SRR19263442,SRR16706057,2021-11-01,2021-11-23,2021-10-01,{'AY.25': 1},802607,1,-1,2147483648,3,False,1
SRR21317915,SRR16499858,ERR7521902,2021-10-28,2021-09-20,2021-11-19,{'AY.3': 1},784848,1,-1,2147483648,7,False,1
SRR19933618,SRR15445985,SRR17419214,2021-11-15,2021-07-29,2021-11-17,{'AY.3': 1},878959,1,-1,2147483648,3,False,1
node_185208,SRR20229141,SRR15875191,2021-10-11,2021-10-28,2021-08-26,{'AY.100': 15},710301,15,-1,2147483648,7,False,15
SRR20639284,ERR12754384,SRR21031836,2022-07-05,2022-04-19,2022-07-25,{'BA.5': 1},1553061,1,1428716,2,5,False,1
ERR6883261,ERR7189769,ERR6485055,2021-09-22,2021-10-19,2021-07-09,{'B.1.617.2': 1},630251,1,-1,2147483648,4,False,1
SRR24221061,SRR24221034,SRR23321979,2023-03-13,2023-03-11,2023-01-11,{'FD.2': 1},1793488,1,1673437,12,3,False,1
SRR15225183,SRR15391671,SRR15138410,2021-07-11,2021-07-10,2021-07-06,{'AY.100': 1},362930,1,-1,2147483648,8,False,1
node_188704,SRR15891512,ERR6042471,2021-09-16,2021-08-06,2021-05-31,{'AY.4': 3},322355,1037,-1,2147483648,1,False,3
node_203466,node_203463,ERR7643780,2021-12-01,2021-11-03,2021-11-30,{'AY.34.1': 1},962503,1,-1,2147483648,6,False,1
node_349823,SRR16055804,node_349822,2021-08-26,2021-08-24,2021-08-26,{'AY.26': 4},511334,4,-1,2147483648,7,False,4
node_115408,node_80025,ERR6300799,2021-06-08,2021-09-14,2021-07-02,{'AY.4': 92},315737,92,-1,2147483648,3,False,92
SRR17118258,SRR17117776,SRR16581572,2021-11-12,2021-11-12,2021-09-07,{'AY.20': 1},864130,1,-1,2147483648,4,False,1
ERR10296449,SRR21371541,ERR13054526,2022-09-12,2022-08-13,2022-12-01,{'BA.5.2': 1},1652914,1,1428716,8,5,False,1
ERR5392571,ERR5276659,ERR5279012,2021-02-18,2021-01-28,2021-01-29,{'B.1.1.7': 1},160644,1,-1,2147483648,3,False,1
SRR18887917,node_573486,ERR12131835,2022-04-06,2022-04-06,2022-03-17,{'BA.2': 1},1422402,1,-1,2147483648,3,False,1
node_345216,SRR20117747,SRR16380915,2021-12-11,2021-12-11,2021-09-17,{'AY.20': 1},1012486,1,-1,2147483648,2,False,1
node_655806,SRR21502497,SRR19723306,2022-06-10,2022-07-09,2022-05-27,"{'BA.5.5': 9, 'BA.5.3.3': 1}",1428716,244541,1428716,0,12,False,10
ERR6201368,ERR6574329,ERR6180763,2021-06-26,2021-08-11,2021-06-24,{'AY.4': 1},336372,1,-1,2147483648,3,False,1
ERR13286532,ERR6764707,ERR7270312,2021-11-29,2021-08-23,2021-10-25,{'AY.43': 1},952469,1,-1,2147483648,7,False,1
ERR7333661,ERR6860916,SRR17365952,2021-11-03,2021-09-18,2021-11-19,{'AY.46.5': 1},811423,1,-1,2147483648,3,False,1
node_184054,SRR16351554,ERR11848868,2021-08-28,2021-09-16,2021-07-22,{'AY.100': 12},521117,12,-1,2147483648,3,False,12
ERR9311740,SRR20648399,ERR9201977,2022-03-08,2022-06-25,2022-02-26,{'BA.2': 1},1335405,1,-1,2147483648,3,False,1
SRR27410315,SRR26980338,SRR25918205,2023-12-04,2023-11-13,2023-08-17,{'XBB.1.16.6': 1},1867978,1,1673437,16,8,True,1
ERR10039038,SRR19440203,ERR8756531,2022-07-18,2022-05-08,2022-02-12,{'BA.2': 1},1578058,1,1578059,1,0,False,1
SRR16351104,SRR15199972,SRR16500779,2021-09-17,2021-06-25,2021-09-20,{'AY.39': 1},609409,1,-1,2147483648,4,False,1
ERR13183023,ERR6760184,ERR11762883,2021-08-22,2021-08-23,2021-08-20,{'AY.106': 1},495172,1,-1,2147483648,3,False,1
SRR20972130,ERR10023013,SRR20884037,2022-06-26,2022-07-22,2022-07-15,{'BA.5.5.2': 1},1538671,1,1428716,6,5,False,1
node_614383,SRR27593357,SRR25955558,2023-09-10,2024-01-02,2023-08-14,{'XBB.1.16.23': 2},1839975,2,1673437,13,14,True,2
node_580578,SRR21605320,node_701768,2022-06-28,2022-09-02,2022-09-06,"{'CH.1.1.19': 343, 'CJ.1.2': 119, 'CH.1.1': 3509, 'DV.6': 1296, 'BN.1.2': 286, 'CB.1': 46, 'DV.8': 3, 'CH.1.1.2': 600, 'CH.1.1.12': 397, 'BA.2.75.1': 191, 'CH.1.1.1': 1180, 'BN.1.4.1': 34, 'BA.2.75.2': 369, 'BN.1': 425, 'DV.3': 223, 'BA.2.75.5': 143, 'BN.1.2.3': 43, 'EJ.1': 10, 'CH.1.1.18': 52, 'BN.1.3.1': 673, 'DV.1.1': 266, 'BN.1.2.1': 208, 'DV.3.1': 61, 'BN.1.3': 498, 'BN.1.7': 135, 'BR.2.1': 222, 'CH.1.1.25': 142, 'BN.1.5': 509, 'BN.1.4': 118, 'CA.7': 109, 'DS.1': 27, 'DV.1': 34, 'BN.1.4.4': 269, 'DS.3': 211, 'CH.1.1.9': 114, 'BN.1.2.4': 21, 'CH.1.1.28': 123, 'FJ.1': 80, 'XBK.1': 75, 'BR.1': 76, 'FS.1': 129, 'BA.2.75.10': 6, 'BN.1.2.2': 16, 'CA.3': 20, 'CJ.1.1': 16, 'CH.1.1.10': 166, 'CH.1.1.13': 180, 'CH.1.1.23': 20, 'GP.2': 95, 'BN.1.3.5': 22, 'CH.1.1.24': 82, 'CH.1.1.14': 89, 'CH.1.1.11': 136, 'BN.1.1': 32, 'BN.3.1': 51, 'CH.1.1.3': 57, 'XBQ': 36, 'BL.1': 89, 'BM.1': 19, 'FR.1': 8, 'XBK': 103, 'CH.1.1.6': 244, 'GP.1': 22, 'DV.7.1.5': 45, 'BN.1.3.12': 27, 'BA.2.75.4': 19, 'BR.1.2': 38, 'BL.5': 8, 'DV.7': 76, 'CH.2': 4, 'CH.1.1.8': 109, 'BN.1.4.5': 12, 'CV.1': 77, 'BY.1.2': 16, 'BM.1.1.3': 186, 'BA.2.75': 74, 'BN.2': 3, 'DV.5': 33, 'BL.1.4': 7, 'CH.1.1.15': 54, 'BL.2': 50, 'BM.1.1': 51, 'BN.1.10': 16, 'BN.4': 3, 'DV.6.1': 11, 'CH.1.1.27': 21, 'DV.2': 99, 'BM.4.1.1': 88, 'CH.1.1.5': 199, 'GP.3': 41, 'BN.1.9': 22, 'CA.2': 4, 'EJ.2': 28, 'CH.1.1.16': 20, 'BY.1': 88, 'DV.7.1.4': 54, 'CH.1.1.7': 12, 'DV.7.1': 44, 'CA.1': 51, 'BN.3': 3, 'BN.1.3.6': 58, 'BN.6': 43, 'BM.1.1.5': 12, 'CH.1.1.32': 16, 'BL.3': 18, 'BN.5': 24, 'CA.3.1': 34, 'DS.2': 25, 'DV.7.1.2': 29, 'BN.1.4.3': 29, 'DV.7.1.6': 6, 'FR.1.1': 5, 'BN.1.3.8': 4, 'BM.1.1.2': 1, 'KG.1': 7, 'BA.2.75.3': 38, 'DV.7.1.1': 9, 'DV.7.1.3': 13, 'CA.5': 23, 'BN.1.3.4': 2, 'BN.1.5.2': 11, 'BN.2.1': 9, 'BN.1.3.7': 13, 'BM.5': 9, 'CH.1.1.26': 6, 'BN.1.1.1': 19, 'BM.1.1.1': 15, 'BA.2.75.7': 8, 'CH.1.1.30': 9, 'CH.1.1.21': 32, 'BA.2.75.6': 13, 'DV.4': 5, 'CH.1.1.22': 22, 'BN.1.3.3': 5, 'DV.7.1.8': 2, 'BN.1.4.2': 1, 'CH.1.1.20': 12, 'BN.1.2.7': 2, 'BR.5': 5, 'CJ.1.3': 8, 'BR.2': 2, 'BL.4': 4, 'BM.2': 4, 'CH.1': 7, 'CA.6': 1, 'BM.3': 1, 'BN.1.2.6': 2, 'BL.6': 5, 'CJ.1': 2, 'CH.3.1': 1, 'BR.4': 2, 'BN.1.2.5': 2, 'CH.1.1.29': 1, 'DV.6.2': 1, 'BY.1.2.1': 1, 'BM.2.1': 1, 'BM.4.1': 1, 'FR.1.2': 2, 'BL.1.1': 1, 'BN.1.3.9': 2, 'BN.1.6': 1, 'BM.4': 1, 'FR.1.4': 1}",871728,1294334,-1,2147483648,64,True,17219
SRR20564145,SRR18727403,SRR20911296,2022-03-28,2022-03-15,2022-02-01,{'BA.1.1': 1},1404996,1,-1,2147483648,3,False,1
node_342084,ERR12879288,node_342083,2021-11-30,2021-12-03,2021-11-30,{'AY.122': 57},980010,57,-1,2147483648,14,False,57
ERR10711772,ERR10711774,ERR8633303,2022-03-13,2022-03-13,2022-02-03,{'BA.2': 1},1350908,1,1350909,1,0,False,1
node_148569,ERR7026590,ERR13153217,2021-10-20,2021-10-01,2021-07-31,{'AY.4': 3},785760,3,-1,2147483648,4,False,3
ERR8628779,ERR7943437,ERR12894556,2022-02-06,2021-12-30,2022-01-07,{'BA.1.1': 1},1220188,1,-1,2147483648,3,False,1
node_188864,ERR12793883,ERR13153313,2021-09-11,2021-07-24,2021-07-30,{'AY.118': 1},581130,1,581131,1,0,False,1
SRR15920193,SRR15776672,ERR7570878,2021-08-30,2021-08-11,2021-11-08,{'AY.44': 1},526819,1,-1,2147483648,3,False,1
SRR16829334,SRR16385250,ERR6440908,2021-10-08,2021-09-21,2021-07-26,{'AY.109': 1},698328,1,698329,1,0,False,1
node_203998,node_203995,ERR7643780,2021-10-19,2021-10-19,2021-11-30,{'AY.34': 2},741945,2,-1,2147483648,4,False,2
SRR16592384,SRR15444440,ERR12795818,2021-09-30,2021-08-02,2021-07-16,{'B.1.617.2': 1},665282,1,-1,2147483648,3,False,1
node_189403,node_189399,SRR16987026,2021-10-20,2021-09-10,2021-10-09,{'AY.100': 15},749000,16,-1,2147483648,3,False,15
ERR9218297,ERR8309348,ERR9110286,2022-02-28,2022-01-25,2022-02-23,{'BA.1.1': 1},1308791,1,-1,2147483648,3,False,1
node_433068,node_433067,ERR5183148,2021-05-05,2021-05-05,2021-01-03,{'B.1.1.7': 4},281916,4,-1,2147483648,5,False,4
node_334295,SRR17352228,ERR11820691,2021-09-02,2021-10-02,2021-07-03,{'B.1.617.2': 3},540054,3,540054,0,3,False,3
node_431101,ERR6712850,node_371290,2021-02-10,2021-01-09,2020-12-29,{'B.1.1.7': 2},152754,2,-1,2147483648,5,False,2
SRR16853580,ERR13287273,SRR16557230,2021-10-14,2021-12-04,2021-09-28,{'AY.25': 1},723249,1,-1,2147483648,3,False,1
ERR11762751,ERR12795142,node_74584,2021-08-09,2021-07-27,2021-12-13,{'B.1.617.2': 1},456342,1,-1,2147483648,7,False,1
node_179668,SRR16307159,ERR6495785,2021-09-16,2021-09-15,2021-07-25,{'AY.100': 7},605382,7,-1,2147483648,10,False,7
SRR19301149,node_258839,ERR7498550,2021-12-14,2021-10-26,2021-11-15,{'AY.103': 1},1024849,1,-1,2147483648,4,False,1
node_163230,ERR7349414,ERR11742306,2021-11-12,2021-11-02,2021-09-11,{'AY.4': 6},866117,6,-1,2147483648,5,False,6
node_356696,SRR15489619,ERR8241972,2021-07-20,2021-07-31,2021-12-05,{'AY.75': 4},400247,8,-1,2147483648,2,False,4
ERR13322641,ERR12551638,ERR13321687,2024-02-19,2023-12-26,2023-11-21,{'JN.1.43.1': 1},1887013,1,1854739,12,5,False,1
ERR7937571,node_544090,ERR11756759,2021-12-27,2021-12-27,2021-12-02,{'BA.1': 1},1061130,1,1061131,1,0,False,1
node_615971,SRR25709650,node_623414,2023-08-10,2023-08-04,2023-04-25,{'EG.6.1': 2},1830783,2,1830784,1,0,False,2
ERR10024647,ERR10039908,ERR10120291,2022-07-25,2022-07-22,2022-08-10,{'BA.5.1': 1},1590454,2,1590455,1,0,False,1
node_336276,ERR7812260,SRR16843415,2021-11-09,2021-12-13,2021-10-07,{'AY.122': 1},846823,1,-1,2147483648,4,False,1
node_587121,ERR13323123,ERR10839848,2023-02-06,2023-03-17,2023-01-23,"{'GJ.1.2': 629, 'GS.4': 82, 'XBB.2.3': 460, 'XBB.2.3.15': 69, 'GS.1': 68, 'KT.1.1': 259, 'XBB.2.3.3': 92, 'XBB.2.3.2': 252, 'GJ.1.2.2': 218, 'XBB.2.3.11': 91, 'KH.1': 13, 'GZ.1': 76, 'GE.1.4': 117, 'GJ.4': 49, 'HH.1': 60, 'HH.2': 24, 'GE.1': 283, 'GS.4.1': 272, 'XBB.2.3.4': 63, 'XBB.2.3.19': 98, 'XBB.2.3.10': 13, 'HH.7': 40, 'XBB.2.3.13': 22, 'JY.1': 10, 'XBB.2.3.9': 14, 'JS.1': 37, 'HH.1.1': 8, 'HG.2': 31, 'XBB.2.3.8': 66, 'HG.1': 2, 'GS.3': 22, 'JE.1.1.1': 25, 'JS.2': 19, 'GJ.1.2.8': 25, 'XBB.2.3.5': 54, 'GJ.5': 37, 'GJ.5.1': 7, 'XBB.2.3.14': 14, 'XBB.2.3.1': 63, 'GE.1.1': 9, 'GE.1.3': 31, 'HH.8': 8, 'HH.5': 16, 'GJ.1.2.1': 13, 'JE.1': 13, 'GE.1.2': 7, 'GE.1.5': 29, 'GJ.1.2.5': 24, 'GJ.1': 4, 'JA.1': 8, 'JE.1.1': 2, 'JY.1.1': 15, 'XBB.2.3.12': 8, 'XBB.2.3.7': 10, 'XBB.2.3.17': 8, 'GJ.6': 2, 'GE.1.6': 11, 'XCQ': 8, 'HH.8.1': 2, 'GJ.2': 6, 'GJ.3': 15, 'HH.6': 4, 'XBB.2.3.16': 6, 'GJ.1.2.4': 8, 'GS.7': 2, 'GJ.1.2.7': 5, 'XBB.2.3.6': 3, 'XBB.2': 1, 'KT.1': 3, 'XBB.2.3.20': 4, 'GS.4.1.1': 2, 'GM.3': 1, 'GJ.1.2.6': 1, 'HG.3': 1, 'HH.2.1': 1}",1673437,112021,1673437,0,15,True,4075
ERR10933396,ERR10740115,ERR10000246,2023-02-14,2022-12-15,2022-07-05,{'EF.2': 1},1768462,1,1428716,17,5,False,1
SRR20391093,ERR8690734,SRR18817892,2022-02-10,2022-02-12,2022-01-13,{'BA.1.15': 1},1241259,1,-1,2147483648,3,False,1
ERR5671796,ERR11822460,ERR5648166,2021-03-22,2021-04-11,2021-03-12,{'B.1.1.7': 1},214400,1,-1,2147483648,3,False,1
SRR20226724,SRR16527950,ERR8185895,2021-10-31,2021-09-23,2021-12-21,{'AY.103': 1},796967,1,-1,2147483648,3,False,1
node_189108,SRR15775898,ERR7239527,2021-10-04,2021-08-17,2021-10-16,{'AY.39': 16},479803,132,-1,2147483648,1,False,16
node_189142,SRR16020651,SRR16884109,2021-09-16,2021-09-13,2021-10-12,{'AY.39': 2},589738,89,-1,2147483648,1,False,2
node_145178,ERR6058446,ERR13153217,2021-06-22,2021-06-01,2021-07-31,{'AY.4': 61},330160,63,-1,2147483648,3,False,61
ERR6633844,ERR6835754,ERR6630526,2021-08-20,2021-09-04,2021-08-27,{'AY.36': 1},487251,2,-1,2147483648,3,False,1
node_188660,ERR11753634,ERR6573578,2021-11-14,2021-10-17,2021-08-18,{'AY.4': 1},873008,1,873009,1,0,False,1
ERR5306171,node_416447,ERR5552870,2021-01-21,2021-01-21,2021-03-15,{'B.1.1.7': 1},118921,1,-1,2147483648,5,False,1
SRR16529681,SRR16066475,ERR13161376,2021-09-24,2021-08-26,2021-10-02,{'AY.100': 1},640976,1,-1,2147483648,3,False,1
SRR17690069,SRR17106828,SRR15391719,2021-12-03,2021-11-17,2021-07-21,{'AY.119': 1},973435,1,-1,2147483648,7,False,1
SRR29320538,SRR25814946,ERR10910673,2023-08-28,2023-08-08,2023-02-04,{'FL.1.5.1': 1},1835891,1,1673437,14,8,False,1
node_788435,SRR21009483,DRR321274,2022-02-01,2022-04-01,2021-05-18,{'B.1': 16},1195028,16,-1,2147483648,12,False,16
node_770058,ERR9001943,ERR9398215,2022-03-24,2022-02-18,2022-03-14,{'BA.2': 2},1388855,2,-1,2147483648,5,False,2
SRR20245955,node_190841,SRR16706799,2021-10-22,2021-10-28,2021-10-05,{'AY.114': 1},756944,1,323645,5,4,False,1
ERR7303734,ERR6903640,ERR6492325,2021-10-31,2021-09-24,2021-08-07,{'AY.4': 1},794441,1,794442,1,0,False,1
node_326326,node_326314,ERR7405576,2021-09-29,2021-09-05,2021-11-09,{'AY.44': 1},660777,1,-1,2147483648,5,False,1
node_181065,SRR17187152,SRR16924711,2021-12-17,2021-11-30,2021-11-01,{'AY.100': 2},1052364,2,-1,2147483648,3,False,2
node_189228,ERR6446085,SRR17889057,2021-07-27,2021-07-29,2021-12-24,{'AY.36': 42},348025,3784,-1,2147483648,4,False,42
node_189143,SRR16351443,ERR7561507,2021-11-12,2021-09-16,2021-11-23,{'AY.39': 1},864954,1,864955,1,0,False,1
ERR6726672,ERR5991611,ERR6726768,2021-09-03,2021-05-19,2021-09-03,{'AY.4': 1},545632,1,-1,2147483648,3,False,1
node_623711,ERR13058605,node_616381,2023-08-31,2023-08-14,2023-09-09,{'XBB.1.9': 4},1836985,4,1836985,0,1,True,4
node_87613,ERR11761959,ERR6492325,2021-07-26,2021-07-17,2021-08-07,{'AY.4': 3},401793,3,-1,2147483648,3,False,3
ERR6886412,ERR6512170,SRR16153387,2021-09-17,2021-07-29,2021-09-01,{'AY.4': 1},608499,1,608500,1,0,False,1
ERR10023806,ERR10022648,ERR10000237,2022-07-25,2022-07-22,2022-07-05,{'BA.5': 1},1590313,1,1428716,8,4,False,1
node_411464,ERR13071541,SRR14883567,2021-05-16,2021-02-18,2021-05-13,{'B.1.1.7': 6},295581,6,-1,2147483648,4,False,6
ERR7546370,ERR5946395,ERR7350990,2021-11-23,2021-05-10,2021-11-03,{'AY.4': 1},922299,1,-1,2147483648,4,False,1
node_739645,SRR18930651,ERR10711772,2022-05-09,2022-03-17,2022-03-13,{'XAM': 26},1477814,26,1251095,7,3,True,26
node_604914,ERR10791603,node_604903,2023-10-03,2023-01-03,2023-04-16,{'HZ.2': 19},3408265,19,1673437,10,7,False,19
ERR7147933,ERR6493550,ERR7147518,2021-10-06,2021-07-28,2021-10-06,{'AY.124': 1},686614,1,332322,2,4,False,1
node_189675,SRR17378488,SRR16883780,2021-12-04,2021-12-05,2021-10-13,{'AY.117': 2},978140,2,978140,0,1,False,2
ERR13005747,ERR10002228,ERR12979151,2022-08-11,2022-07-04,2022-07-18,{'BA.5.1.30': 1},1614551,1,1428716,5,3,False,1
ERR7795899,ERR7285078,ERR6816656,2021-12-12,2021-10-27,2021-09-14,{'AY.4': 1},1015825,1,-1,2147483648,4,False,1
ERR9233133,ERR9233151,ERR5040789,2021-03-03,2021-03-02,2020-12-18,{'B.1.1.7': 1},180867,1,-1,2147483648,3,False,1
SRR16153759,SRR16354731,SRR15199972,2021-09-03,2021-09-17,2021-06-25,{'AY.39': 1},547839,2,-1,2147483648,5,False,1
SRR17352440,SRR16836255,SRR15224530,2021-11-10,2021-10-11,2021-07-10,{'AY.14': 1},852882,1,-1,2147483648,4,False,1
node_746200,ERR11781407,ERR12896053,2022-03-14,2022-03-29,2022-01-17,{'BA.2': 1},1355753,1,-1,2147483648,13,False,1
node_100641,ERR11754294,ERR7932034,2021-09-01,2021-10-19,2021-12-26,{'AY.4.2.2': 3},535781,3,-1,2147483648,4,False,3
node_360011,ERR12789419,node_205314,2021-07-08,2021-06-07,2021-11-09,{'B.1.617.2': 3},358727,3,-1,2147483648,5,False,3
ERR7709970,ERR7663085,ERR6440908,2021-12-07,2021-12-02,2021-07-26,{'AY.129': 1},991165,1,991166,1,0,False,1
SRR20536944,SRR18589552,ERR9268010,2022-03-19,2022-03-07,2022-03-05,{'BA.1.1': 1},1373819,1,1373820,1,0,False,1
ERR7202458,ERR7478078,ERR6345513,2021-10-14,2021-11-12,2021-07-09,{'AY.4': 1},721573,1,-1,2147483648,6,False,1
node_313461,SRR17218972,SRR16829589,2021-12-03,2021-11-26,2021-10-07,{'AY.44': 3},973639,3,-1,2147483648,3,False,3
SRR16749259,node_273026,node_252723,2021-09-29,2021-08-24,2021-10-22,{'AY.103': 1},661580,1,-1,2147483648,7,False,1
ERR8539815,ERR8046799,ERR11822152,2022-01-31,2022-01-06,2022-02-14,{'BA.1.1': 1},1186997,1,-1,2147483648,3,False,1
node_621387,ERR12552298,SRR28335119,2023-10-27,2023-11-22,2024-01-14,{'HV.1': 34},1856641,35,1673437,16,3,False,34
ERR9621326,ERR9644495,ERR10711783,2022-04-10,2022-04-14,2022-03-14,{'BA.2': 1},1428756,1,-1,2147483648,3,False,1
ERR10109642,ERR11780867,ERR10004057,2022-08-06,2022-03-28,2022-07-08,{'BA.4': 1},1609883,1,1609884,1,0,False,1
node_186192,SRR20116100,ERR11827861,2021-09-15,2021-12-01,2021-11-09,{'AY.100': 107},167127,1241012,-1,2147483648,1,False,107
node_340115,SRR15414507,SRR16298245,2021-09-10,2021-08-02,2021-09-16,{'AY.122': 1},576461,1,-1,2147483648,6,False,1
ERR11923727,ERR11779244,ERR11594155,2023-08-11,2023-07-16,2023-05-31,{'XBB.1.16': 1},1830986,1,1673437,11,5,True,1
node_671503,SRR22743820,ERR13013801,2022-10-24,2022-11-17,2022-10-16,{'BQ.1.5': 2},1689006,6,1428716,11,1,False,2
node_559546,ERR9366344,ERR9308594,2022-04-06,2022-03-12,2022-03-07,{'BA.2': 2},1423715,2,-1,2147483648,2,False,2
SRR16602278,SRR15364194,SRR15588866,2021-08-13,2021-07-19,2021-08-07,{'B.1.617.2': 1},468452,1,468453,1,0,False,1
node_375245,ERR5318804,ERR5688120,2021-02-21,2021-02-08,2021-03-29,{'B.1.1.7': 3},164493,3,-1,2147483648,6,False,3
SRR24008644,SRR23708605,SRR24002566,2023-02-22,2023-02-20,2023-03-13,{'XBB.1.5': 1},1777908,1,1673437,7,4,True,1
ERR8413714,ERR8628899,ERR8967898,2022-01-26,2022-02-05,2022-02-19,{'BA.1.1': 1},1163821,1,-1,2147483648,5,False,1
node_192724,SRR15224720,SRR15948720,2021-08-10,2021-07-12,2021-08-21,{'AY.110': 1},459305,1,-1,2147483648,3,False,1
SRR20779793,SRR18931164,SRR18329258,2022-04-01,2022-03-18,2022-02-07,{'BA.2': 1},1413620,1,-1,2147483648,4,False,1
node_45495,node_346260,node_46557,2021-03-13,2021-03-07,2021-07-31,"{'B.1.617.2': 3026, 'AY.48': 312, 'AY.35': 296}",199550,3636,-1,2147483648,6,False,3634
SRR26849543,ERR12383623,SRR29320538,2023-10-05,2023-11-14,2023-08-28,{'KC.1': 1},1848823,1,1673437,16,8,False,1
node_623719,node_616330,ERR13080458,2023-08-24,2023-03-30,2023-10-16,"{'XCZ': 6, 'XCY': 1, 'XBB.1.9': 1}",1673437,112021,1673437,0,15,True,8
ERR6532888,ERR6526440,node_244549,2021-08-12,2021-08-10,2021-08-26,{'AY.98': 1},463815,1,-1,2147483648,3,False,1
node_679538,ERR9693420,ERR10024647,2022-06-21,2022-04-24,2022-07-25,{'BF.1': 2},1439245,1571,1428716,7,1,False,2
node_702929,ERR10045067,ERR10150279,2022-07-28,2022-07-26,2022-08-23,{'BA.5.2': 2},871728,1294334,-1,2147483648,64,False,2
ERR7548929,ERR7322934,node_244549,2021-11-23,2021-10-31,2021-08-26,{'AY.98': 1},918995,1,-1,2147483648,3,False,1
SRR28334870,SRR28273934,SRR28334857,2024-02-12,2024-01-30,2024-02-13,{'JN.1.32': 1},1886231,1,1854739,13,4,False,1
node_635230,ERR12481706,ERR13079456,2023-12-15,2024-01-01,2023-12-11,"{'JN.1.3': 6, 'JN.1': 1, 'JN.1.61': 1}",1855174,21004,1854739,6,1,False,8
node_188543,node_188542,ERR11754537,2021-10-10,2021-10-10,2021-10-19,{'AY.4': 1},704499,1,704500,1,0,False,1
ERR7148136,ERR7050043,ERR6488595,2021-10-07,2021-09-25,2021-08-01,{'AY.36': 1},691709,1,-1,2147483648,4,False,1
node_596919,ERR10910469,ERR10000160,2023-01-23,2023-02-06,2022-07-06,"{'XBB.1.5.49': 1, 'XBB.1.5': 10, 'XBB.1.5.16': 4}",1488446,50500,1428716,5,1,True,15
SRR20762889,node_319050,node_314215,2021-10-25,2021-09-30,2021-11-19,{'AY.44': 1},769578,1,-1,2147483648,6,False,1
SRR19722321,SRR19722485,node_551935,2022-05-23,2022-05-28,2022-05-29,{'BA.2.12.1': 1},1494444,1,-1,2147483648,5,False,1
ERR8133262,ERR8286845,ERR8042483,2022-01-17,2022-01-21,2022-01-08,{'BA.1': 1},1120176,1,-1,2147483648,3,False,1
SRR20250608,SRR20251274,ERR11756926,2021-11-13,2021-11-12,2021-12-03,{'AY.100': 1},869650,1,-1,2147483648,8,False,1
ERR6833145,ERR6522581,ERR6829012,2021-09-13,2021-08-08,2021-09-01,{'AY.4': 1},589121,1,-1,2147483648,3,False,1
node_635330,SRR27960798,ERR13077040,2024-01-23,2024-01-18,2023-12-18,{'XDP': 2},1881799,6,1874983,1,4,True,2
SRR19940778,ERR11757466,SRR20575424,2022-06-01,2023-04-12,2022-04-18,{'BA.2.12.1': 1},1506402,1,-1,2147483648,3,False,1
node_131209,ERR6550394,ERR13277025,2021-08-18,2021-08-14,2021-12-05,{'AY.4': 3},481110,3,-1,2147483648,3,False,3
ERR13175760,ERR10504328,ERR13176336,2022-12-26,2022-10-17,2023-01-02,{'BQ.1.1': 1},1731997,1,1428716,13,4,False,1
ERR4642224,ERR4632781,SRR16753061,2020-06-23,2020-06-24,2021-03-27,{'B.1': 1},21508,1,-1,2147483648,0,False,1
SRR27499623,SRR27236231,SRR27240390,2023-12-23,2023-12-04,2023-11-30,{'HV.1': 1},1874420,1,1673437,17,4,False,1
node_667812,ERR10559424,ERR12971048,2022-11-14,2022-11-19,2022-05-17,{'BQ.1.1': 2},1717389,2,1428716,12,4,False,2
node_123665,ERR6777650,ERR11742306,2021-09-23,2021-09-09,2021-09-11,{'AY.4': 47},657002,47,-1,2147483648,4,False,47
ERR7007369,ERR7009409,ERR11755165,2021-09-27,2021-09-27,2021-10-19,{'AY.126': 1},650502,1,-1,2147483648,5,False,1
ERR5458932,ERR5458865,node_424984,2021-02-22,2021-02-16,2021-02-13,{'B.1.1.7': 1},166251,1,166252,1,0,False,1
ERR5552870,node_376299,ERR5552606,2021-03-15,2021-03-23,2021-03-14,{'B.1.1.7': 1},202585,1,-1,2147483648,4,False,1
ERR10002349,ERR9868634,SRR21458042,2022-07-07,2022-06-08,2022-08-21,{'BA.4.1': 1},1556907,1,-1,2147483648,5,False,1
node_316067,SRR16883821,SRR20258621,2021-10-16,2021-10-13,2021-10-16,{'AY.44': 5},678816,574,-1,2147483648,1,False,5
node_189950,SRR15391755,SRR15891584,2021-08-05,2021-07-15,2021-08-05,{'B.1.617.2': 2},442627,2,-1,2147483648,1,False,2
node_183125,SRR16829666,ERR11756415,2021-10-03,2021-10-09,2021-11-27,{'AY.100': 2},674811,2,-1,2147483648,3,False,2
node_175948,SRR16786725,ERR6492325,2021-10-15,2021-10-08,2021-08-07,{'AY.4': 4},727447,4,727448,1,0,False,4
SRR21042171,SRR20095525,SRR20919455,2022-07-20,2022-06-13,2022-07-18,{'BA.5': 1},1582959,1,1582960,1,0,False,1
node_189294,SRR17130385,SRR16527388,2021-11-23,2021-11-07,2021-09-27,{'AY.100': 1},921928,1,-1,2147483648,4,False,1
ERR11851878,ERR8215933,ERR11821244,2021-10-22,2021-12-02,2021-10-18,{'AY.46': 1},758026,1,758027,1,0,False,1
node_609830,ERR12254940,SRR25709704,2023-10-13,2023-10-03,2023-07-30,{'XBB.1.16.6': 6},1851036,6,1673437,15,6,True,6
node_187885,SRR19815333,ERR6759975,2021-10-27,2021-11-18,2021-09-10,{'AY.113': 1},779324,3,779325,1,0,False,1
node_101252,ERR11755620,ERR6047501,2021-11-04,2021-11-25,2021-06-02,{'AY.4.2.2': 18},817973,18,-1,2147483648,3,False,18
ERR6756319,ERR6761860,ERR6493420,2021-08-28,2021-09-10,2021-08-06,{'AY.4': 1},520149,1,520150,1,0,False,1
SRR19941578,ERR10000016,ERR12713422,2022-06-03,2022-06-29,2022-05-19,{'BA.2.12.1': 1},1508252,1,1508253,1,0,False,1
node_655957,ERR9268656,SRR20663708,2022-08-29,2022-03-05,2022-07-05,{'BA.5.5': 7},1638066,7,1428716,3,4,False,7
ERR8202384,ERR7207803,ERR6601033,2021-12-05,2021-10-11,2021-08-23,{'AY.4': 1},982179,1,-1,2147483648,5,False,1
node_696531,SRR21440715,ERR9653153,2022-09-17,2022-08-11,2022-04-17,{'BF.26': 4},1665406,4,1660891,1,0,False,4
SRR27881980,ERR12551108,SRR27417098,2023-12-29,2023-12-18,2023-12-14,{'JN.1': 1},1875942,1,1854739,8,3,False,1
SRR19831526,SRR19685395,ERR12900432,2022-02-07,2022-02-10,2022-01-31,{'BA.1.1.18': 1},1225388,1,-1,2147483648,4,False,1
SRR15410248,SRR16076423,SRR17473337,2021-07-21,2021-09-18,2021-12-28,{'AY.25': 1},386474,1,-1,2147483648,4,False,1
node_193399,SRR20768509,SRR16689807,2021-10-15,2021-10-23,2021-09-30,{'AY.125': 1},727601,3,-1,2147483648,2,False,1
ERR11189965,ERR10798197,ERR10931842,2023-01-23,2023-01-13,2023-01-31,{'XBK': 1},1752402,1,-1,2147483648,6,True,1
node_188252,SRR15224720,ERR6440908,2021-07-13,2021-07-12,2021-07-26,{'AY.110': 7},366597,8,-1,2147483648,6,False,7
node_382818,ERR5092662,SRR14388165,2021-03-14,2020-12-27,2021-02-22,{'B.1.1.7': 6},200873,6,-1,2147483648,6,False,6
node_647732,SRR21372289,ERR10000094,2022-09-14,2022-08-14,2022-07-05,{'BA.5.1.18': 2},1657401,2,1657401,0,0,False,2
SRR28589722,SRR28294656,ERR12862680,2024-03-03,2024-02-21,2023-12-27,{'JN.1.16': 1},1888532,1,1854739,10,3,False,1
node_254255,SRR19293335,ERR11742306,2021-11-10,2021-11-11,2021-09-11,{'AY.103': 1},852583,1,-1,2147483648,13,False,1
ERR5304348,ERR10089282,ERR5006866,2021-01-12,2021-04-21,2020-11-26,{'B.1.1': 1},107776,1,107777,1,0,False,1
ERR13056717,ERR13040667,SRR27353674,2023-02-19,2023-01-14,2023-10-26,{'BQ.1.1': 1},1774231,1,1428716,14,6,False,1
ERR8698218,ERR7883107,ERR8002739,2022-02-12,2021-12-20,2022-01-03,{'BA.1.15.1': 1},1249267,1,-1,2147483648,4,False,1
node_784544,ERR13159904,ERR13160004,2021-03-31,2021-07-17,2021-07-21,"{'P.1': 75, 'P.1.7': 1}",132045,6003,-1,2147483648,1,False,76
SRR18081041,ERR13165268,SRR19816284,2022-02-06,2022-01-05,2022-01-24,{'BA.1.1.18': 1},1219164,1,-1,2147483648,1,False,1
ERR7960546,ERR12887828,ERR12889016,2021-12-31,2022-01-07,2022-01-20,{'BA.1': 1},1074593,1,-1,2147483648,3,False,1
node_674559,SRR21539000,SRR21369642,2022-09-14,2022-08-29,2022-08-12,{'BE.1.4': 2},1657704,2,1657704,0,0,False,2
SRR15983097,SRR15983090,ERR11764426,2021-09-05,2021-09-04,2021-12-05,{'AY.26': 1},553540,1,-1,2147483648,4,False,1
SRR20264871,ERR6762270,SRR17419323,2021-11-16,2021-09-03,2021-11-12,{'AY.103': 1},885061,1,-1,2147483648,4,False,1
node_95740,ERR11753701,ERR6487075,2021-06-29,2021-10-17,2021-08-04,{'AY.4': 26},340564,27,-1,2147483648,3,False,26
node_641142,node_641138,ERR8163343,2022-10-17,2022-10-17,2022-01-20,{'BA.5.1.23': 2},1712104,2,1428716,7,5,False,2
ERR6922419,ERR11822421,ERR6809262,2021-09-27,2021-07-22,2021-09-13,{'AY.4': 1},648164,1,-1,2147483648,4,False,1
SRR17267640,ERR6830272,ERR7091805,2021-11-10,2021-09-13,2021-10-05,{'AY.4': 1},852830,1,-1,2147483648,7,False,1
node_186587,node_183473,ERR6871993,2021-11-22,2021-09-15,2021-09-22,{'AY.100': 11},941629,11,-1,2147483648,13,False,11
node_189984,ERR13182720,SRR15920643,2021-09-07,2021-08-22,2021-08-30,{'B.1.617.2': 6},562299,6,562299,0,2,False,6
ERR7718472,ERR8227298,ERR7713668,2021-11-11,2021-11-29,2021-11-11,{'AY.4': 1},858428,1,-1,2147483648,7,False,1
ERR8045071,ERR8112076,ERR8625908,2022-01-10,2022-01-15,2022-02-07,{'BA.1': 1},1096705,1,-1,2147483648,3,False,1
node_188353,ERR6420031,ERR6570394,2021-08-18,2021-07-28,2021-08-11,{'AY.4': 3},407389,362,-1,2147483648,1,False,3
ERR10839848,ERR10756347,SRR24183873,2023-01-23,2022-12-10,2023-04-02,{'BA.2': 1},1751641,1,1751642,1,0,False,1
SRR16829537,ERR11851671,SRR16690016,2021-10-07,2021-08-27,2021-10-01,{'AY.44': 1},693746,1,-1,2147483648,4,False,1
node_188737,ERR6858131,SRR16829333,2021-10-19,2021-09-19,2021-10-08,{'AY.4': 1},742735,1,742736,1,0,False,1
node_197358,ERR7240472,ERR13153313,2021-09-15,2021-10-11,2021-07-30,{'B.1.617.2': 1},599755,1,-1,2147483648,8,False,1
node_203657,SRR17299710,ERR6761017,2021-11-26,2021-12-03,2021-08-30,{'AY.34.1': 6},935788,6,-1,2147483648,7,False,6
ERR7231714,ERR6779096,ERR6755104,2021-10-16,2021-09-09,2021-09-01,{'AY.4': 1},729792,1,729793,1,0,False,1
ERR9700026,ERR11781915,ERR11892664,2022-04-08,2022-03-28,2022-03-16,{'BA.2': 1},1426104,1,1426105,1,0,False,1
node_426064,ERR5422251,ERR5059062,2021-03-07,2021-02-22,2020-12-21,{'B.1.1.7': 2},187013,2,-1,2147483648,3,False,2
SRR22117054,node_638213,ERR10432112,2022-10-14,2022-07-08,2022-10-06,{'BA.5.1': 1},1687174,1,1428716,6,0,False,1
SRR20116093,SRR19527964,SRR16606817,2021-12-02,2021-12-04,2021-09-28,{'AY.39': 1},968896,1,-1,2147483648,1,False,1
node_699933,ERR12980823,ERR10380496,2022-08-28,2022-09-16,2022-09-28,{'BA.5': 2},1637515,2,1428716,8,5,False,2
ERR13040343,ERR12781803,ERR13054211,2023-01-20,2022-07-06,2023-01-07,{'BQ.1.1': 1},1750095,1,1750096,1,0,False,1
SRR22579206,node_694074,ERR10504374,2022-11-21,2022-11-21,2022-11-06,{'BF.7': 1},1710853,1,1428716,13,3,False,1
node_189697,ERR12820927,ERR6571997,2021-08-11,2021-08-19,2021-08-16,{'AY.42': 2},461796,5,373410,4,5,False,2
SRR16374303,SRR16527641,SRR15984975,2021-10-06,2021-09-28,2021-08-25,{'AY.20': 1},688805,1,-1,2147483648,9,False,1
SRR18799837,node_538127,SRR18811773,2022-01-21,2022-03-06,2022-01-26,{'BA.1.20': 1},1143433,1,-1,2147483648,5,False,1
node_110947,ERR6914669,ERR7262015,2021-11-08,2021-09-24,2021-10-23,{'AY.4.2': 9},965825,9,-1,2147483648,2,False,9
node_188524,SRR16706618,SRR20178965,2021-12-04,2021-10-06,2021-11-28,{'AY.4': 4},944791,6,-1,2147483648,3,False,4
SRR26722374,node_587467,ERR10030543,2023-08-28,2023-08-28,2022-07-27,{'GJ.1.2': 1},1835861,1,1673437,11,3,False,1
ERR8617452,ERR8077168,ERR11848415,2022-02-02,2022-01-10,2022-03-15,{'BA.1': 1},1198595,1,-1,2147483648,4,False,1
node_198691,SRR20246493,SRR15519320,2021-10-28,2021-10-24,2021-07-29,{'AY.119.2': 8},817406,8,-1,2147483648,7,False,8
node_686968,node_700584,ERR10004695,2022-07-21,2022-07-08,2022-07-18,{'BA.5.2.1': 2},1584232,2,1428716,7,3,False,2
node_451023,ERR7854118,ERR8312164,2022-01-24,2021-12-15,2022-01-24,{'BA.1': 1},1154653,1,-1,2147483648,3,False,1
node_190036,SRR15877448,SRR17389827,2021-11-28,2021-08-11,2021-12-17,{'AY.113': 2},944620,9,373989,2,3,False,2
SRR21173296,SRR16900296,ERR6571500,2021-10-27,2021-10-19,2021-08-08,{'AY.26': 1},779612,1,-1,2147483648,8,False,1
node_598955,ERR10984814,SRR24184370,2023-01-07,2023-02-11,2023-04-04,{'XBB.1.5': 2},1742330,2,1673437,8,3,True,2
ERR7643780,ERR7505432,ERR8191371,2021-11-30,2021-11-15,2021-12-01,{'AY.34.1': 1},954685,1,-1,2147483648,6,False,1
node_700663,ERR10021881,ERR10005251,2022-06-17,2022-07-22,2022-07-19,{'BA.5.2': 2},1528970,2,1528971,1,0,False,2
node_250547,SRR20758593,SRR16973791,2021-11-02,2021-11-01,2021-11-05,{'AY.103': 2},809188,2,-1,2147483648,3,False,2
SRR15226496,node_412415,SRR15157873,2021-05-25,2021-05-25,2021-05-09,{'B.1.1.7': 1},301363,1,-1,2147483648,4,False,1
SRR17275446,node_47931,ERR13153313,2021-12-02,2021-12-15,2021-07-30,{'B.1.617.2': 1},968229,1,-1,2147483648,2,False,1
node_699924,ERR10000094,ERR10165116,2022-08-12,2022-07-05,2022-08-24,"{'BA.5.2.1': 1, 'BE.2': 1}",1520320,264,1428716,6,4,False,2
ERR7495974,ERR7443540,SRR17400197,2021-11-15,2021-11-22,2021-11-23,{'AY.4': 1},879301,1,-1,2147483648,3,False,1
node_203169,DRR321274,ERR7235713,2021-07-06,2021-05-18,2021-10-18,{'B.1.617.2': 49},354325,50,-1,2147483648,3,False,49
ERR7373215,ERR7381905,ERR6484148,2021-11-07,2021-11-05,2021-08-06,{'AY.4': 1},832272,1,-1,2147483648,5,False,1
node_293859,SRR16307535,node_293857,2021-10-21,2021-09-15,2021-10-21,{'AY.25': 3},752550,3,-1,2147483648,5,False,3
node_483901,ERR8496250,node_483900,2021-12-20,2022-01-26,2021-12-20,{'BA.1.1': 1},1046328,1,-1,2147483648,6,False,1
node_89078,ERR6564109,ERR12789550,2021-08-28,2021-08-17,2021-07-21,{'AY.4': 3},519271,3,-1,2147483648,3,False,3
node_544074,ERR10039713,ERR11763370,2021-12-27,2022-01-03,2021-11-26,"{'XS': 19, 'BA.1.1': 1, 'BA.1': 2, 'BA.1.15': 1}",167127,1241012,-1,2147483648,1,True,23
ERR7313709,ERR7009168,ERR6112499,2021-10-26,2021-09-16,2021-06-08,{'AY.4': 1},773532,1,-1,2147483648,4,False,1
node_335183,ERR13183338,ERR7727650,2021-08-17,2021-09-01,2021-12-05,{'AY.122': 2},477727,2,-1,2147483648,6,False,2
SRR26251364,SRR26331058,node_618498,2023-09-17,2023-09-26,2023-08-07,{'EG.5.1.1': 1},1842463,1,1673437,13,6,False,1
SRR20146374,SRR23306526,node_488775,2021-12-15,2022-01-12,2021-12-21,{'BA.1.1': 1},1028124,1,-1,2147483648,7,False,1
SRR16476194,node_295997,ERR11742306,2021-10-07,2021-10-07,2021-09-11,{'AY.3': 1},692232,1,-1,2147483648,4,False,1
ERR8018134,ERR7275345,ERR11756798,2022-01-03,2021-10-26,2021-12-01,{'AY.46.5': 1},1079764,1,1079765,1,0,False,1
SRR20135831,SRR20573489,ERR9356557,2022-06-15,2022-04-21,2022-03-07,{'BA.2': 1},1525877,1,-1,2147483648,7,False,1
SRR28334844,ERR13077040,SRR28439130,2024-02-14,2023-12-18,2024-02-21,{'JN.1.39.3': 1},1886605,1,1884643,2,4,False,1
SRR18787925,node_455521,ERR12941094,2022-02-26,2022-02-26,2022-03-26,{'BA.1.1': 1},1304858,1,-1,2147483648,5,False,1
SRR17134150,SRR16571709,ERR6492325,2021-09-16,2021-09-05,2021-08-07,{'AY.127': 1},605595,1,-1,2147483648,7,False,1
ERR7206373,ERR7309984,ERR6191008,2021-09-14,2021-10-04,2021-06-26,{'AY.5': 1},596909,1,-1,2147483648,3,False,1
node_228677,ERR6920539,ERR7092734,2021-10-05,2021-09-23,2021-10-05,{'AY.120': 8},681814,8,681814,0,1,False,8
SRR16660873,ERR13149317,ERR5193123,2021-05-02,2021-03-26,2021-01-14,{'B.1.1.7': 1},277950,1,-1,2147483648,4,False,1
node_642708,SRR22317385,ERR13013688,2022-11-27,2022-11-03,2022-09-01,{'BA.5.1.12': 1},1713502,1,1428716,8,2,False,1
node_447970,ERR11795951,ERR8133286,2022-01-16,2022-01-02,2022-01-17,{'BA.1.17.2': 6},1116225,6,-1,2147483648,3,False,6
ERR8204883,ERR7772151,ERR6440908,2021-12-08,2021-12-09,2021-07-26,{'AY.4': 1},999919,1,999920,1,0,False,1
node_493377,SRR20518130,ERR12886246,2022-03-08,2022-03-14,2022-01-11,{'BA.1.1': 2},961188,67028,-1,2147483648,1,False,2
SRR20762631,SRR20258542,node_181491,2021-10-21,2021-10-15,2021-09-18,{'AY.100': 1},753920,1,-1,2147483648,8,False,1
node_543786,ERR8611071,SRR17673362,2021-12-30,2022-01-05,2022-01-08,"{'BA.1.17': 1, 'BA.1.1.1': 1, 'BA.1.1': 1}",871714,424062,-1,2147483648,0,False,3
SRR20115940,node_185378,ERR6889456,2021-12-01,2021-12-12,2021-09-21,{'AY.100': 1},963606,3,-1,2147483648,4,False,1
node_188299,ERR6487581,ERR6435944,2021-08-23,2021-07-24,2021-07-14,{'AY.4': 1},496637,1,-1,2147483648,4,False,1
node_678402,SRR19958582,ERR10021212,2022-07-30,2022-06-10,2022-07-19,{'BA.5.6': 4},1599349,4,1428716,6,3,False,4
ERR8193657,ERR8186513,ERR11764426,2021-12-16,2021-12-04,2021-12-05,{'AY.4': 1},1032030,1,-1,2147483648,3,False,1
node_201757,SRR15993918,SRR15201083,2021-08-17,2021-08-23,2021-07-07,{'AY.119': 10},498955,10,-1,2147483648,3,False,10
ERR11825362,node_174317,ERR12837782,2021-11-02,2021-11-02,2021-10-23,{'AY.4': 1},810745,1,-1,2147483648,6,False,1
SRR23758025,SRR23195918,SRR24001827,2023-02-20,2023-01-02,2023-03-13,{'BQ.1.1.51': 1},1775025,1,1428716,15,6,False,1
ERR6660146,ERR11762602,node_158609,2021-08-28,2021-08-08,2021-08-24,{'AY.4': 1},519230,1,-1,2147483648,4,False,1
SRR20861848,ERR7396762,ERR11742306,2021-12-30,2021-11-07,2021-09-11,{'AY.25': 1},1072991,1,-1,2147483648,5,False,1
SRR19979700,node_226818,ERR13286783,2021-12-03,2021-12-03,2021-12-05,{'AY.120.1': 1},973499,1,-1,2147483648,5,False,1
SRR18538540,SRR18304908,ERR8091428,2022-01-06,2022-01-19,2022-01-09,{'BA.1': 1},1089025,2,-1,2147483648,1,False,1
ERR10366269,node_720738,ERR9825147,2022-09-27,2022-09-27,2022-04-22,{'BA.4.6.5': 1},1671006,1,-1,2147483648,3,False,1
SRR20227562,node_297676,ERR6840673,2021-10-30,2021-10-30,2021-09-03,{'AY.3': 1},792304,1,-1,2147483648,3,False,1
ERR13156632,ERR12859196,ERR12879385,2021-09-23,2021-09-22,2021-12-04,{'AY.80': 1},637665,1,-1,2147483648,3,False,1
SRR16606235,SRR16527271,ERR7707661,2021-09-28,2021-09-21,2021-11-15,{'AY.39': 1},656049,1,-1,2147483648,5,False,1
node_580298,node_580297,node_701767,2022-06-28,2022-06-28,2022-09-06,"{'CH.1.1.19': 343, 'CJ.1.2': 119, 'CH.1.1': 3509, 'DV.6': 1296, 'XCT': 25, 'BN.1.2': 286, 'CB.1': 46, 'DV.8': 3, 'CH.1.1.2': 600, 'CH.1.1.12': 397, 'XBF.4': 65, 'BA.2.75.1': 191, 'CH.1.1.1': 1180, 'BN.1.4.1': 34, 'BA.2.75.2': 369, 'BN.1': 425, 'DV.3': 223, 'BA.2.75.5': 143, 'XBF.3': 64, 'BN.1.2.3': 43, 'EJ.1': 10, 'XBF': 631, 'CH.1.1.18': 52, 'BN.1.3.1': 673, 'DV.1.1': 266, 'BN.1.2.1': 208, 'DV.3.1': 61, 'BN.1.3': 498, 'BN.1.7': 135, 'BR.2.1': 222, 'CH.1.1.25': 142, 'BN.1.5': 509, 'BN.1.4': 118, 'CA.7': 109, 'DS.1': 27, 'DV.1': 34, 'BN.1.4.4': 269, 'DS.3': 211, 'CH.1.1.9': 114, 'BN.1.2.4': 21, 'CH.1.1.28': 123, 'FJ.1': 80, 'XBK.1': 75, 'BR.1': 76, 'FS.1': 129, 'BA.2.75.10': 6, 'BN.1.2.2': 16, 'CA.3': 20, 'CJ.1.1': 16, 'CH.1.1.10': 166, 'CH.1.1.13': 180, 'CH.1.1.23': 20, 'GP.2': 95, 'BN.1.3.5': 22, 'CH.1.1.24': 82, 'CH.1.1.14': 89, 'CH.1.1.11': 136, 'XBF.1.1': 4, 'BN.1.1': 32, 'BN.3.1': 51, 'CH.1.1.3': 57, 'XBQ': 36, 'BL.1': 89, 'BM.1': 19, 'FR.1': 8, 'XBK': 103, 'GP.1': 22, 'CH.1.1.6': 244, 'DV.7.1.5': 45, 'BN.1.3.12': 27, 'BA.2.75.4': 19, 'BR.1.2': 38, 'BL.5': 8, 'DV.7': 76, 'CH.2': 4, 'CH.1.1.8': 109, 'BN.1.4.5': 12, 'CV.1': 77, 'BY.1.2': 16, 'BM.1.1.3': 186, 'BA.2.75': 75, 'BN.2': 3, 'DV.5': 33, 'BL.1.4': 7, 'CH.1.1.15': 54, 'BL.2': 50, 'BM.1.1': 51, 'BN.1.10': 16, 'BN.4': 3, 'DV.6.1': 11, 'CH.1.1.27': 21, 'DV.2': 99, 'BM.4.1.1': 88, 'CH.1.1.5': 199, 'GP.3': 41, 'BN.1.9': 22, 'CA.2': 4, 'EJ.2': 28, 'CH.1.1.16': 20, 'BY.1': 88, 'DV.7.1.4': 54, 'CH.1.1.7': 12, 'DV.7.1': 44, 'CA.1': 51, 'XCT.1': 32, 'BN.3': 3, 'BN.1.3.6': 58, 'BN.6': 43, 'BM.1.1.5': 12, 'CH.1.1.32': 16, 'BL.3': 18, 'BN.5': 24, 'XBH': 7, 'CA.3.1': 34, 'DS.2': 25, 'DV.7.1.2': 29, 'BN.1.4.3': 29, 'DV.7.1.6': 6, 'FR.1.1': 5, 'BN.1.3.8': 4, 'XBF.5': 8, 'BM.1.1.2': 1, 'KG.1': 7, 'BA.2.75.3': 38, 'DV.7.1.1': 9, 'XBF.7.1': 12, 'DV.7.1.3': 13, 'XBF.9': 13, 'CA.5': 23, 'BN.1.3.4': 2, 'BN.1.5.2': 11, 'BN.2.1': 9, 'BN.1.3.7': 13, 'BM.5': 9, 'XBF.2': 7, 'CH.1.1.26': 6, 'BN.1.1.1': 19, 'BM.1.1.1': 15, 'BA.2.75.7': 8, 'CH.1.1.30': 9, 'CH.1.1.21': 32, 'BA.2.75.6': 13, 'DV.4': 5, 'XBF.7': 13, 'CH.1.1.22': 22, 'BN.1.3.3': 5, 'DV.7.1.8': 2, 'BN.1.4.2': 1, 'BA.2': 16, 'CH.1.1.20': 12, 'BN.1.2.7': 2, 'BR.5': 5, 'CJ.1.3': 8, 'XBF.6': 10, 'BR.2': 2, 'BL.4': 4, 'BM.2': 4, 'CH.1': 7, 'XBF.10': 1, 'CA.6': 1, 'BM.3': 1, 'BN.1.2.6': 2, 'BL.6': 5, 'CJ.1': 2, 'CH.3.1': 1, 'BR.4': 2, 'BN.1.2.5': 2, 'XBF.1': 4, 'CH.1.1.29': 1, 'DV.6.2': 1, 'BY.1.2.1': 1, 'BM.2.1': 1, 'BM.4.1': 1, 'FR.1.2': 2, 'BL.1.1': 1, 'BN.1.3.9': 2, 'BN.1.6': 1, 'BM.4': 1, 'FR.1.4': 1}",871728,1294334,-1,2147483648,64,True,18132
SRR23757746,ERR10902004,SRR23898525,2023-02-25,2023-02-08,2023-03-01,{'XBB.1.5': 1},1780164,1,1673437,5,4,True,1
node_576364,ERR11746998,ERR12131835,2022-03-02,2022-03-29,2022-03-17,{'BA.2.8': 2},1313563,2,-1,2147483648,4,False,2
node_315609,SRR17647498,SRR20952346,2021-11-15,2021-12-16,2021-11-18,{'AY.44': 6},887249,6,-1,2147483648,4,False,6
ERR13315663,ERR10711783,ERR12932953,2022-02-09,2022-03-14,2022-03-11,{'BA.2': 1},1238020,1,-1,2147483648,3,False,1
ERR7317796,SRR25066491,ERR6112499,2021-10-27,2021-11-11,2021-06-08,{'B.1.617.2': 1},778365,1,-1,2147483648,2,False,1
ERR9732238,ERR9720270,node_754626,2022-05-02,2022-05-01,2022-03-11,{'BA.2.41': 1},1466762,1,-1,2147483648,7,False,1
node_197731,ERR7318562,ERR8267093,2021-09-15,2021-10-28,2021-10-21,{'AY.121': 5},601578,6,-1,2147483648,5,False,5
ERR9620485,ERR9102767,ERR9496589,2022-04-02,2022-02-23,2022-03-25,{'BA.2': 1},1415242,1,-1,2147483648,3,False,1
node_409209,ERR5741138,SRR15157670,2021-04-28,2021-04-03,2021-05-06,{'B.1.1.7': 27},275658,27,-1,2147483648,3,False,27
ERR7004474,ERR6828971,ERR7050280,2021-09-15,2021-09-03,2021-09-16,{'AY.46.5': 1},599604,1,-1,2147483648,5,False,1
ERR12787816,ERR7389970,node_225621,2021-07-12,2021-11-05,2021-07-09,{'AY.43': 1},365104,1,-1,2147483648,6,False,1
SRR21797771,ERR10002131,ERR13012044,2022-09-19,2022-07-05,2022-08-28,{'BA.5.3.1': 1},1663128,1,1663129,1,0,False,1
node_661074,ERR10667824,ERR10731477,2022-12-17,2022-12-05,2022-12-12,{'BQ.1.1.13': 1},1726027,1,1428716,17,4,False,1
SRR18783902,SRR18814603,ERR11743013,2022-02-21,2022-01-30,2021-12-21,{'BA.1.1': 1},1287813,1,-1,2147483648,0,False,1
ERR9320652,ERR11747212,SRR20785542,2022-03-08,2022-03-29,2022-05-08,{'BA.2': 1},1335547,4,-1,2147483648,3,False,1
node_188344,ERR6820661,ERR6162082,2021-10-15,2021-09-16,2021-06-13,{'AY.4': 1},726135,1,726136,1,0,False,1
node_645619,SRR22964524,SRR21271263,2022-09-27,2022-10-08,2022-08-01,{'BA.5.1': 2},1671494,2,1428716,5,4,False,2
node_335147,ERR11905494,ERR6344272,2021-09-03,2021-08-23,2021-07-01,{'AY.122': 2},546377,2,-1,2147483648,7,False,2
ERR5183537,ERR5437588,ERR5025517,2021-01-02,2021-02-24,2020-12-09,{'B.1.1.7': 1},95420,1,-1,2147483648,1,False,1
SRR21271348,SRR21271660,SRR20119570,2022-07-31,2022-08-01,2022-06-10,{'BA.5.5': 1},1601554,1,1428716,8,5,False,1
node_190575,DRR321274,SRR15993873,2021-08-05,2021-05-18,2021-08-25,{'AY.116.1': 6},442912,7,-1,2147483648,3,False,6
node_269945,SRR16351064,ERR13153313,2021-10-07,2021-09-17,2021-07-30,{'AY.103': 1},693699,1,-1,2147483648,7,False,1
ERR8219227,ERR11756857,ERR7173066,2021-12-13,2021-12-04,2021-10-17,{'AY.4.2.1': 1},1019793,1,-1,2147483648,4,False,1
ERR7632006,ERR8214536,ERR11763821,2021-11-28,2021-12-13,2021-12-02,{'AY.4': 1},945174,1,-1,2147483648,5,False,1
ERR13281042,ERR11797022,ERR11794933,2022-01-11,2022-01-11,2021-12-16,{'BA.1': 1},1101848,1,1101849,1,0,False,1
node_618816,ERR11924004,ERR12322823,2023-09-04,2023-08-12,2023-09-26,{'EG.5.1.1': 5},1837898,5,1837898,0,0,False,5
node_127097,ERR6922632,ERR7789858,2021-12-09,2021-09-27,2021-12-10,{'AY.4': 1},1005783,1,-1,2147483648,3,False,1
ERR10966347,ERR10560448,ERR10559867,2023-02-21,2022-11-23,2022-11-18,{'CH.1.1.1': 1},1776287,1,-1,2147483648,6,False,1
SRR19359139,SRR18922659,SRR19359140,2022-04-26,2022-03-19,2022-05-01,{'BA.2.3': 1},1459711,1,-1,2147483648,3,False,1
node_231555,SRR20251283,SRR15554495,2021-10-14,2021-11-12,2021-08-03,{'AY.39.1': 10},789624,10,-1,2147483648,4,False,10
SRR21457228,node_680686,SRR21994599,2022-08-18,2022-08-18,2022-09-06,{'BF.24': 1},1624682,1,1428716,9,7,False,1
node_648170,ERR10123384,ERR11828344,2022-08-16,2022-08-12,2022-06-10,{'BA.5.1': 16},1622099,16,1428716,5,3,False,16
node_393484,ERR5232903,ERR4906353,2020-12-27,2021-01-15,2020-11-12,{'B.1.1.7': 37},62257,795,-1,2147483648,1,False,37
SRR19674891,SRR19609415,SRR18329258,2022-04-14,2022-05-16,2022-02-07,{'BA.2': 1},1436857,1,-1,2147483648,3,False,1
node_197735,ERR11762590,ERR7229194,2021-10-18,2021-08-08,2021-10-18,{'AY.121': 2},836603,2,-1,2147483648,4,False,2
node_688068,SRR21762331,SRR21889268,2022-08-06,2022-09-13,2022-09-30,{'BA.5.2.1': 4},1610253,4,1428716,8,3,False,4
node_182145,SRR17052330,ERR6440908,2021-10-19,2021-10-26,2021-07-26,{'AY.100': 4},744611,4,-1,2147483648,7,False,4
node_334975,SRR16383177,SRR15706553,2021-10-18,2021-09-21,2021-07-14,{'AY.122': 1},738639,1,-1,2147483648,6,False,1
ERR6382454,ERR6126779,ERR6311034,2021-07-20,2021-06-15,2021-06-30,{'AY.4': 1},382269,1,-1,2147483648,3,False,1
SRR22117476,ERR12902194,SRR21719486,2022-10-13,2022-02-06,2022-08-21,{'BA.4.6': 1},1686467,1,-1,2147483648,2,False,1
SRR14883715,ERR11822460,SRR14883595,2021-05-16,2021-04-11,2021-05-13,{'B.1.1.7': 1},292957,1,-1,2147483648,4,False,1
node_681128,ERR10187567,SRR21497705,2022-09-06,2022-08-26,2022-08-11,{'BF.5': 2},1647516,2,1428716,11,3,False,2
node_623680,SRR25642890,ERR10804812,2023-08-15,2023-07-26,2023-01-04,{'EG.5.2': 2},1831761,2,1673437,16,3,False,2
ERR6834094,node_64326,ERR13153313,2021-09-07,2021-08-01,2021-07-30,{'AY.4': 1},560015,1,-1,2147483648,5,False,1
SRR26016599,SRR26287934,SRR24114581,2023-08-16,2023-09-17,2023-03-24,{'XBB.1.5': 1},1831985,1,1673437,13,8,True,1
ERR9758574,ERR13012220,ERR10004222,2022-03-29,2022-09-06,2022-04-19,{'BA.2': 1},1408089,1,-1,2147483648,4,False,1
SRR22344560,ERR10511060,SRR20723689,2022-11-02,2022-11-05,2022-07-09,{'BA.2': 1},1702507,1,1702508,1,0,False,1
SRR20145098,SRR24230382,SRR16829398,2021-12-03,2021-11-28,2021-10-08,{'AY.39': 1},973615,1,-1,2147483648,5,False,1
SRR14720203,SRR14875079,ERR5238430,2021-05-11,2021-06-03,2021-01-22,{'B.1.1.7': 1},288089,1,-1,2147483648,1,False,1
SRR16883669,SRR16793126,SRR16883632,2021-10-14,2021-10-05,2021-10-14,{'AY.3': 1},723287,1,-1,2147483648,6,False,1
SRR16527246,SRR16629883,node_188942,2021-09-27,2021-09-24,2021-08-06,{'AY.39': 1},651400,1,651401,1,0,False,1
SRR20249756,SRR20952235,ERR6440908,2021-11-10,2021-11-15,2021-07-26,{'AY.119': 1},852547,1,-1,2147483648,7,False,1
SRR15958153,SRR15777214,ERR8222435,2021-08-30,2021-08-20,2021-12-15,{'AY.116.1': 1},527820,1,-1,2147483648,4,False,1
ERR5653087,ERR5193123,ERR5273280,2021-03-19,2021-01-14,2021-01-21,{'B.1.1.7': 1},210263,1,-1,2147483648,3,False,1
node_668270,ERR10151235,SRR22734395,2022-09-13,2022-09-01,2022-11-30,"{'BQ.1.8': 1068, 'BQ.1.8.2': 212, 'FF.1': 26, 'BQ.1.8.1': 4}",1657967,1311,1428716,11,3,False,1310
SRR16153609,SRR16055237,SRR15775541,2021-08-31,2021-08-20,2021-08-17,{'AY.3': 1},533748,1,533749,1,0,False,1
ERR6632261,ERR13182720,ERR6543947,2021-08-16,2021-08-22,2021-08-12,{'AY.4': 1},474614,1,-1,2147483648,3,False,1
ERR9031414,ERR8960635,ERR8531269,2021-03-23,2021-02-18,2021-03-30,{'B.1.1.7': 1},218088,1,-1,2147483648,3,False,1
node_699919,ERR12968803,ERR10001903,2022-09-27,2022-07-25,2022-07-06,{'BA.5': 3},1671609,3,1671609,0,0,False,3
node_607980,SRR26938271,ERR10804812,2023-11-27,2023-11-07,2023-01-04,{'JD.1.1.6': 2},1864056,2,1673437,14,3,False,2
node_461863,node_461862,SRR18308926,2022-02-22,2022-02-22,2022-03-01,{'BA.1': 2},1292753,2,-1,2147483648,4,False,2
ERR8710546,node_497273,ERR9083233,2022-02-15,2022-02-12,2022-02-17,{'BA.1': 1},1262592,1,-1,2147483648,4,False,1
SRR26444112,SRR24601389,node_610574,2023-05-11,2023-04-28,2023-09-06,{'XBB.1.5': 1},1820026,1,1673437,7,4,True,1
SRR21084986,ERR10109579,SRR20096650,2022-07-13,2022-08-08,2022-06-16,{'BA.5.1.30': 1},1569225,1,1569226,1,0,False,1
ERR9210996,ERR8963676,ERR8028645,2022-02-28,2022-02-17,2022-01-08,{'BA.1.1': 1},1308558,1,-1,2147483648,3,False,1
node_641441,SRR21810592,ERR10015716,2022-07-22,2022-09-18,2022-07-15,{'BA.5': 2},1586724,2,1428716,6,6,False,2
SRR27240204,SRR19319894,ERR13322628,2023-12-04,2022-05-05,2024-02-19,{'JN.1.39': 1},1867920,1,1867921,1,0,False,1
node_360146,SRR15289525,ERR6765017,2021-07-28,2021-07-17,2021-09-01,{'AY.67': 1},410802,1,410803,1,0,False,1
node_726409,ERR10045818,ERR12753365,2022-06-14,2022-07-30,2022-06-12,{'BA.2': 2},1524585,2,-1,2147483648,3,False,2
SRR22988798,SRR16786284,SRR15388518,2021-03-30,2021-10-08,2021-07-26,{'AY.120.1': 1},167125,8,-1,2147483648,1,False,1
ERR6768972,ERR6639124,ERR6440908,2021-09-04,2021-08-07,2021-07-26,{'AY.4': 1},550319,1,-1,2147483648,7,False,1
node_584242,ERR13030326,ERR9626610,2023-01-16,2022-12-25,2022-04-13,{'CH.1.1': 2},1747711,2,-1,2147483648,6,False,2
SRR28043704,ERR10039731,ERR12551638,2024-02-01,2022-07-22,2023-12-26,{'JN.1.43.1': 1},1884049,1,1884050,1,0,False,1
ERR9460142,ERR11795951,node_491580,2022-03-23,2022-01-02,2022-03-23,{'BA.1.1': 1},1386333,1,-1,2147483648,7,False,1
node_235547,SRR19939593,SRR16239548,2021-10-18,2021-12-28,2021-09-09,{'AY.39': 47},739100,47,-1,2147483648,5,False,47
ERR11006399,SRR26043232,ERR11006397,2023-02-16,2023-08-21,2023-02-15,{'FY.1': 1},1771515,1,1771516,1,0,False,1
ERR4908871,ERR4699571,ERR4875702,2020-11-13,2020-10-06,2020-11-08,{'B.1.177': 1},62653,1,-1,2147483648,3,False,1
SRR21343226,SRR22565478,ERR8630628,2022-03-31,2022-01-18,2022-02-07,{'BA.1.1': 1},1411731,1,-1,2147483648,2,False,1
SRR20127495,ERR11500479,SRR19959143,2022-06-17,2022-06-14,2022-06-10,{'BA.2.12.1': 1},1528642,1,-1,2147483648,5,False,1
ERR9562178,ERR12924656,ERR11781355,2022-03-28,2022-02-21,2022-03-29,{'BA.2': 1},1404054,1,1213517,4,0,False,1
ERR6764003,ERR6394063,ERR6484148,2021-09-03,2021-07-22,2021-08-06,{'AY.4': 1},546299,1,-1,2147483648,3,False,1
SRR15588615,SRR15918514,ERR7256698,2021-08-05,2021-07-22,2021-10-16,{'AY.3': 1},442379,1,-1,2147483648,5,False,1
SRR20706313,SRR21211445,ERR12538804,2022-07-10,2022-08-04,2022-06-27,{'BA.4': 1},1562884,1,1562885,1,0,False,1
node_322879,SRR15557439,SRR21178072,2021-10-06,2021-08-01,2021-11-08,{'AY.44': 3},688333,3,-1,2147483648,3,False,3
node_514495,node_514494,ERR13167341,2022-01-24,2022-01-24,2022-01-24,{'BA.1.1': 2},1158046,2,-1,2147483648,6,False,2
node_397542,ERR4860274,ERR5559285,2021-02-10,2020-11-02,2021-03-17,{'B.1.1.7': 1},146498,1,-1,2147483648,3,False,1
ERR7399160,ERR7327061,ERR7268953,2021-11-07,2021-11-01,2021-10-21,{'AY.4.2.1': 1},835506,1,-1,2147483648,3,False,1
SRR17371399,ERR5946395,ERR8249442,2021-12-02,2021-05-10,2021-12-09,{'AY.119': 1},969813,1,-1,2147483648,3,False,1
node_188315,ERR13182720,ERR6454904,2021-09-15,2021-08-22,2021-07-28,{'AY.4': 2},599464,2,599464,0,0,False,2
node_24405,SRR13689367,SRR14404745,2021-02-18,2020-12-02,2021-02-15,{'B.1.375': 2},160837,2,160838,1,0,False,2
node_168238,ERR6676360,node_168237,2021-09-29,2021-08-30,2021-09-29,{'AY.4': 4},658628,4,-1,2147483648,7,False,4
ERR9929732,ERR10045311,ERR9867432,2022-06-19,2022-07-29,2022-06-06,{'BA.5.1': 1},1530849,1,1428716,5,3,False,1
SRR21266622,ERR7743439,ERR6490974,2021-12-09,2021-12-04,2021-08-06,{'AY.118': 1},2802134,1,-1,2147483648,6,False,1
node_645283,ERR13025477,ERR10425238,2022-11-25,2022-12-05,2022-10-10,{'BA.5.1.34': 6},1719912,6,1428716,11,1,False,6
node_594791,ERR13323032,SRR23729336,2023-03-09,2023-01-20,2023-02-18,{'XBB.1.5': 3},1790906,3,1790907,1,0,True,3
node_649982,SRR23472800,SRR20637794,2022-09-07,2022-08-19,2022-07-05,{'BA.5.1': 2},1648886,2,1648887,1,0,False,2
SRR16829333,SRR16364659,SRR15982202,2021-10-08,2021-09-18,2021-09-03,{'AY.100': 1},698327,1,-1,2147483648,4,False,1
ERR5054236,ERR5041885,node_391464,2020-12-18,2020-12-19,2020-12-18,{'B.1.1.7': 1},86550,1,-1,2147483648,4,False,1
node_185918,ERR7201271,ERR13154318,2021-10-12,2021-10-07,2021-08-20,{'B.1.617.2': 7},785996,8,-1,2147483648,7,False,7
SRR17885534,SRR16733375,node_413023,2021-05-25,2021-05-03,2021-04-01,{'B.1.1.7': 1},301510,1,-1,2147483648,5,False,1
SRR20741528,SRR21507004,ERR12973188,2022-07-10,2022-08-02,2022-07-11,{'BA.5.2.1': 1},1563034,1,1428716,6,3,False,1
SRR16099131,SRR15552708,SRR16386287,2021-07-29,2021-07-24,2021-09-20,{'AY.14': 1},414848,1,-1,2147483648,5,False,1
node_633498,SRR28122313,SRR28334800,2024-02-06,2024-01-21,2024-02-12,{'JN.1.6.1': 2},1885146,2,1854739,13,3,False,2
SRR24260022,SRR21539127,ERR11190065,2023-04-06,2022-08-30,2023-03-23,{'FL.1': 1},1808653,1,1673437,9,3,False,1
node_181768,SRR20263943,ERR6171435,2021-11-26,2021-11-23,2021-06-21,{'AY.100': 4},935245,4,-1,2147483648,8,False,4
SRR20251274,SRR20250608,SRR16527388,2021-11-12,2021-11-13,2021-09-27,{'AY.100': 1},864943,2,-1,2147483648,3,False,1
SRR15916474,ERR6491415,ERR6621352,2021-08-10,2021-07-31,2021-08-11,{'B.1.617.2': 1},459552,1,-1,2147483648,4,False,1
node_552424,SRR19319894,SRR19372520,2022-04-30,2022-05-05,2022-05-16,{'BA.2.12.1': 2},1465084,2,1465084,0,0,False,2
node_269676,SRR16159528,SRR16266058,2021-09-23,2021-09-01,2021-09-30,{'AY.103': 1},636341,1,-1,2147483648,4,False,1
ERR8686127,ERR8159712,ERR12307238,2022-02-09,2022-01-19,2022-04-07,{'BA.1': 1},1237767,1,1237768,1,0,False,1
node_355140,SRR16161964,node_345079,2021-09-20,2021-09-10,2021-07-29,{'AY.47': 4},622534,4,-1,2147483648,6,False,4
ERR7176000,ERR6853285,ERR12795818,2021-10-19,2021-09-17,2021-07-16,{'AY.4': 1},740900,1,-1,2147483648,3,False,1
SRR25680859,SRR25680857,ERR10983997,2023-04-08,2023-04-08,2023-02-22,{'XBB.1.42': 1},1809502,1,1673437,11,5,True,1
ERR12069687,node_658272,ERR10752735,2022-11-27,2022-11-15,2022-09-19,{'BA.5.2': 1},1713730,1,1428716,9,7,False,1
node_189773,SRR17419604,node_189772,2021-11-11,2021-11-12,2021-11-11,{'AY.119': 3},859245,3,-1,2147483648,5,False,3
ERR7254895,node_157987,node_335893,2021-10-30,2021-09-26,2021-07-21,{'AY.122': 1},789907,1,-1,2147483648,7,False,1
node_545122,SRR20304164,SRR19709227,2022-05-20,2022-06-25,2022-05-20,{'BA.2.12.1': 7},1529129,7,-1,2147483648,3,False,7
node_584407,ERR10792188,ERR10864450,2023-02-24,2023-01-10,2023-02-02,{'CH.1.1.9': 2},1779645,2,-1,2147483648,7,False,2
node_524771,ERR10286798,ERR8564628,2021-12-12,2022-09-13,2022-02-05,{'BA.1.17.2': 6},932339,50209,-1,2147483648,1,False,6
SRR20251828,SRR16706682,SRR17249797,2021-11-11,2021-10-06,2021-10-22,{'AY.39': 1},859499,1,-1,2147483648,3,False,1
SRR20186943,SRR17330479,SRR20228147,2021-12-05,2021-12-06,2021-10-28,{'AY.39': 1},982730,2,-1,2147483648,4,False,1
SRR15908182,SRR15200656,ERR5991611,2021-07-16,2021-07-06,2021-05-19,{'AY.14': 1},374112,1,-1,2147483648,5,False,1
node_234486,SRR20145379,SRR16551672,2021-11-28,2021-12-05,2021-10-14,{'AY.39': 2},944542,3,-1,2147483648,4,False,2
SRR21450946,node_641282,node_722412,2022-08-20,2022-10-09,2022-08-20,{'BA.4.6': 1},1626551,1,1626552,1,0,False,1
node_646824,ERR10000044,node_716832,2022-05-15,2022-07-05,2022-06-18,"{'BA.5.1': 21, 'BA.5.2': 14}",871728,1294334,-1,2147483648,64,False,35
node_623717,ERR13075723,SRR25109904,2023-09-21,2023-10-23,2023-06-14,{'XBB.1.9': 3},1844193,3,1844193,0,0,True,3
ERR7044588,ERR7008500,ERR6370985,2021-09-22,2021-09-13,2021-07-17,{'AY.5': 1},631022,1,-1,2147483648,7,False,1
node_28781,SRR16747443,SRR14381406,2021-02-16,2021-03-12,2021-03-30,{'B.1.429': 1},158171,1,-1,2147483648,5,False,1
node_623559,ERR12383377,SRR26928329,2023-11-06,2023-10-05,2023-10-21,{'EG.5.1': 7},1857457,7,1857458,1,0,False,7
ERR8210501,ERR7000902,ERR11756995,2021-12-02,2021-09-15,2021-12-03,{'AY.122': 1},968078,1,-1,2147483648,7,False,1
node_654031,node_654028,SRR20999827,2022-06-13,2022-06-13,2022-07-23,{'BA.2.12': 1},1522482,1,1522483,1,0,False,1
ERR10005664,node_724267,ERR10175110,2022-07-18,2022-07-18,2022-08-27,{'BA.4': 1},1577801,1,-1,2147483648,5,False,1
node_712094,ERR10107579,node_711151,2022-10-05,2022-07-27,2022-09-14,{'BA.5.2.1': 1},1678126,1,1428716,8,5,False,1
ERR8174039,ERR7409577,ERR7027440,2021-12-03,2021-11-09,2021-09-30,{'AY.4.2.2': 1},972675,1,-1,2147483648,3,False,1
ERR7540364,ERR7536199,ERR7652282,2021-11-20,2021-11-18,2021-11-30,{'AY.4.2': 1},905020,1,-1,2147483648,3,False,1
SRR23046344,ERR10424279,SRR23489295,2022-12-15,2022-10-03,2023-01-17,{'BQ.1.1': 1},1724785,1,1428716,14,5,False,1
node_347806,ERR11761444,node_354911,2021-07-29,2021-07-06,2021-09-07,"{'AY.9.2': 1, 'AY.9': 3}",175379,680876,-1,2147483648,1,False,4
SRR26415647,ERR11343376,SRR25643336,2023-10-04,2023-04-06,2023-07-28,{'HN.3.1': 1},1848303,1,1673437,15,6,False,1
node_370797,ERR5474924,node_370796,2021-01-18,2021-01-23,2021-01-18,{'B.1.1.7': 4},115296,4,-1,2147483648,5,False,4
node_189188,SRR15589136,SRR15200010,2021-08-30,2021-08-09,2021-06-24,{'AY.114': 2},293507,1442,-1,2147483648,3,False,2
SRR19675081,SRR18775484,SRR19694506,2022-04-18,2022-03-18,2022-04-16,{'BA.2.9': 1},1443792,1,-1,2147483648,4,False,1
node_544160,SRR20419841,ERR9446035,2022-04-30,2022-03-13,2022-03-19,{'BA.2': 4},1474041,4,1133051,3,5,False,4
SRR21266638,SRR20935129,SRR16606691,2021-12-09,2021-12-09,2021-09-28,{'AY.39': 1},1006517,1,-1,2147483648,6,False,1
node_188289,ERR7294495,ERR6760158,2021-10-31,2021-10-29,2021-08-30,{'AY.4': 1},794484,1,-1,2147483648,5,False,1
node_461395,ERR7675357,ERR8476414,2022-01-16,2021-12-03,2022-01-23,"{'BA.1.17': 2, 'BA.1.19': 2, 'BA.1': 1}",871714,424062,-1,2147483648,0,False,5
node_403703,ERR6716637,ERR5479924,2021-04-12,2021-03-08,2021-01-27,{'B.1.1.7': 1},252584,1,-1,2147483648,10,False,1
ERR6634589,ERR13182720,ERR6372158,2021-08-23,2021-08-22,2021-07-19,{'AY.4': 1},496739,1,-1,2147483648,3,False,1
node_237479,ERR11821003,node_188832,2021-09-14,2021-09-03,2021-10-12,{'AY.118': 2},597159,3,-1,2147483648,5,False,2
node_488645,ERR9099490,SRR18539624,2022-03-02,2022-02-22,2022-02-25,{'BA.1.1': 5},871714,424062,-1,2147483648,0,False,5
node_314881,ERR6442517,ERR12822554,2021-07-28,2021-07-29,2021-08-25,{'AY.44': 1},410523,1,410524,1,0,False,1
SRR24184370,SRR24184141,SRR23177976,2023-04-04,2023-04-03,2023-01-07,{'XBB.1.5': 1},1807691,1,1673437,9,4,True,1
node_647940,node_641406,ERR10306427,2022-07-01,2022-10-18,2022-09-18,{'BA.5.1': 19},1546224,21,1428716,4,3,False,19
node_580470,SRR23498079,ERR10839141,2023-01-31,2023-01-30,2023-01-18,{'XBF.2': 2},1756923,2,1705711,3,3,True,2
node_701805,ERR10080278,ERR10150235,2022-10-26,2022-08-02,2022-08-20,{'BA.2.75': 5},1697529,5,1697530,1,0,False,5
node_448045,ERR7854118,ERR8124550,2022-03-01,2021-12-15,2022-01-17,"{'BA.1.1': 5, 'BA.1.5': 2}",1311317,7,-1,2147483648,4,False,7
node_442294,node_442293,SRR17959502,2021-11-25,2021-11-25,2022-01-12,"{'BA.1.15': 12, 'BA.1': 11, 'BA.1.1': 42, 'BA.1.17.2': 4, 'BA.1.17': 1, 'BA.1.1.14': 1, 'BA.1.1.18': 2, 'BA.1.18': 2, 'B.1.1.529': 1, 'BA.1.20': 1, 'BA.1.15.1': 1}",871714,424062,-1,2147483648,0,False,78
node_235882,SRR15363718,SRR20918207,2021-12-09,2021-07-20,2021-12-16,{'AY.39': 11},1030378,12,-1,2147483648,3,False,11
node_785003,SRR16660456,node_785002,2021-03-23,2021-05-03,2021-03-15,{'P.1': 3},291686,3,-1,2147483648,5,False,3
SRR20252804,node_189377,ERR11742306,2021-10-20,2021-10-16,2021-09-11,{'AY.100': 1},748986,1,-1,2147483648,7,False,1
node_580577,ERR10901538,ERR10489106,2023-02-02,2023-02-06,2022-11-01,{'BA.2': 6},1758223,6,1758224,1,0,False,6
SRR21670723,SRR19722811,ERR10001355,2022-09-04,2022-05-28,2022-07-04,{'BA.2.12.1': 1},1645468,1,-1,2147483648,7,False,1
ERR9704907,ERR9699045,ERR12973609,2022-04-22,2022-04-06,2022-05-27,{'BA.2': 1},1451954,1,-1,2147483648,6,False,1
SRR15776839,SRR15389489,ERR6304383,2021-08-12,2021-07-23,2021-07-03,{'AY.62': 1},466180,1,-1,2147483648,6,False,1
ERR6840063,ERR6881205,ERR6619488,2021-09-13,2021-09-17,2021-08-19,{'AY.112': 1},589160,2,-1,2147483648,4,False,1
node_188711,ERR7094763,ERR6112499,2021-10-20,2021-10-06,2021-06-08,{'AY.4': 1},747258,1,747259,1,0,False,1
ERR13321679,SRR27976856,ERR13055132,2023-11-29,2024-01-23,2023-12-04,{'JN.1': 1},1865991,1,1854739,10,4,False,1
SRR16635675,ERR7441784,SRR16742317,2021-05-28,2021-07-21,2021-04-11,{'P.1.17': 1},303819,1,-1,2147483648,3,False,1
node_346491,ERR11761444,ERR11822152,2021-07-05,2021-07-06,2022-02-14,"{'AY.9.2': 1, 'AY.9': 1}",304528,6367,-1,2147483648,1,False,2
SRR26074510,ERR10964784,SRR25709639,2023-08-28,2023-02-16,2023-08-04,{'HZ.3': 1},1835568,1,1673437,7,6,False,1
node_372781,ERR5273061,ERR5187704,2021-03-16,2021-01-23,2021-01-08,{'B.1.1.7': 2},205179,2,-1,2147483648,4,False,2
node_680082,ERR10003543,ERR12970848,2022-07-22,2022-07-08,2022-08-06,{'BF.21': 4},1674162,4,1428716,8,3,False,4
ERR6764194,ERR6373652,ERR6162082,2021-09-03,2021-07-18,2021-06-13,{'AY.4': 1},546459,1,-1,2147483648,3,False,1
SRR17357968,SRR16857602,SRR16365559,2021-12-04,2021-10-18,2021-09-18,{'AY.103': 1},977651,1,-1,2147483648,5,False,1
ERR12669912,SRR28335025,SRR28009384,2024-02-03,2024-01-28,2024-02-01,{'JN.1': 1},1884473,1,1854739,9,4,False,1
SRR16730512,SRR13380805,SRR14405940,2021-05-02,2020-12-27,2021-02-02,{'B.1.2': 1},277973,1,-1,2147483648,8,False,1
ERR9339088,ERR9303109,ERR12131839,2022-03-10,2022-03-06,2022-03-17,{'BA.2': 1},1344546,1,-1,2147483648,3,False,1
node_590176,ERR10791603,ERR11200640,2023-02-06,2023-01-03,2023-03-13,{'XBB.1.5.48': 20},1759724,20,1673437,9,5,True,20
node_257468,SRR16546753,ERR6526813,2021-09-09,2021-09-25,2021-08-10,{'AY.103': 4},571695,5,-1,2147483648,5,False,4
node_664965,ERR10097107,ERR10476409,2023-01-04,2022-07-20,2022-10-28,{'BQ.1.1': 2},1739238,2,1739239,1,0,False,2
ERR10022439,ERR9926473,ERR10002732,2022-07-20,2022-06-28,2022-07-08,{'BA.5.1': 1},1582198,1,1428716,5,4,False,1
node_783508,SRR15151160,ERR13149662,2021-05-18,2021-05-01,2021-04-30,{'P.1': 3},132045,6003,-1,2147483648,1,False,3
SRR25669658,SRR23697804,SRR24143243,2023-04-30,2023-01-10,2023-03-16,{'XBB.1.16': 1},1817030,1,1673437,13,11,True,1
node_189483,SRR16147011,ERR13153313,2021-10-09,2021-09-20,2021-07-30,{'AY.100': 2},702155,2,-1,2147483648,5,False,2
ERR6515877,ERR6379817,ERR6209109,2021-08-06,2021-07-19,2021-06-22,{'AY.6': 1},447114,1,447115,1,0,False,1
ERR4287486,ERR4085162,ERR4570701,2020-05-13,2020-04-08,2020-08-25,{'B.1.248': 1},15736,1,-1,2147483648,4,False,1
node_456201,SRR18786104,node_456200,2022-02-13,2022-02-27,2022-02-13,{'BA.1.1': 1},1254988,1,-1,2147483648,3,False,1
node_188435,ERR11755492,ERR6999202,2021-10-24,2021-10-21,2021-09-27,{'AY.4.2': 1},763756,1,-1,2147483648,7,False,1
node_632702,ERR12258930,ERR13052840,2024-01-18,2023-10-30,2023-11-20,{'JN.1.16': 1},1880215,1,1854739,11,5,False,1
node_518987,ERR7920037,ERR12888162,2022-01-18,2021-12-23,2022-01-10,{'BA.1': 2},1238283,2,1123638,1,0,False,2
node_672964,ERR10504376,ERR10086729,2022-08-10,2022-11-07,2022-07-31,{'BE.1.1.2': 6},1614343,6,1428716,10,4,False,6
node_436605,ERR5026591,ERR5440184,2021-03-15,2020-12-10,2021-03-01,{'B.1.1.7': 2},201485,2,-1,2147483648,4,False,2
ERR8130900,ERR8270015,ERR12894556,2022-01-18,2022-01-20,2022-01-07,{'BA.1.17.2': 1},1123432,1,-1,2147483648,4,False,1
ERR6519681,node_117264,ERR12795818,2021-08-06,2021-08-06,2021-07-16,{'AY.4': 1},445030,1,-1,2147483648,7,False,1
node_633859,ERR13322490,ERR12658239,2023-12-27,2024-02-05,2024-01-30,{'JN.1': 2},1875377,2,1854739,10,6,False,2
ERR5765975,ERR5763785,ERR5174575,2021-04-13,2021-04-14,2020-12-21,{'B.1.1.7': 1},255180,1,-1,2147483648,3,False,1
node_614965,ERR11501897,ERR10896867,2023-02-13,2023-05-15,2023-01-27,"{'XBB.1.9': 28, 'XBB.1.9.1': 1}",1769253,29,1673437,8,6,True,29
node_634605,ERR13051846,SRR29098693,2023-11-16,2023-12-04,2024-05-08,{'JN.1.1': 21},1854737,23726,1854739,3,1,False,21
SRR20228763,SRR20228662,ERR12843290,2021-10-26,2021-10-26,2021-11-06,{'AY.4': 1},774415,1,-1,2147483648,8,False,1
node_189988,node_195489,ERR6112499,2021-09-27,2021-08-19,2021-06-08,{'AY.127': 1},651380,1,-1,2147483648,7,False,1
SRR18786773,SRR18931348,ERR8014413,2022-02-27,2022-03-17,2022-01-05,{'BA.1.15': 1},1306695,1,-1,2147483648,1,False,1
node_11226,SRR14387467,SRR14135998,2021-03-02,2021-02-14,2021-02-02,{'B.1.2': 3},182506,3,-1,2147483648,5,False,3
node_46573,node_46564,ERR11754531,2021-07-10,2021-04-26,2021-10-18,{'AY.5': 6},360883,6,360883,0,0,False,6
node_166431,ERR7236193,ERR11762174,2021-10-15,2021-10-19,2021-07-22,{'AY.4': 45},167127,1241012,-1,2147483648,1,False,45
node_262136,SRR15775076,ERR11755558,2021-09-02,2021-08-01,2021-11-25,{'AY.103': 4},543088,4,-1,2147483648,3,False,4
SRR16733702,SRR14452611,ERR5474924,2021-05-01,2021-04-14,2021-01-23,{'B.1.1.7': 1},277526,1,-1,2147483648,6,False,1
node_188413,ERR11755890,ERR7312534,2021-10-26,2021-11-25,2021-10-23,{'AY.4.2.2': 8},773496,8,704794,2,3,False,8
SRR22470571,ERR10380114,ERR12540113,2022-10-20,2022-09-28,2022-07-25,{'BF.7.21': 1},1692693,1,1428716,10,3,False,1
SRR19931881,SRR16927519,SRR15391405,2021-11-04,2021-10-07,2021-07-16,{'AY.3': 1},820510,1,-1,2147483648,4,False,1
node_236451,ERR6605369,SRR15775864,2021-09-17,2021-08-24,2021-08-17,{'AY.39': 1},610174,1,-1,2147483648,4,False,1
node_150009,ERR6758564,DRR321274,2021-08-08,2021-09-09,2021-05-18,{'AY.4': 22},450829,22,-1,2147483648,3,False,22
node_522286,ERR8304130,ERR10673300,2021-12-12,2022-01-22,2022-12-05,{'BA.1.17.2': 2},1020300,2,-1,2147483648,4,False,2
node_701831,SRR20741975,ERR10015589,2022-08-22,2022-07-08,2022-07-16,{'BA.5.2': 2},1679816,2,1630344,1,0,False,2
SRR20915250,ERR12970425,ERR10039908,2022-07-15,2022-07-31,2022-07-22,{'BA.5.1.15': 1},1573054,1,1428716,6,3,False,1
SRR21266646,SRR20146079,SRR15518829,2021-12-08,2021-11-28,2021-07-30,{'AY.100': 1},1002446,1,-1,2147483648,6,False,1
ERR6333468,ERR11761851,ERR6175175,2021-07-10,2021-07-16,2021-06-24,{'AY.4': 1},361105,1,361106,1,0,False,1
SRR17646921,SRR16899094,node_322967,2021-12-07,2021-10-16,2021-12-07,{'AY.44': 1},994807,1,-1,2147483648,4,False,1
node_733902,ERR12712012,ERR9001943,2022-03-13,2022-03-28,2022-02-18,{'BA.2.3.9': 2},1351115,2,-1,2147483648,4,False,2
node_6897,ERR4249590,node_7007,2021-03-03,2020-05-01,2021-03-30,{'B.1.634': 59},218128,59,-1,2147483648,38,False,59
SRR20251026,SRR19269936,ERR6484148,2021-11-12,2021-11-13,2021-08-06,{'AY.44': 1},864851,1,-1,2147483648,3,False,1
ERR13043514,ERR13010064,ERR13057027,2023-03-05,2022-10-03,2023-03-26,{'XBB.1.5': 1},1787263,1,1673437,6,4,True,1
node_205322,ERR11755165,ERR11756345,2021-08-27,2021-10-19,2021-11-28,{'AY.126': 3},579608,3,-1,2147483648,4,False,3
ERR7044036,ERR5933097,ERR6555340,2021-09-22,2021-05-07,2021-08-16,{'AY.4': 1},631012,1,-1,2147483648,5,False,1
SRR15158427,SRR14811934,ERR5191314,2021-05-15,2021-05-14,2021-01-11,{'B.1.1.7': 1},292104,1,-1,2147483648,5,False,1
SRR15877561,SRR15874541,ERR7318562,2021-08-11,2021-08-09,2021-10-28,{'AY.116': 1},462368,1,462369,1,0,False,1
SRR28166518,SRR27470659,SRR27944740,2024-01-30,2023-12-20,2024-01-22,{'JN.1': 1},1883323,1,1854739,10,6,False,1
node_731443,ERR9110426,ERR8162740,2022-03-13,2022-02-24,2022-01-21,{'BA.2.3': 1},1351391,1,-1,2147483648,7,False,1
node_778979,ERR4597173,ERR11826937,2020-08-26,2020-08-07,2020-11-27,{'B.1.160': 4},30982,4,30443,1,0,False,4
ERR10080249,ERR10031576,SRR20135569,2022-08-01,2022-07-26,2022-06-17,{'BA.5.1': 1},1602363,1,1428716,5,6,False,1
node_202034,SRR16125431,SRR20917503,2021-12-09,2021-09-19,2021-12-15,{'AY.119': 4},1005061,5,-1,2147483648,3,False,4
ERR13010064,ERR13043514,ERR10219731,2022-10-03,2023-03-05,2022-09-06,{'BF.7': 1},1676894,1,1428716,8,3,False,1
node_180651,ERR7648466,node_189383,2021-08-30,2021-11-29,2021-11-24,{'AY.100': 82},568849,84,-1,2147483648,4,False,82
SRR26828095,SRR27334894,SRR26865116,2023-09-19,2023-08-17,2023-09-26,{'HV.1.6': 1},1843492,1,1673437,18,6,False,1
node_405106,ERR8972578,ERR5706257,2021-05-24,2021-05-18,2021-04-04,{'B.1.1.7': 6},300712,6,-1,2147483648,2,False,6
SRR25690937,ERR10932485,ERR11448044,2023-04-19,2023-02-10,2023-05-02,{'EU.1.1': 1},1813676,1,1673437,8,5,False,1
SRR24781697,ERR10039713,SRR24781690,2022-02-15,2022-01-03,2022-02-15,{'BA.1': 1},1266312,1,-1,2147483648,5,False,1
ERR12887809,ERR12886332,ERR8222293,2022-01-14,2022-01-10,2021-12-23,{'BA.1.12': 1},1111479,1,-1,2147483648,5,False,1
SRR16062990,SRR15200343,ERR11764426,2021-08-25,2021-07-06,2021-12-05,{'AY.54': 1},506793,1,-1,2147483648,5,False,1
node_78800,node_78799,ERR6679169,2021-10-22,2021-10-22,2021-08-31,{'AY.4': 4},755018,4,-1,2147483648,5,False,4
SRR19821529,SRR19293544,ERR6492325,2022-01-15,2021-11-11,2021-08-07,{'B.1.617.2': 1},1114298,1,-1,2147483648,8,False,1
ERR9664307,node_771737,ERR9625554,2022-04-20,2022-04-11,2022-04-13,{'BA.2': 1},1448314,1,-1,2147483648,3,False,1
SRR21505810,SRR20304767,ERR13306889,2022-08-18,2022-06-26,2022-01-11,{'BA.4.6': 1},1624922,1,-1,2147483648,6,False,1
ERR10504369,ERR13026393,SRR20638970,2022-10-26,2022-10-21,2022-07-05,{'BA.5': 1},1697047,1,1428716,7,6,False,1
node_704428,node_704424,ERR9935574,2022-10-21,2022-10-02,2022-07-05,{'BA.5.2.18': 1},1693313,1,1428716,10,5,False,1
ERR7245442,ERR7237757,ERR6725544,2021-10-07,2021-10-11,2021-09-02,{'AY.4': 1},692018,1,-1,2147483648,4,False,1
ERR13045064,ERR13055050,ERR13058813,2023-02-18,2023-01-13,2023-02-02,{'XBB.1.9.1': 1},1773607,1,1673437,9,3,True,1
SRR16890337,SRR18027320,SRR16581572,2021-10-23,2021-10-30,2021-09-07,{'AY.116.1': 1},760802,2,-1,2147483648,2,False,1
ERR13287273,ERR11761851,ERR11794685,2021-12-04,2021-07-16,2021-12-02,{'AY.4': 1},979453,1,979454,1,0,False,1
SRR20229089,SRR16384145,SRR20254683,2021-10-27,2021-09-21,2021-10-15,{'AY.100': 1},779163,1,-1,2147483648,5,False,1
SRR17209753,SRR13919808,ERR4764314,2020-12-16,2020-12-10,2020-10-08,{'B.1.1.192': 1},84519,1,-1,2147483648,3,False,1
ERR9695296,ERR9722158,ERR12131839,2022-04-29,2022-05-03,2022-03-17,{'BA.2': 1},1463314,1,-1,2147483648,3,False,1
node_188598,ERR6488125,ERR6591271,2021-10-11,2021-07-21,2021-08-21,{'AY.4': 3},518065,87,-1,2147483648,1,False,3
ERR12960981,ERR12780385,ERR12713711,2022-04-01,2022-04-28,2022-04-14,{'BA.2.9': 1},1414366,1,-1,2147483648,2,False,1
node_37750,ERR4849654,SRR16660834,2020-12-11,2020-11-02,2021-05-04,{'B.1.177': 4},78722,4,-1,2147483648,6,False,4
ERR9316250,ERR10039717,ERR9311779,2022-03-08,2022-01-17,2022-03-08,{'BA.2': 1},1335835,1,-1,2147483648,4,False,1
node_780091,node_780083,SRR16618046,2020-06-08,2020-06-08,2021-04-01,{'B.1.1.372': 2},20699,2,-1,2147483648,4,False,2
node_243868,ERR7159062,ERR4599326,2021-10-05,2021-09-29,2020-08-21,{'AY.98': 3},684294,3,-1,2147483648,3,False,3
node_670953,node_701774,ERR10231693,2022-09-23,2022-12-20,2022-09-13,"{'BQ.1.25': 132, 'BQ.1.25.1': 69}",1678852,201,1428716,10,4,False,201
SRR29412836,SRR28563867,SRR28286283,2024-05-31,2024-03-23,2024-02-13,{'KS.1': 1},1893067,1,1854739,16,14,False,1
node_188955,SRR16797667,SRR15391627,2021-10-16,2021-10-23,2021-07-12,{'AY.39': 1},730991,1,-1,2147483648,4,False,1
ERR6881713,ERR13182720,ERR6544260,2021-09-23,2021-08-22,2021-08-12,{'AY.4': 1},633518,1,633519,1,0,False,1
node_131357,ERR6348480,ERR11754070,2021-08-16,2021-07-14,2021-10-13,{'AY.46.5': 3},474744,3,-1,2147483648,7,False,3
node_701771,ERR10214020,ERR10003171,2022-12-20,2022-09-07,2022-07-07,"{'XBS': 19, 'XBR': 3}",1551581,17309,-1,2147483648,1,True,22
ERR9876227,ERR9867451,ERR9875779,2022-06-14,2022-06-07,2022-06-14,{'BA.4': 1},1523663,1,-1,2147483648,3,False,1
ERR6664870,ERR6581695,ERR12845982,2021-08-26,2021-08-19,2021-11-10,{'AY.4': 1},512365,1,-1,2147483648,5,False,1
node_424566,node_424551,ERR5274274,2021-04-09,2021-03-03,2021-01-26,{'B.1.1.7': 9},248785,9,-1,2147483648,4,False,9
node_518362,ERR11764255,ERR8189386,2022-01-15,2021-12-06,2021-12-26,{'BA.1': 1},1114734,1,-1,2147483648,3,False,1
node_188644,ERR6611490,ERR13153313,2021-08-26,2021-08-23,2021-07-30,{'AY.4': 1},508294,1,508295,1,0,False,1
node_304050,SRR15876810,SRR23878906,2021-09-30,2021-08-13,2021-10-27,{'AY.3': 2},665105,2,-1,2147483648,6,False,2
SRR20763752,SRR16781393,SRR16384086,2021-10-22,2021-09-27,2021-09-18,{'AY.3': 1},757209,1,-1,2147483648,4,False,1
node_59611,ERR6647032,ERR11756968,2021-09-12,2021-08-19,2021-12-03,{'AY.4': 1},584029,1,-1,2147483648,4,False,1
node_722970,ERR13174554,SRR21440550,2022-09-26,2022-08-02,2022-08-15,{'BA.4': 3},1670819,3,1670820,1,0,False,3
node_157605,ERR7287256,ERR6492325,2021-10-27,2021-10-28,2021-08-07,{'AY.4': 1},778376,1,778377,1,0,False,1
node_276117,node_276116,SRR16040868,2021-08-03,2021-08-03,2021-08-25,{'AY.25': 1},433549,1,-1,2147483648,4,False,1
ERR11754218,ERR12824179,ERR11753912,2021-10-13,2021-09-15,2021-10-13,{'AY.4': 1},719897,1,-1,2147483648,3,False,1
node_189882,SRR15628585,SRR20944594,2021-10-19,2021-08-05,2021-11-15,{'AY.119.2': 3},744545,4,-1,2147483648,4,False,3
node_777623,ERR13036650,ERR12751262,2023-01-31,2022-12-27,2022-05-01,{'XAY.2.3': 2},1757107,2,1723586,2,3,True,2
SRR23879373,ERR11753629,SRR16899236,2021-12-03,2021-10-17,2021-10-17,{'AY.44': 1},975079,1,975080,1,0,False,1
SRR24547023,ERR11254928,ERR10911496,2023-05-02,2023-02-24,2023-02-10,{'EU.1.1': 1},1817475,1,1673437,9,4,False,1
node_188295,ERR11847225,ERR13182720,2021-07-21,2021-07-27,2021-08-22,{'AY.4': 2},606292,2,-1,2147483648,3,False,2
ERR7316360,ERR6571500,ERR7252236,2021-10-20,2021-08-08,2021-10-25,{'AY.4.2': 1},747781,1,-1,2147483648,6,False,1
ERR5559285,ERR5351797,ERR5323383,2021-03-17,2021-02-15,2021-02-10,{'B.1.1.7': 1},206918,1,-1,2147483648,3,False,1
node_51750,node_186665,ERR7283110,2021-11-05,2021-07-10,2021-10-27,{'AY.4': 2},824874,2,-1,2147483648,3,False,2
node_648131,ERR10002177,SRR21737780,2022-09-10,2022-07-03,2022-09-20,"{'BA.5.1': 20, 'BA.5.1.22': 16}",1650419,41,1428716,6,3,False,36
ERR5178990,ERR4826269,ERR4921730,2020-12-29,2020-10-21,2020-11-18,{'B.1.177': 1},93349,1,-1,2147483648,4,False,1
node_757612,ERR9274849,ERR12896053,2022-03-19,2022-03-06,2022-01-17,{'BA.2': 4},1372678,4,-1,2147483648,3,False,4
SRR19303601,SRR19318407,ERR11742306,2021-12-11,2021-12-26,2021-09-11,{'AY.44': 1},1012407,1,-1,2147483648,4,False,1
ERR6656122,ERR6585554,ERR12840515,2021-08-25,2021-08-20,2021-10-28,{'AY.4': 1},504968,1,-1,2147483648,3,False,1
node_207995,ERR11762444,ERR7160430,2021-06-26,2021-07-30,2021-10-15,{'AY.5': 11},335749,11,-1,2147483648,3,False,11
SRR19259912,ERR11754218,SRR19270233,2021-12-11,2021-10-13,2021-11-14,{'AY.118': 1},1012282,1,-1,2147483648,6,False,1
SRR15224321,SRR15138723,SRR15314696,2021-07-11,2021-07-02,2021-07-26,{'AY.26': 1},362834,1,-1,2147483648,10,False,1
node_290175,ERR12817168,SRR19884330,2021-08-23,2021-08-06,2021-08-31,{'AY.25': 6},568797,6,-1,2147483648,3,False,6
node_739388,ERR11782251,ERR10286798,2022-01-19,2022-03-28,2022-09-13,{'XE': 1253},1129759,1256,1073548,3,0,True,1253
ERR7268636,ERR11761851,ERR6776446,2021-10-22,2021-07-16,2021-09-06,{'AY.4': 1},757785,1,757786,1,0,False,1
ERR6880832,ERR6889586,ERR13182720,2021-09-23,2021-09-23,2021-08-22,{'AY.4': 1},633514,1,-1,2147483648,3,False,1
ERR12743105,ERR9694189,ERR10463210,2022-03-28,2022-04-27,2022-10-14,{'BA.2.9': 1},1406275,1,-1,2147483648,5,False,1
node_197726,ERR7310754,ERR12821884,2021-10-23,2021-10-19,2021-09-07,{'AY.121': 12},1030728,12,-1,2147483648,7,False,12
SRR21458505,ERR10000089,node_656817,2022-08-19,2022-07-06,2022-09-03,{'BA.5.1.2': 1},1625498,1,1428716,4,4,False,1
ERR7239824,ERR6779332,ERR6492325,2021-10-26,2021-09-08,2021-08-07,{'AY.4': 1},771729,1,771730,1,0,False,1
SRR14568831,node_408599,node_378064,2021-04-06,2021-03-21,2021-03-27,{'B.1.1.7': 1},242698,1,-1,2147483648,7,False,1
SRR20254217,node_187505,SRR16829649,2021-10-15,2021-10-15,2021-10-09,{'AY.113': 1},727440,1,-1,2147483648,5,False,1
node_620305,SRR24114383,ERR11923757,2023-09-30,2023-03-27,2023-08-13,{'EG.5.1': 1},1847048,1,1673437,12,7,False,1
node_652476,ERR11523440,SRR19722409,2022-08-22,2022-06-08,2022-05-23,{'BA.5.1.1': 2},1645606,2,1428716,7,14,False,2
node_188460,ERR7108360,ERR7232111,2021-10-17,2021-10-08,2021-10-26,{'AY.4.2': 1},733198,1,733199,1,0,False,1
node_97386,ERR6193263,ERR7576389,2021-11-21,2021-06-26,2021-11-04,{'AY.4.2': 1},909542,1,-1,2147483648,3,False,1
SRR16794865,SRR15493286,ERR6760263,2021-10-05,2021-08-01,2021-08-24,{'AY.3': 1},683963,1,-1,2147483648,3,False,1
node_378051,node_407024,ERR5407979,2020-12-27,2021-04-08,2020-12-12,{'B.1.1.7': 3},92215,3,-1,2147483648,4,False,3
ERR12979547,ERR13127493,ERR13086619,2022-07-22,2022-07-07,2022-03-29,{'BA.5.1': 1},1586861,1,1428716,6,3,False,1
ERR4921730,ERR4652026,ERR5178990,2020-11-18,2020-09-10,2020-12-29,{'B.1.177': 1},66505,1,-1,2147483648,3,False,1
SRR20186727,SRR19270622,SRR15391719,2021-12-06,2021-11-14,2021-07-21,{'AY.119': 1},988716,1,-1,2147483648,7,False,1
SRR21641837,ERR10002774,ERR11551963,2022-07-18,2022-07-08,2022-06-06,{'BA.5.5': 1},1579666,1,1428716,4,7,False,1
SRR20246014,node_306166,ERR6423050,2021-10-22,2021-10-22,2021-07-08,{'AY.3': 1},756963,1,-1,2147483648,8,False,1
node_181103,SRR21266646,ERR11827861,2021-11-25,2021-12-08,2021-11-09,{'AY.100': 3},937805,3,-1,2147483648,3,False,3
SRR20180031,SRR17218747,SRR20179262,2021-11-27,2021-11-18,2021-11-29,{'AY.118': 1},940279,1,940280,2,1,False,1
ERR10024519,SRR20919690,ERR10504374,2022-07-27,2022-07-18,2022-11-06,{'BA.4.6': 1},1594641,1,-1,2147483648,7,False,1
node_699921,ERR9893039,ERR10005934,2022-07-04,2022-06-19,2022-07-20,{'BF.6': 10},1554372,10,1551057,1,0,False,10
ERR8476414,ERR8476408,ERR8266002,2022-01-23,2022-01-23,2022-01-16,{'AY.5': 1},1151834,1,1151835,1,0,False,1
SRR25709557,SRR26251197,SRR23177976,2023-08-03,2023-09-15,2023-01-07,{'XBB.1.16.6': 1},1829229,1,1673437,15,6,True,1
node_188636,ERR6627124,ERR11754867,2021-10-14,2021-08-16,2021-10-20,{'AY.4': 3},659959,9,-1,2147483648,1,False,3
ERR5438136,ERR5379405,SRR14695390,2021-02-26,2021-02-15,2021-05-14,{'B.1.1.7': 1},173268,1,-1,2147483648,4,False,1
node_92619,ERR11756452,ERR7351306,2021-11-29,2021-11-28,2021-11-03,{'AY.4': 4},949117,4,-1,2147483648,3,False,4
node_399520,ERR5185144,SRR16620295,2021-04-15,2021-01-06,2021-04-03,{'B.1.1.7': 2},258068,2,258069,1,0,False,2
node_777440,ERR12904408,node_772647,2022-03-12,2022-02-01,2022-04-12,{'BA.2': 9},1349004,12,-1,2147483648,1,False,9
node_669986,SRR23222903,SRR23200078,2022-09-21,2023-01-08,2022-12-15,{'BQ.1.2': 17},1666038,18,1428716,10,3,False,17
SRR22117348,SRR21635825,SRR22237446,2022-10-17,2022-09-04,2022-10-20,{'BA.5.5': 1},1689693,1,1428716,6,4,False,1
node_202071,SRR16162459,ERR7608511,2021-10-09,2021-09-05,2021-11-25,{'AY.119': 1},702085,1,-1,2147483648,3,False,1
node_178901,ERR6135892,ERR13084987,2021-05-19,2021-06-19,2021-06-24,{'AY.111': 3},295906,3,-1,2147483648,3,False,3
ERR7803989,ERR5946395,ERR9078079,2021-12-04,2021-05-10,2022-01-08,{'AY.46': 1},977343,1,-1,2147483648,4,False,1
node_210538,ERR6452059,ERR6936211,2021-07-25,2021-07-29,2021-09-29,{'AY.5': 1},397174,1,-1,2147483648,8,False,1
node_282015,node_282009,ERR13163820,2021-07-21,2021-07-21,2021-11-24,{'AY.25': 1},386415,1,-1,2147483648,12,False,1
ERR12981984,ERR11804553,SRR22120067,2022-08-10,2022-06-13,2022-07-23,{'BA.5.2': 1},1614186,1,1428716,4,6,False,1
node_97666,ERR11753531,ERR6785864,2021-11-12,2021-10-17,2021-09-09,{'AY.4.2': 13},862863,13,-1,2147483648,6,False,13
node_48197,SRR17084602,ERR6997670,2021-12-09,2021-10-06,2021-09-27,{'AY.112.2': 1},1004968,1,-1,2147483648,8,False,1
node_403514,ERR5380917,ERR7428489,2021-03-03,2021-02-14,2021-02-09,{'B.1.1.7': 2},181598,2,-1,2147483648,3,False,2
node_189086,SRR15777731,ERR7707661,2021-08-06,2021-08-20,2021-11-15,{'AY.39': 13},3408397,269,-1,2147483648,1,False,13
node_228317,ERR6174550,ERR6072552,2021-08-16,2021-06-22,2021-05-28,{'AY.4': 11},474681,11,-1,2147483648,5,False,11
SRR19684839,ERR12901173,ERR8965450,2022-02-18,2022-01-23,2022-02-18,{'BA.1.1': 1},1276770,1,-1,2147483648,4,False,1
ERR6664981,ERR11753759,ERR6604363,2021-08-27,2021-10-17,2021-08-24,{'AY.5': 1},514870,1,-1,2147483648,3,False,1
ERR13009823,node_640510,ERR10001318,2022-07-21,2022-07-21,2022-07-06,{'BA.5.1': 1},1584553,1,1428716,6,4,False,1
node_179810,SRR17128095,ERR6440908,2021-10-18,2021-11-15,2021-07-26,{'AY.100': 2},739358,3,739359,1,0,False,2
SRR22037462,ERR12974748,SRR21900129,2022-10-09,2022-07-24,2022-09-26,{'BA.5.2.1': 1},1681926,1,1428716,10,5,False,1
node_391601,ERR5041885,ERR5276659,2021-02-23,2020-12-19,2021-01-28,{'B.1.1.7': 13},62340,1832,-1,2147483648,1,False,13
ERR12862676,ERR12554333,ERR12551206,2023-12-18,2024-01-03,2023-11-14,{'JN.1': 1},1872437,1,1854739,10,3,False,1
ERR7730442,ERR7792320,ERR11761851,2021-12-01,2021-12-09,2021-07-16,{'AY.4': 1},962371,1,-1,2147483648,4,False,1
SRR15864294,SRR15777384,SRR20259160,2021-08-16,2021-08-20,2021-10-21,{'B.1.617.2': 1},475465,1,-1,2147483648,1,False,1
