pathogen,rep,samples_per_day,k,recombinant_ancestor,num_samples,sampled,detectable,detected,breakpoint,interval_width,breakpoint_error,breakpoint_in_interval
coronavirus_like,0,20,3,16,1,True,True,False,9372,,,
coronavirus_like,0,20,3,24,1,True,True,False,8522,,,
coronavirus_like,0,20,3,43,1,True,False,False,27613,,,
coronavirus_like,0,20,3,257,1,False,True,False,11955,,,
coronavirus_like,0,20,3,446,8,False,True,False,18446,,,
coronavirus_like,0,20,3,2286,1,True,True,False,22345,,,
coronavirus_like,0,20,3,4679,1,False,True,False,24962,,,
coronavirus_like,0,20,3,5825,4,False,True,False,16365,,,
coronavirus_like,0,20,3,5964,1,True,True,False,10246,,,
coronavirus_like,0,20,3,7821,2,False,True,False,25752,,,
coronavirus_like,0,20,3,7830,2,False,True,False,18510,,,
coronavirus_like,0,20,3,9808,1,False,False,False,25060,,,
coronavirus_like,0,20,3,10286,1,False,False,False,771,,,
coronavirus_like,0,20,3,11677,3,False,True,False,5698,,,
coronavirus_like,0,20,3,13241,2,False,True,False,26471,,,
coronavirus_like,0,20,3,14992,1,False,True,True,16974,1489.0,1069.0,True
coronavirus_like,0,20,3,15016,1,False,True,False,16446,,,
coronavirus_like,0,20,3,16506,86,False,True,True,10407,1610.0,808.0,True
coronavirus_like,0,20,3,16901,2,False,True,True,16091,3977.0,2935.0,True
coronavirus_like,0,20,3,17122,1,True,False,False,581,,,
coronavirus_like,0,20,3,17170,2,False,True,False,4881,,,
coronavirus_like,0,20,3,18249,1,False,True,True,11805,4970.0,4381.0,True
coronavirus_like,0,20,3,18876,7,False,True,True,15064,1247.0,1063.0,True
coronavirus_like,0,20,3,19704,3,False,True,True,7488,1910.0,116.0,True
coronavirus_like,0,20,3,20212,1,False,True,True,20100,487.0,-1085.0,False
coronavirus_like,0,20,3,20370,1,False,True,False,2400,,,
coronavirus_like,0,20,3,21820,1,False,True,False,995,,,
coronavirus_like,0,20,3,23363,1,False,True,False,28594,,,
coronavirus_like,0,20,3,27164,95,False,True,True,13123,7771.0,2093.0,True
coronavirus_like,0,20,3,29832,9,False,True,True,6128,4557.0,3526.0,True
coronavirus_like,0,20,3,30186,3,False,True,False,18681,,,
coronavirus_like,0,20,3,30493,3,False,True,True,20724,3195.0,51.0,True
coronavirus_like,0,20,3,31083,3,False,True,False,29066,,,
coronavirus_like,0,20,3,31815,1,False,True,True,19370,386.0,23.0,True
coronavirus_like,0,20,3,33829,1,False,True,True,8591,3717.0,1712.0,True
coronavirus_like,0,20,3,34387,1,False,True,True,15009,1598.0,838.0,True
coronavirus_like,0,20,3,35338,1,True,True,True,6730,1379.0,713.0,True
coronavirus_like,0,20,3,35365,1,False,True,True,19025,3779.0,505.0,True
coronavirus_like,0,20,3,35963,13,False,True,True,26323,2383.0,-13010.0,False
coronavirus_like,0,20,3,36384,2,False,True,True,28213,1054.0,437.0,True
coronavirus_like,0,20,3,36457,1,False,True,True,9943,2506.0,2246.0,True
coronavirus_like,0,20,3,37003,1,False,True,True,22187,1080.0,3.0,True
coronavirus_like,0,20,3,37969,1,False,True,False,1059,,,
coronavirus_like,0,20,3,38659,4,False,True,True,7810,5023.0,4657.0,True
coronavirus_like,0,20,3,39613,1,True,True,True,12726,5406.0,124.0,True
coronavirus_like,0,20,3,40070,1,False,True,True,12168,4363.0,1787.0,True
coronavirus_like,0,20,3,40127,4,False,True,True,19756,3160.0,1549.0,True
coronavirus_like,0,20,3,41941,2,False,True,True,10548,2766.0,1641.0,True
coronavirus_like,0,20,3,43183,2,False,True,True,21713,342.0,226.0,True
coronavirus_like,0,20,3,43616,6,False,True,True,2919,1776.0,1210.0,True
coronavirus_like,0,20,3,45591,15,False,True,False,26590,,,
coronavirus_like,0,20,3,48706,1,True,True,True,13392,1182.0,8547.0,False
coronavirus_like,0,20,3,49326,1,False,True,True,13360,1256.0,86.0,True
coronavirus_like,0,20,3,50245,1,False,True,False,28054,,,
coronavirus_like,0,20,3,50637,2,False,True,True,23108,1601.0,1011.0,True
coronavirus_like,0,20,3,52067,1,True,True,True,2316,1867.0,1630.0,True
coronavirus_like,0,20,3,52607,1,False,True,False,27752,,,
coronavirus_like,0,20,3,53792,1,False,True,True,19381,545.0,145.0,True
coronavirus_like,0,20,3,55728,11,False,True,True,11147,,,
coronavirus_like,0,20,3,57722,1,False,True,True,14673,1871.0,1227.0,True
coronavirus_like,0,20,3,59082,1,True,True,True,22598,759.0,690.0,True
coronavirus_like,0,20,3,59537,1,False,True,True,2998,405.0,26.0,True
coronavirus_like,0,20,3,60402,2,False,True,True,16647,3441.0,1502.0,True
coronavirus_like,0,20,3,61042,1,True,True,True,15935,1312.0,157.0,True
coronavirus_like,0,20,3,61384,1,True,True,True,7775,330.0,36.0,True
coronavirus_like,0,20,3,63313,1,False,True,True,27439,,,
coronavirus_like,0,20,3,64003,4,False,True,True,14753,458.0,251.0,True
coronavirus_like,0,20,3,64462,1,False,True,True,19337,2681.0,658.0,True
coronavirus_like,0,20,3,64961,10,False,True,True,13253,2068.0,702.0,True
coronavirus_like,0,20,3,67335,2,False,True,True,13922,273.0,33.0,True
coronavirus_like,0,20,3,69193,40,False,True,True,13882,1268.0,897.0,True
coronavirus_like,0,20,3,70103,1,True,True,True,4199,527.0,138.0,True
coronavirus_like,0,20,3,70356,1,False,True,True,26275,2191.0,1228.0,True
coronavirus_like,0,20,3,70719,15,False,True,True,10172,1860.0,1088.0,True
coronavirus_like,0,20,3,72872,1,False,True,True,12011,1473.0,225.0,True
coronavirus_like,0,20,3,75976,1,False,True,True,21620,984.0,792.0,True
coronavirus_like,0,20,3,76817,2,False,True,True,24913,165.0,145.0,True
coronavirus_like,0,20,3,76854,1,False,True,True,26966,380.0,25.0,True
coronavirus_like,0,20,3,78479,1,True,True,True,28132,3095.0,594.0,True
coronavirus_like,0,20,3,83656,1,False,True,True,22301,591.0,387.0,True
coronavirus_like,0,20,3,83904,2,False,True,False,29704,,,
coronavirus_like,0,20,3,87151,2,False,True,True,6859,1516.0,69.0,True
coronavirus_like,0,20,3,87427,1,False,True,False,92,,,
coronavirus_like,0,20,3,87538,1,True,True,False,29409,,,
coronavirus_like,0,20,3,92715,4,False,True,True,20374,867.0,441.0,True
coronavirus_like,0,20,3,94539,2,False,True,True,12732,1130.0,154.0,True
coronavirus_like,0,20,3,99839,6,False,True,True,26334,644.0,349.0,True
coronavirus_like,0,20,3,100022,2,False,True,True,11282,618.0,473.0,True
coronavirus_like,0,20,3,100423,2,False,True,True,9824,1111.0,944.0,True
coronavirus_like,0,20,3,101075,1,True,True,True,19403,567.0,544.0,True
coronavirus_like,0,20,3,102056,1,False,True,False,28404,,,
coronavirus_like,0,20,3,103256,2,False,True,True,14249,1191.0,530.0,True
coronavirus_like,0,20,3,104189,1,False,True,True,17355,445.0,74.0,True
coronavirus_like,0,20,3,105897,1,False,True,True,10123,1040.0,645.0,True
coronavirus_like,0,20,3,106711,3,False,True,True,3528,302.0,142.0,True
coronavirus_like,0,20,3,106971,1,False,True,True,9728,191.0,121.0,True
coronavirus_like,0,20,3,109539,4,False,True,True,20360,378.0,262.0,True
coronavirus_like,0,20,3,109811,1,False,True,True,18559,307.0,53.0,True
coronavirus_like,0,20,3,110036,1,False,True,True,22876,809.0,734.0,True
coronavirus_like,0,20,3,111755,14,False,False,False,70,,,
coronavirus_like,0,20,3,113980,1,False,True,True,2047,1468.0,1223.0,True
coronavirus_like,0,20,3,115938,1,False,True,True,5765,1106.0,91.0,True
coronavirus_like,0,20,3,116206,15,False,True,False,29332,,,
coronavirus_like,0,20,3,116213,5,False,True,True,3717,689.0,366.0,True
coronavirus_like,0,20,3,116635,3,False,True,True,17042,1978.0,964.0,True
coronavirus_like,0,20,3,116850,1,False,True,True,23605,99.0,38.0,True
coronavirus_like,0,20,3,120721,1,False,True,True,8348,261.0,130.0,True
coronavirus_like,0,20,3,120928,2,False,False,False,159,,,
coronavirus_like,0,20,3,121356,1,True,True,True,16799,736.0,184.0,True
coronavirus_like,0,20,3,122287,1,True,True,True,11071,520.0,218.0,True
coronavirus_like,0,20,3,122314,3,False,True,True,6348,1052.0,501.0,True
coronavirus_like,0,20,3,123209,4,False,True,True,23712,132.0,86.0,True
coronavirus_like,0,20,3,124234,1,False,True,True,24618,441.0,275.0,True
coronavirus_like,0,20,3,124968,6,False,True,True,16387,1263.0,802.0,True
coronavirus_like,0,20,3,124991,1,False,True,True,7619,1031.0,905.0,True
coronavirus_like,0,20,3,126414,22,False,True,True,3935,88.0,148.0,False
coronavirus_like,0,20,3,126859,2,False,True,True,14763,347.0,241.0,True
coronavirus_like,0,20,3,127646,1,False,True,False,164,,,
coronavirus_like,0,20,3,128638,1,True,True,True,27737,514.0,314.0,True
coronavirus_like,0,20,3,131988,3,False,True,True,17490,418.0,269.0,True
coronavirus_like,0,20,3,132766,9,False,True,True,2586,891.0,620.0,True
coronavirus_like,0,20,3,135558,11,False,True,False,28699,,,
coronavirus_like,0,20,3,137652,1,False,True,True,17088,1225.0,918.0,True
coronavirus_like,0,20,3,137909,1,True,True,True,25401,94.0,5.0,True
coronavirus_like,0,20,3,139027,1,False,True,True,20344,346.0,155.0,True
coronavirus_like,0,20,3,139503,1,False,True,True,11124,1400.0,165.0,True
coronavirus_like,0,20,3,139802,1,False,True,True,26646,1299.0,654.0,True
coronavirus_like,0,20,3,146305,2,False,True,True,14874,232.0,64.0,True
coronavirus_like,0,20,3,147074,4,False,True,True,5877,175.0,160.0,True
coronavirus_like,0,20,3,147903,1,False,True,True,28170,856.0,36.0,True
coronavirus_like,0,20,3,148744,3,False,True,True,13754,1041.0,160.0,True
coronavirus_like,0,20,3,150077,1,False,True,True,26886,154.0,29.0,True
coronavirus_like,0,20,3,150520,1,False,True,True,24103,558.0,380.0,True
coronavirus_like,0,20,3,152511,19,False,True,True,8599,148.0,74.0,True
coronavirus_like,0,20,3,152964,1,False,True,False,8368,,,
coronavirus_like,0,20,3,153609,2,False,True,True,2300,468.0,20.0,True
coronavirus_like,0,20,3,154568,4,False,True,True,20483,547.0,359.0,True
coronavirus_like,0,20,3,154907,1,False,False,False,29472,,,
coronavirus_like,0,20,3,155629,4,False,True,True,8422,283.0,228.0,True
coronavirus_like,0,20,3,155662,3,False,True,True,14846,463.0,20.0,True
coronavirus_like,0,20,3,159183,1,False,True,True,21026,501.0,412.0,True
coronavirus_like,0,20,3,159380,1,False,True,True,6484,191.0,53.0,True
coronavirus_like,0,20,3,161773,1,True,True,True,13454,354.0,241.0,True
coronavirus_like,0,20,3,162038,1,False,True,True,12586,299.0,284.0,True
coronavirus_like,0,20,3,163624,1,False,True,True,20861,724.0,203.0,True
coronavirus_like,0,20,3,164223,1,False,True,True,10237,101.0,4.0,True
coronavirus_like,0,20,3,164278,1,False,True,True,25604,50.0,8.0,True
coronavirus_like,0,20,3,165401,1,False,True,True,21834,894.0,578.0,True
coronavirus_like,0,20,3,167463,1,False,True,True,21425,46.0,13.0,True
coronavirus_like,0,20,3,167627,1,False,True,True,10357,491.0,373.0,True
coronavirus_like,0,20,3,168025,2,False,True,True,13997,888.0,537.0,True
coronavirus_like,0,20,3,168462,1,False,True,True,2969,96.0,12.0,True
coronavirus_like,0,20,3,171163,1,False,True,True,16447,393.0,193.0,True
coronavirus_like,0,20,3,175561,1,False,True,True,12201,1055.0,978.0,True
coronavirus_like,0,20,3,177068,1,False,True,True,13396,829.0,304.0,True
coronavirus_like,0,20,3,177302,1,False,True,True,9043,227.0,151.0,True
coronavirus_like,0,20,3,177753,1,False,True,True,22139,754.0,120.0,True
coronavirus_like,0,20,3,179263,1,True,True,True,6578,429.0,347.0,True
coronavirus_like,0,20,4,16,1,True,True,False,9372,,,
coronavirus_like,0,20,4,24,1,True,True,False,8522,,,
coronavirus_like,0,20,4,43,1,True,False,False,27613,,,
coronavirus_like,0,20,4,257,1,False,True,False,11955,,,
coronavirus_like,0,20,4,446,8,False,True,False,18446,,,
coronavirus_like,0,20,4,2286,1,True,True,False,22345,,,
coronavirus_like,0,20,4,4679,1,False,True,False,24962,,,
coronavirus_like,0,20,4,5825,4,False,True,False,16365,,,
coronavirus_like,0,20,4,5964,1,True,True,False,10246,,,
coronavirus_like,0,20,4,7821,2,False,True,False,25752,,,
coronavirus_like,0,20,4,7830,2,False,True,False,18510,,,
coronavirus_like,0,20,4,9808,1,False,False,False,25060,,,
coronavirus_like,0,20,4,10286,1,False,False,False,771,,,
coronavirus_like,0,20,4,11677,3,False,True,False,5698,,,
coronavirus_like,0,20,4,13241,2,False,True,False,26471,,,
coronavirus_like,0,20,4,14992,1,False,True,False,16974,,,
coronavirus_like,0,20,4,15016,1,False,True,False,16446,,,
coronavirus_like,0,20,4,16506,86,False,True,True,10407,1610.0,808.0,True
coronavirus_like,0,20,4,16901,2,False,True,True,16091,3977.0,2935.0,True
coronavirus_like,0,20,4,17122,1,True,False,False,581,,,
coronavirus_like,0,20,4,17170,2,False,True,False,4881,,,
coronavirus_like,0,20,4,18249,1,False,True,True,11805,4970.0,4381.0,True
coronavirus_like,0,20,4,18876,7,False,True,True,15064,1247.0,1063.0,True
coronavirus_like,0,20,4,19704,3,False,True,True,7488,1910.0,116.0,True
coronavirus_like,0,20,4,20212,1,False,True,True,20100,487.0,-1085.0,False
coronavirus_like,0,20,4,20370,1,False,True,False,2400,,,
coronavirus_like,0,20,4,21820,1,False,True,False,995,,,
coronavirus_like,0,20,4,23363,1,False,True,False,28594,,,
coronavirus_like,0,20,4,27164,95,False,True,True,13123,7771.0,2093.0,True
coronavirus_like,0,20,4,29832,9,False,True,True,6128,4557.0,3526.0,True
coronavirus_like,0,20,4,30186,3,False,True,False,18681,,,
coronavirus_like,0,20,4,30493,3,False,True,True,20724,3195.0,51.0,True
coronavirus_like,0,20,4,31083,3,False,True,False,29066,,,
coronavirus_like,0,20,4,31815,1,False,True,True,19370,386.0,23.0,True
coronavirus_like,0,20,4,33829,1,False,True,True,8591,3717.0,1712.0,True
coronavirus_like,0,20,4,34387,1,False,True,True,15009,1598.0,838.0,True
coronavirus_like,0,20,4,35338,1,True,True,True,6730,1379.0,713.0,True
coronavirus_like,0,20,4,35365,1,False,True,True,19025,3779.0,505.0,True
coronavirus_like,0,20,4,35963,13,False,True,True,26323,792.0,-15724.0,False
coronavirus_like,0,20,4,36384,2,False,True,True,28213,1054.0,437.0,True
coronavirus_like,0,20,4,36457,1,False,True,True,9943,2506.0,2246.0,True
coronavirus_like,0,20,4,37003,1,False,True,True,22187,1080.0,3.0,True
coronavirus_like,0,20,4,37969,1,False,True,False,1059,,,
coronavirus_like,0,20,4,38659,4,False,True,True,7810,5023.0,4657.0,True
coronavirus_like,0,20,4,39613,1,True,True,True,12726,5406.0,124.0,True
coronavirus_like,0,20,4,40070,1,False,True,True,12168,4363.0,1787.0,True
coronavirus_like,0,20,4,40127,4,False,True,True,19756,3160.0,1549.0,True
coronavirus_like,0,20,4,41941,2,False,True,True,10548,2766.0,1641.0,True
coronavirus_like,0,20,4,43183,2,False,True,True,21713,342.0,226.0,True
coronavirus_like,0,20,4,43616,6,False,True,False,2919,,,
coronavirus_like,0,20,4,45591,15,False,True,False,26590,,,
coronavirus_like,0,20,4,48706,1,True,True,True,13392,1182.0,8547.0,False
coronavirus_like,0,20,4,49326,1,False,True,True,13360,1256.0,86.0,True
coronavirus_like,0,20,4,50245,1,False,True,False,28054,,,
coronavirus_like,0,20,4,50637,2,False,True,True,23108,1601.0,1011.0,True
coronavirus_like,0,20,4,52067,1,True,True,True,2316,1867.0,1630.0,True
coronavirus_like,0,20,4,52607,1,False,True,False,27752,,,
coronavirus_like,0,20,4,53792,1,False,True,True,19381,545.0,145.0,True
coronavirus_like,0,20,4,55728,11,False,True,True,11147,,,
coronavirus_like,0,20,4,57722,1,False,True,True,14673,1871.0,1227.0,True
coronavirus_like,0,20,4,59082,1,True,True,True,22598,759.0,690.0,True
coronavirus_like,0,20,4,59537,1,False,True,True,2998,405.0,26.0,True
coronavirus_like,0,20,4,60402,2,False,True,True,16647,3441.0,1502.0,True
coronavirus_like,0,20,4,61042,1,True,True,True,15935,1312.0,157.0,True
coronavirus_like,0,20,4,61384,1,True,True,True,7775,330.0,36.0,True
coronavirus_like,0,20,4,63313,1,False,True,True,27439,,,
coronavirus_like,0,20,4,64003,4,False,True,True,14753,458.0,251.0,True
coronavirus_like,0,20,4,64462,1,False,True,True,19337,2681.0,658.0,True
coronavirus_like,0,20,4,64961,10,False,True,True,13253,2068.0,702.0,True
coronavirus_like,0,20,4,67335,2,False,True,True,13922,273.0,33.0,True
coronavirus_like,0,20,4,69193,40,False,True,True,13882,1268.0,897.0,True
coronavirus_like,0,20,4,70103,1,True,True,True,4199,527.0,138.0,True
coronavirus_like,0,20,4,70356,1,False,True,True,26275,2191.0,1228.0,True
coronavirus_like,0,20,4,70719,15,False,True,True,10172,1860.0,1088.0,True
coronavirus_like,0,20,4,72872,1,False,True,True,12011,1473.0,225.0,True
coronavirus_like,0,20,4,75976,1,False,True,True,21620,984.0,792.0,True
coronavirus_like,0,20,4,76817,2,False,True,True,24913,165.0,145.0,True
coronavirus_like,0,20,4,76854,1,False,True,True,26966,380.0,25.0,True
coronavirus_like,0,20,4,78479,1,True,True,True,28132,3095.0,594.0,True
coronavirus_like,0,20,4,83656,1,False,True,True,22301,591.0,387.0,True
coronavirus_like,0,20,4,83904,2,False,True,False,29704,,,
coronavirus_like,0,20,4,87151,2,False,True,True,6859,1516.0,69.0,True
coronavirus_like,0,20,4,87427,1,False,True,False,92,,,
coronavirus_like,0,20,4,87538,1,True,True,False,29409,,,
coronavirus_like,0,20,4,92715,4,False,True,True,20374,867.0,441.0,True
coronavirus_like,0,20,4,94539,2,False,True,True,12732,1130.0,154.0,True
coronavirus_like,0,20,4,99839,6,False,True,True,26334,644.0,349.0,True
coronavirus_like,0,20,4,100022,2,False,True,True,11282,618.0,473.0,True
coronavirus_like,0,20,4,100423,2,False,True,True,9824,1111.0,944.0,True
coronavirus_like,0,20,4,101075,1,True,True,True,19403,567.0,544.0,True
coronavirus_like,0,20,4,102056,1,False,True,False,28404,,,
coronavirus_like,0,20,4,103256,2,False,True,True,14249,1191.0,530.0,True
coronavirus_like,0,20,4,104189,1,False,True,True,17355,445.0,74.0,True
coronavirus_like,0,20,4,105897,1,False,True,True,10123,1040.0,645.0,True
coronavirus_like,0,20,4,106711,3,False,True,True,3528,302.0,142.0,True
coronavirus_like,0,20,4,106971,1,False,True,True,9728,191.0,121.0,True
coronavirus_like,0,20,4,109539,4,False,True,True,20360,378.0,262.0,True
coronavirus_like,0,20,4,109811,1,False,True,True,18559,307.0,53.0,True
coronavirus_like,0,20,4,110036,1,False,True,True,22876,809.0,734.0,True
coronavirus_like,0,20,4,111755,14,False,False,False,70,,,
coronavirus_like,0,20,4,113980,1,False,True,True,2047,1468.0,1223.0,True
coronavirus_like,0,20,4,115938,1,False,True,True,5765,1106.0,91.0,True
coronavirus_like,0,20,4,116206,15,False,True,False,29332,,,
coronavirus_like,0,20,4,116213,5,False,True,True,3717,689.0,366.0,True
coronavirus_like,0,20,4,116635,3,False,True,True,17042,1978.0,964.0,True
coronavirus_like,0,20,4,116850,1,False,True,True,23605,99.0,38.0,True
coronavirus_like,0,20,4,120721,1,False,True,True,8348,261.0,130.0,True
coronavirus_like,0,20,4,120928,2,False,False,False,159,,,
coronavirus_like,0,20,4,121356,1,True,True,True,16799,736.0,184.0,True
coronavirus_like,0,20,4,122287,1,True,True,True,11071,520.0,218.0,True
coronavirus_like,0,20,4,122314,3,False,True,True,6348,1052.0,501.0,True
coronavirus_like,0,20,4,123209,4,False,True,True,23712,132.0,86.0,True
coronavirus_like,0,20,4,124234,1,False,True,True,24618,441.0,275.0,True
coronavirus_like,0,20,4,124968,6,False,True,True,16387,1263.0,802.0,True
coronavirus_like,0,20,4,124991,1,False,True,True,7619,1031.0,905.0,True
coronavirus_like,0,20,4,126414,22,False,True,True,3935,88.0,148.0,False
coronavirus_like,0,20,4,126859,2,False,True,True,14763,347.0,241.0,True
coronavirus_like,0,20,4,127646,1,False,True,False,164,,,
coronavirus_like,0,20,4,128638,1,True,True,True,27737,514.0,314.0,True
coronavirus_like,0,20,4,131988,3,False,True,True,17490,418.0,269.0,True
coronavirus_like,0,20,4,132766,9,False,True,True,2586,891.0,620.0,True
coronavirus_like,0,20,4,135558,11,False,True,False,28699,,,
coronavirus_like,0,20,4,137652,1,False,True,True,17088,1225.0,918.0,True
coronavirus_like,0,20,4,137909,1,True,True,True,25401,94.0,5.0,True
coronavirus_like,0,20,4,139027,1,False,True,True,20344,346.0,155.0,True
coronavirus_like,0,20,4,139503,1,False,True,True,11124,1400.0,165.0,True
coronavirus_like,0,20,4,139802,1,False,True,True,26646,1299.0,654.0,True
coronavirus_like,0,20,4,146305,2,False,True,True,14874,232.0,64.0,True
coronavirus_like,0,20,4,147074,4,False,True,True,5877,175.0,160.0,True
coronavirus_like,0,20,4,147903,1,False,True,True,28170,856.0,36.0,True
coronavirus_like,0,20,4,148744,3,False,True,True,13754,1041.0,160.0,True
coronavirus_like,0,20,4,150077,1,False,True,True,26886,154.0,29.0,True
coronavirus_like,0,20,4,150520,1,False,True,True,24103,558.0,380.0,True
coronavirus_like,0,20,4,152511,19,False,True,True,8599,148.0,74.0,True
coronavirus_like,0,20,4,152964,1,False,True,False,8368,,,
coronavirus_like,0,20,4,153609,2,False,True,True,2300,468.0,20.0,True
coronavirus_like,0,20,4,154568,4,False,True,True,20483,547.0,359.0,True
coronavirus_like,0,20,4,154907,1,False,False,False,29472,,,
coronavirus_like,0,20,4,155629,4,False,True,True,8422,283.0,228.0,True
coronavirus_like,0,20,4,155662,3,False,True,True,14846,463.0,20.0,True
coronavirus_like,0,20,4,159183,1,False,True,True,21026,501.0,412.0,True
coronavirus_like,0,20,4,159380,1,False,True,True,6484,191.0,53.0,True
coronavirus_like,0,20,4,161773,1,True,True,True,13454,354.0,241.0,True
coronavirus_like,0,20,4,162038,1,False,True,True,12586,299.0,284.0,True
coronavirus_like,0,20,4,163624,1,False,True,True,20861,724.0,203.0,True
coronavirus_like,0,20,4,164223,1,False,True,True,10237,101.0,4.0,True
coronavirus_like,0,20,4,164278,1,False,True,True,25604,50.0,8.0,True
coronavirus_like,0,20,4,165401,1,False,True,True,21834,894.0,578.0,True
coronavirus_like,0,20,4,167463,1,False,True,True,21425,46.0,13.0,True
coronavirus_like,0,20,4,167627,1,False,True,True,10357,491.0,373.0,True
coronavirus_like,0,20,4,168025,2,False,True,True,13997,888.0,537.0,True
coronavirus_like,0,20,4,168462,1,False,True,True,2969,96.0,12.0,True
coronavirus_like,0,20,4,171163,1,False,True,True,16447,393.0,193.0,True
coronavirus_like,0,20,4,175561,1,False,True,True,12201,1055.0,978.0,True
coronavirus_like,0,20,4,177068,1,False,True,True,13396,829.0,304.0,True
coronavirus_like,0,20,4,177302,1,False,True,True,9043,227.0,151.0,True
coronavirus_like,0,20,4,177753,1,False,True,True,22139,754.0,120.0,True
coronavirus_like,0,20,4,179263,1,True,True,True,6578,429.0,347.0,True
coronavirus_like,0,20,5,16,1,True,True,False,9372,,,
coronavirus_like,0,20,5,24,1,True,True,False,8522,,,
coronavirus_like,0,20,5,43,1,True,False,False,27613,,,
coronavirus_like,0,20,5,257,1,False,True,False,11955,,,
coronavirus_like,0,20,5,446,8,False,True,False,18446,,,
coronavirus_like,0,20,5,2286,1,True,True,False,22345,,,
coronavirus_like,0,20,5,4679,1,False,True,False,24962,,,
coronavirus_like,0,20,5,5825,4,False,True,False,16365,,,
coronavirus_like,0,20,5,5964,1,True,True,False,10246,,,
coronavirus_like,0,20,5,7821,2,False,True,False,25752,,,
coronavirus_like,0,20,5,7830,2,False,True,False,18510,,,
coronavirus_like,0,20,5,9808,1,False,False,False,25060,,,
coronavirus_like,0,20,5,10286,1,False,False,False,771,,,
coronavirus_like,0,20,5,11677,3,False,True,False,5698,,,
coronavirus_like,0,20,5,13241,2,False,True,False,26471,,,
coronavirus_like,0,20,5,14992,1,False,True,False,16974,,,
coronavirus_like,0,20,5,15016,1,False,True,False,16446,,,
coronavirus_like,0,20,5,16506,86,False,True,True,10407,1610.0,808.0,True
coronavirus_like,0,20,5,16901,2,False,True,False,16091,,,
coronavirus_like,0,20,5,17122,1,True,False,False,581,,,
coronavirus_like,0,20,5,17170,2,False,True,False,4881,,,
coronavirus_like,0,20,5,18249,1,False,True,True,11805,4970.0,4381.0,True
coronavirus_like,0,20,5,18876,7,False,True,False,15064,,,
coronavirus_like,0,20,5,19704,3,False,True,False,7488,,,
coronavirus_like,0,20,5,20212,1,False,True,True,20100,487.0,-1085.0,False
coronavirus_like,0,20,5,20370,1,False,True,False,2400,,,
coronavirus_like,0,20,5,21820,1,False,True,False,995,,,
coronavirus_like,0,20,5,23363,1,False,True,False,28594,,,
coronavirus_like,0,20,5,27164,95,False,True,True,13123,7771.0,2093.0,True
coronavirus_like,0,20,5,29832,9,False,True,False,6128,,,
coronavirus_like,0,20,5,30186,3,False,True,False,18681,,,
coronavirus_like,0,20,5,30493,3,False,True,True,20724,3195.0,51.0,True
coronavirus_like,0,20,5,31083,3,False,True,False,29066,,,
coronavirus_like,0,20,5,31815,1,False,True,True,19370,386.0,23.0,True
coronavirus_like,0,20,5,33829,1,False,True,True,8591,3717.0,1712.0,True
coronavirus_like,0,20,5,34387,1,False,True,True,15009,1598.0,838.0,True
coronavirus_like,0,20,5,35338,1,True,True,False,6730,,,
coronavirus_like,0,20,5,35365,1,False,True,False,19025,,,
coronavirus_like,0,20,5,35963,13,False,True,True,26323,792.0,-15724.0,False
coronavirus_like,0,20,5,36384,2,False,True,False,28213,,,
coronavirus_like,0,20,5,36457,1,False,True,True,9943,2506.0,2246.0,True
coronavirus_like,0,20,5,37003,1,False,True,True,22187,1080.0,3.0,True
coronavirus_like,0,20,5,37969,1,False,True,False,1059,,,
coronavirus_like,0,20,5,38659,4,False,True,True,7810,5023.0,4657.0,True
coronavirus_like,0,20,5,39613,1,True,True,True,12726,5406.0,124.0,True
coronavirus_like,0,20,5,40070,1,False,True,True,12168,4363.0,1787.0,True
coronavirus_like,0,20,5,40127,4,False,True,True,19756,3160.0,1549.0,True
coronavirus_like,0,20,5,41941,2,False,True,True,10548,2766.0,1641.0,True
coronavirus_like,0,20,5,43183,2,False,True,True,21713,342.0,226.0,True
coronavirus_like,0,20,5,43616,6,False,True,False,2919,,,
coronavirus_like,0,20,5,45591,15,False,True,False,26590,,,
coronavirus_like,0,20,5,48706,1,True,True,True,13392,1182.0,8547.0,False
coronavirus_like,0,20,5,49326,1,False,True,True,13360,1256.0,86.0,True
coronavirus_like,0,20,5,50245,1,False,True,False,28054,,,
coronavirus_like,0,20,5,50637,2,False,True,True,23108,1601.0,1011.0,True
coronavirus_like,0,20,5,52067,1,True,True,False,2316,,,
coronavirus_like,0,20,5,52607,1,False,True,False,27752,,,
coronavirus_like,0,20,5,53792,1,False,True,True,19381,545.0,145.0,True
coronavirus_like,0,20,5,55728,11,False,True,True,11147,,,
coronavirus_like,0,20,5,57722,1,False,True,True,14673,1871.0,1227.0,True
coronavirus_like,0,20,5,59082,1,True,True,True,22598,759.0,690.0,True
coronavirus_like,0,20,5,59537,1,False,True,True,2998,405.0,26.0,True
coronavirus_like,0,20,5,60402,2,False,True,True,16647,3441.0,1502.0,True
coronavirus_like,0,20,5,61042,1,True,True,True,15935,1312.0,157.0,True
coronavirus_like,0,20,5,61384,1,True,True,True,7775,330.0,36.0,True
coronavirus_like,0,20,5,63313,1,False,True,True,27439,,,
coronavirus_like,0,20,5,64003,4,False,True,True,14753,458.0,251.0,True
coronavirus_like,0,20,5,64462,1,False,True,True,19337,2681.0,658.0,True
coronavirus_like,0,20,5,64961,10,False,True,True,13253,2068.0,702.0,True
coronavirus_like,0,20,5,67335,2,False,True,True,13922,273.0,33.0,True
coronavirus_like,0,20,5,69193,40,False,True,True,13882,1268.0,897.0,True
coronavirus_like,0,20,5,70103,1,True,True,True,4199,527.0,138.0,True
coronavirus_like,0,20,5,70356,1,False,True,True,26275,2191.0,1228.0,True
coronavirus_like,0,20,5,70719,15,False,True,True,10172,1860.0,1088.0,True
coronavirus_like,0,20,5,72872,1,False,True,True,12011,1473.0,225.0,True
coronavirus_like,0,20,5,75976,1,False,True,True,21620,984.0,792.0,True
coronavirus_like,0,20,5,76817,2,False,True,True,24913,165.0,145.0,True
coronavirus_like,0,20,5,76854,1,False,True,True,26966,380.0,25.0,True
coronavirus_like,0,20,5,78479,1,True,True,True,28132,3095.0,594.0,True
coronavirus_like,0,20,5,83656,1,False,True,True,22301,591.0,387.0,True
coronavirus_like,0,20,5,83904,2,False,True,False,29704,,,
coronavirus_like,0,20,5,87151,2,False,True,True,6859,1516.0,69.0,True
coronavirus_like,0,20,5,87427,1,False,True,False,92,,,
coronavirus_like,0,20,5,87538,1,True,True,False,29409,,,
coronavirus_like,0,20,5,92715,4,False,True,True,20374,867.0,441.0,True
coronavirus_like,0,20,5,94539,2,False,True,True,12732,1130.0,154.0,True
coronavirus_like,0,20,5,99839,6,False,True,True,26334,644.0,349.0,True
coronavirus_like,0,20,5,100022,2,False,True,True,11282,618.0,473.0,True
coronavirus_like,0,20,5,100423,2,False,True,True,9824,1111.0,944.0,True
coronavirus_like,0,20,5,101075,1,True,True,True,19403,567.0,544.0,True
coronavirus_like,0,20,5,102056,1,False,True,False,28404,,,
coronavirus_like,0,20,5,103256,2,False,True,True,14249,1191.0,530.0,True
coronavirus_like,0,20,5,104189,1,False,True,True,17355,445.0,74.0,True
coronavirus_like,0,20,5,105897,1,False,True,True,10123,1040.0,645.0,True
coronavirus_like,0,20,5,106711,3,False,True,True,3528,302.0,142.0,True
coronavirus_like,0,20,5,106971,1,False,True,True,9728,191.0,121.0,True
coronavirus_like,0,20,5,109539,4,False,True,True,20360,378.0,262.0,True
coronavirus_like,0,20,5,109811,1,False,True,True,18559,307.0,53.0,True
coronavirus_like,0,20,5,110036,1,False,True,True,22876,809.0,734.0,True
coronavirus_like,0,20,5,111755,14,False,False,False,70,,,
coronavirus_like,0,20,5,113980,1,False,True,True,2047,1468.0,1223.0,True
coronavirus_like,0,20,5,115938,1,False,True,True,5765,1106.0,91.0,True
coronavirus_like,0,20,5,116206,15,False,True,False,29332,,,
coronavirus_like,0,20,5,116213,5,False,True,True,3717,689.0,366.0,True
coronavirus_like,0,20,5,116635,3,False,True,True,17042,1978.0,964.0,True
coronavirus_like,0,20,5,116850,1,False,True,True,23605,99.0,38.0,True
coronavirus_like,0,20,5,120721,1,False,True,True,8348,261.0,130.0,True
coronavirus_like,0,20,5,120928,2,False,False,False,159,,,
coronavirus_like,0,20,5,121356,1,True,True,True,16799,736.0,184.0,True
coronavirus_like,0,20,5,122287,1,True,True,True,11071,520.0,218.0,True
coronavirus_like,0,20,5,122314,3,False,True,True,6348,1052.0,501.0,True
coronavirus_like,0,20,5,123209,4,False,True,True,23712,132.0,86.0,True
coronavirus_like,0,20,5,124234,1,False,True,True,24618,441.0,275.0,True
coronavirus_like,0,20,5,124968,6,False,True,True,16387,1263.0,802.0,True
coronavirus_like,0,20,5,124991,1,False,True,True,7619,1031.0,905.0,True
coronavirus_like,0,20,5,126414,22,False,True,True,3935,88.0,148.0,False
coronavirus_like,0,20,5,126859,2,False,True,True,14763,347.0,241.0,True
coronavirus_like,0,20,5,127646,1,False,True,False,164,,,
coronavirus_like,0,20,5,128638,1,True,True,True,27737,514.0,314.0,True
coronavirus_like,0,20,5,131988,3,False,True,True,17490,418.0,269.0,True
coronavirus_like,0,20,5,132766,9,False,True,True,2586,891.0,620.0,True
coronavirus_like,0,20,5,135558,11,False,True,False,28699,,,
coronavirus_like,0,20,5,137652,1,False,True,True,17088,1225.0,918.0,True
coronavirus_like,0,20,5,137909,1,True,True,True,25401,94.0,5.0,True
coronavirus_like,0,20,5,139027,1,False,True,True,20344,346.0,155.0,True
coronavirus_like,0,20,5,139503,1,False,True,True,11124,1400.0,165.0,True
coronavirus_like,0,20,5,139802,1,False,True,True,26646,1299.0,654.0,True
coronavirus_like,0,20,5,146305,2,False,True,True,14874,232.0,64.0,True
coronavirus_like,0,20,5,147074,4,False,True,True,5877,175.0,160.0,True
coronavirus_like,0,20,5,147903,1,False,True,True,28170,856.0,36.0,True
coronavirus_like,0,20,5,148744,3,False,True,True,13754,1041.0,160.0,True
coronavirus_like,0,20,5,150077,1,False,True,True,26886,154.0,29.0,True
coronavirus_like,0,20,5,150520,1,False,True,True,24103,558.0,380.0,True
coronavirus_like,0,20,5,152511,19,False,True,True,8599,148.0,74.0,True
coronavirus_like,0,20,5,152964,1,False,True,False,8368,,,
coronavirus_like,0,20,5,153609,2,False,True,True,2300,468.0,20.0,True
coronavirus_like,0,20,5,154568,4,False,True,True,20483,547.0,359.0,True
coronavirus_like,0,20,5,154907,1,False,False,False,29472,,,
coronavirus_like,0,20,5,155629,4,False,True,True,8422,283.0,228.0,True
coronavirus_like,0,20,5,155662,3,False,True,True,14846,463.0,20.0,True
coronavirus_like,0,20,5,159183,1,False,True,True,21026,501.0,412.0,True
coronavirus_like,0,20,5,159380,1,False,True,True,6484,191.0,53.0,True
coronavirus_like,0,20,5,161773,1,True,True,True,13454,354.0,241.0,True
coronavirus_like,0,20,5,162038,1,False,True,True,12586,299.0,284.0,True
coronavirus_like,0,20,5,163624,1,False,True,True,20861,724.0,203.0,True
coronavirus_like,0,20,5,164223,1,False,True,True,10237,101.0,4.0,True
coronavirus_like,0,20,5,164278,1,False,True,True,25604,50.0,8.0,True
coronavirus_like,0,20,5,165401,1,False,True,True,21834,894.0,578.0,True
coronavirus_like,0,20,5,167463,1,False,True,True,21425,46.0,13.0,True
coronavirus_like,0,20,5,167627,1,False,True,True,10357,491.0,373.0,True
coronavirus_like,0,20,5,168025,2,False,True,True,13997,888.0,537.0,True
coronavirus_like,0,20,5,168462,1,False,True,True,2969,96.0,12.0,True
coronavirus_like,0,20,5,171163,1,False,True,True,16447,393.0,193.0,True
coronavirus_like,0,20,5,175561,1,False,True,True,12201,1055.0,978.0,True
coronavirus_like,0,20,5,177068,1,False,True,True,13396,829.0,304.0,True
coronavirus_like,0,20,5,177302,1,False,True,True,9043,227.0,151.0,True
coronavirus_like,0,20,5,177753,1,False,True,True,22139,754.0,120.0,True
coronavirus_like,0,20,5,179263,1,True,True,True,6578,429.0,347.0,True
coronavirus_like,0,100,3,16,1,True,True,False,9372,,,
coronavirus_like,0,100,3,24,1,True,True,False,8522,,,
coronavirus_like,0,100,3,43,1,True,False,False,27613,,,
coronavirus_like,0,100,3,257,1,True,True,False,11955,,,
coronavirus_like,0,100,3,446,1,True,True,False,18446,,,
coronavirus_like,0,100,3,499,1,True,True,True,19390,7258.0,3086.0,True
coronavirus_like,0,100,3,2286,1,True,True,False,22345,,,
coronavirus_like,0,100,3,3121,1,False,True,False,15205,,,
coronavirus_like,0,100,3,3669,1,False,True,False,9568,,,
coronavirus_like,0,100,3,4679,4,False,True,False,24962,,,
coronavirus_like,0,100,3,4891,1,False,True,True,11712,1046.0,699.0,True
coronavirus_like,0,100,3,5446,1,True,True,False,25558,,,
coronavirus_like,0,100,3,5825,6,False,True,True,16365,11344.0,2661.0,True
coronavirus_like,0,100,3,5944,1,False,True,False,15703,,,
coronavirus_like,0,100,3,5964,1,True,True,False,10246,,,
coronavirus_like,0,100,3,7589,1,True,True,True,20494,5453.0,4339.0,True
coronavirus_like,0,100,3,7821,2,False,True,True,25752,1623.0,1598.0,True
coronavirus_like,0,100,3,7830,2,False,True,True,18510,2990.0,883.0,True
coronavirus_like,0,100,3,8993,1,False,True,True,11872,3294.0,3883.0,False
coronavirus_like,0,100,3,9245,2,False,True,False,12868,,,
coronavirus_like,0,100,3,9281,1,False,True,True,18923,7980.0,7310.0,True
coronavirus_like,0,100,3,9808,1,False,False,False,25060,,,
coronavirus_like,0,100,3,10286,1,False,False,False,771,,,
coronavirus_like,0,100,3,10749,1,False,True,False,7204,,,
coronavirus_like,0,100,3,11677,4,False,True,False,5698,,,
coronavirus_like,0,100,3,11686,1,False,True,True,8910,4230.0,2305.0,True
coronavirus_like,0,100,3,11925,1,True,True,True,21520,5177.0,328.0,True
coronavirus_like,0,100,3,13241,5,False,True,False,26471,,,
coronavirus_like,0,100,3,13340,1,False,True,False,10698,,,
coronavirus_like,0,100,3,13568,1,True,True,False,8000,,,
coronavirus_like,0,100,3,13622,1,False,True,False,6741,,,
coronavirus_like,0,100,3,13633,1,True,True,False,29229,,,
coronavirus_like,0,100,3,14987,1,True,True,False,3687,,,
coronavirus_like,0,100,3,14992,2,False,True,True,16974,1419.0,1069.0,True
coronavirus_like,0,100,3,15016,1,False,True,True,16446,10439.0,10396.0,True
coronavirus_like,0,100,3,15238,1,True,True,False,4693,,,
coronavirus_like,0,100,3,15532,1,True,True,True,17600,3607.0,2410.0,True
coronavirus_like,0,100,3,16143,1,True,True,False,29247,,,
coronavirus_like,0,100,3,16506,7,False,True,True,10407,1610.0,808.0,True
coronavirus_like,0,100,3,16901,4,False,True,True,16091,3977.0,2935.0,True
coronavirus_like,0,100,3,17122,1,True,False,False,581,,,
coronavirus_like,0,100,3,17170,4,False,True,False,4881,,,
coronavirus_like,0,100,3,17281,1,False,True,True,25735,3651.0,1808.0,True
coronavirus_like,0,100,3,18249,7,False,True,True,11805,4970.0,4381.0,True
coronavirus_like,0,100,3,18876,18,False,True,True,15064,1247.0,1063.0,True
coronavirus_like,0,100,3,19653,1,False,True,True,15068,2346.0,827.0,True
coronavirus_like,0,100,3,19704,1,True,True,True,7488,1910.0,116.0,True
coronavirus_like,0,100,3,20212,2,False,True,True,20100,1806.0,234.0,True
coronavirus_like,0,100,3,20370,5,False,True,False,2400,,,
coronavirus_like,0,100,3,20834,1,False,True,True,15692,1693.0,-1148.0,False
coronavirus_like,0,100,3,21820,3,False,True,False,995,,,
coronavirus_like,0,100,3,21877,3,False,True,True,27822,2086.0,693.0,True
coronavirus_like,0,100,3,23363,1,False,True,False,28594,,,
coronavirus_like,0,100,3,23944,2,False,True,True,12911,4144.0,2989.0,True
coronavirus_like,0,100,3,24235,1,True,False,False,4086,,,
coronavirus_like,0,100,3,24259,2,False,True,True,22539,2840.0,1729.0,True
coronavirus_like,0,100,3,25101,1,False,True,True,14727,864.0,386.0,True
coronavirus_like,0,100,3,25901,1,True,True,False,1163,,,
coronavirus_like,0,100,3,26693,1,False,True,True,16127,440.0,283.0,True
coronavirus_like,0,100,3,27164,8,False,True,True,13123,6737.0,2093.0,True
coronavirus_like,0,100,3,27608,1,False,True,True,4791,2316.0,1863.0,True
coronavirus_like,0,100,3,27835,1,False,True,False,1918,,,
coronavirus_like,0,100,3,28099,1,False,True,True,17042,2679.0,566.0,True
coronavirus_like,0,100,3,29832,3,False,True,True,6128,2347.0,1316.0,True
coronavirus_like,0,100,3,30186,8,False,True,False,18681,,,
coronavirus_like,0,100,3,30493,7,False,True,True,20724,3195.0,51.0,True
coronavirus_like,0,100,3,30640,1,False,True,True,8976,1434.0,494.0,True
coronavirus_like,0,100,3,31083,1,True,True,False,29066,,,
coronavirus_like,0,100,3,31671,1,False,True,True,7297,1189.0,147.0,True
coronavirus_like,0,100,3,31815,4,False,True,True,19370,386.0,23.0,True
coronavirus_like,0,100,3,33511,1,False,True,True,12281,2025.0,263.0,True
coronavirus_like,0,100,3,33637,1,False,True,True,10907,1099.0,825.0,True
coronavirus_like,0,100,3,33829,4,False,True,True,8591,3717.0,1712.0,True
coronavirus_like,0,100,3,33964,1,True,True,False,29601,,,
coronavirus_like,0,100,3,34387,2,False,True,True,15009,1598.0,838.0,True
coronavirus_like,0,100,3,35338,1,True,True,True,6730,1379.0,713.0,True
coronavirus_like,0,100,3,35365,1,False,True,True,19025,3779.0,505.0,True
coronavirus_like,0,100,3,35963,3,False,True,True,26323,,,
coronavirus_like,0,100,3,36094,1,False,True,True,7688,1457.0,1406.0,True
coronavirus_like,0,100,3,36318,1,True,True,True,20372,349.0,86.0,True
coronavirus_like,0,100,3,36384,1,False,True,True,28213,1054.0,437.0,True
coronavirus_like,0,100,3,36457,1,False,True,True,9943,2506.0,2246.0,True
coronavirus_like,0,100,3,37003,1,True,True,True,22187,1080.0,3.0,True
coronavirus_like,0,100,3,37632,1,False,True,True,19040,4833.0,339.0,True
coronavirus_like,0,100,3,37969,2,False,True,True,1059,2506.0,11130.0,False
coronavirus_like,0,100,3,38104,1,False,True,True,6500,2475.0,1072.0,True
coronavirus_like,0,100,3,38659,7,False,True,True,7810,5406.0,5040.0,True
coronavirus_like,0,100,3,39350,1,True,True,True,27063,1742.0,1108.0,True
coronavirus_like,0,100,3,39613,1,True,True,True,12726,5406.0,124.0,True
coronavirus_like,0,100,3,39711,1,False,True,True,14432,871.0,347.0,True
coronavirus_like,0,100,3,40070,1,True,True,True,12168,4363.0,1787.0,True
coronavirus_like,0,100,3,40127,9,False,True,True,19756,3160.0,1549.0,True
coronavirus_like,0,100,3,41194,1,False,True,True,19770,3866.0,2425.0,True
coronavirus_like,0,100,3,41839,1,False,True,True,27291,2191.0,212.0,True
coronavirus_like,0,100,3,41941,3,False,True,True,10548,2506.0,1641.0,True
coronavirus_like,0,100,3,42532,1,False,True,True,18737,3831.0,2302.0,True
coronavirus_like,0,100,3,42990,1,False,True,True,16988,1132.0,503.0,True
coronavirus_like,0,100,3,43183,7,False,True,True,21713,342.0,226.0,True
coronavirus_like,0,100,3,43380,2,False,True,True,14528,2919.0,17.0,True
coronavirus_like,0,100,3,43506,1,False,True,True,10023,722.0,303.0,True
coronavirus_like,0,100,3,43607,1,False,True,True,26037,1855.0,1506.0,True
coronavirus_like,0,100,3,43616,7,False,True,True,2919,1776.0,1210.0,True
coronavirus_like,0,100,3,43746,1,False,True,True,17302,1186.0,731.0,True
coronavirus_like,0,100,3,44184,1,True,True,True,13105,2651.0,1433.0,True
coronavirus_like,0,100,3,45449,2,False,True,False,7463,,,
coronavirus_like,0,100,3,45591,20,False,True,False,26590,,,
coronavirus_like,0,100,3,45971,2,False,True,True,25916,309.0,37.0,True
coronavirus_like,0,100,3,46140,1,False,True,True,11457,3554.0,2498.0,True
coronavirus_like,0,100,3,47648,1,True,True,True,13977,713.0,692.0,True
coronavirus_like,0,100,3,48537,1,False,True,True,12727,1260.0,388.0,True
coronavirus_like,0,100,3,48706,1,True,True,True,13392,870.0,533.0,True
coronavirus_like,0,100,3,48788,2,False,True,False,28842,,,
coronavirus_like,0,100,3,48924,3,False,True,True,10923,255.0,101.0,True
coronavirus_like,0,100,3,49161,1,False,True,True,28459,1199.0,1177.0,True
coronavirus_like,0,100,3,49326,1,False,True,True,13360,1256.0,86.0,True
coronavirus_like,0,100,3,49897,2,False,True,True,20660,2308.0,286.0,True
coronavirus_like,0,100,3,49986,1,True,True,True,5863,2130.0,588.0,True
coronavirus_like,0,100,3,50245,1,False,True,False,28054,,,
coronavirus_like,0,100,3,50637,5,False,True,True,23108,1601.0,1011.0,True
coronavirus_like,0,100,3,52067,1,True,True,True,2316,1867.0,1630.0,True
coronavirus_like,0,100,3,52607,1,True,True,False,27752,,,
coronavirus_like,0,100,3,52835,1,False,True,True,11624,965.0,108.0,True
coronavirus_like,0,100,3,53173,3,False,True,False,2913,,,
coronavirus_like,0,100,3,53732,1,False,True,True,24818,318.0,101.0,True
coronavirus_like,0,100,3,53792,1,False,True,True,19381,545.0,145.0,True
coronavirus_like,0,100,3,55728,2,False,True,True,11147,,,
coronavirus_like,0,100,3,55777,1,True,True,True,16445,1603.0,1561.0,True
coronavirus_like,0,100,3,56531,1,True,True,True,10965,2291.0,1727.0,True
coronavirus_like,0,100,3,56580,1,False,True,True,27368,995.0,928.0,True
coronavirus_like,0,100,3,56806,1,True,True,True,2068,1529.0,937.0,True
coronavirus_like,0,100,3,57017,1,False,True,True,4997,450.0,414.0,True
coronavirus_like,0,100,3,57104,1,False,True,True,21509,1250.0,1169.0,True
coronavirus_like,0,100,3,57587,1,False,True,True,13307,777.0,687.0,True
coronavirus_like,0,100,3,57722,1,False,True,True,14673,1871.0,1227.0,True
coronavirus_like,0,100,3,58019,1,False,True,True,17123,536.0,84.0,True
coronavirus_like,0,100,3,59082,1,True,True,True,22598,759.0,690.0,True
coronavirus_like,0,100,3,59242,2,False,True,True,11269,5201.0,2686.0,True
coronavirus_like,0,100,3,59537,1,False,True,True,2998,405.0,26.0,True
coronavirus_like,0,100,3,60402,2,False,True,True,16647,2995.0,1501.0,True
coronavirus_like,0,100,3,60580,1,False,True,True,21953,1019.0,594.0,True
coronavirus_like,0,100,3,61042,1,True,True,True,15935,1312.0,157.0,True
coronavirus_like,0,100,3,61384,1,True,True,True,7775,330.0,36.0,True
coronavirus_like,0,100,3,62222,3,False,True,True,2929,1853.0,613.0,True
coronavirus_like,0,100,3,62972,1,False,True,True,23668,1310.0,1085.0,True
coronavirus_like,0,100,3,63300,1,False,True,True,20855,1503.0,233.0,True
coronavirus_like,0,100,3,63313,1,False,True,True,27439,1056.0,609.0,True
coronavirus_like,0,100,3,63319,1,False,True,True,24283,2080.0,345.0,True
coronavirus_like,0,100,3,64003,9,False,True,True,14753,458.0,251.0,True
coronavirus_like,0,100,3,64462,1,False,True,True,19337,2681.0,658.0,True
coronavirus_like,0,100,3,64650,1,False,True,True,7183,2068.0,297.0,True
coronavirus_like,0,100,3,64961,1,False,True,True,13253,2892.0,1526.0,True
coronavirus_like,0,100,3,66111,1,False,True,True,4238,834.0,154.0,True
coronavirus_like,0,100,3,67335,2,False,True,True,13922,273.0,33.0,True
coronavirus_like,0,100,3,67663,2,False,True,True,25766,1554.0,272.0,True
coronavirus_like,0,100,3,68039,1,False,True,True,1121,3345.0,3150.0,True
coronavirus_like,0,100,3,68167,1,False,True,True,3588,779.0,749.0,True
coronavirus_like,0,100,3,68603,1,False,True,True,15796,580.0,325.0,True
coronavirus_like,0,100,3,69193,34,False,True,True,13882,1268.0,897.0,True
coronavirus_like,0,100,3,70103,1,True,True,True,4199,527.0,138.0,True
coronavirus_like,0,100,3,70230,1,False,True,True,1644,1887.0,1715.0,True
coronavirus_like,0,100,3,70248,2,False,True,True,25939,61.0,40.0,True
coronavirus_like,0,100,3,70356,2,False,True,True,26275,2191.0,1228.0,True
coronavirus_like,0,100,3,70719,1,True,True,True,10172,1886.0,1114.0,True
coronavirus_like,0,100,3,72872,2,False,True,True,12011,1473.0,225.0,True
coronavirus_like,0,100,3,73844,2,False,True,True,25192,191.0,112.0,True
coronavirus_like,0,100,3,73985,3,False,True,True,22272,1089.0,256.0,True
coronavirus_like,0,100,3,74180,1,False,True,True,23765,424.0,270.0,True
coronavirus_like,0,100,3,74533,1,False,True,True,19111,1492.0,1388.0,True
coronavirus_like,0,100,3,75602,2,False,True,True,3211,553.0,346.0,True
coronavirus_like,0,100,3,75976,1,False,True,True,21620,984.0,792.0,True
coronavirus_like,0,100,3,76817,12,False,True,True,24913,165.0,145.0,True
coronavirus_like,0,100,3,76854,1,False,True,True,26966,380.0,25.0,True
coronavirus_like,0,100,3,77447,1,False,True,True,19355,570.0,558.0,True
coronavirus_like,0,100,3,78478,1,False,True,True,9269,430.0,322.0,True
coronavirus_like,0,100,3,78479,1,True,True,True,28132,3095.0,594.0,True
coronavirus_like,0,100,3,78658,1,False,True,True,28104,379.0,252.0,True
coronavirus_like,0,100,3,79044,1,True,True,True,21189,2652.0,2253.0,True
coronavirus_like,0,100,3,79926,1,False,True,True,10806,2163.0,949.0,True
coronavirus_like,0,100,3,80090,1,True,True,True,26670,1114.0,873.0,True
coronavirus_like,0,100,3,81067,1,False,True,True,26881,1994.0,1290.0,True
coronavirus_like,0,100,3,82463,1,True,True,True,24460,1294.0,95.0,True
coronavirus_like,0,100,3,83009,1,True,True,True,5009,439.0,322.0,True
coronavirus_like,0,100,3,83075,1,False,True,True,16722,1857.0,1582.0,True
coronavirus_like,0,100,3,83138,1,False,True,True,2012,1853.0,1530.0,True
coronavirus_like,0,100,3,83230,1,False,True,True,15705,250.0,225.0,True
coronavirus_like,0,100,3,83445,1,False,True,True,2394,260.0,181.0,True
coronavirus_like,0,100,3,83656,3,False,True,True,22301,591.0,387.0,True
coronavirus_like,0,100,3,83880,1,True,True,True,12243,1493.0,941.0,True
coronavirus_like,0,100,3,83904,10,False,True,False,29704,,,
coronavirus_like,0,100,3,85382,2,False,True,True,1992,543.0,300.0,True
coronavirus_like,0,100,3,86906,1,False,True,True,4768,401.0,383.0,True
coronavirus_like,0,100,3,87151,4,False,True,True,6859,3517.0,2070.0,True
coronavirus_like,0,100,3,87427,1,False,True,False,92,,,
coronavirus_like,0,100,3,87538,1,True,True,False,29409,,,
coronavirus_like,0,100,3,88240,1,False,True,True,12794,1623.0,716.0,True
coronavirus_like,0,100,3,89379,2,False,True,True,7947,1170.0,806.0,True
coronavirus_like,0,100,3,89584,1,True,True,True,13100,1623.0,410.0,True
coronavirus_like,0,100,3,89665,1,False,True,True,13276,354.0,246.0,True
coronavirus_like,0,100,3,90886,1,False,True,True,23476,333.0,261.0,True
coronavirus_like,0,100,3,92354,2,False,True,True,19418,916.0,137.0,True
coronavirus_like,0,100,3,92464,3,False,True,True,20269,503.0,230.0,True
coronavirus_like,0,100,3,92715,9,False,True,True,20374,464.0,38.0,True
coronavirus_like,0,100,3,94539,4,False,True,True,12732,1130.0,154.0,True
coronavirus_like,0,100,3,94994,2,False,True,True,17793,854.0,845.0,True
coronavirus_like,0,100,3,95567,1,True,True,True,28387,399.0,184.0,True
coronavirus_like,0,100,3,96665,1,True,True,True,9451,146.0,118.0,True
coronavirus_like,0,100,3,99839,8,False,True,True,26334,644.0,349.0,True
coronavirus_like,0,100,3,100022,6,False,True,True,11282,618.0,473.0,True
coronavirus_like,0,100,3,100423,2,False,True,True,9824,1111.0,944.0,True
coronavirus_like,0,100,3,101075,1,True,True,True,19403,567.0,544.0,True
coronavirus_like,0,100,3,101327,1,True,True,True,26065,510.0,363.0,True
coronavirus_like,0,100,3,101808,1,False,True,True,24270,959.0,181.0,True
coronavirus_like,0,100,3,102056,2,False,True,False,28404,,,
coronavirus_like,0,100,3,103256,2,False,True,True,14249,1191.0,530.0,True
coronavirus_like,0,100,3,103572,1,False,True,True,19098,1145.0,1054.0,True
coronavirus_like,0,100,3,104099,1,False,True,True,3641,129.0,31.0,True
coronavirus_like,0,100,3,104189,2,False,True,True,17355,445.0,74.0,True
coronavirus_like,0,100,3,104886,1,False,True,True,6633,582.0,422.0,True
coronavirus_like,0,100,3,105897,1,False,True,True,10123,494.0,99.0,True
coronavirus_like,0,100,3,106701,1,False,True,True,22039,794.0,478.0,True
coronavirus_like,0,100,3,106711,4,False,True,True,3528,302.0,142.0,True
coronavirus_like,0,100,3,106971,4,False,True,True,9728,191.0,121.0,True
coronavirus_like,0,100,3,107890,3,False,True,True,14866,304.0,218.0,True
coronavirus_like,0,100,3,109086,1,True,True,True,17554,894.0,444.0,True
coronavirus_like,0,100,3,109141,1,True,True,True,2758,1335.0,266.0,True
coronavirus_like,0,100,3,109539,6,False,True,True,20360,378.0,262.0,True
coronavirus_like,0,100,3,109811,1,False,True,True,18559,307.0,53.0,True
coronavirus_like,0,100,3,110036,1,False,True,True,22876,809.0,734.0,True
coronavirus_like,0,100,3,110175,1,False,True,True,23553,809.0,57.0,True
coronavirus_like,0,100,3,110868,1,False,True,True,8355,424.0,122.0,True
coronavirus_like,0,100,3,111755,4,False,False,False,70,,,
coronavirus_like,0,100,3,113980,2,False,True,True,2047,1468.0,1223.0,True
coronavirus_like,0,100,3,115476,1,True,True,True,12749,152.0,103.0,True
coronavirus_like,0,100,3,115938,4,False,True,True,5765,1106.0,91.0,True
coronavirus_like,0,100,3,116206,2,False,True,False,29332,,,
coronavirus_like,0,100,3,116213,4,False,True,True,3717,689.0,366.0,True
coronavirus_like,0,100,3,116635,5,False,True,True,17042,1257.0,243.0,True
coronavirus_like,0,100,3,116850,1,False,True,True,23605,99.0,38.0,True
coronavirus_like,0,100,3,118251,1,False,True,True,15009,994.0,531.0,True
coronavirus_like,0,100,3,120497,1,False,True,True,25639,419.0,399.0,True
coronavirus_like,0,100,3,120721,2,False,True,True,8348,261.0,130.0,True
coronavirus_like,0,100,3,120928,7,False,False,False,159,,,
coronavirus_like,0,100,3,121088,1,False,True,True,7048,490.0,62.0,True
coronavirus_like,0,100,3,121356,1,True,True,True,16799,736.0,184.0,True
coronavirus_like,0,100,3,121545,1,False,True,True,23799,925.0,326.0,True
coronavirus_like,0,100,3,121901,1,False,True,False,19791,,,
coronavirus_like,0,100,3,122287,1,True,True,True,11071,520.0,218.0,True
coronavirus_like,0,100,3,122314,7,False,True,True,6348,1052.0,501.0,True
coronavirus_like,0,100,3,122546,1,True,True,True,21550,384.0,172.0,True
coronavirus_like,0,100,3,123209,6,False,True,True,23712,132.0,86.0,True
coronavirus_like,0,100,3,123444,1,True,True,True,18914,286.0,92.0,True
coronavirus_like,0,100,3,123556,1,False,True,True,26759,1461.0,232.0,True
coronavirus_like,0,100,3,124138,1,True,True,True,17320,1433.0,439.0,True
coronavirus_like,0,100,3,124234,1,False,True,True,24618,441.0,275.0,True
coronavirus_like,0,100,3,124968,6,False,True,True,16387,1263.0,802.0,True
coronavirus_like,0,100,3,124991,1,False,True,True,7619,182.0,56.0,True
coronavirus_like,0,100,3,125205,1,False,True,True,3316,1541.0,813.0,True
coronavirus_like,0,100,3,126393,1,True,True,True,5328,846.0,365.0,True
coronavirus_like,0,100,3,126414,47,False,True,True,3935,1557.0,148.0,True
coronavirus_like,0,100,3,126859,2,False,True,True,14763,347.0,241.0,True
coronavirus_like,0,100,3,127140,1,False,True,True,9660,312.0,43.0,True
coronavirus_like,0,100,3,127646,3,False,True,False,164,,,
coronavirus_like,0,100,3,128638,1,True,True,True,27737,514.0,314.0,True
coronavirus_like,0,100,3,128698,1,False,True,True,14994,458.0,10.0,True
coronavirus_like,0,100,3,131415,1,False,True,True,4217,435.0,394.0,True
coronavirus_like,0,100,3,131988,6,False,True,True,17490,418.0,269.0,True
coronavirus_like,0,100,3,132077,2,False,True,True,15897,395.0,118.0,True
coronavirus_like,0,100,3,132655,1,False,True,True,24634,202.0,52.0,True
coronavirus_like,0,100,3,132766,1,True,True,True,2586,891.0,620.0,True
coronavirus_like,0,100,3,134031,1,False,True,True,22470,1237.0,206.0,True
coronavirus_like,0,100,3,135558,7,False,True,False,28699,,,
coronavirus_like,0,100,3,135905,1,True,True,True,1122,2477.0,2420.0,True
coronavirus_like,0,100,3,137652,1,True,True,True,17088,1225.0,918.0,True
coronavirus_like,0,100,3,137909,1,True,True,True,25401,94.0,5.0,True
coronavirus_like,0,100,3,138101,1,False,True,True,28224,78.0,72.0,True
coronavirus_like,0,100,3,138153,1,True,True,True,26100,328.0,27.0,True
coronavirus_like,0,100,3,138929,1,False,True,True,13471,1440.0,81.0,True
coronavirus_like,0,100,3,139027,3,False,True,True,20344,346.0,155.0,True
coronavirus_like,0,100,3,139488,1,False,True,True,12474,427.0,359.0,True
coronavirus_like,0,100,3,139503,2,False,True,True,11124,1400.0,165.0,True
coronavirus_like,0,100,3,139802,3,False,True,True,26646,1299.0,654.0,True
coronavirus_like,0,100,3,140815,1,True,True,True,15637,353.0,226.0,True
coronavirus_like,0,100,3,143377,1,False,True,True,23647,263.0,189.0,True
coronavirus_like,0,100,3,143640,1,False,True,False,28906,,,
coronavirus_like,0,100,3,144154,1,False,True,True,10424,99.0,62.0,True
coronavirus_like,0,100,3,144702,1,True,True,True,21838,836.0,733.0,True
coronavirus_like,0,100,3,145537,1,False,True,True,3944,607.0,456.0,True
coronavirus_like,0,100,3,145804,1,True,True,True,18551,988.0,436.0,True
coronavirus_like,0,100,3,146305,5,False,True,True,14874,232.0,64.0,True
coronavirus_like,0,100,3,146401,1,False,True,True,27951,1612.0,345.0,True
coronavirus_like,0,100,3,147074,5,False,True,True,5877,175.0,160.0,True
coronavirus_like,0,100,3,147903,1,False,True,True,28170,856.0,36.0,True
coronavirus_like,0,100,3,148744,10,False,True,True,13754,1399.0,160.0,True
coronavirus_like,0,100,3,148842,1,False,False,False,26309,,,
coronavirus_like,0,100,3,149229,1,False,True,True,6126,1040.0,597.0,True
coronavirus_like,0,100,3,150077,5,False,True,True,26886,154.0,29.0,True
coronavirus_like,0,100,3,150520,2,False,True,True,24103,1317.0,380.0,True
coronavirus_like,0,100,3,151663,1,False,True,True,18316,980.0,229.0,True
coronavirus_like,0,100,3,152511,16,False,True,True,8599,148.0,74.0,True
coronavirus_like,0,100,3,152590,1,False,True,True,17156,1788.0,717.0,True
coronavirus_like,0,100,3,152623,1,False,True,True,28320,26.0,3.0,True
coronavirus_like,0,100,3,152964,3,False,True,False,8368,,,
coronavirus_like,0,100,3,153003,3,False,True,False,29853,,,
coronavirus_like,0,100,3,153609,3,False,True,True,2300,468.0,20.0,True
coronavirus_like,0,100,3,154235,1,True,True,True,4107,546.0,230.0,True
coronavirus_like,0,100,3,154568,15,False,True,True,20483,547.0,359.0,True
coronavirus_like,0,100,3,154904,1,False,False,False,145,,,
coronavirus_like,0,100,3,154907,2,False,False,False,29472,,,
coronavirus_like,0,100,3,155360,1,False,True,True,18138,611.0,588.0,True
coronavirus_like,0,100,3,155629,6,False,True,True,8422,283.0,228.0,True
coronavirus_like,0,100,3,155662,18,False,True,True,14846,463.0,20.0,True
coronavirus_like,0,100,3,157855,1,True,True,True,7666,543.0,202.0,True
coronavirus_like,0,100,3,159183,5,False,True,True,21026,501.0,412.0,True
coronavirus_like,0,100,3,159380,2,False,True,True,6484,191.0,53.0,True
coronavirus_like,0,100,3,160466,1,False,True,True,22538,399.0,5.0,True
coronavirus_like,0,100,3,161773,1,True,True,True,13454,354.0,241.0,True
coronavirus_like,0,100,3,162038,3,False,True,True,12586,299.0,284.0,True
coronavirus_like,0,100,3,162176,1,True,True,True,19018,113.0,102.0,True
coronavirus_like,0,100,3,163624,1,False,True,True,20861,724.0,203.0,True
coronavirus_like,0,100,3,164223,1,False,True,True,10237,101.0,4.0,True
coronavirus_like,0,100,3,164278,1,False,True,True,25604,50.0,8.0,True
coronavirus_like,0,100,3,165401,1,False,True,True,21834,894.0,578.0,True
coronavirus_like,0,100,3,165951,1,False,True,True,7592,356.0,348.0,True
coronavirus_like,0,100,3,166925,2,False,True,False,26552,,,
coronavirus_like,0,100,3,167463,3,False,True,True,21425,46.0,13.0,True
coronavirus_like,0,100,3,167627,1,False,True,True,10357,491.0,373.0,True
coronavirus_like,0,100,3,167684,1,True,True,True,20152,227.0,0.0,True
coronavirus_like,0,100,3,168025,6,False,True,True,13997,888.0,537.0,True
coronavirus_like,0,100,3,168462,1,False,True,True,2969,96.0,12.0,True
coronavirus_like,0,100,3,170312,1,False,True,True,2931,187.0,141.0,True
coronavirus_like,0,100,3,170790,1,False,True,True,697,363.0,257.0,True
coronavirus_like,0,100,3,171163,7,False,True,True,16447,393.0,193.0,True
coronavirus_like,0,100,3,174122,1,False,True,True,18797,137.0,68.0,True
coronavirus_like,0,100,3,174233,3,False,True,True,20300,459.0,199.0,True
coronavirus_like,0,100,3,174915,1,False,True,True,15919,533.0,292.0,True
coronavirus_like,0,100,3,175561,6,False,True,True,12201,1055.0,978.0,True
coronavirus_like,0,100,3,175682,1,False,True,True,10287,1147.0,588.0,True
coronavirus_like,0,100,3,175979,1,False,True,True,26504,1074.0,645.0,True
coronavirus_like,0,100,3,176590,1,False,True,True,23259,326.0,284.0,True
coronavirus_like,0,100,3,177068,1,False,True,True,13396,519.0,304.0,True
coronavirus_like,0,100,3,177302,1,False,True,True,9043,227.0,151.0,True
coronavirus_like,0,100,3,177753,2,False,True,True,22139,754.0,120.0,True
coronavirus_like,0,100,3,178198,1,False,True,True,20595,596.0,514.0,True
coronavirus_like,0,100,3,178564,1,False,True,True,7660,467.0,412.0,True
coronavirus_like,0,100,3,178818,1,True,True,True,21759,329.0,292.0,True
coronavirus_like,0,100,3,179263,1,True,True,True,6578,429.0,347.0,True
coronavirus_like,0,100,3,180149,1,False,True,True,14964,346.0,88.0,True
coronavirus_like,0,100,3,180920,1,False,True,True,8155,361.0,16.0,True
coronavirus_like,0,100,3,181051,1,False,True,True,1558,1228.0,556.0,True
coronavirus_like,0,100,3,181784,1,False,True,True,23240,1109.0,35.0,True
coronavirus_like,0,100,3,183132,1,True,True,True,11837,1121.0,523.0,True
coronavirus_like,0,100,4,16,1,True,True,False,9372,,,
coronavirus_like,0,100,4,24,1,True,True,False,8522,,,
coronavirus_like,0,100,4,43,1,True,False,False,27613,,,
coronavirus_like,0,100,4,257,1,True,True,False,11955,,,
coronavirus_like,0,100,4,446,1,True,True,False,18446,,,
coronavirus_like,0,100,4,499,1,True,True,False,19390,,,
coronavirus_like,0,100,4,2286,1,True,True,False,22345,,,
coronavirus_like,0,100,4,3121,1,False,True,False,15205,,,
coronavirus_like,0,100,4,3669,1,False,True,False,9568,,,
coronavirus_like,0,100,4,4679,4,False,True,False,24962,,,
coronavirus_like,0,100,4,4891,1,False,True,True,11712,1046.0,699.0,True
coronavirus_like,0,100,4,5446,1,True,True,False,25558,,,
coronavirus_like,0,100,4,5825,6,False,True,False,16365,,,
coronavirus_like,0,100,4,5944,1,False,True,False,15703,,,
coronavirus_like,0,100,4,5964,1,True,True,False,10246,,,
coronavirus_like,0,100,4,7589,1,True,True,False,20494,,,
coronavirus_like,0,100,4,7821,2,False,True,True,25752,1623.0,1598.0,True
coronavirus_like,0,100,4,7830,2,False,True,True,18510,2990.0,883.0,True
coronavirus_like,0,100,4,8993,1,False,True,True,11872,3294.0,3883.0,False
coronavirus_like,0,100,4,9245,2,False,True,False,12868,,,
coronavirus_like,0,100,4,9281,1,False,True,False,18923,,,
coronavirus_like,0,100,4,9808,1,False,False,False,25060,,,
coronavirus_like,0,100,4,10286,1,False,False,False,771,,,
coronavirus_like,0,100,4,10749,1,False,True,False,7204,,,
coronavirus_like,0,100,4,11677,4,False,True,False,5698,,,
coronavirus_like,0,100,4,11686,1,False,True,True,8910,4230.0,2305.0,True
coronavirus_like,0,100,4,11925,1,True,True,False,21520,,,
coronavirus_like,0,100,4,13241,5,False,True,False,26471,,,
coronavirus_like,0,100,4,13340,1,False,True,False,10698,,,
coronavirus_like,0,100,4,13568,1,True,True,False,8000,,,
coronavirus_like,0,100,4,13622,1,False,True,False,6741,,,
coronavirus_like,0,100,4,13633,1,True,True,False,29229,,,
coronavirus_like,0,100,4,14987,1,True,True,False,3687,,,
coronavirus_like,0,100,4,14992,2,False,True,True,16974,1419.0,1069.0,True
coronavirus_like,0,100,4,15016,1,False,True,False,16446,,,
coronavirus_like,0,100,4,15238,1,True,True,False,4693,,,
coronavirus_like,0,100,4,15532,1,True,True,True,17600,3607.0,2410.0,True
coronavirus_like,0,100,4,16143,1,True,True,False,29247,,,
coronavirus_like,0,100,4,16506,7,False,True,True,10407,1610.0,808.0,True
coronavirus_like,0,100,4,16901,4,False,True,False,16091,,,
coronavirus_like,0,100,4,17122,1,True,False,False,581,,,
coronavirus_like,0,100,4,17170,4,False,True,False,4881,,,
coronavirus_like,0,100,4,17281,1,False,True,True,25735,3651.0,1808.0,True
coronavirus_like,0,100,4,18249,7,False,True,True,11805,4970.0,4381.0,True
coronavirus_like,0,100,4,18876,18,False,True,True,15064,1247.0,1063.0,True
coronavirus_like,0,100,4,19653,1,False,True,True,15068,2346.0,827.0,True
coronavirus_like,0,100,4,19704,1,True,True,False,7488,,,
coronavirus_like,0,100,4,20212,2,False,True,True,20100,1806.0,234.0,True
coronavirus_like,0,100,4,20370,5,False,True,False,2400,,,
coronavirus_like,0,100,4,20834,1,False,True,True,15692,1693.0,-1148.0,False
coronavirus_like,0,100,4,21820,3,False,True,False,995,,,
coronavirus_like,0,100,4,21877,3,False,True,False,27822,,,
coronavirus_like,0,100,4,23363,1,False,True,False,28594,,,
coronavirus_like,0,100,4,23944,2,False,True,True,12911,4144.0,2989.0,True
coronavirus_like,0,100,4,24235,1,True,False,False,4086,,,
coronavirus_like,0,100,4,24259,2,False,True,True,22539,2840.0,1729.0,True
coronavirus_like,0,100,4,25101,1,False,True,True,14727,864.0,386.0,True
coronavirus_like,0,100,4,25901,1,True,True,False,1163,,,
coronavirus_like,0,100,4,26693,1,False,True,True,16127,440.0,283.0,True
coronavirus_like,0,100,4,27164,8,False,True,True,13123,6737.0,2093.0,True
coronavirus_like,0,100,4,27608,1,False,True,True,4791,2316.0,1863.0,True
coronavirus_like,0,100,4,27835,1,False,True,False,1918,,,
coronavirus_like,0,100,4,28099,1,False,True,True,17042,2679.0,566.0,True
coronavirus_like,0,100,4,29832,3,False,True,True,6128,2347.0,1316.0,True
coronavirus_like,0,100,4,30186,8,False,True,False,18681,,,
coronavirus_like,0,100,4,30493,7,False,True,True,20724,3195.0,51.0,True
coronavirus_like,0,100,4,30640,1,False,True,True,8976,1434.0,494.0,True
coronavirus_like,0,100,4,31083,1,True,True,False,29066,,,
coronavirus_like,0,100,4,31671,1,False,True,True,7297,1189.0,147.0,True
coronavirus_like,0,100,4,31815,4,False,True,True,19370,386.0,23.0,True
coronavirus_like,0,100,4,33511,1,False,True,True,12281,2025.0,263.0,True
coronavirus_like,0,100,4,33637,1,False,True,True,10907,1099.0,825.0,True
coronavirus_like,0,100,4,33829,4,False,True,True,8591,3717.0,1712.0,True
coronavirus_like,0,100,4,33964,1,True,True,False,29601,,,
coronavirus_like,0,100,4,34387,2,False,True,True,15009,1598.0,838.0,True
coronavirus_like,0,100,4,35338,1,True,True,True,6730,1379.0,713.0,True
coronavirus_like,0,100,4,35365,1,False,True,True,19025,3779.0,505.0,True
coronavirus_like,0,100,4,35963,3,False,True,True,26323,792.0,-15724.0,False
coronavirus_like,0,100,4,36094,1,False,True,True,7688,1457.0,1406.0,True
coronavirus_like,0,100,4,36318,1,True,True,True,20372,349.0,86.0,True
coronavirus_like,0,100,4,36384,1,False,True,True,28213,1054.0,437.0,True
coronavirus_like,0,100,4,36457,1,False,True,True,9943,2506.0,2246.0,True
coronavirus_like,0,100,4,37003,1,True,True,True,22187,1080.0,3.0,True
coronavirus_like,0,100,4,37632,1,False,True,True,19040,4833.0,339.0,True
coronavirus_like,0,100,4,37969,2,False,True,True,1059,2506.0,11130.0,False
coronavirus_like,0,100,4,38104,1,False,True,True,6500,2475.0,1072.0,True
coronavirus_like,0,100,4,38659,7,False,True,True,7810,5406.0,5040.0,True
coronavirus_like,0,100,4,39350,1,True,True,False,27063,,,
coronavirus_like,0,100,4,39613,1,True,True,True,12726,5406.0,124.0,True
coronavirus_like,0,100,4,39711,1,False,True,True,14432,871.0,347.0,True
coronavirus_like,0,100,4,40070,1,True,True,True,12168,4363.0,1787.0,True
coronavirus_like,0,100,4,40127,9,False,True,True,19756,3160.0,1549.0,True
coronavirus_like,0,100,4,41194,1,False,True,True,19770,3866.0,2425.0,True
coronavirus_like,0,100,4,41839,1,False,True,True,27291,2191.0,212.0,True
coronavirus_like,0,100,4,41941,3,False,True,True,10548,2506.0,1641.0,True
coronavirus_like,0,100,4,42532,1,False,True,True,18737,3831.0,2302.0,True
coronavirus_like,0,100,4,42990,1,False,True,True,16988,1132.0,503.0,True
coronavirus_like,0,100,4,43183,7,False,True,True,21713,342.0,226.0,True
coronavirus_like,0,100,4,43380,2,False,True,True,14528,2919.0,17.0,True
coronavirus_like,0,100,4,43506,1,False,True,True,10023,722.0,303.0,True
coronavirus_like,0,100,4,43607,1,False,True,True,26037,1855.0,1506.0,True
coronavirus_like,0,100,4,43616,7,False,True,False,2919,,,
coronavirus_like,0,100,4,43746,1,False,True,True,17302,1186.0,731.0,True
coronavirus_like,0,100,4,44184,1,True,True,True,13105,2651.0,1433.0,True
coronavirus_like,0,100,4,45449,2,False,True,False,7463,,,
coronavirus_like,0,100,4,45591,20,False,True,False,26590,,,
coronavirus_like,0,100,4,45971,2,False,True,True,25916,309.0,37.0,True
coronavirus_like,0,100,4,46140,1,False,True,True,11457,3554.0,2498.0,True
coronavirus_like,0,100,4,47648,1,True,True,True,13977,713.0,692.0,True
coronavirus_like,0,100,4,48537,1,False,True,True,12727,1260.0,388.0,True
coronavirus_like,0,100,4,48706,1,True,True,True,13392,870.0,533.0,True
coronavirus_like,0,100,4,48788,2,False,True,False,28842,,,
coronavirus_like,0,100,4,48924,3,False,True,True,10923,255.0,101.0,True
coronavirus_like,0,100,4,49161,1,False,True,False,28459,,,
coronavirus_like,0,100,4,49326,1,False,True,True,13360,1256.0,86.0,True
coronavirus_like,0,100,4,49897,2,False,True,True,20660,2308.0,286.0,True
coronavirus_like,0,100,4,49986,1,True,True,False,5863,,,
coronavirus_like,0,100,4,50245,1,False,True,False,28054,,,
coronavirus_like,0,100,4,50637,5,False,True,True,23108,1601.0,1011.0,True
coronavirus_like,0,100,4,52067,1,True,True,True,2316,1867.0,1630.0,True
coronavirus_like,0,100,4,52607,1,True,True,False,27752,,,
coronavirus_like,0,100,4,52835,1,False,True,True,11624,965.0,108.0,True
coronavirus_like,0,100,4,53173,3,False,True,False,2913,,,
coronavirus_like,0,100,4,53732,1,False,True,True,24818,318.0,101.0,True
coronavirus_like,0,100,4,53792,1,False,True,True,19381,545.0,145.0,True
coronavirus_like,0,100,4,55728,2,False,True,True,11147,,,
coronavirus_like,0,100,4,55777,1,True,True,True,16445,1603.0,1561.0,True
coronavirus_like,0,100,4,56531,1,True,True,True,10965,2291.0,1727.0,True
coronavirus_like,0,100,4,56580,1,False,True,False,27368,,,
coronavirus_like,0,100,4,56806,1,True,True,False,2068,,,
coronavirus_like,0,100,4,57017,1,False,True,True,4997,450.0,414.0,True
coronavirus_like,0,100,4,57104,1,False,True,True,21509,1250.0,1169.0,True
coronavirus_like,0,100,4,57587,1,False,True,True,13307,777.0,687.0,True
coronavirus_like,0,100,4,57722,1,False,True,True,14673,1871.0,1227.0,True
coronavirus_like,0,100,4,58019,1,False,True,True,17123,536.0,84.0,True
coronavirus_like,0,100,4,59082,1,True,True,True,22598,759.0,690.0,True
coronavirus_like,0,100,4,59242,2,False,True,True,11269,5201.0,2686.0,True
coronavirus_like,0,100,4,59537,1,False,True,True,2998,405.0,26.0,True
coronavirus_like,0,100,4,60402,2,False,True,True,16647,2995.0,1501.0,True
coronavirus_like,0,100,4,60580,1,False,True,True,21953,1019.0,594.0,True
coronavirus_like,0,100,4,61042,1,True,True,True,15935,1312.0,157.0,True
coronavirus_like,0,100,4,61384,1,True,True,True,7775,330.0,36.0,True
coronavirus_like,0,100,4,62222,3,False,True,True,2929,1853.0,613.0,True
coronavirus_like,0,100,4,62972,1,False,True,True,23668,1310.0,1085.0,True
coronavirus_like,0,100,4,63300,1,False,True,True,20855,1503.0,233.0,True
coronavirus_like,0,100,4,63313,1,False,True,True,27439,1056.0,609.0,True
coronavirus_like,0,100,4,63319,1,False,True,True,24283,2080.0,345.0,True
coronavirus_like,0,100,4,64003,9,False,True,True,14753,458.0,251.0,True
coronavirus_like,0,100,4,64462,1,False,True,True,19337,2681.0,658.0,True
coronavirus_like,0,100,4,64650,1,False,True,True,7183,2068.0,297.0,True
coronavirus_like,0,100,4,64961,1,False,True,True,13253,2892.0,1526.0,True
coronavirus_like,0,100,4,66111,1,False,True,True,4238,834.0,154.0,True
coronavirus_like,0,100,4,67335,2,False,True,True,13922,273.0,33.0,True
coronavirus_like,0,100,4,67663,2,False,True,True,25766,1554.0,272.0,True
coronavirus_like,0,100,4,68039,1,False,True,False,1121,,,
coronavirus_like,0,100,4,68167,1,False,True,True,3588,779.0,749.0,True
coronavirus_like,0,100,4,68603,1,False,True,True,15796,580.0,325.0,True
coronavirus_like,0,100,4,69193,34,False,True,True,13882,1268.0,897.0,True
coronavirus_like,0,100,4,70103,1,True,True,True,4199,527.0,138.0,True
coronavirus_like,0,100,4,70230,1,False,True,True,1644,1887.0,1715.0,True
coronavirus_like,0,100,4,70248,2,False,True,True,25939,61.0,40.0,True
coronavirus_like,0,100,4,70356,2,False,True,True,26275,2191.0,1228.0,True
coronavirus_like,0,100,4,70719,1,True,True,True,10172,1886.0,1114.0,True
coronavirus_like,0,100,4,72872,2,False,True,True,12011,1473.0,225.0,True
coronavirus_like,0,100,4,73844,2,False,True,True,25192,191.0,112.0,True
coronavirus_like,0,100,4,73985,3,False,True,True,22272,1089.0,256.0,True
coronavirus_like,0,100,4,74180,1,False,True,True,23765,424.0,270.0,True
coronavirus_like,0,100,4,74533,1,False,True,True,19111,1492.0,1388.0,True
coronavirus_like,0,100,4,75602,2,False,True,False,3211,,,
coronavirus_like,0,100,4,75976,1,False,True,True,21620,984.0,792.0,True
coronavirus_like,0,100,4,76817,12,False,True,True,24913,165.0,145.0,True
coronavirus_like,0,100,4,76854,1,False,True,True,26966,380.0,25.0,True
coronavirus_like,0,100,4,77447,1,False,True,True,19355,570.0,558.0,True
coronavirus_like,0,100,4,78478,1,False,True,True,9269,430.0,322.0,True
coronavirus_like,0,100,4,78479,1,True,True,True,28132,3095.0,594.0,True
coronavirus_like,0,100,4,78658,1,False,True,True,28104,379.0,252.0,True
coronavirus_like,0,100,4,79044,1,True,True,True,21189,2652.0,2253.0,True
coronavirus_like,0,100,4,79926,1,False,True,True,10806,2163.0,949.0,True
coronavirus_like,0,100,4,80090,1,True,True,True,26670,1114.0,873.0,True
coronavirus_like,0,100,4,81067,1,False,True,True,26881,1994.0,1290.0,True
coronavirus_like,0,100,4,82463,1,True,True,True,24460,1294.0,95.0,True
coronavirus_like,0,100,4,83009,1,True,True,True,5009,439.0,322.0,True
coronavirus_like,0,100,4,83075,1,False,True,True,16722,1857.0,1582.0,True
coronavirus_like,0,100,4,83138,1,False,True,True,2012,1853.0,1530.0,True
coronavirus_like,0,100,4,83230,1,False,True,True,15705,250.0,225.0,True
coronavirus_like,0,100,4,83445,1,False,True,True,2394,260.0,181.0,True
coronavirus_like,0,100,4,83656,3,False,True,True,22301,591.0,387.0,True
coronavirus_like,0,100,4,83880,1,True,True,False,12243,,,
coronavirus_like,0,100,4,83904,10,False,True,False,29704,,,
coronavirus_like,0,100,4,85382,2,False,True,False,1992,,,
coronavirus_like,0,100,4,86906,1,False,True,True,4768,401.0,383.0,True
coronavirus_like,0,100,4,87151,4,False,True,True,6859,3517.0,2070.0,True
coronavirus_like,0,100,4,87427,1,False,True,False,92,,,
coronavirus_like,0,100,4,87538,1,True,True,False,29409,,,
coronavirus_like,0,100,4,88240,1,False,True,True,12794,1623.0,716.0,True
coronavirus_like,0,100,4,89379,2,False,True,True,7947,1170.0,806.0,True
coronavirus_like,0,100,4,89584,1,True,True,True,13100,1623.0,410.0,True
coronavirus_like,0,100,4,89665,1,False,True,True,13276,354.0,246.0,True
coronavirus_like,0,100,4,90886,1,False,True,True,23476,333.0,261.0,True
coronavirus_like,0,100,4,92354,2,False,True,True,19418,916.0,137.0,True
coronavirus_like,0,100,4,92464,3,False,True,True,20269,503.0,230.0,True
coronavirus_like,0,100,4,92715,9,False,True,True,20374,464.0,38.0,True
coronavirus_like,0,100,4,94539,4,False,True,True,12732,1130.0,154.0,True
coronavirus_like,0,100,4,94994,2,False,True,True,17793,854.0,845.0,True
coronavirus_like,0,100,4,95567,1,True,True,True,28387,399.0,184.0,True
coronavirus_like,0,100,4,96665,1,True,True,True,9451,146.0,118.0,True
coronavirus_like,0,100,4,99839,8,False,True,True,26334,644.0,349.0,True
coronavirus_like,0,100,4,100022,6,False,True,True,11282,618.0,473.0,True
coronavirus_like,0,100,4,100423,2,False,True,True,9824,1111.0,944.0,True
coronavirus_like,0,100,4,101075,1,True,True,True,19403,567.0,544.0,True
coronavirus_like,0,100,4,101327,1,True,True,True,26065,510.0,363.0,True
coronavirus_like,0,100,4,101808,1,False,True,True,24270,959.0,181.0,True
coronavirus_like,0,100,4,102056,2,False,True,False,28404,,,
coronavirus_like,0,100,4,103256,2,False,True,True,14249,1191.0,530.0,True
coronavirus_like,0,100,4,103572,1,False,True,True,19098,1145.0,1054.0,True
coronavirus_like,0,100,4,104099,1,False,True,True,3641,129.0,31.0,True
coronavirus_like,0,100,4,104189,2,False,True,True,17355,445.0,74.0,True
coronavirus_like,0,100,4,104886,1,False,True,True,6633,582.0,422.0,True
coronavirus_like,0,100,4,105897,1,False,True,True,10123,494.0,99.0,True
coronavirus_like,0,100,4,106701,1,False,True,True,22039,794.0,478.0,True
coronavirus_like,0,100,4,106711,4,False,True,True,3528,302.0,142.0,True
coronavirus_like,0,100,4,106971,4,False,True,True,9728,191.0,121.0,True
coronavirus_like,0,100,4,107890,3,False,True,True,14866,304.0,218.0,True
coronavirus_like,0,100,4,109086,1,True,True,True,17554,894.0,444.0,True
coronavirus_like,0,100,4,109141,1,True,True,True,2758,1335.0,266.0,True
coronavirus_like,0,100,4,109539,6,False,True,True,20360,378.0,262.0,True
coronavirus_like,0,100,4,109811,1,False,True,True,18559,307.0,53.0,True
coronavirus_like,0,100,4,110036,1,False,True,True,22876,809.0,734.0,True
coronavirus_like,0,100,4,110175,1,False,True,True,23553,809.0,57.0,True
coronavirus_like,0,100,4,110868,1,False,True,True,8355,424.0,122.0,True
coronavirus_like,0,100,4,111755,4,False,False,False,70,,,
coronavirus_like,0,100,4,113980,2,False,True,True,2047,1468.0,1223.0,True
coronavirus_like,0,100,4,115476,1,True,True,True,12749,152.0,103.0,True
coronavirus_like,0,100,4,115938,4,False,True,True,5765,1106.0,91.0,True
coronavirus_like,0,100,4,116206,2,False,True,False,29332,,,
coronavirus_like,0,100,4,116213,4,False,True,True,3717,689.0,366.0,True
coronavirus_like,0,100,4,116635,5,False,True,True,17042,1257.0,243.0,True
coronavirus_like,0,100,4,116850,1,False,True,True,23605,99.0,38.0,True
coronavirus_like,0,100,4,118251,1,False,True,True,15009,994.0,531.0,True
coronavirus_like,0,100,4,120497,1,False,True,True,25639,419.0,399.0,True
coronavirus_like,0,100,4,120721,2,False,True,True,8348,261.0,130.0,True
coronavirus_like,0,100,4,120928,7,False,False,False,159,,,
coronavirus_like,0,100,4,121088,1,False,True,True,7048,490.0,62.0,True
coronavirus_like,0,100,4,121356,1,True,True,True,16799,736.0,184.0,True
coronavirus_like,0,100,4,121545,1,False,True,True,23799,925.0,326.0,True
coronavirus_like,0,100,4,121901,1,False,True,False,19791,,,
coronavirus_like,0,100,4,122287,1,True,True,True,11071,520.0,218.0,True
coronavirus_like,0,100,4,122314,7,False,True,True,6348,1052.0,501.0,True
coronavirus_like,0,100,4,122546,1,True,True,True,21550,384.0,172.0,True
coronavirus_like,0,100,4,123209,6,False,True,True,23712,132.0,86.0,True
coronavirus_like,0,100,4,123444,1,True,True,True,18914,286.0,92.0,True
coronavirus_like,0,100,4,123556,1,False,True,True,26759,1461.0,232.0,True
coronavirus_like,0,100,4,124138,1,True,True,True,17320,1433.0,439.0,True
coronavirus_like,0,100,4,124234,1,False,True,True,24618,441.0,275.0,True
coronavirus_like,0,100,4,124968,6,False,True,True,16387,1263.0,802.0,True
coronavirus_like,0,100,4,124991,1,False,True,True,7619,182.0,56.0,True
coronavirus_like,0,100,4,125205,1,False,True,True,3316,1541.0,813.0,True
coronavirus_like,0,100,4,126393,1,True,True,True,5328,846.0,365.0,True
coronavirus_like,0,100,4,126414,47,False,True,True,3935,1557.0,148.0,True
coronavirus_like,0,100,4,126859,2,False,True,True,14763,347.0,241.0,True
coronavirus_like,0,100,4,127140,1,False,True,True,9660,312.0,43.0,True
coronavirus_like,0,100,4,127646,3,False,True,False,164,,,
coronavirus_like,0,100,4,128638,1,True,True,True,27737,514.0,314.0,True
coronavirus_like,0,100,4,128698,1,False,True,True,14994,458.0,10.0,True
coronavirus_like,0,100,4,131415,1,False,True,True,4217,435.0,394.0,True
coronavirus_like,0,100,4,131988,6,False,True,True,17490,418.0,269.0,True
coronavirus_like,0,100,4,132077,2,False,True,True,15897,395.0,118.0,True
coronavirus_like,0,100,4,132655,1,False,True,True,24634,202.0,52.0,True
coronavirus_like,0,100,4,132766,1,True,True,True,2586,891.0,620.0,True
coronavirus_like,0,100,4,134031,1,False,True,True,22470,1237.0,206.0,True
coronavirus_like,0,100,4,135558,7,False,True,False,28699,,,
coronavirus_like,0,100,4,135905,1,True,True,True,1122,2477.0,2420.0,True
coronavirus_like,0,100,4,137652,1,True,True,True,17088,1225.0,918.0,True
coronavirus_like,0,100,4,137909,1,True,True,True,25401,94.0,5.0,True
coronavirus_like,0,100,4,138101,1,False,True,True,28224,78.0,72.0,True
coronavirus_like,0,100,4,138153,1,True,True,True,26100,328.0,27.0,True
coronavirus_like,0,100,4,138929,1,False,True,True,13471,1440.0,81.0,True
coronavirus_like,0,100,4,139027,3,False,True,True,20344,346.0,155.0,True
coronavirus_like,0,100,4,139488,1,False,True,True,12474,427.0,359.0,True
coronavirus_like,0,100,4,139503,2,False,True,True,11124,1400.0,165.0,True
coronavirus_like,0,100,4,139802,3,False,True,True,26646,1299.0,654.0,True
coronavirus_like,0,100,4,140815,1,True,True,True,15637,353.0,226.0,True
coronavirus_like,0,100,4,143377,1,False,True,True,23647,263.0,189.0,True
coronavirus_like,0,100,4,143640,1,False,True,False,28906,,,
coronavirus_like,0,100,4,144154,1,False,True,True,10424,99.0,62.0,True
coronavirus_like,0,100,4,144702,1,True,True,True,21838,836.0,733.0,True
coronavirus_like,0,100,4,145537,1,False,True,True,3944,607.0,456.0,True
coronavirus_like,0,100,4,145804,1,True,True,True,18551,988.0,436.0,True
coronavirus_like,0,100,4,146305,5,False,True,True,14874,232.0,64.0,True
coronavirus_like,0,100,4,146401,1,False,True,True,27951,1612.0,345.0,True
coronavirus_like,0,100,4,147074,5,False,True,True,5877,175.0,160.0,True
coronavirus_like,0,100,4,147903,1,False,True,True,28170,856.0,36.0,True
coronavirus_like,0,100,4,148744,10,False,True,True,13754,1399.0,160.0,True
coronavirus_like,0,100,4,148842,1,False,False,False,26309,,,
coronavirus_like,0,100,4,149229,1,False,True,True,6126,1040.0,597.0,True
coronavirus_like,0,100,4,150077,5,False,True,True,26886,154.0,29.0,True
coronavirus_like,0,100,4,150520,2,False,True,True,24103,1317.0,380.0,True
coronavirus_like,0,100,4,151663,1,False,True,True,18316,980.0,229.0,True
coronavirus_like,0,100,4,152511,16,False,True,True,8599,148.0,74.0,True
coronavirus_like,0,100,4,152590,1,False,True,True,17156,1788.0,717.0,True
coronavirus_like,0,100,4,152623,1,False,True,True,28320,26.0,3.0,True
coronavirus_like,0,100,4,152964,3,False,True,False,8368,,,
coronavirus_like,0,100,4,153003,3,False,True,False,29853,,,
coronavirus_like,0,100,4,153609,3,False,True,True,2300,468.0,20.0,True
coronavirus_like,0,100,4,154235,1,True,True,True,4107,546.0,230.0,True
coronavirus_like,0,100,4,154568,15,False,True,True,20483,547.0,359.0,True
coronavirus_like,0,100,4,154904,1,False,False,False,145,,,
coronavirus_like,0,100,4,154907,2,False,False,False,29472,,,
coronavirus_like,0,100,4,155360,1,False,True,True,18138,611.0,588.0,True
coronavirus_like,0,100,4,155629,6,False,True,True,8422,283.0,228.0,True
coronavirus_like,0,100,4,155662,18,False,True,True,14846,463.0,20.0,True
coronavirus_like,0,100,4,157855,1,True,True,True,7666,543.0,202.0,True
coronavirus_like,0,100,4,159183,5,False,True,True,21026,501.0,412.0,True
coronavirus_like,0,100,4,159380,2,False,True,True,6484,191.0,53.0,True
coronavirus_like,0,100,4,160466,1,False,True,True,22538,399.0,5.0,True
coronavirus_like,0,100,4,161773,1,True,True,True,13454,354.0,241.0,True
coronavirus_like,0,100,4,162038,3,False,True,True,12586,299.0,284.0,True
coronavirus_like,0,100,4,162176,1,True,True,True,19018,113.0,102.0,True
coronavirus_like,0,100,4,163624,1,False,True,True,20861,724.0,203.0,True
coronavirus_like,0,100,4,164223,1,False,True,True,10237,101.0,4.0,True
coronavirus_like,0,100,4,164278,1,False,True,True,25604,50.0,8.0,True
coronavirus_like,0,100,4,165401,1,False,True,True,21834,894.0,578.0,True
coronavirus_like,0,100,4,165951,1,False,True,True,7592,356.0,348.0,True
coronavirus_like,0,100,4,166925,2,False,True,False,26552,,,
coronavirus_like,0,100,4,167463,3,False,True,True,21425,46.0,13.0,True
coronavirus_like,0,100,4,167627,1,False,True,True,10357,491.0,373.0,True
coronavirus_like,0,100,4,167684,1,True,True,True,20152,227.0,0.0,True
coronavirus_like,0,100,4,168025,6,False,True,True,13997,888.0,537.0,True
coronavirus_like,0,100,4,168462,1,False,True,True,2969,96.0,12.0,True
coronavirus_like,0,100,4,170312,1,False,True,True,2931,187.0,141.0,True
coronavirus_like,0,100,4,170790,1,False,True,True,697,363.0,257.0,True
coronavirus_like,0,100,4,171163,7,False,True,True,16447,393.0,193.0,True
coronavirus_like,0,100,4,174122,1,False,True,True,18797,137.0,68.0,True
coronavirus_like,0,100,4,174233,3,False,True,True,20300,459.0,199.0,True
coronavirus_like,0,100,4,174915,1,False,True,True,15919,533.0,292.0,True
coronavirus_like,0,100,4,175561,6,False,True,True,12201,1055.0,978.0,True
coronavirus_like,0,100,4,175682,1,False,True,True,10287,1147.0,588.0,True
coronavirus_like,0,100,4,175979,1,False,True,True,26504,1074.0,645.0,True
coronavirus_like,0,100,4,176590,1,False,True,True,23259,326.0,284.0,True
coronavirus_like,0,100,4,177068,1,False,True,True,13396,519.0,304.0,True
coronavirus_like,0,100,4,177302,1,False,True,True,9043,227.0,151.0,True
coronavirus_like,0,100,4,177753,2,False,True,True,22139,754.0,120.0,True
coronavirus_like,0,100,4,178198,1,False,True,True,20595,596.0,514.0,True
coronavirus_like,0,100,4,178564,1,False,True,True,7660,467.0,412.0,True
coronavirus_like,0,100,4,178818,1,True,True,True,21759,329.0,292.0,True
coronavirus_like,0,100,4,179263,1,True,True,True,6578,429.0,347.0,True
coronavirus_like,0,100,4,180149,1,False,True,True,14964,346.0,88.0,True
coronavirus_like,0,100,4,180920,1,False,True,True,8155,361.0,16.0,True
coronavirus_like,0,100,4,181051,1,False,True,True,1558,1228.0,556.0,True
coronavirus_like,0,100,4,181784,1,False,True,True,23240,1109.0,35.0,True
coronavirus_like,0,100,4,183132,1,True,True,True,11837,1121.0,523.0,True
coronavirus_like,0,100,5,16,1,True,True,False,9372,,,
coronavirus_like,0,100,5,24,1,True,True,False,8522,,,
coronavirus_like,0,100,5,43,1,True,False,False,27613,,,
coronavirus_like,0,100,5,257,1,True,True,False,11955,,,
coronavirus_like,0,100,5,446,1,True,True,False,18446,,,
coronavirus_like,0,100,5,499,1,True,True,False,19390,,,
coronavirus_like,0,100,5,2286,1,True,True,False,22345,,,
coronavirus_like,0,100,5,3121,1,False,True,False,15205,,,
coronavirus_like,0,100,5,3669,1,False,True,False,9568,,,
coronavirus_like,0,100,5,4679,4,False,True,False,24962,,,
coronavirus_like,0,100,5,4891,1,False,True,False,11712,,,
coronavirus_like,0,100,5,5446,1,True,True,False,25558,,,
coronavirus_like,0,100,5,5825,6,False,True,False,16365,,,
coronavirus_like,0,100,5,5944,1,False,True,False,15703,,,
coronavirus_like,0,100,5,5964,1,True,True,False,10246,,,
coronavirus_like,0,100,5,7589,1,True,True,False,20494,,,
coronavirus_like,0,100,5,7821,2,False,True,False,25752,,,
coronavirus_like,0,100,5,7830,2,False,True,False,18510,,,
coronavirus_like,0,100,5,8993,1,False,True,True,11872,3294.0,3883.0,False
coronavirus_like,0,100,5,9245,2,False,True,False,12868,,,
coronavirus_like,0,100,5,9281,1,False,True,False,18923,,,
coronavirus_like,0,100,5,9808,1,False,False,False,25060,,,
coronavirus_like,0,100,5,10286,1,False,False,False,771,,,
coronavirus_like,0,100,5,10749,1,False,True,False,7204,,,
coronavirus_like,0,100,5,11677,4,False,True,False,5698,,,
coronavirus_like,0,100,5,11686,1,False,True,True,8910,4230.0,2305.0,True
coronavirus_like,0,100,5,11925,1,True,True,False,21520,,,
coronavirus_like,0,100,5,13241,5,False,True,False,26471,,,
coronavirus_like,0,100,5,13340,1,False,True,False,10698,,,
coronavirus_like,0,100,5,13568,1,True,True,False,8000,,,
coronavirus_like,0,100,5,13622,1,False,True,False,6741,,,
coronavirus_like,0,100,5,13633,1,True,True,False,29229,,,
coronavirus_like,0,100,5,14987,1,True,True,False,3687,,,
coronavirus_like,0,100,5,14992,2,False,True,True,16974,1419.0,1069.0,True
coronavirus_like,0,100,5,15016,1,False,True,False,16446,,,
coronavirus_like,0,100,5,15238,1,True,True,False,4693,,,
coronavirus_like,0,100,5,15532,1,True,True,True,17600,3607.0,2410.0,True
coronavirus_like,0,100,5,16143,1,True,True,False,29247,,,
coronavirus_like,0,100,5,16506,7,False,True,True,10407,1610.0,808.0,True
coronavirus_like,0,100,5,16901,4,False,True,False,16091,,,
coronavirus_like,0,100,5,17122,1,True,False,False,581,,,
coronavirus_like,0,100,5,17170,4,False,True,False,4881,,,
coronavirus_like,0,100,5,17281,1,False,True,False,25735,,,
coronavirus_like,0,100,5,18249,7,False,True,True,11805,4970.0,4381.0,True
coronavirus_like,0,100,5,18876,18,False,True,False,15064,,,
coronavirus_like,0,100,5,19653,1,False,True,True,15068,2346.0,827.0,True
coronavirus_like,0,100,5,19704,1,True,True,False,7488,,,
coronavirus_like,0,100,5,20212,2,False,True,True,20100,1806.0,234.0,True
coronavirus_like,0,100,5,20370,5,False,True,False,2400,,,
coronavirus_like,0,100,5,20834,1,False,True,True,15692,1693.0,-1148.0,False
coronavirus_like,0,100,5,21820,3,False,True,False,995,,,
coronavirus_like,0,100,5,21877,3,False,True,False,27822,,,
coronavirus_like,0,100,5,23363,1,False,True,False,28594,,,
coronavirus_like,0,100,5,23944,2,False,True,True,12911,4144.0,2989.0,True
coronavirus_like,0,100,5,24235,1,True,False,False,4086,,,
coronavirus_like,0,100,5,24259,2,False,True,True,22539,2840.0,1729.0,True
coronavirus_like,0,100,5,25101,1,False,True,True,14727,864.0,386.0,True
coronavirus_like,0,100,5,25901,1,True,True,False,1163,,,
coronavirus_like,0,100,5,26693,1,False,True,True,16127,440.0,283.0,True
coronavirus_like,0,100,5,27164,8,False,True,True,13123,6737.0,2093.0,True
coronavirus_like,0,100,5,27608,1,False,True,True,4791,2316.0,1863.0,True
coronavirus_like,0,100,5,27835,1,False,True,False,1918,,,
coronavirus_like,0,100,5,28099,1,False,True,True,17042,2679.0,566.0,True
coronavirus_like,0,100,5,29832,3,False,True,True,6128,2347.0,1316.0,True
coronavirus_like,0,100,5,30186,8,False,True,False,18681,,,
coronavirus_like,0,100,5,30493,7,False,True,True,20724,3195.0,51.0,True
coronavirus_like,0,100,5,30640,1,False,True,False,8976,,,
coronavirus_like,0,100,5,31083,1,True,True,False,29066,,,
coronavirus_like,0,100,5,31671,1,False,True,True,7297,1189.0,147.0,True
coronavirus_like,0,100,5,31815,4,False,True,True,19370,386.0,23.0,True
coronavirus_like,0,100,5,33511,1,False,True,True,12281,2025.0,263.0,True
coronavirus_like,0,100,5,33637,1,False,True,True,10907,1099.0,825.0,True
coronavirus_like,0,100,5,33829,4,False,True,True,8591,3717.0,1712.0,True
coronavirus_like,0,100,5,33964,1,True,True,False,29601,,,
coronavirus_like,0,100,5,34387,2,False,True,True,15009,1598.0,838.0,True
coronavirus_like,0,100,5,35338,1,True,True,False,6730,,,
coronavirus_like,0,100,5,35365,1,False,True,True,19025,3779.0,505.0,True
coronavirus_like,0,100,5,35963,3,False,True,True,26323,792.0,-15724.0,False
coronavirus_like,0,100,5,36094,1,False,True,True,7688,1457.0,1406.0,True
coronavirus_like,0,100,5,36318,1,True,True,True,20372,349.0,86.0,True
coronavirus_like,0,100,5,36384,1,False,True,False,28213,,,
coronavirus_like,0,100,5,36457,1,False,True,True,9943,2506.0,2246.0,True
coronavirus_like,0,100,5,37003,1,True,True,True,22187,1080.0,3.0,True
coronavirus_like,0,100,5,37632,1,False,True,True,19040,4833.0,339.0,True
coronavirus_like,0,100,5,37969,2,False,True,True,1059,2506.0,11130.0,False
coronavirus_like,0,100,5,38104,1,False,True,True,6500,2475.0,1072.0,True
coronavirus_like,0,100,5,38659,7,False,True,True,7810,5406.0,5040.0,True
coronavirus_like,0,100,5,39350,1,True,True,False,27063,,,
coronavirus_like,0,100,5,39613,1,True,True,True,12726,5406.0,124.0,True
coronavirus_like,0,100,5,39711,1,False,True,True,14432,871.0,347.0,True
coronavirus_like,0,100,5,40070,1,True,True,True,12168,4363.0,1787.0,True
coronavirus_like,0,100,5,40127,9,False,True,True,19756,3160.0,1549.0,True
coronavirus_like,0,100,5,41194,1,False,True,True,19770,3866.0,2425.0,True
coronavirus_like,0,100,5,41839,1,False,True,True,27291,2191.0,212.0,True
coronavirus_like,0,100,5,41941,3,False,True,True,10548,2506.0,1641.0,True
coronavirus_like,0,100,5,42532,1,False,True,True,18737,3831.0,2302.0,True
coronavirus_like,0,100,5,42990,1,False,True,True,16988,1132.0,503.0,True
coronavirus_like,0,100,5,43183,7,False,True,True,21713,342.0,226.0,True
coronavirus_like,0,100,5,43380,2,False,True,True,14528,2919.0,17.0,True
coronavirus_like,0,100,5,43506,1,False,True,True,10023,722.0,303.0,True
coronavirus_like,0,100,5,43607,1,False,True,False,26037,,,
coronavirus_like,0,100,5,43616,7,False,True,False,2919,,,
coronavirus_like,0,100,5,43746,1,False,True,True,17302,1186.0,731.0,True
coronavirus_like,0,100,5,44184,1,True,True,True,13105,2651.0,1433.0,True
coronavirus_like,0,100,5,45449,2,False,True,False,7463,,,
coronavirus_like,0,100,5,45591,20,False,True,False,26590,,,
coronavirus_like,0,100,5,45971,2,False,True,False,25916,,,
coronavirus_like,0,100,5,46140,1,False,True,True,11457,3554.0,2498.0,True
coronavirus_like,0,100,5,47648,1,True,True,True,13977,713.0,692.0,True
coronavirus_like,0,100,5,48537,1,False,True,True,12727,1260.0,388.0,True
coronavirus_like,0,100,5,48706,1,True,True,True,13392,870.0,533.0,True
coronavirus_like,0,100,5,48788,2,False,True,False,28842,,,
coronavirus_like,0,100,5,48924,3,False,True,True,10923,255.0,101.0,True
coronavirus_like,0,100,5,49161,1,False,True,False,28459,,,
coronavirus_like,0,100,5,49326,1,False,True,True,13360,1256.0,86.0,True
coronavirus_like,0,100,5,49897,2,False,True,True,20660,2308.0,286.0,True
coronavirus_like,0,100,5,49986,1,True,True,False,5863,,,
coronavirus_like,0,100,5,50245,1,False,True,False,28054,,,
coronavirus_like,0,100,5,50637,5,False,True,True,23108,1601.0,1011.0,True
coronavirus_like,0,100,5,52067,1,True,True,False,2316,,,
coronavirus_like,0,100,5,52607,1,True,True,False,27752,,,
coronavirus_like,0,100,5,52835,1,False,True,True,11624,965.0,108.0,True
coronavirus_like,0,100,5,53173,3,False,True,False,2913,,,
coronavirus_like,0,100,5,53732,1,False,True,True,24818,318.0,101.0,True
coronavirus_like,0,100,5,53792,1,False,True,True,19381,545.0,145.0,True
coronavirus_like,0,100,5,55728,2,False,True,True,11147,,,
coronavirus_like,0,100,5,55777,1,True,True,True,16445,1603.0,1561.0,True
coronavirus_like,0,100,5,56531,1,True,True,True,10965,2291.0,1727.0,True
coronavirus_like,0,100,5,56580,1,False,True,False,27368,,,
coronavirus_like,0,100,5,56806,1,True,True,False,2068,,,
coronavirus_like,0,100,5,57017,1,False,True,True,4997,450.0,414.0,True
coronavirus_like,0,100,5,57104,1,False,True,True,21509,1250.0,1169.0,True
coronavirus_like,0,100,5,57587,1,False,True,True,13307,777.0,687.0,True
coronavirus_like,0,100,5,57722,1,False,True,True,14673,1871.0,1227.0,True
coronavirus_like,0,100,5,58019,1,False,True,True,17123,536.0,84.0,True
coronavirus_like,0,100,5,59082,1,True,True,False,22598,,,
coronavirus_like,0,100,5,59242,2,False,True,True,11269,5201.0,2686.0,True
coronavirus_like,0,100,5,59537,1,False,True,True,2998,405.0,26.0,True
coronavirus_like,0,100,5,60402,2,False,True,True,16647,2995.0,1501.0,True
coronavirus_like,0,100,5,60580,1,False,True,True,21953,1019.0,594.0,True
coronavirus_like,0,100,5,61042,1,True,True,True,15935,1312.0,157.0,True
coronavirus_like,0,100,5,61384,1,True,True,True,7775,330.0,36.0,True
coronavirus_like,0,100,5,62222,3,False,True,False,2929,,,
coronavirus_like,0,100,5,62972,1,False,True,True,23668,1310.0,1085.0,True
coronavirus_like,0,100,5,63300,1,False,True,True,20855,1503.0,233.0,True
coronavirus_like,0,100,5,63313,1,False,True,True,27439,1056.0,609.0,True
coronavirus_like,0,100,5,63319,1,False,True,True,24283,2080.0,345.0,True
coronavirus_like,0,100,5,64003,9,False,True,True,14753,458.0,251.0,True
coronavirus_like,0,100,5,64462,1,False,True,True,19337,2681.0,658.0,True
coronavirus_like,0,100,5,64650,1,False,True,True,7183,2068.0,297.0,True
coronavirus_like,0,100,5,64961,1,False,True,True,13253,2892.0,1526.0,True
coronavirus_like,0,100,5,66111,1,False,True,True,4238,834.0,154.0,True
coronavirus_like,0,100,5,67335,2,False,True,True,13922,273.0,33.0,True
coronavirus_like,0,100,5,67663,2,False,True,True,25766,1554.0,272.0,True
coronavirus_like,0,100,5,68039,1,False,True,False,1121,,,
coronavirus_like,0,100,5,68167,1,False,True,False,3588,,,
coronavirus_like,0,100,5,68603,1,False,True,True,15796,580.0,325.0,True
coronavirus_like,0,100,5,69193,34,False,True,True,13882,1268.0,897.0,True
coronavirus_like,0,100,5,70103,1,True,True,True,4199,527.0,138.0,True
coronavirus_like,0,100,5,70230,1,False,True,True,1644,1887.0,1715.0,True
coronavirus_like,0,100,5,70248,2,False,True,True,25939,61.0,40.0,True
coronavirus_like,0,100,5,70356,2,False,True,True,26275,2191.0,1228.0,True
coronavirus_like,0,100,5,70719,1,True,True,True,10172,1886.0,1114.0,True
coronavirus_like,0,100,5,72872,2,False,True,True,12011,1473.0,225.0,True
coronavirus_like,0,100,5,73844,2,False,True,True,25192,191.0,112.0,True
coronavirus_like,0,100,5,73985,3,False,True,True,22272,1089.0,256.0,True
coronavirus_like,0,100,5,74180,1,False,True,True,23765,424.0,270.0,True
coronavirus_like,0,100,5,74533,1,False,True,True,19111,1492.0,1388.0,True
coronavirus_like,0,100,5,75602,2,False,True,False,3211,,,
coronavirus_like,0,100,5,75976,1,False,True,True,21620,984.0,792.0,True
coronavirus_like,0,100,5,76817,12,False,True,True,24913,165.0,145.0,True
coronavirus_like,0,100,5,76854,1,False,True,True,26966,380.0,25.0,True
coronavirus_like,0,100,5,77447,1,False,True,True,19355,570.0,558.0,True
coronavirus_like,0,100,5,78478,1,False,True,True,9269,430.0,322.0,True
coronavirus_like,0,100,5,78479,1,True,True,True,28132,3095.0,594.0,True
coronavirus_like,0,100,5,78658,1,False,True,True,28104,379.0,252.0,True
coronavirus_like,0,100,5,79044,1,True,True,True,21189,2652.0,2253.0,True
coronavirus_like,0,100,5,79926,1,False,True,True,10806,2163.0,949.0,True
coronavirus_like,0,100,5,80090,1,True,True,False,26670,,,
coronavirus_like,0,100,5,81067,1,False,True,False,26881,,,
coronavirus_like,0,100,5,82463,1,True,True,True,24460,1294.0,95.0,True
coronavirus_like,0,100,5,83009,1,True,True,True,5009,439.0,322.0,True
coronavirus_like,0,100,5,83075,1,False,True,True,16722,1857.0,1582.0,True
coronavirus_like,0,100,5,83138,1,False,True,True,2012,1853.0,1530.0,True
coronavirus_like,0,100,5,83230,1,False,True,True,15705,250.0,225.0,True
coronavirus_like,0,100,5,83445,1,False,True,True,2394,260.0,181.0,True
coronavirus_like,0,100,5,83656,3,False,True,True,22301,591.0,387.0,True
coronavirus_like,0,100,5,83880,1,True,True,False,12243,,,
coronavirus_like,0,100,5,83904,10,False,True,False,29704,,,
coronavirus_like,0,100,5,85382,2,False,True,False,1992,,,
coronavirus_like,0,100,5,86906,1,False,True,True,4768,401.0,383.0,True
coronavirus_like,0,100,5,87151,4,False,True,True,6859,3517.0,2070.0,True
coronavirus_like,0,100,5,87427,1,False,True,False,92,,,
coronavirus_like,0,100,5,87538,1,True,True,False,29409,,,
coronavirus_like,0,100,5,88240,1,False,True,True,12794,1623.0,716.0,True
coronavirus_like,0,100,5,89379,2,False,True,True,7947,1170.0,806.0,True
coronavirus_like,0,100,5,89584,1,True,True,True,13100,1623.0,410.0,True
coronavirus_like,0,100,5,89665,1,False,True,True,13276,354.0,246.0,True
coronavirus_like,0,100,5,90886,1,False,True,True,23476,333.0,261.0,True
coronavirus_like,0,100,5,92354,2,False,True,True,19418,916.0,137.0,True
coronavirus_like,0,100,5,92464,3,False,True,True,20269,503.0,230.0,True
coronavirus_like,0,100,5,92715,9,False,True,True,20374,464.0,38.0,True
coronavirus_like,0,100,5,94539,4,False,True,True,12732,1130.0,154.0,True
coronavirus_like,0,100,5,94994,2,False,True,True,17793,854.0,845.0,True
coronavirus_like,0,100,5,95567,1,True,True,True,28387,399.0,184.0,True
coronavirus_like,0,100,5,96665,1,True,True,True,9451,146.0,118.0,True
coronavirus_like,0,100,5,99839,8,False,True,True,26334,644.0,349.0,True
coronavirus_like,0,100,5,100022,6,False,True,True,11282,618.0,473.0,True
coronavirus_like,0,100,5,100423,2,False,True,True,9824,1111.0,944.0,True
coronavirus_like,0,100,5,101075,1,True,True,True,19403,567.0,544.0,True
coronavirus_like,0,100,5,101327,1,True,True,True,26065,510.0,363.0,True
coronavirus_like,0,100,5,101808,1,False,True,True,24270,959.0,181.0,True
coronavirus_like,0,100,5,102056,2,False,True,False,28404,,,
coronavirus_like,0,100,5,103256,2,False,True,True,14249,1191.0,530.0,True
coronavirus_like,0,100,5,103572,1,False,True,True,19098,1145.0,1054.0,True
coronavirus_like,0,100,5,104099,1,False,True,True,3641,129.0,31.0,True
coronavirus_like,0,100,5,104189,2,False,True,True,17355,445.0,74.0,True
coronavirus_like,0,100,5,104886,1,False,True,True,6633,582.0,422.0,True
coronavirus_like,0,100,5,105897,1,False,True,True,10123,494.0,99.0,True
coronavirus_like,0,100,5,106701,1,False,True,True,22039,794.0,478.0,True
coronavirus_like,0,100,5,106711,4,False,True,True,3528,302.0,142.0,True
coronavirus_like,0,100,5,106971,4,False,True,True,9728,191.0,121.0,True
coronavirus_like,0,100,5,107890,3,False,True,True,14866,304.0,218.0,True
coronavirus_like,0,100,5,109086,1,True,True,True,17554,894.0,444.0,True
coronavirus_like,0,100,5,109141,1,True,True,False,2758,,,
coronavirus_like,0,100,5,109539,6,False,True,True,20360,378.0,262.0,True
coronavirus_like,0,100,5,109811,1,False,True,True,18559,307.0,53.0,True
coronavirus_like,0,100,5,110036,1,False,True,True,22876,809.0,734.0,True
coronavirus_like,0,100,5,110175,1,False,True,True,23553,809.0,57.0,True
coronavirus_like,0,100,5,110868,1,False,True,True,8355,424.0,122.0,True
coronavirus_like,0,100,5,111755,4,False,False,False,70,,,
coronavirus_like,0,100,5,113980,2,False,True,True,2047,1468.0,1223.0,True
coronavirus_like,0,100,5,115476,1,True,True,True,12749,152.0,103.0,True
coronavirus_like,0,100,5,115938,4,False,True,True,5765,1106.0,91.0,True
coronavirus_like,0,100,5,116206,2,False,True,False,29332,,,
coronavirus_like,0,100,5,116213,4,False,True,True,3717,689.0,366.0,True
coronavirus_like,0,100,5,116635,5,False,True,True,17042,1257.0,243.0,True
coronavirus_like,0,100,5,116850,1,False,True,True,23605,99.0,38.0,True
coronavirus_like,0,100,5,118251,1,False,True,True,15009,994.0,531.0,True
coronavirus_like,0,100,5,120497,1,False,True,True,25639,419.0,399.0,True
coronavirus_like,0,100,5,120721,2,False,True,True,8348,261.0,130.0,True
coronavirus_like,0,100,5,120928,7,False,False,False,159,,,
coronavirus_like,0,100,5,121088,1,False,True,True,7048,490.0,62.0,True
coronavirus_like,0,100,5,121356,1,True,True,True,16799,736.0,184.0,True
coronavirus_like,0,100,5,121545,1,False,True,True,23799,925.0,326.0,True
coronavirus_like,0,100,5,121901,1,False,True,False,19791,,,
coronavirus_like,0,100,5,122287,1,True,True,True,11071,520.0,218.0,True
coronavirus_like,0,100,5,122314,7,False,True,True,6348,1052.0,501.0,True
coronavirus_like,0,100,5,122546,1,True,True,True,21550,384.0,172.0,True
coronavirus_like,0,100,5,123209,6,False,True,True,23712,132.0,86.0,True
coronavirus_like,0,100,5,123444,1,True,True,True,18914,286.0,92.0,True
coronavirus_like,0,100,5,123556,1,False,True,True,26759,1461.0,232.0,True
coronavirus_like,0,100,5,124138,1,True,True,True,17320,1433.0,439.0,True
coronavirus_like,0,100,5,124234,1,False,True,True,24618,441.0,275.0,True
coronavirus_like,0,100,5,124968,6,False,True,True,16387,1263.0,802.0,True
coronavirus_like,0,100,5,124991,1,False,True,True,7619,182.0,56.0,True
coronavirus_like,0,100,5,125205,1,False,True,True,3316,1541.0,813.0,True
coronavirus_like,0,100,5,126393,1,True,True,True,5328,846.0,365.0,True
coronavirus_like,0,100,5,126414,47,False,True,True,3935,1557.0,148.0,True
coronavirus_like,0,100,5,126859,2,False,True,True,14763,347.0,241.0,True
coronavirus_like,0,100,5,127140,1,False,True,True,9660,312.0,43.0,True
coronavirus_like,0,100,5,127646,3,False,True,False,164,,,
coronavirus_like,0,100,5,128638,1,True,True,True,27737,514.0,314.0,True
coronavirus_like,0,100,5,128698,1,False,True,True,14994,458.0,10.0,True
coronavirus_like,0,100,5,131415,1,False,True,True,4217,435.0,394.0,True
coronavirus_like,0,100,5,131988,6,False,True,True,17490,418.0,269.0,True
coronavirus_like,0,100,5,132077,2,False,True,True,15897,395.0,118.0,True
coronavirus_like,0,100,5,132655,1,False,True,True,24634,202.0,52.0,True
coronavirus_like,0,100,5,132766,1,True,True,True,2586,891.0,620.0,True
coronavirus_like,0,100,5,134031,1,False,True,True,22470,1237.0,206.0,True
coronavirus_like,0,100,5,135558,7,False,True,False,28699,,,
coronavirus_like,0,100,5,135905,1,True,True,True,1122,2477.0,2420.0,True
coronavirus_like,0,100,5,137652,1,True,True,True,17088,1225.0,918.0,True
coronavirus_like,0,100,5,137909,1,True,True,True,25401,94.0,5.0,True
coronavirus_like,0,100,5,138101,1,False,True,False,28224,,,
coronavirus_like,0,100,5,138153,1,True,True,True,26100,328.0,27.0,True
coronavirus_like,0,100,5,138929,1,False,True,True,13471,1440.0,81.0,True
coronavirus_like,0,100,5,139027,3,False,True,True,20344,346.0,155.0,True
coronavirus_like,0,100,5,139488,1,False,True,True,12474,427.0,359.0,True
coronavirus_like,0,100,5,139503,2,False,True,True,11124,1400.0,165.0,True
coronavirus_like,0,100,5,139802,3,False,True,True,26646,1299.0,654.0,True
coronavirus_like,0,100,5,140815,1,True,True,True,15637,353.0,226.0,True
coronavirus_like,0,100,5,143377,1,False,True,True,23647,263.0,189.0,True
coronavirus_like,0,100,5,143640,1,False,True,False,28906,,,
coronavirus_like,0,100,5,144154,1,False,True,True,10424,99.0,62.0,True
coronavirus_like,0,100,5,144702,1,True,True,True,21838,836.0,733.0,True
coronavirus_like,0,100,5,145537,1,False,True,True,3944,607.0,456.0,True
coronavirus_like,0,100,5,145804,1,True,True,True,18551,988.0,436.0,True
coronavirus_like,0,100,5,146305,5,False,True,True,14874,232.0,64.0,True
coronavirus_like,0,100,5,146401,1,False,True,True,27951,1612.0,345.0,True
coronavirus_like,0,100,5,147074,5,False,True,True,5877,175.0,160.0,True
coronavirus_like,0,100,5,147903,1,False,True,True,28170,856.0,36.0,True
coronavirus_like,0,100,5,148744,10,False,True,True,13754,1399.0,160.0,True
coronavirus_like,0,100,5,148842,1,False,False,False,26309,,,
coronavirus_like,0,100,5,149229,1,False,True,True,6126,1040.0,597.0,True
coronavirus_like,0,100,5,150077,5,False,True,True,26886,154.0,29.0,True
coronavirus_like,0,100,5,150520,2,False,True,True,24103,1317.0,380.0,True
coronavirus_like,0,100,5,151663,1,False,True,True,18316,980.0,229.0,True
coronavirus_like,0,100,5,152511,16,False,True,True,8599,148.0,74.0,True
coronavirus_like,0,100,5,152590,1,False,True,True,17156,1788.0,717.0,True
coronavirus_like,0,100,5,152623,1,False,True,False,28320,,,
coronavirus_like,0,100,5,152964,3,False,True,False,8368,,,
coronavirus_like,0,100,5,153003,3,False,True,False,29853,,,
coronavirus_like,0,100,5,153609,3,False,True,True,2300,468.0,20.0,True
coronavirus_like,0,100,5,154235,1,True,True,True,4107,546.0,230.0,True
coronavirus_like,0,100,5,154568,15,False,True,True,20483,547.0,359.0,True
coronavirus_like,0,100,5,154904,1,False,False,False,145,,,
coronavirus_like,0,100,5,154907,2,False,False,False,29472,,,
coronavirus_like,0,100,5,155360,1,False,True,True,18138,611.0,588.0,True
coronavirus_like,0,100,5,155629,6,False,True,True,8422,283.0,228.0,True
coronavirus_like,0,100,5,155662,18,False,True,True,14846,463.0,20.0,True
coronavirus_like,0,100,5,157855,1,True,True,True,7666,543.0,202.0,True
coronavirus_like,0,100,5,159183,5,False,True,True,21026,501.0,412.0,True
coronavirus_like,0,100,5,159380,2,False,True,True,6484,191.0,53.0,True
coronavirus_like,0,100,5,160466,1,False,True,True,22538,399.0,5.0,True
coronavirus_like,0,100,5,161773,1,True,True,True,13454,354.0,241.0,True
coronavirus_like,0,100,5,162038,3,False,True,True,12586,299.0,284.0,True
coronavirus_like,0,100,5,162176,1,True,True,True,19018,113.0,102.0,True
coronavirus_like,0,100,5,163624,1,False,True,True,20861,724.0,203.0,True
coronavirus_like,0,100,5,164223,1,False,True,True,10237,101.0,4.0,True
coronavirus_like,0,100,5,164278,1,False,True,True,25604,50.0,8.0,True
coronavirus_like,0,100,5,165401,1,False,True,True,21834,894.0,578.0,True
coronavirus_like,0,100,5,165951,1,False,True,True,7592,356.0,348.0,True
coronavirus_like,0,100,5,166925,2,False,True,False,26552,,,
coronavirus_like,0,100,5,167463,3,False,True,True,21425,46.0,13.0,True
coronavirus_like,0,100,5,167627,1,False,True,True,10357,491.0,373.0,True
coronavirus_like,0,100,5,167684,1,True,True,True,20152,227.0,0.0,True
coronavirus_like,0,100,5,168025,6,False,True,True,13997,888.0,537.0,True
coronavirus_like,0,100,5,168462,1,False,True,True,2969,96.0,12.0,True
coronavirus_like,0,100,5,170312,1,False,True,True,2931,187.0,141.0,True
coronavirus_like,0,100,5,170790,1,False,True,True,697,363.0,257.0,True
coronavirus_like,0,100,5,171163,7,False,True,True,16447,393.0,193.0,True
coronavirus_like,0,100,5,174122,1,False,True,True,18797,137.0,68.0,True
coronavirus_like,0,100,5,174233,3,False,True,True,20300,459.0,199.0,True
coronavirus_like,0,100,5,174915,1,False,True,True,15919,533.0,292.0,True
coronavirus_like,0,100,5,175561,6,False,True,True,12201,1055.0,978.0,True
coronavirus_like,0,100,5,175682,1,False,True,True,10287,1147.0,588.0,True
coronavirus_like,0,100,5,175979,1,False,True,True,26504,1074.0,645.0,True
coronavirus_like,0,100,5,176590,1,False,True,True,23259,326.0,284.0,True
coronavirus_like,0,100,5,177068,1,False,True,True,13396,519.0,304.0,True
coronavirus_like,0,100,5,177302,1,False,True,True,9043,227.0,151.0,True
coronavirus_like,0,100,5,177753,2,False,True,True,22139,754.0,120.0,True
coronavirus_like,0,100,5,178198,1,False,True,True,20595,596.0,514.0,True
coronavirus_like,0,100,5,178564,1,False,True,True,7660,467.0,412.0,True
coronavirus_like,0,100,5,178818,1,True,True,True,21759,329.0,292.0,True
coronavirus_like,0,100,5,179263,1,True,True,True,6578,429.0,347.0,True
coronavirus_like,0,100,5,180149,1,False,True,True,14964,346.0,88.0,True
coronavirus_like,0,100,5,180920,1,False,True,True,8155,361.0,16.0,True
coronavirus_like,0,100,5,181051,1,False,True,False,1558,,,
coronavirus_like,0,100,5,181784,1,False,True,True,23240,1109.0,35.0,True
coronavirus_like,0,100,5,183132,1,True,True,True,11837,1121.0,523.0,True
coronavirus_like,1,20,3,88,1,True,True,False,22295,,,
coronavirus_like,1,20,3,504,5,False,True,False,22394,,,
coronavirus_like,1,20,3,977,3,False,True,False,10634,,,
coronavirus_like,1,20,3,1022,1,False,True,False,10340,,,
coronavirus_like,1,20,3,1247,1,False,False,False,485,,,
coronavirus_like,1,20,3,1339,1,False,True,False,18548,,,
coronavirus_like,1,20,3,4293,1,False,True,False,19803,,,
coronavirus_like,1,20,3,5322,1,False,True,False,1346,,,
coronavirus_like,1,20,3,6863,1,True,True,False,19826,,,
coronavirus_like,1,20,3,7390,1,True,True,False,28506,,,
coronavirus_like,1,20,3,7486,1,True,True,False,28253,,,
coronavirus_like,1,20,3,7663,2,False,True,False,3898,,,
coronavirus_like,1,20,3,8902,1,False,True,False,15237,,,
coronavirus_like,1,20,3,11158,2,False,True,False,15072,,,
coronavirus_like,1,20,3,11213,1,False,False,False,28935,,,
coronavirus_like,1,20,3,13211,3,False,True,False,3405,,,
coronavirus_like,1,20,3,13249,1,False,True,False,4723,,,
coronavirus_like,1,20,3,13397,1,False,True,True,6041,6730.0,2890.0,True
coronavirus_like,1,20,3,16757,10,False,True,False,24331,,,
coronavirus_like,1,20,3,17847,1,True,True,False,18125,,,
coronavirus_like,1,20,3,19766,2,False,True,False,19915,,,
coronavirus_like,1,20,3,21532,2,False,True,True,27709,2006.0,991.0,True
coronavirus_like,1,20,3,22900,1,False,True,True,5797,2330.0,971.0,True
coronavirus_like,1,20,3,23549,3,False,True,True,7199,2390.0,1845.0,True
coronavirus_like,1,20,3,23552,1,False,True,True,16652,2943.0,254.0,True
coronavirus_like,1,20,3,23689,9,False,True,True,18430,426.0,136.0,True
coronavirus_like,1,20,3,24211,4,False,True,True,20635,2083.0,2075.0,True
coronavirus_like,1,20,3,24320,8,False,True,True,7910,2053.0,2048.0,True
coronavirus_like,1,20,3,27039,6,False,False,False,28600,,,
coronavirus_like,1,20,3,27060,13,False,True,True,21596,2978.0,1437.0,True
coronavirus_like,1,20,3,27703,1,False,True,False,29046,,,
coronavirus_like,1,20,3,28040,1,False,True,True,4734,4391.0,2034.0,True
coronavirus_like,1,20,3,28518,18,False,True,True,20497,1109.0,863.0,True
coronavirus_like,1,20,3,31539,2,False,True,False,918,,,
coronavirus_like,1,20,3,33131,28,False,True,True,17293,305.0,177.0,True
coronavirus_like,1,20,3,33157,1,False,True,True,23827,80.0,-371.0,False
coronavirus_like,1,20,3,33854,1,False,True,True,7823,4707.0,3599.0,True
coronavirus_like,1,20,3,36565,1,False,True,True,12677,3985.0,3122.0,True
coronavirus_like,1,20,3,40278,1,True,True,True,15715,1014.0,885.0,True
coronavirus_like,1,20,3,41232,5,False,True,True,2593,262.0,108.0,True
coronavirus_like,1,20,3,44767,3,False,True,False,1806,,,
coronavirus_like,1,20,3,47141,1,True,True,True,28002,3073.0,32.0,True
coronavirus_like,1,20,3,47452,1,True,True,True,25515,2143.0,1737.0,True
coronavirus_like,1,20,3,47800,4,False,True,True,11961,6019.0,4382.0,True
coronavirus_like,1,20,3,49395,3,False,True,True,16876,2445.0,2233.0,True
coronavirus_like,1,20,3,49970,12,False,False,False,1096,,,
coronavirus_like,1,20,3,50174,27,False,True,True,13292,1484.0,1378.0,True
coronavirus_like,1,20,3,51461,2,False,True,True,25030,687.0,635.0,True
coronavirus_like,1,20,3,51492,12,False,True,False,1237,,,
coronavirus_like,1,20,3,53835,1,False,True,True,19701,3371.0,853.0,True
coronavirus_like,1,20,3,54507,11,False,True,True,22826,2319.0,1927.0,True
coronavirus_like,1,20,3,56940,1,False,True,True,16246,,,
coronavirus_like,1,20,3,57191,1,False,True,True,23655,531.0,60.0,True
coronavirus_like,1,20,3,60722,2,False,True,False,1819,,,
coronavirus_like,1,20,3,60787,14,False,True,True,25738,501.0,134.0,True
coronavirus_like,1,20,3,61920,2,False,True,True,13576,1637.0,548.0,True
coronavirus_like,1,20,3,62587,1,False,True,True,3836,1846.0,1570.0,True
coronavirus_like,1,20,3,66505,1,False,False,False,29578,,,
coronavirus_like,1,20,3,66507,5,False,True,True,13967,1164.0,157.0,True
coronavirus_like,1,20,3,67906,5,False,True,True,7848,2105.0,949.0,True
coronavirus_like,1,20,3,68065,2,False,True,True,2683,274.0,17.0,True
coronavirus_like,1,20,3,69621,1,True,True,True,12049,1106.0,1102.0,True
coronavirus_like,1,20,3,70692,1,True,True,True,26544,1930.0,1056.0,True
coronavirus_like,1,20,3,71517,5,False,True,True,19373,189.0,17.0,True
coronavirus_like,1,20,3,71837,2,False,True,True,3829,948.0,837.0,True
coronavirus_like,1,20,3,73819,1,False,True,True,18772,1645.0,1115.0,True
coronavirus_like,1,20,3,74641,1,False,True,True,24005,7062.0,1955.0,True
coronavirus_like,1,20,3,75470,4,False,True,False,14340,,,
coronavirus_like,1,20,3,76001,1,False,True,True,14723,43.0,-9.0,False
coronavirus_like,1,20,3,78172,2,False,True,True,3550,1454.0,1116.0,True
coronavirus_like,1,20,3,78825,14,False,True,True,15254,1100.0,37.0,True
coronavirus_like,1,20,3,81340,3,False,True,True,3285,1846.0,1719.0,True
coronavirus_like,1,20,3,81600,1,False,True,True,7540,836.0,380.0,True
coronavirus_like,1,20,3,82386,1,False,True,False,29140,,,
coronavirus_like,1,20,3,83918,1,False,True,False,1549,,,
coronavirus_like,1,20,3,84027,1,True,True,False,1167,,,
coronavirus_like,1,20,3,84368,3,False,True,True,7241,1707.0,145.0,True
coronavirus_like,1,20,3,84834,2,False,True,True,16094,2556.0,208.0,True
coronavirus_like,1,20,3,87726,1,False,True,True,20272,191.0,4.0,True
coronavirus_like,1,20,3,89368,1,False,True,True,12444,1765.0,218.0,True
coronavirus_like,1,20,3,89550,1,False,True,True,26500,2119.0,1289.0,True
coronavirus_like,1,20,3,91780,2,False,True,True,16706,220.0,195.0,True
coronavirus_like,1,20,3,92785,1,False,True,True,7318,1631.0,589.0,True
coronavirus_like,1,20,3,93019,2,False,True,True,20710,151.0,68.0,True
coronavirus_like,1,20,3,94231,3,False,True,True,28041,1616.0,78.0,True
coronavirus_like,1,20,3,94315,1,False,True,True,3380,774.0,175.0,True
coronavirus_like,1,20,3,96060,1,False,True,True,20353,469.0,201.0,True
coronavirus_like,1,20,3,96862,1,False,True,False,1963,,,
coronavirus_like,1,20,3,98437,2,False,True,True,23017,235.0,150.0,True
coronavirus_like,1,20,3,101055,1,False,True,True,14610,1092.0,60.0,True
coronavirus_like,1,20,3,101406,1,False,True,True,17930,253.0,209.0,True
coronavirus_like,1,20,3,101854,1,True,True,True,17945,478.0,468.0,True
coronavirus_like,1,20,3,103076,1,True,True,True,2601,535.0,179.0,True
coronavirus_like,1,20,3,105196,1,False,True,True,3354,552.0,40.0,True
coronavirus_like,1,20,3,106745,1,False,True,True,10179,249.0,29.0,True
coronavirus_like,1,20,3,107691,5,False,True,False,1222,,,
coronavirus_like,1,20,3,110562,4,False,True,False,1151,,,
coronavirus_like,1,20,3,111724,1,False,True,True,24301,1415.0,148.0,True
coronavirus_like,1,20,3,116535,1,False,True,True,2067,389.0,309.0,True
coronavirus_like,1,20,3,118314,1,False,True,True,15121,229.0,167.0,True
coronavirus_like,1,20,3,118316,6,False,True,True,15688,922.0,227.0,True
coronavirus_like,1,20,3,119565,1,True,True,True,12034,798.0,695.0,True
coronavirus_like,1,20,3,122870,1,False,True,True,13257,1082.0,502.0,True
coronavirus_like,1,20,3,123171,1,False,True,True,20594,1110.0,571.0,True
coronavirus_like,1,20,3,123503,3,False,True,False,459,,,
coronavirus_like,1,20,3,124219,1,False,True,True,1998,584.0,420.0,True
coronavirus_like,1,20,3,127497,5,False,True,True,7339,395.0,303.0,True
coronavirus_like,1,20,3,127963,3,False,True,True,9707,258.0,10.0,True
coronavirus_like,1,20,3,127973,1,False,True,True,10782,413.0,67.0,True
coronavirus_like,1,20,3,128334,4,False,True,True,6801,695.0,663.0,True
coronavirus_like,1,20,3,128548,1,False,True,True,28692,379.0,262.0,True
coronavirus_like,1,20,3,128720,1,False,True,True,3108,894.0,462.0,True
coronavirus_like,1,20,3,130577,2,False,True,False,673,,,
coronavirus_like,1,20,3,130641,1,False,False,False,29880,,,
coronavirus_like,1,20,3,135315,1,False,True,False,17367,,,
coronavirus_like,1,20,3,136846,1,False,True,True,28610,229.0,206.0,True
coronavirus_like,1,20,3,137211,1,True,True,True,19881,169.0,129.0,True
coronavirus_like,1,20,3,138236,6,False,True,True,4580,448.0,238.0,True
coronavirus_like,1,20,3,138935,2,False,True,True,16439,160.0,159.0,True
coronavirus_like,1,20,3,140935,1,False,True,True,7400,468.0,351.0,True
coronavirus_like,1,20,3,141124,4,False,True,True,14464,1277.0,175.0,True
coronavirus_like,1,20,3,142222,4,False,True,True,5129,1273.0,1097.0,True
coronavirus_like,1,20,3,142239,1,False,True,True,8956,407.0,257.0,True
coronavirus_like,1,20,3,142657,3,False,True,True,28680,1095.0,154.0,True
coronavirus_like,1,20,3,143034,2,False,True,True,26767,806.0,777.0,True
coronavirus_like,1,20,3,143441,1,False,True,True,5970,515.0,192.0,True
coronavirus_like,1,20,3,143731,1,False,True,True,1451,509.0,392.0,True
coronavirus_like,1,20,3,145492,8,False,True,True,7696,419.0,208.0,True
coronavirus_like,1,20,3,145969,8,False,True,True,13593,1127.0,1005.0,True
coronavirus_like,1,20,3,147751,1,False,True,True,17966,1612.0,447.0,True
coronavirus_like,1,20,3,148144,1,False,True,True,28797,399.0,50.0,True
coronavirus_like,1,20,3,149990,10,False,True,True,28384,832.0,570.0,True
coronavirus_like,1,20,3,152237,3,False,True,True,8225,997.0,142.0,True
coronavirus_like,1,20,3,152336,1,True,True,True,24031,513.0,306.0,True
coronavirus_like,1,20,3,153146,2,False,True,True,15972,56.0,0.0,True
coronavirus_like,1,20,3,153306,2,False,True,True,28279,459.0,128.0,True
coronavirus_like,1,20,3,158036,3,False,True,True,24646,180.0,17.0,True
coronavirus_like,1,20,3,158277,1,True,True,True,18318,443.0,433.0,True
coronavirus_like,1,20,3,161324,1,False,True,True,5175,1273.0,1051.0,True
coronavirus_like,1,20,3,163071,3,False,True,True,11726,273.0,201.0,True
coronavirus_like,1,20,3,163322,1,False,True,True,25248,1944.0,870.0,True
coronavirus_like,1,20,3,163451,1,False,True,False,495,,,
coronavirus_like,1,20,3,164216,8,False,True,True,26568,89.0,77.0,True
coronavirus_like,1,20,3,165499,4,False,True,False,422,,,
coronavirus_like,1,20,3,166126,1,False,True,True,9691,528.0,144.0,True
coronavirus_like,1,20,3,166187,1,False,True,True,9954,749.0,102.0,True
coronavirus_like,1,20,3,167095,6,False,True,True,19587,342.0,193.0,True
coronavirus_like,1,20,3,167378,1,True,True,False,29003,,,
coronavirus_like,1,20,3,167631,1,False,False,False,29769,,,
coronavirus_like,1,20,3,168415,2,False,True,True,2159,,,
coronavirus_like,1,20,3,172229,1,False,True,True,26876,178.0,131.0,True
coronavirus_like,1,20,3,173732,1,True,True,True,29558,322.0,4.0,True
coronavirus_like,1,20,3,175828,2,False,True,True,16589,317.0,194.0,True
coronavirus_like,1,20,3,176362,1,True,True,True,17845,577.0,546.0,True
coronavirus_like,1,20,4,88,1,True,True,False,22295,,,
coronavirus_like,1,20,4,504,5,False,True,False,22394,,,
coronavirus_like,1,20,4,977,3,False,True,False,10634,,,
coronavirus_like,1,20,4,1022,1,False,True,False,10340,,,
coronavirus_like,1,20,4,1247,1,False,False,False,485,,,
coronavirus_like,1,20,4,1339,1,False,True,False,18548,,,
coronavirus_like,1,20,4,4293,1,False,True,False,19803,,,
coronavirus_like,1,20,4,5322,1,False,True,False,1346,,,
coronavirus_like,1,20,4,6863,1,True,True,False,19826,,,
coronavirus_like,1,20,4,7390,1,True,True,False,28506,,,
coronavirus_like,1,20,4,7486,1,True,True,False,28253,,,
coronavirus_like,1,20,4,7663,2,False,True,False,3898,,,
coronavirus_like,1,20,4,8902,1,False,True,False,15237,,,
coronavirus_like,1,20,4,11158,2,False,True,False,15072,,,
coronavirus_like,1,20,4,11213,1,False,False,False,28935,,,
coronavirus_like,1,20,4,13211,3,False,True,False,3405,,,
coronavirus_like,1,20,4,13249,1,False,True,False,4723,,,
coronavirus_like,1,20,4,13397,1,False,True,True,6041,6730.0,2890.0,True
coronavirus_like,1,20,4,16757,10,False,True,False,24331,,,
coronavirus_like,1,20,4,17847,1,True,True,False,18125,,,
coronavirus_like,1,20,4,19766,2,False,True,False,19915,,,
coronavirus_like,1,20,4,21532,2,False,True,True,27709,2006.0,991.0,True
coronavirus_like,1,20,4,22900,1,False,True,True,5797,2330.0,971.0,True
coronavirus_like,1,20,4,23549,3,False,True,True,7199,2390.0,1845.0,True
coronavirus_like,1,20,4,23552,1,False,True,True,16652,2943.0,254.0,True
coronavirus_like,1,20,4,23689,9,False,True,True,18430,426.0,136.0,True
coronavirus_like,1,20,4,24211,4,False,True,True,20635,2083.0,2075.0,True
coronavirus_like,1,20,4,24320,8,False,True,True,7910,2053.0,2048.0,True
coronavirus_like,1,20,4,27039,6,False,False,False,28600,,,
coronavirus_like,1,20,4,27060,13,False,True,True,21596,2978.0,1437.0,True
coronavirus_like,1,20,4,27703,1,False,True,False,29046,,,
coronavirus_like,1,20,4,28040,1,False,True,False,4734,,,
coronavirus_like,1,20,4,28518,18,False,True,True,20497,1109.0,863.0,True
coronavirus_like,1,20,4,31539,2,False,True,False,918,,,
coronavirus_like,1,20,4,33131,28,False,True,True,17293,305.0,177.0,True
coronavirus_like,1,20,4,33157,1,False,True,True,23827,80.0,-371.0,False
coronavirus_like,1,20,4,33854,1,False,True,True,7823,4707.0,3599.0,True
coronavirus_like,1,20,4,36565,1,False,True,True,12677,3985.0,3122.0,True
coronavirus_like,1,20,4,40278,1,True,True,True,15715,1014.0,885.0,True
coronavirus_like,1,20,4,41232,5,False,True,True,2593,262.0,108.0,True
coronavirus_like,1,20,4,44767,3,False,True,False,1806,,,
coronavirus_like,1,20,4,47141,1,True,True,True,28002,3073.0,32.0,True
coronavirus_like,1,20,4,47452,1,True,True,True,25515,2143.0,1737.0,True
coronavirus_like,1,20,4,47800,4,False,True,True,11961,6019.0,4382.0,True
coronavirus_like,1,20,4,49395,3,False,True,True,16876,2445.0,2233.0,True
coronavirus_like,1,20,4,49970,12,False,False,False,1096,,,
coronavirus_like,1,20,4,50174,27,False,True,True,13292,1484.0,1378.0,True
coronavirus_like,1,20,4,51461,2,False,True,True,25030,687.0,635.0,True
coronavirus_like,1,20,4,51492,12,False,True,False,1237,,,
coronavirus_like,1,20,4,53835,1,False,True,True,19701,3371.0,853.0,True
coronavirus_like,1,20,4,54507,11,False,True,True,22826,2319.0,1927.0,True
coronavirus_like,1,20,4,56940,1,False,True,True,16246,2442.0,417.0,True
coronavirus_like,1,20,4,57191,1,False,True,True,23655,531.0,60.0,True
coronavirus_like,1,20,4,60722,2,False,True,False,1819,,,
coronavirus_like,1,20,4,60787,14,False,True,True,25738,501.0,134.0,True
coronavirus_like,1,20,4,61920,2,False,True,True,13576,1637.0,548.0,True
coronavirus_like,1,20,4,62587,1,False,True,True,3836,1846.0,1570.0,True
coronavirus_like,1,20,4,66505,1,False,False,False,29578,,,
coronavirus_like,1,20,4,66507,5,False,True,True,13967,1164.0,157.0,True
coronavirus_like,1,20,4,67906,5,False,True,True,7848,2105.0,949.0,True
coronavirus_like,1,20,4,68065,2,False,True,True,2683,274.0,17.0,True
coronavirus_like,1,20,4,69621,1,True,True,True,12049,1106.0,1102.0,True
coronavirus_like,1,20,4,70692,1,True,True,True,26544,1930.0,1056.0,True
coronavirus_like,1,20,4,71517,5,False,True,True,19373,189.0,17.0,True
coronavirus_like,1,20,4,71837,2,False,True,True,3829,948.0,837.0,True
coronavirus_like,1,20,4,73819,1,False,True,True,18772,1645.0,1115.0,True
coronavirus_like,1,20,4,74641,1,False,True,True,24005,7062.0,1955.0,True
coronavirus_like,1,20,4,75470,4,False,True,False,14340,,,
coronavirus_like,1,20,4,76001,1,False,True,True,14723,43.0,-9.0,False
coronavirus_like,1,20,4,78172,2,False,True,True,3550,1454.0,1116.0,True
coronavirus_like,1,20,4,78825,14,False,True,True,15254,1100.0,37.0,True
coronavirus_like,1,20,4,81340,3,False,True,True,3285,1846.0,1719.0,True
coronavirus_like,1,20,4,81600,1,False,True,True,7540,836.0,380.0,True
coronavirus_like,1,20,4,82386,1,False,True,False,29140,,,
coronavirus_like,1,20,4,83918,1,False,True,False,1549,,,
coronavirus_like,1,20,4,84027,1,True,True,False,1167,,,
coronavirus_like,1,20,4,84368,3,False,True,True,7241,1707.0,145.0,True
coronavirus_like,1,20,4,84834,2,False,True,True,16094,2556.0,208.0,True
coronavirus_like,1,20,4,87726,1,False,True,True,20272,191.0,4.0,True
coronavirus_like,1,20,4,89368,1,False,True,True,12444,1765.0,218.0,True
coronavirus_like,1,20,4,89550,1,False,True,True,26500,2119.0,1289.0,True
coronavirus_like,1,20,4,91780,2,False,True,True,16706,220.0,195.0,True
coronavirus_like,1,20,4,92785,1,False,True,True,7318,1631.0,589.0,True
coronavirus_like,1,20,4,93019,2,False,True,True,20710,151.0,68.0,True
coronavirus_like,1,20,4,94231,3,False,True,True,28041,1616.0,78.0,True
coronavirus_like,1,20,4,94315,1,False,True,True,3380,774.0,175.0,True
coronavirus_like,1,20,4,96060,1,False,True,True,20353,469.0,201.0,True
coronavirus_like,1,20,4,96862,1,False,True,False,1963,,,
coronavirus_like,1,20,4,98437,2,False,True,True,23017,235.0,150.0,True
coronavirus_like,1,20,4,101055,1,False,True,True,14610,1092.0,60.0,True
coronavirus_like,1,20,4,101406,1,False,True,True,17930,253.0,209.0,True
coronavirus_like,1,20,4,101854,1,True,True,True,17945,478.0,468.0,True
coronavirus_like,1,20,4,103076,1,True,True,True,2601,535.0,179.0,True
coronavirus_like,1,20,4,105196,1,False,True,True,3354,552.0,40.0,True
coronavirus_like,1,20,4,106745,1,False,True,True,10179,249.0,29.0,True
coronavirus_like,1,20,4,107691,5,False,True,False,1222,,,
coronavirus_like,1,20,4,110562,4,False,True,False,1151,,,
coronavirus_like,1,20,4,111724,1,False,True,True,24301,1415.0,148.0,True
coronavirus_like,1,20,4,116535,1,False,True,False,2067,,,
coronavirus_like,1,20,4,118314,1,False,True,True,15121,229.0,167.0,True
coronavirus_like,1,20,4,118316,6,False,True,True,15688,922.0,227.0,True
coronavirus_like,1,20,4,119565,1,True,True,True,12034,798.0,695.0,True
coronavirus_like,1,20,4,122870,1,False,True,True,13257,1082.0,502.0,True
coronavirus_like,1,20,4,123171,1,False,True,True,20594,1110.0,571.0,True
coronavirus_like,1,20,4,123503,3,False,True,False,459,,,
coronavirus_like,1,20,4,124219,1,False,True,True,1998,584.0,420.0,True
coronavirus_like,1,20,4,127497,5,False,True,True,7339,395.0,303.0,True
coronavirus_like,1,20,4,127963,3,False,True,True,9707,258.0,10.0,True
coronavirus_like,1,20,4,127973,1,False,True,True,10782,413.0,67.0,True
coronavirus_like,1,20,4,128334,4,False,True,True,6801,695.0,663.0,True
coronavirus_like,1,20,4,128548,1,False,True,True,28692,379.0,262.0,True
coronavirus_like,1,20,4,128720,1,False,True,True,3108,894.0,462.0,True
coronavirus_like,1,20,4,130577,2,False,True,False,673,,,
coronavirus_like,1,20,4,130641,1,False,False,False,29880,,,
coronavirus_like,1,20,4,135315,1,False,True,False,17367,,,
coronavirus_like,1,20,4,136846,1,False,True,False,28610,,,
coronavirus_like,1,20,4,137211,1,True,True,True,19881,169.0,129.0,True
coronavirus_like,1,20,4,138236,6,False,True,True,4580,448.0,238.0,True
coronavirus_like,1,20,4,138935,2,False,True,True,16439,160.0,159.0,True
coronavirus_like,1,20,4,140935,1,False,True,True,7400,468.0,351.0,True
coronavirus_like,1,20,4,141124,4,False,True,True,14464,1277.0,175.0,True
coronavirus_like,1,20,4,142222,4,False,True,True,5129,1273.0,1097.0,True
coronavirus_like,1,20,4,142239,1,False,True,True,8956,407.0,257.0,True
coronavirus_like,1,20,4,142657,3,False,True,True,28680,1095.0,154.0,True
coronavirus_like,1,20,4,143034,2,False,True,True,26767,806.0,777.0,True
coronavirus_like,1,20,4,143441,1,False,True,True,5970,515.0,192.0,True
coronavirus_like,1,20,4,143731,1,False,True,True,1451,509.0,392.0,True
coronavirus_like,1,20,4,145492,8,False,True,True,7696,419.0,208.0,True
coronavirus_like,1,20,4,145969,8,False,True,True,13593,1127.0,1005.0,True
coronavirus_like,1,20,4,147751,1,False,True,True,17966,1612.0,447.0,True
coronavirus_like,1,20,4,148144,1,False,True,True,28797,399.0,50.0,True
coronavirus_like,1,20,4,149990,10,False,True,True,28384,832.0,570.0,True
coronavirus_like,1,20,4,152237,3,False,True,True,8225,997.0,142.0,True
coronavirus_like,1,20,4,152336,1,True,True,True,24031,513.0,306.0,True
coronavirus_like,1,20,4,153146,2,False,True,True,15972,56.0,0.0,True
coronavirus_like,1,20,4,153306,2,False,True,True,28279,459.0,128.0,True
coronavirus_like,1,20,4,158036,3,False,True,True,24646,180.0,17.0,True
coronavirus_like,1,20,4,158277,1,True,True,True,18318,443.0,433.0,True
coronavirus_like,1,20,4,161324,1,False,True,True,5175,1273.0,1051.0,True
coronavirus_like,1,20,4,163071,3,False,True,True,11726,273.0,201.0,True
coronavirus_like,1,20,4,163322,1,False,True,True,25248,1944.0,870.0,True
coronavirus_like,1,20,4,163451,1,False,True,False,495,,,
coronavirus_like,1,20,4,164216,8,False,True,True,26568,89.0,77.0,True
coronavirus_like,1,20,4,165499,4,False,True,False,422,,,
coronavirus_like,1,20,4,166126,1,False,True,True,9691,528.0,144.0,True
coronavirus_like,1,20,4,166187,1,False,True,True,9954,749.0,102.0,True
coronavirus_like,1,20,4,167095,6,False,True,True,19587,342.0,193.0,True
coronavirus_like,1,20,4,167378,1,True,True,False,29003,,,
coronavirus_like,1,20,4,167631,1,False,False,False,29769,,,
coronavirus_like,1,20,4,168415,2,False,True,True,2159,,,
coronavirus_like,1,20,4,172229,1,False,True,True,26876,178.0,131.0,True
coronavirus_like,1,20,4,173732,1,True,True,False,29558,,,
coronavirus_like,1,20,4,175828,2,False,True,True,16589,317.0,194.0,True
coronavirus_like,1,20,4,176362,1,True,True,True,17845,577.0,546.0,True
coronavirus_like,1,20,5,88,1,True,True,False,22295,,,
coronavirus_like,1,20,5,504,5,False,True,False,22394,,,
coronavirus_like,1,20,5,977,3,False,True,False,10634,,,
coronavirus_like,1,20,5,1022,1,False,True,False,10340,,,
coronavirus_like,1,20,5,1247,1,False,False,False,485,,,
coronavirus_like,1,20,5,1339,1,False,True,False,18548,,,
coronavirus_like,1,20,5,4293,1,False,True,False,19803,,,
coronavirus_like,1,20,5,5322,1,False,True,False,1346,,,
coronavirus_like,1,20,5,6863,1,True,True,False,19826,,,
coronavirus_like,1,20,5,7390,1,True,True,False,28506,,,
coronavirus_like,1,20,5,7486,1,True,True,False,28253,,,
coronavirus_like,1,20,5,7663,2,False,True,False,3898,,,
coronavirus_like,1,20,5,8902,1,False,True,False,15237,,,
coronavirus_like,1,20,5,11158,2,False,True,False,15072,,,
coronavirus_like,1,20,5,11213,1,False,False,False,28935,,,
coronavirus_like,1,20,5,13211,3,False,True,False,3405,,,
coronavirus_like,1,20,5,13249,1,False,True,False,4723,,,
coronavirus_like,1,20,5,13397,1,False,True,False,6041,,,
coronavirus_like,1,20,5,16757,10,False,True,False,24331,,,
coronavirus_like,1,20,5,17847,1,True,True,False,18125,,,
coronavirus_like,1,20,5,19766,2,False,True,False,19915,,,
coronavirus_like,1,20,5,21532,2,False,True,False,27709,,,
coronavirus_like,1,20,5,22900,1,False,True,True,5797,2330.0,971.0,True
coronavirus_like,1,20,5,23549,3,False,True,True,7199,2390.0,1845.0,True
coronavirus_like,1,20,5,23552,1,False,True,True,16652,2943.0,254.0,True
coronavirus_like,1,20,5,23689,9,False,True,True,18430,426.0,136.0,True
coronavirus_like,1,20,5,24211,4,False,True,False,20635,,,
coronavirus_like,1,20,5,24320,8,False,True,True,7910,2053.0,2048.0,True
coronavirus_like,1,20,5,27039,6,False,False,False,28600,,,
coronavirus_like,1,20,5,27060,13,False,True,True,21596,2978.0,1437.0,True
coronavirus_like,1,20,5,27703,1,False,True,False,29046,,,
coronavirus_like,1,20,5,28040,1,False,True,False,4734,,,
coronavirus_like,1,20,5,28518,18,False,True,True,20497,1109.0,863.0,True
coronavirus_like,1,20,5,31539,2,False,True,False,918,,,
coronavirus_like,1,20,5,33131,28,False,True,True,17293,305.0,177.0,True
coronavirus_like,1,20,5,33157,1,False,True,True,23827,80.0,-371.0,False
coronavirus_like,1,20,5,33854,1,False,True,True,7823,4707.0,3599.0,True
coronavirus_like,1,20,5,36565,1,False,True,True,12677,3985.0,3122.0,True
coronavirus_like,1,20,5,40278,1,True,True,True,15715,1014.0,885.0,True
coronavirus_like,1,20,5,41232,5,False,True,True,2593,262.0,108.0,True
coronavirus_like,1,20,5,44767,3,False,True,False,1806,,,
coronavirus_like,1,20,5,47141,1,True,True,False,28002,,,
coronavirus_like,1,20,5,47452,1,True,True,True,25515,2143.0,1737.0,True
coronavirus_like,1,20,5,47800,4,False,True,True,11961,6019.0,4382.0,True
coronavirus_like,1,20,5,49395,3,False,True,True,16876,2445.0,2233.0,True
coronavirus_like,1,20,5,49970,12,False,False,False,1096,,,
coronavirus_like,1,20,5,50174,27,False,True,True,13292,1484.0,1378.0,True
coronavirus_like,1,20,5,51461,2,False,True,False,25030,,,
coronavirus_like,1,20,5,51492,12,False,True,False,1237,,,
coronavirus_like,1,20,5,53835,1,False,True,True,19701,3371.0,853.0,True
coronavirus_like,1,20,5,54507,11,False,True,True,22826,2319.0,1927.0,True
coronavirus_like,1,20,5,56940,1,False,True,True,16246,2442.0,417.0,True
coronavirus_like,1,20,5,57191,1,False,True,True,23655,531.0,60.0,True
coronavirus_like,1,20,5,60722,2,False,True,False,1819,,,
coronavirus_like,1,20,5,60787,14,False,True,False,25738,,,
coronavirus_like,1,20,5,61920,2,False,True,True,13576,1637.0,548.0,True
coronavirus_like,1,20,5,62587,1,False,True,True,3836,1846.0,1570.0,True
coronavirus_like,1,20,5,66505,1,False,False,False,29578,,,
coronavirus_like,1,20,5,66507,5,False,True,True,13967,1164.0,157.0,True
coronavirus_like,1,20,5,67906,5,False,True,True,7848,2105.0,949.0,True
coronavirus_like,1,20,5,68065,2,False,True,True,2683,274.0,17.0,True
coronavirus_like,1,20,5,69621,1,True,True,True,12049,1106.0,1102.0,True
coronavirus_like,1,20,5,70692,1,True,True,True,26544,1930.0,1056.0,True
coronavirus_like,1,20,5,71517,5,False,True,True,19373,189.0,17.0,True
coronavirus_like,1,20,5,71837,2,False,True,True,3829,948.0,837.0,True
coronavirus_like,1,20,5,73819,1,False,True,True,18772,1645.0,1115.0,True
coronavirus_like,1,20,5,74641,1,False,True,False,24005,,,
coronavirus_like,1,20,5,75470,4,False,True,False,14340,,,
coronavirus_like,1,20,5,76001,1,False,True,True,14723,43.0,-9.0,False
coronavirus_like,1,20,5,78172,2,False,True,True,3550,1454.0,1116.0,True
coronavirus_like,1,20,5,78825,14,False,True,True,15254,1100.0,37.0,True
coronavirus_like,1,20,5,81340,3,False,True,True,3285,1846.0,1719.0,True
coronavirus_like,1,20,5,81600,1,False,True,True,7540,836.0,380.0,True
coronavirus_like,1,20,5,82386,1,False,True,False,29140,,,
coronavirus_like,1,20,5,83918,1,False,True,False,1549,,,
coronavirus_like,1,20,5,84027,1,True,True,False,1167,,,
coronavirus_like,1,20,5,84368,3,False,True,True,7241,1707.0,145.0,True
coronavirus_like,1,20,5,84834,2,False,True,True,16094,2556.0,208.0,True
coronavirus_like,1,20,5,87726,1,False,True,True,20272,191.0,4.0,True
coronavirus_like,1,20,5,89368,1,False,True,True,12444,1765.0,218.0,True
coronavirus_like,1,20,5,89550,1,False,True,False,26500,,,
coronavirus_like,1,20,5,91780,2,False,True,True,16706,220.0,195.0,True
coronavirus_like,1,20,5,92785,1,False,True,True,7318,1631.0,589.0,True
coronavirus_like,1,20,5,93019,2,False,True,True,20710,151.0,68.0,True
coronavirus_like,1,20,5,94231,3,False,True,True,28041,1616.0,78.0,True
coronavirus_like,1,20,5,94315,1,False,True,True,3380,774.0,175.0,True
coronavirus_like,1,20,5,96060,1,False,True,True,20353,469.0,201.0,True
coronavirus_like,1,20,5,96862,1,False,True,False,1963,,,
coronavirus_like,1,20,5,98437,2,False,True,True,23017,235.0,150.0,True
coronavirus_like,1,20,5,101055,1,False,True,True,14610,1092.0,60.0,True
coronavirus_like,1,20,5,101406,1,False,True,True,17930,253.0,209.0,True
coronavirus_like,1,20,5,101854,1,True,True,True,17945,478.0,468.0,True
coronavirus_like,1,20,5,103076,1,True,True,True,2601,535.0,179.0,True
coronavirus_like,1,20,5,105196,1,False,True,True,3354,552.0,40.0,True
coronavirus_like,1,20,5,106745,1,False,True,True,10179,249.0,29.0,True
coronavirus_like,1,20,5,107691,5,False,True,False,1222,,,
coronavirus_like,1,20,5,110562,4,False,True,False,1151,,,
coronavirus_like,1,20,5,111724,1,False,True,True,24301,1415.0,148.0,True
coronavirus_like,1,20,5,116535,1,False,True,False,2067,,,
coronavirus_like,1,20,5,118314,1,False,True,True,15121,229.0,167.0,True
coronavirus_like,1,20,5,118316,6,False,True,True,15688,922.0,227.0,True
coronavirus_like,1,20,5,119565,1,True,True,True,12034,798.0,695.0,True
coronavirus_like,1,20,5,122870,1,False,True,True,13257,1082.0,502.0,True
coronavirus_like,1,20,5,123171,1,False,True,True,20594,1110.0,571.0,True
coronavirus_like,1,20,5,123503,3,False,True,False,459,,,
coronavirus_like,1,20,5,124219,1,False,True,True,1998,584.0,420.0,True
coronavirus_like,1,20,5,127497,5,False,True,True,7339,395.0,303.0,True
coronavirus_like,1,20,5,127963,3,False,True,True,9707,258.0,10.0,True
coronavirus_like,1,20,5,127973,1,False,True,True,10782,413.0,67.0,True
coronavirus_like,1,20,5,128334,4,False,True,True,6801,695.0,663.0,True
coronavirus_like,1,20,5,128548,1,False,True,True,28692,379.0,262.0,True
coronavirus_like,1,20,5,128720,1,False,True,True,3108,894.0,462.0,True
coronavirus_like,1,20,5,130577,2,False,True,False,673,,,
coronavirus_like,1,20,5,130641,1,False,False,False,29880,,,
coronavirus_like,1,20,5,135315,1,False,True,False,17367,,,
coronavirus_like,1,20,5,136846,1,False,True,False,28610,,,
coronavirus_like,1,20,5,137211,1,True,True,True,19881,169.0,129.0,True
coronavirus_like,1,20,5,138236,6,False,True,True,4580,448.0,238.0,True
coronavirus_like,1,20,5,138935,2,False,True,True,16439,160.0,159.0,True
coronavirus_like,1,20,5,140935,1,False,True,True,7400,468.0,351.0,True
coronavirus_like,1,20,5,141124,4,False,True,True,14464,1277.0,175.0,True
coronavirus_like,1,20,5,142222,4,False,True,True,5129,1273.0,1097.0,True
coronavirus_like,1,20,5,142239,1,False,True,True,8956,407.0,257.0,True
coronavirus_like,1,20,5,142657,3,False,True,True,28680,1095.0,154.0,True
coronavirus_like,1,20,5,143034,2,False,True,True,26767,806.0,777.0,True
coronavirus_like,1,20,5,143441,1,False,True,True,5970,515.0,192.0,True
coronavirus_like,1,20,5,143731,1,False,True,True,1451,509.0,392.0,True
coronavirus_like,1,20,5,145492,8,False,True,True,7696,419.0,208.0,True
coronavirus_like,1,20,5,145969,8,False,True,True,13593,1127.0,1005.0,True
coronavirus_like,1,20,5,147751,1,False,True,True,17966,1612.0,447.0,True
coronavirus_like,1,20,5,148144,1,False,True,True,28797,399.0,50.0,True
coronavirus_like,1,20,5,149990,10,False,True,True,28384,832.0,570.0,True
coronavirus_like,1,20,5,152237,3,False,True,True,8225,997.0,142.0,True
coronavirus_like,1,20,5,152336,1,True,True,True,24031,513.0,306.0,True
coronavirus_like,1,20,5,153146,2,False,True,True,15972,56.0,0.0,True
coronavirus_like,1,20,5,153306,2,False,True,True,28279,459.0,128.0,True
coronavirus_like,1,20,5,158036,3,False,True,True,24646,180.0,17.0,True
coronavirus_like,1,20,5,158277,1,True,True,True,18318,443.0,433.0,True
coronavirus_like,1,20,5,161324,1,False,True,True,5175,1273.0,1051.0,True
coronavirus_like,1,20,5,163071,3,False,True,True,11726,273.0,201.0,True
coronavirus_like,1,20,5,163322,1,False,True,True,25248,1944.0,870.0,True
coronavirus_like,1,20,5,163451,1,False,True,False,495,,,
coronavirus_like,1,20,5,164216,8,False,True,True,26568,89.0,77.0,True
coronavirus_like,1,20,5,165499,4,False,True,False,422,,,
coronavirus_like,1,20,5,166126,1,False,True,True,9691,528.0,144.0,True
coronavirus_like,1,20,5,166187,1,False,True,True,9954,749.0,102.0,True
coronavirus_like,1,20,5,167095,6,False,True,True,19587,342.0,193.0,True
coronavirus_like,1,20,5,167378,1,True,True,False,29003,,,
coronavirus_like,1,20,5,167631,1,False,False,False,29769,,,
coronavirus_like,1,20,5,168415,2,False,True,True,2159,337.0,129.0,True
coronavirus_like,1,20,5,172229,1,False,True,True,26876,178.0,131.0,True
coronavirus_like,1,20,5,173732,1,True,True,False,29558,,,
coronavirus_like,1,20,5,175828,2,False,True,True,16589,317.0,194.0,True
coronavirus_like,1,20,5,176362,1,True,True,True,17845,577.0,546.0,True
coronavirus_like,1,100,3,88,1,True,True,False,22295,,,
coronavirus_like,1,100,3,504,1,True,True,False,22394,,,
coronavirus_like,1,100,3,977,1,False,True,False,10634,,,
coronavirus_like,1,100,3,1003,1,False,True,False,19276,,,
coronavirus_like,1,100,3,1022,1,False,True,False,10340,,,
coronavirus_like,1,100,3,1228,1,True,False,False,21798,,,
coronavirus_like,1,100,3,1247,1,False,False,False,485,,,
coronavirus_like,1,100,3,1266,1,True,True,False,2445,,,
coronavirus_like,1,100,3,1339,2,False,True,False,18548,,,
coronavirus_like,1,100,3,3007,3,False,True,True,15530,11157.0,1070.0,True
coronavirus_like,1,100,3,3770,1,True,True,False,12726,,,
coronavirus_like,1,100,3,4293,2,False,True,False,19803,,,
coronavirus_like,1,100,3,4533,1,False,True,False,3526,,,
coronavirus_like,1,100,3,4988,1,True,True,True,10554,3271.0,721.0,True
coronavirus_like,1,100,3,5037,1,False,True,False,25131,,,
coronavirus_like,1,100,3,5322,1,False,True,False,1346,,,
coronavirus_like,1,100,3,5765,1,False,False,False,225,,,
coronavirus_like,1,100,3,6094,1,False,True,False,14299,,,
coronavirus_like,1,100,3,6586,1,True,True,True,17353,5955.0,3201.0,True
coronavirus_like,1,100,3,6863,1,True,True,False,19826,,,
coronavirus_like,1,100,3,7347,1,False,True,False,16856,,,
coronavirus_like,1,100,3,7390,1,True,True,False,28506,,,
coronavirus_like,1,100,3,7486,1,True,True,False,28253,,,
coronavirus_like,1,100,3,7663,4,False,True,False,3898,,,
coronavirus_like,1,100,3,8416,1,False,True,True,21146,4085.0,-1350.0,False
coronavirus_like,1,100,3,8706,1,False,True,True,13130,10803.0,4442.0,True
coronavirus_like,1,100,3,8877,2,False,True,False,26749,,,
coronavirus_like,1,100,3,8902,3,False,True,False,15237,,,
coronavirus_like,1,100,3,10134,3,False,False,False,29413,,,
coronavirus_like,1,100,3,10850,1,False,False,False,788,,,
coronavirus_like,1,100,3,11158,6,False,True,False,15072,,,
coronavirus_like,1,100,3,11213,1,True,False,False,28935,,,
coronavirus_like,1,100,3,11560,1,False,True,True,16691,2845.0,1865.0,True
coronavirus_like,1,100,3,12447,1,False,False,False,890,,,
coronavirus_like,1,100,3,13211,9,False,True,False,3405,,,
coronavirus_like,1,100,3,13249,8,False,True,False,4723,,,
coronavirus_like,1,100,3,13397,2,False,True,True,6041,4759.0,919.0,True
coronavirus_like,1,100,3,14298,1,False,True,True,8111,685.0,578.0,True
coronavirus_like,1,100,3,14961,1,False,True,True,11518,2810.0,453.0,True
coronavirus_like,1,100,3,16335,1,True,True,True,17592,2692.0,2462.0,True
coronavirus_like,1,100,3,16757,7,False,True,False,24331,,,
coronavirus_like,1,100,3,17847,1,True,True,True,18125,1280.0,728.0,True
coronavirus_like,1,100,3,17970,1,True,True,True,22287,3478.0,1246.0,True
coronavirus_like,1,100,3,19122,1,False,True,True,12727,6004.0,3873.0,True
coronavirus_like,1,100,3,19766,8,False,True,True,19915,13317.0,3118.0,True
coronavirus_like,1,100,3,20951,1,False,True,True,9557,3271.0,1718.0,True
coronavirus_like,1,100,3,21306,1,True,False,False,27503,,,
coronavirus_like,1,100,3,21532,5,False,True,True,27709,3301.0,991.0,True
coronavirus_like,1,100,3,21929,1,False,True,True,16412,10530.0,887.0,True
coronavirus_like,1,100,3,22485,1,True,True,True,15070,5822.0,897.0,True
coronavirus_like,1,100,3,22900,2,False,True,True,5797,1653.0,294.0,True
coronavirus_like,1,100,3,23549,2,False,True,True,7199,2390.0,1845.0,True
coronavirus_like,1,100,3,23552,3,False,True,True,16652,949.0,254.0,True
coronavirus_like,1,100,3,23689,2,False,True,True,18430,426.0,136.0,True
coronavirus_like,1,100,3,24211,1,True,True,True,20635,814.0,806.0,True
coronavirus_like,1,100,3,24276,1,True,True,True,19571,616.0,483.0,True
coronavirus_like,1,100,3,24320,3,False,True,True,7910,2053.0,2048.0,True
coronavirus_like,1,100,3,25611,1,False,True,True,9700,1209.0,441.0,True
coronavirus_like,1,100,3,27039,12,False,False,False,28600,,,
coronavirus_like,1,100,3,27060,20,False,True,True,21596,2369.0,1437.0,True
coronavirus_like,1,100,3,27703,1,False,True,False,29046,,,
coronavirus_like,1,100,3,28040,1,False,True,True,4734,4275.0,1918.0,True
coronavirus_like,1,100,3,28518,1,False,True,True,20497,1109.0,863.0,True
coronavirus_like,1,100,3,28619,1,True,True,True,25209,861.0,828.0,True
coronavirus_like,1,100,3,29237,1,True,True,True,19212,970.0,225.0,True
coronavirus_like,1,100,3,29334,1,False,True,True,4812,2060.0,90.0,True
coronavirus_like,1,100,3,29877,1,False,True,True,19762,918.0,318.0,True
coronavirus_like,1,100,3,29898,1,False,True,True,10247,1081.0,1028.0,True
coronavirus_like,1,100,3,30244,1,True,True,True,21326,1305.0,34.0,True
coronavirus_like,1,100,3,30880,1,True,True,True,17783,1211.0,811.0,True
coronavirus_like,1,100,3,31539,5,False,True,True,918,1661.0,9791.0,False
coronavirus_like,1,100,3,32796,3,False,True,True,12046,3501.0,2056.0,True
coronavirus_like,1,100,3,33096,1,True,True,True,11683,,,
coronavirus_like,1,100,3,33131,14,False,True,True,17293,305.0,177.0,True
coronavirus_like,1,100,3,33157,2,False,True,True,23827,80.0,-371.0,False
coronavirus_like,1,100,3,33854,1,False,True,True,7823,4707.0,3599.0,True
coronavirus_like,1,100,3,35358,1,False,True,True,21657,1984.0,382.0,True
coronavirus_like,1,100,3,36565,1,False,True,True,12677,3985.0,3122.0,True
coronavirus_like,1,100,3,37719,3,False,True,True,13756,7101.0,3941.0,True
coronavirus_like,1,100,3,38633,1,True,True,True,10387,3388.0,1035.0,True
coronavirus_like,1,100,3,39356,1,True,True,True,8516,892.0,790.0,True
coronavirus_like,1,100,3,40188,1,True,True,True,17544,1021.0,141.0,True
coronavirus_like,1,100,3,40278,1,True,True,True,15715,1014.0,885.0,True
coronavirus_like,1,100,3,41232,11,False,True,True,2593,262.0,108.0,True
coronavirus_like,1,100,3,41751,1,False,True,True,12294,1210.0,192.0,True
coronavirus_like,1,100,3,42971,1,False,True,False,2616,,,
coronavirus_like,1,100,3,44767,7,False,True,False,1806,,,
coronavirus_like,1,100,3,45409,1,False,True,True,25776,2698.0,1372.0,True
coronavirus_like,1,100,3,46195,1,False,True,True,13915,856.0,127.0,True
coronavirus_like,1,100,3,46530,1,False,True,True,7131,863.0,810.0,True
coronavirus_like,1,100,3,47141,1,True,True,True,28002,3073.0,32.0,True
coronavirus_like,1,100,3,47452,1,True,True,True,25515,1948.0,1542.0,True
coronavirus_like,1,100,3,47800,18,False,True,True,11961,2951.0,1314.0,True
coronavirus_like,1,100,3,48442,1,False,True,True,23080,1038.0,454.0,True
coronavirus_like,1,100,3,49091,2,False,True,True,10957,1475.0,318.0,True
coronavirus_like,1,100,3,49395,2,False,True,True,16876,2445.0,2233.0,True
coronavirus_like,1,100,3,49970,5,False,False,False,1096,,,
coronavirus_like,1,100,3,50174,41,False,True,True,13292,1484.0,1378.0,True
coronavirus_like,1,100,3,50702,1,False,True,False,27662,,,
coronavirus_like,1,100,3,50998,1,False,True,True,19910,1627.0,827.0,True
coronavirus_like,1,100,3,51461,1,True,True,True,25030,687.0,635.0,True
coronavirus_like,1,100,3,51492,1,True,True,True,1237,396.0,384.0,True
coronavirus_like,1,100,3,52257,1,False,True,True,10494,1258.0,101.0,True
coronavirus_like,1,100,3,52600,1,True,True,True,6283,1098.0,145.0,True
coronavirus_like,1,100,3,53835,3,False,True,True,19701,2198.0,853.0,True
coronavirus_like,1,100,3,53894,1,True,True,True,12866,1159.0,879.0,True
coronavirus_like,1,100,3,54129,1,True,True,True,25789,1337.0,29.0,True
coronavirus_like,1,100,3,54507,19,False,True,True,22826,2319.0,1927.0,True
coronavirus_like,1,100,3,56110,1,False,True,False,1763,,,
coronavirus_like,1,100,3,56583,3,False,True,True,7326,365.0,69.0,True
coronavirus_like,1,100,3,56940,2,False,True,True,16246,2122.0,97.0,True
coronavirus_like,1,100,3,57191,2,False,True,True,23655,531.0,60.0,True
coronavirus_like,1,100,3,57239,1,True,True,True,22215,180.0,59.0,True
coronavirus_like,1,100,3,57909,1,False,True,True,17857,405.0,250.0,True
coronavirus_like,1,100,3,58626,1,False,True,True,10621,2045.0,389.0,True
coronavirus_like,1,100,3,59586,1,False,True,True,22265,1306.0,768.0,True
coronavirus_like,1,100,3,60519,1,True,True,True,13078,952.0,407.0,True
coronavirus_like,1,100,3,60722,1,True,True,False,1819,,,
coronavirus_like,1,100,3,60787,2,False,True,False,25738,,,
coronavirus_like,1,100,3,61644,1,True,True,True,13989,1994.0,53.0,True
coronavirus_like,1,100,3,61920,3,False,True,True,13576,1637.0,548.0,True
coronavirus_like,1,100,3,61958,1,False,False,True,29380,501.0,-3508.0,False
coronavirus_like,1,100,3,62557,1,False,True,True,16814,543.0,513.0,True
coronavirus_like,1,100,3,62587,2,False,True,True,3836,1846.0,1570.0,True
coronavirus_like,1,100,3,63221,1,False,True,True,19029,2726.0,361.0,True
coronavirus_like,1,100,3,63363,2,False,True,False,391,,,
coronavirus_like,1,100,3,63566,1,True,True,True,21616,1663.0,1234.0,True
coronavirus_like,1,100,3,63770,2,False,True,True,3375,241.0,45.0,True
coronavirus_like,1,100,3,63816,1,False,True,True,15483,2052.0,1180.0,True
coronavirus_like,1,100,3,64171,1,True,True,True,6052,261.0,84.0,True
coronavirus_like,1,100,3,64193,1,False,True,True,22640,1436.0,945.0,True
coronavirus_like,1,100,3,66505,2,False,False,False,29578,,,
coronavirus_like,1,100,3,66507,6,False,True,True,13967,1164.0,157.0,True
coronavirus_like,1,100,3,67906,1,True,True,True,7848,2105.0,949.0,True
coronavirus_like,1,100,3,68065,5,False,True,True,2683,274.0,17.0,True
coronavirus_like,1,100,3,68695,1,False,True,True,22240,1641.0,180.0,True
coronavirus_like,1,100,3,69399,1,True,True,True,22483,272.0,13.0,True
coronavirus_like,1,100,3,69621,1,True,True,True,12049,486.0,482.0,True
coronavirus_like,1,100,3,70692,1,True,True,True,26544,1930.0,1056.0,True
coronavirus_like,1,100,3,71517,10,False,True,True,19373,1579.0,17.0,True
coronavirus_like,1,100,3,71837,2,False,True,True,3829,948.0,837.0,True
coronavirus_like,1,100,3,72330,1,True,True,False,29912,,,
coronavirus_like,1,100,3,72994,1,False,True,True,9753,910.0,491.0,True
coronavirus_like,1,100,3,73174,1,True,True,True,1643,1027.0,645.0,True
coronavirus_like,1,100,3,73819,3,False,True,True,18772,1645.0,1115.0,True
coronavirus_like,1,100,3,74641,7,False,True,True,24005,7062.0,1955.0,True
coronavirus_like,1,100,3,75470,6,False,True,True,14340,2556.0,1962.0,True
coronavirus_like,1,100,3,76001,2,False,True,True,14723,1244.0,1192.0,True
coronavirus_like,1,100,3,76301,1,False,True,True,20363,501.0,415.0,True
coronavirus_like,1,100,3,77303,1,False,True,True,8836,150.0,95.0,True
coronavirus_like,1,100,3,78172,3,False,True,True,3550,1454.0,1116.0,True
coronavirus_like,1,100,3,78351,1,False,True,True,18178,2553.0,291.0,True
coronavirus_like,1,100,3,78825,5,False,True,True,15254,1100.0,37.0,True
coronavirus_like,1,100,3,79791,1,False,True,True,3275,1441.0,1250.0,True
coronavirus_like,1,100,3,79991,1,False,True,True,10871,,,
coronavirus_like,1,100,3,80292,1,False,True,True,26439,869.0,813.0,True
coronavirus_like,1,100,3,81340,3,False,True,True,3285,1846.0,1719.0,True
coronavirus_like,1,100,3,81600,1,False,True,True,7540,836.0,380.0,True
coronavirus_like,1,100,3,82386,1,False,True,False,29140,,,
coronavirus_like,1,100,3,82822,2,False,True,True,7475,823.0,185.0,True
coronavirus_like,1,100,3,83918,1,True,True,False,1549,,,
coronavirus_like,1,100,3,84027,1,True,True,False,1167,,,
coronavirus_like,1,100,3,84368,7,False,True,True,7241,1707.0,145.0,True
coronavirus_like,1,100,3,84834,2,False,True,False,16094,,,
coronavirus_like,1,100,3,85260,1,False,True,True,27968,329.0,100.0,True
coronavirus_like,1,100,3,86489,1,False,True,True,22916,686.0,267.0,True
coronavirus_like,1,100,3,87359,1,True,True,True,9008,772.0,731.0,True
coronavirus_like,1,100,3,87726,4,False,True,True,20272,191.0,4.0,True
coronavirus_like,1,100,3,87806,1,False,True,True,9559,402.0,180.0,True
coronavirus_like,1,100,3,89368,1,True,True,True,12444,1765.0,218.0,True
coronavirus_like,1,100,3,89550,1,False,True,True,26500,99.0,35.0,True
coronavirus_like,1,100,3,89854,1,False,True,True,9889,651.0,69.0,True
coronavirus_like,1,100,3,90428,1,True,True,True,22016,1474.0,258.0,True
coronavirus_like,1,100,3,90468,1,True,True,True,25250,220.0,156.0,True
coronavirus_like,1,100,3,91007,2,False,True,True,15343,1205.0,533.0,True
coronavirus_like,1,100,3,91780,3,False,True,True,16706,220.0,195.0,True
coronavirus_like,1,100,3,92785,4,False,True,True,7318,1631.0,589.0,True
coronavirus_like,1,100,3,92874,1,False,True,False,1396,,,
coronavirus_like,1,100,3,93019,3,False,True,True,20710,151.0,68.0,True
coronavirus_like,1,100,3,94073,1,False,True,True,12214,1587.0,1409.0,True
coronavirus_like,1,100,3,94231,7,False,True,True,28041,1616.0,78.0,True
coronavirus_like,1,100,3,94315,4,False,True,True,3380,774.0,175.0,True
coronavirus_like,1,100,3,94353,1,False,True,True,22571,751.0,279.0,True
coronavirus_like,1,100,3,94425,1,True,True,True,8730,808.0,627.0,True
coronavirus_like,1,100,3,94485,1,False,True,True,5936,,,
coronavirus_like,1,100,3,94929,1,True,True,True,13259,1225.0,486.0,True
coronavirus_like,1,100,3,96060,1,True,True,True,20353,469.0,201.0,True
coronavirus_like,1,100,3,96862,2,False,True,False,1963,,,
coronavirus_like,1,100,3,97337,1,True,True,True,17789,1082.0,680.0,True
coronavirus_like,1,100,3,97358,1,True,True,True,11738,747.0,157.0,True
coronavirus_like,1,100,3,98437,2,False,True,True,23017,235.0,150.0,True
coronavirus_like,1,100,3,98954,2,False,True,True,28375,481.0,156.0,True
coronavirus_like,1,100,3,99346,1,False,True,True,24262,513.0,75.0,True
coronavirus_like,1,100,3,100169,1,False,True,False,29865,,,
coronavirus_like,1,100,3,100823,1,True,True,True,1785,397.0,234.0,True
coronavirus_like,1,100,3,101055,1,False,True,True,14610,1092.0,60.0,True
coronavirus_like,1,100,3,101406,1,False,True,True,17930,253.0,209.0,True
coronavirus_like,1,100,3,101854,1,True,True,True,17945,478.0,468.0,True
coronavirus_like,1,100,3,101960,1,True,True,True,18773,1709.0,1503.0,True
coronavirus_like,1,100,3,102408,1,False,True,True,8520,696.0,210.0,True
coronavirus_like,1,100,3,103076,1,True,True,True,2601,535.0,179.0,True
coronavirus_like,1,100,3,103300,1,False,True,True,12258,1743.0,419.0,True
coronavirus_like,1,100,3,104978,1,False,True,True,988,343.0,272.0,True
coronavirus_like,1,100,3,105196,4,False,True,True,3354,552.0,40.0,True
coronavirus_like,1,100,3,106614,1,True,True,True,3663,1352.0,871.0,True
coronavirus_like,1,100,3,106745,2,False,True,True,10179,249.0,29.0,True
coronavirus_like,1,100,3,107138,4,False,True,True,15589,680.0,383.0,True
coronavirus_like,1,100,3,107691,1,False,True,False,1222,,,
coronavirus_like,1,100,3,107964,1,False,False,False,29464,,,
coronavirus_like,1,100,3,109278,1,False,True,True,1957,470.0,331.0,True
coronavirus_like,1,100,3,109287,1,False,False,False,9339,,,
coronavirus_like,1,100,3,109317,1,False,True,True,9867,562.0,162.0,True
coronavirus_like,1,100,3,109653,1,False,True,True,19880,318.0,279.0,True
coronavirus_like,1,100,3,110562,13,False,True,False,1151,,,
coronavirus_like,1,100,3,111724,1,False,True,True,24301,1415.0,148.0,True
coronavirus_like,1,100,3,111786,3,False,True,True,7142,252.0,142.0,True
coronavirus_like,1,100,3,112286,2,False,True,True,24618,1063.0,135.0,True
coronavirus_like,1,100,3,113626,1,False,True,True,4375,697.0,145.0,True
coronavirus_like,1,100,3,116535,1,False,True,True,2067,389.0,309.0,True
coronavirus_like,1,100,3,118314,1,False,True,True,15121,187.0,167.0,True
coronavirus_like,1,100,3,118316,2,False,True,True,15688,922.0,227.0,True
coronavirus_like,1,100,3,119565,1,True,True,True,12034,798.0,695.0,True
coronavirus_like,1,100,3,120588,1,False,True,True,26737,607.0,533.0,True
coronavirus_like,1,100,3,122309,1,False,True,True,6782,229.0,216.0,True
coronavirus_like,1,100,3,122870,1,False,True,True,13257,1082.0,502.0,True
coronavirus_like,1,100,3,123171,1,False,True,True,20594,1110.0,571.0,True
coronavirus_like,1,100,3,123417,4,False,True,True,6929,853.0,713.0,True
coronavirus_like,1,100,3,123503,1,False,True,False,459,,,
coronavirus_like,1,100,3,123568,1,False,True,True,11151,594.0,144.0,True
coronavirus_like,1,100,3,124219,15,False,True,True,1998,584.0,420.0,True
coronavirus_like,1,100,3,125071,1,True,True,True,19012,831.0,828.0,True
coronavirus_like,1,100,3,126370,1,True,True,True,3705,396.0,306.0,True
coronavirus_like,1,100,3,127497,6,False,True,True,7339,395.0,303.0,True
coronavirus_like,1,100,3,127861,1,False,True,True,24261,1004.0,78.0,True
coronavirus_like,1,100,3,127963,1,False,True,True,9707,258.0,10.0,True
coronavirus_like,1,100,3,127973,2,False,True,True,10782,413.0,67.0,True
coronavirus_like,1,100,3,128334,13,False,True,True,6801,695.0,663.0,True
coronavirus_like,1,100,3,128548,2,False,True,True,28692,379.0,262.0,True
coronavirus_like,1,100,3,128720,1,False,True,True,3108,894.0,462.0,True
coronavirus_like,1,100,3,129149,1,False,True,True,26925,459.0,37.0,True
coronavirus_like,1,100,3,129550,2,False,True,True,24678,341.0,86.0,True
coronavirus_like,1,100,3,129629,1,False,True,True,3483,249.0,166.0,True
coronavirus_like,1,100,3,129810,1,True,True,True,12684,2206.0,1418.0,True
coronavirus_like,1,100,3,130012,1,True,True,True,21609,167.0,117.0,True
coronavirus_like,1,100,3,130212,1,True,True,True,21014,28.0,25.0,True
coronavirus_like,1,100,3,130330,1,True,True,True,22013,60.0,1.0,True
coronavirus_like,1,100,3,130577,2,False,True,False,673,,,
coronavirus_like,1,100,3,130641,1,False,False,False,29880,,,
coronavirus_like,1,100,3,131538,1,False,True,True,2165,481.0,62.0,True
coronavirus_like,1,100,3,134225,1,False,True,True,22581,219.0,174.0,True
coronavirus_like,1,100,3,135315,1,True,True,False,17367,,,
coronavirus_like,1,100,3,136436,1,True,True,True,16869,1119.0,914.0,True
coronavirus_like,1,100,3,136846,1,False,True,True,28610,229.0,206.0,True
coronavirus_like,1,100,3,136895,1,False,True,False,28925,,,
coronavirus_like,1,100,3,137211,1,True,True,True,19881,169.0,129.0,True
coronavirus_like,1,100,3,138236,9,False,True,True,4580,448.0,238.0,True
coronavirus_like,1,100,3,138362,1,True,True,True,2617,1603.0,804.0,True
coronavirus_like,1,100,3,138935,1,True,True,True,16439,160.0,159.0,True
coronavirus_like,1,100,3,140842,4,False,True,True,26515,715.0,633.0,True
coronavirus_like,1,100,3,140935,3,False,True,True,7400,468.0,351.0,True
coronavirus_like,1,100,3,141124,4,False,True,True,14464,1277.0,175.0,True
coronavirus_like,1,100,3,141822,1,False,True,True,2638,1357.0,1013.0,True
coronavirus_like,1,100,3,142009,2,False,True,False,1432,,,
coronavirus_like,1,100,3,142222,24,False,True,True,5129,1273.0,1097.0,True
coronavirus_like,1,100,3,142239,3,False,True,True,8956,407.0,257.0,True
coronavirus_like,1,100,3,142434,1,False,True,True,20935,554.0,246.0,True
coronavirus_like,1,100,3,142657,6,False,True,True,28680,1095.0,154.0,True
coronavirus_like,1,100,3,143034,1,False,True,True,26767,806.0,777.0,True
coronavirus_like,1,100,3,143441,1,True,True,True,5970,515.0,192.0,True
coronavirus_like,1,100,3,143731,1,False,True,True,1451,509.0,392.0,True
coronavirus_like,1,100,3,145492,5,False,True,True,7696,419.0,208.0,True
coronavirus_like,1,100,3,145956,1,True,True,True,18503,180.0,166.0,True
coronavirus_like,1,100,3,145969,1,False,True,True,13593,1127.0,1005.0,True
coronavirus_like,1,100,3,146088,1,False,True,False,29269,,,
coronavirus_like,1,100,3,147751,4,False,True,True,17966,1612.0,447.0,True
coronavirus_like,1,100,3,148144,1,False,True,True,28797,399.0,50.0,True
coronavirus_like,1,100,3,148878,1,True,True,True,11104,278.0,171.0,True
coronavirus_like,1,100,3,148893,2,False,True,True,19017,192.0,66.0,True
coronavirus_like,1,100,3,149990,1,False,True,True,28384,832.0,570.0,True
coronavirus_like,1,100,3,149997,1,False,True,False,28993,,,
coronavirus_like,1,100,3,150512,1,True,True,True,23994,769.0,99.0,True
coronavirus_like,1,100,3,150986,1,False,True,True,2100,655.0,575.0,True
coronavirus_like,1,100,3,151613,1,True,True,True,3722,1884.0,149.0,True
coronavirus_like,1,100,3,151810,1,True,True,True,12509,720.0,716.0,True
coronavirus_like,1,100,3,152118,1,False,True,True,28465,134.0,108.0,True
coronavirus_like,1,100,3,152237,9,False,True,True,8225,422.0,142.0,True
coronavirus_like,1,100,3,152336,1,True,True,True,24031,513.0,306.0,True
coronavirus_like,1,100,3,152926,1,False,True,True,8622,177.0,175.0,True
coronavirus_like,1,100,3,153107,1,True,True,True,7990,383.0,179.0,True
coronavirus_like,1,100,3,153146,8,False,True,True,15972,56.0,0.0,True
coronavirus_like,1,100,3,153306,1,False,True,True,28279,459.0,128.0,True
coronavirus_like,1,100,3,153755,1,False,False,False,23433,,,
coronavirus_like,1,100,3,154285,1,False,True,True,7075,97.0,52.0,True
coronavirus_like,1,100,3,154819,1,True,True,True,20851,3969.0,894.0,True
coronavirus_like,1,100,3,155473,1,True,True,True,21073,826.0,380.0,True
coronavirus_like,1,100,3,158036,9,False,True,True,24646,270.0,107.0,True
coronavirus_like,1,100,3,158277,1,True,True,True,18318,443.0,433.0,True
coronavirus_like,1,100,3,159168,1,False,True,True,23214,1573.0,793.0,True
coronavirus_like,1,100,3,161324,1,False,True,True,5175,1273.0,1051.0,True
coronavirus_like,1,100,3,162357,1,True,True,True,12920,369.0,265.0,True
coronavirus_like,1,100,3,162414,1,True,True,False,19122,,,
coronavirus_like,1,100,3,162889,1,False,True,True,1571,1412.0,1270.0,True
coronavirus_like,1,100,3,163071,6,False,True,True,11726,273.0,201.0,True
coronavirus_like,1,100,3,163213,1,True,True,True,1845,900.0,2.0,True
coronavirus_like,1,100,3,163322,4,False,True,True,25248,1944.0,870.0,True
coronavirus_like,1,100,3,163451,2,False,True,True,495,549.0,539.0,True
coronavirus_like,1,100,3,163599,1,False,True,True,24241,860.0,7.0,True
coronavirus_like,1,100,3,163821,1,False,True,True,10366,303.0,184.0,True
coronavirus_like,1,100,3,164214,1,True,True,True,2875,741.0,285.0,True
coronavirus_like,1,100,3,164216,2,False,True,True,26568,89.0,77.0,True
coronavirus_like,1,100,3,164500,1,False,True,True,5696,421.0,129.0,True
coronavirus_like,1,100,3,165499,1,False,True,False,422,,,
coronavirus_like,1,100,3,166126,7,False,True,True,9691,528.0,144.0,True
coronavirus_like,1,100,3,166187,1,False,True,True,9954,749.0,102.0,True
coronavirus_like,1,100,3,167049,1,False,True,True,9068,476.0,214.0,True
coronavirus_like,1,100,3,167095,12,False,True,True,19587,342.0,193.0,True
coronavirus_like,1,100,3,167378,1,True,True,False,29003,,,
coronavirus_like,1,100,3,167631,1,False,False,False,29769,,,
coronavirus_like,1,100,3,167796,1,True,True,True,9621,658.0,623.0,True
coronavirus_like,1,100,3,168415,3,False,True,True,2159,337.0,129.0,True
coronavirus_like,1,100,3,169603,1,False,True,True,24367,441.0,82.0,True
coronavirus_like,1,100,3,171634,1,True,True,True,4316,242.0,38.0,True
coronavirus_like,1,100,3,172163,1,True,True,True,16182,248.0,39.0,True
coronavirus_like,1,100,3,172229,1,False,True,True,26876,178.0,131.0,True
coronavirus_like,1,100,3,172473,1,False,True,True,16244,460.0,186.0,True
coronavirus_like,1,100,3,173732,1,True,True,True,29558,322.0,4.0,True
coronavirus_like,1,100,3,174257,1,False,True,True,26520,519.0,91.0,True
coronavirus_like,1,100,3,175136,1,False,True,True,11735,91.0,78.0,True
coronavirus_like,1,100,3,175210,1,False,True,False,27995,,,
coronavirus_like,1,100,3,175828,2,False,True,True,16589,317.0,194.0,True
coronavirus_like,1,100,3,176361,1,True,True,True,13019,1041.0,66.0,True
coronavirus_like,1,100,3,176362,1,True,True,True,17845,577.0,546.0,True
coronavirus_like,1,100,3,176804,1,True,True,True,14524,284.0,134.0,True
coronavirus_like,1,100,3,177912,1,True,True,True,2522,706.0,604.0,True
coronavirus_like,1,100,3,178240,2,False,True,True,6984,441.0,246.0,True
coronavirus_like,1,100,3,179179,1,True,True,False,886,,,
coronavirus_like,1,100,3,179472,2,False,True,True,24299,274.0,183.0,True
coronavirus_like,1,100,3,180887,1,True,True,True,3478,654.0,600.0,True
coronavirus_like,1,100,3,181269,1,True,True,True,8288,576.0,517.0,True
coronavirus_like,1,100,4,88,1,True,True,False,22295,,,
coronavirus_like,1,100,4,504,1,True,True,False,22394,,,
coronavirus_like,1,100,4,977,1,False,True,False,10634,,,
coronavirus_like,1,100,4,1003,1,False,True,False,19276,,,
coronavirus_like,1,100,4,1022,1,False,True,False,10340,,,
coronavirus_like,1,100,4,1228,1,True,False,False,21798,,,
coronavirus_like,1,100,4,1247,1,False,False,False,485,,,
coronavirus_like,1,100,4,1266,1,True,True,False,2445,,,
coronavirus_like,1,100,4,1339,2,False,True,False,18548,,,
coronavirus_like,1,100,4,3007,3,False,True,False,15530,,,
coronavirus_like,1,100,4,3770,1,True,True,False,12726,,,
coronavirus_like,1,100,4,4293,2,False,True,False,19803,,,
coronavirus_like,1,100,4,4533,1,False,True,False,3526,,,
coronavirus_like,1,100,4,4988,1,True,True,True,10554,3271.0,721.0,True
coronavirus_like,1,100,4,5037,1,False,True,False,25131,,,
coronavirus_like,1,100,4,5322,1,False,True,False,1346,,,
coronavirus_like,1,100,4,5765,1,False,False,False,225,,,
coronavirus_like,1,100,4,6094,1,False,True,False,14299,,,
coronavirus_like,1,100,4,6586,1,True,True,True,17353,5955.0,3201.0,True
coronavirus_like,1,100,4,6863,1,True,True,False,19826,,,
coronavirus_like,1,100,4,7347,1,False,True,False,16856,,,
coronavirus_like,1,100,4,7390,1,True,True,False,28506,,,
coronavirus_like,1,100,4,7486,1,True,True,False,28253,,,
coronavirus_like,1,100,4,7663,4,False,True,False,3898,,,
coronavirus_like,1,100,4,8416,1,False,True,True,21146,4085.0,-1350.0,False
coronavirus_like,1,100,4,8706,1,False,True,True,13130,10803.0,4442.0,True
coronavirus_like,1,100,4,8877,2,False,True,False,26749,,,
coronavirus_like,1,100,4,8902,3,False,True,False,15237,,,
coronavirus_like,1,100,4,10134,3,False,False,False,29413,,,
coronavirus_like,1,100,4,10850,1,False,False,False,788,,,
coronavirus_like,1,100,4,11158,6,False,True,False,15072,,,
coronavirus_like,1,100,4,11213,1,True,False,False,28935,,,
coronavirus_like,1,100,4,11560,1,False,True,True,16691,2845.0,1865.0,True
coronavirus_like,1,100,4,12447,1,False,False,False,890,,,
coronavirus_like,1,100,4,13211,9,False,True,False,3405,,,
coronavirus_like,1,100,4,13249,8,False,True,False,4723,,,
coronavirus_like,1,100,4,13397,2,False,True,True,6041,4759.0,919.0,True
coronavirus_like,1,100,4,14298,1,False,True,True,8111,685.0,578.0,True
coronavirus_like,1,100,4,14961,1,False,True,True,11518,2810.0,453.0,True
coronavirus_like,1,100,4,16335,1,True,True,True,17592,2692.0,2462.0,True
coronavirus_like,1,100,4,16757,7,False,True,False,24331,,,
coronavirus_like,1,100,4,17847,1,True,True,True,18125,1280.0,728.0,True
coronavirus_like,1,100,4,17970,1,True,True,False,22287,,,
coronavirus_like,1,100,4,19122,1,False,True,True,12727,6004.0,3873.0,True
coronavirus_like,1,100,4,19766,8,False,True,True,19915,5616.0,657.0,True
coronavirus_like,1,100,4,20951,1,False,True,True,9557,3271.0,1718.0,True
coronavirus_like,1,100,4,21306,1,True,False,False,27503,,,
coronavirus_like,1,100,4,21532,5,False,True,True,27709,3301.0,991.0,True
coronavirus_like,1,100,4,21929,1,False,True,True,16412,10530.0,887.0,True
coronavirus_like,1,100,4,22485,1,True,True,True,15070,5822.0,897.0,True
coronavirus_like,1,100,4,22900,2,False,True,True,5797,1653.0,294.0,True
coronavirus_like,1,100,4,23549,2,False,True,True,7199,2390.0,1845.0,True
coronavirus_like,1,100,4,23552,3,False,True,True,16652,949.0,254.0,True
coronavirus_like,1,100,4,23689,2,False,True,True,18430,426.0,136.0,True
coronavirus_like,1,100,4,24211,1,True,True,True,20635,814.0,806.0,True
coronavirus_like,1,100,4,24276,1,True,True,True,19571,616.0,483.0,True
coronavirus_like,1,100,4,24320,3,False,True,True,7910,2053.0,2048.0,True
coronavirus_like,1,100,4,25611,1,False,True,True,9700,1209.0,441.0,True
coronavirus_like,1,100,4,27039,12,False,False,False,28600,,,
coronavirus_like,1,100,4,27060,20,False,True,True,21596,2369.0,1437.0,True
coronavirus_like,1,100,4,27703,1,False,True,False,29046,,,
coronavirus_like,1,100,4,28040,1,False,True,True,4734,4275.0,1918.0,True
coronavirus_like,1,100,4,28518,1,False,True,True,20497,1109.0,863.0,True
coronavirus_like,1,100,4,28619,1,True,True,True,25209,861.0,828.0,True
coronavirus_like,1,100,4,29237,1,True,True,True,19212,970.0,225.0,True
coronavirus_like,1,100,4,29334,1,False,True,True,4812,2060.0,90.0,True
coronavirus_like,1,100,4,29877,1,False,True,True,19762,918.0,318.0,True
coronavirus_like,1,100,4,29898,1,False,True,True,10247,1081.0,1028.0,True
coronavirus_like,1,100,4,30244,1,True,True,True,21326,1305.0,34.0,True
coronavirus_like,1,100,4,30880,1,True,True,True,17783,1211.0,811.0,True
coronavirus_like,1,100,4,31539,5,False,True,False,918,,,
coronavirus_like,1,100,4,32796,3,False,True,True,12046,3501.0,2056.0,True
coronavirus_like,1,100,4,33096,1,True,True,True,11683,918.0,8397.0,False
coronavirus_like,1,100,4,33131,14,False,True,True,17293,305.0,177.0,True
coronavirus_like,1,100,4,33157,2,False,True,True,23827,80.0,-371.0,False
coronavirus_like,1,100,4,33854,1,False,True,True,7823,4707.0,3599.0,True
coronavirus_like,1,100,4,35358,1,False,True,True,21657,1984.0,382.0,True
coronavirus_like,1,100,4,36565,1,False,True,True,12677,3985.0,3122.0,True
coronavirus_like,1,100,4,37719,3,False,True,True,13756,7101.0,3941.0,True
coronavirus_like,1,100,4,38633,1,True,True,True,10387,3388.0,1035.0,True
coronavirus_like,1,100,4,39356,1,True,True,True,8516,892.0,790.0,True
coronavirus_like,1,100,4,40188,1,True,True,True,17544,1021.0,141.0,True
coronavirus_like,1,100,4,40278,1,True,True,True,15715,1014.0,885.0,True
coronavirus_like,1,100,4,41232,11,False,True,True,2593,262.0,108.0,True
coronavirus_like,1,100,4,41751,1,False,True,True,12294,1210.0,192.0,True
coronavirus_like,1,100,4,42971,1,False,True,False,2616,,,
coronavirus_like,1,100,4,44767,7,False,True,False,1806,,,
coronavirus_like,1,100,4,45409,1,False,True,True,25776,2698.0,1372.0,True
coronavirus_like,1,100,4,46195,1,False,True,True,13915,856.0,127.0,True
coronavirus_like,1,100,4,46530,1,False,True,True,7131,863.0,810.0,True
coronavirus_like,1,100,4,47141,1,True,True,True,28002,3073.0,32.0,True
coronavirus_like,1,100,4,47452,1,True,True,True,25515,1948.0,1542.0,True
coronavirus_like,1,100,4,47800,18,False,True,True,11961,2951.0,1314.0,True
coronavirus_like,1,100,4,48442,1,False,True,True,23080,1038.0,454.0,True
coronavirus_like,1,100,4,49091,2,False,True,True,10957,1475.0,318.0,True
coronavirus_like,1,100,4,49395,2,False,True,True,16876,2445.0,2233.0,True
coronavirus_like,1,100,4,49970,5,False,False,False,1096,,,
coronavirus_like,1,100,4,50174,41,False,True,True,13292,1484.0,1378.0,True
coronavirus_like,1,100,4,50702,1,False,True,False,27662,,,
coronavirus_like,1,100,4,50998,1,False,True,True,19910,1627.0,827.0,True
coronavirus_like,1,100,4,51461,1,True,True,True,25030,687.0,635.0,True
coronavirus_like,1,100,4,51492,1,True,True,False,1237,,,
coronavirus_like,1,100,4,52257,1,False,True,True,10494,1258.0,101.0,True
coronavirus_like,1,100,4,52600,1,True,True,True,6283,1098.0,145.0,True
coronavirus_like,1,100,4,53835,3,False,True,True,19701,2198.0,853.0,True
coronavirus_like,1,100,4,53894,1,True,True,True,12866,1159.0,879.0,True
coronavirus_like,1,100,4,54129,1,True,True,True,25789,1337.0,29.0,True
coronavirus_like,1,100,4,54507,19,False,True,True,22826,2319.0,1927.0,True
coronavirus_like,1,100,4,56110,1,False,True,False,1763,,,
coronavirus_like,1,100,4,56583,3,False,True,True,7326,365.0,69.0,True
coronavirus_like,1,100,4,56940,2,False,True,True,16246,2122.0,97.0,True
coronavirus_like,1,100,4,57191,2,False,True,True,23655,531.0,60.0,True
coronavirus_like,1,100,4,57239,1,True,True,True,22215,180.0,59.0,True
coronavirus_like,1,100,4,57909,1,False,True,True,17857,405.0,250.0,True
coronavirus_like,1,100,4,58626,1,False,True,True,10621,2045.0,389.0,True
coronavirus_like,1,100,4,59586,1,False,True,True,22265,1306.0,768.0,True
coronavirus_like,1,100,4,60519,1,True,True,True,13078,952.0,407.0,True
coronavirus_like,1,100,4,60722,1,True,True,False,1819,,,
coronavirus_like,1,100,4,60787,2,False,True,False,25738,,,
coronavirus_like,1,100,4,61644,1,True,True,True,13989,1994.0,53.0,True
coronavirus_like,1,100,4,61920,3,False,True,True,13576,1637.0,548.0,True
coronavirus_like,1,100,4,61958,1,False,False,True,29380,501.0,-3508.0,False
coronavirus_like,1,100,4,62557,1,False,True,True,16814,543.0,513.0,True
coronavirus_like,1,100,4,62587,2,False,True,True,3836,1846.0,1570.0,True
coronavirus_like,1,100,4,63221,1,False,True,True,19029,2726.0,361.0,True
coronavirus_like,1,100,4,63363,2,False,True,False,391,,,
coronavirus_like,1,100,4,63566,1,True,True,True,21616,1663.0,1234.0,True
coronavirus_like,1,100,4,63770,2,False,True,True,3375,241.0,45.0,True
coronavirus_like,1,100,4,63816,1,False,True,True,15483,2052.0,1180.0,True
coronavirus_like,1,100,4,64171,1,True,True,True,6052,261.0,84.0,True
coronavirus_like,1,100,4,64193,1,False,True,True,22640,1436.0,945.0,True
coronavirus_like,1,100,4,66505,2,False,False,False,29578,,,
coronavirus_like,1,100,4,66507,6,False,True,True,13967,1164.0,157.0,True
coronavirus_like,1,100,4,67906,1,True,True,True,7848,2105.0,949.0,True
coronavirus_like,1,100,4,68065,5,False,True,True,2683,274.0,17.0,True
coronavirus_like,1,100,4,68695,1,False,True,True,22240,1641.0,180.0,True
coronavirus_like,1,100,4,69399,1,True,True,True,22483,272.0,13.0,True
coronavirus_like,1,100,4,69621,1,True,True,True,12049,486.0,482.0,True
coronavirus_like,1,100,4,70692,1,True,True,True,26544,1930.0,1056.0,True
coronavirus_like,1,100,4,71517,10,False,True,True,19373,1579.0,17.0,True
coronavirus_like,1,100,4,71837,2,False,True,True,3829,948.0,837.0,True
coronavirus_like,1,100,4,72330,1,True,True,False,29912,,,
coronavirus_like,1,100,4,72994,1,False,True,True,9753,910.0,491.0,True
coronavirus_like,1,100,4,73174,1,True,True,True,1643,1027.0,645.0,True
coronavirus_like,1,100,4,73819,3,False,True,True,18772,1645.0,1115.0,True
coronavirus_like,1,100,4,74641,7,False,True,False,24005,,,
coronavirus_like,1,100,4,75470,6,False,True,True,14340,2556.0,1962.0,True
coronavirus_like,1,100,4,76001,2,False,True,True,14723,1244.0,1192.0,True
coronavirus_like,1,100,4,76301,1,False,True,True,20363,501.0,415.0,True
coronavirus_like,1,100,4,77303,1,False,True,True,8836,150.0,95.0,True
coronavirus_like,1,100,4,78172,3,False,True,True,3550,1454.0,1116.0,True
coronavirus_like,1,100,4,78351,1,False,True,True,18178,2553.0,291.0,True
coronavirus_like,1,100,4,78825,5,False,True,True,15254,1100.0,37.0,True
coronavirus_like,1,100,4,79791,1,False,True,True,3275,1441.0,1250.0,True
coronavirus_like,1,100,4,79991,1,False,True,True,10871,,,
coronavirus_like,1,100,4,80292,1,False,True,True,26439,869.0,813.0,True
coronavirus_like,1,100,4,81340,3,False,True,True,3285,1846.0,1719.0,True
coronavirus_like,1,100,4,81600,1,False,True,True,7540,836.0,380.0,True
coronavirus_like,1,100,4,82386,1,False,True,False,29140,,,
coronavirus_like,1,100,4,82822,2,False,True,True,7475,823.0,185.0,True
coronavirus_like,1,100,4,83918,1,True,True,False,1549,,,
coronavirus_like,1,100,4,84027,1,True,True,False,1167,,,
coronavirus_like,1,100,4,84368,7,False,True,True,7241,1707.0,145.0,True
coronavirus_like,1,100,4,84834,2,False,True,False,16094,,,
coronavirus_like,1,100,4,85260,1,False,True,False,27968,,,
coronavirus_like,1,100,4,86489,1,False,True,True,22916,686.0,267.0,True
coronavirus_like,1,100,4,87359,1,True,True,True,9008,772.0,731.0,True
coronavirus_like,1,100,4,87726,4,False,True,True,20272,191.0,4.0,True
coronavirus_like,1,100,4,87806,1,False,True,True,9559,402.0,180.0,True
coronavirus_like,1,100,4,89368,1,True,True,True,12444,1765.0,218.0,True
coronavirus_like,1,100,4,89550,1,False,True,True,26500,99.0,35.0,True
coronavirus_like,1,100,4,89854,1,False,True,True,9889,651.0,69.0,True
coronavirus_like,1,100,4,90428,1,True,True,True,22016,1474.0,258.0,True
coronavirus_like,1,100,4,90468,1,True,True,True,25250,220.0,156.0,True
coronavirus_like,1,100,4,91007,2,False,True,True,15343,1205.0,533.0,True
coronavirus_like,1,100,4,91780,3,False,True,True,16706,220.0,195.0,True
coronavirus_like,1,100,4,92785,4,False,True,True,7318,1631.0,589.0,True
coronavirus_like,1,100,4,92874,1,False,True,False,1396,,,
coronavirus_like,1,100,4,93019,3,False,True,True,20710,151.0,68.0,True
coronavirus_like,1,100,4,94073,1,False,True,True,12214,1587.0,1409.0,True
coronavirus_like,1,100,4,94231,7,False,True,True,28041,1616.0,78.0,True
coronavirus_like,1,100,4,94315,4,False,True,True,3380,774.0,175.0,True
coronavirus_like,1,100,4,94353,1,False,True,True,22571,751.0,279.0,True
coronavirus_like,1,100,4,94425,1,True,True,True,8730,808.0,627.0,True
coronavirus_like,1,100,4,94485,1,False,True,True,5936,,,
coronavirus_like,1,100,4,94929,1,True,True,True,13259,1225.0,486.0,True
coronavirus_like,1,100,4,96060,1,True,True,True,20353,469.0,201.0,True
coronavirus_like,1,100,4,96862,2,False,True,False,1963,,,
coronavirus_like,1,100,4,97337,1,True,True,True,17789,1082.0,680.0,True
coronavirus_like,1,100,4,97358,1,True,True,True,11738,747.0,157.0,True
coronavirus_like,1,100,4,98437,2,False,True,True,23017,235.0,150.0,True
coronavirus_like,1,100,4,98954,2,False,True,False,28375,,,
coronavirus_like,1,100,4,99346,1,False,True,True,24262,513.0,75.0,True
coronavirus_like,1,100,4,100169,1,False,True,False,29865,,,
coronavirus_like,1,100,4,100823,1,True,True,False,1785,,,
coronavirus_like,1,100,4,101055,1,False,True,True,14610,1092.0,60.0,True
coronavirus_like,1,100,4,101406,1,False,True,True,17930,253.0,209.0,True
coronavirus_like,1,100,4,101854,1,True,True,True,17945,478.0,468.0,True
coronavirus_like,1,100,4,101960,1,True,True,True,18773,1709.0,1503.0,True
coronavirus_like,1,100,4,102408,1,False,True,True,8520,696.0,210.0,True
coronavirus_like,1,100,4,103076,1,True,True,True,2601,535.0,179.0,True
coronavirus_like,1,100,4,103300,1,False,True,True,12258,1743.0,419.0,True
coronavirus_like,1,100,4,104978,1,False,True,True,988,343.0,272.0,True
coronavirus_like,1,100,4,105196,4,False,True,True,3354,552.0,40.0,True
coronavirus_like,1,100,4,106614,1,True,True,True,3663,1352.0,871.0,True
coronavirus_like,1,100,4,106745,2,False,True,True,10179,249.0,29.0,True
coronavirus_like,1,100,4,107138,4,False,True,True,15589,680.0,383.0,True
coronavirus_like,1,100,4,107691,1,False,True,False,1222,,,
coronavirus_like,1,100,4,107964,1,False,False,False,29464,,,
coronavirus_like,1,100,4,109278,1,False,True,True,1957,470.0,331.0,True
coronavirus_like,1,100,4,109287,1,False,False,False,9339,,,
coronavirus_like,1,100,4,109317,1,False,True,True,9867,562.0,162.0,True
coronavirus_like,1,100,4,109653,1,False,True,True,19880,318.0,279.0,True
coronavirus_like,1,100,4,110562,13,False,True,False,1151,,,
coronavirus_like,1,100,4,111724,1,False,True,True,24301,1415.0,148.0,True
coronavirus_like,1,100,4,111786,3,False,True,True,7142,252.0,142.0,True
coronavirus_like,1,100,4,112286,2,False,True,True,24618,1063.0,135.0,True
coronavirus_like,1,100,4,113626,1,False,True,True,4375,697.0,145.0,True
coronavirus_like,1,100,4,116535,1,False,True,False,2067,,,
coronavirus_like,1,100,4,118314,1,False,True,True,15121,187.0,167.0,True
coronavirus_like,1,100,4,118316,2,False,True,True,15688,922.0,227.0,True
coronavirus_like,1,100,4,119565,1,True,True,True,12034,798.0,695.0,True
coronavirus_like,1,100,4,120588,1,False,True,True,26737,607.0,533.0,True
coronavirus_like,1,100,4,122309,1,False,True,True,6782,229.0,216.0,True
coronavirus_like,1,100,4,122870,1,False,True,True,13257,1082.0,502.0,True
coronavirus_like,1,100,4,123171,1,False,True,True,20594,1110.0,571.0,True
coronavirus_like,1,100,4,123417,4,False,True,True,6929,853.0,713.0,True
coronavirus_like,1,100,4,123503,1,False,True,False,459,,,
coronavirus_like,1,100,4,123568,1,False,True,True,11151,594.0,144.0,True
coronavirus_like,1,100,4,124219,15,False,True,True,1998,584.0,420.0,True
coronavirus_like,1,100,4,125071,1,True,True,True,19012,831.0,828.0,True
coronavirus_like,1,100,4,126370,1,True,True,True,3705,396.0,306.0,True
coronavirus_like,1,100,4,127497,6,False,True,True,7339,395.0,303.0,True
coronavirus_like,1,100,4,127861,1,False,True,True,24261,1004.0,78.0,True
coronavirus_like,1,100,4,127963,1,False,True,True,9707,258.0,10.0,True
coronavirus_like,1,100,4,127973,2,False,True,True,10782,413.0,67.0,True
coronavirus_like,1,100,4,128334,13,False,True,True,6801,695.0,663.0,True
coronavirus_like,1,100,4,128548,2,False,True,True,28692,379.0,262.0,True
coronavirus_like,1,100,4,128720,1,False,True,True,3108,894.0,462.0,True
coronavirus_like,1,100,4,129149,1,False,True,True,26925,459.0,37.0,True
coronavirus_like,1,100,4,129550,2,False,True,True,24678,341.0,86.0,True
coronavirus_like,1,100,4,129629,1,False,True,True,3483,249.0,166.0,True
coronavirus_like,1,100,4,129810,1,True,True,True,12684,2206.0,1418.0,True
coronavirus_like,1,100,4,130012,1,True,True,True,21609,167.0,117.0,True
coronavirus_like,1,100,4,130212,1,True,True,True,21014,28.0,25.0,True
coronavirus_like,1,100,4,130330,1,True,True,True,22013,60.0,1.0,True
coronavirus_like,1,100,4,130577,2,False,True,False,673,,,
coronavirus_like,1,100,4,130641,1,False,False,False,29880,,,
coronavirus_like,1,100,4,131538,1,False,True,True,2165,481.0,62.0,True
coronavirus_like,1,100,4,134225,1,False,True,True,22581,219.0,174.0,True
coronavirus_like,1,100,4,135315,1,True,True,False,17367,,,
coronavirus_like,1,100,4,136436,1,True,True,True,16869,1119.0,914.0,True
coronavirus_like,1,100,4,136846,1,False,True,True,28610,229.0,206.0,True
coronavirus_like,1,100,4,136895,1,False,True,False,28925,,,
coronavirus_like,1,100,4,137211,1,True,True,True,19881,169.0,129.0,True
coronavirus_like,1,100,4,138236,9,False,True,True,4580,448.0,238.0,True
coronavirus_like,1,100,4,138362,1,True,True,True,2617,1603.0,804.0,True
coronavirus_like,1,100,4,138935,1,True,True,True,16439,160.0,159.0,True
coronavirus_like,1,100,4,140842,4,False,True,True,26515,715.0,633.0,True
coronavirus_like,1,100,4,140935,3,False,True,True,7400,468.0,351.0,True
coronavirus_like,1,100,4,141124,4,False,True,True,14464,1277.0,175.0,True
coronavirus_like,1,100,4,141822,1,False,True,True,2638,1357.0,1013.0,True
coronavirus_like,1,100,4,142009,2,False,True,False,1432,,,
coronavirus_like,1,100,4,142222,24,False,True,True,5129,1273.0,1097.0,True
coronavirus_like,1,100,4,142239,3,False,True,True,8956,407.0,257.0,True
coronavirus_like,1,100,4,142434,1,False,True,True,20935,554.0,246.0,True
coronavirus_like,1,100,4,142657,6,False,True,True,28680,1095.0,154.0,True
coronavirus_like,1,100,4,143034,1,False,True,True,26767,806.0,777.0,True
coronavirus_like,1,100,4,143441,1,True,True,True,5970,515.0,192.0,True
coronavirus_like,1,100,4,143731,1,False,True,True,1451,509.0,392.0,True
coronavirus_like,1,100,4,145492,5,False,True,True,7696,419.0,208.0,True
coronavirus_like,1,100,4,145956,1,True,True,True,18503,180.0,166.0,True
coronavirus_like,1,100,4,145969,1,False,True,True,13593,1127.0,1005.0,True
coronavirus_like,1,100,4,146088,1,False,True,False,29269,,,
coronavirus_like,1,100,4,147751,4,False,True,True,17966,1612.0,447.0,True
coronavirus_like,1,100,4,148144,1,False,True,True,28797,399.0,50.0,True
coronavirus_like,1,100,4,148878,1,True,True,True,11104,278.0,171.0,True
coronavirus_like,1,100,4,148893,2,False,True,True,19017,192.0,66.0,True
coronavirus_like,1,100,4,149990,1,False,True,True,28384,832.0,570.0,True
coronavirus_like,1,100,4,149997,1,False,True,False,28993,,,
coronavirus_like,1,100,4,150512,1,True,True,True,23994,769.0,99.0,True
coronavirus_like,1,100,4,150986,1,False,True,True,2100,655.0,575.0,True
coronavirus_like,1,100,4,151613,1,True,True,True,3722,1884.0,149.0,True
coronavirus_like,1,100,4,151810,1,True,True,True,12509,720.0,716.0,True
coronavirus_like,1,100,4,152118,1,False,True,True,28465,134.0,108.0,True
coronavirus_like,1,100,4,152237,9,False,True,True,8225,422.0,142.0,True
coronavirus_like,1,100,4,152336,1,True,True,True,24031,513.0,306.0,True
coronavirus_like,1,100,4,152926,1,False,True,True,8622,177.0,175.0,True
coronavirus_like,1,100,4,153107,1,True,True,True,7990,383.0,179.0,True
coronavirus_like,1,100,4,153146,8,False,True,True,15972,56.0,0.0,True
coronavirus_like,1,100,4,153306,1,False,True,True,28279,459.0,128.0,True
coronavirus_like,1,100,4,153755,1,False,False,False,23433,,,
coronavirus_like,1,100,4,154285,1,False,True,True,7075,97.0,52.0,True
coronavirus_like,1,100,4,154819,1,True,True,True,20851,3969.0,894.0,True
coronavirus_like,1,100,4,155473,1,True,True,True,21073,826.0,380.0,True
coronavirus_like,1,100,4,158036,9,False,True,True,24646,270.0,107.0,True
coronavirus_like,1,100,4,158277,1,True,True,True,18318,443.0,433.0,True
coronavirus_like,1,100,4,159168,1,False,True,True,23214,1573.0,793.0,True
coronavirus_like,1,100,4,161324,1,False,True,True,5175,1273.0,1051.0,True
coronavirus_like,1,100,4,162357,1,True,True,True,12920,369.0,265.0,True
coronavirus_like,1,100,4,162414,1,True,True,False,19122,,,
coronavirus_like,1,100,4,162889,1,False,True,True,1571,1412.0,1270.0,True
coronavirus_like,1,100,4,163071,6,False,True,True,11726,273.0,201.0,True
coronavirus_like,1,100,4,163213,1,True,True,True,1845,900.0,2.0,True
coronavirus_like,1,100,4,163322,4,False,True,True,25248,1944.0,870.0,True
coronavirus_like,1,100,4,163451,2,False,True,False,495,,,
coronavirus_like,1,100,4,163599,1,False,True,True,24241,860.0,7.0,True
coronavirus_like,1,100,4,163821,1,False,True,True,10366,303.0,184.0,True
coronavirus_like,1,100,4,164214,1,True,True,True,2875,741.0,285.0,True
coronavirus_like,1,100,4,164216,2,False,True,True,26568,89.0,77.0,True
coronavirus_like,1,100,4,164500,1,False,True,True,5696,421.0,129.0,True
coronavirus_like,1,100,4,165499,1,False,True,False,422,,,
coronavirus_like,1,100,4,166126,7,False,True,True,9691,528.0,144.0,True
coronavirus_like,1,100,4,166187,1,False,True,True,9954,749.0,102.0,True
coronavirus_like,1,100,4,167049,1,False,True,True,9068,476.0,214.0,True
coronavirus_like,1,100,4,167095,12,False,True,True,19587,342.0,193.0,True
coronavirus_like,1,100,4,167378,1,True,True,False,29003,,,
coronavirus_like,1,100,4,167631,1,False,False,False,29769,,,
coronavirus_like,1,100,4,167796,1,True,True,True,9621,658.0,623.0,True
coronavirus_like,1,100,4,168415,3,False,True,True,2159,337.0,129.0,True
coronavirus_like,1,100,4,169603,1,False,True,True,24367,441.0,82.0,True
coronavirus_like,1,100,4,171634,1,True,True,True,4316,242.0,38.0,True
coronavirus_like,1,100,4,172163,1,True,True,True,16182,248.0,39.0,True
coronavirus_like,1,100,4,172229,1,False,True,True,26876,178.0,131.0,True
coronavirus_like,1,100,4,172473,1,False,True,True,16244,460.0,186.0,True
coronavirus_like,1,100,4,173732,1,True,True,True,29558,322.0,4.0,True
coronavirus_like,1,100,4,174257,1,False,True,True,26520,519.0,91.0,True
coronavirus_like,1,100,4,175136,1,False,True,True,11735,91.0,78.0,True
coronavirus_like,1,100,4,175210,1,False,True,False,27995,,,
coronavirus_like,1,100,4,175828,2,False,True,True,16589,317.0,194.0,True
coronavirus_like,1,100,4,176361,1,True,True,True,13019,1041.0,66.0,True
coronavirus_like,1,100,4,176362,1,True,True,True,17845,577.0,546.0,True
coronavirus_like,1,100,4,176804,1,True,True,True,14524,284.0,134.0,True
coronavirus_like,1,100,4,177912,1,True,True,True,2522,706.0,604.0,True
coronavirus_like,1,100,4,178240,2,False,True,True,6984,441.0,246.0,True
coronavirus_like,1,100,4,179179,1,True,True,False,886,,,
coronavirus_like,1,100,4,179472,2,False,True,True,24299,274.0,183.0,True
coronavirus_like,1,100,4,180887,1,True,True,True,3478,654.0,600.0,True
coronavirus_like,1,100,4,181269,1,True,True,True,8288,576.0,517.0,True
coronavirus_like,1,100,5,88,1,True,True,False,22295,,,
coronavirus_like,1,100,5,504,1,True,True,False,22394,,,
coronavirus_like,1,100,5,977,1,False,True,False,10634,,,
coronavirus_like,1,100,5,1003,1,False,True,False,19276,,,
coronavirus_like,1,100,5,1022,1,False,True,False,10340,,,
coronavirus_like,1,100,5,1228,1,True,False,False,21798,,,
coronavirus_like,1,100,5,1247,1,False,False,False,485,,,
coronavirus_like,1,100,5,1266,1,True,True,False,2445,,,
coronavirus_like,1,100,5,1339,2,False,True,False,18548,,,
coronavirus_like,1,100,5,3007,3,False,True,False,15530,,,
coronavirus_like,1,100,5,3770,1,True,True,False,12726,,,
coronavirus_like,1,100,5,4293,2,False,True,False,19803,,,
coronavirus_like,1,100,5,4533,1,False,True,False,3526,,,
coronavirus_like,1,100,5,4988,1,True,True,False,10554,,,
coronavirus_like,1,100,5,5037,1,False,True,False,25131,,,
coronavirus_like,1,100,5,5322,1,False,True,False,1346,,,
coronavirus_like,1,100,5,5765,1,False,False,False,225,,,
coronavirus_like,1,100,5,6094,1,False,True,False,14299,,,
coronavirus_like,1,100,5,6586,1,True,True,True,17353,5955.0,3201.0,True
coronavirus_like,1,100,5,6863,1,True,True,False,19826,,,
coronavirus_like,1,100,5,7347,1,False,True,False,16856,,,
coronavirus_like,1,100,5,7390,1,True,True,False,28506,,,
coronavirus_like,1,100,5,7486,1,True,True,False,28253,,,
coronavirus_like,1,100,5,7663,4,False,True,False,3898,,,
coronavirus_like,1,100,5,8416,1,False,True,True,21146,4085.0,-1350.0,False
coronavirus_like,1,100,5,8706,1,False,True,False,13130,,,
coronavirus_like,1,100,5,8877,2,False,True,False,26749,,,
coronavirus_like,1,100,5,8902,3,False,True,False,15237,,,
coronavirus_like,1,100,5,10134,3,False,False,False,29413,,,
coronavirus_like,1,100,5,10850,1,False,False,False,788,,,
coronavirus_like,1,100,5,11158,6,False,True,False,15072,,,
coronavirus_like,1,100,5,11213,1,True,False,False,28935,,,
coronavirus_like,1,100,5,11560,1,False,True,False,16691,,,
coronavirus_like,1,100,5,12447,1,False,False,False,890,,,
coronavirus_like,1,100,5,13211,9,False,True,False,3405,,,
coronavirus_like,1,100,5,13249,8,False,True,False,4723,,,
coronavirus_like,1,100,5,13397,2,False,True,True,6041,4759.0,919.0,True
coronavirus_like,1,100,5,14298,1,False,True,True,8111,685.0,578.0,True
coronavirus_like,1,100,5,14961,1,False,True,False,11518,,,
coronavirus_like,1,100,5,16335,1,True,True,True,17592,2692.0,2462.0,True
coronavirus_like,1,100,5,16757,7,False,True,False,24331,,,
coronavirus_like,1,100,5,17847,1,True,True,True,18125,1280.0,728.0,True
coronavirus_like,1,100,5,17970,1,True,True,False,22287,,,
coronavirus_like,1,100,5,19122,1,False,True,True,12727,6004.0,3873.0,True
coronavirus_like,1,100,5,19766,8,False,True,False,19915,,,
coronavirus_like,1,100,5,20951,1,False,True,True,9557,3271.0,1718.0,True
coronavirus_like,1,100,5,21306,1,True,False,False,27503,,,
coronavirus_like,1,100,5,21532,5,False,True,False,27709,,,
coronavirus_like,1,100,5,21929,1,False,True,True,16412,10530.0,887.0,True
coronavirus_like,1,100,5,22485,1,True,True,True,15070,5822.0,897.0,True
coronavirus_like,1,100,5,22900,2,False,True,True,5797,1653.0,294.0,True
coronavirus_like,1,100,5,23549,2,False,True,True,7199,2390.0,1845.0,True
coronavirus_like,1,100,5,23552,3,False,True,True,16652,949.0,254.0,True
coronavirus_like,1,100,5,23689,2,False,True,True,18430,426.0,136.0,True
coronavirus_like,1,100,5,24211,1,True,True,True,20635,814.0,806.0,True
coronavirus_like,1,100,5,24276,1,True,True,True,19571,616.0,483.0,True
coronavirus_like,1,100,5,24320,3,False,True,True,7910,2053.0,2048.0,True
coronavirus_like,1,100,5,25611,1,False,True,False,9700,,,
coronavirus_like,1,100,5,27039,12,False,False,False,28600,,,
coronavirus_like,1,100,5,27060,20,False,True,True,21596,2369.0,1437.0,True
coronavirus_like,1,100,5,27703,1,False,True,False,29046,,,
coronavirus_like,1,100,5,28040,1,False,True,False,4734,,,
coronavirus_like,1,100,5,28518,1,False,True,True,20497,1109.0,863.0,True
coronavirus_like,1,100,5,28619,1,True,True,False,25209,,,
coronavirus_like,1,100,5,29237,1,True,True,True,19212,970.0,225.0,True
coronavirus_like,1,100,5,29334,1,False,True,False,4812,,,
coronavirus_like,1,100,5,29877,1,False,True,True,19762,918.0,318.0,True
coronavirus_like,1,100,5,29898,1,False,True,True,10247,1081.0,1028.0,True
coronavirus_like,1,100,5,30244,1,True,True,True,21326,1305.0,34.0,True
coronavirus_like,1,100,5,30880,1,True,True,True,17783,1211.0,811.0,True
coronavirus_like,1,100,5,31539,5,False,True,False,918,,,
coronavirus_like,1,100,5,32796,3,False,True,True,12046,3501.0,2056.0,True
coronavirus_like,1,100,5,33096,1,True,True,True,11683,918.0,8397.0,False
coronavirus_like,1,100,5,33131,14,False,True,True,17293,305.0,177.0,True
coronavirus_like,1,100,5,33157,2,False,True,True,23827,80.0,-371.0,False
coronavirus_like,1,100,5,33854,1,False,True,True,7823,4707.0,3599.0,True
coronavirus_like,1,100,5,35358,1,False,True,True,21657,1984.0,382.0,True
coronavirus_like,1,100,5,36565,1,False,True,True,12677,3985.0,3122.0,True
coronavirus_like,1,100,5,37719,3,False,True,True,13756,7101.0,3941.0,True
coronavirus_like,1,100,5,38633,1,True,True,True,10387,3388.0,1035.0,True
coronavirus_like,1,100,5,39356,1,True,True,True,8516,892.0,790.0,True
coronavirus_like,1,100,5,40188,1,True,True,True,17544,1021.0,141.0,True
coronavirus_like,1,100,5,40278,1,True,True,True,15715,1014.0,885.0,True
coronavirus_like,1,100,5,41232,11,False,True,True,2593,262.0,108.0,True
coronavirus_like,1,100,5,41751,1,False,True,True,12294,1210.0,192.0,True
coronavirus_like,1,100,5,42971,1,False,True,False,2616,,,
coronavirus_like,1,100,5,44767,7,False,True,False,1806,,,
coronavirus_like,1,100,5,45409,1,False,True,True,25776,2698.0,1372.0,True
coronavirus_like,1,100,5,46195,1,False,True,True,13915,856.0,127.0,True
coronavirus_like,1,100,5,46530,1,False,True,True,7131,863.0,810.0,True
coronavirus_like,1,100,5,47141,1,True,True,True,28002,3073.0,32.0,True
coronavirus_like,1,100,5,47452,1,True,True,True,25515,1948.0,1542.0,True
coronavirus_like,1,100,5,47800,18,False,True,True,11961,2951.0,1314.0,True
coronavirus_like,1,100,5,48442,1,False,True,True,23080,1038.0,454.0,True
coronavirus_like,1,100,5,49091,2,False,True,True,10957,1475.0,318.0,True
coronavirus_like,1,100,5,49395,2,False,True,True,16876,2445.0,2233.0,True
coronavirus_like,1,100,5,49970,5,False,False,False,1096,,,
coronavirus_like,1,100,5,50174,41,False,True,True,13292,1484.0,1378.0,True
coronavirus_like,1,100,5,50702,1,False,True,False,27662,,,
coronavirus_like,1,100,5,50998,1,False,True,True,19910,1627.0,827.0,True
coronavirus_like,1,100,5,51461,1,True,True,False,25030,,,
coronavirus_like,1,100,5,51492,1,True,True,False,1237,,,
coronavirus_like,1,100,5,52257,1,False,True,True,10494,1258.0,101.0,True
coronavirus_like,1,100,5,52600,1,True,True,True,6283,1098.0,145.0,True
coronavirus_like,1,100,5,53835,3,False,True,True,19701,2198.0,853.0,True
coronavirus_like,1,100,5,53894,1,True,True,True,12866,1159.0,879.0,True
coronavirus_like,1,100,5,54129,1,True,True,True,25789,1337.0,29.0,True
coronavirus_like,1,100,5,54507,19,False,True,True,22826,2319.0,1927.0,True
coronavirus_like,1,100,5,56110,1,False,True,False,1763,,,
coronavirus_like,1,100,5,56583,3,False,True,True,7326,365.0,69.0,True
coronavirus_like,1,100,5,56940,2,False,True,True,16246,2122.0,97.0,True
coronavirus_like,1,100,5,57191,2,False,True,True,23655,531.0,60.0,True
coronavirus_like,1,100,5,57239,1,True,True,True,22215,180.0,59.0,True
coronavirus_like,1,100,5,57909,1,False,True,True,17857,405.0,250.0,True
coronavirus_like,1,100,5,58626,1,False,True,True,10621,2045.0,389.0,True
coronavirus_like,1,100,5,59586,1,False,True,True,22265,1306.0,768.0,True
coronavirus_like,1,100,5,60519,1,True,True,True,13078,952.0,407.0,True
coronavirus_like,1,100,5,60722,1,True,True,False,1819,,,
coronavirus_like,1,100,5,60787,2,False,True,False,25738,,,
coronavirus_like,1,100,5,61644,1,True,True,True,13989,1994.0,53.0,True
coronavirus_like,1,100,5,61920,3,False,True,True,13576,1637.0,548.0,True
coronavirus_like,1,100,5,61958,1,False,False,False,29380,,,
coronavirus_like,1,100,5,62557,1,False,True,True,16814,543.0,513.0,True
coronavirus_like,1,100,5,62587,2,False,True,True,3836,1846.0,1570.0,True
coronavirus_like,1,100,5,63221,1,False,True,True,19029,2726.0,361.0,True
coronavirus_like,1,100,5,63363,2,False,True,False,391,,,
coronavirus_like,1,100,5,63566,1,True,True,True,21616,1663.0,1234.0,True
coronavirus_like,1,100,5,63770,2,False,True,True,3375,241.0,45.0,True
coronavirus_like,1,100,5,63816,1,False,True,True,15483,2052.0,1180.0,True
coronavirus_like,1,100,5,64171,1,True,True,True,6052,261.0,84.0,True
coronavirus_like,1,100,5,64193,1,False,True,True,22640,1436.0,945.0,True
coronavirus_like,1,100,5,66505,2,False,False,False,29578,,,
coronavirus_like,1,100,5,66507,6,False,True,True,13967,1164.0,157.0,True
coronavirus_like,1,100,5,67906,1,True,True,True,7848,2105.0,949.0,True
coronavirus_like,1,100,5,68065,5,False,True,True,2683,274.0,17.0,True
coronavirus_like,1,100,5,68695,1,False,True,True,22240,1641.0,180.0,True
coronavirus_like,1,100,5,69399,1,True,True,True,22483,272.0,13.0,True
coronavirus_like,1,100,5,69621,1,True,True,True,12049,486.0,482.0,True
coronavirus_like,1,100,5,70692,1,True,True,True,26544,1930.0,1056.0,True
coronavirus_like,1,100,5,71517,10,False,True,True,19373,1579.0,17.0,True
coronavirus_like,1,100,5,71837,2,False,True,True,3829,948.0,837.0,True
coronavirus_like,1,100,5,72330,1,True,True,False,29912,,,
coronavirus_like,1,100,5,72994,1,False,True,True,9753,910.0,491.0,True
coronavirus_like,1,100,5,73174,1,True,True,False,1643,,,
coronavirus_like,1,100,5,73819,3,False,True,True,18772,1645.0,1115.0,True
coronavirus_like,1,100,5,74641,7,False,True,False,24005,,,
coronavirus_like,1,100,5,75470,6,False,True,True,14340,2556.0,1962.0,True
coronavirus_like,1,100,5,76001,2,False,True,True,14723,1244.0,1192.0,True
coronavirus_like,1,100,5,76301,1,False,True,True,20363,501.0,415.0,True
coronavirus_like,1,100,5,77303,1,False,True,True,8836,150.0,95.0,True
coronavirus_like,1,100,5,78172,3,False,True,True,3550,1454.0,1116.0,True
coronavirus_like,1,100,5,78351,1,False,True,True,18178,2553.0,291.0,True
coronavirus_like,1,100,5,78825,5,False,True,True,15254,1100.0,37.0,True
coronavirus_like,1,100,5,79791,1,False,True,True,3275,1441.0,1250.0,True
coronavirus_like,1,100,5,79991,1,False,True,True,10871,,,
coronavirus_like,1,100,5,80292,1,False,True,True,26439,869.0,813.0,True
coronavirus_like,1,100,5,81340,3,False,True,True,3285,1846.0,1719.0,True
coronavirus_like,1,100,5,81600,1,False,True,True,7540,836.0,380.0,True
coronavirus_like,1,100,5,82386,1,False,True,False,29140,,,
coronavirus_like,1,100,5,82822,2,False,True,True,7475,823.0,185.0,True
coronavirus_like,1,100,5,83918,1,True,True,False,1549,,,
coronavirus_like,1,100,5,84027,1,True,True,False,1167,,,
coronavirus_like,1,100,5,84368,7,False,True,True,7241,1707.0,145.0,True
coronavirus_like,1,100,5,84834,2,False,True,False,16094,,,
coronavirus_like,1,100,5,85260,1,False,True,False,27968,,,
coronavirus_like,1,100,5,86489,1,False,True,True,22916,686.0,267.0,True
coronavirus_like,1,100,5,87359,1,True,True,True,9008,772.0,731.0,True
coronavirus_like,1,100,5,87726,4,False,True,True,20272,191.0,4.0,True
coronavirus_like,1,100,5,87806,1,False,True,True,9559,402.0,180.0,True
coronavirus_like,1,100,5,89368,1,True,True,True,12444,1765.0,218.0,True
coronavirus_like,1,100,5,89550,1,False,True,True,26500,99.0,35.0,True
coronavirus_like,1,100,5,89854,1,False,True,True,9889,651.0,69.0,True
coronavirus_like,1,100,5,90428,1,True,True,True,22016,1474.0,258.0,True
coronavirus_like,1,100,5,90468,1,True,True,True,25250,220.0,156.0,True
coronavirus_like,1,100,5,91007,2,False,True,True,15343,1205.0,533.0,True
coronavirus_like,1,100,5,91780,3,False,True,True,16706,220.0,195.0,True
coronavirus_like,1,100,5,92785,4,False,True,True,7318,1631.0,589.0,True
coronavirus_like,1,100,5,92874,1,False,True,False,1396,,,
coronavirus_like,1,100,5,93019,3,False,True,True,20710,151.0,68.0,True
coronavirus_like,1,100,5,94073,1,False,True,True,12214,1587.0,1409.0,True
coronavirus_like,1,100,5,94231,7,False,True,True,28041,1616.0,78.0,True
coronavirus_like,1,100,5,94315,4,False,True,True,3380,774.0,175.0,True
coronavirus_like,1,100,5,94353,1,False,True,True,22571,751.0,279.0,True
coronavirus_like,1,100,5,94425,1,True,True,True,8730,808.0,627.0,True
coronavirus_like,1,100,5,94485,1,False,True,True,5936,,,
coronavirus_like,1,100,5,94929,1,True,True,True,13259,1225.0,486.0,True
coronavirus_like,1,100,5,96060,1,True,True,True,20353,469.0,201.0,True
coronavirus_like,1,100,5,96862,2,False,True,False,1963,,,
coronavirus_like,1,100,5,97337,1,True,True,True,17789,1082.0,680.0,True
coronavirus_like,1,100,5,97358,1,True,True,True,11738,747.0,157.0,True
coronavirus_like,1,100,5,98437,2,False,True,True,23017,235.0,150.0,True
coronavirus_like,1,100,5,98954,2,False,True,False,28375,,,
coronavirus_like,1,100,5,99346,1,False,True,True,24262,513.0,75.0,True
coronavirus_like,1,100,5,100169,1,False,True,False,29865,,,
coronavirus_like,1,100,5,100823,1,True,True,False,1785,,,
coronavirus_like,1,100,5,101055,1,False,True,True,14610,1092.0,60.0,True
coronavirus_like,1,100,5,101406,1,False,True,True,17930,253.0,209.0,True
coronavirus_like,1,100,5,101854,1,True,True,True,17945,478.0,468.0,True
coronavirus_like,1,100,5,101960,1,True,True,True,18773,1709.0,1503.0,True
coronavirus_like,1,100,5,102408,1,False,True,True,8520,696.0,210.0,True
coronavirus_like,1,100,5,103076,1,True,True,True,2601,535.0,179.0,True
coronavirus_like,1,100,5,103300,1,False,True,True,12258,1743.0,419.0,True
coronavirus_like,1,100,5,104978,1,False,True,True,988,343.0,272.0,True
coronavirus_like,1,100,5,105196,4,False,True,True,3354,552.0,40.0,True
coronavirus_like,1,100,5,106614,1,True,True,True,3663,1352.0,871.0,True
coronavirus_like,1,100,5,106745,2,False,True,True,10179,249.0,29.0,True
coronavirus_like,1,100,5,107138,4,False,True,True,15589,680.0,383.0,True
coronavirus_like,1,100,5,107691,1,False,True,False,1222,,,
coronavirus_like,1,100,5,107964,1,False,False,False,29464,,,
coronavirus_like,1,100,5,109278,1,False,True,True,1957,470.0,331.0,True
coronavirus_like,1,100,5,109287,1,False,False,False,9339,,,
coronavirus_like,1,100,5,109317,1,False,True,True,9867,562.0,162.0,True
coronavirus_like,1,100,5,109653,1,False,True,True,19880,318.0,279.0,True
coronavirus_like,1,100,5,110562,13,False,True,False,1151,,,
coronavirus_like,1,100,5,111724,1,False,True,True,24301,1415.0,148.0,True
coronavirus_like,1,100,5,111786,3,False,True,True,7142,252.0,142.0,True
coronavirus_like,1,100,5,112286,2,False,True,True,24618,1063.0,135.0,True
coronavirus_like,1,100,5,113626,1,False,True,True,4375,697.0,145.0,True
coronavirus_like,1,100,5,116535,1,False,True,False,2067,,,
coronavirus_like,1,100,5,118314,1,False,True,True,15121,187.0,167.0,True
coronavirus_like,1,100,5,118316,2,False,True,True,15688,922.0,227.0,True
coronavirus_like,1,100,5,119565,1,True,True,True,12034,798.0,695.0,True
coronavirus_like,1,100,5,120588,1,False,True,True,26737,607.0,533.0,True
coronavirus_like,1,100,5,122309,1,False,True,True,6782,229.0,216.0,True
coronavirus_like,1,100,5,122870,1,False,True,True,13257,1082.0,502.0,True
coronavirus_like,1,100,5,123171,1,False,True,True,20594,1110.0,571.0,True
coronavirus_like,1,100,5,123417,4,False,True,True,6929,853.0,713.0,True
coronavirus_like,1,100,5,123503,1,False,True,False,459,,,
coronavirus_like,1,100,5,123568,1,False,True,True,11151,594.0,144.0,True
coronavirus_like,1,100,5,124219,15,False,True,True,1998,584.0,420.0,True
coronavirus_like,1,100,5,125071,1,True,True,True,19012,831.0,828.0,True
coronavirus_like,1,100,5,126370,1,True,True,True,3705,396.0,306.0,True
coronavirus_like,1,100,5,127497,6,False,True,True,7339,395.0,303.0,True
coronavirus_like,1,100,5,127861,1,False,True,True,24261,1004.0,78.0,True
coronavirus_like,1,100,5,127963,1,False,True,True,9707,258.0,10.0,True
coronavirus_like,1,100,5,127973,2,False,True,True,10782,413.0,67.0,True
coronavirus_like,1,100,5,128334,13,False,True,True,6801,695.0,663.0,True
coronavirus_like,1,100,5,128548,2,False,True,True,28692,379.0,262.0,True
coronavirus_like,1,100,5,128720,1,False,True,True,3108,894.0,462.0,True
coronavirus_like,1,100,5,129149,1,False,True,True,26925,459.0,37.0,True
coronavirus_like,1,100,5,129550,2,False,True,True,24678,341.0,86.0,True
coronavirus_like,1,100,5,129629,1,False,True,True,3483,249.0,166.0,True
coronavirus_like,1,100,5,129810,1,True,True,True,12684,2206.0,1418.0,True
coronavirus_like,1,100,5,130012,1,True,True,True,21609,167.0,117.0,True
coronavirus_like,1,100,5,130212,1,True,True,True,21014,28.0,25.0,True
coronavirus_like,1,100,5,130330,1,True,True,True,22013,60.0,1.0,True
coronavirus_like,1,100,5,130577,2,False,True,False,673,,,
coronavirus_like,1,100,5,130641,1,False,False,False,29880,,,
coronavirus_like,1,100,5,131538,1,False,True,True,2165,481.0,62.0,True
coronavirus_like,1,100,5,134225,1,False,True,True,22581,219.0,174.0,True
coronavirus_like,1,100,5,135315,1,True,True,False,17367,,,
coronavirus_like,1,100,5,136436,1,True,True,True,16869,1119.0,914.0,True
coronavirus_like,1,100,5,136846,1,False,True,False,28610,,,
coronavirus_like,1,100,5,136895,1,False,True,False,28925,,,
coronavirus_like,1,100,5,137211,1,True,True,True,19881,169.0,129.0,True
coronavirus_like,1,100,5,138236,9,False,True,True,4580,448.0,238.0,True
coronavirus_like,1,100,5,138362,1,True,True,True,2617,1603.0,804.0,True
coronavirus_like,1,100,5,138935,1,True,True,True,16439,160.0,159.0,True
coronavirus_like,1,100,5,140842,4,False,True,True,26515,715.0,633.0,True
coronavirus_like,1,100,5,140935,3,False,True,True,7400,468.0,351.0,True
coronavirus_like,1,100,5,141124,4,False,True,True,14464,1277.0,175.0,True
coronavirus_like,1,100,5,141822,1,False,True,True,2638,1357.0,1013.0,True
coronavirus_like,1,100,5,142009,2,False,True,False,1432,,,
coronavirus_like,1,100,5,142222,24,False,True,True,5129,1273.0,1097.0,True
coronavirus_like,1,100,5,142239,3,False,True,True,8956,407.0,257.0,True
coronavirus_like,1,100,5,142434,1,False,True,True,20935,554.0,246.0,True
coronavirus_like,1,100,5,142657,6,False,True,True,28680,1095.0,154.0,True
coronavirus_like,1,100,5,143034,1,False,True,True,26767,806.0,777.0,True
coronavirus_like,1,100,5,143441,1,True,True,True,5970,515.0,192.0,True
coronavirus_like,1,100,5,143731,1,False,True,True,1451,509.0,392.0,True
coronavirus_like,1,100,5,145492,5,False,True,True,7696,419.0,208.0,True
coronavirus_like,1,100,5,145956,1,True,True,True,18503,180.0,166.0,True
coronavirus_like,1,100,5,145969,1,False,True,True,13593,1127.0,1005.0,True
coronavirus_like,1,100,5,146088,1,False,True,False,29269,,,
coronavirus_like,1,100,5,147751,4,False,True,True,17966,1612.0,447.0,True
coronavirus_like,1,100,5,148144,1,False,True,True,28797,399.0,50.0,True
coronavirus_like,1,100,5,148878,1,True,True,True,11104,278.0,171.0,True
coronavirus_like,1,100,5,148893,2,False,True,True,19017,192.0,66.0,True
coronavirus_like,1,100,5,149990,1,False,True,True,28384,832.0,570.0,True
coronavirus_like,1,100,5,149997,1,False,True,False,28993,,,
coronavirus_like,1,100,5,150512,1,True,True,True,23994,769.0,99.0,True
coronavirus_like,1,100,5,150986,1,False,True,True,2100,655.0,575.0,True
coronavirus_like,1,100,5,151613,1,True,True,True,3722,1884.0,149.0,True
coronavirus_like,1,100,5,151810,1,True,True,True,12509,720.0,716.0,True
coronavirus_like,1,100,5,152118,1,False,True,True,28465,134.0,108.0,True
coronavirus_like,1,100,5,152237,9,False,True,True,8225,422.0,142.0,True
coronavirus_like,1,100,5,152336,1,True,True,True,24031,513.0,306.0,True
coronavirus_like,1,100,5,152926,1,False,True,True,8622,177.0,175.0,True
coronavirus_like,1,100,5,153107,1,True,True,True,7990,383.0,179.0,True
coronavirus_like,1,100,5,153146,8,False,True,True,15972,56.0,0.0,True
coronavirus_like,1,100,5,153306,1,False,True,True,28279,459.0,128.0,True
coronavirus_like,1,100,5,153755,1,False,False,False,23433,,,
coronavirus_like,1,100,5,154285,1,False,True,True,7075,97.0,52.0,True
coronavirus_like,1,100,5,154819,1,True,True,True,20851,3969.0,894.0,True
coronavirus_like,1,100,5,155473,1,True,True,True,21073,826.0,380.0,True
coronavirus_like,1,100,5,158036,9,False,True,True,24646,270.0,107.0,True
coronavirus_like,1,100,5,158277,1,True,True,True,18318,443.0,433.0,True
coronavirus_like,1,100,5,159168,1,False,True,True,23214,1573.0,793.0,True
coronavirus_like,1,100,5,161324,1,False,True,True,5175,1273.0,1051.0,True
coronavirus_like,1,100,5,162357,1,True,True,True,12920,369.0,265.0,True
coronavirus_like,1,100,5,162414,1,True,True,False,19122,,,
coronavirus_like,1,100,5,162889,1,False,True,False,1571,,,
coronavirus_like,1,100,5,163071,6,False,True,True,11726,273.0,201.0,True
coronavirus_like,1,100,5,163213,1,True,True,True,1845,900.0,2.0,True
coronavirus_like,1,100,5,163322,4,False,True,True,25248,1944.0,870.0,True
coronavirus_like,1,100,5,163451,2,False,True,False,495,,,
coronavirus_like,1,100,5,163599,1,False,True,True,24241,860.0,7.0,True
coronavirus_like,1,100,5,163821,1,False,True,True,10366,303.0,184.0,True
coronavirus_like,1,100,5,164214,1,True,True,True,2875,741.0,285.0,True
coronavirus_like,1,100,5,164216,2,False,True,True,26568,89.0,77.0,True
coronavirus_like,1,100,5,164500,1,False,True,True,5696,421.0,129.0,True
coronavirus_like,1,100,5,165499,1,False,True,False,422,,,
coronavirus_like,1,100,5,166126,7,False,True,True,9691,528.0,144.0,True
coronavirus_like,1,100,5,166187,1,False,True,True,9954,749.0,102.0,True
coronavirus_like,1,100,5,167049,1,False,True,True,9068,476.0,214.0,True
coronavirus_like,1,100,5,167095,12,False,True,True,19587,342.0,193.0,True
coronavirus_like,1,100,5,167378,1,True,True,False,29003,,,
coronavirus_like,1,100,5,167631,1,False,False,False,29769,,,
coronavirus_like,1,100,5,167796,1,True,True,True,9621,658.0,623.0,True
coronavirus_like,1,100,5,168415,3,False,True,True,2159,337.0,129.0,True
coronavirus_like,1,100,5,169603,1,False,True,True,24367,441.0,82.0,True
coronavirus_like,1,100,5,171634,1,True,True,True,4316,242.0,38.0,True
coronavirus_like,1,100,5,172163,1,True,True,True,16182,248.0,39.0,True
coronavirus_like,1,100,5,172229,1,False,True,True,26876,178.0,131.0,True
coronavirus_like,1,100,5,172473,1,False,True,True,16244,460.0,186.0,True
coronavirus_like,1,100,5,173732,1,True,True,False,29558,,,
coronavirus_like,1,100,5,174257,1,False,True,True,26520,519.0,91.0,True
coronavirus_like,1,100,5,175136,1,False,True,True,11735,91.0,78.0,True
coronavirus_like,1,100,5,175210,1,False,True,False,27995,,,
coronavirus_like,1,100,5,175828,2,False,True,True,16589,317.0,194.0,True
coronavirus_like,1,100,5,176361,1,True,True,True,13019,1041.0,66.0,True
coronavirus_like,1,100,5,176362,1,True,True,True,17845,577.0,546.0,True
coronavirus_like,1,100,5,176804,1,True,True,True,14524,284.0,134.0,True
coronavirus_like,1,100,5,177912,1,True,True,True,2522,706.0,604.0,True
coronavirus_like,1,100,5,178240,2,False,True,True,6984,441.0,246.0,True
coronavirus_like,1,100,5,179179,1,True,True,False,886,,,
coronavirus_like,1,100,5,179472,2,False,True,True,24299,274.0,183.0,True
coronavirus_like,1,100,5,180887,1,True,True,True,3478,654.0,600.0,True
coronavirus_like,1,100,5,181269,1,True,True,True,8288,576.0,517.0,True
coronavirus_like,2,20,3,587,1,True,False,False,233,,,
coronavirus_like,2,20,3,764,2,False,True,False,9700,,,
coronavirus_like,2,20,3,1490,5,False,True,False,21273,,,
coronavirus_like,2,20,3,1807,1,True,True,False,16986,,,
coronavirus_like,2,20,3,2028,1,False,True,False,897,,,
coronavirus_like,2,20,3,4107,1,False,False,False,1112,,,
coronavirus_like,2,20,3,5155,3,False,True,True,11749,4482.0,3771.0,True
coronavirus_like,2,20,3,5635,1,False,False,False,146,,,
coronavirus_like,2,20,3,6005,9,False,True,False,19766,,,
coronavirus_like,2,20,3,6471,2,False,True,False,9765,,,
coronavirus_like,2,20,3,11066,1,False,True,False,22284,,,
coronavirus_like,2,20,3,11949,16,False,True,True,4733,4253.0,3951.0,True
coronavirus_like,2,20,3,12095,1,False,True,True,20055,3717.0,88.0,True
coronavirus_like,2,20,3,12203,1,False,True,True,7657,2843.0,710.0,True
coronavirus_like,2,20,3,14789,1,True,True,True,9627,6297.0,5893.0,True
coronavirus_like,2,20,3,15696,2,False,True,True,16132,4554.0,4011.0,True
coronavirus_like,2,20,3,15818,1,True,False,False,1505,,,
coronavirus_like,2,20,3,15953,16,False,True,True,19275,6454.0,2700.0,True
coronavirus_like,2,20,3,16056,1,True,True,False,29157,,,
coronavirus_like,2,20,3,17698,5,False,True,True,4434,1514.0,1279.0,True
coronavirus_like,2,20,3,17858,1,False,True,False,10571,,,
coronavirus_like,2,20,3,18348,1,False,True,True,9790,1104.0,698.0,True
coronavirus_like,2,20,3,18911,1,False,True,True,16698,1040.0,847.0,True
coronavirus_like,2,20,3,19374,1,False,True,True,13335,1534.0,736.0,True
coronavirus_like,2,20,3,21575,1,False,True,True,24175,2378.0,621.0,True
coronavirus_like,2,20,3,23227,1,False,True,False,15644,,,
coronavirus_like,2,20,3,24935,7,False,True,True,18356,2891.0,573.0,True
coronavirus_like,2,20,3,24950,3,False,True,True,23309,1115.0,900.0,True
coronavirus_like,2,20,3,26406,1,False,True,True,24164,4833.0,813.0,True
coronavirus_like,2,20,3,28377,1,True,True,True,28022,6814.0,-11985.0,False
coronavirus_like,2,20,3,31726,2,False,True,True,9662,2784.0,826.0,True
coronavirus_like,2,20,3,31963,1,False,True,True,12290,1152.0,1101.0,True
coronavirus_like,2,20,3,32874,1,False,True,True,17809,3256.0,1120.0,True
coronavirus_like,2,20,3,38176,1,False,True,False,7025,,,
coronavirus_like,2,20,3,38975,1,False,True,True,9769,585.0,200.0,True
coronavirus_like,2,20,3,39003,2,False,True,True,7942,628.0,420.0,True
coronavirus_like,2,20,3,39355,1,False,True,True,22417,1330.0,874.0,True
coronavirus_like,2,20,3,43284,1,True,True,True,17452,5572.0,4158.0,True
coronavirus_like,2,20,3,47206,1,False,True,True,26926,3349.0,1501.0,True
coronavirus_like,2,20,3,48294,1,True,True,True,26014,3339.0,3138.0,True
coronavirus_like,2,20,3,49666,1,False,True,True,3861,401.0,355.0,True
coronavirus_like,2,20,3,50119,11,False,True,True,3946,652.0,381.0,True
coronavirus_like,2,20,3,50187,7,False,True,True,5658,30.0,-700.0,False
coronavirus_like,2,20,3,50506,1,False,True,False,26937,,,
coronavirus_like,2,20,3,51712,29,False,True,True,23601,213.0,204.0,True
coronavirus_like,2,20,3,51856,1,False,True,True,11649,636.0,25.0,True
coronavirus_like,2,20,3,52193,1,True,True,False,29658,,,
coronavirus_like,2,20,3,53231,46,False,True,True,15107,2940.0,1599.0,True
coronavirus_like,2,20,3,54400,1,False,False,False,1047,,,
coronavirus_like,2,20,3,54710,42,False,True,True,4681,2242.0,4550.0,False
coronavirus_like,2,20,3,55851,1,False,True,True,23721,2808.0,1713.0,True
coronavirus_like,2,20,3,56545,2,False,True,True,8862,2539.0,1866.0,True
coronavirus_like,2,20,3,56571,1,True,True,True,14142,1856.0,1446.0,True
coronavirus_like,2,20,3,58325,1,False,True,True,12488,1485.0,218.0,True
coronavirus_like,2,20,3,58723,3,False,True,True,7086,1743.0,371.0,True
coronavirus_like,2,20,3,60112,1,False,True,True,8950,422.0,188.0,True
coronavirus_like,2,20,3,61941,1,False,True,False,5374,,,
coronavirus_like,2,20,3,62658,1,False,True,True,14445,2566.0,418.0,True
coronavirus_like,2,20,3,63588,8,False,True,True,9570,1278.0,940.0,True
coronavirus_like,2,20,3,63926,1,False,True,True,24295,484.0,361.0,True
coronavirus_like,2,20,3,64454,1,False,True,True,4801,1743.0,2656.0,False
coronavirus_like,2,20,3,64695,1,False,True,True,25505,801.0,673.0,True
coronavirus_like,2,20,3,64791,7,False,False,True,73,4557.0,8330.0,False
coronavirus_like,2,20,3,65582,1,False,True,True,6619,3285.0,619.0,True
coronavirus_like,2,20,3,66694,1,False,True,True,10491,1410.0,546.0,True
coronavirus_like,2,20,3,66697,1,False,True,True,12631,192.0,2.0,True
coronavirus_like,2,20,3,66917,1,False,True,True,28230,669.0,172.0,True
coronavirus_like,2,20,3,67668,1,False,True,False,29757,,,
coronavirus_like,2,20,3,68210,1,False,True,True,11159,1186.0,803.0,True
coronavirus_like,2,20,3,68480,1,False,True,True,8013,1528.0,434.0,True
coronavirus_like,2,20,3,71911,2,False,True,True,2973,1374.0,6590.0,False
coronavirus_like,2,20,3,72374,6,False,True,True,12299,7400.0,1640.0,True
coronavirus_like,2,20,3,72581,8,False,True,True,11015,368.0,90.0,True
coronavirus_like,2,20,3,72833,11,False,True,True,14462,4413.0,3891.0,True
coronavirus_like,2,20,3,73205,1,False,True,True,20031,1080.0,58.0,True
coronavirus_like,2,20,3,73765,1,False,True,True,25606,673.0,90.0,True
coronavirus_like,2,20,3,74495,1,False,False,False,23580,,,
coronavirus_like,2,20,3,75518,2,False,True,True,23137,2051.0,1712.0,True
coronavirus_like,2,20,3,76601,6,False,True,True,3607,852.0,238.0,True
coronavirus_like,2,20,3,80031,1,True,True,True,10036,1408.0,1325.0,True
coronavirus_like,2,20,3,80238,1,True,True,True,23180,5014.0,969.0,True
coronavirus_like,2,20,3,80592,3,False,True,True,21040,780.0,492.0,True
coronavirus_like,2,20,3,80943,1,False,True,True,21862,426.0,97.0,True
coronavirus_like,2,20,3,81152,2,False,True,True,12206,105.0,90.0,True
coronavirus_like,2,20,3,82392,1,False,True,True,20606,1767.0,628.0,True
coronavirus_like,2,20,3,83105,1,True,True,True,19554,383.0,296.0,True
coronavirus_like,2,20,3,83772,40,False,True,True,9634,1809.0,355.0,True
coronavirus_like,2,20,3,84758,1,False,True,True,7892,1844.0,755.0,True
coronavirus_like,2,20,3,85480,1,False,True,True,22546,557.0,251.0,True
coronavirus_like,2,20,3,85802,1,True,True,True,6571,1240.0,740.0,True
coronavirus_like,2,20,3,86035,1,True,True,True,8376,1075.0,888.0,True
coronavirus_like,2,20,3,88163,1,False,True,True,27805,749.0,512.0,True
coronavirus_like,2,20,3,88261,1,True,True,True,14153,315.0,118.0,True
coronavirus_like,2,20,3,91190,2,False,True,True,9873,1715.0,1488.0,True
coronavirus_like,2,20,3,93218,4,False,True,True,24635,1459.0,1173.0,True
coronavirus_like,2,20,3,93539,1,False,True,True,7395,969.0,667.0,True
coronavirus_like,2,20,3,93703,2,False,False,False,24151,,,
coronavirus_like,2,20,3,94247,1,False,True,True,17877,1696.0,1075.0,True
coronavirus_like,2,20,3,94538,8,False,True,True,22138,2633.0,237.0,True
coronavirus_like,2,20,3,96091,1,False,True,True,12093,,,
coronavirus_like,2,20,3,96310,1,False,True,True,13182,1365.0,480.0,True
coronavirus_like,2,20,3,96436,1,False,True,True,18697,1387.0,1044.0,True
coronavirus_like,2,20,3,97256,2,False,True,True,4671,498.0,26.0,True
coronavirus_like,2,20,3,98093,1,False,True,False,29389,,,
coronavirus_like,2,20,3,103835,1,False,False,False,537,,,
coronavirus_like,2,20,3,104391,1,False,True,True,20780,623.0,55.0,True
coronavirus_like,2,20,3,104810,2,False,True,True,6045,555.0,469.0,True
coronavirus_like,2,20,3,104844,6,False,True,True,15647,423.0,297.0,True
coronavirus_like,2,20,3,105032,1,False,True,True,10949,75.0,2.0,True
coronavirus_like,2,20,3,105920,7,False,True,True,11750,359.0,57.0,True
coronavirus_like,2,20,3,107969,1,False,True,True,2879,994.0,230.0,True
coronavirus_like,2,20,3,108323,4,False,True,True,10614,1515.0,134.0,True
coronavirus_like,2,20,3,108586,2,False,True,False,29109,,,
coronavirus_like,2,20,3,110271,57,False,True,True,20024,1155.0,840.0,True
coronavirus_like,2,20,3,110608,35,False,True,True,14566,1537.0,267.0,True
coronavirus_like,2,20,3,111255,3,False,True,True,2035,579.0,465.0,True
coronavirus_like,2,20,3,111351,1,False,True,True,2450,395.0,50.0,True
coronavirus_like,2,20,3,113141,1,False,True,True,23495,438.0,391.0,True
coronavirus_like,2,20,3,113160,1,False,True,True,8323,171.0,28.0,True
coronavirus_like,2,20,3,114334,2,False,True,True,10832,291.0,201.0,True
coronavirus_like,2,20,3,115228,1,True,True,True,6767,1073.0,544.0,True
coronavirus_like,2,20,3,115482,4,False,True,True,13132,1293.0,645.0,True
coronavirus_like,2,20,3,115720,1,True,True,True,3774,,,
coronavirus_like,2,20,3,116216,1,False,True,True,27697,778.0,35.0,True
coronavirus_like,2,20,3,117266,13,False,True,True,24112,505.0,199.0,True
coronavirus_like,2,20,3,118927,3,False,True,True,17076,486.0,39.0,True
coronavirus_like,2,20,3,120069,19,False,True,True,10462,1041.0,26.0,True
coronavirus_like,2,20,3,120492,3,False,True,True,7548,157.0,37.0,True
coronavirus_like,2,20,3,121248,3,False,True,True,4466,222.0,93.0,True
coronavirus_like,2,20,3,124234,3,False,True,True,21198,1158.0,1106.0,True
coronavirus_like,2,20,3,124291,1,False,True,True,484,423.0,6658.0,False
coronavirus_like,2,20,3,126428,1,False,True,True,22659,351.0,92.0,True
coronavirus_like,2,20,3,126632,1,False,True,True,17853,387.0,229.0,True
coronavirus_like,2,20,3,127454,1,False,True,True,28288,406.0,11.0,True
coronavirus_like,2,20,3,127782,3,False,True,True,10356,1302.0,1248.0,True
coronavirus_like,2,20,3,127874,1,False,True,True,4265,278.0,176.0,True
coronavirus_like,2,20,3,129496,3,False,True,True,15161,826.0,359.0,True
coronavirus_like,2,20,3,129916,15,False,True,True,22288,443.0,141.0,True
coronavirus_like,2,20,3,133067,1,True,True,True,7553,1124.0,709.0,True
coronavirus_like,2,20,3,134553,1,False,True,True,15538,630.0,613.0,True
coronavirus_like,2,20,3,135282,1,False,True,True,22622,674.0,495.0,True
coronavirus_like,2,20,3,135618,3,False,True,True,13733,223.0,222.0,True
coronavirus_like,2,20,3,137207,12,False,True,True,793,313.0,99.0,True
coronavirus_like,2,20,3,137816,1,False,True,True,15051,403.0,186.0,True
coronavirus_like,2,20,3,139827,2,False,True,True,1118,365.0,315.0,True
coronavirus_like,2,20,3,140732,1,False,True,True,10214,581.0,461.0,True
coronavirus_like,2,20,3,142825,5,False,True,True,11561,1280.0,220.0,True
coronavirus_like,2,20,3,146091,1,True,True,True,19136,623.0,572.0,True
coronavirus_like,2,20,3,147935,4,False,True,True,26261,287.0,166.0,True
coronavirus_like,2,20,3,148895,12,False,True,True,16543,736.0,416.0,True
coronavirus_like,2,20,3,148985,1,False,True,True,3466,,,
coronavirus_like,2,20,3,151590,3,False,True,True,17209,607.0,263.0,True
coronavirus_like,2,20,3,152023,1,False,True,True,16007,359.0,144.0,True
coronavirus_like,2,20,3,152119,8,False,True,True,13446,181.0,130.0,True
coronavirus_like,2,20,3,152911,1,False,True,True,17582,326.0,300.0,True
coronavirus_like,2,20,3,154463,1,True,True,True,7809,582.0,379.0,True
coronavirus_like,2,20,3,155221,1,True,True,True,13455,637.0,35.0,True
coronavirus_like,2,20,3,155282,2,False,True,True,12422,75.0,18.0,True
coronavirus_like,2,20,3,156311,6,False,True,True,11584,140.0,109.0,True
coronavirus_like,2,20,3,156480,2,False,True,True,15303,656.0,217.0,True
coronavirus_like,2,20,3,156997,3,False,True,True,10231,990.0,201.0,True
coronavirus_like,2,20,3,157401,1,False,True,False,26823,,,
coronavirus_like,2,20,3,157420,1,False,True,True,1287,1783.0,1075.0,True
coronavirus_like,2,20,3,157450,1,False,True,True,9439,822.0,548.0,True
coronavirus_like,2,20,3,157819,1,False,True,True,19618,1069.0,19.0,True
coronavirus_like,2,20,3,157934,1,False,True,True,1012,278.0,159.0,True
coronavirus_like,2,20,3,159169,5,False,True,True,21722,315.0,176.0,True
coronavirus_like,2,20,3,159648,1,False,True,True,28287,296.0,-810.0,False
coronavirus_like,2,20,3,162537,2,False,True,True,5479,506.0,417.0,True
coronavirus_like,2,20,3,163871,1,False,True,True,9596,941.0,578.0,True
coronavirus_like,2,20,3,164703,2,False,True,True,14764,778.0,99.0,True
coronavirus_like,2,20,3,165931,1,True,True,True,26396,34.0,31.0,True
coronavirus_like,2,20,3,167266,1,False,True,True,7553,157.0,32.0,True
coronavirus_like,2,20,3,167292,1,False,True,True,12115,534.0,491.0,True
coronavirus_like,2,20,3,168548,1,False,True,False,28879,,,
coronavirus_like,2,20,3,172448,1,False,True,True,22744,943.0,97.0,True
coronavirus_like,2,20,3,172735,1,True,True,True,7745,167.0,145.0,True
coronavirus_like,2,20,3,173368,1,False,True,True,23599,,,
coronavirus_like,2,20,3,173980,1,True,True,True,10405,581.0,270.0,True
coronavirus_like,2,20,3,174341,1,False,True,True,15668,258.0,111.0,True
coronavirus_like,2,20,3,179736,1,False,True,False,29393,,,
coronavirus_like,2,20,4,587,1,True,False,False,233,,,
coronavirus_like,2,20,4,764,2,False,True,False,9700,,,
coronavirus_like,2,20,4,1490,5,False,True,False,21273,,,
coronavirus_like,2,20,4,1807,1,True,True,False,16986,,,
coronavirus_like,2,20,4,2028,1,False,True,False,897,,,
coronavirus_like,2,20,4,4107,1,False,False,False,1112,,,
coronavirus_like,2,20,4,5155,3,False,True,False,11749,,,
coronavirus_like,2,20,4,5635,1,False,False,False,146,,,
coronavirus_like,2,20,4,6005,9,False,True,False,19766,,,
coronavirus_like,2,20,4,6471,2,False,True,False,9765,,,
coronavirus_like,2,20,4,11066,1,False,True,False,22284,,,
coronavirus_like,2,20,4,11949,16,False,True,False,4733,,,
coronavirus_like,2,20,4,12095,1,False,True,True,20055,3717.0,88.0,True
coronavirus_like,2,20,4,12203,1,False,True,True,7657,2843.0,710.0,True
coronavirus_like,2,20,4,14789,1,True,True,True,9627,6297.0,5893.0,True
coronavirus_like,2,20,4,15696,2,False,True,True,16132,4554.0,4011.0,True
coronavirus_like,2,20,4,15818,1,True,False,False,1505,,,
coronavirus_like,2,20,4,15953,16,False,True,True,19275,6454.0,2700.0,True
coronavirus_like,2,20,4,16056,1,True,True,False,29157,,,
coronavirus_like,2,20,4,17698,5,False,True,True,4434,1514.0,1279.0,True
coronavirus_like,2,20,4,17858,1,False,True,False,10571,,,
coronavirus_like,2,20,4,18348,1,False,True,True,9790,1104.0,698.0,True
coronavirus_like,2,20,4,18911,1,False,True,True,16698,1040.0,847.0,True
coronavirus_like,2,20,4,19374,1,False,True,True,13335,1534.0,736.0,True
coronavirus_like,2,20,4,21575,1,False,True,False,24175,,,
coronavirus_like,2,20,4,23227,1,False,True,False,15644,,,
coronavirus_like,2,20,4,24935,7,False,True,True,18356,2891.0,573.0,True
coronavirus_like,2,20,4,24950,3,False,True,True,23309,1115.0,900.0,True
coronavirus_like,2,20,4,26406,1,False,True,False,24164,,,
coronavirus_like,2,20,4,28377,1,True,True,True,28022,6814.0,-11985.0,False
coronavirus_like,2,20,4,31726,2,False,True,True,9662,2784.0,826.0,True
coronavirus_like,2,20,4,31963,1,False,True,True,12290,1152.0,1101.0,True
coronavirus_like,2,20,4,32874,1,False,True,True,17809,3256.0,1120.0,True
coronavirus_like,2,20,4,38176,1,False,True,False,7025,,,
coronavirus_like,2,20,4,38975,1,False,True,True,9769,585.0,200.0,True
coronavirus_like,2,20,4,39003,2,False,True,True,7942,628.0,420.0,True
coronavirus_like,2,20,4,39355,1,False,True,True,22417,1330.0,874.0,True
coronavirus_like,2,20,4,43284,1,True,True,True,17452,5572.0,4158.0,True
coronavirus_like,2,20,4,47206,1,False,True,False,26926,,,
coronavirus_like,2,20,4,48294,1,True,True,True,26014,3339.0,3138.0,True
coronavirus_like,2,20,4,49666,1,False,True,True,3861,401.0,355.0,True
coronavirus_like,2,20,4,50119,11,False,True,True,3946,652.0,381.0,True
coronavirus_like,2,20,4,50187,7,False,True,True,5658,30.0,-700.0,False
coronavirus_like,2,20,4,50506,1,False,True,False,26937,,,
coronavirus_like,2,20,4,51712,29,False,True,True,23601,213.0,204.0,True
coronavirus_like,2,20,4,51856,1,False,True,True,11649,636.0,25.0,True
coronavirus_like,2,20,4,52193,1,True,True,False,29658,,,
coronavirus_like,2,20,4,53231,46,False,True,True,15107,2940.0,1599.0,True
coronavirus_like,2,20,4,54400,1,False,False,False,1047,,,
coronavirus_like,2,20,4,54710,42,False,True,True,4681,2242.0,4550.0,False
coronavirus_like,2,20,4,55851,1,False,True,True,23721,2808.0,1713.0,True
coronavirus_like,2,20,4,56545,2,False,True,True,8862,2539.0,1866.0,True
coronavirus_like,2,20,4,56571,1,True,True,True,14142,1856.0,1446.0,True
coronavirus_like,2,20,4,58325,1,False,True,True,12488,1485.0,218.0,True
coronavirus_like,2,20,4,58723,3,False,True,True,7086,1743.0,371.0,True
coronavirus_like,2,20,4,60112,1,False,True,True,8950,422.0,188.0,True
coronavirus_like,2,20,4,61941,1,False,True,False,5374,,,
coronavirus_like,2,20,4,62658,1,False,True,True,14445,2566.0,418.0,True
coronavirus_like,2,20,4,63588,8,False,True,True,9570,1278.0,940.0,True
coronavirus_like,2,20,4,63926,1,False,True,True,24295,484.0,361.0,True
coronavirus_like,2,20,4,64454,1,False,True,True,4801,1743.0,2656.0,False
coronavirus_like,2,20,4,64695,1,False,True,True,25505,801.0,673.0,True
coronavirus_like,2,20,4,64791,7,False,False,True,73,4557.0,8330.0,False
coronavirus_like,2,20,4,65582,1,False,True,True,6619,3285.0,619.0,True
coronavirus_like,2,20,4,66694,1,False,True,True,10491,1410.0,546.0,True
coronavirus_like,2,20,4,66697,1,False,True,True,12631,192.0,2.0,True
coronavirus_like,2,20,4,66917,1,False,True,True,28230,669.0,172.0,True
coronavirus_like,2,20,4,67668,1,False,True,False,29757,,,
coronavirus_like,2,20,4,68210,1,False,True,True,11159,1186.0,803.0,True
coronavirus_like,2,20,4,68480,1,False,True,True,8013,1528.0,434.0,True
coronavirus_like,2,20,4,71911,2,False,True,True,2973,1374.0,6590.0,False
coronavirus_like,2,20,4,72374,6,False,True,True,12299,7400.0,1640.0,True
coronavirus_like,2,20,4,72581,8,False,True,True,11015,368.0,90.0,True
coronavirus_like,2,20,4,72833,11,False,True,True,14462,4413.0,3891.0,True
coronavirus_like,2,20,4,73205,1,False,True,True,20031,1080.0,58.0,True
coronavirus_like,2,20,4,73765,1,False,True,True,25606,673.0,90.0,True
coronavirus_like,2,20,4,74495,1,False,False,False,23580,,,
coronavirus_like,2,20,4,75518,2,False,True,True,23137,2051.0,1712.0,True
coronavirus_like,2,20,4,76601,6,False,True,True,3607,852.0,238.0,True
coronavirus_like,2,20,4,80031,1,True,True,True,10036,1408.0,1325.0,True
coronavirus_like,2,20,4,80238,1,True,True,True,23180,5014.0,969.0,True
coronavirus_like,2,20,4,80592,3,False,True,True,21040,780.0,492.0,True
coronavirus_like,2,20,4,80943,1,False,True,True,21862,426.0,97.0,True
coronavirus_like,2,20,4,81152,2,False,True,True,12206,105.0,90.0,True
coronavirus_like,2,20,4,82392,1,False,True,True,20606,1767.0,628.0,True
coronavirus_like,2,20,4,83105,1,True,True,True,19554,383.0,296.0,True
coronavirus_like,2,20,4,83772,40,False,True,True,9634,1809.0,355.0,True
coronavirus_like,2,20,4,84758,1,False,True,True,7892,1844.0,755.0,True
coronavirus_like,2,20,4,85480,1,False,True,True,22546,557.0,251.0,True
coronavirus_like,2,20,4,85802,1,True,True,True,6571,1240.0,740.0,True
coronavirus_like,2,20,4,86035,1,True,True,True,8376,1075.0,888.0,True
coronavirus_like,2,20,4,88163,1,False,True,True,27805,749.0,512.0,True
coronavirus_like,2,20,4,88261,1,True,True,True,14153,315.0,118.0,True
coronavirus_like,2,20,4,91190,2,False,True,True,9873,1715.0,1488.0,True
coronavirus_like,2,20,4,93218,4,False,True,True,24635,1459.0,1173.0,True
coronavirus_like,2,20,4,93539,1,False,True,True,7395,969.0,667.0,True
coronavirus_like,2,20,4,93703,2,False,False,False,24151,,,
coronavirus_like,2,20,4,94247,1,False,True,True,17877,1696.0,1075.0,True
coronavirus_like,2,20,4,94538,8,False,True,True,22138,2633.0,237.0,True
coronavirus_like,2,20,4,96091,1,False,True,True,12093,,,
coronavirus_like,2,20,4,96310,1,False,True,True,13182,1365.0,480.0,True
coronavirus_like,2,20,4,96436,1,False,True,True,18697,1387.0,1044.0,True
coronavirus_like,2,20,4,97256,2,False,True,True,4671,498.0,26.0,True
coronavirus_like,2,20,4,98093,1,False,True,False,29389,,,
coronavirus_like,2,20,4,103835,1,False,False,False,537,,,
coronavirus_like,2,20,4,104391,1,False,True,True,20780,623.0,55.0,True
coronavirus_like,2,20,4,104810,2,False,True,True,6045,555.0,469.0,True
coronavirus_like,2,20,4,104844,6,False,True,True,15647,423.0,297.0,True
coronavirus_like,2,20,4,105032,1,False,True,True,10949,75.0,2.0,True
coronavirus_like,2,20,4,105920,7,False,True,True,11750,359.0,57.0,True
coronavirus_like,2,20,4,107969,1,False,True,True,2879,994.0,230.0,True
coronavirus_like,2,20,4,108323,4,False,True,False,10614,,,
coronavirus_like,2,20,4,108586,2,False,True,False,29109,,,
coronavirus_like,2,20,4,110271,57,False,True,True,20024,1155.0,840.0,True
coronavirus_like,2,20,4,110608,35,False,True,True,14566,1537.0,267.0,True
coronavirus_like,2,20,4,111255,3,False,True,True,2035,579.0,465.0,True
coronavirus_like,2,20,4,111351,1,False,True,True,2450,395.0,50.0,True
coronavirus_like,2,20,4,113141,1,False,True,True,23495,438.0,391.0,True
coronavirus_like,2,20,4,113160,1,False,True,True,8323,171.0,28.0,True
coronavirus_like,2,20,4,114334,2,False,True,True,10832,291.0,201.0,True
coronavirus_like,2,20,4,115228,1,True,True,True,6767,1073.0,544.0,True
coronavirus_like,2,20,4,115482,4,False,True,True,13132,1293.0,645.0,True
coronavirus_like,2,20,4,115720,1,True,True,True,3774,,,
coronavirus_like,2,20,4,116216,1,False,True,True,27697,778.0,35.0,True
coronavirus_like,2,20,4,117266,13,False,True,True,24112,505.0,199.0,True
coronavirus_like,2,20,4,118927,3,False,True,True,17076,486.0,39.0,True
coronavirus_like,2,20,4,120069,19,False,True,True,10462,1041.0,26.0,True
coronavirus_like,2,20,4,120492,3,False,True,True,7548,157.0,37.0,True
coronavirus_like,2,20,4,121248,3,False,True,True,4466,222.0,93.0,True
coronavirus_like,2,20,4,124234,3,False,True,True,21198,1158.0,1106.0,True
coronavirus_like,2,20,4,124291,1,False,True,True,484,423.0,6658.0,False
coronavirus_like,2,20,4,126428,1,False,True,True,22659,351.0,92.0,True
coronavirus_like,2,20,4,126632,1,False,True,True,17853,387.0,229.0,True
coronavirus_like,2,20,4,127454,1,False,True,False,28288,,,
coronavirus_like,2,20,4,127782,3,False,True,True,10356,1302.0,1248.0,True
coronavirus_like,2,20,4,127874,1,False,True,True,4265,278.0,176.0,True
coronavirus_like,2,20,4,129496,3,False,True,True,15161,826.0,359.0,True
coronavirus_like,2,20,4,129916,15,False,True,True,22288,443.0,141.0,True
coronavirus_like,2,20,4,133067,1,True,True,True,7553,1124.0,709.0,True
coronavirus_like,2,20,4,134553,1,False,True,True,15538,630.0,613.0,True
coronavirus_like,2,20,4,135282,1,False,True,True,22622,674.0,495.0,True
coronavirus_like,2,20,4,135618,3,False,True,True,13733,223.0,222.0,True
coronavirus_like,2,20,4,137207,12,False,True,False,793,,,
coronavirus_like,2,20,4,137816,1,False,True,True,15051,403.0,186.0,True
coronavirus_like,2,20,4,139827,2,False,True,True,1118,365.0,315.0,True
coronavirus_like,2,20,4,140732,1,False,True,True,10214,581.0,461.0,True
coronavirus_like,2,20,4,142825,5,False,True,True,11561,1280.0,220.0,True
coronavirus_like,2,20,4,146091,1,True,True,True,19136,623.0,572.0,True
coronavirus_like,2,20,4,147935,4,False,True,True,26261,287.0,166.0,True
coronavirus_like,2,20,4,148895,12,False,True,True,16543,736.0,416.0,True
coronavirus_like,2,20,4,148985,1,False,True,True,3466,346.0,345.0,True
coronavirus_like,2,20,4,151590,3,False,True,True,17209,607.0,263.0,True
coronavirus_like,2,20,4,152023,1,False,True,True,16007,359.0,144.0,True
coronavirus_like,2,20,4,152119,8,False,True,True,13446,181.0,130.0,True
coronavirus_like,2,20,4,152911,1,False,True,True,17582,326.0,300.0,True
coronavirus_like,2,20,4,154463,1,True,True,True,7809,582.0,379.0,True
coronavirus_like,2,20,4,155221,1,True,True,True,13455,637.0,35.0,True
coronavirus_like,2,20,4,155282,2,False,True,True,12422,75.0,18.0,True
coronavirus_like,2,20,4,156311,6,False,True,True,11584,140.0,109.0,True
coronavirus_like,2,20,4,156480,2,False,True,True,15303,656.0,217.0,True
coronavirus_like,2,20,4,156997,3,False,True,True,10231,990.0,201.0,True
coronavirus_like,2,20,4,157401,1,False,True,False,26823,,,
coronavirus_like,2,20,4,157420,1,False,True,True,1287,1783.0,1075.0,True
coronavirus_like,2,20,4,157450,1,False,True,True,9439,822.0,548.0,True
coronavirus_like,2,20,4,157819,1,False,True,True,19618,1069.0,19.0,True
coronavirus_like,2,20,4,157934,1,False,True,True,1012,278.0,159.0,True
coronavirus_like,2,20,4,159169,5,False,True,True,21722,315.0,176.0,True
coronavirus_like,2,20,4,159648,1,False,True,True,28287,296.0,-810.0,False
coronavirus_like,2,20,4,162537,2,False,True,True,5479,506.0,417.0,True
coronavirus_like,2,20,4,163871,1,False,True,True,9596,941.0,578.0,True
coronavirus_like,2,20,4,164703,2,False,True,True,14764,778.0,99.0,True
coronavirus_like,2,20,4,165931,1,True,True,True,26396,34.0,31.0,True
coronavirus_like,2,20,4,167266,1,False,True,True,7553,157.0,32.0,True
coronavirus_like,2,20,4,167292,1,False,True,True,12115,534.0,491.0,True
coronavirus_like,2,20,4,168548,1,False,True,False,28879,,,
coronavirus_like,2,20,4,172448,1,False,True,True,22744,943.0,97.0,True
coronavirus_like,2,20,4,172735,1,True,True,True,7745,167.0,145.0,True
coronavirus_like,2,20,4,173368,1,False,True,True,23599,398.0,91.0,True
coronavirus_like,2,20,4,173980,1,True,True,True,10405,581.0,270.0,True
coronavirus_like,2,20,4,174341,1,False,True,True,15668,258.0,111.0,True
coronavirus_like,2,20,4,179736,1,False,True,False,29393,,,
coronavirus_like,2,20,5,587,1,True,False,False,233,,,
coronavirus_like,2,20,5,764,2,False,True,False,9700,,,
coronavirus_like,2,20,5,1490,5,False,True,False,21273,,,
coronavirus_like,2,20,5,1807,1,True,True,False,16986,,,
coronavirus_like,2,20,5,2028,1,False,True,False,897,,,
coronavirus_like,2,20,5,4107,1,False,False,False,1112,,,
coronavirus_like,2,20,5,5155,3,False,True,False,11749,,,
coronavirus_like,2,20,5,5635,1,False,False,False,146,,,
coronavirus_like,2,20,5,6005,9,False,True,False,19766,,,
coronavirus_like,2,20,5,6471,2,False,True,False,9765,,,
coronavirus_like,2,20,5,11066,1,False,True,False,22284,,,
coronavirus_like,2,20,5,11949,16,False,True,False,4733,,,
coronavirus_like,2,20,5,12095,1,False,True,True,20055,3717.0,88.0,True
coronavirus_like,2,20,5,12203,1,False,True,True,7657,2843.0,710.0,True
coronavirus_like,2,20,5,14789,1,True,True,False,9627,,,
coronavirus_like,2,20,5,15696,2,False,True,False,16132,,,
coronavirus_like,2,20,5,15818,1,True,False,False,1505,,,
coronavirus_like,2,20,5,15953,16,False,True,False,19275,,,
coronavirus_like,2,20,5,16056,1,True,True,False,29157,,,
coronavirus_like,2,20,5,17698,5,False,True,False,4434,,,
coronavirus_like,2,20,5,17858,1,False,True,False,10571,,,
coronavirus_like,2,20,5,18348,1,False,True,False,9790,,,
coronavirus_like,2,20,5,18911,1,False,True,True,16698,1040.0,847.0,True
coronavirus_like,2,20,5,19374,1,False,True,True,13335,1534.0,736.0,True
coronavirus_like,2,20,5,21575,1,False,True,False,24175,,,
coronavirus_like,2,20,5,23227,1,False,True,False,15644,,,
coronavirus_like,2,20,5,24935,7,False,True,True,18356,2891.0,573.0,True
coronavirus_like,2,20,5,24950,3,False,True,True,23309,1115.0,900.0,True
coronavirus_like,2,20,5,26406,1,False,True,False,24164,,,
coronavirus_like,2,20,5,28377,1,True,True,True,28022,6814.0,-11985.0,False
coronavirus_like,2,20,5,31726,2,False,True,True,9662,2784.0,826.0,True
coronavirus_like,2,20,5,31963,1,False,True,True,12290,1152.0,1101.0,True
coronavirus_like,2,20,5,32874,1,False,True,False,17809,,,
coronavirus_like,2,20,5,38176,1,False,True,False,7025,,,
coronavirus_like,2,20,5,38975,1,False,True,False,9769,,,
coronavirus_like,2,20,5,39003,2,False,True,True,7942,628.0,420.0,True
coronavirus_like,2,20,5,39355,1,False,True,True,22417,1330.0,874.0,True
coronavirus_like,2,20,5,43284,1,True,True,True,17452,5572.0,4158.0,True
coronavirus_like,2,20,5,47206,1,False,True,False,26926,,,
coronavirus_like,2,20,5,48294,1,True,True,False,26014,,,
coronavirus_like,2,20,5,49666,1,False,True,True,3861,401.0,355.0,True
coronavirus_like,2,20,5,50119,11,False,True,True,3946,652.0,381.0,True
coronavirus_like,2,20,5,50187,7,False,True,True,5658,30.0,-700.0,False
coronavirus_like,2,20,5,50506,1,False,True,False,26937,,,
coronavirus_like,2,20,5,51712,29,False,True,True,23601,213.0,204.0,True
coronavirus_like,2,20,5,51856,1,False,True,True,11649,636.0,25.0,True
coronavirus_like,2,20,5,52193,1,True,True,False,29658,,,
coronavirus_like,2,20,5,53231,46,False,True,True,15107,2940.0,1599.0,True
coronavirus_like,2,20,5,54400,1,False,False,False,1047,,,
coronavirus_like,2,20,5,54710,42,False,True,True,4681,2242.0,4550.0,False
coronavirus_like,2,20,5,55851,1,False,True,True,23721,2808.0,1713.0,True
coronavirus_like,2,20,5,56545,2,False,True,True,8862,2539.0,1866.0,True
coronavirus_like,2,20,5,56571,1,True,True,True,14142,1856.0,1446.0,True
coronavirus_like,2,20,5,58325,1,False,True,True,12488,1485.0,218.0,True
coronavirus_like,2,20,5,58723,3,False,True,True,7086,1743.0,371.0,True
coronavirus_like,2,20,5,60112,1,False,True,True,8950,422.0,188.0,True
coronavirus_like,2,20,5,61941,1,False,True,False,5374,,,
coronavirus_like,2,20,5,62658,1,False,True,True,14445,2566.0,418.0,True
coronavirus_like,2,20,5,63588,8,False,True,True,9570,1278.0,940.0,True
coronavirus_like,2,20,5,63926,1,False,True,True,24295,484.0,361.0,True
coronavirus_like,2,20,5,64454,1,False,True,True,4801,1743.0,2656.0,False
coronavirus_like,2,20,5,64695,1,False,True,True,25505,801.0,673.0,True
coronavirus_like,2,20,5,64791,7,False,False,False,73,,,
coronavirus_like,2,20,5,65582,1,False,True,True,6619,3285.0,619.0,True
coronavirus_like,2,20,5,66694,1,False,True,True,10491,1410.0,546.0,True
coronavirus_like,2,20,5,66697,1,False,True,True,12631,192.0,2.0,True
coronavirus_like,2,20,5,66917,1,False,True,True,28230,669.0,172.0,True
coronavirus_like,2,20,5,67668,1,False,True,False,29757,,,
coronavirus_like,2,20,5,68210,1,False,True,True,11159,1186.0,803.0,True
coronavirus_like,2,20,5,68480,1,False,True,True,8013,1528.0,434.0,True
coronavirus_like,2,20,5,71911,2,False,True,True,2973,1374.0,6590.0,False
coronavirus_like,2,20,5,72374,6,False,True,True,12299,7400.0,1640.0,True
coronavirus_like,2,20,5,72581,8,False,True,True,11015,368.0,90.0,True
coronavirus_like,2,20,5,72833,11,False,True,True,14462,4413.0,3891.0,True
coronavirus_like,2,20,5,73205,1,False,True,True,20031,1080.0,58.0,True
coronavirus_like,2,20,5,73765,1,False,True,True,25606,673.0,90.0,True
coronavirus_like,2,20,5,74495,1,False,False,False,23580,,,
coronavirus_like,2,20,5,75518,2,False,True,True,23137,2051.0,1712.0,True
coronavirus_like,2,20,5,76601,6,False,True,True,3607,852.0,238.0,True
coronavirus_like,2,20,5,80031,1,True,True,True,10036,1408.0,1325.0,True
coronavirus_like,2,20,5,80238,1,True,True,True,23180,5014.0,969.0,True
coronavirus_like,2,20,5,80592,3,False,True,True,21040,780.0,492.0,True
coronavirus_like,2,20,5,80943,1,False,True,True,21862,426.0,97.0,True
coronavirus_like,2,20,5,81152,2,False,True,True,12206,105.0,90.0,True
coronavirus_like,2,20,5,82392,1,False,True,True,20606,1767.0,628.0,True
coronavirus_like,2,20,5,83105,1,True,True,True,19554,383.0,296.0,True
coronavirus_like,2,20,5,83772,40,False,True,True,9634,1809.0,355.0,True
coronavirus_like,2,20,5,84758,1,False,True,True,7892,1844.0,755.0,True
coronavirus_like,2,20,5,85480,1,False,True,True,22546,557.0,251.0,True
coronavirus_like,2,20,5,85802,1,True,True,True,6571,1240.0,740.0,True
coronavirus_like,2,20,5,86035,1,True,True,True,8376,1075.0,888.0,True
coronavirus_like,2,20,5,88163,1,False,True,True,27805,749.0,512.0,True
coronavirus_like,2,20,5,88261,1,True,True,True,14153,315.0,118.0,True
coronavirus_like,2,20,5,91190,2,False,True,True,9873,1715.0,1488.0,True
coronavirus_like,2,20,5,93218,4,False,True,False,24635,,,
coronavirus_like,2,20,5,93539,1,False,True,True,7395,969.0,667.0,True
coronavirus_like,2,20,5,93703,2,False,False,False,24151,,,
coronavirus_like,2,20,5,94247,1,False,True,True,17877,1696.0,1075.0,True
coronavirus_like,2,20,5,94538,8,False,True,False,22138,,,
coronavirus_like,2,20,5,96091,1,False,True,True,12093,,,
coronavirus_like,2,20,5,96310,1,False,True,True,13182,1365.0,480.0,True
coronavirus_like,2,20,5,96436,1,False,True,True,18697,1387.0,1044.0,True
coronavirus_like,2,20,5,97256,2,False,True,True,4671,498.0,26.0,True
coronavirus_like,2,20,5,98093,1,False,True,False,29389,,,
coronavirus_like,2,20,5,103835,1,False,False,False,537,,,
coronavirus_like,2,20,5,104391,1,False,True,True,20780,623.0,55.0,True
coronavirus_like,2,20,5,104810,2,False,True,True,6045,555.0,469.0,True
coronavirus_like,2,20,5,104844,6,False,True,True,15647,423.0,297.0,True
coronavirus_like,2,20,5,105032,1,False,True,True,10949,75.0,2.0,True
coronavirus_like,2,20,5,105920,7,False,True,True,11750,359.0,57.0,True
coronavirus_like,2,20,5,107969,1,False,True,True,2879,994.0,230.0,True
coronavirus_like,2,20,5,108323,4,False,True,False,10614,,,
coronavirus_like,2,20,5,108586,2,False,True,False,29109,,,
coronavirus_like,2,20,5,110271,57,False,True,True,20024,1155.0,840.0,True
coronavirus_like,2,20,5,110608,35,False,True,True,14566,1537.0,267.0,True
coronavirus_like,2,20,5,111255,3,False,True,True,2035,579.0,465.0,True
coronavirus_like,2,20,5,111351,1,False,True,True,2450,395.0,50.0,True
coronavirus_like,2,20,5,113141,1,False,True,True,23495,438.0,391.0,True
coronavirus_like,2,20,5,113160,1,False,True,True,8323,171.0,28.0,True
coronavirus_like,2,20,5,114334,2,False,True,True,10832,291.0,201.0,True
coronavirus_like,2,20,5,115228,1,True,True,True,6767,1073.0,544.0,True
coronavirus_like,2,20,5,115482,4,False,True,True,13132,1293.0,645.0,True
coronavirus_like,2,20,5,115720,1,True,True,True,3774,,,
coronavirus_like,2,20,5,116216,1,False,True,True,27697,778.0,35.0,True
coronavirus_like,2,20,5,117266,13,False,True,True,24112,505.0,199.0,True
coronavirus_like,2,20,5,118927,3,False,True,True,17076,486.0,39.0,True
coronavirus_like,2,20,5,120069,19,False,True,True,10462,1041.0,26.0,True
coronavirus_like,2,20,5,120492,3,False,True,True,7548,157.0,37.0,True
coronavirus_like,2,20,5,121248,3,False,True,True,4466,222.0,93.0,True
coronavirus_like,2,20,5,124234,3,False,True,True,21198,1158.0,1106.0,True
coronavirus_like,2,20,5,124291,1,False,True,True,484,423.0,6658.0,False
coronavirus_like,2,20,5,126428,1,False,True,True,22659,351.0,92.0,True
coronavirus_like,2,20,5,126632,1,False,True,True,17853,387.0,229.0,True
coronavirus_like,2,20,5,127454,1,False,True,False,28288,,,
coronavirus_like,2,20,5,127782,3,False,True,True,10356,1302.0,1248.0,True
coronavirus_like,2,20,5,127874,1,False,True,True,4265,278.0,176.0,True
coronavirus_like,2,20,5,129496,3,False,True,True,15161,826.0,359.0,True
coronavirus_like,2,20,5,129916,15,False,True,True,22288,443.0,141.0,True
coronavirus_like,2,20,5,133067,1,True,True,True,7553,1124.0,709.0,True
coronavirus_like,2,20,5,134553,1,False,True,True,15538,630.0,613.0,True
coronavirus_like,2,20,5,135282,1,False,True,True,22622,674.0,495.0,True
coronavirus_like,2,20,5,135618,3,False,True,True,13733,223.0,222.0,True
coronavirus_like,2,20,5,137207,12,False,True,False,793,,,
coronavirus_like,2,20,5,137816,1,False,True,True,15051,403.0,186.0,True
coronavirus_like,2,20,5,139827,2,False,True,True,1118,365.0,315.0,True
coronavirus_like,2,20,5,140732,1,False,True,True,10214,581.0,461.0,True
coronavirus_like,2,20,5,142825,5,False,True,True,11561,1280.0,220.0,True
coronavirus_like,2,20,5,146091,1,True,True,True,19136,623.0,572.0,True
coronavirus_like,2,20,5,147935,4,False,True,True,26261,287.0,166.0,True
coronavirus_like,2,20,5,148895,12,False,True,True,16543,736.0,416.0,True
coronavirus_like,2,20,5,148985,1,False,True,True,3466,346.0,345.0,True
coronavirus_like,2,20,5,151590,3,False,True,True,17209,607.0,263.0,True
coronavirus_like,2,20,5,152023,1,False,True,True,16007,359.0,144.0,True
coronavirus_like,2,20,5,152119,8,False,True,True,13446,181.0,130.0,True
coronavirus_like,2,20,5,152911,1,False,True,True,17582,326.0,300.0,True
coronavirus_like,2,20,5,154463,1,True,True,True,7809,582.0,379.0,True
coronavirus_like,2,20,5,155221,1,True,True,True,13455,637.0,35.0,True
coronavirus_like,2,20,5,155282,2,False,True,True,12422,75.0,18.0,True
coronavirus_like,2,20,5,156311,6,False,True,True,11584,140.0,109.0,True
coronavirus_like,2,20,5,156480,2,False,True,True,15303,656.0,217.0,True
coronavirus_like,2,20,5,156997,3,False,True,True,10231,990.0,201.0,True
coronavirus_like,2,20,5,157401,1,False,True,False,26823,,,
coronavirus_like,2,20,5,157420,1,False,True,False,1287,,,
coronavirus_like,2,20,5,157450,1,False,True,True,9439,822.0,548.0,True
coronavirus_like,2,20,5,157819,1,False,True,True,19618,1069.0,19.0,True
coronavirus_like,2,20,5,157934,1,False,True,True,1012,278.0,159.0,True
coronavirus_like,2,20,5,159169,5,False,True,True,21722,315.0,176.0,True
coronavirus_like,2,20,5,159648,1,False,True,True,28287,296.0,-810.0,False
coronavirus_like,2,20,5,162537,2,False,True,True,5479,506.0,417.0,True
coronavirus_like,2,20,5,163871,1,False,True,True,9596,941.0,578.0,True
coronavirus_like,2,20,5,164703,2,False,True,True,14764,778.0,99.0,True
coronavirus_like,2,20,5,165931,1,True,True,True,26396,34.0,31.0,True
coronavirus_like,2,20,5,167266,1,False,True,True,7553,157.0,32.0,True
coronavirus_like,2,20,5,167292,1,False,True,True,12115,534.0,491.0,True
coronavirus_like,2,20,5,168548,1,False,True,False,28879,,,
coronavirus_like,2,20,5,172448,1,False,True,True,22744,943.0,97.0,True
coronavirus_like,2,20,5,172735,1,True,True,True,7745,167.0,145.0,True
coronavirus_like,2,20,5,173368,1,False,True,True,23599,398.0,91.0,True
coronavirus_like,2,20,5,173980,1,True,True,True,10405,581.0,270.0,True
coronavirus_like,2,20,5,174341,1,False,True,True,15668,258.0,111.0,True
coronavirus_like,2,20,5,179736,1,False,True,False,29393,,,
coronavirus_like,2,100,3,451,1,True,True,False,9472,,,
coronavirus_like,2,100,3,587,1,True,False,False,233,,,
coronavirus_like,2,100,3,764,1,True,True,False,9700,,,
coronavirus_like,2,100,3,1114,1,True,True,False,8127,,,
coronavirus_like,2,100,3,1490,3,False,True,False,21273,,,
coronavirus_like,2,100,3,1500,1,False,True,True,22155,1117.0,938.0,True
coronavirus_like,2,100,3,1807,1,True,True,False,16986,,,
coronavirus_like,2,100,3,1824,1,True,False,False,3073,,,
coronavirus_like,2,100,3,1907,1,False,True,False,14216,,,
coronavirus_like,2,100,3,2028,4,False,True,False,897,,,
coronavirus_like,2,100,3,2381,1,False,True,False,14892,,,
coronavirus_like,2,100,3,2392,1,True,True,True,21263,2026.0,712.0,True
coronavirus_like,2,100,3,3842,1,False,True,False,5642,,,
coronavirus_like,2,100,3,4107,1,False,False,False,1112,,,
coronavirus_like,2,100,3,5030,1,False,True,True,2912,2016.0,1518.0,True
coronavirus_like,2,100,3,5155,7,False,True,True,11749,4482.0,3771.0,True
coronavirus_like,2,100,3,5635,1,False,False,False,146,,,
coronavirus_like,2,100,3,6005,13,False,True,True,19766,5004.0,2194.0,True
coronavirus_like,2,100,3,6471,11,False,True,False,9765,,,
coronavirus_like,2,100,3,8521,2,False,True,False,21729,,,
coronavirus_like,2,100,3,8941,1,False,True,False,22547,,,
coronavirus_like,2,100,3,9100,2,False,True,False,13200,,,
coronavirus_like,2,100,3,9294,1,False,True,True,18355,2450.0,1788.0,True
coronavirus_like,2,100,3,10696,1,False,True,False,1361,,,
coronavirus_like,2,100,3,11066,6,False,True,True,22284,3847.0,3524.0,True
coronavirus_like,2,100,3,11949,4,False,True,True,4733,4253.0,3951.0,True
coronavirus_like,2,100,3,12095,5,False,True,True,20055,3717.0,88.0,True
coronavirus_like,2,100,3,12103,1,False,True,True,15127,1448.0,393.0,True
coronavirus_like,2,100,3,12203,2,False,True,True,7657,2843.0,710.0,True
coronavirus_like,2,100,3,14789,1,True,True,True,9627,902.0,498.0,True
coronavirus_like,2,100,3,15696,6,False,True,True,16132,1039.0,496.0,True
coronavirus_like,2,100,3,15818,1,True,False,False,1505,,,
coronavirus_like,2,100,3,15953,1,True,True,True,19275,3575.0,2700.0,True
coronavirus_like,2,100,3,16056,1,True,True,False,29157,,,
coronavirus_like,2,100,3,16724,1,False,True,False,725,,,
coronavirus_like,2,100,3,17698,6,False,True,True,4434,1003.0,768.0,True
coronavirus_like,2,100,3,17858,1,False,True,True,10571,6814.0,5466.0,True
coronavirus_like,2,100,3,18348,1,False,True,True,9790,1104.0,698.0,True
coronavirus_like,2,100,3,18615,2,False,True,True,10833,2794.0,2098.0,True
coronavirus_like,2,100,3,18911,1,False,True,True,16698,1660.0,1467.0,True
coronavirus_like,2,100,3,19374,2,False,True,True,13335,1534.0,736.0,True
coronavirus_like,2,100,3,19942,1,False,True,True,15995,717.0,509.0,True
coronavirus_like,2,100,3,20335,1,False,True,True,17129,1577.0,953.0,True
coronavirus_like,2,100,3,20737,1,False,True,False,21899,,,
coronavirus_like,2,100,3,21575,1,False,True,True,24175,2378.0,621.0,True
coronavirus_like,2,100,3,21627,1,True,True,True,14451,1554.0,622.0,True
coronavirus_like,2,100,3,22955,1,False,True,True,8511,3335.0,721.0,True
coronavirus_like,2,100,3,23227,1,False,True,True,15644,4284.0,630.0,True
coronavirus_like,2,100,3,23834,2,False,True,True,7260,2077.0,1143.0,True
coronavirus_like,2,100,3,24121,2,False,False,False,29435,,,
coronavirus_like,2,100,3,24907,1,True,True,True,14707,2287.0,813.0,True
coronavirus_like,2,100,3,24935,2,False,True,True,18356,2891.0,573.0,True
coronavirus_like,2,100,3,24950,8,False,True,True,23309,1115.0,900.0,True
coronavirus_like,2,100,3,25435,1,False,False,False,1439,,,
coronavirus_like,2,100,3,26388,1,True,True,True,8234,3149.0,344.0,True
coronavirus_like,2,100,3,26406,2,False,True,True,24164,3028.0,2816.0,True
coronavirus_like,2,100,3,27256,1,False,True,True,18144,2350.0,665.0,True
coronavirus_like,2,100,3,27309,1,False,True,True,22254,1117.0,839.0,True
coronavirus_like,2,100,3,27542,1,False,True,True,13595,2287.0,1925.0,True
coronavirus_like,2,100,3,28377,1,True,True,False,28022,,,
coronavirus_like,2,100,3,28645,1,False,True,False,2129,,,
coronavirus_like,2,100,3,28977,1,False,True,True,27805,1540.0,1315.0,True
coronavirus_like,2,100,3,31713,1,True,True,True,9329,3071.0,1446.0,True
coronavirus_like,2,100,3,31726,1,False,True,True,9662,1363.0,826.0,True
coronavirus_like,2,100,3,31963,2,False,True,True,12290,1152.0,1101.0,True
coronavirus_like,2,100,3,32874,2,False,True,True,17809,1969.0,1120.0,True
coronavirus_like,2,100,3,34952,2,False,True,False,1122,,,
coronavirus_like,2,100,3,36024,1,False,True,True,6508,2483.0,982.0,True
coronavirus_like,2,100,3,36059,1,False,False,False,53,,,
coronavirus_like,2,100,3,36459,1,False,True,True,9716,3713.0,2502.0,True
coronavirus_like,2,100,3,37102,1,True,True,True,16779,65.0,65.0,True
coronavirus_like,2,100,3,38176,1,False,True,True,7025,1864.0,1378.0,True
coronavirus_like,2,100,3,38184,1,False,True,False,28327,,,
coronavirus_like,2,100,3,38616,1,False,True,True,18183,1315.0,825.0,True
coronavirus_like,2,100,3,38975,1,False,True,True,9769,585.0,200.0,True
coronavirus_like,2,100,3,39003,6,False,True,True,7942,628.0,420.0,True
coronavirus_like,2,100,3,39355,2,False,True,True,22417,880.0,424.0,True
coronavirus_like,2,100,3,39487,1,False,True,False,29779,,,
coronavirus_like,2,100,3,40597,1,True,True,True,2793,872.0,187.0,True
coronavirus_like,2,100,3,40930,1,False,True,True,16865,737.0,298.0,True
coronavirus_like,2,100,3,42296,1,False,True,True,11387,1729.0,831.0,True
coronavirus_like,2,100,3,43284,1,True,True,True,17452,5572.0,4158.0,True
coronavirus_like,2,100,3,44318,1,False,True,True,20986,1434.0,365.0,True
coronavirus_like,2,100,3,44720,1,False,True,True,16198,768.0,235.0,True
coronavirus_like,2,100,3,45965,1,False,True,True,23175,,,
coronavirus_like,2,100,3,46105,1,True,True,True,20030,819.0,113.0,True
coronavirus_like,2,100,3,47206,1,False,True,True,26926,3349.0,1501.0,True
coronavirus_like,2,100,3,47385,1,True,True,True,9441,4642.0,2294.0,True
coronavirus_like,2,100,3,48294,1,True,True,True,26014,3339.0,3138.0,True
coronavirus_like,2,100,3,48720,1,False,False,False,17250,,,
coronavirus_like,2,100,3,49144,1,True,True,True,18421,4310.0,3401.0,True
coronavirus_like,2,100,3,49244,1,False,True,True,13818,985.0,21.0,True
coronavirus_like,2,100,3,49508,1,False,False,False,24963,,,
coronavirus_like,2,100,3,49666,1,False,True,True,3861,401.0,355.0,True
coronavirus_like,2,100,3,49764,2,False,True,True,24718,741.0,522.0,True
coronavirus_like,2,100,3,50119,19,False,True,True,3946,652.0,381.0,True
coronavirus_like,2,100,3,50187,1,True,True,True,5658,836.0,106.0,True
coronavirus_like,2,100,3,50506,8,False,True,True,26937,3084.0,2331.0,True
coronavirus_like,2,100,3,50831,1,False,True,True,21350,2453.0,1283.0,True
coronavirus_like,2,100,3,51712,11,False,True,True,23601,213.0,204.0,True
coronavirus_like,2,100,3,51856,1,False,True,True,11649,636.0,25.0,True
coronavirus_like,2,100,3,51981,10,False,True,True,14885,891.0,440.0,True
coronavirus_like,2,100,3,52112,1,False,True,True,6649,701.0,128.0,True
coronavirus_like,2,100,3,52193,1,True,True,False,29658,,,
coronavirus_like,2,100,3,52364,1,True,True,True,13660,2095.0,1069.0,True
coronavirus_like,2,100,3,52817,1,False,True,True,23757,718.0,349.0,True
coronavirus_like,2,100,3,53027,1,True,True,True,12085,616.0,267.0,True
coronavirus_like,2,100,3,53231,2,False,True,True,15107,2940.0,1599.0,True
coronavirus_like,2,100,3,54400,1,False,False,False,1047,,,
coronavirus_like,2,100,3,54710,6,False,True,True,4681,1347.0,1082.0,True
coronavirus_like,2,100,3,55176,5,False,True,True,25944,1076.0,97.0,True
coronavirus_like,2,100,3,55681,1,False,True,True,7794,329.0,239.0,True
coronavirus_like,2,100,3,55851,3,False,True,True,23721,2808.0,1713.0,True
coronavirus_like,2,100,3,56545,2,False,True,True,8862,2539.0,1866.0,True
coronavirus_like,2,100,3,56571,1,True,True,True,14142,1843.0,1446.0,True
coronavirus_like,2,100,3,56877,1,False,True,True,17726,613.0,356.0,True
coronavirus_like,2,100,3,58325,4,False,True,True,12488,1485.0,218.0,True
coronavirus_like,2,100,3,58723,12,False,True,True,7086,1743.0,371.0,True
coronavirus_like,2,100,3,60112,1,False,True,True,8950,422.0,188.0,True
coronavirus_like,2,100,3,61016,2,False,True,True,23492,2964.0,1549.0,True
coronavirus_like,2,100,3,61199,1,False,True,True,12932,942.0,717.0,True
coronavirus_like,2,100,3,61941,2,False,True,True,5374,4557.0,3029.0,True
coronavirus_like,2,100,3,62624,1,False,True,True,15820,1438.0,1139.0,True
coronavirus_like,2,100,3,62658,2,False,True,True,14445,2566.0,418.0,True
coronavirus_like,2,100,3,63588,7,False,True,True,9570,1278.0,940.0,True
coronavirus_like,2,100,3,63711,1,False,True,False,27945,,,
coronavirus_like,2,100,3,63926,1,False,True,True,24295,484.0,361.0,True
coronavirus_like,2,100,3,64000,1,True,True,True,4532,397.0,78.0,True
coronavirus_like,2,100,3,64004,1,False,True,True,25684,731.0,12.0,True
coronavirus_like,2,100,3,64147,1,False,True,True,10959,493.0,488.0,True
coronavirus_like,2,100,3,64454,1,False,True,False,4801,,,
coronavirus_like,2,100,3,64695,2,False,True,True,25505,801.0,673.0,True
coronavirus_like,2,100,3,64791,14,False,False,False,73,,,
coronavirus_like,2,100,3,65582,2,False,True,True,6619,4285.0,1619.0,True
coronavirus_like,2,100,3,66694,1,False,True,True,10491,1410.0,546.0,True
coronavirus_like,2,100,3,66697,1,False,True,True,12631,192.0,2.0,True
coronavirus_like,2,100,3,66917,2,False,True,True,28230,669.0,172.0,True
coronavirus_like,2,100,3,67668,1,True,True,False,29757,,,
coronavirus_like,2,100,3,68210,1,False,True,True,11159,1186.0,803.0,True
coronavirus_like,2,100,3,68480,1,False,True,True,8013,554.0,434.0,True
coronavirus_like,2,100,3,70057,1,True,True,True,18565,1111.0,551.0,True
coronavirus_like,2,100,3,70385,1,True,True,True,4800,520.0,48.0,True
coronavirus_like,2,100,3,70997,1,True,True,True,21125,643.0,461.0,True
coronavirus_like,2,100,3,71819,1,True,True,False,29791,,,
coronavirus_like,2,100,3,71911,6,False,True,True,2973,615.0,136.0,True
coronavirus_like,2,100,3,72359,2,False,True,True,9277,1815.0,942.0,True
coronavirus_like,2,100,3,72374,1,True,True,True,12299,7400.0,1640.0,True
coronavirus_like,2,100,3,72581,10,False,True,True,11015,368.0,90.0,True
coronavirus_like,2,100,3,72609,1,True,True,True,18072,1849.0,1562.0,True
coronavirus_like,2,100,3,72833,11,False,True,True,14462,956.0,434.0,True
coronavirus_like,2,100,3,73205,2,False,True,True,20031,1080.0,58.0,True
coronavirus_like,2,100,3,73594,1,False,True,True,20202,2636.0,1758.0,True
coronavirus_like,2,100,3,73765,4,False,True,True,25606,673.0,90.0,True
coronavirus_like,2,100,3,74495,1,False,False,False,23580,,,
coronavirus_like,2,100,3,75518,2,False,True,True,23137,456.0,117.0,True
coronavirus_like,2,100,3,76401,1,False,True,True,4181,1448.0,260.0,True
coronavirus_like,2,100,3,76406,1,False,True,True,7400,314.0,57.0,True
coronavirus_like,2,100,3,76601,15,False,True,True,3607,852.0,238.0,True
coronavirus_like,2,100,3,76711,2,False,True,False,29304,,,
coronavirus_like,2,100,3,77667,1,True,True,True,7636,962.0,767.0,True
coronavirus_like,2,100,3,78822,1,False,True,True,11394,438.0,56.0,True
coronavirus_like,2,100,3,78877,1,False,True,True,6610,2883.0,708.0,True
coronavirus_like,2,100,3,79965,1,True,True,True,14775,509.0,88.0,True
coronavirus_like,2,100,3,80031,1,True,True,True,10036,666.0,583.0,True
coronavirus_like,2,100,3,80238,1,True,True,True,23180,4326.0,387.0,True
coronavirus_like,2,100,3,80254,2,False,True,True,19091,1923.0,43.0,True
coronavirus_like,2,100,3,80553,1,True,True,True,24327,279.0,158.0,True
coronavirus_like,2,100,3,80592,4,False,True,True,21040,780.0,492.0,True
coronavirus_like,2,100,3,80943,1,False,True,True,21862,426.0,97.0,True
coronavirus_like,2,100,3,81152,2,False,True,True,12206,105.0,90.0,True
coronavirus_like,2,100,3,82392,1,False,True,True,20606,1767.0,628.0,True
coronavirus_like,2,100,3,82452,1,True,True,True,26052,442.0,87.0,True
coronavirus_like,2,100,3,83105,1,True,True,True,19554,383.0,296.0,True
coronavirus_like,2,100,3,83743,1,False,True,True,9789,1385.0,52.0,True
coronavirus_like,2,100,3,83772,1,True,True,True,9634,1809.0,355.0,True
coronavirus_like,2,100,3,84758,8,False,True,True,7892,1844.0,755.0,True
coronavirus_like,2,100,3,84928,1,True,True,True,7557,830.0,731.0,True
coronavirus_like,2,100,3,85480,1,False,True,True,22546,351.0,205.0,True
coronavirus_like,2,100,3,85802,1,True,True,True,6571,1240.0,740.0,True
coronavirus_like,2,100,3,86035,1,True,True,True,8376,1075.0,888.0,True
coronavirus_like,2,100,3,86792,1,True,False,False,29814,,,
coronavirus_like,2,100,3,86947,1,False,True,True,26013,612.0,408.0,True
coronavirus_like,2,100,3,87194,1,True,True,True,27594,456.0,383.0,True
coronavirus_like,2,100,3,88163,2,False,True,True,27805,749.0,512.0,True
coronavirus_like,2,100,3,88261,1,True,True,True,14153,473.0,473.0,True
coronavirus_like,2,100,3,89729,1,False,True,True,28355,1178.0,4.0,True
coronavirus_like,2,100,3,90549,1,True,True,True,13400,1008.0,242.0,True
coronavirus_like,2,100,3,91190,2,False,True,True,9873,1715.0,1488.0,True
coronavirus_like,2,100,3,92469,1,True,True,True,15341,1630.0,638.0,True
coronavirus_like,2,100,3,92769,2,False,True,True,4001,8921.0,8217.0,True
coronavirus_like,2,100,3,93218,2,False,True,True,24635,1459.0,1173.0,True
coronavirus_like,2,100,3,93539,2,False,True,True,7395,917.0,667.0,True
coronavirus_like,2,100,3,93695,1,False,True,True,16072,605.0,353.0,True
coronavirus_like,2,100,3,93703,2,False,False,False,24151,,,
coronavirus_like,2,100,3,93904,4,False,True,True,11256,627.0,437.0,True
coronavirus_like,2,100,3,94247,3,False,True,True,17877,1696.0,1075.0,True
coronavirus_like,2,100,3,94538,1,True,True,True,22138,2633.0,237.0,True
coronavirus_like,2,100,3,94621,1,True,True,True,14534,215.0,92.0,True
coronavirus_like,2,100,3,96091,3,False,True,True,12093,,,
coronavirus_like,2,100,3,96310,1,False,True,True,13182,1365.0,480.0,True
coronavirus_like,2,100,3,96436,1,False,True,True,18697,1387.0,1044.0,True
coronavirus_like,2,100,3,97256,8,False,True,True,4671,498.0,26.0,True
coronavirus_like,2,100,3,97402,1,True,True,True,26112,1495.0,309.0,True
coronavirus_like,2,100,3,98093,1,False,True,False,29389,,,
coronavirus_like,2,100,3,98272,1,False,True,True,3037,1753.0,975.0,True
coronavirus_like,2,100,3,98396,1,True,True,True,13620,193.0,29.0,True
coronavirus_like,2,100,3,102087,1,False,True,True,15061,360.0,4.0,True
coronavirus_like,2,100,3,102797,1,True,True,True,8343,2382.0,578.0,True
coronavirus_like,2,100,3,103835,2,False,False,False,537,,,
coronavirus_like,2,100,3,104161,1,True,True,True,20366,295.0,73.0,True
coronavirus_like,2,100,3,104391,8,False,True,True,20780,613.0,55.0,True
coronavirus_like,2,100,3,104810,3,False,True,True,6045,555.0,469.0,True
coronavirus_like,2,100,3,104844,9,False,True,True,15647,423.0,297.0,True
coronavirus_like,2,100,3,105032,1,True,True,True,10949,75.0,2.0,True
coronavirus_like,2,100,3,105920,18,False,True,True,11750,359.0,57.0,True
coronavirus_like,2,100,3,105987,1,False,True,True,26877,364.0,84.0,True
coronavirus_like,2,100,3,106254,1,True,True,True,5339,479.0,454.0,True
coronavirus_like,2,100,3,106324,1,False,True,False,16833,,,
coronavirus_like,2,100,3,107969,1,False,True,True,2879,994.0,230.0,True
coronavirus_like,2,100,3,108323,8,False,True,True,10614,1515.0,134.0,True
coronavirus_like,2,100,3,108586,1,False,True,False,29109,,,
coronavirus_like,2,100,3,110271,73,False,True,True,20024,877.0,562.0,True
coronavirus_like,2,100,3,110608,34,False,True,True,14566,1537.0,267.0,True
coronavirus_like,2,100,3,111179,1,True,True,True,14321,1115.0,712.0,True
coronavirus_like,2,100,3,111255,9,False,True,True,2035,579.0,465.0,True
coronavirus_like,2,100,3,111351,1,False,True,True,2450,84.0,50.0,True
coronavirus_like,2,100,3,112351,1,True,True,True,25250,853.0,792.0,True
coronavirus_like,2,100,3,113141,4,False,True,True,23495,438.0,391.0,True
coronavirus_like,2,100,3,113160,1,False,True,True,8323,171.0,28.0,True
coronavirus_like,2,100,3,114334,6,False,True,True,10832,291.0,201.0,True
coronavirus_like,2,100,3,114606,1,False,True,True,1063,642.0,577.0,True
coronavirus_like,2,100,3,114629,2,False,True,True,27525,595.0,32.0,True
coronavirus_like,2,100,3,114915,1,True,True,True,7795,626.0,265.0,True
coronavirus_like,2,100,3,115228,1,True,True,True,6767,1073.0,544.0,True
coronavirus_like,2,100,3,115482,8,False,True,True,13132,1293.0,645.0,True
coronavirus_like,2,100,3,115720,1,True,True,True,3774,,,
coronavirus_like,2,100,3,115795,1,False,True,True,21611,1032.0,286.0,True
coronavirus_like,2,100,3,115881,1,False,True,True,28507,1582.0,256.0,True
coronavirus_like,2,100,3,116216,1,False,True,True,27697,778.0,35.0,True
coronavirus_like,2,100,3,116682,1,False,True,True,15271,1007.0,704.0,True
coronavirus_like,2,100,3,117266,22,False,True,True,24112,505.0,199.0,True
coronavirus_like,2,100,3,117656,2,False,True,True,6949,423.0,193.0,True
coronavirus_like,2,100,3,118927,3,False,True,True,17076,486.0,39.0,True
coronavirus_like,2,100,3,119237,1,True,True,True,24199,1436.0,1368.0,True
coronavirus_like,2,100,3,119970,2,False,True,True,25219,290.0,87.0,True
coronavirus_like,2,100,3,120069,1,True,True,True,10462,1041.0,26.0,True
coronavirus_like,2,100,3,120492,1,True,True,True,7548,157.0,37.0,True
coronavirus_like,2,100,3,121248,3,False,True,True,4466,222.0,93.0,True
coronavirus_like,2,100,3,121594,1,False,True,True,14587,310.0,106.0,True
coronavirus_like,2,100,3,121724,1,False,True,True,26383,556.0,186.0,True
coronavirus_like,2,100,3,124234,5,False,True,True,21198,1158.0,1106.0,True
coronavirus_like,2,100,3,124291,2,False,True,False,484,,,
coronavirus_like,2,100,3,124923,2,False,True,False,240,,,
coronavirus_like,2,100,3,126428,5,False,True,True,22659,351.0,92.0,True
coronavirus_like,2,100,3,126632,1,False,True,True,17853,387.0,229.0,True
coronavirus_like,2,100,3,126688,1,False,True,True,10054,295.0,165.0,True
coronavirus_like,2,100,3,126983,1,False,True,True,2212,,,
coronavirus_like,2,100,3,127454,2,False,True,True,28288,406.0,11.0,True
coronavirus_like,2,100,3,127782,8,False,True,True,10356,1302.0,1248.0,True
coronavirus_like,2,100,3,127874,1,False,True,True,4265,278.0,176.0,True
coronavirus_like,2,100,3,128063,3,False,True,True,3039,1116.0,284.0,True
coronavirus_like,2,100,3,128357,1,True,True,True,6654,802.0,422.0,True
coronavirus_like,2,100,3,129226,1,False,True,True,2628,186.0,155.0,True
coronavirus_like,2,100,3,129496,5,False,True,True,15161,826.0,359.0,True
coronavirus_like,2,100,3,129916,6,False,True,True,22288,443.0,141.0,True
coronavirus_like,2,100,3,130274,1,False,True,True,20565,572.0,151.0,True
coronavirus_like,2,100,3,130596,1,False,True,True,26866,735.0,645.0,True
coronavirus_like,2,100,3,131670,1,True,True,True,14687,163.0,89.0,True
coronavirus_like,2,100,3,133067,1,True,True,True,7553,1124.0,709.0,True
coronavirus_like,2,100,3,133374,1,True,True,True,27208,627.0,312.0,True
coronavirus_like,2,100,3,133396,1,False,True,True,13502,392.0,128.0,True
coronavirus_like,2,100,3,134553,1,False,True,True,15538,630.0,613.0,True
coronavirus_like,2,100,3,135282,1,False,True,True,22622,674.0,495.0,True
coronavirus_like,2,100,3,135618,3,False,True,True,13733,223.0,222.0,True
coronavirus_like,2,100,3,135733,1,False,True,False,27162,,,
coronavirus_like,2,100,3,135845,1,True,True,True,28058,842.0,308.0,True
coronavirus_like,2,100,3,135913,1,True,True,True,18411,798.0,545.0,True
coronavirus_like,2,100,3,137207,20,False,True,True,793,297.0,99.0,True
coronavirus_like,2,100,3,137816,1,False,True,True,15051,403.0,186.0,True
coronavirus_like,2,100,3,138550,1,True,True,True,10976,838.0,486.0,True
coronavirus_like,2,100,3,139827,1,False,True,True,1118,365.0,315.0,True
coronavirus_like,2,100,3,140085,1,False,True,True,1860,322.0,109.0,True
coronavirus_like,2,100,3,140648,1,False,True,True,12597,235.0,27.0,True
coronavirus_like,2,100,3,140732,1,False,True,True,10214,581.0,461.0,True
coronavirus_like,2,100,3,142154,1,False,True,True,4196,295.0,219.0,True
coronavirus_like,2,100,3,142825,1,False,True,True,11561,1280.0,220.0,True
coronavirus_like,2,100,3,143964,3,False,True,True,9517,1135.0,128.0,True
coronavirus_like,2,100,3,144209,1,True,True,True,810,671.0,609.0,True
coronavirus_like,2,100,3,145251,1,False,True,True,5348,253.0,67.0,True
coronavirus_like,2,100,3,145670,1,False,True,True,5723,,,
coronavirus_like,2,100,3,146091,1,True,True,True,19136,623.0,572.0,True
coronavirus_like,2,100,3,147024,1,False,True,True,12270,2068.0,834.0,True
coronavirus_like,2,100,3,147935,1,False,True,True,26261,287.0,166.0,True
coronavirus_like,2,100,3,148895,34,False,True,True,16543,736.0,416.0,True
coronavirus_like,2,100,3,148985,6,False,True,True,3466,663.0,345.0,True
coronavirus_like,2,100,3,149517,1,False,True,True,12229,773.0,67.0,True
coronavirus_like,2,100,3,149637,2,False,True,True,2629,864.0,518.0,True
coronavirus_like,2,100,3,150387,3,False,True,True,8988,313.0,243.0,True
coronavirus_like,2,100,3,151276,1,False,True,True,21607,573.0,290.0,True
coronavirus_like,2,100,3,151590,6,False,True,True,17209,607.0,263.0,True
coronavirus_like,2,100,3,151828,2,False,False,False,4511,,,
coronavirus_like,2,100,3,152023,1,True,True,True,16007,359.0,144.0,True
coronavirus_like,2,100,3,152119,5,False,True,True,13446,181.0,130.0,True
coronavirus_like,2,100,3,152154,1,True,True,True,18186,1231.0,381.0,True
coronavirus_like,2,100,3,152911,1,False,True,True,17582,326.0,300.0,True
coronavirus_like,2,100,3,153559,1,True,True,True,9268,117.0,81.0,True
coronavirus_like,2,100,3,154332,1,True,True,True,21140,251.0,108.0,True
coronavirus_like,2,100,3,154463,1,True,True,True,7809,582.0,379.0,True
coronavirus_like,2,100,3,155221,1,True,True,True,13455,637.0,35.0,True
coronavirus_like,2,100,3,155282,2,False,True,True,12422,75.0,18.0,True
coronavirus_like,2,100,3,156311,11,False,True,True,11584,140.0,109.0,True
coronavirus_like,2,100,3,156480,1,False,True,True,15303,656.0,217.0,True
coronavirus_like,2,100,3,156997,7,False,True,True,10231,990.0,201.0,True
coronavirus_like,2,100,3,157401,5,False,True,False,26823,,,
coronavirus_like,2,100,3,157420,1,False,True,True,1287,1151.0,880.0,True
coronavirus_like,2,100,3,157450,1,False,True,True,9439,822.0,548.0,True
coronavirus_like,2,100,3,157819,2,False,True,True,19618,1069.0,19.0,True
coronavirus_like,2,100,3,157934,4,False,True,True,1012,278.0,159.0,True
coronavirus_like,2,100,3,158364,1,False,True,True,17573,223.0,86.0,True
coronavirus_like,2,100,3,159169,13,False,True,True,21722,315.0,176.0,True
coronavirus_like,2,100,3,159648,1,False,True,True,28287,296.0,-810.0,False
coronavirus_like,2,100,3,159676,1,False,True,False,29926,,,
coronavirus_like,2,100,3,159965,1,False,True,True,12784,111.0,68.0,True
coronavirus_like,2,100,3,160040,1,False,True,True,22460,1011.0,845.0,True
coronavirus_like,2,100,3,160399,1,True,True,True,5066,242.0,226.0,True
coronavirus_like,2,100,3,161239,2,False,True,True,11376,395.0,146.0,True
coronavirus_like,2,100,3,162354,1,False,True,True,11707,436.0,201.0,True
coronavirus_like,2,100,3,162537,1,True,True,True,5479,506.0,417.0,True
coronavirus_like,2,100,3,163057,1,False,True,True,10351,526.0,477.0,True
coronavirus_like,2,100,3,163871,1,True,True,True,9596,713.0,350.0,True
coronavirus_like,2,100,3,164703,3,False,True,True,14764,778.0,99.0,True
coronavirus_like,2,100,3,165228,1,True,True,True,470,164.0,108.0,True
coronavirus_like,2,100,3,165232,1,False,False,False,648,,,
coronavirus_like,2,100,3,165931,1,True,True,True,26396,34.0,31.0,True
coronavirus_like,2,100,3,167266,1,False,True,True,7553,157.0,32.0,True
coronavirus_like,2,100,3,167292,5,False,True,True,12115,534.0,491.0,True
coronavirus_like,2,100,3,167548,1,False,True,True,9853,661.0,240.0,True
coronavirus_like,2,100,3,167623,2,False,True,True,28908,131.0,29.0,True
coronavirus_like,2,100,3,167994,2,False,True,True,5461,718.0,252.0,True
coronavirus_like,2,100,3,168548,1,False,True,False,28879,,,
coronavirus_like,2,100,3,168572,4,False,True,True,23911,475.0,171.0,True
coronavirus_like,2,100,3,169623,3,False,True,True,8769,257.0,194.0,True
coronavirus_like,2,100,3,170329,1,False,True,True,2470,76.0,30.0,True
coronavirus_like,2,100,3,171709,1,True,True,True,3387,674.0,311.0,True
coronavirus_like,2,100,3,172316,1,True,True,True,19381,288.0,186.0,True
coronavirus_like,2,100,3,172448,1,False,True,True,22744,943.0,97.0,True
coronavirus_like,2,100,3,172735,1,True,True,True,7745,167.0,145.0,True
coronavirus_like,2,100,3,173032,1,False,True,True,10389,377.0,121.0,True
coronavirus_like,2,100,3,173096,1,True,True,True,3026,424.0,122.0,True
coronavirus_like,2,100,3,173368,1,True,True,True,23599,398.0,91.0,True
coronavirus_like,2,100,3,173980,1,True,True,True,10405,581.0,270.0,True
coronavirus_like,2,100,3,174341,3,False,True,True,15668,258.0,111.0,True
coronavirus_like,2,100,3,175130,1,False,True,True,25943,490.0,356.0,True
coronavirus_like,2,100,3,176457,2,False,True,True,670,633.0,542.0,True
coronavirus_like,2,100,3,177629,1,True,True,True,4602,133.0,59.0,True
coronavirus_like,2,100,3,179613,1,False,True,True,13460,235.0,170.0,True
coronavirus_like,2,100,3,179736,1,True,True,False,29393,,,
coronavirus_like,2,100,3,180224,1,False,True,True,23199,655.0,13.0,True
coronavirus_like,2,100,4,451,1,True,True,False,9472,,,
coronavirus_like,2,100,4,587,1,True,False,False,233,,,
coronavirus_like,2,100,4,764,1,True,True,False,9700,,,
coronavirus_like,2,100,4,1114,1,True,True,False,8127,,,
coronavirus_like,2,100,4,1490,3,False,True,False,21273,,,
coronavirus_like,2,100,4,1500,1,False,True,False,22155,,,
coronavirus_like,2,100,4,1807,1,True,True,False,16986,,,
coronavirus_like,2,100,4,1824,1,True,False,False,3073,,,
coronavirus_like,2,100,4,1907,1,False,True,False,14216,,,
coronavirus_like,2,100,4,2028,4,False,True,False,897,,,
coronavirus_like,2,100,4,2381,1,False,True,False,14892,,,
coronavirus_like,2,100,4,2392,1,True,True,False,21263,,,
coronavirus_like,2,100,4,3842,1,False,True,False,5642,,,
coronavirus_like,2,100,4,4107,1,False,False,False,1112,,,
coronavirus_like,2,100,4,5030,1,False,True,False,2912,,,
coronavirus_like,2,100,4,5155,7,False,True,False,11749,,,
coronavirus_like,2,100,4,5635,1,False,False,False,146,,,
coronavirus_like,2,100,4,6005,13,False,True,False,19766,,,
coronavirus_like,2,100,4,6471,11,False,True,False,9765,,,
coronavirus_like,2,100,4,8521,2,False,True,False,21729,,,
coronavirus_like,2,100,4,8941,1,False,True,False,22547,,,
coronavirus_like,2,100,4,9100,2,False,True,False,13200,,,
coronavirus_like,2,100,4,9294,1,False,True,True,18355,2450.0,1788.0,True
coronavirus_like,2,100,4,10696,1,False,True,False,1361,,,
coronavirus_like,2,100,4,11066,6,False,True,True,22284,3847.0,3524.0,True
coronavirus_like,2,100,4,11949,4,False,True,False,4733,,,
coronavirus_like,2,100,4,12095,5,False,True,True,20055,3717.0,88.0,True
coronavirus_like,2,100,4,12103,1,False,True,True,15127,1448.0,393.0,True
coronavirus_like,2,100,4,12203,2,False,True,True,7657,2843.0,710.0,True
coronavirus_like,2,100,4,14789,1,True,True,True,9627,902.0,498.0,True
coronavirus_like,2,100,4,15696,6,False,True,True,16132,1039.0,496.0,True
coronavirus_like,2,100,4,15818,1,True,False,False,1505,,,
coronavirus_like,2,100,4,15953,1,True,True,True,19275,3575.0,2700.0,True
coronavirus_like,2,100,4,16056,1,True,True,False,29157,,,
coronavirus_like,2,100,4,16724,1,False,True,False,725,,,
coronavirus_like,2,100,4,17698,6,False,True,True,4434,1003.0,768.0,True
coronavirus_like,2,100,4,17858,1,False,True,True,10571,6814.0,5466.0,True
coronavirus_like,2,100,4,18348,1,False,True,True,9790,1104.0,698.0,True
coronavirus_like,2,100,4,18615,2,False,True,False,10833,,,
coronavirus_like,2,100,4,18911,1,False,True,True,16698,1660.0,1467.0,True
coronavirus_like,2,100,4,19374,2,False,True,True,13335,1534.0,736.0,True
coronavirus_like,2,100,4,19942,1,False,True,True,15995,717.0,509.0,True
coronavirus_like,2,100,4,20335,1,False,True,True,17129,1577.0,953.0,True
coronavirus_like,2,100,4,20737,1,False,True,False,21899,,,
coronavirus_like,2,100,4,21575,1,False,True,False,24175,,,
coronavirus_like,2,100,4,21627,1,True,True,True,14451,1554.0,622.0,True
coronavirus_like,2,100,4,22955,1,False,True,True,8511,3335.0,721.0,True
coronavirus_like,2,100,4,23227,1,False,True,True,15644,4284.0,630.0,True
coronavirus_like,2,100,4,23834,2,False,True,True,7260,2077.0,1143.0,True
coronavirus_like,2,100,4,24121,2,False,False,False,29435,,,
coronavirus_like,2,100,4,24907,1,True,True,True,14707,2287.0,813.0,True
coronavirus_like,2,100,4,24935,2,False,True,True,18356,2891.0,573.0,True
coronavirus_like,2,100,4,24950,8,False,True,True,23309,1115.0,900.0,True
coronavirus_like,2,100,4,25435,1,False,False,False,1439,,,
coronavirus_like,2,100,4,26388,1,True,True,True,8234,3149.0,344.0,True
coronavirus_like,2,100,4,26406,2,False,True,True,24164,3028.0,2816.0,True
coronavirus_like,2,100,4,27256,1,False,True,True,18144,2350.0,665.0,True
coronavirus_like,2,100,4,27309,1,False,True,True,22254,1117.0,839.0,True
coronavirus_like,2,100,4,27542,1,False,True,True,13595,2287.0,1925.0,True
coronavirus_like,2,100,4,28377,1,True,True,False,28022,,,
coronavirus_like,2,100,4,28645,1,False,True,False,2129,,,
coronavirus_like,2,100,4,28977,1,False,True,True,27805,1540.0,1315.0,True
coronavirus_like,2,100,4,31713,1,True,True,False,9329,,,
coronavirus_like,2,100,4,31726,1,False,True,True,9662,1363.0,826.0,True
coronavirus_like,2,100,4,31963,2,False,True,True,12290,1152.0,1101.0,True
coronavirus_like,2,100,4,32874,2,False,True,True,17809,1969.0,1120.0,True
coronavirus_like,2,100,4,34952,2,False,True,False,1122,,,
coronavirus_like,2,100,4,36024,1,False,True,True,6508,2483.0,982.0,True
coronavirus_like,2,100,4,36059,1,False,False,False,53,,,
coronavirus_like,2,100,4,36459,1,False,True,True,9716,3713.0,2502.0,True
coronavirus_like,2,100,4,37102,1,True,True,True,16779,65.0,65.0,True
coronavirus_like,2,100,4,38176,1,False,True,True,7025,1864.0,1378.0,True
coronavirus_like,2,100,4,38184,1,False,True,False,28327,,,
coronavirus_like,2,100,4,38616,1,False,True,True,18183,1315.0,825.0,True
coronavirus_like,2,100,4,38975,1,False,True,True,9769,585.0,200.0,True
coronavirus_like,2,100,4,39003,6,False,True,True,7942,628.0,420.0,True
coronavirus_like,2,100,4,39355,2,False,True,True,22417,880.0,424.0,True
coronavirus_like,2,100,4,39487,1,False,True,False,29779,,,
coronavirus_like,2,100,4,40597,1,True,True,False,2793,,,
coronavirus_like,2,100,4,40930,1,False,True,True,16865,737.0,298.0,True
coronavirus_like,2,100,4,42296,1,False,True,True,11387,1729.0,831.0,True
coronavirus_like,2,100,4,43284,1,True,True,True,17452,5572.0,4158.0,True
coronavirus_like,2,100,4,44318,1,False,True,True,20986,1434.0,365.0,True
coronavirus_like,2,100,4,44720,1,False,True,True,16198,768.0,235.0,True
coronavirus_like,2,100,4,45965,1,False,True,True,23175,,,
coronavirus_like,2,100,4,46105,1,True,True,True,20030,819.0,113.0,True
coronavirus_like,2,100,4,47206,1,False,True,False,26926,,,
coronavirus_like,2,100,4,47385,1,True,True,True,9441,4642.0,2294.0,True
coronavirus_like,2,100,4,48294,1,True,True,True,26014,3339.0,3138.0,True
coronavirus_like,2,100,4,48720,1,False,False,False,17250,,,
coronavirus_like,2,100,4,49144,1,True,True,True,18421,4310.0,3401.0,True
coronavirus_like,2,100,4,49244,1,False,True,True,13818,985.0,21.0,True
coronavirus_like,2,100,4,49508,1,False,False,False,24963,,,
coronavirus_like,2,100,4,49666,1,False,True,True,3861,401.0,355.0,True
coronavirus_like,2,100,4,49764,2,False,True,True,24718,741.0,522.0,True
coronavirus_like,2,100,4,50119,19,False,True,True,3946,652.0,381.0,True
coronavirus_like,2,100,4,50187,1,True,True,True,5658,836.0,106.0,True
coronavirus_like,2,100,4,50506,8,False,True,False,26937,,,
coronavirus_like,2,100,4,50831,1,False,True,True,21350,2453.0,1283.0,True
coronavirus_like,2,100,4,51712,11,False,True,True,23601,213.0,204.0,True
coronavirus_like,2,100,4,51856,1,False,True,True,11649,636.0,25.0,True
coronavirus_like,2,100,4,51981,10,False,True,True,14885,891.0,440.0,True
coronavirus_like,2,100,4,52112,1,False,True,True,6649,701.0,128.0,True
coronavirus_like,2,100,4,52193,1,True,True,False,29658,,,
coronavirus_like,2,100,4,52364,1,True,True,True,13660,2095.0,1069.0,True
coronavirus_like,2,100,4,52817,1,False,True,True,23757,718.0,349.0,True
coronavirus_like,2,100,4,53027,1,True,True,True,12085,616.0,267.0,True
coronavirus_like,2,100,4,53231,2,False,True,True,15107,2940.0,1599.0,True
coronavirus_like,2,100,4,54400,1,False,False,False,1047,,,
coronavirus_like,2,100,4,54710,6,False,True,True,4681,1347.0,1082.0,True
coronavirus_like,2,100,4,55176,5,False,True,True,25944,1076.0,97.0,True
coronavirus_like,2,100,4,55681,1,False,True,True,7794,329.0,239.0,True
coronavirus_like,2,100,4,55851,3,False,True,True,23721,2808.0,1713.0,True
coronavirus_like,2,100,4,56545,2,False,True,True,8862,2539.0,1866.0,True
coronavirus_like,2,100,4,56571,1,True,True,True,14142,1843.0,1446.0,True
coronavirus_like,2,100,4,56877,1,False,True,True,17726,613.0,356.0,True
coronavirus_like,2,100,4,58325,4,False,True,True,12488,1485.0,218.0,True
coronavirus_like,2,100,4,58723,12,False,True,True,7086,1743.0,371.0,True
coronavirus_like,2,100,4,60112,1,False,True,True,8950,422.0,188.0,True
coronavirus_like,2,100,4,61016,2,False,True,True,23492,2964.0,1549.0,True
coronavirus_like,2,100,4,61199,1,False,True,True,12932,942.0,717.0,True
coronavirus_like,2,100,4,61941,2,False,True,True,5374,4557.0,3029.0,True
coronavirus_like,2,100,4,62624,1,False,True,True,15820,1438.0,1139.0,True
coronavirus_like,2,100,4,62658,2,False,True,True,14445,2566.0,418.0,True
coronavirus_like,2,100,4,63588,7,False,True,True,9570,1278.0,940.0,True
coronavirus_like,2,100,4,63711,1,False,True,False,27945,,,
coronavirus_like,2,100,4,63926,1,False,True,True,24295,484.0,361.0,True
coronavirus_like,2,100,4,64000,1,True,True,True,4532,397.0,78.0,True
coronavirus_like,2,100,4,64004,1,False,True,True,25684,731.0,12.0,True
coronavirus_like,2,100,4,64147,1,False,True,True,10959,493.0,488.0,True
coronavirus_like,2,100,4,64454,1,False,True,False,4801,,,
coronavirus_like,2,100,4,64695,2,False,True,True,25505,801.0,673.0,True
coronavirus_like,2,100,4,64791,14,False,False,False,73,,,
coronavirus_like,2,100,4,65582,2,False,True,True,6619,4285.0,1619.0,True
coronavirus_like,2,100,4,66694,1,False,True,True,10491,1410.0,546.0,True
coronavirus_like,2,100,4,66697,1,False,True,True,12631,192.0,2.0,True
coronavirus_like,2,100,4,66917,2,False,True,True,28230,669.0,172.0,True
coronavirus_like,2,100,4,67668,1,True,True,False,29757,,,
coronavirus_like,2,100,4,68210,1,False,True,True,11159,1186.0,803.0,True
coronavirus_like,2,100,4,68480,1,False,True,True,8013,554.0,434.0,True
coronavirus_like,2,100,4,70057,1,True,True,True,18565,1111.0,551.0,True
coronavirus_like,2,100,4,70385,1,True,True,True,4800,520.0,48.0,True
coronavirus_like,2,100,4,70997,1,True,True,True,21125,643.0,461.0,True
coronavirus_like,2,100,4,71819,1,True,True,False,29791,,,
coronavirus_like,2,100,4,71911,6,False,True,True,2973,615.0,136.0,True
coronavirus_like,2,100,4,72359,2,False,True,True,9277,1815.0,942.0,True
coronavirus_like,2,100,4,72374,1,True,True,True,12299,7400.0,1640.0,True
coronavirus_like,2,100,4,72581,10,False,True,True,11015,368.0,90.0,True
coronavirus_like,2,100,4,72609,1,True,True,True,18072,1849.0,1562.0,True
coronavirus_like,2,100,4,72833,11,False,True,True,14462,956.0,434.0,True
coronavirus_like,2,100,4,73205,2,False,True,True,20031,1080.0,58.0,True
coronavirus_like,2,100,4,73594,1,False,True,True,20202,2636.0,1758.0,True
coronavirus_like,2,100,4,73765,4,False,True,True,25606,673.0,90.0,True
coronavirus_like,2,100,4,74495,1,False,False,False,23580,,,
coronavirus_like,2,100,4,75518,2,False,True,True,23137,456.0,117.0,True
coronavirus_like,2,100,4,76401,1,False,True,True,4181,1448.0,260.0,True
coronavirus_like,2,100,4,76406,1,False,True,True,7400,314.0,57.0,True
coronavirus_like,2,100,4,76601,15,False,True,True,3607,852.0,238.0,True
coronavirus_like,2,100,4,76711,2,False,True,False,29304,,,
coronavirus_like,2,100,4,77667,1,True,True,True,7636,962.0,767.0,True
coronavirus_like,2,100,4,78822,1,False,True,True,11394,438.0,56.0,True
coronavirus_like,2,100,4,78877,1,False,True,True,6610,2883.0,708.0,True
coronavirus_like,2,100,4,79965,1,True,True,True,14775,509.0,88.0,True
coronavirus_like,2,100,4,80031,1,True,True,True,10036,666.0,583.0,True
coronavirus_like,2,100,4,80238,1,True,True,True,23180,4326.0,387.0,True
coronavirus_like,2,100,4,80254,2,False,True,True,19091,1923.0,43.0,True
coronavirus_like,2,100,4,80553,1,True,True,True,24327,279.0,158.0,True
coronavirus_like,2,100,4,80592,4,False,True,True,21040,780.0,492.0,True
coronavirus_like,2,100,4,80943,1,False,True,True,21862,426.0,97.0,True
coronavirus_like,2,100,4,81152,2,False,True,True,12206,105.0,90.0,True
coronavirus_like,2,100,4,82392,1,False,True,True,20606,1767.0,628.0,True
coronavirus_like,2,100,4,82452,1,True,True,True,26052,442.0,87.0,True
coronavirus_like,2,100,4,83105,1,True,True,True,19554,383.0,296.0,True
coronavirus_like,2,100,4,83743,1,False,True,True,9789,1385.0,52.0,True
coronavirus_like,2,100,4,83772,1,True,True,True,9634,1809.0,355.0,True
coronavirus_like,2,100,4,84758,8,False,True,True,7892,1844.0,755.0,True
coronavirus_like,2,100,4,84928,1,True,True,True,7557,830.0,731.0,True
coronavirus_like,2,100,4,85480,1,False,True,True,22546,351.0,205.0,True
coronavirus_like,2,100,4,85802,1,True,True,True,6571,1240.0,740.0,True
coronavirus_like,2,100,4,86035,1,True,True,True,8376,1075.0,888.0,True
coronavirus_like,2,100,4,86792,1,True,False,False,29814,,,
coronavirus_like,2,100,4,86947,1,False,True,True,26013,612.0,408.0,True
coronavirus_like,2,100,4,87194,1,True,True,True,27594,456.0,383.0,True
coronavirus_like,2,100,4,88163,2,False,True,True,27805,749.0,512.0,True
coronavirus_like,2,100,4,88261,1,True,True,True,14153,473.0,473.0,True
coronavirus_like,2,100,4,89729,1,False,True,False,28355,,,
coronavirus_like,2,100,4,90549,1,True,True,True,13400,1008.0,242.0,True
coronavirus_like,2,100,4,91190,2,False,True,True,9873,1715.0,1488.0,True
coronavirus_like,2,100,4,92469,1,True,True,True,15341,1630.0,638.0,True
coronavirus_like,2,100,4,92769,2,False,True,True,4001,8921.0,8217.0,True
coronavirus_like,2,100,4,93218,2,False,True,True,24635,1459.0,1173.0,True
coronavirus_like,2,100,4,93539,2,False,True,True,7395,917.0,667.0,True
coronavirus_like,2,100,4,93695,1,False,True,True,16072,605.0,353.0,True
coronavirus_like,2,100,4,93703,2,False,False,False,24151,,,
coronavirus_like,2,100,4,93904,4,False,True,True,11256,627.0,437.0,True
coronavirus_like,2,100,4,94247,3,False,True,True,17877,1696.0,1075.0,True
coronavirus_like,2,100,4,94538,1,True,True,True,22138,2633.0,237.0,True
coronavirus_like,2,100,4,94621,1,True,True,True,14534,215.0,92.0,True
coronavirus_like,2,100,4,96091,3,False,True,True,12093,,,
coronavirus_like,2,100,4,96310,1,False,True,True,13182,1365.0,480.0,True
coronavirus_like,2,100,4,96436,1,False,True,True,18697,1387.0,1044.0,True
coronavirus_like,2,100,4,97256,8,False,True,True,4671,498.0,26.0,True
coronavirus_like,2,100,4,97402,1,True,True,True,26112,1495.0,309.0,True
coronavirus_like,2,100,4,98093,1,False,True,False,29389,,,
coronavirus_like,2,100,4,98272,1,False,True,True,3037,1753.0,975.0,True
coronavirus_like,2,100,4,98396,1,True,True,True,13620,193.0,29.0,True
coronavirus_like,2,100,4,102087,1,False,True,True,15061,360.0,4.0,True
coronavirus_like,2,100,4,102797,1,True,True,True,8343,2382.0,578.0,True
coronavirus_like,2,100,4,103835,2,False,False,False,537,,,
coronavirus_like,2,100,4,104161,1,True,True,True,20366,295.0,73.0,True
coronavirus_like,2,100,4,104391,8,False,True,True,20780,613.0,55.0,True
coronavirus_like,2,100,4,104810,3,False,True,True,6045,555.0,469.0,True
coronavirus_like,2,100,4,104844,9,False,True,True,15647,423.0,297.0,True
coronavirus_like,2,100,4,105032,1,True,True,True,10949,75.0,2.0,True
coronavirus_like,2,100,4,105920,18,False,True,True,11750,359.0,57.0,True
coronavirus_like,2,100,4,105987,1,False,True,True,26877,364.0,84.0,True
coronavirus_like,2,100,4,106254,1,True,True,True,5339,479.0,454.0,True
coronavirus_like,2,100,4,106324,1,False,True,False,16833,,,
coronavirus_like,2,100,4,107969,1,False,True,True,2879,994.0,230.0,True
coronavirus_like,2,100,4,108323,8,False,True,False,10614,,,
coronavirus_like,2,100,4,108586,1,False,True,False,29109,,,
coronavirus_like,2,100,4,110271,73,False,True,True,20024,877.0,562.0,True
coronavirus_like,2,100,4,110608,34,False,True,True,14566,1537.0,267.0,True
coronavirus_like,2,100,4,111179,1,True,True,True,14321,1115.0,712.0,True
coronavirus_like,2,100,4,111255,9,False,True,True,2035,579.0,465.0,True
coronavirus_like,2,100,4,111351,1,False,True,True,2450,84.0,50.0,True
coronavirus_like,2,100,4,112351,1,True,True,True,25250,853.0,792.0,True
coronavirus_like,2,100,4,113141,4,False,True,True,23495,438.0,391.0,True
coronavirus_like,2,100,4,113160,1,False,True,True,8323,171.0,28.0,True
coronavirus_like,2,100,4,114334,6,False,True,True,10832,291.0,201.0,True
coronavirus_like,2,100,4,114606,1,False,True,True,1063,642.0,577.0,True
coronavirus_like,2,100,4,114629,2,False,True,True,27525,595.0,32.0,True
coronavirus_like,2,100,4,114915,1,True,True,True,7795,626.0,265.0,True
coronavirus_like,2,100,4,115228,1,True,True,True,6767,1073.0,544.0,True
coronavirus_like,2,100,4,115482,8,False,True,True,13132,1293.0,645.0,True
coronavirus_like,2,100,4,115720,1,True,True,True,3774,,,
coronavirus_like,2,100,4,115795,1,False,True,True,21611,1032.0,286.0,True
coronavirus_like,2,100,4,115881,1,False,True,True,28507,1582.0,256.0,True
coronavirus_like,2,100,4,116216,1,False,True,True,27697,778.0,35.0,True
coronavirus_like,2,100,4,116682,1,False,True,True,15271,1007.0,704.0,True
coronavirus_like,2,100,4,117266,22,False,True,True,24112,505.0,199.0,True
coronavirus_like,2,100,4,117656,2,False,True,True,6949,423.0,193.0,True
coronavirus_like,2,100,4,118927,3,False,True,True,17076,486.0,39.0,True
coronavirus_like,2,100,4,119237,1,True,True,True,24199,1436.0,1368.0,True
coronavirus_like,2,100,4,119970,2,False,True,True,25219,290.0,87.0,True
coronavirus_like,2,100,4,120069,1,True,True,True,10462,1041.0,26.0,True
coronavirus_like,2,100,4,120492,1,True,True,True,7548,157.0,37.0,True
coronavirus_like,2,100,4,121248,3,False,True,True,4466,222.0,93.0,True
coronavirus_like,2,100,4,121594,1,False,True,True,14587,310.0,106.0,True
coronavirus_like,2,100,4,121724,1,False,True,True,26383,556.0,186.0,True
coronavirus_like,2,100,4,124234,5,False,True,True,21198,1158.0,1106.0,True
coronavirus_like,2,100,4,124291,2,False,True,False,484,,,
coronavirus_like,2,100,4,124923,2,False,True,False,240,,,
coronavirus_like,2,100,4,126428,5,False,True,True,22659,351.0,92.0,True
coronavirus_like,2,100,4,126632,1,False,True,True,17853,387.0,229.0,True
coronavirus_like,2,100,4,126688,1,False,True,True,10054,295.0,165.0,True
coronavirus_like,2,100,4,126983,1,False,True,True,2212,,,
coronavirus_like,2,100,4,127454,2,False,True,True,28288,406.0,11.0,True
coronavirus_like,2,100,4,127782,8,False,True,True,10356,1302.0,1248.0,True
coronavirus_like,2,100,4,127874,1,False,True,True,4265,278.0,176.0,True
coronavirus_like,2,100,4,128063,3,False,True,True,3039,1116.0,284.0,True
coronavirus_like,2,100,4,128357,1,True,True,True,6654,802.0,422.0,True
coronavirus_like,2,100,4,129226,1,False,True,True,2628,186.0,155.0,True
coronavirus_like,2,100,4,129496,5,False,True,True,15161,826.0,359.0,True
coronavirus_like,2,100,4,129916,6,False,True,True,22288,443.0,141.0,True
coronavirus_like,2,100,4,130274,1,False,True,True,20565,572.0,151.0,True
coronavirus_like,2,100,4,130596,1,False,True,True,26866,735.0,645.0,True
coronavirus_like,2,100,4,131670,1,True,True,True,14687,163.0,89.0,True
coronavirus_like,2,100,4,133067,1,True,True,True,7553,1124.0,709.0,True
coronavirus_like,2,100,4,133374,1,True,True,True,27208,627.0,312.0,True
coronavirus_like,2,100,4,133396,1,False,True,True,13502,392.0,128.0,True
coronavirus_like,2,100,4,134553,1,False,True,True,15538,630.0,613.0,True
coronavirus_like,2,100,4,135282,1,False,True,True,22622,674.0,495.0,True
coronavirus_like,2,100,4,135618,3,False,True,True,13733,223.0,222.0,True
coronavirus_like,2,100,4,135733,1,False,True,False,27162,,,
coronavirus_like,2,100,4,135845,1,True,True,True,28058,842.0,308.0,True
coronavirus_like,2,100,4,135913,1,True,True,True,18411,798.0,545.0,True
coronavirus_like,2,100,4,137207,20,False,True,True,793,297.0,99.0,True
coronavirus_like,2,100,4,137816,1,False,True,True,15051,403.0,186.0,True
coronavirus_like,2,100,4,138550,1,True,True,True,10976,838.0,486.0,True
coronavirus_like,2,100,4,139827,1,False,True,True,1118,365.0,315.0,True
coronavirus_like,2,100,4,140085,1,False,True,True,1860,322.0,109.0,True
coronavirus_like,2,100,4,140648,1,False,True,True,12597,235.0,27.0,True
coronavirus_like,2,100,4,140732,1,False,True,True,10214,581.0,461.0,True
coronavirus_like,2,100,4,142154,1,False,True,True,4196,295.0,219.0,True
coronavirus_like,2,100,4,142825,1,False,True,True,11561,1280.0,220.0,True
coronavirus_like,2,100,4,143964,3,False,True,True,9517,1135.0,128.0,True
coronavirus_like,2,100,4,144209,1,True,True,True,810,671.0,609.0,True
coronavirus_like,2,100,4,145251,1,False,True,True,5348,253.0,67.0,True
coronavirus_like,2,100,4,145670,1,False,True,True,5723,,,
coronavirus_like,2,100,4,146091,1,True,True,True,19136,623.0,572.0,True
coronavirus_like,2,100,4,147024,1,False,True,True,12270,2068.0,834.0,True
coronavirus_like,2,100,4,147935,1,False,True,True,26261,287.0,166.0,True
coronavirus_like,2,100,4,148895,34,False,True,True,16543,736.0,416.0,True
coronavirus_like,2,100,4,148985,6,False,True,True,3466,663.0,345.0,True
coronavirus_like,2,100,4,149517,1,False,True,True,12229,773.0,67.0,True
coronavirus_like,2,100,4,149637,2,False,True,True,2629,864.0,518.0,True
coronavirus_like,2,100,4,150387,3,False,True,True,8988,313.0,243.0,True
coronavirus_like,2,100,4,151276,1,False,True,True,21607,573.0,290.0,True
coronavirus_like,2,100,4,151590,6,False,True,True,17209,607.0,263.0,True
coronavirus_like,2,100,4,151828,2,False,False,False,4511,,,
coronavirus_like,2,100,4,152023,1,True,True,True,16007,359.0,144.0,True
coronavirus_like,2,100,4,152119,5,False,True,True,13446,181.0,130.0,True
coronavirus_like,2,100,4,152154,1,True,True,True,18186,1231.0,381.0,True
coronavirus_like,2,100,4,152911,1,False,True,True,17582,326.0,300.0,True
coronavirus_like,2,100,4,153559,1,True,True,True,9268,117.0,81.0,True
coronavirus_like,2,100,4,154332,1,True,True,True,21140,251.0,108.0,True
coronavirus_like,2,100,4,154463,1,True,True,True,7809,582.0,379.0,True
coronavirus_like,2,100,4,155221,1,True,True,True,13455,637.0,35.0,True
coronavirus_like,2,100,4,155282,2,False,True,True,12422,75.0,18.0,True
coronavirus_like,2,100,4,156311,11,False,True,True,11584,140.0,109.0,True
coronavirus_like,2,100,4,156480,1,False,True,True,15303,656.0,217.0,True
coronavirus_like,2,100,4,156997,7,False,True,True,10231,990.0,201.0,True
coronavirus_like,2,100,4,157401,5,False,True,False,26823,,,
coronavirus_like,2,100,4,157420,1,False,True,True,1287,1151.0,880.0,True
coronavirus_like,2,100,4,157450,1,False,True,True,9439,822.0,548.0,True
coronavirus_like,2,100,4,157819,2,False,True,True,19618,1069.0,19.0,True
coronavirus_like,2,100,4,157934,4,False,True,True,1012,278.0,159.0,True
coronavirus_like,2,100,4,158364,1,False,True,True,17573,223.0,86.0,True
coronavirus_like,2,100,4,159169,13,False,True,True,21722,315.0,176.0,True
coronavirus_like,2,100,4,159648,1,False,True,True,28287,296.0,-810.0,False
coronavirus_like,2,100,4,159676,1,False,True,False,29926,,,
coronavirus_like,2,100,4,159965,1,False,True,True,12784,111.0,68.0,True
coronavirus_like,2,100,4,160040,1,False,True,True,22460,1011.0,845.0,True
coronavirus_like,2,100,4,160399,1,True,True,True,5066,242.0,226.0,True
coronavirus_like,2,100,4,161239,2,False,True,True,11376,395.0,146.0,True
coronavirus_like,2,100,4,162354,1,False,True,True,11707,436.0,201.0,True
coronavirus_like,2,100,4,162537,1,True,True,True,5479,506.0,417.0,True
coronavirus_like,2,100,4,163057,1,False,True,True,10351,526.0,477.0,True
coronavirus_like,2,100,4,163871,1,True,True,True,9596,713.0,350.0,True
coronavirus_like,2,100,4,164703,3,False,True,True,14764,778.0,99.0,True
coronavirus_like,2,100,4,165228,1,True,True,False,470,,,
coronavirus_like,2,100,4,165232,1,False,False,False,648,,,
coronavirus_like,2,100,4,165931,1,True,True,True,26396,34.0,31.0,True
coronavirus_like,2,100,4,167266,1,False,True,True,7553,157.0,32.0,True
coronavirus_like,2,100,4,167292,5,False,True,True,12115,534.0,491.0,True
coronavirus_like,2,100,4,167548,1,False,True,True,9853,661.0,240.0,True
coronavirus_like,2,100,4,167623,2,False,True,True,28908,131.0,29.0,True
coronavirus_like,2,100,4,167994,2,False,True,True,5461,718.0,252.0,True
coronavirus_like,2,100,4,168548,1,False,True,False,28879,,,
coronavirus_like,2,100,4,168572,4,False,True,True,23911,475.0,171.0,True
coronavirus_like,2,100,4,169623,3,False,True,True,8769,257.0,194.0,True
coronavirus_like,2,100,4,170329,1,False,True,True,2470,76.0,30.0,True
coronavirus_like,2,100,4,171709,1,True,True,True,3387,674.0,311.0,True
coronavirus_like,2,100,4,172316,1,True,True,True,19381,288.0,186.0,True
coronavirus_like,2,100,4,172448,1,False,True,True,22744,943.0,97.0,True
coronavirus_like,2,100,4,172735,1,True,True,True,7745,167.0,145.0,True
coronavirus_like,2,100,4,173032,1,False,True,True,10389,377.0,121.0,True
coronavirus_like,2,100,4,173096,1,True,True,True,3026,424.0,122.0,True
coronavirus_like,2,100,4,173368,1,True,True,True,23599,398.0,91.0,True
coronavirus_like,2,100,4,173980,1,True,True,True,10405,581.0,270.0,True
coronavirus_like,2,100,4,174341,3,False,True,True,15668,258.0,111.0,True
coronavirus_like,2,100,4,175130,1,False,True,True,25943,490.0,356.0,True
coronavirus_like,2,100,4,176457,2,False,True,True,670,633.0,542.0,True
coronavirus_like,2,100,4,177629,1,True,True,True,4602,133.0,59.0,True
coronavirus_like,2,100,4,179613,1,False,True,True,13460,235.0,170.0,True
coronavirus_like,2,100,4,179736,1,True,True,False,29393,,,
coronavirus_like,2,100,4,180224,1,False,True,True,23199,655.0,13.0,True
coronavirus_like,2,100,5,451,1,True,True,False,9472,,,
coronavirus_like,2,100,5,587,1,True,False,False,233,,,
coronavirus_like,2,100,5,764,1,True,True,False,9700,,,
coronavirus_like,2,100,5,1114,1,True,True,False,8127,,,
coronavirus_like,2,100,5,1490,3,False,True,False,21273,,,
coronavirus_like,2,100,5,1500,1,False,True,False,22155,,,
coronavirus_like,2,100,5,1807,1,True,True,False,16986,,,
coronavirus_like,2,100,5,1824,1,True,False,False,3073,,,
coronavirus_like,2,100,5,1907,1,False,True,False,14216,,,
coronavirus_like,2,100,5,2028,4,False,True,False,897,,,
coronavirus_like,2,100,5,2381,1,False,True,False,14892,,,
coronavirus_like,2,100,5,2392,1,True,True,False,21263,,,
coronavirus_like,2,100,5,3842,1,False,True,False,5642,,,
coronavirus_like,2,100,5,4107,1,False,False,False,1112,,,
coronavirus_like,2,100,5,5030,1,False,True,False,2912,,,
coronavirus_like,2,100,5,5155,7,False,True,False,11749,,,
coronavirus_like,2,100,5,5635,1,False,False,False,146,,,
coronavirus_like,2,100,5,6005,13,False,True,False,19766,,,
coronavirus_like,2,100,5,6471,11,False,True,False,9765,,,
coronavirus_like,2,100,5,8521,2,False,True,False,21729,,,
coronavirus_like,2,100,5,8941,1,False,True,False,22547,,,
coronavirus_like,2,100,5,9100,2,False,True,False,13200,,,
coronavirus_like,2,100,5,9294,1,False,True,True,18355,2450.0,1788.0,True
coronavirus_like,2,100,5,10696,1,False,True,False,1361,,,
coronavirus_like,2,100,5,11066,6,False,True,False,22284,,,
coronavirus_like,2,100,5,11949,4,False,True,False,4733,,,
coronavirus_like,2,100,5,12095,5,False,True,True,20055,3717.0,88.0,True
coronavirus_like,2,100,5,12103,1,False,True,True,15127,1448.0,393.0,True
coronavirus_like,2,100,5,12203,2,False,True,True,7657,2843.0,710.0,True
coronavirus_like,2,100,5,14789,1,True,True,True,9627,902.0,498.0,True
coronavirus_like,2,100,5,15696,6,False,True,True,16132,1039.0,496.0,True
coronavirus_like,2,100,5,15818,1,True,False,False,1505,,,
coronavirus_like,2,100,5,15953,1,True,True,True,19275,3575.0,2700.0,True
coronavirus_like,2,100,5,16056,1,True,True,False,29157,,,
coronavirus_like,2,100,5,16724,1,False,True,False,725,,,
coronavirus_like,2,100,5,17698,6,False,True,True,4434,1003.0,768.0,True
coronavirus_like,2,100,5,17858,1,False,True,True,10571,6814.0,5466.0,True
coronavirus_like,2,100,5,18348,1,False,True,True,9790,1104.0,698.0,True
coronavirus_like,2,100,5,18615,2,False,True,False,10833,,,
coronavirus_like,2,100,5,18911,1,False,True,True,16698,1660.0,1467.0,True
coronavirus_like,2,100,5,19374,2,False,True,True,13335,1534.0,736.0,True
coronavirus_like,2,100,5,19942,1,False,True,True,15995,717.0,509.0,True
coronavirus_like,2,100,5,20335,1,False,True,True,17129,1577.0,953.0,True
coronavirus_like,2,100,5,20737,1,False,True,False,21899,,,
coronavirus_like,2,100,5,21575,1,False,True,False,24175,,,
coronavirus_like,2,100,5,21627,1,True,True,True,14451,1554.0,622.0,True
coronavirus_like,2,100,5,22955,1,False,True,True,8511,3335.0,721.0,True
coronavirus_like,2,100,5,23227,1,False,True,True,15644,4284.0,630.0,True
coronavirus_like,2,100,5,23834,2,False,True,True,7260,2077.0,1143.0,True
coronavirus_like,2,100,5,24121,2,False,False,False,29435,,,
coronavirus_like,2,100,5,24907,1,True,True,True,14707,2287.0,813.0,True
coronavirus_like,2,100,5,24935,2,False,True,True,18356,2891.0,573.0,True
coronavirus_like,2,100,5,24950,8,False,True,True,23309,1115.0,900.0,True
coronavirus_like,2,100,5,25435,1,False,False,False,1439,,,
coronavirus_like,2,100,5,26388,1,True,True,True,8234,3149.0,344.0,True
coronavirus_like,2,100,5,26406,2,False,True,False,24164,,,
coronavirus_like,2,100,5,27256,1,False,True,True,18144,2350.0,665.0,True
coronavirus_like,2,100,5,27309,1,False,True,False,22254,,,
coronavirus_like,2,100,5,27542,1,False,True,True,13595,2287.0,1925.0,True
coronavirus_like,2,100,5,28377,1,True,True,False,28022,,,
coronavirus_like,2,100,5,28645,1,False,True,False,2129,,,
coronavirus_like,2,100,5,28977,1,False,True,False,27805,,,
coronavirus_like,2,100,5,31713,1,True,True,False,9329,,,
coronavirus_like,2,100,5,31726,1,False,True,True,9662,1363.0,826.0,True
coronavirus_like,2,100,5,31963,2,False,True,True,12290,1152.0,1101.0,True
coronavirus_like,2,100,5,32874,2,False,True,True,17809,1969.0,1120.0,True
coronavirus_like,2,100,5,34952,2,False,True,False,1122,,,
coronavirus_like,2,100,5,36024,1,False,True,False,6508,,,
coronavirus_like,2,100,5,36059,1,False,False,False,53,,,
coronavirus_like,2,100,5,36459,1,False,True,True,9716,3713.0,2502.0,True
coronavirus_like,2,100,5,37102,1,True,True,True,16779,65.0,65.0,True
coronavirus_like,2,100,5,38176,1,False,True,False,7025,,,
coronavirus_like,2,100,5,38184,1,False,True,False,28327,,,
coronavirus_like,2,100,5,38616,1,False,True,True,18183,1315.0,825.0,True
coronavirus_like,2,100,5,38975,1,False,True,True,9769,585.0,200.0,True
coronavirus_like,2,100,5,39003,6,False,True,True,7942,628.0,420.0,True
coronavirus_like,2,100,5,39355,2,False,True,True,22417,880.0,424.0,True
coronavirus_like,2,100,5,39487,1,False,True,False,29779,,,
coronavirus_like,2,100,5,40597,1,True,True,False,2793,,,
coronavirus_like,2,100,5,40930,1,False,True,True,16865,737.0,298.0,True
coronavirus_like,2,100,5,42296,1,False,True,True,11387,1729.0,831.0,True
coronavirus_like,2,100,5,43284,1,True,True,True,17452,5572.0,4158.0,True
coronavirus_like,2,100,5,44318,1,False,True,True,20986,1434.0,365.0,True
coronavirus_like,2,100,5,44720,1,False,True,True,16198,768.0,235.0,True
coronavirus_like,2,100,5,45965,1,False,True,True,23175,,,
coronavirus_like,2,100,5,46105,1,True,True,True,20030,819.0,113.0,True
coronavirus_like,2,100,5,47206,1,False,True,False,26926,,,
coronavirus_like,2,100,5,47385,1,True,True,True,9441,4642.0,2294.0,True
coronavirus_like,2,100,5,48294,1,True,True,False,26014,,,
coronavirus_like,2,100,5,48720,1,False,False,False,17250,,,
coronavirus_like,2,100,5,49144,1,True,True,True,18421,4310.0,3401.0,True
coronavirus_like,2,100,5,49244,1,False,True,True,13818,985.0,21.0,True
coronavirus_like,2,100,5,49508,1,False,False,False,24963,,,
coronavirus_like,2,100,5,49666,1,False,True,True,3861,401.0,355.0,True
coronavirus_like,2,100,5,49764,2,False,True,True,24718,741.0,522.0,True
coronavirus_like,2,100,5,50119,19,False,True,True,3946,652.0,381.0,True
coronavirus_like,2,100,5,50187,1,True,True,True,5658,836.0,106.0,True
coronavirus_like,2,100,5,50506,8,False,True,False,26937,,,
coronavirus_like,2,100,5,50831,1,False,True,True,21350,2453.0,1283.0,True
coronavirus_like,2,100,5,51712,11,False,True,True,23601,213.0,204.0,True
coronavirus_like,2,100,5,51856,1,False,True,True,11649,636.0,25.0,True
coronavirus_like,2,100,5,51981,10,False,True,True,14885,891.0,440.0,True
coronavirus_like,2,100,5,52112,1,False,True,True,6649,701.0,128.0,True
coronavirus_like,2,100,5,52193,1,True,True,False,29658,,,
coronavirus_like,2,100,5,52364,1,True,True,True,13660,2095.0,1069.0,True
coronavirus_like,2,100,5,52817,1,False,True,True,23757,718.0,349.0,True
coronavirus_like,2,100,5,53027,1,True,True,True,12085,616.0,267.0,True
coronavirus_like,2,100,5,53231,2,False,True,True,15107,2940.0,1599.0,True
coronavirus_like,2,100,5,54400,1,False,False,False,1047,,,
coronavirus_like,2,100,5,54710,6,False,True,True,4681,1347.0,1082.0,True
coronavirus_like,2,100,5,55176,5,False,True,True,25944,1076.0,97.0,True
coronavirus_like,2,100,5,55681,1,False,True,True,7794,329.0,239.0,True
coronavirus_like,2,100,5,55851,3,False,True,True,23721,2808.0,1713.0,True
coronavirus_like,2,100,5,56545,2,False,True,True,8862,2539.0,1866.0,True
coronavirus_like,2,100,5,56571,1,True,True,True,14142,1843.0,1446.0,True
coronavirus_like,2,100,5,56877,1,False,True,True,17726,613.0,356.0,True
coronavirus_like,2,100,5,58325,4,False,True,True,12488,1485.0,218.0,True
coronavirus_like,2,100,5,58723,12,False,True,True,7086,1743.0,371.0,True
coronavirus_like,2,100,5,60112,1,False,True,True,8950,422.0,188.0,True
coronavirus_like,2,100,5,61016,2,False,True,True,23492,2964.0,1549.0,True
coronavirus_like,2,100,5,61199,1,False,True,True,12932,942.0,717.0,True
coronavirus_like,2,100,5,61941,2,False,True,False,5374,,,
coronavirus_like,2,100,5,62624,1,False,True,True,15820,1438.0,1139.0,True
coronavirus_like,2,100,5,62658,2,False,True,True,14445,2566.0,418.0,True
coronavirus_like,2,100,5,63588,7,False,True,True,9570,1278.0,940.0,True
coronavirus_like,2,100,5,63711,1,False,True,False,27945,,,
coronavirus_like,2,100,5,63926,1,False,True,True,24295,484.0,361.0,True
coronavirus_like,2,100,5,64000,1,True,True,True,4532,397.0,78.0,True
coronavirus_like,2,100,5,64004,1,False,True,True,25684,731.0,12.0,True
coronavirus_like,2,100,5,64147,1,False,True,True,10959,493.0,488.0,True
coronavirus_like,2,100,5,64454,1,False,True,False,4801,,,
coronavirus_like,2,100,5,64695,2,False,True,True,25505,801.0,673.0,True
coronavirus_like,2,100,5,64791,14,False,False,False,73,,,
coronavirus_like,2,100,5,65582,2,False,True,True,6619,4285.0,1619.0,True
coronavirus_like,2,100,5,66694,1,False,True,True,10491,1410.0,546.0,True
coronavirus_like,2,100,5,66697,1,False,True,True,12631,192.0,2.0,True
coronavirus_like,2,100,5,66917,2,False,True,True,28230,669.0,172.0,True
coronavirus_like,2,100,5,67668,1,True,True,False,29757,,,
coronavirus_like,2,100,5,68210,1,False,True,True,11159,1186.0,803.0,True
coronavirus_like,2,100,5,68480,1,False,True,True,8013,554.0,434.0,True
coronavirus_like,2,100,5,70057,1,True,True,True,18565,1111.0,551.0,True
coronavirus_like,2,100,5,70385,1,True,True,True,4800,520.0,48.0,True
coronavirus_like,2,100,5,70997,1,True,True,True,21125,643.0,461.0,True
coronavirus_like,2,100,5,71819,1,True,True,False,29791,,,
coronavirus_like,2,100,5,71911,6,False,True,False,2973,,,
coronavirus_like,2,100,5,72359,2,False,True,True,9277,1815.0,942.0,True
coronavirus_like,2,100,5,72374,1,True,True,True,12299,7400.0,1640.0,True
coronavirus_like,2,100,5,72581,10,False,True,True,11015,368.0,90.0,True
coronavirus_like,2,100,5,72609,1,True,True,True,18072,1849.0,1562.0,True
coronavirus_like,2,100,5,72833,11,False,True,True,14462,956.0,434.0,True
coronavirus_like,2,100,5,73205,2,False,True,True,20031,1080.0,58.0,True
coronavirus_like,2,100,5,73594,1,False,True,True,20202,2636.0,1758.0,True
coronavirus_like,2,100,5,73765,4,False,True,True,25606,673.0,90.0,True
coronavirus_like,2,100,5,74495,1,False,False,False,23580,,,
coronavirus_like,2,100,5,75518,2,False,True,True,23137,456.0,117.0,True
coronavirus_like,2,100,5,76401,1,False,True,True,4181,1448.0,260.0,True
coronavirus_like,2,100,5,76406,1,False,True,True,7400,314.0,57.0,True
coronavirus_like,2,100,5,76601,15,False,True,True,3607,852.0,238.0,True
coronavirus_like,2,100,5,76711,2,False,True,False,29304,,,
coronavirus_like,2,100,5,77667,1,True,True,True,7636,962.0,767.0,True
coronavirus_like,2,100,5,78822,1,False,True,True,11394,438.0,56.0,True
coronavirus_like,2,100,5,78877,1,False,True,True,6610,2883.0,708.0,True
coronavirus_like,2,100,5,79965,1,True,True,True,14775,509.0,88.0,True
coronavirus_like,2,100,5,80031,1,True,True,True,10036,666.0,583.0,True
coronavirus_like,2,100,5,80238,1,True,True,True,23180,4326.0,387.0,True
coronavirus_like,2,100,5,80254,2,False,True,True,19091,1923.0,43.0,True
coronavirus_like,2,100,5,80553,1,True,True,True,24327,279.0,158.0,True
coronavirus_like,2,100,5,80592,4,False,True,True,21040,780.0,492.0,True
coronavirus_like,2,100,5,80943,1,False,True,True,21862,426.0,97.0,True
coronavirus_like,2,100,5,81152,2,False,True,True,12206,105.0,90.0,True
coronavirus_like,2,100,5,82392,1,False,True,True,20606,1767.0,628.0,True
coronavirus_like,2,100,5,82452,1,True,True,True,26052,442.0,87.0,True
coronavirus_like,2,100,5,83105,1,True,True,True,19554,383.0,296.0,True
coronavirus_like,2,100,5,83743,1,False,True,True,9789,1385.0,52.0,True
coronavirus_like,2,100,5,83772,1,True,True,True,9634,1809.0,355.0,True
coronavirus_like,2,100,5,84758,8,False,True,True,7892,1844.0,755.0,True
coronavirus_like,2,100,5,84928,1,True,True,True,7557,830.0,731.0,True
coronavirus_like,2,100,5,85480,1,False,True,True,22546,351.0,205.0,True
coronavirus_like,2,100,5,85802,1,True,True,True,6571,1240.0,740.0,True
coronavirus_like,2,100,5,86035,1,True,True,True,8376,1075.0,888.0,True
coronavirus_like,2,100,5,86792,1,True,False,False,29814,,,
coronavirus_like,2,100,5,86947,1,False,True,True,26013,612.0,408.0,True
coronavirus_like,2,100,5,87194,1,True,True,True,27594,456.0,383.0,True
coronavirus_like,2,100,5,88163,2,False,True,True,27805,749.0,512.0,True
coronavirus_like,2,100,5,88261,1,True,True,True,14153,473.0,473.0,True
coronavirus_like,2,100,5,89729,1,False,True,False,28355,,,
coronavirus_like,2,100,5,90549,1,True,True,True,13400,1008.0,242.0,True
coronavirus_like,2,100,5,91190,2,False,True,True,9873,1715.0,1488.0,True
coronavirus_like,2,100,5,92469,1,True,True,True,15341,1630.0,638.0,True
coronavirus_like,2,100,5,92769,2,False,True,True,4001,8921.0,8217.0,True
coronavirus_like,2,100,5,93218,2,False,True,False,24635,,,
coronavirus_like,2,100,5,93539,2,False,True,True,7395,917.0,667.0,True
coronavirus_like,2,100,5,93695,1,False,True,True,16072,605.0,353.0,True
coronavirus_like,2,100,5,93703,2,False,False,False,24151,,,
coronavirus_like,2,100,5,93904,4,False,True,True,11256,627.0,437.0,True
coronavirus_like,2,100,5,94247,3,False,True,True,17877,1696.0,1075.0,True
coronavirus_like,2,100,5,94538,1,True,True,False,22138,,,
coronavirus_like,2,100,5,94621,1,True,True,True,14534,215.0,92.0,True
coronavirus_like,2,100,5,96091,3,False,True,True,12093,,,
coronavirus_like,2,100,5,96310,1,False,True,True,13182,1365.0,480.0,True
coronavirus_like,2,100,5,96436,1,False,True,True,18697,1387.0,1044.0,True
coronavirus_like,2,100,5,97256,8,False,True,True,4671,498.0,26.0,True
coronavirus_like,2,100,5,97402,1,True,True,False,26112,,,
coronavirus_like,2,100,5,98093,1,False,True,False,29389,,,
coronavirus_like,2,100,5,98272,1,False,True,True,3037,1753.0,975.0,True
coronavirus_like,2,100,5,98396,1,True,True,True,13620,193.0,29.0,True
coronavirus_like,2,100,5,102087,1,False,True,True,15061,360.0,4.0,True
coronavirus_like,2,100,5,102797,1,True,True,True,8343,2382.0,578.0,True
coronavirus_like,2,100,5,103835,2,False,False,False,537,,,
coronavirus_like,2,100,5,104161,1,True,True,True,20366,295.0,73.0,True
coronavirus_like,2,100,5,104391,8,False,True,True,20780,613.0,55.0,True
coronavirus_like,2,100,5,104810,3,False,True,True,6045,555.0,469.0,True
coronavirus_like,2,100,5,104844,9,False,True,True,15647,423.0,297.0,True
coronavirus_like,2,100,5,105032,1,True,True,True,10949,75.0,2.0,True
coronavirus_like,2,100,5,105920,18,False,True,True,11750,359.0,57.0,True
coronavirus_like,2,100,5,105987,1,False,True,True,26877,364.0,84.0,True
coronavirus_like,2,100,5,106254,1,True,True,True,5339,479.0,454.0,True
coronavirus_like,2,100,5,106324,1,False,True,False,16833,,,
coronavirus_like,2,100,5,107969,1,False,True,True,2879,994.0,230.0,True
coronavirus_like,2,100,5,108323,8,False,True,False,10614,,,
coronavirus_like,2,100,5,108586,1,False,True,False,29109,,,
coronavirus_like,2,100,5,110271,73,False,True,True,20024,877.0,562.0,True
coronavirus_like,2,100,5,110608,34,False,True,True,14566,1537.0,267.0,True
coronavirus_like,2,100,5,111179,1,True,True,True,14321,1115.0,712.0,True
coronavirus_like,2,100,5,111255,9,False,True,True,2035,579.0,465.0,True
coronavirus_like,2,100,5,111351,1,False,True,True,2450,84.0,50.0,True
coronavirus_like,2,100,5,112351,1,True,True,True,25250,853.0,792.0,True
coronavirus_like,2,100,5,113141,4,False,True,True,23495,438.0,391.0,True
coronavirus_like,2,100,5,113160,1,False,True,True,8323,171.0,28.0,True
coronavirus_like,2,100,5,114334,6,False,True,True,10832,291.0,201.0,True
coronavirus_like,2,100,5,114606,1,False,True,True,1063,642.0,577.0,True
coronavirus_like,2,100,5,114629,2,False,True,False,27525,,,
coronavirus_like,2,100,5,114915,1,True,True,True,7795,626.0,265.0,True
coronavirus_like,2,100,5,115228,1,True,True,True,6767,1073.0,544.0,True
coronavirus_like,2,100,5,115482,8,False,True,True,13132,1293.0,645.0,True
coronavirus_like,2,100,5,115720,1,True,True,True,3774,,,
coronavirus_like,2,100,5,115795,1,False,True,True,21611,1032.0,286.0,True
coronavirus_like,2,100,5,115881,1,False,True,True,28507,1582.0,256.0,True
coronavirus_like,2,100,5,116216,1,False,True,True,27697,778.0,35.0,True
coronavirus_like,2,100,5,116682,1,False,True,True,15271,1007.0,704.0,True
coronavirus_like,2,100,5,117266,22,False,True,True,24112,505.0,199.0,True
coronavirus_like,2,100,5,117656,2,False,True,True,6949,423.0,193.0,True
coronavirus_like,2,100,5,118927,3,False,True,True,17076,486.0,39.0,True
coronavirus_like,2,100,5,119237,1,True,True,True,24199,1436.0,1368.0,True
coronavirus_like,2,100,5,119970,2,False,True,True,25219,290.0,87.0,True
coronavirus_like,2,100,5,120069,1,True,True,True,10462,1041.0,26.0,True
coronavirus_like,2,100,5,120492,1,True,True,True,7548,157.0,37.0,True
coronavirus_like,2,100,5,121248,3,False,True,True,4466,222.0,93.0,True
coronavirus_like,2,100,5,121594,1,False,True,True,14587,310.0,106.0,True
coronavirus_like,2,100,5,121724,1,False,True,True,26383,556.0,186.0,True
coronavirus_like,2,100,5,124234,5,False,True,True,21198,1158.0,1106.0,True
coronavirus_like,2,100,5,124291,2,False,True,False,484,,,
coronavirus_like,2,100,5,124923,2,False,True,False,240,,,
coronavirus_like,2,100,5,126428,5,False,True,True,22659,351.0,92.0,True
coronavirus_like,2,100,5,126632,1,False,True,True,17853,387.0,229.0,True
coronavirus_like,2,100,5,126688,1,False,True,True,10054,295.0,165.0,True
coronavirus_like,2,100,5,126983,1,False,True,True,2212,,,
coronavirus_like,2,100,5,127454,2,False,True,False,28288,,,
coronavirus_like,2,100,5,127782,8,False,True,True,10356,1302.0,1248.0,True
coronavirus_like,2,100,5,127874,1,False,True,True,4265,278.0,176.0,True
coronavirus_like,2,100,5,128063,3,False,True,True,3039,1116.0,284.0,True
coronavirus_like,2,100,5,128357,1,True,True,True,6654,802.0,422.0,True
coronavirus_like,2,100,5,129226,1,False,True,True,2628,186.0,155.0,True
coronavirus_like,2,100,5,129496,5,False,True,True,15161,826.0,359.0,True
coronavirus_like,2,100,5,129916,6,False,True,True,22288,443.0,141.0,True
coronavirus_like,2,100,5,130274,1,False,True,True,20565,572.0,151.0,True
coronavirus_like,2,100,5,130596,1,False,True,True,26866,735.0,645.0,True
coronavirus_like,2,100,5,131670,1,True,True,True,14687,163.0,89.0,True
coronavirus_like,2,100,5,133067,1,True,True,True,7553,1124.0,709.0,True
coronavirus_like,2,100,5,133374,1,True,True,True,27208,627.0,312.0,True
coronavirus_like,2,100,5,133396,1,False,True,True,13502,392.0,128.0,True
coronavirus_like,2,100,5,134553,1,False,True,True,15538,630.0,613.0,True
coronavirus_like,2,100,5,135282,1,False,True,True,22622,674.0,495.0,True
coronavirus_like,2,100,5,135618,3,False,True,True,13733,223.0,222.0,True
coronavirus_like,2,100,5,135733,1,False,True,False,27162,,,
coronavirus_like,2,100,5,135845,1,True,True,True,28058,842.0,308.0,True
coronavirus_like,2,100,5,135913,1,True,True,True,18411,798.0,545.0,True
coronavirus_like,2,100,5,137207,20,False,True,True,793,297.0,99.0,True
coronavirus_like,2,100,5,137816,1,False,True,True,15051,403.0,186.0,True
coronavirus_like,2,100,5,138550,1,True,True,True,10976,838.0,486.0,True
coronavirus_like,2,100,5,139827,1,False,True,True,1118,365.0,315.0,True
coronavirus_like,2,100,5,140085,1,False,True,True,1860,322.0,109.0,True
coronavirus_like,2,100,5,140648,1,False,True,True,12597,235.0,27.0,True
coronavirus_like,2,100,5,140732,1,False,True,True,10214,581.0,461.0,True
coronavirus_like,2,100,5,142154,1,False,True,True,4196,295.0,219.0,True
coronavirus_like,2,100,5,142825,1,False,True,True,11561,1280.0,220.0,True
coronavirus_like,2,100,5,143964,3,False,True,True,9517,1135.0,128.0,True
coronavirus_like,2,100,5,144209,1,True,True,True,810,671.0,609.0,True
coronavirus_like,2,100,5,145251,1,False,True,True,5348,253.0,67.0,True
coronavirus_like,2,100,5,145670,1,False,True,True,5723,,,
coronavirus_like,2,100,5,146091,1,True,True,True,19136,623.0,572.0,True
coronavirus_like,2,100,5,147024,1,False,True,True,12270,2068.0,834.0,True
coronavirus_like,2,100,5,147935,1,False,True,True,26261,287.0,166.0,True
coronavirus_like,2,100,5,148895,34,False,True,True,16543,736.0,416.0,True
coronavirus_like,2,100,5,148985,6,False,True,True,3466,663.0,345.0,True
coronavirus_like,2,100,5,149517,1,False,True,True,12229,773.0,67.0,True
coronavirus_like,2,100,5,149637,2,False,True,True,2629,864.0,518.0,True
coronavirus_like,2,100,5,150387,3,False,True,True,8988,313.0,243.0,True
coronavirus_like,2,100,5,151276,1,False,True,True,21607,573.0,290.0,True
coronavirus_like,2,100,5,151590,6,False,True,True,17209,607.0,263.0,True
coronavirus_like,2,100,5,151828,2,False,False,False,4511,,,
coronavirus_like,2,100,5,152023,1,True,True,True,16007,359.0,144.0,True
coronavirus_like,2,100,5,152119,5,False,True,True,13446,181.0,130.0,True
coronavirus_like,2,100,5,152154,1,True,True,True,18186,1231.0,381.0,True
coronavirus_like,2,100,5,152911,1,False,True,True,17582,326.0,300.0,True
coronavirus_like,2,100,5,153559,1,True,True,True,9268,117.0,81.0,True
coronavirus_like,2,100,5,154332,1,True,True,True,21140,251.0,108.0,True
coronavirus_like,2,100,5,154463,1,True,True,True,7809,582.0,379.0,True
coronavirus_like,2,100,5,155221,1,True,True,True,13455,637.0,35.0,True
coronavirus_like,2,100,5,155282,2,False,True,True,12422,75.0,18.0,True
coronavirus_like,2,100,5,156311,11,False,True,True,11584,140.0,109.0,True
coronavirus_like,2,100,5,156480,1,False,True,True,15303,656.0,217.0,True
coronavirus_like,2,100,5,156997,7,False,True,True,10231,990.0,201.0,True
coronavirus_like,2,100,5,157401,5,False,True,False,26823,,,
coronavirus_like,2,100,5,157420,1,False,True,True,1287,1151.0,880.0,True
coronavirus_like,2,100,5,157450,1,False,True,True,9439,822.0,548.0,True
coronavirus_like,2,100,5,157819,2,False,True,True,19618,1069.0,19.0,True
coronavirus_like,2,100,5,157934,4,False,True,True,1012,278.0,159.0,True
coronavirus_like,2,100,5,158364,1,False,True,True,17573,223.0,86.0,True
coronavirus_like,2,100,5,159169,13,False,True,True,21722,315.0,176.0,True
coronavirus_like,2,100,5,159648,1,False,True,True,28287,296.0,-810.0,False
coronavirus_like,2,100,5,159676,1,False,True,False,29926,,,
coronavirus_like,2,100,5,159965,1,False,True,True,12784,111.0,68.0,True
coronavirus_like,2,100,5,160040,1,False,True,True,22460,1011.0,845.0,True
coronavirus_like,2,100,5,160399,1,True,True,True,5066,242.0,226.0,True
coronavirus_like,2,100,5,161239,2,False,True,True,11376,395.0,146.0,True
coronavirus_like,2,100,5,162354,1,False,True,True,11707,436.0,201.0,True
coronavirus_like,2,100,5,162537,1,True,True,True,5479,506.0,417.0,True
coronavirus_like,2,100,5,163057,1,False,True,True,10351,526.0,477.0,True
coronavirus_like,2,100,5,163871,1,True,True,True,9596,713.0,350.0,True
coronavirus_like,2,100,5,164703,3,False,True,True,14764,778.0,99.0,True
coronavirus_like,2,100,5,165228,1,True,True,False,470,,,
coronavirus_like,2,100,5,165232,1,False,False,False,648,,,
coronavirus_like,2,100,5,165931,1,True,True,True,26396,34.0,31.0,True
coronavirus_like,2,100,5,167266,1,False,True,True,7553,157.0,32.0,True
coronavirus_like,2,100,5,167292,5,False,True,True,12115,534.0,491.0,True
coronavirus_like,2,100,5,167548,1,False,True,True,9853,661.0,240.0,True
coronavirus_like,2,100,5,167623,2,False,True,True,28908,131.0,29.0,True
coronavirus_like,2,100,5,167994,2,False,True,True,5461,718.0,252.0,True
coronavirus_like,2,100,5,168548,1,False,True,False,28879,,,
coronavirus_like,2,100,5,168572,4,False,True,True,23911,475.0,171.0,True
coronavirus_like,2,100,5,169623,3,False,True,True,8769,257.0,194.0,True
coronavirus_like,2,100,5,170329,1,False,True,True,2470,76.0,30.0,True
coronavirus_like,2,100,5,171709,1,True,True,True,3387,674.0,311.0,True
coronavirus_like,2,100,5,172316,1,True,True,True,19381,288.0,186.0,True
coronavirus_like,2,100,5,172448,1,False,True,True,22744,943.0,97.0,True
coronavirus_like,2,100,5,172735,1,True,True,True,7745,167.0,145.0,True
coronavirus_like,2,100,5,173032,1,False,True,True,10389,377.0,121.0,True
coronavirus_like,2,100,5,173096,1,True,True,True,3026,424.0,122.0,True
coronavirus_like,2,100,5,173368,1,True,True,True,23599,398.0,91.0,True
coronavirus_like,2,100,5,173980,1,True,True,True,10405,581.0,270.0,True
coronavirus_like,2,100,5,174341,3,False,True,True,15668,258.0,111.0,True
coronavirus_like,2,100,5,175130,1,False,True,True,25943,490.0,356.0,True
coronavirus_like,2,100,5,176457,2,False,True,True,670,633.0,542.0,True
coronavirus_like,2,100,5,177629,1,True,True,True,4602,133.0,59.0,True
coronavirus_like,2,100,5,179613,1,False,True,True,13460,235.0,170.0,True
coronavirus_like,2,100,5,179736,1,True,True,False,29393,,,
coronavirus_like,2,100,5,180224,1,False,True,True,23199,655.0,13.0,True
coronavirus_like,3,20,3,57,1,True,False,False,23864,,,
coronavirus_like,3,20,3,81,1,True,False,False,19771,,,
coronavirus_like,3,20,3,85,1,True,False,False,29919,,,
coronavirus_like,3,20,3,636,1,False,True,False,14313,,,
coronavirus_like,3,20,3,652,3,False,True,False,23361,,,
coronavirus_like,3,20,3,1102,1,False,True,False,6588,,,
coronavirus_like,3,20,3,1732,4,False,False,False,828,,,
coronavirus_like,3,20,3,2185,2,False,True,False,1647,,,
coronavirus_like,3,20,3,3958,1,False,False,False,2964,,,
coronavirus_like,3,20,3,7761,1,False,True,False,9503,,,
coronavirus_like,3,20,3,9002,1,False,True,False,10685,,,
coronavirus_like,3,20,3,9850,1,False,False,False,25624,,,
coronavirus_like,3,20,3,9934,1,False,True,False,13680,,,
coronavirus_like,3,20,3,10247,1,False,True,True,17000,4933.0,1249.0,True
coronavirus_like,3,20,3,11551,2,False,False,False,316,,,
coronavirus_like,3,20,3,12171,16,False,True,True,14158,7404.0,6562.0,True
coronavirus_like,3,20,3,12282,1,False,True,True,15906,4112.0,994.0,True
coronavirus_like,3,20,3,13264,2,False,True,False,28630,,,
coronavirus_like,3,20,3,15847,22,False,True,True,19968,4505.0,1252.0,True
coronavirus_like,3,20,3,19087,1,True,False,False,4507,,,
coronavirus_like,3,20,3,20100,38,False,True,True,16699,5511.0,2504.0,True
coronavirus_like,3,20,3,21315,1,False,True,True,20030,1419.0,593.0,True
coronavirus_like,3,20,3,22340,4,False,True,True,24405,3662.0,178.0,True
coronavirus_like,3,20,3,22380,30,False,True,True,20124,2188.0,1268.0,True
coronavirus_like,3,20,3,22524,1,False,True,True,23405,1920.0,428.0,True
coronavirus_like,3,20,3,22786,1,True,True,False,2165,,,
coronavirus_like,3,20,3,25016,1,False,True,True,19973,896.0,747.0,True
coronavirus_like,3,20,3,26333,1,False,True,True,7518,,,
coronavirus_like,3,20,3,27081,4,False,True,True,7295,3068.0,3127.0,False
coronavirus_like,3,20,3,27274,4,False,True,True,21349,1238.0,610.0,True
coronavirus_like,3,20,3,28146,1,False,True,True,14110,3630.0,1482.0,True
coronavirus_like,3,20,3,28574,13,False,True,True,23084,226.0,154.0,True
coronavirus_like,3,20,3,29218,2,False,True,True,8671,369.0,45.0,True
coronavirus_like,3,20,3,32294,1,False,True,True,24414,2055.0,849.0,True
coronavirus_like,3,20,3,32535,1,False,True,True,9651,290.0,253.0,True
coronavirus_like,3,20,3,32789,3,False,True,True,16001,1022.0,713.0,True
coronavirus_like,3,20,3,35076,1,False,True,True,7491,2478.0,2005.0,True
coronavirus_like,3,20,3,35740,1,True,False,False,1087,,,
coronavirus_like,3,20,3,37082,1,False,True,True,14095,588.0,185.0,True
coronavirus_like,3,20,3,37537,1,True,True,True,23695,346.0,124.0,True
coronavirus_like,3,20,3,37627,2,False,True,True,27061,1784.0,4.0,True
coronavirus_like,3,20,3,39195,1,False,True,False,4356,,,
coronavirus_like,3,20,3,39730,2,False,True,True,26894,83.0,28.0,True
coronavirus_like,3,20,3,39834,2,False,True,False,29657,,,
coronavirus_like,3,20,3,39883,4,False,True,True,4738,371.0,125.0,True
coronavirus_like,3,20,3,40649,1,False,True,True,14311,258.0,-1607.0,False
coronavirus_like,3,20,3,41889,2,False,True,True,20872,2934.0,1148.0,True
coronavirus_like,3,20,3,42099,3,False,True,True,5224,21.0,4389.0,False
coronavirus_like,3,20,3,43431,4,False,True,True,15706,429.0,237.0,True
coronavirus_like,3,20,3,43527,1,False,True,True,11518,1462.0,1269.0,True
coronavirus_like,3,20,3,43529,5,False,True,True,9833,1178.0,1072.0,True
coronavirus_like,3,20,3,43605,1,False,True,True,18688,142.0,38.0,True
coronavirus_like,3,20,3,44127,1,False,True,True,21019,317.0,219.0,True
coronavirus_like,3,20,3,44426,4,False,True,True,16511,2200.0,1048.0,True
coronavirus_like,3,20,3,46957,1,False,True,False,26791,,,
coronavirus_like,3,20,3,48007,1,False,True,True,20994,465.0,392.0,True
coronavirus_like,3,20,3,49382,1,False,True,False,1854,,,
coronavirus_like,3,20,3,51942,4,False,True,True,7948,1246.0,631.0,True
coronavirus_like,3,20,3,53238,1,False,True,True,22961,1284.0,654.0,True
coronavirus_like,3,20,3,53590,1,False,True,False,29829,,,
coronavirus_like,3,20,3,54876,1,False,True,True,17393,,,
coronavirus_like,3,20,3,55530,10,False,True,True,11472,338.0,158.0,True
coronavirus_like,3,20,3,58994,7,False,True,True,19959,2106.0,2061.0,True
coronavirus_like,3,20,3,60156,1,False,True,True,14619,559.0,48.0,True
coronavirus_like,3,20,3,61017,21,False,False,False,724,,,
coronavirus_like,3,20,3,61568,1,False,True,False,714,,,
coronavirus_like,3,20,3,62293,1,False,True,True,19783,413.0,40.0,True
coronavirus_like,3,20,3,62320,1,False,True,True,2088,237.0,56.0,True
coronavirus_like,3,20,3,63819,1,False,True,False,28478,,,
coronavirus_like,3,20,3,64782,4,False,True,True,21880,1063.0,32.0,True
coronavirus_like,3,20,3,66761,14,False,True,True,14810,1925.0,560.0,True
coronavirus_like,3,20,3,69492,2,False,True,True,5208,234.0,43.0,True
coronavirus_like,3,20,3,70121,3,False,False,False,908,,,
coronavirus_like,3,20,3,70569,6,False,True,True,23308,196.0,160.0,True
coronavirus_like,3,20,3,70717,1,False,True,True,21551,1249.0,469.0,True
coronavirus_like,3,20,3,72216,1,True,True,True,25925,1595.0,651.0,True
coronavirus_like,3,20,3,72437,1,False,True,True,16150,398.0,437.0,False
coronavirus_like,3,20,3,72645,4,False,True,True,5784,299.0,96.0,True
coronavirus_like,3,20,3,72927,1,False,True,True,2744,1990.0,908.0,True
coronavirus_like,3,20,3,74743,37,False,True,True,10495,797.0,756.0,True
coronavirus_like,3,20,3,74788,22,False,True,True,21529,1140.0,1101.0,True
coronavirus_like,3,20,3,78333,1,True,True,True,8509,,,
coronavirus_like,3,20,3,78995,1,False,True,True,20047,244.0,237.0,True
coronavirus_like,3,20,3,81656,31,False,True,True,18665,237.0,191.0,True
coronavirus_like,3,20,3,82344,5,False,True,True,18347,1999.0,806.0,True
coronavirus_like,3,20,3,83267,1,False,True,True,10149,304.0,92.0,True
coronavirus_like,3,20,3,83831,1,False,True,True,21479,80.0,17.0,True
coronavirus_like,3,20,3,84312,1,False,True,True,15254,1440.0,1268.0,True
coronavirus_like,3,20,3,84415,1,False,True,False,1410,,,
coronavirus_like,3,20,3,85056,2,False,True,True,12113,522.0,40.0,True
coronavirus_like,3,20,3,86087,2,False,True,True,7091,332.0,259.0,True
coronavirus_like,3,20,3,86242,1,False,True,True,20399,740.0,330.0,True
coronavirus_like,3,20,3,86855,2,False,True,True,23051,378.0,156.0,True
coronavirus_like,3,20,3,88488,10,False,True,True,21444,979.0,159.0,True
coronavirus_like,3,20,3,89946,1,False,True,True,25752,605.0,460.0,True
coronavirus_like,3,20,3,90853,1,False,True,True,12264,870.0,760.0,True
coronavirus_like,3,20,3,94890,5,False,True,True,23500,2954.0,1083.0,True
coronavirus_like,3,20,3,94988,1,False,True,False,62,,,
coronavirus_like,3,20,3,95887,1,False,True,True,3899,817.0,567.0,True
coronavirus_like,3,20,3,97058,1,False,True,True,24760,1291.0,605.0,True
coronavirus_like,3,20,3,97506,1,False,True,True,14879,818.0,457.0,True
coronavirus_like,3,20,3,97515,2,False,True,True,11202,895.0,759.0,True
coronavirus_like,3,20,3,97899,1,False,True,True,12107,1136.0,1061.0,True
coronavirus_like,3,20,3,99939,4,False,False,False,25609,,,
coronavirus_like,3,20,3,100249,2,False,True,True,17479,1427.0,436.0,True
coronavirus_like,3,20,3,100340,2,False,True,True,5501,365.0,140.0,True
coronavirus_like,3,20,3,100341,1,True,True,True,2847,260.0,108.0,True
coronavirus_like,3,20,3,100578,1,False,True,False,29132,,,
coronavirus_like,3,20,3,100629,17,False,True,True,6161,681.0,401.0,True
coronavirus_like,3,20,3,100724,9,False,True,True,28058,823.0,243.0,True
coronavirus_like,3,20,3,105446,2,False,True,True,16988,394.0,156.0,True
coronavirus_like,3,20,3,106402,4,False,False,False,307,,,
coronavirus_like,3,20,3,106701,11,False,True,True,13187,1532.0,791.0,True
coronavirus_like,3,20,3,106873,10,False,True,True,25050,270.0,104.0,True
coronavirus_like,3,20,3,107643,1,False,True,True,19394,491.0,476.0,True
coronavirus_like,3,20,3,108340,1,False,True,True,2220,568.0,492.0,True
coronavirus_like,3,20,3,108535,1,True,False,False,29286,,,
coronavirus_like,3,20,3,115247,10,False,True,True,27826,2450.0,810.0,True
coronavirus_like,3,20,3,116526,3,False,True,True,10282,1025.0,617.0,True
coronavirus_like,3,20,3,119602,1,False,True,True,16279,768.0,470.0,True
coronavirus_like,3,20,3,120538,1,False,True,True,1743,1758.0,1212.0,True
coronavirus_like,3,20,3,121189,1,False,True,True,26926,507.0,49.0,True
coronavirus_like,3,20,3,122327,4,False,True,True,14463,1863.0,-8457.0,False
coronavirus_like,3,20,3,122655,10,False,True,True,12111,542.0,145.0,True
coronavirus_like,3,20,3,122810,12,False,True,True,12709,1446.0,6649.0,False
coronavirus_like,3,20,3,123011,1,False,True,True,24647,772.0,715.0,True
coronavirus_like,3,20,3,124887,1,False,True,True,2110,782.0,528.0,True
coronavirus_like,3,20,3,125542,1,False,True,False,349,,,
coronavirus_like,3,20,3,126124,1,False,True,True,27063,897.0,71.0,True
coronavirus_like,3,20,3,126597,2,False,True,True,21716,340.0,253.0,True
coronavirus_like,3,20,3,128312,2,False,True,True,19315,,,
coronavirus_like,3,20,3,128605,1,False,True,True,8306,336.0,65.0,True
coronavirus_like,3,20,3,129837,23,False,True,True,10800,677.0,659.0,True
coronavirus_like,3,20,3,130416,13,False,True,True,5556,662.0,535.0,True
coronavirus_like,3,20,3,132378,2,False,True,False,10924,,,
coronavirus_like,3,20,3,132510,1,False,True,True,9975,789.0,461.0,True
coronavirus_like,3,20,3,134217,1,False,True,True,17846,767.0,66.0,True
coronavirus_like,3,20,3,135017,1,True,True,True,4259,838.0,92.0,True
coronavirus_like,3,20,3,138232,2,False,True,True,1986,1505.0,1375.0,True
coronavirus_like,3,20,3,138441,5,False,True,True,16239,2078.0,996.0,True
coronavirus_like,3,20,3,140270,1,False,True,True,6555,325.0,43.0,True
coronavirus_like,3,20,3,141324,1,True,True,True,11617,665.0,114.0,True
coronavirus_like,3,20,3,143419,3,False,True,True,349,42.0,2.0,True
coronavirus_like,3,20,3,143582,9,False,True,True,28174,442.0,305.0,True
coronavirus_like,3,20,3,143601,6,False,True,True,5171,225.0,104.0,True
coronavirus_like,3,20,3,143653,1,False,True,True,24673,245.0,231.0,True
coronavirus_like,3,20,3,144262,1,False,True,True,5717,,,
coronavirus_like,3,20,3,144390,1,False,True,True,19442,1080.0,842.0,True
coronavirus_like,3,20,3,144830,5,False,True,True,17843,837.0,543.0,True
coronavirus_like,3,20,3,145094,2,False,True,True,19360,268.0,112.0,True
coronavirus_like,3,20,3,146541,1,False,True,True,12561,803.0,746.0,True
coronavirus_like,3,20,3,146576,2,False,True,True,18562,501.0,495.0,True
coronavirus_like,3,20,3,148838,7,False,True,True,25850,595.0,386.0,True
coronavirus_like,3,20,3,149548,1,False,True,True,7985,826.0,825.0,True
coronavirus_like,3,20,3,151779,1,False,True,True,28125,52.0,19.0,True
coronavirus_like,3,20,3,154850,1,True,True,False,9784,,,
coronavirus_like,3,20,3,157460,1,True,True,False,114,,,
coronavirus_like,3,20,3,158468,3,False,True,True,14804,102.0,55.0,True
coronavirus_like,3,20,3,158821,1,False,True,True,13144,591.0,473.0,True
coronavirus_like,3,20,3,161488,1,False,True,False,278,,,
coronavirus_like,3,20,3,164643,1,True,True,True,16394,802.0,414.0,True
coronavirus_like,3,20,3,164696,4,False,True,True,14832,732.0,318.0,True
coronavirus_like,3,20,3,165181,1,False,True,True,14390,735.0,556.0,True
coronavirus_like,3,20,3,165536,1,True,True,True,6385,368.0,102.0,True
coronavirus_like,3,20,3,166314,1,False,True,True,23466,,,
coronavirus_like,3,20,3,166409,1,True,True,True,2040,1441.0,895.0,True
coronavirus_like,3,20,3,166831,1,False,True,True,262,1153.0,16022.0,False
coronavirus_like,3,20,3,167062,2,False,True,True,18348,655.0,346.0,True
coronavirus_like,3,20,3,167133,1,False,False,False,29806,,,
coronavirus_like,3,20,3,167848,1,False,True,True,7880,115.0,15.0,True
coronavirus_like,3,20,3,173392,1,True,True,True,19861,784.0,404.0,True
coronavirus_like,3,20,3,174027,1,True,True,True,13890,499.0,88.0,True
coronavirus_like,3,20,3,175409,3,False,True,True,11619,,,
coronavirus_like,3,20,3,177507,1,True,True,True,16932,394.0,212.0,True
coronavirus_like,3,20,3,179419,1,False,True,True,6945,322.0,72.0,True
coronavirus_like,3,20,3,182164,1,False,True,True,27958,262.0,193.0,True
coronavirus_like,3,20,3,182358,1,True,True,False,29420,,,
coronavirus_like,3,20,4,57,1,True,False,False,23864,,,
coronavirus_like,3,20,4,81,1,True,False,False,19771,,,
coronavirus_like,3,20,4,85,1,True,False,False,29919,,,
coronavirus_like,3,20,4,636,1,False,True,False,14313,,,
coronavirus_like,3,20,4,652,3,False,True,False,23361,,,
coronavirus_like,3,20,4,1102,1,False,True,False,6588,,,
coronavirus_like,3,20,4,1732,4,False,False,False,828,,,
coronavirus_like,3,20,4,2185,2,False,True,False,1647,,,
coronavirus_like,3,20,4,3958,1,False,False,False,2964,,,
coronavirus_like,3,20,4,7761,1,False,True,False,9503,,,
coronavirus_like,3,20,4,9002,1,False,True,False,10685,,,
coronavirus_like,3,20,4,9850,1,False,False,False,25624,,,
coronavirus_like,3,20,4,9934,1,False,True,False,13680,,,
coronavirus_like,3,20,4,10247,1,False,True,True,17000,4933.0,1249.0,True
coronavirus_like,3,20,4,11551,2,False,False,False,316,,,
coronavirus_like,3,20,4,12171,16,False,True,True,14158,7404.0,6562.0,True
coronavirus_like,3,20,4,12282,1,False,True,True,15906,4112.0,994.0,True
coronavirus_like,3,20,4,13264,2,False,True,False,28630,,,
coronavirus_like,3,20,4,15847,22,False,True,False,19968,,,
coronavirus_like,3,20,4,19087,1,True,False,False,4507,,,
coronavirus_like,3,20,4,20100,38,False,True,False,16699,,,
coronavirus_like,3,20,4,21315,1,False,True,False,20030,,,
coronavirus_like,3,20,4,22340,4,False,True,True,24405,3662.0,178.0,True
coronavirus_like,3,20,4,22380,30,False,True,True,20124,2188.0,1268.0,True
coronavirus_like,3,20,4,22524,1,False,True,True,23405,1920.0,428.0,True
coronavirus_like,3,20,4,22786,1,True,True,False,2165,,,
coronavirus_like,3,20,4,25016,1,False,True,True,19973,896.0,747.0,True
coronavirus_like,3,20,4,26333,1,False,True,True,7518,,,
coronavirus_like,3,20,4,27081,4,False,True,True,7295,3068.0,3127.0,False
coronavirus_like,3,20,4,27274,4,False,True,True,21349,1238.0,610.0,True
coronavirus_like,3,20,4,28146,1,False,True,True,14110,3630.0,1482.0,True
coronavirus_like,3,20,4,28574,13,False,True,True,23084,226.0,154.0,True
coronavirus_like,3,20,4,29218,2,False,True,True,8671,369.0,45.0,True
coronavirus_like,3,20,4,32294,1,False,True,True,24414,2055.0,849.0,True
coronavirus_like,3,20,4,32535,1,False,True,True,9651,290.0,253.0,True
coronavirus_like,3,20,4,32789,3,False,True,True,16001,1022.0,713.0,True
coronavirus_like,3,20,4,35076,1,False,True,True,7491,2478.0,2005.0,True
coronavirus_like,3,20,4,35740,1,True,False,False,1087,,,
coronavirus_like,3,20,4,37082,1,False,True,True,14095,588.0,185.0,True
coronavirus_like,3,20,4,37537,1,True,True,True,23695,346.0,124.0,True
coronavirus_like,3,20,4,37627,2,False,True,False,27061,,,
coronavirus_like,3,20,4,39195,1,False,True,False,4356,,,
coronavirus_like,3,20,4,39730,2,False,True,False,26894,,,
coronavirus_like,3,20,4,39834,2,False,True,False,29657,,,
coronavirus_like,3,20,4,39883,4,False,True,True,4738,371.0,125.0,True
coronavirus_like,3,20,4,40649,1,False,True,True,14311,258.0,-1607.0,False
coronavirus_like,3,20,4,41889,2,False,True,True,20872,2934.0,1148.0,True
coronavirus_like,3,20,4,42099,3,False,True,True,5224,21.0,4389.0,False
coronavirus_like,3,20,4,43431,4,False,True,True,15706,429.0,237.0,True
coronavirus_like,3,20,4,43527,1,False,True,True,11518,1462.0,1269.0,True
coronavirus_like,3,20,4,43529,5,False,True,True,9833,1178.0,1072.0,True
coronavirus_like,3,20,4,43605,1,False,True,True,18688,142.0,38.0,True
coronavirus_like,3,20,4,44127,1,False,True,True,21019,317.0,219.0,True
coronavirus_like,3,20,4,44426,4,False,True,True,16511,2200.0,1048.0,True
coronavirus_like,3,20,4,46957,1,False,True,False,26791,,,
coronavirus_like,3,20,4,48007,1,False,True,True,20994,465.0,392.0,True
coronavirus_like,3,20,4,49382,1,False,True,False,1854,,,
coronavirus_like,3,20,4,51942,4,False,True,True,7948,1246.0,631.0,True
coronavirus_like,3,20,4,53238,1,False,True,True,22961,1284.0,654.0,True
coronavirus_like,3,20,4,53590,1,False,True,False,29829,,,
coronavirus_like,3,20,4,54876,1,False,True,True,17393,,,
coronavirus_like,3,20,4,55530,10,False,True,True,11472,338.0,158.0,True
coronavirus_like,3,20,4,58994,7,False,True,True,19959,2106.0,2061.0,True
coronavirus_like,3,20,4,60156,1,False,True,True,14619,559.0,48.0,True
coronavirus_like,3,20,4,61017,21,False,False,False,724,,,
coronavirus_like,3,20,4,61568,1,False,True,False,714,,,
coronavirus_like,3,20,4,62293,1,False,True,True,19783,413.0,40.0,True
coronavirus_like,3,20,4,62320,1,False,True,True,2088,237.0,56.0,True
coronavirus_like,3,20,4,63819,1,False,True,False,28478,,,
coronavirus_like,3,20,4,64782,4,False,True,True,21880,1063.0,32.0,True
coronavirus_like,3,20,4,66761,14,False,True,True,14810,1925.0,560.0,True
coronavirus_like,3,20,4,69492,2,False,True,True,5208,234.0,43.0,True
coronavirus_like,3,20,4,70121,3,False,False,False,908,,,
coronavirus_like,3,20,4,70569,6,False,True,True,23308,196.0,160.0,True
coronavirus_like,3,20,4,70717,1,False,True,True,21551,1249.0,469.0,True
coronavirus_like,3,20,4,72216,1,True,True,True,25925,1595.0,651.0,True
coronavirus_like,3,20,4,72437,1,False,True,True,16150,398.0,437.0,False
coronavirus_like,3,20,4,72645,4,False,True,True,5784,299.0,96.0,True
coronavirus_like,3,20,4,72927,1,False,True,True,2744,1990.0,908.0,True
coronavirus_like,3,20,4,74743,37,False,True,True,10495,797.0,756.0,True
coronavirus_like,3,20,4,74788,22,False,True,True,21529,1140.0,1101.0,True
coronavirus_like,3,20,4,78333,1,True,True,True,8509,,,
coronavirus_like,3,20,4,78995,1,False,True,True,20047,244.0,237.0,True
coronavirus_like,3,20,4,81656,31,False,True,True,18665,237.0,191.0,True
coronavirus_like,3,20,4,82344,5,False,True,True,18347,1999.0,806.0,True
coronavirus_like,3,20,4,83267,1,False,True,True,10149,304.0,92.0,True
coronavirus_like,3,20,4,83831,1,False,True,True,21479,80.0,17.0,True
coronavirus_like,3,20,4,84312,1,False,True,True,15254,1440.0,1268.0,True
coronavirus_like,3,20,4,84415,1,False,True,False,1410,,,
coronavirus_like,3,20,4,85056,2,False,True,True,12113,522.0,40.0,True
coronavirus_like,3,20,4,86087,2,False,True,True,7091,332.0,259.0,True
coronavirus_like,3,20,4,86242,1,False,True,True,20399,740.0,330.0,True
coronavirus_like,3,20,4,86855,2,False,True,True,23051,378.0,156.0,True
coronavirus_like,3,20,4,88488,10,False,True,True,21444,979.0,159.0,True
coronavirus_like,3,20,4,89946,1,False,True,True,25752,605.0,460.0,True
coronavirus_like,3,20,4,90853,1,False,True,True,12264,870.0,760.0,True
coronavirus_like,3,20,4,94890,5,False,True,True,23500,2954.0,1083.0,True
coronavirus_like,3,20,4,94988,1,False,True,False,62,,,
coronavirus_like,3,20,4,95887,1,False,True,True,3899,817.0,567.0,True
coronavirus_like,3,20,4,97058,1,False,True,True,24760,1291.0,605.0,True
coronavirus_like,3,20,4,97506,1,False,True,True,14879,818.0,457.0,True
coronavirus_like,3,20,4,97515,2,False,True,True,11202,895.0,759.0,True
coronavirus_like,3,20,4,97899,1,False,True,True,12107,1136.0,1061.0,True
coronavirus_like,3,20,4,99939,4,False,False,False,25609,,,
coronavirus_like,3,20,4,100249,2,False,True,True,17479,1427.0,436.0,True
coronavirus_like,3,20,4,100340,2,False,True,True,5501,365.0,140.0,True
coronavirus_like,3,20,4,100341,1,True,True,True,2847,260.0,108.0,True
coronavirus_like,3,20,4,100578,1,False,True,False,29132,,,
coronavirus_like,3,20,4,100629,17,False,True,True,6161,681.0,401.0,True
coronavirus_like,3,20,4,100724,9,False,True,True,28058,823.0,243.0,True
coronavirus_like,3,20,4,105446,2,False,True,True,16988,394.0,156.0,True
coronavirus_like,3,20,4,106402,4,False,False,False,307,,,
coronavirus_like,3,20,4,106701,11,False,True,True,13187,1532.0,791.0,True
coronavirus_like,3,20,4,106873,10,False,True,True,25050,270.0,104.0,True
coronavirus_like,3,20,4,107643,1,False,True,True,19394,491.0,476.0,True
coronavirus_like,3,20,4,108340,1,False,True,True,2220,568.0,492.0,True
coronavirus_like,3,20,4,108535,1,True,False,False,29286,,,
coronavirus_like,3,20,4,115247,10,False,True,False,27826,,,
coronavirus_like,3,20,4,116526,3,False,True,True,10282,1025.0,617.0,True
coronavirus_like,3,20,4,119602,1,False,True,True,16279,768.0,470.0,True
coronavirus_like,3,20,4,120538,1,False,True,True,1743,1758.0,1212.0,True
coronavirus_like,3,20,4,121189,1,False,True,True,26926,507.0,49.0,True
coronavirus_like,3,20,4,122327,4,False,True,True,14463,1863.0,-8457.0,False
coronavirus_like,3,20,4,122655,10,False,True,True,12111,542.0,145.0,True
coronavirus_like,3,20,4,122810,12,False,True,True,12709,1446.0,6649.0,False
coronavirus_like,3,20,4,123011,1,False,True,True,24647,772.0,715.0,True
coronavirus_like,3,20,4,124887,1,False,True,True,2110,782.0,528.0,True
coronavirus_like,3,20,4,125542,1,False,True,False,349,,,
coronavirus_like,3,20,4,126124,1,False,True,True,27063,897.0,71.0,True
coronavirus_like,3,20,4,126597,2,False,True,True,21716,340.0,253.0,True
coronavirus_like,3,20,4,128312,2,False,True,True,19315,,,
coronavirus_like,3,20,4,128605,1,False,True,True,8306,336.0,65.0,True
coronavirus_like,3,20,4,129837,23,False,True,True,10800,677.0,659.0,True
coronavirus_like,3,20,4,130416,13,False,True,True,5556,662.0,535.0,True
coronavirus_like,3,20,4,132378,2,False,True,False,10924,,,
coronavirus_like,3,20,4,132510,1,False,True,True,9975,789.0,461.0,True
coronavirus_like,3,20,4,134217,1,False,True,True,17846,767.0,66.0,True
coronavirus_like,3,20,4,135017,1,True,True,True,4259,838.0,92.0,True
coronavirus_like,3,20,4,138232,2,False,True,True,1986,1505.0,1375.0,True
coronavirus_like,3,20,4,138441,5,False,True,True,16239,2078.0,996.0,True
coronavirus_like,3,20,4,140270,1,False,True,True,6555,325.0,43.0,True
coronavirus_like,3,20,4,141324,1,True,True,True,11617,665.0,114.0,True
coronavirus_like,3,20,4,143419,3,False,True,False,349,,,
coronavirus_like,3,20,4,143582,9,False,True,True,28174,442.0,305.0,True
coronavirus_like,3,20,4,143601,6,False,True,True,5171,225.0,104.0,True
coronavirus_like,3,20,4,143653,1,False,True,True,24673,245.0,231.0,True
coronavirus_like,3,20,4,144262,1,False,True,True,5717,,,
coronavirus_like,3,20,4,144390,1,False,True,True,19442,1080.0,842.0,True
coronavirus_like,3,20,4,144830,5,False,True,True,17843,837.0,543.0,True
coronavirus_like,3,20,4,145094,2,False,True,True,19360,268.0,112.0,True
coronavirus_like,3,20,4,146541,1,False,True,True,12561,803.0,746.0,True
coronavirus_like,3,20,4,146576,2,False,True,True,18562,501.0,495.0,True
coronavirus_like,3,20,4,148838,7,False,True,True,25850,595.0,386.0,True
coronavirus_like,3,20,4,149548,1,False,True,True,7985,826.0,825.0,True
coronavirus_like,3,20,4,151779,1,False,True,True,28125,52.0,19.0,True
coronavirus_like,3,20,4,154850,1,True,True,False,9784,,,
coronavirus_like,3,20,4,157460,1,True,True,False,114,,,
coronavirus_like,3,20,4,158468,3,False,True,True,14804,102.0,55.0,True
coronavirus_like,3,20,4,158821,1,False,True,True,13144,591.0,473.0,True
coronavirus_like,3,20,4,161488,1,False,True,False,278,,,
coronavirus_like,3,20,4,164643,1,True,True,True,16394,802.0,414.0,True
coronavirus_like,3,20,4,164696,4,False,True,True,14832,732.0,318.0,True
coronavirus_like,3,20,4,165181,1,False,True,True,14390,735.0,556.0,True
coronavirus_like,3,20,4,165536,1,True,True,True,6385,368.0,102.0,True
coronavirus_like,3,20,4,166314,1,False,True,True,23466,,,
coronavirus_like,3,20,4,166409,1,True,True,True,2040,1441.0,895.0,True
coronavirus_like,3,20,4,166831,1,False,True,True,262,1153.0,16022.0,False
coronavirus_like,3,20,4,167062,2,False,True,True,18348,655.0,346.0,True
coronavirus_like,3,20,4,167133,1,False,False,False,29806,,,
coronavirus_like,3,20,4,167848,1,False,True,True,7880,115.0,15.0,True
coronavirus_like,3,20,4,173392,1,True,True,True,19861,784.0,404.0,True
coronavirus_like,3,20,4,174027,1,True,True,True,13890,499.0,88.0,True
coronavirus_like,3,20,4,175409,3,False,True,True,11619,,,
coronavirus_like,3,20,4,177507,1,True,True,True,16932,394.0,212.0,True
coronavirus_like,3,20,4,179419,1,False,True,True,6945,322.0,72.0,True
coronavirus_like,3,20,4,182164,1,False,True,True,27958,262.0,193.0,True
coronavirus_like,3,20,4,182358,1,True,True,False,29420,,,
coronavirus_like,3,20,5,57,1,True,False,False,23864,,,
coronavirus_like,3,20,5,81,1,True,False,False,19771,,,
coronavirus_like,3,20,5,85,1,True,False,False,29919,,,
coronavirus_like,3,20,5,636,1,False,True,False,14313,,,
coronavirus_like,3,20,5,652,3,False,True,False,23361,,,
coronavirus_like,3,20,5,1102,1,False,True,False,6588,,,
coronavirus_like,3,20,5,1732,4,False,False,False,828,,,
coronavirus_like,3,20,5,2185,2,False,True,False,1647,,,
coronavirus_like,3,20,5,3958,1,False,False,False,2964,,,
coronavirus_like,3,20,5,7761,1,False,True,False,9503,,,
coronavirus_like,3,20,5,9002,1,False,True,False,10685,,,
coronavirus_like,3,20,5,9850,1,False,False,False,25624,,,
coronavirus_like,3,20,5,9934,1,False,True,False,13680,,,
coronavirus_like,3,20,5,10247,1,False,True,True,17000,4933.0,1249.0,True
coronavirus_like,3,20,5,11551,2,False,False,False,316,,,
coronavirus_like,3,20,5,12171,16,False,True,False,14158,,,
coronavirus_like,3,20,5,12282,1,False,True,True,15906,4112.0,994.0,True
coronavirus_like,3,20,5,13264,2,False,True,False,28630,,,
coronavirus_like,3,20,5,15847,22,False,True,False,19968,,,
coronavirus_like,3,20,5,19087,1,True,False,False,4507,,,
coronavirus_like,3,20,5,20100,38,False,True,False,16699,,,
coronavirus_like,3,20,5,21315,1,False,True,False,20030,,,
coronavirus_like,3,20,5,22340,4,False,True,True,24405,3662.0,178.0,True
coronavirus_like,3,20,5,22380,30,False,True,True,20124,2188.0,1268.0,True
coronavirus_like,3,20,5,22524,1,False,True,False,23405,,,
coronavirus_like,3,20,5,22786,1,True,True,False,2165,,,
coronavirus_like,3,20,5,25016,1,False,True,True,19973,896.0,747.0,True
coronavirus_like,3,20,5,26333,1,False,True,True,7518,,,
coronavirus_like,3,20,5,27081,4,False,True,True,7295,3068.0,3127.0,False
coronavirus_like,3,20,5,27274,4,False,True,True,21349,1238.0,610.0,True
coronavirus_like,3,20,5,28146,1,False,True,True,14110,3630.0,1482.0,True
coronavirus_like,3,20,5,28574,13,False,True,True,23084,226.0,154.0,True
coronavirus_like,3,20,5,29218,2,False,True,True,8671,369.0,45.0,True
coronavirus_like,3,20,5,32294,1,False,True,True,24414,2055.0,849.0,True
coronavirus_like,3,20,5,32535,1,False,True,True,9651,290.0,253.0,True
coronavirus_like,3,20,5,32789,3,False,True,True,16001,1022.0,713.0,True
coronavirus_like,3,20,5,35076,1,False,True,True,7491,2478.0,2005.0,True
coronavirus_like,3,20,5,35740,1,True,False,False,1087,,,
coronavirus_like,3,20,5,37082,1,False,True,True,14095,588.0,185.0,True
coronavirus_like,3,20,5,37537,1,True,True,True,23695,346.0,124.0,True
coronavirus_like,3,20,5,37627,2,False,True,False,27061,,,
coronavirus_like,3,20,5,39195,1,False,True,False,4356,,,
coronavirus_like,3,20,5,39730,2,False,True,False,26894,,,
coronavirus_like,3,20,5,39834,2,False,True,False,29657,,,
coronavirus_like,3,20,5,39883,4,False,True,True,4738,371.0,125.0,True
coronavirus_like,3,20,5,40649,1,False,True,True,14311,258.0,-1607.0,False
coronavirus_like,3,20,5,41889,2,False,True,True,20872,2934.0,1148.0,True
coronavirus_like,3,20,5,42099,3,False,True,True,5224,21.0,4389.0,False
coronavirus_like,3,20,5,43431,4,False,True,True,15706,429.0,237.0,True
coronavirus_like,3,20,5,43527,1,False,True,True,11518,1462.0,1269.0,True
coronavirus_like,3,20,5,43529,5,False,True,True,9833,1178.0,1072.0,True
coronavirus_like,3,20,5,43605,1,False,True,True,18688,142.0,38.0,True
coronavirus_like,3,20,5,44127,1,False,True,True,21019,317.0,219.0,True
coronavirus_like,3,20,5,44426,4,False,True,True,16511,2200.0,1048.0,True
coronavirus_like,3,20,5,46957,1,False,True,False,26791,,,
coronavirus_like,3,20,5,48007,1,False,True,True,20994,465.0,392.0,True
coronavirus_like,3,20,5,49382,1,False,True,False,1854,,,
coronavirus_like,3,20,5,51942,4,False,True,True,7948,1246.0,631.0,True
coronavirus_like,3,20,5,53238,1,False,True,True,22961,1284.0,654.0,True
coronavirus_like,3,20,5,53590,1,False,True,False,29829,,,
coronavirus_like,3,20,5,54876,1,False,True,True,17393,,,
coronavirus_like,3,20,5,55530,10,False,True,True,11472,338.0,158.0,True
coronavirus_like,3,20,5,58994,7,False,True,True,19959,2106.0,2061.0,True
coronavirus_like,3,20,5,60156,1,False,True,True,14619,559.0,48.0,True
coronavirus_like,3,20,5,61017,21,False,False,False,724,,,
coronavirus_like,3,20,5,61568,1,False,True,False,714,,,
coronavirus_like,3,20,5,62293,1,False,True,True,19783,413.0,40.0,True
coronavirus_like,3,20,5,62320,1,False,True,True,2088,237.0,56.0,True
coronavirus_like,3,20,5,63819,1,False,True,False,28478,,,
coronavirus_like,3,20,5,64782,4,False,True,True,21880,1063.0,32.0,True
coronavirus_like,3,20,5,66761,14,False,True,True,14810,1925.0,560.0,True
coronavirus_like,3,20,5,69492,2,False,True,True,5208,234.0,43.0,True
coronavirus_like,3,20,5,70121,3,False,False,False,908,,,
coronavirus_like,3,20,5,70569,6,False,True,True,23308,196.0,160.0,True
coronavirus_like,3,20,5,70717,1,False,True,True,21551,1249.0,469.0,True
coronavirus_like,3,20,5,72216,1,True,True,True,25925,1595.0,651.0,True
coronavirus_like,3,20,5,72437,1,False,True,True,16150,398.0,437.0,False
coronavirus_like,3,20,5,72645,4,False,True,True,5784,299.0,96.0,True
coronavirus_like,3,20,5,72927,1,False,True,True,2744,1990.0,908.0,True
coronavirus_like,3,20,5,74743,37,False,True,True,10495,797.0,756.0,True
coronavirus_like,3,20,5,74788,22,False,True,True,21529,1140.0,1101.0,True
coronavirus_like,3,20,5,78333,1,True,True,True,8509,,,
coronavirus_like,3,20,5,78995,1,False,True,True,20047,244.0,237.0,True
coronavirus_like,3,20,5,81656,31,False,True,True,18665,237.0,191.0,True
coronavirus_like,3,20,5,82344,5,False,True,True,18347,1999.0,806.0,True
coronavirus_like,3,20,5,83267,1,False,True,True,10149,304.0,92.0,True
coronavirus_like,3,20,5,83831,1,False,True,True,21479,80.0,17.0,True
coronavirus_like,3,20,5,84312,1,False,True,True,15254,1440.0,1268.0,True
coronavirus_like,3,20,5,84415,1,False,True,False,1410,,,
coronavirus_like,3,20,5,85056,2,False,True,True,12113,522.0,40.0,True
coronavirus_like,3,20,5,86087,2,False,True,True,7091,332.0,259.0,True
coronavirus_like,3,20,5,86242,1,False,True,True,20399,740.0,330.0,True
coronavirus_like,3,20,5,86855,2,False,True,True,23051,378.0,156.0,True
coronavirus_like,3,20,5,88488,10,False,True,True,21444,979.0,159.0,True
coronavirus_like,3,20,5,89946,1,False,True,True,25752,605.0,460.0,True
coronavirus_like,3,20,5,90853,1,False,True,True,12264,870.0,760.0,True
coronavirus_like,3,20,5,94890,5,False,True,True,23500,2954.0,1083.0,True
coronavirus_like,3,20,5,94988,1,False,True,False,62,,,
coronavirus_like,3,20,5,95887,1,False,True,True,3899,817.0,567.0,True
coronavirus_like,3,20,5,97058,1,False,True,True,24760,1291.0,605.0,True
coronavirus_like,3,20,5,97506,1,False,True,True,14879,818.0,457.0,True
coronavirus_like,3,20,5,97515,2,False,True,True,11202,895.0,759.0,True
coronavirus_like,3,20,5,97899,1,False,True,True,12107,1136.0,1061.0,True
coronavirus_like,3,20,5,99939,4,False,False,False,25609,,,
coronavirus_like,3,20,5,100249,2,False,True,True,17479,1427.0,436.0,True
coronavirus_like,3,20,5,100340,2,False,True,True,5501,365.0,140.0,True
coronavirus_like,3,20,5,100341,1,True,True,True,2847,260.0,108.0,True
coronavirus_like,3,20,5,100578,1,False,True,False,29132,,,
coronavirus_like,3,20,5,100629,17,False,True,True,6161,681.0,401.0,True
coronavirus_like,3,20,5,100724,9,False,True,False,28058,,,
coronavirus_like,3,20,5,105446,2,False,True,True,16988,394.0,156.0,True
coronavirus_like,3,20,5,106402,4,False,False,False,307,,,
coronavirus_like,3,20,5,106701,11,False,True,True,13187,1532.0,791.0,True
coronavirus_like,3,20,5,106873,10,False,True,True,25050,270.0,104.0,True
coronavirus_like,3,20,5,107643,1,False,True,True,19394,491.0,476.0,True
coronavirus_like,3,20,5,108340,1,False,True,True,2220,568.0,492.0,True
coronavirus_like,3,20,5,108535,1,True,False,False,29286,,,
coronavirus_like,3,20,5,115247,10,False,True,False,27826,,,
coronavirus_like,3,20,5,116526,3,False,True,True,10282,1025.0,617.0,True
coronavirus_like,3,20,5,119602,1,False,True,True,16279,768.0,470.0,True
coronavirus_like,3,20,5,120538,1,False,True,True,1743,1758.0,1212.0,True
coronavirus_like,3,20,5,121189,1,False,True,True,26926,507.0,49.0,True
coronavirus_like,3,20,5,122327,4,False,True,False,14463,,,
coronavirus_like,3,20,5,122655,10,False,True,True,12111,542.0,145.0,True
coronavirus_like,3,20,5,122810,12,False,True,True,12709,1446.0,6649.0,False
coronavirus_like,3,20,5,123011,1,False,True,True,24647,772.0,715.0,True
coronavirus_like,3,20,5,124887,1,False,True,True,2110,782.0,528.0,True
coronavirus_like,3,20,5,125542,1,False,True,False,349,,,
coronavirus_like,3,20,5,126124,1,False,True,True,27063,897.0,71.0,True
coronavirus_like,3,20,5,126597,2,False,True,True,21716,340.0,253.0,True
coronavirus_like,3,20,5,128312,2,False,True,True,19315,,,
coronavirus_like,3,20,5,128605,1,False,True,True,8306,336.0,65.0,True
coronavirus_like,3,20,5,129837,23,False,True,True,10800,677.0,659.0,True
coronavirus_like,3,20,5,130416,13,False,True,True,5556,662.0,535.0,True
coronavirus_like,3,20,5,132378,2,False,True,False,10924,,,
coronavirus_like,3,20,5,132510,1,False,True,True,9975,789.0,461.0,True
coronavirus_like,3,20,5,134217,1,False,True,True,17846,767.0,66.0,True
coronavirus_like,3,20,5,135017,1,True,True,True,4259,838.0,92.0,True
coronavirus_like,3,20,5,138232,2,False,True,True,1986,1505.0,1375.0,True
coronavirus_like,3,20,5,138441,5,False,True,True,16239,2078.0,996.0,True
coronavirus_like,3,20,5,140270,1,False,True,True,6555,325.0,43.0,True
coronavirus_like,3,20,5,141324,1,True,True,True,11617,665.0,114.0,True
coronavirus_like,3,20,5,143419,3,False,True,False,349,,,
coronavirus_like,3,20,5,143582,9,False,True,True,28174,442.0,305.0,True
coronavirus_like,3,20,5,143601,6,False,True,True,5171,225.0,104.0,True
coronavirus_like,3,20,5,143653,1,False,True,True,24673,245.0,231.0,True
coronavirus_like,3,20,5,144262,1,False,True,True,5717,,,
coronavirus_like,3,20,5,144390,1,False,True,True,19442,1080.0,842.0,True
coronavirus_like,3,20,5,144830,5,False,True,True,17843,837.0,543.0,True
coronavirus_like,3,20,5,145094,2,False,True,True,19360,268.0,112.0,True
coronavirus_like,3,20,5,146541,1,False,True,True,12561,803.0,746.0,True
coronavirus_like,3,20,5,146576,2,False,True,True,18562,501.0,495.0,True
coronavirus_like,3,20,5,148838,7,False,True,True,25850,595.0,386.0,True
coronavirus_like,3,20,5,149548,1,False,True,True,7985,826.0,825.0,True
coronavirus_like,3,20,5,151779,1,False,True,True,28125,52.0,19.0,True
coronavirus_like,3,20,5,154850,1,True,True,False,9784,,,
coronavirus_like,3,20,5,157460,1,True,True,False,114,,,
coronavirus_like,3,20,5,158468,3,False,True,True,14804,102.0,55.0,True
coronavirus_like,3,20,5,158821,1,False,True,True,13144,591.0,473.0,True
coronavirus_like,3,20,5,161488,1,False,True,False,278,,,
coronavirus_like,3,20,5,164643,1,True,True,True,16394,802.0,414.0,True
coronavirus_like,3,20,5,164696,4,False,True,True,14832,732.0,318.0,True
coronavirus_like,3,20,5,165181,1,False,True,True,14390,735.0,556.0,True
coronavirus_like,3,20,5,165536,1,True,True,True,6385,368.0,102.0,True
coronavirus_like,3,20,5,166314,1,False,True,True,23466,,,
coronavirus_like,3,20,5,166409,1,True,True,True,2040,1441.0,895.0,True
coronavirus_like,3,20,5,166831,1,False,True,True,262,1153.0,16022.0,False
coronavirus_like,3,20,5,167062,2,False,True,True,18348,655.0,346.0,True
coronavirus_like,3,20,5,167133,1,False,False,False,29806,,,
coronavirus_like,3,20,5,167848,1,False,True,True,7880,115.0,15.0,True
coronavirus_like,3,20,5,173392,1,True,True,True,19861,784.0,404.0,True
coronavirus_like,3,20,5,174027,1,True,True,True,13890,499.0,88.0,True
coronavirus_like,3,20,5,175409,3,False,True,True,11619,,,
coronavirus_like,3,20,5,177507,1,True,True,True,16932,394.0,212.0,True
coronavirus_like,3,20,5,179419,1,False,True,True,6945,322.0,72.0,True
coronavirus_like,3,20,5,182164,1,False,True,True,27958,262.0,193.0,True
coronavirus_like,3,20,5,182358,1,True,True,False,29420,,,
coronavirus_like,3,100,3,57,1,True,False,False,23864,,,
coronavirus_like,3,100,3,81,1,True,False,False,19771,,,
coronavirus_like,3,100,3,85,1,True,False,False,29919,,,
coronavirus_like,3,100,3,560,1,True,True,True,18834,1223.0,242.0,True
coronavirus_like,3,100,3,636,2,False,True,False,14313,,,
coronavirus_like,3,100,3,652,2,False,True,False,23361,,,
coronavirus_like,3,100,3,1041,1,False,True,False,6439,,,
coronavirus_like,3,100,3,1102,1,False,True,False,6588,,,
coronavirus_like,3,100,3,1732,9,False,False,False,828,,,
coronavirus_like,3,100,3,1800,1,True,True,True,18193,1223.0,883.0,True
coronavirus_like,3,100,3,1883,2,False,True,True,14929,4550.0,2923.0,True
coronavirus_like,3,100,3,2185,1,True,True,False,1647,,,
coronavirus_like,3,100,3,2468,2,False,False,False,25664,,,
coronavirus_like,3,100,3,3899,1,True,True,False,25082,,,
coronavirus_like,3,100,3,3958,1,False,False,False,2964,,,
coronavirus_like,3,100,3,4597,2,False,False,False,651,,,
coronavirus_like,3,100,3,4900,2,False,True,False,9380,,,
coronavirus_like,3,100,3,7457,1,False,True,True,19902,7059.0,1490.0,True
coronavirus_like,3,100,3,7761,1,False,True,False,9503,,,
coronavirus_like,3,100,3,9002,1,False,True,False,10685,,,
coronavirus_like,3,100,3,9850,2,False,False,False,25624,,,
coronavirus_like,3,100,3,9934,1,False,True,True,13680,4668.0,3776.0,True
coronavirus_like,3,100,3,10247,1,False,True,True,17000,5887.0,2203.0,True
coronavirus_like,3,100,3,11551,4,False,False,False,316,,,
coronavirus_like,3,100,3,11939,1,False,True,True,16318,7598.0,1368.0,True
coronavirus_like,3,100,3,12171,26,False,True,True,14158,1142.0,300.0,True
coronavirus_like,3,100,3,12282,1,False,True,True,15906,4112.0,994.0,True
coronavirus_like,3,100,3,12455,1,False,True,False,4744,,,
coronavirus_like,3,100,3,12809,1,False,True,True,8067,5327.0,4720.0,True
coronavirus_like,3,100,3,13264,6,False,True,False,28630,,,
coronavirus_like,3,100,3,13876,1,False,True,False,6008,,,
coronavirus_like,3,100,3,14177,2,False,True,True,20575,1434.0,63.0,True
coronavirus_like,3,100,3,14882,1,True,True,True,25791,7915.0,1328.0,True
coronavirus_like,3,100,3,15371,1,True,True,True,24781,3350.0,482.0,True
coronavirus_like,3,100,3,15847,15,False,True,True,19968,4505.0,1252.0,True
coronavirus_like,3,100,3,17237,1,False,True,True,7822,2450.0,1791.0,True
coronavirus_like,3,100,3,18283,2,False,True,False,28690,,,
coronavirus_like,3,100,3,18801,1,False,True,True,26838,126.0,14.0,True
coronavirus_like,3,100,3,19087,1,True,False,False,4507,,,
coronavirus_like,3,100,3,19221,3,False,True,True,5492,3167.0,2950.0,True
coronavirus_like,3,100,3,19804,1,True,True,True,17149,2564.0,2054.0,True
coronavirus_like,3,100,3,20100,8,False,True,True,16699,5511.0,2504.0,True
coronavirus_like,3,100,3,21116,1,True,True,True,5806,5028.0,3807.0,True
coronavirus_like,3,100,3,21315,1,False,True,True,20030,1419.0,593.0,True
coronavirus_like,3,100,3,21568,2,False,True,True,17082,1363.0,82.0,True
coronavirus_like,3,100,3,21895,1,False,True,True,25158,2961.0,105.0,True
coronavirus_like,3,100,3,21967,1,False,True,True,14340,6908.0,2182.0,True
coronavirus_like,3,100,3,22340,13,False,True,True,24405,3662.0,178.0,True
coronavirus_like,3,100,3,22380,1,False,True,True,20124,2188.0,1268.0,True
coronavirus_like,3,100,3,22488,1,True,False,False,728,,,
coronavirus_like,3,100,3,22524,3,False,True,True,23405,1920.0,428.0,True
coronavirus_like,3,100,3,22786,1,True,True,False,2165,,,
coronavirus_like,3,100,3,24447,2,False,True,True,14644,2093.0,1908.0,True
coronavirus_like,3,100,3,25016,1,False,True,True,19973,896.0,747.0,True
coronavirus_like,3,100,3,26333,2,False,True,True,7518,2577.0,1991.0,True
coronavirus_like,3,100,3,26721,1,False,True,True,12591,3366.0,1336.0,True
coronavirus_like,3,100,3,27081,1,False,True,True,7295,5711.0,3127.0,True
coronavirus_like,3,100,3,27274,1,True,True,True,21349,2001.0,1373.0,True
coronavirus_like,3,100,3,27540,2,False,True,True,5077,2358.0,1977.0,True
coronavirus_like,3,100,3,28146,2,False,True,True,14110,3630.0,1482.0,True
coronavirus_like,3,100,3,28385,2,False,True,True,10725,1121.0,10.0,True
coronavirus_like,3,100,3,28574,1,True,True,True,23084,226.0,154.0,True
coronavirus_like,3,100,3,29218,3,False,True,True,8671,369.0,45.0,True
coronavirus_like,3,100,3,29449,2,False,True,True,19379,4700.0,133.0,True
coronavirus_like,3,100,3,30274,1,False,True,True,20039,3383.0,3168.0,True
coronavirus_like,3,100,3,31323,1,True,True,True,10618,833.0,120.0,True
coronavirus_like,3,100,3,32260,2,False,False,False,1096,,,
coronavirus_like,3,100,3,32294,3,False,True,True,24414,2055.0,849.0,True
coronavirus_like,3,100,3,32535,2,False,True,True,9651,290.0,253.0,True
coronavirus_like,3,100,3,32548,1,False,False,False,2161,,,
coronavirus_like,3,100,3,32789,3,False,True,True,16001,1022.0,713.0,True
coronavirus_like,3,100,3,34594,1,True,True,True,16440,4035.0,452.0,True
coronavirus_like,3,100,3,35076,1,False,True,True,7491,2478.0,2005.0,True
coronavirus_like,3,100,3,35657,1,False,True,True,5896,2197.0,1249.0,True
coronavirus_like,3,100,3,35740,1,True,False,False,1087,,,
coronavirus_like,3,100,3,36611,1,False,True,True,5300,742.0,580.0,True
coronavirus_like,3,100,3,37082,1,False,True,True,14095,588.0,185.0,True
coronavirus_like,3,100,3,37522,3,False,True,True,22250,984.0,786.0,True
coronavirus_like,3,100,3,37537,1,True,True,True,23695,346.0,124.0,True
coronavirus_like,3,100,3,37627,3,False,True,True,27061,1784.0,4.0,True
coronavirus_like,3,100,3,39195,1,False,True,False,4356,,,
coronavirus_like,3,100,3,39730,1,True,True,True,26894,1992.0,1937.0,True
coronavirus_like,3,100,3,39834,3,False,True,False,29657,,,
coronavirus_like,3,100,3,39883,10,False,True,True,4738,371.0,125.0,True
coronavirus_like,3,100,3,40417,1,False,True,True,20526,2939.0,194.0,True
coronavirus_like,3,100,3,40649,1,False,True,True,14311,2012.0,147.0,True
coronavirus_like,3,100,3,41889,1,True,True,True,20872,2934.0,1148.0,True
coronavirus_like,3,100,3,42099,1,True,True,True,5224,3661.0,2929.0,True
coronavirus_like,3,100,3,43431,1,True,True,True,15706,429.0,237.0,True
coronavirus_like,3,100,3,43527,3,False,True,True,11518,706.0,513.0,True
coronavirus_like,3,100,3,43529,2,False,True,True,9833,1473.0,1367.0,True
coronavirus_like,3,100,3,43605,3,False,True,True,18688,720.0,38.0,True
coronavirus_like,3,100,3,44127,10,False,True,True,21019,317.0,219.0,True
coronavirus_like,3,100,3,44426,5,False,True,True,16511,1217.0,415.0,True
coronavirus_like,3,100,3,44908,1,True,True,True,17069,1903.0,75.0,True
coronavirus_like,3,100,3,45208,1,True,True,True,19329,598.0,473.0,True
coronavirus_like,3,100,3,45699,1,True,True,False,941,,,
coronavirus_like,3,100,3,46302,1,True,True,True,4536,1472.0,1428.0,True
coronavirus_like,3,100,3,46957,1,False,True,False,26791,,,
coronavirus_like,3,100,3,48007,2,False,True,True,20994,465.0,392.0,True
coronavirus_like,3,100,3,49299,1,False,True,True,20774,199.0,146.0,True
coronavirus_like,3,100,3,49382,2,False,True,False,1854,,,
coronavirus_like,3,100,3,49846,1,False,True,True,27205,2296.0,56.0,True
coronavirus_like,3,100,3,50318,1,True,True,True,7571,795.0,704.0,True
coronavirus_like,3,100,3,51377,2,False,True,True,7426,783.0,289.0,True
coronavirus_like,3,100,3,51394,1,True,True,True,10314,808.0,108.0,True
coronavirus_like,3,100,3,51942,7,False,True,True,7948,1246.0,631.0,True
coronavirus_like,3,100,3,53238,1,False,True,True,22961,1284.0,654.0,True
coronavirus_like,3,100,3,53590,2,False,True,False,29829,,,
coronavirus_like,3,100,3,54436,1,True,True,True,7178,850.0,221.0,True
coronavirus_like,3,100,3,54876,1,True,True,True,17393,,,
coronavirus_like,3,100,3,55096,1,False,True,False,28717,,,
coronavirus_like,3,100,3,55193,1,False,True,True,24609,810.0,290.0,True
coronavirus_like,3,100,3,55530,17,False,True,True,11472,338.0,158.0,True
coronavirus_like,3,100,3,55636,1,False,True,True,18865,1282.0,321.0,True
coronavirus_like,3,100,3,56815,1,True,True,True,26851,1719.0,132.0,True
coronavirus_like,3,100,3,57738,5,False,True,True,14948,498.0,410.0,True
coronavirus_like,3,100,3,58888,1,False,True,True,26201,990.0,155.0,True
coronavirus_like,3,100,3,58994,11,False,True,True,19959,2106.0,2061.0,True
coronavirus_like,3,100,3,59186,1,False,True,True,23136,576.0,71.0,True
coronavirus_like,3,100,3,59631,1,True,True,False,29905,,,
coronavirus_like,3,100,3,60156,1,False,True,True,14619,559.0,48.0,True
coronavirus_like,3,100,3,60955,1,False,True,False,1408,,,
coronavirus_like,3,100,3,61017,1,False,False,False,724,,,
coronavirus_like,3,100,3,61331,1,False,True,True,6561,4704.0,2978.0,True
coronavirus_like,3,100,3,61568,1,False,True,False,714,,,
coronavirus_like,3,100,3,62293,1,True,True,True,19783,413.0,40.0,True
coronavirus_like,3,100,3,62320,2,False,True,True,2088,115.0,56.0,True
coronavirus_like,3,100,3,62599,1,False,True,True,20274,906.0,199.0,True
coronavirus_like,3,100,3,63819,1,False,True,False,28478,,,
coronavirus_like,3,100,3,64100,2,False,True,True,28020,2795.0,39.0,True
coronavirus_like,3,100,3,64113,1,False,True,False,1135,,,
coronavirus_like,3,100,3,64782,12,False,True,True,21880,1063.0,32.0,True
coronavirus_like,3,100,3,66761,42,False,True,True,14810,952.0,560.0,True
coronavirus_like,3,100,3,69010,1,False,True,True,20128,807.0,692.0,True
coronavirus_like,3,100,3,69475,3,False,False,False,28890,,,
coronavirus_like,3,100,3,69492,1,True,True,True,5208,234.0,43.0,True
coronavirus_like,3,100,3,70121,2,False,False,False,908,,,
coronavirus_like,3,100,3,70569,13,False,True,True,23308,196.0,160.0,True
coronavirus_like,3,100,3,70717,1,True,True,True,21551,1128.0,469.0,True
coronavirus_like,3,100,3,71683,1,False,True,True,6408,1604.0,140.0,True
coronavirus_like,3,100,3,71936,1,False,True,False,2043,,,
coronavirus_like,3,100,3,71969,1,True,True,True,16963,487.0,274.0,True
coronavirus_like,3,100,3,72216,1,True,True,True,25925,1595.0,651.0,True
coronavirus_like,3,100,3,72437,2,False,True,True,16150,530.0,437.0,True
coronavirus_like,3,100,3,72645,9,False,True,True,5784,299.0,96.0,True
coronavirus_like,3,100,3,72927,2,False,True,True,2744,2612.0,1530.0,True
coronavirus_like,3,100,3,74743,20,False,True,True,10495,797.0,756.0,True
coronavirus_like,3,100,3,74788,7,False,True,True,21529,1140.0,1101.0,True
coronavirus_like,3,100,3,75187,1,False,True,True,2840,1990.0,812.0,True
coronavirus_like,3,100,3,75272,1,False,True,True,24634,2611.0,461.0,True
coronavirus_like,3,100,3,76167,1,False,True,True,22815,519.0,72.0,True
coronavirus_like,3,100,3,77339,1,False,True,True,15457,337.0,251.0,True
coronavirus_like,3,100,3,77445,1,True,True,True,24798,1083.0,27.0,True
coronavirus_like,3,100,3,77716,1,True,True,True,27262,892.0,207.0,True
coronavirus_like,3,100,3,77968,1,False,True,True,23762,1419.0,794.0,True
coronavirus_like,3,100,3,78011,1,True,True,True,25076,230.0,187.0,True
coronavirus_like,3,100,3,78333,1,True,True,True,8509,,,
coronavirus_like,3,100,3,78995,2,False,True,True,20047,244.0,237.0,True
coronavirus_like,3,100,3,79077,1,False,True,True,4707,883.0,2280.0,False
coronavirus_like,3,100,3,79317,1,False,True,True,12304,368.0,96.0,True
coronavirus_like,3,100,3,80937,1,True,True,True,13679,1169.0,854.0,True
coronavirus_like,3,100,3,81656,10,False,True,True,18665,237.0,191.0,True
coronavirus_like,3,100,3,82087,1,True,True,True,11035,494.0,424.0,True
coronavirus_like,3,100,3,82344,2,False,True,True,18347,1999.0,806.0,True
coronavirus_like,3,100,3,82940,1,False,True,True,20021,2233.0,1371.0,True
coronavirus_like,3,100,3,83015,1,True,True,False,28957,,,
coronavirus_like,3,100,3,83074,1,True,True,True,13631,972.0,786.0,True
coronavirus_like,3,100,3,83267,3,False,True,True,10149,304.0,92.0,True
coronavirus_like,3,100,3,83384,1,True,True,True,7747,697.0,388.0,True
coronavirus_like,3,100,3,83831,1,False,True,True,21479,80.0,17.0,True
coronavirus_like,3,100,3,83923,1,False,True,True,19655,760.0,309.0,True
coronavirus_like,3,100,3,84051,1,False,True,True,22362,511.0,451.0,True
coronavirus_like,3,100,3,84312,2,False,True,True,15254,395.0,223.0,True
coronavirus_like,3,100,3,84415,1,False,True,False,1410,,,
coronavirus_like,3,100,3,84633,1,True,True,True,5720,577.0,301.0,True
coronavirus_like,3,100,3,85056,7,False,True,True,12113,522.0,40.0,True
coronavirus_like,3,100,3,86087,1,True,True,True,7091,332.0,259.0,True
coronavirus_like,3,100,3,86242,1,False,True,True,20399,740.0,330.0,True
coronavirus_like,3,100,3,86644,1,False,False,False,9926,,,
coronavirus_like,3,100,3,86855,10,False,True,True,23051,378.0,156.0,True
coronavirus_like,3,100,3,88007,1,False,True,True,12988,1623.0,1153.0,True
coronavirus_like,3,100,3,88488,2,False,True,True,21444,979.0,159.0,True
coronavirus_like,3,100,3,89424,1,True,True,True,14334,108.0,87.0,True
coronavirus_like,3,100,3,89946,1,False,True,True,25752,410.0,265.0,True
coronavirus_like,3,100,3,90079,2,False,True,True,12858,870.0,166.0,True
coronavirus_like,3,100,3,90744,1,False,True,True,6376,1136.0,641.0,True
coronavirus_like,3,100,3,90758,1,False,True,True,10980,764.0,638.0,True
coronavirus_like,3,100,3,90853,2,False,True,True,12264,870.0,760.0,True
coronavirus_like,3,100,3,91883,1,True,True,True,13582,1610.0,1174.0,True
coronavirus_like,3,100,3,92352,1,True,True,True,14279,716.0,247.0,True
coronavirus_like,3,100,3,92806,1,False,True,False,727,,,
coronavirus_like,3,100,3,94890,8,False,True,True,23500,2425.0,554.0,True
coronavirus_like,3,100,3,94988,2,False,True,False,62,,,
coronavirus_like,3,100,3,95887,1,False,True,True,3899,817.0,567.0,True
coronavirus_like,3,100,3,96225,1,False,True,True,17924,772.0,483.0,True
coronavirus_like,3,100,3,96600,1,False,True,True,9963,840.0,771.0,True
coronavirus_like,3,100,3,96870,1,True,True,True,27678,565.0,407.0,True
coronavirus_like,3,100,3,97058,3,False,True,True,24760,1291.0,605.0,True
coronavirus_like,3,100,3,97259,2,False,True,True,26226,1240.0,749.0,True
coronavirus_like,3,100,3,97506,1,False,True,True,14879,818.0,457.0,True
coronavirus_like,3,100,3,97515,5,False,True,True,11202,895.0,759.0,True
coronavirus_like,3,100,3,97899,1,False,True,True,12107,1136.0,1061.0,True
coronavirus_like,3,100,3,98170,1,True,True,False,222,,,
coronavirus_like,3,100,3,98899,1,False,True,True,17603,1232.0,705.0,True
coronavirus_like,3,100,3,99534,3,False,True,False,470,,,
coronavirus_like,3,100,3,99939,1,True,False,False,25609,,,
coronavirus_like,3,100,3,100249,1,False,True,True,17479,1427.0,436.0,True
coronavirus_like,3,100,3,100340,1,True,True,True,5501,365.0,140.0,True
coronavirus_like,3,100,3,100341,1,True,True,True,2847,260.0,108.0,True
coronavirus_like,3,100,3,100578,4,False,True,False,29132,,,
coronavirus_like,3,100,3,100629,2,False,True,True,6161,681.0,401.0,True
coronavirus_like,3,100,3,100724,4,False,True,True,28058,1944.0,243.0,True
coronavirus_like,3,100,3,103355,2,False,True,False,636,,,
coronavirus_like,3,100,3,104022,1,False,True,True,2206,407.0,279.0,True
coronavirus_like,3,100,3,104640,1,False,True,True,4074,394.0,94.0,True
coronavirus_like,3,100,3,104832,1,True,True,True,10007,304.0,234.0,True
coronavirus_like,3,100,3,105446,4,False,True,True,16988,394.0,156.0,True
coronavirus_like,3,100,3,106221,1,False,True,True,5379,1364.0,849.0,True
coronavirus_like,3,100,3,106346,4,False,True,True,23870,735.0,220.0,True
coronavirus_like,3,100,3,106402,4,False,False,False,307,,,
coronavirus_like,3,100,3,106701,5,False,True,True,13187,1532.0,791.0,True
coronavirus_like,3,100,3,106873,8,False,True,True,25050,270.0,104.0,True
coronavirus_like,3,100,3,107643,1,True,True,True,19394,491.0,476.0,True
coronavirus_like,3,100,3,108340,1,False,True,True,2220,568.0,492.0,True
coronavirus_like,3,100,3,108535,1,True,False,False,29286,,,
coronavirus_like,3,100,3,108783,1,False,True,True,17093,258.0,238.0,True
coronavirus_like,3,100,3,109090,1,False,True,False,9050,,,
coronavirus_like,3,100,3,109147,1,False,True,True,15152,1180.0,679.0,True
coronavirus_like,3,100,3,109688,1,True,True,True,2033,340.0,302.0,True
coronavirus_like,3,100,3,112751,3,False,True,True,28451,1127.0,154.0,True
coronavirus_like,3,100,3,113780,1,True,True,True,8731,999.0,740.0,True
coronavirus_like,3,100,3,114072,2,False,True,True,28640,268.0,268.0,True
coronavirus_like,3,100,3,115074,1,True,True,True,16490,244.0,77.0,True
coronavirus_like,3,100,3,115247,14,False,True,True,27826,2450.0,810.0,True
coronavirus_like,3,100,3,115448,1,True,True,False,598,,,
coronavirus_like,3,100,3,116526,15,False,True,True,10282,1025.0,617.0,True
coronavirus_like,3,100,3,116840,1,True,True,True,12348,260.0,97.0,True
coronavirus_like,3,100,3,119602,1,False,True,True,16279,768.0,470.0,True
coronavirus_like,3,100,3,120352,1,False,True,True,6042,927.0,845.0,True
coronavirus_like,3,100,3,120538,1,False,True,True,1743,1758.0,1212.0,True
coronavirus_like,3,100,3,120961,1,True,True,True,11141,551.0,489.0,True
coronavirus_like,3,100,3,121189,1,False,True,True,26926,507.0,49.0,True
coronavirus_like,3,100,3,122327,1,True,True,False,14463,,,
coronavirus_like,3,100,3,122655,2,False,True,True,12111,542.0,145.0,True
coronavirus_like,3,100,3,122810,1,False,True,True,12709,633.0,78.0,True
coronavirus_like,3,100,3,123011,2,False,True,True,24647,772.0,715.0,True
coronavirus_like,3,100,3,124225,1,True,True,True,10478,894.0,321.0,True
coronavirus_like,3,100,3,124644,1,True,True,True,12884,299.0,203.0,True
coronavirus_like,3,100,3,124856,1,True,True,True,4872,273.0,144.0,True
coronavirus_like,3,100,3,124887,5,False,True,True,2110,782.0,528.0,True
coronavirus_like,3,100,3,125542,1,False,True,False,349,,,
coronavirus_like,3,100,3,125858,1,True,True,True,22936,1119.0,531.0,True
coronavirus_like,3,100,3,126124,2,False,True,True,27063,897.0,71.0,True
coronavirus_like,3,100,3,126533,1,True,True,True,23345,183.0,122.0,True
coronavirus_like,3,100,3,126597,3,False,True,True,21716,340.0,253.0,True
coronavirus_like,3,100,3,127075,1,True,True,True,3002,803.0,496.0,True
coronavirus_like,3,100,3,128312,2,False,True,True,19315,120.0,43.0,True
coronavirus_like,3,100,3,128548,2,False,True,True,930,702.0,543.0,True
coronavirus_like,3,100,3,128605,1,False,True,True,8306,336.0,65.0,True
coronavirus_like,3,100,3,129837,1,False,True,True,10800,677.0,659.0,True
coronavirus_like,3,100,3,130105,1,True,True,True,12044,71.0,59.0,True
coronavirus_like,3,100,3,130416,12,False,True,True,5556,662.0,535.0,True
coronavirus_like,3,100,3,131968,3,False,True,True,25332,183.0,115.0,True
coronavirus_like,3,100,3,132378,5,False,True,False,10924,,,
coronavirus_like,3,100,3,132510,3,False,True,True,9975,789.0,461.0,True
coronavirus_like,3,100,3,134217,6,False,True,True,17846,767.0,66.0,True
coronavirus_like,3,100,3,134365,1,False,True,True,21110,306.0,17.0,True
coronavirus_like,3,100,3,135017,1,True,True,True,4259,838.0,92.0,True
coronavirus_like,3,100,3,136513,1,False,True,True,8895,278.0,260.0,True
coronavirus_like,3,100,3,136836,1,True,True,True,21467,962.0,623.0,True
coronavirus_like,3,100,3,137239,1,False,True,True,19662,352.0,161.0,True
coronavirus_like,3,100,3,138232,1,True,True,True,1986,1505.0,1375.0,True
coronavirus_like,3,100,3,138331,1,False,True,True,27775,797.0,704.0,True
coronavirus_like,3,100,3,138441,7,False,True,True,16239,2078.0,996.0,True
coronavirus_like,3,100,3,139039,1,False,True,True,13291,747.0,250.0,True
coronavirus_like,3,100,3,139178,1,False,True,True,6243,470.0,308.0,True
coronavirus_like,3,100,3,140270,2,False,True,True,6555,325.0,43.0,True
coronavirus_like,3,100,3,141324,1,True,True,True,11617,665.0,114.0,True
coronavirus_like,3,100,3,141793,1,True,True,True,5650,232.0,230.0,True
coronavirus_like,3,100,3,142277,1,True,True,True,15714,319.0,229.0,True
coronavirus_like,3,100,3,142475,1,False,True,True,23290,1041.0,99.0,True
coronavirus_like,3,100,3,143419,1,False,True,True,349,42.0,2.0,True
coronavirus_like,3,100,3,143582,2,False,True,True,28174,442.0,305.0,True
coronavirus_like,3,100,3,143601,7,False,True,True,5171,225.0,104.0,True
coronavirus_like,3,100,3,143653,1,False,True,True,24673,245.0,231.0,True
coronavirus_like,3,100,3,144262,1,False,True,True,5717,,,
coronavirus_like,3,100,3,144390,2,False,True,True,19442,1080.0,842.0,True
coronavirus_like,3,100,3,144830,6,False,True,True,17843,837.0,543.0,True
coronavirus_like,3,100,3,145094,5,False,True,True,19360,268.0,112.0,True
coronavirus_like,3,100,3,145547,1,True,True,True,18911,281.0,181.0,True
coronavirus_like,3,100,3,146287,1,True,True,True,6408,591.0,143.0,True
coronavirus_like,3,100,3,146541,2,False,True,True,12561,803.0,746.0,True
coronavirus_like,3,100,3,146576,3,False,True,True,18562,501.0,495.0,True
coronavirus_like,3,100,3,146845,1,False,True,True,13206,2395.0,89.0,True
coronavirus_like,3,100,3,148128,1,False,True,True,13424,356.0,20.0,True
coronavirus_like,3,100,3,148626,3,False,True,True,21968,335.0,271.0,True
coronavirus_like,3,100,3,148838,31,False,True,True,25850,595.0,386.0,True
coronavirus_like,3,100,3,149548,4,False,True,True,7985,826.0,825.0,True
coronavirus_like,3,100,3,150821,1,True,True,True,15424,695.0,512.0,True
coronavirus_like,3,100,3,151779,1,False,True,True,28125,52.0,19.0,True
coronavirus_like,3,100,3,152117,1,False,True,True,20790,691.0,602.0,True
coronavirus_like,3,100,3,154005,1,False,True,True,17333,507.0,457.0,True
coronavirus_like,3,100,3,154850,1,True,True,False,9784,,,
coronavirus_like,3,100,3,155963,1,True,True,True,28566,3284.0,485.0,True
coronavirus_like,3,100,3,157460,1,True,True,False,114,,,
coronavirus_like,3,100,3,157822,1,True,True,False,1759,,,
coronavirus_like,3,100,3,157879,1,False,True,True,15017,225.0,68.0,True
coronavirus_like,3,100,3,158468,3,False,True,True,14804,102.0,55.0,True
coronavirus_like,3,100,3,158821,7,False,True,True,13144,435.0,317.0,True
coronavirus_like,3,100,3,160282,1,True,True,True,19693,367.0,226.0,True
coronavirus_like,3,100,3,161188,1,False,True,False,362,,,
coronavirus_like,3,100,3,161332,1,True,True,True,20904,914.0,603.0,True
coronavirus_like,3,100,3,161488,1,True,True,False,278,,,
coronavirus_like,3,100,3,163527,1,True,True,True,23264,553.0,203.0,True
coronavirus_like,3,100,3,164643,1,True,True,True,16394,802.0,414.0,True
coronavirus_like,3,100,3,164696,9,False,True,True,14832,732.0,318.0,True
coronavirus_like,3,100,3,164846,1,True,True,True,27308,2308.0,222.0,True
coronavirus_like,3,100,3,165181,2,False,True,True,14390,338.0,159.0,True
coronavirus_like,3,100,3,165536,1,True,True,True,6385,341.0,102.0,True
coronavirus_like,3,100,3,165943,8,False,True,True,18228,1144.0,338.0,True
coronavirus_like,3,100,3,166314,1,False,True,True,23466,,,
coronavirus_like,3,100,3,166409,1,True,True,True,2040,1441.0,895.0,True
coronavirus_like,3,100,3,166831,1,False,True,True,262,1083.0,16022.0,False
coronavirus_like,3,100,3,166899,1,False,True,True,6179,701.0,614.0,True
coronavirus_like,3,100,3,166946,1,False,True,True,15186,2354.0,2007.0,True
coronavirus_like,3,100,3,167062,3,False,True,True,18348,1076.0,346.0,True
coronavirus_like,3,100,3,167133,1,False,False,False,29806,,,
coronavirus_like,3,100,3,167172,1,False,True,True,9945,4628.0,445.0,True
coronavirus_like,3,100,3,167848,1,False,True,True,7880,115.0,15.0,True
coronavirus_like,3,100,3,168379,1,False,True,True,1153,479.0,324.0,True
coronavirus_like,3,100,3,168804,1,True,True,True,23932,253.0,58.0,True
coronavirus_like,3,100,3,169297,2,False,True,True,8089,443.0,46.0,True
coronavirus_like,3,100,3,170077,1,True,True,True,3024,63.0,13.0,True
coronavirus_like,3,100,3,171211,1,True,True,True,14763,115.0,109.0,True
coronavirus_like,3,100,3,171727,1,False,True,True,27528,203.0,153.0,True
coronavirus_like,3,100,3,173201,1,False,True,True,16636,802.0,172.0,True
coronavirus_like,3,100,3,173392,1,True,True,True,19861,784.0,404.0,True
coronavirus_like,3,100,3,173702,1,True,False,False,29642,,,
coronavirus_like,3,100,3,174027,1,True,True,True,13890,499.0,88.0,True
coronavirus_like,3,100,3,174209,1,False,True,True,690,187.0,103.0,True
coronavirus_like,3,100,3,174876,1,True,True,True,29125,447.0,231.0,True
coronavirus_like,3,100,3,175409,1,True,True,True,11619,803.0,412.0,True
coronavirus_like,3,100,3,175880,1,True,True,True,8319,387.0,52.0,True
coronavirus_like,3,100,3,175951,1,False,True,True,25081,553.0,96.0,True
coronavirus_like,3,100,3,176165,1,True,True,True,12065,256.0,223.0,True
coronavirus_like,3,100,3,176450,1,True,True,True,1733,472.0,122.0,True
coronavirus_like,3,100,3,176460,1,False,True,True,19485,569.0,348.0,True
coronavirus_like,3,100,3,177387,1,True,True,True,14712,528.0,234.0,True
coronavirus_like,3,100,3,177507,1,True,True,True,16932,394.0,212.0,True
coronavirus_like,3,100,3,177564,1,False,True,True,24843,800.0,327.0,True
coronavirus_like,3,100,3,178602,2,False,True,True,23079,142.0,40.0,True
coronavirus_like,3,100,3,179153,2,False,True,True,11442,248.0,17.0,True
coronavirus_like,3,100,3,179206,2,False,True,True,5704,915.0,184.0,True
coronavirus_like,3,100,3,179419,2,False,True,True,6945,322.0,72.0,True
coronavirus_like,3,100,3,179728,1,False,True,True,24137,178.0,55.0,True
coronavirus_like,3,100,3,181564,1,False,True,True,13238,562.0,57.0,True
coronavirus_like,3,100,3,182142,1,True,True,True,26529,143.0,82.0,True
coronavirus_like,3,100,3,182164,1,False,True,True,27958,262.0,193.0,True
coronavirus_like,3,100,3,182324,1,True,False,False,4170,,,
coronavirus_like,3,100,3,182358,1,True,True,False,29420,,,
coronavirus_like,3,100,4,57,1,True,False,False,23864,,,
coronavirus_like,3,100,4,81,1,True,False,False,19771,,,
coronavirus_like,3,100,4,85,1,True,False,False,29919,,,
coronavirus_like,3,100,4,560,1,True,True,False,18834,,,
coronavirus_like,3,100,4,636,2,False,True,False,14313,,,
coronavirus_like,3,100,4,652,2,False,True,False,23361,,,
coronavirus_like,3,100,4,1041,1,False,True,False,6439,,,
coronavirus_like,3,100,4,1102,1,False,True,False,6588,,,
coronavirus_like,3,100,4,1732,9,False,False,False,828,,,
coronavirus_like,3,100,4,1800,1,True,True,True,18193,1223.0,883.0,True
coronavirus_like,3,100,4,1883,2,False,True,False,14929,,,
coronavirus_like,3,100,4,2185,1,True,True,False,1647,,,
coronavirus_like,3,100,4,2468,2,False,False,False,25664,,,
coronavirus_like,3,100,4,3899,1,True,True,False,25082,,,
coronavirus_like,3,100,4,3958,1,False,False,False,2964,,,
coronavirus_like,3,100,4,4597,2,False,False,False,651,,,
coronavirus_like,3,100,4,4900,2,False,True,False,9380,,,
coronavirus_like,3,100,4,7457,1,False,True,True,19902,7059.0,1490.0,True
coronavirus_like,3,100,4,7761,1,False,True,False,9503,,,
coronavirus_like,3,100,4,9002,1,False,True,False,10685,,,
coronavirus_like,3,100,4,9850,2,False,False,False,25624,,,
coronavirus_like,3,100,4,9934,1,False,True,True,13680,4668.0,3776.0,True
coronavirus_like,3,100,4,10247,1,False,True,True,17000,5887.0,2203.0,True
coronavirus_like,3,100,4,11551,4,False,False,False,316,,,
coronavirus_like,3,100,4,11939,1,False,True,True,16318,7598.0,1368.0,True
coronavirus_like,3,100,4,12171,26,False,True,True,14158,1142.0,300.0,True
coronavirus_like,3,100,4,12282,1,False,True,True,15906,4112.0,994.0,True
coronavirus_like,3,100,4,12455,1,False,True,False,4744,,,
coronavirus_like,3,100,4,12809,1,False,True,True,8067,5327.0,4720.0,True
coronavirus_like,3,100,4,13264,6,False,True,False,28630,,,
coronavirus_like,3,100,4,13876,1,False,True,False,6008,,,
coronavirus_like,3,100,4,14177,2,False,True,True,20575,1434.0,63.0,True
coronavirus_like,3,100,4,14882,1,True,True,True,25791,7915.0,1328.0,True
coronavirus_like,3,100,4,15371,1,True,True,False,24781,,,
coronavirus_like,3,100,4,15847,15,False,True,False,19968,,,
coronavirus_like,3,100,4,17237,1,False,True,False,7822,,,
coronavirus_like,3,100,4,18283,2,False,True,False,28690,,,
coronavirus_like,3,100,4,18801,1,False,True,False,26838,,,
coronavirus_like,3,100,4,19087,1,True,False,False,4507,,,
coronavirus_like,3,100,4,19221,3,False,True,True,5492,3167.0,2950.0,True
coronavirus_like,3,100,4,19804,1,True,True,True,17149,2564.0,2054.0,True
coronavirus_like,3,100,4,20100,8,False,True,False,16699,,,
coronavirus_like,3,100,4,21116,1,True,True,True,5806,5028.0,3807.0,True
coronavirus_like,3,100,4,21315,1,False,True,True,20030,1419.0,593.0,True
coronavirus_like,3,100,4,21568,2,False,True,True,17082,1363.0,82.0,True
coronavirus_like,3,100,4,21895,1,False,True,True,25158,2961.0,105.0,True
coronavirus_like,3,100,4,21967,1,False,True,True,14340,6908.0,2182.0,True
coronavirus_like,3,100,4,22340,13,False,True,True,24405,3662.0,178.0,True
coronavirus_like,3,100,4,22380,1,False,True,True,20124,2188.0,1268.0,True
coronavirus_like,3,100,4,22488,1,True,False,False,728,,,
coronavirus_like,3,100,4,22524,3,False,True,True,23405,909.0,428.0,True
coronavirus_like,3,100,4,22786,1,True,True,False,2165,,,
coronavirus_like,3,100,4,24447,2,False,True,True,14644,2093.0,1908.0,True
coronavirus_like,3,100,4,25016,1,False,True,True,19973,896.0,747.0,True
coronavirus_like,3,100,4,26333,2,False,True,True,7518,2577.0,1991.0,True
coronavirus_like,3,100,4,26721,1,False,True,True,12591,3366.0,1336.0,True
coronavirus_like,3,100,4,27081,1,False,True,True,7295,5711.0,3127.0,True
coronavirus_like,3,100,4,27274,1,True,True,True,21349,2001.0,1373.0,True
coronavirus_like,3,100,4,27540,2,False,True,True,5077,2358.0,1977.0,True
coronavirus_like,3,100,4,28146,2,False,True,True,14110,3630.0,1482.0,True
coronavirus_like,3,100,4,28385,2,False,True,True,10725,1121.0,10.0,True
coronavirus_like,3,100,4,28574,1,True,True,True,23084,226.0,154.0,True
coronavirus_like,3,100,4,29218,3,False,True,True,8671,369.0,45.0,True
coronavirus_like,3,100,4,29449,2,False,True,True,19379,4700.0,133.0,True
coronavirus_like,3,100,4,30274,1,False,True,True,20039,3383.0,3168.0,True
coronavirus_like,3,100,4,31323,1,True,True,True,10618,833.0,120.0,True
coronavirus_like,3,100,4,32260,2,False,False,False,1096,,,
coronavirus_like,3,100,4,32294,3,False,True,True,24414,2055.0,849.0,True
coronavirus_like,3,100,4,32535,2,False,True,True,9651,290.0,253.0,True
coronavirus_like,3,100,4,32548,1,False,False,False,2161,,,
coronavirus_like,3,100,4,32789,3,False,True,True,16001,1022.0,713.0,True
coronavirus_like,3,100,4,34594,1,True,True,True,16440,4035.0,452.0,True
coronavirus_like,3,100,4,35076,1,False,True,True,7491,2478.0,2005.0,True
coronavirus_like,3,100,4,35657,1,False,True,True,5896,2197.0,1249.0,True
coronavirus_like,3,100,4,35740,1,True,False,False,1087,,,
coronavirus_like,3,100,4,36611,1,False,True,True,5300,742.0,580.0,True
coronavirus_like,3,100,4,37082,1,False,True,True,14095,588.0,185.0,True
coronavirus_like,3,100,4,37522,3,False,True,True,22250,984.0,786.0,True
coronavirus_like,3,100,4,37537,1,True,True,True,23695,346.0,124.0,True
coronavirus_like,3,100,4,37627,3,False,True,False,27061,,,
coronavirus_like,3,100,4,39195,1,False,True,False,4356,,,
coronavirus_like,3,100,4,39730,1,True,True,False,26894,,,
coronavirus_like,3,100,4,39834,3,False,True,False,29657,,,
coronavirus_like,3,100,4,39883,10,False,True,True,4738,371.0,125.0,True
coronavirus_like,3,100,4,40417,1,False,True,True,20526,2939.0,194.0,True
coronavirus_like,3,100,4,40649,1,False,True,True,14311,2012.0,147.0,True
coronavirus_like,3,100,4,41889,1,True,True,True,20872,2934.0,1148.0,True
coronavirus_like,3,100,4,42099,1,True,True,True,5224,3661.0,2929.0,True
coronavirus_like,3,100,4,43431,1,True,True,True,15706,429.0,237.0,True
coronavirus_like,3,100,4,43527,3,False,True,True,11518,706.0,513.0,True
coronavirus_like,3,100,4,43529,2,False,True,True,9833,1473.0,1367.0,True
coronavirus_like,3,100,4,43605,3,False,True,True,18688,720.0,38.0,True
coronavirus_like,3,100,4,44127,10,False,True,True,21019,317.0,219.0,True
coronavirus_like,3,100,4,44426,5,False,True,True,16511,1217.0,415.0,True
coronavirus_like,3,100,4,44908,1,True,True,True,17069,1903.0,75.0,True
coronavirus_like,3,100,4,45208,1,True,True,True,19329,598.0,473.0,True
coronavirus_like,3,100,4,45699,1,True,True,False,941,,,
coronavirus_like,3,100,4,46302,1,True,True,True,4536,1472.0,1428.0,True
coronavirus_like,3,100,4,46957,1,False,True,False,26791,,,
coronavirus_like,3,100,4,48007,2,False,True,True,20994,465.0,392.0,True
coronavirus_like,3,100,4,49299,1,False,True,True,20774,199.0,146.0,True
coronavirus_like,3,100,4,49382,2,False,True,False,1854,,,
coronavirus_like,3,100,4,49846,1,False,True,True,27205,2296.0,56.0,True
coronavirus_like,3,100,4,50318,1,True,True,True,7571,795.0,704.0,True
coronavirus_like,3,100,4,51377,2,False,True,True,7426,783.0,289.0,True
coronavirus_like,3,100,4,51394,1,True,True,True,10314,808.0,108.0,True
coronavirus_like,3,100,4,51942,7,False,True,True,7948,1246.0,631.0,True
coronavirus_like,3,100,4,53238,1,False,True,True,22961,1284.0,654.0,True
coronavirus_like,3,100,4,53590,2,False,True,False,29829,,,
coronavirus_like,3,100,4,54436,1,True,True,True,7178,850.0,221.0,True
coronavirus_like,3,100,4,54876,1,True,True,True,17393,,,
coronavirus_like,3,100,4,55096,1,False,True,False,28717,,,
coronavirus_like,3,100,4,55193,1,False,True,True,24609,810.0,290.0,True
coronavirus_like,3,100,4,55530,17,False,True,True,11472,338.0,158.0,True
coronavirus_like,3,100,4,55636,1,False,True,True,18865,1282.0,321.0,True
coronavirus_like,3,100,4,56815,1,True,True,True,26851,1719.0,132.0,True
coronavirus_like,3,100,4,57738,5,False,True,True,14948,498.0,410.0,True
coronavirus_like,3,100,4,58888,1,False,True,True,26201,990.0,155.0,True
coronavirus_like,3,100,4,58994,11,False,True,True,19959,2106.0,2061.0,True
coronavirus_like,3,100,4,59186,1,False,True,True,23136,576.0,71.0,True
coronavirus_like,3,100,4,59631,1,True,True,False,29905,,,
coronavirus_like,3,100,4,60156,1,False,True,True,14619,559.0,48.0,True
coronavirus_like,3,100,4,60955,1,False,True,False,1408,,,
coronavirus_like,3,100,4,61017,1,False,False,False,724,,,
coronavirus_like,3,100,4,61331,1,False,True,True,6561,4704.0,2978.0,True
coronavirus_like,3,100,4,61568,1,False,True,False,714,,,
coronavirus_like,3,100,4,62293,1,True,True,True,19783,413.0,40.0,True
coronavirus_like,3,100,4,62320,2,False,True,True,2088,115.0,56.0,True
coronavirus_like,3,100,4,62599,1,False,True,True,20274,906.0,199.0,True
coronavirus_like,3,100,4,63819,1,False,True,False,28478,,,
coronavirus_like,3,100,4,64100,2,False,True,True,28020,2795.0,39.0,True
coronavirus_like,3,100,4,64113,1,False,True,False,1135,,,
coronavirus_like,3,100,4,64782,12,False,True,True,21880,1063.0,32.0,True
coronavirus_like,3,100,4,66761,42,False,True,True,14810,952.0,560.0,True
coronavirus_like,3,100,4,69010,1,False,True,True,20128,807.0,692.0,True
coronavirus_like,3,100,4,69475,3,False,False,False,28890,,,
coronavirus_like,3,100,4,69492,1,True,True,True,5208,234.0,43.0,True
coronavirus_like,3,100,4,70121,2,False,False,False,908,,,
coronavirus_like,3,100,4,70569,13,False,True,True,23308,196.0,160.0,True
coronavirus_like,3,100,4,70717,1,True,True,True,21551,1128.0,469.0,True
coronavirus_like,3,100,4,71683,1,False,True,True,6408,1604.0,140.0,True
coronavirus_like,3,100,4,71936,1,False,True,False,2043,,,
coronavirus_like,3,100,4,71969,1,True,True,True,16963,487.0,274.0,True
coronavirus_like,3,100,4,72216,1,True,True,True,25925,1595.0,651.0,True
coronavirus_like,3,100,4,72437,2,False,True,True,16150,530.0,437.0,True
coronavirus_like,3,100,4,72645,9,False,True,True,5784,299.0,96.0,True
coronavirus_like,3,100,4,72927,2,False,True,True,2744,2612.0,1530.0,True
coronavirus_like,3,100,4,74743,20,False,True,True,10495,797.0,756.0,True
coronavirus_like,3,100,4,74788,7,False,True,True,21529,1140.0,1101.0,True
coronavirus_like,3,100,4,75187,1,False,True,True,2840,1990.0,812.0,True
coronavirus_like,3,100,4,75272,1,False,True,True,24634,2611.0,461.0,True
coronavirus_like,3,100,4,76167,1,False,True,True,22815,519.0,72.0,True
coronavirus_like,3,100,4,77339,1,False,True,True,15457,337.0,251.0,True
coronavirus_like,3,100,4,77445,1,True,True,True,24798,1083.0,27.0,True
coronavirus_like,3,100,4,77716,1,True,True,True,27262,892.0,207.0,True
coronavirus_like,3,100,4,77968,1,False,True,True,23762,1419.0,794.0,True
coronavirus_like,3,100,4,78011,1,True,True,True,25076,230.0,187.0,True
coronavirus_like,3,100,4,78333,1,True,True,True,8509,,,
coronavirus_like,3,100,4,78995,2,False,True,True,20047,244.0,237.0,True
coronavirus_like,3,100,4,79077,1,False,True,True,4707,883.0,2280.0,False
coronavirus_like,3,100,4,79317,1,False,True,True,12304,368.0,96.0,True
coronavirus_like,3,100,4,80937,1,True,True,True,13679,1169.0,854.0,True
coronavirus_like,3,100,4,81656,10,False,True,True,18665,237.0,191.0,True
coronavirus_like,3,100,4,82087,1,True,True,True,11035,494.0,424.0,True
coronavirus_like,3,100,4,82344,2,False,True,True,18347,1999.0,806.0,True
coronavirus_like,3,100,4,82940,1,False,True,True,20021,2233.0,1371.0,True
coronavirus_like,3,100,4,83015,1,True,True,False,28957,,,
coronavirus_like,3,100,4,83074,1,True,True,True,13631,972.0,786.0,True
coronavirus_like,3,100,4,83267,3,False,True,True,10149,304.0,92.0,True
coronavirus_like,3,100,4,83384,1,True,True,True,7747,697.0,388.0,True
coronavirus_like,3,100,4,83831,1,False,True,True,21479,80.0,17.0,True
coronavirus_like,3,100,4,83923,1,False,True,True,19655,760.0,309.0,True
coronavirus_like,3,100,4,84051,1,False,True,True,22362,511.0,451.0,True
coronavirus_like,3,100,4,84312,2,False,True,True,15254,395.0,223.0,True
coronavirus_like,3,100,4,84415,1,False,True,False,1410,,,
coronavirus_like,3,100,4,84633,1,True,True,True,5720,577.0,301.0,True
coronavirus_like,3,100,4,85056,7,False,True,True,12113,522.0,40.0,True
coronavirus_like,3,100,4,86087,1,True,True,True,7091,332.0,259.0,True
coronavirus_like,3,100,4,86242,1,False,True,True,20399,740.0,330.0,True
coronavirus_like,3,100,4,86644,1,False,False,False,9926,,,
coronavirus_like,3,100,4,86855,10,False,True,True,23051,378.0,156.0,True
coronavirus_like,3,100,4,88007,1,False,True,True,12988,1623.0,1153.0,True
coronavirus_like,3,100,4,88488,2,False,True,True,21444,979.0,159.0,True
coronavirus_like,3,100,4,89424,1,True,True,True,14334,108.0,87.0,True
coronavirus_like,3,100,4,89946,1,False,True,True,25752,410.0,265.0,True
coronavirus_like,3,100,4,90079,2,False,True,True,12858,870.0,166.0,True
coronavirus_like,3,100,4,90744,1,False,True,True,6376,1136.0,641.0,True
coronavirus_like,3,100,4,90758,1,False,True,True,10980,764.0,638.0,True
coronavirus_like,3,100,4,90853,2,False,True,True,12264,870.0,760.0,True
coronavirus_like,3,100,4,91883,1,True,True,True,13582,1610.0,1174.0,True
coronavirus_like,3,100,4,92352,1,True,True,True,14279,716.0,247.0,True
coronavirus_like,3,100,4,92806,1,False,True,False,727,,,
coronavirus_like,3,100,4,94890,8,False,True,True,23500,2425.0,554.0,True
coronavirus_like,3,100,4,94988,2,False,True,False,62,,,
coronavirus_like,3,100,4,95887,1,False,True,True,3899,817.0,567.0,True
coronavirus_like,3,100,4,96225,1,False,True,True,17924,772.0,483.0,True
coronavirus_like,3,100,4,96600,1,False,True,True,9963,840.0,771.0,True
coronavirus_like,3,100,4,96870,1,True,True,True,27678,565.0,407.0,True
coronavirus_like,3,100,4,97058,3,False,True,True,24760,1291.0,605.0,True
coronavirus_like,3,100,4,97259,2,False,True,True,26226,1240.0,749.0,True
coronavirus_like,3,100,4,97506,1,False,True,True,14879,818.0,457.0,True
coronavirus_like,3,100,4,97515,5,False,True,True,11202,895.0,759.0,True
coronavirus_like,3,100,4,97899,1,False,True,True,12107,1136.0,1061.0,True
coronavirus_like,3,100,4,98170,1,True,True,False,222,,,
coronavirus_like,3,100,4,98899,1,False,True,True,17603,1232.0,705.0,True
coronavirus_like,3,100,4,99534,3,False,True,False,470,,,
coronavirus_like,3,100,4,99939,1,True,False,False,25609,,,
coronavirus_like,3,100,4,100249,1,False,True,True,17479,1427.0,436.0,True
coronavirus_like,3,100,4,100340,1,True,True,True,5501,365.0,140.0,True
coronavirus_like,3,100,4,100341,1,True,True,True,2847,260.0,108.0,True
coronavirus_like,3,100,4,100578,4,False,True,False,29132,,,
coronavirus_like,3,100,4,100629,2,False,True,True,6161,681.0,401.0,True
coronavirus_like,3,100,4,100724,4,False,True,True,28058,1944.0,243.0,True
coronavirus_like,3,100,4,103355,2,False,True,False,636,,,
coronavirus_like,3,100,4,104022,1,False,True,True,2206,407.0,279.0,True
coronavirus_like,3,100,4,104640,1,False,True,True,4074,394.0,94.0,True
coronavirus_like,3,100,4,104832,1,True,True,True,10007,304.0,234.0,True
coronavirus_like,3,100,4,105446,4,False,True,True,16988,394.0,156.0,True
coronavirus_like,3,100,4,106221,1,False,True,True,5379,1364.0,849.0,True
coronavirus_like,3,100,4,106346,4,False,True,True,23870,735.0,220.0,True
coronavirus_like,3,100,4,106402,4,False,False,False,307,,,
coronavirus_like,3,100,4,106701,5,False,True,True,13187,1532.0,791.0,True
coronavirus_like,3,100,4,106873,8,False,True,True,25050,270.0,104.0,True
coronavirus_like,3,100,4,107643,1,True,True,True,19394,491.0,476.0,True
coronavirus_like,3,100,4,108340,1,False,True,True,2220,568.0,492.0,True
coronavirus_like,3,100,4,108535,1,True,False,False,29286,,,
coronavirus_like,3,100,4,108783,1,False,True,True,17093,258.0,238.0,True
coronavirus_like,3,100,4,109090,1,False,True,False,9050,,,
coronavirus_like,3,100,4,109147,1,False,True,True,15152,1180.0,679.0,True
coronavirus_like,3,100,4,109688,1,True,True,True,2033,340.0,302.0,True
coronavirus_like,3,100,4,112751,3,False,True,True,28451,1127.0,154.0,True
coronavirus_like,3,100,4,113780,1,True,True,True,8731,999.0,740.0,True
coronavirus_like,3,100,4,114072,2,False,True,True,28640,268.0,268.0,True
coronavirus_like,3,100,4,115074,1,True,True,True,16490,244.0,77.0,True
coronavirus_like,3,100,4,115247,14,False,True,False,27826,,,
coronavirus_like,3,100,4,115448,1,True,True,False,598,,,
coronavirus_like,3,100,4,116526,15,False,True,True,10282,1025.0,617.0,True
coronavirus_like,3,100,4,116840,1,True,True,True,12348,260.0,97.0,True
coronavirus_like,3,100,4,119602,1,False,True,True,16279,768.0,470.0,True
coronavirus_like,3,100,4,120352,1,False,True,True,6042,927.0,845.0,True
coronavirus_like,3,100,4,120538,1,False,True,True,1743,1758.0,1212.0,True
coronavirus_like,3,100,4,120961,1,True,True,True,11141,551.0,489.0,True
coronavirus_like,3,100,4,121189,1,False,True,True,26926,507.0,49.0,True
coronavirus_like,3,100,4,122327,1,True,True,False,14463,,,
coronavirus_like,3,100,4,122655,2,False,True,True,12111,542.0,145.0,True
coronavirus_like,3,100,4,122810,1,False,True,True,12709,633.0,78.0,True
coronavirus_like,3,100,4,123011,2,False,True,True,24647,772.0,715.0,True
coronavirus_like,3,100,4,124225,1,True,True,True,10478,894.0,321.0,True
coronavirus_like,3,100,4,124644,1,True,True,True,12884,299.0,203.0,True
coronavirus_like,3,100,4,124856,1,True,True,True,4872,273.0,144.0,True
coronavirus_like,3,100,4,124887,5,False,True,True,2110,782.0,528.0,True
coronavirus_like,3,100,4,125542,1,False,True,False,349,,,
coronavirus_like,3,100,4,125858,1,True,True,True,22936,1119.0,531.0,True
coronavirus_like,3,100,4,126124,2,False,True,True,27063,897.0,71.0,True
coronavirus_like,3,100,4,126533,1,True,True,True,23345,183.0,122.0,True
coronavirus_like,3,100,4,126597,3,False,True,True,21716,340.0,253.0,True
coronavirus_like,3,100,4,127075,1,True,True,True,3002,803.0,496.0,True
coronavirus_like,3,100,4,128312,2,False,True,True,19315,120.0,43.0,True
coronavirus_like,3,100,4,128548,2,False,True,True,930,702.0,543.0,True
coronavirus_like,3,100,4,128605,1,False,True,True,8306,336.0,65.0,True
coronavirus_like,3,100,4,129837,1,False,True,True,10800,677.0,659.0,True
coronavirus_like,3,100,4,130105,1,True,True,True,12044,71.0,59.0,True
coronavirus_like,3,100,4,130416,12,False,True,True,5556,662.0,535.0,True
coronavirus_like,3,100,4,131968,3,False,True,True,25332,183.0,115.0,True
coronavirus_like,3,100,4,132378,5,False,True,False,10924,,,
coronavirus_like,3,100,4,132510,3,False,True,True,9975,789.0,461.0,True
coronavirus_like,3,100,4,134217,6,False,True,True,17846,767.0,66.0,True
coronavirus_like,3,100,4,134365,1,False,True,True,21110,306.0,17.0,True
coronavirus_like,3,100,4,135017,1,True,True,True,4259,838.0,92.0,True
coronavirus_like,3,100,4,136513,1,False,True,True,8895,278.0,260.0,True
coronavirus_like,3,100,4,136836,1,True,True,True,21467,962.0,623.0,True
coronavirus_like,3,100,4,137239,1,False,True,True,19662,352.0,161.0,True
coronavirus_like,3,100,4,138232,1,True,True,True,1986,1505.0,1375.0,True
coronavirus_like,3,100,4,138331,1,False,True,False,27775,,,
coronavirus_like,3,100,4,138441,7,False,True,True,16239,2078.0,996.0,True
coronavirus_like,3,100,4,139039,1,False,True,True,13291,747.0,250.0,True
coronavirus_like,3,100,4,139178,1,False,True,True,6243,470.0,308.0,True
coronavirus_like,3,100,4,140270,2,False,True,True,6555,325.0,43.0,True
coronavirus_like,3,100,4,141324,1,True,True,True,11617,665.0,114.0,True
coronavirus_like,3,100,4,141793,1,True,True,True,5650,232.0,230.0,True
coronavirus_like,3,100,4,142277,1,True,True,True,15714,319.0,229.0,True
coronavirus_like,3,100,4,142475,1,False,True,True,23290,1041.0,99.0,True
coronavirus_like,3,100,4,143419,1,False,True,False,349,,,
coronavirus_like,3,100,4,143582,2,False,True,True,28174,442.0,305.0,True
coronavirus_like,3,100,4,143601,7,False,True,True,5171,225.0,104.0,True
coronavirus_like,3,100,4,143653,1,False,True,True,24673,245.0,231.0,True
coronavirus_like,3,100,4,144262,1,False,True,True,5717,,,
coronavirus_like,3,100,4,144390,2,False,True,True,19442,1080.0,842.0,True
coronavirus_like,3,100,4,144830,6,False,True,True,17843,837.0,543.0,True
coronavirus_like,3,100,4,145094,5,False,True,True,19360,268.0,112.0,True
coronavirus_like,3,100,4,145547,1,True,True,True,18911,281.0,181.0,True
coronavirus_like,3,100,4,146287,1,True,True,True,6408,591.0,143.0,True
coronavirus_like,3,100,4,146541,2,False,True,True,12561,803.0,746.0,True
coronavirus_like,3,100,4,146576,3,False,True,True,18562,501.0,495.0,True
coronavirus_like,3,100,4,146845,1,False,True,True,13206,2395.0,89.0,True
coronavirus_like,3,100,4,148128,1,False,True,True,13424,356.0,20.0,True
coronavirus_like,3,100,4,148626,3,False,True,True,21968,335.0,271.0,True
coronavirus_like,3,100,4,148838,31,False,True,True,25850,595.0,386.0,True
coronavirus_like,3,100,4,149548,4,False,True,True,7985,826.0,825.0,True
coronavirus_like,3,100,4,150821,1,True,True,True,15424,695.0,512.0,True
coronavirus_like,3,100,4,151779,1,False,True,True,28125,52.0,19.0,True
coronavirus_like,3,100,4,152117,1,False,True,True,20790,691.0,602.0,True
coronavirus_like,3,100,4,154005,1,False,True,True,17333,507.0,457.0,True
coronavirus_like,3,100,4,154850,1,True,True,False,9784,,,
coronavirus_like,3,100,4,155963,1,True,True,False,28566,,,
coronavirus_like,3,100,4,157460,1,True,True,False,114,,,
coronavirus_like,3,100,4,157822,1,True,True,False,1759,,,
coronavirus_like,3,100,4,157879,1,False,True,True,15017,225.0,68.0,True
coronavirus_like,3,100,4,158468,3,False,True,True,14804,102.0,55.0,True
coronavirus_like,3,100,4,158821,7,False,True,True,13144,435.0,317.0,True
coronavirus_like,3,100,4,160282,1,True,True,True,19693,367.0,226.0,True
coronavirus_like,3,100,4,161188,1,False,True,False,362,,,
coronavirus_like,3,100,4,161332,1,True,True,True,20904,914.0,603.0,True
coronavirus_like,3,100,4,161488,1,True,True,False,278,,,
coronavirus_like,3,100,4,163527,1,True,True,True,23264,553.0,203.0,True
coronavirus_like,3,100,4,164643,1,True,True,True,16394,802.0,414.0,True
coronavirus_like,3,100,4,164696,9,False,True,True,14832,732.0,318.0,True
coronavirus_like,3,100,4,164846,1,True,True,False,27308,,,
coronavirus_like,3,100,4,165181,2,False,True,True,14390,338.0,159.0,True
coronavirus_like,3,100,4,165536,1,True,True,True,6385,341.0,102.0,True
coronavirus_like,3,100,4,165943,8,False,True,True,18228,1144.0,338.0,True
coronavirus_like,3,100,4,166314,1,False,True,True,23466,,,
coronavirus_like,3,100,4,166409,1,True,True,True,2040,1441.0,895.0,True
coronavirus_like,3,100,4,166831,1,False,True,True,262,1083.0,16022.0,False
coronavirus_like,3,100,4,166899,1,False,True,True,6179,701.0,614.0,True
coronavirus_like,3,100,4,166946,1,False,True,True,15186,2354.0,2007.0,True
coronavirus_like,3,100,4,167062,3,False,True,True,18348,1076.0,346.0,True
coronavirus_like,3,100,4,167133,1,False,False,False,29806,,,
coronavirus_like,3,100,4,167172,1,False,True,False,9945,,,
coronavirus_like,3,100,4,167848,1,False,True,True,7880,115.0,15.0,True
coronavirus_like,3,100,4,168379,1,False,True,True,1153,479.0,324.0,True
coronavirus_like,3,100,4,168804,1,True,True,True,23932,253.0,58.0,True
coronavirus_like,3,100,4,169297,2,False,True,True,8089,443.0,46.0,True
coronavirus_like,3,100,4,170077,1,True,True,True,3024,63.0,13.0,True
coronavirus_like,3,100,4,171211,1,True,True,True,14763,115.0,109.0,True
coronavirus_like,3,100,4,171727,1,False,True,True,27528,203.0,153.0,True
coronavirus_like,3,100,4,173201,1,False,True,True,16636,802.0,172.0,True
coronavirus_like,3,100,4,173392,1,True,True,True,19861,784.0,404.0,True
coronavirus_like,3,100,4,173702,1,True,False,False,29642,,,
coronavirus_like,3,100,4,174027,1,True,True,True,13890,499.0,88.0,True
coronavirus_like,3,100,4,174209,1,False,True,True,690,187.0,103.0,True
coronavirus_like,3,100,4,174876,1,True,True,False,29125,,,
coronavirus_like,3,100,4,175409,1,True,True,True,11619,803.0,412.0,True
coronavirus_like,3,100,4,175880,1,True,True,True,8319,387.0,52.0,True
coronavirus_like,3,100,4,175951,1,False,True,True,25081,553.0,96.0,True
coronavirus_like,3,100,4,176165,1,True,True,True,12065,256.0,223.0,True
coronavirus_like,3,100,4,176450,1,True,True,True,1733,472.0,122.0,True
coronavirus_like,3,100,4,176460,1,False,True,True,19485,569.0,348.0,True
coronavirus_like,3,100,4,177387,1,True,True,True,14712,528.0,234.0,True
coronavirus_like,3,100,4,177507,1,True,True,True,16932,394.0,212.0,True
coronavirus_like,3,100,4,177564,1,False,True,True,24843,800.0,327.0,True
coronavirus_like,3,100,4,178602,2,False,True,True,23079,142.0,40.0,True
coronavirus_like,3,100,4,179153,2,False,True,True,11442,248.0,17.0,True
coronavirus_like,3,100,4,179206,2,False,True,True,5704,915.0,184.0,True
coronavirus_like,3,100,4,179419,2,False,True,True,6945,322.0,72.0,True
coronavirus_like,3,100,4,179728,1,False,True,True,24137,178.0,55.0,True
coronavirus_like,3,100,4,181564,1,False,True,True,13238,562.0,57.0,True
coronavirus_like,3,100,4,182142,1,True,True,True,26529,143.0,82.0,True
coronavirus_like,3,100,4,182164,1,False,True,True,27958,262.0,193.0,True
coronavirus_like,3,100,4,182324,1,True,False,False,4170,,,
coronavirus_like,3,100,4,182358,1,True,True,False,29420,,,
coronavirus_like,3,100,5,57,1,True,False,False,23864,,,
coronavirus_like,3,100,5,81,1,True,False,False,19771,,,
coronavirus_like,3,100,5,85,1,True,False,False,29919,,,
coronavirus_like,3,100,5,560,1,True,True,False,18834,,,
coronavirus_like,3,100,5,636,2,False,True,False,14313,,,
coronavirus_like,3,100,5,652,2,False,True,False,23361,,,
coronavirus_like,3,100,5,1041,1,False,True,False,6439,,,
coronavirus_like,3,100,5,1102,1,False,True,False,6588,,,
coronavirus_like,3,100,5,1732,9,False,False,False,828,,,
coronavirus_like,3,100,5,1800,1,True,True,False,18193,,,
coronavirus_like,3,100,5,1883,2,False,True,False,14929,,,
coronavirus_like,3,100,5,2185,1,True,True,False,1647,,,
coronavirus_like,3,100,5,2468,2,False,False,False,25664,,,
coronavirus_like,3,100,5,3899,1,True,True,False,25082,,,
coronavirus_like,3,100,5,3958,1,False,False,False,2964,,,
coronavirus_like,3,100,5,4597,2,False,False,False,651,,,
coronavirus_like,3,100,5,4900,2,False,True,False,9380,,,
coronavirus_like,3,100,5,7457,1,False,True,False,19902,,,
coronavirus_like,3,100,5,7761,1,False,True,False,9503,,,
coronavirus_like,3,100,5,9002,1,False,True,False,10685,,,
coronavirus_like,3,100,5,9850,2,False,False,False,25624,,,
coronavirus_like,3,100,5,9934,1,False,True,False,13680,,,
coronavirus_like,3,100,5,10247,1,False,True,False,17000,,,
coronavirus_like,3,100,5,11551,4,False,False,False,316,,,
coronavirus_like,3,100,5,11939,1,False,True,False,16318,,,
coronavirus_like,3,100,5,12171,26,False,True,True,14158,1142.0,300.0,True
coronavirus_like,3,100,5,12282,1,False,True,True,15906,4112.0,994.0,True
coronavirus_like,3,100,5,12455,1,False,True,False,4744,,,
coronavirus_like,3,100,5,12809,1,False,True,True,8067,5327.0,4720.0,True
coronavirus_like,3,100,5,13264,6,False,True,False,28630,,,
coronavirus_like,3,100,5,13876,1,False,True,False,6008,,,
coronavirus_like,3,100,5,14177,2,False,True,True,20575,1434.0,63.0,True
coronavirus_like,3,100,5,14882,1,True,True,False,25791,,,
coronavirus_like,3,100,5,15371,1,True,True,False,24781,,,
coronavirus_like,3,100,5,15847,15,False,True,False,19968,,,
coronavirus_like,3,100,5,17237,1,False,True,False,7822,,,
coronavirus_like,3,100,5,18283,2,False,True,False,28690,,,
coronavirus_like,3,100,5,18801,1,False,True,False,26838,,,
coronavirus_like,3,100,5,19087,1,True,False,False,4507,,,
coronavirus_like,3,100,5,19221,3,False,True,True,5492,3167.0,2950.0,True
coronavirus_like,3,100,5,19804,1,True,True,True,17149,2564.0,2054.0,True
coronavirus_like,3,100,5,20100,8,False,True,False,16699,,,
coronavirus_like,3,100,5,21116,1,True,True,True,5806,5028.0,3807.0,True
coronavirus_like,3,100,5,21315,1,False,True,False,20030,,,
coronavirus_like,3,100,5,21568,2,False,True,True,17082,1363.0,82.0,True
coronavirus_like,3,100,5,21895,1,False,True,False,25158,,,
coronavirus_like,3,100,5,21967,1,False,True,True,14340,6908.0,2182.0,True
coronavirus_like,3,100,5,22340,13,False,True,True,24405,3662.0,178.0,True
coronavirus_like,3,100,5,22380,1,False,True,True,20124,2188.0,1268.0,True
coronavirus_like,3,100,5,22488,1,True,False,False,728,,,
coronavirus_like,3,100,5,22524,3,False,True,False,23405,,,
coronavirus_like,3,100,5,22786,1,True,True,False,2165,,,
coronavirus_like,3,100,5,24447,2,False,True,True,14644,2093.0,1908.0,True
coronavirus_like,3,100,5,25016,1,False,True,True,19973,896.0,747.0,True
coronavirus_like,3,100,5,26333,2,False,True,True,7518,2577.0,1991.0,True
coronavirus_like,3,100,5,26721,1,False,True,True,12591,3366.0,1336.0,True
coronavirus_like,3,100,5,27081,1,False,True,False,7295,,,
coronavirus_like,3,100,5,27274,1,True,True,True,21349,2001.0,1373.0,True
coronavirus_like,3,100,5,27540,2,False,True,True,5077,2358.0,1977.0,True
coronavirus_like,3,100,5,28146,2,False,True,True,14110,3630.0,1482.0,True
coronavirus_like,3,100,5,28385,2,False,True,True,10725,1121.0,10.0,True
coronavirus_like,3,100,5,28574,1,True,True,True,23084,226.0,154.0,True
coronavirus_like,3,100,5,29218,3,False,True,True,8671,369.0,45.0,True
coronavirus_like,3,100,5,29449,2,False,True,True,19379,4700.0,133.0,True
coronavirus_like,3,100,5,30274,1,False,True,True,20039,3383.0,3168.0,True
coronavirus_like,3,100,5,31323,1,True,True,True,10618,833.0,120.0,True
coronavirus_like,3,100,5,32260,2,False,False,False,1096,,,
coronavirus_like,3,100,5,32294,3,False,True,True,24414,2055.0,849.0,True
coronavirus_like,3,100,5,32535,2,False,True,True,9651,290.0,253.0,True
coronavirus_like,3,100,5,32548,1,False,False,False,2161,,,
coronavirus_like,3,100,5,32789,3,False,True,True,16001,1022.0,713.0,True
coronavirus_like,3,100,5,34594,1,True,True,False,16440,,,
coronavirus_like,3,100,5,35076,1,False,True,True,7491,2478.0,2005.0,True
coronavirus_like,3,100,5,35657,1,False,True,True,5896,2197.0,1249.0,True
coronavirus_like,3,100,5,35740,1,True,False,False,1087,,,
coronavirus_like,3,100,5,36611,1,False,True,False,5300,,,
coronavirus_like,3,100,5,37082,1,False,True,True,14095,588.0,185.0,True
coronavirus_like,3,100,5,37522,3,False,True,True,22250,984.0,786.0,True
coronavirus_like,3,100,5,37537,1,True,True,True,23695,346.0,124.0,True
coronavirus_like,3,100,5,37627,3,False,True,False,27061,,,
coronavirus_like,3,100,5,39195,1,False,True,False,4356,,,
coronavirus_like,3,100,5,39730,1,True,True,False,26894,,,
coronavirus_like,3,100,5,39834,3,False,True,False,29657,,,
coronavirus_like,3,100,5,39883,10,False,True,True,4738,371.0,125.0,True
coronavirus_like,3,100,5,40417,1,False,True,True,20526,2939.0,194.0,True
coronavirus_like,3,100,5,40649,1,False,True,True,14311,2012.0,147.0,True
coronavirus_like,3,100,5,41889,1,True,True,True,20872,2934.0,1148.0,True
coronavirus_like,3,100,5,42099,1,True,True,True,5224,3661.0,2929.0,True
coronavirus_like,3,100,5,43431,1,True,True,True,15706,429.0,237.0,True
coronavirus_like,3,100,5,43527,3,False,True,True,11518,706.0,513.0,True
coronavirus_like,3,100,5,43529,2,False,True,True,9833,1473.0,1367.0,True
coronavirus_like,3,100,5,43605,3,False,True,True,18688,720.0,38.0,True
coronavirus_like,3,100,5,44127,10,False,True,True,21019,317.0,219.0,True
coronavirus_like,3,100,5,44426,5,False,True,True,16511,1217.0,415.0,True
coronavirus_like,3,100,5,44908,1,True,True,True,17069,1903.0,75.0,True
coronavirus_like,3,100,5,45208,1,True,True,True,19329,598.0,473.0,True
coronavirus_like,3,100,5,45699,1,True,True,False,941,,,
coronavirus_like,3,100,5,46302,1,True,True,True,4536,1472.0,1428.0,True
coronavirus_like,3,100,5,46957,1,False,True,False,26791,,,
coronavirus_like,3,100,5,48007,2,False,True,True,20994,465.0,392.0,True
coronavirus_like,3,100,5,49299,1,False,True,True,20774,199.0,146.0,True
coronavirus_like,3,100,5,49382,2,False,True,False,1854,,,
coronavirus_like,3,100,5,49846,1,False,True,True,27205,2296.0,56.0,True
coronavirus_like,3,100,5,50318,1,True,True,True,7571,795.0,704.0,True
coronavirus_like,3,100,5,51377,2,False,True,True,7426,783.0,289.0,True
coronavirus_like,3,100,5,51394,1,True,True,True,10314,808.0,108.0,True
coronavirus_like,3,100,5,51942,7,False,True,True,7948,1246.0,631.0,True
coronavirus_like,3,100,5,53238,1,False,True,True,22961,1284.0,654.0,True
coronavirus_like,3,100,5,53590,2,False,True,False,29829,,,
coronavirus_like,3,100,5,54436,1,True,True,True,7178,850.0,221.0,True
coronavirus_like,3,100,5,54876,1,True,True,True,17393,,,
coronavirus_like,3,100,5,55096,1,False,True,False,28717,,,
coronavirus_like,3,100,5,55193,1,False,True,True,24609,810.0,290.0,True
coronavirus_like,3,100,5,55530,17,False,True,True,11472,338.0,158.0,True
coronavirus_like,3,100,5,55636,1,False,True,True,18865,1282.0,321.0,True
coronavirus_like,3,100,5,56815,1,True,True,True,26851,1719.0,132.0,True
coronavirus_like,3,100,5,57738,5,False,True,True,14948,498.0,410.0,True
coronavirus_like,3,100,5,58888,1,False,True,False,26201,,,
coronavirus_like,3,100,5,58994,11,False,True,True,19959,2106.0,2061.0,True
coronavirus_like,3,100,5,59186,1,False,True,True,23136,576.0,71.0,True
coronavirus_like,3,100,5,59631,1,True,True,False,29905,,,
coronavirus_like,3,100,5,60156,1,False,True,True,14619,559.0,48.0,True
coronavirus_like,3,100,5,60955,1,False,True,False,1408,,,
coronavirus_like,3,100,5,61017,1,False,False,False,724,,,
coronavirus_like,3,100,5,61331,1,False,True,True,6561,4704.0,2978.0,True
coronavirus_like,3,100,5,61568,1,False,True,False,714,,,
coronavirus_like,3,100,5,62293,1,True,True,True,19783,413.0,40.0,True
coronavirus_like,3,100,5,62320,2,False,True,True,2088,115.0,56.0,True
coronavirus_like,3,100,5,62599,1,False,True,True,20274,906.0,199.0,True
coronavirus_like,3,100,5,63819,1,False,True,False,28478,,,
coronavirus_like,3,100,5,64100,2,False,True,False,28020,,,
coronavirus_like,3,100,5,64113,1,False,True,False,1135,,,
coronavirus_like,3,100,5,64782,12,False,True,True,21880,1063.0,32.0,True
coronavirus_like,3,100,5,66761,42,False,True,True,14810,952.0,560.0,True
coronavirus_like,3,100,5,69010,1,False,True,True,20128,807.0,692.0,True
coronavirus_like,3,100,5,69475,3,False,False,False,28890,,,
coronavirus_like,3,100,5,69492,1,True,True,True,5208,234.0,43.0,True
coronavirus_like,3,100,5,70121,2,False,False,False,908,,,
coronavirus_like,3,100,5,70569,13,False,True,True,23308,196.0,160.0,True
coronavirus_like,3,100,5,70717,1,True,True,True,21551,1128.0,469.0,True
coronavirus_like,3,100,5,71683,1,False,True,True,6408,1604.0,140.0,True
coronavirus_like,3,100,5,71936,1,False,True,False,2043,,,
coronavirus_like,3,100,5,71969,1,True,True,True,16963,487.0,274.0,True
coronavirus_like,3,100,5,72216,1,True,True,True,25925,1595.0,651.0,True
coronavirus_like,3,100,5,72437,2,False,True,True,16150,530.0,437.0,True
coronavirus_like,3,100,5,72645,9,False,True,True,5784,299.0,96.0,True
coronavirus_like,3,100,5,72927,2,False,True,True,2744,2612.0,1530.0,True
coronavirus_like,3,100,5,74743,20,False,True,True,10495,797.0,756.0,True
coronavirus_like,3,100,5,74788,7,False,True,True,21529,1140.0,1101.0,True
coronavirus_like,3,100,5,75187,1,False,True,True,2840,1990.0,812.0,True
coronavirus_like,3,100,5,75272,1,False,True,True,24634,2611.0,461.0,True
coronavirus_like,3,100,5,76167,1,False,True,True,22815,519.0,72.0,True
coronavirus_like,3,100,5,77339,1,False,True,True,15457,337.0,251.0,True
coronavirus_like,3,100,5,77445,1,True,True,True,24798,1083.0,27.0,True
coronavirus_like,3,100,5,77716,1,True,True,True,27262,892.0,207.0,True
coronavirus_like,3,100,5,77968,1,False,True,True,23762,1419.0,794.0,True
coronavirus_like,3,100,5,78011,1,True,True,True,25076,230.0,187.0,True
coronavirus_like,3,100,5,78333,1,True,True,True,8509,,,
coronavirus_like,3,100,5,78995,2,False,True,True,20047,244.0,237.0,True
coronavirus_like,3,100,5,79077,1,False,True,True,4707,883.0,2280.0,False
coronavirus_like,3,100,5,79317,1,False,True,True,12304,368.0,96.0,True
coronavirus_like,3,100,5,80937,1,True,True,True,13679,1169.0,854.0,True
coronavirus_like,3,100,5,81656,10,False,True,True,18665,237.0,191.0,True
coronavirus_like,3,100,5,82087,1,True,True,True,11035,494.0,424.0,True
coronavirus_like,3,100,5,82344,2,False,True,True,18347,1999.0,806.0,True
coronavirus_like,3,100,5,82940,1,False,True,True,20021,2233.0,1371.0,True
coronavirus_like,3,100,5,83015,1,True,True,False,28957,,,
coronavirus_like,3,100,5,83074,1,True,True,True,13631,972.0,786.0,True
coronavirus_like,3,100,5,83267,3,False,True,True,10149,304.0,92.0,True
coronavirus_like,3,100,5,83384,1,True,True,True,7747,697.0,388.0,True
coronavirus_like,3,100,5,83831,1,False,True,True,21479,80.0,17.0,True
coronavirus_like,3,100,5,83923,1,False,True,True,19655,760.0,309.0,True
coronavirus_like,3,100,5,84051,1,False,True,True,22362,511.0,451.0,True
coronavirus_like,3,100,5,84312,2,False,True,True,15254,395.0,223.0,True
coronavirus_like,3,100,5,84415,1,False,True,False,1410,,,
coronavirus_like,3,100,5,84633,1,True,True,True,5720,577.0,301.0,True
coronavirus_like,3,100,5,85056,7,False,True,True,12113,522.0,40.0,True
coronavirus_like,3,100,5,86087,1,True,True,True,7091,332.0,259.0,True
coronavirus_like,3,100,5,86242,1,False,True,True,20399,740.0,330.0,True
coronavirus_like,3,100,5,86644,1,False,False,False,9926,,,
coronavirus_like,3,100,5,86855,10,False,True,True,23051,378.0,156.0,True
coronavirus_like,3,100,5,88007,1,False,True,True,12988,1623.0,1153.0,True
coronavirus_like,3,100,5,88488,2,False,True,True,21444,979.0,159.0,True
coronavirus_like,3,100,5,89424,1,True,True,True,14334,108.0,87.0,True
coronavirus_like,3,100,5,89946,1,False,True,True,25752,410.0,265.0,True
coronavirus_like,3,100,5,90079,2,False,True,True,12858,870.0,166.0,True
coronavirus_like,3,100,5,90744,1,False,True,True,6376,1136.0,641.0,True
coronavirus_like,3,100,5,90758,1,False,True,True,10980,764.0,638.0,True
coronavirus_like,3,100,5,90853,2,False,True,True,12264,870.0,760.0,True
coronavirus_like,3,100,5,91883,1,True,True,True,13582,1610.0,1174.0,True
coronavirus_like,3,100,5,92352,1,True,True,True,14279,716.0,247.0,True
coronavirus_like,3,100,5,92806,1,False,True,False,727,,,
coronavirus_like,3,100,5,94890,8,False,True,True,23500,2425.0,554.0,True
coronavirus_like,3,100,5,94988,2,False,True,False,62,,,
coronavirus_like,3,100,5,95887,1,False,True,True,3899,817.0,567.0,True
coronavirus_like,3,100,5,96225,1,False,True,True,17924,772.0,483.0,True
coronavirus_like,3,100,5,96600,1,False,True,True,9963,840.0,771.0,True
coronavirus_like,3,100,5,96870,1,True,True,False,27678,,,
coronavirus_like,3,100,5,97058,3,False,True,True,24760,1291.0,605.0,True
coronavirus_like,3,100,5,97259,2,False,True,True,26226,1240.0,749.0,True
coronavirus_like,3,100,5,97506,1,False,True,True,14879,818.0,457.0,True
coronavirus_like,3,100,5,97515,5,False,True,True,11202,895.0,759.0,True
coronavirus_like,3,100,5,97899,1,False,True,True,12107,1136.0,1061.0,True
coronavirus_like,3,100,5,98170,1,True,True,False,222,,,
coronavirus_like,3,100,5,98899,1,False,True,True,17603,1232.0,705.0,True
coronavirus_like,3,100,5,99534,3,False,True,False,470,,,
coronavirus_like,3,100,5,99939,1,True,False,False,25609,,,
coronavirus_like,3,100,5,100249,1,False,True,True,17479,1427.0,436.0,True
coronavirus_like,3,100,5,100340,1,True,True,True,5501,365.0,140.0,True
coronavirus_like,3,100,5,100341,1,True,True,True,2847,260.0,108.0,True
coronavirus_like,3,100,5,100578,4,False,True,False,29132,,,
coronavirus_like,3,100,5,100629,2,False,True,True,6161,681.0,401.0,True
coronavirus_like,3,100,5,100724,4,False,True,False,28058,,,
coronavirus_like,3,100,5,103355,2,False,True,False,636,,,
coronavirus_like,3,100,5,104022,1,False,True,True,2206,407.0,279.0,True
coronavirus_like,3,100,5,104640,1,False,True,True,4074,394.0,94.0,True
coronavirus_like,3,100,5,104832,1,True,True,True,10007,304.0,234.0,True
coronavirus_like,3,100,5,105446,4,False,True,True,16988,394.0,156.0,True
coronavirus_like,3,100,5,106221,1,False,True,True,5379,1364.0,849.0,True
coronavirus_like,3,100,5,106346,4,False,True,True,23870,735.0,220.0,True
coronavirus_like,3,100,5,106402,4,False,False,False,307,,,
coronavirus_like,3,100,5,106701,5,False,True,True,13187,1532.0,791.0,True
coronavirus_like,3,100,5,106873,8,False,True,True,25050,270.0,104.0,True
coronavirus_like,3,100,5,107643,1,True,True,True,19394,491.0,476.0,True
coronavirus_like,3,100,5,108340,1,False,True,True,2220,568.0,492.0,True
coronavirus_like,3,100,5,108535,1,True,False,False,29286,,,
coronavirus_like,3,100,5,108783,1,False,True,True,17093,258.0,238.0,True
coronavirus_like,3,100,5,109090,1,False,True,False,9050,,,
coronavirus_like,3,100,5,109147,1,False,True,True,15152,1180.0,679.0,True
coronavirus_like,3,100,5,109688,1,True,True,True,2033,340.0,302.0,True
coronavirus_like,3,100,5,112751,3,False,True,True,28451,1127.0,154.0,True
coronavirus_like,3,100,5,113780,1,True,True,True,8731,999.0,740.0,True
coronavirus_like,3,100,5,114072,2,False,True,False,28640,,,
coronavirus_like,3,100,5,115074,1,True,True,True,16490,244.0,77.0,True
coronavirus_like,3,100,5,115247,14,False,True,False,27826,,,
coronavirus_like,3,100,5,115448,1,True,True,False,598,,,
coronavirus_like,3,100,5,116526,15,False,True,True,10282,1025.0,617.0,True
coronavirus_like,3,100,5,116840,1,True,True,True,12348,260.0,97.0,True
coronavirus_like,3,100,5,119602,1,False,True,True,16279,768.0,470.0,True
coronavirus_like,3,100,5,120352,1,False,True,True,6042,927.0,845.0,True
coronavirus_like,3,100,5,120538,1,False,True,True,1743,1758.0,1212.0,True
coronavirus_like,3,100,5,120961,1,True,True,True,11141,551.0,489.0,True
coronavirus_like,3,100,5,121189,1,False,True,True,26926,507.0,49.0,True
coronavirus_like,3,100,5,122327,1,True,True,False,14463,,,
coronavirus_like,3,100,5,122655,2,False,True,True,12111,542.0,145.0,True
coronavirus_like,3,100,5,122810,1,False,True,True,12709,633.0,78.0,True
coronavirus_like,3,100,5,123011,2,False,True,True,24647,772.0,715.0,True
coronavirus_like,3,100,5,124225,1,True,True,True,10478,894.0,321.0,True
coronavirus_like,3,100,5,124644,1,True,True,True,12884,299.0,203.0,True
coronavirus_like,3,100,5,124856,1,True,True,True,4872,273.0,144.0,True
coronavirus_like,3,100,5,124887,5,False,True,True,2110,782.0,528.0,True
coronavirus_like,3,100,5,125542,1,False,True,False,349,,,
coronavirus_like,3,100,5,125858,1,True,True,True,22936,1119.0,531.0,True
coronavirus_like,3,100,5,126124,2,False,True,True,27063,897.0,71.0,True
coronavirus_like,3,100,5,126533,1,True,True,True,23345,183.0,122.0,True
coronavirus_like,3,100,5,126597,3,False,True,True,21716,340.0,253.0,True
coronavirus_like,3,100,5,127075,1,True,True,True,3002,803.0,496.0,True
coronavirus_like,3,100,5,128312,2,False,True,True,19315,120.0,43.0,True
coronavirus_like,3,100,5,128548,2,False,True,False,930,,,
coronavirus_like,3,100,5,128605,1,False,True,True,8306,336.0,65.0,True
coronavirus_like,3,100,5,129837,1,False,True,True,10800,677.0,659.0,True
coronavirus_like,3,100,5,130105,1,True,True,True,12044,71.0,59.0,True
coronavirus_like,3,100,5,130416,12,False,True,True,5556,662.0,535.0,True
coronavirus_like,3,100,5,131968,3,False,True,True,25332,183.0,115.0,True
coronavirus_like,3,100,5,132378,5,False,True,False,10924,,,
coronavirus_like,3,100,5,132510,3,False,True,True,9975,789.0,461.0,True
coronavirus_like,3,100,5,134217,6,False,True,True,17846,767.0,66.0,True
coronavirus_like,3,100,5,134365,1,False,True,True,21110,306.0,17.0,True
coronavirus_like,3,100,5,135017,1,True,True,True,4259,838.0,92.0,True
coronavirus_like,3,100,5,136513,1,False,True,True,8895,278.0,260.0,True
coronavirus_like,3,100,5,136836,1,True,True,True,21467,962.0,623.0,True
coronavirus_like,3,100,5,137239,1,False,True,True,19662,352.0,161.0,True
coronavirus_like,3,100,5,138232,1,True,True,True,1986,1505.0,1375.0,True
coronavirus_like,3,100,5,138331,1,False,True,False,27775,,,
coronavirus_like,3,100,5,138441,7,False,True,True,16239,2078.0,996.0,True
coronavirus_like,3,100,5,139039,1,False,True,True,13291,747.0,250.0,True
coronavirus_like,3,100,5,139178,1,False,True,True,6243,470.0,308.0,True
coronavirus_like,3,100,5,140270,2,False,True,True,6555,325.0,43.0,True
coronavirus_like,3,100,5,141324,1,True,True,True,11617,665.0,114.0,True
coronavirus_like,3,100,5,141793,1,True,True,True,5650,232.0,230.0,True
coronavirus_like,3,100,5,142277,1,True,True,True,15714,319.0,229.0,True
coronavirus_like,3,100,5,142475,1,False,True,True,23290,1041.0,99.0,True
coronavirus_like,3,100,5,143419,1,False,True,False,349,,,
coronavirus_like,3,100,5,143582,2,False,True,True,28174,442.0,305.0,True
coronavirus_like,3,100,5,143601,7,False,True,True,5171,225.0,104.0,True
coronavirus_like,3,100,5,143653,1,False,True,True,24673,245.0,231.0,True
coronavirus_like,3,100,5,144262,1,False,True,True,5717,,,
coronavirus_like,3,100,5,144390,2,False,True,True,19442,1080.0,842.0,True
coronavirus_like,3,100,5,144830,6,False,True,True,17843,837.0,543.0,True
coronavirus_like,3,100,5,145094,5,False,True,True,19360,268.0,112.0,True
coronavirus_like,3,100,5,145547,1,True,True,True,18911,281.0,181.0,True
coronavirus_like,3,100,5,146287,1,True,True,True,6408,591.0,143.0,True
coronavirus_like,3,100,5,146541,2,False,True,True,12561,803.0,746.0,True
coronavirus_like,3,100,5,146576,3,False,True,True,18562,501.0,495.0,True
coronavirus_like,3,100,5,146845,1,False,True,True,13206,2395.0,89.0,True
coronavirus_like,3,100,5,148128,1,False,True,True,13424,356.0,20.0,True
coronavirus_like,3,100,5,148626,3,False,True,True,21968,335.0,271.0,True
coronavirus_like,3,100,5,148838,31,False,True,True,25850,595.0,386.0,True
coronavirus_like,3,100,5,149548,4,False,True,True,7985,826.0,825.0,True
coronavirus_like,3,100,5,150821,1,True,True,True,15424,695.0,512.0,True
coronavirus_like,3,100,5,151779,1,False,True,True,28125,52.0,19.0,True
coronavirus_like,3,100,5,152117,1,False,True,True,20790,691.0,602.0,True
coronavirus_like,3,100,5,154005,1,False,True,True,17333,507.0,457.0,True
coronavirus_like,3,100,5,154850,1,True,True,False,9784,,,
coronavirus_like,3,100,5,155963,1,True,True,False,28566,,,
coronavirus_like,3,100,5,157460,1,True,True,False,114,,,
coronavirus_like,3,100,5,157822,1,True,True,False,1759,,,
coronavirus_like,3,100,5,157879,1,False,True,True,15017,225.0,68.0,True
coronavirus_like,3,100,5,158468,3,False,True,True,14804,102.0,55.0,True
coronavirus_like,3,100,5,158821,7,False,True,True,13144,435.0,317.0,True
coronavirus_like,3,100,5,160282,1,True,True,True,19693,367.0,226.0,True
coronavirus_like,3,100,5,161188,1,False,True,False,362,,,
coronavirus_like,3,100,5,161332,1,True,True,True,20904,914.0,603.0,True
coronavirus_like,3,100,5,161488,1,True,True,False,278,,,
coronavirus_like,3,100,5,163527,1,True,True,True,23264,553.0,203.0,True
coronavirus_like,3,100,5,164643,1,True,True,True,16394,802.0,414.0,True
coronavirus_like,3,100,5,164696,9,False,True,True,14832,732.0,318.0,True
coronavirus_like,3,100,5,164846,1,True,True,False,27308,,,
coronavirus_like,3,100,5,165181,2,False,True,True,14390,338.0,159.0,True
coronavirus_like,3,100,5,165536,1,True,True,True,6385,341.0,102.0,True
coronavirus_like,3,100,5,165943,8,False,True,True,18228,1144.0,338.0,True
coronavirus_like,3,100,5,166314,1,False,True,True,23466,,,
coronavirus_like,3,100,5,166409,1,True,True,True,2040,1441.0,895.0,True
coronavirus_like,3,100,5,166831,1,False,True,True,262,1083.0,16022.0,False
coronavirus_like,3,100,5,166899,1,False,True,True,6179,701.0,614.0,True
coronavirus_like,3,100,5,166946,1,False,True,True,15186,2354.0,2007.0,True
coronavirus_like,3,100,5,167062,3,False,True,True,18348,1076.0,346.0,True
coronavirus_like,3,100,5,167133,1,False,False,False,29806,,,
coronavirus_like,3,100,5,167172,1,False,True,False,9945,,,
coronavirus_like,3,100,5,167848,1,False,True,True,7880,115.0,15.0,True
coronavirus_like,3,100,5,168379,1,False,True,True,1153,479.0,324.0,True
coronavirus_like,3,100,5,168804,1,True,True,True,23932,253.0,58.0,True
coronavirus_like,3,100,5,169297,2,False,True,True,8089,443.0,46.0,True
coronavirus_like,3,100,5,170077,1,True,True,True,3024,63.0,13.0,True
coronavirus_like,3,100,5,171211,1,True,True,True,14763,115.0,109.0,True
coronavirus_like,3,100,5,171727,1,False,True,True,27528,203.0,153.0,True
coronavirus_like,3,100,5,173201,1,False,True,True,16636,802.0,172.0,True
coronavirus_like,3,100,5,173392,1,True,True,True,19861,784.0,404.0,True
coronavirus_like,3,100,5,173702,1,True,False,False,29642,,,
coronavirus_like,3,100,5,174027,1,True,True,True,13890,499.0,88.0,True
coronavirus_like,3,100,5,174209,1,False,True,True,690,187.0,103.0,True
coronavirus_like,3,100,5,174876,1,True,True,False,29125,,,
coronavirus_like,3,100,5,175409,1,True,True,True,11619,803.0,412.0,True
coronavirus_like,3,100,5,175880,1,True,True,True,8319,387.0,52.0,True
coronavirus_like,3,100,5,175951,1,False,True,True,25081,553.0,96.0,True
coronavirus_like,3,100,5,176165,1,True,True,True,12065,256.0,223.0,True
coronavirus_like,3,100,5,176450,1,True,True,True,1733,472.0,122.0,True
coronavirus_like,3,100,5,176460,1,False,True,True,19485,569.0,348.0,True
coronavirus_like,3,100,5,177387,1,True,True,True,14712,528.0,234.0,True
coronavirus_like,3,100,5,177507,1,True,True,True,16932,394.0,212.0,True
coronavirus_like,3,100,5,177564,1,False,True,True,24843,800.0,327.0,True
coronavirus_like,3,100,5,178602,2,False,True,True,23079,142.0,40.0,True
coronavirus_like,3,100,5,179153,2,False,True,True,11442,248.0,17.0,True
coronavirus_like,3,100,5,179206,2,False,True,True,5704,915.0,184.0,True
coronavirus_like,3,100,5,179419,2,False,True,True,6945,322.0,72.0,True
coronavirus_like,3,100,5,179728,1,False,True,True,24137,178.0,55.0,True
coronavirus_like,3,100,5,181564,1,False,True,True,13238,562.0,57.0,True
coronavirus_like,3,100,5,182142,1,True,True,True,26529,143.0,82.0,True
coronavirus_like,3,100,5,182164,1,False,True,True,27958,262.0,193.0,True
coronavirus_like,3,100,5,182324,1,True,False,False,4170,,,
coronavirus_like,3,100,5,182358,1,True,True,False,29420,,,
coronavirus_like,4,20,3,1323,5,False,True,False,22779,,,
coronavirus_like,4,20,3,2563,1,True,True,False,9990,,,
coronavirus_like,4,20,3,3217,1,False,True,False,6580,,,
coronavirus_like,4,20,3,5533,1,False,True,False,1336,,,
coronavirus_like,4,20,3,7211,1,False,True,False,24631,,,
coronavirus_like,4,20,3,7317,1,True,True,False,23651,,,
coronavirus_like,4,20,3,7534,1,False,True,False,23842,,,
coronavirus_like,4,20,3,9871,2,False,True,True,9122,2717.0,2294.0,True
coronavirus_like,4,20,3,12953,1,False,True,True,22518,5157.0,4123.0,True
coronavirus_like,4,20,3,14777,6,False,True,False,25833,,,
coronavirus_like,4,20,3,15582,1,True,False,False,24379,,,
coronavirus_like,4,20,3,18053,1,False,True,False,29843,,,
coronavirus_like,4,20,3,18957,3,False,True,True,14155,3960.0,2438.0,True
coronavirus_like,4,20,3,19031,1,False,True,True,19590,1541.0,392.0,True
coronavirus_like,4,20,3,21274,2,False,True,True,3558,720.0,484.0,True
coronavirus_like,4,20,3,21503,4,False,False,False,384,,,
coronavirus_like,4,20,3,22667,2,False,True,True,18499,4177.0,2193.0,True
coronavirus_like,4,20,3,22716,2,False,False,False,281,,,
coronavirus_like,4,20,3,25935,44,False,True,True,17897,1731.0,1353.0,True
coronavirus_like,4,20,3,26192,1,True,True,False,2873,,,
coronavirus_like,4,20,3,28000,1,False,True,False,18677,,,
coronavirus_like,4,20,3,28482,1,True,True,True,7129,1019.0,901.0,True
coronavirus_like,4,20,3,29681,1,False,False,False,374,,,
coronavirus_like,4,20,3,30186,2,False,True,True,10086,1735.0,753.0,True
coronavirus_like,4,20,3,30467,2,False,True,True,17635,1134.0,824.0,True
coronavirus_like,4,20,3,30955,1,False,True,True,17039,5185.0,285.0,True
coronavirus_like,4,20,3,32046,2,False,True,True,10084,11322.0,10772.0,True
coronavirus_like,4,20,3,34492,17,False,True,True,16306,470.0,348.0,True
coronavirus_like,4,20,3,35022,3,False,True,True,19765,1155.0,1006.0,True
coronavirus_like,4,20,3,36567,1,False,True,True,5793,380.0,224.0,True
coronavirus_like,4,20,3,36696,1,False,True,True,27668,171.0,47.0,True
coronavirus_like,4,20,3,37810,1,False,True,True,9529,461.0,36.0,True
coronavirus_like,4,20,3,37917,1,False,True,False,212,,,
coronavirus_like,4,20,3,38927,45,False,False,False,29706,,,
coronavirus_like,4,20,3,39013,3,False,True,True,24114,1786.0,1774.0,True
coronavirus_like,4,20,3,39403,1,False,True,True,9380,335.0,59.0,True
coronavirus_like,4,20,3,42901,1,False,True,False,29744,,,
coronavirus_like,4,20,3,43550,4,False,True,True,18645,228.0,43.0,True
coronavirus_like,4,20,3,45623,4,False,True,True,16789,1186.0,-170.0,False
coronavirus_like,4,20,3,45867,1,True,True,True,25324,1196.0,316.0,True
coronavirus_like,4,20,3,46273,1,True,True,False,29425,,,
coronavirus_like,4,20,3,47551,1,False,True,True,6537,1672.0,473.0,True
coronavirus_like,4,20,3,50336,1,False,True,True,15953,2520.0,2506.0,True
coronavirus_like,4,20,3,54701,1,False,True,True,15009,409.0,298.0,True
coronavirus_like,4,20,3,56130,1,True,True,True,20072,1662.0,1206.0,True
coronavirus_like,4,20,3,57397,1,False,True,True,5942,1224.0,574.0,True
coronavirus_like,4,20,3,58112,1,False,True,True,12253,4971.0,4744.0,True
coronavirus_like,4,20,3,58785,3,False,True,True,21771,1050.0,228.0,True
coronavirus_like,4,20,3,62349,12,False,True,True,6644,365.0,311.0,True
coronavirus_like,4,20,3,62695,2,False,True,True,22589,4977.0,2371.0,True
coronavirus_like,4,20,3,64970,8,False,True,True,19594,1079.0,681.0,True
coronavirus_like,4,20,3,65494,1,False,True,True,26252,2477.0,1266.0,True
coronavirus_like,4,20,3,67884,10,False,True,True,21718,945.0,281.0,True
coronavirus_like,4,20,3,68520,2,False,True,True,19276,1160.0,706.0,True
coronavirus_like,4,20,3,68928,1,False,True,True,12055,838.0,518.0,True
coronavirus_like,4,20,3,69826,2,False,True,True,19793,1293.0,189.0,True
coronavirus_like,4,20,3,71328,1,False,True,True,6804,286.0,151.0,True
coronavirus_like,4,20,3,71551,1,False,True,True,5533,1203.0,439.0,True
coronavirus_like,4,20,3,72838,1,False,True,True,26279,916.0,362.0,True
coronavirus_like,4,20,3,75502,1,False,True,True,24983,729.0,190.0,True
coronavirus_like,4,20,3,76293,1,False,True,True,861,531.0,357.0,True
coronavirus_like,4,20,3,76817,1,False,True,True,2249,692.0,364.0,True
coronavirus_like,4,20,3,77625,1,False,True,True,26750,732.0,624.0,True
coronavirus_like,4,20,3,78992,1,False,True,True,13339,1079.0,97.0,True
coronavirus_like,4,20,3,80193,1,True,True,True,23104,972.0,314.0,True
coronavirus_like,4,20,3,80885,7,False,True,True,9424,2608.0,2288.0,True
coronavirus_like,4,20,3,80973,1,False,True,True,5782,1672.0,1228.0,True
coronavirus_like,4,20,3,81802,1,False,True,False,1651,,,
coronavirus_like,4,20,3,83087,1,False,True,True,11542,1178.0,170.0,True
coronavirus_like,4,20,3,85190,9,False,True,True,9079,676.0,24.0,True
coronavirus_like,4,20,3,85341,2,False,True,True,9995,1404.0,513.0,True
coronavirus_like,4,20,3,86524,9,False,True,True,28596,5773.0,-4240.0,False
coronavirus_like,4,20,3,87149,2,False,True,True,16942,936.0,576.0,True
coronavirus_like,4,20,3,89343,4,False,True,True,14484,651.0,425.0,True
coronavirus_like,4,20,3,89661,8,False,True,True,2695,1072.0,791.0,True
coronavirus_like,4,20,3,90594,1,False,True,True,12127,593.0,2.0,True
coronavirus_like,4,20,3,90777,1,True,True,True,18295,322.0,288.0,True
coronavirus_like,4,20,3,91374,2,False,True,True,5442,880.0,136.0,True
coronavirus_like,4,20,3,92280,3,False,True,True,1103,440.0,3633.0,False
coronavirus_like,4,20,3,93046,4,False,True,False,574,,,
coronavirus_like,4,20,3,95708,1,True,True,True,18519,380.0,302.0,True
coronavirus_like,4,20,3,96880,2,False,True,False,717,,,
coronavirus_like,4,20,3,97787,7,False,True,True,17720,830.0,67.0,True
coronavirus_like,4,20,3,98457,3,False,True,False,969,,,
coronavirus_like,4,20,3,101310,2,False,True,True,6657,61.0,25.0,True
coronavirus_like,4,20,3,102905,1,False,True,False,28454,,,
coronavirus_like,4,20,3,102951,1,False,True,True,28042,9178.0,-697.0,False
coronavirus_like,4,20,3,105322,1,True,True,True,17911,,,
coronavirus_like,4,20,3,109154,1,True,True,True,16054,478.0,257.0,True
coronavirus_like,4,20,3,110405,1,True,True,False,28412,,,
coronavirus_like,4,20,3,110832,2,False,True,True,10018,415.0,183.0,True
coronavirus_like,4,20,3,111647,7,False,True,True,8536,937.0,292.0,True
coronavirus_like,4,20,3,111737,6,False,True,True,11534,69.0,53.0,True
coronavirus_like,4,20,3,111787,2,False,True,True,13699,370.0,135.0,True
coronavirus_like,4,20,3,113432,1,False,True,True,2984,1049.0,290.0,True
coronavirus_like,4,20,3,113958,1,False,True,True,3854,1702.0,262.0,True
coronavirus_like,4,20,3,114526,1,False,True,True,4081,1436.0,655.0,True
coronavirus_like,4,20,3,115773,1,True,True,True,22522,632.0,158.0,True
coronavirus_like,4,20,3,116194,1,False,True,True,16697,346.0,259.0,True
coronavirus_like,4,20,3,116451,3,False,True,True,16445,,,
coronavirus_like,4,20,3,116695,2,False,True,True,23245,343.0,42.0,True
coronavirus_like,4,20,3,116791,2,False,True,True,24118,810.0,284.0,True
coronavirus_like,4,20,3,120404,1,False,True,True,3515,501.0,437.0,True
coronavirus_like,4,20,3,120536,1,False,True,True,11503,1178.0,209.0,True
coronavirus_like,4,20,3,120753,68,False,True,True,3045,821.0,22221.0,False
coronavirus_like,4,20,3,120863,4,False,True,True,20219,473.0,247.0,True
coronavirus_like,4,20,3,122473,1,False,True,True,1553,,,
coronavirus_like,4,20,3,126605,1,False,True,False,29321,,,
coronavirus_like,4,20,3,126789,1,False,True,True,25787,,,
coronavirus_like,4,20,3,127720,1,False,True,True,27625,1259.0,148.0,True
coronavirus_like,4,20,3,127751,1,True,True,True,20502,599.0,80.0,True
coronavirus_like,4,20,3,128123,1,True,True,True,24299,132.0,57.0,True
coronavirus_like,4,20,3,128352,1,True,True,False,1275,,,
coronavirus_like,4,20,3,132782,11,False,True,True,11450,223.0,185.0,True
coronavirus_like,4,20,3,132875,1,False,True,True,17882,1369.0,802.0,True
coronavirus_like,4,20,3,133737,1,False,True,True,2043,676.0,632.0,True
coronavirus_like,4,20,3,135880,1,True,True,True,1245,451.0,246.0,True
coronavirus_like,4,20,3,137825,1,False,True,True,12539,812.0,544.0,True
coronavirus_like,4,20,3,139589,1,False,True,True,25070,217.0,70.0,True
coronavirus_like,4,20,3,140105,4,False,True,True,14035,286.0,235.0,True
coronavirus_like,4,20,3,140310,1,False,True,True,23457,291.0,122.0,True
coronavirus_like,4,20,3,143731,2,False,True,False,27795,,,
coronavirus_like,4,20,3,146735,1,False,True,True,16431,104.0,39.0,True
coronavirus_like,4,20,3,147832,3,False,True,True,3980,1394.0,1249.0,True
coronavirus_like,4,20,3,148110,1,False,True,True,3245,1423.0,464.0,True
coronavirus_like,4,20,3,148866,4,False,True,True,26044,361.0,11.0,True
coronavirus_like,4,20,3,151186,1,False,True,True,13636,342.0,20.0,True
coronavirus_like,4,20,3,151560,1,False,True,False,13381,,,
coronavirus_like,4,20,3,151853,2,False,True,True,5134,728.0,566.0,True
coronavirus_like,4,20,3,152510,4,False,True,True,20766,31.0,7.0,True
coronavirus_like,4,20,3,155062,2,False,True,True,14414,226.0,124.0,True
coronavirus_like,4,20,3,156135,1,True,True,False,28612,,,
coronavirus_like,4,20,3,157362,1,True,True,True,23683,289.0,231.0,True
coronavirus_like,4,20,3,158163,1,True,True,True,18508,427.0,276.0,True
coronavirus_like,4,20,3,159707,5,False,True,True,1791,,,
coronavirus_like,4,20,3,160052,3,False,False,False,562,,,
coronavirus_like,4,20,3,161290,1,False,True,True,27599,227.0,104.0,True
coronavirus_like,4,20,3,161727,1,False,True,True,18945,2472.0,2381.0,True
coronavirus_like,4,20,3,164374,1,False,True,True,12858,450.0,67.0,True
coronavirus_like,4,20,3,164936,1,False,True,True,19741,577.0,241.0,True
coronavirus_like,4,20,3,165587,1,True,True,True,9764,1255.0,1092.0,True
coronavirus_like,4,20,3,166102,1,False,True,True,18730,689.0,403.0,True
coronavirus_like,4,20,3,166193,1,False,True,True,15107,274.0,200.0,True
coronavirus_like,4,20,3,166264,1,True,True,True,20592,156.0,97.0,True
coronavirus_like,4,20,3,166795,1,False,True,True,21417,183.0,113.0,True
coronavirus_like,4,20,3,167997,4,False,True,True,4513,392.0,121.0,True
coronavirus_like,4,20,3,170169,1,False,True,True,29280,186.0,3.0,True
coronavirus_like,4,20,3,171330,2,False,True,True,24571,1313.0,943.0,True
coronavirus_like,4,20,3,171978,1,False,True,True,20452,913.0,80.0,True
coronavirus_like,4,20,3,172198,1,False,True,True,1606,,,
coronavirus_like,4,20,3,173377,1,False,True,True,23025,1269.0,1041.0,True
coronavirus_like,4,20,3,173597,1,False,True,True,19845,286.0,137.0,True
coronavirus_like,4,20,3,176509,1,False,True,True,12478,142.0,66.0,True
coronavirus_like,4,20,3,177250,1,False,True,True,16115,739.0,414.0,True
coronavirus_like,4,20,4,1323,5,False,True,False,22779,,,
coronavirus_like,4,20,4,2563,1,True,True,False,9990,,,
coronavirus_like,4,20,4,3217,1,False,True,False,6580,,,
coronavirus_like,4,20,4,5533,1,False,True,False,1336,,,
coronavirus_like,4,20,4,7211,1,False,True,False,24631,,,
coronavirus_like,4,20,4,7317,1,True,True,False,23651,,,
coronavirus_like,4,20,4,7534,1,False,True,False,23842,,,
coronavirus_like,4,20,4,9871,2,False,True,True,9122,2717.0,2294.0,True
coronavirus_like,4,20,4,12953,1,False,True,True,22518,5157.0,4123.0,True
coronavirus_like,4,20,4,14777,6,False,True,False,25833,,,
coronavirus_like,4,20,4,15582,1,True,False,False,24379,,,
coronavirus_like,4,20,4,18053,1,False,True,False,29843,,,
coronavirus_like,4,20,4,18957,3,False,True,True,14155,3960.0,2438.0,True
coronavirus_like,4,20,4,19031,1,False,True,True,19590,1541.0,392.0,True
coronavirus_like,4,20,4,21274,2,False,True,True,3558,720.0,484.0,True
coronavirus_like,4,20,4,21503,4,False,False,False,384,,,
coronavirus_like,4,20,4,22667,2,False,True,True,18499,4177.0,2193.0,True
coronavirus_like,4,20,4,22716,2,False,False,False,281,,,
coronavirus_like,4,20,4,25935,44,False,True,True,17897,1731.0,1353.0,True
coronavirus_like,4,20,4,26192,1,True,True,False,2873,,,
coronavirus_like,4,20,4,28000,1,False,True,False,18677,,,
coronavirus_like,4,20,4,28482,1,True,True,True,7129,1019.0,901.0,True
coronavirus_like,4,20,4,29681,1,False,False,False,374,,,
coronavirus_like,4,20,4,30186,2,False,True,True,10086,1735.0,753.0,True
coronavirus_like,4,20,4,30467,2,False,True,True,17635,1134.0,824.0,True
coronavirus_like,4,20,4,30955,1,False,True,False,17039,,,
coronavirus_like,4,20,4,32046,2,False,True,True,10084,11322.0,10772.0,True
coronavirus_like,4,20,4,34492,17,False,True,True,16306,470.0,348.0,True
coronavirus_like,4,20,4,35022,3,False,True,True,19765,1155.0,1006.0,True
coronavirus_like,4,20,4,36567,1,False,True,True,5793,380.0,224.0,True
coronavirus_like,4,20,4,36696,1,False,True,False,27668,,,
coronavirus_like,4,20,4,37810,1,False,True,True,9529,461.0,36.0,True
coronavirus_like,4,20,4,37917,1,False,True,False,212,,,
coronavirus_like,4,20,4,38927,45,False,False,False,29706,,,
coronavirus_like,4,20,4,39013,3,False,True,True,24114,1786.0,1774.0,True
coronavirus_like,4,20,4,39403,1,False,True,True,9380,335.0,59.0,True
coronavirus_like,4,20,4,42901,1,False,True,False,29744,,,
coronavirus_like,4,20,4,43550,4,False,True,True,18645,228.0,43.0,True
coronavirus_like,4,20,4,45623,4,False,True,True,16789,1186.0,-170.0,False
coronavirus_like,4,20,4,45867,1,True,True,True,25324,1196.0,316.0,True
coronavirus_like,4,20,4,46273,1,True,True,False,29425,,,
coronavirus_like,4,20,4,47551,1,False,True,True,6537,1672.0,473.0,True
coronavirus_like,4,20,4,50336,1,False,True,True,15953,2520.0,2506.0,True
coronavirus_like,4,20,4,54701,1,False,True,True,15009,409.0,298.0,True
coronavirus_like,4,20,4,56130,1,True,True,True,20072,1662.0,1206.0,True
coronavirus_like,4,20,4,57397,1,False,True,True,5942,1224.0,574.0,True
coronavirus_like,4,20,4,58112,1,False,True,True,12253,4971.0,4744.0,True
coronavirus_like,4,20,4,58785,3,False,True,True,21771,1050.0,228.0,True
coronavirus_like,4,20,4,62349,12,False,True,True,6644,365.0,311.0,True
coronavirus_like,4,20,4,62695,2,False,True,True,22589,4977.0,2371.0,True
coronavirus_like,4,20,4,64970,8,False,True,True,19594,1079.0,681.0,True
coronavirus_like,4,20,4,65494,1,False,True,True,26252,2477.0,1266.0,True
coronavirus_like,4,20,4,67884,10,False,True,True,21718,945.0,281.0,True
coronavirus_like,4,20,4,68520,2,False,True,True,19276,1160.0,706.0,True
coronavirus_like,4,20,4,68928,1,False,True,True,12055,838.0,518.0,True
coronavirus_like,4,20,4,69826,2,False,True,True,19793,1293.0,189.0,True
coronavirus_like,4,20,4,71328,1,False,True,True,6804,286.0,151.0,True
coronavirus_like,4,20,4,71551,1,False,True,True,5533,1203.0,439.0,True
coronavirus_like,4,20,4,72838,1,False,True,True,26279,916.0,362.0,True
coronavirus_like,4,20,4,75502,1,False,True,True,24983,729.0,190.0,True
coronavirus_like,4,20,4,76293,1,False,True,False,861,,,
coronavirus_like,4,20,4,76817,1,False,True,True,2249,692.0,364.0,True
coronavirus_like,4,20,4,77625,1,False,True,False,26750,,,
coronavirus_like,4,20,4,78992,1,False,True,True,13339,1079.0,97.0,True
coronavirus_like,4,20,4,80193,1,True,True,True,23104,972.0,314.0,True
coronavirus_like,4,20,4,80885,7,False,True,True,9424,2608.0,2288.0,True
coronavirus_like,4,20,4,80973,1,False,True,True,5782,1672.0,1228.0,True
coronavirus_like,4,20,4,81802,1,False,True,False,1651,,,
coronavirus_like,4,20,4,83087,1,False,True,True,11542,1178.0,170.0,True
coronavirus_like,4,20,4,85190,9,False,True,True,9079,676.0,24.0,True
coronavirus_like,4,20,4,85341,2,False,True,True,9995,1404.0,513.0,True
coronavirus_like,4,20,4,86524,9,False,True,False,28596,,,
coronavirus_like,4,20,4,87149,2,False,True,True,16942,936.0,576.0,True
coronavirus_like,4,20,4,89343,4,False,True,True,14484,651.0,425.0,True
coronavirus_like,4,20,4,89661,8,False,True,True,2695,1072.0,791.0,True
coronavirus_like,4,20,4,90594,1,False,True,True,12127,593.0,2.0,True
coronavirus_like,4,20,4,90777,1,True,True,True,18295,322.0,288.0,True
coronavirus_like,4,20,4,91374,2,False,True,True,5442,880.0,136.0,True
coronavirus_like,4,20,4,92280,3,False,True,True,1103,440.0,3633.0,False
coronavirus_like,4,20,4,93046,4,False,True,False,574,,,
coronavirus_like,4,20,4,95708,1,True,True,True,18519,380.0,302.0,True
coronavirus_like,4,20,4,96880,2,False,True,False,717,,,
coronavirus_like,4,20,4,97787,7,False,True,True,17720,830.0,67.0,True
coronavirus_like,4,20,4,98457,3,False,True,False,969,,,
coronavirus_like,4,20,4,101310,2,False,True,True,6657,61.0,25.0,True
coronavirus_like,4,20,4,102905,1,False,True,False,28454,,,
coronavirus_like,4,20,4,102951,1,False,True,True,28042,9178.0,-697.0,False
coronavirus_like,4,20,4,105322,1,True,True,True,17911,1380.0,920.0,True
coronavirus_like,4,20,4,109154,1,True,True,True,16054,478.0,257.0,True
coronavirus_like,4,20,4,110405,1,True,True,False,28412,,,
coronavirus_like,4,20,4,110832,2,False,True,True,10018,415.0,183.0,True
coronavirus_like,4,20,4,111647,7,False,True,True,8536,937.0,292.0,True
coronavirus_like,4,20,4,111737,6,False,True,True,11534,69.0,53.0,True
coronavirus_like,4,20,4,111787,2,False,True,True,13699,370.0,135.0,True
coronavirus_like,4,20,4,113432,1,False,True,True,2984,1049.0,290.0,True
coronavirus_like,4,20,4,113958,1,False,True,True,3854,1702.0,262.0,True
coronavirus_like,4,20,4,114526,1,False,True,True,4081,1436.0,655.0,True
coronavirus_like,4,20,4,115773,1,True,True,True,22522,632.0,158.0,True
coronavirus_like,4,20,4,116194,1,False,True,True,16697,346.0,259.0,True
coronavirus_like,4,20,4,116451,3,False,True,True,16445,,,
coronavirus_like,4,20,4,116695,2,False,True,True,23245,343.0,42.0,True
coronavirus_like,4,20,4,116791,2,False,True,True,24118,810.0,284.0,True
coronavirus_like,4,20,4,120404,1,False,True,True,3515,501.0,437.0,True
coronavirus_like,4,20,4,120536,1,False,True,True,11503,1178.0,209.0,True
coronavirus_like,4,20,4,120753,68,False,True,True,3045,821.0,22221.0,False
coronavirus_like,4,20,4,120863,4,False,True,True,20219,473.0,247.0,True
coronavirus_like,4,20,4,122473,1,False,True,True,1553,226.0,12657.0,False
coronavirus_like,4,20,4,126605,1,False,True,False,29321,,,
coronavirus_like,4,20,4,126789,1,False,True,True,25787,,,
coronavirus_like,4,20,4,127720,1,False,True,False,27625,,,
coronavirus_like,4,20,4,127751,1,True,True,True,20502,599.0,80.0,True
coronavirus_like,4,20,4,128123,1,True,True,True,24299,132.0,57.0,True
coronavirus_like,4,20,4,128352,1,True,True,False,1275,,,
coronavirus_like,4,20,4,132782,11,False,True,True,11450,223.0,185.0,True
coronavirus_like,4,20,4,132875,1,False,True,True,17882,1369.0,802.0,True
coronavirus_like,4,20,4,133737,1,False,True,True,2043,676.0,632.0,True
coronavirus_like,4,20,4,135880,1,True,True,True,1245,451.0,246.0,True
coronavirus_like,4,20,4,137825,1,False,True,True,12539,812.0,544.0,True
coronavirus_like,4,20,4,139589,1,False,True,True,25070,217.0,70.0,True
coronavirus_like,4,20,4,140105,4,False,True,True,14035,286.0,235.0,True
coronavirus_like,4,20,4,140310,1,False,True,True,23457,291.0,122.0,True
coronavirus_like,4,20,4,143731,2,False,True,False,27795,,,
coronavirus_like,4,20,4,146735,1,False,True,True,16431,104.0,39.0,True
coronavirus_like,4,20,4,147832,3,False,True,True,3980,1394.0,1249.0,True
coronavirus_like,4,20,4,148110,1,False,True,True,3245,1423.0,464.0,True
coronavirus_like,4,20,4,148866,4,False,True,True,26044,361.0,11.0,True
coronavirus_like,4,20,4,151186,1,False,True,True,13636,342.0,20.0,True
coronavirus_like,4,20,4,151560,1,False,True,False,13381,,,
coronavirus_like,4,20,4,151853,2,False,True,True,5134,728.0,566.0,True
coronavirus_like,4,20,4,152510,4,False,True,True,20766,31.0,7.0,True
coronavirus_like,4,20,4,155062,2,False,True,True,14414,226.0,124.0,True
coronavirus_like,4,20,4,156135,1,True,True,False,28612,,,
coronavirus_like,4,20,4,157362,1,True,True,True,23683,289.0,231.0,True
coronavirus_like,4,20,4,158163,1,True,True,True,18508,427.0,276.0,True
coronavirus_like,4,20,4,159707,5,False,True,True,1791,,,
coronavirus_like,4,20,4,160052,3,False,False,False,562,,,
coronavirus_like,4,20,4,161290,1,False,True,True,27599,227.0,104.0,True
coronavirus_like,4,20,4,161727,1,False,True,True,18945,2472.0,2381.0,True
coronavirus_like,4,20,4,164374,1,False,True,True,12858,450.0,67.0,True
coronavirus_like,4,20,4,164936,1,False,True,True,19741,577.0,241.0,True
coronavirus_like,4,20,4,165587,1,True,True,True,9764,1255.0,1092.0,True
coronavirus_like,4,20,4,166102,1,False,True,True,18730,689.0,403.0,True
coronavirus_like,4,20,4,166193,1,False,True,True,15107,274.0,200.0,True
coronavirus_like,4,20,4,166264,1,True,True,True,20592,156.0,97.0,True
coronavirus_like,4,20,4,166795,1,False,True,True,21417,183.0,113.0,True
coronavirus_like,4,20,4,167997,4,False,True,True,4513,392.0,121.0,True
coronavirus_like,4,20,4,170169,1,False,True,True,29280,186.0,3.0,True
coronavirus_like,4,20,4,171330,2,False,True,True,24571,1313.0,943.0,True
coronavirus_like,4,20,4,171978,1,False,True,True,20452,913.0,80.0,True
coronavirus_like,4,20,4,172198,1,False,True,True,1606,136.0,22.0,True
coronavirus_like,4,20,4,173377,1,False,True,True,23025,1269.0,1041.0,True
coronavirus_like,4,20,4,173597,1,False,True,True,19845,286.0,137.0,True
coronavirus_like,4,20,4,176509,1,False,True,True,12478,142.0,66.0,True
coronavirus_like,4,20,4,177250,1,False,True,True,16115,739.0,414.0,True
coronavirus_like,4,20,5,1323,5,False,True,False,22779,,,
coronavirus_like,4,20,5,2563,1,True,True,False,9990,,,
coronavirus_like,4,20,5,3217,1,False,True,False,6580,,,
coronavirus_like,4,20,5,5533,1,False,True,False,1336,,,
coronavirus_like,4,20,5,7211,1,False,True,False,24631,,,
coronavirus_like,4,20,5,7317,1,True,True,False,23651,,,
coronavirus_like,4,20,5,7534,1,False,True,False,23842,,,
coronavirus_like,4,20,5,9871,2,False,True,False,9122,,,
coronavirus_like,4,20,5,12953,1,False,True,True,22518,5157.0,4123.0,True
coronavirus_like,4,20,5,14777,6,False,True,False,25833,,,
coronavirus_like,4,20,5,15582,1,True,False,False,24379,,,
coronavirus_like,4,20,5,18053,1,False,True,False,29843,,,
coronavirus_like,4,20,5,18957,3,False,True,True,14155,3960.0,2438.0,True
coronavirus_like,4,20,5,19031,1,False,True,True,19590,1541.0,392.0,True
coronavirus_like,4,20,5,21274,2,False,True,True,3558,720.0,484.0,True
coronavirus_like,4,20,5,21503,4,False,False,False,384,,,
coronavirus_like,4,20,5,22667,2,False,True,False,18499,,,
coronavirus_like,4,20,5,22716,2,False,False,False,281,,,
coronavirus_like,4,20,5,25935,44,False,True,True,17897,1731.0,1353.0,True
coronavirus_like,4,20,5,26192,1,True,True,False,2873,,,
coronavirus_like,4,20,5,28000,1,False,True,False,18677,,,
coronavirus_like,4,20,5,28482,1,True,True,True,7129,1019.0,901.0,True
coronavirus_like,4,20,5,29681,1,False,False,False,374,,,
coronavirus_like,4,20,5,30186,2,False,True,True,10086,1735.0,753.0,True
coronavirus_like,4,20,5,30467,2,False,True,True,17635,1134.0,824.0,True
coronavirus_like,4,20,5,30955,1,False,True,False,17039,,,
coronavirus_like,4,20,5,32046,2,False,True,True,10084,11322.0,10772.0,True
coronavirus_like,4,20,5,34492,17,False,True,True,16306,470.0,348.0,True
coronavirus_like,4,20,5,35022,3,False,True,True,19765,1155.0,1006.0,True
coronavirus_like,4,20,5,36567,1,False,True,True,5793,380.0,224.0,True
coronavirus_like,4,20,5,36696,1,False,True,False,27668,,,
coronavirus_like,4,20,5,37810,1,False,True,True,9529,461.0,36.0,True
coronavirus_like,4,20,5,37917,1,False,True,False,212,,,
coronavirus_like,4,20,5,38927,45,False,False,False,29706,,,
coronavirus_like,4,20,5,39013,3,False,True,False,24114,,,
coronavirus_like,4,20,5,39403,1,False,True,True,9380,335.0,59.0,True
coronavirus_like,4,20,5,42901,1,False,True,False,29744,,,
coronavirus_like,4,20,5,43550,4,False,True,True,18645,228.0,43.0,True
coronavirus_like,4,20,5,45623,4,False,True,True,16789,1186.0,-170.0,False
coronavirus_like,4,20,5,45867,1,True,True,True,25324,1196.0,316.0,True
coronavirus_like,4,20,5,46273,1,True,True,False,29425,,,
coronavirus_like,4,20,5,47551,1,False,True,True,6537,1672.0,473.0,True
coronavirus_like,4,20,5,50336,1,False,True,True,15953,2520.0,2506.0,True
coronavirus_like,4,20,5,54701,1,False,True,True,15009,409.0,298.0,True
coronavirus_like,4,20,5,56130,1,True,True,True,20072,1662.0,1206.0,True
coronavirus_like,4,20,5,57397,1,False,True,False,5942,,,
coronavirus_like,4,20,5,58112,1,False,True,True,12253,4971.0,4744.0,True
coronavirus_like,4,20,5,58785,3,False,True,True,21771,1050.0,228.0,True
coronavirus_like,4,20,5,62349,12,False,True,True,6644,365.0,311.0,True
coronavirus_like,4,20,5,62695,2,False,True,True,22589,4977.0,2371.0,True
coronavirus_like,4,20,5,64970,8,False,True,True,19594,1079.0,681.0,True
coronavirus_like,4,20,5,65494,1,False,True,True,26252,2477.0,1266.0,True
coronavirus_like,4,20,5,67884,10,False,True,True,21718,945.0,281.0,True
coronavirus_like,4,20,5,68520,2,False,True,True,19276,1160.0,706.0,True
coronavirus_like,4,20,5,68928,1,False,True,True,12055,838.0,518.0,True
coronavirus_like,4,20,5,69826,2,False,True,True,19793,1293.0,189.0,True
coronavirus_like,4,20,5,71328,1,False,True,True,6804,286.0,151.0,True
coronavirus_like,4,20,5,71551,1,False,True,True,5533,1203.0,439.0,True
coronavirus_like,4,20,5,72838,1,False,True,False,26279,,,
coronavirus_like,4,20,5,75502,1,False,True,True,24983,729.0,190.0,True
coronavirus_like,4,20,5,76293,1,False,True,False,861,,,
coronavirus_like,4,20,5,76817,1,False,True,True,2249,692.0,364.0,True
coronavirus_like,4,20,5,77625,1,False,True,False,26750,,,
coronavirus_like,4,20,5,78992,1,False,True,True,13339,1079.0,97.0,True
coronavirus_like,4,20,5,80193,1,True,True,True,23104,972.0,314.0,True
coronavirus_like,4,20,5,80885,7,False,True,True,9424,2608.0,2288.0,True
coronavirus_like,4,20,5,80973,1,False,True,True,5782,1672.0,1228.0,True
coronavirus_like,4,20,5,81802,1,False,True,False,1651,,,
coronavirus_like,4,20,5,83087,1,False,True,True,11542,1178.0,170.0,True
coronavirus_like,4,20,5,85190,9,False,True,True,9079,676.0,24.0,True
coronavirus_like,4,20,5,85341,2,False,True,True,9995,1404.0,513.0,True
coronavirus_like,4,20,5,86524,9,False,True,False,28596,,,
coronavirus_like,4,20,5,87149,2,False,True,True,16942,936.0,576.0,True
coronavirus_like,4,20,5,89343,4,False,True,True,14484,651.0,425.0,True
coronavirus_like,4,20,5,89661,8,False,True,True,2695,1072.0,791.0,True
coronavirus_like,4,20,5,90594,1,False,True,True,12127,593.0,2.0,True
coronavirus_like,4,20,5,90777,1,True,True,True,18295,322.0,288.0,True
coronavirus_like,4,20,5,91374,2,False,True,True,5442,880.0,136.0,True
coronavirus_like,4,20,5,92280,3,False,True,True,1103,440.0,3633.0,False
coronavirus_like,4,20,5,93046,4,False,True,False,574,,,
coronavirus_like,4,20,5,95708,1,True,True,True,18519,380.0,302.0,True
coronavirus_like,4,20,5,96880,2,False,True,False,717,,,
coronavirus_like,4,20,5,97787,7,False,True,True,17720,830.0,67.0,True
coronavirus_like,4,20,5,98457,3,False,True,False,969,,,
coronavirus_like,4,20,5,101310,2,False,True,True,6657,61.0,25.0,True
coronavirus_like,4,20,5,102905,1,False,True,False,28454,,,
coronavirus_like,4,20,5,102951,1,False,True,True,28042,9178.0,-697.0,False
coronavirus_like,4,20,5,105322,1,True,True,True,17911,1380.0,920.0,True
coronavirus_like,4,20,5,109154,1,True,True,True,16054,478.0,257.0,True
coronavirus_like,4,20,5,110405,1,True,True,False,28412,,,
coronavirus_like,4,20,5,110832,2,False,True,True,10018,415.0,183.0,True
coronavirus_like,4,20,5,111647,7,False,True,True,8536,937.0,292.0,True
coronavirus_like,4,20,5,111737,6,False,True,True,11534,69.0,53.0,True
coronavirus_like,4,20,5,111787,2,False,True,True,13699,370.0,135.0,True
coronavirus_like,4,20,5,113432,1,False,True,True,2984,1049.0,290.0,True
coronavirus_like,4,20,5,113958,1,False,True,True,3854,1702.0,262.0,True
coronavirus_like,4,20,5,114526,1,False,True,True,4081,1436.0,655.0,True
coronavirus_like,4,20,5,115773,1,True,True,True,22522,632.0,158.0,True
coronavirus_like,4,20,5,116194,1,False,True,True,16697,346.0,259.0,True
coronavirus_like,4,20,5,116451,3,False,True,True,16445,,,
coronavirus_like,4,20,5,116695,2,False,True,True,23245,343.0,42.0,True
coronavirus_like,4,20,5,116791,2,False,True,True,24118,810.0,284.0,True
coronavirus_like,4,20,5,120404,1,False,True,True,3515,501.0,437.0,True
coronavirus_like,4,20,5,120536,1,False,True,True,11503,1178.0,209.0,True
coronavirus_like,4,20,5,120753,68,False,True,True,3045,821.0,22221.0,False
coronavirus_like,4,20,5,120863,4,False,True,True,20219,473.0,247.0,True
coronavirus_like,4,20,5,122473,1,False,True,True,1553,226.0,12657.0,False
coronavirus_like,4,20,5,126605,1,False,True,False,29321,,,
coronavirus_like,4,20,5,126789,1,False,True,True,25787,,,
coronavirus_like,4,20,5,127720,1,False,True,False,27625,,,
coronavirus_like,4,20,5,127751,1,True,True,True,20502,599.0,80.0,True
coronavirus_like,4,20,5,128123,1,True,True,True,24299,132.0,57.0,True
coronavirus_like,4,20,5,128352,1,True,True,False,1275,,,
coronavirus_like,4,20,5,132782,11,False,True,True,11450,223.0,185.0,True
coronavirus_like,4,20,5,132875,1,False,True,True,17882,1369.0,802.0,True
coronavirus_like,4,20,5,133737,1,False,True,True,2043,676.0,632.0,True
coronavirus_like,4,20,5,135880,1,True,True,True,1245,451.0,246.0,True
coronavirus_like,4,20,5,137825,1,False,True,True,12539,812.0,544.0,True
coronavirus_like,4,20,5,139589,1,False,True,True,25070,217.0,70.0,True
coronavirus_like,4,20,5,140105,4,False,True,True,14035,286.0,235.0,True
coronavirus_like,4,20,5,140310,1,False,True,True,23457,291.0,122.0,True
coronavirus_like,4,20,5,143731,2,False,True,False,27795,,,
coronavirus_like,4,20,5,146735,1,False,True,True,16431,104.0,39.0,True
coronavirus_like,4,20,5,147832,3,False,True,True,3980,1394.0,1249.0,True
coronavirus_like,4,20,5,148110,1,False,True,True,3245,1423.0,464.0,True
coronavirus_like,4,20,5,148866,4,False,True,True,26044,361.0,11.0,True
coronavirus_like,4,20,5,151186,1,False,True,True,13636,342.0,20.0,True
coronavirus_like,4,20,5,151560,1,False,True,False,13381,,,
coronavirus_like,4,20,5,151853,2,False,True,True,5134,728.0,566.0,True
coronavirus_like,4,20,5,152510,4,False,True,True,20766,31.0,7.0,True
coronavirus_like,4,20,5,155062,2,False,True,True,14414,226.0,124.0,True
coronavirus_like,4,20,5,156135,1,True,True,False,28612,,,
coronavirus_like,4,20,5,157362,1,True,True,True,23683,289.0,231.0,True
coronavirus_like,4,20,5,158163,1,True,True,True,18508,427.0,276.0,True
coronavirus_like,4,20,5,159707,5,False,True,True,1791,,,
coronavirus_like,4,20,5,160052,3,False,False,False,562,,,
coronavirus_like,4,20,5,161290,1,False,True,True,27599,227.0,104.0,True
coronavirus_like,4,20,5,161727,1,False,True,True,18945,2472.0,2381.0,True
coronavirus_like,4,20,5,164374,1,False,True,True,12858,450.0,67.0,True
coronavirus_like,4,20,5,164936,1,False,True,True,19741,577.0,241.0,True
coronavirus_like,4,20,5,165587,1,True,True,True,9764,1255.0,1092.0,True
coronavirus_like,4,20,5,166102,1,False,True,True,18730,689.0,403.0,True
coronavirus_like,4,20,5,166193,1,False,True,True,15107,274.0,200.0,True
coronavirus_like,4,20,5,166264,1,True,True,True,20592,156.0,97.0,True
coronavirus_like,4,20,5,166795,1,False,True,True,21417,183.0,113.0,True
coronavirus_like,4,20,5,167997,4,False,True,True,4513,392.0,121.0,True
coronavirus_like,4,20,5,170169,1,False,True,False,29280,,,
coronavirus_like,4,20,5,171330,2,False,True,True,24571,1313.0,943.0,True
coronavirus_like,4,20,5,171978,1,False,True,True,20452,913.0,80.0,True
coronavirus_like,4,20,5,172198,1,False,True,True,1606,136.0,22.0,True
coronavirus_like,4,20,5,173377,1,False,True,True,23025,1269.0,1041.0,True
coronavirus_like,4,20,5,173597,1,False,True,True,19845,286.0,137.0,True
coronavirus_like,4,20,5,176509,1,False,True,True,12478,142.0,66.0,True
coronavirus_like,4,20,5,177250,1,False,True,True,16115,739.0,414.0,True
coronavirus_like,4,100,3,225,1,True,False,False,27691,,,
coronavirus_like,4,100,3,1035,1,False,True,True,16535,1944.0,1924.0,True
coronavirus_like,4,100,3,1060,1,True,False,False,28678,,,
coronavirus_like,4,100,3,1323,1,True,True,False,22779,,,
coronavirus_like,4,100,3,1395,1,True,True,True,8757,1072.0,346.0,True
coronavirus_like,4,100,3,2500,2,False,True,False,17488,,,
coronavirus_like,4,100,3,2563,1,True,True,False,9990,,,
coronavirus_like,4,100,3,2680,1,False,True,True,12937,9611.0,8946.0,True
coronavirus_like,4,100,3,2862,2,False,False,False,2293,,,
coronavirus_like,4,100,3,3217,3,False,True,False,6580,,,
coronavirus_like,4,100,3,3264,3,False,False,False,662,,,
coronavirus_like,4,100,3,4192,2,False,True,True,17104,5969.0,2534.0,True
coronavirus_like,4,100,3,5533,3,False,True,False,1336,,,
coronavirus_like,4,100,3,6932,1,False,True,False,4116,,,
coronavirus_like,4,100,3,6954,1,False,False,False,35,,,
coronavirus_like,4,100,3,7211,4,False,True,False,24631,,,
coronavirus_like,4,100,3,7317,1,True,True,False,23651,,,
coronavirus_like,4,100,3,7534,1,False,True,False,23842,,,
coronavirus_like,4,100,3,7920,1,True,True,True,16846,4900.0,1594.0,True
coronavirus_like,4,100,3,8735,3,False,True,True,8973,491.0,260.0,True
coronavirus_like,4,100,3,9370,1,True,True,False,15805,,,
coronavirus_like,4,100,3,9871,8,False,True,True,9122,2717.0,2294.0,True
coronavirus_like,4,100,3,10138,1,False,True,False,2269,,,
coronavirus_like,4,100,3,10750,1,False,True,True,23238,5073.0,1985.0,True
coronavirus_like,4,100,3,10770,2,False,True,True,8927,2344.0,2116.0,True
coronavirus_like,4,100,3,11634,3,False,True,True,19720,5004.0,2377.0,True
coronavirus_like,4,100,3,12953,2,False,True,True,22518,5157.0,4123.0,True
coronavirus_like,4,100,3,14777,7,False,True,True,25833,2790.0,1401.0,True
coronavirus_like,4,100,3,15582,1,True,False,False,24379,,,
coronavirus_like,4,100,3,18053,1,False,True,False,29843,,,
coronavirus_like,4,100,3,18175,1,True,False,False,26753,,,
coronavirus_like,4,100,3,18957,7,False,True,True,14155,3399.0,2738.0,True
coronavirus_like,4,100,3,19031,1,False,True,True,19590,1541.0,392.0,True
coronavirus_like,4,100,3,19092,1,False,True,True,13784,5185.0,3540.0,True
coronavirus_like,4,100,3,19244,1,False,True,True,3054,885.0,245.0,True
coronavirus_like,4,100,3,19648,1,True,True,True,9059,112.0,13.0,True
coronavirus_like,4,100,3,19810,1,True,True,True,15269,4855.0,3171.0,True
coronavirus_like,4,100,3,20447,1,True,True,True,6411,962.0,268.0,True
coronavirus_like,4,100,3,20880,1,True,True,True,11187,574.0,525.0,True
coronavirus_like,4,100,3,21274,5,False,True,True,3558,720.0,484.0,True
coronavirus_like,4,100,3,21388,1,False,True,False,2883,,,
coronavirus_like,4,100,3,21503,6,False,False,False,384,,,
coronavirus_like,4,100,3,22667,3,False,True,True,18499,4177.0,2193.0,True
coronavirus_like,4,100,3,22716,5,False,False,False,281,,,
coronavirus_like,4,100,3,23807,1,True,True,False,23541,,,
coronavirus_like,4,100,3,25052,1,False,True,True,6915,3184.0,2318.0,True
coronavirus_like,4,100,3,25458,1,True,True,True,24250,931.0,193.0,True
coronavirus_like,4,100,3,25935,4,False,True,True,17897,1731.0,1353.0,True
coronavirus_like,4,100,3,26192,1,True,True,False,2873,,,
coronavirus_like,4,100,3,28000,2,False,True,False,18677,,,
coronavirus_like,4,100,3,28171,1,True,True,True,14820,1965.0,44.0,True
coronavirus_like,4,100,3,28482,1,True,True,True,7129,1019.0,901.0,True
coronavirus_like,4,100,3,28859,1,False,True,True,17511,1101.0,929.0,True
coronavirus_like,4,100,3,29681,2,False,False,False,374,,,
coronavirus_like,4,100,3,29758,1,True,True,True,25408,2176.0,-4396.0,False
coronavirus_like,4,100,3,30186,3,False,True,True,10086,1432.0,753.0,True
coronavirus_like,4,100,3,30467,1,True,True,True,17635,1134.0,824.0,True
coronavirus_like,4,100,3,30955,4,False,True,True,17039,3525.0,285.0,True
coronavirus_like,4,100,3,32046,2,False,True,True,10084,2003.0,1453.0,True
coronavirus_like,4,100,3,33958,1,True,True,True,5026,2411.0,2383.0,True
coronavirus_like,4,100,3,34492,1,False,True,True,16306,2468.0,348.0,True
coronavirus_like,4,100,3,34759,1,False,False,False,29416,,,
coronavirus_like,4,100,3,35022,1,False,True,True,19765,1155.0,1006.0,True
coronavirus_like,4,100,3,36567,1,False,True,True,5793,380.0,224.0,True
coronavirus_like,4,100,3,36623,1,False,True,False,27669,,,
coronavirus_like,4,100,3,36696,3,False,True,True,27668,171.0,47.0,True
coronavirus_like,4,100,3,36940,1,False,True,True,17349,3353.0,2997.0,True
coronavirus_like,4,100,3,36996,1,False,False,False,28276,,,
coronavirus_like,4,100,3,37810,2,False,True,True,9529,196.0,36.0,True
coronavirus_like,4,100,3,37917,1,False,True,False,212,,,
coronavirus_like,4,100,3,37935,1,True,True,True,21043,931.0,235.0,True
coronavirus_like,4,100,3,38927,26,False,False,False,29706,,,
coronavirus_like,4,100,3,39013,4,False,True,True,24114,1786.0,1774.0,True
coronavirus_like,4,100,3,39403,3,False,True,True,9380,335.0,59.0,True
coronavirus_like,4,100,3,39800,1,False,True,True,7345,1534.0,819.0,True
coronavirus_like,4,100,3,41348,1,False,True,True,24280,2734.0,2361.0,True
coronavirus_like,4,100,3,41498,1,False,True,True,21061,1115.0,560.0,True
coronavirus_like,4,100,3,41522,1,False,True,True,15396,3143.0,1305.0,True
coronavirus_like,4,100,3,42901,1,False,True,False,29744,,,
coronavirus_like,4,100,3,42910,1,False,True,True,25560,414.0,28.0,True
coronavirus_like,4,100,3,43344,2,False,True,True,14458,1763.0,657.0,True
coronavirus_like,4,100,3,43550,6,False,True,True,18645,228.0,43.0,True
coronavirus_like,4,100,3,45623,11,False,True,True,16789,1564.0,208.0,True
coronavirus_like,4,100,3,45867,1,True,True,True,25324,1196.0,316.0,True
coronavirus_like,4,100,3,46273,1,True,True,False,29425,,,
coronavirus_like,4,100,3,47004,1,False,False,False,29055,,,
coronavirus_like,4,100,3,47551,1,False,True,True,6537,1672.0,473.0,True
coronavirus_like,4,100,3,48767,1,False,True,True,12515,601.0,405.0,True
coronavirus_like,4,100,3,49653,1,True,True,True,13316,1976.0,790.0,True
coronavirus_like,4,100,3,50336,1,False,True,True,15953,2520.0,2506.0,True
coronavirus_like,4,100,3,50638,1,False,True,True,16927,268.0,70.0,True
coronavirus_like,4,100,3,50644,1,False,True,True,23597,1313.0,846.0,True
coronavirus_like,4,100,3,52196,1,False,True,False,27313,,,
coronavirus_like,4,100,3,52696,1,False,True,True,15937,400.0,80.0,True
coronavirus_like,4,100,3,54701,2,False,True,True,15009,352.0,298.0,True
coronavirus_like,4,100,3,55069,1,False,True,True,11490,620.0,370.0,True
coronavirus_like,4,100,3,56130,1,True,True,True,20072,1662.0,1206.0,True
coronavirus_like,4,100,3,56486,1,False,True,True,6616,493.0,394.0,True
coronavirus_like,4,100,3,57260,1,False,True,True,14485,790.0,412.0,True
coronavirus_like,4,100,3,57397,1,True,True,True,5942,1194.0,544.0,True
coronavirus_like,4,100,3,58112,1,False,True,True,12253,4971.0,4744.0,True
coronavirus_like,4,100,3,58785,20,False,True,True,21771,1050.0,228.0,True
coronavirus_like,4,100,3,59694,1,True,True,True,23403,1792.0,1519.0,True
coronavirus_like,4,100,3,59815,1,True,True,True,7138,1009.0,506.0,True
coronavirus_like,4,100,3,60093,1,True,True,True,5503,764.0,469.0,True
coronavirus_like,4,100,3,60388,1,False,True,True,15463,1742.0,1143.0,True
coronavirus_like,4,100,3,62206,3,False,True,True,14983,881.0,446.0,True
coronavirus_like,4,100,3,62275,1,True,True,True,15793,902.0,570.0,True
coronavirus_like,4,100,3,62292,1,True,True,True,17948,2010.0,1170.0,True
coronavirus_like,4,100,3,62349,9,False,True,True,6644,365.0,311.0,True
coronavirus_like,4,100,3,62578,5,False,True,True,11430,228.0,82.0,True
coronavirus_like,4,100,3,62695,3,False,True,True,22589,4977.0,2371.0,True
coronavirus_like,4,100,3,62854,1,False,True,False,1686,,,
coronavirus_like,4,100,3,63184,3,False,True,True,16204,43.0,1.0,True
coronavirus_like,4,100,3,63875,1,False,True,True,8856,1534.0,377.0,True
coronavirus_like,4,100,3,64404,1,False,True,True,26555,775.0,72.0,True
coronavirus_like,4,100,3,64635,2,False,True,True,22968,182.0,105.0,True
coronavirus_like,4,100,3,64970,10,False,True,True,19594,1079.0,681.0,True
coronavirus_like,4,100,3,65338,1,True,True,True,27528,1479.0,350.0,True
coronavirus_like,4,100,3,65494,2,False,True,True,26252,2477.0,1266.0,True
coronavirus_like,4,100,3,67884,3,False,True,True,21718,945.0,281.0,True
coronavirus_like,4,100,3,68520,1,False,True,True,19276,1160.0,706.0,True
coronavirus_like,4,100,3,68928,2,False,True,True,12055,838.0,518.0,True
coronavirus_like,4,100,3,69207,1,False,True,False,29078,,,
coronavirus_like,4,100,3,69619,1,False,True,True,11302,2318.0,109.0,True
coronavirus_like,4,100,3,69826,12,False,True,True,19793,1293.0,189.0,True
coronavirus_like,4,100,3,71328,3,False,True,True,6804,286.0,151.0,True
coronavirus_like,4,100,3,71551,2,False,True,True,5533,1203.0,439.0,True
coronavirus_like,4,100,3,72268,1,True,True,True,13819,513.0,475.0,True
coronavirus_like,4,100,3,72336,1,False,True,True,20237,418.0,99.0,True
coronavirus_like,4,100,3,72838,1,False,True,True,26279,916.0,362.0,True
coronavirus_like,4,100,3,73847,1,False,False,False,286,,,
coronavirus_like,4,100,3,73936,1,True,True,True,9942,1101.0,393.0,True
coronavirus_like,4,100,3,74002,2,False,True,True,21531,1058.0,1011.0,True
coronavirus_like,4,100,3,74592,1,False,True,False,2959,,,
coronavirus_like,4,100,3,74670,1,True,True,True,12726,876.0,625.0,True
coronavirus_like,4,100,3,74792,1,False,True,False,28523,,,
coronavirus_like,4,100,3,75502,6,False,True,True,24983,729.0,190.0,True
coronavirus_like,4,100,3,75698,1,False,True,True,15197,647.0,120.0,True
coronavirus_like,4,100,3,76293,1,False,True,True,861,531.0,357.0,True
coronavirus_like,4,100,3,76367,1,True,True,True,14188,389.0,308.0,True
coronavirus_like,4,100,3,76662,1,False,True,True,23960,4696.0,240.0,True
coronavirus_like,4,100,3,76817,1,False,True,True,2249,692.0,364.0,True
coronavirus_like,4,100,3,77337,1,False,True,True,7161,280.0,75.0,True
coronavirus_like,4,100,3,77625,4,False,True,True,26750,732.0,624.0,True
coronavirus_like,4,100,3,78527,1,False,True,True,21289,721.0,15.0,True
coronavirus_like,4,100,3,78992,1,False,True,True,13339,1079.0,97.0,True
coronavirus_like,4,100,3,79113,1,False,True,True,13134,831.0,420.0,True
coronavirus_like,4,100,3,79647,1,True,True,True,2394,1066.0,243.0,True
coronavirus_like,4,100,3,79937,3,False,True,True,29779,95.0,-19488.0,False
coronavirus_like,4,100,3,80066,1,True,True,True,3573,785.0,722.0,True
coronavirus_like,4,100,3,80193,1,True,True,True,23104,972.0,314.0,True
coronavirus_like,4,100,3,80885,11,False,True,True,9424,751.0,577.0,True
coronavirus_like,4,100,3,80973,4,False,True,True,5782,1672.0,1228.0,True
coronavirus_like,4,100,3,81802,5,False,True,False,1651,,,
coronavirus_like,4,100,3,82391,1,True,True,True,4680,453.0,69.0,True
coronavirus_like,4,100,3,82692,1,True,True,True,9792,1045.0,357.0,True
coronavirus_like,4,100,3,83087,2,False,True,True,11542,679.0,170.0,True
coronavirus_like,4,100,3,83422,1,True,True,True,15335,511.0,325.0,True
coronavirus_like,4,100,3,85190,21,False,True,True,9079,676.0,24.0,True
coronavirus_like,4,100,3,85341,2,False,True,True,9995,1404.0,513.0,True
coronavirus_like,4,100,3,85395,1,True,True,True,13941,2305.0,923.0,True
coronavirus_like,4,100,3,85433,1,True,True,True,18129,913.0,34.0,True
coronavirus_like,4,100,3,86028,1,False,True,True,26504,776.0,137.0,True
coronavirus_like,4,100,3,86396,1,False,True,True,4296,1710.0,1282.0,True
coronavirus_like,4,100,3,86429,1,True,True,True,8333,363.0,61.0,True
coronavirus_like,4,100,3,86524,13,False,True,False,28596,,,
coronavirus_like,4,100,3,87149,1,True,True,True,16942,936.0,576.0,True
coronavirus_like,4,100,3,87285,3,False,True,True,4700,440.0,36.0,True
coronavirus_like,4,100,3,87696,2,False,True,True,6839,831.0,259.0,True
coronavirus_like,4,100,3,88488,1,False,True,True,18887,261.0,206.0,True
coronavirus_like,4,100,3,89343,5,False,True,True,14484,2561.0,425.0,True
coronavirus_like,4,100,3,89661,1,False,True,True,2695,904.0,791.0,True
coronavirus_like,4,100,3,90231,1,True,True,True,20043,3548.0,561.0,True
coronavirus_like,4,100,3,90411,1,False,True,True,13966,1468.0,599.0,True
coronavirus_like,4,100,3,90594,1,False,True,True,12127,593.0,2.0,True
coronavirus_like,4,100,3,90777,1,True,True,True,18295,322.0,288.0,True
coronavirus_like,4,100,3,91374,5,False,True,True,5442,880.0,136.0,True
coronavirus_like,4,100,3,92280,13,False,True,False,1103,,,
coronavirus_like,4,100,3,92571,1,True,True,True,5671,2012.0,1339.0,True
coronavirus_like,4,100,3,92711,1,False,True,True,3359,1036.0,91.0,True
coronavirus_like,4,100,3,93046,3,False,True,False,574,,,
coronavirus_like,4,100,3,93359,2,False,True,True,3766,143.0,87.0,True
coronavirus_like,4,100,3,94240,1,False,True,True,9118,140.0,126.0,True
coronavirus_like,4,100,3,95708,1,True,True,True,18519,380.0,302.0,True
coronavirus_like,4,100,3,96757,2,False,True,True,7411,354.0,58.0,True
coronavirus_like,4,100,3,96880,6,False,True,False,717,,,
coronavirus_like,4,100,3,97013,2,False,True,True,14715,292.0,143.0,True
coronavirus_like,4,100,3,97617,1,False,True,True,7606,396.0,38.0,True
coronavirus_like,4,100,3,97787,17,False,True,True,17720,830.0,67.0,True
coronavirus_like,4,100,3,98457,4,False,True,False,969,,,
coronavirus_like,4,100,3,98774,1,True,True,True,15793,559.0,19.0,True
coronavirus_like,4,100,3,99987,1,True,True,True,12980,1041.0,620.0,True
coronavirus_like,4,100,3,101125,1,True,True,False,682,,,
coronavirus_like,4,100,3,101186,1,False,True,True,25181,1183.0,1143.0,True
coronavirus_like,4,100,3,101310,2,False,True,True,6657,61.0,25.0,True
coronavirus_like,4,100,3,101371,1,False,True,True,22026,1439.0,980.0,True
coronavirus_like,4,100,3,102297,1,False,True,True,7312,579.0,403.0,True
coronavirus_like,4,100,3,102905,1,True,True,False,28454,,,
coronavirus_like,4,100,3,102951,2,False,True,True,28042,9178.0,-697.0,False
coronavirus_like,4,100,3,103607,1,False,True,True,28229,260.0,55.0,True
coronavirus_like,4,100,3,104018,1,False,True,False,4158,,,
coronavirus_like,4,100,3,105322,1,True,True,True,17911,,,
coronavirus_like,4,100,3,105948,1,False,True,True,24030,1735.0,248.0,True
coronavirus_like,4,100,3,106626,1,False,True,True,19959,546.0,203.0,True
coronavirus_like,4,100,3,107197,1,False,True,False,28370,,,
coronavirus_like,4,100,3,109154,1,True,True,True,16054,478.0,257.0,True
coronavirus_like,4,100,3,110405,1,True,True,False,28412,,,
coronavirus_like,4,100,3,110832,1,False,True,True,10018,415.0,183.0,True
coronavirus_like,4,100,3,110909,1,False,True,True,7929,553.0,323.0,True
coronavirus_like,4,100,3,111647,5,False,True,True,8536,937.0,292.0,True
coronavirus_like,4,100,3,111737,1,False,True,True,11534,69.0,53.0,True
coronavirus_like,4,100,3,111787,5,False,True,True,13699,370.0,135.0,True
coronavirus_like,4,100,3,112929,1,False,True,True,19607,787.0,585.0,True
coronavirus_like,4,100,3,113432,1,False,True,True,2984,1049.0,290.0,True
coronavirus_like,4,100,3,113958,3,False,True,True,3854,1702.0,262.0,True
coronavirus_like,4,100,3,114133,1,False,True,True,8200,509.0,8.0,True
coronavirus_like,4,100,3,114359,1,False,True,True,14013,226.0,197.0,True
coronavirus_like,4,100,3,114512,1,False,True,True,25345,980.0,295.0,True
coronavirus_like,4,100,3,114526,2,False,True,True,4081,1436.0,655.0,True
coronavirus_like,4,100,3,114897,1,False,True,False,29196,,,
coronavirus_like,4,100,3,115773,1,True,True,True,22522,632.0,158.0,True
coronavirus_like,4,100,3,116194,1,True,True,True,16697,346.0,259.0,True
coronavirus_like,4,100,3,116451,6,False,True,True,16445,374.0,241.0,True
coronavirus_like,4,100,3,116695,1,False,True,True,23245,343.0,42.0,True
coronavirus_like,4,100,3,116791,4,False,True,True,24118,750.0,224.0,True
coronavirus_like,4,100,3,116822,2,False,True,True,1701,819.0,523.0,True
coronavirus_like,4,100,3,119836,1,True,True,False,2991,,,
coronavirus_like,4,100,3,120404,1,False,True,True,3515,739.0,675.0,True
coronavirus_like,4,100,3,120536,2,False,True,True,11503,1178.0,209.0,True
coronavirus_like,4,100,3,120701,1,True,True,True,13254,984.0,18.0,True
coronavirus_like,4,100,3,120753,12,False,True,True,3045,68.0,52.0,True
coronavirus_like,4,100,3,120863,9,False,True,True,20219,473.0,247.0,True
coronavirus_like,4,100,3,122473,1,False,True,True,1553,654.0,506.0,True
coronavirus_like,4,100,3,123664,1,False,True,True,12123,452.0,64.0,True
coronavirus_like,4,100,3,123794,1,True,True,True,22641,513.0,249.0,True
coronavirus_like,4,100,3,124981,1,True,True,True,12478,534.0,186.0,True
coronavirus_like,4,100,3,126539,1,True,True,True,20031,537.0,489.0,True
coronavirus_like,4,100,3,126605,4,False,True,False,29321,,,
coronavirus_like,4,100,3,126789,1,False,True,True,25787,671.0,574.0,True
coronavirus_like,4,100,3,127444,1,False,True,True,734,58.0,3.0,True
coronavirus_like,4,100,3,127720,2,False,True,True,27625,1125.0,148.0,True
coronavirus_like,4,100,3,127751,1,True,True,True,20502,599.0,80.0,True
coronavirus_like,4,100,3,128032,1,False,True,True,5159,116.0,55.0,True
coronavirus_like,4,100,3,128123,1,True,True,True,24299,132.0,57.0,True
coronavirus_like,4,100,3,128207,1,False,True,True,16713,3389.0,3013.0,True
coronavirus_like,4,100,3,128352,1,True,True,False,1275,,,
coronavirus_like,4,100,3,129100,1,True,True,True,24212,1521.0,889.0,True
coronavirus_like,4,100,3,130222,1,False,True,True,13576,511.0,323.0,True
coronavirus_like,4,100,3,130413,7,False,True,True,5653,240.0,192.0,True
coronavirus_like,4,100,3,131066,1,False,True,True,19014,208.0,26.0,True
coronavirus_like,4,100,3,132782,35,False,True,True,11450,223.0,185.0,True
coronavirus_like,4,100,3,132875,2,False,True,True,17882,1474.0,907.0,True
coronavirus_like,4,100,3,133737,3,False,True,True,2043,676.0,632.0,True
coronavirus_like,4,100,3,134856,2,False,True,True,1266,555.0,469.0,True
coronavirus_like,4,100,3,135880,1,True,True,True,1245,451.0,246.0,True
coronavirus_like,4,100,3,136026,1,True,True,True,6129,2254.0,600.0,True
coronavirus_like,4,100,3,137825,1,True,True,True,12539,812.0,544.0,True
coronavirus_like,4,100,3,138661,1,True,True,True,4909,108.0,46.0,True
coronavirus_like,4,100,3,139452,2,False,False,False,29799,,,
coronavirus_like,4,100,3,139589,1,True,True,True,25070,217.0,70.0,True
coronavirus_like,4,100,3,140105,10,False,True,True,14035,286.0,235.0,True
coronavirus_like,4,100,3,140310,5,False,True,True,23457,291.0,122.0,True
coronavirus_like,4,100,3,140380,1,False,True,True,12711,149.0,41.0,True
coronavirus_like,4,100,3,140736,1,True,True,True,27107,1679.0,1250.0,True
coronavirus_like,4,100,3,142154,1,False,True,True,19404,9.0,0.0,True
coronavirus_like,4,100,3,142583,1,True,True,True,17942,1037.0,507.0,True
coronavirus_like,4,100,3,143731,7,False,True,False,27795,,,
coronavirus_like,4,100,3,143895,1,False,False,False,87,,,
coronavirus_like,4,100,3,145494,1,False,True,True,17963,1360.0,1257.0,True
coronavirus_like,4,100,3,146400,1,True,True,True,5298,454.0,280.0,True
coronavirus_like,4,100,3,146495,2,False,True,True,4252,1054.0,845.0,True
coronavirus_like,4,100,3,146735,2,False,True,True,16431,104.0,39.0,True
coronavirus_like,4,100,3,147832,3,False,True,True,3980,1394.0,1249.0,True
coronavirus_like,4,100,3,147877,2,False,True,True,1689,1023.0,739.0,True
coronavirus_like,4,100,3,147932,1,False,True,True,18187,250.0,241.0,True
coronavirus_like,4,100,3,148110,1,False,True,True,3245,1423.0,464.0,True
coronavirus_like,4,100,3,148135,3,False,True,True,3648,595.0,186.0,True
coronavirus_like,4,100,3,148271,1,False,True,True,11210,373.0,20.0,True
coronavirus_like,4,100,3,148645,1,True,True,False,29324,,,
coronavirus_like,4,100,3,148866,3,False,True,True,26044,361.0,11.0,True
coronavirus_like,4,100,3,151186,2,False,True,True,13636,342.0,20.0,True
coronavirus_like,4,100,3,151560,7,False,True,False,13381,,,
coronavirus_like,4,100,3,151708,1,True,True,True,14091,241.0,15.0,True
coronavirus_like,4,100,3,151853,1,True,True,True,5134,728.0,566.0,True
coronavirus_like,4,100,3,151884,1,False,True,True,19089,244.0,209.0,True
coronavirus_like,4,100,3,152510,9,False,True,True,20766,31.0,7.0,True
coronavirus_like,4,100,3,152522,1,False,True,True,16493,585.0,31.0,True
coronavirus_like,4,100,3,153838,1,False,True,True,8359,146.0,49.0,True
coronavirus_like,4,100,3,155062,3,False,True,True,14414,226.0,124.0,True
coronavirus_like,4,100,3,156135,1,True,True,False,28612,,,
coronavirus_like,4,100,3,156320,1,True,True,True,24753,471.0,455.0,True
coronavirus_like,4,100,3,156359,1,True,True,True,18285,463.0,174.0,True
coronavirus_like,4,100,3,157362,1,True,True,True,23683,289.0,231.0,True
coronavirus_like,4,100,3,157897,1,True,True,True,16544,108.0,97.0,True
coronavirus_like,4,100,3,158163,1,True,True,True,18508,427.0,276.0,True
coronavirus_like,4,100,3,159137,1,False,True,True,12214,745.0,98.0,True
coronavirus_like,4,100,3,159190,1,False,True,True,7477,119.0,112.0,True
coronavirus_like,4,100,3,159534,1,True,False,False,331,,,
coronavirus_like,4,100,3,159707,7,False,True,True,1791,,,
coronavirus_like,4,100,3,160052,4,False,False,False,562,,,
coronavirus_like,4,100,3,160444,1,False,True,True,6142,608.0,400.0,True
coronavirus_like,4,100,3,161290,1,True,True,True,27599,227.0,104.0,True
coronavirus_like,4,100,3,161541,1,False,True,True,8983,273.0,173.0,True
coronavirus_like,4,100,3,161727,7,False,True,True,18945,2475.0,2384.0,True
coronavirus_like,4,100,3,161794,1,False,True,True,19001,197.0,132.0,True
coronavirus_like,4,100,3,161808,1,False,True,True,13215,149.0,18.0,True
coronavirus_like,4,100,3,162019,1,False,True,True,4510,453.0,239.0,True
coronavirus_like,4,100,3,162074,3,False,True,True,15262,,,
coronavirus_like,4,100,3,162514,1,False,True,True,24587,981.0,504.0,True
coronavirus_like,4,100,3,163156,1,True,True,True,8805,283.0,267.0,True
coronavirus_like,4,100,3,163257,1,True,True,True,23491,331.0,287.0,True
coronavirus_like,4,100,3,163748,1,False,True,True,4033,830.0,632.0,True
coronavirus_like,4,100,3,164049,1,True,True,True,25937,542.0,424.0,True
coronavirus_like,4,100,3,164374,1,False,True,True,12858,450.0,67.0,True
coronavirus_like,4,100,3,164510,1,False,True,False,29834,,,
coronavirus_like,4,100,3,164936,1,True,True,True,19741,577.0,241.0,True
coronavirus_like,4,100,3,165587,1,True,True,True,9764,351.0,188.0,True
coronavirus_like,4,100,3,166102,3,False,True,True,18730,689.0,403.0,True
coronavirus_like,4,100,3,166193,2,False,True,True,15107,274.0,200.0,True
coronavirus_like,4,100,3,166264,1,True,True,True,20592,156.0,97.0,True
coronavirus_like,4,100,3,166591,1,True,True,True,3273,45.0,8.0,True
coronavirus_like,4,100,3,166795,1,False,True,True,21417,183.0,113.0,True
coronavirus_like,4,100,3,167997,8,False,True,True,4513,392.0,121.0,True
coronavirus_like,4,100,3,169275,1,False,True,True,19613,515.0,307.0,True
coronavirus_like,4,100,3,169640,1,False,True,True,12846,226.0,79.0,True
coronavirus_like,4,100,3,170015,1,True,True,True,19793,258.0,135.0,True
coronavirus_like,4,100,3,170169,7,False,True,True,29280,186.0,3.0,True
coronavirus_like,4,100,3,170930,1,False,True,True,15719,1661.0,1509.0,True
coronavirus_like,4,100,3,170952,1,False,True,True,11338,86.0,73.0,True
coronavirus_like,4,100,3,171330,2,False,True,True,24571,1313.0,943.0,True
coronavirus_like,4,100,3,171404,1,True,True,True,15597,222.0,192.0,True
coronavirus_like,4,100,3,171744,1,True,True,False,776,,,
coronavirus_like,4,100,3,171978,2,False,True,True,20452,913.0,80.0,True
coronavirus_like,4,100,3,172198,3,False,True,True,1606,136.0,22.0,True
coronavirus_like,4,100,3,172353,1,True,True,True,23820,1207.0,108.0,True
coronavirus_like,4,100,3,172376,1,True,True,True,27408,316.0,283.0,True
coronavirus_like,4,100,3,173377,1,True,True,True,23025,431.0,203.0,True
coronavirus_like,4,100,3,173597,2,False,True,True,19845,286.0,137.0,True
coronavirus_like,4,100,3,173691,1,False,False,False,29778,,,
coronavirus_like,4,100,3,174301,1,False,True,True,14301,1013.0,98.0,True
coronavirus_like,4,100,3,174367,1,False,True,True,25481,352.0,159.0,True
coronavirus_like,4,100,3,174900,2,False,True,True,15154,55.0,13.0,True
coronavirus_like,4,100,3,175201,1,True,True,True,1724,151.0,56.0,True
coronavirus_like,4,100,3,176509,1,False,True,True,12478,142.0,66.0,True
coronavirus_like,4,100,3,176604,1,False,True,True,14043,1086.0,473.0,True
coronavirus_like,4,100,3,176883,1,False,True,True,8092,414.0,21.0,True
coronavirus_like,4,100,3,177250,1,False,True,True,16115,739.0,414.0,True
coronavirus_like,4,100,3,177674,1,True,True,True,21346,80.0,75.0,True
coronavirus_like,4,100,3,177747,2,False,True,True,24706,1194.0,917.0,True
coronavirus_like,4,100,3,178465,1,False,True,True,7885,193.0,100.0,True
coronavirus_like,4,100,3,178916,1,True,True,True,13872,446.0,234.0,True
coronavirus_like,4,100,3,180093,1,False,True,True,3503,250.0,126.0,True
coronavirus_like,4,100,3,181144,1,True,True,True,29893,739.0,-13364.0,False
coronavirus_like,4,100,3,181649,1,True,True,True,29055,494.0,232.0,True
coronavirus_like,4,100,3,181867,1,True,True,True,18543,223.0,121.0,True
coronavirus_like,4,100,4,225,1,True,False,False,27691,,,
coronavirus_like,4,100,4,1035,1,False,True,True,16535,1944.0,1924.0,True
coronavirus_like,4,100,4,1060,1,True,False,False,28678,,,
coronavirus_like,4,100,4,1323,1,True,True,False,22779,,,
coronavirus_like,4,100,4,1395,1,True,True,True,8757,1072.0,346.0,True
coronavirus_like,4,100,4,2500,2,False,True,False,17488,,,
coronavirus_like,4,100,4,2563,1,True,True,False,9990,,,
coronavirus_like,4,100,4,2680,1,False,True,False,12937,,,
coronavirus_like,4,100,4,2862,2,False,False,False,2293,,,
coronavirus_like,4,100,4,3217,3,False,True,False,6580,,,
coronavirus_like,4,100,4,3264,3,False,False,False,662,,,
coronavirus_like,4,100,4,4192,2,False,True,True,17104,5969.0,2534.0,True
coronavirus_like,4,100,4,5533,3,False,True,False,1336,,,
coronavirus_like,4,100,4,6932,1,False,True,False,4116,,,
coronavirus_like,4,100,4,6954,1,False,False,False,35,,,
coronavirus_like,4,100,4,7211,4,False,True,False,24631,,,
coronavirus_like,4,100,4,7317,1,True,True,False,23651,,,
coronavirus_like,4,100,4,7534,1,False,True,False,23842,,,
coronavirus_like,4,100,4,7920,1,True,True,True,16846,4900.0,1594.0,True
coronavirus_like,4,100,4,8735,3,False,True,True,8973,491.0,260.0,True
coronavirus_like,4,100,4,9370,1,True,True,False,15805,,,
coronavirus_like,4,100,4,9871,8,False,True,True,9122,2717.0,2294.0,True
coronavirus_like,4,100,4,10138,1,False,True,False,2269,,,
coronavirus_like,4,100,4,10750,1,False,True,False,23238,,,
coronavirus_like,4,100,4,10770,2,False,True,True,8927,2344.0,2116.0,True
coronavirus_like,4,100,4,11634,3,False,True,True,19720,5004.0,2377.0,True
coronavirus_like,4,100,4,12953,2,False,True,True,22518,5157.0,4123.0,True
coronavirus_like,4,100,4,14777,7,False,True,False,25833,,,
coronavirus_like,4,100,4,15582,1,True,False,False,24379,,,
coronavirus_like,4,100,4,18053,1,False,True,False,29843,,,
coronavirus_like,4,100,4,18175,1,True,False,False,26753,,,
coronavirus_like,4,100,4,18957,7,False,True,True,14155,3399.0,2738.0,True
coronavirus_like,4,100,4,19031,1,False,True,True,19590,1541.0,392.0,True
coronavirus_like,4,100,4,19092,1,False,True,True,13784,5185.0,3540.0,True
coronavirus_like,4,100,4,19244,1,False,True,False,3054,,,
coronavirus_like,4,100,4,19648,1,True,True,True,9059,112.0,13.0,True
coronavirus_like,4,100,4,19810,1,True,True,True,15269,4855.0,3171.0,True
coronavirus_like,4,100,4,20447,1,True,True,True,6411,962.0,268.0,True
coronavirus_like,4,100,4,20880,1,True,True,True,11187,574.0,525.0,True
coronavirus_like,4,100,4,21274,5,False,True,True,3558,720.0,484.0,True
coronavirus_like,4,100,4,21388,1,False,True,False,2883,,,
coronavirus_like,4,100,4,21503,6,False,False,False,384,,,
coronavirus_like,4,100,4,22667,3,False,True,True,18499,4177.0,2193.0,True
coronavirus_like,4,100,4,22716,5,False,False,False,281,,,
coronavirus_like,4,100,4,23807,1,True,True,False,23541,,,
coronavirus_like,4,100,4,25052,1,False,True,True,6915,3184.0,2318.0,True
coronavirus_like,4,100,4,25458,1,True,True,True,24250,931.0,193.0,True
coronavirus_like,4,100,4,25935,4,False,True,True,17897,1731.0,1353.0,True
coronavirus_like,4,100,4,26192,1,True,True,False,2873,,,
coronavirus_like,4,100,4,28000,2,False,True,False,18677,,,
coronavirus_like,4,100,4,28171,1,True,True,True,14820,1965.0,44.0,True
coronavirus_like,4,100,4,28482,1,True,True,True,7129,1019.0,901.0,True
coronavirus_like,4,100,4,28859,1,False,True,True,17511,1101.0,929.0,True
coronavirus_like,4,100,4,29681,2,False,False,False,374,,,
coronavirus_like,4,100,4,29758,1,True,True,False,25408,,,
coronavirus_like,4,100,4,30186,3,False,True,True,10086,1432.0,753.0,True
coronavirus_like,4,100,4,30467,1,True,True,True,17635,1134.0,824.0,True
coronavirus_like,4,100,4,30955,4,False,True,True,17039,3525.0,285.0,True
coronavirus_like,4,100,4,32046,2,False,True,True,10084,2003.0,1453.0,True
coronavirus_like,4,100,4,33958,1,True,True,True,5026,2411.0,2383.0,True
coronavirus_like,4,100,4,34492,1,False,True,True,16306,2468.0,348.0,True
coronavirus_like,4,100,4,34759,1,False,False,False,29416,,,
coronavirus_like,4,100,4,35022,1,False,True,True,19765,1155.0,1006.0,True
coronavirus_like,4,100,4,36567,1,False,True,True,5793,380.0,224.0,True
coronavirus_like,4,100,4,36623,1,False,True,False,27669,,,
coronavirus_like,4,100,4,36696,3,False,True,False,27668,,,
coronavirus_like,4,100,4,36940,1,False,True,True,17349,3353.0,2997.0,True
coronavirus_like,4,100,4,36996,1,False,False,False,28276,,,
coronavirus_like,4,100,4,37810,2,False,True,True,9529,196.0,36.0,True
coronavirus_like,4,100,4,37917,1,False,True,False,212,,,
coronavirus_like,4,100,4,37935,1,True,True,True,21043,931.0,235.0,True
coronavirus_like,4,100,4,38927,26,False,False,False,29706,,,
coronavirus_like,4,100,4,39013,4,False,True,True,24114,1786.0,1774.0,True
coronavirus_like,4,100,4,39403,3,False,True,True,9380,335.0,59.0,True
coronavirus_like,4,100,4,39800,1,False,True,True,7345,1534.0,819.0,True
coronavirus_like,4,100,4,41348,1,False,True,True,24280,2734.0,2361.0,True
coronavirus_like,4,100,4,41498,1,False,True,True,21061,1115.0,560.0,True
coronavirus_like,4,100,4,41522,1,False,True,True,15396,3143.0,1305.0,True
coronavirus_like,4,100,4,42901,1,False,True,False,29744,,,
coronavirus_like,4,100,4,42910,1,False,True,True,25560,414.0,28.0,True
coronavirus_like,4,100,4,43344,2,False,True,True,14458,1763.0,657.0,True
coronavirus_like,4,100,4,43550,6,False,True,True,18645,228.0,43.0,True
coronavirus_like,4,100,4,45623,11,False,True,True,16789,1564.0,208.0,True
coronavirus_like,4,100,4,45867,1,True,True,True,25324,1196.0,316.0,True
coronavirus_like,4,100,4,46273,1,True,True,False,29425,,,
coronavirus_like,4,100,4,47004,1,False,False,False,29055,,,
coronavirus_like,4,100,4,47551,1,False,True,True,6537,1672.0,473.0,True
coronavirus_like,4,100,4,48767,1,False,True,True,12515,601.0,405.0,True
coronavirus_like,4,100,4,49653,1,True,True,True,13316,1976.0,790.0,True
coronavirus_like,4,100,4,50336,1,False,True,True,15953,2520.0,2506.0,True
coronavirus_like,4,100,4,50638,1,False,True,True,16927,268.0,70.0,True
coronavirus_like,4,100,4,50644,1,False,True,True,23597,1313.0,846.0,True
coronavirus_like,4,100,4,52196,1,False,True,False,27313,,,
coronavirus_like,4,100,4,52696,1,False,True,True,15937,400.0,80.0,True
coronavirus_like,4,100,4,54701,2,False,True,True,15009,352.0,298.0,True
coronavirus_like,4,100,4,55069,1,False,True,True,11490,620.0,370.0,True
coronavirus_like,4,100,4,56130,1,True,True,True,20072,1662.0,1206.0,True
coronavirus_like,4,100,4,56486,1,False,True,True,6616,493.0,394.0,True
coronavirus_like,4,100,4,57260,1,False,True,True,14485,790.0,412.0,True
coronavirus_like,4,100,4,57397,1,True,True,True,5942,1194.0,544.0,True
coronavirus_like,4,100,4,58112,1,False,True,True,12253,4971.0,4744.0,True
coronavirus_like,4,100,4,58785,20,False,True,True,21771,1050.0,228.0,True
coronavirus_like,4,100,4,59694,1,True,True,True,23403,1792.0,1519.0,True
coronavirus_like,4,100,4,59815,1,True,True,True,7138,1009.0,506.0,True
coronavirus_like,4,100,4,60093,1,True,True,True,5503,764.0,469.0,True
coronavirus_like,4,100,4,60388,1,False,True,True,15463,1742.0,1143.0,True
coronavirus_like,4,100,4,62206,3,False,True,True,14983,881.0,446.0,True
coronavirus_like,4,100,4,62275,1,True,True,True,15793,902.0,570.0,True
coronavirus_like,4,100,4,62292,1,True,True,True,17948,2010.0,1170.0,True
coronavirus_like,4,100,4,62349,9,False,True,True,6644,365.0,311.0,True
coronavirus_like,4,100,4,62578,5,False,True,True,11430,228.0,82.0,True
coronavirus_like,4,100,4,62695,3,False,True,True,22589,4977.0,2371.0,True
coronavirus_like,4,100,4,62854,1,False,True,False,1686,,,
coronavirus_like,4,100,4,63184,3,False,True,True,16204,43.0,1.0,True
coronavirus_like,4,100,4,63875,1,False,True,True,8856,1534.0,377.0,True
coronavirus_like,4,100,4,64404,1,False,True,True,26555,775.0,72.0,True
coronavirus_like,4,100,4,64635,2,False,True,True,22968,182.0,105.0,True
coronavirus_like,4,100,4,64970,10,False,True,True,19594,1079.0,681.0,True
coronavirus_like,4,100,4,65338,1,True,True,True,27528,1479.0,350.0,True
coronavirus_like,4,100,4,65494,2,False,True,True,26252,2477.0,1266.0,True
coronavirus_like,4,100,4,67884,3,False,True,True,21718,945.0,281.0,True
coronavirus_like,4,100,4,68520,1,False,True,True,19276,1160.0,706.0,True
coronavirus_like,4,100,4,68928,2,False,True,True,12055,838.0,518.0,True
coronavirus_like,4,100,4,69207,1,False,True,False,29078,,,
coronavirus_like,4,100,4,69619,1,False,True,True,11302,2318.0,109.0,True
coronavirus_like,4,100,4,69826,12,False,True,True,19793,1293.0,189.0,True
coronavirus_like,4,100,4,71328,3,False,True,True,6804,286.0,151.0,True
coronavirus_like,4,100,4,71551,2,False,True,True,5533,1203.0,439.0,True
coronavirus_like,4,100,4,72268,1,True,True,True,13819,513.0,475.0,True
coronavirus_like,4,100,4,72336,1,False,True,True,20237,418.0,99.0,True
coronavirus_like,4,100,4,72838,1,False,True,True,26279,916.0,362.0,True
coronavirus_like,4,100,4,73847,1,False,False,False,286,,,
coronavirus_like,4,100,4,73936,1,True,True,True,9942,1101.0,393.0,True
coronavirus_like,4,100,4,74002,2,False,True,True,21531,1058.0,1011.0,True
coronavirus_like,4,100,4,74592,1,False,True,False,2959,,,
coronavirus_like,4,100,4,74670,1,True,True,True,12726,876.0,625.0,True
coronavirus_like,4,100,4,74792,1,False,True,False,28523,,,
coronavirus_like,4,100,4,75502,6,False,True,True,24983,729.0,190.0,True
coronavirus_like,4,100,4,75698,1,False,True,True,15197,647.0,120.0,True
coronavirus_like,4,100,4,76293,1,False,True,False,861,,,
coronavirus_like,4,100,4,76367,1,True,True,True,14188,389.0,308.0,True
coronavirus_like,4,100,4,76662,1,False,True,True,23960,4696.0,240.0,True
coronavirus_like,4,100,4,76817,1,False,True,True,2249,692.0,364.0,True
coronavirus_like,4,100,4,77337,1,False,True,True,7161,280.0,75.0,True
coronavirus_like,4,100,4,77625,4,False,True,True,26750,732.0,624.0,True
coronavirus_like,4,100,4,78527,1,False,True,True,21289,721.0,15.0,True
coronavirus_like,4,100,4,78992,1,False,True,True,13339,1079.0,97.0,True
coronavirus_like,4,100,4,79113,1,False,True,True,13134,831.0,420.0,True
coronavirus_like,4,100,4,79647,1,True,True,True,2394,1066.0,243.0,True
coronavirus_like,4,100,4,79937,3,False,True,True,29779,95.0,-19488.0,False
coronavirus_like,4,100,4,80066,1,True,True,True,3573,785.0,722.0,True
coronavirus_like,4,100,4,80193,1,True,True,True,23104,972.0,314.0,True
coronavirus_like,4,100,4,80885,11,False,True,True,9424,751.0,577.0,True
coronavirus_like,4,100,4,80973,4,False,True,True,5782,1672.0,1228.0,True
coronavirus_like,4,100,4,81802,5,False,True,False,1651,,,
coronavirus_like,4,100,4,82391,1,True,True,True,4680,453.0,69.0,True
coronavirus_like,4,100,4,82692,1,True,True,True,9792,1045.0,357.0,True
coronavirus_like,4,100,4,83087,2,False,True,True,11542,679.0,170.0,True
coronavirus_like,4,100,4,83422,1,True,True,True,15335,511.0,325.0,True
coronavirus_like,4,100,4,85190,21,False,True,True,9079,676.0,24.0,True
coronavirus_like,4,100,4,85341,2,False,True,True,9995,1404.0,513.0,True
coronavirus_like,4,100,4,85395,1,True,True,True,13941,2305.0,923.0,True
coronavirus_like,4,100,4,85433,1,True,True,True,18129,913.0,34.0,True
coronavirus_like,4,100,4,86028,1,False,True,True,26504,776.0,137.0,True
coronavirus_like,4,100,4,86396,1,False,True,True,4296,1710.0,1282.0,True
coronavirus_like,4,100,4,86429,1,True,True,True,8333,363.0,61.0,True
coronavirus_like,4,100,4,86524,13,False,True,False,28596,,,
coronavirus_like,4,100,4,87149,1,True,True,True,16942,936.0,576.0,True
coronavirus_like,4,100,4,87285,3,False,True,True,4700,440.0,36.0,True
coronavirus_like,4,100,4,87696,2,False,True,True,6839,831.0,259.0,True
coronavirus_like,4,100,4,88488,1,False,True,True,18887,261.0,206.0,True
coronavirus_like,4,100,4,89343,5,False,True,True,14484,2561.0,425.0,True
coronavirus_like,4,100,4,89661,1,False,True,True,2695,904.0,791.0,True
coronavirus_like,4,100,4,90231,1,True,True,True,20043,3548.0,561.0,True
coronavirus_like,4,100,4,90411,1,False,True,True,13966,1468.0,599.0,True
coronavirus_like,4,100,4,90594,1,False,True,True,12127,593.0,2.0,True
coronavirus_like,4,100,4,90777,1,True,True,True,18295,322.0,288.0,True
coronavirus_like,4,100,4,91374,5,False,True,True,5442,880.0,136.0,True
coronavirus_like,4,100,4,92280,13,False,True,False,1103,,,
coronavirus_like,4,100,4,92571,1,True,True,True,5671,2012.0,1339.0,True
coronavirus_like,4,100,4,92711,1,False,True,True,3359,1036.0,91.0,True
coronavirus_like,4,100,4,93046,3,False,True,False,574,,,
coronavirus_like,4,100,4,93359,2,False,True,True,3766,143.0,87.0,True
coronavirus_like,4,100,4,94240,1,False,True,True,9118,140.0,126.0,True
coronavirus_like,4,100,4,95708,1,True,True,True,18519,380.0,302.0,True
coronavirus_like,4,100,4,96757,2,False,True,True,7411,354.0,58.0,True
coronavirus_like,4,100,4,96880,6,False,True,False,717,,,
coronavirus_like,4,100,4,97013,2,False,True,True,14715,292.0,143.0,True
coronavirus_like,4,100,4,97617,1,False,True,True,7606,396.0,38.0,True
coronavirus_like,4,100,4,97787,17,False,True,True,17720,830.0,67.0,True
coronavirus_like,4,100,4,98457,4,False,True,False,969,,,
coronavirus_like,4,100,4,98774,1,True,True,True,15793,559.0,19.0,True
coronavirus_like,4,100,4,99987,1,True,True,True,12980,1041.0,620.0,True
coronavirus_like,4,100,4,101125,1,True,True,False,682,,,
coronavirus_like,4,100,4,101186,1,False,True,True,25181,1183.0,1143.0,True
coronavirus_like,4,100,4,101310,2,False,True,True,6657,61.0,25.0,True
coronavirus_like,4,100,4,101371,1,False,True,True,22026,1439.0,980.0,True
coronavirus_like,4,100,4,102297,1,False,True,True,7312,579.0,403.0,True
coronavirus_like,4,100,4,102905,1,True,True,False,28454,,,
coronavirus_like,4,100,4,102951,2,False,True,True,28042,9178.0,-697.0,False
coronavirus_like,4,100,4,103607,1,False,True,True,28229,260.0,55.0,True
coronavirus_like,4,100,4,104018,1,False,True,False,4158,,,
coronavirus_like,4,100,4,105322,1,True,True,True,17911,1607.0,920.0,True
coronavirus_like,4,100,4,105948,1,False,True,True,24030,1735.0,248.0,True
coronavirus_like,4,100,4,106626,1,False,True,True,19959,546.0,203.0,True
coronavirus_like,4,100,4,107197,1,False,True,False,28370,,,
coronavirus_like,4,100,4,109154,1,True,True,True,16054,478.0,257.0,True
coronavirus_like,4,100,4,110405,1,True,True,False,28412,,,
coronavirus_like,4,100,4,110832,1,False,True,True,10018,415.0,183.0,True
coronavirus_like,4,100,4,110909,1,False,True,True,7929,553.0,323.0,True
coronavirus_like,4,100,4,111647,5,False,True,True,8536,937.0,292.0,True
coronavirus_like,4,100,4,111737,1,False,True,True,11534,69.0,53.0,True
coronavirus_like,4,100,4,111787,5,False,True,True,13699,370.0,135.0,True
coronavirus_like,4,100,4,112929,1,False,True,True,19607,787.0,585.0,True
coronavirus_like,4,100,4,113432,1,False,True,True,2984,1049.0,290.0,True
coronavirus_like,4,100,4,113958,3,False,True,True,3854,1702.0,262.0,True
coronavirus_like,4,100,4,114133,1,False,True,True,8200,509.0,8.0,True
coronavirus_like,4,100,4,114359,1,False,True,True,14013,226.0,197.0,True
coronavirus_like,4,100,4,114512,1,False,True,True,25345,980.0,295.0,True
coronavirus_like,4,100,4,114526,2,False,True,True,4081,1436.0,655.0,True
coronavirus_like,4,100,4,114897,1,False,True,False,29196,,,
coronavirus_like,4,100,4,115773,1,True,True,True,22522,632.0,158.0,True
coronavirus_like,4,100,4,116194,1,True,True,True,16697,346.0,259.0,True
coronavirus_like,4,100,4,116451,6,False,True,True,16445,374.0,241.0,True
coronavirus_like,4,100,4,116695,1,False,True,True,23245,343.0,42.0,True
coronavirus_like,4,100,4,116791,4,False,True,True,24118,750.0,224.0,True
coronavirus_like,4,100,4,116822,2,False,True,True,1701,819.0,523.0,True
coronavirus_like,4,100,4,119836,1,True,True,False,2991,,,
coronavirus_like,4,100,4,120404,1,False,True,True,3515,739.0,675.0,True
coronavirus_like,4,100,4,120536,2,False,True,True,11503,1178.0,209.0,True
coronavirus_like,4,100,4,120701,1,True,True,True,13254,984.0,18.0,True
coronavirus_like,4,100,4,120753,12,False,True,True,3045,68.0,52.0,True
coronavirus_like,4,100,4,120863,9,False,True,True,20219,473.0,247.0,True
coronavirus_like,4,100,4,122473,1,False,True,True,1553,654.0,506.0,True
coronavirus_like,4,100,4,123664,1,False,True,True,12123,452.0,64.0,True
coronavirus_like,4,100,4,123794,1,True,True,True,22641,513.0,249.0,True
coronavirus_like,4,100,4,124981,1,True,True,True,12478,534.0,186.0,True
coronavirus_like,4,100,4,126539,1,True,True,True,20031,537.0,489.0,True
coronavirus_like,4,100,4,126605,4,False,True,False,29321,,,
coronavirus_like,4,100,4,126789,1,False,True,True,25787,671.0,574.0,True
coronavirus_like,4,100,4,127444,1,False,True,False,734,,,
coronavirus_like,4,100,4,127720,2,False,True,False,27625,,,
coronavirus_like,4,100,4,127751,1,True,True,True,20502,599.0,80.0,True
coronavirus_like,4,100,4,128032,1,False,True,True,5159,116.0,55.0,True
coronavirus_like,4,100,4,128123,1,True,True,True,24299,132.0,57.0,True
coronavirus_like,4,100,4,128207,1,False,True,True,16713,3389.0,3013.0,True
coronavirus_like,4,100,4,128352,1,True,True,False,1275,,,
coronavirus_like,4,100,4,129100,1,True,True,True,24212,1521.0,889.0,True
coronavirus_like,4,100,4,130222,1,False,True,True,13576,511.0,323.0,True
coronavirus_like,4,100,4,130413,7,False,True,True,5653,240.0,192.0,True
coronavirus_like,4,100,4,131066,1,False,True,True,19014,208.0,26.0,True
coronavirus_like,4,100,4,132782,35,False,True,True,11450,223.0,185.0,True
coronavirus_like,4,100,4,132875,2,False,True,True,17882,1474.0,907.0,True
coronavirus_like,4,100,4,133737,3,False,True,True,2043,676.0,632.0,True
coronavirus_like,4,100,4,134856,2,False,True,True,1266,555.0,469.0,True
coronavirus_like,4,100,4,135880,1,True,True,True,1245,451.0,246.0,True
coronavirus_like,4,100,4,136026,1,True,True,True,6129,2254.0,600.0,True
coronavirus_like,4,100,4,137825,1,True,True,True,12539,812.0,544.0,True
coronavirus_like,4,100,4,138661,1,True,True,True,4909,108.0,46.0,True
coronavirus_like,4,100,4,139452,2,False,False,False,29799,,,
coronavirus_like,4,100,4,139589,1,True,True,True,25070,217.0,70.0,True
coronavirus_like,4,100,4,140105,10,False,True,True,14035,286.0,235.0,True
coronavirus_like,4,100,4,140310,5,False,True,True,23457,291.0,122.0,True
coronavirus_like,4,100,4,140380,1,False,True,True,12711,149.0,41.0,True
coronavirus_like,4,100,4,140736,1,True,True,True,27107,1679.0,1250.0,True
coronavirus_like,4,100,4,142154,1,False,True,True,19404,9.0,0.0,True
coronavirus_like,4,100,4,142583,1,True,True,True,17942,1037.0,507.0,True
coronavirus_like,4,100,4,143731,7,False,True,False,27795,,,
coronavirus_like,4,100,4,143895,1,False,False,False,87,,,
coronavirus_like,4,100,4,145494,1,False,True,True,17963,1360.0,1257.0,True
coronavirus_like,4,100,4,146400,1,True,True,True,5298,454.0,280.0,True
coronavirus_like,4,100,4,146495,2,False,True,True,4252,1054.0,845.0,True
coronavirus_like,4,100,4,146735,2,False,True,True,16431,104.0,39.0,True
coronavirus_like,4,100,4,147832,3,False,True,True,3980,1394.0,1249.0,True
coronavirus_like,4,100,4,147877,2,False,True,True,1689,1023.0,739.0,True
coronavirus_like,4,100,4,147932,1,False,True,True,18187,250.0,241.0,True
coronavirus_like,4,100,4,148110,1,False,True,True,3245,1423.0,464.0,True
coronavirus_like,4,100,4,148135,3,False,True,True,3648,595.0,186.0,True
coronavirus_like,4,100,4,148271,1,False,True,True,11210,373.0,20.0,True
coronavirus_like,4,100,4,148645,1,True,True,False,29324,,,
coronavirus_like,4,100,4,148866,3,False,True,True,26044,361.0,11.0,True
coronavirus_like,4,100,4,151186,2,False,True,True,13636,342.0,20.0,True
coronavirus_like,4,100,4,151560,7,False,True,False,13381,,,
coronavirus_like,4,100,4,151708,1,True,True,True,14091,241.0,15.0,True
coronavirus_like,4,100,4,151853,1,True,True,True,5134,728.0,566.0,True
coronavirus_like,4,100,4,151884,1,False,True,True,19089,244.0,209.0,True
coronavirus_like,4,100,4,152510,9,False,True,True,20766,31.0,7.0,True
coronavirus_like,4,100,4,152522,1,False,True,True,16493,585.0,31.0,True
coronavirus_like,4,100,4,153838,1,False,True,True,8359,146.0,49.0,True
coronavirus_like,4,100,4,155062,3,False,True,True,14414,226.0,124.0,True
coronavirus_like,4,100,4,156135,1,True,True,False,28612,,,
coronavirus_like,4,100,4,156320,1,True,True,True,24753,471.0,455.0,True
coronavirus_like,4,100,4,156359,1,True,True,True,18285,463.0,174.0,True
coronavirus_like,4,100,4,157362,1,True,True,True,23683,289.0,231.0,True
coronavirus_like,4,100,4,157897,1,True,True,True,16544,108.0,97.0,True
coronavirus_like,4,100,4,158163,1,True,True,True,18508,427.0,276.0,True
coronavirus_like,4,100,4,159137,1,False,True,True,12214,745.0,98.0,True
coronavirus_like,4,100,4,159190,1,False,True,True,7477,119.0,112.0,True
coronavirus_like,4,100,4,159534,1,True,False,False,331,,,
coronavirus_like,4,100,4,159707,7,False,True,True,1791,,,
coronavirus_like,4,100,4,160052,4,False,False,False,562,,,
coronavirus_like,4,100,4,160444,1,False,True,True,6142,608.0,400.0,True
coronavirus_like,4,100,4,161290,1,True,True,True,27599,227.0,104.0,True
coronavirus_like,4,100,4,161541,1,False,True,True,8983,273.0,173.0,True
coronavirus_like,4,100,4,161727,7,False,True,True,18945,2475.0,2384.0,True
coronavirus_like,4,100,4,161794,1,False,True,True,19001,197.0,132.0,True
coronavirus_like,4,100,4,161808,1,False,True,True,13215,149.0,18.0,True
coronavirus_like,4,100,4,162019,1,False,True,True,4510,453.0,239.0,True
coronavirus_like,4,100,4,162074,3,False,True,True,15262,,,
coronavirus_like,4,100,4,162514,1,False,True,True,24587,981.0,504.0,True
coronavirus_like,4,100,4,163156,1,True,True,True,8805,283.0,267.0,True
coronavirus_like,4,100,4,163257,1,True,True,True,23491,331.0,287.0,True
coronavirus_like,4,100,4,163748,1,False,True,True,4033,830.0,632.0,True
coronavirus_like,4,100,4,164049,1,True,True,True,25937,542.0,424.0,True
coronavirus_like,4,100,4,164374,1,False,True,True,12858,450.0,67.0,True
coronavirus_like,4,100,4,164510,1,False,True,False,29834,,,
coronavirus_like,4,100,4,164936,1,True,True,True,19741,577.0,241.0,True
coronavirus_like,4,100,4,165587,1,True,True,True,9764,351.0,188.0,True
coronavirus_like,4,100,4,166102,3,False,True,True,18730,689.0,403.0,True
coronavirus_like,4,100,4,166193,2,False,True,True,15107,274.0,200.0,True
coronavirus_like,4,100,4,166264,1,True,True,True,20592,156.0,97.0,True
coronavirus_like,4,100,4,166591,1,True,True,True,3273,45.0,8.0,True
coronavirus_like,4,100,4,166795,1,False,True,True,21417,183.0,113.0,True
coronavirus_like,4,100,4,167997,8,False,True,True,4513,392.0,121.0,True
coronavirus_like,4,100,4,169275,1,False,True,True,19613,515.0,307.0,True
coronavirus_like,4,100,4,169640,1,False,True,True,12846,226.0,79.0,True
coronavirus_like,4,100,4,170015,1,True,True,True,19793,258.0,135.0,True
coronavirus_like,4,100,4,170169,7,False,True,True,29280,186.0,3.0,True
coronavirus_like,4,100,4,170930,1,False,True,True,15719,1661.0,1509.0,True
coronavirus_like,4,100,4,170952,1,False,True,True,11338,86.0,73.0,True
coronavirus_like,4,100,4,171330,2,False,True,True,24571,1313.0,943.0,True
coronavirus_like,4,100,4,171404,1,True,True,True,15597,222.0,192.0,True
coronavirus_like,4,100,4,171744,1,True,True,False,776,,,
coronavirus_like,4,100,4,171978,2,False,True,True,20452,913.0,80.0,True
coronavirus_like,4,100,4,172198,3,False,True,True,1606,136.0,22.0,True
coronavirus_like,4,100,4,172353,1,True,True,True,23820,1207.0,108.0,True
coronavirus_like,4,100,4,172376,1,True,True,True,27408,316.0,283.0,True
coronavirus_like,4,100,4,173377,1,True,True,True,23025,431.0,203.0,True
coronavirus_like,4,100,4,173597,2,False,True,True,19845,286.0,137.0,True
coronavirus_like,4,100,4,173691,1,False,False,False,29778,,,
coronavirus_like,4,100,4,174301,1,False,True,True,14301,1013.0,98.0,True
coronavirus_like,4,100,4,174367,1,False,True,True,25481,352.0,159.0,True
coronavirus_like,4,100,4,174900,2,False,True,True,15154,55.0,13.0,True
coronavirus_like,4,100,4,175201,1,True,True,True,1724,151.0,56.0,True
coronavirus_like,4,100,4,176509,1,False,True,True,12478,142.0,66.0,True
coronavirus_like,4,100,4,176604,1,False,True,True,14043,1086.0,473.0,True
coronavirus_like,4,100,4,176883,1,False,True,True,8092,414.0,21.0,True
coronavirus_like,4,100,4,177250,1,False,True,True,16115,739.0,414.0,True
coronavirus_like,4,100,4,177674,1,True,True,True,21346,80.0,75.0,True
coronavirus_like,4,100,4,177747,2,False,True,True,24706,1194.0,917.0,True
coronavirus_like,4,100,4,178465,1,False,True,True,7885,193.0,100.0,True
coronavirus_like,4,100,4,178916,1,True,True,True,13872,446.0,234.0,True
coronavirus_like,4,100,4,180093,1,False,True,True,3503,250.0,126.0,True
coronavirus_like,4,100,4,181144,1,True,True,True,29893,739.0,-13364.0,False
coronavirus_like,4,100,4,181649,1,True,True,True,29055,494.0,232.0,True
coronavirus_like,4,100,4,181867,1,True,True,True,18543,223.0,121.0,True
coronavirus_like,4,100,5,225,1,True,False,False,27691,,,
coronavirus_like,4,100,5,1035,1,False,True,False,16535,,,
coronavirus_like,4,100,5,1060,1,True,False,False,28678,,,
coronavirus_like,4,100,5,1323,1,True,True,False,22779,,,
coronavirus_like,4,100,5,1395,1,True,True,True,8757,1072.0,346.0,True
coronavirus_like,4,100,5,2500,2,False,True,False,17488,,,
coronavirus_like,4,100,5,2563,1,True,True,False,9990,,,
coronavirus_like,4,100,5,2680,1,False,True,False,12937,,,
coronavirus_like,4,100,5,2862,2,False,False,False,2293,,,
coronavirus_like,4,100,5,3217,3,False,True,False,6580,,,
coronavirus_like,4,100,5,3264,3,False,False,False,662,,,
coronavirus_like,4,100,5,4192,2,False,True,True,17104,5969.0,2534.0,True
coronavirus_like,4,100,5,5533,3,False,True,False,1336,,,
coronavirus_like,4,100,5,6932,1,False,True,False,4116,,,
coronavirus_like,4,100,5,6954,1,False,False,False,35,,,
coronavirus_like,4,100,5,7211,4,False,True,False,24631,,,
coronavirus_like,4,100,5,7317,1,True,True,False,23651,,,
coronavirus_like,4,100,5,7534,1,False,True,False,23842,,,
coronavirus_like,4,100,5,7920,1,True,True,True,16846,4900.0,1594.0,True
coronavirus_like,4,100,5,8735,3,False,True,False,8973,,,
coronavirus_like,4,100,5,9370,1,True,True,False,15805,,,
coronavirus_like,4,100,5,9871,8,False,True,True,9122,2717.0,2294.0,True
coronavirus_like,4,100,5,10138,1,False,True,False,2269,,,
coronavirus_like,4,100,5,10750,1,False,True,False,23238,,,
coronavirus_like,4,100,5,10770,2,False,True,True,8927,2344.0,2116.0,True
coronavirus_like,4,100,5,11634,3,False,True,False,19720,,,
coronavirus_like,4,100,5,12953,2,False,True,True,22518,5157.0,4123.0,True
coronavirus_like,4,100,5,14777,7,False,True,False,25833,,,
coronavirus_like,4,100,5,15582,1,True,False,False,24379,,,
coronavirus_like,4,100,5,18053,1,False,True,False,29843,,,
coronavirus_like,4,100,5,18175,1,True,False,False,26753,,,
coronavirus_like,4,100,5,18957,7,False,True,True,14155,3399.0,2738.0,True
coronavirus_like,4,100,5,19031,1,False,True,True,19590,1541.0,392.0,True
coronavirus_like,4,100,5,19092,1,False,True,True,13784,5185.0,3540.0,True
coronavirus_like,4,100,5,19244,1,False,True,False,3054,,,
coronavirus_like,4,100,5,19648,1,True,True,True,9059,112.0,13.0,True
coronavirus_like,4,100,5,19810,1,True,True,True,15269,4855.0,3171.0,True
coronavirus_like,4,100,5,20447,1,True,True,True,6411,962.0,268.0,True
coronavirus_like,4,100,5,20880,1,True,True,True,11187,574.0,525.0,True
coronavirus_like,4,100,5,21274,5,False,True,True,3558,720.0,484.0,True
coronavirus_like,4,100,5,21388,1,False,True,False,2883,,,
coronavirus_like,4,100,5,21503,6,False,False,False,384,,,
coronavirus_like,4,100,5,22667,3,False,True,True,18499,4177.0,2193.0,True
coronavirus_like,4,100,5,22716,5,False,False,False,281,,,
coronavirus_like,4,100,5,23807,1,True,True,False,23541,,,
coronavirus_like,4,100,5,25052,1,False,True,True,6915,3184.0,2318.0,True
coronavirus_like,4,100,5,25458,1,True,True,True,24250,931.0,193.0,True
coronavirus_like,4,100,5,25935,4,False,True,True,17897,1731.0,1353.0,True
coronavirus_like,4,100,5,26192,1,True,True,False,2873,,,
coronavirus_like,4,100,5,28000,2,False,True,False,18677,,,
coronavirus_like,4,100,5,28171,1,True,True,True,14820,1965.0,44.0,True
coronavirus_like,4,100,5,28482,1,True,True,True,7129,1019.0,901.0,True
coronavirus_like,4,100,5,28859,1,False,True,False,17511,,,
coronavirus_like,4,100,5,29681,2,False,False,False,374,,,
coronavirus_like,4,100,5,29758,1,True,True,False,25408,,,
coronavirus_like,4,100,5,30186,3,False,True,True,10086,1432.0,753.0,True
coronavirus_like,4,100,5,30467,1,True,True,True,17635,1134.0,824.0,True
coronavirus_like,4,100,5,30955,4,False,True,False,17039,,,
coronavirus_like,4,100,5,32046,2,False,True,True,10084,2003.0,1453.0,True
coronavirus_like,4,100,5,33958,1,True,True,False,5026,,,
coronavirus_like,4,100,5,34492,1,False,True,True,16306,2468.0,348.0,True
coronavirus_like,4,100,5,34759,1,False,False,False,29416,,,
coronavirus_like,4,100,5,35022,1,False,True,True,19765,1155.0,1006.0,True
coronavirus_like,4,100,5,36567,1,False,True,True,5793,380.0,224.0,True
coronavirus_like,4,100,5,36623,1,False,True,False,27669,,,
coronavirus_like,4,100,5,36696,3,False,True,False,27668,,,
coronavirus_like,4,100,5,36940,1,False,True,True,17349,3353.0,2997.0,True
coronavirus_like,4,100,5,36996,1,False,False,False,28276,,,
coronavirus_like,4,100,5,37810,2,False,True,True,9529,196.0,36.0,True
coronavirus_like,4,100,5,37917,1,False,True,False,212,,,
coronavirus_like,4,100,5,37935,1,True,True,True,21043,931.0,235.0,True
coronavirus_like,4,100,5,38927,26,False,False,False,29706,,,
coronavirus_like,4,100,5,39013,4,False,True,False,24114,,,
coronavirus_like,4,100,5,39403,3,False,True,True,9380,335.0,59.0,True
coronavirus_like,4,100,5,39800,1,False,True,True,7345,1534.0,819.0,True
coronavirus_like,4,100,5,41348,1,False,True,False,24280,,,
coronavirus_like,4,100,5,41498,1,False,True,True,21061,1115.0,560.0,True
coronavirus_like,4,100,5,41522,1,False,True,True,15396,3143.0,1305.0,True
coronavirus_like,4,100,5,42901,1,False,True,False,29744,,,
coronavirus_like,4,100,5,42910,1,False,True,True,25560,414.0,28.0,True
coronavirus_like,4,100,5,43344,2,False,True,True,14458,1763.0,657.0,True
coronavirus_like,4,100,5,43550,6,False,True,True,18645,228.0,43.0,True
coronavirus_like,4,100,5,45623,11,False,True,True,16789,1564.0,208.0,True
coronavirus_like,4,100,5,45867,1,True,True,False,25324,,,
coronavirus_like,4,100,5,46273,1,True,True,False,29425,,,
coronavirus_like,4,100,5,47004,1,False,False,False,29055,,,
coronavirus_like,4,100,5,47551,1,False,True,True,6537,1672.0,473.0,True
coronavirus_like,4,100,5,48767,1,False,True,True,12515,601.0,405.0,True
coronavirus_like,4,100,5,49653,1,True,True,True,13316,1976.0,790.0,True
coronavirus_like,4,100,5,50336,1,False,True,True,15953,2520.0,2506.0,True
coronavirus_like,4,100,5,50638,1,False,True,True,16927,268.0,70.0,True
coronavirus_like,4,100,5,50644,1,False,True,True,23597,1313.0,846.0,True
coronavirus_like,4,100,5,52196,1,False,True,False,27313,,,
coronavirus_like,4,100,5,52696,1,False,True,True,15937,400.0,80.0,True
coronavirus_like,4,100,5,54701,2,False,True,True,15009,352.0,298.0,True
coronavirus_like,4,100,5,55069,1,False,True,True,11490,620.0,370.0,True
coronavirus_like,4,100,5,56130,1,True,True,True,20072,1662.0,1206.0,True
coronavirus_like,4,100,5,56486,1,False,True,False,6616,,,
coronavirus_like,4,100,5,57260,1,False,True,True,14485,790.0,412.0,True
coronavirus_like,4,100,5,57397,1,True,True,True,5942,1194.0,544.0,True
coronavirus_like,4,100,5,58112,1,False,True,True,12253,4971.0,4744.0,True
coronavirus_like,4,100,5,58785,20,False,True,True,21771,1050.0,228.0,True
coronavirus_like,4,100,5,59694,1,True,True,True,23403,1792.0,1519.0,True
coronavirus_like,4,100,5,59815,1,True,True,True,7138,1009.0,506.0,True
coronavirus_like,4,100,5,60093,1,True,True,True,5503,764.0,469.0,True
coronavirus_like,4,100,5,60388,1,False,True,True,15463,1742.0,1143.0,True
coronavirus_like,4,100,5,62206,3,False,True,True,14983,881.0,446.0,True
coronavirus_like,4,100,5,62275,1,True,True,True,15793,902.0,570.0,True
coronavirus_like,4,100,5,62292,1,True,True,True,17948,2010.0,1170.0,True
coronavirus_like,4,100,5,62349,9,False,True,True,6644,365.0,311.0,True
coronavirus_like,4,100,5,62578,5,False,True,True,11430,228.0,82.0,True
coronavirus_like,4,100,5,62695,3,False,True,True,22589,4977.0,2371.0,True
coronavirus_like,4,100,5,62854,1,False,True,False,1686,,,
coronavirus_like,4,100,5,63184,3,False,True,True,16204,43.0,1.0,True
coronavirus_like,4,100,5,63875,1,False,True,True,8856,1534.0,377.0,True
coronavirus_like,4,100,5,64404,1,False,True,True,26555,775.0,72.0,True
coronavirus_like,4,100,5,64635,2,False,True,True,22968,182.0,105.0,True
coronavirus_like,4,100,5,64970,10,False,True,True,19594,1079.0,681.0,True
coronavirus_like,4,100,5,65338,1,True,True,True,27528,1479.0,350.0,True
coronavirus_like,4,100,5,65494,2,False,True,True,26252,2477.0,1266.0,True
coronavirus_like,4,100,5,67884,3,False,True,True,21718,945.0,281.0,True
coronavirus_like,4,100,5,68520,1,False,True,True,19276,1160.0,706.0,True
coronavirus_like,4,100,5,68928,2,False,True,True,12055,838.0,518.0,True
coronavirus_like,4,100,5,69207,1,False,True,False,29078,,,
coronavirus_like,4,100,5,69619,1,False,True,True,11302,2318.0,109.0,True
coronavirus_like,4,100,5,69826,12,False,True,True,19793,1293.0,189.0,True
coronavirus_like,4,100,5,71328,3,False,True,True,6804,286.0,151.0,True
coronavirus_like,4,100,5,71551,2,False,True,True,5533,1203.0,439.0,True
coronavirus_like,4,100,5,72268,1,True,True,True,13819,513.0,475.0,True
coronavirus_like,4,100,5,72336,1,False,True,True,20237,418.0,99.0,True
coronavirus_like,4,100,5,72838,1,False,True,True,26279,916.0,362.0,True
coronavirus_like,4,100,5,73847,1,False,False,False,286,,,
coronavirus_like,4,100,5,73936,1,True,True,True,9942,1101.0,393.0,True
coronavirus_like,4,100,5,74002,2,False,True,True,21531,1058.0,1011.0,True
coronavirus_like,4,100,5,74592,1,False,True,False,2959,,,
coronavirus_like,4,100,5,74670,1,True,True,True,12726,876.0,625.0,True
coronavirus_like,4,100,5,74792,1,False,True,False,28523,,,
coronavirus_like,4,100,5,75502,6,False,True,True,24983,729.0,190.0,True
coronavirus_like,4,100,5,75698,1,False,True,True,15197,647.0,120.0,True
coronavirus_like,4,100,5,76293,1,False,True,False,861,,,
coronavirus_like,4,100,5,76367,1,True,True,True,14188,389.0,308.0,True
coronavirus_like,4,100,5,76662,1,False,True,True,23960,4696.0,240.0,True
coronavirus_like,4,100,5,76817,1,False,True,True,2249,692.0,364.0,True
coronavirus_like,4,100,5,77337,1,False,True,True,7161,280.0,75.0,True
coronavirus_like,4,100,5,77625,4,False,True,False,26750,,,
coronavirus_like,4,100,5,78527,1,False,True,True,21289,721.0,15.0,True
coronavirus_like,4,100,5,78992,1,False,True,True,13339,1079.0,97.0,True
coronavirus_like,4,100,5,79113,1,False,True,True,13134,831.0,420.0,True
coronavirus_like,4,100,5,79647,1,True,True,True,2394,1066.0,243.0,True
coronavirus_like,4,100,5,79937,3,False,True,True,29779,95.0,-19488.0,False
coronavirus_like,4,100,5,80066,1,True,True,True,3573,785.0,722.0,True
coronavirus_like,4,100,5,80193,1,True,True,True,23104,972.0,314.0,True
coronavirus_like,4,100,5,80885,11,False,True,True,9424,751.0,577.0,True
coronavirus_like,4,100,5,80973,4,False,True,True,5782,1672.0,1228.0,True
coronavirus_like,4,100,5,81802,5,False,True,False,1651,,,
coronavirus_like,4,100,5,82391,1,True,True,True,4680,453.0,69.0,True
coronavirus_like,4,100,5,82692,1,True,True,True,9792,1045.0,357.0,True
coronavirus_like,4,100,5,83087,2,False,True,True,11542,679.0,170.0,True
coronavirus_like,4,100,5,83422,1,True,True,True,15335,511.0,325.0,True
coronavirus_like,4,100,5,85190,21,False,True,True,9079,676.0,24.0,True
coronavirus_like,4,100,5,85341,2,False,True,True,9995,1404.0,513.0,True
coronavirus_like,4,100,5,85395,1,True,True,True,13941,2305.0,923.0,True
coronavirus_like,4,100,5,85433,1,True,True,True,18129,913.0,34.0,True
coronavirus_like,4,100,5,86028,1,False,True,True,26504,776.0,137.0,True
coronavirus_like,4,100,5,86396,1,False,True,True,4296,1710.0,1282.0,True
coronavirus_like,4,100,5,86429,1,True,True,True,8333,363.0,61.0,True
coronavirus_like,4,100,5,86524,13,False,True,False,28596,,,
coronavirus_like,4,100,5,87149,1,True,True,True,16942,936.0,576.0,True
coronavirus_like,4,100,5,87285,3,False,True,True,4700,440.0,36.0,True
coronavirus_like,4,100,5,87696,2,False,True,True,6839,831.0,259.0,True
coronavirus_like,4,100,5,88488,1,False,True,True,18887,261.0,206.0,True
coronavirus_like,4,100,5,89343,5,False,True,True,14484,2561.0,425.0,True
coronavirus_like,4,100,5,89661,1,False,True,True,2695,904.0,791.0,True
coronavirus_like,4,100,5,90231,1,True,True,True,20043,3548.0,561.0,True
coronavirus_like,4,100,5,90411,1,False,True,True,13966,1468.0,599.0,True
coronavirus_like,4,100,5,90594,1,False,True,True,12127,593.0,2.0,True
coronavirus_like,4,100,5,90777,1,True,True,True,18295,322.0,288.0,True
coronavirus_like,4,100,5,91374,5,False,True,True,5442,880.0,136.0,True
coronavirus_like,4,100,5,92280,13,False,True,False,1103,,,
coronavirus_like,4,100,5,92571,1,True,True,True,5671,2012.0,1339.0,True
coronavirus_like,4,100,5,92711,1,False,True,True,3359,1036.0,91.0,True
coronavirus_like,4,100,5,93046,3,False,True,False,574,,,
coronavirus_like,4,100,5,93359,2,False,True,False,3766,,,
coronavirus_like,4,100,5,94240,1,False,True,True,9118,140.0,126.0,True
coronavirus_like,4,100,5,95708,1,True,True,True,18519,380.0,302.0,True
coronavirus_like,4,100,5,96757,2,False,True,True,7411,354.0,58.0,True
coronavirus_like,4,100,5,96880,6,False,True,False,717,,,
coronavirus_like,4,100,5,97013,2,False,True,True,14715,292.0,143.0,True
coronavirus_like,4,100,5,97617,1,False,True,True,7606,396.0,38.0,True
coronavirus_like,4,100,5,97787,17,False,True,True,17720,830.0,67.0,True
coronavirus_like,4,100,5,98457,4,False,True,False,969,,,
coronavirus_like,4,100,5,98774,1,True,True,True,15793,559.0,19.0,True
coronavirus_like,4,100,5,99987,1,True,True,True,12980,1041.0,620.0,True
coronavirus_like,4,100,5,101125,1,True,True,False,682,,,
coronavirus_like,4,100,5,101186,1,False,True,True,25181,1183.0,1143.0,True
coronavirus_like,4,100,5,101310,2,False,True,True,6657,61.0,25.0,True
coronavirus_like,4,100,5,101371,1,False,True,True,22026,1439.0,980.0,True
coronavirus_like,4,100,5,102297,1,False,True,True,7312,579.0,403.0,True
coronavirus_like,4,100,5,102905,1,True,True,False,28454,,,
coronavirus_like,4,100,5,102951,2,False,True,True,28042,9178.0,-697.0,False
coronavirus_like,4,100,5,103607,1,False,True,False,28229,,,
coronavirus_like,4,100,5,104018,1,False,True,False,4158,,,
coronavirus_like,4,100,5,105322,1,True,True,True,17911,1607.0,920.0,True
coronavirus_like,4,100,5,105948,1,False,True,True,24030,1735.0,248.0,True
coronavirus_like,4,100,5,106626,1,False,True,True,19959,546.0,203.0,True
coronavirus_like,4,100,5,107197,1,False,True,False,28370,,,
coronavirus_like,4,100,5,109154,1,True,True,True,16054,478.0,257.0,True
coronavirus_like,4,100,5,110405,1,True,True,False,28412,,,
coronavirus_like,4,100,5,110832,1,False,True,True,10018,415.0,183.0,True
coronavirus_like,4,100,5,110909,1,False,True,True,7929,553.0,323.0,True
coronavirus_like,4,100,5,111647,5,False,True,True,8536,937.0,292.0,True
coronavirus_like,4,100,5,111737,1,False,True,True,11534,69.0,53.0,True
coronavirus_like,4,100,5,111787,5,False,True,True,13699,370.0,135.0,True
coronavirus_like,4,100,5,112929,1,False,True,True,19607,787.0,585.0,True
coronavirus_like,4,100,5,113432,1,False,True,True,2984,1049.0,290.0,True
coronavirus_like,4,100,5,113958,3,False,True,True,3854,1702.0,262.0,True
coronavirus_like,4,100,5,114133,1,False,True,True,8200,509.0,8.0,True
coronavirus_like,4,100,5,114359,1,False,True,True,14013,226.0,197.0,True
coronavirus_like,4,100,5,114512,1,False,True,True,25345,980.0,295.0,True
coronavirus_like,4,100,5,114526,2,False,True,True,4081,1436.0,655.0,True
coronavirus_like,4,100,5,114897,1,False,True,False,29196,,,
coronavirus_like,4,100,5,115773,1,True,True,True,22522,632.0,158.0,True
coronavirus_like,4,100,5,116194,1,True,True,True,16697,346.0,259.0,True
coronavirus_like,4,100,5,116451,6,False,True,True,16445,374.0,241.0,True
coronavirus_like,4,100,5,116695,1,False,True,True,23245,343.0,42.0,True
coronavirus_like,4,100,5,116791,4,False,True,True,24118,750.0,224.0,True
coronavirus_like,4,100,5,116822,2,False,True,True,1701,819.0,523.0,True
coronavirus_like,4,100,5,119836,1,True,True,False,2991,,,
coronavirus_like,4,100,5,120404,1,False,True,True,3515,739.0,675.0,True
coronavirus_like,4,100,5,120536,2,False,True,True,11503,1178.0,209.0,True
coronavirus_like,4,100,5,120701,1,True,True,True,13254,984.0,18.0,True
coronavirus_like,4,100,5,120753,12,False,True,True,3045,68.0,52.0,True
coronavirus_like,4,100,5,120863,9,False,True,True,20219,473.0,247.0,True
coronavirus_like,4,100,5,122473,1,False,True,False,1553,,,
coronavirus_like,4,100,5,123664,1,False,True,True,12123,452.0,64.0,True
coronavirus_like,4,100,5,123794,1,True,True,True,22641,513.0,249.0,True
coronavirus_like,4,100,5,124981,1,True,True,True,12478,534.0,186.0,True
coronavirus_like,4,100,5,126539,1,True,True,True,20031,537.0,489.0,True
coronavirus_like,4,100,5,126605,4,False,True,False,29321,,,
coronavirus_like,4,100,5,126789,1,False,True,True,25787,671.0,574.0,True
coronavirus_like,4,100,5,127444,1,False,True,False,734,,,
coronavirus_like,4,100,5,127720,2,False,True,False,27625,,,
coronavirus_like,4,100,5,127751,1,True,True,True,20502,599.0,80.0,True
coronavirus_like,4,100,5,128032,1,False,True,True,5159,116.0,55.0,True
coronavirus_like,4,100,5,128123,1,True,True,True,24299,132.0,57.0,True
coronavirus_like,4,100,5,128207,1,False,True,True,16713,3389.0,3013.0,True
coronavirus_like,4,100,5,128352,1,True,True,False,1275,,,
coronavirus_like,4,100,5,129100,1,True,True,True,24212,1521.0,889.0,True
coronavirus_like,4,100,5,130222,1,False,True,True,13576,511.0,323.0,True
coronavirus_like,4,100,5,130413,7,False,True,True,5653,240.0,192.0,True
coronavirus_like,4,100,5,131066,1,False,True,True,19014,208.0,26.0,True
coronavirus_like,4,100,5,132782,35,False,True,True,11450,223.0,185.0,True
coronavirus_like,4,100,5,132875,2,False,True,True,17882,1474.0,907.0,True
coronavirus_like,4,100,5,133737,3,False,True,True,2043,676.0,632.0,True
coronavirus_like,4,100,5,134856,2,False,True,True,1266,555.0,469.0,True
coronavirus_like,4,100,5,135880,1,True,True,True,1245,451.0,246.0,True
coronavirus_like,4,100,5,136026,1,True,True,True,6129,2254.0,600.0,True
coronavirus_like,4,100,5,137825,1,True,True,True,12539,812.0,544.0,True
coronavirus_like,4,100,5,138661,1,True,True,True,4909,108.0,46.0,True
coronavirus_like,4,100,5,139452,2,False,False,False,29799,,,
coronavirus_like,4,100,5,139589,1,True,True,True,25070,217.0,70.0,True
coronavirus_like,4,100,5,140105,10,False,True,True,14035,286.0,235.0,True
coronavirus_like,4,100,5,140310,5,False,True,True,23457,291.0,122.0,True
coronavirus_like,4,100,5,140380,1,False,True,True,12711,149.0,41.0,True
coronavirus_like,4,100,5,140736,1,True,True,True,27107,1679.0,1250.0,True
coronavirus_like,4,100,5,142154,1,False,True,True,19404,9.0,0.0,True
coronavirus_like,4,100,5,142583,1,True,True,True,17942,1037.0,507.0,True
coronavirus_like,4,100,5,143731,7,False,True,False,27795,,,
coronavirus_like,4,100,5,143895,1,False,False,False,87,,,
coronavirus_like,4,100,5,145494,1,False,True,True,17963,1360.0,1257.0,True
coronavirus_like,4,100,5,146400,1,True,True,True,5298,454.0,280.0,True
coronavirus_like,4,100,5,146495,2,False,True,True,4252,1054.0,845.0,True
coronavirus_like,4,100,5,146735,2,False,True,True,16431,104.0,39.0,True
coronavirus_like,4,100,5,147832,3,False,True,True,3980,1394.0,1249.0,True
coronavirus_like,4,100,5,147877,2,False,True,True,1689,1023.0,739.0,True
coronavirus_like,4,100,5,147932,1,False,True,True,18187,250.0,241.0,True
coronavirus_like,4,100,5,148110,1,False,True,True,3245,1423.0,464.0,True
coronavirus_like,4,100,5,148135,3,False,True,True,3648,595.0,186.0,True
coronavirus_like,4,100,5,148271,1,False,True,True,11210,373.0,20.0,True
coronavirus_like,4,100,5,148645,1,True,True,False,29324,,,
coronavirus_like,4,100,5,148866,3,False,True,True,26044,361.0,11.0,True
coronavirus_like,4,100,5,151186,2,False,True,True,13636,342.0,20.0,True
coronavirus_like,4,100,5,151560,7,False,True,False,13381,,,
coronavirus_like,4,100,5,151708,1,True,True,True,14091,241.0,15.0,True
coronavirus_like,4,100,5,151853,1,True,True,True,5134,728.0,566.0,True
coronavirus_like,4,100,5,151884,1,False,True,True,19089,244.0,209.0,True
coronavirus_like,4,100,5,152510,9,False,True,True,20766,31.0,7.0,True
coronavirus_like,4,100,5,152522,1,False,True,True,16493,585.0,31.0,True
coronavirus_like,4,100,5,153838,1,False,True,True,8359,146.0,49.0,True
coronavirus_like,4,100,5,155062,3,False,True,True,14414,226.0,124.0,True
coronavirus_like,4,100,5,156135,1,True,True,False,28612,,,
coronavirus_like,4,100,5,156320,1,True,True,True,24753,471.0,455.0,True
coronavirus_like,4,100,5,156359,1,True,True,True,18285,463.0,174.0,True
coronavirus_like,4,100,5,157362,1,True,True,True,23683,289.0,231.0,True
coronavirus_like,4,100,5,157897,1,True,True,True,16544,108.0,97.0,True
coronavirus_like,4,100,5,158163,1,True,True,True,18508,427.0,276.0,True
coronavirus_like,4,100,5,159137,1,False,True,True,12214,745.0,98.0,True
coronavirus_like,4,100,5,159190,1,False,True,True,7477,119.0,112.0,True
coronavirus_like,4,100,5,159534,1,True,False,False,331,,,
coronavirus_like,4,100,5,159707,7,False,True,True,1791,,,
coronavirus_like,4,100,5,160052,4,False,False,False,562,,,
coronavirus_like,4,100,5,160444,1,False,True,True,6142,608.0,400.0,True
coronavirus_like,4,100,5,161290,1,True,True,True,27599,227.0,104.0,True
coronavirus_like,4,100,5,161541,1,False,True,True,8983,273.0,173.0,True
coronavirus_like,4,100,5,161727,7,False,True,True,18945,2475.0,2384.0,True
coronavirus_like,4,100,5,161794,1,False,True,True,19001,197.0,132.0,True
coronavirus_like,4,100,5,161808,1,False,True,True,13215,149.0,18.0,True
coronavirus_like,4,100,5,162019,1,False,True,True,4510,453.0,239.0,True
coronavirus_like,4,100,5,162074,3,False,True,True,15262,,,
coronavirus_like,4,100,5,162514,1,False,True,True,24587,981.0,504.0,True
coronavirus_like,4,100,5,163156,1,True,True,True,8805,283.0,267.0,True
coronavirus_like,4,100,5,163257,1,True,True,True,23491,331.0,287.0,True
coronavirus_like,4,100,5,163748,1,False,True,True,4033,830.0,632.0,True
coronavirus_like,4,100,5,164049,1,True,True,True,25937,542.0,424.0,True
coronavirus_like,4,100,5,164374,1,False,True,True,12858,450.0,67.0,True
coronavirus_like,4,100,5,164510,1,False,True,False,29834,,,
coronavirus_like,4,100,5,164936,1,True,True,True,19741,577.0,241.0,True
coronavirus_like,4,100,5,165587,1,True,True,True,9764,351.0,188.0,True
coronavirus_like,4,100,5,166102,3,False,True,True,18730,689.0,403.0,True
coronavirus_like,4,100,5,166193,2,False,True,True,15107,274.0,200.0,True
coronavirus_like,4,100,5,166264,1,True,True,True,20592,156.0,97.0,True
coronavirus_like,4,100,5,166591,1,True,True,True,3273,45.0,8.0,True
coronavirus_like,4,100,5,166795,1,False,True,True,21417,183.0,113.0,True
coronavirus_like,4,100,5,167997,8,False,True,True,4513,392.0,121.0,True
coronavirus_like,4,100,5,169275,1,False,True,True,19613,515.0,307.0,True
coronavirus_like,4,100,5,169640,1,False,True,True,12846,226.0,79.0,True
coronavirus_like,4,100,5,170015,1,True,True,True,19793,258.0,135.0,True
coronavirus_like,4,100,5,170169,7,False,True,False,29280,,,
coronavirus_like,4,100,5,170930,1,False,True,True,15719,1661.0,1509.0,True
coronavirus_like,4,100,5,170952,1,False,True,True,11338,86.0,73.0,True
coronavirus_like,4,100,5,171330,2,False,True,True,24571,1313.0,943.0,True
coronavirus_like,4,100,5,171404,1,True,True,True,15597,222.0,192.0,True
coronavirus_like,4,100,5,171744,1,True,True,False,776,,,
coronavirus_like,4,100,5,171978,2,False,True,True,20452,913.0,80.0,True
coronavirus_like,4,100,5,172198,3,False,True,True,1606,136.0,22.0,True
coronavirus_like,4,100,5,172353,1,True,True,True,23820,1207.0,108.0,True
coronavirus_like,4,100,5,172376,1,True,True,True,27408,316.0,283.0,True
coronavirus_like,4,100,5,173377,1,True,True,True,23025,431.0,203.0,True
coronavirus_like,4,100,5,173597,2,False,True,True,19845,286.0,137.0,True
coronavirus_like,4,100,5,173691,1,False,False,False,29778,,,
coronavirus_like,4,100,5,174301,1,False,True,True,14301,1013.0,98.0,True
coronavirus_like,4,100,5,174367,1,False,True,True,25481,352.0,159.0,True
coronavirus_like,4,100,5,174900,2,False,True,True,15154,55.0,13.0,True
coronavirus_like,4,100,5,175201,1,True,True,True,1724,151.0,56.0,True
coronavirus_like,4,100,5,176509,1,False,True,True,12478,142.0,66.0,True
coronavirus_like,4,100,5,176604,1,False,True,True,14043,1086.0,473.0,True
coronavirus_like,4,100,5,176883,1,False,True,True,8092,414.0,21.0,True
coronavirus_like,4,100,5,177250,1,False,True,True,16115,739.0,414.0,True
coronavirus_like,4,100,5,177674,1,True,True,True,21346,80.0,75.0,True
coronavirus_like,4,100,5,177747,2,False,True,True,24706,1194.0,917.0,True
coronavirus_like,4,100,5,178465,1,False,True,True,7885,193.0,100.0,True
coronavirus_like,4,100,5,178916,1,True,True,True,13872,446.0,234.0,True
coronavirus_like,4,100,5,180093,1,False,True,True,3503,250.0,126.0,True
coronavirus_like,4,100,5,181144,1,True,True,True,29893,739.0,-13364.0,False
coronavirus_like,4,100,5,181649,1,True,True,False,29055,,,
coronavirus_like,4,100,5,181867,1,True,True,True,18543,223.0,121.0,True
