pathogen,rep,samples_per_day,k,gen,num_samples,num_placed,num_exact_matches
coronavirus_like,0,20,3,0,1,1,1
coronavirus_like,0,20,3,1,1,1,0
coronavirus_like,0,20,3,2,2,2,0
coronavirus_like,0,20,3,3,3,3,3
coronavirus_like,0,20,3,4,4,4,3
coronavirus_like,0,20,3,5,6,6,4
coronavirus_like,0,20,3,6,8,8,5
coronavirus_like,0,20,3,7,11,11,9
coronavirus_like,0,20,3,8,16,16,9
coronavirus_like,0,20,3,9,20,20,14
coronavirus_like,0,20,3,10,20,20,12
coronavirus_like,0,20,3,11,20,20,14
coronavirus_like,0,20,3,12,20,20,11
coronavirus_like,0,20,3,13,20,20,14
coronavirus_like,0,20,3,14,20,20,10
coronavirus_like,0,20,3,15,20,20,9
coronavirus_like,0,20,3,16,20,20,8
coronavirus_like,0,20,3,17,20,20,8
coronavirus_like,0,20,3,18,20,20,4
coronavirus_like,0,20,3,19,20,20,3
coronavirus_like,0,20,3,20,20,20,3
coronavirus_like,0,20,3,21,20,20,3
coronavirus_like,0,20,3,22,20,20,3
coronavirus_like,0,20,3,23,20,20,3
coronavirus_like,0,20,3,24,20,20,2
coronavirus_like,0,20,3,25,20,20,2
coronavirus_like,0,20,3,26,20,20,5
coronavirus_like,0,20,3,27,20,20,1
coronavirus_like,0,20,3,28,20,20,1
coronavirus_like,0,20,3,29,20,20,0
coronavirus_like,0,20,3,30,20,20,2
coronavirus_like,0,20,3,31,20,20,2
coronavirus_like,0,20,3,32,20,20,4
coronavirus_like,0,20,3,33,20,20,1
coronavirus_like,0,20,3,34,20,20,3
coronavirus_like,0,20,3,35,20,20,1
coronavirus_like,0,20,3,36,20,20,1
coronavirus_like,0,20,3,37,20,20,1
coronavirus_like,0,20,3,38,20,20,3
coronavirus_like,0,20,3,39,20,20,2
coronavirus_like,0,20,3,40,20,20,3
coronavirus_like,0,20,3,41,20,20,0
coronavirus_like,0,20,3,42,20,20,1
coronavirus_like,0,20,3,43,20,20,2
coronavirus_like,0,20,3,44,20,20,3
coronavirus_like,0,20,3,45,20,20,2
coronavirus_like,0,20,3,46,20,20,1
coronavirus_like,0,20,3,47,20,20,2
coronavirus_like,0,20,3,48,20,20,1
coronavirus_like,0,20,3,49,20,20,0
coronavirus_like,0,20,3,50,20,20,3
coronavirus_like,0,20,3,51,20,20,6
coronavirus_like,0,20,3,52,20,20,1
coronavirus_like,0,20,3,53,20,20,1
coronavirus_like,0,20,3,54,20,20,3
coronavirus_like,0,20,3,55,20,20,1
coronavirus_like,0,20,3,56,20,20,0
coronavirus_like,0,20,3,57,20,20,0
coronavirus_like,0,20,3,58,20,20,1
coronavirus_like,0,20,3,59,20,20,0
coronavirus_like,0,20,3,60,20,20,2
coronavirus_like,0,20,3,61,20,20,3
coronavirus_like,0,20,3,62,20,20,3
coronavirus_like,0,20,3,63,20,20,1
coronavirus_like,0,20,3,64,20,20,0
coronavirus_like,0,20,3,65,20,20,5
coronavirus_like,0,20,3,66,20,20,1
coronavirus_like,0,20,3,67,20,20,2
coronavirus_like,0,20,3,68,20,20,3
coronavirus_like,0,20,3,69,20,20,0
coronavirus_like,0,20,3,70,20,20,0
coronavirus_like,0,20,3,71,20,20,1
coronavirus_like,0,20,3,72,20,20,2
coronavirus_like,0,20,3,73,20,20,3
coronavirus_like,0,20,3,74,20,20,3
coronavirus_like,0,20,3,75,20,20,2
coronavirus_like,0,20,3,76,20,20,3
coronavirus_like,0,20,3,77,20,20,2
coronavirus_like,0,20,3,78,20,20,0
coronavirus_like,0,20,3,79,20,20,0
coronavirus_like,0,20,3,80,20,20,2
coronavirus_like,0,20,3,81,20,20,2
coronavirus_like,0,20,3,82,20,20,1
coronavirus_like,0,20,3,83,20,20,5
coronavirus_like,0,20,3,84,20,20,2
coronavirus_like,0,20,3,85,20,20,3
coronavirus_like,0,20,3,86,20,20,2
coronavirus_like,0,20,3,87,20,20,0
coronavirus_like,0,20,3,88,20,20,5
coronavirus_like,0,20,3,89,20,20,2
coronavirus_like,0,20,3,90,20,20,1
coronavirus_like,0,20,3,91,20,20,1
coronavirus_like,0,20,3,92,20,20,1
coronavirus_like,0,20,3,93,20,20,1
coronavirus_like,0,20,3,94,20,20,4
coronavirus_like,0,20,3,95,20,20,4
coronavirus_like,0,20,3,96,20,20,3
coronavirus_like,0,20,3,97,20,20,3
coronavirus_like,0,20,3,98,20,20,3
coronavirus_like,0,20,3,99,20,20,1
coronavirus_like,0,20,3,100,20,20,2
coronavirus_like,0,20,3,101,20,20,7
coronavirus_like,0,20,3,102,20,20,1
coronavirus_like,0,20,3,103,20,20,0
coronavirus_like,0,20,3,104,20,20,0
coronavirus_like,0,20,3,105,20,20,3
coronavirus_like,0,20,3,106,20,20,0
coronavirus_like,0,20,3,107,20,20,4
coronavirus_like,0,20,3,108,20,20,0
coronavirus_like,0,20,3,109,20,20,3
coronavirus_like,0,20,3,110,20,20,1
coronavirus_like,0,20,3,111,20,20,0
coronavirus_like,0,20,3,112,20,20,1
coronavirus_like,0,20,3,113,20,20,2
coronavirus_like,0,20,3,114,20,20,3
coronavirus_like,0,20,3,115,20,20,1
coronavirus_like,0,20,3,116,20,20,0
coronavirus_like,0,20,3,117,20,20,0
coronavirus_like,0,20,3,118,20,20,1
coronavirus_like,0,20,3,119,20,20,1
coronavirus_like,0,20,3,120,20,20,2
coronavirus_like,0,20,3,121,20,20,4
coronavirus_like,0,20,3,122,20,20,2
coronavirus_like,0,20,3,123,20,20,0
coronavirus_like,0,20,3,124,20,20,1
coronavirus_like,0,20,3,125,20,20,3
coronavirus_like,0,20,3,126,20,20,0
coronavirus_like,0,20,3,127,20,20,1
coronavirus_like,0,20,3,128,20,20,4
coronavirus_like,0,20,3,129,20,20,2
coronavirus_like,0,20,3,130,20,20,0
coronavirus_like,0,20,3,131,20,20,0
coronavirus_like,0,20,3,132,20,20,3
coronavirus_like,0,20,3,133,20,20,2
coronavirus_like,0,20,3,134,20,20,3
coronavirus_like,0,20,3,135,20,20,3
coronavirus_like,0,20,3,136,20,20,1
coronavirus_like,0,20,3,137,20,20,1
coronavirus_like,0,20,3,138,20,20,2
coronavirus_like,0,20,3,139,20,20,1
coronavirus_like,0,20,3,140,20,20,2
coronavirus_like,0,20,3,141,20,20,2
coronavirus_like,0,20,3,142,20,20,1
coronavirus_like,0,20,3,143,20,20,4
coronavirus_like,0,20,3,144,20,20,2
coronavirus_like,0,20,3,145,20,20,3
coronavirus_like,0,20,3,146,20,20,1
coronavirus_like,0,20,3,147,20,20,2
coronavirus_like,0,20,3,148,20,20,1
coronavirus_like,0,20,3,149,20,20,2
coronavirus_like,0,20,3,150,20,20,1
coronavirus_like,0,20,3,151,20,20,1
coronavirus_like,0,20,3,152,20,20,2
coronavirus_like,0,20,3,153,20,20,1
coronavirus_like,0,20,3,154,20,20,2
coronavirus_like,0,20,3,155,20,20,0
coronavirus_like,0,20,3,156,20,20,1
coronavirus_like,0,20,3,157,20,20,1
coronavirus_like,0,20,3,158,20,20,2
coronavirus_like,0,20,3,159,20,20,0
coronavirus_like,0,20,3,160,20,20,2
coronavirus_like,0,20,3,161,20,20,0
coronavirus_like,0,20,3,162,20,20,2
coronavirus_like,0,20,3,163,20,20,2
coronavirus_like,0,20,3,164,20,20,1
coronavirus_like,0,20,3,165,20,20,0
coronavirus_like,0,20,3,166,20,20,2
coronavirus_like,0,20,3,167,20,20,4
coronavirus_like,0,20,3,168,20,20,2
coronavirus_like,0,20,3,169,20,20,2
coronavirus_like,0,20,3,170,20,20,3
coronavirus_like,0,20,3,171,20,20,0
coronavirus_like,0,20,3,172,20,20,3
coronavirus_like,0,20,3,173,20,20,3
coronavirus_like,0,20,3,174,20,20,1
coronavirus_like,0,20,3,175,20,20,0
coronavirus_like,0,20,3,176,20,20,1
coronavirus_like,0,20,3,177,20,20,1
coronavirus_like,0,20,3,178,20,20,3
coronavirus_like,0,20,3,179,20,20,3
coronavirus_like,0,20,3,180,20,20,1
coronavirus_like,0,20,3,181,20,20,4
coronavirus_like,0,20,3,182,20,20,1
coronavirus_like,0,20,3,183,20,20,1
coronavirus_like,0,20,3,184,20,20,1
coronavirus_like,0,20,3,185,20,20,2
coronavirus_like,0,20,3,186,20,20,2
coronavirus_like,0,20,3,187,20,20,2
coronavirus_like,0,20,3,188,20,20,4
coronavirus_like,0,20,3,189,20,20,3
coronavirus_like,0,20,3,190,20,20,1
coronavirus_like,0,20,3,191,20,20,2
coronavirus_like,0,20,3,192,20,20,0
coronavirus_like,0,20,3,193,20,20,0
coronavirus_like,0,20,3,194,20,20,2
coronavirus_like,0,20,3,195,20,20,1
coronavirus_like,0,20,3,196,20,20,3
coronavirus_like,0,20,3,197,20,20,3
coronavirus_like,0,20,3,198,20,20,3
coronavirus_like,0,20,3,199,20,20,1
coronavirus_like,0,20,3,200,20,20,5
coronavirus_like,0,20,4,0,1,1,1
coronavirus_like,0,20,4,1,1,1,0
coronavirus_like,0,20,4,2,2,2,0
coronavirus_like,0,20,4,3,3,3,3
coronavirus_like,0,20,4,4,4,4,3
coronavirus_like,0,20,4,5,6,6,4
coronavirus_like,0,20,4,6,8,8,5
coronavirus_like,0,20,4,7,11,11,9
coronavirus_like,0,20,4,8,16,16,9
coronavirus_like,0,20,4,9,20,20,14
coronavirus_like,0,20,4,10,20,20,12
coronavirus_like,0,20,4,11,20,20,14
coronavirus_like,0,20,4,12,20,20,11
coronavirus_like,0,20,4,13,20,20,14
coronavirus_like,0,20,4,14,20,20,10
coronavirus_like,0,20,4,15,20,20,9
coronavirus_like,0,20,4,16,20,20,8
coronavirus_like,0,20,4,17,20,20,8
coronavirus_like,0,20,4,18,20,20,4
coronavirus_like,0,20,4,19,20,20,3
coronavirus_like,0,20,4,20,20,20,3
coronavirus_like,0,20,4,21,20,20,3
coronavirus_like,0,20,4,22,20,20,3
coronavirus_like,0,20,4,23,20,20,3
coronavirus_like,0,20,4,24,20,20,2
coronavirus_like,0,20,4,25,20,20,2
coronavirus_like,0,20,4,26,20,20,5
coronavirus_like,0,20,4,27,20,20,1
coronavirus_like,0,20,4,28,20,20,1
coronavirus_like,0,20,4,29,20,20,0
coronavirus_like,0,20,4,30,20,20,2
coronavirus_like,0,20,4,31,20,20,2
coronavirus_like,0,20,4,32,20,20,4
coronavirus_like,0,20,4,33,20,20,1
coronavirus_like,0,20,4,34,20,20,3
coronavirus_like,0,20,4,35,20,20,1
coronavirus_like,0,20,4,36,20,20,1
coronavirus_like,0,20,4,37,20,20,1
coronavirus_like,0,20,4,38,20,20,3
coronavirus_like,0,20,4,39,20,20,2
coronavirus_like,0,20,4,40,20,20,3
coronavirus_like,0,20,4,41,20,20,0
coronavirus_like,0,20,4,42,20,20,1
coronavirus_like,0,20,4,43,20,20,2
coronavirus_like,0,20,4,44,20,20,3
coronavirus_like,0,20,4,45,20,20,2
coronavirus_like,0,20,4,46,20,20,1
coronavirus_like,0,20,4,47,20,20,2
coronavirus_like,0,20,4,48,20,20,1
coronavirus_like,0,20,4,49,20,20,0
coronavirus_like,0,20,4,50,20,20,3
coronavirus_like,0,20,4,51,20,20,6
coronavirus_like,0,20,4,52,20,20,1
coronavirus_like,0,20,4,53,20,20,1
coronavirus_like,0,20,4,54,20,20,3
coronavirus_like,0,20,4,55,20,20,1
coronavirus_like,0,20,4,56,20,20,0
coronavirus_like,0,20,4,57,20,20,0
coronavirus_like,0,20,4,58,20,20,1
coronavirus_like,0,20,4,59,20,20,0
coronavirus_like,0,20,4,60,20,20,2
coronavirus_like,0,20,4,61,20,20,3
coronavirus_like,0,20,4,62,20,20,3
coronavirus_like,0,20,4,63,20,20,1
coronavirus_like,0,20,4,64,20,20,0
coronavirus_like,0,20,4,65,20,20,5
coronavirus_like,0,20,4,66,20,20,1
coronavirus_like,0,20,4,67,20,20,2
coronavirus_like,0,20,4,68,20,20,3
coronavirus_like,0,20,4,69,20,20,0
coronavirus_like,0,20,4,70,20,20,0
coronavirus_like,0,20,4,71,20,20,1
coronavirus_like,0,20,4,72,20,20,2
coronavirus_like,0,20,4,73,20,20,3
coronavirus_like,0,20,4,74,20,20,3
coronavirus_like,0,20,4,75,20,20,2
coronavirus_like,0,20,4,76,20,20,3
coronavirus_like,0,20,4,77,20,20,2
coronavirus_like,0,20,4,78,20,20,0
coronavirus_like,0,20,4,79,20,20,0
coronavirus_like,0,20,4,80,20,20,2
coronavirus_like,0,20,4,81,20,20,2
coronavirus_like,0,20,4,82,20,20,1
coronavirus_like,0,20,4,83,20,20,5
coronavirus_like,0,20,4,84,20,20,2
coronavirus_like,0,20,4,85,20,20,3
coronavirus_like,0,20,4,86,20,20,2
coronavirus_like,0,20,4,87,20,20,0
coronavirus_like,0,20,4,88,20,20,5
coronavirus_like,0,20,4,89,20,20,2
coronavirus_like,0,20,4,90,20,20,1
coronavirus_like,0,20,4,91,20,20,1
coronavirus_like,0,20,4,92,20,20,1
coronavirus_like,0,20,4,93,20,20,1
coronavirus_like,0,20,4,94,20,20,4
coronavirus_like,0,20,4,95,20,20,4
coronavirus_like,0,20,4,96,20,20,3
coronavirus_like,0,20,4,97,20,20,3
coronavirus_like,0,20,4,98,20,20,3
coronavirus_like,0,20,4,99,20,20,1
coronavirus_like,0,20,4,100,20,20,2
coronavirus_like,0,20,4,101,20,20,7
coronavirus_like,0,20,4,102,20,20,1
coronavirus_like,0,20,4,103,20,20,0
coronavirus_like,0,20,4,104,20,20,0
coronavirus_like,0,20,4,105,20,20,3
coronavirus_like,0,20,4,106,20,20,0
coronavirus_like,0,20,4,107,20,20,4
coronavirus_like,0,20,4,108,20,20,0
coronavirus_like,0,20,4,109,20,20,3
coronavirus_like,0,20,4,110,20,20,1
coronavirus_like,0,20,4,111,20,20,0
coronavirus_like,0,20,4,112,20,20,1
coronavirus_like,0,20,4,113,20,20,2
coronavirus_like,0,20,4,114,20,20,3
coronavirus_like,0,20,4,115,20,20,1
coronavirus_like,0,20,4,116,20,20,0
coronavirus_like,0,20,4,117,20,20,0
coronavirus_like,0,20,4,118,20,20,1
coronavirus_like,0,20,4,119,20,20,1
coronavirus_like,0,20,4,120,20,20,2
coronavirus_like,0,20,4,121,20,20,4
coronavirus_like,0,20,4,122,20,20,2
coronavirus_like,0,20,4,123,20,20,0
coronavirus_like,0,20,4,124,20,20,1
coronavirus_like,0,20,4,125,20,20,3
coronavirus_like,0,20,4,126,20,20,0
coronavirus_like,0,20,4,127,20,20,1
coronavirus_like,0,20,4,128,20,20,4
coronavirus_like,0,20,4,129,20,20,2
coronavirus_like,0,20,4,130,20,20,0
coronavirus_like,0,20,4,131,20,20,0
coronavirus_like,0,20,4,132,20,20,3
coronavirus_like,0,20,4,133,20,20,2
coronavirus_like,0,20,4,134,20,20,3
coronavirus_like,0,20,4,135,20,20,3
coronavirus_like,0,20,4,136,20,20,1
coronavirus_like,0,20,4,137,20,20,1
coronavirus_like,0,20,4,138,20,20,2
coronavirus_like,0,20,4,139,20,20,1
coronavirus_like,0,20,4,140,20,20,2
coronavirus_like,0,20,4,141,20,20,2
coronavirus_like,0,20,4,142,20,20,1
coronavirus_like,0,20,4,143,20,20,4
coronavirus_like,0,20,4,144,20,20,2
coronavirus_like,0,20,4,145,20,20,3
coronavirus_like,0,20,4,146,20,20,1
coronavirus_like,0,20,4,147,20,20,2
coronavirus_like,0,20,4,148,20,20,1
coronavirus_like,0,20,4,149,20,20,2
coronavirus_like,0,20,4,150,20,20,1
coronavirus_like,0,20,4,151,20,20,1
coronavirus_like,0,20,4,152,20,20,2
coronavirus_like,0,20,4,153,20,20,1
coronavirus_like,0,20,4,154,20,20,2
coronavirus_like,0,20,4,155,20,20,0
coronavirus_like,0,20,4,156,20,20,1
coronavirus_like,0,20,4,157,20,20,1
coronavirus_like,0,20,4,158,20,20,2
coronavirus_like,0,20,4,159,20,20,0
coronavirus_like,0,20,4,160,20,20,2
coronavirus_like,0,20,4,161,20,20,0
coronavirus_like,0,20,4,162,20,20,2
coronavirus_like,0,20,4,163,20,20,2
coronavirus_like,0,20,4,164,20,20,1
coronavirus_like,0,20,4,165,20,20,0
coronavirus_like,0,20,4,166,20,20,2
coronavirus_like,0,20,4,167,20,20,4
coronavirus_like,0,20,4,168,20,20,2
coronavirus_like,0,20,4,169,20,20,2
coronavirus_like,0,20,4,170,20,20,3
coronavirus_like,0,20,4,171,20,20,0
coronavirus_like,0,20,4,172,20,20,3
coronavirus_like,0,20,4,173,20,20,3
coronavirus_like,0,20,4,174,20,20,1
coronavirus_like,0,20,4,175,20,20,0
coronavirus_like,0,20,4,176,20,20,1
coronavirus_like,0,20,4,177,20,20,1
coronavirus_like,0,20,4,178,20,20,3
coronavirus_like,0,20,4,179,20,20,3
coronavirus_like,0,20,4,180,20,20,1
coronavirus_like,0,20,4,181,20,20,4
coronavirus_like,0,20,4,182,20,20,1
coronavirus_like,0,20,4,183,20,20,1
coronavirus_like,0,20,4,184,20,20,1
coronavirus_like,0,20,4,185,20,20,2
coronavirus_like,0,20,4,186,20,20,2
coronavirus_like,0,20,4,187,20,20,2
coronavirus_like,0,20,4,188,20,20,4
coronavirus_like,0,20,4,189,20,20,3
coronavirus_like,0,20,4,190,20,20,1
coronavirus_like,0,20,4,191,20,20,2
coronavirus_like,0,20,4,192,20,20,0
coronavirus_like,0,20,4,193,20,20,0
coronavirus_like,0,20,4,194,20,20,2
coronavirus_like,0,20,4,195,20,20,1
coronavirus_like,0,20,4,196,20,20,3
coronavirus_like,0,20,4,197,20,20,3
coronavirus_like,0,20,4,198,20,20,3
coronavirus_like,0,20,4,199,20,20,1
coronavirus_like,0,20,4,200,20,20,5
coronavirus_like,0,20,5,0,1,1,1
coronavirus_like,0,20,5,1,1,1,0
coronavirus_like,0,20,5,2,2,2,0
coronavirus_like,0,20,5,3,3,3,3
coronavirus_like,0,20,5,4,4,4,3
coronavirus_like,0,20,5,5,6,6,4
coronavirus_like,0,20,5,6,8,8,5
coronavirus_like,0,20,5,7,11,11,9
coronavirus_like,0,20,5,8,16,16,9
coronavirus_like,0,20,5,9,20,20,14
coronavirus_like,0,20,5,10,20,20,12
coronavirus_like,0,20,5,11,20,20,14
coronavirus_like,0,20,5,12,20,20,11
coronavirus_like,0,20,5,13,20,20,14
coronavirus_like,0,20,5,14,20,20,10
coronavirus_like,0,20,5,15,20,20,9
coronavirus_like,0,20,5,16,20,20,8
coronavirus_like,0,20,5,17,20,20,8
coronavirus_like,0,20,5,18,20,20,4
coronavirus_like,0,20,5,19,20,20,3
coronavirus_like,0,20,5,20,20,20,3
coronavirus_like,0,20,5,21,20,20,3
coronavirus_like,0,20,5,22,20,20,3
coronavirus_like,0,20,5,23,20,20,3
coronavirus_like,0,20,5,24,20,20,2
coronavirus_like,0,20,5,25,20,20,2
coronavirus_like,0,20,5,26,20,20,5
coronavirus_like,0,20,5,27,20,20,1
coronavirus_like,0,20,5,28,20,20,1
coronavirus_like,0,20,5,29,20,20,0
coronavirus_like,0,20,5,30,20,20,2
coronavirus_like,0,20,5,31,20,20,2
coronavirus_like,0,20,5,32,20,20,4
coronavirus_like,0,20,5,33,20,20,1
coronavirus_like,0,20,5,34,20,20,3
coronavirus_like,0,20,5,35,20,20,1
coronavirus_like,0,20,5,36,20,20,1
coronavirus_like,0,20,5,37,20,20,1
coronavirus_like,0,20,5,38,20,20,3
coronavirus_like,0,20,5,39,20,20,2
coronavirus_like,0,20,5,40,20,20,3
coronavirus_like,0,20,5,41,20,20,0
coronavirus_like,0,20,5,42,20,20,1
coronavirus_like,0,20,5,43,20,20,2
coronavirus_like,0,20,5,44,20,20,3
coronavirus_like,0,20,5,45,20,20,2
coronavirus_like,0,20,5,46,20,20,1
coronavirus_like,0,20,5,47,20,20,2
coronavirus_like,0,20,5,48,20,20,1
coronavirus_like,0,20,5,49,20,20,0
coronavirus_like,0,20,5,50,20,20,3
coronavirus_like,0,20,5,51,20,20,6
coronavirus_like,0,20,5,52,20,20,1
coronavirus_like,0,20,5,53,20,20,1
coronavirus_like,0,20,5,54,20,20,3
coronavirus_like,0,20,5,55,20,20,1
coronavirus_like,0,20,5,56,20,20,0
coronavirus_like,0,20,5,57,20,20,0
coronavirus_like,0,20,5,58,20,20,1
coronavirus_like,0,20,5,59,20,20,0
coronavirus_like,0,20,5,60,20,20,2
coronavirus_like,0,20,5,61,20,20,3
coronavirus_like,0,20,5,62,20,20,3
coronavirus_like,0,20,5,63,20,20,1
coronavirus_like,0,20,5,64,20,20,0
coronavirus_like,0,20,5,65,20,20,5
coronavirus_like,0,20,5,66,20,20,1
coronavirus_like,0,20,5,67,20,20,2
coronavirus_like,0,20,5,68,20,20,3
coronavirus_like,0,20,5,69,20,20,0
coronavirus_like,0,20,5,70,20,20,0
coronavirus_like,0,20,5,71,20,20,1
coronavirus_like,0,20,5,72,20,20,2
coronavirus_like,0,20,5,73,20,20,3
coronavirus_like,0,20,5,74,20,20,3
coronavirus_like,0,20,5,75,20,20,2
coronavirus_like,0,20,5,76,20,20,3
coronavirus_like,0,20,5,77,20,20,2
coronavirus_like,0,20,5,78,20,20,0
coronavirus_like,0,20,5,79,20,20,0
coronavirus_like,0,20,5,80,20,20,2
coronavirus_like,0,20,5,81,20,20,2
coronavirus_like,0,20,5,82,20,20,1
coronavirus_like,0,20,5,83,20,20,5
coronavirus_like,0,20,5,84,20,20,2
coronavirus_like,0,20,5,85,20,20,3
coronavirus_like,0,20,5,86,20,20,2
coronavirus_like,0,20,5,87,20,20,0
coronavirus_like,0,20,5,88,20,20,5
coronavirus_like,0,20,5,89,20,20,2
coronavirus_like,0,20,5,90,20,20,1
coronavirus_like,0,20,5,91,20,20,1
coronavirus_like,0,20,5,92,20,20,1
coronavirus_like,0,20,5,93,20,20,1
coronavirus_like,0,20,5,94,20,20,4
coronavirus_like,0,20,5,95,20,20,4
coronavirus_like,0,20,5,96,20,20,3
coronavirus_like,0,20,5,97,20,20,3
coronavirus_like,0,20,5,98,20,20,3
coronavirus_like,0,20,5,99,20,20,1
coronavirus_like,0,20,5,100,20,20,2
coronavirus_like,0,20,5,101,20,20,7
coronavirus_like,0,20,5,102,20,20,1
coronavirus_like,0,20,5,103,20,20,0
coronavirus_like,0,20,5,104,20,20,0
coronavirus_like,0,20,5,105,20,20,3
coronavirus_like,0,20,5,106,20,20,0
coronavirus_like,0,20,5,107,20,20,4
coronavirus_like,0,20,5,108,20,20,0
coronavirus_like,0,20,5,109,20,20,3
coronavirus_like,0,20,5,110,20,20,1
coronavirus_like,0,20,5,111,20,20,0
coronavirus_like,0,20,5,112,20,20,1
coronavirus_like,0,20,5,113,20,20,2
coronavirus_like,0,20,5,114,20,20,3
coronavirus_like,0,20,5,115,20,20,1
coronavirus_like,0,20,5,116,20,20,0
coronavirus_like,0,20,5,117,20,20,0
coronavirus_like,0,20,5,118,20,20,1
coronavirus_like,0,20,5,119,20,20,1
coronavirus_like,0,20,5,120,20,20,2
coronavirus_like,0,20,5,121,20,20,4
coronavirus_like,0,20,5,122,20,20,2
coronavirus_like,0,20,5,123,20,20,0
coronavirus_like,0,20,5,124,20,20,1
coronavirus_like,0,20,5,125,20,20,3
coronavirus_like,0,20,5,126,20,20,0
coronavirus_like,0,20,5,127,20,20,1
coronavirus_like,0,20,5,128,20,20,4
coronavirus_like,0,20,5,129,20,20,2
coronavirus_like,0,20,5,130,20,20,0
coronavirus_like,0,20,5,131,20,20,0
coronavirus_like,0,20,5,132,20,20,3
coronavirus_like,0,20,5,133,20,20,2
coronavirus_like,0,20,5,134,20,20,3
coronavirus_like,0,20,5,135,20,20,3
coronavirus_like,0,20,5,136,20,20,1
coronavirus_like,0,20,5,137,20,20,1
coronavirus_like,0,20,5,138,20,20,2
coronavirus_like,0,20,5,139,20,20,1
coronavirus_like,0,20,5,140,20,20,2
coronavirus_like,0,20,5,141,20,20,2
coronavirus_like,0,20,5,142,20,20,1
coronavirus_like,0,20,5,143,20,20,4
coronavirus_like,0,20,5,144,20,20,2
coronavirus_like,0,20,5,145,20,20,3
coronavirus_like,0,20,5,146,20,20,1
coronavirus_like,0,20,5,147,20,20,2
coronavirus_like,0,20,5,148,20,20,1
coronavirus_like,0,20,5,149,20,20,2
coronavirus_like,0,20,5,150,20,20,1
coronavirus_like,0,20,5,151,20,20,1
coronavirus_like,0,20,5,152,20,20,2
coronavirus_like,0,20,5,153,20,20,1
coronavirus_like,0,20,5,154,20,20,2
coronavirus_like,0,20,5,155,20,20,0
coronavirus_like,0,20,5,156,20,20,1
coronavirus_like,0,20,5,157,20,20,1
coronavirus_like,0,20,5,158,20,20,2
coronavirus_like,0,20,5,159,20,20,0
coronavirus_like,0,20,5,160,20,20,2
coronavirus_like,0,20,5,161,20,20,0
coronavirus_like,0,20,5,162,20,20,2
coronavirus_like,0,20,5,163,20,20,2
coronavirus_like,0,20,5,164,20,20,1
coronavirus_like,0,20,5,165,20,20,0
coronavirus_like,0,20,5,166,20,20,2
coronavirus_like,0,20,5,167,20,20,4
coronavirus_like,0,20,5,168,20,20,2
coronavirus_like,0,20,5,169,20,20,2
coronavirus_like,0,20,5,170,20,20,3
coronavirus_like,0,20,5,171,20,20,0
coronavirus_like,0,20,5,172,20,20,3
coronavirus_like,0,20,5,173,20,20,3
coronavirus_like,0,20,5,174,20,20,1
coronavirus_like,0,20,5,175,20,20,0
coronavirus_like,0,20,5,176,20,20,1
coronavirus_like,0,20,5,177,20,20,1
coronavirus_like,0,20,5,178,20,20,3
coronavirus_like,0,20,5,179,20,20,3
coronavirus_like,0,20,5,180,20,20,1
coronavirus_like,0,20,5,181,20,20,4
coronavirus_like,0,20,5,182,20,20,1
coronavirus_like,0,20,5,183,20,20,1
coronavirus_like,0,20,5,184,20,20,1
coronavirus_like,0,20,5,185,20,20,2
coronavirus_like,0,20,5,186,20,20,2
coronavirus_like,0,20,5,187,20,20,2
coronavirus_like,0,20,5,188,20,20,4
coronavirus_like,0,20,5,189,20,20,3
coronavirus_like,0,20,5,190,20,20,1
coronavirus_like,0,20,5,191,20,20,2
coronavirus_like,0,20,5,192,20,20,0
coronavirus_like,0,20,5,193,20,20,0
coronavirus_like,0,20,5,194,20,20,2
coronavirus_like,0,20,5,195,20,20,1
coronavirus_like,0,20,5,196,20,20,3
coronavirus_like,0,20,5,197,20,20,3
coronavirus_like,0,20,5,198,20,20,3
coronavirus_like,0,20,5,199,20,20,1
coronavirus_like,0,20,5,200,20,20,5
coronavirus_like,0,100,3,0,1,1,1
coronavirus_like,0,100,3,1,1,1,0
coronavirus_like,0,100,3,2,2,2,0
coronavirus_like,0,100,3,3,3,3,3
coronavirus_like,0,100,3,4,4,4,3
coronavirus_like,0,100,3,5,6,6,4
coronavirus_like,0,100,3,6,8,8,5
coronavirus_like,0,100,3,7,11,11,9
coronavirus_like,0,100,3,8,16,16,9
coronavirus_like,0,100,3,9,22,22,16
coronavirus_like,0,100,3,10,32,32,21
coronavirus_like,0,100,3,11,45,45,32
coronavirus_like,0,100,3,12,63,63,49
coronavirus_like,0,100,3,13,89,89,63
coronavirus_like,0,100,3,14,100,100,70
coronavirus_like,0,100,3,15,100,100,69
coronavirus_like,0,100,3,16,100,100,62
coronavirus_like,0,100,3,17,100,100,54
coronavirus_like,0,100,3,18,100,100,52
coronavirus_like,0,100,3,19,100,100,41
coronavirus_like,0,100,3,20,100,100,40
coronavirus_like,0,100,3,21,100,100,31
coronavirus_like,0,100,3,22,100,100,28
coronavirus_like,0,100,3,23,100,100,31
coronavirus_like,0,100,3,24,100,100,30
coronavirus_like,0,100,3,25,100,100,24
coronavirus_like,0,100,3,26,100,100,25
coronavirus_like,0,100,3,27,100,100,26
coronavirus_like,0,100,3,28,100,100,27
coronavirus_like,0,100,3,29,100,100,25
coronavirus_like,0,100,3,30,100,100,24
coronavirus_like,0,100,3,31,100,100,34
coronavirus_like,0,100,3,32,100,100,29
coronavirus_like,0,100,3,33,100,100,27
coronavirus_like,0,100,3,34,100,100,37
coronavirus_like,0,100,3,35,100,100,22
coronavirus_like,0,100,3,36,100,100,24
coronavirus_like,0,100,3,37,100,100,28
coronavirus_like,0,100,3,38,100,100,30
coronavirus_like,0,100,3,39,100,100,31
coronavirus_like,0,100,3,40,100,100,33
coronavirus_like,0,100,3,41,100,100,20
coronavirus_like,0,100,3,42,100,100,19
coronavirus_like,0,100,3,43,100,100,21
coronavirus_like,0,100,3,44,100,100,29
coronavirus_like,0,100,3,45,100,100,30
coronavirus_like,0,100,3,46,100,100,26
coronavirus_like,0,100,3,47,100,100,27
coronavirus_like,0,100,3,48,100,100,35
coronavirus_like,0,100,3,49,100,100,30
coronavirus_like,0,100,3,50,100,100,21
coronavirus_like,0,100,3,51,100,100,31
coronavirus_like,0,100,3,52,100,100,33
coronavirus_like,0,100,3,53,100,100,26
coronavirus_like,0,100,3,54,100,100,20
coronavirus_like,0,100,3,55,100,100,22
coronavirus_like,0,100,3,56,100,100,29
coronavirus_like,0,100,3,57,100,100,30
coronavirus_like,0,100,3,58,100,100,29
coronavirus_like,0,100,3,59,100,100,19
coronavirus_like,0,100,3,60,100,100,22
coronavirus_like,0,100,3,61,100,100,25
coronavirus_like,0,100,3,62,100,100,26
coronavirus_like,0,100,3,63,100,100,17
coronavirus_like,0,100,3,64,100,100,25
coronavirus_like,0,100,3,65,100,100,26
coronavirus_like,0,100,3,66,100,100,22
coronavirus_like,0,100,3,67,100,100,26
coronavirus_like,0,100,3,68,100,100,25
coronavirus_like,0,100,3,69,100,100,35
coronavirus_like,0,100,3,70,100,100,32
coronavirus_like,0,100,3,71,100,100,28
coronavirus_like,0,100,3,72,100,100,30
coronavirus_like,0,100,3,73,100,100,24
coronavirus_like,0,100,3,74,100,100,30
coronavirus_like,0,100,3,75,100,100,32
coronavirus_like,0,100,3,76,100,100,32
coronavirus_like,0,100,3,77,100,100,26
coronavirus_like,0,100,3,78,100,100,20
coronavirus_like,0,100,3,79,100,100,27
coronavirus_like,0,100,3,80,100,100,35
coronavirus_like,0,100,3,81,100,100,30
coronavirus_like,0,100,3,82,100,100,28
coronavirus_like,0,100,3,83,100,100,32
coronavirus_like,0,100,3,84,100,100,35
coronavirus_like,0,100,3,85,100,100,22
coronavirus_like,0,100,3,86,100,100,27
coronavirus_like,0,100,3,87,100,100,24
coronavirus_like,0,100,3,88,100,100,36
coronavirus_like,0,100,3,89,100,100,25
coronavirus_like,0,100,3,90,100,100,29
coronavirus_like,0,100,3,91,100,100,25
coronavirus_like,0,100,3,92,100,100,25
coronavirus_like,0,100,3,93,100,100,24
coronavirus_like,0,100,3,94,100,100,38
coronavirus_like,0,100,3,95,100,100,36
coronavirus_like,0,100,3,96,100,100,33
coronavirus_like,0,100,3,97,100,100,26
coronavirus_like,0,100,3,98,100,100,29
coronavirus_like,0,100,3,99,100,100,22
coronavirus_like,0,100,3,100,100,100,27
coronavirus_like,0,100,3,101,100,100,35
coronavirus_like,0,100,3,102,100,100,23
coronavirus_like,0,100,3,103,100,100,21
coronavirus_like,0,100,3,104,100,100,20
coronavirus_like,0,100,3,105,100,100,26
coronavirus_like,0,100,3,106,100,100,22
coronavirus_like,0,100,3,107,100,100,28
coronavirus_like,0,100,3,108,100,100,21
coronavirus_like,0,100,3,109,100,100,26
coronavirus_like,0,100,3,110,100,100,29
coronavirus_like,0,100,3,111,100,100,19
coronavirus_like,0,100,3,112,100,100,21
coronavirus_like,0,100,3,113,100,100,26
coronavirus_like,0,100,3,114,100,100,35
coronavirus_like,0,100,3,115,100,100,25
coronavirus_like,0,100,3,116,100,100,31
coronavirus_like,0,100,3,117,100,100,19
coronavirus_like,0,100,3,118,100,100,25
coronavirus_like,0,100,3,119,100,100,35
coronavirus_like,0,100,3,120,100,100,27
coronavirus_like,0,100,3,121,100,100,38
coronavirus_like,0,100,3,122,100,100,33
coronavirus_like,0,100,3,123,100,100,25
coronavirus_like,0,100,3,124,100,100,25
coronavirus_like,0,100,3,125,100,100,29
coronavirus_like,0,100,3,126,100,100,28
coronavirus_like,0,100,3,127,100,100,26
coronavirus_like,0,100,3,128,100,100,30
coronavirus_like,0,100,3,129,100,100,31
coronavirus_like,0,100,3,130,100,100,21
coronavirus_like,0,100,3,131,100,100,19
coronavirus_like,0,100,3,132,100,100,28
coronavirus_like,0,100,3,133,100,100,32
coronavirus_like,0,100,3,134,100,100,28
coronavirus_like,0,100,3,135,100,100,30
coronavirus_like,0,100,3,136,100,100,27
coronavirus_like,0,100,3,137,100,100,32
coronavirus_like,0,100,3,138,100,100,32
coronavirus_like,0,100,3,139,100,100,29
coronavirus_like,0,100,3,140,100,100,34
coronavirus_like,0,100,3,141,100,100,24
coronavirus_like,0,100,3,142,100,100,31
coronavirus_like,0,100,3,143,100,100,28
coronavirus_like,0,100,3,144,100,100,28
coronavirus_like,0,100,3,145,100,100,28
coronavirus_like,0,100,3,146,100,100,18
coronavirus_like,0,100,3,147,100,100,23
coronavirus_like,0,100,3,148,100,100,20
coronavirus_like,0,100,3,149,100,100,25
coronavirus_like,0,100,3,150,100,100,21
coronavirus_like,0,100,3,151,100,100,18
coronavirus_like,0,100,3,152,100,100,30
coronavirus_like,0,100,3,153,100,100,26
coronavirus_like,0,100,3,154,100,100,27
coronavirus_like,0,100,3,155,100,100,15
coronavirus_like,0,100,3,156,100,100,19
coronavirus_like,0,100,3,157,100,100,32
coronavirus_like,0,100,3,158,100,100,31
coronavirus_like,0,100,3,159,100,100,23
coronavirus_like,0,100,3,160,100,100,35
coronavirus_like,0,100,3,161,100,100,26
coronavirus_like,0,100,3,162,100,100,21
coronavirus_like,0,100,3,163,100,100,24
coronavirus_like,0,100,3,164,100,100,24
coronavirus_like,0,100,3,165,100,100,24
coronavirus_like,0,100,3,166,100,100,30
coronavirus_like,0,100,3,167,100,100,29
coronavirus_like,0,100,3,168,100,100,37
coronavirus_like,0,100,3,169,100,100,28
coronavirus_like,0,100,3,170,100,100,21
coronavirus_like,0,100,3,171,100,100,17
coronavirus_like,0,100,3,172,100,100,39
coronavirus_like,0,100,3,173,100,100,25
coronavirus_like,0,100,3,174,100,100,26
coronavirus_like,0,100,3,175,100,100,22
coronavirus_like,0,100,3,176,100,100,24
coronavirus_like,0,100,3,177,100,100,31
coronavirus_like,0,100,3,178,100,100,26
coronavirus_like,0,100,3,179,100,100,28
coronavirus_like,0,100,3,180,100,100,22
coronavirus_like,0,100,3,181,100,100,30
coronavirus_like,0,100,3,182,100,100,26
coronavirus_like,0,100,3,183,100,100,33
coronavirus_like,0,100,3,184,100,100,23
coronavirus_like,0,100,3,185,100,100,25
coronavirus_like,0,100,3,186,100,100,27
coronavirus_like,0,100,3,187,100,100,37
coronavirus_like,0,100,3,188,100,100,28
coronavirus_like,0,100,3,189,100,100,21
coronavirus_like,0,100,3,190,100,100,19
coronavirus_like,0,100,3,191,100,100,19
coronavirus_like,0,100,3,192,100,100,25
coronavirus_like,0,100,3,193,100,100,27
coronavirus_like,0,100,3,194,100,100,28
coronavirus_like,0,100,3,195,100,100,24
coronavirus_like,0,100,3,196,100,100,27
coronavirus_like,0,100,3,197,100,100,30
coronavirus_like,0,100,3,198,100,100,20
coronavirus_like,0,100,3,199,100,100,27
coronavirus_like,0,100,3,200,100,100,27
coronavirus_like,0,100,4,0,1,1,1
coronavirus_like,0,100,4,1,1,1,0
coronavirus_like,0,100,4,2,2,2,0
coronavirus_like,0,100,4,3,3,3,3
coronavirus_like,0,100,4,4,4,4,3
coronavirus_like,0,100,4,5,6,6,4
coronavirus_like,0,100,4,6,8,8,5
coronavirus_like,0,100,4,7,11,11,9
coronavirus_like,0,100,4,8,16,16,9
coronavirus_like,0,100,4,9,22,22,16
coronavirus_like,0,100,4,10,32,32,21
coronavirus_like,0,100,4,11,45,45,32
coronavirus_like,0,100,4,12,63,63,49
coronavirus_like,0,100,4,13,89,89,63
coronavirus_like,0,100,4,14,100,100,70
coronavirus_like,0,100,4,15,100,100,69
coronavirus_like,0,100,4,16,100,100,62
coronavirus_like,0,100,4,17,100,100,54
coronavirus_like,0,100,4,18,100,100,52
coronavirus_like,0,100,4,19,100,100,41
coronavirus_like,0,100,4,20,100,100,40
coronavirus_like,0,100,4,21,100,100,31
coronavirus_like,0,100,4,22,100,100,28
coronavirus_like,0,100,4,23,100,100,31
coronavirus_like,0,100,4,24,100,100,30
coronavirus_like,0,100,4,25,100,100,24
coronavirus_like,0,100,4,26,100,100,25
coronavirus_like,0,100,4,27,100,100,26
coronavirus_like,0,100,4,28,100,100,27
coronavirus_like,0,100,4,29,100,100,25
coronavirus_like,0,100,4,30,100,100,24
coronavirus_like,0,100,4,31,100,100,34
coronavirus_like,0,100,4,32,100,100,29
coronavirus_like,0,100,4,33,100,100,27
coronavirus_like,0,100,4,34,100,100,37
coronavirus_like,0,100,4,35,100,100,22
coronavirus_like,0,100,4,36,100,100,24
coronavirus_like,0,100,4,37,100,100,28
coronavirus_like,0,100,4,38,100,100,30
coronavirus_like,0,100,4,39,100,100,31
coronavirus_like,0,100,4,40,100,100,33
coronavirus_like,0,100,4,41,100,100,20
coronavirus_like,0,100,4,42,100,100,19
coronavirus_like,0,100,4,43,100,100,21
coronavirus_like,0,100,4,44,100,100,29
coronavirus_like,0,100,4,45,100,100,30
coronavirus_like,0,100,4,46,100,100,26
coronavirus_like,0,100,4,47,100,100,27
coronavirus_like,0,100,4,48,100,100,35
coronavirus_like,0,100,4,49,100,100,30
coronavirus_like,0,100,4,50,100,100,21
coronavirus_like,0,100,4,51,100,100,31
coronavirus_like,0,100,4,52,100,100,33
coronavirus_like,0,100,4,53,100,100,26
coronavirus_like,0,100,4,54,100,100,20
coronavirus_like,0,100,4,55,100,100,22
coronavirus_like,0,100,4,56,100,100,29
coronavirus_like,0,100,4,57,100,100,30
coronavirus_like,0,100,4,58,100,100,29
coronavirus_like,0,100,4,59,100,100,19
coronavirus_like,0,100,4,60,100,100,22
coronavirus_like,0,100,4,61,100,100,25
coronavirus_like,0,100,4,62,100,100,26
coronavirus_like,0,100,4,63,100,100,17
coronavirus_like,0,100,4,64,100,100,25
coronavirus_like,0,100,4,65,100,100,26
coronavirus_like,0,100,4,66,100,100,22
coronavirus_like,0,100,4,67,100,100,26
coronavirus_like,0,100,4,68,100,100,25
coronavirus_like,0,100,4,69,100,100,35
coronavirus_like,0,100,4,70,100,100,32
coronavirus_like,0,100,4,71,100,100,28
coronavirus_like,0,100,4,72,100,100,30
coronavirus_like,0,100,4,73,100,100,24
coronavirus_like,0,100,4,74,100,100,30
coronavirus_like,0,100,4,75,100,100,32
coronavirus_like,0,100,4,76,100,100,32
coronavirus_like,0,100,4,77,100,100,26
coronavirus_like,0,100,4,78,100,100,20
coronavirus_like,0,100,4,79,100,100,27
coronavirus_like,0,100,4,80,100,100,35
coronavirus_like,0,100,4,81,100,100,30
coronavirus_like,0,100,4,82,100,100,28
coronavirus_like,0,100,4,83,100,100,32
coronavirus_like,0,100,4,84,100,100,35
coronavirus_like,0,100,4,85,100,100,22
coronavirus_like,0,100,4,86,100,100,27
coronavirus_like,0,100,4,87,100,100,24
coronavirus_like,0,100,4,88,100,100,36
coronavirus_like,0,100,4,89,100,100,25
coronavirus_like,0,100,4,90,100,100,29
coronavirus_like,0,100,4,91,100,100,25
coronavirus_like,0,100,4,92,100,100,25
coronavirus_like,0,100,4,93,100,100,24
coronavirus_like,0,100,4,94,100,100,38
coronavirus_like,0,100,4,95,100,100,36
coronavirus_like,0,100,4,96,100,100,33
coronavirus_like,0,100,4,97,100,100,26
coronavirus_like,0,100,4,98,100,100,29
coronavirus_like,0,100,4,99,100,100,22
coronavirus_like,0,100,4,100,100,100,27
coronavirus_like,0,100,4,101,100,100,35
coronavirus_like,0,100,4,102,100,100,23
coronavirus_like,0,100,4,103,100,100,21
coronavirus_like,0,100,4,104,100,100,20
coronavirus_like,0,100,4,105,100,100,26
coronavirus_like,0,100,4,106,100,100,22
coronavirus_like,0,100,4,107,100,100,28
coronavirus_like,0,100,4,108,100,100,21
coronavirus_like,0,100,4,109,100,100,26
coronavirus_like,0,100,4,110,100,100,29
coronavirus_like,0,100,4,111,100,100,19
coronavirus_like,0,100,4,112,100,100,21
coronavirus_like,0,100,4,113,100,100,26
coronavirus_like,0,100,4,114,100,100,35
coronavirus_like,0,100,4,115,100,100,25
coronavirus_like,0,100,4,116,100,100,31
coronavirus_like,0,100,4,117,100,100,19
coronavirus_like,0,100,4,118,100,100,25
coronavirus_like,0,100,4,119,100,100,35
coronavirus_like,0,100,4,120,100,100,27
coronavirus_like,0,100,4,121,100,100,38
coronavirus_like,0,100,4,122,100,100,33
coronavirus_like,0,100,4,123,100,100,25
coronavirus_like,0,100,4,124,100,100,25
coronavirus_like,0,100,4,125,100,100,29
coronavirus_like,0,100,4,126,100,100,28
coronavirus_like,0,100,4,127,100,100,26
coronavirus_like,0,100,4,128,100,100,30
coronavirus_like,0,100,4,129,100,100,31
coronavirus_like,0,100,4,130,100,100,21
coronavirus_like,0,100,4,131,100,100,19
coronavirus_like,0,100,4,132,100,100,28
coronavirus_like,0,100,4,133,100,100,32
coronavirus_like,0,100,4,134,100,100,28
coronavirus_like,0,100,4,135,100,100,30
coronavirus_like,0,100,4,136,100,100,27
coronavirus_like,0,100,4,137,100,100,32
coronavirus_like,0,100,4,138,100,100,32
coronavirus_like,0,100,4,139,100,100,29
coronavirus_like,0,100,4,140,100,100,34
coronavirus_like,0,100,4,141,100,100,24
coronavirus_like,0,100,4,142,100,100,31
coronavirus_like,0,100,4,143,100,100,28
coronavirus_like,0,100,4,144,100,100,28
coronavirus_like,0,100,4,145,100,100,28
coronavirus_like,0,100,4,146,100,100,18
coronavirus_like,0,100,4,147,100,100,23
coronavirus_like,0,100,4,148,100,100,20
coronavirus_like,0,100,4,149,100,100,25
coronavirus_like,0,100,4,150,100,100,21
coronavirus_like,0,100,4,151,100,100,18
coronavirus_like,0,100,4,152,100,100,30
coronavirus_like,0,100,4,153,100,100,26
coronavirus_like,0,100,4,154,100,100,27
coronavirus_like,0,100,4,155,100,100,15
coronavirus_like,0,100,4,156,100,100,19
coronavirus_like,0,100,4,157,100,100,32
coronavirus_like,0,100,4,158,100,100,31
coronavirus_like,0,100,4,159,100,100,23
coronavirus_like,0,100,4,160,100,100,35
coronavirus_like,0,100,4,161,100,100,26
coronavirus_like,0,100,4,162,100,100,21
coronavirus_like,0,100,4,163,100,100,24
coronavirus_like,0,100,4,164,100,100,24
coronavirus_like,0,100,4,165,100,100,24
coronavirus_like,0,100,4,166,100,100,30
coronavirus_like,0,100,4,167,100,100,29
coronavirus_like,0,100,4,168,100,100,37
coronavirus_like,0,100,4,169,100,100,28
coronavirus_like,0,100,4,170,100,100,21
coronavirus_like,0,100,4,171,100,100,17
coronavirus_like,0,100,4,172,100,100,39
coronavirus_like,0,100,4,173,100,100,25
coronavirus_like,0,100,4,174,100,100,26
coronavirus_like,0,100,4,175,100,100,22
coronavirus_like,0,100,4,176,100,100,24
coronavirus_like,0,100,4,177,100,100,31
coronavirus_like,0,100,4,178,100,100,26
coronavirus_like,0,100,4,179,100,100,28
coronavirus_like,0,100,4,180,100,100,22
coronavirus_like,0,100,4,181,100,100,30
coronavirus_like,0,100,4,182,100,100,26
coronavirus_like,0,100,4,183,100,100,33
coronavirus_like,0,100,4,184,100,100,23
coronavirus_like,0,100,4,185,100,100,25
coronavirus_like,0,100,4,186,100,100,27
coronavirus_like,0,100,4,187,100,100,37
coronavirus_like,0,100,4,188,100,100,28
coronavirus_like,0,100,4,189,100,100,21
coronavirus_like,0,100,4,190,100,100,19
coronavirus_like,0,100,4,191,100,100,19
coronavirus_like,0,100,4,192,100,100,25
coronavirus_like,0,100,4,193,100,100,27
coronavirus_like,0,100,4,194,100,100,28
coronavirus_like,0,100,4,195,100,100,24
coronavirus_like,0,100,4,196,100,100,27
coronavirus_like,0,100,4,197,100,100,30
coronavirus_like,0,100,4,198,100,100,20
coronavirus_like,0,100,4,199,100,100,27
coronavirus_like,0,100,4,200,100,100,27
coronavirus_like,0,100,5,0,1,1,1
coronavirus_like,0,100,5,1,1,1,0
coronavirus_like,0,100,5,2,2,2,0
coronavirus_like,0,100,5,3,3,3,3
coronavirus_like,0,100,5,4,4,4,3
coronavirus_like,0,100,5,5,6,6,4
coronavirus_like,0,100,5,6,8,8,5
coronavirus_like,0,100,5,7,11,11,9
coronavirus_like,0,100,5,8,16,16,9
coronavirus_like,0,100,5,9,22,22,16
coronavirus_like,0,100,5,10,32,32,21
coronavirus_like,0,100,5,11,45,45,32
coronavirus_like,0,100,5,12,63,63,49
coronavirus_like,0,100,5,13,89,89,63
coronavirus_like,0,100,5,14,100,100,70
coronavirus_like,0,100,5,15,100,100,69
coronavirus_like,0,100,5,16,100,100,62
coronavirus_like,0,100,5,17,100,100,54
coronavirus_like,0,100,5,18,100,100,52
coronavirus_like,0,100,5,19,100,100,41
coronavirus_like,0,100,5,20,100,100,40
coronavirus_like,0,100,5,21,100,100,31
coronavirus_like,0,100,5,22,100,100,28
coronavirus_like,0,100,5,23,100,100,31
coronavirus_like,0,100,5,24,100,100,30
coronavirus_like,0,100,5,25,100,100,24
coronavirus_like,0,100,5,26,100,100,25
coronavirus_like,0,100,5,27,100,100,26
coronavirus_like,0,100,5,28,100,100,27
coronavirus_like,0,100,5,29,100,100,25
coronavirus_like,0,100,5,30,100,100,24
coronavirus_like,0,100,5,31,100,100,34
coronavirus_like,0,100,5,32,100,100,29
coronavirus_like,0,100,5,33,100,100,27
coronavirus_like,0,100,5,34,100,100,37
coronavirus_like,0,100,5,35,100,100,22
coronavirus_like,0,100,5,36,100,100,24
coronavirus_like,0,100,5,37,100,100,28
coronavirus_like,0,100,5,38,100,100,30
coronavirus_like,0,100,5,39,100,100,31
coronavirus_like,0,100,5,40,100,100,33
coronavirus_like,0,100,5,41,100,100,20
coronavirus_like,0,100,5,42,100,100,19
coronavirus_like,0,100,5,43,100,100,21
coronavirus_like,0,100,5,44,100,100,29
coronavirus_like,0,100,5,45,100,100,30
coronavirus_like,0,100,5,46,100,100,26
coronavirus_like,0,100,5,47,100,100,27
coronavirus_like,0,100,5,48,100,100,35
coronavirus_like,0,100,5,49,100,100,30
coronavirus_like,0,100,5,50,100,100,21
coronavirus_like,0,100,5,51,100,100,31
coronavirus_like,0,100,5,52,100,100,33
coronavirus_like,0,100,5,53,100,100,26
coronavirus_like,0,100,5,54,100,100,20
coronavirus_like,0,100,5,55,100,100,22
coronavirus_like,0,100,5,56,100,100,29
coronavirus_like,0,100,5,57,100,100,30
coronavirus_like,0,100,5,58,100,100,29
coronavirus_like,0,100,5,59,100,100,19
coronavirus_like,0,100,5,60,100,100,22
coronavirus_like,0,100,5,61,100,100,25
coronavirus_like,0,100,5,62,100,100,26
coronavirus_like,0,100,5,63,100,100,17
coronavirus_like,0,100,5,64,100,100,25
coronavirus_like,0,100,5,65,100,100,26
coronavirus_like,0,100,5,66,100,100,22
coronavirus_like,0,100,5,67,100,100,26
coronavirus_like,0,100,5,68,100,100,25
coronavirus_like,0,100,5,69,100,100,35
coronavirus_like,0,100,5,70,100,100,32
coronavirus_like,0,100,5,71,100,100,28
coronavirus_like,0,100,5,72,100,100,30
coronavirus_like,0,100,5,73,100,100,24
coronavirus_like,0,100,5,74,100,100,30
coronavirus_like,0,100,5,75,100,100,32
coronavirus_like,0,100,5,76,100,100,32
coronavirus_like,0,100,5,77,100,100,26
coronavirus_like,0,100,5,78,100,100,20
coronavirus_like,0,100,5,79,100,100,27
coronavirus_like,0,100,5,80,100,100,35
coronavirus_like,0,100,5,81,100,100,30
coronavirus_like,0,100,5,82,100,100,28
coronavirus_like,0,100,5,83,100,100,32
coronavirus_like,0,100,5,84,100,100,35
coronavirus_like,0,100,5,85,100,100,22
coronavirus_like,0,100,5,86,100,100,27
coronavirus_like,0,100,5,87,100,100,24
coronavirus_like,0,100,5,88,100,100,36
coronavirus_like,0,100,5,89,100,100,25
coronavirus_like,0,100,5,90,100,100,29
coronavirus_like,0,100,5,91,100,100,25
coronavirus_like,0,100,5,92,100,100,25
coronavirus_like,0,100,5,93,100,100,24
coronavirus_like,0,100,5,94,100,100,38
coronavirus_like,0,100,5,95,100,100,36
coronavirus_like,0,100,5,96,100,100,33
coronavirus_like,0,100,5,97,100,100,26
coronavirus_like,0,100,5,98,100,100,29
coronavirus_like,0,100,5,99,100,100,22
coronavirus_like,0,100,5,100,100,100,27
coronavirus_like,0,100,5,101,100,100,35
coronavirus_like,0,100,5,102,100,100,23
coronavirus_like,0,100,5,103,100,100,21
coronavirus_like,0,100,5,104,100,100,20
coronavirus_like,0,100,5,105,100,100,26
coronavirus_like,0,100,5,106,100,100,22
coronavirus_like,0,100,5,107,100,100,28
coronavirus_like,0,100,5,108,100,100,21
coronavirus_like,0,100,5,109,100,100,26
coronavirus_like,0,100,5,110,100,100,29
coronavirus_like,0,100,5,111,100,100,19
coronavirus_like,0,100,5,112,100,100,21
coronavirus_like,0,100,5,113,100,100,26
coronavirus_like,0,100,5,114,100,100,35
coronavirus_like,0,100,5,115,100,100,25
coronavirus_like,0,100,5,116,100,100,31
coronavirus_like,0,100,5,117,100,100,19
coronavirus_like,0,100,5,118,100,100,25
coronavirus_like,0,100,5,119,100,100,35
coronavirus_like,0,100,5,120,100,100,27
coronavirus_like,0,100,5,121,100,100,38
coronavirus_like,0,100,5,122,100,100,33
coronavirus_like,0,100,5,123,100,100,25
coronavirus_like,0,100,5,124,100,100,25
coronavirus_like,0,100,5,125,100,100,29
coronavirus_like,0,100,5,126,100,100,28
coronavirus_like,0,100,5,127,100,100,26
coronavirus_like,0,100,5,128,100,100,30
coronavirus_like,0,100,5,129,100,100,31
coronavirus_like,0,100,5,130,100,100,21
coronavirus_like,0,100,5,131,100,100,19
coronavirus_like,0,100,5,132,100,100,28
coronavirus_like,0,100,5,133,100,100,32
coronavirus_like,0,100,5,134,100,100,28
coronavirus_like,0,100,5,135,100,100,30
coronavirus_like,0,100,5,136,100,100,27
coronavirus_like,0,100,5,137,100,100,32
coronavirus_like,0,100,5,138,100,100,32
coronavirus_like,0,100,5,139,100,100,29
coronavirus_like,0,100,5,140,100,100,34
coronavirus_like,0,100,5,141,100,100,24
coronavirus_like,0,100,5,142,100,100,31
coronavirus_like,0,100,5,143,100,100,28
coronavirus_like,0,100,5,144,100,100,28
coronavirus_like,0,100,5,145,100,100,28
coronavirus_like,0,100,5,146,100,100,18
coronavirus_like,0,100,5,147,100,100,23
coronavirus_like,0,100,5,148,100,100,20
coronavirus_like,0,100,5,149,100,100,25
coronavirus_like,0,100,5,150,100,100,21
coronavirus_like,0,100,5,151,100,100,18
coronavirus_like,0,100,5,152,100,100,30
coronavirus_like,0,100,5,153,100,100,26
coronavirus_like,0,100,5,154,100,100,27
coronavirus_like,0,100,5,155,100,100,15
coronavirus_like,0,100,5,156,100,100,19
coronavirus_like,0,100,5,157,100,100,32
coronavirus_like,0,100,5,158,100,100,31
coronavirus_like,0,100,5,159,100,100,23
coronavirus_like,0,100,5,160,100,100,35
coronavirus_like,0,100,5,161,100,100,26
coronavirus_like,0,100,5,162,100,100,21
coronavirus_like,0,100,5,163,100,100,24
coronavirus_like,0,100,5,164,100,100,24
coronavirus_like,0,100,5,165,100,100,24
coronavirus_like,0,100,5,166,100,100,30
coronavirus_like,0,100,5,167,100,100,29
coronavirus_like,0,100,5,168,100,100,37
coronavirus_like,0,100,5,169,100,100,28
coronavirus_like,0,100,5,170,100,100,21
coronavirus_like,0,100,5,171,100,100,17
coronavirus_like,0,100,5,172,100,100,39
coronavirus_like,0,100,5,173,100,100,25
coronavirus_like,0,100,5,174,100,100,26
coronavirus_like,0,100,5,175,100,100,22
coronavirus_like,0,100,5,176,100,100,24
coronavirus_like,0,100,5,177,100,100,31
coronavirus_like,0,100,5,178,100,100,26
coronavirus_like,0,100,5,179,100,100,28
coronavirus_like,0,100,5,180,100,100,22
coronavirus_like,0,100,5,181,100,100,30
coronavirus_like,0,100,5,182,100,100,26
coronavirus_like,0,100,5,183,100,100,33
coronavirus_like,0,100,5,184,100,100,23
coronavirus_like,0,100,5,185,100,100,25
coronavirus_like,0,100,5,186,100,100,27
coronavirus_like,0,100,5,187,100,100,37
coronavirus_like,0,100,5,188,100,100,28
coronavirus_like,0,100,5,189,100,100,21
coronavirus_like,0,100,5,190,100,100,19
coronavirus_like,0,100,5,191,100,100,19
coronavirus_like,0,100,5,192,100,100,25
coronavirus_like,0,100,5,193,100,100,27
coronavirus_like,0,100,5,194,100,100,28
coronavirus_like,0,100,5,195,100,100,24
coronavirus_like,0,100,5,196,100,100,27
coronavirus_like,0,100,5,197,100,100,30
coronavirus_like,0,100,5,198,100,100,20
coronavirus_like,0,100,5,199,100,100,27
coronavirus_like,0,100,5,200,100,100,27
coronavirus_like,1,20,3,0,1,1,1
coronavirus_like,1,20,3,1,1,1,1
coronavirus_like,1,20,3,2,2,2,1
coronavirus_like,1,20,3,3,3,3,0
coronavirus_like,1,20,3,4,4,4,3
coronavirus_like,1,20,3,5,6,6,4
coronavirus_like,1,20,3,6,8,8,3
coronavirus_like,1,20,3,7,11,11,6
coronavirus_like,1,20,3,8,16,16,9
coronavirus_like,1,20,3,9,20,20,18
coronavirus_like,1,20,3,10,20,20,12
coronavirus_like,1,20,3,11,20,20,12
coronavirus_like,1,20,3,12,20,20,11
coronavirus_like,1,20,3,13,20,20,9
coronavirus_like,1,20,3,14,20,20,12
coronavirus_like,1,20,3,15,20,20,8
coronavirus_like,1,20,3,16,20,20,5
coronavirus_like,1,20,3,17,20,20,8
coronavirus_like,1,20,3,18,20,20,5
coronavirus_like,1,20,3,19,20,20,5
coronavirus_like,1,20,3,20,20,20,5
coronavirus_like,1,20,3,21,20,20,5
coronavirus_like,1,20,3,22,20,20,1
coronavirus_like,1,20,3,23,20,20,2
coronavirus_like,1,20,3,24,20,20,3
coronavirus_like,1,20,3,25,20,20,3
coronavirus_like,1,20,3,26,20,20,3
coronavirus_like,1,20,3,27,20,20,1
coronavirus_like,1,20,3,28,20,20,1
coronavirus_like,1,20,3,29,20,20,3
coronavirus_like,1,20,3,30,20,20,2
coronavirus_like,1,20,3,31,20,20,2
coronavirus_like,1,20,3,32,20,20,1
coronavirus_like,1,20,3,33,20,20,1
coronavirus_like,1,20,3,34,20,20,1
coronavirus_like,1,20,3,35,20,20,1
coronavirus_like,1,20,3,36,20,20,4
coronavirus_like,1,20,3,37,20,20,3
coronavirus_like,1,20,3,38,20,20,0
coronavirus_like,1,20,3,39,20,20,1
coronavirus_like,1,20,3,40,20,20,0
coronavirus_like,1,20,3,41,20,20,1
coronavirus_like,1,20,3,42,20,20,1
coronavirus_like,1,20,3,43,20,20,3
coronavirus_like,1,20,3,44,20,20,3
coronavirus_like,1,20,3,45,20,20,1
coronavirus_like,1,20,3,46,20,20,4
coronavirus_like,1,20,3,47,20,20,2
coronavirus_like,1,20,3,48,20,20,1
coronavirus_like,1,20,3,49,20,20,3
coronavirus_like,1,20,3,50,20,20,1
coronavirus_like,1,20,3,51,20,20,4
coronavirus_like,1,20,3,52,20,20,1
coronavirus_like,1,20,3,53,20,20,4
coronavirus_like,1,20,3,54,20,20,0
coronavirus_like,1,20,3,55,20,20,1
coronavirus_like,1,20,3,56,20,20,1
coronavirus_like,1,20,3,57,20,20,3
coronavirus_like,1,20,3,58,20,20,2
coronavirus_like,1,20,3,59,20,20,3
coronavirus_like,1,20,3,60,20,20,2
coronavirus_like,1,20,3,61,20,20,2
coronavirus_like,1,20,3,62,20,20,0
coronavirus_like,1,20,3,63,20,20,0
coronavirus_like,1,20,3,64,20,20,0
coronavirus_like,1,20,3,65,20,20,2
coronavirus_like,1,20,3,66,20,20,0
coronavirus_like,1,20,3,67,20,20,1
coronavirus_like,1,20,3,68,20,20,0
coronavirus_like,1,20,3,69,20,20,2
coronavirus_like,1,20,3,70,20,20,2
coronavirus_like,1,20,3,71,20,20,3
coronavirus_like,1,20,3,72,20,20,4
coronavirus_like,1,20,3,73,20,20,2
coronavirus_like,1,20,3,74,20,20,0
coronavirus_like,1,20,3,75,20,20,3
coronavirus_like,1,20,3,76,20,20,2
coronavirus_like,1,20,3,77,20,20,3
coronavirus_like,1,20,3,78,20,20,2
coronavirus_like,1,20,3,79,20,20,3
coronavirus_like,1,20,3,80,20,20,2
coronavirus_like,1,20,3,81,20,20,1
coronavirus_like,1,20,3,82,20,20,2
coronavirus_like,1,20,3,83,20,20,2
coronavirus_like,1,20,3,84,20,20,2
coronavirus_like,1,20,3,85,20,20,2
coronavirus_like,1,20,3,86,20,20,0
coronavirus_like,1,20,3,87,20,20,1
coronavirus_like,1,20,3,88,20,20,3
coronavirus_like,1,20,3,89,20,20,0
coronavirus_like,1,20,3,90,20,20,2
coronavirus_like,1,20,3,91,20,20,2
coronavirus_like,1,20,3,92,20,20,0
coronavirus_like,1,20,3,93,20,20,0
coronavirus_like,1,20,3,94,20,20,0
coronavirus_like,1,20,3,95,20,20,1
coronavirus_like,1,20,3,96,20,20,0
coronavirus_like,1,20,3,97,20,20,1
coronavirus_like,1,20,3,98,20,20,0
coronavirus_like,1,20,3,99,20,20,1
coronavirus_like,1,20,3,100,20,20,3
coronavirus_like,1,20,3,101,20,20,0
coronavirus_like,1,20,3,102,20,20,0
coronavirus_like,1,20,3,103,20,20,1
coronavirus_like,1,20,3,104,20,20,3
coronavirus_like,1,20,3,105,20,20,1
coronavirus_like,1,20,3,106,20,20,3
coronavirus_like,1,20,3,107,20,20,3
coronavirus_like,1,20,3,108,20,20,0
coronavirus_like,1,20,3,109,20,20,1
coronavirus_like,1,20,3,110,20,20,1
coronavirus_like,1,20,3,111,20,20,1
coronavirus_like,1,20,3,112,20,20,4
coronavirus_like,1,20,3,113,20,20,1
coronavirus_like,1,20,3,114,20,20,2
coronavirus_like,1,20,3,115,20,20,4
coronavirus_like,1,20,3,116,20,20,0
coronavirus_like,1,20,3,117,20,20,0
coronavirus_like,1,20,3,118,20,20,1
coronavirus_like,1,20,3,119,20,20,3
coronavirus_like,1,20,3,120,20,20,2
coronavirus_like,1,20,3,121,20,20,1
coronavirus_like,1,20,3,122,20,20,0
coronavirus_like,1,20,3,123,20,20,0
coronavirus_like,1,20,3,124,20,20,4
coronavirus_like,1,20,3,125,20,20,2
coronavirus_like,1,20,3,126,20,20,1
coronavirus_like,1,20,3,127,20,20,1
coronavirus_like,1,20,3,128,20,20,2
coronavirus_like,1,20,3,129,20,20,1
coronavirus_like,1,20,3,130,20,20,2
coronavirus_like,1,20,3,131,20,20,0
coronavirus_like,1,20,3,132,20,20,1
coronavirus_like,1,20,3,133,20,20,1
coronavirus_like,1,20,3,134,20,20,1
coronavirus_like,1,20,3,135,20,20,3
coronavirus_like,1,20,3,136,20,20,1
coronavirus_like,1,20,3,137,20,20,0
coronavirus_like,1,20,3,138,20,20,1
coronavirus_like,1,20,3,139,20,20,4
coronavirus_like,1,20,3,140,20,20,0
coronavirus_like,1,20,3,141,20,20,2
coronavirus_like,1,20,3,142,20,20,1
coronavirus_like,1,20,3,143,20,20,2
coronavirus_like,1,20,3,144,20,20,1
coronavirus_like,1,20,3,145,20,20,0
coronavirus_like,1,20,3,146,20,20,0
coronavirus_like,1,20,3,147,20,20,0
coronavirus_like,1,20,3,148,20,20,2
coronavirus_like,1,20,3,149,20,20,0
coronavirus_like,1,20,3,150,20,20,4
coronavirus_like,1,20,3,151,20,20,3
coronavirus_like,1,20,3,152,20,20,2
coronavirus_like,1,20,3,153,20,20,2
coronavirus_like,1,20,3,154,20,20,2
coronavirus_like,1,20,3,155,20,20,1
coronavirus_like,1,20,3,156,20,20,2
coronavirus_like,1,20,3,157,20,20,2
coronavirus_like,1,20,3,158,20,20,2
coronavirus_like,1,20,3,159,20,20,1
coronavirus_like,1,20,3,160,20,20,0
coronavirus_like,1,20,3,161,20,20,1
coronavirus_like,1,20,3,162,20,20,2
coronavirus_like,1,20,3,163,20,20,2
coronavirus_like,1,20,3,164,20,20,2
coronavirus_like,1,20,3,165,20,20,2
coronavirus_like,1,20,3,166,20,20,2
coronavirus_like,1,20,3,167,20,20,0
coronavirus_like,1,20,3,168,20,20,0
coronavirus_like,1,20,3,169,20,20,1
coronavirus_like,1,20,3,170,20,20,2
coronavirus_like,1,20,3,171,20,20,3
coronavirus_like,1,20,3,172,20,20,2
coronavirus_like,1,20,3,173,20,20,1
coronavirus_like,1,20,3,174,20,20,3
coronavirus_like,1,20,3,175,20,20,1
coronavirus_like,1,20,3,176,20,20,1
coronavirus_like,1,20,3,177,20,20,1
coronavirus_like,1,20,3,178,20,20,2
coronavirus_like,1,20,3,179,20,20,2
coronavirus_like,1,20,3,180,20,20,1
coronavirus_like,1,20,3,181,20,20,1
coronavirus_like,1,20,3,182,20,20,2
coronavirus_like,1,20,3,183,20,20,0
coronavirus_like,1,20,3,184,20,20,1
coronavirus_like,1,20,3,185,20,20,2
coronavirus_like,1,20,3,186,20,20,2
coronavirus_like,1,20,3,187,20,20,0
coronavirus_like,1,20,3,188,20,20,2
coronavirus_like,1,20,3,189,20,20,0
coronavirus_like,1,20,3,190,20,20,1
coronavirus_like,1,20,3,191,20,20,0
coronavirus_like,1,20,3,192,20,20,1
coronavirus_like,1,20,3,193,20,20,4
coronavirus_like,1,20,3,194,20,20,2
coronavirus_like,1,20,3,195,20,20,1
coronavirus_like,1,20,3,196,20,20,1
coronavirus_like,1,20,3,197,20,20,1
coronavirus_like,1,20,3,198,20,20,2
coronavirus_like,1,20,3,199,20,20,2
coronavirus_like,1,20,3,200,20,20,2
coronavirus_like,1,20,4,0,1,1,1
coronavirus_like,1,20,4,1,1,1,1
coronavirus_like,1,20,4,2,2,2,1
coronavirus_like,1,20,4,3,3,3,0
coronavirus_like,1,20,4,4,4,4,3
coronavirus_like,1,20,4,5,6,6,4
coronavirus_like,1,20,4,6,8,8,3
coronavirus_like,1,20,4,7,11,11,6
coronavirus_like,1,20,4,8,16,16,9
coronavirus_like,1,20,4,9,20,20,18
coronavirus_like,1,20,4,10,20,20,12
coronavirus_like,1,20,4,11,20,20,12
coronavirus_like,1,20,4,12,20,20,11
coronavirus_like,1,20,4,13,20,20,9
coronavirus_like,1,20,4,14,20,20,12
coronavirus_like,1,20,4,15,20,20,8
coronavirus_like,1,20,4,16,20,20,5
coronavirus_like,1,20,4,17,20,20,8
coronavirus_like,1,20,4,18,20,20,5
coronavirus_like,1,20,4,19,20,20,5
coronavirus_like,1,20,4,20,20,20,5
coronavirus_like,1,20,4,21,20,20,5
coronavirus_like,1,20,4,22,20,20,1
coronavirus_like,1,20,4,23,20,20,2
coronavirus_like,1,20,4,24,20,20,3
coronavirus_like,1,20,4,25,20,20,3
coronavirus_like,1,20,4,26,20,20,3
coronavirus_like,1,20,4,27,20,20,1
coronavirus_like,1,20,4,28,20,20,1
coronavirus_like,1,20,4,29,20,20,3
coronavirus_like,1,20,4,30,20,20,2
coronavirus_like,1,20,4,31,20,20,2
coronavirus_like,1,20,4,32,20,20,1
coronavirus_like,1,20,4,33,20,20,1
coronavirus_like,1,20,4,34,20,20,1
coronavirus_like,1,20,4,35,20,20,1
coronavirus_like,1,20,4,36,20,20,4
coronavirus_like,1,20,4,37,20,20,3
coronavirus_like,1,20,4,38,20,20,0
coronavirus_like,1,20,4,39,20,20,1
coronavirus_like,1,20,4,40,20,20,0
coronavirus_like,1,20,4,41,20,20,1
coronavirus_like,1,20,4,42,20,20,1
coronavirus_like,1,20,4,43,20,20,3
coronavirus_like,1,20,4,44,20,20,3
coronavirus_like,1,20,4,45,20,20,1
coronavirus_like,1,20,4,46,20,20,4
coronavirus_like,1,20,4,47,20,20,2
coronavirus_like,1,20,4,48,20,20,1
coronavirus_like,1,20,4,49,20,20,3
coronavirus_like,1,20,4,50,20,20,1
coronavirus_like,1,20,4,51,20,20,4
coronavirus_like,1,20,4,52,20,20,1
coronavirus_like,1,20,4,53,20,20,4
coronavirus_like,1,20,4,54,20,20,0
coronavirus_like,1,20,4,55,20,20,1
coronavirus_like,1,20,4,56,20,20,1
coronavirus_like,1,20,4,57,20,20,3
coronavirus_like,1,20,4,58,20,20,2
coronavirus_like,1,20,4,59,20,20,3
coronavirus_like,1,20,4,60,20,20,2
coronavirus_like,1,20,4,61,20,20,2
coronavirus_like,1,20,4,62,20,20,0
coronavirus_like,1,20,4,63,20,20,0
coronavirus_like,1,20,4,64,20,20,0
coronavirus_like,1,20,4,65,20,20,2
coronavirus_like,1,20,4,66,20,20,0
coronavirus_like,1,20,4,67,20,20,1
coronavirus_like,1,20,4,68,20,20,0
coronavirus_like,1,20,4,69,20,20,2
coronavirus_like,1,20,4,70,20,20,2
coronavirus_like,1,20,4,71,20,20,3
coronavirus_like,1,20,4,72,20,20,4
coronavirus_like,1,20,4,73,20,20,2
coronavirus_like,1,20,4,74,20,20,0
coronavirus_like,1,20,4,75,20,20,3
coronavirus_like,1,20,4,76,20,20,2
coronavirus_like,1,20,4,77,20,20,3
coronavirus_like,1,20,4,78,20,20,2
coronavirus_like,1,20,4,79,20,20,3
coronavirus_like,1,20,4,80,20,20,2
coronavirus_like,1,20,4,81,20,20,1
coronavirus_like,1,20,4,82,20,20,2
coronavirus_like,1,20,4,83,20,20,2
coronavirus_like,1,20,4,84,20,20,2
coronavirus_like,1,20,4,85,20,20,2
coronavirus_like,1,20,4,86,20,20,0
coronavirus_like,1,20,4,87,20,20,1
coronavirus_like,1,20,4,88,20,20,3
coronavirus_like,1,20,4,89,20,20,0
coronavirus_like,1,20,4,90,20,20,2
coronavirus_like,1,20,4,91,20,20,2
coronavirus_like,1,20,4,92,20,20,0
coronavirus_like,1,20,4,93,20,20,0
coronavirus_like,1,20,4,94,20,20,0
coronavirus_like,1,20,4,95,20,20,1
coronavirus_like,1,20,4,96,20,20,0
coronavirus_like,1,20,4,97,20,20,1
coronavirus_like,1,20,4,98,20,20,0
coronavirus_like,1,20,4,99,20,20,1
coronavirus_like,1,20,4,100,20,20,3
coronavirus_like,1,20,4,101,20,20,0
coronavirus_like,1,20,4,102,20,20,0
coronavirus_like,1,20,4,103,20,20,1
coronavirus_like,1,20,4,104,20,20,3
coronavirus_like,1,20,4,105,20,20,1
coronavirus_like,1,20,4,106,20,20,3
coronavirus_like,1,20,4,107,20,20,3
coronavirus_like,1,20,4,108,20,20,0
coronavirus_like,1,20,4,109,20,20,1
coronavirus_like,1,20,4,110,20,20,1
coronavirus_like,1,20,4,111,20,20,1
coronavirus_like,1,20,4,112,20,20,4
coronavirus_like,1,20,4,113,20,20,1
coronavirus_like,1,20,4,114,20,20,2
coronavirus_like,1,20,4,115,20,20,4
coronavirus_like,1,20,4,116,20,20,0
coronavirus_like,1,20,4,117,20,20,0
coronavirus_like,1,20,4,118,20,20,1
coronavirus_like,1,20,4,119,20,20,3
coronavirus_like,1,20,4,120,20,20,2
coronavirus_like,1,20,4,121,20,20,1
coronavirus_like,1,20,4,122,20,20,0
coronavirus_like,1,20,4,123,20,20,0
coronavirus_like,1,20,4,124,20,20,4
coronavirus_like,1,20,4,125,20,20,2
coronavirus_like,1,20,4,126,20,20,1
coronavirus_like,1,20,4,127,20,20,1
coronavirus_like,1,20,4,128,20,20,2
coronavirus_like,1,20,4,129,20,20,1
coronavirus_like,1,20,4,130,20,20,2
coronavirus_like,1,20,4,131,20,20,0
coronavirus_like,1,20,4,132,20,20,1
coronavirus_like,1,20,4,133,20,20,1
coronavirus_like,1,20,4,134,20,20,1
coronavirus_like,1,20,4,135,20,20,3
coronavirus_like,1,20,4,136,20,20,1
coronavirus_like,1,20,4,137,20,20,0
coronavirus_like,1,20,4,138,20,20,1
coronavirus_like,1,20,4,139,20,20,4
coronavirus_like,1,20,4,140,20,20,0
coronavirus_like,1,20,4,141,20,20,2
coronavirus_like,1,20,4,142,20,20,1
coronavirus_like,1,20,4,143,20,20,2
coronavirus_like,1,20,4,144,20,20,1
coronavirus_like,1,20,4,145,20,20,0
coronavirus_like,1,20,4,146,20,20,0
coronavirus_like,1,20,4,147,20,20,0
coronavirus_like,1,20,4,148,20,20,2
coronavirus_like,1,20,4,149,20,20,0
coronavirus_like,1,20,4,150,20,20,4
coronavirus_like,1,20,4,151,20,20,3
coronavirus_like,1,20,4,152,20,20,2
coronavirus_like,1,20,4,153,20,20,2
coronavirus_like,1,20,4,154,20,20,2
coronavirus_like,1,20,4,155,20,20,1
coronavirus_like,1,20,4,156,20,20,2
coronavirus_like,1,20,4,157,20,20,2
coronavirus_like,1,20,4,158,20,20,2
coronavirus_like,1,20,4,159,20,20,1
coronavirus_like,1,20,4,160,20,20,0
coronavirus_like,1,20,4,161,20,20,1
coronavirus_like,1,20,4,162,20,20,2
coronavirus_like,1,20,4,163,20,20,2
coronavirus_like,1,20,4,164,20,20,2
coronavirus_like,1,20,4,165,20,20,2
coronavirus_like,1,20,4,166,20,20,2
coronavirus_like,1,20,4,167,20,20,0
coronavirus_like,1,20,4,168,20,20,0
coronavirus_like,1,20,4,169,20,20,1
coronavirus_like,1,20,4,170,20,20,2
coronavirus_like,1,20,4,171,20,20,3
coronavirus_like,1,20,4,172,20,20,2
coronavirus_like,1,20,4,173,20,20,1
coronavirus_like,1,20,4,174,20,20,3
coronavirus_like,1,20,4,175,20,20,1
coronavirus_like,1,20,4,176,20,20,1
coronavirus_like,1,20,4,177,20,20,1
coronavirus_like,1,20,4,178,20,20,2
coronavirus_like,1,20,4,179,20,20,2
coronavirus_like,1,20,4,180,20,20,1
coronavirus_like,1,20,4,181,20,20,1
coronavirus_like,1,20,4,182,20,20,2
coronavirus_like,1,20,4,183,20,20,0
coronavirus_like,1,20,4,184,20,20,1
coronavirus_like,1,20,4,185,20,20,2
coronavirus_like,1,20,4,186,20,20,2
coronavirus_like,1,20,4,187,20,20,0
coronavirus_like,1,20,4,188,20,20,2
coronavirus_like,1,20,4,189,20,20,0
coronavirus_like,1,20,4,190,20,20,1
coronavirus_like,1,20,4,191,20,20,0
coronavirus_like,1,20,4,192,20,20,1
coronavirus_like,1,20,4,193,20,20,4
coronavirus_like,1,20,4,194,20,20,2
coronavirus_like,1,20,4,195,20,20,1
coronavirus_like,1,20,4,196,20,20,1
coronavirus_like,1,20,4,197,20,20,1
coronavirus_like,1,20,4,198,20,20,2
coronavirus_like,1,20,4,199,20,20,2
coronavirus_like,1,20,4,200,20,20,2
coronavirus_like,1,20,5,0,1,1,1
coronavirus_like,1,20,5,1,1,1,1
coronavirus_like,1,20,5,2,2,2,1
coronavirus_like,1,20,5,3,3,3,0
coronavirus_like,1,20,5,4,4,4,3
coronavirus_like,1,20,5,5,6,6,4
coronavirus_like,1,20,5,6,8,8,3
coronavirus_like,1,20,5,7,11,11,6
coronavirus_like,1,20,5,8,16,16,9
coronavirus_like,1,20,5,9,20,20,18
coronavirus_like,1,20,5,10,20,20,12
coronavirus_like,1,20,5,11,20,20,12
coronavirus_like,1,20,5,12,20,20,11
coronavirus_like,1,20,5,13,20,20,9
coronavirus_like,1,20,5,14,20,20,12
coronavirus_like,1,20,5,15,20,20,8
coronavirus_like,1,20,5,16,20,20,5
coronavirus_like,1,20,5,17,20,20,8
coronavirus_like,1,20,5,18,20,20,5
coronavirus_like,1,20,5,19,20,20,5
coronavirus_like,1,20,5,20,20,20,5
coronavirus_like,1,20,5,21,20,20,5
coronavirus_like,1,20,5,22,20,20,1
coronavirus_like,1,20,5,23,20,20,2
coronavirus_like,1,20,5,24,20,20,3
coronavirus_like,1,20,5,25,20,20,3
coronavirus_like,1,20,5,26,20,20,3
coronavirus_like,1,20,5,27,20,20,1
coronavirus_like,1,20,5,28,20,20,1
coronavirus_like,1,20,5,29,20,20,3
coronavirus_like,1,20,5,30,20,20,2
coronavirus_like,1,20,5,31,20,20,2
coronavirus_like,1,20,5,32,20,20,1
coronavirus_like,1,20,5,33,20,20,1
coronavirus_like,1,20,5,34,20,20,1
coronavirus_like,1,20,5,35,20,20,1
coronavirus_like,1,20,5,36,20,20,4
coronavirus_like,1,20,5,37,20,20,3
coronavirus_like,1,20,5,38,20,20,0
coronavirus_like,1,20,5,39,20,20,1
coronavirus_like,1,20,5,40,20,20,0
coronavirus_like,1,20,5,41,20,20,1
coronavirus_like,1,20,5,42,20,20,1
coronavirus_like,1,20,5,43,20,20,3
coronavirus_like,1,20,5,44,20,20,3
coronavirus_like,1,20,5,45,20,20,1
coronavirus_like,1,20,5,46,20,20,4
coronavirus_like,1,20,5,47,20,20,2
coronavirus_like,1,20,5,48,20,20,1
coronavirus_like,1,20,5,49,20,20,3
coronavirus_like,1,20,5,50,20,20,1
coronavirus_like,1,20,5,51,20,20,4
coronavirus_like,1,20,5,52,20,20,1
coronavirus_like,1,20,5,53,20,20,4
coronavirus_like,1,20,5,54,20,20,0
coronavirus_like,1,20,5,55,20,20,1
coronavirus_like,1,20,5,56,20,20,1
coronavirus_like,1,20,5,57,20,20,3
coronavirus_like,1,20,5,58,20,20,2
coronavirus_like,1,20,5,59,20,20,3
coronavirus_like,1,20,5,60,20,20,2
coronavirus_like,1,20,5,61,20,20,2
coronavirus_like,1,20,5,62,20,20,0
coronavirus_like,1,20,5,63,20,20,0
coronavirus_like,1,20,5,64,20,20,0
coronavirus_like,1,20,5,65,20,20,2
coronavirus_like,1,20,5,66,20,20,0
coronavirus_like,1,20,5,67,20,20,1
coronavirus_like,1,20,5,68,20,20,0
coronavirus_like,1,20,5,69,20,20,2
coronavirus_like,1,20,5,70,20,20,2
coronavirus_like,1,20,5,71,20,20,3
coronavirus_like,1,20,5,72,20,20,4
coronavirus_like,1,20,5,73,20,20,2
coronavirus_like,1,20,5,74,20,20,0
coronavirus_like,1,20,5,75,20,20,3
coronavirus_like,1,20,5,76,20,20,2
coronavirus_like,1,20,5,77,20,20,3
coronavirus_like,1,20,5,78,20,20,2
coronavirus_like,1,20,5,79,20,20,3
coronavirus_like,1,20,5,80,20,20,2
coronavirus_like,1,20,5,81,20,20,1
coronavirus_like,1,20,5,82,20,20,2
coronavirus_like,1,20,5,83,20,20,2
coronavirus_like,1,20,5,84,20,20,2
coronavirus_like,1,20,5,85,20,20,2
coronavirus_like,1,20,5,86,20,20,0
coronavirus_like,1,20,5,87,20,20,1
coronavirus_like,1,20,5,88,20,20,3
coronavirus_like,1,20,5,89,20,20,0
coronavirus_like,1,20,5,90,20,20,2
coronavirus_like,1,20,5,91,20,20,2
coronavirus_like,1,20,5,92,20,20,0
coronavirus_like,1,20,5,93,20,20,0
coronavirus_like,1,20,5,94,20,20,0
coronavirus_like,1,20,5,95,20,20,1
coronavirus_like,1,20,5,96,20,20,0
coronavirus_like,1,20,5,97,20,20,1
coronavirus_like,1,20,5,98,20,20,0
coronavirus_like,1,20,5,99,20,20,1
coronavirus_like,1,20,5,100,20,20,3
coronavirus_like,1,20,5,101,20,20,0
coronavirus_like,1,20,5,102,20,20,0
coronavirus_like,1,20,5,103,20,20,1
coronavirus_like,1,20,5,104,20,20,3
coronavirus_like,1,20,5,105,20,20,1
coronavirus_like,1,20,5,106,20,20,3
coronavirus_like,1,20,5,107,20,20,3
coronavirus_like,1,20,5,108,20,20,0
coronavirus_like,1,20,5,109,20,20,1
coronavirus_like,1,20,5,110,20,20,1
coronavirus_like,1,20,5,111,20,20,1
coronavirus_like,1,20,5,112,20,20,4
coronavirus_like,1,20,5,113,20,20,1
coronavirus_like,1,20,5,114,20,20,2
coronavirus_like,1,20,5,115,20,20,4
coronavirus_like,1,20,5,116,20,20,0
coronavirus_like,1,20,5,117,20,20,0
coronavirus_like,1,20,5,118,20,20,1
coronavirus_like,1,20,5,119,20,20,3
coronavirus_like,1,20,5,120,20,20,2
coronavirus_like,1,20,5,121,20,20,1
coronavirus_like,1,20,5,122,20,20,0
coronavirus_like,1,20,5,123,20,20,0
coronavirus_like,1,20,5,124,20,20,4
coronavirus_like,1,20,5,125,20,20,2
coronavirus_like,1,20,5,126,20,20,1
coronavirus_like,1,20,5,127,20,20,1
coronavirus_like,1,20,5,128,20,20,2
coronavirus_like,1,20,5,129,20,20,1
coronavirus_like,1,20,5,130,20,20,2
coronavirus_like,1,20,5,131,20,20,0
coronavirus_like,1,20,5,132,20,20,1
coronavirus_like,1,20,5,133,20,20,1
coronavirus_like,1,20,5,134,20,20,1
coronavirus_like,1,20,5,135,20,20,3
coronavirus_like,1,20,5,136,20,20,1
coronavirus_like,1,20,5,137,20,20,0
coronavirus_like,1,20,5,138,20,20,1
coronavirus_like,1,20,5,139,20,20,4
coronavirus_like,1,20,5,140,20,20,0
coronavirus_like,1,20,5,141,20,20,2
coronavirus_like,1,20,5,142,20,20,1
coronavirus_like,1,20,5,143,20,20,2
coronavirus_like,1,20,5,144,20,20,1
coronavirus_like,1,20,5,145,20,20,0
coronavirus_like,1,20,5,146,20,20,0
coronavirus_like,1,20,5,147,20,20,0
coronavirus_like,1,20,5,148,20,20,2
coronavirus_like,1,20,5,149,20,20,0
coronavirus_like,1,20,5,150,20,20,4
coronavirus_like,1,20,5,151,20,20,3
coronavirus_like,1,20,5,152,20,20,2
coronavirus_like,1,20,5,153,20,20,2
coronavirus_like,1,20,5,154,20,20,2
coronavirus_like,1,20,5,155,20,20,1
coronavirus_like,1,20,5,156,20,20,2
coronavirus_like,1,20,5,157,20,20,2
coronavirus_like,1,20,5,158,20,20,2
coronavirus_like,1,20,5,159,20,20,1
coronavirus_like,1,20,5,160,20,20,0
coronavirus_like,1,20,5,161,20,20,1
coronavirus_like,1,20,5,162,20,20,2
coronavirus_like,1,20,5,163,20,20,2
coronavirus_like,1,20,5,164,20,20,2
coronavirus_like,1,20,5,165,20,20,2
coronavirus_like,1,20,5,166,20,20,2
coronavirus_like,1,20,5,167,20,20,0
coronavirus_like,1,20,5,168,20,20,0
coronavirus_like,1,20,5,169,20,20,1
coronavirus_like,1,20,5,170,20,20,2
coronavirus_like,1,20,5,171,20,20,3
coronavirus_like,1,20,5,172,20,20,2
coronavirus_like,1,20,5,173,20,20,1
coronavirus_like,1,20,5,174,20,20,3
coronavirus_like,1,20,5,175,20,20,1
coronavirus_like,1,20,5,176,20,20,1
coronavirus_like,1,20,5,177,20,20,1
coronavirus_like,1,20,5,178,20,20,2
coronavirus_like,1,20,5,179,20,20,2
coronavirus_like,1,20,5,180,20,20,1
coronavirus_like,1,20,5,181,20,20,1
coronavirus_like,1,20,5,182,20,20,2
coronavirus_like,1,20,5,183,20,20,0
coronavirus_like,1,20,5,184,20,20,1
coronavirus_like,1,20,5,185,20,20,2
coronavirus_like,1,20,5,186,20,20,2
coronavirus_like,1,20,5,187,20,20,0
coronavirus_like,1,20,5,188,20,20,2
coronavirus_like,1,20,5,189,20,20,0
coronavirus_like,1,20,5,190,20,20,1
coronavirus_like,1,20,5,191,20,20,0
coronavirus_like,1,20,5,192,20,20,1
coronavirus_like,1,20,5,193,20,20,4
coronavirus_like,1,20,5,194,20,20,2
coronavirus_like,1,20,5,195,20,20,1
coronavirus_like,1,20,5,196,20,20,1
coronavirus_like,1,20,5,197,20,20,1
coronavirus_like,1,20,5,198,20,20,2
coronavirus_like,1,20,5,199,20,20,2
coronavirus_like,1,20,5,200,20,20,2
coronavirus_like,1,100,3,0,1,1,1
coronavirus_like,1,100,3,1,1,1,1
coronavirus_like,1,100,3,2,2,2,1
coronavirus_like,1,100,3,3,3,3,0
coronavirus_like,1,100,3,4,4,4,3
coronavirus_like,1,100,3,5,6,6,4
coronavirus_like,1,100,3,6,8,8,3
coronavirus_like,1,100,3,7,11,11,6
coronavirus_like,1,100,3,8,16,16,9
coronavirus_like,1,100,3,9,22,22,19
coronavirus_like,1,100,3,10,32,32,19
coronavirus_like,1,100,3,11,45,45,25
coronavirus_like,1,100,3,12,63,63,47
coronavirus_like,1,100,3,13,89,89,68
coronavirus_like,1,100,3,14,100,100,70
coronavirus_like,1,100,3,15,100,100,68
coronavirus_like,1,100,3,16,100,100,53
coronavirus_like,1,100,3,17,100,100,55
coronavirus_like,1,100,3,18,100,100,54
coronavirus_like,1,100,3,19,100,100,46
coronavirus_like,1,100,3,20,100,100,48
coronavirus_like,1,100,3,21,100,100,33
coronavirus_like,1,100,3,22,100,100,31
coronavirus_like,1,100,3,23,100,100,26
coronavirus_like,1,100,3,24,100,100,24
coronavirus_like,1,100,3,25,100,100,25
coronavirus_like,1,100,3,26,100,100,23
coronavirus_like,1,100,3,27,100,100,27
coronavirus_like,1,100,3,28,100,100,28
coronavirus_like,1,100,3,29,100,100,24
coronavirus_like,1,100,3,30,100,100,29
coronavirus_like,1,100,3,31,100,100,34
coronavirus_like,1,100,3,32,100,100,34
coronavirus_like,1,100,3,33,100,100,25
coronavirus_like,1,100,3,34,100,100,32
coronavirus_like,1,100,3,35,100,100,17
coronavirus_like,1,100,3,36,100,100,28
coronavirus_like,1,100,3,37,100,100,26
coronavirus_like,1,100,3,38,100,100,25
coronavirus_like,1,100,3,39,100,100,29
coronavirus_like,1,100,3,40,100,100,17
coronavirus_like,1,100,3,41,100,100,23
coronavirus_like,1,100,3,42,100,100,28
coronavirus_like,1,100,3,43,100,100,33
coronavirus_like,1,100,3,44,100,100,30
coronavirus_like,1,100,3,45,100,100,24
coronavirus_like,1,100,3,46,100,100,33
coronavirus_like,1,100,3,47,100,100,23
coronavirus_like,1,100,3,48,100,100,25
coronavirus_like,1,100,3,49,100,100,17
coronavirus_like,1,100,3,50,100,100,29
coronavirus_like,1,100,3,51,100,100,24
coronavirus_like,1,100,3,52,100,100,29
coronavirus_like,1,100,3,53,100,100,29
coronavirus_like,1,100,3,54,100,100,15
coronavirus_like,1,100,3,55,100,100,35
coronavirus_like,1,100,3,56,100,100,29
coronavirus_like,1,100,3,57,100,100,25
coronavirus_like,1,100,3,58,100,100,28
coronavirus_like,1,100,3,59,100,100,23
coronavirus_like,1,100,3,60,100,100,31
coronavirus_like,1,100,3,61,100,100,26
coronavirus_like,1,100,3,62,100,100,25
coronavirus_like,1,100,3,63,100,100,23
coronavirus_like,1,100,3,64,100,100,30
coronavirus_like,1,100,3,65,100,100,26
coronavirus_like,1,100,3,66,100,100,23
coronavirus_like,1,100,3,67,100,100,35
coronavirus_like,1,100,3,68,100,100,23
coronavirus_like,1,100,3,69,100,100,25
coronavirus_like,1,100,3,70,100,100,35
coronavirus_like,1,100,3,71,100,100,32
coronavirus_like,1,100,3,72,100,100,27
coronavirus_like,1,100,3,73,100,100,20
coronavirus_like,1,100,3,74,100,100,28
coronavirus_like,1,100,3,75,100,100,35
coronavirus_like,1,100,3,76,100,100,30
coronavirus_like,1,100,3,77,100,100,33
coronavirus_like,1,100,3,78,100,100,31
coronavirus_like,1,100,3,79,100,100,24
coronavirus_like,1,100,3,80,100,100,23
coronavirus_like,1,100,3,81,100,100,23
coronavirus_like,1,100,3,82,100,100,29
coronavirus_like,1,100,3,83,100,100,23
coronavirus_like,1,100,3,84,100,100,24
coronavirus_like,1,100,3,85,100,100,21
coronavirus_like,1,100,3,86,100,100,32
coronavirus_like,1,100,3,87,100,100,24
coronavirus_like,1,100,3,88,100,100,26
coronavirus_like,1,100,3,89,100,100,20
coronavirus_like,1,100,3,90,100,100,23
coronavirus_like,1,100,3,91,100,100,22
coronavirus_like,1,100,3,92,100,100,22
coronavirus_like,1,100,3,93,100,100,22
coronavirus_like,1,100,3,94,100,100,25
coronavirus_like,1,100,3,95,100,100,27
coronavirus_like,1,100,3,96,100,100,27
coronavirus_like,1,100,3,97,100,100,24
coronavirus_like,1,100,3,98,100,100,31
coronavirus_like,1,100,3,99,100,100,33
coronavirus_like,1,100,3,100,100,100,28
coronavirus_like,1,100,3,101,100,100,18
coronavirus_like,1,100,3,102,100,100,34
coronavirus_like,1,100,3,103,100,100,22
coronavirus_like,1,100,3,104,100,100,35
coronavirus_like,1,100,3,105,100,100,20
coronavirus_like,1,100,3,106,100,100,32
coronavirus_like,1,100,3,107,100,100,26
coronavirus_like,1,100,3,108,100,100,32
coronavirus_like,1,100,3,109,100,100,28
coronavirus_like,1,100,3,110,100,100,30
coronavirus_like,1,100,3,111,100,100,35
coronavirus_like,1,100,3,112,100,100,28
coronavirus_like,1,100,3,113,100,100,22
coronavirus_like,1,100,3,114,100,100,34
coronavirus_like,1,100,3,115,100,100,37
coronavirus_like,1,100,3,116,100,100,23
coronavirus_like,1,100,3,117,100,100,29
coronavirus_like,1,100,3,118,100,100,30
coronavirus_like,1,100,3,119,100,100,33
coronavirus_like,1,100,3,120,100,100,30
coronavirus_like,1,100,3,121,100,100,24
coronavirus_like,1,100,3,122,100,100,27
coronavirus_like,1,100,3,123,100,100,30
coronavirus_like,1,100,3,124,100,100,25
coronavirus_like,1,100,3,125,100,100,22
coronavirus_like,1,100,3,126,100,100,29
coronavirus_like,1,100,3,127,100,100,26
coronavirus_like,1,100,3,128,100,100,30
coronavirus_like,1,100,3,129,100,100,21
coronavirus_like,1,100,3,130,100,100,19
coronavirus_like,1,100,3,131,100,100,25
coronavirus_like,1,100,3,132,100,100,27
coronavirus_like,1,100,3,133,100,100,20
coronavirus_like,1,100,3,134,100,100,27
coronavirus_like,1,100,3,135,100,100,26
coronavirus_like,1,100,3,136,100,100,31
coronavirus_like,1,100,3,137,100,100,25
coronavirus_like,1,100,3,138,100,100,33
coronavirus_like,1,100,3,139,100,100,29
coronavirus_like,1,100,3,140,100,100,28
coronavirus_like,1,100,3,141,100,100,28
coronavirus_like,1,100,3,142,100,100,32
coronavirus_like,1,100,3,143,100,100,30
coronavirus_like,1,100,3,144,100,100,27
coronavirus_like,1,100,3,145,100,100,29
coronavirus_like,1,100,3,146,100,100,22
coronavirus_like,1,100,3,147,100,100,16
coronavirus_like,1,100,3,148,100,100,29
coronavirus_like,1,100,3,149,100,100,25
coronavirus_like,1,100,3,150,100,100,27
coronavirus_like,1,100,3,151,100,100,28
coronavirus_like,1,100,3,152,100,100,24
coronavirus_like,1,100,3,153,100,100,30
coronavirus_like,1,100,3,154,100,100,27
coronavirus_like,1,100,3,155,100,100,19
coronavirus_like,1,100,3,156,100,100,29
coronavirus_like,1,100,3,157,100,100,32
coronavirus_like,1,100,3,158,100,100,14
coronavirus_like,1,100,3,159,100,100,16
coronavirus_like,1,100,3,160,100,100,30
coronavirus_like,1,100,3,161,100,100,28
coronavirus_like,1,100,3,162,100,100,25
coronavirus_like,1,100,3,163,100,100,28
coronavirus_like,1,100,3,164,100,100,23
coronavirus_like,1,100,3,165,100,100,23
coronavirus_like,1,100,3,166,100,100,22
coronavirus_like,1,100,3,167,100,100,21
coronavirus_like,1,100,3,168,100,100,19
coronavirus_like,1,100,3,169,100,100,28
coronavirus_like,1,100,3,170,100,100,26
coronavirus_like,1,100,3,171,100,100,35
coronavirus_like,1,100,3,172,100,100,31
coronavirus_like,1,100,3,173,100,100,26
coronavirus_like,1,100,3,174,100,100,22
coronavirus_like,1,100,3,175,100,100,34
coronavirus_like,1,100,3,176,100,100,23
coronavirus_like,1,100,3,177,100,100,33
coronavirus_like,1,100,3,178,100,100,32
coronavirus_like,1,100,3,179,100,100,26
coronavirus_like,1,100,3,180,100,100,28
coronavirus_like,1,100,3,181,100,100,27
coronavirus_like,1,100,3,182,100,100,34
coronavirus_like,1,100,3,183,100,100,25
coronavirus_like,1,100,3,184,100,100,25
coronavirus_like,1,100,3,185,100,100,24
coronavirus_like,1,100,3,186,100,100,25
coronavirus_like,1,100,3,187,100,100,24
coronavirus_like,1,100,3,188,100,100,29
coronavirus_like,1,100,3,189,100,100,31
coronavirus_like,1,100,3,190,100,100,20
coronavirus_like,1,100,3,191,100,100,23
coronavirus_like,1,100,3,192,100,100,26
coronavirus_like,1,100,3,193,100,100,23
coronavirus_like,1,100,3,194,100,100,28
coronavirus_like,1,100,3,195,100,100,26
coronavirus_like,1,100,3,196,100,100,29
coronavirus_like,1,100,3,197,100,100,36
coronavirus_like,1,100,3,198,100,100,23
coronavirus_like,1,100,3,199,100,100,27
coronavirus_like,1,100,3,200,100,100,21
coronavirus_like,1,100,4,0,1,1,1
coronavirus_like,1,100,4,1,1,1,1
coronavirus_like,1,100,4,2,2,2,1
coronavirus_like,1,100,4,3,3,3,0
coronavirus_like,1,100,4,4,4,4,3
coronavirus_like,1,100,4,5,6,6,4
coronavirus_like,1,100,4,6,8,8,3
coronavirus_like,1,100,4,7,11,11,6
coronavirus_like,1,100,4,8,16,16,9
coronavirus_like,1,100,4,9,22,22,19
coronavirus_like,1,100,4,10,32,32,19
coronavirus_like,1,100,4,11,45,45,25
coronavirus_like,1,100,4,12,63,63,47
coronavirus_like,1,100,4,13,89,89,68
coronavirus_like,1,100,4,14,100,100,70
coronavirus_like,1,100,4,15,100,100,68
coronavirus_like,1,100,4,16,100,100,53
coronavirus_like,1,100,4,17,100,100,55
coronavirus_like,1,100,4,18,100,100,54
coronavirus_like,1,100,4,19,100,100,46
coronavirus_like,1,100,4,20,100,100,48
coronavirus_like,1,100,4,21,100,100,33
coronavirus_like,1,100,4,22,100,100,31
coronavirus_like,1,100,4,23,100,100,26
coronavirus_like,1,100,4,24,100,100,24
coronavirus_like,1,100,4,25,100,100,25
coronavirus_like,1,100,4,26,100,100,23
coronavirus_like,1,100,4,27,100,100,27
coronavirus_like,1,100,4,28,100,100,28
coronavirus_like,1,100,4,29,100,100,24
coronavirus_like,1,100,4,30,100,100,29
coronavirus_like,1,100,4,31,100,100,34
coronavirus_like,1,100,4,32,100,100,34
coronavirus_like,1,100,4,33,100,100,25
coronavirus_like,1,100,4,34,100,100,32
coronavirus_like,1,100,4,35,100,100,17
coronavirus_like,1,100,4,36,100,100,28
coronavirus_like,1,100,4,37,100,100,26
coronavirus_like,1,100,4,38,100,100,25
coronavirus_like,1,100,4,39,100,100,29
coronavirus_like,1,100,4,40,100,100,17
coronavirus_like,1,100,4,41,100,100,23
coronavirus_like,1,100,4,42,100,100,28
coronavirus_like,1,100,4,43,100,100,33
coronavirus_like,1,100,4,44,100,100,30
coronavirus_like,1,100,4,45,100,100,24
coronavirus_like,1,100,4,46,100,100,33
coronavirus_like,1,100,4,47,100,100,23
coronavirus_like,1,100,4,48,100,100,25
coronavirus_like,1,100,4,49,100,100,17
coronavirus_like,1,100,4,50,100,100,29
coronavirus_like,1,100,4,51,100,100,24
coronavirus_like,1,100,4,52,100,100,29
coronavirus_like,1,100,4,53,100,100,29
coronavirus_like,1,100,4,54,100,100,15
coronavirus_like,1,100,4,55,100,100,35
coronavirus_like,1,100,4,56,100,100,29
coronavirus_like,1,100,4,57,100,100,25
coronavirus_like,1,100,4,58,100,100,28
coronavirus_like,1,100,4,59,100,100,23
coronavirus_like,1,100,4,60,100,100,31
coronavirus_like,1,100,4,61,100,100,26
coronavirus_like,1,100,4,62,100,100,25
coronavirus_like,1,100,4,63,100,100,23
coronavirus_like,1,100,4,64,100,100,30
coronavirus_like,1,100,4,65,100,100,26
coronavirus_like,1,100,4,66,100,100,23
coronavirus_like,1,100,4,67,100,100,35
coronavirus_like,1,100,4,68,100,100,23
coronavirus_like,1,100,4,69,100,100,25
coronavirus_like,1,100,4,70,100,100,35
coronavirus_like,1,100,4,71,100,100,32
coronavirus_like,1,100,4,72,100,100,27
coronavirus_like,1,100,4,73,100,100,20
coronavirus_like,1,100,4,74,100,100,28
coronavirus_like,1,100,4,75,100,100,35
coronavirus_like,1,100,4,76,100,100,30
coronavirus_like,1,100,4,77,100,100,33
coronavirus_like,1,100,4,78,100,100,31
coronavirus_like,1,100,4,79,100,100,24
coronavirus_like,1,100,4,80,100,100,23
coronavirus_like,1,100,4,81,100,100,23
coronavirus_like,1,100,4,82,100,100,29
coronavirus_like,1,100,4,83,100,100,23
coronavirus_like,1,100,4,84,100,100,24
coronavirus_like,1,100,4,85,100,100,21
coronavirus_like,1,100,4,86,100,100,32
coronavirus_like,1,100,4,87,100,100,24
coronavirus_like,1,100,4,88,100,100,26
coronavirus_like,1,100,4,89,100,100,20
coronavirus_like,1,100,4,90,100,100,23
coronavirus_like,1,100,4,91,100,100,22
coronavirus_like,1,100,4,92,100,100,22
coronavirus_like,1,100,4,93,100,100,22
coronavirus_like,1,100,4,94,100,100,25
coronavirus_like,1,100,4,95,100,100,27
coronavirus_like,1,100,4,96,100,100,27
coronavirus_like,1,100,4,97,100,100,24
coronavirus_like,1,100,4,98,100,100,31
coronavirus_like,1,100,4,99,100,100,33
coronavirus_like,1,100,4,100,100,100,28
coronavirus_like,1,100,4,101,100,100,18
coronavirus_like,1,100,4,102,100,100,34
coronavirus_like,1,100,4,103,100,100,22
coronavirus_like,1,100,4,104,100,100,35
coronavirus_like,1,100,4,105,100,100,20
coronavirus_like,1,100,4,106,100,100,32
coronavirus_like,1,100,4,107,100,100,26
coronavirus_like,1,100,4,108,100,100,32
coronavirus_like,1,100,4,109,100,100,28
coronavirus_like,1,100,4,110,100,100,30
coronavirus_like,1,100,4,111,100,100,35
coronavirus_like,1,100,4,112,100,100,28
coronavirus_like,1,100,4,113,100,100,22
coronavirus_like,1,100,4,114,100,100,34
coronavirus_like,1,100,4,115,100,100,37
coronavirus_like,1,100,4,116,100,100,23
coronavirus_like,1,100,4,117,100,100,29
coronavirus_like,1,100,4,118,100,100,30
coronavirus_like,1,100,4,119,100,100,33
coronavirus_like,1,100,4,120,100,100,30
coronavirus_like,1,100,4,121,100,100,24
coronavirus_like,1,100,4,122,100,100,27
coronavirus_like,1,100,4,123,100,100,30
coronavirus_like,1,100,4,124,100,100,25
coronavirus_like,1,100,4,125,100,100,22
coronavirus_like,1,100,4,126,100,100,29
coronavirus_like,1,100,4,127,100,100,26
coronavirus_like,1,100,4,128,100,100,30
coronavirus_like,1,100,4,129,100,100,21
coronavirus_like,1,100,4,130,100,100,19
coronavirus_like,1,100,4,131,100,100,25
coronavirus_like,1,100,4,132,100,100,27
coronavirus_like,1,100,4,133,100,100,20
coronavirus_like,1,100,4,134,100,100,27
coronavirus_like,1,100,4,135,100,100,26
coronavirus_like,1,100,4,136,100,100,31
coronavirus_like,1,100,4,137,100,100,25
coronavirus_like,1,100,4,138,100,100,33
coronavirus_like,1,100,4,139,100,100,29
coronavirus_like,1,100,4,140,100,100,28
coronavirus_like,1,100,4,141,100,100,28
coronavirus_like,1,100,4,142,100,100,32
coronavirus_like,1,100,4,143,100,100,30
coronavirus_like,1,100,4,144,100,100,27
coronavirus_like,1,100,4,145,100,100,29
coronavirus_like,1,100,4,146,100,100,22
coronavirus_like,1,100,4,147,100,100,16
coronavirus_like,1,100,4,148,100,100,29
coronavirus_like,1,100,4,149,100,100,25
coronavirus_like,1,100,4,150,100,100,27
coronavirus_like,1,100,4,151,100,100,28
coronavirus_like,1,100,4,152,100,100,24
coronavirus_like,1,100,4,153,100,100,30
coronavirus_like,1,100,4,154,100,100,27
coronavirus_like,1,100,4,155,100,100,19
coronavirus_like,1,100,4,156,100,100,29
coronavirus_like,1,100,4,157,100,100,32
coronavirus_like,1,100,4,158,100,100,14
coronavirus_like,1,100,4,159,100,100,16
coronavirus_like,1,100,4,160,100,100,30
coronavirus_like,1,100,4,161,100,100,28
coronavirus_like,1,100,4,162,100,100,25
coronavirus_like,1,100,4,163,100,100,28
coronavirus_like,1,100,4,164,100,100,23
coronavirus_like,1,100,4,165,100,100,23
coronavirus_like,1,100,4,166,100,100,22
coronavirus_like,1,100,4,167,100,100,21
coronavirus_like,1,100,4,168,100,100,19
coronavirus_like,1,100,4,169,100,100,28
coronavirus_like,1,100,4,170,100,100,26
coronavirus_like,1,100,4,171,100,100,35
coronavirus_like,1,100,4,172,100,100,31
coronavirus_like,1,100,4,173,100,100,26
coronavirus_like,1,100,4,174,100,100,22
coronavirus_like,1,100,4,175,100,100,34
coronavirus_like,1,100,4,176,100,100,23
coronavirus_like,1,100,4,177,100,100,33
coronavirus_like,1,100,4,178,100,100,32
coronavirus_like,1,100,4,179,100,100,26
coronavirus_like,1,100,4,180,100,100,28
coronavirus_like,1,100,4,181,100,100,27
coronavirus_like,1,100,4,182,100,100,34
coronavirus_like,1,100,4,183,100,100,25
coronavirus_like,1,100,4,184,100,100,25
coronavirus_like,1,100,4,185,100,100,24
coronavirus_like,1,100,4,186,100,100,25
coronavirus_like,1,100,4,187,100,100,24
coronavirus_like,1,100,4,188,100,100,29
coronavirus_like,1,100,4,189,100,100,31
coronavirus_like,1,100,4,190,100,100,20
coronavirus_like,1,100,4,191,100,100,23
coronavirus_like,1,100,4,192,100,100,26
coronavirus_like,1,100,4,193,100,100,23
coronavirus_like,1,100,4,194,100,100,28
coronavirus_like,1,100,4,195,100,100,26
coronavirus_like,1,100,4,196,100,100,29
coronavirus_like,1,100,4,197,100,100,36
coronavirus_like,1,100,4,198,100,100,23
coronavirus_like,1,100,4,199,100,100,27
coronavirus_like,1,100,4,200,100,100,21
coronavirus_like,1,100,5,0,1,1,1
coronavirus_like,1,100,5,1,1,1,1
coronavirus_like,1,100,5,2,2,2,1
coronavirus_like,1,100,5,3,3,3,0
coronavirus_like,1,100,5,4,4,4,3
coronavirus_like,1,100,5,5,6,6,4
coronavirus_like,1,100,5,6,8,8,3
coronavirus_like,1,100,5,7,11,11,6
coronavirus_like,1,100,5,8,16,16,9
coronavirus_like,1,100,5,9,22,22,19
coronavirus_like,1,100,5,10,32,32,19
coronavirus_like,1,100,5,11,45,45,25
coronavirus_like,1,100,5,12,63,63,47
coronavirus_like,1,100,5,13,89,89,68
coronavirus_like,1,100,5,14,100,100,70
coronavirus_like,1,100,5,15,100,100,68
coronavirus_like,1,100,5,16,100,100,53
coronavirus_like,1,100,5,17,100,100,55
coronavirus_like,1,100,5,18,100,100,54
coronavirus_like,1,100,5,19,100,100,46
coronavirus_like,1,100,5,20,100,100,48
coronavirus_like,1,100,5,21,100,100,33
coronavirus_like,1,100,5,22,100,100,31
coronavirus_like,1,100,5,23,100,100,26
coronavirus_like,1,100,5,24,100,100,24
coronavirus_like,1,100,5,25,100,100,25
coronavirus_like,1,100,5,26,100,100,23
coronavirus_like,1,100,5,27,100,100,27
coronavirus_like,1,100,5,28,100,100,28
coronavirus_like,1,100,5,29,100,100,24
coronavirus_like,1,100,5,30,100,100,29
coronavirus_like,1,100,5,31,100,100,34
coronavirus_like,1,100,5,32,100,100,34
coronavirus_like,1,100,5,33,100,100,25
coronavirus_like,1,100,5,34,100,100,32
coronavirus_like,1,100,5,35,100,100,17
coronavirus_like,1,100,5,36,100,100,28
coronavirus_like,1,100,5,37,100,100,26
coronavirus_like,1,100,5,38,100,100,25
coronavirus_like,1,100,5,39,100,100,29
coronavirus_like,1,100,5,40,100,100,17
coronavirus_like,1,100,5,41,100,100,23
coronavirus_like,1,100,5,42,100,100,28
coronavirus_like,1,100,5,43,100,100,33
coronavirus_like,1,100,5,44,100,100,30
coronavirus_like,1,100,5,45,100,100,24
coronavirus_like,1,100,5,46,100,100,33
coronavirus_like,1,100,5,47,100,100,23
coronavirus_like,1,100,5,48,100,100,25
coronavirus_like,1,100,5,49,100,100,17
coronavirus_like,1,100,5,50,100,100,29
coronavirus_like,1,100,5,51,100,100,24
coronavirus_like,1,100,5,52,100,100,29
coronavirus_like,1,100,5,53,100,100,29
coronavirus_like,1,100,5,54,100,100,15
coronavirus_like,1,100,5,55,100,100,35
coronavirus_like,1,100,5,56,100,100,29
coronavirus_like,1,100,5,57,100,100,25
coronavirus_like,1,100,5,58,100,100,28
coronavirus_like,1,100,5,59,100,100,23
coronavirus_like,1,100,5,60,100,100,31
coronavirus_like,1,100,5,61,100,100,26
coronavirus_like,1,100,5,62,100,100,25
coronavirus_like,1,100,5,63,100,100,23
coronavirus_like,1,100,5,64,100,100,30
coronavirus_like,1,100,5,65,100,100,26
coronavirus_like,1,100,5,66,100,100,23
coronavirus_like,1,100,5,67,100,100,35
coronavirus_like,1,100,5,68,100,100,23
coronavirus_like,1,100,5,69,100,100,25
coronavirus_like,1,100,5,70,100,100,35
coronavirus_like,1,100,5,71,100,100,32
coronavirus_like,1,100,5,72,100,100,27
coronavirus_like,1,100,5,73,100,100,20
coronavirus_like,1,100,5,74,100,100,28
coronavirus_like,1,100,5,75,100,100,35
coronavirus_like,1,100,5,76,100,100,30
coronavirus_like,1,100,5,77,100,100,33
coronavirus_like,1,100,5,78,100,100,31
coronavirus_like,1,100,5,79,100,100,24
coronavirus_like,1,100,5,80,100,100,23
coronavirus_like,1,100,5,81,100,100,23
coronavirus_like,1,100,5,82,100,100,29
coronavirus_like,1,100,5,83,100,100,23
coronavirus_like,1,100,5,84,100,100,24
coronavirus_like,1,100,5,85,100,100,21
coronavirus_like,1,100,5,86,100,100,32
coronavirus_like,1,100,5,87,100,100,24
coronavirus_like,1,100,5,88,100,100,26
coronavirus_like,1,100,5,89,100,100,20
coronavirus_like,1,100,5,90,100,100,23
coronavirus_like,1,100,5,91,100,100,22
coronavirus_like,1,100,5,92,100,100,22
coronavirus_like,1,100,5,93,100,100,22
coronavirus_like,1,100,5,94,100,100,25
coronavirus_like,1,100,5,95,100,100,27
coronavirus_like,1,100,5,96,100,100,27
coronavirus_like,1,100,5,97,100,100,24
coronavirus_like,1,100,5,98,100,100,31
coronavirus_like,1,100,5,99,100,100,33
coronavirus_like,1,100,5,100,100,100,28
coronavirus_like,1,100,5,101,100,100,18
coronavirus_like,1,100,5,102,100,100,34
coronavirus_like,1,100,5,103,100,100,22
coronavirus_like,1,100,5,104,100,100,35
coronavirus_like,1,100,5,105,100,100,20
coronavirus_like,1,100,5,106,100,100,32
coronavirus_like,1,100,5,107,100,100,26
coronavirus_like,1,100,5,108,100,100,32
coronavirus_like,1,100,5,109,100,100,28
coronavirus_like,1,100,5,110,100,100,30
coronavirus_like,1,100,5,111,100,100,35
coronavirus_like,1,100,5,112,100,100,28
coronavirus_like,1,100,5,113,100,100,22
coronavirus_like,1,100,5,114,100,100,34
coronavirus_like,1,100,5,115,100,100,37
coronavirus_like,1,100,5,116,100,100,23
coronavirus_like,1,100,5,117,100,100,29
coronavirus_like,1,100,5,118,100,100,30
coronavirus_like,1,100,5,119,100,100,33
coronavirus_like,1,100,5,120,100,100,30
coronavirus_like,1,100,5,121,100,100,24
coronavirus_like,1,100,5,122,100,100,27
coronavirus_like,1,100,5,123,100,100,30
coronavirus_like,1,100,5,124,100,100,25
coronavirus_like,1,100,5,125,100,100,22
coronavirus_like,1,100,5,126,100,100,29
coronavirus_like,1,100,5,127,100,100,26
coronavirus_like,1,100,5,128,100,100,30
coronavirus_like,1,100,5,129,100,100,21
coronavirus_like,1,100,5,130,100,100,19
coronavirus_like,1,100,5,131,100,100,25
coronavirus_like,1,100,5,132,100,100,27
coronavirus_like,1,100,5,133,100,100,20
coronavirus_like,1,100,5,134,100,100,27
coronavirus_like,1,100,5,135,100,100,26
coronavirus_like,1,100,5,136,100,100,31
coronavirus_like,1,100,5,137,100,100,25
coronavirus_like,1,100,5,138,100,100,33
coronavirus_like,1,100,5,139,100,100,29
coronavirus_like,1,100,5,140,100,100,28
coronavirus_like,1,100,5,141,100,100,28
coronavirus_like,1,100,5,142,100,100,32
coronavirus_like,1,100,5,143,100,100,30
coronavirus_like,1,100,5,144,100,100,27
coronavirus_like,1,100,5,145,100,100,29
coronavirus_like,1,100,5,146,100,100,22
coronavirus_like,1,100,5,147,100,100,16
coronavirus_like,1,100,5,148,100,100,29
coronavirus_like,1,100,5,149,100,100,25
coronavirus_like,1,100,5,150,100,100,27
coronavirus_like,1,100,5,151,100,100,28
coronavirus_like,1,100,5,152,100,100,24
coronavirus_like,1,100,5,153,100,100,30
coronavirus_like,1,100,5,154,100,100,27
coronavirus_like,1,100,5,155,100,100,19
coronavirus_like,1,100,5,156,100,100,29
coronavirus_like,1,100,5,157,100,100,32
coronavirus_like,1,100,5,158,100,100,14
coronavirus_like,1,100,5,159,100,100,16
coronavirus_like,1,100,5,160,100,100,30
coronavirus_like,1,100,5,161,100,100,28
coronavirus_like,1,100,5,162,100,100,25
coronavirus_like,1,100,5,163,100,100,28
coronavirus_like,1,100,5,164,100,100,23
coronavirus_like,1,100,5,165,100,100,23
coronavirus_like,1,100,5,166,100,100,22
coronavirus_like,1,100,5,167,100,100,21
coronavirus_like,1,100,5,168,100,100,19
coronavirus_like,1,100,5,169,100,100,28
coronavirus_like,1,100,5,170,100,100,26
coronavirus_like,1,100,5,171,100,100,35
coronavirus_like,1,100,5,172,100,100,31
coronavirus_like,1,100,5,173,100,100,26
coronavirus_like,1,100,5,174,100,100,22
coronavirus_like,1,100,5,175,100,100,34
coronavirus_like,1,100,5,176,100,100,23
coronavirus_like,1,100,5,177,100,100,33
coronavirus_like,1,100,5,178,100,100,32
coronavirus_like,1,100,5,179,100,100,26
coronavirus_like,1,100,5,180,100,100,28
coronavirus_like,1,100,5,181,100,100,27
coronavirus_like,1,100,5,182,100,100,34
coronavirus_like,1,100,5,183,100,100,25
coronavirus_like,1,100,5,184,100,100,25
coronavirus_like,1,100,5,185,100,100,24
coronavirus_like,1,100,5,186,100,100,25
coronavirus_like,1,100,5,187,100,100,24
coronavirus_like,1,100,5,188,100,100,29
coronavirus_like,1,100,5,189,100,100,31
coronavirus_like,1,100,5,190,100,100,20
coronavirus_like,1,100,5,191,100,100,23
coronavirus_like,1,100,5,192,100,100,26
coronavirus_like,1,100,5,193,100,100,23
coronavirus_like,1,100,5,194,100,100,28
coronavirus_like,1,100,5,195,100,100,26
coronavirus_like,1,100,5,196,100,100,29
coronavirus_like,1,100,5,197,100,100,36
coronavirus_like,1,100,5,198,100,100,23
coronavirus_like,1,100,5,199,100,100,27
coronavirus_like,1,100,5,200,100,100,21
coronavirus_like,2,20,3,0,1,1,1
coronavirus_like,2,20,3,1,1,1,1
coronavirus_like,2,20,3,2,2,2,2
coronavirus_like,2,20,3,3,3,3,2
coronavirus_like,2,20,3,4,4,4,1
coronavirus_like,2,20,3,5,6,6,4
coronavirus_like,2,20,3,6,8,8,8
coronavirus_like,2,20,3,7,11,11,5
coronavirus_like,2,20,3,8,16,16,12
coronavirus_like,2,20,3,9,20,20,11
coronavirus_like,2,20,3,10,20,20,11
coronavirus_like,2,20,3,11,20,20,12
coronavirus_like,2,20,3,12,20,20,11
coronavirus_like,2,20,3,13,20,20,10
coronavirus_like,2,20,3,14,20,20,11
coronavirus_like,2,20,3,15,20,20,10
coronavirus_like,2,20,3,16,20,20,11
coronavirus_like,2,20,3,17,20,20,5
coronavirus_like,2,20,3,18,20,20,3
coronavirus_like,2,20,3,19,20,20,3
coronavirus_like,2,20,3,20,20,20,3
coronavirus_like,2,20,3,21,20,20,3
coronavirus_like,2,20,3,22,20,20,1
coronavirus_like,2,20,3,23,20,20,2
coronavirus_like,2,20,3,24,20,20,2
coronavirus_like,2,20,3,25,20,20,3
coronavirus_like,2,20,3,26,20,20,1
coronavirus_like,2,20,3,27,20,20,6
coronavirus_like,2,20,3,28,20,20,3
coronavirus_like,2,20,3,29,20,20,1
coronavirus_like,2,20,3,30,20,20,1
coronavirus_like,2,20,3,31,20,20,0
coronavirus_like,2,20,3,32,20,20,1
coronavirus_like,2,20,3,33,20,20,3
coronavirus_like,2,20,3,34,20,20,2
coronavirus_like,2,20,3,35,20,20,1
coronavirus_like,2,20,3,36,20,20,1
coronavirus_like,2,20,3,37,20,20,1
coronavirus_like,2,20,3,38,20,20,0
coronavirus_like,2,20,3,39,20,20,2
coronavirus_like,2,20,3,40,20,20,1
coronavirus_like,2,20,3,41,20,20,2
coronavirus_like,2,20,3,42,20,20,1
coronavirus_like,2,20,3,43,20,20,1
coronavirus_like,2,20,3,44,20,20,2
coronavirus_like,2,20,3,45,20,20,0
coronavirus_like,2,20,3,46,20,20,1
coronavirus_like,2,20,3,47,20,20,2
coronavirus_like,2,20,3,48,20,20,1
coronavirus_like,2,20,3,49,20,20,2
coronavirus_like,2,20,3,50,20,20,4
coronavirus_like,2,20,3,51,20,20,1
coronavirus_like,2,20,3,52,20,20,1
coronavirus_like,2,20,3,53,20,20,1
coronavirus_like,2,20,3,54,20,20,0
coronavirus_like,2,20,3,55,20,20,2
coronavirus_like,2,20,3,56,20,20,0
coronavirus_like,2,20,3,57,20,20,0
coronavirus_like,2,20,3,58,20,20,3
coronavirus_like,2,20,3,59,20,20,1
coronavirus_like,2,20,3,60,20,20,2
coronavirus_like,2,20,3,61,20,20,1
coronavirus_like,2,20,3,62,20,20,1
coronavirus_like,2,20,3,63,20,20,1
coronavirus_like,2,20,3,64,20,20,0
coronavirus_like,2,20,3,65,20,20,0
coronavirus_like,2,20,3,66,20,20,1
coronavirus_like,2,20,3,67,20,20,2
coronavirus_like,2,20,3,68,20,20,1
coronavirus_like,2,20,3,69,20,20,1
coronavirus_like,2,20,3,70,20,20,1
coronavirus_like,2,20,3,71,20,20,2
coronavirus_like,2,20,3,72,20,20,3
coronavirus_like,2,20,3,73,20,20,2
coronavirus_like,2,20,3,74,20,20,0
coronavirus_like,2,20,3,75,20,20,2
coronavirus_like,2,20,3,76,20,20,1
coronavirus_like,2,20,3,77,20,20,2
coronavirus_like,2,20,3,78,20,20,2
coronavirus_like,2,20,3,79,20,20,1
coronavirus_like,2,20,3,80,20,20,1
coronavirus_like,2,20,3,81,20,20,1
coronavirus_like,2,20,3,82,20,20,2
coronavirus_like,2,20,3,83,20,20,1
coronavirus_like,2,20,3,84,20,20,1
coronavirus_like,2,20,3,85,20,20,1
coronavirus_like,2,20,3,86,20,20,4
coronavirus_like,2,20,3,87,20,20,1
coronavirus_like,2,20,3,88,20,20,0
coronavirus_like,2,20,3,89,20,20,1
coronavirus_like,2,20,3,90,20,20,0
coronavirus_like,2,20,3,91,20,20,0
coronavirus_like,2,20,3,92,20,20,3
coronavirus_like,2,20,3,93,20,20,2
coronavirus_like,2,20,3,94,20,20,1
coronavirus_like,2,20,3,95,20,20,1
coronavirus_like,2,20,3,96,20,20,4
coronavirus_like,2,20,3,97,20,20,1
coronavirus_like,2,20,3,98,20,20,2
coronavirus_like,2,20,3,99,20,20,3
coronavirus_like,2,20,3,100,20,20,2
coronavirus_like,2,20,3,101,20,20,0
coronavirus_like,2,20,3,102,20,20,1
coronavirus_like,2,20,3,103,20,20,0
coronavirus_like,2,20,3,104,20,20,3
coronavirus_like,2,20,3,105,20,20,2
coronavirus_like,2,20,3,106,20,20,1
coronavirus_like,2,20,3,107,20,20,3
coronavirus_like,2,20,3,108,20,20,1
coronavirus_like,2,20,3,109,20,20,1
coronavirus_like,2,20,3,110,20,20,1
coronavirus_like,2,20,3,111,20,20,0
coronavirus_like,2,20,3,112,20,20,4
coronavirus_like,2,20,3,113,20,20,0
coronavirus_like,2,20,3,114,20,20,3
coronavirus_like,2,20,3,115,20,20,1
coronavirus_like,2,20,3,116,20,20,1
coronavirus_like,2,20,3,117,20,20,0
coronavirus_like,2,20,3,118,20,20,0
coronavirus_like,2,20,3,119,20,20,1
coronavirus_like,2,20,3,120,20,20,4
coronavirus_like,2,20,3,121,20,20,3
coronavirus_like,2,20,3,122,20,20,2
coronavirus_like,2,20,3,123,20,20,1
coronavirus_like,2,20,3,124,20,20,1
coronavirus_like,2,20,3,125,20,20,5
coronavirus_like,2,20,3,126,20,20,1
coronavirus_like,2,20,3,127,20,20,2
coronavirus_like,2,20,3,128,20,20,1
coronavirus_like,2,20,3,129,20,20,0
coronavirus_like,2,20,3,130,20,20,3
coronavirus_like,2,20,3,131,20,20,2
coronavirus_like,2,20,3,132,20,20,0
coronavirus_like,2,20,3,133,20,20,1
coronavirus_like,2,20,3,134,20,20,1
coronavirus_like,2,20,3,135,20,20,1
coronavirus_like,2,20,3,136,20,20,4
coronavirus_like,2,20,3,137,20,20,2
coronavirus_like,2,20,3,138,20,20,1
coronavirus_like,2,20,3,139,20,20,1
coronavirus_like,2,20,3,140,20,20,2
coronavirus_like,2,20,3,141,20,20,0
coronavirus_like,2,20,3,142,20,20,2
coronavirus_like,2,20,3,143,20,20,0
coronavirus_like,2,20,3,144,20,20,2
coronavirus_like,2,20,3,145,20,20,2
coronavirus_like,2,20,3,146,20,20,1
coronavirus_like,2,20,3,147,20,20,1
coronavirus_like,2,20,3,148,20,20,2
coronavirus_like,2,20,3,149,20,20,1
coronavirus_like,2,20,3,150,20,20,3
coronavirus_like,2,20,3,151,20,20,3
coronavirus_like,2,20,3,152,20,20,3
coronavirus_like,2,20,3,153,20,20,1
coronavirus_like,2,20,3,154,20,20,1
coronavirus_like,2,20,3,155,20,20,5
coronavirus_like,2,20,3,156,20,20,2
coronavirus_like,2,20,3,157,20,20,0
coronavirus_like,2,20,3,158,20,20,1
coronavirus_like,2,20,3,159,20,20,1
coronavirus_like,2,20,3,160,20,20,3
coronavirus_like,2,20,3,161,20,20,1
coronavirus_like,2,20,3,162,20,20,4
coronavirus_like,2,20,3,163,20,20,1
coronavirus_like,2,20,3,164,20,20,1
coronavirus_like,2,20,3,165,20,20,7
coronavirus_like,2,20,3,166,20,20,2
coronavirus_like,2,20,3,167,20,20,0
coronavirus_like,2,20,3,168,20,20,0
coronavirus_like,2,20,3,169,20,20,2
coronavirus_like,2,20,3,170,20,20,0
coronavirus_like,2,20,3,171,20,20,2
coronavirus_like,2,20,3,172,20,20,0
coronavirus_like,2,20,3,173,20,20,2
coronavirus_like,2,20,3,174,20,20,3
coronavirus_like,2,20,3,175,20,20,0
coronavirus_like,2,20,3,176,20,20,0
coronavirus_like,2,20,3,177,20,20,4
coronavirus_like,2,20,3,178,20,20,1
coronavirus_like,2,20,3,179,20,20,3
coronavirus_like,2,20,3,180,20,20,0
coronavirus_like,2,20,3,181,20,20,1
coronavirus_like,2,20,3,182,20,20,1
coronavirus_like,2,20,3,183,20,20,1
coronavirus_like,2,20,3,184,20,20,1
coronavirus_like,2,20,3,185,20,20,3
coronavirus_like,2,20,3,186,20,20,2
coronavirus_like,2,20,3,187,20,20,2
coronavirus_like,2,20,3,188,20,20,2
coronavirus_like,2,20,3,189,20,20,2
coronavirus_like,2,20,3,190,20,20,0
coronavirus_like,2,20,3,191,20,20,0
coronavirus_like,2,20,3,192,20,20,1
coronavirus_like,2,20,3,193,20,20,1
coronavirus_like,2,20,3,194,20,20,2
coronavirus_like,2,20,3,195,20,20,2
coronavirus_like,2,20,3,196,20,20,2
coronavirus_like,2,20,3,197,20,20,1
coronavirus_like,2,20,3,198,20,20,2
coronavirus_like,2,20,3,199,20,20,2
coronavirus_like,2,20,3,200,20,20,3
coronavirus_like,2,20,4,0,1,1,1
coronavirus_like,2,20,4,1,1,1,1
coronavirus_like,2,20,4,2,2,2,2
coronavirus_like,2,20,4,3,3,3,2
coronavirus_like,2,20,4,4,4,4,1
coronavirus_like,2,20,4,5,6,6,4
coronavirus_like,2,20,4,6,8,8,8
coronavirus_like,2,20,4,7,11,11,5
coronavirus_like,2,20,4,8,16,16,12
coronavirus_like,2,20,4,9,20,20,11
coronavirus_like,2,20,4,10,20,20,11
coronavirus_like,2,20,4,11,20,20,12
coronavirus_like,2,20,4,12,20,20,11
coronavirus_like,2,20,4,13,20,20,10
coronavirus_like,2,20,4,14,20,20,11
coronavirus_like,2,20,4,15,20,20,10
coronavirus_like,2,20,4,16,20,20,11
coronavirus_like,2,20,4,17,20,20,5
coronavirus_like,2,20,4,18,20,20,3
coronavirus_like,2,20,4,19,20,20,3
coronavirus_like,2,20,4,20,20,20,3
coronavirus_like,2,20,4,21,20,20,3
coronavirus_like,2,20,4,22,20,20,1
coronavirus_like,2,20,4,23,20,20,2
coronavirus_like,2,20,4,24,20,20,2
coronavirus_like,2,20,4,25,20,20,3
coronavirus_like,2,20,4,26,20,20,1
coronavirus_like,2,20,4,27,20,20,6
coronavirus_like,2,20,4,28,20,20,3
coronavirus_like,2,20,4,29,20,20,1
coronavirus_like,2,20,4,30,20,20,1
coronavirus_like,2,20,4,31,20,20,0
coronavirus_like,2,20,4,32,20,20,1
coronavirus_like,2,20,4,33,20,20,3
coronavirus_like,2,20,4,34,20,20,2
coronavirus_like,2,20,4,35,20,20,1
coronavirus_like,2,20,4,36,20,20,1
coronavirus_like,2,20,4,37,20,20,1
coronavirus_like,2,20,4,38,20,20,0
coronavirus_like,2,20,4,39,20,20,2
coronavirus_like,2,20,4,40,20,20,1
coronavirus_like,2,20,4,41,20,20,2
coronavirus_like,2,20,4,42,20,20,1
coronavirus_like,2,20,4,43,20,20,1
coronavirus_like,2,20,4,44,20,20,2
coronavirus_like,2,20,4,45,20,20,0
coronavirus_like,2,20,4,46,20,20,1
coronavirus_like,2,20,4,47,20,20,2
coronavirus_like,2,20,4,48,20,20,1
coronavirus_like,2,20,4,49,20,20,2
coronavirus_like,2,20,4,50,20,20,4
coronavirus_like,2,20,4,51,20,20,1
coronavirus_like,2,20,4,52,20,20,1
coronavirus_like,2,20,4,53,20,20,1
coronavirus_like,2,20,4,54,20,20,0
coronavirus_like,2,20,4,55,20,20,2
coronavirus_like,2,20,4,56,20,20,0
coronavirus_like,2,20,4,57,20,20,0
coronavirus_like,2,20,4,58,20,20,3
coronavirus_like,2,20,4,59,20,20,1
coronavirus_like,2,20,4,60,20,20,2
coronavirus_like,2,20,4,61,20,20,1
coronavirus_like,2,20,4,62,20,20,1
coronavirus_like,2,20,4,63,20,20,1
coronavirus_like,2,20,4,64,20,20,0
coronavirus_like,2,20,4,65,20,20,0
coronavirus_like,2,20,4,66,20,20,1
coronavirus_like,2,20,4,67,20,20,2
coronavirus_like,2,20,4,68,20,20,1
coronavirus_like,2,20,4,69,20,20,1
coronavirus_like,2,20,4,70,20,20,1
coronavirus_like,2,20,4,71,20,20,2
coronavirus_like,2,20,4,72,20,20,3
coronavirus_like,2,20,4,73,20,20,2
coronavirus_like,2,20,4,74,20,20,0
coronavirus_like,2,20,4,75,20,20,2
coronavirus_like,2,20,4,76,20,20,1
coronavirus_like,2,20,4,77,20,20,2
coronavirus_like,2,20,4,78,20,20,2
coronavirus_like,2,20,4,79,20,20,1
coronavirus_like,2,20,4,80,20,20,1
coronavirus_like,2,20,4,81,20,20,1
coronavirus_like,2,20,4,82,20,20,2
coronavirus_like,2,20,4,83,20,20,1
coronavirus_like,2,20,4,84,20,20,1
coronavirus_like,2,20,4,85,20,20,1
coronavirus_like,2,20,4,86,20,20,4
coronavirus_like,2,20,4,87,20,20,1
coronavirus_like,2,20,4,88,20,20,0
coronavirus_like,2,20,4,89,20,20,1
coronavirus_like,2,20,4,90,20,20,0
coronavirus_like,2,20,4,91,20,20,0
coronavirus_like,2,20,4,92,20,20,3
coronavirus_like,2,20,4,93,20,20,2
coronavirus_like,2,20,4,94,20,20,1
coronavirus_like,2,20,4,95,20,20,1
coronavirus_like,2,20,4,96,20,20,4
coronavirus_like,2,20,4,97,20,20,1
coronavirus_like,2,20,4,98,20,20,2
coronavirus_like,2,20,4,99,20,20,3
coronavirus_like,2,20,4,100,20,20,2
coronavirus_like,2,20,4,101,20,20,0
coronavirus_like,2,20,4,102,20,20,1
coronavirus_like,2,20,4,103,20,20,0
coronavirus_like,2,20,4,104,20,20,3
coronavirus_like,2,20,4,105,20,20,2
coronavirus_like,2,20,4,106,20,20,1
coronavirus_like,2,20,4,107,20,20,3
coronavirus_like,2,20,4,108,20,20,1
coronavirus_like,2,20,4,109,20,20,1
coronavirus_like,2,20,4,110,20,20,1
coronavirus_like,2,20,4,111,20,20,0
coronavirus_like,2,20,4,112,20,20,4
coronavirus_like,2,20,4,113,20,20,0
coronavirus_like,2,20,4,114,20,20,3
coronavirus_like,2,20,4,115,20,20,1
coronavirus_like,2,20,4,116,20,20,1
coronavirus_like,2,20,4,117,20,20,0
coronavirus_like,2,20,4,118,20,20,0
coronavirus_like,2,20,4,119,20,20,1
coronavirus_like,2,20,4,120,20,20,4
coronavirus_like,2,20,4,121,20,20,3
coronavirus_like,2,20,4,122,20,20,2
coronavirus_like,2,20,4,123,20,20,1
coronavirus_like,2,20,4,124,20,20,1
coronavirus_like,2,20,4,125,20,20,5
coronavirus_like,2,20,4,126,20,20,1
coronavirus_like,2,20,4,127,20,20,2
coronavirus_like,2,20,4,128,20,20,1
coronavirus_like,2,20,4,129,20,20,0
coronavirus_like,2,20,4,130,20,20,3
coronavirus_like,2,20,4,131,20,20,2
coronavirus_like,2,20,4,132,20,20,0
coronavirus_like,2,20,4,133,20,20,1
coronavirus_like,2,20,4,134,20,20,1
coronavirus_like,2,20,4,135,20,20,1
coronavirus_like,2,20,4,136,20,20,4
coronavirus_like,2,20,4,137,20,20,2
coronavirus_like,2,20,4,138,20,20,1
coronavirus_like,2,20,4,139,20,20,1
coronavirus_like,2,20,4,140,20,20,2
coronavirus_like,2,20,4,141,20,20,0
coronavirus_like,2,20,4,142,20,20,2
coronavirus_like,2,20,4,143,20,20,0
coronavirus_like,2,20,4,144,20,20,2
coronavirus_like,2,20,4,145,20,20,2
coronavirus_like,2,20,4,146,20,20,1
coronavirus_like,2,20,4,147,20,20,1
coronavirus_like,2,20,4,148,20,20,2
coronavirus_like,2,20,4,149,20,20,1
coronavirus_like,2,20,4,150,20,20,3
coronavirus_like,2,20,4,151,20,20,3
coronavirus_like,2,20,4,152,20,20,3
coronavirus_like,2,20,4,153,20,20,1
coronavirus_like,2,20,4,154,20,20,1
coronavirus_like,2,20,4,155,20,20,5
coronavirus_like,2,20,4,156,20,20,2
coronavirus_like,2,20,4,157,20,20,0
coronavirus_like,2,20,4,158,20,20,1
coronavirus_like,2,20,4,159,20,20,1
coronavirus_like,2,20,4,160,20,20,3
coronavirus_like,2,20,4,161,20,20,1
coronavirus_like,2,20,4,162,20,20,4
coronavirus_like,2,20,4,163,20,20,1
coronavirus_like,2,20,4,164,20,20,1
coronavirus_like,2,20,4,165,20,20,7
coronavirus_like,2,20,4,166,20,20,2
coronavirus_like,2,20,4,167,20,20,0
coronavirus_like,2,20,4,168,20,20,0
coronavirus_like,2,20,4,169,20,20,2
coronavirus_like,2,20,4,170,20,20,0
coronavirus_like,2,20,4,171,20,20,2
coronavirus_like,2,20,4,172,20,20,0
coronavirus_like,2,20,4,173,20,20,2
coronavirus_like,2,20,4,174,20,20,3
coronavirus_like,2,20,4,175,20,20,0
coronavirus_like,2,20,4,176,20,20,0
coronavirus_like,2,20,4,177,20,20,4
coronavirus_like,2,20,4,178,20,20,1
coronavirus_like,2,20,4,179,20,20,3
coronavirus_like,2,20,4,180,20,20,0
coronavirus_like,2,20,4,181,20,20,1
coronavirus_like,2,20,4,182,20,20,1
coronavirus_like,2,20,4,183,20,20,1
coronavirus_like,2,20,4,184,20,20,1
coronavirus_like,2,20,4,185,20,20,3
coronavirus_like,2,20,4,186,20,20,2
coronavirus_like,2,20,4,187,20,20,2
coronavirus_like,2,20,4,188,20,20,2
coronavirus_like,2,20,4,189,20,20,2
coronavirus_like,2,20,4,190,20,20,0
coronavirus_like,2,20,4,191,20,20,0
coronavirus_like,2,20,4,192,20,20,1
coronavirus_like,2,20,4,193,20,20,1
coronavirus_like,2,20,4,194,20,20,2
coronavirus_like,2,20,4,195,20,20,2
coronavirus_like,2,20,4,196,20,20,2
coronavirus_like,2,20,4,197,20,20,1
coronavirus_like,2,20,4,198,20,20,2
coronavirus_like,2,20,4,199,20,20,2
coronavirus_like,2,20,4,200,20,20,3
coronavirus_like,2,20,5,0,1,1,1
coronavirus_like,2,20,5,1,1,1,1
coronavirus_like,2,20,5,2,2,2,2
coronavirus_like,2,20,5,3,3,3,2
coronavirus_like,2,20,5,4,4,4,1
coronavirus_like,2,20,5,5,6,6,4
coronavirus_like,2,20,5,6,8,8,8
coronavirus_like,2,20,5,7,11,11,5
coronavirus_like,2,20,5,8,16,16,12
coronavirus_like,2,20,5,9,20,20,11
coronavirus_like,2,20,5,10,20,20,11
coronavirus_like,2,20,5,11,20,20,12
coronavirus_like,2,20,5,12,20,20,11
coronavirus_like,2,20,5,13,20,20,10
coronavirus_like,2,20,5,14,20,20,11
coronavirus_like,2,20,5,15,20,20,10
coronavirus_like,2,20,5,16,20,20,11
coronavirus_like,2,20,5,17,20,20,5
coronavirus_like,2,20,5,18,20,20,3
coronavirus_like,2,20,5,19,20,20,3
coronavirus_like,2,20,5,20,20,20,3
coronavirus_like,2,20,5,21,20,20,3
coronavirus_like,2,20,5,22,20,20,1
coronavirus_like,2,20,5,23,20,20,2
coronavirus_like,2,20,5,24,20,20,2
coronavirus_like,2,20,5,25,20,20,3
coronavirus_like,2,20,5,26,20,20,1
coronavirus_like,2,20,5,27,20,20,6
coronavirus_like,2,20,5,28,20,20,3
coronavirus_like,2,20,5,29,20,20,1
coronavirus_like,2,20,5,30,20,20,1
coronavirus_like,2,20,5,31,20,20,0
coronavirus_like,2,20,5,32,20,20,1
coronavirus_like,2,20,5,33,20,20,3
coronavirus_like,2,20,5,34,20,20,2
coronavirus_like,2,20,5,35,20,20,1
coronavirus_like,2,20,5,36,20,20,1
coronavirus_like,2,20,5,37,20,20,1
coronavirus_like,2,20,5,38,20,20,0
coronavirus_like,2,20,5,39,20,20,2
coronavirus_like,2,20,5,40,20,20,1
coronavirus_like,2,20,5,41,20,20,2
coronavirus_like,2,20,5,42,20,20,1
coronavirus_like,2,20,5,43,20,20,1
coronavirus_like,2,20,5,44,20,20,2
coronavirus_like,2,20,5,45,20,20,0
coronavirus_like,2,20,5,46,20,20,1
coronavirus_like,2,20,5,47,20,20,2
coronavirus_like,2,20,5,48,20,20,1
coronavirus_like,2,20,5,49,20,20,2
coronavirus_like,2,20,5,50,20,20,4
coronavirus_like,2,20,5,51,20,20,1
coronavirus_like,2,20,5,52,20,20,1
coronavirus_like,2,20,5,53,20,20,1
coronavirus_like,2,20,5,54,20,20,0
coronavirus_like,2,20,5,55,20,20,2
coronavirus_like,2,20,5,56,20,20,0
coronavirus_like,2,20,5,57,20,20,0
coronavirus_like,2,20,5,58,20,20,3
coronavirus_like,2,20,5,59,20,20,1
coronavirus_like,2,20,5,60,20,20,2
coronavirus_like,2,20,5,61,20,20,1
coronavirus_like,2,20,5,62,20,20,1
coronavirus_like,2,20,5,63,20,20,1
coronavirus_like,2,20,5,64,20,20,0
coronavirus_like,2,20,5,65,20,20,0
coronavirus_like,2,20,5,66,20,20,1
coronavirus_like,2,20,5,67,20,20,2
coronavirus_like,2,20,5,68,20,20,1
coronavirus_like,2,20,5,69,20,20,1
coronavirus_like,2,20,5,70,20,20,1
coronavirus_like,2,20,5,71,20,20,2
coronavirus_like,2,20,5,72,20,20,3
coronavirus_like,2,20,5,73,20,20,2
coronavirus_like,2,20,5,74,20,20,0
coronavirus_like,2,20,5,75,20,20,2
coronavirus_like,2,20,5,76,20,20,1
coronavirus_like,2,20,5,77,20,20,2
coronavirus_like,2,20,5,78,20,20,2
coronavirus_like,2,20,5,79,20,20,1
coronavirus_like,2,20,5,80,20,20,1
coronavirus_like,2,20,5,81,20,20,1
coronavirus_like,2,20,5,82,20,20,2
coronavirus_like,2,20,5,83,20,20,1
coronavirus_like,2,20,5,84,20,20,1
coronavirus_like,2,20,5,85,20,20,1
coronavirus_like,2,20,5,86,20,20,4
coronavirus_like,2,20,5,87,20,20,1
coronavirus_like,2,20,5,88,20,20,0
coronavirus_like,2,20,5,89,20,20,1
coronavirus_like,2,20,5,90,20,20,0
coronavirus_like,2,20,5,91,20,20,0
coronavirus_like,2,20,5,92,20,20,3
coronavirus_like,2,20,5,93,20,20,2
coronavirus_like,2,20,5,94,20,20,1
coronavirus_like,2,20,5,95,20,20,1
coronavirus_like,2,20,5,96,20,20,4
coronavirus_like,2,20,5,97,20,20,1
coronavirus_like,2,20,5,98,20,20,2
coronavirus_like,2,20,5,99,20,20,3
coronavirus_like,2,20,5,100,20,20,2
coronavirus_like,2,20,5,101,20,20,0
coronavirus_like,2,20,5,102,20,20,1
coronavirus_like,2,20,5,103,20,20,0
coronavirus_like,2,20,5,104,20,20,3
coronavirus_like,2,20,5,105,20,20,2
coronavirus_like,2,20,5,106,20,20,1
coronavirus_like,2,20,5,107,20,20,3
coronavirus_like,2,20,5,108,20,20,1
coronavirus_like,2,20,5,109,20,20,1
coronavirus_like,2,20,5,110,20,20,1
coronavirus_like,2,20,5,111,20,20,0
coronavirus_like,2,20,5,112,20,20,4
coronavirus_like,2,20,5,113,20,20,0
coronavirus_like,2,20,5,114,20,20,3
coronavirus_like,2,20,5,115,20,20,1
coronavirus_like,2,20,5,116,20,20,1
coronavirus_like,2,20,5,117,20,20,0
coronavirus_like,2,20,5,118,20,20,0
coronavirus_like,2,20,5,119,20,20,1
coronavirus_like,2,20,5,120,20,20,4
coronavirus_like,2,20,5,121,20,20,3
coronavirus_like,2,20,5,122,20,20,2
coronavirus_like,2,20,5,123,20,20,1
coronavirus_like,2,20,5,124,20,20,1
coronavirus_like,2,20,5,125,20,20,5
coronavirus_like,2,20,5,126,20,20,1
coronavirus_like,2,20,5,127,20,20,2
coronavirus_like,2,20,5,128,20,20,1
coronavirus_like,2,20,5,129,20,20,0
coronavirus_like,2,20,5,130,20,20,3
coronavirus_like,2,20,5,131,20,20,2
coronavirus_like,2,20,5,132,20,20,0
coronavirus_like,2,20,5,133,20,20,1
coronavirus_like,2,20,5,134,20,20,1
coronavirus_like,2,20,5,135,20,20,1
coronavirus_like,2,20,5,136,20,20,4
coronavirus_like,2,20,5,137,20,20,2
coronavirus_like,2,20,5,138,20,20,1
coronavirus_like,2,20,5,139,20,20,1
coronavirus_like,2,20,5,140,20,20,2
coronavirus_like,2,20,5,141,20,20,0
coronavirus_like,2,20,5,142,20,20,2
coronavirus_like,2,20,5,143,20,20,0
coronavirus_like,2,20,5,144,20,20,2
coronavirus_like,2,20,5,145,20,20,2
coronavirus_like,2,20,5,146,20,20,1
coronavirus_like,2,20,5,147,20,20,1
coronavirus_like,2,20,5,148,20,20,2
coronavirus_like,2,20,5,149,20,20,1
coronavirus_like,2,20,5,150,20,20,3
coronavirus_like,2,20,5,151,20,20,3
coronavirus_like,2,20,5,152,20,20,3
coronavirus_like,2,20,5,153,20,20,1
coronavirus_like,2,20,5,154,20,20,1
coronavirus_like,2,20,5,155,20,20,5
coronavirus_like,2,20,5,156,20,20,2
coronavirus_like,2,20,5,157,20,20,0
coronavirus_like,2,20,5,158,20,20,1
coronavirus_like,2,20,5,159,20,20,1
coronavirus_like,2,20,5,160,20,20,3
coronavirus_like,2,20,5,161,20,20,1
coronavirus_like,2,20,5,162,20,20,4
coronavirus_like,2,20,5,163,20,20,1
coronavirus_like,2,20,5,164,20,20,1
coronavirus_like,2,20,5,165,20,20,7
coronavirus_like,2,20,5,166,20,20,2
coronavirus_like,2,20,5,167,20,20,0
coronavirus_like,2,20,5,168,20,20,0
coronavirus_like,2,20,5,169,20,20,2
coronavirus_like,2,20,5,170,20,20,0
coronavirus_like,2,20,5,171,20,20,2
coronavirus_like,2,20,5,172,20,20,0
coronavirus_like,2,20,5,173,20,20,2
coronavirus_like,2,20,5,174,20,20,3
coronavirus_like,2,20,5,175,20,20,0
coronavirus_like,2,20,5,176,20,20,0
coronavirus_like,2,20,5,177,20,20,4
coronavirus_like,2,20,5,178,20,20,1
coronavirus_like,2,20,5,179,20,20,3
coronavirus_like,2,20,5,180,20,20,0
coronavirus_like,2,20,5,181,20,20,1
coronavirus_like,2,20,5,182,20,20,1
coronavirus_like,2,20,5,183,20,20,1
coronavirus_like,2,20,5,184,20,20,1
coronavirus_like,2,20,5,185,20,20,3
coronavirus_like,2,20,5,186,20,20,2
coronavirus_like,2,20,5,187,20,20,2
coronavirus_like,2,20,5,188,20,20,2
coronavirus_like,2,20,5,189,20,20,2
coronavirus_like,2,20,5,190,20,20,0
coronavirus_like,2,20,5,191,20,20,0
coronavirus_like,2,20,5,192,20,20,1
coronavirus_like,2,20,5,193,20,20,1
coronavirus_like,2,20,5,194,20,20,2
coronavirus_like,2,20,5,195,20,20,2
coronavirus_like,2,20,5,196,20,20,2
coronavirus_like,2,20,5,197,20,20,1
coronavirus_like,2,20,5,198,20,20,2
coronavirus_like,2,20,5,199,20,20,2
coronavirus_like,2,20,5,200,20,20,3
coronavirus_like,2,100,3,0,1,1,1
coronavirus_like,2,100,3,1,1,1,1
coronavirus_like,2,100,3,2,2,2,2
coronavirus_like,2,100,3,3,3,3,2
coronavirus_like,2,100,3,4,4,4,1
coronavirus_like,2,100,3,5,6,6,4
coronavirus_like,2,100,3,6,8,8,8
coronavirus_like,2,100,3,7,11,11,5
coronavirus_like,2,100,3,8,16,16,12
coronavirus_like,2,100,3,9,22,22,12
coronavirus_like,2,100,3,10,32,32,23
coronavirus_like,2,100,3,11,45,45,34
coronavirus_like,2,100,3,12,63,63,43
coronavirus_like,2,100,3,13,89,89,69
coronavirus_like,2,100,3,14,100,100,74
coronavirus_like,2,100,3,15,100,100,58
coronavirus_like,2,100,3,16,100,100,64
coronavirus_like,2,100,3,17,100,100,59
coronavirus_like,2,100,3,18,100,100,44
coronavirus_like,2,100,3,19,100,100,48
coronavirus_like,2,100,3,20,100,100,36
coronavirus_like,2,100,3,21,100,100,29
coronavirus_like,2,100,3,22,100,100,38
coronavirus_like,2,100,3,23,100,100,30
coronavirus_like,2,100,3,24,100,100,34
coronavirus_like,2,100,3,25,100,100,21
coronavirus_like,2,100,3,26,100,100,27
coronavirus_like,2,100,3,27,100,100,28
coronavirus_like,2,100,3,28,100,100,29
coronavirus_like,2,100,3,29,100,100,25
coronavirus_like,2,100,3,30,100,100,23
coronavirus_like,2,100,3,31,100,100,22
coronavirus_like,2,100,3,32,100,100,21
coronavirus_like,2,100,3,33,100,100,33
coronavirus_like,2,100,3,34,100,100,22
coronavirus_like,2,100,3,35,100,100,18
coronavirus_like,2,100,3,36,100,100,24
coronavirus_like,2,100,3,37,100,100,18
coronavirus_like,2,100,3,38,100,100,29
coronavirus_like,2,100,3,39,100,100,18
coronavirus_like,2,100,3,40,100,100,20
coronavirus_like,2,100,3,41,100,100,25
coronavirus_like,2,100,3,42,100,100,30
coronavirus_like,2,100,3,43,100,100,16
coronavirus_like,2,100,3,44,100,100,23
coronavirus_like,2,100,3,45,100,100,24
coronavirus_like,2,100,3,46,100,100,31
coronavirus_like,2,100,3,47,100,100,30
coronavirus_like,2,100,3,48,100,100,24
coronavirus_like,2,100,3,49,100,100,24
coronavirus_like,2,100,3,50,100,100,28
coronavirus_like,2,100,3,51,100,100,18
coronavirus_like,2,100,3,52,100,100,19
coronavirus_like,2,100,3,53,100,100,26
coronavirus_like,2,100,3,54,100,100,22
coronavirus_like,2,100,3,55,100,100,22
coronavirus_like,2,100,3,56,100,100,29
coronavirus_like,2,100,3,57,100,100,29
coronavirus_like,2,100,3,58,100,100,22
coronavirus_like,2,100,3,59,100,100,28
coronavirus_like,2,100,3,60,100,100,19
coronavirus_like,2,100,3,61,100,100,23
coronavirus_like,2,100,3,62,100,100,19
coronavirus_like,2,100,3,63,100,100,27
coronavirus_like,2,100,3,64,100,100,24
coronavirus_like,2,100,3,65,100,100,27
coronavirus_like,2,100,3,66,100,100,33
coronavirus_like,2,100,3,67,100,100,24
coronavirus_like,2,100,3,68,100,100,24
coronavirus_like,2,100,3,69,100,100,14
coronavirus_like,2,100,3,70,100,100,22
coronavirus_like,2,100,3,71,100,100,23
coronavirus_like,2,100,3,72,100,100,25
coronavirus_like,2,100,3,73,100,100,23
coronavirus_like,2,100,3,74,100,100,21
coronavirus_like,2,100,3,75,100,100,28
coronavirus_like,2,100,3,76,100,100,33
coronavirus_like,2,100,3,77,100,100,27
coronavirus_like,2,100,3,78,100,100,19
coronavirus_like,2,100,3,79,100,100,29
coronavirus_like,2,100,3,80,100,100,28
coronavirus_like,2,100,3,81,100,100,32
coronavirus_like,2,100,3,82,100,100,23
coronavirus_like,2,100,3,83,100,100,33
coronavirus_like,2,100,3,84,100,100,19
coronavirus_like,2,100,3,85,100,100,25
coronavirus_like,2,100,3,86,100,100,22
coronavirus_like,2,100,3,87,100,100,27
coronavirus_like,2,100,3,88,100,100,28
coronavirus_like,2,100,3,89,100,100,23
coronavirus_like,2,100,3,90,100,100,22
coronavirus_like,2,100,3,91,100,100,26
coronavirus_like,2,100,3,92,100,100,20
coronavirus_like,2,100,3,93,100,100,29
coronavirus_like,2,100,3,94,100,100,20
coronavirus_like,2,100,3,95,100,100,21
coronavirus_like,2,100,3,96,100,100,32
coronavirus_like,2,100,3,97,100,100,24
coronavirus_like,2,100,3,98,100,100,21
coronavirus_like,2,100,3,99,100,100,30
coronavirus_like,2,100,3,100,100,100,26
coronavirus_like,2,100,3,101,100,100,22
coronavirus_like,2,100,3,102,100,100,24
coronavirus_like,2,100,3,103,100,100,27
coronavirus_like,2,100,3,104,100,100,27
coronavirus_like,2,100,3,105,100,100,25
coronavirus_like,2,100,3,106,100,100,27
coronavirus_like,2,100,3,107,100,100,30
coronavirus_like,2,100,3,108,100,100,20
coronavirus_like,2,100,3,109,100,100,25
coronavirus_like,2,100,3,110,100,100,25
coronavirus_like,2,100,3,111,100,100,23
coronavirus_like,2,100,3,112,100,100,26
coronavirus_like,2,100,3,113,100,100,27
coronavirus_like,2,100,3,114,100,100,23
coronavirus_like,2,100,3,115,100,100,16
coronavirus_like,2,100,3,116,100,100,23
coronavirus_like,2,100,3,117,100,100,26
coronavirus_like,2,100,3,118,100,100,27
coronavirus_like,2,100,3,119,100,100,32
coronavirus_like,2,100,3,120,100,100,37
coronavirus_like,2,100,3,121,100,100,29
coronavirus_like,2,100,3,122,100,100,36
coronavirus_like,2,100,3,123,100,100,24
coronavirus_like,2,100,3,124,100,100,31
coronavirus_like,2,100,3,125,100,100,23
coronavirus_like,2,100,3,126,100,100,26
coronavirus_like,2,100,3,127,100,100,16
coronavirus_like,2,100,3,128,100,100,18
coronavirus_like,2,100,3,129,100,100,19
coronavirus_like,2,100,3,130,100,100,28
coronavirus_like,2,100,3,131,100,100,21
coronavirus_like,2,100,3,132,100,100,25
coronavirus_like,2,100,3,133,100,100,30
coronavirus_like,2,100,3,134,100,100,21
coronavirus_like,2,100,3,135,100,100,32
coronavirus_like,2,100,3,136,100,100,32
coronavirus_like,2,100,3,137,100,100,23
coronavirus_like,2,100,3,138,100,100,29
coronavirus_like,2,100,3,139,100,100,19
coronavirus_like,2,100,3,140,100,100,34
coronavirus_like,2,100,3,141,100,100,21
coronavirus_like,2,100,3,142,100,100,27
coronavirus_like,2,100,3,143,100,100,15
coronavirus_like,2,100,3,144,100,100,33
coronavirus_like,2,100,3,145,100,100,22
coronavirus_like,2,100,3,146,100,100,22
coronavirus_like,2,100,3,147,100,100,23
coronavirus_like,2,100,3,148,100,100,29
coronavirus_like,2,100,3,149,100,100,23
coronavirus_like,2,100,3,150,100,100,29
coronavirus_like,2,100,3,151,100,100,30
coronavirus_like,2,100,3,152,100,100,21
coronavirus_like,2,100,3,153,100,100,24
coronavirus_like,2,100,3,154,100,100,23
coronavirus_like,2,100,3,155,100,100,22
coronavirus_like,2,100,3,156,100,100,25
coronavirus_like,2,100,3,157,100,100,22
coronavirus_like,2,100,3,158,100,100,25
coronavirus_like,2,100,3,159,100,100,29
coronavirus_like,2,100,3,160,100,100,25
coronavirus_like,2,100,3,161,100,100,26
coronavirus_like,2,100,3,162,100,100,39
coronavirus_like,2,100,3,163,100,100,18
coronavirus_like,2,100,3,164,100,100,24
coronavirus_like,2,100,3,165,100,100,34
coronavirus_like,2,100,3,166,100,100,27
coronavirus_like,2,100,3,167,100,100,25
coronavirus_like,2,100,3,168,100,100,17
coronavirus_like,2,100,3,169,100,100,17
coronavirus_like,2,100,3,170,100,100,18
coronavirus_like,2,100,3,171,100,100,23
coronavirus_like,2,100,3,172,100,100,28
coronavirus_like,2,100,3,173,100,100,34
coronavirus_like,2,100,3,174,100,100,29
coronavirus_like,2,100,3,175,100,100,29
coronavirus_like,2,100,3,176,100,100,25
coronavirus_like,2,100,3,177,100,100,24
coronavirus_like,2,100,3,178,100,100,25
coronavirus_like,2,100,3,179,100,100,28
coronavirus_like,2,100,3,180,100,100,32
coronavirus_like,2,100,3,181,100,100,26
coronavirus_like,2,100,3,182,100,100,28
coronavirus_like,2,100,3,183,100,100,27
coronavirus_like,2,100,3,184,100,100,25
coronavirus_like,2,100,3,185,100,100,34
coronavirus_like,2,100,3,186,100,100,26
coronavirus_like,2,100,3,187,100,100,25
coronavirus_like,2,100,3,188,100,100,22
coronavirus_like,2,100,3,189,100,100,33
coronavirus_like,2,100,3,190,100,100,35
coronavirus_like,2,100,3,191,100,100,33
coronavirus_like,2,100,3,192,100,100,25
coronavirus_like,2,100,3,193,100,100,32
coronavirus_like,2,100,3,194,100,100,27
coronavirus_like,2,100,3,195,100,100,31
coronavirus_like,2,100,3,196,100,100,21
coronavirus_like,2,100,3,197,100,100,29
coronavirus_like,2,100,3,198,100,100,26
coronavirus_like,2,100,3,199,100,100,31
coronavirus_like,2,100,3,200,100,100,36
coronavirus_like,2,100,4,0,1,1,1
coronavirus_like,2,100,4,1,1,1,1
coronavirus_like,2,100,4,2,2,2,2
coronavirus_like,2,100,4,3,3,3,2
coronavirus_like,2,100,4,4,4,4,1
coronavirus_like,2,100,4,5,6,6,4
coronavirus_like,2,100,4,6,8,8,8
coronavirus_like,2,100,4,7,11,11,5
coronavirus_like,2,100,4,8,16,16,12
coronavirus_like,2,100,4,9,22,22,12
coronavirus_like,2,100,4,10,32,32,23
coronavirus_like,2,100,4,11,45,45,34
coronavirus_like,2,100,4,12,63,63,43
coronavirus_like,2,100,4,13,89,89,69
coronavirus_like,2,100,4,14,100,100,74
coronavirus_like,2,100,4,15,100,100,58
coronavirus_like,2,100,4,16,100,100,64
coronavirus_like,2,100,4,17,100,100,59
coronavirus_like,2,100,4,18,100,100,44
coronavirus_like,2,100,4,19,100,100,48
coronavirus_like,2,100,4,20,100,100,36
coronavirus_like,2,100,4,21,100,100,29
coronavirus_like,2,100,4,22,100,100,38
coronavirus_like,2,100,4,23,100,100,30
coronavirus_like,2,100,4,24,100,100,34
coronavirus_like,2,100,4,25,100,100,21
coronavirus_like,2,100,4,26,100,100,27
coronavirus_like,2,100,4,27,100,100,28
coronavirus_like,2,100,4,28,100,100,29
coronavirus_like,2,100,4,29,100,100,25
coronavirus_like,2,100,4,30,100,100,23
coronavirus_like,2,100,4,31,100,100,22
coronavirus_like,2,100,4,32,100,100,21
coronavirus_like,2,100,4,33,100,100,33
coronavirus_like,2,100,4,34,100,100,22
coronavirus_like,2,100,4,35,100,100,18
coronavirus_like,2,100,4,36,100,100,24
coronavirus_like,2,100,4,37,100,100,18
coronavirus_like,2,100,4,38,100,100,29
coronavirus_like,2,100,4,39,100,100,18
coronavirus_like,2,100,4,40,100,100,20
coronavirus_like,2,100,4,41,100,100,25
coronavirus_like,2,100,4,42,100,100,30
coronavirus_like,2,100,4,43,100,100,16
coronavirus_like,2,100,4,44,100,100,23
coronavirus_like,2,100,4,45,100,100,24
coronavirus_like,2,100,4,46,100,100,31
coronavirus_like,2,100,4,47,100,100,30
coronavirus_like,2,100,4,48,100,100,24
coronavirus_like,2,100,4,49,100,100,24
coronavirus_like,2,100,4,50,100,100,28
coronavirus_like,2,100,4,51,100,100,18
coronavirus_like,2,100,4,52,100,100,19
coronavirus_like,2,100,4,53,100,100,26
coronavirus_like,2,100,4,54,100,100,22
coronavirus_like,2,100,4,55,100,100,22
coronavirus_like,2,100,4,56,100,100,29
coronavirus_like,2,100,4,57,100,100,29
coronavirus_like,2,100,4,58,100,100,22
coronavirus_like,2,100,4,59,100,100,28
coronavirus_like,2,100,4,60,100,100,19
coronavirus_like,2,100,4,61,100,100,23
coronavirus_like,2,100,4,62,100,100,19
coronavirus_like,2,100,4,63,100,100,27
coronavirus_like,2,100,4,64,100,100,24
coronavirus_like,2,100,4,65,100,100,27
coronavirus_like,2,100,4,66,100,100,33
coronavirus_like,2,100,4,67,100,100,24
coronavirus_like,2,100,4,68,100,100,24
coronavirus_like,2,100,4,69,100,100,14
coronavirus_like,2,100,4,70,100,100,22
coronavirus_like,2,100,4,71,100,100,23
coronavirus_like,2,100,4,72,100,100,25
coronavirus_like,2,100,4,73,100,100,23
coronavirus_like,2,100,4,74,100,100,21
coronavirus_like,2,100,4,75,100,100,28
coronavirus_like,2,100,4,76,100,100,33
coronavirus_like,2,100,4,77,100,100,27
coronavirus_like,2,100,4,78,100,100,19
coronavirus_like,2,100,4,79,100,100,29
coronavirus_like,2,100,4,80,100,100,28
coronavirus_like,2,100,4,81,100,100,32
coronavirus_like,2,100,4,82,100,100,23
coronavirus_like,2,100,4,83,100,100,33
coronavirus_like,2,100,4,84,100,100,19
coronavirus_like,2,100,4,85,100,100,25
coronavirus_like,2,100,4,86,100,100,22
coronavirus_like,2,100,4,87,100,100,27
coronavirus_like,2,100,4,88,100,100,28
coronavirus_like,2,100,4,89,100,100,23
coronavirus_like,2,100,4,90,100,100,22
coronavirus_like,2,100,4,91,100,100,26
coronavirus_like,2,100,4,92,100,100,20
coronavirus_like,2,100,4,93,100,100,29
coronavirus_like,2,100,4,94,100,100,20
coronavirus_like,2,100,4,95,100,100,21
coronavirus_like,2,100,4,96,100,100,32
coronavirus_like,2,100,4,97,100,100,24
coronavirus_like,2,100,4,98,100,100,21
coronavirus_like,2,100,4,99,100,100,30
coronavirus_like,2,100,4,100,100,100,26
coronavirus_like,2,100,4,101,100,100,22
coronavirus_like,2,100,4,102,100,100,24
coronavirus_like,2,100,4,103,100,100,27
coronavirus_like,2,100,4,104,100,100,27
coronavirus_like,2,100,4,105,100,100,25
coronavirus_like,2,100,4,106,100,100,27
coronavirus_like,2,100,4,107,100,100,30
coronavirus_like,2,100,4,108,100,100,20
coronavirus_like,2,100,4,109,100,100,25
coronavirus_like,2,100,4,110,100,100,25
coronavirus_like,2,100,4,111,100,100,23
coronavirus_like,2,100,4,112,100,100,26
coronavirus_like,2,100,4,113,100,100,27
coronavirus_like,2,100,4,114,100,100,23
coronavirus_like,2,100,4,115,100,100,16
coronavirus_like,2,100,4,116,100,100,23
coronavirus_like,2,100,4,117,100,100,26
coronavirus_like,2,100,4,118,100,100,27
coronavirus_like,2,100,4,119,100,100,32
coronavirus_like,2,100,4,120,100,100,37
coronavirus_like,2,100,4,121,100,100,29
coronavirus_like,2,100,4,122,100,100,36
coronavirus_like,2,100,4,123,100,100,24
coronavirus_like,2,100,4,124,100,100,31
coronavirus_like,2,100,4,125,100,100,23
coronavirus_like,2,100,4,126,100,100,26
coronavirus_like,2,100,4,127,100,100,16
coronavirus_like,2,100,4,128,100,100,18
coronavirus_like,2,100,4,129,100,100,19
coronavirus_like,2,100,4,130,100,100,28
coronavirus_like,2,100,4,131,100,100,21
coronavirus_like,2,100,4,132,100,100,25
coronavirus_like,2,100,4,133,100,100,30
coronavirus_like,2,100,4,134,100,100,21
coronavirus_like,2,100,4,135,100,100,32
coronavirus_like,2,100,4,136,100,100,32
coronavirus_like,2,100,4,137,100,100,23
coronavirus_like,2,100,4,138,100,100,29
coronavirus_like,2,100,4,139,100,100,19
coronavirus_like,2,100,4,140,100,100,34
coronavirus_like,2,100,4,141,100,100,21
coronavirus_like,2,100,4,142,100,100,27
coronavirus_like,2,100,4,143,100,100,15
coronavirus_like,2,100,4,144,100,100,33
coronavirus_like,2,100,4,145,100,100,22
coronavirus_like,2,100,4,146,100,100,22
coronavirus_like,2,100,4,147,100,100,23
coronavirus_like,2,100,4,148,100,100,29
coronavirus_like,2,100,4,149,100,100,23
coronavirus_like,2,100,4,150,100,100,29
coronavirus_like,2,100,4,151,100,100,30
coronavirus_like,2,100,4,152,100,100,21
coronavirus_like,2,100,4,153,100,100,24
coronavirus_like,2,100,4,154,100,100,23
coronavirus_like,2,100,4,155,100,100,22
coronavirus_like,2,100,4,156,100,100,25
coronavirus_like,2,100,4,157,100,100,22
coronavirus_like,2,100,4,158,100,100,25
coronavirus_like,2,100,4,159,100,100,29
coronavirus_like,2,100,4,160,100,100,25
coronavirus_like,2,100,4,161,100,100,26
coronavirus_like,2,100,4,162,100,100,39
coronavirus_like,2,100,4,163,100,100,18
coronavirus_like,2,100,4,164,100,100,24
coronavirus_like,2,100,4,165,100,100,34
coronavirus_like,2,100,4,166,100,100,27
coronavirus_like,2,100,4,167,100,100,25
coronavirus_like,2,100,4,168,100,100,17
coronavirus_like,2,100,4,169,100,100,17
coronavirus_like,2,100,4,170,100,100,18
coronavirus_like,2,100,4,171,100,100,23
coronavirus_like,2,100,4,172,100,100,28
coronavirus_like,2,100,4,173,100,100,34
coronavirus_like,2,100,4,174,100,100,29
coronavirus_like,2,100,4,175,100,100,29
coronavirus_like,2,100,4,176,100,100,25
coronavirus_like,2,100,4,177,100,100,24
coronavirus_like,2,100,4,178,100,100,25
coronavirus_like,2,100,4,179,100,100,28
coronavirus_like,2,100,4,180,100,100,32
coronavirus_like,2,100,4,181,100,100,26
coronavirus_like,2,100,4,182,100,100,28
coronavirus_like,2,100,4,183,100,100,27
coronavirus_like,2,100,4,184,100,100,25
coronavirus_like,2,100,4,185,100,100,34
coronavirus_like,2,100,4,186,100,100,26
coronavirus_like,2,100,4,187,100,100,25
coronavirus_like,2,100,4,188,100,100,22
coronavirus_like,2,100,4,189,100,100,33
coronavirus_like,2,100,4,190,100,100,35
coronavirus_like,2,100,4,191,100,100,33
coronavirus_like,2,100,4,192,100,100,25
coronavirus_like,2,100,4,193,100,100,32
coronavirus_like,2,100,4,194,100,100,27
coronavirus_like,2,100,4,195,100,100,31
coronavirus_like,2,100,4,196,100,100,21
coronavirus_like,2,100,4,197,100,100,29
coronavirus_like,2,100,4,198,100,100,26
coronavirus_like,2,100,4,199,100,100,31
coronavirus_like,2,100,4,200,100,100,36
coronavirus_like,2,100,5,0,1,1,1
coronavirus_like,2,100,5,1,1,1,1
coronavirus_like,2,100,5,2,2,2,2
coronavirus_like,2,100,5,3,3,3,2
coronavirus_like,2,100,5,4,4,4,1
coronavirus_like,2,100,5,5,6,6,4
coronavirus_like,2,100,5,6,8,8,8
coronavirus_like,2,100,5,7,11,11,5
coronavirus_like,2,100,5,8,16,16,12
coronavirus_like,2,100,5,9,22,22,12
coronavirus_like,2,100,5,10,32,32,23
coronavirus_like,2,100,5,11,45,45,34
coronavirus_like,2,100,5,12,63,63,43
coronavirus_like,2,100,5,13,89,89,69
coronavirus_like,2,100,5,14,100,100,74
coronavirus_like,2,100,5,15,100,100,58
coronavirus_like,2,100,5,16,100,100,64
coronavirus_like,2,100,5,17,100,100,59
coronavirus_like,2,100,5,18,100,100,44
coronavirus_like,2,100,5,19,100,100,48
coronavirus_like,2,100,5,20,100,100,36
coronavirus_like,2,100,5,21,100,100,29
coronavirus_like,2,100,5,22,100,100,38
coronavirus_like,2,100,5,23,100,100,30
coronavirus_like,2,100,5,24,100,100,34
coronavirus_like,2,100,5,25,100,100,21
coronavirus_like,2,100,5,26,100,100,27
coronavirus_like,2,100,5,27,100,100,28
coronavirus_like,2,100,5,28,100,100,29
coronavirus_like,2,100,5,29,100,100,25
coronavirus_like,2,100,5,30,100,100,23
coronavirus_like,2,100,5,31,100,100,22
coronavirus_like,2,100,5,32,100,100,21
coronavirus_like,2,100,5,33,100,100,33
coronavirus_like,2,100,5,34,100,100,22
coronavirus_like,2,100,5,35,100,100,18
coronavirus_like,2,100,5,36,100,100,24
coronavirus_like,2,100,5,37,100,100,18
coronavirus_like,2,100,5,38,100,100,29
coronavirus_like,2,100,5,39,100,100,18
coronavirus_like,2,100,5,40,100,100,20
coronavirus_like,2,100,5,41,100,100,25
coronavirus_like,2,100,5,42,100,100,30
coronavirus_like,2,100,5,43,100,100,16
coronavirus_like,2,100,5,44,100,100,23
coronavirus_like,2,100,5,45,100,100,24
coronavirus_like,2,100,5,46,100,100,31
coronavirus_like,2,100,5,47,100,100,30
coronavirus_like,2,100,5,48,100,100,24
coronavirus_like,2,100,5,49,100,100,24
coronavirus_like,2,100,5,50,100,100,28
coronavirus_like,2,100,5,51,100,100,18
coronavirus_like,2,100,5,52,100,100,19
coronavirus_like,2,100,5,53,100,100,26
coronavirus_like,2,100,5,54,100,100,22
coronavirus_like,2,100,5,55,100,100,22
coronavirus_like,2,100,5,56,100,100,29
coronavirus_like,2,100,5,57,100,100,29
coronavirus_like,2,100,5,58,100,100,22
coronavirus_like,2,100,5,59,100,100,28
coronavirus_like,2,100,5,60,100,100,19
coronavirus_like,2,100,5,61,100,100,23
coronavirus_like,2,100,5,62,100,100,19
coronavirus_like,2,100,5,63,100,100,27
coronavirus_like,2,100,5,64,100,100,24
coronavirus_like,2,100,5,65,100,100,27
coronavirus_like,2,100,5,66,100,100,33
coronavirus_like,2,100,5,67,100,100,24
coronavirus_like,2,100,5,68,100,100,24
coronavirus_like,2,100,5,69,100,100,14
coronavirus_like,2,100,5,70,100,100,22
coronavirus_like,2,100,5,71,100,100,23
coronavirus_like,2,100,5,72,100,100,25
coronavirus_like,2,100,5,73,100,100,23
coronavirus_like,2,100,5,74,100,100,21
coronavirus_like,2,100,5,75,100,100,28
coronavirus_like,2,100,5,76,100,100,33
coronavirus_like,2,100,5,77,100,100,27
coronavirus_like,2,100,5,78,100,100,19
coronavirus_like,2,100,5,79,100,100,29
coronavirus_like,2,100,5,80,100,100,28
coronavirus_like,2,100,5,81,100,100,32
coronavirus_like,2,100,5,82,100,100,23
coronavirus_like,2,100,5,83,100,100,33
coronavirus_like,2,100,5,84,100,100,19
coronavirus_like,2,100,5,85,100,100,25
coronavirus_like,2,100,5,86,100,100,22
coronavirus_like,2,100,5,87,100,100,27
coronavirus_like,2,100,5,88,100,100,28
coronavirus_like,2,100,5,89,100,100,23
coronavirus_like,2,100,5,90,100,100,22
coronavirus_like,2,100,5,91,100,100,26
coronavirus_like,2,100,5,92,100,100,20
coronavirus_like,2,100,5,93,100,100,29
coronavirus_like,2,100,5,94,100,100,20
coronavirus_like,2,100,5,95,100,100,21
coronavirus_like,2,100,5,96,100,100,32
coronavirus_like,2,100,5,97,100,100,24
coronavirus_like,2,100,5,98,100,100,21
coronavirus_like,2,100,5,99,100,100,30
coronavirus_like,2,100,5,100,100,100,26
coronavirus_like,2,100,5,101,100,100,22
coronavirus_like,2,100,5,102,100,100,24
coronavirus_like,2,100,5,103,100,100,27
coronavirus_like,2,100,5,104,100,100,27
coronavirus_like,2,100,5,105,100,100,25
coronavirus_like,2,100,5,106,100,100,27
coronavirus_like,2,100,5,107,100,100,30
coronavirus_like,2,100,5,108,100,100,20
coronavirus_like,2,100,5,109,100,100,25
coronavirus_like,2,100,5,110,100,100,25
coronavirus_like,2,100,5,111,100,100,23
coronavirus_like,2,100,5,112,100,100,26
coronavirus_like,2,100,5,113,100,100,27
coronavirus_like,2,100,5,114,100,100,23
coronavirus_like,2,100,5,115,100,100,16
coronavirus_like,2,100,5,116,100,100,23
coronavirus_like,2,100,5,117,100,100,26
coronavirus_like,2,100,5,118,100,100,27
coronavirus_like,2,100,5,119,100,100,32
coronavirus_like,2,100,5,120,100,100,37
coronavirus_like,2,100,5,121,100,100,29
coronavirus_like,2,100,5,122,100,100,36
coronavirus_like,2,100,5,123,100,100,24
coronavirus_like,2,100,5,124,100,100,31
coronavirus_like,2,100,5,125,100,100,23
coronavirus_like,2,100,5,126,100,100,26
coronavirus_like,2,100,5,127,100,100,16
coronavirus_like,2,100,5,128,100,100,18
coronavirus_like,2,100,5,129,100,100,19
coronavirus_like,2,100,5,130,100,100,28
coronavirus_like,2,100,5,131,100,100,21
coronavirus_like,2,100,5,132,100,100,25
coronavirus_like,2,100,5,133,100,100,30
coronavirus_like,2,100,5,134,100,100,21
coronavirus_like,2,100,5,135,100,100,32
coronavirus_like,2,100,5,136,100,100,32
coronavirus_like,2,100,5,137,100,100,23
coronavirus_like,2,100,5,138,100,100,29
coronavirus_like,2,100,5,139,100,100,19
coronavirus_like,2,100,5,140,100,100,34
coronavirus_like,2,100,5,141,100,100,21
coronavirus_like,2,100,5,142,100,100,27
coronavirus_like,2,100,5,143,100,100,15
coronavirus_like,2,100,5,144,100,100,33
coronavirus_like,2,100,5,145,100,100,22
coronavirus_like,2,100,5,146,100,100,22
coronavirus_like,2,100,5,147,100,100,23
coronavirus_like,2,100,5,148,100,100,29
coronavirus_like,2,100,5,149,100,100,23
coronavirus_like,2,100,5,150,100,100,29
coronavirus_like,2,100,5,151,100,100,30
coronavirus_like,2,100,5,152,100,100,21
coronavirus_like,2,100,5,153,100,100,24
coronavirus_like,2,100,5,154,100,100,23
coronavirus_like,2,100,5,155,100,100,22
coronavirus_like,2,100,5,156,100,100,25
coronavirus_like,2,100,5,157,100,100,22
coronavirus_like,2,100,5,158,100,100,25
coronavirus_like,2,100,5,159,100,100,29
coronavirus_like,2,100,5,160,100,100,25
coronavirus_like,2,100,5,161,100,100,26
coronavirus_like,2,100,5,162,100,100,39
coronavirus_like,2,100,5,163,100,100,18
coronavirus_like,2,100,5,164,100,100,24
coronavirus_like,2,100,5,165,100,100,34
coronavirus_like,2,100,5,166,100,100,27
coronavirus_like,2,100,5,167,100,100,25
coronavirus_like,2,100,5,168,100,100,17
coronavirus_like,2,100,5,169,100,100,17
coronavirus_like,2,100,5,170,100,100,18
coronavirus_like,2,100,5,171,100,100,23
coronavirus_like,2,100,5,172,100,100,28
coronavirus_like,2,100,5,173,100,100,34
coronavirus_like,2,100,5,174,100,100,29
coronavirus_like,2,100,5,175,100,100,29
coronavirus_like,2,100,5,176,100,100,25
coronavirus_like,2,100,5,177,100,100,24
coronavirus_like,2,100,5,178,100,100,25
coronavirus_like,2,100,5,179,100,100,28
coronavirus_like,2,100,5,180,100,100,32
coronavirus_like,2,100,5,181,100,100,26
coronavirus_like,2,100,5,182,100,100,28
coronavirus_like,2,100,5,183,100,100,27
coronavirus_like,2,100,5,184,100,100,25
coronavirus_like,2,100,5,185,100,100,34
coronavirus_like,2,100,5,186,100,100,26
coronavirus_like,2,100,5,187,100,100,25
coronavirus_like,2,100,5,188,100,100,22
coronavirus_like,2,100,5,189,100,100,33
coronavirus_like,2,100,5,190,100,100,35
coronavirus_like,2,100,5,191,100,100,33
coronavirus_like,2,100,5,192,100,100,25
coronavirus_like,2,100,5,193,100,100,32
coronavirus_like,2,100,5,194,100,100,27
coronavirus_like,2,100,5,195,100,100,31
coronavirus_like,2,100,5,196,100,100,21
coronavirus_like,2,100,5,197,100,100,29
coronavirus_like,2,100,5,198,100,100,26
coronavirus_like,2,100,5,199,100,100,31
coronavirus_like,2,100,5,200,100,100,36
coronavirus_like,3,20,3,0,1,1,1
coronavirus_like,3,20,3,1,1,1,1
coronavirus_like,3,20,3,2,2,2,1
coronavirus_like,3,20,3,3,3,3,2
coronavirus_like,3,20,3,4,4,4,3
coronavirus_like,3,20,3,5,6,6,5
coronavirus_like,3,20,3,6,8,8,5
coronavirus_like,3,20,3,7,11,11,7
coronavirus_like,3,20,3,8,16,16,11
coronavirus_like,3,20,3,9,20,20,15
coronavirus_like,3,20,3,10,20,20,13
coronavirus_like,3,20,3,11,20,20,10
coronavirus_like,3,20,3,12,20,20,11
coronavirus_like,3,20,3,13,20,20,14
coronavirus_like,3,20,3,14,20,20,10
coronavirus_like,3,20,3,15,20,20,5
coronavirus_like,3,20,3,16,20,20,5
coronavirus_like,3,20,3,17,20,20,8
coronavirus_like,3,20,3,18,20,20,4
coronavirus_like,3,20,3,19,20,20,2
coronavirus_like,3,20,3,20,20,20,2
coronavirus_like,3,20,3,21,20,20,3
coronavirus_like,3,20,3,22,20,20,2
coronavirus_like,3,20,3,23,20,20,1
coronavirus_like,3,20,3,24,20,20,1
coronavirus_like,3,20,3,25,20,20,0
coronavirus_like,3,20,3,26,20,20,2
coronavirus_like,3,20,3,27,20,20,2
coronavirus_like,3,20,3,28,20,20,3
coronavirus_like,3,20,3,29,20,20,4
coronavirus_like,3,20,3,30,20,20,3
coronavirus_like,3,20,3,31,20,20,2
coronavirus_like,3,20,3,32,20,20,0
coronavirus_like,3,20,3,33,20,20,0
coronavirus_like,3,20,3,34,20,20,0
coronavirus_like,3,20,3,35,20,20,3
coronavirus_like,3,20,3,36,20,20,2
coronavirus_like,3,20,3,37,20,20,2
coronavirus_like,3,20,3,38,20,20,3
coronavirus_like,3,20,3,39,20,20,1
coronavirus_like,3,20,3,40,20,20,4
coronavirus_like,3,20,3,41,20,20,5
coronavirus_like,3,20,3,42,20,20,1
coronavirus_like,3,20,3,43,20,20,1
coronavirus_like,3,20,3,44,20,20,5
coronavirus_like,3,20,3,45,20,20,0
coronavirus_like,3,20,3,46,20,20,1
coronavirus_like,3,20,3,47,20,20,0
coronavirus_like,3,20,3,48,20,20,2
coronavirus_like,3,20,3,49,20,20,4
coronavirus_like,3,20,3,50,20,20,0
coronavirus_like,3,20,3,51,20,20,0
coronavirus_like,3,20,3,52,20,20,2
coronavirus_like,3,20,3,53,20,20,1
coronavirus_like,3,20,3,54,20,20,1
coronavirus_like,3,20,3,55,20,20,0
coronavirus_like,3,20,3,56,20,20,1
coronavirus_like,3,20,3,57,20,20,2
coronavirus_like,3,20,3,58,20,20,2
coronavirus_like,3,20,3,59,20,20,1
coronavirus_like,3,20,3,60,20,20,1
coronavirus_like,3,20,3,61,20,20,2
coronavirus_like,3,20,3,62,20,20,2
coronavirus_like,3,20,3,63,20,20,1
coronavirus_like,3,20,3,64,20,20,3
coronavirus_like,3,20,3,65,20,20,3
coronavirus_like,3,20,3,66,20,20,1
coronavirus_like,3,20,3,67,20,20,1
coronavirus_like,3,20,3,68,20,20,1
coronavirus_like,3,20,3,69,20,20,3
coronavirus_like,3,20,3,70,20,20,1
coronavirus_like,3,20,3,71,20,20,1
coronavirus_like,3,20,3,72,20,20,1
coronavirus_like,3,20,3,73,20,20,3
coronavirus_like,3,20,3,74,20,20,0
coronavirus_like,3,20,3,75,20,20,2
coronavirus_like,3,20,3,76,20,20,5
coronavirus_like,3,20,3,77,20,20,3
coronavirus_like,3,20,3,78,20,20,2
coronavirus_like,3,20,3,79,20,20,2
coronavirus_like,3,20,3,80,20,20,1
coronavirus_like,3,20,3,81,20,20,2
coronavirus_like,3,20,3,82,20,20,1
coronavirus_like,3,20,3,83,20,20,0
coronavirus_like,3,20,3,84,20,20,3
coronavirus_like,3,20,3,85,20,20,2
coronavirus_like,3,20,3,86,20,20,1
coronavirus_like,3,20,3,87,20,20,1
coronavirus_like,3,20,3,88,20,20,2
coronavirus_like,3,20,3,89,20,20,1
coronavirus_like,3,20,3,90,20,20,2
coronavirus_like,3,20,3,91,20,20,2
coronavirus_like,3,20,3,92,20,20,0
coronavirus_like,3,20,3,93,20,20,1
coronavirus_like,3,20,3,94,20,20,0
coronavirus_like,3,20,3,95,20,20,2
coronavirus_like,3,20,3,96,20,20,3
coronavirus_like,3,20,3,97,20,20,1
coronavirus_like,3,20,3,98,20,20,5
coronavirus_like,3,20,3,99,20,20,2
coronavirus_like,3,20,3,100,20,20,1
coronavirus_like,3,20,3,101,20,20,2
coronavirus_like,3,20,3,102,20,20,0
coronavirus_like,3,20,3,103,20,20,0
coronavirus_like,3,20,3,104,20,20,1
coronavirus_like,3,20,3,105,20,20,1
coronavirus_like,3,20,3,106,20,20,2
coronavirus_like,3,20,3,107,20,20,0
coronavirus_like,3,20,3,108,20,20,1
coronavirus_like,3,20,3,109,20,20,2
coronavirus_like,3,20,3,110,20,20,3
coronavirus_like,3,20,3,111,20,20,1
coronavirus_like,3,20,3,112,20,20,2
coronavirus_like,3,20,3,113,20,20,1
coronavirus_like,3,20,3,114,20,20,2
coronavirus_like,3,20,3,115,20,20,3
coronavirus_like,3,20,3,116,20,20,2
coronavirus_like,3,20,3,117,20,20,1
coronavirus_like,3,20,3,118,20,20,0
coronavirus_like,3,20,3,119,20,20,0
coronavirus_like,3,20,3,120,20,20,2
coronavirus_like,3,20,3,121,20,20,2
coronavirus_like,3,20,3,122,20,20,2
coronavirus_like,3,20,3,123,20,20,3
coronavirus_like,3,20,3,124,20,20,3
coronavirus_like,3,20,3,125,20,20,0
coronavirus_like,3,20,3,126,20,20,0
coronavirus_like,3,20,3,127,20,20,1
coronavirus_like,3,20,3,128,20,20,2
coronavirus_like,3,20,3,129,20,20,0
coronavirus_like,3,20,3,130,20,20,1
coronavirus_like,3,20,3,131,20,20,0
coronavirus_like,3,20,3,132,20,20,4
coronavirus_like,3,20,3,133,20,20,1
coronavirus_like,3,20,3,134,20,20,4
coronavirus_like,3,20,3,135,20,20,2
coronavirus_like,3,20,3,136,20,20,1
coronavirus_like,3,20,3,137,20,20,1
coronavirus_like,3,20,3,138,20,20,2
coronavirus_like,3,20,3,139,20,20,4
coronavirus_like,3,20,3,140,20,20,2
coronavirus_like,3,20,3,141,20,20,1
coronavirus_like,3,20,3,142,20,20,1
coronavirus_like,3,20,3,143,20,20,3
coronavirus_like,3,20,3,144,20,20,1
coronavirus_like,3,20,3,145,20,20,1
coronavirus_like,3,20,3,146,20,20,4
coronavirus_like,3,20,3,147,20,20,0
coronavirus_like,3,20,3,148,20,20,3
coronavirus_like,3,20,3,149,20,20,1
coronavirus_like,3,20,3,150,20,20,2
coronavirus_like,3,20,3,151,20,20,2
coronavirus_like,3,20,3,152,20,20,1
coronavirus_like,3,20,3,153,20,20,1
coronavirus_like,3,20,3,154,20,20,2
coronavirus_like,3,20,3,155,20,20,0
coronavirus_like,3,20,3,156,20,20,0
coronavirus_like,3,20,3,157,20,20,0
coronavirus_like,3,20,3,158,20,20,0
coronavirus_like,3,20,3,159,20,20,1
coronavirus_like,3,20,3,160,20,20,0
coronavirus_like,3,20,3,161,20,20,1
coronavirus_like,3,20,3,162,20,20,1
coronavirus_like,3,20,3,163,20,20,2
coronavirus_like,3,20,3,164,20,20,0
coronavirus_like,3,20,3,165,20,20,1
coronavirus_like,3,20,3,166,20,20,1
coronavirus_like,3,20,3,167,20,20,4
coronavirus_like,3,20,3,168,20,20,0
coronavirus_like,3,20,3,169,20,20,0
coronavirus_like,3,20,3,170,20,20,1
coronavirus_like,3,20,3,171,20,20,1
coronavirus_like,3,20,3,172,20,20,3
coronavirus_like,3,20,3,173,20,20,0
coronavirus_like,3,20,3,174,20,20,2
coronavirus_like,3,20,3,175,20,20,2
coronavirus_like,3,20,3,176,20,20,2
coronavirus_like,3,20,3,177,20,20,2
coronavirus_like,3,20,3,178,20,20,0
coronavirus_like,3,20,3,179,20,20,1
coronavirus_like,3,20,3,180,20,20,1
coronavirus_like,3,20,3,181,20,20,2
coronavirus_like,3,20,3,182,20,20,1
coronavirus_like,3,20,3,183,20,20,2
coronavirus_like,3,20,3,184,20,20,2
coronavirus_like,3,20,3,185,20,20,0
coronavirus_like,3,20,3,186,20,20,0
coronavirus_like,3,20,3,187,20,20,1
coronavirus_like,3,20,3,188,20,20,1
coronavirus_like,3,20,3,189,20,20,2
coronavirus_like,3,20,3,190,20,20,2
coronavirus_like,3,20,3,191,20,20,0
coronavirus_like,3,20,3,192,20,20,2
coronavirus_like,3,20,3,193,20,20,4
coronavirus_like,3,20,3,194,20,20,2
coronavirus_like,3,20,3,195,20,20,3
coronavirus_like,3,20,3,196,20,20,2
coronavirus_like,3,20,3,197,20,20,1
coronavirus_like,3,20,3,198,20,20,5
coronavirus_like,3,20,3,199,20,20,5
coronavirus_like,3,20,3,200,20,20,3
coronavirus_like,3,20,4,0,1,1,1
coronavirus_like,3,20,4,1,1,1,1
coronavirus_like,3,20,4,2,2,2,1
coronavirus_like,3,20,4,3,3,3,2
coronavirus_like,3,20,4,4,4,4,3
coronavirus_like,3,20,4,5,6,6,5
coronavirus_like,3,20,4,6,8,8,5
coronavirus_like,3,20,4,7,11,11,7
coronavirus_like,3,20,4,8,16,16,11
coronavirus_like,3,20,4,9,20,20,15
coronavirus_like,3,20,4,10,20,20,13
coronavirus_like,3,20,4,11,20,20,10
coronavirus_like,3,20,4,12,20,20,11
coronavirus_like,3,20,4,13,20,20,14
coronavirus_like,3,20,4,14,20,20,10
coronavirus_like,3,20,4,15,20,20,5
coronavirus_like,3,20,4,16,20,20,5
coronavirus_like,3,20,4,17,20,20,8
coronavirus_like,3,20,4,18,20,20,4
coronavirus_like,3,20,4,19,20,20,2
coronavirus_like,3,20,4,20,20,20,2
coronavirus_like,3,20,4,21,20,20,3
coronavirus_like,3,20,4,22,20,20,2
coronavirus_like,3,20,4,23,20,20,1
coronavirus_like,3,20,4,24,20,20,1
coronavirus_like,3,20,4,25,20,20,0
coronavirus_like,3,20,4,26,20,20,2
coronavirus_like,3,20,4,27,20,20,2
coronavirus_like,3,20,4,28,20,20,3
coronavirus_like,3,20,4,29,20,20,4
coronavirus_like,3,20,4,30,20,20,3
coronavirus_like,3,20,4,31,20,20,2
coronavirus_like,3,20,4,32,20,20,0
coronavirus_like,3,20,4,33,20,20,0
coronavirus_like,3,20,4,34,20,20,0
coronavirus_like,3,20,4,35,20,20,3
coronavirus_like,3,20,4,36,20,20,2
coronavirus_like,3,20,4,37,20,20,2
coronavirus_like,3,20,4,38,20,20,3
coronavirus_like,3,20,4,39,20,20,1
coronavirus_like,3,20,4,40,20,20,4
coronavirus_like,3,20,4,41,20,20,5
coronavirus_like,3,20,4,42,20,20,1
coronavirus_like,3,20,4,43,20,20,1
coronavirus_like,3,20,4,44,20,20,5
coronavirus_like,3,20,4,45,20,20,0
coronavirus_like,3,20,4,46,20,20,1
coronavirus_like,3,20,4,47,20,20,0
coronavirus_like,3,20,4,48,20,20,2
coronavirus_like,3,20,4,49,20,20,4
coronavirus_like,3,20,4,50,20,20,0
coronavirus_like,3,20,4,51,20,20,0
coronavirus_like,3,20,4,52,20,20,2
coronavirus_like,3,20,4,53,20,20,1
coronavirus_like,3,20,4,54,20,20,1
coronavirus_like,3,20,4,55,20,20,0
coronavirus_like,3,20,4,56,20,20,1
coronavirus_like,3,20,4,57,20,20,2
coronavirus_like,3,20,4,58,20,20,2
coronavirus_like,3,20,4,59,20,20,1
coronavirus_like,3,20,4,60,20,20,1
coronavirus_like,3,20,4,61,20,20,2
coronavirus_like,3,20,4,62,20,20,2
coronavirus_like,3,20,4,63,20,20,1
coronavirus_like,3,20,4,64,20,20,3
coronavirus_like,3,20,4,65,20,20,3
coronavirus_like,3,20,4,66,20,20,1
coronavirus_like,3,20,4,67,20,20,1
coronavirus_like,3,20,4,68,20,20,1
coronavirus_like,3,20,4,69,20,20,3
coronavirus_like,3,20,4,70,20,20,1
coronavirus_like,3,20,4,71,20,20,1
coronavirus_like,3,20,4,72,20,20,1
coronavirus_like,3,20,4,73,20,20,3
coronavirus_like,3,20,4,74,20,20,0
coronavirus_like,3,20,4,75,20,20,2
coronavirus_like,3,20,4,76,20,20,5
coronavirus_like,3,20,4,77,20,20,3
coronavirus_like,3,20,4,78,20,20,2
coronavirus_like,3,20,4,79,20,20,2
coronavirus_like,3,20,4,80,20,20,1
coronavirus_like,3,20,4,81,20,20,2
coronavirus_like,3,20,4,82,20,20,1
coronavirus_like,3,20,4,83,20,20,0
coronavirus_like,3,20,4,84,20,20,3
coronavirus_like,3,20,4,85,20,20,2
coronavirus_like,3,20,4,86,20,20,1
coronavirus_like,3,20,4,87,20,20,1
coronavirus_like,3,20,4,88,20,20,2
coronavirus_like,3,20,4,89,20,20,1
coronavirus_like,3,20,4,90,20,20,2
coronavirus_like,3,20,4,91,20,20,2
coronavirus_like,3,20,4,92,20,20,0
coronavirus_like,3,20,4,93,20,20,1
coronavirus_like,3,20,4,94,20,20,0
coronavirus_like,3,20,4,95,20,20,2
coronavirus_like,3,20,4,96,20,20,3
coronavirus_like,3,20,4,97,20,20,1
coronavirus_like,3,20,4,98,20,20,5
coronavirus_like,3,20,4,99,20,20,2
coronavirus_like,3,20,4,100,20,20,1
coronavirus_like,3,20,4,101,20,20,2
coronavirus_like,3,20,4,102,20,20,0
coronavirus_like,3,20,4,103,20,20,0
coronavirus_like,3,20,4,104,20,20,1
coronavirus_like,3,20,4,105,20,20,1
coronavirus_like,3,20,4,106,20,20,2
coronavirus_like,3,20,4,107,20,20,0
coronavirus_like,3,20,4,108,20,20,1
coronavirus_like,3,20,4,109,20,20,2
coronavirus_like,3,20,4,110,20,20,3
coronavirus_like,3,20,4,111,20,20,1
coronavirus_like,3,20,4,112,20,20,2
coronavirus_like,3,20,4,113,20,20,1
coronavirus_like,3,20,4,114,20,20,2
coronavirus_like,3,20,4,115,20,20,3
coronavirus_like,3,20,4,116,20,20,2
coronavirus_like,3,20,4,117,20,20,1
coronavirus_like,3,20,4,118,20,20,0
coronavirus_like,3,20,4,119,20,20,0
coronavirus_like,3,20,4,120,20,20,2
coronavirus_like,3,20,4,121,20,20,2
coronavirus_like,3,20,4,122,20,20,2
coronavirus_like,3,20,4,123,20,20,3
coronavirus_like,3,20,4,124,20,20,3
coronavirus_like,3,20,4,125,20,20,0
coronavirus_like,3,20,4,126,20,20,0
coronavirus_like,3,20,4,127,20,20,1
coronavirus_like,3,20,4,128,20,20,2
coronavirus_like,3,20,4,129,20,20,0
coronavirus_like,3,20,4,130,20,20,1
coronavirus_like,3,20,4,131,20,20,0
coronavirus_like,3,20,4,132,20,20,4
coronavirus_like,3,20,4,133,20,20,1
coronavirus_like,3,20,4,134,20,20,4
coronavirus_like,3,20,4,135,20,20,2
coronavirus_like,3,20,4,136,20,20,1
coronavirus_like,3,20,4,137,20,20,1
coronavirus_like,3,20,4,138,20,20,2
coronavirus_like,3,20,4,139,20,20,4
coronavirus_like,3,20,4,140,20,20,2
coronavirus_like,3,20,4,141,20,20,1
coronavirus_like,3,20,4,142,20,20,1
coronavirus_like,3,20,4,143,20,20,3
coronavirus_like,3,20,4,144,20,20,1
coronavirus_like,3,20,4,145,20,20,1
coronavirus_like,3,20,4,146,20,20,4
coronavirus_like,3,20,4,147,20,20,0
coronavirus_like,3,20,4,148,20,20,3
coronavirus_like,3,20,4,149,20,20,1
coronavirus_like,3,20,4,150,20,20,2
coronavirus_like,3,20,4,151,20,20,2
coronavirus_like,3,20,4,152,20,20,1
coronavirus_like,3,20,4,153,20,20,1
coronavirus_like,3,20,4,154,20,20,2
coronavirus_like,3,20,4,155,20,20,0
coronavirus_like,3,20,4,156,20,20,0
coronavirus_like,3,20,4,157,20,20,0
coronavirus_like,3,20,4,158,20,20,0
coronavirus_like,3,20,4,159,20,20,1
coronavirus_like,3,20,4,160,20,20,0
coronavirus_like,3,20,4,161,20,20,1
coronavirus_like,3,20,4,162,20,20,1
coronavirus_like,3,20,4,163,20,20,2
coronavirus_like,3,20,4,164,20,20,0
coronavirus_like,3,20,4,165,20,20,1
coronavirus_like,3,20,4,166,20,20,1
coronavirus_like,3,20,4,167,20,20,4
coronavirus_like,3,20,4,168,20,20,0
coronavirus_like,3,20,4,169,20,20,0
coronavirus_like,3,20,4,170,20,20,1
coronavirus_like,3,20,4,171,20,20,1
coronavirus_like,3,20,4,172,20,20,3
coronavirus_like,3,20,4,173,20,20,0
coronavirus_like,3,20,4,174,20,20,2
coronavirus_like,3,20,4,175,20,20,2
coronavirus_like,3,20,4,176,20,20,2
coronavirus_like,3,20,4,177,20,20,2
coronavirus_like,3,20,4,178,20,20,0
coronavirus_like,3,20,4,179,20,20,1
coronavirus_like,3,20,4,180,20,20,1
coronavirus_like,3,20,4,181,20,20,2
coronavirus_like,3,20,4,182,20,20,1
coronavirus_like,3,20,4,183,20,20,2
coronavirus_like,3,20,4,184,20,20,2
coronavirus_like,3,20,4,185,20,20,0
coronavirus_like,3,20,4,186,20,20,0
coronavirus_like,3,20,4,187,20,20,1
coronavirus_like,3,20,4,188,20,20,1
coronavirus_like,3,20,4,189,20,20,2
coronavirus_like,3,20,4,190,20,20,2
coronavirus_like,3,20,4,191,20,20,0
coronavirus_like,3,20,4,192,20,20,2
coronavirus_like,3,20,4,193,20,20,4
coronavirus_like,3,20,4,194,20,20,2
coronavirus_like,3,20,4,195,20,20,3
coronavirus_like,3,20,4,196,20,20,2
coronavirus_like,3,20,4,197,20,20,1
coronavirus_like,3,20,4,198,20,20,5
coronavirus_like,3,20,4,199,20,20,5
coronavirus_like,3,20,4,200,20,20,3
coronavirus_like,3,20,5,0,1,1,1
coronavirus_like,3,20,5,1,1,1,1
coronavirus_like,3,20,5,2,2,2,1
coronavirus_like,3,20,5,3,3,3,2
coronavirus_like,3,20,5,4,4,4,3
coronavirus_like,3,20,5,5,6,6,5
coronavirus_like,3,20,5,6,8,8,5
coronavirus_like,3,20,5,7,11,11,7
coronavirus_like,3,20,5,8,16,16,11
coronavirus_like,3,20,5,9,20,20,15
coronavirus_like,3,20,5,10,20,20,13
coronavirus_like,3,20,5,11,20,20,10
coronavirus_like,3,20,5,12,20,20,11
coronavirus_like,3,20,5,13,20,20,14
coronavirus_like,3,20,5,14,20,20,10
coronavirus_like,3,20,5,15,20,20,5
coronavirus_like,3,20,5,16,20,20,5
coronavirus_like,3,20,5,17,20,20,8
coronavirus_like,3,20,5,18,20,20,4
coronavirus_like,3,20,5,19,20,20,2
coronavirus_like,3,20,5,20,20,20,2
coronavirus_like,3,20,5,21,20,20,3
coronavirus_like,3,20,5,22,20,20,2
coronavirus_like,3,20,5,23,20,20,1
coronavirus_like,3,20,5,24,20,20,1
coronavirus_like,3,20,5,25,20,20,0
coronavirus_like,3,20,5,26,20,20,2
coronavirus_like,3,20,5,27,20,20,2
coronavirus_like,3,20,5,28,20,20,3
coronavirus_like,3,20,5,29,20,20,4
coronavirus_like,3,20,5,30,20,20,3
coronavirus_like,3,20,5,31,20,20,2
coronavirus_like,3,20,5,32,20,20,0
coronavirus_like,3,20,5,33,20,20,0
coronavirus_like,3,20,5,34,20,20,0
coronavirus_like,3,20,5,35,20,20,3
coronavirus_like,3,20,5,36,20,20,2
coronavirus_like,3,20,5,37,20,20,2
coronavirus_like,3,20,5,38,20,20,3
coronavirus_like,3,20,5,39,20,20,1
coronavirus_like,3,20,5,40,20,20,4
coronavirus_like,3,20,5,41,20,20,5
coronavirus_like,3,20,5,42,20,20,1
coronavirus_like,3,20,5,43,20,20,1
coronavirus_like,3,20,5,44,20,20,5
coronavirus_like,3,20,5,45,20,20,0
coronavirus_like,3,20,5,46,20,20,1
coronavirus_like,3,20,5,47,20,20,0
coronavirus_like,3,20,5,48,20,20,2
coronavirus_like,3,20,5,49,20,20,4
coronavirus_like,3,20,5,50,20,20,0
coronavirus_like,3,20,5,51,20,20,0
coronavirus_like,3,20,5,52,20,20,2
coronavirus_like,3,20,5,53,20,20,1
coronavirus_like,3,20,5,54,20,20,1
coronavirus_like,3,20,5,55,20,20,0
coronavirus_like,3,20,5,56,20,20,1
coronavirus_like,3,20,5,57,20,20,2
coronavirus_like,3,20,5,58,20,20,2
coronavirus_like,3,20,5,59,20,20,1
coronavirus_like,3,20,5,60,20,20,1
coronavirus_like,3,20,5,61,20,20,2
coronavirus_like,3,20,5,62,20,20,2
coronavirus_like,3,20,5,63,20,20,1
coronavirus_like,3,20,5,64,20,20,3
coronavirus_like,3,20,5,65,20,20,3
coronavirus_like,3,20,5,66,20,20,1
coronavirus_like,3,20,5,67,20,20,1
coronavirus_like,3,20,5,68,20,20,1
coronavirus_like,3,20,5,69,20,20,3
coronavirus_like,3,20,5,70,20,20,1
coronavirus_like,3,20,5,71,20,20,1
coronavirus_like,3,20,5,72,20,20,1
coronavirus_like,3,20,5,73,20,20,3
coronavirus_like,3,20,5,74,20,20,0
coronavirus_like,3,20,5,75,20,20,2
coronavirus_like,3,20,5,76,20,20,5
coronavirus_like,3,20,5,77,20,20,3
coronavirus_like,3,20,5,78,20,20,2
coronavirus_like,3,20,5,79,20,20,2
coronavirus_like,3,20,5,80,20,20,1
coronavirus_like,3,20,5,81,20,20,2
coronavirus_like,3,20,5,82,20,20,1
coronavirus_like,3,20,5,83,20,20,0
coronavirus_like,3,20,5,84,20,20,3
coronavirus_like,3,20,5,85,20,20,2
coronavirus_like,3,20,5,86,20,20,1
coronavirus_like,3,20,5,87,20,20,1
coronavirus_like,3,20,5,88,20,20,2
coronavirus_like,3,20,5,89,20,20,1
coronavirus_like,3,20,5,90,20,20,2
coronavirus_like,3,20,5,91,20,20,2
coronavirus_like,3,20,5,92,20,20,0
coronavirus_like,3,20,5,93,20,20,1
coronavirus_like,3,20,5,94,20,20,0
coronavirus_like,3,20,5,95,20,20,2
coronavirus_like,3,20,5,96,20,20,3
coronavirus_like,3,20,5,97,20,20,1
coronavirus_like,3,20,5,98,20,20,5
coronavirus_like,3,20,5,99,20,20,2
coronavirus_like,3,20,5,100,20,20,1
coronavirus_like,3,20,5,101,20,20,2
coronavirus_like,3,20,5,102,20,20,0
coronavirus_like,3,20,5,103,20,20,0
coronavirus_like,3,20,5,104,20,20,1
coronavirus_like,3,20,5,105,20,20,1
coronavirus_like,3,20,5,106,20,20,2
coronavirus_like,3,20,5,107,20,20,0
coronavirus_like,3,20,5,108,20,20,1
coronavirus_like,3,20,5,109,20,20,2
coronavirus_like,3,20,5,110,20,20,3
coronavirus_like,3,20,5,111,20,20,1
coronavirus_like,3,20,5,112,20,20,2
coronavirus_like,3,20,5,113,20,20,1
coronavirus_like,3,20,5,114,20,20,2
coronavirus_like,3,20,5,115,20,20,3
coronavirus_like,3,20,5,116,20,20,2
coronavirus_like,3,20,5,117,20,20,1
coronavirus_like,3,20,5,118,20,20,0
coronavirus_like,3,20,5,119,20,20,0
coronavirus_like,3,20,5,120,20,20,2
coronavirus_like,3,20,5,121,20,20,2
coronavirus_like,3,20,5,122,20,20,2
coronavirus_like,3,20,5,123,20,20,3
coronavirus_like,3,20,5,124,20,20,3
coronavirus_like,3,20,5,125,20,20,0
coronavirus_like,3,20,5,126,20,20,0
coronavirus_like,3,20,5,127,20,20,1
coronavirus_like,3,20,5,128,20,20,2
coronavirus_like,3,20,5,129,20,20,0
coronavirus_like,3,20,5,130,20,20,1
coronavirus_like,3,20,5,131,20,20,0
coronavirus_like,3,20,5,132,20,20,4
coronavirus_like,3,20,5,133,20,20,1
coronavirus_like,3,20,5,134,20,20,4
coronavirus_like,3,20,5,135,20,20,2
coronavirus_like,3,20,5,136,20,20,1
coronavirus_like,3,20,5,137,20,20,1
coronavirus_like,3,20,5,138,20,20,2
coronavirus_like,3,20,5,139,20,20,4
coronavirus_like,3,20,5,140,20,20,2
coronavirus_like,3,20,5,141,20,20,1
coronavirus_like,3,20,5,142,20,20,1
coronavirus_like,3,20,5,143,20,20,3
coronavirus_like,3,20,5,144,20,20,1
coronavirus_like,3,20,5,145,20,20,1
coronavirus_like,3,20,5,146,20,20,4
coronavirus_like,3,20,5,147,20,20,0
coronavirus_like,3,20,5,148,20,20,3
coronavirus_like,3,20,5,149,20,20,1
coronavirus_like,3,20,5,150,20,20,2
coronavirus_like,3,20,5,151,20,20,2
coronavirus_like,3,20,5,152,20,20,1
coronavirus_like,3,20,5,153,20,20,1
coronavirus_like,3,20,5,154,20,20,2
coronavirus_like,3,20,5,155,20,20,0
coronavirus_like,3,20,5,156,20,20,0
coronavirus_like,3,20,5,157,20,20,0
coronavirus_like,3,20,5,158,20,20,0
coronavirus_like,3,20,5,159,20,20,1
coronavirus_like,3,20,5,160,20,20,0
coronavirus_like,3,20,5,161,20,20,1
coronavirus_like,3,20,5,162,20,20,1
coronavirus_like,3,20,5,163,20,20,2
coronavirus_like,3,20,5,164,20,20,0
coronavirus_like,3,20,5,165,20,20,1
coronavirus_like,3,20,5,166,20,20,1
coronavirus_like,3,20,5,167,20,20,4
coronavirus_like,3,20,5,168,20,20,0
coronavirus_like,3,20,5,169,20,20,0
coronavirus_like,3,20,5,170,20,20,1
coronavirus_like,3,20,5,171,20,20,1
coronavirus_like,3,20,5,172,20,20,3
coronavirus_like,3,20,5,173,20,20,0
coronavirus_like,3,20,5,174,20,20,2
coronavirus_like,3,20,5,175,20,20,2
coronavirus_like,3,20,5,176,20,20,2
coronavirus_like,3,20,5,177,20,20,2
coronavirus_like,3,20,5,178,20,20,0
coronavirus_like,3,20,5,179,20,20,1
coronavirus_like,3,20,5,180,20,20,1
coronavirus_like,3,20,5,181,20,20,2
coronavirus_like,3,20,5,182,20,20,1
coronavirus_like,3,20,5,183,20,20,2
coronavirus_like,3,20,5,184,20,20,2
coronavirus_like,3,20,5,185,20,20,0
coronavirus_like,3,20,5,186,20,20,0
coronavirus_like,3,20,5,187,20,20,1
coronavirus_like,3,20,5,188,20,20,1
coronavirus_like,3,20,5,189,20,20,2
coronavirus_like,3,20,5,190,20,20,2
coronavirus_like,3,20,5,191,20,20,0
coronavirus_like,3,20,5,192,20,20,2
coronavirus_like,3,20,5,193,20,20,4
coronavirus_like,3,20,5,194,20,20,2
coronavirus_like,3,20,5,195,20,20,3
coronavirus_like,3,20,5,196,20,20,2
coronavirus_like,3,20,5,197,20,20,1
coronavirus_like,3,20,5,198,20,20,5
coronavirus_like,3,20,5,199,20,20,5
coronavirus_like,3,20,5,200,20,20,3
coronavirus_like,3,100,3,0,1,1,1
coronavirus_like,3,100,3,1,1,1,1
coronavirus_like,3,100,3,2,2,2,1
coronavirus_like,3,100,3,3,3,3,2
coronavirus_like,3,100,3,4,4,4,3
coronavirus_like,3,100,3,5,6,6,5
coronavirus_like,3,100,3,6,8,8,5
coronavirus_like,3,100,3,7,11,11,7
coronavirus_like,3,100,3,8,16,16,11
coronavirus_like,3,100,3,9,22,22,16
coronavirus_like,3,100,3,10,32,32,22
coronavirus_like,3,100,3,11,45,45,31
coronavirus_like,3,100,3,12,63,63,46
coronavirus_like,3,100,3,13,89,89,60
coronavirus_like,3,100,3,14,100,100,71
coronavirus_like,3,100,3,15,100,100,67
coronavirus_like,3,100,3,16,100,100,50
coronavirus_like,3,100,3,17,100,100,56
coronavirus_like,3,100,3,18,100,100,44
coronavirus_like,3,100,3,19,100,100,37
coronavirus_like,3,100,3,20,100,100,44
coronavirus_like,3,100,3,21,100,100,35
coronavirus_like,3,100,3,22,100,100,41
coronavirus_like,3,100,3,23,100,100,27
coronavirus_like,3,100,3,24,100,100,26
coronavirus_like,3,100,3,25,100,100,23
coronavirus_like,3,100,3,26,100,100,34
coronavirus_like,3,100,3,27,100,100,23
coronavirus_like,3,100,3,28,100,100,26
coronavirus_like,3,100,3,29,100,100,26
coronavirus_like,3,100,3,30,100,100,29
coronavirus_like,3,100,3,31,100,100,27
coronavirus_like,3,100,3,32,100,100,21
coronavirus_like,3,100,3,33,100,100,26
coronavirus_like,3,100,3,34,100,100,25
coronavirus_like,3,100,3,35,100,100,39
coronavirus_like,3,100,3,36,100,100,27
coronavirus_like,3,100,3,37,100,100,26
coronavirus_like,3,100,3,38,100,100,24
coronavirus_like,3,100,3,39,100,100,24
coronavirus_like,3,100,3,40,100,100,36
coronavirus_like,3,100,3,41,100,100,36
coronavirus_like,3,100,3,42,100,100,29
coronavirus_like,3,100,3,43,100,100,19
coronavirus_like,3,100,3,44,100,100,25
coronavirus_like,3,100,3,45,100,100,24
coronavirus_like,3,100,3,46,100,100,24
coronavirus_like,3,100,3,47,100,100,26
coronavirus_like,3,100,3,48,100,100,24
coronavirus_like,3,100,3,49,100,100,28
coronavirus_like,3,100,3,50,100,100,28
coronavirus_like,3,100,3,51,100,100,30
coronavirus_like,3,100,3,52,100,100,18
coronavirus_like,3,100,3,53,100,100,25
coronavirus_like,3,100,3,54,100,100,33
coronavirus_like,3,100,3,55,100,100,29
coronavirus_like,3,100,3,56,100,100,29
coronavirus_like,3,100,3,57,100,100,20
coronavirus_like,3,100,3,58,100,100,30
coronavirus_like,3,100,3,59,100,100,29
coronavirus_like,3,100,3,60,100,100,34
coronavirus_like,3,100,3,61,100,100,27
coronavirus_like,3,100,3,62,100,100,25
coronavirus_like,3,100,3,63,100,100,27
coronavirus_like,3,100,3,64,100,100,29
coronavirus_like,3,100,3,65,100,100,26
coronavirus_like,3,100,3,66,100,100,30
coronavirus_like,3,100,3,67,100,100,26
coronavirus_like,3,100,3,68,100,100,24
coronavirus_like,3,100,3,69,100,100,24
coronavirus_like,3,100,3,70,100,100,18
coronavirus_like,3,100,3,71,100,100,25
coronavirus_like,3,100,3,72,100,100,32
coronavirus_like,3,100,3,73,100,100,31
coronavirus_like,3,100,3,74,100,100,18
coronavirus_like,3,100,3,75,100,100,20
coronavirus_like,3,100,3,76,100,100,27
coronavirus_like,3,100,3,77,100,100,25
coronavirus_like,3,100,3,78,100,100,25
coronavirus_like,3,100,3,79,100,100,25
coronavirus_like,3,100,3,80,100,100,20
coronavirus_like,3,100,3,81,100,100,28
coronavirus_like,3,100,3,82,100,100,26
coronavirus_like,3,100,3,83,100,100,26
coronavirus_like,3,100,3,84,100,100,19
coronavirus_like,3,100,3,85,100,100,26
coronavirus_like,3,100,3,86,100,100,27
coronavirus_like,3,100,3,87,100,100,12
coronavirus_like,3,100,3,88,100,100,24
coronavirus_like,3,100,3,89,100,100,36
coronavirus_like,3,100,3,90,100,100,33
coronavirus_like,3,100,3,91,100,100,33
coronavirus_like,3,100,3,92,100,100,18
coronavirus_like,3,100,3,93,100,100,18
coronavirus_like,3,100,3,94,100,100,30
coronavirus_like,3,100,3,95,100,100,21
coronavirus_like,3,100,3,96,100,100,23
coronavirus_like,3,100,3,97,100,100,19
coronavirus_like,3,100,3,98,100,100,26
coronavirus_like,3,100,3,99,100,100,31
coronavirus_like,3,100,3,100,100,100,31
coronavirus_like,3,100,3,101,100,100,27
coronavirus_like,3,100,3,102,100,100,27
coronavirus_like,3,100,3,103,100,100,32
coronavirus_like,3,100,3,104,100,100,26
coronavirus_like,3,100,3,105,100,100,19
coronavirus_like,3,100,3,106,100,100,30
coronavirus_like,3,100,3,107,100,100,16
coronavirus_like,3,100,3,108,100,100,24
coronavirus_like,3,100,3,109,100,100,19
coronavirus_like,3,100,3,110,100,100,30
coronavirus_like,3,100,3,111,100,100,24
coronavirus_like,3,100,3,112,100,100,28
coronavirus_like,3,100,3,113,100,100,31
coronavirus_like,3,100,3,114,100,100,29
coronavirus_like,3,100,3,115,100,100,28
coronavirus_like,3,100,3,116,100,100,27
coronavirus_like,3,100,3,117,100,100,28
coronavirus_like,3,100,3,118,100,100,24
coronavirus_like,3,100,3,119,100,100,19
coronavirus_like,3,100,3,120,100,100,18
coronavirus_like,3,100,3,121,100,100,27
coronavirus_like,3,100,3,122,100,100,28
coronavirus_like,3,100,3,123,100,100,19
coronavirus_like,3,100,3,124,100,100,30
coronavirus_like,3,100,3,125,100,100,30
coronavirus_like,3,100,3,126,100,100,29
coronavirus_like,3,100,3,127,100,100,21
coronavirus_like,3,100,3,128,100,100,22
coronavirus_like,3,100,3,129,100,100,25
coronavirus_like,3,100,3,130,100,100,22
coronavirus_like,3,100,3,131,100,100,19
coronavirus_like,3,100,3,132,100,100,28
coronavirus_like,3,100,3,133,100,100,26
coronavirus_like,3,100,3,134,100,100,37
coronavirus_like,3,100,3,135,100,100,24
coronavirus_like,3,100,3,136,100,100,20
coronavirus_like,3,100,3,137,100,100,33
coronavirus_like,3,100,3,138,100,100,20
coronavirus_like,3,100,3,139,100,100,28
coronavirus_like,3,100,3,140,100,100,28
coronavirus_like,3,100,3,141,100,100,23
coronavirus_like,3,100,3,142,100,100,29
coronavirus_like,3,100,3,143,100,100,30
coronavirus_like,3,100,3,144,100,100,20
coronavirus_like,3,100,3,145,100,100,27
coronavirus_like,3,100,3,146,100,100,26
coronavirus_like,3,100,3,147,100,100,23
coronavirus_like,3,100,3,148,100,100,27
coronavirus_like,3,100,3,149,100,100,29
coronavirus_like,3,100,3,150,100,100,20
coronavirus_like,3,100,3,151,100,100,22
coronavirus_like,3,100,3,152,100,100,19
coronavirus_like,3,100,3,153,100,100,22
coronavirus_like,3,100,3,154,100,100,21
coronavirus_like,3,100,3,155,100,100,29
coronavirus_like,3,100,3,156,100,100,21
coronavirus_like,3,100,3,157,100,100,28
coronavirus_like,3,100,3,158,100,100,27
coronavirus_like,3,100,3,159,100,100,25
coronavirus_like,3,100,3,160,100,100,22
coronavirus_like,3,100,3,161,100,100,31
coronavirus_like,3,100,3,162,100,100,26
coronavirus_like,3,100,3,163,100,100,23
coronavirus_like,3,100,3,164,100,100,26
coronavirus_like,3,100,3,165,100,100,19
coronavirus_like,3,100,3,166,100,100,16
coronavirus_like,3,100,3,167,100,100,35
coronavirus_like,3,100,3,168,100,100,25
coronavirus_like,3,100,3,169,100,100,24
coronavirus_like,3,100,3,170,100,100,18
coronavirus_like,3,100,3,171,100,100,19
coronavirus_like,3,100,3,172,100,100,24
coronavirus_like,3,100,3,173,100,100,23
coronavirus_like,3,100,3,174,100,100,25
coronavirus_like,3,100,3,175,100,100,24
coronavirus_like,3,100,3,176,100,100,30
coronavirus_like,3,100,3,177,100,100,28
coronavirus_like,3,100,3,178,100,100,23
coronavirus_like,3,100,3,179,100,100,20
coronavirus_like,3,100,3,180,100,100,30
coronavirus_like,3,100,3,181,100,100,36
coronavirus_like,3,100,3,182,100,100,24
coronavirus_like,3,100,3,183,100,100,28
coronavirus_like,3,100,3,184,100,100,32
coronavirus_like,3,100,3,185,100,100,19
coronavirus_like,3,100,3,186,100,100,28
coronavirus_like,3,100,3,187,100,100,24
coronavirus_like,3,100,3,188,100,100,32
coronavirus_like,3,100,3,189,100,100,32
coronavirus_like,3,100,3,190,100,100,36
coronavirus_like,3,100,3,191,100,100,22
coronavirus_like,3,100,3,192,100,100,25
coronavirus_like,3,100,3,193,100,100,29
coronavirus_like,3,100,3,194,100,100,29
coronavirus_like,3,100,3,195,100,100,24
coronavirus_like,3,100,3,196,100,100,31
coronavirus_like,3,100,3,197,100,100,18
coronavirus_like,3,100,3,198,100,100,30
coronavirus_like,3,100,3,199,100,100,28
coronavirus_like,3,100,3,200,100,100,28
coronavirus_like,3,100,4,0,1,1,1
coronavirus_like,3,100,4,1,1,1,1
coronavirus_like,3,100,4,2,2,2,1
coronavirus_like,3,100,4,3,3,3,2
coronavirus_like,3,100,4,4,4,4,3
coronavirus_like,3,100,4,5,6,6,5
coronavirus_like,3,100,4,6,8,8,5
coronavirus_like,3,100,4,7,11,11,7
coronavirus_like,3,100,4,8,16,16,11
coronavirus_like,3,100,4,9,22,22,16
coronavirus_like,3,100,4,10,32,32,22
coronavirus_like,3,100,4,11,45,45,31
coronavirus_like,3,100,4,12,63,63,46
coronavirus_like,3,100,4,13,89,89,60
coronavirus_like,3,100,4,14,100,100,71
coronavirus_like,3,100,4,15,100,100,67
coronavirus_like,3,100,4,16,100,100,50
coronavirus_like,3,100,4,17,100,100,56
coronavirus_like,3,100,4,18,100,100,44
coronavirus_like,3,100,4,19,100,100,37
coronavirus_like,3,100,4,20,100,100,44
coronavirus_like,3,100,4,21,100,100,35
coronavirus_like,3,100,4,22,100,100,41
coronavirus_like,3,100,4,23,100,100,27
coronavirus_like,3,100,4,24,100,100,26
coronavirus_like,3,100,4,25,100,100,23
coronavirus_like,3,100,4,26,100,100,34
coronavirus_like,3,100,4,27,100,100,23
coronavirus_like,3,100,4,28,100,100,26
coronavirus_like,3,100,4,29,100,100,26
coronavirus_like,3,100,4,30,100,100,29
coronavirus_like,3,100,4,31,100,100,27
coronavirus_like,3,100,4,32,100,100,21
coronavirus_like,3,100,4,33,100,100,26
coronavirus_like,3,100,4,34,100,100,25
coronavirus_like,3,100,4,35,100,100,39
coronavirus_like,3,100,4,36,100,100,27
coronavirus_like,3,100,4,37,100,100,26
coronavirus_like,3,100,4,38,100,100,24
coronavirus_like,3,100,4,39,100,100,24
coronavirus_like,3,100,4,40,100,100,36
coronavirus_like,3,100,4,41,100,100,36
coronavirus_like,3,100,4,42,100,100,29
coronavirus_like,3,100,4,43,100,100,19
coronavirus_like,3,100,4,44,100,100,25
coronavirus_like,3,100,4,45,100,100,24
coronavirus_like,3,100,4,46,100,100,24
coronavirus_like,3,100,4,47,100,100,26
coronavirus_like,3,100,4,48,100,100,24
coronavirus_like,3,100,4,49,100,100,28
coronavirus_like,3,100,4,50,100,100,28
coronavirus_like,3,100,4,51,100,100,30
coronavirus_like,3,100,4,52,100,100,18
coronavirus_like,3,100,4,53,100,100,25
coronavirus_like,3,100,4,54,100,100,33
coronavirus_like,3,100,4,55,100,100,29
coronavirus_like,3,100,4,56,100,100,29
coronavirus_like,3,100,4,57,100,100,20
coronavirus_like,3,100,4,58,100,100,30
coronavirus_like,3,100,4,59,100,100,29
coronavirus_like,3,100,4,60,100,100,34
coronavirus_like,3,100,4,61,100,100,27
coronavirus_like,3,100,4,62,100,100,25
coronavirus_like,3,100,4,63,100,100,27
coronavirus_like,3,100,4,64,100,100,29
coronavirus_like,3,100,4,65,100,100,26
coronavirus_like,3,100,4,66,100,100,30
coronavirus_like,3,100,4,67,100,100,26
coronavirus_like,3,100,4,68,100,100,24
coronavirus_like,3,100,4,69,100,100,24
coronavirus_like,3,100,4,70,100,100,18
coronavirus_like,3,100,4,71,100,100,25
coronavirus_like,3,100,4,72,100,100,32
coronavirus_like,3,100,4,73,100,100,31
coronavirus_like,3,100,4,74,100,100,18
coronavirus_like,3,100,4,75,100,100,20
coronavirus_like,3,100,4,76,100,100,27
coronavirus_like,3,100,4,77,100,100,25
coronavirus_like,3,100,4,78,100,100,25
coronavirus_like,3,100,4,79,100,100,25
coronavirus_like,3,100,4,80,100,100,20
coronavirus_like,3,100,4,81,100,100,28
coronavirus_like,3,100,4,82,100,100,26
coronavirus_like,3,100,4,83,100,100,26
coronavirus_like,3,100,4,84,100,100,19
coronavirus_like,3,100,4,85,100,100,26
coronavirus_like,3,100,4,86,100,100,27
coronavirus_like,3,100,4,87,100,100,12
coronavirus_like,3,100,4,88,100,100,24
coronavirus_like,3,100,4,89,100,100,36
coronavirus_like,3,100,4,90,100,100,33
coronavirus_like,3,100,4,91,100,100,33
coronavirus_like,3,100,4,92,100,100,18
coronavirus_like,3,100,4,93,100,100,18
coronavirus_like,3,100,4,94,100,100,30
coronavirus_like,3,100,4,95,100,100,21
coronavirus_like,3,100,4,96,100,100,23
coronavirus_like,3,100,4,97,100,100,19
coronavirus_like,3,100,4,98,100,100,26
coronavirus_like,3,100,4,99,100,100,31
coronavirus_like,3,100,4,100,100,100,31
coronavirus_like,3,100,4,101,100,100,27
coronavirus_like,3,100,4,102,100,100,27
coronavirus_like,3,100,4,103,100,100,32
coronavirus_like,3,100,4,104,100,100,26
coronavirus_like,3,100,4,105,100,100,19
coronavirus_like,3,100,4,106,100,100,30
coronavirus_like,3,100,4,107,100,100,16
coronavirus_like,3,100,4,108,100,100,24
coronavirus_like,3,100,4,109,100,100,19
coronavirus_like,3,100,4,110,100,100,30
coronavirus_like,3,100,4,111,100,100,24
coronavirus_like,3,100,4,112,100,100,28
coronavirus_like,3,100,4,113,100,100,31
coronavirus_like,3,100,4,114,100,100,29
coronavirus_like,3,100,4,115,100,100,28
coronavirus_like,3,100,4,116,100,100,27
coronavirus_like,3,100,4,117,100,100,28
coronavirus_like,3,100,4,118,100,100,24
coronavirus_like,3,100,4,119,100,100,19
coronavirus_like,3,100,4,120,100,100,18
coronavirus_like,3,100,4,121,100,100,27
coronavirus_like,3,100,4,122,100,100,28
coronavirus_like,3,100,4,123,100,100,19
coronavirus_like,3,100,4,124,100,100,30
coronavirus_like,3,100,4,125,100,100,30
coronavirus_like,3,100,4,126,100,100,29
coronavirus_like,3,100,4,127,100,100,21
coronavirus_like,3,100,4,128,100,100,22
coronavirus_like,3,100,4,129,100,100,25
coronavirus_like,3,100,4,130,100,100,22
coronavirus_like,3,100,4,131,100,100,19
coronavirus_like,3,100,4,132,100,100,28
coronavirus_like,3,100,4,133,100,100,26
coronavirus_like,3,100,4,134,100,100,37
coronavirus_like,3,100,4,135,100,100,24
coronavirus_like,3,100,4,136,100,100,20
coronavirus_like,3,100,4,137,100,100,33
coronavirus_like,3,100,4,138,100,100,20
coronavirus_like,3,100,4,139,100,100,28
coronavirus_like,3,100,4,140,100,100,28
coronavirus_like,3,100,4,141,100,100,23
coronavirus_like,3,100,4,142,100,100,29
coronavirus_like,3,100,4,143,100,100,30
coronavirus_like,3,100,4,144,100,100,20
coronavirus_like,3,100,4,145,100,100,27
coronavirus_like,3,100,4,146,100,100,26
coronavirus_like,3,100,4,147,100,100,23
coronavirus_like,3,100,4,148,100,100,27
coronavirus_like,3,100,4,149,100,100,29
coronavirus_like,3,100,4,150,100,100,20
coronavirus_like,3,100,4,151,100,100,22
coronavirus_like,3,100,4,152,100,100,19
coronavirus_like,3,100,4,153,100,100,22
coronavirus_like,3,100,4,154,100,100,21
coronavirus_like,3,100,4,155,100,100,29
coronavirus_like,3,100,4,156,100,100,21
coronavirus_like,3,100,4,157,100,100,28
coronavirus_like,3,100,4,158,100,100,27
coronavirus_like,3,100,4,159,100,100,25
coronavirus_like,3,100,4,160,100,100,22
coronavirus_like,3,100,4,161,100,100,31
coronavirus_like,3,100,4,162,100,100,26
coronavirus_like,3,100,4,163,100,100,23
coronavirus_like,3,100,4,164,100,100,26
coronavirus_like,3,100,4,165,100,100,19
coronavirus_like,3,100,4,166,100,100,16
coronavirus_like,3,100,4,167,100,100,35
coronavirus_like,3,100,4,168,100,100,25
coronavirus_like,3,100,4,169,100,100,24
coronavirus_like,3,100,4,170,100,100,18
coronavirus_like,3,100,4,171,100,100,19
coronavirus_like,3,100,4,172,100,100,24
coronavirus_like,3,100,4,173,100,100,23
coronavirus_like,3,100,4,174,100,100,25
coronavirus_like,3,100,4,175,100,100,24
coronavirus_like,3,100,4,176,100,100,30
coronavirus_like,3,100,4,177,100,100,28
coronavirus_like,3,100,4,178,100,100,23
coronavirus_like,3,100,4,179,100,100,20
coronavirus_like,3,100,4,180,100,100,30
coronavirus_like,3,100,4,181,100,100,36
coronavirus_like,3,100,4,182,100,100,24
coronavirus_like,3,100,4,183,100,100,28
coronavirus_like,3,100,4,184,100,100,32
coronavirus_like,3,100,4,185,100,100,20
coronavirus_like,3,100,4,186,100,100,28
coronavirus_like,3,100,4,187,100,100,24
coronavirus_like,3,100,4,188,100,100,32
coronavirus_like,3,100,4,189,100,100,32
coronavirus_like,3,100,4,190,100,100,36
coronavirus_like,3,100,4,191,100,100,22
coronavirus_like,3,100,4,192,100,100,25
coronavirus_like,3,100,4,193,100,100,29
coronavirus_like,3,100,4,194,100,100,29
coronavirus_like,3,100,4,195,100,100,24
coronavirus_like,3,100,4,196,100,100,31
coronavirus_like,3,100,4,197,100,100,18
coronavirus_like,3,100,4,198,100,100,30
coronavirus_like,3,100,4,199,100,100,28
coronavirus_like,3,100,4,200,100,100,28
coronavirus_like,3,100,5,0,1,1,1
coronavirus_like,3,100,5,1,1,1,1
coronavirus_like,3,100,5,2,2,2,1
coronavirus_like,3,100,5,3,3,3,2
coronavirus_like,3,100,5,4,4,4,3
coronavirus_like,3,100,5,5,6,6,5
coronavirus_like,3,100,5,6,8,8,5
coronavirus_like,3,100,5,7,11,11,7
coronavirus_like,3,100,5,8,16,16,11
coronavirus_like,3,100,5,9,22,22,16
coronavirus_like,3,100,5,10,32,32,22
coronavirus_like,3,100,5,11,45,45,31
coronavirus_like,3,100,5,12,63,63,46
coronavirus_like,3,100,5,13,89,89,60
coronavirus_like,3,100,5,14,100,100,71
coronavirus_like,3,100,5,15,100,100,67
coronavirus_like,3,100,5,16,100,100,50
coronavirus_like,3,100,5,17,100,100,56
coronavirus_like,3,100,5,18,100,100,44
coronavirus_like,3,100,5,19,100,100,37
coronavirus_like,3,100,5,20,100,100,44
coronavirus_like,3,100,5,21,100,100,35
coronavirus_like,3,100,5,22,100,100,41
coronavirus_like,3,100,5,23,100,100,27
coronavirus_like,3,100,5,24,100,100,26
coronavirus_like,3,100,5,25,100,100,23
coronavirus_like,3,100,5,26,100,100,34
coronavirus_like,3,100,5,27,100,100,23
coronavirus_like,3,100,5,28,100,100,26
coronavirus_like,3,100,5,29,100,100,26
coronavirus_like,3,100,5,30,100,100,29
coronavirus_like,3,100,5,31,100,100,27
coronavirus_like,3,100,5,32,100,100,21
coronavirus_like,3,100,5,33,100,100,26
coronavirus_like,3,100,5,34,100,100,25
coronavirus_like,3,100,5,35,100,100,39
coronavirus_like,3,100,5,36,100,100,27
coronavirus_like,3,100,5,37,100,100,26
coronavirus_like,3,100,5,38,100,100,24
coronavirus_like,3,100,5,39,100,100,24
coronavirus_like,3,100,5,40,100,100,36
coronavirus_like,3,100,5,41,100,100,36
coronavirus_like,3,100,5,42,100,100,29
coronavirus_like,3,100,5,43,100,100,19
coronavirus_like,3,100,5,44,100,100,25
coronavirus_like,3,100,5,45,100,100,24
coronavirus_like,3,100,5,46,100,100,24
coronavirus_like,3,100,5,47,100,100,26
coronavirus_like,3,100,5,48,100,100,24
coronavirus_like,3,100,5,49,100,100,28
coronavirus_like,3,100,5,50,100,100,28
coronavirus_like,3,100,5,51,100,100,30
coronavirus_like,3,100,5,52,100,100,18
coronavirus_like,3,100,5,53,100,100,25
coronavirus_like,3,100,5,54,100,100,33
coronavirus_like,3,100,5,55,100,100,29
coronavirus_like,3,100,5,56,100,100,29
coronavirus_like,3,100,5,57,100,100,20
coronavirus_like,3,100,5,58,100,100,30
coronavirus_like,3,100,5,59,100,100,29
coronavirus_like,3,100,5,60,100,100,34
coronavirus_like,3,100,5,61,100,100,27
coronavirus_like,3,100,5,62,100,100,25
coronavirus_like,3,100,5,63,100,100,27
coronavirus_like,3,100,5,64,100,100,29
coronavirus_like,3,100,5,65,100,100,26
coronavirus_like,3,100,5,66,100,100,30
coronavirus_like,3,100,5,67,100,100,26
coronavirus_like,3,100,5,68,100,100,24
coronavirus_like,3,100,5,69,100,100,24
coronavirus_like,3,100,5,70,100,100,18
coronavirus_like,3,100,5,71,100,100,25
coronavirus_like,3,100,5,72,100,100,32
coronavirus_like,3,100,5,73,100,100,31
coronavirus_like,3,100,5,74,100,100,18
coronavirus_like,3,100,5,75,100,100,20
coronavirus_like,3,100,5,76,100,100,27
coronavirus_like,3,100,5,77,100,100,25
coronavirus_like,3,100,5,78,100,100,25
coronavirus_like,3,100,5,79,100,100,25
coronavirus_like,3,100,5,80,100,100,20
coronavirus_like,3,100,5,81,100,100,28
coronavirus_like,3,100,5,82,100,100,26
coronavirus_like,3,100,5,83,100,100,26
coronavirus_like,3,100,5,84,100,100,19
coronavirus_like,3,100,5,85,100,100,26
coronavirus_like,3,100,5,86,100,100,27
coronavirus_like,3,100,5,87,100,100,12
coronavirus_like,3,100,5,88,100,100,24
coronavirus_like,3,100,5,89,100,100,36
coronavirus_like,3,100,5,90,100,100,33
coronavirus_like,3,100,5,91,100,100,33
coronavirus_like,3,100,5,92,100,100,18
coronavirus_like,3,100,5,93,100,100,18
coronavirus_like,3,100,5,94,100,100,30
coronavirus_like,3,100,5,95,100,100,21
coronavirus_like,3,100,5,96,100,100,23
coronavirus_like,3,100,5,97,100,100,19
coronavirus_like,3,100,5,98,100,100,26
coronavirus_like,3,100,5,99,100,100,31
coronavirus_like,3,100,5,100,100,100,31
coronavirus_like,3,100,5,101,100,100,27
coronavirus_like,3,100,5,102,100,100,27
coronavirus_like,3,100,5,103,100,100,32
coronavirus_like,3,100,5,104,100,100,26
coronavirus_like,3,100,5,105,100,100,19
coronavirus_like,3,100,5,106,100,100,30
coronavirus_like,3,100,5,107,100,100,16
coronavirus_like,3,100,5,108,100,100,24
coronavirus_like,3,100,5,109,100,100,19
coronavirus_like,3,100,5,110,100,100,30
coronavirus_like,3,100,5,111,100,100,24
coronavirus_like,3,100,5,112,100,100,28
coronavirus_like,3,100,5,113,100,100,31
coronavirus_like,3,100,5,114,100,100,29
coronavirus_like,3,100,5,115,100,100,28
coronavirus_like,3,100,5,116,100,100,27
coronavirus_like,3,100,5,117,100,100,28
coronavirus_like,3,100,5,118,100,100,24
coronavirus_like,3,100,5,119,100,100,19
coronavirus_like,3,100,5,120,100,100,18
coronavirus_like,3,100,5,121,100,100,27
coronavirus_like,3,100,5,122,100,100,28
coronavirus_like,3,100,5,123,100,100,19
coronavirus_like,3,100,5,124,100,100,30
coronavirus_like,3,100,5,125,100,100,30
coronavirus_like,3,100,5,126,100,100,29
coronavirus_like,3,100,5,127,100,100,21
coronavirus_like,3,100,5,128,100,100,22
coronavirus_like,3,100,5,129,100,100,25
coronavirus_like,3,100,5,130,100,100,22
coronavirus_like,3,100,5,131,100,100,19
coronavirus_like,3,100,5,132,100,100,28
coronavirus_like,3,100,5,133,100,100,26
coronavirus_like,3,100,5,134,100,100,37
coronavirus_like,3,100,5,135,100,100,24
coronavirus_like,3,100,5,136,100,100,20
coronavirus_like,3,100,5,137,100,100,33
coronavirus_like,3,100,5,138,100,100,20
coronavirus_like,3,100,5,139,100,100,28
coronavirus_like,3,100,5,140,100,100,28
coronavirus_like,3,100,5,141,100,100,23
coronavirus_like,3,100,5,142,100,100,29
coronavirus_like,3,100,5,143,100,100,30
coronavirus_like,3,100,5,144,100,100,20
coronavirus_like,3,100,5,145,100,100,27
coronavirus_like,3,100,5,146,100,100,26
coronavirus_like,3,100,5,147,100,100,23
coronavirus_like,3,100,5,148,100,100,27
coronavirus_like,3,100,5,149,100,100,29
coronavirus_like,3,100,5,150,100,100,20
coronavirus_like,3,100,5,151,100,100,22
coronavirus_like,3,100,5,152,100,100,19
coronavirus_like,3,100,5,153,100,100,22
coronavirus_like,3,100,5,154,100,100,21
coronavirus_like,3,100,5,155,100,100,29
coronavirus_like,3,100,5,156,100,100,21
coronavirus_like,3,100,5,157,100,100,28
coronavirus_like,3,100,5,158,100,100,27
coronavirus_like,3,100,5,159,100,100,25
coronavirus_like,3,100,5,160,100,100,22
coronavirus_like,3,100,5,161,100,100,31
coronavirus_like,3,100,5,162,100,100,26
coronavirus_like,3,100,5,163,100,100,23
coronavirus_like,3,100,5,164,100,100,26
coronavirus_like,3,100,5,165,100,100,19
coronavirus_like,3,100,5,166,100,100,16
coronavirus_like,3,100,5,167,100,100,35
coronavirus_like,3,100,5,168,100,100,25
coronavirus_like,3,100,5,169,100,100,24
coronavirus_like,3,100,5,170,100,100,18
coronavirus_like,3,100,5,171,100,100,19
coronavirus_like,3,100,5,172,100,100,24
coronavirus_like,3,100,5,173,100,100,23
coronavirus_like,3,100,5,174,100,100,25
coronavirus_like,3,100,5,175,100,100,24
coronavirus_like,3,100,5,176,100,100,30
coronavirus_like,3,100,5,177,100,100,28
coronavirus_like,3,100,5,178,100,100,23
coronavirus_like,3,100,5,179,100,100,20
coronavirus_like,3,100,5,180,100,100,30
coronavirus_like,3,100,5,181,100,100,36
coronavirus_like,3,100,5,182,100,100,24
coronavirus_like,3,100,5,183,100,100,28
coronavirus_like,3,100,5,184,100,100,32
coronavirus_like,3,100,5,185,100,100,20
coronavirus_like,3,100,5,186,100,100,28
coronavirus_like,3,100,5,187,100,100,24
coronavirus_like,3,100,5,188,100,100,32
coronavirus_like,3,100,5,189,100,100,32
coronavirus_like,3,100,5,190,100,100,36
coronavirus_like,3,100,5,191,100,100,22
coronavirus_like,3,100,5,192,100,100,25
coronavirus_like,3,100,5,193,100,100,29
coronavirus_like,3,100,5,194,100,100,29
coronavirus_like,3,100,5,195,100,100,24
coronavirus_like,3,100,5,196,100,100,31
coronavirus_like,3,100,5,197,100,100,18
coronavirus_like,3,100,5,198,100,100,30
coronavirus_like,3,100,5,199,100,100,28
coronavirus_like,3,100,5,200,100,100,28
coronavirus_like,4,20,3,0,1,1,1
coronavirus_like,4,20,3,1,1,1,1
coronavirus_like,4,20,3,2,2,2,1
coronavirus_like,4,20,3,3,3,3,3
coronavirus_like,4,20,3,4,4,4,4
coronavirus_like,4,20,3,5,6,6,6
coronavirus_like,4,20,3,6,8,8,5
coronavirus_like,4,20,3,7,11,11,5
coronavirus_like,4,20,3,8,16,16,12
coronavirus_like,4,20,3,9,20,20,14
coronavirus_like,4,20,3,10,20,20,12
coronavirus_like,4,20,3,11,20,20,7
coronavirus_like,4,20,3,12,20,20,16
coronavirus_like,4,20,3,13,20,20,11
coronavirus_like,4,20,3,14,20,20,9
coronavirus_like,4,20,3,15,20,20,11
coronavirus_like,4,20,3,16,20,20,8
coronavirus_like,4,20,3,17,20,20,8
coronavirus_like,4,20,3,18,20,20,7
coronavirus_like,4,20,3,19,20,20,2
coronavirus_like,4,20,3,20,20,20,2
coronavirus_like,4,20,3,21,20,20,3
coronavirus_like,4,20,3,22,20,20,2
coronavirus_like,4,20,3,23,20,20,2
coronavirus_like,4,20,3,24,20,20,0
coronavirus_like,4,20,3,25,20,20,1
coronavirus_like,4,20,3,26,20,20,1
coronavirus_like,4,20,3,27,20,20,1
coronavirus_like,4,20,3,28,20,20,2
coronavirus_like,4,20,3,29,20,20,2
coronavirus_like,4,20,3,30,20,20,0
coronavirus_like,4,20,3,31,20,20,3
coronavirus_like,4,20,3,32,20,20,1
coronavirus_like,4,20,3,33,20,20,3
coronavirus_like,4,20,3,34,20,20,1
coronavirus_like,4,20,3,35,20,20,2
coronavirus_like,4,20,3,36,20,20,3
coronavirus_like,4,20,3,37,20,20,3
coronavirus_like,4,20,3,38,20,20,0
coronavirus_like,4,20,3,39,20,20,2
coronavirus_like,4,20,3,40,20,20,1
coronavirus_like,4,20,3,41,20,20,3
coronavirus_like,4,20,3,42,20,20,2
coronavirus_like,4,20,3,43,20,20,0
coronavirus_like,4,20,3,44,20,20,2
coronavirus_like,4,20,3,45,20,20,0
coronavirus_like,4,20,3,46,20,20,0
coronavirus_like,4,20,3,47,20,20,0
coronavirus_like,4,20,3,48,20,20,2
coronavirus_like,4,20,3,49,20,20,3
coronavirus_like,4,20,3,50,20,20,0
coronavirus_like,4,20,3,51,20,20,4
coronavirus_like,4,20,3,52,20,20,3
coronavirus_like,4,20,3,53,20,20,2
coronavirus_like,4,20,3,54,20,20,1
coronavirus_like,4,20,3,55,20,20,1
coronavirus_like,4,20,3,56,20,20,0
coronavirus_like,4,20,3,57,20,20,3
coronavirus_like,4,20,3,58,20,20,2
coronavirus_like,4,20,3,59,20,20,1
coronavirus_like,4,20,3,60,20,20,0
coronavirus_like,4,20,3,61,20,20,0
coronavirus_like,4,20,3,62,20,20,2
coronavirus_like,4,20,3,63,20,20,0
coronavirus_like,4,20,3,64,20,20,1
coronavirus_like,4,20,3,65,20,20,1
coronavirus_like,4,20,3,66,20,20,1
coronavirus_like,4,20,3,67,20,20,0
coronavirus_like,4,20,3,68,20,20,1
coronavirus_like,4,20,3,69,20,20,1
coronavirus_like,4,20,3,70,20,20,3
coronavirus_like,4,20,3,71,20,20,1
coronavirus_like,4,20,3,72,20,20,2
coronavirus_like,4,20,3,73,20,20,3
coronavirus_like,4,20,3,74,20,20,1
coronavirus_like,4,20,3,75,20,20,1
coronavirus_like,4,20,3,76,20,20,1
coronavirus_like,4,20,3,77,20,20,6
coronavirus_like,4,20,3,78,20,20,0
coronavirus_like,4,20,3,79,20,20,2
coronavirus_like,4,20,3,80,20,20,2
coronavirus_like,4,20,3,81,20,20,4
coronavirus_like,4,20,3,82,20,20,3
coronavirus_like,4,20,3,83,20,20,5
coronavirus_like,4,20,3,84,20,20,3
coronavirus_like,4,20,3,85,20,20,1
coronavirus_like,4,20,3,86,20,20,1
coronavirus_like,4,20,3,87,20,20,3
coronavirus_like,4,20,3,88,20,20,4
coronavirus_like,4,20,3,89,20,20,2
coronavirus_like,4,20,3,90,20,20,0
coronavirus_like,4,20,3,91,20,20,2
coronavirus_like,4,20,3,92,20,20,3
coronavirus_like,4,20,3,93,20,20,2
coronavirus_like,4,20,3,94,20,20,4
coronavirus_like,4,20,3,95,20,20,4
coronavirus_like,4,20,3,96,20,20,0
coronavirus_like,4,20,3,97,20,20,3
coronavirus_like,4,20,3,98,20,20,4
coronavirus_like,4,20,3,99,20,20,3
coronavirus_like,4,20,3,100,20,20,2
coronavirus_like,4,20,3,101,20,20,3
coronavirus_like,4,20,3,102,20,20,2
coronavirus_like,4,20,3,103,20,20,1
coronavirus_like,4,20,3,104,20,20,1
coronavirus_like,4,20,3,105,20,20,0
coronavirus_like,4,20,3,106,20,20,2
coronavirus_like,4,20,3,107,20,20,2
coronavirus_like,4,20,3,108,20,20,1
coronavirus_like,4,20,3,109,20,20,2
coronavirus_like,4,20,3,110,20,20,1
coronavirus_like,4,20,3,111,20,20,1
coronavirus_like,4,20,3,112,20,20,2
coronavirus_like,4,20,3,113,20,20,2
coronavirus_like,4,20,3,114,20,20,0
coronavirus_like,4,20,3,115,20,20,3
coronavirus_like,4,20,3,116,20,20,2
coronavirus_like,4,20,3,117,20,20,2
coronavirus_like,4,20,3,118,20,20,4
coronavirus_like,4,20,3,119,20,20,1
coronavirus_like,4,20,3,120,20,20,2
coronavirus_like,4,20,3,121,20,20,1
coronavirus_like,4,20,3,122,20,20,1
coronavirus_like,4,20,3,123,20,20,0
coronavirus_like,4,20,3,124,20,20,4
coronavirus_like,4,20,3,125,20,20,1
coronavirus_like,4,20,3,126,20,20,1
coronavirus_like,4,20,3,127,20,20,1
coronavirus_like,4,20,3,128,20,20,0
coronavirus_like,4,20,3,129,20,20,0
coronavirus_like,4,20,3,130,20,20,1
coronavirus_like,4,20,3,131,20,20,1
coronavirus_like,4,20,3,132,20,20,2
coronavirus_like,4,20,3,133,20,20,2
coronavirus_like,4,20,3,134,20,20,3
coronavirus_like,4,20,3,135,20,20,4
coronavirus_like,4,20,3,136,20,20,2
coronavirus_like,4,20,3,137,20,20,1
coronavirus_like,4,20,3,138,20,20,2
coronavirus_like,4,20,3,139,20,20,3
coronavirus_like,4,20,3,140,20,20,2
coronavirus_like,4,20,3,141,20,20,3
coronavirus_like,4,20,3,142,20,20,3
coronavirus_like,4,20,3,143,20,20,2
coronavirus_like,4,20,3,144,20,20,3
coronavirus_like,4,20,3,145,20,20,1
coronavirus_like,4,20,3,146,20,20,1
coronavirus_like,4,20,3,147,20,20,3
coronavirus_like,4,20,3,148,20,20,0
coronavirus_like,4,20,3,149,20,20,2
coronavirus_like,4,20,3,150,20,20,4
coronavirus_like,4,20,3,151,20,20,3
coronavirus_like,4,20,3,152,20,20,1
coronavirus_like,4,20,3,153,20,20,1
coronavirus_like,4,20,3,154,20,20,0
coronavirus_like,4,20,3,155,20,20,0
coronavirus_like,4,20,3,156,20,20,1
coronavirus_like,4,20,3,157,20,20,2
coronavirus_like,4,20,3,158,20,20,2
coronavirus_like,4,20,3,159,20,20,2
coronavirus_like,4,20,3,160,20,20,1
coronavirus_like,4,20,3,161,20,20,4
coronavirus_like,4,20,3,162,20,20,2
coronavirus_like,4,20,3,163,20,20,3
coronavirus_like,4,20,3,164,20,20,0
coronavirus_like,4,20,3,165,20,20,0
coronavirus_like,4,20,3,166,20,20,3
coronavirus_like,4,20,3,167,20,20,1
coronavirus_like,4,20,3,168,20,20,2
coronavirus_like,4,20,3,169,20,20,0
coronavirus_like,4,20,3,170,20,20,0
coronavirus_like,4,20,3,171,20,20,1
coronavirus_like,4,20,3,172,20,20,2
coronavirus_like,4,20,3,173,20,20,1
coronavirus_like,4,20,3,174,20,20,1
coronavirus_like,4,20,3,175,20,20,4
coronavirus_like,4,20,3,176,20,20,1
coronavirus_like,4,20,3,177,20,20,1
coronavirus_like,4,20,3,178,20,20,5
coronavirus_like,4,20,3,179,20,20,1
coronavirus_like,4,20,3,180,20,20,1
coronavirus_like,4,20,3,181,20,20,3
coronavirus_like,4,20,3,182,20,20,2
coronavirus_like,4,20,3,183,20,20,1
coronavirus_like,4,20,3,184,20,20,0
coronavirus_like,4,20,3,185,20,20,2
coronavirus_like,4,20,3,186,20,20,3
coronavirus_like,4,20,3,187,20,20,1
coronavirus_like,4,20,3,188,20,20,3
coronavirus_like,4,20,3,189,20,20,1
coronavirus_like,4,20,3,190,20,20,1
coronavirus_like,4,20,3,191,20,20,1
coronavirus_like,4,20,3,192,20,20,4
coronavirus_like,4,20,3,193,20,20,5
coronavirus_like,4,20,3,194,20,20,2
coronavirus_like,4,20,3,195,20,20,0
coronavirus_like,4,20,3,196,20,20,0
coronavirus_like,4,20,3,197,20,20,0
coronavirus_like,4,20,3,198,20,20,1
coronavirus_like,4,20,3,199,20,20,4
coronavirus_like,4,20,3,200,20,20,1
coronavirus_like,4,20,4,0,1,1,1
coronavirus_like,4,20,4,1,1,1,1
coronavirus_like,4,20,4,2,2,2,1
coronavirus_like,4,20,4,3,3,3,3
coronavirus_like,4,20,4,4,4,4,4
coronavirus_like,4,20,4,5,6,6,6
coronavirus_like,4,20,4,6,8,8,5
coronavirus_like,4,20,4,7,11,11,5
coronavirus_like,4,20,4,8,16,16,12
coronavirus_like,4,20,4,9,20,20,14
coronavirus_like,4,20,4,10,20,20,12
coronavirus_like,4,20,4,11,20,20,7
coronavirus_like,4,20,4,12,20,20,16
coronavirus_like,4,20,4,13,20,20,11
coronavirus_like,4,20,4,14,20,20,9
coronavirus_like,4,20,4,15,20,20,11
coronavirus_like,4,20,4,16,20,20,8
coronavirus_like,4,20,4,17,20,20,8
coronavirus_like,4,20,4,18,20,20,7
coronavirus_like,4,20,4,19,20,20,2
coronavirus_like,4,20,4,20,20,20,2
coronavirus_like,4,20,4,21,20,20,3
coronavirus_like,4,20,4,22,20,20,2
coronavirus_like,4,20,4,23,20,20,2
coronavirus_like,4,20,4,24,20,20,0
coronavirus_like,4,20,4,25,20,20,1
coronavirus_like,4,20,4,26,20,20,1
coronavirus_like,4,20,4,27,20,20,1
coronavirus_like,4,20,4,28,20,20,2
coronavirus_like,4,20,4,29,20,20,2
coronavirus_like,4,20,4,30,20,20,0
coronavirus_like,4,20,4,31,20,20,3
coronavirus_like,4,20,4,32,20,20,1
coronavirus_like,4,20,4,33,20,20,3
coronavirus_like,4,20,4,34,20,20,1
coronavirus_like,4,20,4,35,20,20,2
coronavirus_like,4,20,4,36,20,20,3
coronavirus_like,4,20,4,37,20,20,3
coronavirus_like,4,20,4,38,20,20,0
coronavirus_like,4,20,4,39,20,20,2
coronavirus_like,4,20,4,40,20,20,1
coronavirus_like,4,20,4,41,20,20,3
coronavirus_like,4,20,4,42,20,20,2
coronavirus_like,4,20,4,43,20,20,0
coronavirus_like,4,20,4,44,20,20,2
coronavirus_like,4,20,4,45,20,20,0
coronavirus_like,4,20,4,46,20,20,0
coronavirus_like,4,20,4,47,20,20,0
coronavirus_like,4,20,4,48,20,20,2
coronavirus_like,4,20,4,49,20,20,3
coronavirus_like,4,20,4,50,20,20,0
coronavirus_like,4,20,4,51,20,20,4
coronavirus_like,4,20,4,52,20,20,3
coronavirus_like,4,20,4,53,20,20,2
coronavirus_like,4,20,4,54,20,20,1
coronavirus_like,4,20,4,55,20,20,1
coronavirus_like,4,20,4,56,20,20,0
coronavirus_like,4,20,4,57,20,20,3
coronavirus_like,4,20,4,58,20,20,2
coronavirus_like,4,20,4,59,20,20,1
coronavirus_like,4,20,4,60,20,20,0
coronavirus_like,4,20,4,61,20,20,0
coronavirus_like,4,20,4,62,20,20,2
coronavirus_like,4,20,4,63,20,20,0
coronavirus_like,4,20,4,64,20,20,1
coronavirus_like,4,20,4,65,20,20,1
coronavirus_like,4,20,4,66,20,20,1
coronavirus_like,4,20,4,67,20,20,0
coronavirus_like,4,20,4,68,20,20,1
coronavirus_like,4,20,4,69,20,20,1
coronavirus_like,4,20,4,70,20,20,3
coronavirus_like,4,20,4,71,20,20,1
coronavirus_like,4,20,4,72,20,20,2
coronavirus_like,4,20,4,73,20,20,3
coronavirus_like,4,20,4,74,20,20,1
coronavirus_like,4,20,4,75,20,20,1
coronavirus_like,4,20,4,76,20,20,1
coronavirus_like,4,20,4,77,20,20,6
coronavirus_like,4,20,4,78,20,20,0
coronavirus_like,4,20,4,79,20,20,2
coronavirus_like,4,20,4,80,20,20,2
coronavirus_like,4,20,4,81,20,20,4
coronavirus_like,4,20,4,82,20,20,3
coronavirus_like,4,20,4,83,20,20,5
coronavirus_like,4,20,4,84,20,20,3
coronavirus_like,4,20,4,85,20,20,1
coronavirus_like,4,20,4,86,20,20,1
coronavirus_like,4,20,4,87,20,20,3
coronavirus_like,4,20,4,88,20,20,4
coronavirus_like,4,20,4,89,20,20,2
coronavirus_like,4,20,4,90,20,20,0
coronavirus_like,4,20,4,91,20,20,2
coronavirus_like,4,20,4,92,20,20,3
coronavirus_like,4,20,4,93,20,20,2
coronavirus_like,4,20,4,94,20,20,4
coronavirus_like,4,20,4,95,20,20,4
coronavirus_like,4,20,4,96,20,20,0
coronavirus_like,4,20,4,97,20,20,3
coronavirus_like,4,20,4,98,20,20,4
coronavirus_like,4,20,4,99,20,20,3
coronavirus_like,4,20,4,100,20,20,2
coronavirus_like,4,20,4,101,20,20,3
coronavirus_like,4,20,4,102,20,20,2
coronavirus_like,4,20,4,103,20,20,1
coronavirus_like,4,20,4,104,20,20,1
coronavirus_like,4,20,4,105,20,20,0
coronavirus_like,4,20,4,106,20,20,2
coronavirus_like,4,20,4,107,20,20,2
coronavirus_like,4,20,4,108,20,20,1
coronavirus_like,4,20,4,109,20,20,2
coronavirus_like,4,20,4,110,20,20,1
coronavirus_like,4,20,4,111,20,20,1
coronavirus_like,4,20,4,112,20,20,2
coronavirus_like,4,20,4,113,20,20,2
coronavirus_like,4,20,4,114,20,20,0
coronavirus_like,4,20,4,115,20,20,3
coronavirus_like,4,20,4,116,20,20,2
coronavirus_like,4,20,4,117,20,20,2
coronavirus_like,4,20,4,118,20,20,4
coronavirus_like,4,20,4,119,20,20,1
coronavirus_like,4,20,4,120,20,20,2
coronavirus_like,4,20,4,121,20,20,1
coronavirus_like,4,20,4,122,20,20,1
coronavirus_like,4,20,4,123,20,20,0
coronavirus_like,4,20,4,124,20,20,4
coronavirus_like,4,20,4,125,20,20,1
coronavirus_like,4,20,4,126,20,20,1
coronavirus_like,4,20,4,127,20,20,1
coronavirus_like,4,20,4,128,20,20,0
coronavirus_like,4,20,4,129,20,20,0
coronavirus_like,4,20,4,130,20,20,1
coronavirus_like,4,20,4,131,20,20,1
coronavirus_like,4,20,4,132,20,20,2
coronavirus_like,4,20,4,133,20,20,2
coronavirus_like,4,20,4,134,20,20,3
coronavirus_like,4,20,4,135,20,20,4
coronavirus_like,4,20,4,136,20,20,2
coronavirus_like,4,20,4,137,20,20,1
coronavirus_like,4,20,4,138,20,20,2
coronavirus_like,4,20,4,139,20,20,3
coronavirus_like,4,20,4,140,20,20,2
coronavirus_like,4,20,4,141,20,20,3
coronavirus_like,4,20,4,142,20,20,3
coronavirus_like,4,20,4,143,20,20,2
coronavirus_like,4,20,4,144,20,20,3
coronavirus_like,4,20,4,145,20,20,1
coronavirus_like,4,20,4,146,20,20,1
coronavirus_like,4,20,4,147,20,20,3
coronavirus_like,4,20,4,148,20,20,0
coronavirus_like,4,20,4,149,20,20,2
coronavirus_like,4,20,4,150,20,20,4
coronavirus_like,4,20,4,151,20,20,3
coronavirus_like,4,20,4,152,20,20,1
coronavirus_like,4,20,4,153,20,20,1
coronavirus_like,4,20,4,154,20,20,0
coronavirus_like,4,20,4,155,20,20,0
coronavirus_like,4,20,4,156,20,20,1
coronavirus_like,4,20,4,157,20,20,2
coronavirus_like,4,20,4,158,20,20,2
coronavirus_like,4,20,4,159,20,20,2
coronavirus_like,4,20,4,160,20,20,1
coronavirus_like,4,20,4,161,20,20,4
coronavirus_like,4,20,4,162,20,20,2
coronavirus_like,4,20,4,163,20,20,3
coronavirus_like,4,20,4,164,20,20,0
coronavirus_like,4,20,4,165,20,20,0
coronavirus_like,4,20,4,166,20,20,3
coronavirus_like,4,20,4,167,20,20,1
coronavirus_like,4,20,4,168,20,20,2
coronavirus_like,4,20,4,169,20,20,0
coronavirus_like,4,20,4,170,20,20,0
coronavirus_like,4,20,4,171,20,20,1
coronavirus_like,4,20,4,172,20,20,2
coronavirus_like,4,20,4,173,20,20,1
coronavirus_like,4,20,4,174,20,20,1
coronavirus_like,4,20,4,175,20,20,4
coronavirus_like,4,20,4,176,20,20,1
coronavirus_like,4,20,4,177,20,20,1
coronavirus_like,4,20,4,178,20,20,5
coronavirus_like,4,20,4,179,20,20,1
coronavirus_like,4,20,4,180,20,20,1
coronavirus_like,4,20,4,181,20,20,3
coronavirus_like,4,20,4,182,20,20,2
coronavirus_like,4,20,4,183,20,20,1
coronavirus_like,4,20,4,184,20,20,0
coronavirus_like,4,20,4,185,20,20,2
coronavirus_like,4,20,4,186,20,20,3
coronavirus_like,4,20,4,187,20,20,1
coronavirus_like,4,20,4,188,20,20,3
coronavirus_like,4,20,4,189,20,20,1
coronavirus_like,4,20,4,190,20,20,1
coronavirus_like,4,20,4,191,20,20,1
coronavirus_like,4,20,4,192,20,20,4
coronavirus_like,4,20,4,193,20,20,5
coronavirus_like,4,20,4,194,20,20,2
coronavirus_like,4,20,4,195,20,20,0
coronavirus_like,4,20,4,196,20,20,0
coronavirus_like,4,20,4,197,20,20,0
coronavirus_like,4,20,4,198,20,20,1
coronavirus_like,4,20,4,199,20,20,4
coronavirus_like,4,20,4,200,20,20,1
coronavirus_like,4,20,5,0,1,1,1
coronavirus_like,4,20,5,1,1,1,1
coronavirus_like,4,20,5,2,2,2,1
coronavirus_like,4,20,5,3,3,3,3
coronavirus_like,4,20,5,4,4,4,4
coronavirus_like,4,20,5,5,6,6,6
coronavirus_like,4,20,5,6,8,8,5
coronavirus_like,4,20,5,7,11,11,5
coronavirus_like,4,20,5,8,16,16,12
coronavirus_like,4,20,5,9,20,20,14
coronavirus_like,4,20,5,10,20,20,12
coronavirus_like,4,20,5,11,20,20,7
coronavirus_like,4,20,5,12,20,20,16
coronavirus_like,4,20,5,13,20,20,11
coronavirus_like,4,20,5,14,20,20,9
coronavirus_like,4,20,5,15,20,20,11
coronavirus_like,4,20,5,16,20,20,8
coronavirus_like,4,20,5,17,20,20,8
coronavirus_like,4,20,5,18,20,20,7
coronavirus_like,4,20,5,19,20,20,2
coronavirus_like,4,20,5,20,20,20,2
coronavirus_like,4,20,5,21,20,20,3
coronavirus_like,4,20,5,22,20,20,2
coronavirus_like,4,20,5,23,20,20,2
coronavirus_like,4,20,5,24,20,20,0
coronavirus_like,4,20,5,25,20,20,1
coronavirus_like,4,20,5,26,20,20,1
coronavirus_like,4,20,5,27,20,20,1
coronavirus_like,4,20,5,28,20,20,2
coronavirus_like,4,20,5,29,20,20,2
coronavirus_like,4,20,5,30,20,20,0
coronavirus_like,4,20,5,31,20,20,3
coronavirus_like,4,20,5,32,20,20,1
coronavirus_like,4,20,5,33,20,20,3
coronavirus_like,4,20,5,34,20,20,1
coronavirus_like,4,20,5,35,20,20,2
coronavirus_like,4,20,5,36,20,20,3
coronavirus_like,4,20,5,37,20,20,3
coronavirus_like,4,20,5,38,20,20,0
coronavirus_like,4,20,5,39,20,20,2
coronavirus_like,4,20,5,40,20,20,1
coronavirus_like,4,20,5,41,20,20,3
coronavirus_like,4,20,5,42,20,20,2
coronavirus_like,4,20,5,43,20,20,0
coronavirus_like,4,20,5,44,20,20,2
coronavirus_like,4,20,5,45,20,20,0
coronavirus_like,4,20,5,46,20,20,0
coronavirus_like,4,20,5,47,20,20,0
coronavirus_like,4,20,5,48,20,20,2
coronavirus_like,4,20,5,49,20,20,3
coronavirus_like,4,20,5,50,20,20,0
coronavirus_like,4,20,5,51,20,20,4
coronavirus_like,4,20,5,52,20,20,3
coronavirus_like,4,20,5,53,20,20,2
coronavirus_like,4,20,5,54,20,20,1
coronavirus_like,4,20,5,55,20,20,1
coronavirus_like,4,20,5,56,20,20,0
coronavirus_like,4,20,5,57,20,20,3
coronavirus_like,4,20,5,58,20,20,2
coronavirus_like,4,20,5,59,20,20,1
coronavirus_like,4,20,5,60,20,20,0
coronavirus_like,4,20,5,61,20,20,0
coronavirus_like,4,20,5,62,20,20,2
coronavirus_like,4,20,5,63,20,20,0
coronavirus_like,4,20,5,64,20,20,1
coronavirus_like,4,20,5,65,20,20,1
coronavirus_like,4,20,5,66,20,20,1
coronavirus_like,4,20,5,67,20,20,0
coronavirus_like,4,20,5,68,20,20,1
coronavirus_like,4,20,5,69,20,20,1
coronavirus_like,4,20,5,70,20,20,3
coronavirus_like,4,20,5,71,20,20,1
coronavirus_like,4,20,5,72,20,20,2
coronavirus_like,4,20,5,73,20,20,3
coronavirus_like,4,20,5,74,20,20,1
coronavirus_like,4,20,5,75,20,20,1
coronavirus_like,4,20,5,76,20,20,1
coronavirus_like,4,20,5,77,20,20,6
coronavirus_like,4,20,5,78,20,20,0
coronavirus_like,4,20,5,79,20,20,2
coronavirus_like,4,20,5,80,20,20,2
coronavirus_like,4,20,5,81,20,20,4
coronavirus_like,4,20,5,82,20,20,3
coronavirus_like,4,20,5,83,20,20,5
coronavirus_like,4,20,5,84,20,20,3
coronavirus_like,4,20,5,85,20,20,1
coronavirus_like,4,20,5,86,20,20,1
coronavirus_like,4,20,5,87,20,20,3
coronavirus_like,4,20,5,88,20,20,4
coronavirus_like,4,20,5,89,20,20,2
coronavirus_like,4,20,5,90,20,20,0
coronavirus_like,4,20,5,91,20,20,2
coronavirus_like,4,20,5,92,20,20,3
coronavirus_like,4,20,5,93,20,20,2
coronavirus_like,4,20,5,94,20,20,4
coronavirus_like,4,20,5,95,20,20,4
coronavirus_like,4,20,5,96,20,20,0
coronavirus_like,4,20,5,97,20,20,3
coronavirus_like,4,20,5,98,20,20,4
coronavirus_like,4,20,5,99,20,20,3
coronavirus_like,4,20,5,100,20,20,2
coronavirus_like,4,20,5,101,20,20,3
coronavirus_like,4,20,5,102,20,20,2
coronavirus_like,4,20,5,103,20,20,1
coronavirus_like,4,20,5,104,20,20,1
coronavirus_like,4,20,5,105,20,20,0
coronavirus_like,4,20,5,106,20,20,2
coronavirus_like,4,20,5,107,20,20,2
coronavirus_like,4,20,5,108,20,20,1
coronavirus_like,4,20,5,109,20,20,2
coronavirus_like,4,20,5,110,20,20,1
coronavirus_like,4,20,5,111,20,20,1
coronavirus_like,4,20,5,112,20,20,2
coronavirus_like,4,20,5,113,20,20,2
coronavirus_like,4,20,5,114,20,20,0
coronavirus_like,4,20,5,115,20,20,3
coronavirus_like,4,20,5,116,20,20,2
coronavirus_like,4,20,5,117,20,20,2
coronavirus_like,4,20,5,118,20,20,4
coronavirus_like,4,20,5,119,20,20,1
coronavirus_like,4,20,5,120,20,20,2
coronavirus_like,4,20,5,121,20,20,1
coronavirus_like,4,20,5,122,20,20,1
coronavirus_like,4,20,5,123,20,20,0
coronavirus_like,4,20,5,124,20,20,4
coronavirus_like,4,20,5,125,20,20,1
coronavirus_like,4,20,5,126,20,20,1
coronavirus_like,4,20,5,127,20,20,1
coronavirus_like,4,20,5,128,20,20,0
coronavirus_like,4,20,5,129,20,20,0
coronavirus_like,4,20,5,130,20,20,1
coronavirus_like,4,20,5,131,20,20,1
coronavirus_like,4,20,5,132,20,20,2
coronavirus_like,4,20,5,133,20,20,2
coronavirus_like,4,20,5,134,20,20,3
coronavirus_like,4,20,5,135,20,20,4
coronavirus_like,4,20,5,136,20,20,2
coronavirus_like,4,20,5,137,20,20,1
coronavirus_like,4,20,5,138,20,20,2
coronavirus_like,4,20,5,139,20,20,3
coronavirus_like,4,20,5,140,20,20,2
coronavirus_like,4,20,5,141,20,20,3
coronavirus_like,4,20,5,142,20,20,3
coronavirus_like,4,20,5,143,20,20,2
coronavirus_like,4,20,5,144,20,20,3
coronavirus_like,4,20,5,145,20,20,1
coronavirus_like,4,20,5,146,20,20,1
coronavirus_like,4,20,5,147,20,20,3
coronavirus_like,4,20,5,148,20,20,0
coronavirus_like,4,20,5,149,20,20,2
coronavirus_like,4,20,5,150,20,20,4
coronavirus_like,4,20,5,151,20,20,3
coronavirus_like,4,20,5,152,20,20,1
coronavirus_like,4,20,5,153,20,20,1
coronavirus_like,4,20,5,154,20,20,0
coronavirus_like,4,20,5,155,20,20,0
coronavirus_like,4,20,5,156,20,20,1
coronavirus_like,4,20,5,157,20,20,2
coronavirus_like,4,20,5,158,20,20,2
coronavirus_like,4,20,5,159,20,20,2
coronavirus_like,4,20,5,160,20,20,1
coronavirus_like,4,20,5,161,20,20,4
coronavirus_like,4,20,5,162,20,20,2
coronavirus_like,4,20,5,163,20,20,3
coronavirus_like,4,20,5,164,20,20,0
coronavirus_like,4,20,5,165,20,20,0
coronavirus_like,4,20,5,166,20,20,3
coronavirus_like,4,20,5,167,20,20,1
coronavirus_like,4,20,5,168,20,20,2
coronavirus_like,4,20,5,169,20,20,0
coronavirus_like,4,20,5,170,20,20,0
coronavirus_like,4,20,5,171,20,20,1
coronavirus_like,4,20,5,172,20,20,2
coronavirus_like,4,20,5,173,20,20,1
coronavirus_like,4,20,5,174,20,20,1
coronavirus_like,4,20,5,175,20,20,4
coronavirus_like,4,20,5,176,20,20,1
coronavirus_like,4,20,5,177,20,20,1
coronavirus_like,4,20,5,178,20,20,5
coronavirus_like,4,20,5,179,20,20,1
coronavirus_like,4,20,5,180,20,20,1
coronavirus_like,4,20,5,181,20,20,3
coronavirus_like,4,20,5,182,20,20,2
coronavirus_like,4,20,5,183,20,20,1
coronavirus_like,4,20,5,184,20,20,0
coronavirus_like,4,20,5,185,20,20,2
coronavirus_like,4,20,5,186,20,20,3
coronavirus_like,4,20,5,187,20,20,1
coronavirus_like,4,20,5,188,20,20,3
coronavirus_like,4,20,5,189,20,20,1
coronavirus_like,4,20,5,190,20,20,1
coronavirus_like,4,20,5,191,20,20,1
coronavirus_like,4,20,5,192,20,20,4
coronavirus_like,4,20,5,193,20,20,5
coronavirus_like,4,20,5,194,20,20,2
coronavirus_like,4,20,5,195,20,20,0
coronavirus_like,4,20,5,196,20,20,0
coronavirus_like,4,20,5,197,20,20,0
coronavirus_like,4,20,5,198,20,20,1
coronavirus_like,4,20,5,199,20,20,4
coronavirus_like,4,20,5,200,20,20,1
coronavirus_like,4,100,3,0,1,1,1
coronavirus_like,4,100,3,1,1,1,1
coronavirus_like,4,100,3,2,2,2,1
coronavirus_like,4,100,3,3,3,3,3
coronavirus_like,4,100,3,4,4,4,4
coronavirus_like,4,100,3,5,6,6,6
coronavirus_like,4,100,3,6,8,8,5
coronavirus_like,4,100,3,7,11,11,5
coronavirus_like,4,100,3,8,16,16,12
coronavirus_like,4,100,3,9,22,22,16
coronavirus_like,4,100,3,10,32,32,17
coronavirus_like,4,100,3,11,45,45,33
coronavirus_like,4,100,3,12,63,63,49
coronavirus_like,4,100,3,13,89,89,63
coronavirus_like,4,100,3,14,100,100,73
coronavirus_like,4,100,3,15,100,100,62
coronavirus_like,4,100,3,16,100,100,63
coronavirus_like,4,100,3,17,100,100,53
coronavirus_like,4,100,3,18,100,100,46
coronavirus_like,4,100,3,19,100,100,41
coronavirus_like,4,100,3,20,100,100,39
coronavirus_like,4,100,3,21,100,100,24
coronavirus_like,4,100,3,22,100,100,30
coronavirus_like,4,100,3,23,100,100,28
coronavirus_like,4,100,3,24,100,100,34
coronavirus_like,4,100,3,25,100,100,27
coronavirus_like,4,100,3,26,100,100,25
coronavirus_like,4,100,3,27,100,100,21
coronavirus_like,4,100,3,28,100,100,21
coronavirus_like,4,100,3,29,100,100,26
coronavirus_like,4,100,3,30,100,100,24
coronavirus_like,4,100,3,31,100,100,36
coronavirus_like,4,100,3,32,100,100,30
coronavirus_like,4,100,3,33,100,100,24
coronavirus_like,4,100,3,34,100,100,21
coronavirus_like,4,100,3,35,100,100,36
coronavirus_like,4,100,3,36,100,100,27
coronavirus_like,4,100,3,37,100,100,20
coronavirus_like,4,100,3,38,100,100,24
coronavirus_like,4,100,3,39,100,100,22
coronavirus_like,4,100,3,40,100,100,33
coronavirus_like,4,100,3,41,100,100,33
coronavirus_like,4,100,3,42,100,100,29
coronavirus_like,4,100,3,43,100,100,22
coronavirus_like,4,100,3,44,100,100,26
coronavirus_like,4,100,3,45,100,100,24
coronavirus_like,4,100,3,46,100,100,25
coronavirus_like,4,100,3,47,100,100,26
coronavirus_like,4,100,3,48,100,100,24
coronavirus_like,4,100,3,49,100,100,24
coronavirus_like,4,100,3,50,100,100,30
coronavirus_like,4,100,3,51,100,100,29
coronavirus_like,4,100,3,52,100,100,24
coronavirus_like,4,100,3,53,100,100,24
coronavirus_like,4,100,3,54,100,100,28
coronavirus_like,4,100,3,55,100,100,33
coronavirus_like,4,100,3,56,100,100,25
coronavirus_like,4,100,3,57,100,100,33
coronavirus_like,4,100,3,58,100,100,23
coronavirus_like,4,100,3,59,100,100,23
coronavirus_like,4,100,3,60,100,100,24
coronavirus_like,4,100,3,61,100,100,29
coronavirus_like,4,100,3,62,100,100,26
coronavirus_like,4,100,3,63,100,100,15
coronavirus_like,4,100,3,64,100,100,21
coronavirus_like,4,100,3,65,100,100,26
coronavirus_like,4,100,3,66,100,100,23
coronavirus_like,4,100,3,67,100,100,26
coronavirus_like,4,100,3,68,100,100,29
coronavirus_like,4,100,3,69,100,100,31
coronavirus_like,4,100,3,70,100,100,26
coronavirus_like,4,100,3,71,100,100,24
coronavirus_like,4,100,3,72,100,100,33
coronavirus_like,4,100,3,73,100,100,25
coronavirus_like,4,100,3,74,100,100,29
coronavirus_like,4,100,3,75,100,100,27
coronavirus_like,4,100,3,76,100,100,28
coronavirus_like,4,100,3,77,100,100,31
coronavirus_like,4,100,3,78,100,100,28
coronavirus_like,4,100,3,79,100,100,31
coronavirus_like,4,100,3,80,100,100,27
coronavirus_like,4,100,3,81,100,100,27
coronavirus_like,4,100,3,82,100,100,27
coronavirus_like,4,100,3,83,100,100,28
coronavirus_like,4,100,3,84,100,100,27
coronavirus_like,4,100,3,85,100,100,25
coronavirus_like,4,100,3,86,100,100,32
coronavirus_like,4,100,3,87,100,100,28
coronavirus_like,4,100,3,88,100,100,25
coronavirus_like,4,100,3,89,100,100,37
coronavirus_like,4,100,3,90,100,100,27
coronavirus_like,4,100,3,91,100,100,32
coronavirus_like,4,100,3,92,100,100,32
coronavirus_like,4,100,3,93,100,100,28
coronavirus_like,4,100,3,94,100,100,18
coronavirus_like,4,100,3,95,100,100,25
coronavirus_like,4,100,3,96,100,100,28
coronavirus_like,4,100,3,97,100,100,28
coronavirus_like,4,100,3,98,100,100,23
coronavirus_like,4,100,3,99,100,100,17
coronavirus_like,4,100,3,100,100,100,30
coronavirus_like,4,100,3,101,100,100,27
coronavirus_like,4,100,3,102,100,100,28
coronavirus_like,4,100,3,103,100,100,20
coronavirus_like,4,100,3,104,100,100,18
coronavirus_like,4,100,3,105,100,100,26
coronavirus_like,4,100,3,106,100,100,29
coronavirus_like,4,100,3,107,100,100,27
coronavirus_like,4,100,3,108,100,100,21
coronavirus_like,4,100,3,109,100,100,23
coronavirus_like,4,100,3,110,100,100,21
coronavirus_like,4,100,3,111,100,100,20
coronavirus_like,4,100,3,112,100,100,22
coronavirus_like,4,100,3,113,100,100,23
coronavirus_like,4,100,3,114,100,100,20
coronavirus_like,4,100,3,115,100,100,32
coronavirus_like,4,100,3,116,100,100,31
coronavirus_like,4,100,3,117,100,100,41
coronavirus_like,4,100,3,118,100,100,27
coronavirus_like,4,100,3,119,100,100,28
coronavirus_like,4,100,3,120,100,100,27
coronavirus_like,4,100,3,121,100,100,23
coronavirus_like,4,100,3,122,100,100,22
coronavirus_like,4,100,3,123,100,100,27
coronavirus_like,4,100,3,124,100,100,29
coronavirus_like,4,100,3,125,100,100,25
coronavirus_like,4,100,3,126,100,100,28
coronavirus_like,4,100,3,127,100,100,31
coronavirus_like,4,100,3,128,100,100,30
coronavirus_like,4,100,3,129,100,100,26
coronavirus_like,4,100,3,130,100,100,30
coronavirus_like,4,100,3,131,100,100,26
coronavirus_like,4,100,3,132,100,100,29
coronavirus_like,4,100,3,133,100,100,25
coronavirus_like,4,100,3,134,100,100,29
coronavirus_like,4,100,3,135,100,100,31
coronavirus_like,4,100,3,136,100,100,28
coronavirus_like,4,100,3,137,100,100,21
coronavirus_like,4,100,3,138,100,100,29
coronavirus_like,4,100,3,139,100,100,31
coronavirus_like,4,100,3,140,100,100,25
coronavirus_like,4,100,3,141,100,100,26
coronavirus_like,4,100,3,142,100,100,17
coronavirus_like,4,100,3,143,100,100,26
coronavirus_like,4,100,3,144,100,100,18
coronavirus_like,4,100,3,145,100,100,26
coronavirus_like,4,100,3,146,100,100,31
coronavirus_like,4,100,3,147,100,100,22
coronavirus_like,4,100,3,148,100,100,24
coronavirus_like,4,100,3,149,100,100,37
coronavirus_like,4,100,3,150,100,100,32
coronavirus_like,4,100,3,151,100,100,26
coronavirus_like,4,100,3,152,100,100,29
coronavirus_like,4,100,3,153,100,100,25
coronavirus_like,4,100,3,154,100,100,25
coronavirus_like,4,100,3,155,100,100,27
coronavirus_like,4,100,3,156,100,100,26
coronavirus_like,4,100,3,157,100,100,29
coronavirus_like,4,100,3,158,100,100,29
coronavirus_like,4,100,3,159,100,100,31
coronavirus_like,4,100,3,160,100,100,27
coronavirus_like,4,100,3,161,100,100,29
coronavirus_like,4,100,3,162,100,100,33
coronavirus_like,4,100,3,163,100,100,31
coronavirus_like,4,100,3,164,100,100,17
coronavirus_like,4,100,3,165,100,100,17
coronavirus_like,4,100,3,166,100,100,24
coronavirus_like,4,100,3,167,100,100,25
coronavirus_like,4,100,3,168,100,100,33
coronavirus_like,4,100,3,169,100,100,27
coronavirus_like,4,100,3,170,100,100,30
coronavirus_like,4,100,3,171,100,100,27
coronavirus_like,4,100,3,172,100,100,22
coronavirus_like,4,100,3,173,100,100,22
coronavirus_like,4,100,3,174,100,100,26
coronavirus_like,4,100,3,175,100,100,20
coronavirus_like,4,100,3,176,100,100,31
coronavirus_like,4,100,3,177,100,100,22
coronavirus_like,4,100,3,178,100,100,28
coronavirus_like,4,100,3,179,100,100,31
coronavirus_like,4,100,3,180,100,100,26
coronavirus_like,4,100,3,181,100,100,29
coronavirus_like,4,100,3,182,100,100,23
coronavirus_like,4,100,3,183,100,100,26
coronavirus_like,4,100,3,184,100,100,26
coronavirus_like,4,100,3,185,100,100,23
coronavirus_like,4,100,3,186,100,100,34
coronavirus_like,4,100,3,187,100,100,36
coronavirus_like,4,100,3,188,100,100,22
coronavirus_like,4,100,3,189,100,100,20
coronavirus_like,4,100,3,190,100,100,21
coronavirus_like,4,100,3,191,100,100,32
coronavirus_like,4,100,3,192,100,100,24
coronavirus_like,4,100,3,193,100,100,19
coronavirus_like,4,100,3,194,100,100,23
coronavirus_like,4,100,3,195,100,100,21
coronavirus_like,4,100,3,196,100,100,29
coronavirus_like,4,100,3,197,100,100,22
coronavirus_like,4,100,3,198,100,100,28
coronavirus_like,4,100,3,199,100,100,30
coronavirus_like,4,100,3,200,100,100,33
coronavirus_like,4,100,4,0,1,1,1
coronavirus_like,4,100,4,1,1,1,1
coronavirus_like,4,100,4,2,2,2,1
coronavirus_like,4,100,4,3,3,3,3
coronavirus_like,4,100,4,4,4,4,4
coronavirus_like,4,100,4,5,6,6,6
coronavirus_like,4,100,4,6,8,8,5
coronavirus_like,4,100,4,7,11,11,5
coronavirus_like,4,100,4,8,16,16,12
coronavirus_like,4,100,4,9,22,22,16
coronavirus_like,4,100,4,10,32,32,17
coronavirus_like,4,100,4,11,45,45,33
coronavirus_like,4,100,4,12,63,63,49
coronavirus_like,4,100,4,13,89,89,63
coronavirus_like,4,100,4,14,100,100,73
coronavirus_like,4,100,4,15,100,100,62
coronavirus_like,4,100,4,16,100,100,63
coronavirus_like,4,100,4,17,100,100,53
coronavirus_like,4,100,4,18,100,100,46
coronavirus_like,4,100,4,19,100,100,41
coronavirus_like,4,100,4,20,100,100,39
coronavirus_like,4,100,4,21,100,100,24
coronavirus_like,4,100,4,22,100,100,30
coronavirus_like,4,100,4,23,100,100,28
coronavirus_like,4,100,4,24,100,100,34
coronavirus_like,4,100,4,25,100,100,27
coronavirus_like,4,100,4,26,100,100,25
coronavirus_like,4,100,4,27,100,100,21
coronavirus_like,4,100,4,28,100,100,21
coronavirus_like,4,100,4,29,100,100,26
coronavirus_like,4,100,4,30,100,100,24
coronavirus_like,4,100,4,31,100,100,36
coronavirus_like,4,100,4,32,100,100,30
coronavirus_like,4,100,4,33,100,100,24
coronavirus_like,4,100,4,34,100,100,21
coronavirus_like,4,100,4,35,100,100,36
coronavirus_like,4,100,4,36,100,100,27
coronavirus_like,4,100,4,37,100,100,20
coronavirus_like,4,100,4,38,100,100,24
coronavirus_like,4,100,4,39,100,100,22
coronavirus_like,4,100,4,40,100,100,33
coronavirus_like,4,100,4,41,100,100,33
coronavirus_like,4,100,4,42,100,100,29
coronavirus_like,4,100,4,43,100,100,22
coronavirus_like,4,100,4,44,100,100,26
coronavirus_like,4,100,4,45,100,100,24
coronavirus_like,4,100,4,46,100,100,25
coronavirus_like,4,100,4,47,100,100,26
coronavirus_like,4,100,4,48,100,100,24
coronavirus_like,4,100,4,49,100,100,24
coronavirus_like,4,100,4,50,100,100,30
coronavirus_like,4,100,4,51,100,100,29
coronavirus_like,4,100,4,52,100,100,24
coronavirus_like,4,100,4,53,100,100,24
coronavirus_like,4,100,4,54,100,100,28
coronavirus_like,4,100,4,55,100,100,33
coronavirus_like,4,100,4,56,100,100,25
coronavirus_like,4,100,4,57,100,100,33
coronavirus_like,4,100,4,58,100,100,23
coronavirus_like,4,100,4,59,100,100,23
coronavirus_like,4,100,4,60,100,100,24
coronavirus_like,4,100,4,61,100,100,29
coronavirus_like,4,100,4,62,100,100,26
coronavirus_like,4,100,4,63,100,100,15
coronavirus_like,4,100,4,64,100,100,21
coronavirus_like,4,100,4,65,100,100,26
coronavirus_like,4,100,4,66,100,100,23
coronavirus_like,4,100,4,67,100,100,26
coronavirus_like,4,100,4,68,100,100,29
coronavirus_like,4,100,4,69,100,100,31
coronavirus_like,4,100,4,70,100,100,26
coronavirus_like,4,100,4,71,100,100,24
coronavirus_like,4,100,4,72,100,100,33
coronavirus_like,4,100,4,73,100,100,25
coronavirus_like,4,100,4,74,100,100,29
coronavirus_like,4,100,4,75,100,100,27
coronavirus_like,4,100,4,76,100,100,28
coronavirus_like,4,100,4,77,100,100,31
coronavirus_like,4,100,4,78,100,100,28
coronavirus_like,4,100,4,79,100,100,31
coronavirus_like,4,100,4,80,100,100,27
coronavirus_like,4,100,4,81,100,100,27
coronavirus_like,4,100,4,82,100,100,27
coronavirus_like,4,100,4,83,100,100,28
coronavirus_like,4,100,4,84,100,100,27
coronavirus_like,4,100,4,85,100,100,25
coronavirus_like,4,100,4,86,100,100,32
coronavirus_like,4,100,4,87,100,100,28
coronavirus_like,4,100,4,88,100,100,25
coronavirus_like,4,100,4,89,100,100,37
coronavirus_like,4,100,4,90,100,100,27
coronavirus_like,4,100,4,91,100,100,32
coronavirus_like,4,100,4,92,100,100,32
coronavirus_like,4,100,4,93,100,100,28
coronavirus_like,4,100,4,94,100,100,18
coronavirus_like,4,100,4,95,100,100,25
coronavirus_like,4,100,4,96,100,100,28
coronavirus_like,4,100,4,97,100,100,28
coronavirus_like,4,100,4,98,100,100,23
coronavirus_like,4,100,4,99,100,100,17
coronavirus_like,4,100,4,100,100,100,30
coronavirus_like,4,100,4,101,100,100,27
coronavirus_like,4,100,4,102,100,100,28
coronavirus_like,4,100,4,103,100,100,20
coronavirus_like,4,100,4,104,100,100,18
coronavirus_like,4,100,4,105,100,100,26
coronavirus_like,4,100,4,106,100,100,29
coronavirus_like,4,100,4,107,100,100,27
coronavirus_like,4,100,4,108,100,100,21
coronavirus_like,4,100,4,109,100,100,23
coronavirus_like,4,100,4,110,100,100,21
coronavirus_like,4,100,4,111,100,100,20
coronavirus_like,4,100,4,112,100,100,22
coronavirus_like,4,100,4,113,100,100,23
coronavirus_like,4,100,4,114,100,100,20
coronavirus_like,4,100,4,115,100,100,32
coronavirus_like,4,100,4,116,100,100,31
coronavirus_like,4,100,4,117,100,100,41
coronavirus_like,4,100,4,118,100,100,27
coronavirus_like,4,100,4,119,100,100,28
coronavirus_like,4,100,4,120,100,100,27
coronavirus_like,4,100,4,121,100,100,23
coronavirus_like,4,100,4,122,100,100,22
coronavirus_like,4,100,4,123,100,100,27
coronavirus_like,4,100,4,124,100,100,29
coronavirus_like,4,100,4,125,100,100,25
coronavirus_like,4,100,4,126,100,100,28
coronavirus_like,4,100,4,127,100,100,31
coronavirus_like,4,100,4,128,100,100,30
coronavirus_like,4,100,4,129,100,100,26
coronavirus_like,4,100,4,130,100,100,30
coronavirus_like,4,100,4,131,100,100,26
coronavirus_like,4,100,4,132,100,100,29
coronavirus_like,4,100,4,133,100,100,25
coronavirus_like,4,100,4,134,100,100,29
coronavirus_like,4,100,4,135,100,100,31
coronavirus_like,4,100,4,136,100,100,28
coronavirus_like,4,100,4,137,100,100,21
coronavirus_like,4,100,4,138,100,100,29
coronavirus_like,4,100,4,139,100,100,31
coronavirus_like,4,100,4,140,100,100,25
coronavirus_like,4,100,4,141,100,100,26
coronavirus_like,4,100,4,142,100,100,17
coronavirus_like,4,100,4,143,100,100,26
coronavirus_like,4,100,4,144,100,100,18
coronavirus_like,4,100,4,145,100,100,26
coronavirus_like,4,100,4,146,100,100,31
coronavirus_like,4,100,4,147,100,100,22
coronavirus_like,4,100,4,148,100,100,24
coronavirus_like,4,100,4,149,100,100,37
coronavirus_like,4,100,4,150,100,100,32
coronavirus_like,4,100,4,151,100,100,26
coronavirus_like,4,100,4,152,100,100,29
coronavirus_like,4,100,4,153,100,100,25
coronavirus_like,4,100,4,154,100,100,25
coronavirus_like,4,100,4,155,100,100,27
coronavirus_like,4,100,4,156,100,100,26
coronavirus_like,4,100,4,157,100,100,29
coronavirus_like,4,100,4,158,100,100,29
coronavirus_like,4,100,4,159,100,100,31
coronavirus_like,4,100,4,160,100,100,27
coronavirus_like,4,100,4,161,100,100,29
coronavirus_like,4,100,4,162,100,100,33
coronavirus_like,4,100,4,163,100,100,31
coronavirus_like,4,100,4,164,100,100,17
coronavirus_like,4,100,4,165,100,100,17
coronavirus_like,4,100,4,166,100,100,24
coronavirus_like,4,100,4,167,100,100,25
coronavirus_like,4,100,4,168,100,100,33
coronavirus_like,4,100,4,169,100,100,27
coronavirus_like,4,100,4,170,100,100,30
coronavirus_like,4,100,4,171,100,100,27
coronavirus_like,4,100,4,172,100,100,22
coronavirus_like,4,100,4,173,100,100,22
coronavirus_like,4,100,4,174,100,100,26
coronavirus_like,4,100,4,175,100,100,20
coronavirus_like,4,100,4,176,100,100,31
coronavirus_like,4,100,4,177,100,100,22
coronavirus_like,4,100,4,178,100,100,28
coronavirus_like,4,100,4,179,100,100,31
coronavirus_like,4,100,4,180,100,100,26
coronavirus_like,4,100,4,181,100,100,29
coronavirus_like,4,100,4,182,100,100,23
coronavirus_like,4,100,4,183,100,100,26
coronavirus_like,4,100,4,184,100,100,26
coronavirus_like,4,100,4,185,100,100,23
coronavirus_like,4,100,4,186,100,100,34
coronavirus_like,4,100,4,187,100,100,36
coronavirus_like,4,100,4,188,100,100,22
coronavirus_like,4,100,4,189,100,100,20
coronavirus_like,4,100,4,190,100,100,21
coronavirus_like,4,100,4,191,100,100,32
coronavirus_like,4,100,4,192,100,100,24
coronavirus_like,4,100,4,193,100,100,19
coronavirus_like,4,100,4,194,100,100,23
coronavirus_like,4,100,4,195,100,100,21
coronavirus_like,4,100,4,196,100,100,29
coronavirus_like,4,100,4,197,100,100,22
coronavirus_like,4,100,4,198,100,100,28
coronavirus_like,4,100,4,199,100,100,30
coronavirus_like,4,100,4,200,100,100,33
coronavirus_like,4,100,5,0,1,1,1
coronavirus_like,4,100,5,1,1,1,1
coronavirus_like,4,100,5,2,2,2,1
coronavirus_like,4,100,5,3,3,3,3
coronavirus_like,4,100,5,4,4,4,4
coronavirus_like,4,100,5,5,6,6,6
coronavirus_like,4,100,5,6,8,8,5
coronavirus_like,4,100,5,7,11,11,5
coronavirus_like,4,100,5,8,16,16,12
coronavirus_like,4,100,5,9,22,22,16
coronavirus_like,4,100,5,10,32,32,17
coronavirus_like,4,100,5,11,45,45,33
coronavirus_like,4,100,5,12,63,63,49
coronavirus_like,4,100,5,13,89,89,63
coronavirus_like,4,100,5,14,100,100,73
coronavirus_like,4,100,5,15,100,100,62
coronavirus_like,4,100,5,16,100,100,63
coronavirus_like,4,100,5,17,100,100,53
coronavirus_like,4,100,5,18,100,100,46
coronavirus_like,4,100,5,19,100,100,41
coronavirus_like,4,100,5,20,100,100,39
coronavirus_like,4,100,5,21,100,100,24
coronavirus_like,4,100,5,22,100,100,30
coronavirus_like,4,100,5,23,100,100,28
coronavirus_like,4,100,5,24,100,100,34
coronavirus_like,4,100,5,25,100,100,27
coronavirus_like,4,100,5,26,100,100,25
coronavirus_like,4,100,5,27,100,100,21
coronavirus_like,4,100,5,28,100,100,21
coronavirus_like,4,100,5,29,100,100,26
coronavirus_like,4,100,5,30,100,100,24
coronavirus_like,4,100,5,31,100,100,36
coronavirus_like,4,100,5,32,100,100,30
coronavirus_like,4,100,5,33,100,100,24
coronavirus_like,4,100,5,34,100,100,21
coronavirus_like,4,100,5,35,100,100,36
coronavirus_like,4,100,5,36,100,100,27
coronavirus_like,4,100,5,37,100,100,20
coronavirus_like,4,100,5,38,100,100,24
coronavirus_like,4,100,5,39,100,100,22
coronavirus_like,4,100,5,40,100,100,33
coronavirus_like,4,100,5,41,100,100,33
coronavirus_like,4,100,5,42,100,100,29
coronavirus_like,4,100,5,43,100,100,22
coronavirus_like,4,100,5,44,100,100,26
coronavirus_like,4,100,5,45,100,100,24
coronavirus_like,4,100,5,46,100,100,25
coronavirus_like,4,100,5,47,100,100,26
coronavirus_like,4,100,5,48,100,100,24
coronavirus_like,4,100,5,49,100,100,24
coronavirus_like,4,100,5,50,100,100,30
coronavirus_like,4,100,5,51,100,100,29
coronavirus_like,4,100,5,52,100,100,24
coronavirus_like,4,100,5,53,100,100,24
coronavirus_like,4,100,5,54,100,100,28
coronavirus_like,4,100,5,55,100,100,33
coronavirus_like,4,100,5,56,100,100,25
coronavirus_like,4,100,5,57,100,100,33
coronavirus_like,4,100,5,58,100,100,23
coronavirus_like,4,100,5,59,100,100,23
coronavirus_like,4,100,5,60,100,100,24
coronavirus_like,4,100,5,61,100,100,29
coronavirus_like,4,100,5,62,100,100,26
coronavirus_like,4,100,5,63,100,100,15
coronavirus_like,4,100,5,64,100,100,21
coronavirus_like,4,100,5,65,100,100,26
coronavirus_like,4,100,5,66,100,100,23
coronavirus_like,4,100,5,67,100,100,26
coronavirus_like,4,100,5,68,100,100,29
coronavirus_like,4,100,5,69,100,100,31
coronavirus_like,4,100,5,70,100,100,26
coronavirus_like,4,100,5,71,100,100,24
coronavirus_like,4,100,5,72,100,100,33
coronavirus_like,4,100,5,73,100,100,25
coronavirus_like,4,100,5,74,100,100,29
coronavirus_like,4,100,5,75,100,100,27
coronavirus_like,4,100,5,76,100,100,28
coronavirus_like,4,100,5,77,100,100,31
coronavirus_like,4,100,5,78,100,100,28
coronavirus_like,4,100,5,79,100,100,31
coronavirus_like,4,100,5,80,100,100,27
coronavirus_like,4,100,5,81,100,100,27
coronavirus_like,4,100,5,82,100,100,27
coronavirus_like,4,100,5,83,100,100,28
coronavirus_like,4,100,5,84,100,100,27
coronavirus_like,4,100,5,85,100,100,25
coronavirus_like,4,100,5,86,100,100,32
coronavirus_like,4,100,5,87,100,100,28
coronavirus_like,4,100,5,88,100,100,25
coronavirus_like,4,100,5,89,100,100,37
coronavirus_like,4,100,5,90,100,100,27
coronavirus_like,4,100,5,91,100,100,32
coronavirus_like,4,100,5,92,100,100,32
coronavirus_like,4,100,5,93,100,100,28
coronavirus_like,4,100,5,94,100,100,18
coronavirus_like,4,100,5,95,100,100,25
coronavirus_like,4,100,5,96,100,100,28
coronavirus_like,4,100,5,97,100,100,28
coronavirus_like,4,100,5,98,100,100,23
coronavirus_like,4,100,5,99,100,100,17
coronavirus_like,4,100,5,100,100,100,30
coronavirus_like,4,100,5,101,100,100,27
coronavirus_like,4,100,5,102,100,100,28
coronavirus_like,4,100,5,103,100,100,20
coronavirus_like,4,100,5,104,100,100,18
coronavirus_like,4,100,5,105,100,100,26
coronavirus_like,4,100,5,106,100,100,29
coronavirus_like,4,100,5,107,100,100,27
coronavirus_like,4,100,5,108,100,100,21
coronavirus_like,4,100,5,109,100,100,23
coronavirus_like,4,100,5,110,100,100,21
coronavirus_like,4,100,5,111,100,100,20
coronavirus_like,4,100,5,112,100,100,22
coronavirus_like,4,100,5,113,100,100,23
coronavirus_like,4,100,5,114,100,100,20
coronavirus_like,4,100,5,115,100,100,32
coronavirus_like,4,100,5,116,100,100,31
coronavirus_like,4,100,5,117,100,100,41
coronavirus_like,4,100,5,118,100,100,27
coronavirus_like,4,100,5,119,100,100,28
coronavirus_like,4,100,5,120,100,100,27
coronavirus_like,4,100,5,121,100,100,23
coronavirus_like,4,100,5,122,100,100,22
coronavirus_like,4,100,5,123,100,100,27
coronavirus_like,4,100,5,124,100,100,29
coronavirus_like,4,100,5,125,100,100,25
coronavirus_like,4,100,5,126,100,100,28
coronavirus_like,4,100,5,127,100,100,31
coronavirus_like,4,100,5,128,100,100,30
coronavirus_like,4,100,5,129,100,100,26
coronavirus_like,4,100,5,130,100,100,30
coronavirus_like,4,100,5,131,100,100,26
coronavirus_like,4,100,5,132,100,100,29
coronavirus_like,4,100,5,133,100,100,25
coronavirus_like,4,100,5,134,100,100,29
coronavirus_like,4,100,5,135,100,100,31
coronavirus_like,4,100,5,136,100,100,28
coronavirus_like,4,100,5,137,100,100,21
coronavirus_like,4,100,5,138,100,100,29
coronavirus_like,4,100,5,139,100,100,31
coronavirus_like,4,100,5,140,100,100,25
coronavirus_like,4,100,5,141,100,100,26
coronavirus_like,4,100,5,142,100,100,17
coronavirus_like,4,100,5,143,100,100,26
coronavirus_like,4,100,5,144,100,100,18
coronavirus_like,4,100,5,145,100,100,26
coronavirus_like,4,100,5,146,100,100,31
coronavirus_like,4,100,5,147,100,100,22
coronavirus_like,4,100,5,148,100,100,24
coronavirus_like,4,100,5,149,100,100,37
coronavirus_like,4,100,5,150,100,100,32
coronavirus_like,4,100,5,151,100,100,26
coronavirus_like,4,100,5,152,100,100,29
coronavirus_like,4,100,5,153,100,100,25
coronavirus_like,4,100,5,154,100,100,25
coronavirus_like,4,100,5,155,100,100,27
coronavirus_like,4,100,5,156,100,100,26
coronavirus_like,4,100,5,157,100,100,29
coronavirus_like,4,100,5,158,100,100,29
coronavirus_like,4,100,5,159,100,100,31
coronavirus_like,4,100,5,160,100,100,27
coronavirus_like,4,100,5,161,100,100,29
coronavirus_like,4,100,5,162,100,100,33
coronavirus_like,4,100,5,163,100,100,31
coronavirus_like,4,100,5,164,100,100,17
coronavirus_like,4,100,5,165,100,100,17
coronavirus_like,4,100,5,166,100,100,24
coronavirus_like,4,100,5,167,100,100,25
coronavirus_like,4,100,5,168,100,100,33
coronavirus_like,4,100,5,169,100,100,27
coronavirus_like,4,100,5,170,100,100,30
coronavirus_like,4,100,5,171,100,100,27
coronavirus_like,4,100,5,172,100,100,22
coronavirus_like,4,100,5,173,100,100,22
coronavirus_like,4,100,5,174,100,100,26
coronavirus_like,4,100,5,175,100,100,20
coronavirus_like,4,100,5,176,100,100,31
coronavirus_like,4,100,5,177,100,100,22
coronavirus_like,4,100,5,178,100,100,28
coronavirus_like,4,100,5,179,100,100,31
coronavirus_like,4,100,5,180,100,100,26
coronavirus_like,4,100,5,181,100,100,29
coronavirus_like,4,100,5,182,100,100,23
coronavirus_like,4,100,5,183,100,100,26
coronavirus_like,4,100,5,184,100,100,26
coronavirus_like,4,100,5,185,100,100,23
coronavirus_like,4,100,5,186,100,100,34
coronavirus_like,4,100,5,187,100,100,36
coronavirus_like,4,100,5,188,100,100,22
coronavirus_like,4,100,5,189,100,100,20
coronavirus_like,4,100,5,190,100,100,21
coronavirus_like,4,100,5,191,100,100,32
coronavirus_like,4,100,5,192,100,100,24
coronavirus_like,4,100,5,193,100,100,19
coronavirus_like,4,100,5,194,100,100,23
coronavirus_like,4,100,5,195,100,100,21
coronavirus_like,4,100,5,196,100,100,29
coronavirus_like,4,100,5,197,100,100,22
coronavirus_like,4,100,5,198,100,100,28
coronavirus_like,4,100,5,199,100,100,30
coronavirus_like,4,100,5,200,100,100,33
