pathogen,rep,samples_per_day,k,recombinant_ancestor,num_samples,sampled,detectable,detected,breakpoint,interval_width,breakpoint_error,breakpoint_in_interval
flu_like,0,200,3,2386,1,True,False,False,4691,,,
flu_like,0,200,3,7563,1,False,False,False,2483,,,
flu_like,0,200,3,10348,12,False,True,False,10991,,,
flu_like,0,200,3,10841,5,False,True,False,5801,,,
flu_like,0,200,3,11744,1,False,True,False,11512,,,
flu_like,0,200,3,16636,3,False,True,False,8330,,,
flu_like,0,200,3,27102,1,False,False,False,3227,,,
flu_like,0,200,3,27920,3,False,True,False,7903,,,
flu_like,0,200,3,31100,1,False,True,False,2154,,,
flu_like,0,200,3,42512,4,False,True,False,3874,,,
flu_like,0,200,3,48867,3,False,True,False,5310,,,
flu_like,0,200,3,54667,2,False,True,False,8265,,,
flu_like,0,200,3,54898,1,False,True,False,9368,,,
flu_like,0,200,3,57097,6,False,True,False,92,,,
flu_like,0,200,3,57185,7,False,True,False,3756,,,
flu_like,0,200,3,57355,5,False,True,False,5110,,,
flu_like,0,200,3,62076,2,False,True,False,11303,,,
flu_like,0,200,3,64984,2,False,True,False,3934,,,
flu_like,0,200,3,67700,3,False,True,False,10452,,,
flu_like,0,200,3,71457,1,False,True,False,8087,,,
flu_like,0,200,3,74451,3,False,True,False,12541,,,
flu_like,0,200,3,80295,1,False,True,False,11447,,,
flu_like,0,200,3,86398,1,False,True,False,2699,,,
flu_like,0,200,3,88410,3,False,True,False,7144,,,
flu_like,0,200,3,88969,1,False,True,False,2822,,,
flu_like,0,200,3,96858,1,False,True,False,6575,,,
flu_like,0,200,3,100252,1,False,False,False,9012,,,
flu_like,0,200,3,109740,2,False,True,False,12406,,,
flu_like,0,200,3,119671,1,False,True,False,10824,,,
flu_like,0,200,3,129658,1,False,True,False,5851,,,
flu_like,0,200,3,139567,2,False,True,False,11785,,,
flu_like,0,200,3,146802,1,False,False,False,1720,,,
flu_like,0,200,3,147732,2,False,True,False,7288,,,
flu_like,0,200,3,162618,1,False,True,False,5573,,,
flu_like,0,200,3,166086,2,False,True,False,12470,,,
flu_like,0,200,3,167311,1,False,False,False,1314,,,
flu_like,0,200,3,169280,2,False,True,False,11654,,,
flu_like,0,200,3,188823,1,False,True,False,5236,,,
flu_like,0,200,3,190263,3,False,False,False,707,,,
flu_like,0,200,3,212811,1,False,False,False,214,,,
flu_like,0,200,3,216111,2,False,True,False,5483,,,
flu_like,0,200,3,242544,1,False,False,False,829,,,
flu_like,0,200,3,262999,1,False,True,False,11402,,,
flu_like,0,200,3,302604,1,False,True,False,3665,,,
flu_like,0,200,3,323358,2,False,False,False,586,,,
flu_like,0,200,3,328239,1,False,True,True,3701,1061.0,231.0,True
flu_like,0,200,3,334138,1,False,True,False,6597,,,
flu_like,0,200,3,337391,1,False,True,False,7926,,,
flu_like,0,200,3,360840,1,True,True,True,2715,8863.0,8298.0,True
flu_like,0,200,3,361101,1,True,True,False,8330,,,
flu_like,0,200,3,362425,1,False,True,True,10783,254.0,238.0,True
flu_like,0,200,3,374323,1,True,False,False,3442,,,
flu_like,0,200,3,374653,1,False,True,True,10970,611.0,51.0,True
flu_like,0,200,3,379513,1,False,True,False,2798,,,
flu_like,0,200,3,392451,1,False,True,True,6810,2555.0,2549.0,True
flu_like,0,200,3,393759,1,False,True,False,3452,,,
flu_like,0,200,3,414713,1,False,True,False,8438,,,
flu_like,0,200,3,418673,1,False,True,False,8015,,,
flu_like,0,200,3,463070,1,False,False,False,12106,,,
flu_like,0,200,3,483525,2,False,True,False,6209,,,
flu_like,0,200,3,488605,2,False,True,False,5788,,,
flu_like,0,200,3,497055,2,False,True,False,6878,,,
flu_like,0,200,3,534173,3,False,False,False,12783,,,
flu_like,0,200,3,549465,2,False,True,False,6711,,,
flu_like,0,200,3,559342,1,False,False,False,878,,,
flu_like,0,200,3,562000,1,False,True,True,7328,2941.0,485.0,True
flu_like,0,200,3,607672,1,False,True,False,2200,,,
flu_like,0,200,3,642385,1,False,True,False,10261,,,
flu_like,0,200,3,644129,1,False,True,False,8398,,,
flu_like,0,200,3,702017,1,False,True,True,5697,2639.0,2161.0,True
flu_like,0,200,3,702085,1,False,False,False,738,,,
flu_like,0,200,3,736867,1,False,True,False,723,,,
flu_like,0,200,3,782767,1,False,True,False,1797,,,
flu_like,0,200,3,842418,1,False,True,True,10760,3835.0,51.0,True
flu_like,0,200,3,858842,2,False,True,True,1309,1750.0,5902.0,False
flu_like,0,200,3,874430,1,False,True,False,1366,,,
flu_like,0,200,3,976948,1,False,True,False,12478,,,
flu_like,0,200,3,1009204,1,False,False,False,9118,,,
flu_like,0,200,3,1024022,1,False,True,False,2611,,,
flu_like,0,200,3,1039803,1,False,True,False,1213,,,
flu_like,0,200,3,1105717,1,False,True,False,5338,,,
flu_like,0,200,3,1226137,1,False,False,False,3525,,,
flu_like,0,200,3,1329806,1,False,True,False,6584,,,
flu_like,0,200,3,1333078,1,False,True,False,10327,,,
flu_like,0,200,3,1423371,1,False,True,False,2524,,,
flu_like,0,200,3,1479777,1,False,True,False,6539,,,
flu_like,0,200,3,1669396,1,False,False,False,436,,,
flu_like,0,200,3,1739933,1,False,True,False,5310,,,
flu_like,0,200,3,1791296,1,False,True,False,1300,,,
flu_like,0,200,3,1873021,1,False,True,False,2274,,,
flu_like,0,200,3,1889257,1,False,True,False,10767,,,
flu_like,0,200,3,1910132,1,False,False,False,658,,,
flu_like,0,200,3,1920594,1,False,True,False,11602,,,
flu_like,0,200,3,2012474,2,False,False,False,12113,,,
flu_like,0,200,3,2123525,1,False,True,False,2863,,,
flu_like,0,200,3,2151716,1,False,False,False,12187,,,
flu_like,0,200,3,2154704,2,False,True,True,8157,1937.0,644.0,True
flu_like,0,200,3,2265425,1,False,True,False,11223,,,
flu_like,0,200,3,2358315,1,False,True,True,2814,4778.0,3554.0,True
flu_like,0,200,3,2385288,1,False,True,False,8746,,,
flu_like,0,200,3,2455561,1,False,True,False,7823,,,
flu_like,0,200,3,2971708,1,False,True,False,1230,,,
flu_like,0,200,3,3094277,1,False,False,False,6117,,,
flu_like,0,200,3,3245855,1,False,True,False,6683,,,
flu_like,0,200,3,3250025,1,False,True,True,1751,1651.0,1119.0,True
flu_like,0,200,3,3629532,1,False,False,False,1061,,,
flu_like,0,200,3,3666066,1,False,True,False,6008,,,
flu_like,0,200,3,3788033,1,False,False,False,12359,,,
flu_like,0,200,3,3806770,1,False,False,False,11286,,,
flu_like,0,200,3,3846504,1,False,True,False,6297,,,
flu_like,0,200,3,4344519,3,False,True,False,7475,,,
flu_like,0,200,3,4568407,1,False,True,False,11919,,,
flu_like,0,200,3,4583238,1,False,False,False,113,,,
flu_like,0,200,3,4589348,1,False,True,False,8389,,,
flu_like,0,200,3,4825299,1,False,True,False,10081,,,
flu_like,0,200,3,5063478,1,False,True,False,4007,,,
flu_like,0,200,3,5380201,1,False,True,True,4344,2984.0,2281.0,True
flu_like,0,200,3,5671187,2,False,True,False,11510,,,
flu_like,0,200,3,5914750,1,False,True,False,11278,,,
flu_like,0,200,3,5946975,1,False,True,False,10786,,,
flu_like,0,200,3,6179041,1,False,True,False,3131,,,
flu_like,0,200,3,6655198,2,False,False,False,11652,,,
flu_like,0,200,3,6731131,1,False,True,False,11805,,,
flu_like,0,200,3,6827478,1,False,True,False,1947,,,
flu_like,0,200,3,7118288,1,False,True,False,2272,,,
flu_like,0,200,3,7545326,1,False,True,True,11647,804.0,179.0,True
flu_like,0,200,3,7553392,1,False,True,False,6265,,,
flu_like,0,200,3,7640663,1,False,True,False,5226,,,
flu_like,0,200,3,7773248,1,False,True,True,10167,399.0,254.0,True
flu_like,0,200,3,7881890,1,False,True,True,5969,1325.0,1242.0,True
flu_like,0,200,3,8093467,1,True,True,False,4345,,,
flu_like,0,200,3,8475360,1,False,True,False,2322,,,
flu_like,0,200,3,8482269,1,False,True,True,8976,1264.0,1009.0,True
flu_like,0,200,3,8506919,1,False,True,False,3118,,,
flu_like,0,200,3,8752858,1,False,True,False,2585,,,
flu_like,0,200,3,9376531,1,False,True,False,3129,,,
flu_like,0,200,3,9800497,1,False,False,False,12479,,,
flu_like,0,200,3,9822197,1,False,True,False,9181,,,
flu_like,0,200,3,9854941,1,False,False,False,302,,,
flu_like,0,200,3,10272731,1,False,True,False,4582,,,
flu_like,0,200,3,10473386,1,False,True,False,1827,,,
flu_like,0,200,3,10495605,1,False,True,True,5960,2367.0,153.0,True
flu_like,0,200,3,10665967,1,False,True,False,6785,,,
flu_like,0,200,3,11044275,1,False,True,True,929,933.0,676.0,True
flu_like,0,200,3,11056361,1,False,True,False,11354,,,
flu_like,0,200,3,11087902,1,False,True,False,6561,,,
flu_like,0,200,3,11214025,1,False,True,False,10223,,,
flu_like,0,200,3,11356303,1,False,True,True,4854,7294.0,5936.0,True
flu_like,0,200,3,11444973,1,False,False,False,3163,,,
flu_like,0,200,3,11613207,1,False,True,False,4541,,,
flu_like,0,200,3,11735563,1,False,True,False,9118,,,
flu_like,0,200,3,11755760,1,False,True,False,1459,,,
flu_like,0,200,3,11766679,1,False,True,False,3113,,,
flu_like,0,200,3,11959667,2,False,True,False,8476,,,
flu_like,0,200,3,11986166,1,False,True,True,8596,1631.0,290.0,True
flu_like,0,200,3,12198184,1,False,True,False,10866,,,
flu_like,0,200,3,12633516,2,False,True,False,1090,,,
flu_like,0,200,3,13004013,1,False,True,False,3729,,,
flu_like,0,200,3,13231772,1,False,True,True,4393,3049.0,1603.0,True
flu_like,0,200,3,13273511,1,False,False,False,12906,,,
flu_like,0,200,3,13492579,1,False,True,False,6669,,,
flu_like,0,200,3,13499436,1,False,True,True,6042,2793.0,392.0,True
flu_like,0,200,3,13537516,1,False,True,True,10416,2066.0,-589.0,False
flu_like,0,200,3,13874364,1,False,False,False,185,,,
flu_like,0,200,3,13875599,1,False,False,False,12534,,,
flu_like,0,200,3,13914284,1,False,True,True,4425,982.0,109.0,True
flu_like,0,200,3,14442013,1,False,False,False,94,,,
flu_like,0,200,3,14540479,1,False,True,True,5164,2328.0,1699.0,True
flu_like,0,200,3,14654557,1,False,False,False,95,,,
flu_like,0,200,3,16325862,1,False,True,False,2159,,,
flu_like,0,200,3,16938516,1,False,True,False,9275,,,
flu_like,0,200,3,16971548,1,False,True,False,11765,,,
flu_like,0,200,3,16980632,1,False,True,False,6371,,,
flu_like,0,200,3,17232199,1,False,True,False,4793,,,
flu_like,0,200,3,17242569,1,False,True,False,2954,,,
flu_like,0,200,3,17826432,1,False,True,False,7227,,,
flu_like,0,200,3,18019887,1,False,True,True,6253,1593.0,649.0,True
flu_like,0,200,3,18227567,1,False,True,False,12438,,,
flu_like,0,200,3,18287913,1,False,True,False,2887,,,
flu_like,0,200,3,18508389,1,False,True,False,10629,,,
flu_like,0,200,3,18859675,1,False,True,False,10975,,,
flu_like,0,200,3,18939004,1,False,True,False,6526,,,
flu_like,0,200,3,19048920,1,False,True,True,7389,3722.0,469.0,True
flu_like,0,200,3,19072458,1,False,True,True,2389,3308.0,2265.0,True
flu_like,0,200,3,19271458,1,False,True,False,5373,,,
flu_like,0,200,3,19275142,1,False,True,False,9634,,,
flu_like,0,200,3,19502085,1,False,False,False,516,,,
flu_like,0,200,3,19723741,1,False,True,False,7777,,,
flu_like,0,200,3,19758122,2,False,True,False,4387,,,
flu_like,0,200,3,20131448,2,False,True,False,11102,,,
flu_like,0,200,3,20170787,1,False,False,False,1602,,,
flu_like,0,200,3,20226048,1,False,False,False,11756,,,
flu_like,0,200,3,20264722,1,False,True,False,11304,,,
flu_like,0,200,3,20311095,1,False,True,False,12868,,,
flu_like,0,200,3,20358995,1,False,True,False,9017,,,
flu_like,0,200,3,20555850,1,False,True,False,2520,,,
flu_like,0,200,3,20807211,1,False,True,False,6540,,,
flu_like,0,200,3,21366394,1,False,True,False,11716,,,
flu_like,0,200,3,21470028,1,False,True,False,11805,,,
flu_like,0,200,3,21717878,1,False,True,False,5334,,,
flu_like,0,200,3,21966039,1,False,False,False,11119,,,
flu_like,0,200,3,22280938,1,False,True,False,12135,,,
flu_like,0,200,3,22788782,1,False,True,False,11952,,,
flu_like,0,200,3,22867874,1,False,True,False,2927,,,
flu_like,0,200,3,22949381,1,False,True,False,6629,,,
flu_like,0,200,3,23054019,1,False,True,False,11210,,,
flu_like,0,200,3,23147760,1,False,True,False,8259,,,
flu_like,0,200,3,23290022,1,False,True,False,7661,,,
flu_like,0,200,3,24210048,1,False,False,False,12841,,,
flu_like,0,200,3,24830489,1,False,True,False,11081,,,
flu_like,0,200,3,24893267,1,False,True,False,3923,,,
flu_like,0,200,3,24949111,1,False,True,False,3483,,,
flu_like,0,200,3,25797637,1,False,False,False,38,,,
flu_like,0,200,3,26101852,1,False,True,False,4217,,,
flu_like,0,200,3,26109362,1,False,False,False,65,,,
flu_like,0,200,3,26287712,1,True,True,False,8576,,,
flu_like,0,200,3,26639953,1,False,True,True,11051,212.0,69.0,True
flu_like,0,200,3,26900669,1,False,False,False,12885,,,
flu_like,0,200,3,27616759,1,False,True,False,12990,,,
flu_like,0,200,3,27730807,1,True,True,False,815,,,
flu_like,0,200,3,27865692,1,False,True,False,1910,,,
flu_like,0,200,3,28023345,1,False,True,False,6816,,,
flu_like,0,200,3,28665614,1,False,True,False,3929,,,
flu_like,0,200,3,28704140,1,False,True,True,1706,859.0,499.0,True
flu_like,0,200,3,28833810,1,False,True,True,7626,3527.0,1868.0,True
flu_like,0,200,3,29582408,1,False,True,False,8719,,,
flu_like,0,200,3,29744022,1,False,False,False,11075,,,
flu_like,0,200,3,29809031,1,False,True,True,688,290.0,9009.0,False
flu_like,0,200,3,30085193,1,False,True,False,3144,,,
flu_like,0,200,3,30238852,1,False,True,False,891,,,
flu_like,0,200,3,30274432,1,False,False,False,1273,,,
flu_like,0,200,3,30692614,1,False,True,False,9950,,,
flu_like,0,200,3,30917958,1,False,True,False,8581,,,
flu_like,0,200,3,31073104,1,False,True,True,2196,549.0,515.0,True
flu_like,0,200,3,32395712,1,False,True,True,9814,645.0,638.0,True
flu_like,0,200,3,32415176,1,False,True,False,5475,,,
flu_like,0,200,3,32422991,1,False,True,False,8827,,,
flu_like,0,200,3,33537802,1,False,False,False,487,,,
flu_like,0,200,3,33836178,1,False,True,False,3575,,,
flu_like,0,200,3,33997794,1,False,False,False,12027,,,
flu_like,0,200,3,34122165,1,False,True,False,11386,,,
flu_like,0,200,3,34357501,1,False,True,False,11132,,,
flu_like,0,200,3,34639013,1,False,False,False,12392,,,
flu_like,0,200,3,35289495,1,False,True,False,8694,,,
flu_like,0,200,3,35326691,1,False,True,False,3045,,,
flu_like,0,200,3,35924701,1,False,False,False,12952,,,
flu_like,0,200,3,36707144,1,False,True,False,1973,,,
flu_like,0,200,3,37125627,1,False,True,False,8733,,,
flu_like,0,200,3,37596081,1,False,True,False,2511,,,
flu_like,0,200,3,37932576,1,False,True,True,6945,1856.0,1775.0,True
flu_like,0,200,3,38115383,1,False,True,False,11765,,,
flu_like,0,200,3,38780551,1,False,True,False,11003,,,
flu_like,0,200,3,41182248,1,False,True,False,9266,,,
flu_like,0,200,3,41950564,1,False,True,False,11619,,,
flu_like,0,200,3,42947736,1,False,True,True,5062,23.0,-879.0,False
flu_like,0,200,3,43507876,1,False,True,False,2040,,,
flu_like,0,200,3,43745311,1,False,True,False,9047,,,
flu_like,0,200,3,44149794,1,False,True,False,9776,,,
flu_like,0,200,3,44763330,1,False,False,False,239,,,
flu_like,0,200,3,44890566,2,False,True,True,2881,1119.0,298.0,True
flu_like,0,200,3,44965313,1,False,True,True,4166,3408.0,368.0,True
flu_like,0,200,3,46260042,1,False,True,True,8905,798.0,676.0,True
flu_like,0,200,3,47179734,1,True,True,False,497,,,
flu_like,0,200,3,47475346,1,False,False,False,472,,,
flu_like,0,200,3,48738082,1,False,True,False,10925,,,
flu_like,0,200,3,49717475,1,False,True,False,728,,,
flu_like,0,200,3,51825695,1,True,False,False,12954,,,
flu_like,0,200,4,2386,1,True,False,False,4691,,,
flu_like,0,200,4,7563,1,False,False,False,2483,,,
flu_like,0,200,4,10348,12,False,True,False,10991,,,
flu_like,0,200,4,10841,5,False,True,False,5801,,,
flu_like,0,200,4,11744,1,False,True,False,11512,,,
flu_like,0,200,4,16636,3,False,True,False,8330,,,
flu_like,0,200,4,27102,1,False,False,False,3227,,,
flu_like,0,200,4,27920,3,False,True,False,7903,,,
flu_like,0,200,4,31100,1,False,True,False,2154,,,
flu_like,0,200,4,42512,4,False,True,False,3874,,,
flu_like,0,200,4,48867,3,False,True,False,5310,,,
flu_like,0,200,4,54667,2,False,True,False,8265,,,
flu_like,0,200,4,54898,1,False,True,False,9368,,,
flu_like,0,200,4,57097,6,False,True,False,92,,,
flu_like,0,200,4,57185,7,False,True,False,3756,,,
flu_like,0,200,4,57355,5,False,True,False,5110,,,
flu_like,0,200,4,62076,2,False,True,False,11303,,,
flu_like,0,200,4,64984,2,False,True,False,3934,,,
flu_like,0,200,4,67700,3,False,True,False,10452,,,
flu_like,0,200,4,71457,1,False,True,False,8087,,,
flu_like,0,200,4,74451,3,False,True,False,12541,,,
flu_like,0,200,4,80295,1,False,True,False,11447,,,
flu_like,0,200,4,86398,1,False,True,False,2699,,,
flu_like,0,200,4,88410,3,False,True,False,7144,,,
flu_like,0,200,4,88969,1,False,True,False,2822,,,
flu_like,0,200,4,96858,1,False,True,False,6575,,,
flu_like,0,200,4,100252,1,False,False,False,9012,,,
flu_like,0,200,4,109740,2,False,True,False,12406,,,
flu_like,0,200,4,119671,1,False,True,False,10824,,,
flu_like,0,200,4,129658,1,False,True,False,5851,,,
flu_like,0,200,4,139567,2,False,True,False,11785,,,
flu_like,0,200,4,146802,1,False,False,False,1720,,,
flu_like,0,200,4,147732,2,False,True,False,7288,,,
flu_like,0,200,4,162618,1,False,True,False,5573,,,
flu_like,0,200,4,166086,2,False,True,False,12470,,,
flu_like,0,200,4,167311,1,False,False,False,1314,,,
flu_like,0,200,4,169280,2,False,True,False,11654,,,
flu_like,0,200,4,188823,1,False,True,False,5236,,,
flu_like,0,200,4,190263,3,False,False,False,707,,,
flu_like,0,200,4,212811,1,False,False,False,214,,,
flu_like,0,200,4,216111,2,False,True,False,5483,,,
flu_like,0,200,4,242544,1,False,False,False,829,,,
flu_like,0,200,4,262999,1,False,True,False,11402,,,
flu_like,0,200,4,302604,1,False,True,False,3665,,,
flu_like,0,200,4,323358,2,False,False,False,586,,,
flu_like,0,200,4,328239,1,False,True,False,3701,,,
flu_like,0,200,4,334138,1,False,True,False,6597,,,
flu_like,0,200,4,337391,1,False,True,False,7926,,,
flu_like,0,200,4,360840,1,True,True,False,2715,,,
flu_like,0,200,4,361101,1,True,True,False,8330,,,
flu_like,0,200,4,362425,1,False,True,False,10783,,,
flu_like,0,200,4,374323,1,True,False,False,3442,,,
flu_like,0,200,4,374653,1,False,True,False,10970,,,
flu_like,0,200,4,379513,1,False,True,False,2798,,,
flu_like,0,200,4,392451,1,False,True,True,6810,2555.0,2549.0,True
flu_like,0,200,4,393759,1,False,True,False,3452,,,
flu_like,0,200,4,414713,1,False,True,False,8438,,,
flu_like,0,200,4,418673,1,False,True,False,8015,,,
flu_like,0,200,4,463070,1,False,False,False,12106,,,
flu_like,0,200,4,483525,2,False,True,False,6209,,,
flu_like,0,200,4,488605,2,False,True,False,5788,,,
flu_like,0,200,4,497055,2,False,True,False,6878,,,
flu_like,0,200,4,534173,3,False,False,False,12783,,,
flu_like,0,200,4,549465,2,False,True,False,6711,,,
flu_like,0,200,4,559342,1,False,False,False,878,,,
flu_like,0,200,4,562000,1,False,True,False,7328,,,
flu_like,0,200,4,607672,1,False,True,False,2200,,,
flu_like,0,200,4,642385,1,False,True,False,10261,,,
flu_like,0,200,4,644129,1,False,True,False,8398,,,
flu_like,0,200,4,702017,1,False,True,True,5697,2639.0,2161.0,True
flu_like,0,200,4,702085,1,False,False,False,738,,,
flu_like,0,200,4,736867,1,False,True,False,723,,,
flu_like,0,200,4,782767,1,False,True,False,1797,,,
flu_like,0,200,4,842418,1,False,True,False,10760,,,
flu_like,0,200,4,858842,2,False,True,False,1309,,,
flu_like,0,200,4,874430,1,False,True,False,1366,,,
flu_like,0,200,4,976948,1,False,True,False,12478,,,
flu_like,0,200,4,1009204,1,False,False,False,9118,,,
flu_like,0,200,4,1024022,1,False,True,False,2611,,,
flu_like,0,200,4,1039803,1,False,True,False,1213,,,
flu_like,0,200,4,1105717,1,False,True,False,5338,,,
flu_like,0,200,4,1226137,1,False,False,False,3525,,,
flu_like,0,200,4,1329806,1,False,True,False,6584,,,
flu_like,0,200,4,1333078,1,False,True,False,10327,,,
flu_like,0,200,4,1423371,1,False,True,False,2524,,,
flu_like,0,200,4,1479777,1,False,True,False,6539,,,
flu_like,0,200,4,1669396,1,False,False,False,436,,,
flu_like,0,200,4,1739933,1,False,True,False,5310,,,
flu_like,0,200,4,1791296,1,False,True,False,1300,,,
flu_like,0,200,4,1873021,1,False,True,False,2274,,,
flu_like,0,200,4,1889257,1,False,True,False,10767,,,
flu_like,0,200,4,1910132,1,False,False,False,658,,,
flu_like,0,200,4,1920594,1,False,True,False,11602,,,
flu_like,0,200,4,2012474,2,False,False,False,12113,,,
flu_like,0,200,4,2123525,1,False,True,False,2863,,,
flu_like,0,200,4,2151716,1,False,False,False,12187,,,
flu_like,0,200,4,2154704,2,False,True,True,8157,1937.0,644.0,True
flu_like,0,200,4,2265425,1,False,True,False,11223,,,
flu_like,0,200,4,2358315,1,False,True,False,2814,,,
flu_like,0,200,4,2385288,1,False,True,False,8746,,,
flu_like,0,200,4,2455561,1,False,True,False,7823,,,
flu_like,0,200,4,2971708,1,False,True,False,1230,,,
flu_like,0,200,4,3094277,1,False,False,False,6117,,,
flu_like,0,200,4,3245855,1,False,True,False,6683,,,
flu_like,0,200,4,3250025,1,False,True,False,1751,,,
flu_like,0,200,4,3629532,1,False,False,False,1061,,,
flu_like,0,200,4,3666066,1,False,True,False,6008,,,
flu_like,0,200,4,3788033,1,False,False,False,12359,,,
flu_like,0,200,4,3806770,1,False,False,False,11286,,,
flu_like,0,200,4,3846504,1,False,True,False,6297,,,
flu_like,0,200,4,4344519,3,False,True,False,7475,,,
flu_like,0,200,4,4568407,1,False,True,False,11919,,,
flu_like,0,200,4,4583238,1,False,False,False,113,,,
flu_like,0,200,4,4589348,1,False,True,False,8389,,,
flu_like,0,200,4,4825299,1,False,True,False,10081,,,
flu_like,0,200,4,5063478,1,False,True,False,4007,,,
flu_like,0,200,4,5380201,1,False,True,False,4344,,,
flu_like,0,200,4,5671187,2,False,True,False,11510,,,
flu_like,0,200,4,5914750,1,False,True,False,11278,,,
flu_like,0,200,4,5946975,1,False,True,False,10786,,,
flu_like,0,200,4,6179041,1,False,True,False,3131,,,
flu_like,0,200,4,6655198,2,False,False,False,11652,,,
flu_like,0,200,4,6731131,1,False,True,False,11805,,,
flu_like,0,200,4,6827478,1,False,True,False,1947,,,
flu_like,0,200,4,7118288,1,False,True,False,2272,,,
flu_like,0,200,4,7545326,1,False,True,False,11647,,,
flu_like,0,200,4,7553392,1,False,True,False,6265,,,
flu_like,0,200,4,7640663,1,False,True,False,5226,,,
flu_like,0,200,4,7773248,1,False,True,True,10167,399.0,254.0,True
flu_like,0,200,4,7881890,1,False,True,False,5969,,,
flu_like,0,200,4,8093467,1,True,True,False,4345,,,
flu_like,0,200,4,8475360,1,False,True,False,2322,,,
flu_like,0,200,4,8482269,1,False,True,True,8976,1264.0,1009.0,True
flu_like,0,200,4,8506919,1,False,True,False,3118,,,
flu_like,0,200,4,8752858,1,False,True,False,2585,,,
flu_like,0,200,4,9376531,1,False,True,False,3129,,,
flu_like,0,200,4,9800497,1,False,False,False,12479,,,
flu_like,0,200,4,9822197,1,False,True,False,9181,,,
flu_like,0,200,4,9854941,1,False,False,False,302,,,
flu_like,0,200,4,10272731,1,False,True,False,4582,,,
flu_like,0,200,4,10473386,1,False,True,False,1827,,,
flu_like,0,200,4,10495605,1,False,True,True,5960,2367.0,153.0,True
flu_like,0,200,4,10665967,1,False,True,False,6785,,,
flu_like,0,200,4,11044275,1,False,True,False,929,,,
flu_like,0,200,4,11056361,1,False,True,False,11354,,,
flu_like,0,200,4,11087902,1,False,True,False,6561,,,
flu_like,0,200,4,11214025,1,False,True,False,10223,,,
flu_like,0,200,4,11356303,1,False,True,False,4854,,,
flu_like,0,200,4,11444973,1,False,False,False,3163,,,
flu_like,0,200,4,11613207,1,False,True,False,4541,,,
flu_like,0,200,4,11735563,1,False,True,False,9118,,,
flu_like,0,200,4,11755760,1,False,True,False,1459,,,
flu_like,0,200,4,11766679,1,False,True,False,3113,,,
flu_like,0,200,4,11959667,2,False,True,False,8476,,,
flu_like,0,200,4,11986166,1,False,True,False,8596,,,
flu_like,0,200,4,12198184,1,False,True,False,10866,,,
flu_like,0,200,4,12633516,2,False,True,False,1090,,,
flu_like,0,200,4,13004013,1,False,True,False,3729,,,
flu_like,0,200,4,13231772,1,False,True,False,4393,,,
flu_like,0,200,4,13273511,1,False,False,False,12906,,,
flu_like,0,200,4,13492579,1,False,True,False,6669,,,
flu_like,0,200,4,13499436,1,False,True,False,6042,,,
flu_like,0,200,4,13537516,1,False,True,False,10416,,,
flu_like,0,200,4,13874364,1,False,False,False,185,,,
flu_like,0,200,4,13875599,1,False,False,False,12534,,,
flu_like,0,200,4,13914284,1,False,True,False,4425,,,
flu_like,0,200,4,14442013,1,False,False,False,94,,,
flu_like,0,200,4,14540479,1,False,True,False,5164,,,
flu_like,0,200,4,14654557,1,False,False,False,95,,,
flu_like,0,200,4,16325862,1,False,True,False,2159,,,
flu_like,0,200,4,16938516,1,False,True,False,9275,,,
flu_like,0,200,4,16971548,1,False,True,False,11765,,,
flu_like,0,200,4,16980632,1,False,True,False,6371,,,
flu_like,0,200,4,17232199,1,False,True,False,4793,,,
flu_like,0,200,4,17242569,1,False,True,False,2954,,,
flu_like,0,200,4,17826432,1,False,True,False,7227,,,
flu_like,0,200,4,18019887,1,False,True,False,6253,,,
flu_like,0,200,4,18227567,1,False,True,False,12438,,,
flu_like,0,200,4,18287913,1,False,True,False,2887,,,
flu_like,0,200,4,18508389,1,False,True,False,10629,,,
flu_like,0,200,4,18859675,1,False,True,False,10975,,,
flu_like,0,200,4,18939004,1,False,True,False,6526,,,
flu_like,0,200,4,19048920,1,False,True,False,7389,,,
flu_like,0,200,4,19072458,1,False,True,False,2389,,,
flu_like,0,200,4,19271458,1,False,True,False,5373,,,
flu_like,0,200,4,19275142,1,False,True,False,9634,,,
flu_like,0,200,4,19502085,1,False,False,False,516,,,
flu_like,0,200,4,19723741,1,False,True,False,7777,,,
flu_like,0,200,4,19758122,2,False,True,False,4387,,,
flu_like,0,200,4,20131448,2,False,True,False,11102,,,
flu_like,0,200,4,20170787,1,False,False,False,1602,,,
flu_like,0,200,4,20226048,1,False,False,False,11756,,,
flu_like,0,200,4,20264722,1,False,True,False,11304,,,
flu_like,0,200,4,20311095,1,False,True,False,12868,,,
flu_like,0,200,4,20358995,1,False,True,False,9017,,,
flu_like,0,200,4,20555850,1,False,True,False,2520,,,
flu_like,0,200,4,20807211,1,False,True,False,6540,,,
flu_like,0,200,4,21366394,1,False,True,False,11716,,,
flu_like,0,200,4,21470028,1,False,True,False,11805,,,
flu_like,0,200,4,21717878,1,False,True,False,5334,,,
flu_like,0,200,4,21966039,1,False,False,False,11119,,,
flu_like,0,200,4,22280938,1,False,True,False,12135,,,
flu_like,0,200,4,22788782,1,False,True,False,11952,,,
flu_like,0,200,4,22867874,1,False,True,False,2927,,,
flu_like,0,200,4,22949381,1,False,True,False,6629,,,
flu_like,0,200,4,23054019,1,False,True,False,11210,,,
flu_like,0,200,4,23147760,1,False,True,False,8259,,,
flu_like,0,200,4,23290022,1,False,True,False,7661,,,
flu_like,0,200,4,24210048,1,False,False,False,12841,,,
flu_like,0,200,4,24830489,1,False,True,False,11081,,,
flu_like,0,200,4,24893267,1,False,True,False,3923,,,
flu_like,0,200,4,24949111,1,False,True,False,3483,,,
flu_like,0,200,4,25797637,1,False,False,False,38,,,
flu_like,0,200,4,26101852,1,False,True,False,4217,,,
flu_like,0,200,4,26109362,1,False,False,False,65,,,
flu_like,0,200,4,26287712,1,True,True,False,8576,,,
flu_like,0,200,4,26639953,1,False,True,False,11051,,,
flu_like,0,200,4,26900669,1,False,False,False,12885,,,
flu_like,0,200,4,27616759,1,False,True,False,12990,,,
flu_like,0,200,4,27730807,1,True,True,False,815,,,
flu_like,0,200,4,27865692,1,False,True,False,1910,,,
flu_like,0,200,4,28023345,1,False,True,False,6816,,,
flu_like,0,200,4,28665614,1,False,True,False,3929,,,
flu_like,0,200,4,28704140,1,False,True,False,1706,,,
flu_like,0,200,4,28833810,1,False,True,False,7626,,,
flu_like,0,200,4,29582408,1,False,True,False,8719,,,
flu_like,0,200,4,29744022,1,False,False,False,11075,,,
flu_like,0,200,4,29809031,1,False,True,True,688,290.0,9009.0,False
flu_like,0,200,4,30085193,1,False,True,False,3144,,,
flu_like,0,200,4,30238852,1,False,True,False,891,,,
flu_like,0,200,4,30274432,1,False,False,False,1273,,,
flu_like,0,200,4,30692614,1,False,True,False,9950,,,
flu_like,0,200,4,30917958,1,False,True,False,8581,,,
flu_like,0,200,4,31073104,1,False,True,False,2196,,,
flu_like,0,200,4,32395712,1,False,True,False,9814,,,
flu_like,0,200,4,32415176,1,False,True,False,5475,,,
flu_like,0,200,4,32422991,1,False,True,False,8827,,,
flu_like,0,200,4,33537802,1,False,False,False,487,,,
flu_like,0,200,4,33836178,1,False,True,False,3575,,,
flu_like,0,200,4,33997794,1,False,False,False,12027,,,
flu_like,0,200,4,34122165,1,False,True,False,11386,,,
flu_like,0,200,4,34357501,1,False,True,False,11132,,,
flu_like,0,200,4,34639013,1,False,False,False,12392,,,
flu_like,0,200,4,35289495,1,False,True,False,8694,,,
flu_like,0,200,4,35326691,1,False,True,False,3045,,,
flu_like,0,200,4,35924701,1,False,False,False,12952,,,
flu_like,0,200,4,36707144,1,False,True,False,1973,,,
flu_like,0,200,4,37125627,1,False,True,False,8733,,,
flu_like,0,200,4,37596081,1,False,True,False,2511,,,
flu_like,0,200,4,37932576,1,False,True,False,6945,,,
flu_like,0,200,4,38115383,1,False,True,False,11765,,,
flu_like,0,200,4,38780551,1,False,True,False,11003,,,
flu_like,0,200,4,41182248,1,False,True,False,9266,,,
flu_like,0,200,4,41950564,1,False,True,False,11619,,,
flu_like,0,200,4,42947736,1,False,True,False,5062,,,
flu_like,0,200,4,43507876,1,False,True,False,2040,,,
flu_like,0,200,4,43745311,1,False,True,False,9047,,,
flu_like,0,200,4,44149794,1,False,True,False,9776,,,
flu_like,0,200,4,44763330,1,False,False,False,239,,,
flu_like,0,200,4,44890566,2,False,True,False,2881,,,
flu_like,0,200,4,44965313,1,False,True,False,4166,,,
flu_like,0,200,4,46260042,1,False,True,False,8905,,,
flu_like,0,200,4,47179734,1,True,True,False,497,,,
flu_like,0,200,4,47475346,1,False,False,False,472,,,
flu_like,0,200,4,48738082,1,False,True,False,10925,,,
flu_like,0,200,4,49717475,1,False,True,False,728,,,
flu_like,0,200,4,51825695,1,True,False,False,12954,,,
flu_like,0,200,5,2386,1,True,False,False,4691,,,
flu_like,0,200,5,7563,1,False,False,False,2483,,,
flu_like,0,200,5,10348,12,False,True,False,10991,,,
flu_like,0,200,5,10841,5,False,True,False,5801,,,
flu_like,0,200,5,11744,1,False,True,False,11512,,,
flu_like,0,200,5,16636,3,False,True,False,8330,,,
flu_like,0,200,5,27102,1,False,False,False,3227,,,
flu_like,0,200,5,27920,3,False,True,False,7903,,,
flu_like,0,200,5,31100,1,False,True,False,2154,,,
flu_like,0,200,5,42512,4,False,True,False,3874,,,
flu_like,0,200,5,48867,3,False,True,False,5310,,,
flu_like,0,200,5,54667,2,False,True,False,8265,,,
flu_like,0,200,5,54898,1,False,True,False,9368,,,
flu_like,0,200,5,57097,6,False,True,False,92,,,
flu_like,0,200,5,57185,7,False,True,False,3756,,,
flu_like,0,200,5,57355,5,False,True,False,5110,,,
flu_like,0,200,5,62076,2,False,True,False,11303,,,
flu_like,0,200,5,64984,2,False,True,False,3934,,,
flu_like,0,200,5,67700,3,False,True,False,10452,,,
flu_like,0,200,5,71457,1,False,True,False,8087,,,
flu_like,0,200,5,74451,3,False,True,False,12541,,,
flu_like,0,200,5,80295,1,False,True,False,11447,,,
flu_like,0,200,5,86398,1,False,True,False,2699,,,
flu_like,0,200,5,88410,3,False,True,False,7144,,,
flu_like,0,200,5,88969,1,False,True,False,2822,,,
flu_like,0,200,5,96858,1,False,True,False,6575,,,
flu_like,0,200,5,100252,1,False,False,False,9012,,,
flu_like,0,200,5,109740,2,False,True,False,12406,,,
flu_like,0,200,5,119671,1,False,True,False,10824,,,
flu_like,0,200,5,129658,1,False,True,False,5851,,,
flu_like,0,200,5,139567,2,False,True,False,11785,,,
flu_like,0,200,5,146802,1,False,False,False,1720,,,
flu_like,0,200,5,147732,2,False,True,False,7288,,,
flu_like,0,200,5,162618,1,False,True,False,5573,,,
flu_like,0,200,5,166086,2,False,True,False,12470,,,
flu_like,0,200,5,167311,1,False,False,False,1314,,,
flu_like,0,200,5,169280,2,False,True,False,11654,,,
flu_like,0,200,5,188823,1,False,True,False,5236,,,
flu_like,0,200,5,190263,3,False,False,False,707,,,
flu_like,0,200,5,212811,1,False,False,False,214,,,
flu_like,0,200,5,216111,2,False,True,False,5483,,,
flu_like,0,200,5,242544,1,False,False,False,829,,,
flu_like,0,200,5,262999,1,False,True,False,11402,,,
flu_like,0,200,5,302604,1,False,True,False,3665,,,
flu_like,0,200,5,323358,2,False,False,False,586,,,
flu_like,0,200,5,328239,1,False,True,False,3701,,,
flu_like,0,200,5,334138,1,False,True,False,6597,,,
flu_like,0,200,5,337391,1,False,True,False,7926,,,
flu_like,0,200,5,360840,1,True,True,False,2715,,,
flu_like,0,200,5,361101,1,True,True,False,8330,,,
flu_like,0,200,5,362425,1,False,True,False,10783,,,
flu_like,0,200,5,374323,1,True,False,False,3442,,,
flu_like,0,200,5,374653,1,False,True,False,10970,,,
flu_like,0,200,5,379513,1,False,True,False,2798,,,
flu_like,0,200,5,392451,1,False,True,False,6810,,,
flu_like,0,200,5,393759,1,False,True,False,3452,,,
flu_like,0,200,5,414713,1,False,True,False,8438,,,
flu_like,0,200,5,418673,1,False,True,False,8015,,,
flu_like,0,200,5,463070,1,False,False,False,12106,,,
flu_like,0,200,5,483525,2,False,True,False,6209,,,
flu_like,0,200,5,488605,2,False,True,False,5788,,,
flu_like,0,200,5,497055,2,False,True,False,6878,,,
flu_like,0,200,5,534173,3,False,False,False,12783,,,
flu_like,0,200,5,549465,2,False,True,False,6711,,,
flu_like,0,200,5,559342,1,False,False,False,878,,,
flu_like,0,200,5,562000,1,False,True,False,7328,,,
flu_like,0,200,5,607672,1,False,True,False,2200,,,
flu_like,0,200,5,642385,1,False,True,False,10261,,,
flu_like,0,200,5,644129,1,False,True,False,8398,,,
flu_like,0,200,5,702017,1,False,True,False,5697,,,
flu_like,0,200,5,702085,1,False,False,False,738,,,
flu_like,0,200,5,736867,1,False,True,False,723,,,
flu_like,0,200,5,782767,1,False,True,False,1797,,,
flu_like,0,200,5,842418,1,False,True,False,10760,,,
flu_like,0,200,5,858842,2,False,True,False,1309,,,
flu_like,0,200,5,874430,1,False,True,False,1366,,,
flu_like,0,200,5,976948,1,False,True,False,12478,,,
flu_like,0,200,5,1009204,1,False,False,False,9118,,,
flu_like,0,200,5,1024022,1,False,True,False,2611,,,
flu_like,0,200,5,1039803,1,False,True,False,1213,,,
flu_like,0,200,5,1105717,1,False,True,False,5338,,,
flu_like,0,200,5,1226137,1,False,False,False,3525,,,
flu_like,0,200,5,1329806,1,False,True,False,6584,,,
flu_like,0,200,5,1333078,1,False,True,False,10327,,,
flu_like,0,200,5,1423371,1,False,True,False,2524,,,
flu_like,0,200,5,1479777,1,False,True,False,6539,,,
flu_like,0,200,5,1669396,1,False,False,False,436,,,
flu_like,0,200,5,1739933,1,False,True,False,5310,,,
flu_like,0,200,5,1791296,1,False,True,False,1300,,,
flu_like,0,200,5,1873021,1,False,True,False,2274,,,
flu_like,0,200,5,1889257,1,False,True,False,10767,,,
flu_like,0,200,5,1910132,1,False,False,False,658,,,
flu_like,0,200,5,1920594,1,False,True,False,11602,,,
flu_like,0,200,5,2012474,2,False,False,False,12113,,,
flu_like,0,200,5,2123525,1,False,True,False,2863,,,
flu_like,0,200,5,2151716,1,False,False,False,12187,,,
flu_like,0,200,5,2154704,2,False,True,False,8157,,,
flu_like,0,200,5,2265425,1,False,True,False,11223,,,
flu_like,0,200,5,2358315,1,False,True,False,2814,,,
flu_like,0,200,5,2385288,1,False,True,False,8746,,,
flu_like,0,200,5,2455561,1,False,True,False,7823,,,
flu_like,0,200,5,2971708,1,False,True,False,1230,,,
flu_like,0,200,5,3094277,1,False,False,False,6117,,,
flu_like,0,200,5,3245855,1,False,True,False,6683,,,
flu_like,0,200,5,3250025,1,False,True,False,1751,,,
flu_like,0,200,5,3629532,1,False,False,False,1061,,,
flu_like,0,200,5,3666066,1,False,True,False,6008,,,
flu_like,0,200,5,3788033,1,False,False,False,12359,,,
flu_like,0,200,5,3806770,1,False,False,False,11286,,,
flu_like,0,200,5,3846504,1,False,True,False,6297,,,
flu_like,0,200,5,4344519,3,False,True,False,7475,,,
flu_like,0,200,5,4568407,1,False,True,False,11919,,,
flu_like,0,200,5,4583238,1,False,False,False,113,,,
flu_like,0,200,5,4589348,1,False,True,False,8389,,,
flu_like,0,200,5,4825299,1,False,True,False,10081,,,
flu_like,0,200,5,5063478,1,False,True,False,4007,,,
flu_like,0,200,5,5380201,1,False,True,False,4344,,,
flu_like,0,200,5,5671187,2,False,True,False,11510,,,
flu_like,0,200,5,5914750,1,False,True,False,11278,,,
flu_like,0,200,5,5946975,1,False,True,False,10786,,,
flu_like,0,200,5,6179041,1,False,True,False,3131,,,
flu_like,0,200,5,6655198,2,False,False,False,11652,,,
flu_like,0,200,5,6731131,1,False,True,False,11805,,,
flu_like,0,200,5,6827478,1,False,True,False,1947,,,
flu_like,0,200,5,7118288,1,False,True,False,2272,,,
flu_like,0,200,5,7545326,1,False,True,False,11647,,,
flu_like,0,200,5,7553392,1,False,True,False,6265,,,
flu_like,0,200,5,7640663,1,False,True,False,5226,,,
flu_like,0,200,5,7773248,1,False,True,False,10167,,,
flu_like,0,200,5,7881890,1,False,True,False,5969,,,
flu_like,0,200,5,8093467,1,True,True,False,4345,,,
flu_like,0,200,5,8475360,1,False,True,False,2322,,,
flu_like,0,200,5,8482269,1,False,True,False,8976,,,
flu_like,0,200,5,8506919,1,False,True,False,3118,,,
flu_like,0,200,5,8752858,1,False,True,False,2585,,,
flu_like,0,200,5,9376531,1,False,True,False,3129,,,
flu_like,0,200,5,9800497,1,False,False,False,12479,,,
flu_like,0,200,5,9822197,1,False,True,False,9181,,,
flu_like,0,200,5,9854941,1,False,False,False,302,,,
flu_like,0,200,5,10272731,1,False,True,False,4582,,,
flu_like,0,200,5,10473386,1,False,True,False,1827,,,
flu_like,0,200,5,10495605,1,False,True,False,5960,,,
flu_like,0,200,5,10665967,1,False,True,False,6785,,,
flu_like,0,200,5,11044275,1,False,True,False,929,,,
flu_like,0,200,5,11056361,1,False,True,False,11354,,,
flu_like,0,200,5,11087902,1,False,True,False,6561,,,
flu_like,0,200,5,11214025,1,False,True,False,10223,,,
flu_like,0,200,5,11356303,1,False,True,False,4854,,,
flu_like,0,200,5,11444973,1,False,False,False,3163,,,
flu_like,0,200,5,11613207,1,False,True,False,4541,,,
flu_like,0,200,5,11735563,1,False,True,False,9118,,,
flu_like,0,200,5,11755760,1,False,True,False,1459,,,
flu_like,0,200,5,11766679,1,False,True,False,3113,,,
flu_like,0,200,5,11959667,2,False,True,False,8476,,,
flu_like,0,200,5,11986166,1,False,True,False,8596,,,
flu_like,0,200,5,12198184,1,False,True,False,10866,,,
flu_like,0,200,5,12633516,2,False,True,False,1090,,,
flu_like,0,200,5,13004013,1,False,True,False,3729,,,
flu_like,0,200,5,13231772,1,False,True,False,4393,,,
flu_like,0,200,5,13273511,1,False,False,False,12906,,,
flu_like,0,200,5,13492579,1,False,True,False,6669,,,
flu_like,0,200,5,13499436,1,False,True,False,6042,,,
flu_like,0,200,5,13537516,1,False,True,False,10416,,,
flu_like,0,200,5,13874364,1,False,False,False,185,,,
flu_like,0,200,5,13875599,1,False,False,False,12534,,,
flu_like,0,200,5,13914284,1,False,True,False,4425,,,
flu_like,0,200,5,14442013,1,False,False,False,94,,,
flu_like,0,200,5,14540479,1,False,True,False,5164,,,
flu_like,0,200,5,14654557,1,False,False,False,95,,,
flu_like,0,200,5,16325862,1,False,True,False,2159,,,
flu_like,0,200,5,16938516,1,False,True,False,9275,,,
flu_like,0,200,5,16971548,1,False,True,False,11765,,,
flu_like,0,200,5,16980632,1,False,True,False,6371,,,
flu_like,0,200,5,17232199,1,False,True,False,4793,,,
flu_like,0,200,5,17242569,1,False,True,False,2954,,,
flu_like,0,200,5,17826432,1,False,True,False,7227,,,
flu_like,0,200,5,18019887,1,False,True,False,6253,,,
flu_like,0,200,5,18227567,1,False,True,False,12438,,,
flu_like,0,200,5,18287913,1,False,True,False,2887,,,
flu_like,0,200,5,18508389,1,False,True,False,10629,,,
flu_like,0,200,5,18859675,1,False,True,False,10975,,,
flu_like,0,200,5,18939004,1,False,True,False,6526,,,
flu_like,0,200,5,19048920,1,False,True,False,7389,,,
flu_like,0,200,5,19072458,1,False,True,False,2389,,,
flu_like,0,200,5,19271458,1,False,True,False,5373,,,
flu_like,0,200,5,19275142,1,False,True,False,9634,,,
flu_like,0,200,5,19502085,1,False,False,False,516,,,
flu_like,0,200,5,19723741,1,False,True,False,7777,,,
flu_like,0,200,5,19758122,2,False,True,False,4387,,,
flu_like,0,200,5,20131448,2,False,True,False,11102,,,
flu_like,0,200,5,20170787,1,False,False,False,1602,,,
flu_like,0,200,5,20226048,1,False,False,False,11756,,,
flu_like,0,200,5,20264722,1,False,True,False,11304,,,
flu_like,0,200,5,20311095,1,False,True,False,12868,,,
flu_like,0,200,5,20358995,1,False,True,False,9017,,,
flu_like,0,200,5,20555850,1,False,True,False,2520,,,
flu_like,0,200,5,20807211,1,False,True,False,6540,,,
flu_like,0,200,5,21366394,1,False,True,False,11716,,,
flu_like,0,200,5,21470028,1,False,True,False,11805,,,
flu_like,0,200,5,21717878,1,False,True,False,5334,,,
flu_like,0,200,5,21966039,1,False,False,False,11119,,,
flu_like,0,200,5,22280938,1,False,True,False,12135,,,
flu_like,0,200,5,22788782,1,False,True,False,11952,,,
flu_like,0,200,5,22867874,1,False,True,False,2927,,,
flu_like,0,200,5,22949381,1,False,True,False,6629,,,
flu_like,0,200,5,23054019,1,False,True,False,11210,,,
flu_like,0,200,5,23147760,1,False,True,False,8259,,,
flu_like,0,200,5,23290022,1,False,True,False,7661,,,
flu_like,0,200,5,24210048,1,False,False,False,12841,,,
flu_like,0,200,5,24830489,1,False,True,False,11081,,,
flu_like,0,200,5,24893267,1,False,True,False,3923,,,
flu_like,0,200,5,24949111,1,False,True,False,3483,,,
flu_like,0,200,5,25797637,1,False,False,False,38,,,
flu_like,0,200,5,26101852,1,False,True,False,4217,,,
flu_like,0,200,5,26109362,1,False,False,False,65,,,
flu_like,0,200,5,26287712,1,True,True,False,8576,,,
flu_like,0,200,5,26639953,1,False,True,False,11051,,,
flu_like,0,200,5,26900669,1,False,False,False,12885,,,
flu_like,0,200,5,27616759,1,False,True,False,12990,,,
flu_like,0,200,5,27730807,1,True,True,False,815,,,
flu_like,0,200,5,27865692,1,False,True,False,1910,,,
flu_like,0,200,5,28023345,1,False,True,False,6816,,,
flu_like,0,200,5,28665614,1,False,True,False,3929,,,
flu_like,0,200,5,28704140,1,False,True,False,1706,,,
flu_like,0,200,5,28833810,1,False,True,False,7626,,,
flu_like,0,200,5,29582408,1,False,True,False,8719,,,
flu_like,0,200,5,29744022,1,False,False,False,11075,,,
flu_like,0,200,5,29809031,1,False,True,False,688,,,
flu_like,0,200,5,30085193,1,False,True,False,3144,,,
flu_like,0,200,5,30238852,1,False,True,False,891,,,
flu_like,0,200,5,30274432,1,False,False,False,1273,,,
flu_like,0,200,5,30692614,1,False,True,False,9950,,,
flu_like,0,200,5,30917958,1,False,True,False,8581,,,
flu_like,0,200,5,31073104,1,False,True,False,2196,,,
flu_like,0,200,5,32395712,1,False,True,False,9814,,,
flu_like,0,200,5,32415176,1,False,True,False,5475,,,
flu_like,0,200,5,32422991,1,False,True,False,8827,,,
flu_like,0,200,5,33537802,1,False,False,False,487,,,
flu_like,0,200,5,33836178,1,False,True,False,3575,,,
flu_like,0,200,5,33997794,1,False,False,False,12027,,,
flu_like,0,200,5,34122165,1,False,True,False,11386,,,
flu_like,0,200,5,34357501,1,False,True,False,11132,,,
flu_like,0,200,5,34639013,1,False,False,False,12392,,,
flu_like,0,200,5,35289495,1,False,True,False,8694,,,
flu_like,0,200,5,35326691,1,False,True,False,3045,,,
flu_like,0,200,5,35924701,1,False,False,False,12952,,,
flu_like,0,200,5,36707144,1,False,True,False,1973,,,
flu_like,0,200,5,37125627,1,False,True,False,8733,,,
flu_like,0,200,5,37596081,1,False,True,False,2511,,,
flu_like,0,200,5,37932576,1,False,True,False,6945,,,
flu_like,0,200,5,38115383,1,False,True,False,11765,,,
flu_like,0,200,5,38780551,1,False,True,False,11003,,,
flu_like,0,200,5,41182248,1,False,True,False,9266,,,
flu_like,0,200,5,41950564,1,False,True,False,11619,,,
flu_like,0,200,5,42947736,1,False,True,False,5062,,,
flu_like,0,200,5,43507876,1,False,True,False,2040,,,
flu_like,0,200,5,43745311,1,False,True,False,9047,,,
flu_like,0,200,5,44149794,1,False,True,False,9776,,,
flu_like,0,200,5,44763330,1,False,False,False,239,,,
flu_like,0,200,5,44890566,2,False,True,False,2881,,,
flu_like,0,200,5,44965313,1,False,True,False,4166,,,
flu_like,0,200,5,46260042,1,False,True,False,8905,,,
flu_like,0,200,5,47179734,1,True,True,False,497,,,
flu_like,0,200,5,47475346,1,False,False,False,472,,,
flu_like,0,200,5,48738082,1,False,True,False,10925,,,
flu_like,0,200,5,49717475,1,False,True,False,728,,,
flu_like,0,200,5,51825695,1,True,False,False,12954,,,
flu_like,0,1000,3,2386,1,True,False,False,4691,,,
flu_like,0,1000,3,7276,1,True,True,False,4801,,,
flu_like,0,1000,3,7563,1,False,False,False,2483,,,
flu_like,0,1000,3,10348,58,False,True,False,10991,,,
flu_like,0,1000,3,10841,15,False,True,True,5801,4859.0,2563.0,True
flu_like,0,1000,3,11744,1,True,True,False,11512,,,
flu_like,0,1000,3,16636,12,False,True,False,8330,,,
flu_like,0,1000,3,19707,1,False,False,False,322,,,
flu_like,0,1000,3,19773,1,True,True,False,11754,,,
flu_like,0,1000,3,19848,2,False,True,False,7723,,,
flu_like,0,1000,3,27102,1,True,False,False,3227,,,
flu_like,0,1000,3,27920,1,False,True,False,7903,,,
flu_like,0,1000,3,31100,4,False,True,False,2154,,,
flu_like,0,1000,3,31757,7,False,False,False,4512,,,
flu_like,0,1000,3,34288,1,True,True,True,750,917.0,839.0,True
flu_like,0,1000,3,42512,15,False,True,False,3874,,,
flu_like,0,1000,3,43244,4,False,True,True,8885,2031.0,10.0,True
flu_like,0,1000,3,48867,16,False,True,False,5310,,,
flu_like,0,1000,3,53200,1,False,True,False,11682,,,
flu_like,0,1000,3,54667,12,False,True,False,8265,,,
flu_like,0,1000,3,54898,4,False,True,False,9368,,,
flu_like,0,1000,3,57097,19,False,True,False,92,,,
flu_like,0,1000,3,57185,1,False,True,False,3756,,,
flu_like,0,1000,3,57355,26,False,True,False,5110,,,
flu_like,0,1000,3,57540,1,True,True,False,11742,,,
flu_like,0,1000,3,58944,23,False,False,False,12280,,,
flu_like,0,1000,3,62076,15,False,True,False,11303,,,
flu_like,0,1000,3,64984,14,False,True,False,3934,,,
flu_like,0,1000,3,67700,8,False,True,False,10452,,,
flu_like,0,1000,3,69926,4,False,True,False,6259,,,
flu_like,0,1000,3,71457,2,False,True,False,8087,,,
flu_like,0,1000,3,74451,12,False,True,False,12541,,,
flu_like,0,1000,3,77100,1,False,True,False,9346,,,
flu_like,0,1000,3,80295,5,False,True,False,11447,,,
flu_like,0,1000,3,82058,2,False,True,False,12000,,,
flu_like,0,1000,3,86398,3,False,True,False,2699,,,
flu_like,0,1000,3,88410,17,False,True,False,7144,,,
flu_like,0,1000,3,88969,9,False,True,False,2822,,,
flu_like,0,1000,3,89785,7,False,True,False,4813,,,
flu_like,0,1000,3,96858,4,False,True,False,6575,,,
flu_like,0,1000,3,100252,1,False,False,False,9012,,,
flu_like,0,1000,3,104375,1,True,True,False,10501,,,
flu_like,0,1000,3,109740,7,False,True,False,12406,,,
flu_like,0,1000,3,119671,2,False,True,False,10824,,,
flu_like,0,1000,3,120450,1,False,True,False,7741,,,
flu_like,0,1000,3,129658,10,False,True,False,5851,,,
flu_like,0,1000,3,132636,3,False,True,False,12659,,,
flu_like,0,1000,3,136485,2,False,True,False,9705,,,
flu_like,0,1000,3,139567,18,False,True,False,11785,,,
flu_like,0,1000,3,142154,5,False,True,False,7267,,,
flu_like,0,1000,3,142390,1,False,True,False,12157,,,
flu_like,0,1000,3,146802,2,False,False,False,1720,,,
flu_like,0,1000,3,147732,5,False,True,False,7288,,,
flu_like,0,1000,3,148967,2,False,True,False,10622,,,
flu_like,0,1000,3,153821,2,False,True,False,4243,,,
flu_like,0,1000,3,156921,2,False,True,False,3555,,,
flu_like,0,1000,3,162061,1,False,True,False,11303,,,
flu_like,0,1000,3,162618,2,False,True,False,5573,,,
flu_like,0,1000,3,162663,2,False,False,False,919,,,
flu_like,0,1000,3,164365,2,False,False,False,12602,,,
flu_like,0,1000,3,166086,4,False,True,False,12470,,,
flu_like,0,1000,3,167311,1,False,False,False,1314,,,
flu_like,0,1000,3,167757,2,False,True,True,8299,386.0,351.0,True
flu_like,0,1000,3,169280,6,False,True,False,11654,,,
flu_like,0,1000,3,177228,4,False,True,False,4358,,,
flu_like,0,1000,3,178735,1,False,False,False,10857,,,
flu_like,0,1000,3,181739,1,False,True,False,11733,,,
flu_like,0,1000,3,185185,6,False,True,False,8654,,,
flu_like,0,1000,3,188823,5,False,True,False,5236,,,
flu_like,0,1000,3,190263,12,False,False,False,707,,,
flu_like,0,1000,3,196328,1,False,False,False,992,,,
flu_like,0,1000,3,206083,1,False,True,False,1933,,,
flu_like,0,1000,3,207203,2,False,True,False,7485,,,
flu_like,0,1000,3,212811,3,False,False,False,214,,,
flu_like,0,1000,3,216111,9,False,True,False,5483,,,
flu_like,0,1000,3,217245,1,False,False,False,12436,,,
flu_like,0,1000,3,217823,1,False,True,False,2807,,,
flu_like,0,1000,3,222223,1,True,True,False,6759,,,
flu_like,0,1000,3,227020,1,False,True,False,2891,,,
flu_like,0,1000,3,227537,3,False,True,False,9532,,,
flu_like,0,1000,3,239568,1,False,True,False,1005,,,
flu_like,0,1000,3,242544,2,False,False,False,829,,,
flu_like,0,1000,3,244127,2,False,True,False,6473,,,
flu_like,0,1000,3,256376,1,False,True,False,5769,,,
flu_like,0,1000,3,259263,1,False,True,False,5034,,,
flu_like,0,1000,3,262999,4,False,True,False,11402,,,
flu_like,0,1000,3,263749,2,False,False,False,8991,,,
flu_like,0,1000,3,277797,3,False,True,False,4257,,,
flu_like,0,1000,3,291882,2,False,True,False,988,,,
flu_like,0,1000,3,295092,2,False,True,False,5554,,,
flu_like,0,1000,3,295356,1,False,True,True,10274,921.0,633.0,True
flu_like,0,1000,3,296814,2,False,True,False,4685,,,
flu_like,0,1000,3,297002,1,False,True,False,4241,,,
flu_like,0,1000,3,302604,1,False,True,False,3665,,,
flu_like,0,1000,3,307720,1,False,True,False,12292,,,
flu_like,0,1000,3,317282,2,False,False,False,8882,,,
flu_like,0,1000,3,323358,6,False,False,False,586,,,
flu_like,0,1000,3,328239,6,False,True,True,3701,1061.0,231.0,True
flu_like,0,1000,3,334138,2,False,True,False,6597,,,
flu_like,0,1000,3,337391,2,False,True,False,7926,,,
flu_like,0,1000,3,339323,1,False,True,False,1139,,,
flu_like,0,1000,3,340307,1,False,False,False,1185,,,
flu_like,0,1000,3,360840,1,True,True,True,2715,8863.0,8298.0,True
flu_like,0,1000,3,361101,1,True,True,False,8330,,,
flu_like,0,1000,3,362425,2,False,True,True,10783,254.0,238.0,True
flu_like,0,1000,3,368886,1,False,True,False,3278,,,
flu_like,0,1000,3,374323,1,True,False,False,3442,,,
flu_like,0,1000,3,374653,1,False,True,True,10970,611.0,51.0,True
flu_like,0,1000,3,379513,1,True,True,False,2798,,,
flu_like,0,1000,3,381587,1,False,True,False,824,,,
flu_like,0,1000,3,392451,5,False,True,True,6810,2555.0,2549.0,True
flu_like,0,1000,3,393759,2,False,True,False,3452,,,
flu_like,0,1000,3,396739,3,False,True,False,10051,,,
flu_like,0,1000,3,413591,1,False,True,False,2615,,,
flu_like,0,1000,3,414713,1,False,True,False,8438,,,
flu_like,0,1000,3,417225,4,False,True,False,10191,,,
flu_like,0,1000,3,418673,3,False,True,False,8015,,,
flu_like,0,1000,3,425701,1,False,False,False,5273,,,
flu_like,0,1000,3,427688,1,False,True,False,8218,,,
flu_like,0,1000,3,428572,2,False,False,False,12090,,,
flu_like,0,1000,3,431011,1,False,True,False,8566,,,
flu_like,0,1000,3,433361,5,False,True,False,2885,,,
flu_like,0,1000,3,453428,2,False,False,False,12489,,,
flu_like,0,1000,3,457021,1,False,True,False,5001,,,
flu_like,0,1000,3,463070,6,False,False,False,12106,,,
flu_like,0,1000,3,464604,1,False,False,False,1061,,,
flu_like,0,1000,3,467961,7,False,True,False,7741,,,
flu_like,0,1000,3,471594,2,False,False,False,12958,,,
flu_like,0,1000,3,483525,8,False,True,False,6209,,,
flu_like,0,1000,3,488551,1,False,True,True,2809,6045.0,4054.0,True
flu_like,0,1000,3,488605,6,False,True,False,5788,,,
flu_like,0,1000,3,494405,2,False,True,False,6556,,,
flu_like,0,1000,3,497055,8,False,True,False,6878,,,
flu_like,0,1000,3,505845,2,False,True,False,7108,,,
flu_like,0,1000,3,520612,5,False,True,False,1477,,,
flu_like,0,1000,3,521686,1,False,True,True,9687,1264.0,298.0,True
flu_like,0,1000,3,523230,5,False,True,False,1215,,,
flu_like,0,1000,3,524012,1,False,True,False,5378,,,
flu_like,0,1000,3,534173,5,False,False,False,12783,,,
flu_like,0,1000,3,540349,1,False,True,False,4081,,,
flu_like,0,1000,3,545632,1,True,True,False,9107,,,
flu_like,0,1000,3,549465,8,False,True,True,6711,6565.0,5501.0,True
flu_like,0,1000,3,551955,2,False,False,False,12313,,,
flu_like,0,1000,3,559342,3,False,False,False,878,,,
flu_like,0,1000,3,562000,1,False,True,True,7328,2941.0,485.0,True
flu_like,0,1000,3,591244,1,False,True,False,7936,,,
flu_like,0,1000,3,595302,1,False,True,False,3962,,,
flu_like,0,1000,3,606817,1,False,True,False,7531,,,
flu_like,0,1000,3,607672,2,False,True,False,2200,,,
flu_like,0,1000,3,612373,1,False,True,False,3762,,,
flu_like,0,1000,3,618356,1,False,True,False,10386,,,
flu_like,0,1000,3,642385,1,False,True,False,10261,,,
flu_like,0,1000,3,644129,2,False,True,False,8398,,,
flu_like,0,1000,3,644892,1,False,True,False,8622,,,
flu_like,0,1000,3,660042,1,True,True,False,4321,,,
flu_like,0,1000,3,661510,1,False,True,False,9653,,,
flu_like,0,1000,3,677106,1,False,False,False,12703,,,
flu_like,0,1000,3,680316,5,False,True,True,11101,804.0,725.0,True
flu_like,0,1000,3,691559,1,True,True,False,7978,,,
flu_like,0,1000,3,702017,5,False,True,True,5697,2639.0,2161.0,True
flu_like,0,1000,3,702085,2,False,False,False,738,,,
flu_like,0,1000,3,709175,4,False,True,False,1507,,,
flu_like,0,1000,3,721302,1,False,True,False,6862,,,
flu_like,0,1000,3,724131,1,False,True,False,11480,,,
flu_like,0,1000,3,725748,3,False,True,False,11879,,,
flu_like,0,1000,3,736867,1,False,True,False,723,,,
flu_like,0,1000,3,736916,2,False,True,False,923,,,
flu_like,0,1000,3,778727,1,False,True,False,4015,,,
flu_like,0,1000,3,782767,1,False,True,False,1797,,,
flu_like,0,1000,3,817904,1,False,False,False,12975,,,
flu_like,0,1000,3,828812,1,False,False,False,11581,,,
flu_like,0,1000,3,842418,2,False,True,True,10760,94.0,51.0,True
flu_like,0,1000,3,858842,3,False,True,True,1309,1513.0,1347.0,True
flu_like,0,1000,3,874430,3,False,True,False,1366,,,
flu_like,0,1000,3,888410,2,False,True,False,4865,,,
flu_like,0,1000,3,898333,1,False,True,False,4198,,,
flu_like,0,1000,3,905093,1,True,True,False,8670,,,
flu_like,0,1000,3,917151,2,False,True,False,4352,,,
flu_like,0,1000,3,961818,1,False,True,False,10862,,,
flu_like,0,1000,3,976948,1,False,True,False,12478,,,
flu_like,0,1000,3,1009204,2,False,False,False,9118,,,
flu_like,0,1000,3,1024022,1,False,True,False,2611,,,
flu_like,0,1000,3,1028729,1,True,True,False,1410,,,
flu_like,0,1000,3,1035995,1,False,False,False,997,,,
flu_like,0,1000,3,1039803,1,False,True,False,1213,,,
flu_like,0,1000,3,1056279,1,False,True,False,11404,,,
flu_like,0,1000,3,1078232,3,False,True,False,12150,,,
flu_like,0,1000,3,1078870,1,False,True,False,8798,,,
flu_like,0,1000,3,1105717,2,False,True,False,5338,,,
flu_like,0,1000,3,1112544,1,False,True,True,1053,3819.0,8270.0,False
flu_like,0,1000,3,1132450,1,False,True,False,11563,,,
flu_like,0,1000,3,1133795,1,False,True,False,1973,,,
flu_like,0,1000,3,1146306,2,False,True,False,10464,,,
flu_like,0,1000,3,1169529,1,False,True,False,4175,,,
flu_like,0,1000,3,1226137,1,False,False,False,3525,,,
flu_like,0,1000,3,1295949,2,False,True,False,7477,,,
flu_like,0,1000,3,1304346,1,False,True,True,6767,3222.0,96.0,True
flu_like,0,1000,3,1324796,1,True,True,False,10782,,,
flu_like,0,1000,3,1329806,1,False,True,False,6584,,,
flu_like,0,1000,3,1333078,1,False,True,False,10327,,,
flu_like,0,1000,3,1337793,1,False,True,False,5774,,,
flu_like,0,1000,3,1372858,5,False,True,False,6806,,,
flu_like,0,1000,3,1399184,3,False,True,False,2860,,,
flu_like,0,1000,3,1423371,4,False,True,False,2524,,,
flu_like,0,1000,3,1427239,1,False,True,False,6901,,,
flu_like,0,1000,3,1457750,1,True,True,False,9150,,,
flu_like,0,1000,3,1463514,1,False,True,False,10301,,,
flu_like,0,1000,3,1479777,2,False,True,False,6539,,,
flu_like,0,1000,3,1482309,1,False,True,False,9279,,,
flu_like,0,1000,3,1487077,2,False,True,True,6113,676.0,1987.0,False
flu_like,0,1000,3,1497812,1,False,True,False,2859,,,
flu_like,0,1000,3,1499176,1,False,True,False,4749,,,
flu_like,0,1000,3,1569894,1,False,False,False,12857,,,
flu_like,0,1000,3,1575847,1,False,True,False,6767,,,
flu_like,0,1000,3,1588422,1,False,True,False,6498,,,
flu_like,0,1000,3,1604663,1,False,True,False,3134,,,
flu_like,0,1000,3,1612936,1,False,True,False,11043,,,
flu_like,0,1000,3,1669396,2,False,False,False,436,,,
flu_like,0,1000,3,1739933,1,False,True,False,5310,,,
flu_like,0,1000,3,1746524,1,False,True,False,1665,,,
flu_like,0,1000,3,1747924,1,False,True,False,5928,,,
flu_like,0,1000,3,1791296,1,False,True,False,1300,,,
flu_like,0,1000,3,1825431,1,False,True,False,5617,,,
flu_like,0,1000,3,1873021,1,False,True,False,2274,,,
flu_like,0,1000,3,1889257,2,False,True,False,10767,,,
flu_like,0,1000,3,1903094,1,False,True,False,7454,,,
flu_like,0,1000,3,1910132,1,False,False,False,658,,,
flu_like,0,1000,3,1920594,2,False,True,False,11602,,,
flu_like,0,1000,3,1968621,2,False,True,False,7583,,,
flu_like,0,1000,3,1970666,1,False,True,False,9867,,,
flu_like,0,1000,3,2012474,2,False,False,False,12113,,,
flu_like,0,1000,3,2045745,1,True,True,False,12138,,,
flu_like,0,1000,3,2101150,2,False,True,False,6504,,,
flu_like,0,1000,3,2116163,1,False,True,False,2211,,,
flu_like,0,1000,3,2123525,1,False,True,False,2863,,,
flu_like,0,1000,3,2151716,1,False,False,False,12187,,,
flu_like,0,1000,3,2154704,2,False,True,True,8157,1937.0,644.0,True
flu_like,0,1000,3,2159654,1,False,False,False,12701,,,
flu_like,0,1000,3,2205446,1,False,True,False,835,,,
flu_like,0,1000,3,2239790,1,True,True,False,2833,,,
flu_like,0,1000,3,2259037,1,False,True,True,9726,2299.0,1394.0,True
flu_like,0,1000,3,2265425,1,False,True,False,11223,,,
flu_like,0,1000,3,2268653,1,False,False,False,1831,,,
flu_like,0,1000,3,2358315,1,False,True,True,2814,4778.0,3554.0,True
flu_like,0,1000,3,2358868,1,False,True,True,11715,30.0,-663.0,False
flu_like,0,1000,3,2385288,1,False,True,False,8746,,,
flu_like,0,1000,3,2394186,1,True,True,True,8538,3861.0,3192.0,True
flu_like,0,1000,3,2428906,2,False,True,False,5536,,,
flu_like,0,1000,3,2455561,1,False,True,False,7823,,,
flu_like,0,1000,3,2471133,2,False,True,False,9557,,,
flu_like,0,1000,3,2508964,1,False,True,False,4895,,,
flu_like,0,1000,3,2602273,1,False,True,False,9084,,,
flu_like,0,1000,3,2641227,1,False,True,True,9547,505.0,-202.0,False
flu_like,0,1000,3,2642730,2,False,True,False,5512,,,
flu_like,0,1000,3,2692934,1,False,True,False,4905,,,
flu_like,0,1000,3,2823101,1,False,True,False,10043,,,
flu_like,0,1000,3,2838073,1,False,True,False,10484,,,
flu_like,0,1000,3,2853809,1,False,True,True,6619,2328.0,244.0,True
flu_like,0,1000,3,2910915,1,False,False,False,453,,,
flu_like,0,1000,3,2918617,1,False,True,False,2519,,,
flu_like,0,1000,3,2946466,2,False,False,False,392,,,
flu_like,0,1000,3,2961800,1,False,True,False,6702,,,
flu_like,0,1000,3,2969538,1,False,True,False,6288,,,
flu_like,0,1000,3,2971708,2,False,True,False,1230,,,
flu_like,0,1000,3,3031332,1,False,True,True,8574,587.0,-326.0,False
flu_like,0,1000,3,3034417,2,False,True,False,1417,,,
flu_like,0,1000,3,3072447,1,False,False,False,1198,,,
flu_like,0,1000,3,3094277,1,False,False,False,6117,,,
flu_like,0,1000,3,3170518,1,False,True,False,11720,,,
flu_like,0,1000,3,3245855,1,False,True,False,6683,,,
flu_like,0,1000,3,3250025,2,False,True,True,1751,1651.0,1119.0,True
flu_like,0,1000,3,3258636,1,False,True,False,10043,,,
flu_like,0,1000,3,3261428,2,False,True,False,2893,,,
flu_like,0,1000,3,3271011,2,False,True,False,8256,,,
flu_like,0,1000,3,3272249,1,False,True,False,10098,,,
flu_like,0,1000,3,3400112,2,False,False,False,2553,,,
flu_like,0,1000,3,3479228,4,False,True,False,5672,,,
flu_like,0,1000,3,3527871,1,False,True,False,6197,,,
flu_like,0,1000,3,3629532,1,False,False,False,1061,,,
flu_like,0,1000,3,3651438,1,False,True,False,12001,,,
flu_like,0,1000,3,3666066,1,False,True,True,6008,2101.0,223.0,True
flu_like,0,1000,3,3724066,1,False,True,False,7715,,,
flu_like,0,1000,3,3737029,2,False,False,False,12647,,,
flu_like,0,1000,3,3785673,1,False,True,False,7609,,,
flu_like,0,1000,3,3788033,1,False,False,False,12359,,,
flu_like,0,1000,3,3806770,1,False,False,False,11286,,,
flu_like,0,1000,3,3846504,1,False,True,False,6297,,,
flu_like,0,1000,3,3973476,2,False,True,False,6606,,,
flu_like,0,1000,3,3983715,1,False,True,False,3081,,,
flu_like,0,1000,3,3994943,2,False,True,False,6542,,,
flu_like,0,1000,3,3995612,1,False,True,False,11019,,,
flu_like,0,1000,3,4015168,1,False,True,False,12010,,,
flu_like,0,1000,3,4124271,1,False,False,False,11867,,,
flu_like,0,1000,3,4192284,1,False,True,False,9874,,,
flu_like,0,1000,3,4208985,3,False,True,True,7738,1636.0,762.0,True
flu_like,0,1000,3,4215463,1,False,True,False,10671,,,
flu_like,0,1000,3,4234546,1,False,True,False,11355,,,
flu_like,0,1000,3,4344519,2,False,True,False,7475,,,
flu_like,0,1000,3,4415630,1,False,True,False,1259,,,
flu_like,0,1000,3,4568407,1,False,True,False,11919,,,
flu_like,0,1000,3,4583238,1,False,False,False,113,,,
flu_like,0,1000,3,4589348,1,False,True,False,8389,,,
flu_like,0,1000,3,4792519,1,False,True,False,2758,,,
flu_like,0,1000,3,4825299,3,False,True,False,10081,,,
flu_like,0,1000,3,5041923,1,False,True,False,4940,,,
flu_like,0,1000,3,5063478,1,False,True,True,4007,2568.0,1406.0,True
flu_like,0,1000,3,5162626,1,False,True,False,12513,,,
flu_like,0,1000,3,5219974,3,False,False,False,454,,,
flu_like,0,1000,3,5222685,1,False,True,True,5505,3159.0,863.0,True
flu_like,0,1000,3,5225866,2,False,True,False,11180,,,
flu_like,0,1000,3,5269613,1,False,True,False,9396,,,
flu_like,0,1000,3,5298829,2,False,False,False,12122,,,
flu_like,0,1000,3,5307466,1,False,True,False,6479,,,
flu_like,0,1000,3,5380201,2,False,True,True,4344,2984.0,2281.0,True
flu_like,0,1000,3,5420624,1,False,True,False,3461,,,
flu_like,0,1000,3,5474311,2,False,False,False,1107,,,
flu_like,0,1000,3,5671187,2,False,True,False,11510,,,
flu_like,0,1000,3,5673860,2,False,True,False,7650,,,
flu_like,0,1000,3,5678428,1,False,True,False,10757,,,
flu_like,0,1000,3,5806480,1,False,False,False,11528,,,
flu_like,0,1000,3,5830773,2,False,True,False,5742,,,
flu_like,0,1000,3,5849024,2,False,False,False,12050,,,
flu_like,0,1000,3,5878970,1,False,True,False,8482,,,
flu_like,0,1000,3,5914750,2,False,True,False,11278,,,
flu_like,0,1000,3,5946975,2,False,True,False,10786,,,
flu_like,0,1000,3,6026492,1,False,False,False,31,,,
flu_like,0,1000,3,6051087,1,False,True,False,11806,,,
flu_like,0,1000,3,6064151,1,False,True,False,8273,,,
flu_like,0,1000,3,6157814,1,False,True,False,9207,,,
flu_like,0,1000,3,6179041,1,False,True,False,3131,,,
flu_like,0,1000,3,6197953,1,False,False,False,5,,,
flu_like,0,1000,3,6242061,1,False,True,False,1348,,,
flu_like,0,1000,3,6320107,3,False,True,True,10077,2652.0,664.0,True
flu_like,0,1000,3,6357879,1,False,True,False,3703,,,
flu_like,0,1000,3,6377875,1,False,True,False,3951,,,
flu_like,0,1000,3,6382656,1,False,True,False,2209,,,
flu_like,0,1000,3,6408307,1,False,False,False,11555,,,
flu_like,0,1000,3,6458178,2,False,True,False,10013,,,
flu_like,0,1000,3,6513568,1,False,True,False,7747,,,
flu_like,0,1000,3,6546875,1,False,False,False,4779,,,
flu_like,0,1000,3,6601776,3,False,True,False,5748,,,
flu_like,0,1000,3,6617182,1,False,True,False,12254,,,
flu_like,0,1000,3,6655198,3,False,False,False,11652,,,
flu_like,0,1000,3,6694810,1,False,True,False,6161,,,
flu_like,0,1000,3,6697872,1,False,True,False,9132,,,
flu_like,0,1000,3,6731131,1,False,True,False,11805,,,
flu_like,0,1000,3,6748422,1,False,False,False,6167,,,
flu_like,0,1000,3,6777135,1,False,True,False,2983,,,
flu_like,0,1000,3,6805690,1,False,True,False,12161,,,
flu_like,0,1000,3,6819514,1,False,True,False,4657,,,
flu_like,0,1000,3,6827478,1,False,True,False,1947,,,
flu_like,0,1000,3,6869596,1,False,True,False,6587,,,
flu_like,0,1000,3,6923903,1,False,True,False,4520,,,
flu_like,0,1000,3,6950161,1,False,True,False,4993,,,
flu_like,0,1000,3,7022912,1,False,True,False,9088,,,
flu_like,0,1000,3,7038341,2,False,False,False,1595,,,
flu_like,0,1000,3,7106739,1,False,True,False,7999,,,
flu_like,0,1000,3,7118288,1,False,True,False,2272,,,
flu_like,0,1000,3,7295613,1,False,False,False,83,,,
flu_like,0,1000,3,7300695,1,False,False,False,47,,,
flu_like,0,1000,3,7375489,1,False,True,True,7926,4043.0,2981.0,True
flu_like,0,1000,3,7390569,2,False,True,False,2231,,,
flu_like,0,1000,3,7422363,1,False,True,False,9947,,,
flu_like,0,1000,3,7474948,1,False,True,False,5151,,,
flu_like,0,1000,3,7519693,1,False,True,True,6430,814.0,433.0,True
flu_like,0,1000,3,7545326,1,False,True,True,11647,804.0,179.0,True
flu_like,0,1000,3,7553166,1,False,True,False,11837,,,
flu_like,0,1000,3,7553392,1,False,True,False,6265,,,
flu_like,0,1000,3,7639002,2,False,True,False,7110,,,
flu_like,0,1000,3,7640663,1,False,True,False,5226,,,
flu_like,0,1000,3,7680106,1,False,True,True,7480,2076.0,965.0,True
flu_like,0,1000,3,7708133,1,False,True,False,6806,,,
flu_like,0,1000,3,7749308,1,False,False,False,8688,,,
flu_like,0,1000,3,7773248,1,False,True,True,10167,399.0,254.0,True
flu_like,0,1000,3,7873647,1,False,True,False,1434,,,
flu_like,0,1000,3,7881890,2,False,True,True,5969,1325.0,1242.0,True
flu_like,0,1000,3,7884597,1,False,False,False,342,,,
flu_like,0,1000,3,7913006,1,False,True,False,5237,,,
flu_like,0,1000,3,8008102,1,False,True,False,9538,,,
flu_like,0,1000,3,8093467,1,True,True,False,4345,,,
flu_like,0,1000,3,8126816,3,False,True,False,6191,,,
flu_like,0,1000,3,8244682,1,False,True,False,3980,,,
flu_like,0,1000,3,8315564,4,False,True,False,4108,,,
flu_like,0,1000,3,8338294,3,False,True,False,12492,,,
flu_like,0,1000,3,8360980,2,False,False,False,1167,,,
flu_like,0,1000,3,8401607,1,False,True,True,9706,1730.0,431.0,True
flu_like,0,1000,3,8407801,1,False,True,False,4130,,,
flu_like,0,1000,3,8457086,1,False,True,False,11880,,,
flu_like,0,1000,3,8475360,1,False,True,False,2322,,,
flu_like,0,1000,3,8482269,2,False,True,True,8976,1264.0,1009.0,True
flu_like,0,1000,3,8504859,2,False,True,True,9679,4972.0,1342.0,True
flu_like,0,1000,3,8506919,1,False,True,False,3118,,,
flu_like,0,1000,3,8520707,1,False,True,False,5793,,,
flu_like,0,1000,3,8523255,1,False,True,False,2488,,,
flu_like,0,1000,3,8566535,1,False,False,False,8514,,,
flu_like,0,1000,3,8572339,1,False,True,False,5114,,,
flu_like,0,1000,3,8689639,2,False,True,False,2208,,,
flu_like,0,1000,3,8716483,1,True,True,False,6534,,,
flu_like,0,1000,3,8725077,1,False,True,False,9038,,,
flu_like,0,1000,3,8752858,1,False,True,False,2585,,,
flu_like,0,1000,3,8762277,1,False,True,False,913,,,
flu_like,0,1000,3,8766346,1,False,True,False,11844,,,
flu_like,0,1000,3,8876372,1,False,True,True,6976,1191.0,1079.0,True
flu_like,0,1000,3,8920205,1,False,True,False,4546,,,
flu_like,0,1000,3,8961877,1,True,False,False,505,,,
flu_like,0,1000,3,8992978,1,False,True,False,10807,,,
flu_like,0,1000,3,9095826,2,False,True,True,11067,1562.0,-475.0,False
flu_like,0,1000,3,9376531,1,False,True,False,3129,,,
flu_like,0,1000,3,9431868,1,False,False,False,10993,,,
flu_like,0,1000,3,9445554,1,False,True,False,11814,,,
flu_like,0,1000,3,9527113,1,False,True,False,11527,,,
flu_like,0,1000,3,9756447,3,False,True,False,10293,,,
flu_like,0,1000,3,9769956,1,False,True,True,10245,175.0,321.0,False
flu_like,0,1000,3,9800497,1,False,False,False,12479,,,
flu_like,0,1000,3,9814312,1,False,True,False,8839,,,
flu_like,0,1000,3,9822197,1,False,True,False,9181,,,
flu_like,0,1000,3,9825525,1,False,False,False,12053,,,
flu_like,0,1000,3,9836943,1,False,True,True,2163,2300.0,4971.0,False
flu_like,0,1000,3,9854941,3,False,False,False,302,,,
flu_like,0,1000,3,9875125,1,False,True,False,9473,,,
flu_like,0,1000,3,9910195,1,False,True,False,4485,,,
flu_like,0,1000,3,9931100,1,False,True,True,2730,4795.0,4073.0,True
flu_like,0,1000,3,9966010,1,False,True,False,4362,,,
flu_like,0,1000,3,10038855,1,False,True,False,3053,,,
flu_like,0,1000,3,10155433,1,False,True,True,7230,2621.0,2255.0,True
flu_like,0,1000,3,10204301,1,False,True,False,8560,,,
flu_like,0,1000,3,10249021,1,False,True,False,8336,,,
flu_like,0,1000,3,10272731,3,False,True,False,4582,,,
flu_like,0,1000,3,10465025,1,False,True,True,9460,4482.0,1388.0,True
flu_like,0,1000,3,10473386,2,False,True,False,1827,,,
flu_like,0,1000,3,10495605,1,False,True,True,5960,2367.0,153.0,True
flu_like,0,1000,3,10516802,2,False,True,False,9936,,,
flu_like,0,1000,3,10585835,3,False,True,False,9050,,,
flu_like,0,1000,3,10665967,1,False,True,False,6785,,,
flu_like,0,1000,3,10685054,1,False,False,False,12736,,,
flu_like,0,1000,3,10715800,1,False,True,False,4212,,,
flu_like,0,1000,3,10791692,1,False,True,True,8676,930.0,905.0,True
flu_like,0,1000,3,10791975,1,False,True,False,11210,,,
flu_like,0,1000,3,10907669,2,False,True,False,9941,,,
flu_like,0,1000,3,10998730,1,False,True,False,2473,,,
flu_like,0,1000,3,11044275,1,False,True,True,929,933.0,676.0,True
flu_like,0,1000,3,11056361,2,False,True,False,11354,,,
flu_like,0,1000,3,11087902,1,False,True,False,6561,,,
flu_like,0,1000,3,11103588,1,False,True,True,10210,2417.0,1373.0,True
flu_like,0,1000,3,11119266,1,False,False,False,2154,,,
flu_like,0,1000,3,11145886,1,False,True,False,7102,,,
flu_like,0,1000,3,11176225,1,False,False,False,233,,,
flu_like,0,1000,3,11214025,2,False,True,False,10223,,,
flu_like,0,1000,3,11224127,2,False,False,False,1381,,,
flu_like,0,1000,3,11260015,2,False,True,True,8073,1188.0,647.0,True
flu_like,0,1000,3,11356303,1,False,True,True,4854,7294.0,5936.0,True
flu_like,0,1000,3,11396345,1,False,True,False,12790,,,
flu_like,0,1000,3,11444973,1,False,False,False,3163,,,
flu_like,0,1000,3,11483650,1,False,True,False,8215,,,
flu_like,0,1000,3,11499499,1,False,False,False,1261,,,
flu_like,0,1000,3,11566759,2,False,True,False,4229,,,
flu_like,0,1000,3,11613207,2,False,True,True,4541,5243.0,3740.0,True
flu_like,0,1000,3,11663062,1,False,True,True,9188,1088.0,298.0,True
flu_like,0,1000,3,11735563,1,False,True,False,9118,,,
flu_like,0,1000,3,11755760,1,False,True,False,1459,,,
flu_like,0,1000,3,11761647,1,False,True,True,9474,812.0,76.0,True
flu_like,0,1000,3,11766679,1,False,True,False,3113,,,
flu_like,0,1000,3,11786479,1,False,True,False,3443,,,
flu_like,0,1000,3,11863892,1,False,True,False,5598,,,
flu_like,0,1000,3,11915725,1,False,True,False,10006,,,
flu_like,0,1000,3,11959667,5,False,True,False,8476,,,
flu_like,0,1000,3,11986166,2,False,True,True,8596,1631.0,290.0,True
flu_like,0,1000,3,12025871,1,False,True,False,8345,,,
flu_like,0,1000,3,12047358,2,False,True,True,11927,772.0,238.0,True
flu_like,0,1000,3,12198184,5,False,True,True,10866,680.0,587.0,True
flu_like,0,1000,3,12220812,1,True,False,False,11500,,,
flu_like,0,1000,3,12223869,1,False,True,False,4914,,,
flu_like,0,1000,3,12265117,1,False,False,False,582,,,
flu_like,0,1000,3,12274594,1,False,False,False,1904,,,
flu_like,0,1000,3,12434452,1,False,True,True,4824,4524.0,4044.0,True
flu_like,0,1000,3,12470077,2,False,False,False,225,,,
flu_like,0,1000,3,12477648,1,False,True,False,2587,,,
flu_like,0,1000,3,12483133,1,False,True,True,5088,855.0,529.0,True
flu_like,0,1000,3,12531711,1,False,True,False,2366,,,
flu_like,0,1000,3,12552870,1,False,False,False,105,,,
flu_like,0,1000,3,12589990,1,False,True,False,5600,,,
flu_like,0,1000,3,12599037,1,False,True,False,2596,,,
flu_like,0,1000,3,12604514,1,True,True,True,6919,5207.0,4102.0,True
flu_like,0,1000,3,12613966,2,False,False,False,2594,,,
flu_like,0,1000,3,12633516,2,False,True,False,1090,,,
flu_like,0,1000,3,12786440,1,False,True,False,4332,,,
flu_like,0,1000,3,12802978,1,False,True,False,2918,,,
flu_like,0,1000,3,12843655,2,False,True,False,849,,,
flu_like,0,1000,3,12884383,1,False,False,False,12812,,,
flu_like,0,1000,3,12890762,1,False,True,False,11488,,,
flu_like,0,1000,3,12920322,2,False,True,False,4181,,,
flu_like,0,1000,3,12938496,1,False,True,False,1941,,,
flu_like,0,1000,3,13004013,1,False,True,False,3729,,,
flu_like,0,1000,3,13055480,1,False,False,False,1156,,,
flu_like,0,1000,3,13124081,1,False,True,False,8784,,,
flu_like,0,1000,3,13205435,1,False,False,False,273,,,
flu_like,0,1000,3,13231772,1,False,True,True,4393,3049.0,1603.0,True
flu_like,0,1000,3,13261568,1,False,True,False,7048,,,
flu_like,0,1000,3,13273511,1,False,False,False,12906,,,
flu_like,0,1000,3,13387569,1,True,True,False,11766,,,
flu_like,0,1000,3,13456196,1,False,True,True,6282,1549.0,509.0,True
flu_like,0,1000,3,13486496,2,False,True,False,7250,,,
flu_like,0,1000,3,13492579,2,False,True,False,6669,,,
flu_like,0,1000,3,13499436,1,False,True,True,6042,2793.0,392.0,True
flu_like,0,1000,3,13537516,2,False,True,True,10416,2066.0,-589.0,False
flu_like,0,1000,3,13538806,1,False,True,False,7430,,,
flu_like,0,1000,3,13550091,1,False,True,False,6384,,,
flu_like,0,1000,3,13738225,1,False,True,False,1250,,,
flu_like,0,1000,3,13874364,1,False,False,False,185,,,
flu_like,0,1000,3,13875599,6,False,False,False,12534,,,
flu_like,0,1000,3,13914284,1,False,True,True,4425,982.0,109.0,True
flu_like,0,1000,3,13985204,1,False,True,False,9467,,,
flu_like,0,1000,3,14034742,1,False,True,True,10045,353.0,294.0,True
flu_like,0,1000,3,14066289,1,False,True,False,11583,,,
flu_like,0,1000,3,14198359,1,False,False,False,378,,,
flu_like,0,1000,3,14381445,1,False,True,False,2988,,,
flu_like,0,1000,3,14442013,1,False,False,False,94,,,
flu_like,0,1000,3,14485053,1,False,True,False,7965,,,
flu_like,0,1000,3,14540479,1,False,True,True,5164,2328.0,1699.0,True
flu_like,0,1000,3,14629345,1,False,True,False,6689,,,
flu_like,0,1000,3,14654557,1,False,False,False,95,,,
flu_like,0,1000,3,14681358,2,False,True,False,8573,,,
flu_like,0,1000,3,14694074,1,False,True,True,8622,4157.0,2399.0,True
flu_like,0,1000,3,14735756,2,False,True,False,9802,,,
flu_like,0,1000,3,14944341,1,False,True,True,2790,1851.0,1512.0,True
flu_like,0,1000,3,14951919,1,False,True,False,6233,,,
flu_like,0,1000,3,15073350,1,False,True,True,5784,6191.0,1079.0,True
flu_like,0,1000,3,15135371,1,False,True,False,11030,,,
flu_like,0,1000,3,15258579,1,False,True,False,330,,,
flu_like,0,1000,3,15277773,2,False,True,False,7176,,,
flu_like,0,1000,3,15367414,1,True,True,False,1876,,,
flu_like,0,1000,3,15381573,1,False,True,True,3495,3650.0,2442.0,True
flu_like,0,1000,3,15460244,1,False,True,False,11171,,,
flu_like,0,1000,3,15479644,1,False,True,False,1140,,,
flu_like,0,1000,3,15518369,1,False,True,True,5232,2655.0,1064.0,True
flu_like,0,1000,3,15677714,1,False,False,False,12855,,,
flu_like,0,1000,3,15774961,1,False,True,False,11985,,,
flu_like,0,1000,3,15851373,1,False,True,False,7257,,,
flu_like,0,1000,3,16011800,1,False,True,False,6699,,,
flu_like,0,1000,3,16051780,1,False,False,False,1182,,,
flu_like,0,1000,3,16089045,1,False,True,False,3087,,,
flu_like,0,1000,3,16175051,2,False,True,False,11464,,,
flu_like,0,1000,3,16323252,1,False,True,False,10620,,,
flu_like,0,1000,3,16325862,1,False,True,False,2159,,,
flu_like,0,1000,3,16345395,1,False,False,False,1266,,,
flu_like,0,1000,3,16352143,1,False,True,False,388,,,
flu_like,0,1000,3,16411553,1,False,True,False,7131,,,
flu_like,0,1000,3,16439161,1,False,True,False,11644,,,
flu_like,0,1000,3,16459182,2,False,True,True,6250,4987.0,1608.0,True
flu_like,0,1000,3,16653861,1,False,True,True,7682,2554.0,699.0,True
flu_like,0,1000,3,16665079,1,False,True,True,9505,4057.0,1516.0,True
flu_like,0,1000,3,16683252,2,False,True,True,3280,339.0,3345.0,False
flu_like,0,1000,3,16786331,2,False,True,False,4011,,,
flu_like,0,1000,3,16820309,1,False,True,False,8604,,,
flu_like,0,1000,3,16851334,1,False,True,False,187,,,
flu_like,0,1000,3,16907673,1,False,True,False,5456,,,
flu_like,0,1000,3,16938516,1,False,True,True,9275,2394.0,1746.0,True
flu_like,0,1000,3,16971548,1,False,True,False,11765,,,
flu_like,0,1000,3,16980632,1,False,True,False,6371,,,
flu_like,0,1000,3,16988802,1,False,True,False,11301,,,
flu_like,0,1000,3,17064703,1,False,True,False,5676,,,
flu_like,0,1000,3,17108839,1,False,True,True,7296,4157.0,3725.0,True
flu_like,0,1000,3,17195423,1,False,False,False,4160,,,
flu_like,0,1000,3,17198388,1,False,True,False,2727,,,
flu_like,0,1000,3,17232199,1,False,True,False,4793,,,
flu_like,0,1000,3,17242569,1,False,True,True,2954,391.0,240.0,True
flu_like,0,1000,3,17291597,2,False,True,False,2600,,,
flu_like,0,1000,3,17336083,1,False,True,True,6493,483.0,104.0,True
flu_like,0,1000,3,17440173,1,False,True,True,7069,2471.0,1910.0,True
flu_like,0,1000,3,17506140,1,False,True,False,8890,,,
flu_like,0,1000,3,17659942,1,False,False,False,656,,,
flu_like,0,1000,3,17779141,1,False,True,True,9702,3926.0,1088.0,True
flu_like,0,1000,3,17800517,2,False,True,False,7483,,,
flu_like,0,1000,3,17807224,1,False,True,False,4693,,,
flu_like,0,1000,3,17826432,2,False,True,False,7227,,,
flu_like,0,1000,3,17871140,1,False,True,False,2902,,,
flu_like,0,1000,3,17892428,1,False,True,False,3765,,,
flu_like,0,1000,3,17958566,1,False,True,False,4812,,,
flu_like,0,1000,3,18011252,1,False,True,False,10977,,,
flu_like,0,1000,3,18019887,1,False,True,True,6253,1554.0,610.0,True
flu_like,0,1000,3,18039353,1,False,True,False,11912,,,
flu_like,0,1000,3,18091299,1,False,True,False,8117,,,
flu_like,0,1000,3,18112669,1,False,True,False,6939,,,
flu_like,0,1000,3,18120270,1,False,True,True,5181,1617.0,1573.0,True
flu_like,0,1000,3,18136757,2,False,True,False,3262,,,
flu_like,0,1000,3,18139031,1,False,True,False,8578,,,
flu_like,0,1000,3,18142459,1,False,True,False,11443,,,
flu_like,0,1000,3,18196622,1,False,False,False,289,,,
flu_like,0,1000,3,18227567,2,False,True,False,12438,,,
flu_like,0,1000,3,18267390,2,False,False,False,440,,,
flu_like,0,1000,3,18287913,1,False,True,False,2887,,,
flu_like,0,1000,3,18431494,1,False,True,False,10521,,,
flu_like,0,1000,3,18450035,1,False,True,False,11494,,,
flu_like,0,1000,3,18508389,1,False,True,True,10629,2186.0,278.0,True
flu_like,0,1000,3,18550641,1,False,True,True,6965,2717.0,2616.0,True
flu_like,0,1000,3,18557171,3,False,True,False,5157,,,
flu_like,0,1000,3,18640816,2,False,True,False,9425,,,
flu_like,0,1000,3,18713187,1,False,True,True,10141,2192.0,2430.0,False
flu_like,0,1000,3,18724143,3,False,False,False,781,,,
flu_like,0,1000,3,18817527,1,False,True,False,1673,,,
flu_like,0,1000,3,18859675,2,False,True,False,10975,,,
flu_like,0,1000,3,18939004,2,False,True,False,6526,,,
flu_like,0,1000,3,19002188,1,False,True,False,7651,,,
flu_like,0,1000,3,19048920,3,False,True,True,7389,3722.0,469.0,True
flu_like,0,1000,3,19072458,1,False,True,True,2389,3308.0,2265.0,True
flu_like,0,1000,3,19118477,1,False,True,False,9870,,,
flu_like,0,1000,3,19155690,1,False,True,True,1514,1778.0,936.0,True
flu_like,0,1000,3,19191436,1,True,True,False,9019,,,
flu_like,0,1000,3,19202013,1,False,True,False,3756,,,
flu_like,0,1000,3,19204930,1,False,True,False,11202,,,
flu_like,0,1000,3,19271458,1,False,True,False,5373,,,
flu_like,0,1000,3,19274270,1,False,True,False,12619,,,
flu_like,0,1000,3,19275142,1,False,True,True,9634,1873.0,1302.0,True
flu_like,0,1000,3,19288646,1,False,True,False,11700,,,
flu_like,0,1000,3,19403764,1,True,False,False,765,,,
flu_like,0,1000,3,19502085,1,False,False,False,516,,,
flu_like,0,1000,3,19531394,1,False,True,True,4558,4132.0,3215.0,True
flu_like,0,1000,3,19578612,1,False,True,False,5948,,,
flu_like,0,1000,3,19643561,1,False,True,False,7407,,,
flu_like,0,1000,3,19668454,1,False,True,False,7859,,,
flu_like,0,1000,3,19680687,1,False,True,False,8155,,,
flu_like,0,1000,3,19723741,2,False,True,False,7777,,,
flu_like,0,1000,3,19751290,1,False,False,False,12366,,,
flu_like,0,1000,3,19758122,2,False,True,False,4387,,,
flu_like,0,1000,3,19818291,2,False,False,False,2700,,,
flu_like,0,1000,3,20025760,1,False,True,False,1194,,,
flu_like,0,1000,3,20131448,3,False,True,False,11102,,,
flu_like,0,1000,3,20170787,1,False,False,False,1602,,,
flu_like,0,1000,3,20226048,1,False,False,False,11756,,,
flu_like,0,1000,3,20260033,1,False,True,False,9314,,,
flu_like,0,1000,3,20264722,1,False,True,False,11304,,,
flu_like,0,1000,3,20310247,2,False,True,True,5459,1696.0,1404.0,True
flu_like,0,1000,3,20311095,2,False,True,False,12868,,,
flu_like,0,1000,3,20355586,1,False,True,False,4454,,,
flu_like,0,1000,3,20358995,1,False,True,False,9017,,,
flu_like,0,1000,3,20381436,2,False,True,False,4334,,,
flu_like,0,1000,3,20396859,1,False,True,False,7615,,,
flu_like,0,1000,3,20511983,2,False,True,False,2018,,,
flu_like,0,1000,3,20555850,1,False,True,False,2520,,,
flu_like,0,1000,3,20556387,1,False,True,False,9574,,,
flu_like,0,1000,3,20579965,1,False,True,False,6806,,,
flu_like,0,1000,3,20581812,1,False,False,False,1181,,,
flu_like,0,1000,3,20610475,1,False,True,False,884,,,
flu_like,0,1000,3,20626707,1,False,True,False,4540,,,
flu_like,0,1000,3,20636992,1,False,True,False,4765,,,
flu_like,0,1000,3,20710429,1,True,True,True,10675,38.0,-13.0,False
flu_like,0,1000,3,20756621,1,False,True,False,7980,,,
flu_like,0,1000,3,20807211,1,False,True,False,6540,,,
flu_like,0,1000,3,20809449,1,False,True,False,3469,,,
flu_like,0,1000,3,20828004,1,False,True,False,1435,,,
flu_like,0,1000,3,20836334,1,False,True,True,6245,4217.0,1613.0,True
flu_like,0,1000,3,20862141,1,False,True,False,3290,,,
flu_like,0,1000,3,21260343,2,False,True,False,2536,,,
flu_like,0,1000,3,21293394,1,False,True,True,5526,539.0,183.0,True
flu_like,0,1000,3,21366394,1,False,True,False,11716,,,
flu_like,0,1000,3,21367193,1,False,False,False,1502,,,
flu_like,0,1000,3,21410908,1,False,False,False,621,,,
flu_like,0,1000,3,21447975,3,False,True,False,10080,,,
flu_like,0,1000,3,21449412,1,False,True,False,6568,,,
flu_like,0,1000,3,21470028,1,False,True,False,11805,,,
flu_like,0,1000,3,21717878,1,False,True,True,5334,1444.0,982.0,True
flu_like,0,1000,3,21732366,1,False,False,False,1368,,,
flu_like,0,1000,3,21832104,1,False,True,False,10885,,,
flu_like,0,1000,3,21904957,1,False,False,False,1173,,,
flu_like,0,1000,3,21966039,1,False,False,False,11119,,,
flu_like,0,1000,3,22053799,1,True,False,False,366,,,
flu_like,0,1000,3,22090925,1,False,False,False,10920,,,
flu_like,0,1000,3,22133096,1,False,True,False,2388,,,
flu_like,0,1000,3,22280938,1,False,True,True,12135,2861.0,-2410.0,False
flu_like,0,1000,3,22347855,1,False,True,False,5412,,,
flu_like,0,1000,3,22473348,1,False,True,False,5016,,,
flu_like,0,1000,3,22574574,1,False,True,False,3536,,,
flu_like,0,1000,3,22583279,1,False,True,True,6138,6028.0,4982.0,True
flu_like,0,1000,3,22748677,1,False,True,False,3247,,,
flu_like,0,1000,3,22751831,1,False,True,False,3804,,,
flu_like,0,1000,3,22759072,1,False,True,True,6288,990.0,4109.0,False
flu_like,0,1000,3,22785015,1,False,True,True,5639,2032.0,748.0,True
flu_like,0,1000,3,22788782,4,False,True,False,11952,,,
flu_like,0,1000,3,22826182,1,False,True,False,5628,,,
flu_like,0,1000,3,22867874,1,False,True,False,2927,,,
flu_like,0,1000,3,22949381,1,False,True,False,6629,,,
flu_like,0,1000,3,22997923,1,False,True,False,11334,,,
flu_like,0,1000,3,23054019,1,False,True,False,11210,,,
flu_like,0,1000,3,23138051,1,False,True,False,2158,,,
flu_like,0,1000,3,23147760,1,False,True,False,8259,,,
flu_like,0,1000,3,23217084,1,False,True,False,8344,,,
flu_like,0,1000,3,23290022,1,False,True,True,7661,765.0,1230.0,False
flu_like,0,1000,3,23446292,1,False,True,False,8693,,,
flu_like,0,1000,3,23449127,1,False,True,False,1827,,,
flu_like,0,1000,3,23512556,1,False,True,False,7937,,,
flu_like,0,1000,3,23720724,1,False,True,False,10802,,,
flu_like,0,1000,3,23830462,1,False,True,True,7964,4157.0,3057.0,True
flu_like,0,1000,3,23948874,1,False,True,False,357,,,
flu_like,0,1000,3,24056926,1,False,True,False,9277,,,
flu_like,0,1000,3,24177480,2,False,True,False,7751,,,
flu_like,0,1000,3,24205199,2,False,True,False,8820,,,
flu_like,0,1000,3,24210048,2,False,False,False,12841,,,
flu_like,0,1000,3,24409822,1,False,False,False,12496,,,
flu_like,0,1000,3,24469579,1,False,True,False,5138,,,
flu_like,0,1000,3,24617318,1,False,True,False,2092,,,
flu_like,0,1000,3,24720122,1,False,False,False,561,,,
flu_like,0,1000,3,24759490,1,False,True,False,1108,,,
flu_like,0,1000,3,24830489,1,False,True,False,11081,,,
flu_like,0,1000,3,24836048,1,False,True,False,5409,,,
flu_like,0,1000,3,24846689,1,True,True,False,3404,,,
flu_like,0,1000,3,24893267,1,False,True,False,3923,,,
flu_like,0,1000,3,24949111,1,False,True,False,3483,,,
flu_like,0,1000,3,25140841,1,False,True,False,6942,,,
flu_like,0,1000,3,25147459,1,False,True,True,8699,1313.0,554.0,True
flu_like,0,1000,3,25163100,1,False,True,True,7714,2165.0,1315.0,True
flu_like,0,1000,3,25188695,1,True,True,False,9345,,,
flu_like,0,1000,3,25280202,2,False,True,False,8324,,,
flu_like,0,1000,3,25309660,1,False,True,False,3808,,,
flu_like,0,1000,3,25346611,1,False,True,False,5734,,,
flu_like,0,1000,3,25412890,1,False,True,False,10014,,,
flu_like,0,1000,3,25517501,1,False,True,True,11874,652.0,281.0,True
flu_like,0,1000,3,25581843,1,False,True,False,9671,,,
flu_like,0,1000,3,25789362,1,False,True,True,8583,3628.0,1909.0,True
flu_like,0,1000,3,25797637,1,False,False,False,38,,,
flu_like,0,1000,3,25937458,1,False,True,True,4584,2575.0,527.0,True
flu_like,0,1000,3,26086624,1,False,True,True,9012,3056.0,772.0,True
flu_like,0,1000,3,26087038,1,False,True,False,10856,,,
flu_like,0,1000,3,26101852,1,False,True,False,4217,,,
flu_like,0,1000,3,26109362,2,False,False,False,65,,,
flu_like,0,1000,3,26110061,1,True,True,False,4193,,,
flu_like,0,1000,3,26279401,1,False,True,False,4095,,,
flu_like,0,1000,3,26287712,1,True,True,False,8576,,,
flu_like,0,1000,3,26397256,2,False,False,False,12977,,,
flu_like,0,1000,3,26416169,1,False,True,False,11312,,,
flu_like,0,1000,3,26489411,1,False,True,False,673,,,
flu_like,0,1000,3,26639953,2,False,True,True,11051,212.0,69.0,True
flu_like,0,1000,3,26860587,1,False,True,True,7499,3344.0,2709.0,True
flu_like,0,1000,3,26900669,1,False,False,False,12885,,,
flu_like,0,1000,3,27006512,1,False,True,False,6301,,,
flu_like,0,1000,3,27040920,1,False,False,False,250,,,
flu_like,0,1000,3,27065271,1,False,False,False,12175,,,
flu_like,0,1000,3,27075147,1,True,True,False,5854,,,
flu_like,0,1000,3,27135472,2,False,True,False,11361,,,
flu_like,0,1000,3,27457788,1,False,True,False,11978,,,
flu_like,0,1000,3,27491123,1,False,True,False,8768,,,
flu_like,0,1000,3,27616759,1,False,True,False,12990,,,
flu_like,0,1000,3,27635586,1,False,True,True,2060,1984.0,2319.0,False
flu_like,0,1000,3,27730807,1,True,True,False,815,,,
flu_like,0,1000,3,27762065,1,False,True,False,1791,,,
flu_like,0,1000,3,27827046,1,False,True,True,5008,4693.0,805.0,True
flu_like,0,1000,3,27865692,1,False,True,False,1910,,,
flu_like,0,1000,3,28009444,1,False,True,False,2171,,,
flu_like,0,1000,3,28022841,1,False,True,False,737,,,
flu_like,0,1000,3,28023345,1,False,True,False,6816,,,
flu_like,0,1000,3,28167900,1,False,True,True,10418,113.0,603.0,False
flu_like,0,1000,3,28184863,1,False,True,False,12834,,,
flu_like,0,1000,3,28293616,1,False,True,False,5803,,,
flu_like,0,1000,3,28365858,1,False,True,False,2699,,,
flu_like,0,1000,3,28472775,1,False,True,False,7552,,,
flu_like,0,1000,3,28665614,1,False,True,True,3929,6647.0,5559.0,True
flu_like,0,1000,3,28676099,1,False,True,False,11201,,,
flu_like,0,1000,3,28680618,1,False,True,False,3776,,,
flu_like,0,1000,3,28704140,1,False,True,True,1706,859.0,499.0,True
flu_like,0,1000,3,28795646,1,False,True,True,9527,2716.0,53.0,True
flu_like,0,1000,3,28795801,1,False,True,False,6596,,,
flu_like,0,1000,3,28797668,1,False,True,True,6762,3264.0,101.0,True
flu_like,0,1000,3,28833810,1,False,True,True,7626,317.0,1868.0,False
flu_like,0,1000,3,28896588,1,False,True,False,7182,,,
flu_like,0,1000,3,28937573,3,False,True,False,11762,,,
flu_like,0,1000,3,28943220,1,False,False,False,3063,,,
flu_like,0,1000,3,29011699,1,False,True,False,10544,,,
flu_like,0,1000,3,29074787,1,False,True,False,9791,,,
flu_like,0,1000,3,29229399,1,False,True,False,5308,,,
flu_like,0,1000,3,29405101,1,False,False,False,12932,,,
flu_like,0,1000,3,29568045,1,False,True,False,1587,,,
flu_like,0,1000,3,29582408,1,False,True,False,8719,,,
flu_like,0,1000,3,29624805,2,False,True,False,12979,,,
flu_like,0,1000,3,29662199,1,False,True,True,9894,3410.0,655.0,True
flu_like,0,1000,3,29668429,1,False,True,False,9557,,,
flu_like,0,1000,3,29744022,1,False,False,False,11075,,,
flu_like,0,1000,3,29753608,1,False,False,False,12416,,,
flu_like,0,1000,3,29809031,1,False,True,True,688,290.0,9009.0,False
flu_like,0,1000,3,29867948,1,False,True,False,11269,,,
flu_like,0,1000,3,29894209,1,False,True,False,11688,,,
flu_like,0,1000,3,29901713,1,False,True,False,8755,,,
flu_like,0,1000,3,29902915,1,True,True,False,1586,,,
flu_like,0,1000,3,29985111,1,False,True,False,4116,,,
flu_like,0,1000,3,30085193,1,False,True,False,3144,,,
flu_like,0,1000,3,30238852,1,False,True,False,891,,,
flu_like,0,1000,3,30274432,1,False,False,False,1273,,,
flu_like,0,1000,3,30510115,1,False,True,False,3366,,,
flu_like,0,1000,3,30692614,1,False,True,False,9950,,,
flu_like,0,1000,3,30917958,1,False,True,False,8581,,,
flu_like,0,1000,3,30959114,1,False,False,False,12285,,,
flu_like,0,1000,3,31073104,1,False,True,False,2196,,,
flu_like,0,1000,3,31092077,1,False,True,False,5342,,,
flu_like,0,1000,3,31125037,1,False,True,False,10550,,,
flu_like,0,1000,3,31265555,1,False,True,False,1657,,,
flu_like,0,1000,3,31268052,1,False,True,True,7956,1581.0,293.0,True
flu_like,0,1000,3,31272033,1,False,True,True,3726,3111.0,699.0,True
flu_like,0,1000,3,31277687,1,False,False,False,212,,,
flu_like,0,1000,3,31295214,1,False,True,False,10540,,,
flu_like,0,1000,3,31299308,1,False,True,False,4238,,,
flu_like,0,1000,3,31309349,1,False,False,False,207,,,
flu_like,0,1000,3,31540568,1,False,True,True,5596,3348.0,3320.0,True
flu_like,0,1000,3,31599596,1,False,True,False,11018,,,
flu_like,0,1000,3,31674853,1,False,True,False,7085,,,
flu_like,0,1000,3,31692630,1,False,True,True,4814,700.0,596.0,True
flu_like,0,1000,3,31783720,1,False,True,False,7121,,,
flu_like,0,1000,3,31996151,2,False,True,False,1179,,,
flu_like,0,1000,3,32166836,1,False,True,True,5503,1598.0,1131.0,True
flu_like,0,1000,3,32185705,1,False,True,False,2576,,,
flu_like,0,1000,3,32239720,1,False,True,False,5563,,,
flu_like,0,1000,3,32261759,1,False,True,True,10776,1577.0,1121.0,True
flu_like,0,1000,3,32395712,1,False,True,True,9814,602.0,595.0,True
flu_like,0,1000,3,32415176,2,False,True,False,5475,,,
flu_like,0,1000,3,32422991,1,False,True,False,8827,,,
flu_like,0,1000,3,32613007,1,False,True,False,10048,,,
flu_like,0,1000,3,32769227,1,False,False,False,348,,,
flu_like,0,1000,3,32864770,1,False,True,True,7180,3027.0,1955.0,True
flu_like,0,1000,3,32954529,1,False,True,False,9654,,,
flu_like,0,1000,3,33094945,1,False,True,True,9271,1713.0,2596.0,False
flu_like,0,1000,3,33354660,1,False,True,True,2376,2909.0,2683.0,True
flu_like,0,1000,3,33359766,1,False,False,False,11923,,,
flu_like,0,1000,3,33399998,1,False,True,True,1427,889.0,666.0,True
flu_like,0,1000,3,33415655,1,False,True,False,5348,,,
flu_like,0,1000,3,33505722,1,False,True,False,12620,,,
flu_like,0,1000,3,33527946,1,False,False,False,12892,,,
flu_like,0,1000,3,33537802,1,False,False,False,487,,,
flu_like,0,1000,3,33543545,1,False,True,True,4316,842.0,328.0,True
flu_like,0,1000,3,33698948,1,False,True,True,8864,1610.0,287.0,True
flu_like,0,1000,3,33728486,1,False,True,False,10914,,,
flu_like,0,1000,3,33728751,1,False,True,False,9516,,,
flu_like,0,1000,3,33836178,1,False,True,True,3575,5783.0,3288.0,True
flu_like,0,1000,3,33914536,1,True,True,False,10137,,,
flu_like,0,1000,3,33978376,1,False,True,True,8209,2967.0,2090.0,True
flu_like,0,1000,3,33997794,1,False,False,False,12027,,,
flu_like,0,1000,3,34091241,1,False,True,True,1633,1337.0,467.0,True
flu_like,0,1000,3,34122165,1,False,True,False,11386,,,
flu_like,0,1000,3,34187827,2,False,True,False,2492,,,
flu_like,0,1000,3,34268691,1,False,True,False,6422,,,
flu_like,0,1000,3,34272149,1,False,True,False,1195,,,
flu_like,0,1000,3,34338834,1,False,True,False,12412,,,
flu_like,0,1000,3,34357501,1,False,True,False,11132,,,
flu_like,0,1000,3,34418700,1,False,True,False,11035,,,
flu_like,0,1000,3,34527700,1,False,True,False,4376,,,
flu_like,0,1000,3,34639013,1,False,False,False,12392,,,
flu_like,0,1000,3,34645991,1,False,True,False,9088,,,
flu_like,0,1000,3,34699300,1,False,True,False,8335,,,
flu_like,0,1000,3,34721252,1,False,True,False,5101,,,
flu_like,0,1000,3,35024166,1,False,True,False,4426,,,
flu_like,0,1000,3,35068210,1,False,True,False,1960,,,
flu_like,0,1000,3,35262066,1,False,True,True,8084,1139.0,449.0,True
flu_like,0,1000,3,35289495,1,False,True,True,8694,3386.0,678.0,True
flu_like,0,1000,3,35326691,1,False,True,False,3045,,,
flu_like,0,1000,3,35351714,1,False,True,False,2472,,,
flu_like,0,1000,3,35387051,1,False,True,True,10556,2186.0,351.0,True
flu_like,0,1000,3,35412112,1,False,True,False,1652,,,
flu_like,0,1000,3,35720611,1,False,True,True,11001,1819.0,20.0,True
flu_like,0,1000,3,35735423,1,False,True,False,9158,,,
flu_like,0,1000,3,35804215,1,False,True,True,11590,702.0,399.0,True
flu_like,0,1000,3,35915852,1,False,True,True,11103,311.0,230.0,True
flu_like,0,1000,3,35924701,1,False,False,False,12952,,,
flu_like,0,1000,3,35957366,1,False,True,False,10448,,,
flu_like,0,1000,3,35989185,1,False,True,False,9251,,,
flu_like,0,1000,3,36026629,1,False,True,True,674,361.0,2919.0,False
flu_like,0,1000,3,36107500,1,False,True,False,5518,,,
flu_like,0,1000,3,36192040,1,False,False,False,12886,,,
flu_like,0,1000,3,36199970,1,False,True,False,5980,,,
flu_like,0,1000,3,36512891,1,False,True,True,1115,1514.0,1297.0,True
flu_like,0,1000,3,36707144,1,False,True,False,1973,,,
flu_like,0,1000,3,36712148,1,False,True,False,599,,,
flu_like,0,1000,3,36784347,1,False,True,False,3023,,,
flu_like,0,1000,3,36797768,1,False,True,False,7235,,,
flu_like,0,1000,3,37109811,1,False,True,True,7702,869.0,66.0,True
flu_like,0,1000,3,37125627,1,False,True,False,8733,,,
flu_like,0,1000,3,37211771,1,False,True,False,2959,,,
flu_like,0,1000,3,37234935,2,False,True,False,4612,,,
flu_like,0,1000,3,37442163,1,False,True,False,12724,,,
flu_like,0,1000,3,37482812,1,False,True,False,7311,,,
flu_like,0,1000,3,37508521,1,False,True,False,3364,,,
flu_like,0,1000,3,37596081,1,False,True,False,2511,,,
flu_like,0,1000,3,37608399,1,False,True,False,6136,,,
flu_like,0,1000,3,37795339,1,False,False,False,12786,,,
flu_like,0,1000,3,37810803,1,False,True,False,2716,,,
flu_like,0,1000,3,37856007,1,True,True,False,6532,,,
flu_like,0,1000,3,37932576,1,False,True,True,6945,1818.0,1775.0,True
flu_like,0,1000,3,37995046,1,False,True,False,8683,,,
flu_like,0,1000,3,38115383,1,False,True,False,11765,,,
flu_like,0,1000,3,38179713,1,False,True,True,2096,1990.0,1469.0,True
flu_like,0,1000,3,38182633,1,False,True,False,3860,,,
flu_like,0,1000,3,38467191,1,False,True,False,12512,,,
flu_like,0,1000,3,38469561,1,False,True,True,7878,365.0,2069.0,False
flu_like,0,1000,3,38572117,1,False,False,False,180,,,
flu_like,0,1000,3,38724791,1,False,True,True,5285,88.0,-4518.0,False
flu_like,0,1000,3,38780551,1,False,True,False,11003,,,
flu_like,0,1000,3,38974546,1,False,True,True,9690,1450.0,-801.0,False
flu_like,0,1000,3,39212261,2,False,True,False,10261,,,
flu_like,0,1000,3,39364126,1,False,True,True,5218,2727.0,1645.0,True
flu_like,0,1000,3,39448611,1,True,True,False,10236,,,
flu_like,0,1000,3,39471572,1,False,True,True,6865,650.0,945.0,False
flu_like,0,1000,3,39507908,1,False,True,True,11584,802.0,339.0,True
flu_like,0,1000,3,39632309,1,False,True,False,1765,,,
flu_like,0,1000,3,39777261,1,False,True,True,7161,1871.0,1574.0,True
flu_like,0,1000,3,39847555,1,False,True,True,7340,4535.0,3681.0,True
flu_like,0,1000,3,39928554,1,False,True,False,1568,,,
flu_like,0,1000,3,40348575,1,False,True,False,9298,,,
flu_like,0,1000,3,40362972,1,False,True,True,5151,1574.0,64.0,True
flu_like,0,1000,3,40468174,1,False,True,False,11681,,,
flu_like,0,1000,3,40722077,1,False,True,False,2254,,,
flu_like,0,1000,3,40783518,1,False,True,True,2379,790.0,4484.0,False
flu_like,0,1000,3,40815415,1,False,True,False,8336,,,
flu_like,0,1000,3,41018268,1,False,False,False,745,,,
flu_like,0,1000,3,41172006,1,False,True,False,5010,,,
flu_like,0,1000,3,41182248,1,False,True,True,9266,91.0,579.0,False
flu_like,0,1000,3,41263084,1,False,True,False,4481,,,
flu_like,0,1000,3,41275933,1,False,True,False,2153,,,
flu_like,0,1000,3,41322434,1,False,True,False,1460,,,
flu_like,0,1000,3,41950564,1,False,True,False,11619,,,
flu_like,0,1000,3,42106721,1,False,True,True,10467,1778.0,424.0,True
flu_like,0,1000,3,42232448,1,False,True,False,3221,,,
flu_like,0,1000,3,42427171,1,False,True,False,647,,,
flu_like,0,1000,3,42506350,1,False,True,True,2088,652.0,1171.0,False
flu_like,0,1000,3,42543466,1,False,True,False,11174,,,
flu_like,0,1000,3,42569020,1,False,True,True,7876,1869.0,857.0,True
flu_like,0,1000,3,42586070,1,True,True,True,2448,738.0,5420.0,False
flu_like,0,1000,3,42813972,1,True,True,False,11617,,,
flu_like,0,1000,3,42947736,1,False,True,True,5062,1190.0,288.0,True
flu_like,0,1000,3,42956553,1,False,True,True,9885,4157.0,1136.0,True
flu_like,0,1000,3,43060048,1,False,True,False,9490,,,
flu_like,0,1000,3,43154407,1,False,True,True,2707,2057.0,519.0,True
flu_like,0,1000,3,43235109,1,False,True,True,8670,5152.0,377.0,True
flu_like,0,1000,3,43304203,1,False,True,False,5182,,,
flu_like,0,1000,3,43457913,1,False,True,True,9390,1185.0,450.0,True
flu_like,0,1000,3,43507876,1,False,True,False,2040,,,
flu_like,0,1000,3,43691888,1,True,True,False,9463,,,
flu_like,0,1000,3,43745311,1,False,True,False,9047,,,
flu_like,0,1000,3,44149794,1,False,True,False,9776,,,
flu_like,0,1000,3,44182515,1,False,True,False,11593,,,
flu_like,0,1000,3,44555302,1,False,True,False,7818,,,
flu_like,0,1000,3,44763330,1,False,False,False,239,,,
flu_like,0,1000,3,44847725,1,False,True,True,9523,1720.0,-4649.0,False
flu_like,0,1000,3,44890566,2,False,True,True,2881,1119.0,298.0,True
flu_like,0,1000,3,44965313,1,False,True,True,4166,3408.0,368.0,True
flu_like,0,1000,3,45127273,1,False,True,True,7870,1637.0,631.0,True
flu_like,0,1000,3,45152793,1,True,True,True,4202,197.0,-519.0,False
flu_like,0,1000,3,45153213,1,False,True,False,11333,,,
flu_like,0,1000,3,45207752,1,False,True,True,1454,1916.0,1808.0,True
flu_like,0,1000,3,45752399,1,False,True,False,7474,,,
flu_like,0,1000,3,46149498,1,False,True,False,3335,,,
flu_like,0,1000,3,46260042,1,False,True,True,8905,798.0,676.0,True
flu_like,0,1000,3,46602981,1,False,True,False,5465,,,
flu_like,0,1000,3,47179734,1,True,True,False,497,,,
flu_like,0,1000,3,47223115,1,False,True,False,10508,,,
flu_like,0,1000,3,47401823,1,False,True,False,12555,,,
flu_like,0,1000,3,47475346,1,False,False,False,472,,,
flu_like,0,1000,3,47984860,1,False,True,False,9782,,,
flu_like,0,1000,3,48239588,1,False,True,True,5636,1830.0,1227.0,True
flu_like,0,1000,3,48441773,1,True,True,False,4484,,,
flu_like,0,1000,3,48521778,1,False,True,False,8810,,,
flu_like,0,1000,3,48738082,1,False,True,False,10925,,,
flu_like,0,1000,3,48859604,1,False,True,False,1859,,,
flu_like,0,1000,3,48871859,1,False,True,False,7063,,,
flu_like,0,1000,3,49184605,1,False,True,True,4272,6836.0,5334.0,True
flu_like,0,1000,3,49362208,1,False,True,False,1561,,,
flu_like,0,1000,3,49717475,1,False,True,False,728,,,
flu_like,0,1000,3,49794975,1,False,True,True,6043,2185.0,-2446.0,False
flu_like,0,1000,3,49905615,1,False,True,False,8116,,,
flu_like,0,1000,3,49927182,1,True,True,True,5027,278.0,-47.0,False
flu_like,0,1000,3,50147696,1,True,False,False,64,,,
flu_like,0,1000,3,50718731,1,True,True,False,12946,,,
flu_like,0,1000,3,50890808,1,False,True,False,9953,,,
flu_like,0,1000,3,51099967,1,False,True,False,5851,,,
flu_like,0,1000,3,51411048,1,False,True,False,11728,,,
flu_like,0,1000,3,51825695,1,True,False,False,12954,,,
flu_like,0,1000,3,52018052,1,False,True,True,12273,134.0,-302.0,False
flu_like,0,1000,3,52602396,1,False,True,False,2033,,,
flu_like,0,1000,3,52906385,1,True,False,False,1567,,,
flu_like,0,1000,3,53992697,1,True,True,True,10816,367.0,205.0,True
flu_like,0,1000,4,2386,1,True,False,False,4691,,,
flu_like,0,1000,4,7276,1,True,True,False,4801,,,
flu_like,0,1000,4,7563,1,False,False,False,2483,,,
flu_like,0,1000,4,10348,58,False,True,False,10991,,,
flu_like,0,1000,4,10841,15,False,True,False,5801,,,
flu_like,0,1000,4,11744,1,True,True,False,11512,,,
flu_like,0,1000,4,16636,12,False,True,False,8330,,,
flu_like,0,1000,4,19707,1,False,False,False,322,,,
flu_like,0,1000,4,19773,1,True,True,False,11754,,,
flu_like,0,1000,4,19848,2,False,True,False,7723,,,
flu_like,0,1000,4,27102,1,True,False,False,3227,,,
flu_like,0,1000,4,27920,1,False,True,False,7903,,,
flu_like,0,1000,4,31100,4,False,True,False,2154,,,
flu_like,0,1000,4,31757,7,False,False,False,4512,,,
flu_like,0,1000,4,34288,1,True,True,False,750,,,
flu_like,0,1000,4,42512,15,False,True,False,3874,,,
flu_like,0,1000,4,43244,4,False,True,False,8885,,,
flu_like,0,1000,4,48867,16,False,True,False,5310,,,
flu_like,0,1000,4,53200,1,False,True,False,11682,,,
flu_like,0,1000,4,54667,12,False,True,False,8265,,,
flu_like,0,1000,4,54898,4,False,True,False,9368,,,
flu_like,0,1000,4,57097,19,False,True,False,92,,,
flu_like,0,1000,4,57185,1,False,True,False,3756,,,
flu_like,0,1000,4,57355,26,False,True,False,5110,,,
flu_like,0,1000,4,57540,1,True,True,False,11742,,,
flu_like,0,1000,4,58944,23,False,False,False,12280,,,
flu_like,0,1000,4,62076,15,False,True,False,11303,,,
flu_like,0,1000,4,64984,14,False,True,False,3934,,,
flu_like,0,1000,4,67700,8,False,True,False,10452,,,
flu_like,0,1000,4,69926,4,False,True,False,6259,,,
flu_like,0,1000,4,71457,2,False,True,False,8087,,,
flu_like,0,1000,4,74451,12,False,True,False,12541,,,
flu_like,0,1000,4,77100,1,False,True,False,9346,,,
flu_like,0,1000,4,80295,5,False,True,False,11447,,,
flu_like,0,1000,4,82058,2,False,True,False,12000,,,
flu_like,0,1000,4,86398,3,False,True,False,2699,,,
flu_like,0,1000,4,88410,17,False,True,False,7144,,,
flu_like,0,1000,4,88969,9,False,True,False,2822,,,
flu_like,0,1000,4,89785,7,False,True,False,4813,,,
flu_like,0,1000,4,96858,4,False,True,False,6575,,,
flu_like,0,1000,4,100252,1,False,False,False,9012,,,
flu_like,0,1000,4,104375,1,True,True,False,10501,,,
flu_like,0,1000,4,109740,7,False,True,False,12406,,,
flu_like,0,1000,4,119671,2,False,True,False,10824,,,
flu_like,0,1000,4,120450,1,False,True,False,7741,,,
flu_like,0,1000,4,129658,10,False,True,False,5851,,,
flu_like,0,1000,4,132636,3,False,True,False,12659,,,
flu_like,0,1000,4,136485,2,False,True,False,9705,,,
flu_like,0,1000,4,139567,18,False,True,False,11785,,,
flu_like,0,1000,4,142154,5,False,True,False,7267,,,
flu_like,0,1000,4,142390,1,False,True,False,12157,,,
flu_like,0,1000,4,146802,2,False,False,False,1720,,,
flu_like,0,1000,4,147732,5,False,True,False,7288,,,
flu_like,0,1000,4,148967,2,False,True,False,10622,,,
flu_like,0,1000,4,153821,2,False,True,False,4243,,,
flu_like,0,1000,4,156921,2,False,True,False,3555,,,
flu_like,0,1000,4,162061,1,False,True,False,11303,,,
flu_like,0,1000,4,162618,2,False,True,False,5573,,,
flu_like,0,1000,4,162663,2,False,False,False,919,,,
flu_like,0,1000,4,164365,2,False,False,False,12602,,,
flu_like,0,1000,4,166086,4,False,True,False,12470,,,
flu_like,0,1000,4,167311,1,False,False,False,1314,,,
flu_like,0,1000,4,167757,2,False,True,False,8299,,,
flu_like,0,1000,4,169280,6,False,True,False,11654,,,
flu_like,0,1000,4,177228,4,False,True,False,4358,,,
flu_like,0,1000,4,178735,1,False,False,False,10857,,,
flu_like,0,1000,4,181739,1,False,True,False,11733,,,
flu_like,0,1000,4,185185,6,False,True,False,8654,,,
flu_like,0,1000,4,188823,5,False,True,False,5236,,,
flu_like,0,1000,4,190263,12,False,False,False,707,,,
flu_like,0,1000,4,196328,1,False,False,False,992,,,
flu_like,0,1000,4,206083,1,False,True,False,1933,,,
flu_like,0,1000,4,207203,2,False,True,False,7485,,,
flu_like,0,1000,4,212811,3,False,False,False,214,,,
flu_like,0,1000,4,216111,9,False,True,False,5483,,,
flu_like,0,1000,4,217245,1,False,False,False,12436,,,
flu_like,0,1000,4,217823,1,False,True,False,2807,,,
flu_like,0,1000,4,222223,1,True,True,False,6759,,,
flu_like,0,1000,4,227020,1,False,True,False,2891,,,
flu_like,0,1000,4,227537,3,False,True,False,9532,,,
flu_like,0,1000,4,239568,1,False,True,False,1005,,,
flu_like,0,1000,4,242544,2,False,False,False,829,,,
flu_like,0,1000,4,244127,2,False,True,False,6473,,,
flu_like,0,1000,4,256376,1,False,True,False,5769,,,
flu_like,0,1000,4,259263,1,False,True,False,5034,,,
flu_like,0,1000,4,262999,4,False,True,False,11402,,,
flu_like,0,1000,4,263749,2,False,False,False,8991,,,
flu_like,0,1000,4,277797,3,False,True,False,4257,,,
flu_like,0,1000,4,291882,2,False,True,False,988,,,
flu_like,0,1000,4,295092,2,False,True,False,5554,,,
flu_like,0,1000,4,295356,1,False,True,False,10274,,,
flu_like,0,1000,4,296814,2,False,True,False,4685,,,
flu_like,0,1000,4,297002,1,False,True,False,4241,,,
flu_like,0,1000,4,302604,1,False,True,False,3665,,,
flu_like,0,1000,4,307720,1,False,True,False,12292,,,
flu_like,0,1000,4,317282,2,False,False,False,8882,,,
flu_like,0,1000,4,323358,6,False,False,False,586,,,
flu_like,0,1000,4,328239,6,False,True,False,3701,,,
flu_like,0,1000,4,334138,2,False,True,False,6597,,,
flu_like,0,1000,4,337391,2,False,True,False,7926,,,
flu_like,0,1000,4,339323,1,False,True,False,1139,,,
flu_like,0,1000,4,340307,1,False,False,False,1185,,,
flu_like,0,1000,4,360840,1,True,True,False,2715,,,
flu_like,0,1000,4,361101,1,True,True,False,8330,,,
flu_like,0,1000,4,362425,2,False,True,False,10783,,,
flu_like,0,1000,4,368886,1,False,True,False,3278,,,
flu_like,0,1000,4,374323,1,True,False,False,3442,,,
flu_like,0,1000,4,374653,1,False,True,False,10970,,,
flu_like,0,1000,4,379513,1,True,True,False,2798,,,
flu_like,0,1000,4,381587,1,False,True,False,824,,,
flu_like,0,1000,4,392451,5,False,True,True,6810,2555.0,2549.0,True
flu_like,0,1000,4,393759,2,False,True,False,3452,,,
flu_like,0,1000,4,396739,3,False,True,False,10051,,,
flu_like,0,1000,4,413591,1,False,True,False,2615,,,
flu_like,0,1000,4,414713,1,False,True,False,8438,,,
flu_like,0,1000,4,417225,4,False,True,False,10191,,,
flu_like,0,1000,4,418673,3,False,True,False,8015,,,
flu_like,0,1000,4,425701,1,False,False,False,5273,,,
flu_like,0,1000,4,427688,1,False,True,False,8218,,,
flu_like,0,1000,4,428572,2,False,False,False,12090,,,
flu_like,0,1000,4,431011,1,False,True,False,8566,,,
flu_like,0,1000,4,433361,5,False,True,False,2885,,,
flu_like,0,1000,4,453428,2,False,False,False,12489,,,
flu_like,0,1000,4,457021,1,False,True,False,5001,,,
flu_like,0,1000,4,463070,6,False,False,False,12106,,,
flu_like,0,1000,4,464604,1,False,False,False,1061,,,
flu_like,0,1000,4,467961,7,False,True,False,7741,,,
flu_like,0,1000,4,471594,2,False,False,False,12958,,,
flu_like,0,1000,4,483525,8,False,True,False,6209,,,
flu_like,0,1000,4,488551,1,False,True,False,2809,,,
flu_like,0,1000,4,488605,6,False,True,False,5788,,,
flu_like,0,1000,4,494405,2,False,True,False,6556,,,
flu_like,0,1000,4,497055,8,False,True,False,6878,,,
flu_like,0,1000,4,505845,2,False,True,False,7108,,,
flu_like,0,1000,4,520612,5,False,True,False,1477,,,
flu_like,0,1000,4,521686,1,False,True,False,9687,,,
flu_like,0,1000,4,523230,5,False,True,False,1215,,,
flu_like,0,1000,4,524012,1,False,True,False,5378,,,
flu_like,0,1000,4,534173,5,False,False,False,12783,,,
flu_like,0,1000,4,540349,1,False,True,False,4081,,,
flu_like,0,1000,4,545632,1,True,True,False,9107,,,
flu_like,0,1000,4,549465,8,False,True,False,6711,,,
flu_like,0,1000,4,551955,2,False,False,False,12313,,,
flu_like,0,1000,4,559342,3,False,False,False,878,,,
flu_like,0,1000,4,562000,1,False,True,False,7328,,,
flu_like,0,1000,4,591244,1,False,True,False,7936,,,
flu_like,0,1000,4,595302,1,False,True,False,3962,,,
flu_like,0,1000,4,606817,1,False,True,False,7531,,,
flu_like,0,1000,4,607672,2,False,True,False,2200,,,
flu_like,0,1000,4,612373,1,False,True,False,3762,,,
flu_like,0,1000,4,618356,1,False,True,False,10386,,,
flu_like,0,1000,4,642385,1,False,True,False,10261,,,
flu_like,0,1000,4,644129,2,False,True,False,8398,,,
flu_like,0,1000,4,644892,1,False,True,False,8622,,,
flu_like,0,1000,4,660042,1,True,True,False,4321,,,
flu_like,0,1000,4,661510,1,False,True,False,9653,,,
flu_like,0,1000,4,677106,1,False,False,False,12703,,,
flu_like,0,1000,4,680316,5,False,True,False,11101,,,
flu_like,0,1000,4,691559,1,True,True,False,7978,,,
flu_like,0,1000,4,702017,5,False,True,True,5697,2639.0,2161.0,True
flu_like,0,1000,4,702085,2,False,False,False,738,,,
flu_like,0,1000,4,709175,4,False,True,False,1507,,,
flu_like,0,1000,4,721302,1,False,True,False,6862,,,
flu_like,0,1000,4,724131,1,False,True,False,11480,,,
flu_like,0,1000,4,725748,3,False,True,False,11879,,,
flu_like,0,1000,4,736867,1,False,True,False,723,,,
flu_like,0,1000,4,736916,2,False,True,False,923,,,
flu_like,0,1000,4,778727,1,False,True,False,4015,,,
flu_like,0,1000,4,782767,1,False,True,False,1797,,,
flu_like,0,1000,4,817904,1,False,False,False,12975,,,
flu_like,0,1000,4,828812,1,False,False,False,11581,,,
flu_like,0,1000,4,842418,2,False,True,False,10760,,,
flu_like,0,1000,4,858842,3,False,True,False,1309,,,
flu_like,0,1000,4,874430,3,False,True,False,1366,,,
flu_like,0,1000,4,888410,2,False,True,False,4865,,,
flu_like,0,1000,4,898333,1,False,True,False,4198,,,
flu_like,0,1000,4,905093,1,True,True,False,8670,,,
flu_like,0,1000,4,917151,2,False,True,False,4352,,,
flu_like,0,1000,4,961818,1,False,True,False,10862,,,
flu_like,0,1000,4,976948,1,False,True,False,12478,,,
flu_like,0,1000,4,1009204,2,False,False,False,9118,,,
flu_like,0,1000,4,1024022,1,False,True,False,2611,,,
flu_like,0,1000,4,1028729,1,True,True,False,1410,,,
flu_like,0,1000,4,1035995,1,False,False,False,997,,,
flu_like,0,1000,4,1039803,1,False,True,False,1213,,,
flu_like,0,1000,4,1056279,1,False,True,False,11404,,,
flu_like,0,1000,4,1078232,3,False,True,False,12150,,,
flu_like,0,1000,4,1078870,1,False,True,False,8798,,,
flu_like,0,1000,4,1105717,2,False,True,False,5338,,,
flu_like,0,1000,4,1112544,1,False,True,False,1053,,,
flu_like,0,1000,4,1132450,1,False,True,False,11563,,,
flu_like,0,1000,4,1133795,1,False,True,False,1973,,,
flu_like,0,1000,4,1146306,2,False,True,False,10464,,,
flu_like,0,1000,4,1169529,1,False,True,False,4175,,,
flu_like,0,1000,4,1226137,1,False,False,False,3525,,,
flu_like,0,1000,4,1295949,2,False,True,False,7477,,,
flu_like,0,1000,4,1304346,1,False,True,True,6767,3222.0,96.0,True
flu_like,0,1000,4,1324796,1,True,True,False,10782,,,
flu_like,0,1000,4,1329806,1,False,True,False,6584,,,
flu_like,0,1000,4,1333078,1,False,True,False,10327,,,
flu_like,0,1000,4,1337793,1,False,True,False,5774,,,
flu_like,0,1000,4,1372858,5,False,True,False,6806,,,
flu_like,0,1000,4,1399184,3,False,True,False,2860,,,
flu_like,0,1000,4,1423371,4,False,True,False,2524,,,
flu_like,0,1000,4,1427239,1,False,True,False,6901,,,
flu_like,0,1000,4,1457750,1,True,True,False,9150,,,
flu_like,0,1000,4,1463514,1,False,True,False,10301,,,
flu_like,0,1000,4,1479777,2,False,True,False,6539,,,
flu_like,0,1000,4,1482309,1,False,True,False,9279,,,
flu_like,0,1000,4,1487077,2,False,True,False,6113,,,
flu_like,0,1000,4,1497812,1,False,True,False,2859,,,
flu_like,0,1000,4,1499176,1,False,True,False,4749,,,
flu_like,0,1000,4,1569894,1,False,False,False,12857,,,
flu_like,0,1000,4,1575847,1,False,True,False,6767,,,
flu_like,0,1000,4,1588422,1,False,True,False,6498,,,
flu_like,0,1000,4,1604663,1,False,True,False,3134,,,
flu_like,0,1000,4,1612936,1,False,True,False,11043,,,
flu_like,0,1000,4,1669396,2,False,False,False,436,,,
flu_like,0,1000,4,1739933,1,False,True,False,5310,,,
flu_like,0,1000,4,1746524,1,False,True,False,1665,,,
flu_like,0,1000,4,1747924,1,False,True,False,5928,,,
flu_like,0,1000,4,1791296,1,False,True,False,1300,,,
flu_like,0,1000,4,1825431,1,False,True,False,5617,,,
flu_like,0,1000,4,1873021,1,False,True,False,2274,,,
flu_like,0,1000,4,1889257,2,False,True,False,10767,,,
flu_like,0,1000,4,1903094,1,False,True,False,7454,,,
flu_like,0,1000,4,1910132,1,False,False,False,658,,,
flu_like,0,1000,4,1920594,2,False,True,False,11602,,,
flu_like,0,1000,4,1968621,2,False,True,False,7583,,,
flu_like,0,1000,4,1970666,1,False,True,False,9867,,,
flu_like,0,1000,4,2012474,2,False,False,False,12113,,,
flu_like,0,1000,4,2045745,1,True,True,False,12138,,,
flu_like,0,1000,4,2101150,2,False,True,False,6504,,,
flu_like,0,1000,4,2116163,1,False,True,False,2211,,,
flu_like,0,1000,4,2123525,1,False,True,False,2863,,,
flu_like,0,1000,4,2151716,1,False,False,False,12187,,,
flu_like,0,1000,4,2154704,2,False,True,True,8157,1937.0,644.0,True
flu_like,0,1000,4,2159654,1,False,False,False,12701,,,
flu_like,0,1000,4,2205446,1,False,True,False,835,,,
flu_like,0,1000,4,2239790,1,True,True,False,2833,,,
flu_like,0,1000,4,2259037,1,False,True,True,9726,2299.0,1394.0,True
flu_like,0,1000,4,2265425,1,False,True,False,11223,,,
flu_like,0,1000,4,2268653,1,False,False,False,1831,,,
flu_like,0,1000,4,2358315,1,False,True,False,2814,,,
flu_like,0,1000,4,2358868,1,False,True,False,11715,,,
flu_like,0,1000,4,2385288,1,False,True,False,8746,,,
flu_like,0,1000,4,2394186,1,True,True,False,8538,,,
flu_like,0,1000,4,2428906,2,False,True,False,5536,,,
flu_like,0,1000,4,2455561,1,False,True,False,7823,,,
flu_like,0,1000,4,2471133,2,False,True,False,9557,,,
flu_like,0,1000,4,2508964,1,False,True,False,4895,,,
flu_like,0,1000,4,2602273,1,False,True,False,9084,,,
flu_like,0,1000,4,2641227,1,False,True,False,9547,,,
flu_like,0,1000,4,2642730,2,False,True,False,5512,,,
flu_like,0,1000,4,2692934,1,False,True,False,4905,,,
flu_like,0,1000,4,2823101,1,False,True,False,10043,,,
flu_like,0,1000,4,2838073,1,False,True,False,10484,,,
flu_like,0,1000,4,2853809,1,False,True,True,6619,2328.0,244.0,True
flu_like,0,1000,4,2910915,1,False,False,False,453,,,
flu_like,0,1000,4,2918617,1,False,True,False,2519,,,
flu_like,0,1000,4,2946466,2,False,False,False,392,,,
flu_like,0,1000,4,2961800,1,False,True,False,6702,,,
flu_like,0,1000,4,2969538,1,False,True,False,6288,,,
flu_like,0,1000,4,2971708,2,False,True,False,1230,,,
flu_like,0,1000,4,3031332,1,False,True,False,8574,,,
flu_like,0,1000,4,3034417,2,False,True,False,1417,,,
flu_like,0,1000,4,3072447,1,False,False,False,1198,,,
flu_like,0,1000,4,3094277,1,False,False,False,6117,,,
flu_like,0,1000,4,3170518,1,False,True,False,11720,,,
flu_like,0,1000,4,3245855,1,False,True,False,6683,,,
flu_like,0,1000,4,3250025,2,False,True,True,1751,261.0,9273.0,False
flu_like,0,1000,4,3258636,1,False,True,False,10043,,,
flu_like,0,1000,4,3261428,2,False,True,False,2893,,,
flu_like,0,1000,4,3271011,2,False,True,False,8256,,,
flu_like,0,1000,4,3272249,1,False,True,False,10098,,,
flu_like,0,1000,4,3400112,2,False,False,False,2553,,,
flu_like,0,1000,4,3479228,4,False,True,False,5672,,,
flu_like,0,1000,4,3527871,1,False,True,False,6197,,,
flu_like,0,1000,4,3629532,1,False,False,False,1061,,,
flu_like,0,1000,4,3651438,1,False,True,False,12001,,,
flu_like,0,1000,4,3666066,1,False,True,True,6008,2101.0,223.0,True
flu_like,0,1000,4,3724066,1,False,True,False,7715,,,
flu_like,0,1000,4,3737029,2,False,False,False,12647,,,
flu_like,0,1000,4,3785673,1,False,True,False,7609,,,
flu_like,0,1000,4,3788033,1,False,False,False,12359,,,
flu_like,0,1000,4,3806770,1,False,False,False,11286,,,
flu_like,0,1000,4,3846504,1,False,True,False,6297,,,
flu_like,0,1000,4,3973476,2,False,True,False,6606,,,
flu_like,0,1000,4,3983715,1,False,True,False,3081,,,
flu_like,0,1000,4,3994943,2,False,True,False,6542,,,
flu_like,0,1000,4,3995612,1,False,True,False,11019,,,
flu_like,0,1000,4,4015168,1,False,True,False,12010,,,
flu_like,0,1000,4,4124271,1,False,False,False,11867,,,
flu_like,0,1000,4,4192284,1,False,True,False,9874,,,
flu_like,0,1000,4,4208985,3,False,True,False,7738,,,
flu_like,0,1000,4,4215463,1,False,True,False,10671,,,
flu_like,0,1000,4,4234546,1,False,True,False,11355,,,
flu_like,0,1000,4,4344519,2,False,True,False,7475,,,
flu_like,0,1000,4,4415630,1,False,True,False,1259,,,
flu_like,0,1000,4,4568407,1,False,True,False,11919,,,
flu_like,0,1000,4,4583238,1,False,False,False,113,,,
flu_like,0,1000,4,4589348,1,False,True,False,8389,,,
flu_like,0,1000,4,4792519,1,False,True,False,2758,,,
flu_like,0,1000,4,4825299,3,False,True,False,10081,,,
flu_like,0,1000,4,5041923,1,False,True,False,4940,,,
flu_like,0,1000,4,5063478,1,False,True,False,4007,,,
flu_like,0,1000,4,5162626,1,False,True,False,12513,,,
flu_like,0,1000,4,5219974,3,False,False,False,454,,,
flu_like,0,1000,4,5222685,1,False,True,False,5505,,,
flu_like,0,1000,4,5225866,2,False,True,False,11180,,,
flu_like,0,1000,4,5269613,1,False,True,False,9396,,,
flu_like,0,1000,4,5298829,2,False,False,False,12122,,,
flu_like,0,1000,4,5307466,1,False,True,False,6479,,,
flu_like,0,1000,4,5380201,2,False,True,False,4344,,,
flu_like,0,1000,4,5420624,1,False,True,False,3461,,,
flu_like,0,1000,4,5474311,2,False,False,False,1107,,,
flu_like,0,1000,4,5671187,2,False,True,False,11510,,,
flu_like,0,1000,4,5673860,2,False,True,False,7650,,,
flu_like,0,1000,4,5678428,1,False,True,False,10757,,,
flu_like,0,1000,4,5806480,1,False,False,False,11528,,,
flu_like,0,1000,4,5830773,2,False,True,False,5742,,,
flu_like,0,1000,4,5849024,2,False,False,False,12050,,,
flu_like,0,1000,4,5878970,1,False,True,False,8482,,,
flu_like,0,1000,4,5914750,2,False,True,False,11278,,,
flu_like,0,1000,4,5946975,2,False,True,False,10786,,,
flu_like,0,1000,4,6026492,1,False,False,False,31,,,
flu_like,0,1000,4,6051087,1,False,True,False,11806,,,
flu_like,0,1000,4,6064151,1,False,True,False,8273,,,
flu_like,0,1000,4,6157814,1,False,True,False,9207,,,
flu_like,0,1000,4,6179041,1,False,True,False,3131,,,
flu_like,0,1000,4,6197953,1,False,False,False,5,,,
flu_like,0,1000,4,6242061,1,False,True,False,1348,,,
flu_like,0,1000,4,6320107,3,False,True,False,10077,,,
flu_like,0,1000,4,6357879,1,False,True,False,3703,,,
flu_like,0,1000,4,6377875,1,False,True,False,3951,,,
flu_like,0,1000,4,6382656,1,False,True,False,2209,,,
flu_like,0,1000,4,6408307,1,False,False,False,11555,,,
flu_like,0,1000,4,6458178,2,False,True,False,10013,,,
flu_like,0,1000,4,6513568,1,False,True,False,7747,,,
flu_like,0,1000,4,6546875,1,False,False,False,4779,,,
flu_like,0,1000,4,6601776,3,False,True,False,5748,,,
flu_like,0,1000,4,6617182,1,False,True,False,12254,,,
flu_like,0,1000,4,6655198,3,False,False,False,11652,,,
flu_like,0,1000,4,6694810,1,False,True,False,6161,,,
flu_like,0,1000,4,6697872,1,False,True,False,9132,,,
flu_like,0,1000,4,6731131,1,False,True,False,11805,,,
flu_like,0,1000,4,6748422,1,False,False,False,6167,,,
flu_like,0,1000,4,6777135,1,False,True,False,2983,,,
flu_like,0,1000,4,6805690,1,False,True,False,12161,,,
flu_like,0,1000,4,6819514,1,False,True,False,4657,,,
flu_like,0,1000,4,6827478,1,False,True,False,1947,,,
flu_like,0,1000,4,6869596,1,False,True,False,6587,,,
flu_like,0,1000,4,6923903,1,False,True,False,4520,,,
flu_like,0,1000,4,6950161,1,False,True,False,4993,,,
flu_like,0,1000,4,7022912,1,False,True,False,9088,,,
flu_like,0,1000,4,7038341,2,False,False,False,1595,,,
flu_like,0,1000,4,7106739,1,False,True,False,7999,,,
flu_like,0,1000,4,7118288,1,False,True,False,2272,,,
flu_like,0,1000,4,7295613,1,False,False,False,83,,,
flu_like,0,1000,4,7300695,1,False,False,False,47,,,
flu_like,0,1000,4,7375489,1,False,True,False,7926,,,
flu_like,0,1000,4,7390569,2,False,True,False,2231,,,
flu_like,0,1000,4,7422363,1,False,True,False,9947,,,
flu_like,0,1000,4,7474948,1,False,True,False,5151,,,
flu_like,0,1000,4,7519693,1,False,True,False,6430,,,
flu_like,0,1000,4,7545326,1,False,True,False,11647,,,
flu_like,0,1000,4,7553166,1,False,True,False,11837,,,
flu_like,0,1000,4,7553392,1,False,True,False,6265,,,
flu_like,0,1000,4,7639002,2,False,True,False,7110,,,
flu_like,0,1000,4,7640663,1,False,True,False,5226,,,
flu_like,0,1000,4,7680106,1,False,True,False,7480,,,
flu_like,0,1000,4,7708133,1,False,True,False,6806,,,
flu_like,0,1000,4,7749308,1,False,False,False,8688,,,
flu_like,0,1000,4,7773248,1,False,True,True,10167,399.0,254.0,True
flu_like,0,1000,4,7873647,1,False,True,False,1434,,,
flu_like,0,1000,4,7881890,2,False,True,False,5969,,,
flu_like,0,1000,4,7884597,1,False,False,False,342,,,
flu_like,0,1000,4,7913006,1,False,True,False,5237,,,
flu_like,0,1000,4,8008102,1,False,True,False,9538,,,
flu_like,0,1000,4,8093467,1,True,True,False,4345,,,
flu_like,0,1000,4,8126816,3,False,True,False,6191,,,
flu_like,0,1000,4,8244682,1,False,True,False,3980,,,
flu_like,0,1000,4,8315564,4,False,True,False,4108,,,
flu_like,0,1000,4,8338294,3,False,True,False,12492,,,
flu_like,0,1000,4,8360980,2,False,False,False,1167,,,
flu_like,0,1000,4,8401607,1,False,True,False,9706,,,
flu_like,0,1000,4,8407801,1,False,True,False,4130,,,
flu_like,0,1000,4,8457086,1,False,True,False,11880,,,
flu_like,0,1000,4,8475360,1,False,True,False,2322,,,
flu_like,0,1000,4,8482269,2,False,True,True,8976,1264.0,1009.0,True
flu_like,0,1000,4,8504859,2,False,True,False,9679,,,
flu_like,0,1000,4,8506919,1,False,True,False,3118,,,
flu_like,0,1000,4,8520707,1,False,True,False,5793,,,
flu_like,0,1000,4,8523255,1,False,True,False,2488,,,
flu_like,0,1000,4,8566535,1,False,False,False,8514,,,
flu_like,0,1000,4,8572339,1,False,True,False,5114,,,
flu_like,0,1000,4,8689639,2,False,True,False,2208,,,
flu_like,0,1000,4,8716483,1,True,True,False,6534,,,
flu_like,0,1000,4,8725077,1,False,True,False,9038,,,
flu_like,0,1000,4,8752858,1,False,True,False,2585,,,
flu_like,0,1000,4,8762277,1,False,True,False,913,,,
flu_like,0,1000,4,8766346,1,False,True,False,11844,,,
flu_like,0,1000,4,8876372,1,False,True,False,6976,,,
flu_like,0,1000,4,8920205,1,False,True,False,4546,,,
flu_like,0,1000,4,8961877,1,True,False,False,505,,,
flu_like,0,1000,4,8992978,1,False,True,False,10807,,,
flu_like,0,1000,4,9095826,2,False,True,False,11067,,,
flu_like,0,1000,4,9376531,1,False,True,False,3129,,,
flu_like,0,1000,4,9431868,1,False,False,False,10993,,,
flu_like,0,1000,4,9445554,1,False,True,False,11814,,,
flu_like,0,1000,4,9527113,1,False,True,False,11527,,,
flu_like,0,1000,4,9756447,3,False,True,False,10293,,,
flu_like,0,1000,4,9769956,1,False,True,False,10245,,,
flu_like,0,1000,4,9800497,1,False,False,False,12479,,,
flu_like,0,1000,4,9814312,1,False,True,False,8839,,,
flu_like,0,1000,4,9822197,1,False,True,False,9181,,,
flu_like,0,1000,4,9825525,1,False,False,False,12053,,,
flu_like,0,1000,4,9836943,1,False,True,False,2163,,,
flu_like,0,1000,4,9854941,3,False,False,False,302,,,
flu_like,0,1000,4,9875125,1,False,True,False,9473,,,
flu_like,0,1000,4,9910195,1,False,True,False,4485,,,
flu_like,0,1000,4,9931100,1,False,True,False,2730,,,
flu_like,0,1000,4,9966010,1,False,True,False,4362,,,
flu_like,0,1000,4,10038855,1,False,True,False,3053,,,
flu_like,0,1000,4,10155433,1,False,True,True,7230,2621.0,2255.0,True
flu_like,0,1000,4,10204301,1,False,True,False,8560,,,
flu_like,0,1000,4,10249021,1,False,True,False,8336,,,
flu_like,0,1000,4,10272731,3,False,True,False,4582,,,
flu_like,0,1000,4,10465025,1,False,True,True,9460,4482.0,1388.0,True
flu_like,0,1000,4,10473386,2,False,True,False,1827,,,
flu_like,0,1000,4,10495605,1,False,True,True,5960,2367.0,153.0,True
flu_like,0,1000,4,10516802,2,False,True,False,9936,,,
flu_like,0,1000,4,10585835,3,False,True,False,9050,,,
flu_like,0,1000,4,10665967,1,False,True,False,6785,,,
flu_like,0,1000,4,10685054,1,False,False,False,12736,,,
flu_like,0,1000,4,10715800,1,False,True,False,4212,,,
flu_like,0,1000,4,10791692,1,False,True,False,8676,,,
flu_like,0,1000,4,10791975,1,False,True,False,11210,,,
flu_like,0,1000,4,10907669,2,False,True,False,9941,,,
flu_like,0,1000,4,10998730,1,False,True,False,2473,,,
flu_like,0,1000,4,11044275,1,False,True,False,929,,,
flu_like,0,1000,4,11056361,2,False,True,False,11354,,,
flu_like,0,1000,4,11087902,1,False,True,False,6561,,,
flu_like,0,1000,4,11103588,1,False,True,False,10210,,,
flu_like,0,1000,4,11119266,1,False,False,False,2154,,,
flu_like,0,1000,4,11145886,1,False,True,False,7102,,,
flu_like,0,1000,4,11176225,1,False,False,False,233,,,
flu_like,0,1000,4,11214025,2,False,True,False,10223,,,
flu_like,0,1000,4,11224127,2,False,False,False,1381,,,
flu_like,0,1000,4,11260015,2,False,True,True,8073,1188.0,647.0,True
flu_like,0,1000,4,11356303,1,False,True,False,4854,,,
flu_like,0,1000,4,11396345,1,False,True,False,12790,,,
flu_like,0,1000,4,11444973,1,False,False,False,3163,,,
flu_like,0,1000,4,11483650,1,False,True,False,8215,,,
flu_like,0,1000,4,11499499,1,False,False,False,1261,,,
flu_like,0,1000,4,11566759,2,False,True,False,4229,,,
flu_like,0,1000,4,11613207,2,False,True,True,4541,5243.0,3740.0,True
flu_like,0,1000,4,11663062,1,False,True,True,9188,1088.0,298.0,True
flu_like,0,1000,4,11735563,1,False,True,False,9118,,,
flu_like,0,1000,4,11755760,1,False,True,False,1459,,,
flu_like,0,1000,4,11761647,1,False,True,True,9474,812.0,76.0,True
flu_like,0,1000,4,11766679,1,False,True,False,3113,,,
flu_like,0,1000,4,11786479,1,False,True,False,3443,,,
flu_like,0,1000,4,11863892,1,False,True,False,5598,,,
flu_like,0,1000,4,11915725,1,False,True,False,10006,,,
flu_like,0,1000,4,11959667,5,False,True,False,8476,,,
flu_like,0,1000,4,11986166,2,False,True,False,8596,,,
flu_like,0,1000,4,12025871,1,False,True,False,8345,,,
flu_like,0,1000,4,12047358,2,False,True,False,11927,,,
flu_like,0,1000,4,12198184,5,False,True,True,10866,680.0,587.0,True
flu_like,0,1000,4,12220812,1,True,False,False,11500,,,
flu_like,0,1000,4,12223869,1,False,True,False,4914,,,
flu_like,0,1000,4,12265117,1,False,False,False,582,,,
flu_like,0,1000,4,12274594,1,False,False,False,1904,,,
flu_like,0,1000,4,12434452,1,False,True,False,4824,,,
flu_like,0,1000,4,12470077,2,False,False,False,225,,,
flu_like,0,1000,4,12477648,1,False,True,False,2587,,,
flu_like,0,1000,4,12483133,1,False,True,False,5088,,,
flu_like,0,1000,4,12531711,1,False,True,False,2366,,,
flu_like,0,1000,4,12552870,1,False,False,False,105,,,
flu_like,0,1000,4,12589990,1,False,True,False,5600,,,
flu_like,0,1000,4,12599037,1,False,True,False,2596,,,
flu_like,0,1000,4,12604514,1,True,True,True,6919,5207.0,4102.0,True
flu_like,0,1000,4,12613966,2,False,False,False,2594,,,
flu_like,0,1000,4,12633516,2,False,True,False,1090,,,
flu_like,0,1000,4,12786440,1,False,True,False,4332,,,
flu_like,0,1000,4,12802978,1,False,True,False,2918,,,
flu_like,0,1000,4,12843655,2,False,True,False,849,,,
flu_like,0,1000,4,12884383,1,False,False,False,12812,,,
flu_like,0,1000,4,12890762,1,False,True,False,11488,,,
flu_like,0,1000,4,12920322,2,False,True,False,4181,,,
flu_like,0,1000,4,12938496,1,False,True,False,1941,,,
flu_like,0,1000,4,13004013,1,False,True,False,3729,,,
flu_like,0,1000,4,13055480,1,False,False,False,1156,,,
flu_like,0,1000,4,13124081,1,False,True,False,8784,,,
flu_like,0,1000,4,13205435,1,False,False,False,273,,,
flu_like,0,1000,4,13231772,1,False,True,True,4393,3049.0,1603.0,True
flu_like,0,1000,4,13261568,1,False,True,False,7048,,,
flu_like,0,1000,4,13273511,1,False,False,False,12906,,,
flu_like,0,1000,4,13387569,1,True,True,False,11766,,,
flu_like,0,1000,4,13456196,1,False,True,False,6282,,,
flu_like,0,1000,4,13486496,2,False,True,False,7250,,,
flu_like,0,1000,4,13492579,2,False,True,False,6669,,,
flu_like,0,1000,4,13499436,1,False,True,False,6042,,,
flu_like,0,1000,4,13537516,2,False,True,False,10416,,,
flu_like,0,1000,4,13538806,1,False,True,False,7430,,,
flu_like,0,1000,4,13550091,1,False,True,False,6384,,,
flu_like,0,1000,4,13738225,1,False,True,False,1250,,,
flu_like,0,1000,4,13874364,1,False,False,False,185,,,
flu_like,0,1000,4,13875599,6,False,False,False,12534,,,
flu_like,0,1000,4,13914284,1,False,True,True,4425,982.0,109.0,True
flu_like,0,1000,4,13985204,1,False,True,False,9467,,,
flu_like,0,1000,4,14034742,1,False,True,True,10045,353.0,294.0,True
flu_like,0,1000,4,14066289,1,False,True,False,11583,,,
flu_like,0,1000,4,14198359,1,False,False,False,378,,,
flu_like,0,1000,4,14381445,1,False,True,False,2988,,,
flu_like,0,1000,4,14442013,1,False,False,False,94,,,
flu_like,0,1000,4,14485053,1,False,True,False,7965,,,
flu_like,0,1000,4,14540479,1,False,True,False,5164,,,
flu_like,0,1000,4,14629345,1,False,True,False,6689,,,
flu_like,0,1000,4,14654557,1,False,False,False,95,,,
flu_like,0,1000,4,14681358,2,False,True,False,8573,,,
flu_like,0,1000,4,14694074,1,False,True,False,8622,,,
flu_like,0,1000,4,14735756,2,False,True,False,9802,,,
flu_like,0,1000,4,14944341,1,False,True,False,2790,,,
flu_like,0,1000,4,14951919,1,False,True,False,6233,,,
flu_like,0,1000,4,15073350,1,False,True,False,5784,,,
flu_like,0,1000,4,15135371,1,False,True,False,11030,,,
flu_like,0,1000,4,15258579,1,False,True,False,330,,,
flu_like,0,1000,4,15277773,2,False,True,False,7176,,,
flu_like,0,1000,4,15367414,1,True,True,False,1876,,,
flu_like,0,1000,4,15381573,1,False,True,False,3495,,,
flu_like,0,1000,4,15460244,1,False,True,False,11171,,,
flu_like,0,1000,4,15479644,1,False,True,False,1140,,,
flu_like,0,1000,4,15518369,1,False,True,False,5232,,,
flu_like,0,1000,4,15677714,1,False,False,False,12855,,,
flu_like,0,1000,4,15774961,1,False,True,False,11985,,,
flu_like,0,1000,4,15851373,1,False,True,False,7257,,,
flu_like,0,1000,4,16011800,1,False,True,False,6699,,,
flu_like,0,1000,4,16051780,1,False,False,False,1182,,,
flu_like,0,1000,4,16089045,1,False,True,False,3087,,,
flu_like,0,1000,4,16175051,2,False,True,False,11464,,,
flu_like,0,1000,4,16323252,1,False,True,False,10620,,,
flu_like,0,1000,4,16325862,1,False,True,False,2159,,,
flu_like,0,1000,4,16345395,1,False,False,False,1266,,,
flu_like,0,1000,4,16352143,1,False,True,False,388,,,
flu_like,0,1000,4,16411553,1,False,True,False,7131,,,
flu_like,0,1000,4,16439161,1,False,True,False,11644,,,
flu_like,0,1000,4,16459182,2,False,True,False,6250,,,
flu_like,0,1000,4,16653861,1,False,True,True,7682,2554.0,699.0,True
flu_like,0,1000,4,16665079,1,False,True,False,9505,,,
flu_like,0,1000,4,16683252,2,False,True,False,3280,,,
flu_like,0,1000,4,16786331,2,False,True,False,4011,,,
flu_like,0,1000,4,16820309,1,False,True,False,8604,,,
flu_like,0,1000,4,16851334,1,False,True,False,187,,,
flu_like,0,1000,4,16907673,1,False,True,False,5456,,,
flu_like,0,1000,4,16938516,1,False,True,False,9275,,,
flu_like,0,1000,4,16971548,1,False,True,False,11765,,,
flu_like,0,1000,4,16980632,1,False,True,False,6371,,,
flu_like,0,1000,4,16988802,1,False,True,False,11301,,,
flu_like,0,1000,4,17064703,1,False,True,False,5676,,,
flu_like,0,1000,4,17108839,1,False,True,False,7296,,,
flu_like,0,1000,4,17195423,1,False,False,False,4160,,,
flu_like,0,1000,4,17198388,1,False,True,False,2727,,,
flu_like,0,1000,4,17232199,1,False,True,False,4793,,,
flu_like,0,1000,4,17242569,1,False,True,True,2954,391.0,240.0,True
flu_like,0,1000,4,17291597,2,False,True,False,2600,,,
flu_like,0,1000,4,17336083,1,False,True,True,6493,483.0,104.0,True
flu_like,0,1000,4,17440173,1,False,True,False,7069,,,
flu_like,0,1000,4,17506140,1,False,True,False,8890,,,
flu_like,0,1000,4,17659942,1,False,False,False,656,,,
flu_like,0,1000,4,17779141,1,False,True,True,9702,3926.0,1088.0,True
flu_like,0,1000,4,17800517,2,False,True,False,7483,,,
flu_like,0,1000,4,17807224,1,False,True,False,4693,,,
flu_like,0,1000,4,17826432,2,False,True,False,7227,,,
flu_like,0,1000,4,17871140,1,False,True,False,2902,,,
flu_like,0,1000,4,17892428,1,False,True,False,3765,,,
flu_like,0,1000,4,17958566,1,False,True,False,4812,,,
flu_like,0,1000,4,18011252,1,False,True,False,10977,,,
flu_like,0,1000,4,18019887,1,False,True,True,6253,1554.0,610.0,True
flu_like,0,1000,4,18039353,1,False,True,False,11912,,,
flu_like,0,1000,4,18091299,1,False,True,False,8117,,,
flu_like,0,1000,4,18112669,1,False,True,False,6939,,,
flu_like,0,1000,4,18120270,1,False,True,False,5181,,,
flu_like,0,1000,4,18136757,2,False,True,False,3262,,,
flu_like,0,1000,4,18139031,1,False,True,False,8578,,,
flu_like,0,1000,4,18142459,1,False,True,False,11443,,,
flu_like,0,1000,4,18196622,1,False,False,False,289,,,
flu_like,0,1000,4,18227567,2,False,True,False,12438,,,
flu_like,0,1000,4,18267390,2,False,False,False,440,,,
flu_like,0,1000,4,18287913,1,False,True,False,2887,,,
flu_like,0,1000,4,18431494,1,False,True,False,10521,,,
flu_like,0,1000,4,18450035,1,False,True,False,11494,,,
flu_like,0,1000,4,18508389,1,False,True,False,10629,,,
flu_like,0,1000,4,18550641,1,False,True,False,6965,,,
flu_like,0,1000,4,18557171,3,False,True,False,5157,,,
flu_like,0,1000,4,18640816,2,False,True,False,9425,,,
flu_like,0,1000,4,18713187,1,False,True,False,10141,,,
flu_like,0,1000,4,18724143,3,False,False,False,781,,,
flu_like,0,1000,4,18817527,1,False,True,False,1673,,,
flu_like,0,1000,4,18859675,2,False,True,False,10975,,,
flu_like,0,1000,4,18939004,2,False,True,False,6526,,,
flu_like,0,1000,4,19002188,1,False,True,False,7651,,,
flu_like,0,1000,4,19048920,3,False,True,False,7389,,,
flu_like,0,1000,4,19072458,1,False,True,False,2389,,,
flu_like,0,1000,4,19118477,1,False,True,False,9870,,,
flu_like,0,1000,4,19155690,1,False,True,False,1514,,,
flu_like,0,1000,4,19191436,1,True,True,False,9019,,,
flu_like,0,1000,4,19202013,1,False,True,False,3756,,,
flu_like,0,1000,4,19204930,1,False,True,False,11202,,,
flu_like,0,1000,4,19271458,1,False,True,False,5373,,,
flu_like,0,1000,4,19274270,1,False,True,False,12619,,,
flu_like,0,1000,4,19275142,1,False,True,False,9634,,,
flu_like,0,1000,4,19288646,1,False,True,False,11700,,,
flu_like,0,1000,4,19403764,1,True,False,False,765,,,
flu_like,0,1000,4,19502085,1,False,False,False,516,,,
flu_like,0,1000,4,19531394,1,False,True,False,4558,,,
flu_like,0,1000,4,19578612,1,False,True,False,5948,,,
flu_like,0,1000,4,19643561,1,False,True,False,7407,,,
flu_like,0,1000,4,19668454,1,False,True,False,7859,,,
flu_like,0,1000,4,19680687,1,False,True,False,8155,,,
flu_like,0,1000,4,19723741,2,False,True,False,7777,,,
flu_like,0,1000,4,19751290,1,False,False,False,12366,,,
flu_like,0,1000,4,19758122,2,False,True,False,4387,,,
flu_like,0,1000,4,19818291,2,False,False,False,2700,,,
flu_like,0,1000,4,20025760,1,False,True,False,1194,,,
flu_like,0,1000,4,20131448,3,False,True,False,11102,,,
flu_like,0,1000,4,20170787,1,False,False,False,1602,,,
flu_like,0,1000,4,20226048,1,False,False,False,11756,,,
flu_like,0,1000,4,20260033,1,False,True,False,9314,,,
flu_like,0,1000,4,20264722,1,False,True,False,11304,,,
flu_like,0,1000,4,20310247,2,False,True,True,5459,1696.0,1404.0,True
flu_like,0,1000,4,20311095,2,False,True,False,12868,,,
flu_like,0,1000,4,20355586,1,False,True,False,4454,,,
flu_like,0,1000,4,20358995,1,False,True,False,9017,,,
flu_like,0,1000,4,20381436,2,False,True,False,4334,,,
flu_like,0,1000,4,20396859,1,False,True,False,7615,,,
flu_like,0,1000,4,20511983,2,False,True,False,2018,,,
flu_like,0,1000,4,20555850,1,False,True,False,2520,,,
flu_like,0,1000,4,20556387,1,False,True,False,9574,,,
flu_like,0,1000,4,20579965,1,False,True,False,6806,,,
flu_like,0,1000,4,20581812,1,False,False,False,1181,,,
flu_like,0,1000,4,20610475,1,False,True,False,884,,,
flu_like,0,1000,4,20626707,1,False,True,False,4540,,,
flu_like,0,1000,4,20636992,1,False,True,False,4765,,,
flu_like,0,1000,4,20710429,1,True,True,False,10675,,,
flu_like,0,1000,4,20756621,1,False,True,False,7980,,,
flu_like,0,1000,4,20807211,1,False,True,False,6540,,,
flu_like,0,1000,4,20809449,1,False,True,False,3469,,,
flu_like,0,1000,4,20828004,1,False,True,False,1435,,,
flu_like,0,1000,4,20836334,1,False,True,False,6245,,,
flu_like,0,1000,4,20862141,1,False,True,False,3290,,,
flu_like,0,1000,4,21260343,2,False,True,False,2536,,,
flu_like,0,1000,4,21293394,1,False,True,True,5526,539.0,183.0,True
flu_like,0,1000,4,21366394,1,False,True,False,11716,,,
flu_like,0,1000,4,21367193,1,False,False,False,1502,,,
flu_like,0,1000,4,21410908,1,False,False,False,621,,,
flu_like,0,1000,4,21447975,3,False,True,False,10080,,,
flu_like,0,1000,4,21449412,1,False,True,False,6568,,,
flu_like,0,1000,4,21470028,1,False,True,False,11805,,,
flu_like,0,1000,4,21717878,1,False,True,True,5334,1444.0,982.0,True
flu_like,0,1000,4,21732366,1,False,False,False,1368,,,
flu_like,0,1000,4,21832104,1,False,True,False,10885,,,
flu_like,0,1000,4,21904957,1,False,False,False,1173,,,
flu_like,0,1000,4,21966039,1,False,False,False,11119,,,
flu_like,0,1000,4,22053799,1,True,False,False,366,,,
flu_like,0,1000,4,22090925,1,False,False,False,10920,,,
flu_like,0,1000,4,22133096,1,False,True,False,2388,,,
flu_like,0,1000,4,22280938,1,False,True,False,12135,,,
flu_like,0,1000,4,22347855,1,False,True,False,5412,,,
flu_like,0,1000,4,22473348,1,False,True,False,5016,,,
flu_like,0,1000,4,22574574,1,False,True,False,3536,,,
flu_like,0,1000,4,22583279,1,False,True,False,6138,,,
flu_like,0,1000,4,22748677,1,False,True,False,3247,,,
flu_like,0,1000,4,22751831,1,False,True,False,3804,,,
flu_like,0,1000,4,22759072,1,False,True,False,6288,,,
flu_like,0,1000,4,22785015,1,False,True,True,5639,2032.0,748.0,True
flu_like,0,1000,4,22788782,4,False,True,False,11952,,,
flu_like,0,1000,4,22826182,1,False,True,False,5628,,,
flu_like,0,1000,4,22867874,1,False,True,False,2927,,,
flu_like,0,1000,4,22949381,1,False,True,False,6629,,,
flu_like,0,1000,4,22997923,1,False,True,False,11334,,,
flu_like,0,1000,4,23054019,1,False,True,False,11210,,,
flu_like,0,1000,4,23138051,1,False,True,False,2158,,,
flu_like,0,1000,4,23147760,1,False,True,False,8259,,,
flu_like,0,1000,4,23217084,1,False,True,False,8344,,,
flu_like,0,1000,4,23290022,1,False,True,True,7661,765.0,1230.0,False
flu_like,0,1000,4,23446292,1,False,True,False,8693,,,
flu_like,0,1000,4,23449127,1,False,True,False,1827,,,
flu_like,0,1000,4,23512556,1,False,True,False,7937,,,
flu_like,0,1000,4,23720724,1,False,True,False,10802,,,
flu_like,0,1000,4,23830462,1,False,True,False,7964,,,
flu_like,0,1000,4,23948874,1,False,True,False,357,,,
flu_like,0,1000,4,24056926,1,False,True,False,9277,,,
flu_like,0,1000,4,24177480,2,False,True,False,7751,,,
flu_like,0,1000,4,24205199,2,False,True,False,8820,,,
flu_like,0,1000,4,24210048,2,False,False,False,12841,,,
flu_like,0,1000,4,24409822,1,False,False,False,12496,,,
flu_like,0,1000,4,24469579,1,False,True,False,5138,,,
flu_like,0,1000,4,24617318,1,False,True,False,2092,,,
flu_like,0,1000,4,24720122,1,False,False,False,561,,,
flu_like,0,1000,4,24759490,1,False,True,False,1108,,,
flu_like,0,1000,4,24830489,1,False,True,False,11081,,,
flu_like,0,1000,4,24836048,1,False,True,False,5409,,,
flu_like,0,1000,4,24846689,1,True,True,False,3404,,,
flu_like,0,1000,4,24893267,1,False,True,False,3923,,,
flu_like,0,1000,4,24949111,1,False,True,False,3483,,,
flu_like,0,1000,4,25140841,1,False,True,False,6942,,,
flu_like,0,1000,4,25147459,1,False,True,False,8699,,,
flu_like,0,1000,4,25163100,1,False,True,True,7714,2165.0,1315.0,True
flu_like,0,1000,4,25188695,1,True,True,False,9345,,,
flu_like,0,1000,4,25280202,2,False,True,False,8324,,,
flu_like,0,1000,4,25309660,1,False,True,False,3808,,,
flu_like,0,1000,4,25346611,1,False,True,False,5734,,,
flu_like,0,1000,4,25412890,1,False,True,False,10014,,,
flu_like,0,1000,4,25517501,1,False,True,False,11874,,,
flu_like,0,1000,4,25581843,1,False,True,False,9671,,,
flu_like,0,1000,4,25789362,1,False,True,True,8583,3628.0,1909.0,True
flu_like,0,1000,4,25797637,1,False,False,False,38,,,
flu_like,0,1000,4,25937458,1,False,True,False,4584,,,
flu_like,0,1000,4,26086624,1,False,True,False,9012,,,
flu_like,0,1000,4,26087038,1,False,True,False,10856,,,
flu_like,0,1000,4,26101852,1,False,True,False,4217,,,
flu_like,0,1000,4,26109362,2,False,False,False,65,,,
flu_like,0,1000,4,26110061,1,True,True,False,4193,,,
flu_like,0,1000,4,26279401,1,False,True,False,4095,,,
flu_like,0,1000,4,26287712,1,True,True,False,8576,,,
flu_like,0,1000,4,26397256,2,False,False,False,12977,,,
flu_like,0,1000,4,26416169,1,False,True,False,11312,,,
flu_like,0,1000,4,26489411,1,False,True,False,673,,,
flu_like,0,1000,4,26639953,2,False,True,False,11051,,,
flu_like,0,1000,4,26860587,1,False,True,True,7499,3344.0,2709.0,True
flu_like,0,1000,4,26900669,1,False,False,False,12885,,,
flu_like,0,1000,4,27006512,1,False,True,False,6301,,,
flu_like,0,1000,4,27040920,1,False,False,False,250,,,
flu_like,0,1000,4,27065271,1,False,False,False,12175,,,
flu_like,0,1000,4,27075147,1,True,True,False,5854,,,
flu_like,0,1000,4,27135472,2,False,True,False,11361,,,
flu_like,0,1000,4,27457788,1,False,True,False,11978,,,
flu_like,0,1000,4,27491123,1,False,True,False,8768,,,
flu_like,0,1000,4,27616759,1,False,True,False,12990,,,
flu_like,0,1000,4,27635586,1,False,True,False,2060,,,
flu_like,0,1000,4,27730807,1,True,True,False,815,,,
flu_like,0,1000,4,27762065,1,False,True,False,1791,,,
flu_like,0,1000,4,27827046,1,False,True,False,5008,,,
flu_like,0,1000,4,27865692,1,False,True,False,1910,,,
flu_like,0,1000,4,28009444,1,False,True,False,2171,,,
flu_like,0,1000,4,28022841,1,False,True,False,737,,,
flu_like,0,1000,4,28023345,1,False,True,False,6816,,,
flu_like,0,1000,4,28167900,1,False,True,False,10418,,,
flu_like,0,1000,4,28184863,1,False,True,False,12834,,,
flu_like,0,1000,4,28293616,1,False,True,False,5803,,,
flu_like,0,1000,4,28365858,1,False,True,False,2699,,,
flu_like,0,1000,4,28472775,1,False,True,False,7552,,,
flu_like,0,1000,4,28665614,1,False,True,True,3929,6647.0,5559.0,True
flu_like,0,1000,4,28676099,1,False,True,False,11201,,,
flu_like,0,1000,4,28680618,1,False,True,False,3776,,,
flu_like,0,1000,4,28704140,1,False,True,False,1706,,,
flu_like,0,1000,4,28795646,1,False,True,False,9527,,,
flu_like,0,1000,4,28795801,1,False,True,False,6596,,,
flu_like,0,1000,4,28797668,1,False,True,True,6762,3264.0,101.0,True
flu_like,0,1000,4,28833810,1,False,True,True,7626,3527.0,1868.0,True
flu_like,0,1000,4,28896588,1,False,True,False,7182,,,
flu_like,0,1000,4,28937573,3,False,True,False,11762,,,
flu_like,0,1000,4,28943220,1,False,False,False,3063,,,
flu_like,0,1000,4,29011699,1,False,True,False,10544,,,
flu_like,0,1000,4,29074787,1,False,True,False,9791,,,
flu_like,0,1000,4,29229399,1,False,True,False,5308,,,
flu_like,0,1000,4,29405101,1,False,False,False,12932,,,
flu_like,0,1000,4,29568045,1,False,True,False,1587,,,
flu_like,0,1000,4,29582408,1,False,True,False,8719,,,
flu_like,0,1000,4,29624805,2,False,True,False,12979,,,
flu_like,0,1000,4,29662199,1,False,True,True,9894,3410.0,655.0,True
flu_like,0,1000,4,29668429,1,False,True,False,9557,,,
flu_like,0,1000,4,29744022,1,False,False,False,11075,,,
flu_like,0,1000,4,29753608,1,False,False,False,12416,,,
flu_like,0,1000,4,29809031,1,False,True,True,688,290.0,9009.0,False
flu_like,0,1000,4,29867948,1,False,True,False,11269,,,
flu_like,0,1000,4,29894209,1,False,True,False,11688,,,
flu_like,0,1000,4,29901713,1,False,True,False,8755,,,
flu_like,0,1000,4,29902915,1,True,True,False,1586,,,
flu_like,0,1000,4,29985111,1,False,True,False,4116,,,
flu_like,0,1000,4,30085193,1,False,True,False,3144,,,
flu_like,0,1000,4,30238852,1,False,True,False,891,,,
flu_like,0,1000,4,30274432,1,False,False,False,1273,,,
flu_like,0,1000,4,30510115,1,False,True,False,3366,,,
flu_like,0,1000,4,30692614,1,False,True,False,9950,,,
flu_like,0,1000,4,30917958,1,False,True,False,8581,,,
flu_like,0,1000,4,30959114,1,False,False,False,12285,,,
flu_like,0,1000,4,31073104,1,False,True,False,2196,,,
flu_like,0,1000,4,31092077,1,False,True,False,5342,,,
flu_like,0,1000,4,31125037,1,False,True,False,10550,,,
flu_like,0,1000,4,31265555,1,False,True,False,1657,,,
flu_like,0,1000,4,31268052,1,False,True,True,7956,1581.0,293.0,True
flu_like,0,1000,4,31272033,1,False,True,False,3726,,,
flu_like,0,1000,4,31277687,1,False,False,False,212,,,
flu_like,0,1000,4,31295214,1,False,True,False,10540,,,
flu_like,0,1000,4,31299308,1,False,True,False,4238,,,
flu_like,0,1000,4,31309349,1,False,False,False,207,,,
flu_like,0,1000,4,31540568,1,False,True,True,5596,3348.0,3320.0,True
flu_like,0,1000,4,31599596,1,False,True,False,11018,,,
flu_like,0,1000,4,31674853,1,False,True,False,7085,,,
flu_like,0,1000,4,31692630,1,False,True,False,4814,,,
flu_like,0,1000,4,31783720,1,False,True,False,7121,,,
flu_like,0,1000,4,31996151,2,False,True,False,1179,,,
flu_like,0,1000,4,32166836,1,False,True,False,5503,,,
flu_like,0,1000,4,32185705,1,False,True,False,2576,,,
flu_like,0,1000,4,32239720,1,False,True,False,5563,,,
flu_like,0,1000,4,32261759,1,False,True,False,10776,,,
flu_like,0,1000,4,32395712,1,False,True,True,9814,602.0,595.0,True
flu_like,0,1000,4,32415176,2,False,True,False,5475,,,
flu_like,0,1000,4,32422991,1,False,True,False,8827,,,
flu_like,0,1000,4,32613007,1,False,True,False,10048,,,
flu_like,0,1000,4,32769227,1,False,False,False,348,,,
flu_like,0,1000,4,32864770,1,False,True,False,7180,,,
flu_like,0,1000,4,32954529,1,False,True,False,9654,,,
flu_like,0,1000,4,33094945,1,False,True,True,9271,1713.0,2596.0,False
flu_like,0,1000,4,33354660,1,False,True,True,2376,2909.0,2683.0,True
flu_like,0,1000,4,33359766,1,False,False,False,11923,,,
flu_like,0,1000,4,33399998,1,False,True,False,1427,,,
flu_like,0,1000,4,33415655,1,False,True,False,5348,,,
flu_like,0,1000,4,33505722,1,False,True,False,12620,,,
flu_like,0,1000,4,33527946,1,False,False,False,12892,,,
flu_like,0,1000,4,33537802,1,False,False,False,487,,,
flu_like,0,1000,4,33543545,1,False,True,True,4316,842.0,328.0,True
flu_like,0,1000,4,33698948,1,False,True,False,8864,,,
flu_like,0,1000,4,33728486,1,False,True,False,10914,,,
flu_like,0,1000,4,33728751,1,False,True,False,9516,,,
flu_like,0,1000,4,33836178,1,False,True,False,3575,,,
flu_like,0,1000,4,33914536,1,True,True,False,10137,,,
flu_like,0,1000,4,33978376,1,False,True,False,8209,,,
flu_like,0,1000,4,33997794,1,False,False,False,12027,,,
flu_like,0,1000,4,34091241,1,False,True,False,1633,,,
flu_like,0,1000,4,34122165,1,False,True,False,11386,,,
flu_like,0,1000,4,34187827,2,False,True,False,2492,,,
flu_like,0,1000,4,34268691,1,False,True,False,6422,,,
flu_like,0,1000,4,34272149,1,False,True,False,1195,,,
flu_like,0,1000,4,34338834,1,False,True,False,12412,,,
flu_like,0,1000,4,34357501,1,False,True,False,11132,,,
flu_like,0,1000,4,34418700,1,False,True,False,11035,,,
flu_like,0,1000,4,34527700,1,False,True,False,4376,,,
flu_like,0,1000,4,34639013,1,False,False,False,12392,,,
flu_like,0,1000,4,34645991,1,False,True,False,9088,,,
flu_like,0,1000,4,34699300,1,False,True,False,8335,,,
flu_like,0,1000,4,34721252,1,False,True,False,5101,,,
flu_like,0,1000,4,35024166,1,False,True,False,4426,,,
flu_like,0,1000,4,35068210,1,False,True,False,1960,,,
flu_like,0,1000,4,35262066,1,False,True,True,8084,1139.0,449.0,True
flu_like,0,1000,4,35289495,1,False,True,True,8694,3386.0,678.0,True
flu_like,0,1000,4,35326691,1,False,True,False,3045,,,
flu_like,0,1000,4,35351714,1,False,True,False,2472,,,
flu_like,0,1000,4,35387051,1,False,True,False,10556,,,
flu_like,0,1000,4,35412112,1,False,True,False,1652,,,
flu_like,0,1000,4,35720611,1,False,True,True,11001,1819.0,20.0,True
flu_like,0,1000,4,35735423,1,False,True,False,9158,,,
flu_like,0,1000,4,35804215,1,False,True,False,11590,,,
flu_like,0,1000,4,35915852,1,False,True,True,11103,311.0,230.0,True
flu_like,0,1000,4,35924701,1,False,False,False,12952,,,
flu_like,0,1000,4,35957366,1,False,True,False,10448,,,
flu_like,0,1000,4,35989185,1,False,True,False,9251,,,
flu_like,0,1000,4,36026629,1,False,True,False,674,,,
flu_like,0,1000,4,36107500,1,False,True,False,5518,,,
flu_like,0,1000,4,36192040,1,False,False,False,12886,,,
flu_like,0,1000,4,36199970,1,False,True,False,5980,,,
flu_like,0,1000,4,36512891,1,False,True,False,1115,,,
flu_like,0,1000,4,36707144,1,False,True,False,1973,,,
flu_like,0,1000,4,36712148,1,False,True,False,599,,,
flu_like,0,1000,4,36784347,1,False,True,False,3023,,,
flu_like,0,1000,4,36797768,1,False,True,False,7235,,,
flu_like,0,1000,4,37109811,1,False,True,True,7702,869.0,66.0,True
flu_like,0,1000,4,37125627,1,False,True,False,8733,,,
flu_like,0,1000,4,37211771,1,False,True,False,2959,,,
flu_like,0,1000,4,37234935,2,False,True,False,4612,,,
flu_like,0,1000,4,37442163,1,False,True,False,12724,,,
flu_like,0,1000,4,37482812,1,False,True,False,7311,,,
flu_like,0,1000,4,37508521,1,False,True,False,3364,,,
flu_like,0,1000,4,37596081,1,False,True,False,2511,,,
flu_like,0,1000,4,37608399,1,False,True,False,6136,,,
flu_like,0,1000,4,37795339,1,False,False,False,12786,,,
flu_like,0,1000,4,37810803,1,False,True,False,2716,,,
flu_like,0,1000,4,37856007,1,True,True,False,6532,,,
flu_like,0,1000,4,37932576,1,False,True,False,6945,,,
flu_like,0,1000,4,37995046,1,False,True,False,8683,,,
flu_like,0,1000,4,38115383,1,False,True,False,11765,,,
flu_like,0,1000,4,38179713,1,False,True,False,2096,,,
flu_like,0,1000,4,38182633,1,False,True,False,3860,,,
flu_like,0,1000,4,38467191,1,False,True,False,12512,,,
flu_like,0,1000,4,38469561,1,False,True,True,7878,365.0,2069.0,False
flu_like,0,1000,4,38572117,1,False,False,False,180,,,
flu_like,0,1000,4,38724791,1,False,True,False,5285,,,
flu_like,0,1000,4,38780551,1,False,True,False,11003,,,
flu_like,0,1000,4,38974546,1,False,True,True,9690,1450.0,-801.0,False
flu_like,0,1000,4,39212261,2,False,True,False,10261,,,
flu_like,0,1000,4,39364126,1,False,True,False,5218,,,
flu_like,0,1000,4,39448611,1,True,True,False,10236,,,
flu_like,0,1000,4,39471572,1,False,True,True,6865,650.0,945.0,False
flu_like,0,1000,4,39507908,1,False,True,True,11584,802.0,339.0,True
flu_like,0,1000,4,39632309,1,False,True,False,1765,,,
flu_like,0,1000,4,39777261,1,False,True,True,7161,1871.0,1574.0,True
flu_like,0,1000,4,39847555,1,False,True,False,7340,,,
flu_like,0,1000,4,39928554,1,False,True,False,1568,,,
flu_like,0,1000,4,40348575,1,False,True,False,9298,,,
flu_like,0,1000,4,40362972,1,False,True,False,5151,,,
flu_like,0,1000,4,40468174,1,False,True,False,11681,,,
flu_like,0,1000,4,40722077,1,False,True,False,2254,,,
flu_like,0,1000,4,40783518,1,False,True,False,2379,,,
flu_like,0,1000,4,40815415,1,False,True,False,8336,,,
flu_like,0,1000,4,41018268,1,False,False,False,745,,,
flu_like,0,1000,4,41172006,1,False,True,False,5010,,,
flu_like,0,1000,4,41182248,1,False,True,False,9266,,,
flu_like,0,1000,4,41263084,1,False,True,False,4481,,,
flu_like,0,1000,4,41275933,1,False,True,False,2153,,,
flu_like,0,1000,4,41322434,1,False,True,False,1460,,,
flu_like,0,1000,4,41950564,1,False,True,False,11619,,,
flu_like,0,1000,4,42106721,1,False,True,True,10467,1778.0,424.0,True
flu_like,0,1000,4,42232448,1,False,True,False,3221,,,
flu_like,0,1000,4,42427171,1,False,True,False,647,,,
flu_like,0,1000,4,42506350,1,False,True,False,2088,,,
flu_like,0,1000,4,42543466,1,False,True,False,11174,,,
flu_like,0,1000,4,42569020,1,False,True,True,7876,1869.0,857.0,True
flu_like,0,1000,4,42586070,1,True,True,False,2448,,,
flu_like,0,1000,4,42813972,1,True,True,False,11617,,,
flu_like,0,1000,4,42947736,1,False,True,False,5062,,,
flu_like,0,1000,4,42956553,1,False,True,False,9885,,,
flu_like,0,1000,4,43060048,1,False,True,False,9490,,,
flu_like,0,1000,4,43154407,1,False,True,False,2707,,,
flu_like,0,1000,4,43235109,1,False,True,False,8670,,,
flu_like,0,1000,4,43304203,1,False,True,False,5182,,,
flu_like,0,1000,4,43457913,1,False,True,True,9390,1185.0,450.0,True
flu_like,0,1000,4,43507876,1,False,True,False,2040,,,
flu_like,0,1000,4,43691888,1,True,True,False,9463,,,
flu_like,0,1000,4,43745311,1,False,True,False,9047,,,
flu_like,0,1000,4,44149794,1,False,True,False,9776,,,
flu_like,0,1000,4,44182515,1,False,True,False,11593,,,
flu_like,0,1000,4,44555302,1,False,True,False,7818,,,
flu_like,0,1000,4,44763330,1,False,False,False,239,,,
flu_like,0,1000,4,44847725,1,False,True,False,9523,,,
flu_like,0,1000,4,44890566,2,False,True,False,2881,,,
flu_like,0,1000,4,44965313,1,False,True,False,4166,,,
flu_like,0,1000,4,45127273,1,False,True,True,7870,1637.0,631.0,True
flu_like,0,1000,4,45152793,1,True,True,True,4202,197.0,-519.0,False
flu_like,0,1000,4,45153213,1,False,True,False,11333,,,
flu_like,0,1000,4,45207752,1,False,True,False,1454,,,
flu_like,0,1000,4,45752399,1,False,True,False,7474,,,
flu_like,0,1000,4,46149498,1,False,True,False,3335,,,
flu_like,0,1000,4,46260042,1,False,True,True,8905,798.0,676.0,True
flu_like,0,1000,4,46602981,1,False,True,False,5465,,,
flu_like,0,1000,4,47179734,1,True,True,False,497,,,
flu_like,0,1000,4,47223115,1,False,True,False,10508,,,
flu_like,0,1000,4,47401823,1,False,True,False,12555,,,
flu_like,0,1000,4,47475346,1,False,False,False,472,,,
flu_like,0,1000,4,47984860,1,False,True,False,9782,,,
flu_like,0,1000,4,48239588,1,False,True,False,5636,,,
flu_like,0,1000,4,48441773,1,True,True,False,4484,,,
flu_like,0,1000,4,48521778,1,False,True,False,8810,,,
flu_like,0,1000,4,48738082,1,False,True,False,10925,,,
flu_like,0,1000,4,48859604,1,False,True,False,1859,,,
flu_like,0,1000,4,48871859,1,False,True,False,7063,,,
flu_like,0,1000,4,49184605,1,False,True,True,4272,6836.0,5334.0,True
flu_like,0,1000,4,49362208,1,False,True,False,1561,,,
flu_like,0,1000,4,49717475,1,False,True,False,728,,,
flu_like,0,1000,4,49794975,1,False,True,False,6043,,,
flu_like,0,1000,4,49905615,1,False,True,False,8116,,,
flu_like,0,1000,4,49927182,1,True,True,False,5027,,,
flu_like,0,1000,4,50147696,1,True,False,False,64,,,
flu_like,0,1000,4,50718731,1,True,True,False,12946,,,
flu_like,0,1000,4,50890808,1,False,True,False,9953,,,
flu_like,0,1000,4,51099967,1,False,True,False,5851,,,
flu_like,0,1000,4,51411048,1,False,True,False,11728,,,
flu_like,0,1000,4,51825695,1,True,False,False,12954,,,
flu_like,0,1000,4,52018052,1,False,True,False,12273,,,
flu_like,0,1000,4,52602396,1,False,True,False,2033,,,
flu_like,0,1000,4,52906385,1,True,False,False,1567,,,
flu_like,0,1000,4,53992697,1,True,True,True,10816,367.0,205.0,True
flu_like,0,1000,5,2386,1,True,False,False,4691,,,
flu_like,0,1000,5,7276,1,True,True,False,4801,,,
flu_like,0,1000,5,7563,1,False,False,False,2483,,,
flu_like,0,1000,5,10348,58,False,True,False,10991,,,
flu_like,0,1000,5,10841,15,False,True,False,5801,,,
flu_like,0,1000,5,11744,1,True,True,False,11512,,,
flu_like,0,1000,5,16636,12,False,True,False,8330,,,
flu_like,0,1000,5,19707,1,False,False,False,322,,,
flu_like,0,1000,5,19773,1,True,True,False,11754,,,
flu_like,0,1000,5,19848,2,False,True,False,7723,,,
flu_like,0,1000,5,27102,1,True,False,False,3227,,,
flu_like,0,1000,5,27920,1,False,True,False,7903,,,
flu_like,0,1000,5,31100,4,False,True,False,2154,,,
flu_like,0,1000,5,31757,7,False,False,False,4512,,,
flu_like,0,1000,5,34288,1,True,True,False,750,,,
flu_like,0,1000,5,42512,15,False,True,False,3874,,,
flu_like,0,1000,5,43244,4,False,True,False,8885,,,
flu_like,0,1000,5,48867,16,False,True,False,5310,,,
flu_like,0,1000,5,53200,1,False,True,False,11682,,,
flu_like,0,1000,5,54667,12,False,True,False,8265,,,
flu_like,0,1000,5,54898,4,False,True,False,9368,,,
flu_like,0,1000,5,57097,19,False,True,False,92,,,
flu_like,0,1000,5,57185,1,False,True,False,3756,,,
flu_like,0,1000,5,57355,26,False,True,False,5110,,,
flu_like,0,1000,5,57540,1,True,True,False,11742,,,
flu_like,0,1000,5,58944,23,False,False,False,12280,,,
flu_like,0,1000,5,62076,15,False,True,False,11303,,,
flu_like,0,1000,5,64984,14,False,True,False,3934,,,
flu_like,0,1000,5,67700,8,False,True,False,10452,,,
flu_like,0,1000,5,69926,4,False,True,False,6259,,,
flu_like,0,1000,5,71457,2,False,True,False,8087,,,
flu_like,0,1000,5,74451,12,False,True,False,12541,,,
flu_like,0,1000,5,77100,1,False,True,False,9346,,,
flu_like,0,1000,5,80295,5,False,True,False,11447,,,
flu_like,0,1000,5,82058,2,False,True,False,12000,,,
flu_like,0,1000,5,86398,3,False,True,False,2699,,,
flu_like,0,1000,5,88410,17,False,True,False,7144,,,
flu_like,0,1000,5,88969,9,False,True,False,2822,,,
flu_like,0,1000,5,89785,7,False,True,False,4813,,,
flu_like,0,1000,5,96858,4,False,True,False,6575,,,
flu_like,0,1000,5,100252,1,False,False,False,9012,,,
flu_like,0,1000,5,104375,1,True,True,False,10501,,,
flu_like,0,1000,5,109740,7,False,True,False,12406,,,
flu_like,0,1000,5,119671,2,False,True,False,10824,,,
flu_like,0,1000,5,120450,1,False,True,False,7741,,,
flu_like,0,1000,5,129658,10,False,True,False,5851,,,
flu_like,0,1000,5,132636,3,False,True,False,12659,,,
flu_like,0,1000,5,136485,2,False,True,False,9705,,,
flu_like,0,1000,5,139567,18,False,True,False,11785,,,
flu_like,0,1000,5,142154,5,False,True,False,7267,,,
flu_like,0,1000,5,142390,1,False,True,False,12157,,,
flu_like,0,1000,5,146802,2,False,False,False,1720,,,
flu_like,0,1000,5,147732,5,False,True,False,7288,,,
flu_like,0,1000,5,148967,2,False,True,False,10622,,,
flu_like,0,1000,5,153821,2,False,True,False,4243,,,
flu_like,0,1000,5,156921,2,False,True,False,3555,,,
flu_like,0,1000,5,162061,1,False,True,False,11303,,,
flu_like,0,1000,5,162618,2,False,True,False,5573,,,
flu_like,0,1000,5,162663,2,False,False,False,919,,,
flu_like,0,1000,5,164365,2,False,False,False,12602,,,
flu_like,0,1000,5,166086,4,False,True,False,12470,,,
flu_like,0,1000,5,167311,1,False,False,False,1314,,,
flu_like,0,1000,5,167757,2,False,True,False,8299,,,
flu_like,0,1000,5,169280,6,False,True,False,11654,,,
flu_like,0,1000,5,177228,4,False,True,False,4358,,,
flu_like,0,1000,5,178735,1,False,False,False,10857,,,
flu_like,0,1000,5,181739,1,False,True,False,11733,,,
flu_like,0,1000,5,185185,6,False,True,False,8654,,,
flu_like,0,1000,5,188823,5,False,True,False,5236,,,
flu_like,0,1000,5,190263,12,False,False,False,707,,,
flu_like,0,1000,5,196328,1,False,False,False,992,,,
flu_like,0,1000,5,206083,1,False,True,False,1933,,,
flu_like,0,1000,5,207203,2,False,True,False,7485,,,
flu_like,0,1000,5,212811,3,False,False,False,214,,,
flu_like,0,1000,5,216111,9,False,True,False,5483,,,
flu_like,0,1000,5,217245,1,False,False,False,12436,,,
flu_like,0,1000,5,217823,1,False,True,False,2807,,,
flu_like,0,1000,5,222223,1,True,True,False,6759,,,
flu_like,0,1000,5,227020,1,False,True,False,2891,,,
flu_like,0,1000,5,227537,3,False,True,False,9532,,,
flu_like,0,1000,5,239568,1,False,True,False,1005,,,
flu_like,0,1000,5,242544,2,False,False,False,829,,,
flu_like,0,1000,5,244127,2,False,True,False,6473,,,
flu_like,0,1000,5,256376,1,False,True,False,5769,,,
flu_like,0,1000,5,259263,1,False,True,False,5034,,,
flu_like,0,1000,5,262999,4,False,True,False,11402,,,
flu_like,0,1000,5,263749,2,False,False,False,8991,,,
flu_like,0,1000,5,277797,3,False,True,False,4257,,,
flu_like,0,1000,5,291882,2,False,True,False,988,,,
flu_like,0,1000,5,295092,2,False,True,False,5554,,,
flu_like,0,1000,5,295356,1,False,True,False,10274,,,
flu_like,0,1000,5,296814,2,False,True,False,4685,,,
flu_like,0,1000,5,297002,1,False,True,False,4241,,,
flu_like,0,1000,5,302604,1,False,True,False,3665,,,
flu_like,0,1000,5,307720,1,False,True,False,12292,,,
flu_like,0,1000,5,317282,2,False,False,False,8882,,,
flu_like,0,1000,5,323358,6,False,False,False,586,,,
flu_like,0,1000,5,328239,6,False,True,False,3701,,,
flu_like,0,1000,5,334138,2,False,True,False,6597,,,
flu_like,0,1000,5,337391,2,False,True,False,7926,,,
flu_like,0,1000,5,339323,1,False,True,False,1139,,,
flu_like,0,1000,5,340307,1,False,False,False,1185,,,
flu_like,0,1000,5,360840,1,True,True,False,2715,,,
flu_like,0,1000,5,361101,1,True,True,False,8330,,,
flu_like,0,1000,5,362425,2,False,True,False,10783,,,
flu_like,0,1000,5,368886,1,False,True,False,3278,,,
flu_like,0,1000,5,374323,1,True,False,False,3442,,,
flu_like,0,1000,5,374653,1,False,True,False,10970,,,
flu_like,0,1000,5,379513,1,True,True,False,2798,,,
flu_like,0,1000,5,381587,1,False,True,False,824,,,
flu_like,0,1000,5,392451,5,False,True,True,6810,2555.0,2549.0,True
flu_like,0,1000,5,393759,2,False,True,False,3452,,,
flu_like,0,1000,5,396739,3,False,True,False,10051,,,
flu_like,0,1000,5,413591,1,False,True,False,2615,,,
flu_like,0,1000,5,414713,1,False,True,False,8438,,,
flu_like,0,1000,5,417225,4,False,True,False,10191,,,
flu_like,0,1000,5,418673,3,False,True,False,8015,,,
flu_like,0,1000,5,425701,1,False,False,False,5273,,,
flu_like,0,1000,5,427688,1,False,True,False,8218,,,
flu_like,0,1000,5,428572,2,False,False,False,12090,,,
flu_like,0,1000,5,431011,1,False,True,False,8566,,,
flu_like,0,1000,5,433361,5,False,True,False,2885,,,
flu_like,0,1000,5,453428,2,False,False,False,12489,,,
flu_like,0,1000,5,457021,1,False,True,False,5001,,,
flu_like,0,1000,5,463070,6,False,False,False,12106,,,
flu_like,0,1000,5,464604,1,False,False,False,1061,,,
flu_like,0,1000,5,467961,7,False,True,False,7741,,,
flu_like,0,1000,5,471594,2,False,False,False,12958,,,
flu_like,0,1000,5,483525,8,False,True,False,6209,,,
flu_like,0,1000,5,488551,1,False,True,False,2809,,,
flu_like,0,1000,5,488605,6,False,True,False,5788,,,
flu_like,0,1000,5,494405,2,False,True,False,6556,,,
flu_like,0,1000,5,497055,8,False,True,False,6878,,,
flu_like,0,1000,5,505845,2,False,True,False,7108,,,
flu_like,0,1000,5,520612,5,False,True,False,1477,,,
flu_like,0,1000,5,521686,1,False,True,False,9687,,,
flu_like,0,1000,5,523230,5,False,True,False,1215,,,
flu_like,0,1000,5,524012,1,False,True,False,5378,,,
flu_like,0,1000,5,534173,5,False,False,False,12783,,,
flu_like,0,1000,5,540349,1,False,True,False,4081,,,
flu_like,0,1000,5,545632,1,True,True,False,9107,,,
flu_like,0,1000,5,549465,8,False,True,False,6711,,,
flu_like,0,1000,5,551955,2,False,False,False,12313,,,
flu_like,0,1000,5,559342,3,False,False,False,878,,,
flu_like,0,1000,5,562000,1,False,True,False,7328,,,
flu_like,0,1000,5,591244,1,False,True,False,7936,,,
flu_like,0,1000,5,595302,1,False,True,False,3962,,,
flu_like,0,1000,5,606817,1,False,True,False,7531,,,
flu_like,0,1000,5,607672,2,False,True,False,2200,,,
flu_like,0,1000,5,612373,1,False,True,False,3762,,,
flu_like,0,1000,5,618356,1,False,True,False,10386,,,
flu_like,0,1000,5,642385,1,False,True,False,10261,,,
flu_like,0,1000,5,644129,2,False,True,False,8398,,,
flu_like,0,1000,5,644892,1,False,True,False,8622,,,
flu_like,0,1000,5,660042,1,True,True,False,4321,,,
flu_like,0,1000,5,661510,1,False,True,False,9653,,,
flu_like,0,1000,5,677106,1,False,False,False,12703,,,
flu_like,0,1000,5,680316,5,False,True,False,11101,,,
flu_like,0,1000,5,691559,1,True,True,False,7978,,,
flu_like,0,1000,5,702017,5,False,True,False,5697,,,
flu_like,0,1000,5,702085,2,False,False,False,738,,,
flu_like,0,1000,5,709175,4,False,True,False,1507,,,
flu_like,0,1000,5,721302,1,False,True,False,6862,,,
flu_like,0,1000,5,724131,1,False,True,False,11480,,,
flu_like,0,1000,5,725748,3,False,True,False,11879,,,
flu_like,0,1000,5,736867,1,False,True,False,723,,,
flu_like,0,1000,5,736916,2,False,True,False,923,,,
flu_like,0,1000,5,778727,1,False,True,False,4015,,,
flu_like,0,1000,5,782767,1,False,True,False,1797,,,
flu_like,0,1000,5,817904,1,False,False,False,12975,,,
flu_like,0,1000,5,828812,1,False,False,False,11581,,,
flu_like,0,1000,5,842418,2,False,True,False,10760,,,
flu_like,0,1000,5,858842,3,False,True,False,1309,,,
flu_like,0,1000,5,874430,3,False,True,False,1366,,,
flu_like,0,1000,5,888410,2,False,True,False,4865,,,
flu_like,0,1000,5,898333,1,False,True,False,4198,,,
flu_like,0,1000,5,905093,1,True,True,False,8670,,,
flu_like,0,1000,5,917151,2,False,True,False,4352,,,
flu_like,0,1000,5,961818,1,False,True,False,10862,,,
flu_like,0,1000,5,976948,1,False,True,False,12478,,,
flu_like,0,1000,5,1009204,2,False,False,False,9118,,,
flu_like,0,1000,5,1024022,1,False,True,False,2611,,,
flu_like,0,1000,5,1028729,1,True,True,False,1410,,,
flu_like,0,1000,5,1035995,1,False,False,False,997,,,
flu_like,0,1000,5,1039803,1,False,True,False,1213,,,
flu_like,0,1000,5,1056279,1,False,True,False,11404,,,
flu_like,0,1000,5,1078232,3,False,True,False,12150,,,
flu_like,0,1000,5,1078870,1,False,True,False,8798,,,
flu_like,0,1000,5,1105717,2,False,True,False,5338,,,
flu_like,0,1000,5,1112544,1,False,True,False,1053,,,
flu_like,0,1000,5,1132450,1,False,True,False,11563,,,
flu_like,0,1000,5,1133795,1,False,True,False,1973,,,
flu_like,0,1000,5,1146306,2,False,True,False,10464,,,
flu_like,0,1000,5,1169529,1,False,True,False,4175,,,
flu_like,0,1000,5,1226137,1,False,False,False,3525,,,
flu_like,0,1000,5,1295949,2,False,True,False,7477,,,
flu_like,0,1000,5,1304346,1,False,True,False,6767,,,
flu_like,0,1000,5,1324796,1,True,True,False,10782,,,
flu_like,0,1000,5,1329806,1,False,True,False,6584,,,
flu_like,0,1000,5,1333078,1,False,True,False,10327,,,
flu_like,0,1000,5,1337793,1,False,True,False,5774,,,
flu_like,0,1000,5,1372858,5,False,True,False,6806,,,
flu_like,0,1000,5,1399184,3,False,True,False,2860,,,
flu_like,0,1000,5,1423371,4,False,True,False,2524,,,
flu_like,0,1000,5,1427239,1,False,True,False,6901,,,
flu_like,0,1000,5,1457750,1,True,True,False,9150,,,
flu_like,0,1000,5,1463514,1,False,True,False,10301,,,
flu_like,0,1000,5,1479777,2,False,True,False,6539,,,
flu_like,0,1000,5,1482309,1,False,True,False,9279,,,
flu_like,0,1000,5,1487077,2,False,True,False,6113,,,
flu_like,0,1000,5,1497812,1,False,True,False,2859,,,
flu_like,0,1000,5,1499176,1,False,True,False,4749,,,
flu_like,0,1000,5,1569894,1,False,False,False,12857,,,
flu_like,0,1000,5,1575847,1,False,True,False,6767,,,
flu_like,0,1000,5,1588422,1,False,True,False,6498,,,
flu_like,0,1000,5,1604663,1,False,True,False,3134,,,
flu_like,0,1000,5,1612936,1,False,True,False,11043,,,
flu_like,0,1000,5,1669396,2,False,False,False,436,,,
flu_like,0,1000,5,1739933,1,False,True,False,5310,,,
flu_like,0,1000,5,1746524,1,False,True,False,1665,,,
flu_like,0,1000,5,1747924,1,False,True,False,5928,,,
flu_like,0,1000,5,1791296,1,False,True,False,1300,,,
flu_like,0,1000,5,1825431,1,False,True,False,5617,,,
flu_like,0,1000,5,1873021,1,False,True,False,2274,,,
flu_like,0,1000,5,1889257,2,False,True,False,10767,,,
flu_like,0,1000,5,1903094,1,False,True,False,7454,,,
flu_like,0,1000,5,1910132,1,False,False,False,658,,,
flu_like,0,1000,5,1920594,2,False,True,False,11602,,,
flu_like,0,1000,5,1968621,2,False,True,False,7583,,,
flu_like,0,1000,5,1970666,1,False,True,False,9867,,,
flu_like,0,1000,5,2012474,2,False,False,False,12113,,,
flu_like,0,1000,5,2045745,1,True,True,False,12138,,,
flu_like,0,1000,5,2101150,2,False,True,False,6504,,,
flu_like,0,1000,5,2116163,1,False,True,False,2211,,,
flu_like,0,1000,5,2123525,1,False,True,False,2863,,,
flu_like,0,1000,5,2151716,1,False,False,False,12187,,,
flu_like,0,1000,5,2154704,2,False,True,False,8157,,,
flu_like,0,1000,5,2159654,1,False,False,False,12701,,,
flu_like,0,1000,5,2205446,1,False,True,False,835,,,
flu_like,0,1000,5,2239790,1,True,True,False,2833,,,
flu_like,0,1000,5,2259037,1,False,True,False,9726,,,
flu_like,0,1000,5,2265425,1,False,True,False,11223,,,
flu_like,0,1000,5,2268653,1,False,False,False,1831,,,
flu_like,0,1000,5,2358315,1,False,True,False,2814,,,
flu_like,0,1000,5,2358868,1,False,True,False,11715,,,
flu_like,0,1000,5,2385288,1,False,True,False,8746,,,
flu_like,0,1000,5,2394186,1,True,True,False,8538,,,
flu_like,0,1000,5,2428906,2,False,True,False,5536,,,
flu_like,0,1000,5,2455561,1,False,True,False,7823,,,
flu_like,0,1000,5,2471133,2,False,True,False,9557,,,
flu_like,0,1000,5,2508964,1,False,True,False,4895,,,
flu_like,0,1000,5,2602273,1,False,True,False,9084,,,
flu_like,0,1000,5,2641227,1,False,True,False,9547,,,
flu_like,0,1000,5,2642730,2,False,True,False,5512,,,
flu_like,0,1000,5,2692934,1,False,True,False,4905,,,
flu_like,0,1000,5,2823101,1,False,True,False,10043,,,
flu_like,0,1000,5,2838073,1,False,True,False,10484,,,
flu_like,0,1000,5,2853809,1,False,True,False,6619,,,
flu_like,0,1000,5,2910915,1,False,False,False,453,,,
flu_like,0,1000,5,2918617,1,False,True,False,2519,,,
flu_like,0,1000,5,2946466,2,False,False,False,392,,,
flu_like,0,1000,5,2961800,1,False,True,False,6702,,,
flu_like,0,1000,5,2969538,1,False,True,False,6288,,,
flu_like,0,1000,5,2971708,2,False,True,False,1230,,,
flu_like,0,1000,5,3031332,1,False,True,False,8574,,,
flu_like,0,1000,5,3034417,2,False,True,False,1417,,,
flu_like,0,1000,5,3072447,1,False,False,False,1198,,,
flu_like,0,1000,5,3094277,1,False,False,False,6117,,,
flu_like,0,1000,5,3170518,1,False,True,False,11720,,,
flu_like,0,1000,5,3245855,1,False,True,False,6683,,,
flu_like,0,1000,5,3250025,2,False,True,False,1751,,,
flu_like,0,1000,5,3258636,1,False,True,False,10043,,,
flu_like,0,1000,5,3261428,2,False,True,False,2893,,,
flu_like,0,1000,5,3271011,2,False,True,False,8256,,,
flu_like,0,1000,5,3272249,1,False,True,False,10098,,,
flu_like,0,1000,5,3400112,2,False,False,False,2553,,,
flu_like,0,1000,5,3479228,4,False,True,False,5672,,,
flu_like,0,1000,5,3527871,1,False,True,False,6197,,,
flu_like,0,1000,5,3629532,1,False,False,False,1061,,,
flu_like,0,1000,5,3651438,1,False,True,False,12001,,,
flu_like,0,1000,5,3666066,1,False,True,True,6008,2101.0,223.0,True
flu_like,0,1000,5,3724066,1,False,True,False,7715,,,
flu_like,0,1000,5,3737029,2,False,False,False,12647,,,
flu_like,0,1000,5,3785673,1,False,True,False,7609,,,
flu_like,0,1000,5,3788033,1,False,False,False,12359,,,
flu_like,0,1000,5,3806770,1,False,False,False,11286,,,
flu_like,0,1000,5,3846504,1,False,True,False,6297,,,
flu_like,0,1000,5,3973476,2,False,True,False,6606,,,
flu_like,0,1000,5,3983715,1,False,True,False,3081,,,
flu_like,0,1000,5,3994943,2,False,True,False,6542,,,
flu_like,0,1000,5,3995612,1,False,True,False,11019,,,
flu_like,0,1000,5,4015168,1,False,True,False,12010,,,
flu_like,0,1000,5,4124271,1,False,False,False,11867,,,
flu_like,0,1000,5,4192284,1,False,True,False,9874,,,
flu_like,0,1000,5,4208985,3,False,True,False,7738,,,
flu_like,0,1000,5,4215463,1,False,True,False,10671,,,
flu_like,0,1000,5,4234546,1,False,True,False,11355,,,
flu_like,0,1000,5,4344519,2,False,True,False,7475,,,
flu_like,0,1000,5,4415630,1,False,True,False,1259,,,
flu_like,0,1000,5,4568407,1,False,True,False,11919,,,
flu_like,0,1000,5,4583238,1,False,False,False,113,,,
flu_like,0,1000,5,4589348,1,False,True,False,8389,,,
flu_like,0,1000,5,4792519,1,False,True,False,2758,,,
flu_like,0,1000,5,4825299,3,False,True,False,10081,,,
flu_like,0,1000,5,5041923,1,False,True,False,4940,,,
flu_like,0,1000,5,5063478,1,False,True,False,4007,,,
flu_like,0,1000,5,5162626,1,False,True,False,12513,,,
flu_like,0,1000,5,5219974,3,False,False,False,454,,,
flu_like,0,1000,5,5222685,1,False,True,False,5505,,,
flu_like,0,1000,5,5225866,2,False,True,False,11180,,,
flu_like,0,1000,5,5269613,1,False,True,False,9396,,,
flu_like,0,1000,5,5298829,2,False,False,False,12122,,,
flu_like,0,1000,5,5307466,1,False,True,False,6479,,,
flu_like,0,1000,5,5380201,2,False,True,False,4344,,,
flu_like,0,1000,5,5420624,1,False,True,False,3461,,,
flu_like,0,1000,5,5474311,2,False,False,False,1107,,,
flu_like,0,1000,5,5671187,2,False,True,False,11510,,,
flu_like,0,1000,5,5673860,2,False,True,False,7650,,,
flu_like,0,1000,5,5678428,1,False,True,False,10757,,,
flu_like,0,1000,5,5806480,1,False,False,False,11528,,,
flu_like,0,1000,5,5830773,2,False,True,False,5742,,,
flu_like,0,1000,5,5849024,2,False,False,False,12050,,,
flu_like,0,1000,5,5878970,1,False,True,False,8482,,,
flu_like,0,1000,5,5914750,2,False,True,False,11278,,,
flu_like,0,1000,5,5946975,2,False,True,False,10786,,,
flu_like,0,1000,5,6026492,1,False,False,False,31,,,
flu_like,0,1000,5,6051087,1,False,True,False,11806,,,
flu_like,0,1000,5,6064151,1,False,True,False,8273,,,
flu_like,0,1000,5,6157814,1,False,True,False,9207,,,
flu_like,0,1000,5,6179041,1,False,True,False,3131,,,
flu_like,0,1000,5,6197953,1,False,False,False,5,,,
flu_like,0,1000,5,6242061,1,False,True,False,1348,,,
flu_like,0,1000,5,6320107,3,False,True,False,10077,,,
flu_like,0,1000,5,6357879,1,False,True,False,3703,,,
flu_like,0,1000,5,6377875,1,False,True,False,3951,,,
flu_like,0,1000,5,6382656,1,False,True,False,2209,,,
flu_like,0,1000,5,6408307,1,False,False,False,11555,,,
flu_like,0,1000,5,6458178,2,False,True,False,10013,,,
flu_like,0,1000,5,6513568,1,False,True,False,7747,,,
flu_like,0,1000,5,6546875,1,False,False,False,4779,,,
flu_like,0,1000,5,6601776,3,False,True,False,5748,,,
flu_like,0,1000,5,6617182,1,False,True,False,12254,,,
flu_like,0,1000,5,6655198,3,False,False,False,11652,,,
flu_like,0,1000,5,6694810,1,False,True,False,6161,,,
flu_like,0,1000,5,6697872,1,False,True,False,9132,,,
flu_like,0,1000,5,6731131,1,False,True,False,11805,,,
flu_like,0,1000,5,6748422,1,False,False,False,6167,,,
flu_like,0,1000,5,6777135,1,False,True,False,2983,,,
flu_like,0,1000,5,6805690,1,False,True,False,12161,,,
flu_like,0,1000,5,6819514,1,False,True,False,4657,,,
flu_like,0,1000,5,6827478,1,False,True,False,1947,,,
flu_like,0,1000,5,6869596,1,False,True,False,6587,,,
flu_like,0,1000,5,6923903,1,False,True,False,4520,,,
flu_like,0,1000,5,6950161,1,False,True,False,4993,,,
flu_like,0,1000,5,7022912,1,False,True,False,9088,,,
flu_like,0,1000,5,7038341,2,False,False,False,1595,,,
flu_like,0,1000,5,7106739,1,False,True,False,7999,,,
flu_like,0,1000,5,7118288,1,False,True,False,2272,,,
flu_like,0,1000,5,7295613,1,False,False,False,83,,,
flu_like,0,1000,5,7300695,1,False,False,False,47,,,
flu_like,0,1000,5,7375489,1,False,True,False,7926,,,
flu_like,0,1000,5,7390569,2,False,True,False,2231,,,
flu_like,0,1000,5,7422363,1,False,True,False,9947,,,
flu_like,0,1000,5,7474948,1,False,True,False,5151,,,
flu_like,0,1000,5,7519693,1,False,True,False,6430,,,
flu_like,0,1000,5,7545326,1,False,True,False,11647,,,
flu_like,0,1000,5,7553166,1,False,True,False,11837,,,
flu_like,0,1000,5,7553392,1,False,True,False,6265,,,
flu_like,0,1000,5,7639002,2,False,True,False,7110,,,
flu_like,0,1000,5,7640663,1,False,True,False,5226,,,
flu_like,0,1000,5,7680106,1,False,True,False,7480,,,
flu_like,0,1000,5,7708133,1,False,True,False,6806,,,
flu_like,0,1000,5,7749308,1,False,False,False,8688,,,
flu_like,0,1000,5,7773248,1,False,True,False,10167,,,
flu_like,0,1000,5,7873647,1,False,True,False,1434,,,
flu_like,0,1000,5,7881890,2,False,True,False,5969,,,
flu_like,0,1000,5,7884597,1,False,False,False,342,,,
flu_like,0,1000,5,7913006,1,False,True,False,5237,,,
flu_like,0,1000,5,8008102,1,False,True,False,9538,,,
flu_like,0,1000,5,8093467,1,True,True,False,4345,,,
flu_like,0,1000,5,8126816,3,False,True,False,6191,,,
flu_like,0,1000,5,8244682,1,False,True,False,3980,,,
flu_like,0,1000,5,8315564,4,False,True,False,4108,,,
flu_like,0,1000,5,8338294,3,False,True,False,12492,,,
flu_like,0,1000,5,8360980,2,False,False,False,1167,,,
flu_like,0,1000,5,8401607,1,False,True,False,9706,,,
flu_like,0,1000,5,8407801,1,False,True,False,4130,,,
flu_like,0,1000,5,8457086,1,False,True,False,11880,,,
flu_like,0,1000,5,8475360,1,False,True,False,2322,,,
flu_like,0,1000,5,8482269,2,False,True,True,8976,1264.0,1009.0,True
flu_like,0,1000,5,8504859,2,False,True,False,9679,,,
flu_like,0,1000,5,8506919,1,False,True,False,3118,,,
flu_like,0,1000,5,8520707,1,False,True,False,5793,,,
flu_like,0,1000,5,8523255,1,False,True,False,2488,,,
flu_like,0,1000,5,8566535,1,False,False,False,8514,,,
flu_like,0,1000,5,8572339,1,False,True,False,5114,,,
flu_like,0,1000,5,8689639,2,False,True,False,2208,,,
flu_like,0,1000,5,8716483,1,True,True,False,6534,,,
flu_like,0,1000,5,8725077,1,False,True,False,9038,,,
flu_like,0,1000,5,8752858,1,False,True,False,2585,,,
flu_like,0,1000,5,8762277,1,False,True,False,913,,,
flu_like,0,1000,5,8766346,1,False,True,False,11844,,,
flu_like,0,1000,5,8876372,1,False,True,False,6976,,,
flu_like,0,1000,5,8920205,1,False,True,False,4546,,,
flu_like,0,1000,5,8961877,1,True,False,False,505,,,
flu_like,0,1000,5,8992978,1,False,True,False,10807,,,
flu_like,0,1000,5,9095826,2,False,True,False,11067,,,
flu_like,0,1000,5,9376531,1,False,True,False,3129,,,
flu_like,0,1000,5,9431868,1,False,False,False,10993,,,
flu_like,0,1000,5,9445554,1,False,True,False,11814,,,
flu_like,0,1000,5,9527113,1,False,True,False,11527,,,
flu_like,0,1000,5,9756447,3,False,True,False,10293,,,
flu_like,0,1000,5,9769956,1,False,True,False,10245,,,
flu_like,0,1000,5,9800497,1,False,False,False,12479,,,
flu_like,0,1000,5,9814312,1,False,True,False,8839,,,
flu_like,0,1000,5,9822197,1,False,True,False,9181,,,
flu_like,0,1000,5,9825525,1,False,False,False,12053,,,
flu_like,0,1000,5,9836943,1,False,True,False,2163,,,
flu_like,0,1000,5,9854941,3,False,False,False,302,,,
flu_like,0,1000,5,9875125,1,False,True,False,9473,,,
flu_like,0,1000,5,9910195,1,False,True,False,4485,,,
flu_like,0,1000,5,9931100,1,False,True,False,2730,,,
flu_like,0,1000,5,9966010,1,False,True,False,4362,,,
flu_like,0,1000,5,10038855,1,False,True,False,3053,,,
flu_like,0,1000,5,10155433,1,False,True,False,7230,,,
flu_like,0,1000,5,10204301,1,False,True,False,8560,,,
flu_like,0,1000,5,10249021,1,False,True,False,8336,,,
flu_like,0,1000,5,10272731,3,False,True,False,4582,,,
flu_like,0,1000,5,10465025,1,False,True,True,9460,4482.0,1388.0,True
flu_like,0,1000,5,10473386,2,False,True,False,1827,,,
flu_like,0,1000,5,10495605,1,False,True,False,5960,,,
flu_like,0,1000,5,10516802,2,False,True,False,9936,,,
flu_like,0,1000,5,10585835,3,False,True,False,9050,,,
flu_like,0,1000,5,10665967,1,False,True,False,6785,,,
flu_like,0,1000,5,10685054,1,False,False,False,12736,,,
flu_like,0,1000,5,10715800,1,False,True,False,4212,,,
flu_like,0,1000,5,10791692,1,False,True,False,8676,,,
flu_like,0,1000,5,10791975,1,False,True,False,11210,,,
flu_like,0,1000,5,10907669,2,False,True,False,9941,,,
flu_like,0,1000,5,10998730,1,False,True,False,2473,,,
flu_like,0,1000,5,11044275,1,False,True,False,929,,,
flu_like,0,1000,5,11056361,2,False,True,False,11354,,,
flu_like,0,1000,5,11087902,1,False,True,False,6561,,,
flu_like,0,1000,5,11103588,1,False,True,False,10210,,,
flu_like,0,1000,5,11119266,1,False,False,False,2154,,,
flu_like,0,1000,5,11145886,1,False,True,False,7102,,,
flu_like,0,1000,5,11176225,1,False,False,False,233,,,
flu_like,0,1000,5,11214025,2,False,True,False,10223,,,
flu_like,0,1000,5,11224127,2,False,False,False,1381,,,
flu_like,0,1000,5,11260015,2,False,True,False,8073,,,
flu_like,0,1000,5,11356303,1,False,True,False,4854,,,
flu_like,0,1000,5,11396345,1,False,True,False,12790,,,
flu_like,0,1000,5,11444973,1,False,False,False,3163,,,
flu_like,0,1000,5,11483650,1,False,True,False,8215,,,
flu_like,0,1000,5,11499499,1,False,False,False,1261,,,
flu_like,0,1000,5,11566759,2,False,True,False,4229,,,
flu_like,0,1000,5,11613207,2,False,True,False,4541,,,
flu_like,0,1000,5,11663062,1,False,True,False,9188,,,
flu_like,0,1000,5,11735563,1,False,True,False,9118,,,
flu_like,0,1000,5,11755760,1,False,True,False,1459,,,
flu_like,0,1000,5,11761647,1,False,True,False,9474,,,
flu_like,0,1000,5,11766679,1,False,True,False,3113,,,
flu_like,0,1000,5,11786479,1,False,True,False,3443,,,
flu_like,0,1000,5,11863892,1,False,True,False,5598,,,
flu_like,0,1000,5,11915725,1,False,True,False,10006,,,
flu_like,0,1000,5,11959667,5,False,True,False,8476,,,
flu_like,0,1000,5,11986166,2,False,True,False,8596,,,
flu_like,0,1000,5,12025871,1,False,True,False,8345,,,
flu_like,0,1000,5,12047358,2,False,True,False,11927,,,
flu_like,0,1000,5,12198184,5,False,True,False,10866,,,
flu_like,0,1000,5,12220812,1,True,False,False,11500,,,
flu_like,0,1000,5,12223869,1,False,True,False,4914,,,
flu_like,0,1000,5,12265117,1,False,False,False,582,,,
flu_like,0,1000,5,12274594,1,False,False,False,1904,,,
flu_like,0,1000,5,12434452,1,False,True,False,4824,,,
flu_like,0,1000,5,12470077,2,False,False,False,225,,,
flu_like,0,1000,5,12477648,1,False,True,False,2587,,,
flu_like,0,1000,5,12483133,1,False,True,False,5088,,,
flu_like,0,1000,5,12531711,1,False,True,False,2366,,,
flu_like,0,1000,5,12552870,1,False,False,False,105,,,
flu_like,0,1000,5,12589990,1,False,True,False,5600,,,
flu_like,0,1000,5,12599037,1,False,True,False,2596,,,
flu_like,0,1000,5,12604514,1,True,True,False,6919,,,
flu_like,0,1000,5,12613966,2,False,False,False,2594,,,
flu_like,0,1000,5,12633516,2,False,True,False,1090,,,
flu_like,0,1000,5,12786440,1,False,True,False,4332,,,
flu_like,0,1000,5,12802978,1,False,True,False,2918,,,
flu_like,0,1000,5,12843655,2,False,True,False,849,,,
flu_like,0,1000,5,12884383,1,False,False,False,12812,,,
flu_like,0,1000,5,12890762,1,False,True,False,11488,,,
flu_like,0,1000,5,12920322,2,False,True,False,4181,,,
flu_like,0,1000,5,12938496,1,False,True,False,1941,,,
flu_like,0,1000,5,13004013,1,False,True,False,3729,,,
flu_like,0,1000,5,13055480,1,False,False,False,1156,,,
flu_like,0,1000,5,13124081,1,False,True,False,8784,,,
flu_like,0,1000,5,13205435,1,False,False,False,273,,,
flu_like,0,1000,5,13231772,1,False,True,False,4393,,,
flu_like,0,1000,5,13261568,1,False,True,False,7048,,,
flu_like,0,1000,5,13273511,1,False,False,False,12906,,,
flu_like,0,1000,5,13387569,1,True,True,False,11766,,,
flu_like,0,1000,5,13456196,1,False,True,False,6282,,,
flu_like,0,1000,5,13486496,2,False,True,False,7250,,,
flu_like,0,1000,5,13492579,2,False,True,False,6669,,,
flu_like,0,1000,5,13499436,1,False,True,False,6042,,,
flu_like,0,1000,5,13537516,2,False,True,False,10416,,,
flu_like,0,1000,5,13538806,1,False,True,False,7430,,,
flu_like,0,1000,5,13550091,1,False,True,False,6384,,,
flu_like,0,1000,5,13738225,1,False,True,False,1250,,,
flu_like,0,1000,5,13874364,1,False,False,False,185,,,
flu_like,0,1000,5,13875599,6,False,False,False,12534,,,
flu_like,0,1000,5,13914284,1,False,True,False,4425,,,
flu_like,0,1000,5,13985204,1,False,True,False,9467,,,
flu_like,0,1000,5,14034742,1,False,True,False,10045,,,
flu_like,0,1000,5,14066289,1,False,True,False,11583,,,
flu_like,0,1000,5,14198359,1,False,False,False,378,,,
flu_like,0,1000,5,14381445,1,False,True,False,2988,,,
flu_like,0,1000,5,14442013,1,False,False,False,94,,,
flu_like,0,1000,5,14485053,1,False,True,False,7965,,,
flu_like,0,1000,5,14540479,1,False,True,False,5164,,,
flu_like,0,1000,5,14629345,1,False,True,False,6689,,,
flu_like,0,1000,5,14654557,1,False,False,False,95,,,
flu_like,0,1000,5,14681358,2,False,True,False,8573,,,
flu_like,0,1000,5,14694074,1,False,True,False,8622,,,
flu_like,0,1000,5,14735756,2,False,True,False,9802,,,
flu_like,0,1000,5,14944341,1,False,True,False,2790,,,
flu_like,0,1000,5,14951919,1,False,True,False,6233,,,
flu_like,0,1000,5,15073350,1,False,True,False,5784,,,
flu_like,0,1000,5,15135371,1,False,True,False,11030,,,
flu_like,0,1000,5,15258579,1,False,True,False,330,,,
flu_like,0,1000,5,15277773,2,False,True,False,7176,,,
flu_like,0,1000,5,15367414,1,True,True,False,1876,,,
flu_like,0,1000,5,15381573,1,False,True,False,3495,,,
flu_like,0,1000,5,15460244,1,False,True,False,11171,,,
flu_like,0,1000,5,15479644,1,False,True,False,1140,,,
flu_like,0,1000,5,15518369,1,False,True,False,5232,,,
flu_like,0,1000,5,15677714,1,False,False,False,12855,,,
flu_like,0,1000,5,15774961,1,False,True,False,11985,,,
flu_like,0,1000,5,15851373,1,False,True,False,7257,,,
flu_like,0,1000,5,16011800,1,False,True,False,6699,,,
flu_like,0,1000,5,16051780,1,False,False,False,1182,,,
flu_like,0,1000,5,16089045,1,False,True,False,3087,,,
flu_like,0,1000,5,16175051,2,False,True,False,11464,,,
flu_like,0,1000,5,16323252,1,False,True,False,10620,,,
flu_like,0,1000,5,16325862,1,False,True,False,2159,,,
flu_like,0,1000,5,16345395,1,False,False,False,1266,,,
flu_like,0,1000,5,16352143,1,False,True,False,388,,,
flu_like,0,1000,5,16411553,1,False,True,False,7131,,,
flu_like,0,1000,5,16439161,1,False,True,False,11644,,,
flu_like,0,1000,5,16459182,2,False,True,False,6250,,,
flu_like,0,1000,5,16653861,1,False,True,True,7682,2554.0,699.0,True
flu_like,0,1000,5,16665079,1,False,True,False,9505,,,
flu_like,0,1000,5,16683252,2,False,True,False,3280,,,
flu_like,0,1000,5,16786331,2,False,True,False,4011,,,
flu_like,0,1000,5,16820309,1,False,True,False,8604,,,
flu_like,0,1000,5,16851334,1,False,True,False,187,,,
flu_like,0,1000,5,16907673,1,False,True,False,5456,,,
flu_like,0,1000,5,16938516,1,False,True,False,9275,,,
flu_like,0,1000,5,16971548,1,False,True,False,11765,,,
flu_like,0,1000,5,16980632,1,False,True,False,6371,,,
flu_like,0,1000,5,16988802,1,False,True,False,11301,,,
flu_like,0,1000,5,17064703,1,False,True,False,5676,,,
flu_like,0,1000,5,17108839,1,False,True,False,7296,,,
flu_like,0,1000,5,17195423,1,False,False,False,4160,,,
flu_like,0,1000,5,17198388,1,False,True,False,2727,,,
flu_like,0,1000,5,17232199,1,False,True,False,4793,,,
flu_like,0,1000,5,17242569,1,False,True,False,2954,,,
flu_like,0,1000,5,17291597,2,False,True,False,2600,,,
flu_like,0,1000,5,17336083,1,False,True,True,6493,483.0,104.0,True
flu_like,0,1000,5,17440173,1,False,True,False,7069,,,
flu_like,0,1000,5,17506140,1,False,True,False,8890,,,
flu_like,0,1000,5,17659942,1,False,False,False,656,,,
flu_like,0,1000,5,17779141,1,False,True,False,9702,,,
flu_like,0,1000,5,17800517,2,False,True,False,7483,,,
flu_like,0,1000,5,17807224,1,False,True,False,4693,,,
flu_like,0,1000,5,17826432,2,False,True,False,7227,,,
flu_like,0,1000,5,17871140,1,False,True,False,2902,,,
flu_like,0,1000,5,17892428,1,False,True,False,3765,,,
flu_like,0,1000,5,17958566,1,False,True,False,4812,,,
flu_like,0,1000,5,18011252,1,False,True,False,10977,,,
flu_like,0,1000,5,18019887,1,False,True,False,6253,,,
flu_like,0,1000,5,18039353,1,False,True,False,11912,,,
flu_like,0,1000,5,18091299,1,False,True,False,8117,,,
flu_like,0,1000,5,18112669,1,False,True,False,6939,,,
flu_like,0,1000,5,18120270,1,False,True,False,5181,,,
flu_like,0,1000,5,18136757,2,False,True,False,3262,,,
flu_like,0,1000,5,18139031,1,False,True,False,8578,,,
flu_like,0,1000,5,18142459,1,False,True,False,11443,,,
flu_like,0,1000,5,18196622,1,False,False,False,289,,,
flu_like,0,1000,5,18227567,2,False,True,False,12438,,,
flu_like,0,1000,5,18267390,2,False,False,False,440,,,
flu_like,0,1000,5,18287913,1,False,True,False,2887,,,
flu_like,0,1000,5,18431494,1,False,True,False,10521,,,
flu_like,0,1000,5,18450035,1,False,True,False,11494,,,
flu_like,0,1000,5,18508389,1,False,True,False,10629,,,
flu_like,0,1000,5,18550641,1,False,True,False,6965,,,
flu_like,0,1000,5,18557171,3,False,True,False,5157,,,
flu_like,0,1000,5,18640816,2,False,True,False,9425,,,
flu_like,0,1000,5,18713187,1,False,True,False,10141,,,
flu_like,0,1000,5,18724143,3,False,False,False,781,,,
flu_like,0,1000,5,18817527,1,False,True,False,1673,,,
flu_like,0,1000,5,18859675,2,False,True,False,10975,,,
flu_like,0,1000,5,18939004,2,False,True,False,6526,,,
flu_like,0,1000,5,19002188,1,False,True,False,7651,,,
flu_like,0,1000,5,19048920,3,False,True,False,7389,,,
flu_like,0,1000,5,19072458,1,False,True,False,2389,,,
flu_like,0,1000,5,19118477,1,False,True,False,9870,,,
flu_like,0,1000,5,19155690,1,False,True,False,1514,,,
flu_like,0,1000,5,19191436,1,True,True,False,9019,,,
flu_like,0,1000,5,19202013,1,False,True,False,3756,,,
flu_like,0,1000,5,19204930,1,False,True,False,11202,,,
flu_like,0,1000,5,19271458,1,False,True,False,5373,,,
flu_like,0,1000,5,19274270,1,False,True,False,12619,,,
flu_like,0,1000,5,19275142,1,False,True,False,9634,,,
flu_like,0,1000,5,19288646,1,False,True,False,11700,,,
flu_like,0,1000,5,19403764,1,True,False,False,765,,,
flu_like,0,1000,5,19502085,1,False,False,False,516,,,
flu_like,0,1000,5,19531394,1,False,True,False,4558,,,
flu_like,0,1000,5,19578612,1,False,True,False,5948,,,
flu_like,0,1000,5,19643561,1,False,True,False,7407,,,
flu_like,0,1000,5,19668454,1,False,True,False,7859,,,
flu_like,0,1000,5,19680687,1,False,True,False,8155,,,
flu_like,0,1000,5,19723741,2,False,True,False,7777,,,
flu_like,0,1000,5,19751290,1,False,False,False,12366,,,
flu_like,0,1000,5,19758122,2,False,True,False,4387,,,
flu_like,0,1000,5,19818291,2,False,False,False,2700,,,
flu_like,0,1000,5,20025760,1,False,True,False,1194,,,
flu_like,0,1000,5,20131448,3,False,True,False,11102,,,
flu_like,0,1000,5,20170787,1,False,False,False,1602,,,
flu_like,0,1000,5,20226048,1,False,False,False,11756,,,
flu_like,0,1000,5,20260033,1,False,True,False,9314,,,
flu_like,0,1000,5,20264722,1,False,True,False,11304,,,
flu_like,0,1000,5,20310247,2,False,True,False,5459,,,
flu_like,0,1000,5,20311095,2,False,True,False,12868,,,
flu_like,0,1000,5,20355586,1,False,True,False,4454,,,
flu_like,0,1000,5,20358995,1,False,True,False,9017,,,
flu_like,0,1000,5,20381436,2,False,True,False,4334,,,
flu_like,0,1000,5,20396859,1,False,True,False,7615,,,
flu_like,0,1000,5,20511983,2,False,True,False,2018,,,
flu_like,0,1000,5,20555850,1,False,True,False,2520,,,
flu_like,0,1000,5,20556387,1,False,True,False,9574,,,
flu_like,0,1000,5,20579965,1,False,True,False,6806,,,
flu_like,0,1000,5,20581812,1,False,False,False,1181,,,
flu_like,0,1000,5,20610475,1,False,True,False,884,,,
flu_like,0,1000,5,20626707,1,False,True,False,4540,,,
flu_like,0,1000,5,20636992,1,False,True,False,4765,,,
flu_like,0,1000,5,20710429,1,True,True,False,10675,,,
flu_like,0,1000,5,20756621,1,False,True,False,7980,,,
flu_like,0,1000,5,20807211,1,False,True,False,6540,,,
flu_like,0,1000,5,20809449,1,False,True,False,3469,,,
flu_like,0,1000,5,20828004,1,False,True,False,1435,,,
flu_like,0,1000,5,20836334,1,False,True,False,6245,,,
flu_like,0,1000,5,20862141,1,False,True,False,3290,,,
flu_like,0,1000,5,21260343,2,False,True,False,2536,,,
flu_like,0,1000,5,21293394,1,False,True,False,5526,,,
flu_like,0,1000,5,21366394,1,False,True,False,11716,,,
flu_like,0,1000,5,21367193,1,False,False,False,1502,,,
flu_like,0,1000,5,21410908,1,False,False,False,621,,,
flu_like,0,1000,5,21447975,3,False,True,False,10080,,,
flu_like,0,1000,5,21449412,1,False,True,False,6568,,,
flu_like,0,1000,5,21470028,1,False,True,False,11805,,,
flu_like,0,1000,5,21717878,1,False,True,True,5334,1444.0,982.0,True
flu_like,0,1000,5,21732366,1,False,False,False,1368,,,
flu_like,0,1000,5,21832104,1,False,True,False,10885,,,
flu_like,0,1000,5,21904957,1,False,False,False,1173,,,
flu_like,0,1000,5,21966039,1,False,False,False,11119,,,
flu_like,0,1000,5,22053799,1,True,False,False,366,,,
flu_like,0,1000,5,22090925,1,False,False,False,10920,,,
flu_like,0,1000,5,22133096,1,False,True,False,2388,,,
flu_like,0,1000,5,22280938,1,False,True,False,12135,,,
flu_like,0,1000,5,22347855,1,False,True,False,5412,,,
flu_like,0,1000,5,22473348,1,False,True,False,5016,,,
flu_like,0,1000,5,22574574,1,False,True,False,3536,,,
flu_like,0,1000,5,22583279,1,False,True,False,6138,,,
flu_like,0,1000,5,22748677,1,False,True,False,3247,,,
flu_like,0,1000,5,22751831,1,False,True,False,3804,,,
flu_like,0,1000,5,22759072,1,False,True,False,6288,,,
flu_like,0,1000,5,22785015,1,False,True,True,5639,2032.0,748.0,True
flu_like,0,1000,5,22788782,4,False,True,False,11952,,,
flu_like,0,1000,5,22826182,1,False,True,False,5628,,,
flu_like,0,1000,5,22867874,1,False,True,False,2927,,,
flu_like,0,1000,5,22949381,1,False,True,False,6629,,,
flu_like,0,1000,5,22997923,1,False,True,False,11334,,,
flu_like,0,1000,5,23054019,1,False,True,False,11210,,,
flu_like,0,1000,5,23138051,1,False,True,False,2158,,,
flu_like,0,1000,5,23147760,1,False,True,False,8259,,,
flu_like,0,1000,5,23217084,1,False,True,False,8344,,,
flu_like,0,1000,5,23290022,1,False,True,False,7661,,,
flu_like,0,1000,5,23446292,1,False,True,False,8693,,,
flu_like,0,1000,5,23449127,1,False,True,False,1827,,,
flu_like,0,1000,5,23512556,1,False,True,False,7937,,,
flu_like,0,1000,5,23720724,1,False,True,False,10802,,,
flu_like,0,1000,5,23830462,1,False,True,False,7964,,,
flu_like,0,1000,5,23948874,1,False,True,False,357,,,
flu_like,0,1000,5,24056926,1,False,True,False,9277,,,
flu_like,0,1000,5,24177480,2,False,True,False,7751,,,
flu_like,0,1000,5,24205199,2,False,True,False,8820,,,
flu_like,0,1000,5,24210048,2,False,False,False,12841,,,
flu_like,0,1000,5,24409822,1,False,False,False,12496,,,
flu_like,0,1000,5,24469579,1,False,True,False,5138,,,
flu_like,0,1000,5,24617318,1,False,True,False,2092,,,
flu_like,0,1000,5,24720122,1,False,False,False,561,,,
flu_like,0,1000,5,24759490,1,False,True,False,1108,,,
flu_like,0,1000,5,24830489,1,False,True,False,11081,,,
flu_like,0,1000,5,24836048,1,False,True,False,5409,,,
flu_like,0,1000,5,24846689,1,True,True,False,3404,,,
flu_like,0,1000,5,24893267,1,False,True,False,3923,,,
flu_like,0,1000,5,24949111,1,False,True,False,3483,,,
flu_like,0,1000,5,25140841,1,False,True,False,6942,,,
flu_like,0,1000,5,25147459,1,False,True,False,8699,,,
flu_like,0,1000,5,25163100,1,False,True,False,7714,,,
flu_like,0,1000,5,25188695,1,True,True,False,9345,,,
flu_like,0,1000,5,25280202,2,False,True,False,8324,,,
flu_like,0,1000,5,25309660,1,False,True,False,3808,,,
flu_like,0,1000,5,25346611,1,False,True,False,5734,,,
flu_like,0,1000,5,25412890,1,False,True,False,10014,,,
flu_like,0,1000,5,25517501,1,False,True,False,11874,,,
flu_like,0,1000,5,25581843,1,False,True,False,9671,,,
flu_like,0,1000,5,25789362,1,False,True,False,8583,,,
flu_like,0,1000,5,25797637,1,False,False,False,38,,,
flu_like,0,1000,5,25937458,1,False,True,False,4584,,,
flu_like,0,1000,5,26086624,1,False,True,False,9012,,,
flu_like,0,1000,5,26087038,1,False,True,False,10856,,,
flu_like,0,1000,5,26101852,1,False,True,False,4217,,,
flu_like,0,1000,5,26109362,2,False,False,False,65,,,
flu_like,0,1000,5,26110061,1,True,True,False,4193,,,
flu_like,0,1000,5,26279401,1,False,True,False,4095,,,
flu_like,0,1000,5,26287712,1,True,True,False,8576,,,
flu_like,0,1000,5,26397256,2,False,False,False,12977,,,
flu_like,0,1000,5,26416169,1,False,True,False,11312,,,
flu_like,0,1000,5,26489411,1,False,True,False,673,,,
flu_like,0,1000,5,26639953,2,False,True,False,11051,,,
flu_like,0,1000,5,26860587,1,False,True,False,7499,,,
flu_like,0,1000,5,26900669,1,False,False,False,12885,,,
flu_like,0,1000,5,27006512,1,False,True,False,6301,,,
flu_like,0,1000,5,27040920,1,False,False,False,250,,,
flu_like,0,1000,5,27065271,1,False,False,False,12175,,,
flu_like,0,1000,5,27075147,1,True,True,False,5854,,,
flu_like,0,1000,5,27135472,2,False,True,False,11361,,,
flu_like,0,1000,5,27457788,1,False,True,False,11978,,,
flu_like,0,1000,5,27491123,1,False,True,False,8768,,,
flu_like,0,1000,5,27616759,1,False,True,False,12990,,,
flu_like,0,1000,5,27635586,1,False,True,False,2060,,,
flu_like,0,1000,5,27730807,1,True,True,False,815,,,
flu_like,0,1000,5,27762065,1,False,True,False,1791,,,
flu_like,0,1000,5,27827046,1,False,True,False,5008,,,
flu_like,0,1000,5,27865692,1,False,True,False,1910,,,
flu_like,0,1000,5,28009444,1,False,True,False,2171,,,
flu_like,0,1000,5,28022841,1,False,True,False,737,,,
flu_like,0,1000,5,28023345,1,False,True,False,6816,,,
flu_like,0,1000,5,28167900,1,False,True,False,10418,,,
flu_like,0,1000,5,28184863,1,False,True,False,12834,,,
flu_like,0,1000,5,28293616,1,False,True,False,5803,,,
flu_like,0,1000,5,28365858,1,False,True,False,2699,,,
flu_like,0,1000,5,28472775,1,False,True,False,7552,,,
flu_like,0,1000,5,28665614,1,False,True,False,3929,,,
flu_like,0,1000,5,28676099,1,False,True,False,11201,,,
flu_like,0,1000,5,28680618,1,False,True,False,3776,,,
flu_like,0,1000,5,28704140,1,False,True,False,1706,,,
flu_like,0,1000,5,28795646,1,False,True,False,9527,,,
flu_like,0,1000,5,28795801,1,False,True,False,6596,,,
flu_like,0,1000,5,28797668,1,False,True,False,6762,,,
flu_like,0,1000,5,28833810,1,False,True,False,7626,,,
flu_like,0,1000,5,28896588,1,False,True,False,7182,,,
flu_like,0,1000,5,28937573,3,False,True,False,11762,,,
flu_like,0,1000,5,28943220,1,False,False,False,3063,,,
flu_like,0,1000,5,29011699,1,False,True,False,10544,,,
flu_like,0,1000,5,29074787,1,False,True,False,9791,,,
flu_like,0,1000,5,29229399,1,False,True,False,5308,,,
flu_like,0,1000,5,29405101,1,False,False,False,12932,,,
flu_like,0,1000,5,29568045,1,False,True,False,1587,,,
flu_like,0,1000,5,29582408,1,False,True,False,8719,,,
flu_like,0,1000,5,29624805,2,False,True,False,12979,,,
flu_like,0,1000,5,29662199,1,False,True,True,9894,3410.0,655.0,True
flu_like,0,1000,5,29668429,1,False,True,False,9557,,,
flu_like,0,1000,5,29744022,1,False,False,False,11075,,,
flu_like,0,1000,5,29753608,1,False,False,False,12416,,,
flu_like,0,1000,5,29809031,1,False,True,False,688,,,
flu_like,0,1000,5,29867948,1,False,True,False,11269,,,
flu_like,0,1000,5,29894209,1,False,True,False,11688,,,
flu_like,0,1000,5,29901713,1,False,True,False,8755,,,
flu_like,0,1000,5,29902915,1,True,True,False,1586,,,
flu_like,0,1000,5,29985111,1,False,True,False,4116,,,
flu_like,0,1000,5,30085193,1,False,True,False,3144,,,
flu_like,0,1000,5,30238852,1,False,True,False,891,,,
flu_like,0,1000,5,30274432,1,False,False,False,1273,,,
flu_like,0,1000,5,30510115,1,False,True,False,3366,,,
flu_like,0,1000,5,30692614,1,False,True,False,9950,,,
flu_like,0,1000,5,30917958,1,False,True,False,8581,,,
flu_like,0,1000,5,30959114,1,False,False,False,12285,,,
flu_like,0,1000,5,31073104,1,False,True,False,2196,,,
flu_like,0,1000,5,31092077,1,False,True,False,5342,,,
flu_like,0,1000,5,31125037,1,False,True,False,10550,,,
flu_like,0,1000,5,31265555,1,False,True,False,1657,,,
flu_like,0,1000,5,31268052,1,False,True,True,7956,1581.0,293.0,True
flu_like,0,1000,5,31272033,1,False,True,False,3726,,,
flu_like,0,1000,5,31277687,1,False,False,False,212,,,
flu_like,0,1000,5,31295214,1,False,True,False,10540,,,
flu_like,0,1000,5,31299308,1,False,True,False,4238,,,
flu_like,0,1000,5,31309349,1,False,False,False,207,,,
flu_like,0,1000,5,31540568,1,False,True,False,5596,,,
flu_like,0,1000,5,31599596,1,False,True,False,11018,,,
flu_like,0,1000,5,31674853,1,False,True,False,7085,,,
flu_like,0,1000,5,31692630,1,False,True,False,4814,,,
flu_like,0,1000,5,31783720,1,False,True,False,7121,,,
flu_like,0,1000,5,31996151,2,False,True,False,1179,,,
flu_like,0,1000,5,32166836,1,False,True,False,5503,,,
flu_like,0,1000,5,32185705,1,False,True,False,2576,,,
flu_like,0,1000,5,32239720,1,False,True,False,5563,,,
flu_like,0,1000,5,32261759,1,False,True,False,10776,,,
flu_like,0,1000,5,32395712,1,False,True,False,9814,,,
flu_like,0,1000,5,32415176,2,False,True,False,5475,,,
flu_like,0,1000,5,32422991,1,False,True,False,8827,,,
flu_like,0,1000,5,32613007,1,False,True,False,10048,,,
flu_like,0,1000,5,32769227,1,False,False,False,348,,,
flu_like,0,1000,5,32864770,1,False,True,False,7180,,,
flu_like,0,1000,5,32954529,1,False,True,False,9654,,,
flu_like,0,1000,5,33094945,1,False,True,True,9271,1713.0,2596.0,False
flu_like,0,1000,5,33354660,1,False,True,False,2376,,,
flu_like,0,1000,5,33359766,1,False,False,False,11923,,,
flu_like,0,1000,5,33399998,1,False,True,False,1427,,,
flu_like,0,1000,5,33415655,1,False,True,False,5348,,,
flu_like,0,1000,5,33505722,1,False,True,False,12620,,,
flu_like,0,1000,5,33527946,1,False,False,False,12892,,,
flu_like,0,1000,5,33537802,1,False,False,False,487,,,
flu_like,0,1000,5,33543545,1,False,True,False,4316,,,
flu_like,0,1000,5,33698948,1,False,True,False,8864,,,
flu_like,0,1000,5,33728486,1,False,True,False,10914,,,
flu_like,0,1000,5,33728751,1,False,True,False,9516,,,
flu_like,0,1000,5,33836178,1,False,True,False,3575,,,
flu_like,0,1000,5,33914536,1,True,True,False,10137,,,
flu_like,0,1000,5,33978376,1,False,True,False,8209,,,
flu_like,0,1000,5,33997794,1,False,False,False,12027,,,
flu_like,0,1000,5,34091241,1,False,True,False,1633,,,
flu_like,0,1000,5,34122165,1,False,True,False,11386,,,
flu_like,0,1000,5,34187827,2,False,True,False,2492,,,
flu_like,0,1000,5,34268691,1,False,True,False,6422,,,
flu_like,0,1000,5,34272149,1,False,True,False,1195,,,
flu_like,0,1000,5,34338834,1,False,True,False,12412,,,
flu_like,0,1000,5,34357501,1,False,True,False,11132,,,
flu_like,0,1000,5,34418700,1,False,True,False,11035,,,
flu_like,0,1000,5,34527700,1,False,True,False,4376,,,
flu_like,0,1000,5,34639013,1,False,False,False,12392,,,
flu_like,0,1000,5,34645991,1,False,True,False,9088,,,
flu_like,0,1000,5,34699300,1,False,True,False,8335,,,
flu_like,0,1000,5,34721252,1,False,True,False,5101,,,
flu_like,0,1000,5,35024166,1,False,True,False,4426,,,
flu_like,0,1000,5,35068210,1,False,True,False,1960,,,
flu_like,0,1000,5,35262066,1,False,True,False,8084,,,
flu_like,0,1000,5,35289495,1,False,True,False,8694,,,
flu_like,0,1000,5,35326691,1,False,True,False,3045,,,
flu_like,0,1000,5,35351714,1,False,True,False,2472,,,
flu_like,0,1000,5,35387051,1,False,True,False,10556,,,
flu_like,0,1000,5,35412112,1,False,True,False,1652,,,
flu_like,0,1000,5,35720611,1,False,True,False,11001,,,
flu_like,0,1000,5,35735423,1,False,True,False,9158,,,
flu_like,0,1000,5,35804215,1,False,True,False,11590,,,
flu_like,0,1000,5,35915852,1,False,True,True,11103,311.0,230.0,True
flu_like,0,1000,5,35924701,1,False,False,False,12952,,,
flu_like,0,1000,5,35957366,1,False,True,False,10448,,,
flu_like,0,1000,5,35989185,1,False,True,False,9251,,,
flu_like,0,1000,5,36026629,1,False,True,False,674,,,
flu_like,0,1000,5,36107500,1,False,True,False,5518,,,
flu_like,0,1000,5,36192040,1,False,False,False,12886,,,
flu_like,0,1000,5,36199970,1,False,True,False,5980,,,
flu_like,0,1000,5,36512891,1,False,True,False,1115,,,
flu_like,0,1000,5,36707144,1,False,True,False,1973,,,
flu_like,0,1000,5,36712148,1,False,True,False,599,,,
flu_like,0,1000,5,36784347,1,False,True,False,3023,,,
flu_like,0,1000,5,36797768,1,False,True,False,7235,,,
flu_like,0,1000,5,37109811,1,False,True,False,7702,,,
flu_like,0,1000,5,37125627,1,False,True,False,8733,,,
flu_like,0,1000,5,37211771,1,False,True,False,2959,,,
flu_like,0,1000,5,37234935,2,False,True,False,4612,,,
flu_like,0,1000,5,37442163,1,False,True,False,12724,,,
flu_like,0,1000,5,37482812,1,False,True,False,7311,,,
flu_like,0,1000,5,37508521,1,False,True,False,3364,,,
flu_like,0,1000,5,37596081,1,False,True,False,2511,,,
flu_like,0,1000,5,37608399,1,False,True,False,6136,,,
flu_like,0,1000,5,37795339,1,False,False,False,12786,,,
flu_like,0,1000,5,37810803,1,False,True,False,2716,,,
flu_like,0,1000,5,37856007,1,True,True,False,6532,,,
flu_like,0,1000,5,37932576,1,False,True,False,6945,,,
flu_like,0,1000,5,37995046,1,False,True,False,8683,,,
flu_like,0,1000,5,38115383,1,False,True,False,11765,,,
flu_like,0,1000,5,38179713,1,False,True,False,2096,,,
flu_like,0,1000,5,38182633,1,False,True,False,3860,,,
flu_like,0,1000,5,38467191,1,False,True,False,12512,,,
flu_like,0,1000,5,38469561,1,False,True,False,7878,,,
flu_like,0,1000,5,38572117,1,False,False,False,180,,,
flu_like,0,1000,5,38724791,1,False,True,False,5285,,,
flu_like,0,1000,5,38780551,1,False,True,False,11003,,,
flu_like,0,1000,5,38974546,1,False,True,True,9690,1450.0,-801.0,False
flu_like,0,1000,5,39212261,2,False,True,False,10261,,,
flu_like,0,1000,5,39364126,1,False,True,False,5218,,,
flu_like,0,1000,5,39448611,1,True,True,False,10236,,,
flu_like,0,1000,5,39471572,1,False,True,True,6865,650.0,945.0,False
flu_like,0,1000,5,39507908,1,False,True,False,11584,,,
flu_like,0,1000,5,39632309,1,False,True,False,1765,,,
flu_like,0,1000,5,39777261,1,False,True,True,7161,1871.0,1574.0,True
flu_like,0,1000,5,39847555,1,False,True,False,7340,,,
flu_like,0,1000,5,39928554,1,False,True,False,1568,,,
flu_like,0,1000,5,40348575,1,False,True,False,9298,,,
flu_like,0,1000,5,40362972,1,False,True,False,5151,,,
flu_like,0,1000,5,40468174,1,False,True,False,11681,,,
flu_like,0,1000,5,40722077,1,False,True,False,2254,,,
flu_like,0,1000,5,40783518,1,False,True,False,2379,,,
flu_like,0,1000,5,40815415,1,False,True,False,8336,,,
flu_like,0,1000,5,41018268,1,False,False,False,745,,,
flu_like,0,1000,5,41172006,1,False,True,False,5010,,,
flu_like,0,1000,5,41182248,1,False,True,False,9266,,,
flu_like,0,1000,5,41263084,1,False,True,False,4481,,,
flu_like,0,1000,5,41275933,1,False,True,False,2153,,,
flu_like,0,1000,5,41322434,1,False,True,False,1460,,,
flu_like,0,1000,5,41950564,1,False,True,False,11619,,,
flu_like,0,1000,5,42106721,1,False,True,False,10467,,,
flu_like,0,1000,5,42232448,1,False,True,False,3221,,,
flu_like,0,1000,5,42427171,1,False,True,False,647,,,
flu_like,0,1000,5,42506350,1,False,True,False,2088,,,
flu_like,0,1000,5,42543466,1,False,True,False,11174,,,
flu_like,0,1000,5,42569020,1,False,True,False,7876,,,
flu_like,0,1000,5,42586070,1,True,True,False,2448,,,
flu_like,0,1000,5,42813972,1,True,True,False,11617,,,
flu_like,0,1000,5,42947736,1,False,True,False,5062,,,
flu_like,0,1000,5,42956553,1,False,True,False,9885,,,
flu_like,0,1000,5,43060048,1,False,True,False,9490,,,
flu_like,0,1000,5,43154407,1,False,True,False,2707,,,
flu_like,0,1000,5,43235109,1,False,True,False,8670,,,
flu_like,0,1000,5,43304203,1,False,True,False,5182,,,
flu_like,0,1000,5,43457913,1,False,True,False,9390,,,
flu_like,0,1000,5,43507876,1,False,True,False,2040,,,
flu_like,0,1000,5,43691888,1,True,True,False,9463,,,
flu_like,0,1000,5,43745311,1,False,True,False,9047,,,
flu_like,0,1000,5,44149794,1,False,True,False,9776,,,
flu_like,0,1000,5,44182515,1,False,True,False,11593,,,
flu_like,0,1000,5,44555302,1,False,True,False,7818,,,
flu_like,0,1000,5,44763330,1,False,False,False,239,,,
flu_like,0,1000,5,44847725,1,False,True,False,9523,,,
flu_like,0,1000,5,44890566,2,False,True,False,2881,,,
flu_like,0,1000,5,44965313,1,False,True,False,4166,,,
flu_like,0,1000,5,45127273,1,False,True,False,7870,,,
flu_like,0,1000,5,45152793,1,True,True,True,4202,197.0,-519.0,False
flu_like,0,1000,5,45153213,1,False,True,False,11333,,,
flu_like,0,1000,5,45207752,1,False,True,False,1454,,,
flu_like,0,1000,5,45752399,1,False,True,False,7474,,,
flu_like,0,1000,5,46149498,1,False,True,False,3335,,,
flu_like,0,1000,5,46260042,1,False,True,False,8905,,,
flu_like,0,1000,5,46602981,1,False,True,False,5465,,,
flu_like,0,1000,5,47179734,1,True,True,False,497,,,
flu_like,0,1000,5,47223115,1,False,True,False,10508,,,
flu_like,0,1000,5,47401823,1,False,True,False,12555,,,
flu_like,0,1000,5,47475346,1,False,False,False,472,,,
flu_like,0,1000,5,47984860,1,False,True,False,9782,,,
flu_like,0,1000,5,48239588,1,False,True,False,5636,,,
flu_like,0,1000,5,48441773,1,True,True,False,4484,,,
flu_like,0,1000,5,48521778,1,False,True,False,8810,,,
flu_like,0,1000,5,48738082,1,False,True,False,10925,,,
flu_like,0,1000,5,48859604,1,False,True,False,1859,,,
flu_like,0,1000,5,48871859,1,False,True,False,7063,,,
flu_like,0,1000,5,49184605,1,False,True,True,4272,6836.0,5334.0,True
flu_like,0,1000,5,49362208,1,False,True,False,1561,,,
flu_like,0,1000,5,49717475,1,False,True,False,728,,,
flu_like,0,1000,5,49794975,1,False,True,False,6043,,,
flu_like,0,1000,5,49905615,1,False,True,False,8116,,,
flu_like,0,1000,5,49927182,1,True,True,False,5027,,,
flu_like,0,1000,5,50147696,1,True,False,False,64,,,
flu_like,0,1000,5,50718731,1,True,True,False,12946,,,
flu_like,0,1000,5,50890808,1,False,True,False,9953,,,
flu_like,0,1000,5,51099967,1,False,True,False,5851,,,
flu_like,0,1000,5,51411048,1,False,True,False,11728,,,
flu_like,0,1000,5,51825695,1,True,False,False,12954,,,
flu_like,0,1000,5,52018052,1,False,True,False,12273,,,
flu_like,0,1000,5,52602396,1,False,True,False,2033,,,
flu_like,0,1000,5,52906385,1,True,False,False,1567,,,
flu_like,0,1000,5,53992697,1,True,True,True,10816,367.0,205.0,True
