pathogen,rep,samples_per_day,k,recombinant,date_added,num_parents,causal_strains,gen,num_mutations,k1000_muts,mutations_averted,true_positive,breakpoint_interval_left,breakpoint_interval_right,recombinant_ancestor,ancestor_breakpoint,ancestor_detectable,breakpoint_in_interval,category,relative_breakpoints,relative_breakpoint_in_interval
flu_like,0,200,3,1701,2026-02-12,2,seq_360840,42,0,3,3,True,2150,11013,360840.0,2715.0,True,True,,,
flu_like,0,200,3,2866,2026-02-19,2,seq_2874069,49,2,5,3,True,10767,11021,362425.0,10783.0,True,True,,,
flu_like,0,200,3,3428,2026-02-22,2,seq_5989141,52,3,6,3,True,10410,11021,374653.0,10970.0,True,True,,,
flu_like,0,200,3,3566,2026-02-23,2,seq_6611646,53,1,5,4,True,6864,8801,2154704.0,8157.0,True,True,,,
flu_like,0,200,3,4163,2026-02-26,2,seq_9752962,56,1,4,3,False,3256,5405,,,,,unresolved_branch,,False
flu_like,0,200,3,4570,2026-02-28,2,seq_11859255,58,2,5,3,True,11022,11826,7545326.0,11647.0,True,True,,,
flu_like,0,200,3,5329,2026-03-04,2,seq_15364532,62,5,8,3,True,5886,7211,7881890.0,5969.0,True,True,,,
flu_like,0,200,3,6837,2026-03-11,2,seq_22438119,69,0,3,3,True,3641,6625,5380201.0,4344.0,True,True,,,
flu_like,0,200,3,7223,2026-03-13,2,seq_24190485,71,6,9,3,True,4872,7813,562000.0,7328.0,True,True,,,
flu_like,0,200,3,7297,2026-03-13,2,seq_24430727,71,3,6,3,True,1346,4654,19072458.0,2389.0,True,True,,,
flu_like,0,200,3,7805,2026-03-15,2,seq_26669298,73,2,5,3,True,3496,10790,11356303.0,4854.0,True,True,,,
flu_like,0,200,3,7948,2026-03-16,2,seq_27407511,74,3,6,3,True,5461,7211,858842.0,1309.0,True,False,,,
flu_like,0,200,3,8475,2026-03-18,2,seq_29655579,76,3,6,3,True,3552,4534,13914284.0,4425.0,True,True,,,
flu_like,0,200,3,8681,2026-03-19,2,seq_30565399,77,3,6,3,True,4535,6863,14540479.0,5164.0,True,True,,,
flu_like,0,200,3,9832,2026-03-24,2,seq_35681154,82,4,7,3,True,1346,2205,28704140.0,1706.0,True,True,,,
flu_like,0,200,3,9873,2026-03-24,2,seq_35972990,82,5,8,3,True,2947,5996,13231772.0,4393.0,True,True,,,
flu_like,0,200,3,9967,2026-03-25,2,seq_36240981,83,6,9,3,True,6976,10811,842418.0,10760.0,True,True,,,
flu_like,0,200,3,10025,2026-03-25,2,seq_36529870,83,8,11,3,True,672,1605,11044275.0,929.0,True,True,,,
flu_like,0,200,3,10219,2026-03-26,2,seq_37359944,84,6,9,3,True,5309,6902,18019887.0,6253.0,True,True,,,
flu_like,0,200,3,11094,2026-03-30,2,seq_41159582,88,3,6,3,True,4136,7858,19048920.0,7389.0,True,True,,,
flu_like,0,200,3,11229,2026-03-30,2,seq_41775397,88,3,7,4,True,5219,7858,702017.0,5697.0,True,True,,,
flu_like,0,200,3,11249,2026-03-30,2,seq_41874437,88,2,5,3,True,1590,6368,2358315.0,2814.0,True,True,,,
flu_like,0,200,3,11411,2026-03-31,2,seq_42501160,89,7,10,3,True,7761,9827,13537516.0,10416.0,True,False,,,
flu_like,0,200,3,11479,2026-03-31,2,seq_42798863,89,7,10,3,True,3641,6434,13499436.0,6042.0,True,True,,,
flu_like,0,200,3,11592,2026-04-01,2,seq_43178944,90,2,5,3,False,9173,9442,,,,,unresolved_branch,,False
flu_like,0,200,3,11945,2026-04-02,2,seq_44863234,91,4,7,3,True,9807,10452,32395712.0,9814.0,True,True,,,
flu_like,0,200,3,12132,2026-04-03,2,seq_45469467,92,2,5,3,False,4818,4900,,,,,unresolved_branch,,False
flu_like,0,200,3,12407,2026-04-04,2,seq_46712418,93,2,5,3,True,2162,2711,31073104.0,2196.0,True,True,,,
flu_like,0,200,3,12413,2026-04-04,2,seq_46731051,93,8,11,3,True,2871,3932,328239.0,3701.0,True,True,,,
flu_like,0,200,3,12475,2026-04-04,2,seq_47072113,93,2,5,3,True,6864,8720,37932576.0,6945.0,True,True,,,
flu_like,0,200,3,12675,2026-04-05,2,seq_47842278,94,3,6,3,True,7255,8886,11986166.0,8596.0,True,True,,,
flu_like,0,200,3,12862,2026-04-06,2,seq_48363866,95,11,14,3,True,8783,9581,46260042.0,8905.0,True,True,,,
flu_like,0,200,3,12950,2026-04-06,2,seq_48864312,95,4,7,3,True,5967,9494,28833810.0,7626.0,True,True,,,
flu_like,0,200,3,13029,2026-04-07,2,seq_49163054,96,0,4,4,True,10022,10421,7773248.0,10167.0,True,True,,,
flu_like,0,200,3,13038,2026-04-07,2,seq_49187036,96,6,10,4,True,9407,9697,29809031.0,688.0,True,False,,,
flu_like,0,200,3,13058,2026-04-07,2,seq_49251403,96,8,12,4,True,8721,9985,8482269.0,8976.0,True,True,,,
flu_like,0,200,3,13129,2026-04-07,2,seq_49512773,96,0,3,3,True,1126,4534,44965313.0,4166.0,True,True,,,
flu_like,0,200,3,13701,2026-04-09,2,seq_51949548,98,7,11,4,True,3746,6113,10495605.0,5960.0,True,True,,,
flu_like,0,200,3,13726,2026-04-09,2,seq_52115695,98,3,6,3,False,4247,4289,,,,,unresolved_branch,,False
flu_like,0,200,3,13932,2026-04-10,2,seq_52843075,99,4,7,3,False,3990,4534,,,,,relative_recombinant,4217.0,True
flu_like,0,200,3,13976,2026-04-10,2,seq_53099312,99,5,8,3,True,4160,4183,42947736.0,5062.0,True,False,,,
flu_like,0,200,3,14060,2026-04-11,2,seq_53223327,100,4,7,3,True,1219,2870,3250025.0,1751.0,True,True,,,
flu_like,0,200,3,14123,2026-04-11,2,seq_53447235,100,9,13,4,True,6804,9359,392451.0,6810.0,True,True,,,
flu_like,0,200,3,14188,2026-04-11,2,seq_53851624 seq_54051293,100,5,8,3,True,2060,3179,44890566.0,2881.0,True,True,,,
flu_like,0,200,3,14223,2026-04-11,2,seq_54013493,100,4,7,3,True,10908,11120,26639953.0,11051.0,True,True,,,
flu_like,0,200,4,3564,2026-02-23,2,seq_6611646,53,1,5,4,True,6864,8801,2154704,8157,True,True,,,
flu_like,0,200,4,11214,2026-03-30,2,seq_41775397,88,3,7,4,True,5219,7858,702017,5697,True,True,,,
flu_like,0,200,4,13008,2026-04-07,2,seq_49163054,96,0,4,4,True,10022,10421,7773248,10167,True,True,,,
flu_like,0,200,4,13017,2026-04-07,2,seq_49187036,96,6,10,4,True,9407,9697,29809031,688,True,False,,,
flu_like,0,200,4,13037,2026-04-07,2,seq_49251403,96,8,12,4,True,8721,9985,8482269,8976,True,True,,,
flu_like,0,200,4,13679,2026-04-09,2,seq_51949548,98,7,11,4,True,3746,6113,10495605,5960,True,True,,,
flu_like,0,200,4,14101,2026-04-11,2,seq_53447235,100,9,13,4,True,6804,9359,392451,6810,True,True,,,
flu_like,0,1000,3,1757,2026-02-03,2,seq_34288,33,1,4,3,True,672,1589,34288.0,750.0,True,True,,,
flu_like,0,1000,3,5053,2026-02-12,2,seq_360840,42,0,3,3,True,2150,11013,360840.0,2715.0,True,True,,,
flu_like,0,1000,3,6324,2026-02-14,2,seq_697554,44,1,4,3,True,4872,7813,562000.0,7328.0,True,True,,,
flu_like,0,1000,3,7432,2026-02-16,2,seq_1117875,46,3,6,3,True,6864,8895,43244.0,8885.0,True,True,,,
flu_like,0,1000,3,9074,2026-02-18,2,seq_2337959,48,1,4,3,True,5504,9323,1112544.0,1053.0,True,False,,,
flu_like,0,1000,3,9170,2026-02-19,2,seq_2394186,49,1,4,3,True,7869,11730,2394186.0,8538.0,True,True,,,
flu_like,0,1000,3,9695,2026-02-19,2,seq_2874069,49,1,4,3,True,10767,11021,362425.0,10783.0,True,True,,,
flu_like,0,1000,3,12047,2026-02-22,2,seq_5989141,52,3,6,3,True,10410,11021,374653.0,10970.0,True,True,,,
flu_like,0,1000,3,12636,2026-02-23,2,seq_6611646,53,1,5,4,True,6864,8801,2154704.0,8157.0,True,True,,,
flu_like,0,1000,3,13521,2026-02-24,2,seq_7665851,54,2,5,3,True,7661,8248,3031332.0,8574.0,True,False,,,
flu_like,0,1000,3,13525,2026-02-24,2,seq_7672349,54,2,5,3,True,2871,3932,328239.0,3701.0,True,True,,,
flu_like,0,1000,3,15062,2026-02-26,2,seq_9414592,56,4,7,3,True,8264,8650,167757.0,8299.0,True,True,,,
flu_like,0,1000,3,15309,2026-02-26,2,seq_9755407,56,3,6,3,True,5647,12212,549465.0,6711.0,True,True,,,
flu_like,0,1000,3,16339,2026-02-27,2,seq_11006396,57,4,7,3,True,818,6863,488551.0,2809.0,True,True,,,
flu_like,0,1000,3,16940,2026-02-28,2,seq_11453971,58,1,4,3,True,8651,9581,10791692.0,8676.0,True,True,,,
flu_like,0,1000,3,17210,2026-02-28,2,seq_11859255,58,1,4,3,True,11022,11826,7545326.0,11647.0,True,True,,,
flu_like,0,1000,3,17647,2026-03-01,2,seq_12234374,59,0,3,3,True,11022,11826,680316.0,11101.0,True,True,,,
flu_like,0,1000,3,17966,2026-03-01,2,seq_12604514,59,3,7,4,True,5814,11021,12604514.0,6919.0,True,True,,,
flu_like,0,1000,3,18103,2026-03-01,2,seq_12804099,59,3,8,5,True,6804,9359,392451.0,6810.0,True,True,,,
flu_like,0,1000,3,18479,2026-03-02,2,seq_13166300,60,2,5,3,True,1143,2656,858842.0,1309.0,True,True,,,
flu_like,0,1000,3,18627,2026-03-02,2,seq_13263730,60,0,4,4,True,3641,6863,1304346.0,6767.0,True,True,,,
flu_like,0,1000,3,19215,2026-03-02,2,seq_14001651,60,3,6,3,True,2008,6803,9931100.0,2730.0,True,True,,,
flu_like,0,1000,3,19567,2026-03-03,2,seq_14244156,61,4,8,4,True,6864,9485,10155433.0,7230.0,True,True,,,
flu_like,0,1000,3,19925,2026-03-03,2,seq_14556992,61,2,6,4,True,7532,8720,11260015.0,8073.0,True,True,,,
flu_like,0,1000,3,19963,2026-03-03,2,seq_14594939,61,3,6,3,True,6369,8445,7680106.0,7480.0,True,True,,,
flu_like,0,1000,3,20163,2026-03-03,2,seq_14920185,61,1,4,3,False,9436,9832,,,,,unresolved_branch,,False
flu_like,0,1000,3,20702,2026-03-04,2,seq_15364532,62,5,8,3,True,5886,7211,7881890.0,5969.0,True,True,,,
flu_like,0,1000,3,20961,2026-03-04,2,seq_15682078,62,2,6,4,True,3746,6113,10495605.0,5960.0,True,True,,,
flu_like,0,1000,3,21610,2026-03-05,2,seq_16287227,63,2,6,4,True,5219,7858,702017.0,5697.0,True,True,,,
flu_like,0,1000,3,21729,2026-03-05,2,seq_16402886,63,1,4,3,True,4762,5617,12483133.0,5088.0,True,True,,,
flu_like,0,1000,3,21782,2026-03-05,2,seq_16472712,63,4,7,3,True,2451,4302,14944341.0,2790.0,True,True,,,
flu_like,0,1000,3,21851,2026-03-05,2,seq_16546921,63,1,4,3,True,8407,10137,8401607.0,9706.0,True,True,,,
flu_like,0,1000,3,22584,2026-03-06,2,seq_17240725,64,1,4,3,True,8721,9985,521686.0,9687.0,True,True,,,
flu_like,0,1000,3,22783,2026-03-06,2,seq_17394282,64,3,6,3,True,2871,7858,16459182.0,6250.0,True,True,,,
flu_like,0,1000,3,23212,2026-03-06,2,seq_18065779,64,2,5,3,True,6864,11021,14694074.0,8622.0,True,True,,,
flu_like,0,1000,3,24870,2026-03-08,2,seq_19487908,66,1,4,3,True,6864,10907,7375489.0,7926.0,True,True,,,
flu_like,0,1000,3,25056,2026-03-08,2,seq_19744734,66,2,5,3,True,6964,11021,16665079.0,9505.0,True,True,,,
flu_like,0,1000,3,25236,2026-03-08,2,seq_19998875,66,2,5,3,True,7255,8886,11986166.0,8596.0,True,True,,,
flu_like,0,1000,3,25532,2026-03-09,2,seq_20194210 seq_20588185,67,0,3,3,True,6864,8500,4208985.0,7738.0,True,True,,,
flu_like,0,1000,3,26052,2026-03-09,2,seq_20710429,67,4,7,3,True,10624,10662,20710429.0,10675.0,True,False,,,
flu_like,0,1000,3,26340,2026-03-09,2,seq_21128651,67,2,5,3,False,3584,6164,,,,,unresolved_branch,,False
flu_like,0,1000,3,27899,2026-03-11,2,seq_22438119,69,0,3,3,True,3641,6625,5380201.0,4344.0,True,True,,,
flu_like,0,1000,3,28051,2026-03-11,2,seq_22622836,69,3,6,3,True,2845,5413,5063478.0,4007.0,True,True,,,
flu_like,0,1000,3,28194,2026-03-11,2,seq_22781626,69,1,5,4,True,8398,9486,11663062.0,9188.0,True,True,,,
flu_like,0,1000,3,28741,2026-03-12,2,seq_23268074,70,1,5,4,True,3038,8281,11613207.0,4541.0,True,True,,,
flu_like,0,1000,3,29236,2026-03-12,2,seq_23752701,70,2,5,3,True,6864,9581,18550641.0,6965.0,True,True,,,
flu_like,0,1000,3,29791,2026-03-13,2,seq_24200622,71,0,3,3,True,4344,8868,12434452.0,4824.0,True,True,,,
flu_like,0,1000,3,30065,2026-03-13,2,seq_24430727,71,2,5,3,True,1346,4654,19072458.0,2389.0,True,True,,,
flu_like,0,1000,3,30275,2026-03-13,2,seq_24695263,71,2,6,4,True,6864,10790,17779141.0,9702.0,True,True,,,
flu_like,0,1000,3,30373,2026-03-13,2,seq_24834145,71,3,6,3,True,3209,6368,5222685.0,5505.0,True,True,,,
flu_like,0,1000,3,30404,2026-03-13,2,seq_24870330,71,1,4,3,False,4367,4913,,,,,unresolved_branch,,False
flu_like,0,1000,3,31439,2026-03-14,2,seq_25802259,72,2,6,4,True,10773,11453,12198184.0,10866.0,True,True,,,
flu_like,0,1000,3,31498,2026-03-14,2,seq_25874050,72,3,6,3,False,2793,4396,,,,,unresolved_branch,,False
flu_like,0,1000,3,31565,2026-03-14,2,seq_25990286,72,2,6,4,True,5170,5709,21293394.0,5526.0,True,True,,,
flu_like,0,1000,3,32444,2026-03-15,2,seq_26669298,73,2,5,3,True,3496,10790,11356303.0,4854.0,True,True,,,
flu_like,0,1000,3,32482,2026-03-15,2,seq_26720108,73,2,5,3,False,2468,4663,,,,,unresolved_branch,,False
flu_like,0,1000,3,32523,2026-03-15,2,seq_26772656,73,7,13,6,True,4355,6387,22785015.0,5639.0,True,True,,,
flu_like,0,1000,3,32677,2026-03-15,2,seq_27004767,73,2,5,3,False,4003,4307,,,,,unresolved_branch,,False
flu_like,0,1000,3,33549,2026-03-16,2,seq_27730964,74,4,7,3,True,6864,11021,17108839.0,7296.0,True,True,,,
flu_like,0,1000,3,33770,2026-03-16,2,seq_28023791,74,4,7,3,True,9063,10936,19275142.0,9634.0,True,True,,,
flu_like,0,1000,3,34193,2026-03-17,2,seq_28281087,75,4,7,3,True,6049,11021,8504859.0,9679.0,True,True,,,
flu_like,0,1000,3,34889,2026-03-17,2,seq_29054991,75,1,4,3,False,1904,6368,,,,,unresolved_branch,,False
flu_like,0,1000,3,35707,2026-03-18,2,seq_29655579,76,1,5,4,True,3552,4534,13914284.0,4425.0,True,True,,,
flu_like,0,1000,3,35780,2026-03-18,2,seq_29729420,76,4,7,3,False,9620,10236,,,,,unresolved_branch,,False
flu_like,0,1000,3,35828,2026-03-18,2,seq_29797120,76,1,4,3,False,2781,2802,,,,,unresolved_branch,,False
flu_like,0,1000,3,35847,2026-03-18,2,seq_29816794,76,2,6,4,True,2841,9488,28665614.0,3929.0,True,True,,,
flu_like,0,1000,3,35889,2026-03-18,2,seq_29867585,76,1,4,3,False,3863,4492,,,,,unresolved_branch,,False
flu_like,0,1000,3,36546,2026-03-19,2,seq_30335059,77,5,8,3,True,6508,8979,17440173.0,7069.0,True,True,,,
flu_like,0,1000,3,36740,2026-03-19,2,seq_30565399,77,3,6,3,True,4535,6863,14540479.0,5164.0,True,True,,,
flu_like,0,1000,3,36894,2026-03-19,2,seq_30739149,77,3,6,3,False,2760,7868,,,,,unresolved_branch,,False
flu_like,0,1000,3,36938,2026-03-19,2,seq_30778575,77,2,6,4,True,8126,8891,23290022.0,7661.0,True,False,,,
flu_like,0,1000,3,37112,2026-03-19,2,seq_31007099,77,4,7,3,True,8089,10741,6320107.0,10077.0,True,True,,,
flu_like,0,1000,3,37478,2026-03-20,2,seq_31206259,78,5,9,4,True,8821,11120,2259037.0,9726.0,True,True,,,
flu_like,0,1000,3,39113,2026-03-21,2,seq_32700167,79,1,4,3,True,6286,6625,16683252.0,3280.0,True,False,,,
flu_like,0,1000,3,40089,2026-03-22,2,seq_33500167,80,1,6,5,True,6668,8249,31268052.0,7956.0,True,True,,,
flu_like,0,1000,3,40197,2026-03-22,2,seq_33632997,80,6,10,4,True,6864,9029,25163100.0,7714.0,True,True,,,
flu_like,0,1000,3,40367,2026-03-22,2,seq_33823041,80,1,4,3,True,4710,5410,31692630.0,4814.0,True,True,,,
flu_like,0,1000,3,40392,2026-03-22,2,seq_33856882,80,4,7,3,True,5137,6754,18120270.0,5181.0,True,True,,,
flu_like,0,1000,3,40551,2026-03-22,2,seq_34068032,80,6,9,3,True,11503,12155,25517501.0,11874.0,True,True,,,
flu_like,0,1000,3,40955,2026-03-23,2,seq_34233006,81,0,3,3,True,2536,5111,25937458.0,4584.0,True,True,,,
flu_like,0,1000,3,42292,2026-03-24,2,seq_35397392,82,3,7,4,True,4535,6863,2853809.0,6619.0,True,True,,,
flu_like,0,1000,3,42381,2026-03-24,2,seq_35489920,82,3,6,3,True,5036,6634,32166836.0,5503.0,True,True,,,
flu_like,0,1000,3,42428,2026-03-24,2,seq_35549544,82,5,8,3,True,9407,10397,22759072.0,6288.0,True,False,,,
flu_like,0,1000,3,42545,2026-03-24,2,seq_35681154,82,4,7,3,True,1346,2205,28704140.0,1706.0,True,True,,,
flu_like,0,1000,3,42748,2026-03-24,2,seq_35932792,82,5,8,3,True,4834,7134,9836943.0,2163.0,True,False,,,
flu_like,0,1000,3,42779,2026-03-24,2,seq_35972990,82,4,8,4,True,2947,5996,13231772.0,4393.0,True,True,,,
flu_like,0,1000,3,42791,2026-03-24,2,seq_35989246,82,1,4,3,False,3344,3683,,,,,unresolved_branch,,False
flu_like,0,1000,3,43255,2026-03-25,2,seq_36240981,83,5,8,3,True,10717,10811,842418.0,10760.0,True,True,,,
flu_like,0,1000,3,43294,2026-03-25,2,seq_36262955,83,3,8,5,True,6864,10208,26860587.0,7499.0,True,True,,,
flu_like,0,1000,3,43541,2026-03-25,2,seq_36529870,83,6,9,3,True,672,1605,11044275.0,929.0,True,True,,,
flu_like,0,1000,3,43772,2026-03-25,2,seq_36764388,83,3,6,3,True,10379,12571,18713187.0,10141.0,True,False,,,
flu_like,0,1000,3,43882,2026-03-25,2,seq_36912842,83,0,3,3,False,9338,10055,,,,,unresolved_branch,,False
flu_like,0,1000,3,43903,2026-03-25,2,seq_36935586,83,2,5,3,False,3360,5989,,,,,unresolved_branch,,False
flu_like,0,1000,3,43916,2026-03-25,2,seq_36947960,83,4,8,4,True,8738,9550,11761647.0,9474.0,True,True,,,
flu_like,0,1000,3,44555,2026-03-26,2,seq_37359944,84,5,9,4,True,5309,6863,18019887.0,6253.0,True,True,,,
flu_like,0,1000,3,44756,2026-03-26,2,seq_37595491,84,1,4,3,False,3671,4241,,,,,unresolved_branch,,False
flu_like,0,1000,3,44888,2026-03-26,2,seq_37734109,84,3,7,4,True,2150,5059,33354660.0,2376.0,True,True,,,
flu_like,0,1000,3,45171,2026-03-26,2,seq_38079138,84,7,10,3,False,8317,8574,,,,,unresolved_branch,,False
flu_like,0,1000,3,45487,2026-03-27,2,seq_38167348,85,3,6,3,True,672,6863,15073350.0,5784.0,True,True,,,
flu_like,0,1000,3,45512,2026-03-27,2,seq_38176841,85,3,6,3,True,6049,6863,7519693.0,6430.0,True,True,,,
flu_like,0,1000,3,45853,2026-03-27,2,seq_38469371,85,4,7,3,True,8840,9345,2641227.0,9547.0,True,False,,,
flu_like,0,1000,3,46002,2026-03-27,2,seq_38640788,85,5,8,3,True,1219,2870,3250025.0,1751.0,True,True,,,
flu_like,0,1000,3,46104,2026-03-27,2,seq_38770614,85,3,6,3,False,3909,7874,,,,,unresolved_branch,,False
flu_like,0,1000,3,46170,2026-03-27,2,seq_38858130,85,1,4,3,True,763,2100,34091241.0,1633.0,True,True,,,
flu_like,0,1000,3,46189,2026-03-27,2,seq_38893837,85,1,4,3,True,3232,3593,36026629.0,674.0,True,False,,,
flu_like,0,1000,3,46739,2026-03-28,2,seq_39230313,86,2,5,3,False,4699,5769,,,,,unresolved_branch,,False
flu_like,0,1000,3,46807,2026-03-28,2,seq_39283549,86,5,8,3,True,2287,5937,15381573.0,3495.0,True,True,,,
flu_like,0,1000,3,46965,2026-03-28,2,seq_39434438,86,2,5,3,False,1740,4168,,,,,unresolved_branch,,False
flu_like,0,1000,3,47006,2026-03-28,2,seq_39469094,86,3,6,3,False,3960,4317,,,,,unresolved_branch,,False
flu_like,0,1000,3,47058,2026-03-28,2,seq_39514096,86,4,7,3,False,1894,2477,,,,,unresolved_branch,,False
flu_like,0,1000,3,47094,2026-03-28,2,seq_39544461,86,7,10,3,True,1120,5813,27827046.0,5008.0,True,True,,,
flu_like,0,1000,3,47155,2026-03-28,2,seq_39624685,86,7,10,3,True,5092,11120,22583279.0,6138.0,True,True,,,
flu_like,0,1000,3,47283,2026-03-28,2,seq_39756620,86,6,9,3,True,6864,8055,8876372.0,6976.0,True,True,,,
flu_like,0,1000,3,47293,2026-03-28,2,seq_39762798,86,3,6,3,False,3476,4991,,,,,unresolved_branch,,False
flu_like,0,1000,3,47404,2026-03-28,2,seq_39901780,86,7,12,5,True,8721,9985,8482269.0,8976.0,True,True,,,
flu_like,0,1000,3,48098,2026-03-29,2,seq_40367681,87,2,5,3,True,3641,7858,20836334.0,6245.0,True,True,,,
flu_like,0,1000,3,48539,2026-03-29,2,seq_40823325,87,1,6,5,True,7160,7810,39471572.0,6865.0,True,False,,,
flu_like,0,1000,3,48646,2026-03-29,2,seq_40968025,87,1,5,4,True,5986,9372,35289495.0,8694.0,True,True,,,
flu_like,0,1000,3,48696,2026-03-29,2,seq_41032511,87,3,8,5,True,5827,8381,16653861.0,7682.0,True,True,,,
flu_like,0,1000,3,49026,2026-03-30,2,seq_41159582,88,3,6,3,True,4136,7858,19048920.0,7389.0,True,True,,,
flu_like,0,1000,3,49156,2026-03-30,2,seq_41240812,88,6,10,4,True,9986,10339,14034742.0,10045.0,True,True,,,
flu_like,0,1000,3,49708,2026-03-30,2,seq_41819802,88,3,6,3,True,3641,6296,15518369.0,5232.0,True,True,,,
flu_like,0,1000,3,49757,2026-03-30,2,seq_41874437,88,2,5,3,True,1590,6368,2358315.0,2814.0,True,True,,,
flu_like,0,1000,3,49892,2026-03-30,2,seq_42009335,88,6,9,3,True,8627,11021,16938516.0,9275.0,True,True,,,
flu_like,0,1000,3,49949,2026-03-30,2,seq_42093294,88,2,5,3,True,4136,6863,39364126.0,5218.0,True,True,,,
flu_like,0,1000,3,50417,2026-03-31,2,seq_42283136,89,1,4,3,True,10320,11897,32261759.0,10776.0,True,True,,,
flu_like,0,1000,3,50493,2026-03-31,2,seq_42356307,89,6,9,3,False,7502,9130,,,,,unresolved_branch,,False
flu_like,0,1000,3,50644,2026-03-31,2,seq_42501160,89,5,8,3,True,7761,9827,13537516.0,10416.0,True,False,,,
flu_like,0,1000,3,50723,2026-03-31,2,seq_42586070,89,4,7,3,True,7130,7868,42586070.0,2448.0,True,False,,,
flu_like,0,1000,3,50818,2026-03-31,2,seq_42687757,89,7,10,3,True,7332,10299,33978376.0,8209.0,True,True,,,
flu_like,0,1000,3,50825,2026-03-31,2,seq_42694444,89,4,8,4,True,5568,8916,31540568.0,5596.0,True,True,,,
flu_like,0,1000,3,50911,2026-03-31,2,seq_42798863,89,7,10,3,True,3641,6434,13499436.0,6042.0,True,True,,,
flu_like,0,1000,3,51516,2026-04-01,2,seq_43178944,90,2,5,3,False,9173,9442,,,,,unresolved_branch,,False
flu_like,0,1000,3,51805,2026-04-01,2,seq_43432365,90,6,9,3,True,5242,6791,13456196.0,6282.0,True,True,,,
flu_like,0,1000,3,52039,2026-04-01,2,seq_43655178,90,1,4,3,True,10908,11021,28167900.0,10418.0,True,False,,,
flu_like,0,1000,3,52289,2026-04-01,2,seq_43936671,90,3,8,5,True,4872,6316,21717878.0,5334.0,True,True,,,
flu_like,0,1000,3,52319,2026-04-01,2,seq_43997813,90,3,6,3,False,4185,6624,,,,,unresolved_branch,,False
flu_like,0,1000,3,52331,2026-04-01,2,seq_44022054,90,0,3,3,True,1271,4137,328239.0,3701.0,True,True,,,
flu_like,0,1000,3,52917,2026-04-02,2,seq_44297788,91,6,9,3,True,10391,10566,9769956.0,10245.0,True,False,,,
flu_like,0,1000,3,53067,2026-04-02,2,seq_44429817,91,0,3,3,True,1575,3565,38179713.0,2096.0,True,True,,,
flu_like,0,1000,3,53135,2026-04-02,2,seq_44503833,91,2,5,3,False,6864,7108,,,,,unresolved_branch,,False
flu_like,0,1000,3,53219,2026-04-02,2,seq_44595125,91,3,6,3,True,3505,8364,10841.0,5801.0,True,True,,,
flu_like,0,1000,3,53234,2026-04-02,2,seq_44610323,91,8,11,3,False,5800,6716,,,,,unresolved_branch,,False
flu_like,0,1000,3,53277,2026-04-02,2,seq_44669862,91,3,6,3,False,1656,1791,,,,,unresolved_branch,,False
flu_like,0,1000,3,53333,2026-04-02,2,seq_44728035,91,5,8,3,True,1080,6863,33836178.0,3575.0,True,True,,,
flu_like,0,1000,3,53454,2026-04-02,2,seq_44863234,91,3,7,4,True,9807,10409,32395712.0,9814.0,True,True,,,
flu_like,0,1000,3,53935,2026-04-03,2,seq_45152793,92,4,9,5,True,3486,3683,45152793.0,4202.0,True,False,,,
flu_like,0,1000,3,53949,2026-04-03,2,seq_45159903,92,1,5,4,True,9113,10891,42106721.0,10467.0,True,True,,,
flu_like,0,1000,3,53960,2026-04-03,2,seq_45167578,92,1,4,3,False,11889,11921,,,,,unresolved_branch,,False
flu_like,0,1000,3,54130,2026-04-03,2,seq_45319431,92,2,5,3,False,9506,10058,,,,,unresolved_branch,,False
flu_like,0,1000,3,54327,2026-04-03,2,seq_45498700,92,0,3,3,False,5891,8691,,,,,unresolved_branch,,False
flu_like,0,1000,3,54534,2026-04-03,2,seq_45738449,92,1,5,4,True,6864,8733,42569020.0,7876.0,True,True,,,
flu_like,0,1000,3,54566,2026-04-03,2,seq_45763518 seq_45812888,92,2,6,4,True,5167,6863,20310247.0,5459.0,True,True,,,
flu_like,0,1000,3,54660,2026-04-03,2,seq_45877209,92,1,4,3,False,4246,5493,,,,,unresolved_branch,,False
flu_like,0,1000,3,54788,2026-04-03,2,seq_46034139,92,5,8,3,True,679,767,38724791.0,5285.0,True,False,,,
flu_like,0,1000,3,55309,2026-04-04,2,seq_46305391,93,1,4,3,False,4124,4627,,,,,unresolved_branch,,False
flu_like,0,1000,3,55564,2026-04-04,2,seq_46544210,93,3,7,4,True,9202,11021,35720611.0,11001.0,True,True,,,
flu_like,0,1000,3,55582,2026-04-04,2,seq_46562857,93,7,10,3,True,9986,10907,295356.0,10274.0,True,True,,,
flu_like,0,1000,3,55754,2026-04-04,2,seq_46743879,93,7,10,3,True,8721,10907,18508389.0,10629.0,True,True,,,
flu_like,0,1000,3,55842,2026-04-04,2,seq_46858065,93,4,7,3,True,6486,11021,39847555.0,7340.0,True,True,,,
flu_like,0,1000,3,55861,2026-04-04,2,seq_46871135,93,4,7,3,True,6864,9725,22280938.0,12135.0,True,False,,,
flu_like,0,1000,3,55885,2026-04-04,2,seq_46904818,93,2,5,3,True,11287,11989,35804215.0,11590.0,True,True,,,
flu_like,0,1000,3,56032,2026-04-04,2,seq_47065842,93,5,8,3,True,1169,3226,43154407.0,2707.0,True,True,,,
flu_like,0,1000,3,56038,2026-04-04,2,seq_47072113,93,1,4,3,True,6902,8720,37932576.0,6945.0,True,True,,,
flu_like,0,1000,3,56080,2026-04-04,2,seq_47121568,93,2,6,4,True,3802,4644,33543545.0,4316.0,True,True,,,
flu_like,0,1000,3,56517,2026-04-05,2,seq_47278598 seq_47874262,94,5,4,-1,False,8647,9140,,,,,unresolved_branch,,False
flu_like,0,1000,3,56565,2026-04-05,2,seq_47312073,94,3,6,3,True,7940,9253,25147459.0,8699.0,True,True,,,
flu_like,0,1000,3,56698,2026-04-05,2,seq_47479550,94,2,5,3,False,4326,6620,,,,,unresolved_branch,,False
flu_like,0,1000,3,56707,2026-04-05,2,seq_47484323,94,7,10,3,True,898,2412,36512891.0,1115.0,True,True,,,
flu_like,0,1000,3,56836,2026-04-05,2,seq_47625474,94,3,6,3,True,8721,10907,35387051.0,10556.0,True,True,,,
flu_like,0,1000,3,56848,2026-04-05,2,seq_47634834,94,1,4,3,False,3089,3687,,,,,unresolved_branch,,False
flu_like,0,1000,3,56903,2026-04-05,2,seq_47702186,94,10,13,3,True,6728,9784,26086624.0,9012.0,True,True,,,
flu_like,0,1000,3,56943,2026-04-05,2,seq_47749361,94,3,7,4,True,8655,9840,43457913.0,9390.0,True,True,,,
flu_like,0,1000,3,56959,2026-04-05,2,seq_47778825,94,3,6,3,False,765,1167,,,,,unresolved_branch,,False
flu_like,0,1000,3,57029,2026-04-05,2,seq_47842230,94,1,4,3,False,9348,9893,,,,,unresolved_branch,,False
flu_like,0,1000,3,57087,2026-04-05,2,seq_47902203,94,6,9,3,True,6864,11021,23830462.0,7964.0,True,True,,,
flu_like,0,1000,3,57164,2026-04-05,2,seq_47992283,94,3,6,3,False,5905,8049,,,,,unresolved_branch,,False
flu_like,0,1000,3,57169,2026-04-05,2,seq_47993533,94,2,5,3,False,2433,3021,,,,,unresolved_branch,,False
flu_like,0,1000,3,57295,2026-04-05,2,seq_48139853,94,7,11,4,True,7394,8533,35262066.0,8084.0,True,True,,,
flu_like,0,1000,3,57577,2026-04-06,2,seq_48148118,95,3,6,3,True,672,2450,19155690.0,1514.0,True,True,,,
flu_like,0,1000,3,57754,2026-04-06,2,seq_48289382,95,5,8,3,False,7199,7861,,,,,unresolved_branch,,False
flu_like,0,1000,3,57806,2026-04-06,2,seq_48324142,95,4,7,3,True,1346,3262,45207752.0,1454.0,True,True,,,
flu_like,0,1000,3,57835,2026-04-06,2,seq_48356351,95,4,7,3,True,9166,11583,11103588.0,10210.0,True,True,,,
flu_like,0,1000,3,57841,2026-04-06,2,seq_48360661,95,1,4,3,True,1314,4425,31272033.0,3726.0,True,True,,,
flu_like,0,1000,3,57843,2026-04-06,2,seq_48363866,95,5,9,4,True,8783,9581,46260042.0,8905.0,True,True,,,
flu_like,0,1000,3,57895,2026-04-06,2,seq_48420633,95,5,9,4,True,3599,6863,28797668.0,6762.0,True,True,,,
flu_like,0,1000,3,57967,2026-04-06,2,seq_48478422,95,7,10,3,False,3820,3935,,,,,unresolved_branch,,False
flu_like,0,1000,3,58028,2026-04-06,2,seq_48552966,95,6,9,3,False,1448,2536,,,,,unresolved_branch,,False
flu_like,0,1000,3,58051,2026-04-06,2,seq_48578986,95,2,5,3,True,3895,9047,43235109.0,8670.0,True,True,,,
flu_like,0,1000,3,58087,2026-04-06,2,seq_48612711,95,2,5,3,True,2395,4379,27635586.0,2060.0,True,False,,,
flu_like,0,1000,3,58151,2026-04-06,2,seq_48678928,95,5,8,3,False,8033,8310,,,,,unresolved_branch,,False
flu_like,0,1000,3,58197,2026-04-06,2,seq_48734977,95,5,10,5,True,7139,10549,29662199.0,9894.0,True,True,,,
flu_like,0,1000,3,58300,2026-04-06,2,seq_48864312,95,3,7,4,True,9177,9494,28833810.0,7626.0,True,False,,,
flu_like,0,1000,3,58375,2026-04-06,2,seq_48954919,95,5,9,4,True,6899,7768,37109811.0,7702.0,True,True,,,
flu_like,0,1000,3,58426,2026-04-06,2,seq_49010434,95,4,7,3,False,2845,4151,,,,,unresolved_branch,,False
flu_like,0,1000,3,58521,2026-04-06,2,seq_49130343,95,2,5,3,False,4172,5148,,,,,unresolved_branch,,False
flu_like,0,1000,3,58821,2026-04-07,2,seq_49147187,96,7,12,5,True,4130,6231,3666066.0,6008.0,True,True,,,
flu_like,0,1000,3,58843,2026-04-07,2,seq_49163054,96,0,4,4,True,10022,10421,7773248.0,10167.0,True,True,,,
flu_like,0,1000,3,58896,2026-04-07,2,seq_49187036,96,6,10,4,True,9407,9697,29809031.0,688.0,True,False,,,
flu_like,0,1000,3,58943,2026-04-07,2,seq_49220366,96,6,9,3,False,2906,2971,,,,,unresolved_branch,,False
flu_like,0,1000,3,59054,2026-04-07,2,seq_49337177,96,3,6,3,False,4904,5502,,,,,unresolved_branch,,False
flu_like,0,1000,3,59238,2026-04-07,2,seq_49512773,96,0,3,3,True,1126,4534,44965313.0,4166.0,True,True,,,
flu_like,0,1000,3,59446,2026-04-07,2,seq_49716172,96,2,5,3,True,9030,10592,9095826.0,11067.0,True,False,,,
flu_like,0,1000,3,59622,2026-04-07,2,seq_49926447,96,6,9,3,False,8978,9141,,,,,unresolved_branch,,False
flu_like,0,1000,3,59625,2026-04-07,2,seq_49927182,96,6,9,3,True,4702,4980,49927182.0,5027.0,True,False,,,
flu_like,0,1000,3,60077,2026-04-08,2,seq_50151908,97,1,4,3,False,2904,3542,,,,,unresolved_branch,,False
flu_like,0,1000,3,60130,2026-04-08,2,seq_50195647,97,9,12,3,True,7424,8100,1487077.0,6113.0,True,False,,,
flu_like,0,1000,3,60227,2026-04-08,2,seq_50286416,97,7,10,3,False,5137,8641,,,,,unresolved_branch,,False
flu_like,0,1000,3,60285,2026-04-08,2,seq_50335202,97,2,6,4,True,6864,8501,45127273.0,7870.0,True,True,,,
flu_like,0,1000,3,60353,2026-04-08,2,seq_50402819,97,6,9,3,False,6998,7765,,,,,unresolved_branch,,False
flu_like,0,1000,3,60663,2026-04-08,2,seq_50734357,97,4,7,3,True,10908,11120,26639953.0,11051.0,True,True,,,
flu_like,0,1000,3,60667,2026-04-08,2,seq_50742170,97,0,3,3,True,11393,12165,12047358.0,11927.0,True,True,,,
flu_like,0,1000,3,60757,2026-04-08,2,seq_50844868,97,8,11,3,False,6114,6177,,,,,unresolved_branch,,False
flu_like,0,1000,3,60760,2026-04-08,2,seq_50845104,97,7,10,3,False,3523,4263,,,,,relative_recombinant,2536.0,False
flu_like,0,1000,3,60777,2026-04-08,2,seq_50855858,97,7,10,3,True,1412,3597,49794975.0,6043.0,True,False,,,
flu_like,0,1000,3,60848,2026-04-08,2,seq_50940416,97,2,5,3,True,6108,9135,32864770.0,7180.0,True,True,,,
flu_like,0,1000,3,60980,2026-04-08,2,seq_51079379,97,2,5,3,True,6864,9580,28795646.0,9527.0,True,True,,,
flu_like,0,1000,3,61000,2026-04-08,2,seq_51101224,97,9,12,3,False,4394,5493,,,,,unresolved_branch,,False
flu_like,0,1000,3,61366,2026-04-09,2,seq_51184652,98,4,9,5,True,7439,8889,38974546.0,9690.0,True,False,,,
flu_like,0,1000,3,61421,2026-04-09,2,seq_51220062,98,4,9,5,False,5008,6863,,,,,relative_recombinant,5465.0,True
flu_like,0,1000,3,61603,2026-04-09,2,seq_51378801,98,4,7,3,True,3641,7773,19531394.0,4558.0,True,True,,,
flu_like,0,1000,3,61698,2026-04-09,2,seq_51472887,98,3,6,3,False,7346,7464,,,,,unresolved_branch,,False
flu_like,0,1000,3,61703,2026-04-09,2,seq_51475130,98,1,4,3,False,7653,8641,,,,,unresolved_branch,,False
flu_like,0,1000,3,61814,2026-04-09,2,seq_51559863,98,7,10,3,True,7541,9151,33698948.0,8864.0,True,True,,,
flu_like,0,1000,3,62003,2026-04-09,2,seq_51774263,98,3,6,3,False,4136,7654,,,,,relative_recombinant,6301.0,True
flu_like,0,1000,3,62022,2026-04-09,2,seq_51791383,98,4,7,3,False,1206,2100,,,,,unresolved_branch,,False
flu_like,0,1000,3,62081,2026-04-09,2,seq_51863699,98,7,12,5,False,8984,9471,,,,,unresolved_branch,,False
flu_like,0,1000,3,62266,2026-04-09,2,seq_52093937,98,3,6,3,True,6864,11021,42956553.0,9885.0,True,True,,,
flu_like,0,1000,3,62276,2026-04-09,2,seq_52105923,98,8,14,6,True,6114,6597,17336083.0,6493.0,True,True,,,
flu_like,0,1000,3,62285,2026-04-09,2,seq_52115695,98,3,6,3,False,4247,4289,,,,,unresolved_branch,,False
flu_like,0,1000,3,62306,2026-04-09,2,seq_52142106,98,1,4,3,False,11239,11515,,,,,unresolved_branch,,False
flu_like,0,1000,3,62610,2026-04-10,2,seq_52149926,99,2,5,3,True,2607,3259,42506350.0,2088.0,True,False,,,
flu_like,0,1000,3,62816,2026-04-10,2,seq_52319780,99,3,10,7,True,6864,8735,39777261.0,7161.0,True,True,,,
flu_like,0,1000,3,62823,2026-04-10,2,seq_52325512,99,3,6,3,True,9754,9845,41182248.0,9266.0,True,False,,,
flu_like,0,1000,3,62834,2026-04-10,2,seq_52337906,99,2,6,4,True,11121,11923,39507908.0,11584.0,True,True,,,
flu_like,0,1000,3,62838,2026-04-10,2,seq_52339660,99,3,6,3,False,10432,11144,,,,,unresolved_branch,,False
flu_like,0,1000,3,63169,2026-04-10,2,seq_52689556,99,6,9,3,True,11022,11052,2358868.0,11715.0,True,False,,,
flu_like,0,1000,3,63246,2026-04-10,2,seq_52779784,99,2,5,3,True,5033,6863,48239588.0,5636.0,True,True,,,
flu_like,0,1000,3,63278,2026-04-10,2,seq_52821054,99,3,6,3,False,5344,8167,,,,,unresolved_branch,,False
flu_like,0,1000,3,63303,2026-04-10,2,seq_52843075,99,4,7,3,False,3990,4534,,,,,relative_recombinant,4217.0,True
flu_like,0,1000,3,63342,2026-04-10,2,seq_52879114,99,1,4,3,False,5160,6163,,,,,unresolved_branch,,False
flu_like,0,1000,3,63454,2026-04-10,2,seq_52996627,99,5,8,3,True,1204,2093,33399998.0,1427.0,True,True,,,
flu_like,0,1000,3,63471,2026-04-10,2,seq_53012414,99,3,6,3,False,11439,11519,,,,,unresolved_branch,,False
flu_like,0,1000,3,63482,2026-04-10,2,seq_53023555,99,4,9,5,True,10154,11867,33094945.0,9271.0,True,False,,,
flu_like,0,1000,3,63497,2026-04-10,2,seq_53033386,99,0,5,5,True,2770,9606,49184605.0,4272.0,True,True,,,
flu_like,0,1000,3,63542,2026-04-10,2,seq_53099312,99,5,8,3,True,4160,5350,42947736.0,5062.0,True,True,,,
flu_like,0,1000,3,63580,2026-04-10,2,seq_53135259,99,5,8,3,False,3223,3640,,,,,unresolved_branch,,False
flu_like,0,1000,3,63965,2026-04-11,2,seq_53187300,100,1,4,3,True,6073,6863,40783518.0,2379.0,True,False,,,
flu_like,0,1000,3,63969,2026-04-11,2,seq_53193523,100,4,8,4,True,2803,3194,17242569.0,2954.0,True,True,,,
flu_like,0,1000,3,63997,2026-04-11,2,seq_53223327,100,1,4,3,True,10763,11024,3250025.0,1751.0,True,False,,,
flu_like,0,1000,3,64090,2026-04-11,2,seq_53305979,100,2,5,3,True,3641,5215,40362972.0,5151.0,True,True,,,
flu_like,0,1000,3,64197,2026-04-11,2,seq_53393449,100,1,4,3,False,7148,7681,,,,,unresolved_branch,,False
flu_like,0,1000,3,64282,2026-04-11,2,seq_53485960,100,3,10,7,True,11022,11333,35915852.0,11103.0,True,True,,,
flu_like,0,1000,3,64284,2026-04-11,2,seq_53488002,100,4,7,3,True,11837,11971,52018052.0,12273.0,True,False,,,
flu_like,0,1000,3,64478,2026-04-11,2,seq_53689538,100,5,8,3,False,8608,8831,,,,,unresolved_branch,,False
flu_like,0,1000,3,64553,2026-04-11,2,seq_53791571,100,9,13,4,True,6864,10492,25789362.0,8583.0,True,True,,,
flu_like,0,1000,3,64604,2026-04-11,2,seq_53840410,100,6,12,6,True,6366,10848,10465025.0,9460.0,True,True,,,
flu_like,0,1000,3,64616,2026-04-11,2,seq_53851624 seq_54051293,100,4,7,3,True,2060,3179,44890566.0,2881.0,True,True,,,
flu_like,0,1000,3,64625,2026-04-11,2,seq_53865554,100,4,7,3,True,3154,4874,44847725.0,9523.0,True,False,,,
flu_like,0,1000,3,64679,2026-04-11,2,seq_53920061,100,3,7,4,True,9582,9947,38469561.0,7878.0,True,False,,,
flu_like,0,1000,3,64729,2026-04-11,2,seq_53980106,100,4,7,3,False,4950,5436,,,,,unresolved_branch,,False
flu_like,0,1000,3,64740,2026-04-11,2,seq_53989349,100,5,8,3,False,9660,10943,,,,,unresolved_branch,,False
flu_like,0,1000,3,64742,2026-04-11,2,seq_53992697,100,1,6,5,True,10654,11021,53992697.0,10816.0,True,True,,,
flu_like,0,1000,4,12629,2026-02-23,2,seq_6611646,53,1,5,4,True,6864,8801,2154704.0,8157.0,True,True,,,
flu_like,0,1000,4,17951,2026-03-01,2,seq_12604514,59,3,7,4,True,5814,11021,12604514.0,6919.0,True,True,,,
flu_like,0,1000,4,18088,2026-03-01,2,seq_12804099,59,3,8,5,True,6804,9359,392451.0,6810.0,True,True,,,
flu_like,0,1000,4,18611,2026-03-02,2,seq_13263730,60,0,4,4,True,3641,6863,1304346.0,6767.0,True,True,,,
flu_like,0,1000,4,19551,2026-03-03,2,seq_14244156,61,4,8,4,True,6864,9485,10155433.0,7230.0,True,True,,,
flu_like,0,1000,4,19909,2026-03-03,2,seq_14556992,61,2,6,4,True,7532,8720,11260015.0,8073.0,True,True,,,
flu_like,0,1000,4,20944,2026-03-04,2,seq_15682078,62,2,6,4,True,3746,6113,10495605.0,5960.0,True,True,,,
flu_like,0,1000,4,21594,2026-03-05,2,seq_16287227,63,2,6,4,True,5219,7858,702017.0,5697.0,True,True,,,
flu_like,0,1000,4,28164,2026-03-11,2,seq_22781626,69,1,5,4,True,8398,9486,11663062.0,9188.0,True,True,,,
flu_like,0,1000,4,28712,2026-03-12,2,seq_23268074,70,1,5,4,True,3038,8281,11613207.0,4541.0,True,True,,,
flu_like,0,1000,4,30244,2026-03-13,2,seq_24695263,71,2,6,4,True,6864,10790,17779141.0,9702.0,True,True,,,
flu_like,0,1000,4,31407,2026-03-14,2,seq_25802259,72,2,6,4,True,10773,11453,12198184.0,10866.0,True,True,,,
flu_like,0,1000,4,31532,2026-03-14,2,seq_25990286,72,2,6,4,True,5170,5709,21293394.0,5526.0,True,True,,,
flu_like,0,1000,4,32489,2026-03-15,2,seq_26772656,73,7,13,6,True,4355,6387,22785015.0,5639.0,True,True,,,
flu_like,0,1000,4,35673,2026-03-18,2,seq_29655579,76,1,5,4,True,3552,4534,13914284.0,4425.0,True,True,,,
flu_like,0,1000,4,35811,2026-03-18,2,seq_29816794,76,2,6,4,True,2841,9488,28665614.0,3929.0,True,True,,,
flu_like,0,1000,4,36902,2026-03-19,2,seq_30778575,77,2,6,4,True,8126,8891,23290022.0,7661.0,True,False,,,
flu_like,0,1000,4,37442,2026-03-20,2,seq_31206259,78,5,9,4,True,8821,11120,2259037.0,9726.0,True,True,,,
flu_like,0,1000,4,40054,2026-03-22,2,seq_33500167,80,1,6,5,True,6668,8249,31268052.0,7956.0,True,True,,,
flu_like,0,1000,4,40162,2026-03-22,2,seq_33632997,80,6,10,4,True,6864,9029,25163100.0,7714.0,True,True,,,
flu_like,0,1000,4,42254,2026-03-24,2,seq_35397392,82,3,7,4,True,4535,6863,2853809.0,6619.0,True,True,,,
flu_like,0,1000,4,42737,2026-03-24,2,seq_35972990,82,4,8,4,True,2947,5996,13231772.0,4393.0,True,True,,,
flu_like,0,1000,4,43251,2026-03-25,2,seq_36262955,83,3,8,5,True,6864,10208,26860587.0,7499.0,True,True,,,
flu_like,0,1000,4,43870,2026-03-25,2,seq_36947960,83,4,8,4,True,8738,9550,11761647.0,9474.0,True,True,,,
flu_like,0,1000,4,44510,2026-03-26,2,seq_37359944,84,5,9,4,True,5309,6863,18019887.0,6253.0,True,True,,,
flu_like,0,1000,4,44842,2026-03-26,2,seq_37734109,84,3,7,4,True,2150,5059,33354660.0,2376.0,True,True,,,
flu_like,0,1000,4,47349,2026-03-28,2,seq_39901780,86,7,12,5,True,8721,9985,8482269.0,8976.0,True,True,,,
flu_like,0,1000,4,48487,2026-03-29,2,seq_40823325,87,1,6,5,True,7160,7810,39471572.0,6865.0,True,False,,,
flu_like,0,1000,4,48594,2026-03-29,2,seq_40968025,87,1,5,4,True,5986,9372,35289495.0,8694.0,True,True,,,
flu_like,0,1000,4,48644,2026-03-29,2,seq_41032511,87,3,8,5,True,5827,8381,16653861.0,7682.0,True,True,,,
flu_like,0,1000,4,49106,2026-03-30,2,seq_41240812,88,6,10,4,True,9986,10339,14034742.0,10045.0,True,True,,,
flu_like,0,1000,4,50766,2026-03-31,2,seq_42694444,89,4,8,4,True,5568,8916,31540568.0,5596.0,True,True,,,
flu_like,0,1000,4,52228,2026-04-01,2,seq_43936671,90,3,8,5,True,4872,6316,21717878.0,5334.0,True,True,,,
flu_like,0,1000,4,53388,2026-04-02,2,seq_44863234,91,3,7,4,True,9807,10409,32395712.0,9814.0,True,True,,,
flu_like,0,1000,4,53874,2026-04-03,2,seq_45152793,92,4,9,5,True,3486,3683,45152793.0,4202.0,True,False,,,
flu_like,0,1000,4,53888,2026-04-03,2,seq_45159903,92,1,5,4,True,9113,10891,42106721.0,10467.0,True,True,,,
flu_like,0,1000,4,54471,2026-04-03,2,seq_45738449,92,1,5,4,True,6864,8733,42569020.0,7876.0,True,True,,,
flu_like,0,1000,4,54503,2026-04-03,2,seq_45763518 seq_45812888,92,2,6,4,True,5167,6863,20310247.0,5459.0,True,True,,,
flu_like,0,1000,4,55500,2026-04-04,2,seq_46544210,93,3,7,4,True,9202,11021,35720611.0,11001.0,True,True,,,
flu_like,0,1000,4,56009,2026-04-04,2,seq_47121568,93,2,6,4,True,3802,4644,33543545.0,4316.0,True,True,,,
flu_like,0,1000,4,56868,2026-04-05,2,seq_47749361,94,3,7,4,True,8655,9840,43457913.0,9390.0,True,True,,,
flu_like,0,1000,4,57215,2026-04-05,2,seq_48139853,94,7,11,4,True,7394,8533,35262066.0,8084.0,True,True,,,
flu_like,0,1000,4,57768,2026-04-06,2,seq_48363866,95,5,9,4,True,8783,9581,46260042.0,8905.0,True,True,,,
flu_like,0,1000,4,57821,2026-04-06,2,seq_48420633,95,5,9,4,True,3599,6863,28797668.0,6762.0,True,True,,,
flu_like,0,1000,4,58116,2026-04-06,2,seq_48734977,95,5,10,5,True,7139,10549,29662199.0,9894.0,True,True,,,
flu_like,0,1000,4,58219,2026-04-06,2,seq_48864312,95,3,7,4,True,5967,9494,28833810.0,7626.0,True,True,,,
flu_like,0,1000,4,58295,2026-04-06,2,seq_48954919,95,5,9,4,True,6899,7768,37109811.0,7702.0,True,True,,,
flu_like,0,1000,4,58745,2026-04-07,2,seq_49147187,96,7,12,5,True,4130,6231,3666066.0,6008.0,True,True,,,
flu_like,0,1000,4,58767,2026-04-07,2,seq_49163054,96,0,4,4,True,10022,10421,7773248.0,10167.0,True,True,,,
flu_like,0,1000,4,58820,2026-04-07,2,seq_49187036,96,6,10,4,True,9407,9697,29809031.0,688.0,True,False,,,
flu_like,0,1000,4,60204,2026-04-08,2,seq_50335202,97,2,6,4,True,6864,8501,45127273.0,7870.0,True,True,,,
flu_like,0,1000,4,61282,2026-04-09,2,seq_51184652,98,4,9,5,True,7439,8889,38974546.0,9690.0,True,False,,,
flu_like,0,1000,4,61337,2026-04-09,2,seq_51220062,98,4,9,5,False,5008,6863,,,,,relative_recombinant,5465.0,True
flu_like,0,1000,4,61990,2026-04-09,2,seq_51863699,98,7,12,5,False,8984,9471,,,,,unresolved_branch,,False
flu_like,0,1000,4,62184,2026-04-09,2,seq_52105923,98,8,14,6,True,6114,6597,17336083.0,6493.0,True,True,,,
flu_like,0,1000,4,62726,2026-04-10,2,seq_52319780,99,3,10,7,True,6864,8735,39777261.0,7161.0,True,True,,,
flu_like,0,1000,4,62743,2026-04-10,2,seq_52337906,99,2,6,4,True,11121,11923,39507908.0,11584.0,True,True,,,
flu_like,0,1000,4,63384,2026-04-10,2,seq_53023555,99,4,9,5,True,10154,11867,33094945.0,9271.0,True,False,,,
flu_like,0,1000,4,63399,2026-04-10,2,seq_53033386,99,0,5,5,True,2770,9606,49184605.0,4272.0,True,True,,,
flu_like,0,1000,4,63875,2026-04-11,2,seq_53193523,100,4,8,4,True,2803,3194,17242569.0,2954.0,True,True,,,
flu_like,0,1000,4,63903,2026-04-11,2,seq_53223327,100,1,5,4,True,10763,11024,3250025.0,1751.0,True,False,,,
flu_like,0,1000,4,64187,2026-04-11,2,seq_53485960,100,3,10,7,True,11022,11333,35915852.0,11103.0,True,True,,,
flu_like,0,1000,4,64457,2026-04-11,2,seq_53791571,100,9,13,4,True,6864,10492,25789362.0,8583.0,True,True,,,
flu_like,0,1000,4,64507,2026-04-11,2,seq_53840410,100,6,12,6,True,6366,10848,10465025.0,9460.0,True,True,,,
flu_like,0,1000,4,64581,2026-04-11,2,seq_53920061,100,3,7,4,True,9582,9947,38469561.0,7878.0,True,False,,,
flu_like,0,1000,4,64641,2026-04-11,2,seq_53992697,100,1,6,5,True,10654,11021,53992697.0,10816.0,True,True,,,
flu_like,0,1000,5,18086,2026-03-01,2,seq_12804099,59,3,8,5,True,6804,9359,392451.0,6810.0,True,True,,,
flu_like,0,1000,5,32480,2026-03-15,2,seq_26772656,73,7,13,6,True,4355,6387,22785015.0,5639.0,True,True,,,
flu_like,0,1000,5,40041,2026-03-22,2,seq_33500167,80,1,6,5,True,6668,8249,31268052.0,7956.0,True,True,,,
flu_like,0,1000,5,47336,2026-03-28,2,seq_39901780,86,7,12,5,True,8721,9985,8482269.0,8976.0,True,True,,,
flu_like,0,1000,5,48474,2026-03-29,2,seq_40823325,87,1,6,5,True,7160,7810,39471572.0,6865.0,True,False,,,
flu_like,0,1000,5,48630,2026-03-29,2,seq_41032511,87,3,8,5,True,5827,8381,16653861.0,7682.0,True,True,,,
flu_like,0,1000,5,52212,2026-04-01,2,seq_43936671,90,3,8,5,True,4872,6316,21717878.0,5334.0,True,True,,,
flu_like,0,1000,5,53857,2026-04-03,2,seq_45152793,92,4,9,5,True,3486,3683,45152793.0,4202.0,True,False,,,
flu_like,0,1000,5,58097,2026-04-06,2,seq_48734977,95,5,10,5,True,7139,10549,29662199.0,9894.0,True,True,,,
flu_like,0,1000,5,58724,2026-04-07,2,seq_49147187,96,7,12,5,True,4130,6231,3666066.0,6008.0,True,True,,,
flu_like,0,1000,5,61259,2026-04-09,2,seq_51184652,98,4,9,5,True,7439,8889,38974546.0,9690.0,True,False,,,
flu_like,0,1000,5,61314,2026-04-09,2,seq_51220062,98,4,9,5,False,5008,6863,,,,,relative_recombinant,5465.0,True
flu_like,0,1000,5,61967,2026-04-09,2,seq_51863699,98,7,12,5,False,8984,9471,,,,,unresolved_branch,,False
flu_like,0,1000,5,62161,2026-04-09,2,seq_52105923,98,8,14,6,True,6114,6597,17336083.0,6493.0,True,True,,,
flu_like,0,1000,5,62703,2026-04-10,2,seq_52319780,99,3,10,7,True,6864,8735,39777261.0,7161.0,True,True,,,
flu_like,0,1000,5,63360,2026-04-10,2,seq_53023555,99,4,9,5,True,10154,11867,33094945.0,9271.0,True,False,,,
flu_like,0,1000,5,63375,2026-04-10,2,seq_53033386,99,0,5,5,True,2770,9606,49184605.0,4272.0,True,True,,,
flu_like,0,1000,5,64162,2026-04-11,2,seq_53485960,100,3,10,7,True,11022,11333,35915852.0,11103.0,True,True,,,
flu_like,0,1000,5,64481,2026-04-11,2,seq_53840410,100,6,12,6,True,6366,10848,10465025.0,9460.0,True,True,,,
flu_like,0,1000,5,64614,2026-04-11,2,seq_53992697,100,1,6,5,True,10654,11021,53992697.0,10816.0,True,True,,,
flu_like,1,200,3,2809,2026-02-19,2,seq_2467700,49,2,5,3,True,2551,5427,219356.0,5346.0,True,True,,,
flu_like,1,200,3,3930,2026-02-25,2,seq_8238564,55,2,5,3,True,5464,7886,859896.0,7599.0,True,True,,,
flu_like,1,200,3,4795,2026-03-01,2,seq_12749153,59,2,5,3,True,3790,6360,4390599.0,7732.0,True,False,,,
flu_like,1,200,3,5451,2026-03-04,2,seq_15920662,62,1,4,3,True,8055,11179,847512.0,10565.0,True,True,,,
flu_like,1,200,3,5575,2026-03-05,2,seq_16444099,63,0,3,3,True,2450,10651,13988929.0,7813.0,True,True,,,
flu_like,1,200,3,5653,2026-03-05,2,seq_16876675,63,2,5,3,True,7069,9960,1657514.0,2226.0,True,False,,,
flu_like,1,200,3,6084,2026-03-07,2,seq_18838668,65,5,8,3,True,8055,11527,281294.0,9885.0,True,True,,,
flu_like,1,200,3,6206,2026-03-08,2,seq_19339702,66,3,6,3,True,3329,4808,12160459.0,3996.0,True,True,,,
flu_like,1,200,3,6251,2026-03-08,2,seq_19554604,66,0,3,3,True,4153,7526,19554604.0,5814.0,True,True,,,
flu_like,1,200,3,6310,2026-03-08,2,seq_19935543,66,1,4,3,True,7438,8683,415075.0,8199.0,True,True,,,
flu_like,1,200,3,6513,2026-03-09,2,seq_20868240,67,2,5,3,True,2809,10006,15111291.0,9654.0,True,True,,,
flu_like,1,200,3,7050,2026-03-12,2,seq_23169684,70,5,9,4,True,6719,10006,22155270.0,7594.0,True,True,,,
flu_like,1,200,3,8021,2026-03-16,2,seq_27377823,74,3,6,3,True,2286,3242,297910.0,1957.0,True,False,,,
flu_like,1,200,3,8071,2026-03-16,2,seq_27696649,74,4,7,3,True,2789,5910,3278031.0,5229.0,True,True,,,
flu_like,1,200,3,8337,2026-03-17,2,seq_28879939,75,4,7,3,True,4708,4923,24510252.0,2656.0,True,False,,,
flu_like,1,200,3,8492,2026-03-18,2,seq_29388235,76,2,5,3,True,2899,7525,366289.0,7302.0,True,True,,,
flu_like,1,200,3,8768,2026-03-19,2,seq_30646828,77,4,7,3,True,2880,5278,11237732.0,3497.0,True,True,,,
flu_like,1,200,3,9311,2026-03-21,2,seq_33124694,79,4,9,5,True,6650,7886,4799884.0,7032.0,True,True,,,
flu_like,1,200,3,9499,2026-03-22,2,seq_33810277,80,7,10,3,True,2169,2956,21428617.0,1594.0,True,False,,,
flu_like,1,200,3,9674,2026-03-23,2,seq_34537402,81,4,7,3,True,2211,3242,2557751.0,2412.0,True,True,,,
flu_like,1,200,3,9739,2026-03-23,2,seq_35042326,81,7,10,3,False,5991,7654,,,,,unresolved_branch,,False
flu_like,1,200,3,9927,2026-03-24,2,seq_35711221,82,5,8,3,True,2227,6201,60963.0,4580.0,True,True,,,
flu_like,1,200,3,10049,2026-03-25,2,seq_36153938,83,2,6,4,True,4153,7818,1271693.0,4518.0,True,True,,,
flu_like,1,200,3,10397,2026-03-26,2,seq_37631045,84,4,7,3,True,4153,10231,37631045.0,10102.0,True,True,,,
flu_like,1,200,3,10683,2026-03-27,2,seq_38899259,85,3,6,3,True,10343,10473,17485095.0,9228.0,True,False,,,
flu_like,1,200,3,10916,2026-03-28,2,seq_39803103,86,2,6,4,True,4051,6626,38243068.0,4154.0,True,True,,,
flu_like,1,200,3,11021,2026-03-29,2,seq_40158544,87,4,7,3,True,6038,11003,5434838.0,6704.0,True,True,,,
flu_like,1,200,3,11023,2026-03-29,2,seq_40163358,87,2,5,3,False,3637,4790,,,,,unresolved_branch,,False
flu_like,1,200,3,11026,2026-03-29,2,seq_40179323,87,2,5,3,False,1851,9145,,,,,relative_recombinant,2488.0,True
flu_like,1,200,3,11076,2026-03-29,2,seq_40312563,87,4,7,3,True,8920,8929,25197046.0,8451.0,True,False,,,
flu_like,1,200,3,11658,2026-03-31,2,seq_42835674,89,2,5,3,True,6105,6817,32093757.0,6487.0,True,True,,,
flu_like,1,200,3,11808,2026-04-01,2,seq_43386557,90,3,6,3,True,3835,8054,25529234.0,7901.0,True,True,,,
flu_like,1,200,3,11830,2026-04-01,2,seq_43471822,90,1,4,3,True,2294,4600,42847724.0,8695.0,True,False,,,
flu_like,1,200,3,11855,2026-04-01,2,seq_43593706,90,5,8,3,True,5313,6316,30204362.0,3555.0,True,False,,,
flu_like,1,200,3,11897,2026-04-01,2,seq_43808803,90,3,6,3,False,6443,8783,,,,,unresolved_branch,,False
flu_like,1,200,3,12111,2026-04-02,2,seq_44599912,91,5,9,4,True,2551,3242,23381744.0,3227.0,True,True,,,
flu_like,1,200,3,12755,2026-04-05,2,seq_47171414,94,4,7,3,True,7671,9632,10733719.0,8342.0,True,True,,,
flu_like,1,200,3,12839,2026-04-05,2,seq_47574124,94,4,7,3,True,6745,8913,14713825.0,7294.0,True,True,,,
flu_like,1,200,3,13106,2026-04-06,2,seq_48771648,95,5,8,3,True,2637,9597,5310613.0,5123.0,True,True,,,
flu_like,1,200,3,13585,2026-04-08,2,seq_50549580,97,5,8,3,False,5304,6316,,,,,unresolved_branch,,False
flu_like,1,200,3,14002,2026-04-10,2,seq_52173617,99,5,8,3,True,2227,9501,47781198.0,5633.0,True,True,,,
flu_like,1,200,3,14004,2026-04-10,2,seq_52183346,99,5,8,3,True,4102,7567,47772275.0,4778.0,True,True,,,
flu_like,1,200,3,14083,2026-04-10,2,seq_52590962,99,3,7,4,True,5428,7970,48404402.0,6547.0,True,True,,,
flu_like,1,200,3,14388,2026-04-11,2,seq_53725911,100,7,10,3,True,8456,9521,53725911.0,9216.0,True,True,,,
flu_like,1,200,4,7042,2026-03-12,2,seq_23169684,70,5,9,4,True,6719,10006,22155270,7594,True,True,,,
flu_like,1,200,4,9299,2026-03-21,2,seq_33124694,79,4,9,5,True,6650,7886,4799884,7032,True,True,,,
flu_like,1,200,4,10036,2026-03-25,2,seq_36153938,83,2,6,4,True,4153,7818,1271693,4518,True,True,,,
flu_like,1,200,4,10902,2026-03-28,2,seq_39803103,86,2,6,4,True,4051,6626,38243068,4154,True,True,,,
flu_like,1,200,4,12092,2026-04-02,2,seq_44599912,91,5,9,4,True,2551,3242,23381744,3227,True,True,,,
flu_like,1,200,4,14060,2026-04-10,2,seq_52590962,99,3,7,4,True,5428,7970,48404402,6547,True,True,,,
flu_like,1,200,5,9299,2026-03-21,2,seq_33124694,79,4,9,5,True,6650,7886,4799884,7032,True,True,,,
flu_like,1,1000,3,2778,2026-02-06,2,seq_85679,36,0,3,3,True,2227,9521,60963.0,4580.0,True,True,,,
flu_like,1,1000,3,7594,2026-02-16,2,seq_1184806,46,1,4,3,True,2854,11514,379020.0,8326.0,True,True,,,
flu_like,1,1000,3,7603,2026-02-16,2,seq_1192768,46,4,7,3,True,8094,11179,1192768.0,10305.0,True,True,,,
flu_like,1,1000,3,9395,2026-02-19,2,seq_2467700,49,1,5,4,True,3682,5427,219356.0,5346.0,True,True,,,
flu_like,1,1000,3,11324,2026-02-21,2,seq_4981958,51,1,4,3,True,7438,8683,415075.0,8199.0,True,True,,,
flu_like,1,1000,3,11503,2026-02-22,2,seq_5152063,52,6,9,3,True,3402,5427,89217.0,2617.0,True,False,,,
flu_like,1,1000,3,11512,2026-02-22,2,seq_5161300,52,2,7,5,True,2854,5966,5161300.0,5032.0,True,True,,,
flu_like,1,1000,3,12137,2026-02-22,2,seq_6044128,52,0,3,3,True,9951,10919,5127914.0,10373.0,True,True,,,
flu_like,1,1000,3,12493,2026-02-23,2,seq_6282021,53,1,4,3,True,6719,10403,742560.0,8328.0,True,True,,,
flu_like,1,1000,3,12696,2026-02-23,2,seq_6573193,53,0,3,3,True,4513,8015,1028823.0,7243.0,True,True,,,
flu_like,1,1000,3,13388,2026-02-24,2,seq_7417216,54,2,5,3,True,3790,6360,4390599.0,7732.0,True,False,,,
flu_like,1,1000,3,13619,2026-02-24,2,seq_7700253,54,2,6,4,True,8224,9063,5914300.0,8809.0,True,True,,,
flu_like,1,1000,3,14097,2026-02-25,2,seq_8268599,55,1,4,3,True,2211,4155,7825047.0,2521.0,True,True,,,
flu_like,1,1000,3,15261,2026-02-26,2,seq_9565333,56,0,3,3,True,6038,11003,5434838.0,6704.0,True,True,,,
flu_like,1,1000,3,16944,2026-02-28,2,seq_11403995,58,3,7,4,True,6818,9498,93039.0,9412.0,True,True,,,
flu_like,1,1000,3,18822,2026-03-02,2,seq_13429835 seq_13480295,60,3,7,4,True,9995,10622,1717853.0,10087.0,True,True,,,
flu_like,1,1000,3,19227,2026-03-02,2,seq_13973469,60,2,6,4,True,2959,10231,7609349.0,5966.0,True,True,,,
flu_like,1,1000,3,19561,2026-03-03,2,seq_14200034,61,2,5,3,True,5419,8836,6836319.0,7655.0,True,True,,,
flu_like,1,1000,3,19665,2026-03-03,2,seq_14268836,61,3,6,3,True,6719,11179,13576498.0,8707.0,True,True,,,
flu_like,1,1000,3,19959,2026-03-03,2,seq_14555359,61,3,6,3,True,2211,3242,2557751.0,2412.0,True,True,,,
flu_like,1,1000,3,20643,2026-03-04,2,seq_15280731,62,0,3,3,True,1456,7187,14689350.0,3500.0,True,True,,,
flu_like,1,1000,3,20744,2026-03-04,2,seq_15357350,62,3,6,3,True,9653,10582,1187967.0,11605.0,True,False,,,
flu_like,1,1000,3,20801,2026-03-04,2,seq_15419377,62,2,5,3,True,2880,5278,11237732.0,3497.0,True,True,,,
flu_like,1,1000,3,21275,2026-03-04,2,seq_16084999,62,4,7,3,True,4368,7826,301075.0,5944.0,True,True,,,
flu_like,1,1000,3,22071,2026-03-05,2,seq_16761485,63,0,3,3,True,8276,9521,4663010.0,9510.0,True,True,,,
flu_like,1,1000,3,23238,2026-03-06,2,seq_18025066,64,1,5,4,True,9522,9956,11229990.0,9864.0,True,True,,,
flu_like,1,1000,3,24014,2026-03-07,2,seq_18634705,65,3,6,3,True,7551,10288,3030095.0,8299.0,True,True,,,
flu_like,1,1000,3,24155,2026-03-07,2,seq_18838668,65,3,7,4,True,8055,11527,281294.0,9885.0,True,True,,,
flu_like,1,1000,3,24219,2026-03-07,2,seq_18938748,65,4,7,3,True,5967,9956,12762342.0,6114.0,True,True,,,
flu_like,1,1000,3,24791,2026-03-08,2,seq_19339702,66,3,6,3,True,3329,4808,12160459.0,3996.0,True,True,,,
flu_like,1,1000,3,24986,2026-03-08,2,seq_19554604,66,0,3,3,True,4153,7526,19554604.0,5814.0,True,True,,,
flu_like,1,1000,3,25003,2026-03-08,2,seq_19568354,66,0,3,3,True,6524,9363,17355356.0,8654.0,True,True,,,
flu_like,1,1000,3,25326,2026-03-08,2,seq_20045357,66,2,5,3,True,4571,9994,13886700.0,5769.0,True,True,,,
flu_like,1,1000,3,25976,2026-03-09,2,seq_20531385,67,2,5,3,True,2211,6316,4253458.0,5929.0,True,True,,,
flu_like,1,1000,3,26244,2026-03-09,2,seq_20868240,67,2,5,3,True,2809,10006,15111291.0,9654.0,True,True,,,
flu_like,1,1000,3,26375,2026-03-09,2,seq_21070721,67,2,5,3,True,3454,8120,7478626.0,7140.0,True,True,,,
flu_like,1,1000,3,27181,2026-03-10,2,seq_21657811,68,2,6,4,True,5527,7304,16690849.0,6427.0,True,True,,,
flu_like,1,1000,3,27387,2026-03-10,2,seq_21953099,68,2,5,3,False,5744,8310,,,,,unresolved_branch,,False
flu_like,1,1000,3,28342,2026-03-11,2,seq_22817852,69,1,4,3,True,5911,7024,11274884.0,6770.0,True,True,,,
flu_like,1,1000,3,28384,2026-03-11,2,seq_22850734,69,2,5,3,True,4316,5427,8953057.0,4691.0,True,True,,,
flu_like,1,1000,3,28510,2026-03-11,2,seq_23020292,69,5,8,3,True,1840,2944,13649842.0,2018.0,True,True,,,
flu_like,1,1000,3,28529,2026-03-11,2,seq_23064337,69,3,7,4,True,3052,3258,20984088.0,3241.0,True,True,,,
flu_like,1,1000,3,28788,2026-03-12,2,seq_23169684,70,4,9,5,True,6719,9594,22155270.0,7594.0,True,True,,,
flu_like,1,1000,3,28985,2026-03-12,2,seq_23295951,70,4,8,4,True,5047,7254,9660081.0,5157.0,True,True,,,
flu_like,1,1000,3,29381,2026-03-12,2,seq_23761949,70,4,7,3,True,2575,5224,19920467.0,4930.0,True,True,,,
flu_like,1,1000,3,29555,2026-03-12,2,seq_24011294,70,4,8,4,True,8362,11179,10963321.0,9171.0,True,True,,,
flu_like,1,1000,3,30198,2026-03-13,2,seq_24463955,71,3,7,4,True,6596,6718,11679825.0,6493.0,True,False,,,
flu_like,1,1000,3,30680,2026-03-13,2,seq_25062388,71,4,7,3,True,1438,1679,4425704.0,1553.0,True,True,,,
flu_like,1,1000,3,31108,2026-03-14,2,seq_25274403,72,0,3,3,False,6824,7057,,,,,unresolved_branch,,False
flu_like,1,1000,3,31174,2026-03-14,2,seq_25312096,72,0,4,4,True,9995,10593,13669656.0,10067.0,True,True,,,
flu_like,1,1000,3,31346,2026-03-14,2,seq_25502452,72,2,5,3,False,6462,8263,,,,,unresolved_branch,,False
flu_like,1,1000,3,32350,2026-03-15,2,seq_26439469,73,5,9,4,True,8055,10923,24100446.0,9028.0,True,True,,,
flu_like,1,1000,3,32678,2026-03-15,2,seq_26864593,73,6,9,3,True,8914,11527,20625693.0,10046.0,True,True,,,
flu_like,1,1000,3,32725,2026-03-15,2,seq_26919100,73,3,6,3,True,8055,12175,14886621.0,11450.0,True,True,,,
flu_like,1,1000,3,32761,2026-03-15,2,seq_26988859,73,3,6,3,False,4422,4851,,,,,unresolved_branch,,False
flu_like,1,1000,3,32796,2026-03-15,2,seq_27022558,73,3,6,3,False,1278,1872,,,,,unresolved_branch,,False
flu_like,1,1000,3,33657,2026-03-16,2,seq_27696649,74,4,7,3,True,2789,5910,3278031.0,5229.0,True,True,,,
flu_like,1,1000,3,33899,2026-03-16,2,seq_28003509,74,0,3,3,True,8274,11179,13339232.0,9699.0,True,True,,,
flu_like,1,1000,3,34419,2026-03-17,2,seq_28326019,75,0,5,5,True,8263,9395,26214335.0,8495.0,True,True,,,
flu_like,1,1000,3,34487,2026-03-17,2,seq_28396191,75,3,6,3,True,6392,8371,20597531.0,7599.0,True,True,,,
flu_like,1,1000,3,34758,2026-03-17,2,seq_28674255,75,3,6,3,False,11180,11825,,,,,unresolved_branch,,False
flu_like,1,1000,3,34785,2026-03-17,2,seq_28705676,75,4,9,5,True,7554,8757,27354829.0,7629.0,True,True,,,
flu_like,1,1000,3,34854,2026-03-17,2,seq_28779815,75,1,5,4,True,4725,7818,1271693.0,4518.0,True,False,,,
flu_like,1,1000,3,34983,2026-03-17,2,seq_28974261,75,2,5,3,True,9136,11179,12810844.0,10060.0,True,True,,,
flu_like,1,1000,3,35028,2026-03-17,2,seq_29046384,75,4,7,3,True,7671,9632,10733719.0,8342.0,True,True,,,
flu_like,1,1000,3,35623,2026-03-18,2,seq_29388235,76,2,5,3,True,2899,7525,366289.0,7302.0,True,True,,,
flu_like,1,1000,3,35696,2026-03-18,2,seq_29453546,76,4,7,3,True,4849,6523,23293201.0,5729.0,True,True,,,
flu_like,1,1000,3,35829,2026-03-18,2,seq_29605831,76,4,7,3,True,9032,9418,1358727.0,8238.0,True,False,,,
flu_like,1,1000,3,36616,2026-03-19,2,seq_30296242,77,6,9,3,True,5594,9467,6030642.0,7414.0,True,True,,,
flu_like,1,1000,3,36751,2026-03-19,2,seq_30428003,77,1,5,4,True,6951,9837,26283596.0,9494.0,True,True,,,
flu_like,1,1000,3,37313,2026-03-19,2,seq_31110479,77,3,6,3,False,9865,10867,,,,,unresolved_branch,,False
flu_like,1,1000,3,37616,2026-03-20,2,seq_31207678,78,2,5,3,True,7671,9632,6589568.0,8499.0,True,True,,,
flu_like,1,1000,3,37796,2026-03-20,2,seq_31352703,78,2,5,3,True,8479,8772,18476553.0,8971.0,True,False,,,
flu_like,1,1000,3,37803,2026-03-20,2,seq_31357179,78,0,3,3,True,5940,8063,18845467.0,6618.0,True,True,,,
flu_like,1,1000,3,37810,2026-03-20,2,seq_31361826,78,4,8,4,True,9112,11135,19811734.0,9581.0,True,True,,,
flu_like,1,1000,3,37872,2026-03-20,2,seq_31411646,78,3,6,3,True,5682,8618,31411646.0,7177.0,True,True,,,
flu_like,1,1000,3,38283,2026-03-20,2,seq_31872535,78,0,4,4,False,8988,9699,,,,,unresolved_branch,,False
flu_like,1,1000,3,38385,2026-03-20,2,seq_32014875,78,2,6,4,True,8645,10231,12285432.0,10006.0,True,True,,,
flu_like,1,1000,3,39408,2026-03-21,2,seq_32861100,79,1,5,4,True,8617,10421,26249656.0,9149.0,True,True,,,
flu_like,1,1000,3,39449,2026-03-21,2,seq_32914256,79,4,8,4,True,1860,6512,31392832.0,4464.0,True,True,,,
flu_like,1,1000,3,39481,2026-03-21,2,seq_32960505,79,4,8,4,True,6374,6776,14826419.0,5900.0,True,False,,,
flu_like,1,1000,3,39507,2026-03-21,2,seq_32996978,79,0,3,3,True,5057,11179,29790450.0,9317.0,True,True,,,
flu_like,1,1000,3,39609,2026-03-21,2,seq_33124694,79,3,9,6,True,6706,7886,4799884.0,7032.0,True,True,,,
flu_like,1,1000,3,39622,2026-03-21,2,seq_33141168,79,5,8,3,True,2211,3126,7707575.0,9960.0,True,False,,,
flu_like,1,1000,3,39966,2026-03-22,2,seq_33236700,80,2,5,3,True,6951,10403,27687348.0,8128.0,True,True,,,
flu_like,1,1000,3,40080,2026-03-22,2,seq_33304204,80,6,9,3,True,8315,10574,26597072.0,9150.0,True,True,,,
flu_like,1,1000,3,40529,2026-03-22,2,seq_33805142,80,1,4,3,True,1438,2210,6594589.0,1857.0,True,True,,,
flu_like,1,1000,3,40721,2026-03-22,2,seq_34060807,80,7,10,3,True,7392,10326,11520733.0,7741.0,True,True,,,
flu_like,1,1000,3,41228,2026-03-23,2,seq_34331740,81,2,5,3,False,10747,11867,,,,,unresolved_branch,,False
flu_like,1,1000,3,41306,2026-03-23,2,seq_34401482,81,1,4,3,False,2272,4844,,,,,unresolved_branch,,False
flu_like,1,1000,3,41430,2026-03-23,2,seq_34552714,81,1,5,4,True,2419,5046,19637278.0,2906.0,True,True,,,
flu_like,1,1000,3,41486,2026-03-23,2,seq_34622087,81,1,4,3,True,4335,5528,19449180.0,4807.0,True,True,,,
flu_like,1,1000,3,41683,2026-03-23,2,seq_34866442,81,3,8,5,True,4079,5512,828567.0,4944.0,True,True,,,
flu_like,1,1000,3,41715,2026-03-23,2,seq_34897342,81,2,5,3,True,1438,4355,32754469.0,3333.0,True,True,,,
flu_like,1,1000,3,41882,2026-03-23,2,seq_35099766,81,3,6,3,False,9438,10338,,,,,unresolved_branch,,False
flu_like,1,1000,3,42261,2026-03-24,2,seq_35237561,82,4,7,3,True,4366,5540,34714026.0,5319.0,True,True,,,
flu_like,1,1000,3,42276,2026-03-24,2,seq_35254210,82,4,7,3,False,6292,8276,,,,,unresolved_branch,,False
flu_like,1,1000,3,42342,2026-03-24,2,seq_35303127,82,0,3,3,True,6818,8618,22334635.0,8373.0,True,True,,,
flu_like,1,1000,3,42473,2026-03-24,2,seq_35398492,82,0,3,3,True,7629,11179,32142778.0,10293.0,True,True,,,
flu_like,1,1000,3,42896,2026-03-24,2,seq_35899664,82,3,6,3,False,6926,7668,,,,,relative_recombinant,7177.0,True
flu_like,1,1000,3,42970,2026-03-24,2,seq_35994255,82,4,7,3,False,3159,6788,,,,,unresolved_branch,,False
flu_like,1,1000,3,42995,2026-03-24,2,seq_36023841,82,3,6,3,False,7865,9014,,,,,unresolved_branch,,False
flu_like,1,1000,3,43020,2026-03-24,2,seq_36053063,82,3,6,3,True,6818,8947,26947101.0,8928.0,True,True,,,
flu_like,1,1000,3,43379,2026-03-25,2,seq_36189831,83,1,6,5,True,9986,10859,21449337.0,10639.0,True,True,,,
flu_like,1,1000,3,43385,2026-03-25,2,seq_36196149,83,5,10,5,True,5428,6161,6934436.0,5587.0,True,True,,,
flu_like,1,1000,3,43507,2026-03-25,2,seq_36291659,83,2,5,3,True,8055,10356,29201098.0,9172.0,True,True,,,
flu_like,1,1000,3,43877,2026-03-25,2,seq_36680722,83,2,5,3,False,5704,6200,,,,,unresolved_branch,,False
flu_like,1,1000,3,44047,2026-03-25,2,seq_36887557,83,2,8,6,True,5521,8015,20972675.0,5769.0,True,True,,,
flu_like,1,1000,3,44499,2026-03-26,2,seq_37166385,84,3,6,3,True,9775,11887,35852315.0,10343.0,True,True,,,
flu_like,1,1000,3,44591,2026-03-26,2,seq_37222539,84,4,7,3,True,8055,11053,28543953.0,9652.0,True,True,,,
flu_like,1,1000,3,44928,2026-03-26,2,seq_37553526,84,2,7,5,True,6317,7827,19657115.0,6212.0,True,False,,,
flu_like,1,1000,3,45239,2026-03-26,2,seq_37914666,84,4,7,3,True,7671,8522,16179973.0,8149.0,True,True,,,
flu_like,1,1000,3,45251,2026-03-26,2,seq_37922377,84,1,4,3,False,10270,12747,,,,,unresolved_branch,,False
flu_like,1,1000,3,45679,2026-03-27,2,seq_38155915,85,6,9,3,False,5115,7409,,,,,unresolved_branch,,False
flu_like,1,1000,3,46246,2026-03-27,2,seq_38741541,85,3,7,4,True,3316,5026,24062441.0,5003.0,True,True,,,
flu_like,1,1000,3,46274,2026-03-27,2,seq_38772466,85,5,8,3,True,8055,10942,25737553.0,8292.0,True,True,,,
flu_like,1,1000,3,46335,2026-03-27,2,seq_38836063 seq_38901438,85,2,5,3,False,8016,9444,,,,,unresolved_branch,,False
flu_like,1,1000,3,46484,2026-03-27,2,seq_39022017,85,3,8,5,True,1840,4651,24491446.0,4033.0,True,True,,,
flu_like,1,1000,3,47028,2026-03-28,2,seq_39249413,86,3,6,3,True,1290,9621,17385702.0,6343.0,True,True,,,
flu_like,1,1000,3,47080,2026-03-28,2,seq_39297196,86,2,5,3,True,5658,7508,13432813.0,7427.0,True,True,,,
flu_like,1,1000,3,47262,2026-03-28,2,seq_39469327,86,0,3,3,False,8728,9712,,,,,unresolved_branch,,False
flu_like,1,1000,3,47309,2026-03-28,2,seq_39536914,86,2,6,4,True,2227,3535,29581340.0,3074.0,True,True,,,
flu_like,1,1000,3,47525,2026-03-28,2,seq_39792390,86,2,5,3,False,4747,4882,,,,,unresolved_branch,,False
flu_like,1,1000,3,47533,2026-03-28,2,seq_39803103,86,2,6,4,True,4051,6626,38243068.0,4154.0,True,True,,,
flu_like,1,1000,3,47550,2026-03-28,2,seq_39817898,86,3,6,3,True,6183,9814,8404637.0,11486.0,True,False,,,
flu_like,1,1000,3,47720,2026-03-28,2,seq_40032098,86,1,4,3,True,7129,10991,869536.0,10762.0,True,True,,,
flu_like,1,1000,3,47790,2026-03-28,2,seq_40126091,86,7,11,4,True,5047,8679,31447917.0,5710.0,True,True,,,
flu_like,1,1000,3,48070,2026-03-29,2,seq_40179323,87,2,5,3,False,1851,9145,,,,,relative_recombinant,2488.0,True
flu_like,1,1000,3,48277,2026-03-29,2,seq_40312563,87,3,6,3,True,8920,8929,25197046.0,8451.0,True,False,,,
flu_like,1,1000,3,48437,2026-03-29,2,seq_40478153,87,3,6,3,True,1438,5961,272021.0,4680.0,True,True,,,
flu_like,1,1000,3,48780,2026-03-29,2,seq_40900821,87,6,11,5,True,7068,9570,38347571.0,7122.0,True,True,,,
flu_like,1,1000,3,48795,2026-03-29,2,seq_40918071,87,8,11,3,True,10873,11067,33669803.0,10314.0,True,False,,,
flu_like,1,1000,3,48854,2026-03-29,2,seq_40985117,87,3,7,4,True,6317,10231,26795694.0,6420.0,True,True,,,
flu_like,1,1000,3,49547,2026-03-30,2,seq_41408529,88,3,6,3,True,8055,9856,14747603.0,8828.0,True,True,,,
flu_like,1,1000,3,49996,2026-03-30,2,seq_41916169,88,3,6,3,True,9264,11527,25147485.0,11410.0,True,True,,,
flu_like,1,1000,3,50099,2026-03-30,2,seq_42033880,88,4,7,3,True,8961,11179,10531552.0,9359.0,True,True,,,
flu_like,1,1000,3,50163,2026-03-30,2,seq_42128587,88,3,6,3,True,6317,11179,24941448.0,7029.0,True,True,,,
flu_like,1,1000,3,50170,2026-03-30,2,seq_42135709,88,2,5,3,True,6705,7020,20654611.0,8291.0,True,False,,,
flu_like,1,1000,3,50581,2026-03-31,2,seq_42242944,89,1,8,7,True,2102,2210,42242944.0,3349.0,True,False,,,
flu_like,1,1000,3,50886,2026-03-31,2,seq_42529146,89,3,6,3,False,712,5904,,,,,unresolved_branch,,False
flu_like,1,1000,3,50897,2026-03-31,2,seq_42539514,89,2,5,3,True,1438,2636,25202460.0,2262.0,True,True,,,
flu_like,1,1000,3,51017,2026-03-31,2,seq_42677674,89,2,5,3,True,2855,3202,26913294.0,3081.0,True,True,,,
flu_like,1,1000,3,51033,2026-03-31,2,seq_42694901,89,4,7,3,False,5116,6788,,,,,relative_recombinant,11130.0,False
flu_like,1,1000,3,51105,2026-03-31,2,seq_42791701,89,6,9,3,True,6304,10715,36210548.0,7766.0,True,True,,,
flu_like,1,1000,3,51203,2026-03-31,2,seq_42915221,89,8,11,3,False,8337,8561,,,,,unresolved_branch,,False
flu_like,1,1000,3,51282,2026-03-31,2,seq_43009527,89,6,9,3,True,9047,10192,31183128.0,5973.0,True,False,,,
flu_like,1,1000,3,51303,2026-03-31,2,seq_43035047,89,1,4,3,False,3143,4536,,,,,unresolved_branch,,False
flu_like,1,1000,3,51341,2026-03-31,2,seq_43089822,89,2,5,3,False,7379,9513,,,,,unresolved_branch,,False
flu_like,1,1000,3,51772,2026-04-01,2,seq_43263715,90,5,8,3,True,9682,10053,21136726.0,10063.0,True,False,,,
flu_like,1,1000,3,51775,2026-04-01,2,seq_43264931,90,2,5,3,True,3881,5939,28490638.0,4642.0,True,True,,,
flu_like,1,1000,3,51821,2026-04-01,2,seq_43322715,90,3,6,3,False,10242,10773,,,,,unresolved_branch,,False
flu_like,1,1000,3,51885,2026-04-01,2,seq_43369527,90,5,8,3,False,9522,10768,,,,,unresolved_branch,,False
flu_like,1,1000,3,51903,2026-04-01,2,seq_43386557,90,2,6,4,True,3835,7121,25529234.0,7901.0,True,False,,,
flu_like,1,1000,3,51948,2026-04-01,2,seq_43444243,90,4,7,3,True,3695,8015,29478136.0,4437.0,True,True,,,
flu_like,1,1000,3,52023,2026-04-01,2,seq_43503058,90,3,6,3,False,10505,10650,,,,,unresolved_branch,,False
flu_like,1,1000,3,52102,2026-04-01,2,seq_43593706,90,5,8,3,True,5313,6316,30204362.0,3555.0,True,False,,,
flu_like,1,1000,3,52252,2026-04-01,2,seq_43779354,90,2,6,4,False,5771,6297,,,,,unresolved_branch,,False
flu_like,1,1000,3,52454,2026-04-01,2,seq_43979049,90,1,4,3,True,3629,8915,37574385.0,4013.0,True,True,,,
flu_like,1,1000,3,52575,2026-04-01,2,seq_44126123,90,5,10,5,True,7966,9730,37260525.0,8074.0,True,True,,,
flu_like,1,1000,3,52894,2026-04-02,2,seq_44172913,91,3,6,3,False,1610,4650,,,,,unresolved_branch,,False
flu_like,1,1000,3,52942,2026-04-02,2,seq_44200331,91,7,10,3,True,3329,4101,16639157.0,4264.0,True,False,,,
flu_like,1,1000,3,53052,2026-04-02,2,seq_44283804,91,1,4,3,False,2859,5910,,,,,unresolved_branch,,False
flu_like,1,1000,3,53143,2026-04-02,2,seq_44377832,91,4,7,3,True,8276,10063,39718112.0,9863.0,True,True,,,
flu_like,1,1000,3,53241,2026-04-02,2,seq_44463387,91,1,4,3,True,2785,7268,27819056.0,6013.0,True,True,,,
flu_like,1,1000,3,53281,2026-04-02,2,seq_44499128,91,2,6,4,True,2580,3043,36149615.0,3622.0,True,False,,,
flu_like,1,1000,3,53385,2026-04-02,2,seq_44599912,91,5,9,4,True,2551,3242,23381744.0,3227.0,True,True,,,
flu_like,1,1000,3,53790,2026-04-02,2,seq_45115954,91,2,5,3,False,2736,4765,,,,,unresolved_branch,,False
flu_like,1,1000,3,54105,2026-04-03,2,seq_45163993,92,4,7,3,True,8243,10082,2071275.0,9812.0,True,True,,,
flu_like,1,1000,3,54375,2026-04-03,2,seq_45406640,92,0,3,3,False,5327,7557,,,,,unresolved_branch,,False
flu_like,1,1000,3,54571,2026-04-03,2,seq_45614978,92,4,7,3,True,8365,11644,32916690.0,10873.0,True,True,,,
flu_like,1,1000,3,54600,2026-04-03,2,seq_45659312,92,2,6,4,False,3731,4906,,,,,unresolved_branch,,False
flu_like,1,1000,3,54625,2026-04-03,2,seq_45684629,92,1,8,7,True,6426,7836,35676893.0,6866.0,True,True,,,
flu_like,1,1000,3,54707,2026-04-03,2,seq_45770484,92,2,5,3,True,10343,11429,22832183.0,12808.0,True,False,,,
flu_like,1,1000,3,54729,2026-04-03,2,seq_45797615,92,3,6,3,True,8372,9378,25519562.0,11760.0,True,False,,,
flu_like,1,1000,3,54804,2026-04-03,2,seq_45894302,92,2,5,3,False,10702,11848,,,,,unresolved_branch,,False
flu_like,1,1000,3,54830,2026-04-03,2,seq_45920933,92,5,10,5,True,5940,6512,18478580.0,6487.0,True,True,,,
flu_like,1,1000,3,55339,2026-04-04,2,seq_46192655,93,7,10,3,False,5408,5708,,,,,unresolved_branch,,False
flu_like,1,1000,3,55474,2026-04-04,2,seq_46297132,93,5,8,3,True,8224,8818,43774840.0,8407.0,True,True,,,
flu_like,1,1000,3,55639,2026-04-04,2,seq_46463826,93,3,6,3,False,9290,9326,,,,,unresolved_branch,,False
flu_like,1,1000,3,55887,2026-04-04,2,seq_46723213,93,5,8,3,False,4610,4656,,,,,unresolved_branch,,False
flu_like,1,1000,3,55931,2026-04-04,2,seq_46788789,93,2,6,4,True,2854,7990,46788789.0,6582.0,True,True,,,
flu_like,1,1000,3,55949,2026-04-04,2,seq_46815296,93,3,8,5,True,3623,7636,46815296.0,5691.0,True,True,,,
flu_like,1,1000,3,56042,2026-04-04,2,seq_46922342,93,2,5,3,False,9801,10734,,,,,relative_recombinant,10108.0,True
flu_like,1,1000,3,56134,2026-04-04,2,seq_47019732,93,5,8,3,True,5278,9501,31470227.0,9436.0,True,True,,,
flu_like,1,1000,3,56167,2026-04-04,2,seq_47053178,93,4,7,3,False,9992,10273,,,,,unresolved_branch,,False
flu_like,1,1000,3,56593,2026-04-05,2,seq_47203322,94,5,9,4,True,1096,2992,46199845.0,1788.0,True,True,,,
flu_like,1,1000,3,56615,2026-04-05,2,seq_47227283,94,2,5,3,False,9762,9831,,,,,unresolved_branch,,False
flu_like,1,1000,3,56776,2026-04-05,2,seq_47379666,94,2,7,5,True,7995,9349,17531476.0,8625.0,True,True,,,
flu_like,1,1000,3,56894,2026-04-05,2,seq_47506736,94,6,9,3,False,9587,10156,,,,,unresolved_branch,,False
flu_like,1,1000,3,56949,2026-04-05,2,seq_47574124,94,4,7,3,True,6745,8913,14713825.0,7294.0,True,True,,,
flu_like,1,1000,3,57078,2026-04-05,2,seq_47698120,94,2,5,3,True,6400,6718,38752605.0,6514.0,True,True,,,
flu_like,1,1000,3,57239,2026-04-05,2,seq_47892082,94,2,6,4,True,6039,8340,46082257.0,7941.0,True,True,,,
flu_like,1,1000,3,57290,2026-04-05,2,seq_47938109,94,2,5,3,True,9930,11179,42875498.0,10955.0,True,True,,,
flu_like,1,1000,3,57303,2026-04-05,2,seq_47951700,94,5,8,3,False,4025,5357,,,,,unresolved_branch,,False
flu_like,1,1000,3,57362,2026-04-05,2,seq_48017403,94,3,7,4,True,4153,8015,27764966.0,6240.0,True,True,,,
flu_like,1,1000,3,57455,2026-04-05,2,seq_48132765,94,4,9,5,True,4136,7670,16490842.0,4221.0,True,True,,,
flu_like,1,1000,3,57785,2026-04-06,2,seq_48174209,95,7,11,4,True,11049,11179,43716096.0,6686.0,True,False,,,
flu_like,1,1000,3,58059,2026-04-06,2,seq_48431219,95,3,8,5,True,5190,7823,17721663.0,5960.0,True,True,,,
flu_like,1,1000,3,58120,2026-04-06,2,seq_48490529,95,3,7,4,True,4783,7670,21637454.0,4952.0,True,True,,,
flu_like,1,1000,3,58177,2026-04-06,2,seq_48560759,95,1,5,4,True,2211,5363,29539551.0,4041.0,True,True,,,
flu_like,1,1000,3,58353,2026-04-06,2,seq_48734156,95,0,3,3,True,4153,5060,47501565.0,4277.0,True,True,,,
flu_like,1,1000,3,58360,2026-04-06,2,seq_48741067,95,3,6,3,True,2211,4509,22226832.0,3509.0,True,True,,,
flu_like,1,1000,3,58386,2026-04-06,2,seq_48771648,95,5,8,3,True,2637,9597,5310613.0,5123.0,True,True,,,
flu_like,1,1000,3,58646,2026-04-06,2,seq_49060000,95,6,9,3,True,8781,8999,36726244.0,11453.0,True,False,,,
flu_like,1,1000,3,59054,2026-04-07,2,seq_49183723,96,5,8,3,True,2211,5093,33843150.0,3000.0,True,True,,,
flu_like,1,1000,3,59118,2026-04-07,2,seq_49221179,96,6,9,3,True,7551,9057,11504551.0,9046.0,True,True,,,
flu_like,1,1000,3,59174,2026-04-07,2,seq_49263892,96,4,7,3,False,2496,6550,,,,,unresolved_branch,,False
flu_like,1,1000,3,59207,2026-04-07,2,seq_49295356,96,4,7,3,False,6957,7470,,,,,unresolved_branch,,False
flu_like,1,1000,3,59240,2026-04-07,2,seq_49321244,96,2,5,3,True,1637,6705,17798648.0,3231.0,True,True,,,
flu_like,1,1000,3,59268,2026-04-07,2,seq_49340338,96,0,3,3,False,1108,3821,,,,,unresolved_branch,,False
flu_like,1,1000,3,59382,2026-04-07,2,seq_49466409,96,2,5,3,False,8069,10353,,,,,unresolved_branch,,False
flu_like,1,1000,3,59520,2026-04-07,2,seq_49620870,96,2,5,3,False,3181,3421,,,,,unresolved_branch,,False
flu_like,1,1000,3,59777,2026-04-07,2,seq_49922600,96,3,6,3,True,6445,7667,49922600.0,6750.0,True,True,,,
flu_like,1,1000,3,59834,2026-04-07,2,seq_49997887,96,3,9,6,True,9726,11179,33109233.0,10263.0,True,True,,,
flu_like,1,1000,3,60491,2026-04-08,2,seq_50336222,97,9,12,3,True,7545,8054,34687310.0,7648.0,True,True,,,
flu_like,1,1000,3,60522,2026-04-08,2,seq_50379922,97,5,8,3,True,2670,5314,37169492.0,3197.0,True,True,,,
flu_like,1,1000,3,60568,2026-04-08,2,seq_50416766,97,7,10,3,True,11117,11644,18667852.0,10178.0,True,False,,,
flu_like,1,1000,3,60636,2026-04-08,2,seq_50481198,97,5,9,4,True,3963,5111,33469042.0,4338.0,True,True,,,
flu_like,1,1000,3,60774,2026-04-08,2,seq_50620846,97,3,6,3,True,8990,9591,32782933.0,9247.0,True,True,,,
flu_like,1,1000,3,60877,2026-04-08,2,seq_50734968,97,6,9,3,True,8621,11179,48975945.0,10383.0,True,True,,,
flu_like,1,1000,3,60921,2026-04-08,2,seq_50792939,97,3,6,3,False,11725,12152,,,,,unresolved_branch,,False
flu_like,1,1000,3,60992,2026-04-08,2,seq_50875767,97,2,5,3,True,8078,9598,36216813.0,9781.0,True,False,,,
flu_like,1,1000,3,61038,2026-04-08,2,seq_50927597,97,7,10,3,True,4253,8015,48219575.0,7193.0,True,True,,,
flu_like,1,1000,3,61150,2026-04-08,2,seq_51043498,97,5,8,3,True,5767,7670,48466200.0,4308.0,True,False,,,
flu_like,1,1000,3,61158,2026-04-08,2,seq_51062275,97,3,6,3,False,10470,11617,,,,,unresolved_branch,,False
flu_like,1,1000,3,61542,2026-04-09,2,seq_51148258,98,1,5,4,True,7671,10524,39555542.0,8867.0,True,True,,,
flu_like,1,1000,3,61592,2026-04-09,2,seq_51167799,98,12,16,4,True,3243,4680,41634870.0,3397.0,True,True,,,
flu_like,1,1000,3,61708,2026-04-09,2,seq_51268710,98,1,5,4,True,4817,6139,33604226.0,5651.0,True,True,,,
flu_like,1,1000,3,61714,2026-04-09,2,seq_51273737,98,9,13,4,True,9742,11179,20637156.0,10613.0,True,True,,,
flu_like,1,1000,3,61723,2026-04-09,2,seq_51284144,98,2,5,3,True,2672,3135,39972289.0,2957.0,True,True,,,
flu_like,1,1000,3,61928,2026-04-09,2,seq_51484524,98,2,5,3,True,5487,6316,51484524.0,6060.0,True,True,,,
flu_like,1,1000,3,62032,2026-04-09,2,seq_51603009,98,4,7,3,False,8254,9294,,,,,unresolved_branch,,False
flu_like,1,1000,3,62068,2026-04-09,2,seq_51643211,98,6,9,3,True,2211,3333,18432627.0,2286.0,True,True,,,
flu_like,1,1000,3,62123,2026-04-09,2,seq_51693694,98,1,9,8,True,4157,6349,44299631.0,5642.0,True,True,,,
flu_like,1,1000,3,62390,2026-04-09,2,seq_51988337,98,7,11,4,False,1994,3328,,,,,unresolved_branch,,False
flu_like,1,1000,3,62446,2026-04-09,2,seq_52057521,98,1,4,3,False,7108,9374,,,,,unresolved_branch,,False
flu_like,1,1000,3,62478,2026-04-09,2,seq_52095974,98,2,5,3,True,6975,9682,50082228.0,7823.0,True,True,,,
flu_like,1,1000,3,62501,2026-04-09,2,seq_52127868,98,5,8,3,False,10416,11430,,,,,unresolved_branch,,False
flu_like,1,1000,3,62821,2026-04-10,2,seq_52143655,99,3,6,3,False,7941,9273,,,,,unresolved_branch,,False
flu_like,1,1000,3,62854,2026-04-10,2,seq_52168612,99,4,8,4,True,6274,7513,29314227.0,7342.0,True,True,,,
flu_like,1,1000,3,62857,2026-04-10,2,seq_52173617,99,4,8,4,True,2227,8378,47781198.0,5633.0,True,True,,,
flu_like,1,1000,3,62867,2026-04-10,2,seq_52183346,99,3,8,5,True,4102,7567,47772275.0,4778.0,True,True,,,
flu_like,1,1000,3,62963,2026-04-10,2,seq_52251095,99,8,12,4,True,8055,8567,10798719.0,9340.0,True,False,,,
flu_like,1,1000,3,63056,2026-04-10,2,seq_52339196,99,6,9,3,False,8934,10007,,,,,unresolved_branch,,False
flu_like,1,1000,3,63062,2026-04-10,2,seq_52344354,99,7,11,4,True,9225,9994,13946370.0,9601.0,True,True,,,
flu_like,1,1000,3,63105,2026-04-10,2,seq_52403155,99,1,4,3,False,7332,8612,,,,,unresolved_branch,,False
flu_like,1,1000,3,63115,2026-04-10,2,seq_52409420,99,2,5,3,True,1927,6316,48461811.0,4665.0,True,True,,,
flu_like,1,1000,3,63215,2026-04-10,2,seq_52521279,99,2,5,3,False,4695,5390,,,,,unresolved_branch,,False
flu_like,1,1000,3,63252,2026-04-10,2,seq_52559940,99,10,14,4,True,2211,4152,50535751.0,4636.0,True,False,,,
flu_like,1,1000,3,63283,2026-04-10,2,seq_52590962,99,3,7,4,True,5428,7970,48404402.0,6547.0,True,True,,,
flu_like,1,1000,3,63334,2026-04-10,2,seq_52641399,99,3,6,3,True,6317,6388,49460952.0,6368.0,True,True,,,
flu_like,1,1000,3,63338,2026-04-10,2,seq_52647531,99,2,5,3,False,7672,9294,,,,,unresolved_branch,,False
flu_like,1,1000,3,63449,2026-04-10,2,seq_52742232,99,5,8,3,True,6317,10120,32123970.0,10086.0,True,True,,,
flu_like,1,1000,3,63578,2026-04-10,2,seq_52897608,99,3,6,3,False,9535,9916,,,,,unresolved_branch,,False
flu_like,1,1000,3,63601,2026-04-10,2,seq_52924046,99,3,7,4,True,1438,4515,44921388.0,3112.0,True,True,,,
flu_like,1,1000,3,63617,2026-04-10,2,seq_52936691,99,7,11,4,True,8243,8950,32993172.0,8871.0,True,True,,,
flu_like,1,1000,3,63718,2026-04-10,2,seq_53047428,99,6,10,4,True,5468,8241,50584118.0,5778.0,True,True,,,
flu_like,1,1000,3,63724,2026-04-10,2,seq_53054479,99,4,7,3,True,6795,9181,37383361.0,7958.0,True,True,,,
flu_like,1,1000,3,63748,2026-04-10,2,seq_53081881,99,3,6,3,True,8055,10983,1312605.0,10586.0,True,True,,,
flu_like,1,1000,3,64158,2026-04-11,2,seq_53202947,100,3,6,3,False,10623,12510,,,,,unresolved_branch,,False
flu_like,1,1000,3,64300,2026-04-11,2,seq_53301052,100,8,11,3,True,10799,11724,52680981.0,11582.0,True,True,,,
flu_like,1,1000,3,64318,2026-04-11,2,seq_53321201,100,4,7,3,False,4877,5005,,,,,unresolved_branch,,False
flu_like,1,1000,3,64321,2026-04-11,2,seq_53324586,100,5,8,3,True,2211,7886,38457197.0,5306.0,True,True,,,
flu_like,1,1000,3,64332,2026-04-11,2,seq_53330853,100,3,6,3,True,9522,11840,31530310.0,11230.0,True,True,,,
flu_like,1,1000,3,64467,2026-04-11,2,seq_53443604,100,5,8,3,True,1840,11376,17286378.0,7847.0,True,True,,,
flu_like,1,1000,3,64555,2026-04-11,2,seq_53555286,100,4,7,3,False,11445,11453,,,,,unresolved_branch,,False
flu_like,1,1000,3,64558,2026-04-11,2,seq_53558969,100,8,12,4,True,6999,9948,39645878.0,9444.0,True,True,,,
flu_like,1,1000,3,64644,2026-04-11,2,seq_53645111,100,7,10,3,False,9871,9900,,,,,unresolved_branch,,False
flu_like,1,1000,3,64720,2026-04-11,2,seq_53725911,100,6,10,4,True,5047,9521,53725911.0,9216.0,True,True,,,
flu_like,1,1000,3,64737,2026-04-11,2,seq_53742824,100,5,9,4,True,7425,9978,41118969.0,8557.0,True,True,,,
flu_like,1,1000,3,64932,2026-04-11,2,seq_53976582,100,3,6,3,True,8035,9521,19198715.0,9304.0,True,True,,,
flu_like,1,1000,3,64992,2026-04-11,2,seq_54066829,100,3,7,4,True,1357,1915,43246648.0,1524.0,True,True,,,
flu_like,1,1000,3,65041,2026-04-11,2,seq_54116002,100,8,11,3,True,7621,8675,38519815.0,7659.0,True,True,,,
flu_like,1,1000,4,9392,2026-02-19,2,seq_2467700,49,1,5,4,True,3682,5427,219356.0,5346.0,True,True,,,
flu_like,1,1000,4,11509,2026-02-22,2,seq_5161300,52,2,7,5,True,2854,5966,5161300.0,5032.0,True,True,,,
flu_like,1,1000,4,13613,2026-02-24,2,seq_7700253,54,2,6,4,True,8224,9063,5914300.0,8809.0,True,True,,,
flu_like,1,1000,4,16936,2026-02-28,2,seq_11403995,58,3,7,4,True,6818,9498,93039.0,9412.0,True,True,,,
flu_like,1,1000,4,18816,2026-03-02,2,seq_13429835 seq_13480295,60,3,7,4,True,9995,10622,1717853.0,10087.0,True,True,,,
flu_like,1,1000,4,19221,2026-03-02,2,seq_13973469,60,2,6,4,True,2959,10231,7609349.0,5966.0,True,True,,,
flu_like,1,1000,4,23225,2026-03-06,2,seq_18025066,64,1,5,4,True,9522,9956,11229990.0,9864.0,True,True,,,
flu_like,1,1000,4,24140,2026-03-07,2,seq_18838668,65,3,7,4,True,8055,11527,281294.0,9885.0,True,True,,,
flu_like,1,1000,4,27160,2026-03-10,2,seq_21657811,68,2,6,4,True,5527,7304,16690849.0,6427.0,True,True,,,
flu_like,1,1000,4,28505,2026-03-11,2,seq_23064337,69,3,7,4,True,3052,3258,20984088.0,3241.0,True,True,,,
flu_like,1,1000,4,28764,2026-03-12,2,seq_23169684,70,4,9,5,True,6719,9594,22155270.0,7594.0,True,True,,,
flu_like,1,1000,4,28961,2026-03-12,2,seq_23295951,70,4,8,4,True,5047,7254,9660081.0,5157.0,True,True,,,
flu_like,1,1000,4,29530,2026-03-12,2,seq_24011294,70,4,8,4,True,8362,11179,10963321.0,9171.0,True,True,,,
flu_like,1,1000,4,30173,2026-03-13,2,seq_24463955,71,3,7,4,True,6596,6718,11679825.0,6493.0,True,False,,,
flu_like,1,1000,4,31149,2026-03-14,2,seq_25312096,72,0,4,4,True,9995,10593,13669656.0,10067.0,True,True,,,
flu_like,1,1000,4,32324,2026-03-15,2,seq_26439469,73,5,9,4,True,8055,10923,24100446.0,9028.0,True,True,,,
flu_like,1,1000,4,34389,2026-03-17,2,seq_28326019,75,0,5,5,True,8263,9395,26214335.0,8495.0,True,True,,,
flu_like,1,1000,4,34753,2026-03-17,2,seq_28705676,75,4,9,5,True,7554,9420,27354829.0,7629.0,True,True,,,
flu_like,1,1000,4,34822,2026-03-17,2,seq_28779815,75,1,5,4,True,4725,7818,1271693.0,4518.0,True,False,,,
flu_like,1,1000,4,36716,2026-03-19,2,seq_30428003,77,1,5,4,True,6951,9837,26283596.0,9494.0,True,True,,,
flu_like,1,1000,4,37772,2026-03-20,2,seq_31361826,78,4,8,4,True,9112,11135,19811734.0,9581.0,True,True,,,
flu_like,1,1000,4,38244,2026-03-20,2,seq_31872535,78,0,4,4,False,8988,9699,,,,,unresolved_branch,,False
flu_like,1,1000,4,38346,2026-03-20,2,seq_32014875,78,2,6,4,True,8645,10231,12285432.0,10006.0,True,True,,,
flu_like,1,1000,4,39373,2026-03-21,2,seq_32861100,79,1,5,4,True,8617,10421,26249656.0,9149.0,True,True,,,
flu_like,1,1000,4,39414,2026-03-21,2,seq_32914256,79,4,8,4,True,1860,6512,31392832.0,4464.0,True,True,,,
flu_like,1,1000,4,39446,2026-03-21,2,seq_32960505,79,4,8,4,True,5498,6776,14826419.0,5900.0,True,True,,,
flu_like,1,1000,4,39574,2026-03-21,2,seq_33124694,79,3,9,6,True,6706,7886,4799884.0,7032.0,True,True,,,
flu_like,1,1000,4,41391,2026-03-23,2,seq_34552714,81,1,5,4,True,2419,5046,19637278.0,2906.0,True,True,,,
flu_like,1,1000,4,41644,2026-03-23,2,seq_34866442,81,3,8,5,True,4079,5512,828567.0,4944.0,True,True,,,
flu_like,1,1000,4,43334,2026-03-25,2,seq_36189831,83,1,6,5,True,9986,10859,21449337.0,10639.0,True,True,,,
flu_like,1,1000,4,43340,2026-03-25,2,seq_36196149,83,5,10,5,True,5428,6161,6934436.0,5587.0,True,True,,,
flu_like,1,1000,4,44000,2026-03-25,2,seq_36887557,83,2,8,6,True,5521,8015,20972675.0,5769.0,True,True,,,
flu_like,1,1000,4,44880,2026-03-26,2,seq_37553526,84,2,7,5,True,6317,7827,19657115.0,6212.0,True,False,,,
flu_like,1,1000,4,46196,2026-03-27,2,seq_38741541,85,3,7,4,True,3316,5026,24062441.0,5003.0,True,True,,,
flu_like,1,1000,4,46433,2026-03-27,2,seq_39022017,85,3,7,4,True,1840,4651,24491446.0,4033.0,True,True,,,
flu_like,1,1000,4,47255,2026-03-28,2,seq_39536914,86,2,6,4,True,2227,3535,29581340.0,3074.0,True,True,,,
flu_like,1,1000,4,47477,2026-03-28,2,seq_39803103,86,2,6,4,True,4051,6626,38243068.0,4154.0,True,True,,,
flu_like,1,1000,4,47731,2026-03-28,2,seq_40126091,86,7,11,4,True,5047,8679,31447917.0,5710.0,True,True,,,
flu_like,1,1000,4,48720,2026-03-29,2,seq_40900821,87,6,11,5,True,7068,9570,38347571.0,7122.0,True,True,,,
flu_like,1,1000,4,48793,2026-03-29,2,seq_40985117,87,3,7,4,True,6317,10231,26795694.0,6420.0,True,True,,,
flu_like,1,1000,4,50514,2026-03-31,2,seq_42242944,89,1,8,7,True,2102,2210,42242944.0,3349.0,True,False,,,
flu_like,1,1000,4,51830,2026-04-01,2,seq_43386557,90,2,6,4,True,3835,7121,25529234.0,7901.0,True,False,,,
flu_like,1,1000,4,52175,2026-04-01,2,seq_43779354,90,2,6,4,False,5771,6297,,,,,unresolved_branch,,False
flu_like,1,1000,4,52496,2026-04-01,2,seq_44126123,90,5,10,5,True,7966,9730,37260525.0,8074.0,True,True,,,
flu_like,1,1000,4,53203,2026-04-02,2,seq_44499128,91,2,6,4,True,2580,3043,36149615.0,3622.0,True,False,,,
flu_like,1,1000,4,53307,2026-04-02,2,seq_44599912,91,5,9,4,True,2551,3242,23381744.0,3227.0,True,True,,,
flu_like,1,1000,4,54523,2026-04-03,2,seq_45659312,92,2,6,4,False,3731,4906,,,,,unresolved_branch,,False
flu_like,1,1000,4,54548,2026-04-03,2,seq_45684629,92,1,8,7,True,6426,7836,35676893.0,6866.0,True,True,,,
flu_like,1,1000,4,54750,2026-04-03,2,seq_45920933,92,5,10,5,True,5940,6512,18478580.0,6487.0,True,True,,,
flu_like,1,1000,4,55851,2026-04-04,2,seq_46788789,93,2,6,4,True,2854,7990,46788789.0,6582.0,True,True,,,
flu_like,1,1000,4,55869,2026-04-04,2,seq_46815296,93,3,8,5,True,3623,7636,46815296.0,5691.0,True,True,,,
flu_like,1,1000,4,56516,2026-04-05,2,seq_47203322,94,5,9,4,True,1096,2992,46199845.0,1788.0,True,True,,,
flu_like,1,1000,4,56698,2026-04-05,2,seq_47379666,94,2,7,5,True,7995,9349,17531476.0,8625.0,True,True,,,
flu_like,1,1000,4,57161,2026-04-05,2,seq_47892082,94,2,6,4,True,6039,8340,46082257.0,7941.0,True,True,,,
flu_like,1,1000,4,57280,2026-04-05,2,seq_48017403,94,3,7,4,True,4153,8015,27764966.0,6240.0,True,True,,,
flu_like,1,1000,4,57373,2026-04-05,2,seq_48132765,94,4,9,5,True,4136,7670,16490842.0,4221.0,True,True,,,
flu_like,1,1000,4,57705,2026-04-06,2,seq_48174209,95,7,11,4,True,11049,11179,43716096.0,6686.0,True,False,,,
flu_like,1,1000,4,57979,2026-04-06,2,seq_48431219,95,3,8,5,True,5190,7823,17721663.0,5960.0,True,True,,,
flu_like,1,1000,4,58040,2026-04-06,2,seq_48490529,95,3,7,4,True,4783,7670,21637454.0,4952.0,True,True,,,
flu_like,1,1000,4,58098,2026-04-06,2,seq_48560759,95,1,5,4,True,2211,5363,29539551.0,4041.0,True,True,,,
flu_like,1,1000,4,59742,2026-04-07,2,seq_49997887,96,3,9,6,True,9726,11179,33109233.0,10263.0,True,True,,,
flu_like,1,1000,4,60547,2026-04-08,2,seq_50481198,97,5,9,4,True,3963,5111,33469042.0,4338.0,True,True,,,
flu_like,1,1000,4,61450,2026-04-09,2,seq_51148258,98,1,5,4,True,7671,10524,39555542.0,8867.0,True,True,,,
flu_like,1,1000,4,61500,2026-04-09,2,seq_51167799,98,12,16,4,True,3243,4680,41634870.0,3397.0,True,True,,,
flu_like,1,1000,4,61617,2026-04-09,2,seq_51268710,98,1,5,4,True,4817,6139,33604226.0,5651.0,True,True,,,
flu_like,1,1000,4,61623,2026-04-09,2,seq_51273737,98,9,14,5,True,9742,11179,20637156.0,10613.0,True,True,,,
flu_like,1,1000,4,62027,2026-04-09,2,seq_51693694,98,1,9,8,True,4157,6349,44299631.0,5642.0,True,True,,,
flu_like,1,1000,4,62294,2026-04-09,2,seq_51988337,98,7,11,4,False,1994,3328,,,,,unresolved_branch,,False
flu_like,1,1000,4,62759,2026-04-10,2,seq_52168612,99,4,8,4,True,6274,7513,29314227.0,7342.0,True,True,,,
flu_like,1,1000,4,62762,2026-04-10,2,seq_52173617,99,4,8,4,True,2227,8378,47781198.0,5633.0,True,True,,,
flu_like,1,1000,4,62772,2026-04-10,2,seq_52183346,99,3,8,5,True,4102,7567,47772275.0,4778.0,True,True,,,
flu_like,1,1000,4,62868,2026-04-10,2,seq_52251095,99,8,12,4,True,8055,8567,10798719.0,9340.0,True,False,,,
flu_like,1,1000,4,62967,2026-04-10,2,seq_52344354,99,7,11,4,True,9225,9994,13946370.0,9601.0,True,True,,,
flu_like,1,1000,4,63154,2026-04-10,2,seq_52559940,99,10,14,4,True,2211,4152,50535751.0,4636.0,True,False,,,
flu_like,1,1000,4,63185,2026-04-10,2,seq_52590962,99,3,7,4,True,5428,7970,48404402.0,6547.0,True,True,,,
flu_like,1,1000,4,63498,2026-04-10,2,seq_52924046,99,3,7,4,True,1438,4515,44921388.0,3112.0,True,True,,,
flu_like,1,1000,4,63514,2026-04-10,2,seq_52936691,99,7,11,4,True,8243,8950,32993172.0,8871.0,True,True,,,
flu_like,1,1000,4,63615,2026-04-10,2,seq_53047428,99,6,10,4,True,5468,8241,50584118.0,5778.0,True,True,,,
flu_like,1,1000,4,64456,2026-04-11,2,seq_53558969,100,8,12,4,True,6999,9948,39645878.0,9444.0,True,True,,,
flu_like,1,1000,4,64617,2026-04-11,2,seq_53725911,100,6,10,4,True,5047,9521,53725911.0,9216.0,True,True,,,
flu_like,1,1000,4,64634,2026-04-11,2,seq_53742824,100,5,9,4,True,7425,9978,41118969.0,8557.0,True,True,,,
flu_like,1,1000,4,64888,2026-04-11,2,seq_54066829,100,3,7,4,True,1357,1915,43246648.0,1524.0,True,True,,,
flu_like,1,1000,5,11510,2026-02-22,2,seq_5161300,52,2,7,5,True,2854,5966,5161300,5032,True,True,,,
flu_like,1,1000,5,28760,2026-03-12,2,seq_23169684,70,4,9,5,True,6719,9594,22155270,7594,True,True,,,
flu_like,1,1000,5,34381,2026-03-17,2,seq_28326019,75,0,5,5,True,8263,9395,26214335,8495,True,True,,,
flu_like,1,1000,5,34745,2026-03-17,2,seq_28705676,75,4,9,5,True,7554,9420,27354829,7629,True,True,,,
flu_like,1,1000,5,39560,2026-03-21,2,seq_33124694,79,3,9,6,True,6706,7886,4799884,7032,True,True,,,
flu_like,1,1000,5,41630,2026-03-23,2,seq_34866442,81,3,8,5,True,4079,5512,828567,4944,True,True,,,
flu_like,1,1000,5,43321,2026-03-25,2,seq_36189831,83,1,6,5,True,9986,10859,21449337,10639,True,True,,,
flu_like,1,1000,5,43327,2026-03-25,2,seq_36196149,83,5,10,5,True,5428,6161,6934436,5587,True,True,,,
flu_like,1,1000,5,43987,2026-03-25,2,seq_36887557,83,2,8,6,True,5521,8015,20972675,5769,True,True,,,
flu_like,1,1000,5,44868,2026-03-26,2,seq_37553526,84,2,7,5,True,6317,7827,19657115,6212,True,False,,,
flu_like,1,1000,5,48706,2026-03-29,2,seq_40900821,87,6,11,5,True,7068,9570,38347571,7122,True,True,,,
flu_like,1,1000,5,50498,2026-03-31,2,seq_42242944,89,1,8,7,True,2102,2210,42242944,3349,True,False,,,
flu_like,1,1000,5,52478,2026-04-01,2,seq_44126123,90,5,10,5,True,7966,9730,37260525,8074,True,True,,,
flu_like,1,1000,5,54528,2026-04-03,2,seq_45684629,92,1,8,7,True,6426,7836,35676893,6866,True,True,,,
flu_like,1,1000,5,54730,2026-04-03,2,seq_45920933,92,5,10,5,True,5940,6512,18478580,6487,True,True,,,
flu_like,1,1000,5,55849,2026-04-04,2,seq_46815296,93,3,8,5,True,3623,7636,46815296,5691,True,True,,,
flu_like,1,1000,5,56678,2026-04-05,2,seq_47379666,94,2,7,5,True,7995,9349,17531476,8625,True,True,,,
flu_like,1,1000,5,57350,2026-04-05,2,seq_48132765,94,4,9,5,True,4136,7670,16490842,4221,True,True,,,
flu_like,1,1000,5,57957,2026-04-06,2,seq_48431219,95,3,8,5,True,5190,7823,17721663,5960,True,True,,,
flu_like,1,1000,5,59718,2026-04-07,2,seq_49997887,96,3,9,6,True,9726,11179,33109233,10263,True,True,,,
flu_like,1,1000,5,61596,2026-04-09,2,seq_51273737,98,9,14,5,True,9742,11179,20637156,10613,True,True,,,
flu_like,1,1000,5,62000,2026-04-09,2,seq_51693694,98,1,9,8,True,4157,6349,44299631,5642,True,True,,,
flu_like,1,1000,5,62743,2026-04-10,2,seq_52183346,99,3,8,5,True,4102,7567,47772275,4778,True,True,,,
flu_like,2,200,3,2417,2026-02-16,2,seq_1335344,46,0,3,3,True,2878,7397,143483.0,3385.0,True,True,,,
flu_like,2,200,3,5209,2026-03-03,2,seq_14601302,61,3,7,4,True,4619,5685,13477500.0,5285.0,True,True,,,
flu_like,2,200,3,7658,2026-03-14,2,seq_25879905,72,1,4,3,True,4371,6289,14385687.0,11155.0,True,False,,,
flu_like,2,200,3,8323,2026-03-17,2,seq_28814028,75,1,4,3,True,8771,9516,427601.0,9452.0,True,True,,,
flu_like,2,200,3,8735,2026-03-19,2,seq_30510464,77,2,6,4,True,7628,9107,10538727.0,8528.0,True,True,,,
flu_like,2,200,3,8878,2026-03-20,2,seq_31194523,78,4,7,3,True,5742,6612,28532998.0,6296.0,True,True,,,
flu_like,2,200,3,9362,2026-03-22,2,seq_33165409,80,2,6,4,True,7927,10406,3485642.0,8714.0,True,True,,,
flu_like,2,200,3,9419,2026-03-22,2,seq_33452401,80,2,6,4,True,4824,6130,6681926.0,5277.0,True,True,,,
flu_like,2,200,3,9524,2026-03-22,2,seq_34037442,80,4,7,3,True,1262,3446,941900.0,2378.0,True,True,,,
flu_like,2,200,3,9635,2026-03-23,2,seq_34494844,81,4,8,4,True,7927,10026,12572683.0,8389.0,True,True,,,
flu_like,2,200,3,9661,2026-03-23,2,seq_34568083,81,1,5,4,True,8291,9511,8814374.0,9307.0,True,True,,,
flu_like,2,200,3,9666,2026-03-23,2,seq_34587559,81,7,10,3,True,7584,8454,34587559.0,8012.0,True,True,,,
flu_like,2,200,3,10186,2026-03-25,2,seq_36952314,83,2,5,3,True,6711,9828,3724923.0,7538.0,True,True,,,
flu_like,2,200,3,10313,2026-03-26,2,seq_37346543,84,6,9,3,True,7217,10263,29598701.0,7972.0,True,True,,,
flu_like,2,200,3,10457,2026-03-26,2,seq_38131372,84,1,4,3,True,5692,7019,27419.0,4925.0,True,False,,,
flu_like,2,200,3,10579,2026-03-27,2,seq_38431587,85,4,7,3,False,7803,8030,,,,,unresolved_branch,,False
flu_like,2,200,3,10633,2026-03-27,2,seq_38720404,85,4,8,4,True,6199,7926,21415512.0,7856.0,True,True,,,
flu_like,2,200,3,10636,2026-03-27,2,seq_38725175,85,1,6,5,True,8667,9542,31680138.0,9312.0,True,True,,,
flu_like,2,200,3,10766,2026-03-28,2,seq_39190904,86,2,5,3,False,7703,9489,,,,,unresolved_branch,,False
flu_like,2,200,3,10878,2026-03-28,2,seq_39747574,86,10,13,3,True,7927,8420,3150308.0,8177.0,True,True,,,
flu_like,2,200,3,11008,2026-03-29,2,seq_40238920,87,4,7,3,False,10008,10113,,,,,unresolved_branch,,False
flu_like,2,200,3,11565,2026-03-31,2,seq_42463560,89,1,6,5,True,7054,8420,29728958.0,8080.0,True,True,,,
flu_like,2,200,3,11635,2026-03-31,2,seq_42851237,89,3,6,3,False,7351,7910,,,,,unresolved_branch,,False
flu_like,2,200,3,11805,2026-04-01,2,seq_43528325,90,3,6,3,False,3496,3550,,,,,unresolved_branch,,False
flu_like,2,200,3,12035,2026-04-02,2,seq_44404391,91,6,9,3,True,5920,6095,662751.0,6010.0,True,True,,,
flu_like,2,200,3,12149,2026-04-02,2,seq_45008028,91,8,11,3,True,6878,8290,35287757.0,8009.0,True,True,,,
flu_like,2,200,3,12318,2026-04-03,2,seq_45582397,92,1,4,3,False,5271,6861,,,,,unresolved_branch,,False
flu_like,2,200,3,12380,2026-04-03,2,seq_45938626,92,5,8,3,False,4796,5202,,,,,unresolved_branch,,False
flu_like,2,200,3,13077,2026-04-06,2,seq_48767898,95,6,10,4,True,9746,10457,39877518.0,10453.0,True,True,,,
flu_like,2,200,3,13277,2026-04-07,2,seq_49437827,96,7,10,3,True,6394,7926,37330381.0,7670.0,True,True,,,
flu_like,2,200,3,13871,2026-04-09,2,seq_52062524,98,1,4,3,False,1407,2886,,,,,unresolved_branch,,False
flu_like,2,200,3,13877,2026-04-09,2,seq_52085192,98,3,6,3,False,1592,5836,,,,,unresolved_branch,,False
flu_like,2,200,3,14001,2026-04-10,2,seq_52379191,99,6,9,3,False,6205,6231,,,,,unresolved_branch,,False
flu_like,2,200,3,14049,2026-04-10,2,seq_52609863,99,12,15,3,True,8052,8262,24882678.0,8231.0,True,True,,,
flu_like,2,200,3,14053,2026-04-10,2,seq_52626661,99,4,7,3,True,5410,6752,27076390.0,5786.0,True,True,,,
flu_like,2,200,3,14075,2026-04-10,2,seq_52720149,99,4,7,3,True,7022,10263,23916861.0,9734.0,True,True,,,
flu_like,2,200,3,14100,2026-04-10,2,seq_52847408,99,5,9,4,True,9108,10550,27235906.0,9613.0,True,True,,,
flu_like,2,200,3,14128,2026-04-10,2,seq_53037148,99,2,5,3,False,7801,9216,,,,,relative_recombinant,10487.0,False
flu_like,2,200,3,14142,2026-04-10,2,seq_53131154,99,0,3,3,False,4756,8022,,,,,unresolved_branch,,False
flu_like,2,200,3,14358,2026-04-11,2,seq_53896697,100,4,8,4,True,5753,7397,7061402.0,5868.0,True,True,,,
flu_like,2,200,4,5208,2026-03-03,2,seq_14601302,61,3,7,4,True,4619,5685,13477500,5285,True,True,,,
flu_like,2,200,4,8732,2026-03-19,2,seq_30510464,77,2,6,4,True,7628,9107,10538727,8528,True,True,,,
flu_like,2,200,4,9359,2026-03-22,2,seq_33165409,80,2,6,4,True,7927,10406,3485642,8714,True,True,,,
flu_like,2,200,4,9416,2026-03-22,2,seq_33452401,80,2,6,4,True,4824,6130,6681926,5277,True,True,,,
flu_like,2,200,4,9632,2026-03-23,2,seq_34494844,81,4,8,4,True,7927,10026,12572683,8389,True,True,,,
flu_like,2,200,4,9658,2026-03-23,2,seq_34568083,81,1,5,4,True,8291,9511,8814374,9307,True,True,,,
flu_like,2,200,4,10626,2026-03-27,2,seq_38720404,85,4,8,4,True,6199,7926,21415512,7856,True,True,,,
flu_like,2,200,4,10629,2026-03-27,2,seq_38725175,85,1,6,5,True,8667,9542,31680138,9312,True,True,,,
flu_like,2,200,4,11558,2026-03-31,2,seq_42463560,89,1,6,5,True,7054,8420,29728958,8080,True,True,,,
flu_like,2,200,4,13067,2026-04-06,2,seq_48767898,95,6,10,4,True,9746,10457,39877518,10453,True,True,,,
flu_like,2,200,4,14086,2026-04-10,2,seq_52847408,99,5,9,4,True,9108,10550,27235906,9613,True,True,,,
flu_like,2,200,4,14344,2026-04-11,2,seq_53896697,100,4,8,4,True,5753,7397,7061402,5868,True,True,,,
flu_like,2,200,5,10624,2026-03-27,2,seq_38725175,85,1,6,5,True,8667,9542,31680138,9312,True,True,,,
flu_like,2,200,5,11552,2026-03-31,2,seq_42463560,89,1,6,5,True,7054,8420,29728958,8080,True,True,,,
flu_like,2,1000,3,2148,2026-02-05,2,seq_50208,35,0,3,3,True,7105,10263,40696.0,9869.0,True,True,,,
flu_like,2,1000,3,4281,2026-02-10,2,seq_218699,40,3,6,3,True,7927,8666,134124.0,8322.0,True,True,,,
flu_like,2,1000,3,7638,2026-02-16,2,seq_1132315,46,1,4,3,True,7927,9676,173033.0,8433.0,True,True,,,
flu_like,2,1000,3,7917,2026-02-16,2,seq_1335344,46,0,3,3,True,2878,7397,143483.0,3385.0,True,True,,,
flu_like,2,1000,3,8437,2026-02-17,2,seq_1608369,47,1,4,3,True,7105,7926,168971.0,7794.0,True,True,,,
flu_like,2,1000,3,9837,2026-02-19,2,seq_2759127,49,3,7,4,True,5920,8181,2298402.0,8092.0,True,True,,,
flu_like,2,1000,3,12735,2026-02-23,2,seq_6302407,53,0,3,3,True,7105,9511,365196.0,7350.0,True,True,,,
flu_like,2,1000,3,13185,2026-02-23,2,seq_7032935,53,1,4,3,True,2838,5868,7032935.0,4275.0,True,True,,,
flu_like,2,1000,3,13970,2026-02-24,2,seq_7920545,54,3,6,3,True,7927,9227,1577640.0,8503.0,True,True,,,
flu_like,2,1000,3,14044,2026-02-24,2,seq_8070097,54,2,5,3,True,3167,7397,4331414.0,6243.0,True,True,,,
flu_like,2,1000,3,14737,2026-02-25,2,seq_8726091,55,1,4,3,True,6012,9107,3132612.0,8800.0,True,True,,,
flu_like,2,1000,3,15626,2026-02-26,2,seq_9802239,56,1,4,3,True,4789,7104,81634.0,6444.0,True,True,,,
flu_like,2,1000,3,16525,2026-02-27,2,seq_10802441,57,1,4,3,True,6131,6890,10123470.0,6720.0,True,True,,,
flu_like,2,1000,3,16530,2026-02-27,2,seq_10810223,57,3,6,3,True,7927,10406,3485642.0,8714.0,True,True,,,
flu_like,2,1000,3,17053,2026-02-28,2,seq_11294043,58,1,5,4,True,4570,6204,1797046.0,6089.0,True,True,,,
flu_like,2,1000,3,17097,2026-02-28,2,seq_11317272,58,2,5,3,True,8380,10406,3189388.0,10387.0,True,True,,,
flu_like,2,1000,3,17957,2026-03-01,2,seq_12244388,59,0,3,3,True,9829,10406,10258755.0,9881.0,True,True,,,
flu_like,2,1000,3,18523,2026-03-01,2,seq_13027407,59,2,5,3,False,5456,7680,,,,,unresolved_branch,,False
flu_like,2,1000,3,19185,2026-03-02,2,seq_13588203,60,5,9,4,True,3228,4801,10086229.0,3461.0,True,True,,,
flu_like,2,1000,3,20049,2026-03-03,2,seq_14458500 seq_15101335,61,2,7,5,True,5380,6970,1204176.0,6632.0,True,True,,,
flu_like,2,1000,3,20160,2026-03-03,2,seq_14601302,61,2,6,4,True,5129,5685,13477500.0,5285.0,True,True,,,
flu_like,2,1000,3,22029,2026-03-05,2,seq_16472521,63,4,7,3,True,3220,5748,3780336.0,3646.0,True,True,,,
flu_like,2,1000,3,22047,2026-03-05,2,seq_16492451,63,2,5,3,False,2477,2713,,,,,unresolved_branch,,False
flu_like,2,1000,3,23142,2026-03-06,2,seq_17594420,64,2,5,3,False,8421,9302,,,,,unresolved_branch,,False
flu_like,2,1000,3,24135,2026-03-07,2,seq_18563235,65,0,5,5,True,7927,8783,4253467.0,8409.0,True,True,,,
flu_like,2,1000,3,25125,2026-03-08,2,seq_19565832,66,2,5,3,True,897,4574,5426160.0,2747.0,True,True,,,
flu_like,2,1000,3,26373,2026-03-09,2,seq_20869334,67,2,7,5,True,5869,7850,10479095.0,7723.0,True,True,,,
flu_like,2,1000,3,27046,2026-03-10,2,seq_21434160,68,4,7,3,True,7105,7583,504589.0,7360.0,True,True,,,
flu_like,2,1000,3,27295,2026-03-10,2,seq_21696322,68,4,7,3,True,9976,11242,993598.0,10001.0,True,True,,,
flu_like,2,1000,3,27306,2026-03-10,2,seq_21706064,68,4,9,5,True,8421,9267,1038460.0,10870.0,True,False,,,
flu_like,2,1000,3,27580,2026-03-10,2,seq_22118783,68,1,5,4,True,8421,10013,6658777.0,9775.0,True,True,,,
flu_like,2,1000,3,28057,2026-03-11,2,seq_22364964,69,4,8,4,True,4073,4823,21467937.0,4159.0,True,True,,,
flu_like,2,1000,3,28413,2026-03-11,2,seq_22812423,69,1,4,3,False,4097,4198,,,,,unresolved_branch,,False
flu_like,2,1000,3,28460,2026-03-11,2,seq_22863485,69,1,4,3,True,1610,5279,810140.0,3708.0,True,True,,,
flu_like,2,1000,3,28508,2026-03-11,2,seq_22928726,69,4,7,3,True,2464,4881,21956060.0,6313.0,True,False,,,
flu_like,2,1000,3,28898,2026-03-12,2,seq_23224628,70,3,8,5,True,7105,8119,335289.0,7775.0,True,True,,,
flu_like,2,1000,3,29106,2026-03-12,2,seq_23386262,70,2,5,3,True,4471,5426,8970658.0,4692.0,True,True,,,
flu_like,2,1000,3,30326,2026-03-13,2,seq_24528059,71,1,4,3,True,4831,5490,631658.0,5094.0,True,True,,,
flu_like,2,1000,3,30475,2026-03-13,2,seq_24684148,71,2,6,4,True,7105,7926,12470683.0,7867.0,True,True,,,
flu_like,2,1000,3,30635,2026-03-13,2,seq_24944353,71,0,4,4,True,3236,7583,13138276.0,7079.0,True,True,,,
flu_like,2,1000,3,30660,2026-03-13,2,seq_24968655,71,1,4,3,False,7499,7957,,,,,unresolved_branch,,False
flu_like,2,1000,3,31377,2026-03-14,2,seq_25483286,72,3,6,3,True,1544,2217,24505146.0,1467.0,True,False,,,
flu_like,2,1000,3,31542,2026-03-14,2,seq_25674940,72,0,5,5,True,3632,4777,4377048.0,4269.0,True,True,,,
flu_like,2,1000,3,31652,2026-03-14,2,seq_25808987,72,4,7,3,True,9512,10025,12324618.0,9674.0,True,True,,,
flu_like,2,1000,3,31691,2026-03-14,2,seq_25862256,72,5,8,3,True,9568,11915,24013757.0,11100.0,True,True,,,
flu_like,2,1000,3,31713,2026-03-14,2,seq_25879905,72,1,4,3,True,4371,6289,14385687.0,11155.0,True,False,,,
flu_like,2,1000,3,31720,2026-03-14,2,seq_25890560,72,2,5,3,True,1856,7104,7747113.0,6470.0,True,True,,,
flu_like,2,1000,3,31730,2026-03-14,2,seq_25906306,72,1,5,4,True,4824,6130,6681926.0,5277.0,True,True,,,
flu_like,2,1000,3,32195,2026-03-15,2,seq_26221094,73,2,5,3,False,9829,10559,,,,,unresolved_branch,,False
flu_like,2,1000,3,32514,2026-03-15,2,seq_26498637,73,0,3,3,True,2572,6232,10869353.0,2658.0,True,True,,,
flu_like,2,1000,3,32564,2026-03-15,2,seq_26555061,73,3,6,3,False,1936,2853,,,,,unresolved_branch,,False
flu_like,2,1000,3,32579,2026-03-15,2,seq_26574130,73,5,8,3,True,2572,5906,22006207.0,3168.0,True,True,,,
flu_like,2,1000,3,32796,2026-03-15,2,seq_26832603,73,2,7,5,True,6130,7926,2056757.0,6343.0,True,True,,,
flu_like,2,1000,3,32834,2026-03-15,2,seq_26887728,73,3,6,3,True,3913,6879,23115123.0,2734.0,True,False,,,
flu_like,2,1000,3,33925,2026-03-16,2,seq_27932383,74,3,6,3,False,10407,11969,,,,,unresolved_branch,,False
flu_like,2,1000,3,34741,2026-03-17,2,seq_28558461,75,5,8,3,True,6999,7055,26603140.0,7136.0,True,False,,,
flu_like,2,1000,3,34958,2026-03-17,2,seq_28818755,75,2,5,3,False,3583,4823,,,,,relative_recombinant,4159.0,True
flu_like,2,1000,3,34978,2026-03-17,2,seq_28850748,75,1,4,3,False,7590,7927,,,,,unresolved_branch,,False
flu_like,2,1000,3,34997,2026-03-17,2,seq_28872752,75,1,4,3,True,4822,7583,15397478.0,6533.0,True,True,,,
flu_like,2,1000,3,35186,2026-03-17,2,seq_29098762,75,2,5,3,True,8120,10406,10866797.0,10136.0,True,True,,,
flu_like,2,1000,3,35414,2026-03-18,2,seq_29157035,76,1,6,5,True,7105,7926,26058260.0,7699.0,True,True,,,
flu_like,2,1000,3,35443,2026-03-18,2,seq_29168064,76,2,6,4,True,4049,5040,29168064.0,2646.0,True,False,,,
flu_like,2,1000,3,35538,2026-03-18,2,seq_29219496,76,2,6,4,True,10264,10406,14198529.0,8972.0,True,False,,,
flu_like,2,1000,3,35585,2026-03-18,2,seq_29269325,76,3,6,3,True,9512,9992,11562345.0,9742.0,True,True,,,
flu_like,2,1000,3,35885,2026-03-18,2,seq_29554984,76,3,8,5,True,7105,7926,12383473.0,7431.0,True,True,,,
flu_like,2,1000,3,35889,2026-03-18,2,seq_29561367,76,1,4,3,False,3800,4521,,,,,unresolved_branch,,False
flu_like,2,1000,3,36967,2026-03-19,2,seq_30510464,77,2,5,3,True,7628,9107,10538727.0,8528.0,True,True,,,
flu_like,2,1000,3,37127,2026-03-19,2,seq_30664887,77,4,7,3,True,7927,10263,12960370.0,7993.0,True,True,,,
flu_like,2,1000,3,37244,2026-03-19,2,seq_30845562,77,2,8,6,True,8109,8364,3592926.0,7930.0,True,False,,,
flu_like,2,1000,3,37299,2026-03-19,2,seq_30914695,77,5,8,3,True,9829,10292,20774133.0,10007.0,True,True,,,
flu_like,2,1000,3,37391,2026-03-19,2,seq_31044140,77,1,5,4,True,7016,7583,15267618.0,7477.0,True,True,,,
flu_like,2,1000,3,37705,2026-03-20,2,seq_31194523,78,2,7,5,True,5742,6612,28532998.0,6296.0,True,True,,,
flu_like,2,1000,3,37936,2026-03-20,2,seq_31373128,78,4,7,3,False,5303,5702,,,,,unresolved_branch,,False
flu_like,2,1000,3,38208,2026-03-20,2,seq_31683210,78,2,5,3,False,5079,7007,,,,,unresolved_branch,,False
flu_like,2,1000,3,38237,2026-03-20,2,seq_31708278,78,1,4,3,True,5920,6095,662751.0,6010.0,True,True,,,
flu_like,2,1000,3,38246,2026-03-20,2,seq_31720693,78,1,4,3,False,3244,4481,,,,,unresolved_branch,,False
flu_like,2,1000,3,38403,2026-03-20,2,seq_31931407,78,4,7,3,True,4541,7382,25842022.0,8790.0,True,False,,,
flu_like,2,1000,3,38957,2026-03-21,2,seq_32318590,79,4,7,3,True,3740,5919,18062346.0,5846.0,True,True,,,
flu_like,2,1000,3,39321,2026-03-21,2,seq_32705305,79,3,6,3,False,4418,4917,,,,,unresolved_branch,,False
flu_like,2,1000,3,39489,2026-03-21,2,seq_32909169,79,5,8,3,True,8109,10025,9905898.0,8576.0,True,True,,,
flu_like,2,1000,3,39876,2026-03-22,2,seq_33145118,80,1,4,3,False,5357,6356,,,,,unresolved_branch,,False
flu_like,2,1000,3,40373,2026-03-22,2,seq_33585300,80,1,4,3,True,2215,4169,12694500.0,3469.0,True,True,,,
flu_like,2,1000,3,40596,2026-03-22,2,seq_33836698,80,3,6,3,False,8231,8434,,,,,unresolved_branch,,False
flu_like,2,1000,3,40625,2026-03-22,2,seq_33884874,80,4,7,3,True,5610,8420,382180.0,7253.0,True,True,,,
flu_like,2,1000,3,40737,2026-03-22,2,seq_34028101,80,2,5,3,True,9829,10263,27868983.0,7665.0,True,False,,,
flu_like,2,1000,3,40745,2026-03-22,2,seq_34037442,80,3,6,3,True,1262,3446,941900.0,2378.0,True,True,,,
flu_like,2,1000,3,41416,2026-03-23,2,seq_34494844,81,4,7,3,True,10027,10263,12572683.0,8389.0,True,False,,,
flu_like,2,1000,3,41473,2026-03-23,2,seq_34543734 seq_34568083,81,1,5,4,True,8291,9511,8814374.0,9307.0,True,True,,,
flu_like,2,1000,3,41511,2026-03-23,2,seq_34587559,81,7,10,3,True,7584,8454,34587559.0,8012.0,True,True,,,
flu_like,2,1000,3,41804,2026-03-23,2,seq_34925052,81,0,3,3,False,9696,9876,,,,,unresolved_branch,,False
flu_like,2,1000,3,41952,2026-03-23,2,seq_35127784,81,2,5,3,True,5920,7633,33088950.0,7332.0,True,True,,,
flu_like,2,1000,3,42486,2026-03-24,2,seq_35387037,82,2,5,3,False,849,927,,,,,unresolved_branch,,False
flu_like,2,1000,3,42509,2026-03-24,2,seq_35412003,82,3,6,3,True,6290,7926,9553222.0,6709.0,True,True,,,
flu_like,2,1000,3,42602,2026-03-24,2,seq_35486621,82,8,12,4,True,7105,7330,12402347.0,7145.0,True,True,,,
flu_like,2,1000,3,42906,2026-03-24,2,seq_35879898,82,2,5,3,False,1739,2591,,,,,unresolved_branch,,False
flu_like,2,1000,3,43443,2026-03-25,2,seq_36233403,83,2,5,3,False,5908,6848,,,,,unresolved_branch,,False
flu_like,2,1000,3,43970,2026-03-25,2,seq_36778888,83,5,8,3,True,7927,10263,555015.0,10102.0,True,True,,,
flu_like,2,1000,3,44111,2026-03-25,2,seq_36952314,83,2,5,3,True,6711,9828,3724923.0,7538.0,True,True,,,
flu_like,2,1000,3,44526,2026-03-26,2,seq_37159814,84,8,11,3,True,7301,9170,30270.0,11936.0,False,False,,,
flu_like,2,1000,3,44779,2026-03-26,2,seq_37346543,84,3,8,5,True,7986,8532,29598701.0,7972.0,True,False,,,
flu_like,2,1000,3,44907,2026-03-26,2,seq_37489288,84,3,6,3,True,5920,7104,17312050.0,6419.0,True,True,,,
flu_like,2,1000,3,45176,2026-03-26,2,seq_37784907,84,4,7,3,True,8421,8570,26101398.0,10487.0,True,False,,,
flu_like,2,1000,3,45419,2026-03-26,2,seq_38070187,84,1,4,3,False,4813,5492,,,,,unresolved_branch,,False
flu_like,2,1000,3,45442,2026-03-26,2,seq_38115322,84,2,5,3,False,6501,9220,,,,,unresolved_branch,,False
flu_like,2,1000,3,45458,2026-03-26,2,seq_38131372,84,1,4,3,True,5692,7019,27419.0,4925.0,True,False,,,
flu_like,2,1000,3,46091,2026-03-27,2,seq_38434871,85,2,6,4,False,2039,3912,,,,,relative_recombinant,2734.0,True
flu_like,2,1000,3,46179,2026-03-27,2,seq_38532581,85,5,8,3,False,8475,9362,,,,,unresolved_branch,,False
flu_like,2,1000,3,46240,2026-03-27,2,seq_38589202,85,3,6,3,True,6290,7104,5292316.0,7766.0,True,False,,,
flu_like,2,1000,3,46296,2026-03-27,2,seq_38661033,85,1,4,3,False,4178,4554,,,,,unresolved_branch,,False
flu_like,2,1000,3,46348,2026-03-27,2,seq_38720404,85,4,8,4,True,6199,7926,21415512.0,7856.0,True,True,,,
flu_like,2,1000,3,46354,2026-03-27,2,seq_38725175,85,1,6,5,True,8667,9542,31680138.0,9312.0,True,True,,,
flu_like,2,1000,3,46368,2026-03-27,2,seq_38738878,85,2,5,3,True,3998,5343,28933777.0,7459.0,True,False,,,
flu_like,2,1000,3,46503,2026-03-27,2,seq_38916021,85,1,4,3,True,6290,6563,33588788.0,6299.0,True,True,,,
flu_like,2,1000,3,46505,2026-03-27,2,seq_38919444,85,0,6,6,True,8120,10406,36001621.0,9823.0,True,True,,,
flu_like,2,1000,3,46943,2026-03-28,2,seq_39165425,86,4,8,4,True,7105,8971,28617921.0,7614.0,True,True,,,
flu_like,2,1000,3,46999,2026-03-28,2,seq_39209628,86,3,6,3,False,2603,3536,,,,,unresolved_branch,,False
flu_like,2,1000,3,47393,2026-03-28,2,seq_39582357,86,3,6,3,False,8421,8742,,,,,unresolved_branch,,False
flu_like,2,1000,3,47470,2026-03-28,2,seq_39663059,86,4,8,4,True,2146,4072,32166362.0,3499.0,True,True,,,
flu_like,2,1000,3,47521,2026-03-28,2,seq_39726970,86,3,9,6,True,7253,7583,25131125.0,7323.0,True,True,,,
flu_like,2,1000,3,47546,2026-03-28,2,seq_39747574,86,10,13,3,True,7927,8420,3150308.0,8177.0,True,True,,,
flu_like,2,1000,3,47549,2026-03-28,2,seq_39750363,86,3,6,3,False,7337,8413,,,,,unresolved_branch,,False
flu_like,2,1000,3,47596,2026-03-28,2,seq_39805310,86,2,5,3,True,1324,4000,14622237.0,3241.0,True,True,,,
flu_like,2,1000,3,47847,2026-03-28,2,seq_40125614,86,2,5,3,False,4228,7450,,,,,unresolved_branch,,False
flu_like,2,1000,3,48427,2026-03-29,2,seq_40403556,87,1,4,3,False,2569,2579,,,,,unresolved_branch,,False
flu_like,2,1000,3,48475,2026-03-29,2,seq_40438737,87,1,4,3,False,2571,3179,,,,,unresolved_branch,,False
flu_like,2,1000,3,48608,2026-03-29,2,seq_40591068,87,4,7,3,True,1133,5194,3831488.0,5178.0,True,True,,,
flu_like,2,1000,3,48709,2026-03-29,2,seq_40715059,87,1,4,3,False,5150,5480,,,,,unresolved_branch,,False
flu_like,2,1000,3,49365,2026-03-30,2,seq_41196404,88,0,3,3,False,3761,5573,,,,,unresolved_branch,,False
flu_like,2,1000,3,49487,2026-03-30,2,seq_41320709,88,8,12,4,True,2659,3728,34193450.0,3379.0,True,True,,,
flu_like,2,1000,3,49581,2026-03-30,2,seq_41410149,88,1,4,3,False,3256,3946,,,,,unresolved_branch,,False
flu_like,2,1000,3,49744,2026-03-30,2,seq_41592001,88,1,7,6,True,6978,7926,31083654.0,7016.0,True,True,,,
flu_like,2,1000,3,49847,2026-03-30,2,seq_41687053,88,3,7,4,True,4905,5919,26230966.0,4941.0,True,True,,,
flu_like,2,1000,3,49984,2026-03-30,2,seq_41853155,88,3,6,3,True,10588,10686,27091246.0,10681.0,True,True,,,
flu_like,2,1000,3,50007,2026-03-30,2,seq_41889379,88,2,5,3,False,759,1387,,,,,unresolved_branch,,False
flu_like,2,1000,3,50157,2026-03-30,2,seq_42038189,88,5,8,3,True,4634,6289,37430137.0,4968.0,True,True,,,
flu_like,2,1000,3,50228,2026-03-30,2,seq_42112144,88,3,6,3,False,4366,10860,,,,,unresolved_branch,,False
flu_like,2,1000,3,50509,2026-03-31,2,seq_42158022,89,4,7,3,True,7927,11145,7659005.0,9691.0,True,True,,,
flu_like,2,1000,3,50886,2026-03-31,2,seq_42463560,89,1,6,5,True,7054,8420,29728958.0,8080.0,True,True,,,
flu_like,2,1000,3,50916,2026-03-31,2,seq_42504092,89,1,6,5,True,5610,6133,42504092.0,5826.0,True,True,,,
flu_like,2,1000,3,50993,2026-03-31,2,seq_42575534,89,1,4,3,True,4582,4845,15372686.0,3409.0,True,False,,,
flu_like,2,1000,3,51083,2026-03-31,2,seq_42668219,89,5,9,4,True,4575,7570,25144951.0,5900.0,True,True,,,
flu_like,2,1000,3,51228,2026-03-31,2,seq_42851237,89,3,6,3,False,7351,7910,,,,,unresolved_branch,,False
flu_like,2,1000,3,51367,2026-03-31,2,seq_43027595,89,3,6,3,False,6825,7143,,,,,unresolved_branch,,False
flu_like,2,1000,3,51961,2026-04-01,2,seq_43320481,90,2,5,3,False,3885,5381,,,,,unresolved_branch,,False
flu_like,2,1000,3,52187,2026-04-01,2,seq_43545585,90,2,5,3,False,1532,4289,,,,,unresolved_branch,,False
flu_like,2,1000,3,52267,2026-04-01,2,seq_43613170,90,2,5,3,True,8929,9888,22248175.0,9846.0,True,True,,,
flu_like,2,1000,3,52381,2026-04-01,2,seq_43757216,90,4,7,3,False,5920,6346,,,,,relative_recombinant,4085.0,False
flu_like,2,1000,3,52488,2026-04-01,2,seq_43879617,90,5,8,3,False,6024,9192,,,,,unresolved_branch,,False
flu_like,2,1000,3,52571,2026-04-01,2,seq_43980402,90,3,6,3,False,9588,9800,,,,,unresolved_branch,,False
flu_like,2,1000,3,53483,2026-04-02,2,seq_44677893,91,4,7,3,True,10915,11915,17535677.0,11435.0,True,True,,,
flu_like,2,1000,3,53708,2026-04-02,2,seq_44919434,91,5,9,4,True,8673,10406,37195051.0,10104.0,True,True,,,
flu_like,2,1000,3,53714,2026-04-02,2,seq_44926738,91,2,5,3,False,7883,7995,,,,,unresolved_branch,,False
flu_like,2,1000,3,53793,2026-04-02,2,seq_45008028,91,8,11,3,True,7927,8290,35287757.0,8009.0,True,True,,,
flu_like,2,1000,3,54239,2026-04-03,2,seq_45236574,92,5,9,4,True,4797,7926,35898117.0,7248.0,True,True,,,
flu_like,2,1000,3,54325,2026-04-03,2,seq_45300345 seq_45901283,92,2,4,2,False,970,2184,,,,,unresolved_branch,,False
flu_like,2,1000,3,54566,2026-04-03,2,seq_45527510,92,2,5,3,True,6394,9545,32571480.0,7510.0,True,True,,,
flu_like,2,1000,3,54619,2026-04-03,2,seq_45587259,92,2,5,3,True,7022,10263,23916861.0,9734.0,True,True,,,
flu_like,2,1000,3,54621,2026-04-03,2,seq_45587730,92,6,9,3,True,6290,8285,36979759.0,7228.0,True,True,,,
flu_like,2,1000,3,54669,2026-04-03,2,seq_45639629,92,3,6,3,True,10132,10630,16895766.0,8370.0,True,False,,,
flu_like,2,1000,3,54757,2026-04-03,2,seq_45733411,92,5,8,3,False,8406,9640,,,,,unresolved_branch,,False
flu_like,2,1000,3,54910,2026-04-03,2,seq_45911074,92,1,4,3,False,4245,8774,,,,,unresolved_branch,,False
flu_like,2,1000,3,54938,2026-04-03,2,seq_45949565,92,0,3,3,False,4890,7081,,,,,unresolved_branch,,False
flu_like,2,1000,3,54988,2026-04-03,2,seq_46008166,92,8,11,3,True,8143,9548,22430716.0,8958.0,True,True,,,
flu_like,2,1000,3,55018,2026-04-03,2,seq_46046993,92,8,12,4,True,5920,6289,41241461.0,6205.0,True,True,,,
flu_like,2,1000,3,55021,2026-04-03,2,seq_46049872,92,5,8,3,True,5920,7397,7061402.0,5868.0,True,False,,,
flu_like,2,1000,3,55045,2026-04-03,2,seq_46071451,92,1,6,5,True,4822,6586,38405079.0,5146.0,True,True,,,
flu_like,2,1000,3,55067,2026-04-03,2,seq_46096322,92,4,7,3,True,7927,10201,39376638.0,8687.0,True,True,,,
flu_like,2,1000,3,55087,2026-04-03,2,seq_46119489,92,6,9,3,False,2592,5350,,,,,relative_recombinant,2656.0,True
flu_like,2,1000,3,55606,2026-04-04,2,seq_46320836,93,8,11,3,False,6298,10317,,,,,unresolved_branch,,False
flu_like,2,1000,3,55720,2026-04-04,2,seq_46422572,93,4,7,3,True,6441,7999,33922012.0,7249.0,True,True,,,
flu_like,2,1000,3,55755,2026-04-04,2,seq_46455868,93,5,8,3,True,3045,7104,41974263.0,6670.0,True,True,,,
flu_like,2,1000,3,55779,2026-04-04,2,seq_46485679 seq_46697411,93,6,7,1,True,9701,11088,22793548.0,9800.0,True,True,,,
flu_like,2,1000,3,55839,2026-04-04,2,seq_46531052,93,4,7,3,False,5713,7009,,,,,unresolved_branch,,False
flu_like,2,1000,3,55953,2026-04-04,2,seq_46641771,93,3,6,3,False,5829,7939,,,,,unresolved_branch,,False
flu_like,2,1000,3,56039,2026-04-04,2,seq_46759193,93,5,8,3,False,5541,6101,,,,,unresolved_branch,,False
flu_like,2,1000,3,56130,2026-04-04,2,seq_46872100,93,2,5,3,True,6290,7322,40098722.0,6856.0,True,True,,,
flu_like,2,1000,3,56188,2026-04-04,2,seq_46952008,93,6,9,3,True,1896,8708,13231127.0,2548.0,True,True,,,
flu_like,2,1000,3,56199,2026-04-04,2,seq_46961689,93,6,9,3,True,3544,6093,4161910.0,4346.0,True,True,,,
flu_like,2,1000,3,56271,2026-04-04,2,seq_47040447,93,0,6,6,True,4580,5919,43568610.0,4823.0,True,True,,,
flu_like,2,1000,3,56324,2026-04-04,2,seq_47103473,93,1,4,3,False,5148,5340,,,,,unresolved_branch,,False
flu_like,2,1000,3,56770,2026-04-05,2,seq_47245228,94,5,8,3,False,960,2570,,,,,unresolved_branch,,False
flu_like,2,1000,3,57059,2026-04-05,2,seq_47528232,94,8,11,3,True,4605,5214,36964855.0,4971.0,True,True,,,
flu_like,2,1000,3,57141,2026-04-05,2,seq_47606882,94,5,8,3,False,6729,7328,,,,,unresolved_branch,,False
flu_like,2,1000,3,57168,2026-04-05,2,seq_47637162,94,2,5,3,True,9473,11365,45948315.0,10499.0,True,True,,,
flu_like,2,1000,3,57250,2026-04-05,2,seq_47719182,94,3,6,3,False,4935,5919,,,,,unresolved_branch,,False
flu_like,2,1000,3,57306,2026-04-05,2,seq_47774234,94,1,5,4,True,5394,7926,43736001.0,7749.0,True,True,,,
flu_like,2,1000,3,57477,2026-04-05,2,seq_47996290,94,5,8,3,True,7105,8626,20175284.0,7720.0,True,True,,,
flu_like,2,1000,3,57519,2026-04-05,2,seq_48062387,94,6,9,3,False,3210,3228,,,,,unresolved_branch,,False
flu_like,2,1000,3,57572,2026-04-05,2,seq_48126945,94,3,6,3,False,8426,8822,,,,,unresolved_branch,,False
flu_like,2,1000,3,57901,2026-04-06,2,seq_48168756,95,2,5,3,False,8319,8720,,,,,unresolved_branch,,False
flu_like,2,1000,3,58005,2026-04-06,2,seq_48231310,95,0,3,3,False,1453,2402,,,,,unresolved_branch,,False
flu_like,2,1000,3,58173,2026-04-06,2,seq_48414801,95,2,5,3,False,7578,7858,,,,,unresolved_branch,,False
flu_like,2,1000,3,58302,2026-04-06,2,seq_48551409,95,8,11,3,False,12087,12453,,,,,unresolved_branch,,False
flu_like,2,1000,3,58443,2026-04-06,2,seq_48671054,95,2,5,3,False,1449,3138,,,,,unresolved_branch,,False
flu_like,2,1000,3,58530,2026-04-06,2,seq_48767898,95,3,7,4,True,9746,10457,39877518.0,10453.0,True,True,,,
flu_like,2,1000,3,58553,2026-04-06,2,seq_48799087,95,6,10,4,True,3744,5731,43132244.0,5174.0,True,True,,,
flu_like,2,1000,3,58588,2026-04-06,2,seq_48840290,95,4,8,4,True,3773,4821,44308625.0,4625.0,True,True,,,
flu_like,2,1000,3,58607,2026-04-06,2,seq_48857906,95,7,10,3,True,10051,10508,9904911.0,10225.0,True,True,,,
flu_like,2,1000,3,58678,2026-04-06,2,seq_48952244,95,2,5,3,False,8545,10204,,,,,unresolved_branch,,False
flu_like,2,1000,3,58723,2026-04-06,2,seq_48995360,95,4,7,3,True,7105,7926,38297007.0,7157.0,True,True,,,
flu_like,2,1000,3,58817,2026-04-06,2,seq_49113413,95,4,7,3,False,10407,11707,,,,,unresolved_branch,,False
flu_like,2,1000,3,59439,2026-04-07,2,seq_49395660,96,2,5,3,False,2713,6358,,,,,unresolved_branch,,False
flu_like,2,1000,3,59491,2026-04-07,2,seq_49437827,96,6,9,3,True,6394,7926,37330381.0,7670.0,True,True,,,
flu_like,2,1000,3,59499,2026-04-07,2,seq_49447152,96,4,7,3,True,7927,10406,41102504.0,9372.0,True,True,,,
flu_like,2,1000,3,59569,2026-04-07,2,seq_49514742,96,6,9,3,False,4455,6044,,,,,unresolved_branch,,False
flu_like,2,1000,3,59690,2026-04-07,2,seq_49662483,96,3,6,3,False,8746,9563,,,,,unresolved_branch,,False
flu_like,2,1000,3,59761,2026-04-07,2,seq_49738167,96,5,8,3,False,2675,2770,,,,,unresolved_branch,,False
flu_like,2,1000,3,59969,2026-04-07,2,seq_49976216,96,6,9,3,True,8527,9567,9381471.0,8581.0,True,True,,,
flu_like,2,1000,3,60060,2026-04-07,2,seq_50087896,96,12,16,4,True,6369,8886,43584891.0,7187.0,True,True,,,
flu_like,2,1000,3,60415,2026-04-08,2,seq_50180664,97,1,5,4,True,8973,10907,46406624.0,8030.0,True,False,,,
flu_like,2,1000,3,60579,2026-04-08,2,seq_50308251,97,3,6,3,False,10407,10447,,,,,unresolved_branch,,False
flu_like,2,1000,3,60623,2026-04-08,2,seq_50339213,97,7,10,3,True,2370,3235,37946125.0,2717.0,True,True,,,
flu_like,2,1000,3,60896,2026-04-08,2,seq_50606567,97,5,8,3,True,7927,8420,49386279.0,8030.0,True,True,,,
flu_like,2,1000,3,60995,2026-04-08,2,seq_50712435,97,7,10,3,True,8120,10406,12278025.0,8543.0,True,True,,,
flu_like,2,1000,3,61037,2026-04-08,2,seq_50750230,97,5,8,3,True,5791,7104,27034542.0,5531.0,True,False,,,
flu_like,2,1000,3,61171,2026-04-08,2,seq_50901854,97,1,4,3,False,5214,6289,,,,,unresolved_branch,,False
flu_like,2,1000,3,61191,2026-04-08,2,seq_50923581,97,2,8,6,True,4758,5686,47181333.0,5666.0,True,True,,,
flu_like,2,1000,3,61310,2026-04-08,2,seq_51070855,97,5,9,4,False,4441,6968,,,,,relative_recombinant,5404.0,True
flu_like,2,1000,3,61325,2026-04-08,2,seq_51100995,97,3,7,4,True,8421,10101,40860199.0,10126.0,True,False,,,
flu_like,2,1000,3,61757,2026-04-09,2,seq_51243253,98,6,10,4,True,10100,11088,43117924.0,10149.0,True,True,,,
flu_like,2,1000,3,61784,2026-04-09,2,seq_51269927,98,4,8,4,True,8187,9075,49473271.0,9602.0,True,False,,,
flu_like,2,1000,3,61808,2026-04-09,2,seq_51289994,98,5,8,3,False,7729,8790,,,,,unresolved_branch,,False
flu_like,2,1000,3,62007,2026-04-09,2,seq_51471560,98,2,5,3,True,3596,4778,51471560.0,4371.0,True,True,,,
flu_like,2,1000,3,62127,2026-04-09,2,seq_51596582,98,2,5,3,True,8291,10406,26048831.0,8859.0,True,True,,,
flu_like,2,1000,3,62203,2026-04-09,2,seq_51677688,98,3,8,5,True,8085,8175,46251175.0,9380.0,True,False,,,
flu_like,2,1000,3,62337,2026-04-09,2,seq_51812217,98,6,10,4,False,4179,5881,,,,,unresolved_branch,,False
flu_like,2,1000,3,62408,2026-04-09,2,seq_51902066,98,10,13,3,False,6871,8332,,,,,unresolved_branch,,False
flu_like,2,1000,3,62545,2026-04-09,2,seq_52071113,98,6,9,3,True,3968,4523,6787618.0,5721.0,True,False,,,
flu_like,2,1000,3,62598,2026-04-09,2,seq_52126376,98,2,5,3,False,4154,5019,,,,,unresolved_branch,,False
flu_like,2,1000,3,62601,2026-04-09,2,seq_52127126,98,6,9,3,False,10407,11288,,,,,unresolved_branch,,False
flu_like,2,1000,3,62941,2026-04-10,2,seq_52185383,99,4,7,3,True,10310,10690,42712482.0,8537.0,True,False,,,
flu_like,2,1000,3,63083,2026-04-10,2,seq_52318449,99,1,4,3,False,2758,2929,,,,,unresolved_branch,,False
flu_like,2,1000,3,63251,2026-04-10,2,seq_52471267,99,5,8,3,True,5920,7584,171205.0,7237.0,True,True,,,
flu_like,2,1000,3,63302,2026-04-10,2,seq_52513048,99,5,8,3,True,6290,8262,37727902.0,7140.0,True,True,,,
flu_like,2,1000,3,63317,2026-04-10,2,seq_52525258,99,3,6,3,True,7458,9772,36981030.0,9124.0,True,True,,,
flu_like,2,1000,3,63413,2026-04-10,2,seq_52609863,99,10,14,4,True,8052,8262,24882678.0,8231.0,True,True,,,
flu_like,2,1000,3,63433,2026-04-10,2,seq_52626661,99,4,7,3,True,5410,6752,27076390.0,5786.0,True,True,,,
flu_like,2,1000,3,63465,2026-04-10,2,seq_52658500,99,5,8,3,False,9108,9758,,,,,unresolved_branch,,False
flu_like,2,1000,3,63505,2026-04-10,2,seq_52705802,99,4,8,4,True,8748,8794,51109820.0,9353.0,True,False,,,
flu_like,2,1000,3,63578,2026-04-10,2,seq_52800472,99,4,7,3,False,7611,8292,,,,,unresolved_branch,,False
flu_like,2,1000,3,63582,2026-04-10,2,seq_52802928,99,1,5,4,True,3165,4381,18596755.0,3426.0,True,True,,,
flu_like,2,1000,3,63615,2026-04-10,2,seq_52847408,99,5,9,4,True,9108,10550,27235906.0,9613.0,True,True,,,
flu_like,2,1000,3,63668,2026-04-10,2,seq_52907878,99,1,4,3,True,3918,6245,6292817.0,4052.0,True,True,,,
flu_like,2,1000,3,63817,2026-04-10,2,seq_53078673,99,7,12,5,True,3185,3395,32874488.0,2413.0,True,False,,,
flu_like,2,1000,3,63833,2026-04-10,2,seq_53099494,99,5,9,4,True,7025,7653,38065065.0,7372.0,True,True,,,
flu_like,2,1000,3,64203,2026-04-11,2,seq_53187658,100,5,9,4,True,5887,7397,33071435.0,7061.0,True,True,,,
flu_like,2,1000,3,64241,2026-04-11,2,seq_53220137,100,2,5,3,False,7112,8296,,,,,relative_recombinant,5150.0,False
flu_like,2,1000,3,64270,2026-04-11,2,seq_53249224,100,8,13,5,True,4705,6498,47089403.0,6147.0,True,True,,,
flu_like,2,1000,3,64342,2026-04-11,2,seq_53307283,100,1,4,3,True,4600,5919,18535061.0,5568.0,True,True,,,
flu_like,2,1000,3,64344,2026-04-11,2,seq_53308223,100,6,9,3,True,3899,5910,32696150.0,4605.0,True,True,,,
flu_like,2,1000,3,64410,2026-04-11,2,seq_53366704,100,4,8,4,True,8209,10263,17680557.0,9340.0,True,True,,,
flu_like,2,1000,3,64540,2026-04-11,2,seq_53509728,100,5,9,4,True,2548,3425,44313491.0,2699.0,True,True,,,
flu_like,2,1000,3,64702,2026-04-11,2,seq_53665598,100,2,5,3,False,6297,6700,,,,,unresolved_branch,,False
flu_like,2,1000,3,64749,2026-04-11,2,seq_53715246,100,5,8,3,True,2554,3379,8913163.0,1291.0,True,False,,,
flu_like,2,1000,3,64811,2026-04-11,2,seq_53757254,100,0,3,3,False,2245,4578,,,,,relative_recombinant,3233.0,True
flu_like,2,1000,3,64819,2026-04-11,2,seq_53766967,100,4,7,3,False,2804,4952,,,,,unresolved_branch,,False
flu_like,2,1000,3,64937,2026-04-11,2,seq_53890551,100,4,7,3,True,3773,5984,51518928.0,3969.0,True,True,,,
flu_like,2,1000,3,65002,2026-04-11,2,seq_53965134,100,4,7,3,False,7598,11276,,,,,unresolved_branch,,False
flu_like,2,1000,3,65033,2026-04-11,2,seq_54014400,100,5,9,4,False,4552,8486,,,,,unresolved_branch,,False
flu_like,2,1000,3,65109,2026-04-11,2,seq_54110969,100,2,6,4,False,6618,6929,,,,,relative_recombinant,8292.0,False
flu_like,2,1000,4,9833,2026-02-19,2,seq_2759127,49,3,7,4,True,5920,8181,2298402.0,8092.0,True,True,,,
flu_like,2,1000,4,17041,2026-02-28,2,seq_11294043,58,1,5,4,True,4570,6204,1797046.0,6089.0,True,True,,,
flu_like,2,1000,4,19170,2026-03-02,2,seq_13588203,60,5,9,4,True,3228,4801,10086229.0,3461.0,True,True,,,
flu_like,2,1000,4,20034,2026-03-03,2,seq_14458500 seq_15101335,61,2,7,5,True,5380,6970,1204176.0,6632.0,True,True,,,
flu_like,2,1000,4,20145,2026-03-03,2,seq_14601302,61,2,6,4,True,5129,5685,13477500.0,5285.0,True,True,,,
flu_like,2,1000,4,24119,2026-03-07,2,seq_18563235,65,0,5,5,True,7927,8783,4253467.0,8409.0,True,True,,,
flu_like,2,1000,4,26356,2026-03-09,2,seq_20869334,67,2,7,5,True,5869,7850,10479095.0,7723.0,True,True,,,
flu_like,2,1000,4,27287,2026-03-10,2,seq_21706064,68,4,9,5,True,8421,9267,1038460.0,10870.0,True,False,,,
flu_like,2,1000,4,27561,2026-03-10,2,seq_22118783,68,1,5,4,True,8421,10013,6658777.0,9775.0,True,True,,,
flu_like,2,1000,4,28040,2026-03-11,2,seq_22364964,69,4,8,4,True,4073,4823,21467937.0,4159.0,True,True,,,
flu_like,2,1000,4,28879,2026-03-12,2,seq_23224628,70,3,8,5,True,7105,8119,335289.0,7775.0,True,True,,,
flu_like,2,1000,4,30456,2026-03-13,2,seq_24684148,71,2,6,4,True,7105,7926,12470683.0,7867.0,True,True,,,
flu_like,2,1000,4,30616,2026-03-13,2,seq_24944353,71,0,4,4,True,3236,7583,13138276.0,7079.0,True,True,,,
flu_like,2,1000,4,31522,2026-03-14,2,seq_25674940,72,0,5,5,True,3632,4777,4377048.0,4269.0,True,True,,,
flu_like,2,1000,4,31706,2026-03-14,2,seq_25906306,72,1,5,4,True,4824,6130,6681926.0,5277.0,True,True,,,
flu_like,2,1000,4,32772,2026-03-15,2,seq_26832603,73,2,7,5,True,6130,7926,2056757.0,6343.0,True,True,,,
flu_like,2,1000,4,35384,2026-03-18,2,seq_29157035,76,1,6,5,True,7105,7926,26058260.0,7699.0,True,True,,,
flu_like,2,1000,4,35413,2026-03-18,2,seq_29168064,76,2,6,4,True,4049,5040,29168064.0,2646.0,True,False,,,
flu_like,2,1000,4,35508,2026-03-18,2,seq_29219496,76,2,6,4,True,10264,10406,14198529.0,8972.0,True,False,,,
flu_like,2,1000,4,35854,2026-03-18,2,seq_29554984,76,3,8,5,True,7105,7926,12383473.0,7431.0,True,True,,,
flu_like,2,1000,4,37211,2026-03-19,2,seq_30845562,77,2,8,6,True,8109,8364,3592926.0,7930.0,True,False,,,
flu_like,2,1000,4,37357,2026-03-19,2,seq_31044140,77,1,5,4,True,7016,7583,15267618.0,7477.0,True,True,,,
flu_like,2,1000,4,37673,2026-03-20,2,seq_31194523,78,2,7,5,True,5742,6612,28532998.0,6296.0,True,True,,,
flu_like,2,1000,4,41436,2026-03-23,2,seq_34543734 seq_34568083,81,1,5,4,True,8291,9511,8814374.0,9307.0,True,True,,,
flu_like,2,1000,4,42563,2026-03-24,2,seq_35486621,82,8,12,4,True,7105,7330,12402347.0,7145.0,True,True,,,
flu_like,2,1000,4,44739,2026-03-26,2,seq_37346543,84,3,8,5,True,7986,8532,29598701.0,7972.0,True,False,,,
flu_like,2,1000,4,46052,2026-03-27,2,seq_38434871,85,2,6,4,False,2039,3912,,,,,relative_recombinant,2734.0,True
flu_like,2,1000,4,46305,2026-03-27,2,seq_38720404,85,4,8,4,True,6199,7926,21415512.0,7856.0,True,True,,,
flu_like,2,1000,4,46311,2026-03-27,2,seq_38725175,85,1,6,5,True,8667,9542,31680138.0,9312.0,True,True,,,
flu_like,2,1000,4,46460,2026-03-27,2,seq_38919444,85,0,6,6,True,8120,10406,36001621.0,9823.0,True,True,,,
flu_like,2,1000,4,46902,2026-03-28,2,seq_39165425,86,4,8,4,True,7105,8971,28617921.0,7614.0,True,True,,,
flu_like,2,1000,4,47429,2026-03-28,2,seq_39663059,86,4,8,4,True,2146,4072,32166362.0,3499.0,True,True,,,
flu_like,2,1000,4,47480,2026-03-28,2,seq_39726970,86,3,9,6,True,7253,7583,25131125.0,7323.0,True,True,,,
flu_like,2,1000,4,49446,2026-03-30,2,seq_41320709,88,8,12,4,True,2659,3728,34193450.0,3379.0,True,True,,,
flu_like,2,1000,4,49701,2026-03-30,2,seq_41592001,88,1,7,6,True,6978,7926,31083654.0,7016.0,True,True,,,
flu_like,2,1000,4,49801,2026-03-30,2,seq_41687053,88,3,7,4,True,4905,5919,26230966.0,4941.0,True,True,,,
flu_like,2,1000,4,50841,2026-03-31,2,seq_42463560,89,1,6,5,True,7054,8420,29728958.0,8080.0,True,True,,,
flu_like,2,1000,4,50871,2026-03-31,2,seq_42504092,89,1,6,5,True,5610,6133,42504092.0,5826.0,True,True,,,
flu_like,2,1000,4,51036,2026-03-31,2,seq_42668219,89,5,9,4,True,4575,7570,25144951.0,5900.0,True,True,,,
flu_like,2,1000,4,53659,2026-04-02,2,seq_44919434,91,5,9,4,True,8673,10406,37195051.0,10104.0,True,True,,,
flu_like,2,1000,4,54188,2026-04-03,2,seq_45236574,92,5,9,4,True,4797,7926,35898117.0,7248.0,True,True,,,
flu_like,2,1000,4,54961,2026-04-03,2,seq_46046993,92,8,12,4,True,5920,6289,41241461.0,6205.0,True,True,,,
flu_like,2,1000,4,54987,2026-04-03,2,seq_46071451,92,1,6,5,True,4822,6586,38405079.0,5146.0,True,True,,,
flu_like,2,1000,4,56210,2026-04-04,2,seq_47040447,93,0,6,6,True,4580,5919,43568610.0,4823.0,True,True,,,
flu_like,2,1000,4,57243,2026-04-05,2,seq_47774234,94,1,5,4,True,5394,7926,43736001.0,7749.0,True,True,,,
flu_like,2,1000,4,58468,2026-04-06,2,seq_48767898,95,3,7,4,True,9746,10457,39877518.0,10453.0,True,True,,,
flu_like,2,1000,4,58490,2026-04-06,2,seq_48799087,95,6,10,4,True,3744,5731,43132244.0,5174.0,True,True,,,
flu_like,2,1000,4,58525,2026-04-06,2,seq_48840290,95,4,8,4,True,3773,4821,44308625.0,4625.0,True,True,,,
flu_like,2,1000,4,59993,2026-04-07,2,seq_50087896,96,12,16,4,True,6369,8886,43584891.0,7187.0,True,True,,,
flu_like,2,1000,4,60353,2026-04-08,2,seq_50180664,97,1,5,4,True,8973,10907,46406624.0,8030.0,True,False,,,
flu_like,2,1000,4,61122,2026-04-08,2,seq_50923581,97,2,8,6,True,4758,5686,47181333.0,5666.0,True,True,,,
flu_like,2,1000,4,61241,2026-04-08,2,seq_51070855,97,5,9,4,False,4441,6968,,,,,relative_recombinant,5404.0,True
flu_like,2,1000,4,61256,2026-04-08,2,seq_51100995,97,3,7,4,True,8421,10101,40860199.0,10126.0,True,False,,,
flu_like,2,1000,4,61691,2026-04-09,2,seq_51243253,98,6,10,4,True,10100,11088,43117924.0,10149.0,True,True,,,
flu_like,2,1000,4,61718,2026-04-09,2,seq_51269927,98,4,8,4,True,8187,9075,49473271.0,9602.0,True,False,,,
flu_like,2,1000,4,62133,2026-04-09,2,seq_51677688,98,3,8,5,True,8085,8175,46251175.0,9380.0,True,False,,,
flu_like,2,1000,4,62268,2026-04-09,2,seq_51812217,98,6,10,4,False,4179,5881,,,,,unresolved_branch,,False
flu_like,2,1000,4,63340,2026-04-10,2,seq_52609863,99,10,14,4,True,8052,8262,24882678.0,8231.0,True,True,,,
flu_like,2,1000,4,63429,2026-04-10,2,seq_52705802,99,4,8,4,True,8748,8794,51109820.0,9353.0,True,False,,,
flu_like,2,1000,4,63505,2026-04-10,2,seq_52802928,99,1,5,4,True,3165,4381,18596755.0,3426.0,True,True,,,
flu_like,2,1000,4,63538,2026-04-10,2,seq_52847408,99,5,9,4,True,9108,10550,27235906.0,9613.0,True,True,,,
flu_like,2,1000,4,63739,2026-04-10,2,seq_53078673,99,7,12,5,True,3185,3395,32874488.0,2413.0,True,False,,,
flu_like,2,1000,4,63755,2026-04-10,2,seq_53099494,99,5,9,4,True,7025,7653,38065065.0,7372.0,True,True,,,
flu_like,2,1000,4,64194,2026-04-11,2,seq_53249224,100,8,13,5,True,4705,7104,47089403.0,6147.0,True,True,,,
flu_like,2,1000,4,64332,2026-04-11,2,seq_53366704,100,4,8,4,True,8209,10263,17680557.0,9340.0,True,True,,,
flu_like,2,1000,4,64462,2026-04-11,2,seq_53509728,100,5,9,4,True,2548,3425,44313491.0,2699.0,True,True,,,
flu_like,2,1000,4,64948,2026-04-11,2,seq_54014400,100,5,9,4,False,4552,8486,,,,,unresolved_branch,,False
flu_like,2,1000,4,65024,2026-04-11,2,seq_54110969,100,2,6,4,False,6618,6929,,,,,relative_recombinant,8292.0,False
flu_like,2,1000,5,20032,2026-03-03,2,seq_14458500 seq_15101335,61,2,7,5,True,5380,6970,1204176,6632,True,True,,,
flu_like,2,1000,5,24117,2026-03-07,2,seq_18563235,65,0,5,5,True,7927,8783,4253467,8409,True,True,,,
flu_like,2,1000,5,26354,2026-03-09,2,seq_20869334,67,2,7,5,True,5869,7850,10479095,7723,True,True,,,
flu_like,2,1000,5,27285,2026-03-10,2,seq_21706064,68,4,9,5,True,8421,9267,1038460,10870,True,False,,,
flu_like,2,1000,5,28875,2026-03-12,2,seq_23224628,70,3,8,5,True,7105,8119,335289,7775,True,True,,,
flu_like,2,1000,5,31517,2026-03-14,2,seq_25674940,72,0,5,5,True,3632,4777,4377048,4269,True,True,,,
flu_like,2,1000,5,32765,2026-03-15,2,seq_26832603,73,2,7,5,True,6130,7926,2056757,6343,True,True,,,
flu_like,2,1000,5,35378,2026-03-18,2,seq_29157035,76,1,6,5,True,7105,7926,26058260,7699,True,True,,,
flu_like,2,1000,5,35846,2026-03-18,2,seq_29554984,76,3,8,5,True,7105,7926,12383473,7431,True,True,,,
flu_like,2,1000,5,37205,2026-03-19,2,seq_30845562,77,2,8,6,True,8109,8364,3592926,7930,True,False,,,
flu_like,2,1000,5,37665,2026-03-20,2,seq_31194523,78,2,7,5,True,5742,6612,28532998,6296,True,True,,,
flu_like,2,1000,5,44729,2026-03-26,2,seq_37346543,84,3,8,5,True,7986,8532,29598701,7972,True,False,,,
flu_like,2,1000,5,46299,2026-03-27,2,seq_38725175,85,1,6,5,True,8667,9542,31680138,9312,True,True,,,
flu_like,2,1000,5,46448,2026-03-27,2,seq_38919444,85,0,6,6,True,8120,10406,36001621,9823,True,True,,,
flu_like,2,1000,5,47466,2026-03-28,2,seq_39726970,86,3,9,6,True,7253,7583,25131125,7323,True,True,,,
flu_like,2,1000,5,49687,2026-03-30,2,seq_41592001,88,1,7,6,True,6978,7926,31083654,7016,True,True,,,
flu_like,2,1000,5,50827,2026-03-31,2,seq_42463560,89,1,6,5,True,7054,8420,29728958,8080,True,True,,,
flu_like,2,1000,5,50857,2026-03-31,2,seq_42504092,89,1,6,5,True,5610,6133,42504092,5826,True,True,,,
flu_like,2,1000,5,54972,2026-04-03,2,seq_46071451,92,1,6,5,True,4822,6586,38405079,5146,True,True,,,
flu_like,2,1000,5,56196,2026-04-04,2,seq_47040447,93,0,6,6,True,4580,5919,43568610,4823,True,True,,,
flu_like,2,1000,5,61105,2026-04-08,2,seq_50923581,97,2,8,6,True,4758,5686,47181333,5666,True,True,,,
flu_like,2,1000,5,62113,2026-04-09,2,seq_51677688,98,3,8,5,True,8085,8175,46251175,9380,True,False,,,
flu_like,2,1000,5,63715,2026-04-10,2,seq_53078673,99,7,12,5,True,3185,3395,32874488,2413,True,False,,,
flu_like,2,1000,5,64172,2026-04-11,2,seq_53249224,100,8,13,5,True,4705,7104,47089403,6147,True,True,,,
flu_like,3,200,3,2703,2026-02-19,2,seq_2547354,49,3,7,4,True,5590,7612,763381.0,5796.0,True,True,,,
flu_like,3,200,3,2929,2026-02-20,2,seq_3562910,50,0,3,3,True,2009,6420,2655434.0,5018.0,True,True,,,
flu_like,3,200,3,6090,2026-03-08,2,seq_19332785,66,2,5,3,True,8548,9709,202668.0,8698.0,True,True,,,
flu_like,3,200,3,6886,2026-03-11,2,seq_23067534,69,3,6,3,True,8528,10206,19551364.0,9043.0,True,True,,,
flu_like,3,200,3,7046,2026-03-12,2,seq_23693318,70,1,4,3,False,10639,10944,,,,,unresolved_branch,,False
flu_like,3,200,3,7756,2026-03-15,2,seq_26865192,73,2,5,3,True,3614,9093,14064923.0,6379.0,True,True,,,
flu_like,3,200,3,8253,2026-03-17,2,seq_29061813,75,3,7,4,True,3121,3979,24857679.0,3489.0,True,True,,,
flu_like,3,200,3,8633,2026-03-19,2,seq_30584997,77,2,6,4,False,2855,3760,,,,,unresolved_branch,,False
flu_like,3,200,3,9058,2026-03-21,2,seq_32350218,79,2,5,3,True,2002,6420,14569392.0,3114.0,True,True,,,
flu_like,3,200,3,9244,2026-03-22,2,seq_33190963,80,1,4,3,False,3736,5141,,,,,unresolved_branch,,False
flu_like,3,200,3,9541,2026-03-23,2,seq_34411330,81,5,8,3,False,7701,7950,,,,,unresolved_branch,,False
flu_like,3,200,3,10578,2026-03-27,2,seq_38893824,85,7,10,3,True,1545,4035,35973963.0,3026.0,True,True,,,
flu_like,3,200,3,10811,2026-03-28,2,seq_39862428,86,6,9,3,False,5946,6648,,,,,unresolved_branch,,False
flu_like,3,200,3,11084,2026-03-29,2,seq_40990855,87,1,4,3,False,7554,9751,,,,,unresolved_branch,,False
flu_like,3,200,3,11314,2026-03-30,2,seq_41908731,88,3,6,3,False,2257,2918,,,,,relative_recombinant,3887.0,False
flu_like,3,200,3,11347,2026-03-30,2,seq_42118478,88,6,10,4,True,2943,6420,32081449.0,3463.0,True,True,,,
flu_like,3,200,3,11825,2026-04-01,2,seq_44120066,90,6,10,4,True,4997,8179,11746002.0,6458.0,True,True,,,
flu_like,3,200,3,11990,2026-04-02,2,seq_44639226,91,5,8,3,True,3834,4176,6030234.0,4509.0,True,False,,,
flu_like,3,200,3,12366,2026-04-04,2,seq_46216648,93,2,5,3,True,5405,9113,25719635.0,5659.0,True,True,,,
flu_like,3,200,3,12526,2026-04-04,2,seq_47056881,93,2,6,4,True,6866,9709,45578340.0,8096.0,True,True,,,
flu_like,3,200,3,12722,2026-04-05,2,seq_47633811,94,5,8,3,True,7493,9150,23873159.0,8507.0,True,True,,,
flu_like,3,200,3,13175,2026-04-07,2,seq_49464643,96,7,10,3,False,6502,8693,,,,,unresolved_branch,,False
flu_like,3,200,3,13257,2026-04-07,2,seq_49905687,96,7,10,3,True,2943,6420,22694279.0,3078.0,True,True,,,
flu_like,3,200,3,13461,2026-04-08,2,seq_50516012,97,12,15,3,True,2533,6165,32382848.0,3342.0,True,True,,,
flu_like,3,200,3,13672,2026-04-09,2,seq_51346066,98,4,7,3,True,6282,6935,14683862.0,7251.0,True,False,,,
flu_like,3,200,3,13801,2026-04-09,2,seq_52108825,98,5,8,3,True,4338,6273,305195.0,2275.0,True,False,,,
flu_like,3,200,3,14148,2026-04-11,2,seq_53314198,100,8,11,3,False,2238,3788,,,,,unresolved_branch,,False
flu_like,3,200,4,2703,2026-02-19,2,seq_2547354,49,3,7,4,True,5590,7612,763381.0,5796.0,True,True,,,
flu_like,3,200,4,8250,2026-03-17,2,seq_29061813,75,3,7,4,True,3121,3979,24857679.0,3489.0,True,True,,,
flu_like,3,200,4,8630,2026-03-19,2,seq_30584997,77,2,6,4,False,2855,3760,,,,,unresolved_branch,,False
flu_like,3,200,4,11342,2026-03-30,2,seq_42118478,88,6,10,4,True,2943,6420,32081449.0,3463.0,True,True,,,
flu_like,3,200,4,11821,2026-04-01,2,seq_44120066,90,6,10,4,True,4997,8179,11746002.0,6458.0,True,True,,,
flu_like,3,200,4,12521,2026-04-04,2,seq_47056881,93,2,6,4,True,6866,9709,45578340.0,8096.0,True,True,,,
flu_like,3,1000,3,2670,2026-02-06,2,seq_81430,36,0,3,3,True,2769,6420,81430.0,5784.0,True,True,,,
flu_like,3,1000,3,4292,2026-02-11,2,seq_262629,41,2,5,3,True,3424,6420,162116.0,4857.0,True,True,,,
flu_like,3,1000,3,9324,2026-02-19,2,seq_2547354,49,2,7,5,True,5590,6431,763381.0,5796.0,True,True,,,
flu_like,3,1000,3,9468,2026-02-19,2,seq_2715945,49,1,4,3,True,2902,3206,2176404.0,3123.0,True,True,,,
flu_like,3,1000,3,10228,2026-02-20,2,seq_3562910,50,0,3,3,True,2009,6420,2655434.0,5018.0,True,True,,,
flu_like,3,1000,3,10688,2026-02-21,2,seq_4205428,51,1,4,3,True,6421,9709,1214269.0,8657.0,True,True,,,
flu_like,3,1000,3,14762,2026-02-26,2,seq_9220703,56,2,6,4,True,7213,8761,7751654.0,7528.0,True,True,,,
flu_like,3,1000,3,15247,2026-02-26,2,seq_9816140,56,0,3,3,True,6421,7492,8460863.0,6926.0,True,True,,,
flu_like,3,1000,3,15671,2026-02-27,2,seq_10194185,57,3,6,3,True,1480,2250,6190229.0,2352.0,True,False,,,
flu_like,3,1000,3,15704,2026-02-27,2,seq_10221807,57,1,4,3,False,6301,9094,,,,,unresolved_branch,,False
flu_like,3,1000,3,15792,2026-02-27,2,seq_10308623,57,3,6,3,True,8240,9728,9235726.0,8639.0,True,True,,,
flu_like,3,1000,3,17971,2026-03-01,2,seq_12789091,59,1,4,3,True,8548,9709,202668.0,8698.0,True,True,,,
flu_like,3,1000,3,18815,2026-03-02,2,seq_13716582,60,0,3,3,True,7404,9240,9691136.0,9121.0,True,True,,,
flu_like,3,1000,3,18863,2026-03-02,2,seq_13775555,60,3,7,4,True,8216,9093,786290.0,8586.0,True,True,,,
flu_like,3,1000,3,19504,2026-03-03,2,seq_14352364,61,2,5,3,True,6421,9497,13575865.0,8348.0,True,True,,,
flu_like,3,1000,3,19697,2026-03-03,2,seq_14574686,61,2,5,3,True,2603,5947,13259170.0,3178.0,True,True,,,
flu_like,3,1000,3,21597,2026-03-05,2,seq_16505491,63,2,5,3,True,9510,10638,10410760.0,9993.0,True,True,,,
flu_like,3,1000,3,21776,2026-03-05,2,seq_16725626,63,3,6,3,True,4677,8007,764464.0,4900.0,True,True,,,
flu_like,3,1000,3,21986,2026-03-05,2,seq_17038324,63,2,5,3,True,2943,6319,7339971.0,2957.0,True,True,,,
flu_like,3,1000,3,22482,2026-03-06,2,seq_17402954,64,0,3,3,True,2769,6133,15944661.0,3343.0,True,True,,,
flu_like,3,1000,3,22921,2026-03-06,2,seq_17917151,64,4,8,4,True,7493,9150,1326996.0,8882.0,True,True,,,
flu_like,3,1000,3,23335,2026-03-07,2,seq_18231775,65,2,5,3,True,3609,6420,7489562.0,3786.0,True,True,,,
flu_like,3,1000,3,23437,2026-03-07,2,seq_18304238 seq_18335260,65,3,6,3,True,4956,5800,7910802.0,5702.0,True,True,,,
flu_like,3,1000,3,23830,2026-03-07,2,seq_18761431,65,3,7,4,True,5611,6784,5724879.0,6074.0,True,True,,,
flu_like,3,1000,3,23833,2026-03-07,2,seq_18765356,65,1,4,3,True,6570,7266,3643798.0,6008.0,True,False,,,
flu_like,3,1000,3,25080,2026-03-08,2,seq_20134980,66,0,3,3,True,796,7070,11442669.0,2672.0,True,True,,,
flu_like,3,1000,3,25858,2026-03-09,2,seq_20722116,67,5,8,3,True,3674,6420,18622657.0,6138.0,True,True,,,
flu_like,3,1000,3,25907,2026-03-09,2,seq_20790109,67,2,5,3,True,2576,5278,18816091.0,3593.0,True,True,,,
flu_like,3,1000,3,28072,2026-03-11,2,seq_22853952,69,1,4,3,True,5334,5780,9480037.0,11468.0,True,False,,,
flu_like,3,1000,3,28203,2026-03-11,2,seq_23067534,69,2,6,4,True,8375,10206,19551364.0,9043.0,True,True,,,
flu_like,3,1000,3,28625,2026-03-12,2,seq_23265214,70,5,10,5,True,9076,9150,1214623.0,7539.0,True,False,,,
flu_like,3,1000,3,28715,2026-03-12,2,seq_23340213,70,3,6,3,True,619,2768,22089906.0,2388.0,True,True,,,
flu_like,3,1000,3,29072,2026-03-12,2,seq_23726219,70,7,10,3,False,4834,7822,,,,,unresolved_branch,,False
flu_like,3,1000,3,29690,2026-03-13,2,seq_24243807,71,2,5,3,False,10106,11157,,,,,unresolved_branch,,False
flu_like,3,1000,3,30095,2026-03-13,2,seq_24660976,71,4,7,3,True,6052,8374,24660976.0,6646.0,True,True,,,
flu_like,3,1000,3,30835,2026-03-14,2,seq_25309469,72,1,4,3,True,3551,8188,23222293.0,5289.0,True,True,,,
flu_like,3,1000,3,30927,2026-03-14,2,seq_25387187,72,2,5,3,True,4540,6420,12594280.0,4916.0,True,True,,,
flu_like,3,1000,3,31226,2026-03-14,2,seq_25738464,72,2,6,4,True,7061,9150,14646422.0,7227.0,True,True,,,
flu_like,3,1000,3,31342,2026-03-14,2,seq_25899240,72,4,7,3,True,2310,5704,20836009.0,2825.0,True,True,,,
flu_like,3,1000,3,31463,2026-03-14,2,seq_26075699,72,3,6,3,False,1399,1956,,,,,unresolved_branch,,False
flu_like,3,1000,3,31469,2026-03-14,2,seq_26081476,72,2,5,3,True,4863,6420,3042096.0,5386.0,True,True,,,
flu_like,3,1000,3,32514,2026-03-15,2,seq_26997668,73,3,6,3,True,4616,10864,24515311.0,10150.0,True,True,,,
flu_like,3,1000,3,32597,2026-03-15,2,seq_27114833,73,0,3,3,False,4910,5503,,,,,unresolved_branch,,False
flu_like,3,1000,3,32804,2026-03-16,2,seq_27172511,74,3,7,4,False,8823,9183,,,,,unresolved_branch,,False
flu_like,3,1000,3,34533,2026-03-17,2,seq_28708166,75,3,6,3,False,5569,9542,,,,,unresolved_branch,,False
flu_like,3,1000,3,34712,2026-03-17,2,seq_28934406,75,3,6,3,True,4135,6420,13083302.0,4152.0,True,True,,,
flu_like,3,1000,3,34802,2026-03-17,2,seq_29061813,75,3,7,4,True,3121,3979,24857679.0,3489.0,True,True,,,
flu_like,3,1000,3,34824,2026-03-17,2,seq_29085978,75,2,5,3,True,7404,9709,17925707.0,8456.0,True,True,,,
flu_like,3,1000,3,35405,2026-03-18,2,seq_29410458,76,1,5,4,True,2978,5693,18480563.0,5473.0,True,True,,,
flu_like,3,1000,3,35443,2026-03-18,2,seq_29447201,76,4,7,3,True,6411,10351,9583875.0,9775.0,True,True,,,
flu_like,3,1000,3,35574,2026-03-18,2,seq_29595587,76,5,8,3,True,2083,7351,10190985.0,4868.0,True,True,,,
flu_like,3,1000,3,35663,2026-03-18,2,seq_29683657,76,0,3,3,True,7404,8713,12674660.0,9002.0,True,False,,,
flu_like,3,1000,3,35807,2026-03-18,2,seq_29864180,76,3,6,3,False,3889,10377,,,,,relative_recombinant,6161.0,True
flu_like,3,1000,3,35903,2026-03-18,2,seq_30025784,76,1,4,3,True,556,2942,1430391.0,1306.0,True,True,,,
flu_like,3,1000,3,36587,2026-03-19,2,seq_30495345,77,2,5,3,True,7404,9240,26220417.0,7811.0,True,True,,,
flu_like,3,1000,3,36596,2026-03-19,2,seq_30504689,77,4,7,3,True,3249,6420,219356.0,6192.0,True,True,,,
flu_like,3,1000,3,36809,2026-03-19,2,seq_30771356,77,2,5,3,True,2009,6970,13265073.0,2079.0,True,True,,,
flu_like,3,1000,3,36933,2026-03-19,2,seq_30934391,77,1,6,5,True,2769,3448,25190366.0,3114.0,True,True,,,
flu_like,3,1000,3,37341,2026-03-20,2,seq_31175323,78,3,9,6,True,6180,7647,19167428.0,7626.0,True,True,,,
flu_like,3,1000,3,37549,2026-03-20,2,seq_31336532,78,1,4,3,True,9483,10762,10561598.0,9965.0,True,True,,,
flu_like,3,1000,3,37805,2026-03-20,2,seq_31601115,78,4,7,3,True,9856,11771,931629.0,10901.0,True,True,,,
flu_like,3,1000,3,37841,2026-03-20,2,seq_31644965,78,4,7,3,False,5711,5859,,,,,unresolved_branch,,False
flu_like,3,1000,3,38071,2026-03-20,2,seq_31908403,78,2,5,3,False,4338,5589,,,,,unresolved_branch,,False
flu_like,3,1000,3,38122,2026-03-20,2,seq_31981469,78,6,9,3,False,10942,11317,,,,,unresolved_branch,,False
flu_like,3,1000,3,38141,2026-03-20,2,seq_32013922,78,5,8,3,False,4000,5258,,,,,relative_recombinant,4893.0,True
flu_like,3,1000,3,38185,2026-03-20,2,seq_32082017,78,4,7,3,True,1676,2532,22276307.0,2305.0,True,True,,,
flu_like,3,1000,3,38214,2026-03-20,2,seq_32126473,78,6,9,3,True,3989,6794,18121444.0,6389.0,True,True,,,
flu_like,3,1000,3,38631,2026-03-21,2,seq_32301912,79,2,6,4,True,2943,4955,30230386.0,4795.0,True,True,,,
flu_like,3,1000,3,38691,2026-03-21,2,seq_32350218,79,1,4,3,True,2255,6420,14569392.0,3114.0,True,True,,,
flu_like,3,1000,3,38928,2026-03-21,2,seq_32601094,79,4,7,3,True,5501,7647,32601094.0,6365.0,True,True,,,
flu_like,3,1000,3,38949,2026-03-21,2,seq_32620174,79,5,8,3,True,2257,6365,27751710.0,3887.0,True,True,,,
flu_like,3,1000,3,38973,2026-03-21,2,seq_32659376,79,4,7,3,False,2483,5681,,,,,relative_recombinant,4358.0,True
flu_like,3,1000,3,39243,2026-03-21,2,seq_32981302,79,5,9,4,True,8538,9093,20105179.0,8882.0,True,True,,,
flu_like,3,1000,3,39833,2026-03-22,2,seq_33330091,80,1,6,5,True,5259,5610,18866779.0,5393.0,True,True,,,
flu_like,3,1000,3,39835,2026-03-22,2,seq_33332200,80,0,3,3,False,8167,8465,,,,,unresolved_branch,,False
flu_like,3,1000,3,39851,2026-03-22,2,seq_33352705,80,1,4,3,False,9338,9923,,,,,unresolved_branch,,False
flu_like,3,1000,3,40389,2026-03-22,2,seq_34010583,80,2,5,3,True,2943,6420,32743774.0,2961.0,True,True,,,
flu_like,3,1000,3,40432,2026-03-22,2,seq_34065650,80,1,4,3,False,6662,7045,,,,,unresolved_branch,,False
flu_like,3,1000,3,40999,2026-03-23,2,seq_34411330,81,5,8,3,False,7701,7950,,,,,unresolved_branch,,False
flu_like,3,1000,3,41247,2026-03-23,2,seq_34628048,81,3,6,3,True,3068,4737,23682804.0,3990.0,True,True,,,
flu_like,3,1000,3,41299,2026-03-23,2,seq_34693261,81,3,6,3,False,7728,8390,,,,,unresolved_branch,,False
flu_like,3,1000,3,41595,2026-03-23,2,seq_35072779,81,3,6,3,True,3968,6076,30839470.0,3999.0,True,True,,,
flu_like,3,1000,3,42298,2026-03-24,2,seq_35504918,82,0,3,3,False,5808,6344,,,,,unresolved_branch,,False
flu_like,3,1000,3,42800,2026-03-24,2,seq_36127586,82,2,8,6,True,3782,6420,28125511.0,4249.0,True,True,,,
flu_like,3,1000,3,43041,2026-03-25,2,seq_36156314,83,2,6,4,True,4839,5336,1636331.0,11491.0,True,False,,,
flu_like,3,1000,3,43105,2026-03-25,2,seq_36177402,83,6,11,5,True,8495,8882,852851.0,8515.0,True,True,,,
flu_like,3,1000,3,43166,2026-03-25,2,seq_36228229,83,6,10,4,False,7081,7320,,,,,unresolved_branch,,False
flu_like,3,1000,3,43267,2026-03-25,2,seq_36310135,83,1,5,4,True,9856,11136,35013208.0,10426.0,True,True,,,
flu_like,3,1000,3,44323,2026-03-26,2,seq_37200121,84,1,4,3,False,3484,5375,,,,,relative_recombinant,4888.0,True
flu_like,3,1000,3,44464,2026-03-26,2,seq_37311597,84,6,9,3,False,9241,9526,,,,,unresolved_branch,,False
flu_like,3,1000,3,44471,2026-03-26,2,seq_37316869,84,3,6,3,True,8391,8734,16488524.0,8749.0,True,False,,,
flu_like,3,1000,3,44606,2026-03-26,2,seq_37454264,84,3,6,3,True,4694,5589,21515669.0,3631.0,True,False,,,
flu_like,3,1000,3,45059,2026-03-26,2,seq_37973415,84,0,4,4,True,3549,4463,35442625.0,3837.0,True,True,,,
flu_like,3,1000,3,45420,2026-03-27,2,seq_38160618,85,1,4,3,False,8330,8600,,,,,unresolved_branch,,False
flu_like,3,1000,3,45542,2026-03-27,2,seq_38223112,85,2,5,3,True,2359,4792,16270093.0,3717.0,True,True,,,
flu_like,3,1000,3,46019,2026-03-27,2,seq_38715784,85,5,10,5,True,8391,9150,29119101.0,8739.0,True,True,,,
flu_like,3,1000,3,46100,2026-03-27,2,seq_38823487,85,2,5,3,False,3494,3743,,,,,unresolved_branch,,False
flu_like,3,1000,3,46161,2026-03-27,2,seq_38893824,85,5,8,3,True,2974,4035,35973963.0,3026.0,True,True,,,
flu_like,3,1000,3,46614,2026-03-28,2,seq_39187543,86,1,5,4,True,4047,5648,32215393.0,4989.0,True,True,,,
flu_like,3,1000,3,46663,2026-03-28,2,seq_39210589,86,3,6,3,True,8391,8873,4913998.0,10388.0,True,False,,,
flu_like,3,1000,3,46791,2026-03-28,2,seq_39312084,86,5,8,3,True,4916,7403,31343313.0,7309.0,True,True,,,
flu_like,3,1000,3,46840,2026-03-28,2,seq_39356244,86,6,9,3,False,4271,5520,,,,,unresolved_branch,,False
flu_like,3,1000,3,46882,2026-03-28,2,seq_39389638,86,3,6,3,True,6421,8967,22852077.0,6945.0,True,True,,,
flu_like,3,1000,3,46981,2026-03-28,2,seq_39510461,86,0,3,3,False,3101,4583,,,,,unresolved_branch,,False
flu_like,3,1000,3,47016,2026-03-28,2,seq_39540789,86,1,6,5,True,9710,10258,25885819.0,9930.0,True,True,,,
flu_like,3,1000,3,47196,2026-03-28,2,seq_39745717,86,4,7,3,False,9241,9593,,,,,unresolved_branch,,False
flu_like,3,1000,3,47234,2026-03-28,2,seq_39786794,86,1,4,3,False,5421,5627,,,,,unresolved_branch,,False
flu_like,3,1000,3,47291,2026-03-28,2,seq_39856146,86,7,10,3,False,5383,7647,,,,,unresolved_branch,,False
flu_like,3,1000,3,47315,2026-03-28,2,seq_39884568,86,3,6,3,False,2591,3727,,,,,unresolved_branch,,False
flu_like,3,1000,3,47346,2026-03-28,2,seq_39924448,86,2,7,5,True,6203,8399,34218007.0,7730.0,True,True,,,
flu_like,3,1000,3,47513,2026-03-28,2,seq_40127595,86,1,4,3,False,4863,5589,,,,,relative_recombinant,5347.0,True
flu_like,3,1000,3,47924,2026-03-29,2,seq_40245453,87,2,5,3,False,2940,8303,,,,,unresolved_branch,,False
flu_like,3,1000,3,48085,2026-03-29,2,seq_40405739,87,1,4,3,False,1771,4111,,,,,unresolved_branch,,False
flu_like,3,1000,3,48454,2026-03-29,2,seq_40836222,87,6,9,3,True,5898,6420,39054423.0,6057.0,True,True,,,
flu_like,3,1000,3,48508,2026-03-29,2,seq_40903648,87,1,4,3,True,2990,4676,33213910.0,3070.0,True,True,,,
flu_like,3,1000,3,48518,2026-03-29,2,seq_40911912,87,3,7,4,True,3748,7492,37390452.0,5155.0,True,True,,,
flu_like,3,1000,3,49012,2026-03-30,2,seq_41184220,88,2,5,3,False,4881,5737,,,,,unresolved_branch,,False
flu_like,3,1000,3,49515,2026-03-30,2,seq_41629559,88,2,5,3,False,6703,7392,,,,,unresolved_branch,,False
flu_like,3,1000,3,49517,2026-03-30,2,seq_41631894,88,10,13,3,True,1640,5589,22199259.0,4664.0,True,True,,,
flu_like,3,1000,3,49543,2026-03-30,2,seq_41662272,88,5,8,3,True,9925,10844,13706230.0,3399.0,True,False,,,
flu_like,3,1000,3,49666,2026-03-30,2,seq_41808806 seq_42032413,88,1,4,3,True,5405,9113,25719635.0,5659.0,True,True,,,
flu_like,3,1000,3,49745,2026-03-30,2,seq_41908731,88,3,6,3,False,2257,2918,,,,,relative_recombinant,3887.0,False
flu_like,3,1000,3,49859,2026-03-30,2,seq_42062777,88,2,5,3,True,5655,9865,18615014.0,8000.0,True,True,,,
flu_like,3,1000,3,49868,2026-03-30,2,seq_42080434,88,2,5,3,True,9510,10273,31946291.0,9752.0,True,True,,,
flu_like,3,1000,3,49897,2026-03-30,2,seq_42118478,88,6,9,3,True,2943,6420,32081449.0,3463.0,True,True,,,
flu_like,3,1000,3,50613,2026-03-31,2,seq_42513100,89,3,6,3,False,3897,7382,,,,,unresolved_branch,,False
flu_like,3,1000,3,50747,2026-03-31,2,seq_42662747,89,3,6,3,False,4254,6204,,,,,unresolved_branch,,False
flu_like,3,1000,3,50832,2026-03-31,2,seq_42780159,89,2,6,4,True,4274,7589,30919287.0,5205.0,True,True,,,
flu_like,3,1000,3,50952,2026-03-31,2,seq_42920930,89,2,5,3,True,4411,6357,18479611.0,4476.0,True,True,,,
flu_like,3,1000,3,51083,2026-03-31,2,seq_43079385,89,6,9,3,True,3997,4976,38035728.0,1512.0,True,False,,,
flu_like,3,1000,3,51400,2026-04-01,2,seq_43170385,90,5,8,3,False,4785,6285,,,,,unresolved_branch,,False
flu_like,3,1000,3,51570,2026-04-01,2,seq_43295872,90,5,8,3,True,7065,7492,27161024.0,7288.0,True,True,,,
flu_like,3,1000,3,51610,2026-04-01,2,seq_43330670,90,1,5,4,True,6421,7403,42614279.0,7318.0,True,True,,,
flu_like,3,1000,3,51634,2026-04-01,2,seq_43356299,90,2,5,3,False,9710,10234,,,,,unresolved_branch,,False
flu_like,3,1000,3,51823,2026-04-01,2,seq_43527935,90,4,7,3,True,10085,10901,43527935.0,10254.0,True,True,,,
flu_like,3,1000,3,51879,2026-04-01,2,seq_43591062,90,3,6,3,True,8000,9240,31935892.0,8768.0,True,True,,,
flu_like,3,1000,3,52106,2026-04-01,2,seq_43862082,90,2,5,3,False,7347,7912,,,,,unresolved_branch,,False
flu_like,3,1000,3,52212,2026-04-01,2,seq_44002514,90,8,11,3,True,3614,3930,895791.0,4441.0,True,False,,,
flu_like,3,1000,3,52255,2026-04-01,2,seq_44046730,90,5,8,3,False,3132,3872,,,,,unresolved_branch,,False
flu_like,3,1000,3,52309,2026-04-01,2,seq_44120066,90,6,10,4,True,4997,8179,11746002.0,6458.0,True,True,,,
flu_like,3,1000,3,52702,2026-04-02,2,seq_44227456,91,3,6,3,True,2770,3277,24051559.0,3050.0,True,True,,,
flu_like,3,1000,3,52888,2026-04-02,2,seq_44394068,91,2,5,3,True,9243,9545,20495571.0,9549.0,True,False,,,
flu_like,3,1000,3,52993,2026-04-02,2,seq_44503733,91,2,5,3,False,9827,9912,,,,,unresolved_branch,,False
flu_like,3,1000,3,53099,2026-04-02,2,seq_44639226,91,5,8,3,True,3834,6824,6030234.0,4509.0,True,True,,,
flu_like,3,1000,3,53116,2026-04-02,2,seq_44660711,91,6,9,3,True,2533,6165,32382848.0,3342.0,True,True,,,
flu_like,3,1000,3,53128,2026-04-02,2,seq_44673882,91,0,3,3,True,6421,7403,9907697.0,7250.0,True,True,,,
flu_like,3,1000,3,53390,2026-04-02,2,seq_44966601,91,3,6,3,True,3549,4279,42270428.0,5014.0,True,False,,,
flu_like,3,1000,3,53442,2026-04-02,2,seq_45035658,91,2,5,3,False,2504,3245,,,,,unresolved_branch,,False
flu_like,3,1000,3,53926,2026-04-03,2,seq_45246466,92,8,11,3,False,1123,1994,,,,,unresolved_branch,,False
flu_like,3,1000,3,54082,2026-04-03,2,seq_45359432,92,4,7,3,False,2574,4066,,,,,unresolved_branch,,False
flu_like,3,1000,3,54089,2026-04-03,2,seq_45364260,92,4,7,3,False,4733,6420,,,,,relative_recombinant,6138.0,True
flu_like,3,1000,3,54105,2026-04-03,2,seq_45372480,92,4,8,4,True,9241,10026,31120381.0,9872.0,True,True,,,
flu_like,3,1000,3,54241,2026-04-03,2,seq_45521733,92,1,5,4,True,7404,8839,36394987.0,8148.0,True,True,,,
flu_like,3,1000,3,54329,2026-04-03,2,seq_45630957,92,1,5,4,True,3761,4886,22785749.0,547.0,False,False,,,
flu_like,3,1000,3,54369,2026-04-03,2,seq_45680715,92,3,7,4,False,4399,5198,,,,,unresolved_branch,,False
flu_like,3,1000,3,54545,2026-04-03,2,seq_45888147,92,1,5,4,True,3902,4290,31693881.0,3931.0,True,True,,,
flu_like,3,1000,3,54730,2026-04-03,2,seq_46119615,92,4,9,5,False,7413,8951,,,,,relative_recombinant,3342.0,False
flu_like,3,1000,3,55359,2026-04-04,2,seq_46394332,93,3,6,3,True,1821,2575,6257107.0,1726.0,True,False,,,
flu_like,3,1000,3,55468,2026-04-04,2,seq_46513767,93,4,7,3,False,3889,4409,,,,,unresolved_branch,,False
flu_like,3,1000,3,55485,2026-04-04,2,seq_46520903,93,6,9,3,True,2576,4354,11287302.0,3268.0,True,True,,,
flu_like,3,1000,3,55610,2026-04-04,2,seq_46683494,93,2,9,7,True,6219,6298,25767828.0,6253.0,True,True,,,
flu_like,3,1000,3,55724,2026-04-04,2,seq_46801427,93,1,4,3,False,6764,8605,,,,,unresolved_branch,,False
flu_like,3,1000,3,55808,2026-04-04,2,seq_46922189,93,3,6,3,False,7602,8074,,,,,unresolved_branch,,False
flu_like,3,1000,3,55917,2026-04-04,2,seq_47056881,93,1,6,5,True,6866,9362,45578340.0,8096.0,True,True,,,
flu_like,3,1000,3,55941,2026-04-04,2,seq_47078566,93,3,7,4,True,6529,7620,36136691.0,7162.0,True,True,,,
flu_like,3,1000,3,55987,2026-04-04,2,seq_47138922,93,2,5,3,False,7140,7647,,,,,unresolved_branch,,False
flu_like,3,1000,3,56352,2026-04-05,3,seq_47214688,94,9,15,6,True,2576,3479,42021670.0,2583.0,True,True,,,
flu_like,3,1000,3,56408,2026-04-05,2,seq_47249036,94,6,9,3,False,7030,7774,,,,,unresolved_branch,,False
flu_like,3,1000,3,56570,2026-04-05,2,seq_47381990,94,4,7,3,False,12218,12489,,,,,unresolved_branch,,False
flu_like,3,1000,3,56613,2026-04-05,2,seq_47430336,94,5,8,3,True,5037,6420,36556285.0,6112.0,True,True,,,
flu_like,3,1000,3,56766,2026-04-05,2,seq_47567176,94,5,8,3,True,7493,9150,25459674.0,7768.0,True,True,,,
flu_like,3,1000,3,56789,2026-04-05,2,seq_47585774,94,3,6,3,True,9856,10113,44275403.0,10735.0,True,False,,,
flu_like,3,1000,3,56830,2026-04-05,2,seq_47633811,94,5,8,3,True,7493,9150,23873159.0,8507.0,True,True,,,
flu_like,3,1000,3,56991,2026-04-05,2,seq_47815971,94,4,7,3,True,4950,5589,6205059.0,4221.0,True,False,,,
flu_like,3,1000,3,57047,2026-04-05,2,seq_47907537,94,4,8,4,True,7099,7316,38374343.0,7176.0,True,True,,,
flu_like,3,1000,3,57145,2026-04-05,2,seq_48003000,94,2,7,5,True,4177,6479,34928487.0,4762.0,True,True,,,
flu_like,3,1000,3,57576,2026-04-06,2,seq_48175893,95,6,10,4,True,1308,3960,28112127.0,3381.0,True,True,,,
flu_like,3,1000,3,57597,2026-04-06,2,seq_48197525,95,5,8,3,False,3289,5317,,,,,unresolved_branch,,False
flu_like,3,1000,3,57637,2026-04-06,2,seq_48231624,95,2,5,3,False,6801,7395,,,,,unresolved_branch,,False
flu_like,3,1000,3,57695,2026-04-06,2,seq_48281425,95,1,4,3,False,9710,10265,,,,,unresolved_branch,,False
flu_like,3,1000,3,57718,2026-04-06,2,seq_48308505,95,4,7,3,False,7158,7781,,,,,unresolved_branch,,False
flu_like,3,1000,3,58095,2026-04-06,2,seq_48689402,95,0,3,3,False,2869,4921,,,,,unresolved_branch,,False
flu_like,3,1000,3,58104,2026-04-06,2,seq_48694732,95,1,5,4,True,5344,6361,35776897.0,6276.0,True,True,,,
flu_like,3,1000,3,58324,2026-04-06,2,seq_48955354,95,1,4,3,False,3771,10455,,,,,unresolved_branch,,False
flu_like,3,1000,3,58402,2026-04-06,2,seq_49045582,95,2,5,3,True,3790,5843,11735439.0,5100.0,True,True,,,
flu_like,3,1000,3,58818,2026-04-07,2,seq_49184750,96,3,6,3,False,8455,8921,,,,,unresolved_branch,,False
flu_like,3,1000,3,58852,2026-04-07,2,seq_49211648,96,3,6,3,True,6184,8326,30506514.0,7464.0,True,True,,,
flu_like,3,1000,3,58938,2026-04-07,2,seq_49286796,96,4,7,3,True,6567,8731,46903014.0,7494.0,True,True,,,
flu_like,3,1000,3,58958,2026-04-07,2,seq_49308483,96,5,8,3,False,5851,7950,,,,,relative_recombinant,7645.0,True
flu_like,3,1000,3,59089,2026-04-07,2,seq_49423641,96,4,7,3,False,5348,5648,,,,,unresolved_branch,,False
flu_like,3,1000,3,59136,2026-04-07,2,seq_49464643,96,6,9,3,False,6502,8693,,,,,unresolved_branch,,False
flu_like,3,1000,3,59140,2026-04-07,2,seq_49468378,96,4,8,4,True,4424,5589,9368594.0,4848.0,True,True,,,
flu_like,3,1000,3,59293,2026-04-07,2,seq_49618208,96,5,8,3,False,2451,2856,,,,,unresolved_branch,,False
flu_like,3,1000,3,59357,2026-04-07,2,seq_49691116,96,4,7,3,True,9183,10518,29513126.0,9583.0,True,True,,,
flu_like,3,1000,3,59377,2026-04-07,2,seq_49712036,96,2,6,4,True,2288,3970,43621181.0,3403.0,True,True,,,
flu_like,3,1000,3,59445,2026-04-07,2,seq_49794840,96,4,7,3,False,11509,11757,,,,,unresolved_branch,,False
flu_like,3,1000,3,59546,2026-04-07,2,seq_49905687,96,5,8,3,True,2943,3360,22694279.0,3078.0,True,True,,,
flu_like,3,1000,3,59576,2026-04-07,2,seq_49946119,96,6,9,3,True,3653,3717,42197281.0,7852.0,True,False,,,
flu_like,3,1000,3,59578,2026-04-07,2,seq_49947478,96,1,4,3,False,5898,7534,,,,,unresolved_branch,,False
flu_like,3,1000,3,59605,2026-04-07,2,seq_49980666,96,3,6,3,False,10262,10268,,,,,unresolved_branch,,False
flu_like,3,1000,3,59708,2026-04-07,2,seq_50119502,96,6,10,4,True,6421,8589,36508808.0,6962.0,True,True,,,
flu_like,3,1000,3,60085,2026-04-08,2,seq_50194655,97,5,8,3,False,11074,11451,,,,,unresolved_branch,,False
flu_like,3,1000,3,60136,2026-04-08,2,seq_50238344,97,2,6,4,False,5898,6318,,,,,relative_recombinant,6057.0,True
flu_like,3,1000,3,60188,2026-04-08,2,seq_50291390,97,6,9,3,False,1621,2405,,,,,relative_recombinant,1805.0,True
flu_like,3,1000,3,60195,2026-04-08,2,seq_50296193,97,1,4,3,False,7165,7590,,,,,unresolved_branch,,False
flu_like,3,1000,3,60271,2026-04-08,2,seq_50369878,97,4,7,3,False,10415,10539,,,,,unresolved_branch,,False
flu_like,3,1000,3,60367,2026-04-08,2,seq_50452738,97,5,8,3,True,3143,5589,5561704.0,2471.0,True,False,,,
flu_like,3,1000,3,60412,2026-04-08,2,seq_50493994,97,7,11,4,True,9094,10258,31275479.0,10028.0,True,True,,,
flu_like,3,1000,3,60532,2026-04-08,2,seq_50614017,97,2,7,5,True,4266,7121,47719985.0,4785.0,True,True,,,
flu_like,3,1000,3,60627,2026-04-08,2,seq_50701815,97,2,5,3,False,5580,10171,,,,,unresolved_branch,,False
flu_like,3,1000,3,60651,2026-04-08,2,seq_50726709,97,2,6,4,True,3135,5779,36583420.0,4566.0,True,True,,,
flu_like,3,1000,3,60658,2026-04-08,2,seq_50736649,97,2,6,4,False,8401,8479,,,,,unresolved_branch,,False
flu_like,3,1000,3,60677,2026-04-08,2,seq_50759462,97,8,11,3,False,10269,10570,,,,,unresolved_branch,,False
flu_like,3,1000,3,60722,2026-04-08,2,seq_50809997,97,3,7,4,False,3234,3405,,,,,unresolved_branch,,False
flu_like,3,1000,3,60794,2026-04-08,2,seq_50928067,97,4,7,3,False,9576,10309,,,,,unresolved_branch,,False
flu_like,3,1000,3,61322,2026-04-09,2,seq_51203178,98,3,6,3,False,10125,10227,,,,,unresolved_branch,,False
flu_like,3,1000,3,61368,2026-04-09,2,seq_51250357,98,9,15,6,True,6981,9093,7303692.0,7251.0,True,True,,,
flu_like,3,1000,3,61423,2026-04-09,2,seq_51300594,98,2,5,3,False,6421,9224,,,,,unresolved_branch,,False
flu_like,3,1000,3,61494,2026-04-09,2,seq_51346066,98,3,7,4,True,5555,6935,14683862.0,7251.0,True,False,,,
flu_like,3,1000,3,61514,2026-04-09,2,seq_51358123,98,4,7,3,True,7557,7647,36924793.0,7392.0,True,False,,,
flu_like,3,1000,3,61522,2026-04-09,2,seq_51369950,98,3,6,3,False,11378,12178,,,,,unresolved_branch,,False
flu_like,3,1000,3,61612,2026-04-09,2,seq_51473812,98,5,8,3,True,7839,8446,8579638.0,8445.0,True,True,,,
flu_like,3,1000,3,61733,2026-04-09,2,seq_51597699,98,3,8,5,True,7290,8080,42565829.0,8018.0,True,True,,,
flu_like,3,1000,3,61966,2026-04-09,2,seq_51849766,98,4,7,3,False,5859,5865,,,,,unresolved_branch,,False
flu_like,3,1000,3,62164,2026-04-09,2,seq_52066675,98,8,11,3,True,3809,6436,47819855.0,4594.0,True,True,,,
flu_like,3,1000,3,62192,2026-04-09,2,seq_52110845,98,6,9,3,False,9241,9332,,,,,relative_recombinant,9872.0,False
flu_like,3,1000,3,62599,2026-04-10,2,seq_52171663 seq_52612905,99,3,6,3,True,6421,9709,21973981.0,6910.0,True,True,,,
flu_like,3,1000,3,62612,2026-04-10,2,seq_52188135,99,3,6,3,True,3020,3635,1912070.0,6469.0,True,False,,,
flu_like,3,1000,3,62720,2026-04-10,2,seq_52262847,99,3,6,3,False,10077,10354,,,,,unresolved_branch,,False
flu_like,3,1000,3,62900,2026-04-10,2,seq_52417410,99,5,8,3,False,3158,4941,,,,,relative_recombinant,3562.0,True
flu_like,3,1000,3,62911,2026-04-10,2,seq_52427707,99,6,9,3,False,3057,5202,,,,,unresolved_branch,,False
flu_like,3,1000,3,62927,2026-04-10,2,seq_52444422,99,6,9,3,True,4997,5681,26064405.0,5593.0,True,True,,,
flu_like,3,1000,3,63189,2026-04-10,2,seq_52743419,99,4,7,3,False,8944,9090,,,,,unresolved_branch,,False
flu_like,3,1000,3,63282,2026-04-10,2,seq_52853332,99,3,8,5,True,5141,6513,49989523.0,5797.0,True,True,,,
flu_like,3,1000,3,63333,2026-04-10,2,seq_52916018,99,2,5,3,True,6134,8215,40818017.0,7193.0,True,True,,,
flu_like,3,1000,3,63356,2026-04-10,2,seq_52950402,99,3,6,3,False,7456,7492,,,,,unresolved_branch,,False
flu_like,3,1000,3,63384,2026-04-10,2,seq_52986968,99,0,3,3,False,1812,4294,,,,,unresolved_branch,,False
flu_like,3,1000,3,63404,2026-04-10,2,seq_53007666,99,2,5,3,False,1798,2284,,,,,unresolved_branch,,False
flu_like,3,1000,3,63408,2026-04-10,2,seq_53011524,99,9,12,3,False,4834,6409,,,,,unresolved_branch,,False
flu_like,3,1000,3,63861,2026-04-11,2,seq_53210071,100,0,3,3,True,10485,11092,53210071.0,11479.0,True,False,,,
flu_like,3,1000,3,63882,2026-04-11,2,seq_53218747,100,5,8,3,False,5590,9198,,,,,unresolved_branch,,False
flu_like,3,1000,3,63910,2026-04-11,2,seq_53239082,100,4,7,3,False,2344,3850,,,,,unresolved_branch,,False
flu_like,3,1000,3,63987,2026-04-11,2,seq_53314198,100,8,11,3,False,2238,3788,,,,,unresolved_branch,,False
flu_like,3,1000,3,64100,2026-04-11,2,seq_53422504,100,5,9,4,True,9094,9709,40410285.0,9151.0,True,True,,,
flu_like,3,1000,3,64216,2026-04-11,2,seq_53537427,100,4,7,3,False,9034,9559,,,,,unresolved_branch,,False
flu_like,3,1000,3,64234,2026-04-11,2,seq_53553063,100,3,6,3,False,6509,7290,,,,,unresolved_branch,,False
flu_like,3,1000,3,64283,2026-04-11,2,seq_53601427,100,5,8,3,True,2829,4441,38817140.0,4136.0,True,True,,,
flu_like,3,1000,3,64301,2026-04-11,2,seq_53619515,100,4,7,3,True,3084,4151,17637883.0,6321.0,True,False,,,
flu_like,3,1000,3,64309,2026-04-11,2,seq_53624273,100,5,8,3,True,10259,11964,40083117.0,11187.0,True,True,,,
flu_like,3,1000,3,64336,2026-04-11,2,seq_53647074,100,1,4,3,True,2318,3418,46011371.0,2517.0,True,True,,,
flu_like,3,1000,3,64376,2026-04-11,2,seq_53702455,100,2,10,8,True,5760,6088,43978861.0,5883.0,True,True,,,
flu_like,3,1000,3,64503,2026-04-11,2,seq_53852151,100,1,4,3,True,2481,5274,51452080.0,4793.0,True,True,,,
flu_like,3,1000,3,64567,2026-04-11,2,seq_53916174,100,3,7,4,True,5677,6528,53916174.0,5282.0,True,False,,,
flu_like,3,1000,3,64667,2026-04-11,2,seq_54039331,100,2,5,3,True,10974,11377,35937732.0,11182.0,True,True,,,
flu_like,3,1000,4,9322,2026-02-19,2,seq_2547354,49,2,7,5,True,5590,6431,763381.0,5796.0,True,True,,,
flu_like,3,1000,4,14758,2026-02-26,2,seq_9220703,56,2,6,4,True,7213,8761,7751654.0,7528.0,True,True,,,
flu_like,3,1000,4,18855,2026-03-02,2,seq_13775555,60,3,7,4,True,8216,9093,786290.0,8586.0,True,True,,,
flu_like,3,1000,4,22906,2026-03-06,2,seq_17917151,64,4,8,4,True,7493,9150,1326996.0,8882.0,True,True,,,
flu_like,3,1000,4,23815,2026-03-07,2,seq_18761431,65,3,7,4,True,5611,6784,5724879.0,6074.0,True,True,,,
flu_like,3,1000,4,28184,2026-03-11,2,seq_23067534,69,2,6,4,True,8375,10206,19551364.0,9043.0,True,True,,,
flu_like,3,1000,4,28606,2026-03-12,2,seq_23265214,70,5,10,5,True,9076,9150,1214623.0,7539.0,True,False,,,
flu_like,3,1000,4,31207,2026-03-14,2,seq_25738464,72,2,6,4,True,7061,9150,14646422.0,7227.0,True,True,,,
flu_like,3,1000,4,32781,2026-03-16,2,seq_27172511,74,3,7,4,False,8823,9183,,,,,unresolved_branch,,False
flu_like,3,1000,4,34777,2026-03-17,2,seq_29061813,75,3,7,4,True,3121,3979,24857679.0,3489.0,True,True,,,
flu_like,3,1000,4,35381,2026-03-18,2,seq_29410458,76,1,5,4,True,2978,5693,18480563.0,5473.0,True,True,,,
flu_like,3,1000,4,36903,2026-03-19,2,seq_30934391,77,1,6,5,True,2769,3448,25190366.0,3114.0,True,True,,,
flu_like,3,1000,4,37312,2026-03-20,2,seq_31175323,78,3,9,6,True,6180,7647,19167428.0,7626.0,True,True,,,
flu_like,3,1000,4,38599,2026-03-21,2,seq_32301912,79,2,6,4,True,2943,4955,30230386.0,4795.0,True,True,,,
flu_like,3,1000,4,39206,2026-03-21,2,seq_32981302,79,5,9,4,True,8538,9093,20105179.0,8882.0,True,True,,,
flu_like,3,1000,4,39797,2026-03-22,2,seq_33330091,80,1,6,5,True,5259,5610,18866779.0,5393.0,True,True,,,
flu_like,3,1000,4,42760,2026-03-24,2,seq_36127586,82,2,8,6,True,3782,6420,28125511.0,4249.0,True,True,,,
flu_like,3,1000,4,43004,2026-03-25,2,seq_36156314,83,2,6,4,True,4839,5336,1636331.0,11491.0,True,False,,,
flu_like,3,1000,4,43068,2026-03-25,2,seq_36177402,83,6,11,5,True,8495,8882,852851.0,8515.0,True,True,,,
flu_like,3,1000,4,43129,2026-03-25,2,seq_36228229,83,6,10,4,False,7081,7320,,,,,unresolved_branch,,False
flu_like,3,1000,4,43230,2026-03-25,2,seq_36310135,83,1,5,4,True,9856,11136,35013208.0,10426.0,True,True,,,
flu_like,3,1000,4,45018,2026-03-26,2,seq_37973415,84,0,4,4,True,3549,4463,35442625.0,3837.0,True,True,,,
flu_like,3,1000,4,45977,2026-03-27,2,seq_38715784,85,5,10,5,True,8391,9150,29119101.0,8739.0,True,True,,,
flu_like,3,1000,4,46574,2026-03-28,2,seq_39187543,86,1,5,4,True,4047,5648,32215393.0,4989.0,True,True,,,
flu_like,3,1000,4,46973,2026-03-28,2,seq_39540789,86,1,6,5,True,9710,10258,25885819.0,9930.0,True,True,,,
flu_like,3,1000,4,47297,2026-03-28,2,seq_39924448,86,2,7,5,True,6203,8399,34218007.0,7730.0,True,True,,,
flu_like,3,1000,4,48471,2026-03-29,2,seq_40911912,87,3,7,4,True,3748,7492,37390452.0,5155.0,True,True,,,
flu_like,3,1000,4,50785,2026-03-31,2,seq_42780159,89,2,6,4,True,4274,7589,30919287.0,5205.0,True,True,,,
flu_like,3,1000,4,51561,2026-04-01,2,seq_43330670,90,1,5,4,True,6421,7403,42614279.0,7318.0,True,True,,,
flu_like,3,1000,4,52255,2026-04-01,2,seq_44120066,90,6,10,4,True,4997,8179,11746002.0,6458.0,True,True,,,
flu_like,3,1000,4,54052,2026-04-03,2,seq_45372480,92,4,8,4,True,9241,10026,31120381.0,9872.0,True,True,,,
flu_like,3,1000,4,54188,2026-04-03,2,seq_45521733,92,1,5,4,True,7404,8839,36394987.0,8148.0,True,True,,,
flu_like,3,1000,4,54276,2026-04-03,2,seq_45630957,92,1,5,4,True,3761,4886,22785749.0,547.0,False,False,,,
flu_like,3,1000,4,54316,2026-04-03,2,seq_45680715,92,3,7,4,False,4399,5198,,,,,unresolved_branch,,False
flu_like,3,1000,4,54491,2026-04-03,2,seq_45888147,92,1,5,4,True,3902,4290,31693881.0,3931.0,True,True,,,
flu_like,3,1000,4,54676,2026-04-03,2,seq_46119615,92,4,9,5,False,7413,8951,,,,,relative_recombinant,3342.0,False
flu_like,3,1000,4,55556,2026-04-04,2,seq_46683494,93,2,9,7,True,6219,6298,25767828.0,6253.0,True,True,,,
flu_like,3,1000,4,55860,2026-04-04,2,seq_47056881,93,1,6,5,True,6866,9362,45578340.0,8096.0,True,True,,,
flu_like,3,1000,4,55884,2026-04-04,2,seq_47078566,93,3,7,4,True,6529,7620,36136691.0,7162.0,True,True,,,
flu_like,3,1000,4,56985,2026-04-05,2,seq_47907537,94,4,8,4,True,7099,7316,38374343.0,7176.0,True,True,,,
flu_like,3,1000,4,57083,2026-04-05,2,seq_48003000,94,2,7,5,True,4177,6479,34928487.0,4762.0,True,True,,,
flu_like,3,1000,4,57518,2026-04-06,2,seq_48175893,95,6,10,4,True,1308,3960,28112127.0,3381.0,True,True,,,
flu_like,3,1000,4,58040,2026-04-06,2,seq_48694732,95,1,5,4,True,5344,6361,35776897.0,6276.0,True,True,,,
flu_like,3,1000,4,59078,2026-04-07,2,seq_49468378,96,4,8,4,True,4424,5589,9368594.0,4848.0,True,True,,,
flu_like,3,1000,4,59312,2026-04-07,2,seq_49712036,96,2,6,4,True,2288,3970,43621181.0,3403.0,True,True,,,
flu_like,3,1000,4,59636,2026-04-07,2,seq_50119502,96,6,10,4,True,8548,8589,36508808.0,6962.0,True,False,,,
flu_like,3,1000,4,60343,2026-04-08,2,seq_50493994,97,7,11,4,True,9094,10258,31275479.0,10028.0,True,True,,,
flu_like,3,1000,4,60463,2026-04-08,2,seq_50614017,97,2,7,5,True,4266,7121,47719985.0,4785.0,True,True,,,
flu_like,3,1000,4,60581,2026-04-08,2,seq_50726709,97,2,6,4,True,3135,5779,36583420.0,4566.0,True,True,,,
flu_like,3,1000,4,60588,2026-04-08,2,seq_50736649,97,2,6,4,False,8401,8479,,,,,unresolved_branch,,False
flu_like,3,1000,4,60651,2026-04-08,2,seq_50809997,97,3,7,4,False,3234,3405,,,,,unresolved_branch,,False
flu_like,3,1000,4,61306,2026-04-09,2,seq_51250357,98,9,15,6,True,6981,9093,7303692.0,7251.0,True,True,,,
flu_like,3,1000,4,61440,2026-04-09,2,seq_51346066,98,3,7,4,True,5555,6935,14683862.0,7251.0,True,False,,,
flu_like,3,1000,4,61666,2026-04-09,2,seq_51597699,98,3,8,5,True,7290,8080,42565829.0,8018.0,True,True,,,
flu_like,3,1000,4,63211,2026-04-10,2,seq_52853332,99,3,8,5,True,5141,6513,49989523.0,5797.0,True,True,,,
flu_like,3,1000,4,64027,2026-04-11,2,seq_53422504,100,5,9,4,True,9094,9709,40410285.0,9151.0,True,True,,,
flu_like,3,1000,4,64298,2026-04-11,2,seq_53702455,100,2,10,8,True,5760,6088,43978861.0,5883.0,True,True,,,
flu_like,3,1000,4,64488,2026-04-11,2,seq_53916174,100,3,7,4,True,5677,6528,53916174.0,5282.0,True,False,,,
flu_like,3,1000,5,9322,2026-02-19,2,seq_2547354,49,2,7,5,True,5590,6431,763381.0,5796.0,True,True,,,
flu_like,3,1000,5,28601,2026-03-12,2,seq_23265214,70,5,10,5,True,9076,9150,1214623.0,7539.0,True,False,,,
flu_like,3,1000,5,36894,2026-03-19,2,seq_30934391,77,1,6,5,True,2769,3448,25190366.0,3114.0,True,True,,,
flu_like,3,1000,5,37303,2026-03-20,2,seq_31175323,78,3,9,6,True,6180,7647,19167428.0,7626.0,True,True,,,
flu_like,3,1000,5,39786,2026-03-22,2,seq_33330091,80,1,6,5,True,5259,5610,18866779.0,5393.0,True,True,,,
flu_like,3,1000,5,42750,2026-03-24,2,seq_36127586,82,2,8,6,True,3782,6420,28125511.0,4249.0,True,True,,,
flu_like,3,1000,5,43057,2026-03-25,2,seq_36177402,83,6,11,5,True,8495,8882,852851.0,8515.0,True,True,,,
flu_like,3,1000,5,45965,2026-03-27,2,seq_38715784,85,5,10,5,True,8391,9150,29119101.0,8739.0,True,True,,,
flu_like,3,1000,5,46960,2026-03-28,2,seq_39540789,86,1,6,5,True,9710,10258,25885819.0,9930.0,True,True,,,
flu_like,3,1000,5,47284,2026-03-28,2,seq_39924448,86,2,7,5,True,6203,8399,34218007.0,7730.0,True,True,,,
flu_like,3,1000,5,54655,2026-04-03,2,seq_46119615,92,4,9,5,False,7413,8951,,,,,relative_recombinant,3342.0,False
flu_like,3,1000,5,55539,2026-04-04,2,seq_46683494,93,2,9,7,True,6219,6298,25767828.0,6253.0,True,True,,,
flu_like,3,1000,5,55843,2026-04-04,2,seq_47056881,93,1,6,5,True,6866,9362,45578340.0,8096.0,True,True,,,
flu_like,3,1000,5,57063,2026-04-05,2,seq_48003000,94,2,7,5,True,4177,6479,34928487.0,4762.0,True,True,,,
flu_like,3,1000,5,60439,2026-04-08,2,seq_50614017,97,2,7,5,True,4266,7121,47719985.0,4785.0,True,True,,,
flu_like,3,1000,5,61282,2026-04-09,2,seq_51250357,98,9,15,6,True,6981,9093,7303692.0,7251.0,True,True,,,
flu_like,3,1000,5,61643,2026-04-09,2,seq_51597699,98,3,8,5,True,7290,8080,42565829.0,8018.0,True,True,,,
flu_like,3,1000,5,63187,2026-04-10,2,seq_52853332,99,3,8,5,True,5141,6513,49989523.0,5797.0,True,True,,,
flu_like,3,1000,5,64273,2026-04-11,2,seq_53702455,100,2,10,8,True,5760,6088,43978861.0,5883.0,True,True,,,
flu_like,4,200,3,2000,2026-02-14,2,seq_625306,44,1,4,3,True,7706,11963,65381.0,10414.0,True,True,,,
flu_like,4,200,3,3242,2026-02-21,2,seq_4558268,51,2,5,3,True,3378,7685,37566.0,4542.0,True,True,,,
flu_like,4,200,3,3448,2026-02-22,2,seq_5814830,52,0,3,3,True,11613,11963,378265.0,11686.0,True,True,,,
flu_like,4,200,3,4219,2026-02-26,2,seq_9839281,56,4,7,3,True,5008,9338,580511.0,7012.0,True,True,,,
flu_like,4,200,3,4241,2026-02-26,2,seq_9996381,56,0,3,3,False,5520,9413,,,,,unresolved_branch,,False
flu_like,4,200,3,4372,2026-02-27,2,seq_10455858,57,4,7,3,True,3519,11073,5072591.0,8073.0,True,True,,,
flu_like,4,200,3,4741,2026-03-01,2,seq_12291602,59,3,6,3,False,2553,3532,,,,,unresolved_branch,,False
flu_like,4,200,3,4779,2026-03-01,2,seq_12508351,59,6,9,3,True,4431,6319,324098.0,4561.0,True,True,,,
flu_like,4,200,3,4852,2026-03-01,2,seq_12977413,59,2,5,3,True,7706,11433,213751.0,9373.0,True,True,,,
flu_like,4,200,3,6074,2026-03-07,2,seq_18568906,65,1,5,4,True,5997,7705,17063182.0,6415.0,True,True,,,
flu_like,4,200,3,6413,2026-03-09,2,seq_20159154,67,3,6,3,True,9389,11010,437249.0,10827.0,True,True,,,
flu_like,4,200,3,6669,2026-03-10,2,seq_21293643,68,2,5,3,True,7831,9428,8358245.0,9115.0,True,True,,,
flu_like,4,200,3,7437,2026-03-13,2,seq_24655241,71,3,6,3,False,9758,10109,,,,,unresolved_branch,,False
flu_like,4,200,3,7453,2026-03-13,2,seq_24754550,71,3,6,3,True,2435,6319,11602505.0,2662.0,True,True,,,
flu_like,4,200,3,8751,2026-03-19,2,seq_30377048,77,1,4,3,False,3437,4503,,,,,relative_recombinant,814.0,False
flu_like,4,200,3,8866,2026-03-19,2,seq_31007530,77,5,8,3,True,6165,9304,17025636.0,7417.0,True,True,,,
flu_like,4,200,3,9078,2026-03-20,2,seq_31722167,78,1,4,3,False,6113,6235,,,,,unresolved_branch,,False
flu_like,4,200,3,9226,2026-03-21,2,seq_32389935,79,2,5,3,False,3191,3233,,,,,unresolved_branch,,False
flu_like,4,200,3,9286,2026-03-21,2,seq_32630549,79,1,4,3,True,3550,4597,661495.0,4585.0,True,True,,,
flu_like,4,200,3,9480,2026-03-22,2,seq_33454076,80,6,11,5,True,4603,6124,30850973.0,7315.0,True,False,,,
flu_like,4,200,3,9816,2026-03-23,2,seq_34998664,81,4,7,3,False,5008,7705,,,,,relative_recombinant,7012.0,True
flu_like,4,200,3,10717,2026-03-27,2,seq_38778274,85,5,8,3,True,2847,5614,10021112.0,5308.0,True,True,,,
flu_like,4,200,3,10969,2026-03-28,2,seq_39847643,86,7,10,3,True,6113,11798,21867626.0,8807.0,True,True,,,
flu_like,4,200,3,10972,2026-03-28,2,seq_39857115,86,4,7,3,True,2340,2687,13895176.0,5419.0,True,False,,,
flu_like,4,200,3,11016,2026-03-28,2,seq_40101379,86,6,10,4,True,4758,6319,19730437.0,5481.0,True,True,,,
flu_like,4,200,3,11190,2026-03-29,2,seq_40622282,87,6,10,4,True,3550,5940,29911195.0,3606.0,True,True,,,
flu_like,4,200,3,11243,2026-03-29,2,seq_40993033,87,4,7,3,True,4325,6604,1683794.0,5674.0,True,True,,,
flu_like,4,200,3,11493,2026-03-30,2,seq_42097088,88,0,3,3,False,4180,6932,,,,,unresolved_branch,,False
flu_like,4,200,3,11634,2026-03-31,2,seq_42514657,89,4,7,3,True,6618,8481,249644.0,3385.0,True,False,,,
flu_like,4,200,3,12129,2026-04-02,2,seq_44592057,91,6,10,4,True,10503,10817,21845579.0,10748.0,True,True,,,
flu_like,4,200,3,12652,2026-04-04,2,seq_46725704,93,11,14,3,False,5235,5935,,,,,unresolved_branch,,False
flu_like,4,200,3,12780,2026-04-05,2,seq_47188893,94,4,7,3,True,7706,11798,27921698.0,9533.0,True,True,,,
flu_like,4,200,3,12863,2026-04-05,2,seq_47521458,94,8,11,3,True,6944,8712,30176760.0,7568.0,True,True,,,
flu_like,4,200,3,13695,2026-04-08,2,seq_51059304,97,4,8,4,True,9121,9786,83648.0,8644.0,True,False,,,
flu_like,4,200,3,13813,2026-04-09,2,seq_51359903,98,2,5,3,True,7831,11433,32760752.0,9314.0,True,True,,,
flu_like,4,200,3,13880,2026-04-09,2,seq_51630780,98,5,8,3,True,6487,6606,27135243.0,4030.0,True,False,,,
flu_like,4,200,3,13885,2026-04-09,2,seq_51684004,98,7,11,4,True,9937,11007,2863845.0,10241.0,True,True,,,
flu_like,4,200,3,13950,2026-04-09,2,seq_52001144,98,9,12,3,True,4973,7705,2154425.0,5772.0,True,True,,,
flu_like,4,200,3,14022,2026-04-10,2,seq_52168398,99,5,8,3,True,10239,10608,5347692.0,7541.0,True,False,,,
flu_like,4,200,3,14117,2026-04-10,2,seq_52535696,99,7,10,3,True,7706,11963,3580249.0,7875.0,True,True,,,
flu_like,4,200,3,14182,2026-04-10,2,seq_52970261,99,1,4,3,False,7615,10008,,,,,unresolved_branch,,False
flu_like,4,200,3,14327,2026-04-11,2,seq_53369039,100,4,7,3,True,2435,6599,15485480.0,4809.0,True,True,,,
flu_like,4,200,3,14407,2026-04-11,2,seq_53771197,100,9,14,5,True,8806,10097,48749811.0,9658.0,True,True,,,
flu_like,4,200,3,14427,2026-04-11,2,seq_53846085,100,0,3,3,False,5185,6267,,,,,unresolved_branch,,False
flu_like,4,200,4,6069,2026-03-07,2,seq_18568906,65,1,5,4,True,5997,7705,17063182,6415,True,True,,,
flu_like,4,200,4,9470,2026-03-22,2,seq_33454076,80,6,11,5,True,4603,6124,30850973,7315,True,False,,,
flu_like,4,200,4,11004,2026-03-28,2,seq_40101379,86,6,10,4,True,4758,6319,19730437,5481,True,True,,,
flu_like,4,200,4,12116,2026-04-02,2,seq_44592057,91,6,10,4,True,10503,10817,21845579,10748,True,True,,,
flu_like,4,200,4,13680,2026-04-08,2,seq_51059304,97,4,8,4,True,9121,9786,83648,8644,True,False,,,
flu_like,4,200,4,13799,2026-04-09,2,seq_51359903,98,2,6,4,True,7831,11433,32760752,9314,True,True,,,
flu_like,4,200,4,13869,2026-04-09,2,seq_51684004,98,7,11,4,True,9937,11007,2863845,10241,True,True,,,
flu_like,4,200,4,14389,2026-04-11,2,seq_53771197,100,9,14,5,True,8806,10097,48749811,9658,True,True,,,
flu_like,4,200,5,9469,2026-03-22,2,seq_33454076,80,6,11,5,True,4603,6124,30850973,7315,True,False,,,
flu_like,4,200,5,14386,2026-04-11,2,seq_53771197,100,9,14,5,True,8806,10097,48749811,9658,True,True,,,
flu_like,4,1000,3,2800,2026-02-06,2,seq_83648,36,0,3,3,True,7706,8908,83648.0,8644.0,True,True,,,
flu_like,4,1000,3,3683,2026-02-09,2,seq_154866,39,0,4,4,True,3378,7685,37566.0,4542.0,True,True,,,
flu_like,4,1000,3,4270,2026-02-10,2,seq_228946,40,2,5,3,True,4009,5516,108568.0,4084.0,True,True,,,
flu_like,4,1000,3,6092,2026-02-14,2,seq_625306,44,1,4,3,True,7706,11963,65381.0,10414.0,True,True,,,
flu_like,4,1000,3,9264,2026-02-19,2,seq_2430973,49,4,8,4,True,8897,9338,580511.0,7012.0,True,False,,,
flu_like,4,1000,3,10289,2026-02-20,2,seq_3590122,50,1,4,3,True,2536,3515,3590122.0,3506.0,True,True,,,
flu_like,4,1000,3,11529,2026-02-22,2,seq_5234243,52,4,7,3,True,8546,10502,3837580.0,8595.0,True,True,,,
flu_like,4,1000,3,11943,2026-02-22,2,seq_5814830,52,0,3,3,True,11613,11963,378265.0,11686.0,True,True,,,
flu_like,4,1000,3,12625,2026-02-23,2,seq_6608991,53,2,5,3,True,8318,10700,4244816.0,9723.0,True,True,,,
flu_like,4,1000,3,13632,2026-02-24,2,seq_7906933,54,2,5,3,True,5373,8448,587690.0,7440.0,True,True,,,
flu_like,4,1000,3,13751,2026-02-24,2,seq_8130575,54,1,4,3,True,4039,7830,2800855.0,4918.0,True,True,,,
flu_like,4,1000,3,14125,2026-02-25,2,seq_8373081,55,2,5,3,True,2614,6802,4199246.0,6132.0,True,True,,,
flu_like,4,1000,3,14334,2026-02-25,2,seq_8619515,55,0,3,3,True,2435,6319,8619515.0,4924.0,True,True,,,
flu_like,4,1000,3,14603,2026-02-25,2,seq_9029145,55,3,6,3,False,4833,5468,,,,,unresolved_branch,,False
flu_like,4,1000,3,14645,2026-02-25,2,seq_9128048,55,1,4,3,True,3572,9637,9128048.0,3581.0,True,True,,,
flu_like,4,1000,3,15934,2026-02-27,2,seq_10338082,57,3,6,3,True,2435,4535,1211912.0,4137.0,True,True,,,
flu_like,4,1000,3,16016,2026-02-27,2,seq_10427340,57,4,7,3,True,4701,7390,1501213.0,6586.0,True,True,,,
flu_like,4,1000,3,16042,2026-02-27,2,seq_10455858,57,3,7,4,True,3519,11073,5072591.0,8073.0,True,True,,,
flu_like,4,1000,3,16153,2026-02-27,2,seq_10618509,57,2,5,3,True,7908,10446,7294252.0,9175.0,True,True,,,
flu_like,4,1000,3,17561,2026-03-01,2,seq_12181292,59,0,4,4,True,5031,7622,607096.0,5682.0,True,True,,,
flu_like,4,1000,3,17915,2026-03-01,2,seq_12508351,59,5,8,3,True,2861,6319,324098.0,4561.0,True,True,,,
flu_like,4,1000,3,18231,2026-03-01,2,seq_12977413,59,2,5,3,True,7706,11433,213751.0,9373.0,True,True,,,
flu_like,4,1000,3,20176,2026-03-03,2,seq_15020098,61,3,6,3,True,3894,5491,6080663.0,6990.0,True,False,,,
flu_like,4,1000,3,21183,2026-03-04,2,seq_16029164,62,1,4,3,True,7706,10238,2047484.0,7976.0,True,True,,,
flu_like,4,1000,3,21598,2026-03-05,2,seq_16320890,63,1,4,3,True,9638,11963,16320890.0,10010.0,True,True,,,
flu_like,4,1000,3,22676,2026-03-06,2,seq_17378433,64,1,4,3,False,5819,5832,,,,,unresolved_branch,,False
flu_like,4,1000,3,23106,2026-03-06,2,seq_17900101,64,3,6,3,True,4701,7830,6360918.0,7445.0,True,True,,,
flu_like,4,1000,3,23861,2026-03-07,2,seq_18568906,65,1,5,4,True,5997,7705,17063182.0,6415.0,True,True,,,
flu_like,4,1000,3,24688,2026-03-08,2,seq_19347764,66,4,8,4,True,2148,7252,8701212.0,4836.0,True,True,,,
flu_like,4,1000,3,25153,2026-03-08,2,seq_19915313,66,2,5,3,True,2536,4409,13935931.0,3302.0,True,True,,,
flu_like,4,1000,3,25196,2026-03-08,2,seq_19972409,66,5,8,3,True,2435,4818,10276005.0,4664.0,True,True,,,
flu_like,4,1000,3,25447,2026-03-09,2,seq_20159154,67,3,6,3,True,9389,11010,437249.0,10827.0,True,True,,,
flu_like,4,1000,3,25886,2026-03-09,2,seq_20497408,67,1,4,3,True,2536,6319,15345974.0,4539.0,True,True,,,
flu_like,4,1000,3,25979,2026-03-09,2,seq_20600302,67,2,5,3,True,8415,10638,12349726.0,8861.0,True,True,,,
flu_like,4,1000,3,26724,2026-03-10,2,seq_21293643,68,1,5,4,True,7831,9428,8358245.0,9115.0,True,True,,,
flu_like,4,1000,3,27129,2026-03-10,2,seq_21779484,68,5,8,3,True,4022,6991,408435.0,4913.0,True,True,,,
flu_like,4,1000,3,27131,2026-03-10,2,seq_21779824,68,1,4,3,False,4452,10332,,,,,unresolved_branch,,False
flu_like,4,1000,3,27193,2026-03-10,2,seq_21852523,68,1,4,3,True,8275,9637,20914910.0,8578.0,True,True,,,
flu_like,4,1000,3,27246,2026-03-10,2,seq_21925383,68,2,6,4,True,3378,6423,8865647.0,4804.0,True,True,,,
flu_like,4,1000,3,27273,2026-03-10,2,seq_21959047,68,1,4,3,False,5015,8418,,,,,unresolved_branch,,False
flu_like,4,1000,3,28118,2026-03-11,2,seq_22684461,69,1,4,3,False,5576,6333,,,,,unresolved_branch,,False
flu_like,4,1000,3,28340,2026-03-11,2,seq_22989599,69,3,7,4,True,8276,10111,21469111.0,9181.0,True,True,,,
flu_like,4,1000,3,28348,2026-03-11,2,seq_23002056,69,3,6,3,True,2958,4388,13031051.0,4114.0,True,True,,,
flu_like,4,1000,3,28743,2026-03-12,2,seq_23214789,70,2,5,3,True,8964,11073,17123588.0,9177.0,True,True,,,
flu_like,4,1000,3,30107,2026-03-13,2,seq_24526825,71,2,6,4,True,4865,7705,13597571.0,7421.0,True,True,,,
flu_like,4,1000,3,30198,2026-03-13,2,seq_24646107,71,0,3,3,True,5529,8718,15244905.0,8654.0,True,True,,,
flu_like,4,1000,3,30284,2026-03-13,2,seq_24754550,71,2,6,4,True,2435,6319,11602505.0,2662.0,True,True,,,
flu_like,4,1000,3,30416,2026-03-13,2,seq_24913567,71,4,7,3,True,4701,9542,3848494.0,5795.0,True,True,,,
flu_like,4,1000,3,30507,2026-03-13,2,seq_25029466,71,4,7,3,True,4239,7705,12155530.0,7701.0,True,True,,,
flu_like,4,1000,3,31293,2026-03-14,2,seq_25577269,72,2,5,3,False,7187,7464,,,,,unresolved_branch,,False
flu_like,4,1000,3,31381,2026-03-14,2,seq_25673979,72,3,6,3,True,6582,8559,14618914.0,8475.0,True,True,,,
flu_like,4,1000,3,31517,2026-03-14,2,seq_25882487,72,2,5,3,True,3378,7685,24183080.0,6035.0,True,True,,,
flu_like,4,1000,3,31677,2026-03-14,2,seq_26109195,72,2,5,3,True,9126,11658,14741813.0,11181.0,True,True,,,
flu_like,4,1000,3,32355,2026-03-15,2,seq_26573494,73,3,6,3,True,1180,3593,5880454.0,3194.0,True,True,,,
flu_like,4,1000,3,33127,2026-03-16,2,seq_27238176,74,2,6,4,True,7325,9304,17025636.0,7417.0,True,True,,,
flu_like,4,1000,3,34655,2026-03-17,2,seq_28640881,75,2,5,3,True,1286,3593,13636841.0,1257.0,True,False,,,
flu_like,4,1000,3,34792,2026-03-17,2,seq_28815425,75,1,5,4,True,7831,11747,25113684.0,10780.0,True,True,,,
flu_like,4,1000,3,34949,2026-03-17,2,seq_29039849,75,0,3,3,False,4665,7410,,,,,unresolved_branch,,False
flu_like,4,1000,3,35374,2026-03-18,2,seq_29259682,76,1,4,3,True,1709,10132,19216974.0,1898.0,True,True,,,
flu_like,4,1000,3,35635,2026-03-18,2,seq_29528116,76,1,4,3,True,4421,4700,14276574.0,4488.0,True,True,,,
flu_like,4,1000,3,35695,2026-03-18,2,seq_29594850,76,1,4,3,True,5031,7186,19718062.0,6944.0,True,True,,,
flu_like,4,1000,3,35764,2026-03-18,2,seq_29672244,76,4,7,3,True,2399,5450,15706692.0,5435.0,True,True,,,
flu_like,4,1000,3,35962,2026-03-18,2,seq_29904392,76,2,5,3,True,3594,7685,669184.0,4724.0,True,True,,,
flu_like,4,1000,3,35977,2026-03-18,2,seq_29924940,76,7,10,3,True,5447,7830,28988772.0,6577.0,True,True,,,
flu_like,4,1000,3,36041,2026-03-18,2,seq_30016594,76,4,8,4,True,7706,9383,10542180.0,8262.0,True,True,,,
flu_like,4,1000,3,36490,2026-03-19,2,seq_30294812,77,7,10,3,False,11554,11755,,,,,unresolved_branch,,False
flu_like,4,1000,3,36666,2026-03-19,2,seq_30460215,77,3,6,3,False,6996,9409,,,,,unresolved_branch,,False
flu_like,4,1000,3,36822,2026-03-19,2,seq_30603614,77,4,7,3,True,4207,9428,23484292.0,4794.0,True,True,,,
flu_like,4,1000,3,36911,2026-03-19,2,seq_30712727,77,1,4,3,True,9837,11658,17667333.0,10496.0,True,True,,,
flu_like,4,1000,3,37014,2026-03-19,2,seq_30822719,77,3,6,3,False,10431,11549,,,,,relative_recombinant,11802.0,False
flu_like,4,1000,3,37075,2026-03-19,2,seq_30922367,77,3,8,5,True,3533,6319,20589893.0,4020.0,True,True,,,
flu_like,4,1000,3,37100,2026-03-19,2,seq_30952033,77,6,9,3,True,5204,7469,6464079.0,6573.0,True,True,,,
flu_like,4,1000,3,37113,2026-03-19,2,seq_30975123,77,5,8,3,True,4037,5084,10210007.0,4085.0,True,True,,,
flu_like,4,1000,3,37692,2026-03-20,2,seq_31328215,78,5,8,3,True,10619,11698,26048516.0,11266.0,True,True,,,
flu_like,4,1000,3,38085,2026-03-20,2,seq_31740751,78,1,4,3,False,8751,10831,,,,,unresolved_branch,,False
flu_like,4,1000,3,38314,2026-03-20,2,seq_32056796,78,1,4,3,False,2372,2649,,,,,unresolved_branch,,False
flu_like,4,1000,3,38865,2026-03-21,2,seq_32371433,79,2,5,3,True,6944,7418,30752643.0,10328.0,True,False,,,
flu_like,4,1000,3,39040,2026-03-21,2,seq_32581867,79,5,9,4,True,3372,4419,14967602.0,4229.0,True,True,,,
flu_like,4,1000,3,39085,2026-03-21,2,seq_32630549,79,1,4,3,True,3550,4597,661495.0,4585.0,True,True,,,
flu_like,4,1000,3,39111,2026-03-21,2,seq_32656519,79,0,3,3,False,8069,8872,,,,,unresolved_branch,,False
flu_like,4,1000,3,39150,2026-03-21,2,seq_32708699,79,8,11,3,True,7706,8963,205951.0,8842.0,True,True,,,
flu_like,4,1000,3,39235,2026-03-21,2,seq_32808635,79,6,10,4,True,6336,6860,27919494.0,6599.0,True,True,,,
flu_like,4,1000,3,39436,2026-03-21,2,seq_33076812,79,3,6,3,True,8275,11755,27564680.0,11121.0,True,True,,,
flu_like,4,1000,3,39885,2026-03-22,2,seq_33280992,80,3,6,3,False,7640,8554,,,,,unresolved_branch,,False
flu_like,4,1000,3,39905,2026-03-22,2,seq_33295166,80,6,9,3,True,9937,11007,2863845.0,10241.0,True,True,,,
flu_like,4,1000,3,40062,2026-03-22,2,seq_33454076,80,5,9,4,True,7143,7705,30850973.0,7315.0,True,True,,,
flu_like,4,1000,3,40375,2026-03-22,2,seq_33766793,80,3,6,3,False,8095,9319,,,,,unresolved_branch,,False
flu_like,4,1000,3,40381,2026-03-22,2,seq_33769423,80,2,5,3,True,8798,11019,30466929.0,10999.0,True,True,,,
flu_like,4,1000,3,40839,2026-03-23,2,seq_34159170,81,3,6,3,True,3522,5528,11967455.0,3900.0,True,True,,,
flu_like,4,1000,3,41361,2026-03-23,2,seq_34620390,81,4,7,3,False,1329,1653,,,,,unresolved_branch,,False
flu_like,4,1000,3,41484,2026-03-23,2,seq_34785029,81,1,4,3,False,727,2573,,,,,unresolved_branch,,False
flu_like,4,1000,3,41576,2026-03-23,2,seq_34902324,81,2,6,4,True,2666,4636,12268213.0,3532.0,True,True,,,
flu_like,4,1000,3,41602,2026-03-23,2,seq_34935260,81,1,4,3,True,9881,12050,14878490.0,10004.0,True,True,,,
flu_like,4,1000,3,41649,2026-03-23,2,seq_34998664,81,4,7,3,False,7143,7705,,,,,relative_recombinant,7012.0,False
flu_like,4,1000,3,41756,2026-03-23,2,seq_35111921,81,4,7,3,True,8909,12045,20005758.0,11530.0,True,True,,,
flu_like,4,1000,3,41988,2026-03-24,2,seq_35158044,82,5,8,3,True,2268,3327,25967985.0,2872.0,True,True,,,
flu_like,4,1000,3,42277,2026-03-24,2,seq_35359430,82,1,4,3,False,1296,1653,,,,,unresolved_branch,,False
flu_like,4,1000,3,42414,2026-03-24,2,seq_35502840,82,2,5,3,True,2847,6156,30242063.0,4319.0,True,True,,,
flu_like,4,1000,3,42667,2026-03-24,2,seq_35791441,82,2,6,4,True,3550,5153,29911195.0,3606.0,True,True,,,
flu_like,4,1000,3,42846,2026-03-24,2,seq_36027582,82,1,6,5,True,3403,4801,22457860.0,4445.0,True,True,,,
flu_like,4,1000,3,43264,2026-03-25,2,seq_36269754,83,2,5,3,False,8832,10844,,,,,unresolved_branch,,False
flu_like,4,1000,3,43544,2026-03-25,2,seq_36498623,83,5,8,3,False,7839,8226,,,,,unresolved_branch,,False
flu_like,4,1000,3,43636,2026-03-25,2,seq_36602926,83,2,5,3,True,4092,6801,23930485.0,4230.0,True,True,,,
flu_like,4,1000,3,43885,2026-03-25,2,seq_36883715,83,4,7,3,True,2979,4311,27811265.0,7526.0,True,False,,,
flu_like,4,1000,3,43925,2026-03-25,2,seq_36929819,83,0,3,3,False,9278,10770,,,,,unresolved_branch,,False
flu_like,4,1000,3,43985,2026-03-25,2,seq_36999504,83,1,5,4,True,3287,5315,36999504.0,3850.0,True,True,,,
flu_like,4,1000,3,44030,2026-03-25,2,seq_37067783,83,1,5,4,True,8076,10608,26364514.0,9969.0,True,True,,,
flu_like,4,1000,3,44314,2026-03-26,2,seq_37147769,84,8,11,3,True,8175,9428,24431299.0,8732.0,True,True,,,
flu_like,4,1000,3,44532,2026-03-26,2,seq_37309958,84,4,10,6,True,6516,9579,24455313.0,9190.0,True,True,,,
flu_like,4,1000,3,44573,2026-03-26,2,seq_37342611,84,3,6,3,True,3454,6022,37342611.0,4396.0,True,True,,,
flu_like,4,1000,3,44636,2026-03-26,2,seq_37404867,84,1,5,4,True,5680,7798,22659421.0,7101.0,True,True,,,
flu_like,4,1000,3,44649,2026-03-26,2,seq_37421424,84,6,9,3,True,6465,7630,10694134.0,6981.0,True,True,,,
flu_like,4,1000,3,44830,2026-03-26,2,seq_37574607,84,5,8,3,True,7143,7705,21957526.0,6991.0,True,False,,,
flu_like,4,1000,3,44905,2026-03-26,2,seq_37652457,84,2,5,3,True,6338,7705,37652457.0,6352.0,True,True,,,
flu_like,4,1000,3,44937,2026-03-26,2,seq_37685793,84,2,5,3,True,11417,11905,35874776.0,11523.0,True,True,,,
flu_like,4,1000,3,45130,2026-03-26,2,seq_37937835,84,6,10,4,True,1292,2434,34345391.0,2247.0,True,True,,,
flu_like,4,1000,3,45136,2026-03-26,2,seq_37942467,84,1,4,3,True,8698,8945,14544740.0,11262.0,True,False,,,
flu_like,4,1000,3,45608,2026-03-27,2,seq_38236025,85,3,6,3,True,4595,7649,2741482.0,5339.0,True,True,,,
flu_like,4,1000,3,45784,2026-03-27,2,seq_38389667,85,0,3,3,True,2435,7006,23872373.0,2778.0,True,True,,,
flu_like,4,1000,3,45889,2026-03-27,2,seq_38475408,85,3,7,4,True,5006,6319,32439613.0,5308.0,True,True,,,
flu_like,4,1000,3,46155,2026-03-27,2,seq_38778274,85,5,8,3,True,2847,5614,10021112.0,5308.0,True,True,,,
flu_like,4,1000,3,46189,2026-03-27,2,seq_38821801,85,3,6,3,True,2340,6446,13895176.0,5419.0,True,True,,,
flu_like,4,1000,3,46215,2026-03-27,2,seq_38854954,85,2,5,3,False,8615,11645,,,,,unresolved_branch,,False
flu_like,4,1000,3,46825,2026-03-28,2,seq_39277426,86,1,4,3,True,2847,6319,39277426.0,4624.0,True,True,,,
flu_like,4,1000,3,46924,2026-03-28,2,seq_39355202,86,4,7,3,False,5922,6074,,,,,unresolved_branch,,False
flu_like,4,1000,3,47021,2026-03-28,2,seq_39460743,86,2,5,3,False,7334,8096,,,,,unresolved_branch,,False
flu_like,4,1000,3,47105,2026-03-28,2,seq_39553400,86,7,10,3,True,3594,6319,7363793.0,3626.0,True,True,,,
flu_like,4,1000,3,47154,2026-03-28,2,seq_39610534,86,3,6,3,True,1709,2434,2560872.0,1870.0,True,True,,,
flu_like,4,1000,3,47257,2026-03-28,2,seq_39739579,86,8,11,3,False,1809,3377,,,,,unresolved_branch,,False
flu_like,4,1000,3,47348,2026-03-28,2,seq_39840468,86,2,5,3,False,6944,9916,,,,,unresolved_branch,,False
flu_like,4,1000,3,47359,2026-03-28,2,seq_39847643,86,6,10,4,True,8743,10898,21867626.0,8807.0,True,True,,,
flu_like,4,1000,3,47452,2026-03-28,2,seq_39951424,86,1,5,4,True,9237,9823,29480890.0,9242.0,True,True,,,
flu_like,4,1000,3,47577,2026-03-28,2,seq_40100843,86,5,9,4,True,3133,6943,37449295.0,4343.0,True,True,,,
flu_like,4,1000,3,47579,2026-03-28,2,seq_40101379,86,4,9,5,True,5420,6319,19730437.0,5481.0,True,True,,,
flu_like,4,1000,3,48019,2026-03-29,2,seq_40272850,87,3,7,4,True,5364,5685,3452857.0,5575.0,True,True,,,
flu_like,4,1000,3,48185,2026-03-29,2,seq_40423673,87,2,5,3,False,10678,11108,,,,,unresolved_branch,,False
flu_like,4,1000,3,48681,2026-03-29,2,seq_41000372,87,3,7,4,True,9569,11963,3580249.0,7875.0,True,False,,,
flu_like,4,1000,3,48711,2026-03-29,2,seq_41041908,87,1,4,3,True,8840,10955,67086.0,1062.0,False,False,,,
flu_like,4,1000,3,49050,2026-03-30,2,seq_41168658,88,2,5,3,True,7206,8329,39793388.0,7856.0,True,True,,,
flu_like,4,1000,3,49054,2026-03-30,2,seq_41174291,88,3,6,3,False,2135,2715,,,,,unresolved_branch,,False
flu_like,4,1000,3,49311,2026-03-30,2,seq_41432481,88,4,7,3,True,10701,11382,33353038.0,9385.0,True,False,,,
flu_like,4,1000,3,49483,2026-03-30,2,seq_41591506,88,4,7,3,False,10054,10796,,,,,unresolved_branch,,False
flu_like,4,1000,3,49485,2026-03-30,2,seq_41592542,88,2,5,3,False,8220,8605,,,,,unresolved_branch,,False
flu_like,4,1000,3,49606,2026-03-30,2,seq_41720220,88,3,6,3,True,8806,9895,26047178.0,9280.0,True,True,,,
flu_like,4,1000,3,49642,2026-03-30,2,seq_41754045,88,4,7,3,False,2115,6173,,,,,unresolved_branch,,False
flu_like,4,1000,3,49832,2026-03-30,2,seq_41974404,88,2,5,3,False,2785,5818,,,,,unresolved_branch,,False
flu_like,4,1000,3,49897,2026-03-30,2,seq_42049180,88,4,8,4,True,3564,5578,33864056.0,3892.0,True,True,,,
flu_like,4,1000,3,50266,2026-03-31,2,seq_42189725,89,4,7,3,True,3823,5202,859267.0,7966.0,True,False,,,
flu_like,4,1000,3,50303,2026-03-31,2,seq_42224403,89,4,7,3,True,7377,7825,18843317.0,7652.0,True,True,,,
flu_like,4,1000,3,50627,2026-03-31,2,seq_42514657,89,4,7,3,True,10663,11229,249644.0,3385.0,True,False,,,
flu_like,4,1000,3,50811,2026-03-31,2,seq_42714251,89,3,6,3,True,5482,10773,949281.0,6831.0,True,True,,,
flu_like,4,1000,3,50893,2026-03-31,2,seq_42810287,89,4,7,3,False,3647,5465,,,,,unresolved_branch,,False
flu_like,4,1000,3,50959,2026-03-31,2,seq_42880131,89,2,5,3,True,9841,11073,27271180.0,10456.0,True,True,,,
flu_like,4,1000,3,51138,2026-03-31,2,seq_43066955,89,8,11,3,True,5517,6758,18511933.0,5628.0,True,True,,,
flu_like,4,1000,3,51620,2026-04-01,2,seq_43251991,90,3,6,3,True,8560,9992,17820751.0,9414.0,True,True,,,
flu_like,4,1000,3,51688,2026-04-01,2,seq_43315460,90,5,8,3,True,2726,5848,36972850.0,3250.0,True,True,,,
flu_like,4,1000,3,52261,2026-04-01,2,seq_43952136,90,4,9,5,True,3550,3894,36624614.0,3752.0,True,True,,,
flu_like,4,1000,3,52732,2026-04-02,2,seq_44194191,91,6,9,3,False,4758,5728,,,,,unresolved_branch,,False
flu_like,4,1000,3,52961,2026-04-02,2,seq_44363977,91,2,6,4,True,3533,4594,16722636.0,7514.0,True,False,,,
flu_like,4,1000,3,52966,2026-04-02,2,seq_44367036,91,2,5,3,True,2266,2996,33298010.0,2900.0,True,True,,,
flu_like,4,1000,3,53159,2026-04-02,2,seq_44592057,91,6,10,4,True,10503,10817,21845579.0,10748.0,True,True,,,
flu_like,4,1000,3,53232,2026-04-02,2,seq_44675329,91,6,10,4,True,8324,11440,2952163.0,11277.0,True,True,,,
flu_like,4,1000,3,53267,2026-04-02,2,seq_44715798,91,2,5,3,True,5819,6943,31958750.0,5832.0,True,True,,,
flu_like,4,1000,3,53401,2026-04-02,2,seq_44866293,91,2,5,3,True,3594,4077,19175072.0,2000.0,True,False,,,
flu_like,4,1000,3,53475,2026-04-02,2,seq_44951855,91,7,10,3,True,5647,5829,39620509.0,7122.0,True,False,,,
flu_like,4,1000,3,53544,2026-04-02,2,seq_45044408,91,4,8,4,True,7518,8427,38075421.0,6049.0,True,False,,,
flu_like,4,1000,3,53995,2026-04-03,2,seq_45212873,92,7,10,3,True,4973,7705,19765751.0,6406.0,True,True,,,
flu_like,4,1000,3,54153,2026-04-03,2,seq_45337804,92,4,7,3,True,8419,8745,34895837.0,8431.0,True,True,,,
flu_like,4,1000,3,54212,2026-04-03,2,seq_45396350,92,4,7,3,True,7706,8180,27401179.0,8734.0,True,False,,,
flu_like,4,1000,3,54252,2026-04-03,2,seq_45428491,92,4,8,4,True,7110,8629,31125069.0,7252.0,True,True,,,
flu_like,4,1000,3,54344,2026-04-03,2,seq_45511738,92,7,10,3,True,9847,9899,15885833.0,10751.0,True,False,,,
flu_like,4,1000,3,54437,2026-04-03,2,seq_45627100,92,3,7,4,True,1709,2846,518004.0,2145.0,True,True,,,
flu_like,4,1000,3,54625,2026-04-03,2,seq_45862030,92,6,9,3,False,7410,9523,,,,,unresolved_branch,,False
flu_like,4,1000,3,54659,2026-04-03,2,seq_45890835,92,5,10,5,True,3550,4768,31519649.0,4166.0,True,True,,,
flu_like,4,1000,3,54661,2026-04-03,2,seq_45891246,92,5,8,3,True,7706,9727,42314349.0,8612.0,True,True,,,
flu_like,4,1000,3,54784,2026-04-03,2,seq_46041861,92,1,5,4,True,7706,11461,31884272.0,11328.0,True,True,,,
flu_like,4,1000,3,54799,2026-04-03,2,seq_46055992,92,3,7,4,True,6530,7806,28659976.0,5863.0,True,False,,,
flu_like,4,1000,3,54828,2026-04-03,2,seq_46097015,92,8,12,4,True,3594,9786,32587617.0,5925.0,True,True,,,
flu_like,4,1000,3,54854,2026-04-03,2,seq_46125330,92,5,9,4,True,8536,11073,19126463.0,9268.0,True,True,,,
flu_like,4,1000,3,55182,2026-04-04,2,seq_46180032,93,1,4,3,False,7150,8914,,,,,unresolved_branch,,False
flu_like,4,1000,3,55184,2026-04-04,2,seq_46181327,93,2,5,3,False,8158,8422,,,,,unresolved_branch,,False
flu_like,4,1000,3,55243,2026-04-04,2,seq_46227169,93,6,9,3,True,3354,3581,6833419.0,3460.0,True,True,,,
flu_like,4,1000,3,55268,2026-04-04,2,seq_46235092,93,5,8,3,True,10477,11963,28571725.0,11781.0,True,True,,,
flu_like,4,1000,3,55549,2026-04-04,2,seq_46517948 seq_46578388,93,1,3,2,False,7831,8673,,,,,relative_recombinant,7910.0,True
flu_like,4,1000,3,55818,2026-04-04,2,seq_46781679,93,3,6,3,False,5510,5730,,,,,unresolved_branch,,False
flu_like,4,1000,3,55820,2026-04-04,2,seq_46785802,93,4,7,3,True,9891,11963,28359097.0,11649.0,True,True,,,
flu_like,4,1000,3,55936,2026-04-04,2,seq_46929359,93,3,7,4,False,4931,5586,,,,,relative_recombinant,4414.0,False
flu_like,4,1000,3,55986,2026-04-04,2,seq_46982942,93,3,12,9,True,3533,5356,22427799.0,4738.0,True,True,,,
flu_like,4,1000,3,56070,2026-04-04,2,seq_47102414,93,1,5,4,True,6861,6943,34282755.0,6900.0,True,True,,,
flu_like,4,1000,3,56377,2026-04-05,2,seq_47146146,94,5,8,3,False,5538,5797,,,,,unresolved_branch,,False
flu_like,4,1000,3,56423,2026-04-05,2,seq_47188893,94,3,6,3,True,7706,11798,27921698.0,9533.0,True,True,,,
flu_like,4,1000,3,56425,2026-04-05,2,seq_47189615,94,5,8,3,True,3533,6943,38129931.0,3559.0,True,True,,,
flu_like,4,1000,3,56468,2026-04-05,3,seq_47229896,94,5,11,6,True,2164,3839,17614678.0,2214.0,True,True,,,
flu_like,4,1000,3,56716,2026-04-05,2,seq_47416659,94,5,8,3,True,8107,10317,37577413.0,9562.0,True,True,,,
flu_like,4,1000,3,56813,2026-04-05,2,seq_47521458,94,6,10,4,True,6944,7677,30176760.0,7568.0,True,True,,,
flu_like,4,1000,3,56823,2026-04-05,2,seq_47528485,94,2,5,3,False,3302,5516,,,,,unresolved_branch,,False
flu_like,4,1000,3,56979,2026-04-05,2,seq_47693827,94,3,6,3,True,6320,6967,32931855.0,6370.0,True,True,,,
flu_like,4,1000,3,57244,2026-04-05,2,seq_48011406,94,3,7,4,True,4394,4949,17965078.0,4461.0,True,True,,,
flu_like,4,1000,3,57267,2026-04-05,2,seq_48043624,94,2,7,5,True,7769,10785,43242271.0,9822.0,True,True,,,
flu_like,4,1000,3,57909,2026-04-06,2,seq_48423518,95,3,6,3,False,2263,2566,,,,,unresolved_branch,,False
flu_like,4,1000,3,57917,2026-04-06,2,seq_48428042,95,4,7,3,True,7349,9715,28872852.0,9552.0,True,True,,,
flu_like,4,1000,3,58032,2026-04-06,2,seq_48540562,95,3,6,3,True,8021,9637,6140776.0,9018.0,True,True,,,
flu_like,4,1000,3,58179,2026-04-06,2,seq_48702522,95,3,6,3,True,7706,9821,27098724.0,7917.0,True,True,,,
flu_like,4,1000,3,58200,2026-04-06,2,seq_48727986,95,5,8,3,True,8874,9914,36929677.0,9516.0,True,True,,,
flu_like,4,1000,3,58268,2026-04-06,2,seq_48800073,95,4,7,3,True,4092,7764,28861421.0,3824.0,True,False,,,
flu_like,4,1000,3,59175,2026-04-07,2,seq_49443840,96,5,8,3,True,2847,5981,3472548.0,4233.0,True,True,,,
flu_like,4,1000,3,59195,2026-04-07,2,seq_49460654,96,6,9,3,True,7706,10424,17776341.0,10458.0,True,False,,,
flu_like,4,1000,3,59217,2026-04-07,2,seq_49482390,96,4,7,3,False,10407,10610,,,,,unresolved_branch,,False
flu_like,4,1000,3,59292,2026-04-07,2,seq_49569298,96,4,7,3,False,1778,4005,,,,,unresolved_branch,,False
flu_like,4,1000,3,59361,2026-04-07,2,seq_49638156,96,5,8,3,False,3835,5821,,,,,unresolved_branch,,False
flu_like,4,1000,3,59418,2026-04-07,2,seq_49713081,96,0,3,3,True,4706,5537,27380954.0,4087.0,True,False,,,
flu_like,4,1000,3,59487,2026-04-07,2,seq_49791615,96,0,5,5,False,8477,8621,,,,,unresolved_branch,,False
flu_like,4,1000,3,59513,2026-04-07,2,seq_49827200,96,4,7,3,False,5771,5948,,,,,unresolved_branch,,False
flu_like,4,1000,3,59536,2026-04-07,2,seq_49851515,96,5,8,3,False,4163,5426,,,,,unresolved_branch,,False
flu_like,4,1000,3,59542,2026-04-07,2,seq_49857251,96,2,5,3,True,2994,5249,35963103.0,4501.0,True,True,,,
flu_like,4,1000,3,59639,2026-04-07,2,seq_49960389 seq_50039132,96,7,9,2,True,3051,7705,15788745.0,6021.0,True,True,,,
flu_like,4,1000,3,59694,2026-04-07,2,seq_50025586,96,2,7,5,True,6165,7188,16436048.0,6475.0,True,True,,,
flu_like,4,1000,3,60148,2026-04-08,2,seq_50201584,97,0,3,3,False,1989,2433,,,,,unresolved_branch,,False
flu_like,4,1000,3,60193,2026-04-08,2,seq_50231462,97,5,9,4,False,5259,5791,,,,,unresolved_branch,,False
flu_like,4,1000,3,60209,2026-04-08,2,seq_50262436,97,2,5,3,True,3230,4272,9183768.0,3604.0,True,True,,,
flu_like,4,1000,3,60614,2026-04-08,2,seq_50662031,97,6,9,3,True,5232,5384,11498286.0,4966.0,True,False,,,
flu_like,4,1000,3,60647,2026-04-08,2,seq_50700894,97,5,8,3,True,5204,8589,41026046.0,5578.0,True,True,,,
flu_like,4,1000,3,60662,2026-04-08,2,seq_50711634,97,4,8,4,False,5520,7411,,,,,unresolved_branch,,False
flu_like,4,1000,3,60681,2026-04-08,2,seq_50737358,97,0,3,3,False,4952,5383,,,,,unresolved_branch,,False
flu_like,4,1000,3,60866,2026-04-08,2,seq_50962604,97,0,3,3,True,943,1754,46354848.0,1289.0,True,True,,,
flu_like,4,1000,3,60973,2026-04-08,2,seq_51083884,97,2,6,4,True,7706,9893,31505572.0,9076.0,True,True,,,
flu_like,4,1000,3,61340,2026-04-09,2,seq_51160270,98,2,5,3,False,2726,3532,,,,,unresolved_branch,,False
flu_like,4,1000,3,61342,2026-04-09,2,seq_51162477,98,0,6,6,True,8068,9951,44718295.0,9129.0,True,True,,,
flu_like,4,1000,3,61349,2026-04-09,2,seq_51168922,98,6,9,3,True,6717,7622,45196927.0,4476.0,True,False,,,
flu_like,4,1000,3,61407,2026-04-09,2,seq_51214164,98,2,5,3,False,6300,7349,,,,,unresolved_branch,,False
flu_like,4,1000,3,61410,2026-04-09,2,seq_51218514,98,4,7,3,True,6501,7364,29743115.0,6986.0,True,True,,,
flu_like,4,1000,3,61459,2026-04-09,2,seq_51262927,98,3,6,3,True,7706,10163,45390496.0,9370.0,True,True,,,
flu_like,4,1000,3,61498,2026-04-09,2,seq_51286485,98,6,9,3,True,7706,11963,22488305.0,11655.0,True,True,,,
flu_like,4,1000,3,61582,2026-04-09,2,seq_51359903,98,2,5,3,True,7831,11433,32760752.0,9314.0,True,True,,,
flu_like,4,1000,3,61654,2026-04-09,2,seq_51425098,98,0,4,4,True,4110,5074,49509817.0,4323.0,True,True,,,
flu_like,4,1000,3,61860,2026-04-09,2,seq_51630780,98,5,8,3,True,3550,6606,27135243.0,4030.0,True,True,,,
flu_like,4,1000,3,61911,2026-04-09,2,seq_51681773,98,2,5,3,False,4211,5158,,,,,unresolved_branch,,False
flu_like,4,1000,3,61981,2026-04-09,2,seq_51753190,98,2,5,3,False,9470,11473,,,,,unresolved_branch,,False
flu_like,4,1000,3,62180,2026-04-09,2,seq_51983093,98,3,6,3,True,6286,7064,51983093.0,6652.0,True,True,,,
flu_like,4,1000,3,62189,2026-04-09,2,seq_51991051,98,2,5,3,False,5843,8094,,,,,unresolved_branch,,False
flu_like,4,1000,3,62199,2026-04-09,2,seq_52001144,98,9,12,3,True,4973,7705,2154425.0,5772.0,True,True,,,
flu_like,4,1000,3,62300,2026-04-09,2,seq_52142115,98,6,10,4,True,2435,5119,47054078.0,4904.0,True,True,,,
flu_like,4,1000,3,62600,2026-04-10,2,seq_52168398,99,3,6,3,True,10239,10608,5347692.0,7541.0,True,False,,,
flu_like,4,1000,3,62602,2026-04-10,2,seq_52169225,99,4,8,4,True,1709,2846,24786941.0,2314.0,True,True,,,
flu_like,4,1000,3,62618,2026-04-10,2,seq_52181951,99,5,11,6,True,3336,5618,27175763.0,4152.0,True,True,,,
flu_like,4,1000,3,62640,2026-04-10,2,seq_52202757,99,2,5,3,True,3378,5139,46645545.0,4174.0,True,True,,,
flu_like,4,1000,3,62801,2026-04-10,2,seq_52325394,99,2,6,4,True,10463,11658,44847293.0,5611.0,True,False,,,
flu_like,4,1000,3,62948,2026-04-10,2,seq_52454139,99,4,7,3,True,4816,5256,30257851.0,4926.0,True,True,,,
flu_like,4,1000,3,62969,2026-04-10,2,seq_52472652,99,6,9,3,False,5041,5242,,,,,unresolved_branch,,False
flu_like,4,1000,3,62987,2026-04-10,2,seq_52489420,99,0,3,3,False,4370,6389,,,,,unresolved_branch,,False
flu_like,4,1000,3,62989,2026-04-10,2,seq_52489839,99,1,4,3,False,9669,11158,,,,,unresolved_branch,,False
flu_like,4,1000,3,63031,2026-04-10,2,seq_52537869,99,1,4,3,True,2234,5166,42224340.0,2252.0,True,True,,,
flu_like,4,1000,3,63033,2026-04-10,2,seq_52542130,99,7,13,6,True,7706,8174,34377709.0,7762.0,True,True,,,
flu_like,4,1000,3,63113,2026-04-10,2,seq_52637344,99,2,6,4,True,8427,8474,21765870.0,10739.0,True,False,,,
flu_like,4,1000,3,63222,2026-04-10,2,seq_52753978,99,4,7,3,True,8031,8182,44627350.0,9046.0,True,False,,,
flu_like,4,1000,3,63319,2026-04-10,2,seq_52873251,99,5,8,3,False,3201,6595,,,,,unresolved_branch,,False
flu_like,4,1000,3,63382,2026-04-10,2,seq_52960751,99,3,6,3,True,11132,11963,32259499.0,11883.0,True,True,,,
flu_like,4,1000,3,63385,2026-04-10,2,seq_52963423,99,3,6,3,True,3682,5528,42578783.0,4930.0,True,True,,,
flu_like,4,1000,3,63971,2026-04-11,2,seq_53239517,100,1,6,5,True,5888,8576,38353641.0,6467.0,True,True,,,
flu_like,4,1000,3,64018,2026-04-11,2,seq_53287625,100,3,6,3,True,7831,9428,17749911.0,8030.0,True,True,,,
flu_like,4,1000,3,64042,2026-04-11,2,seq_53309759,100,2,5,3,False,739,3549,,,,,unresolved_branch,,False
flu_like,4,1000,3,64366,2026-04-11,2,seq_53639654,100,4,9,5,True,7706,9758,18638190.0,9590.0,True,True,,,
flu_like,4,1000,3,64376,2026-04-11,2,seq_53648479,100,3,6,3,False,2930,4845,,,,,unresolved_branch,,False
flu_like,4,1000,3,64471,2026-04-11,2,seq_53771197,100,4,9,5,True,9552,10097,48749811.0,9658.0,True,True,,,
flu_like,4,1000,3,64495,2026-04-11,2,seq_53796657,100,5,9,4,True,9005,9399,8843282.0,7454.0,True,False,,,
flu_like,4,1000,3,64499,2026-04-11,2,seq_53797367,100,4,7,3,False,9779,9877,,,,,unresolved_branch,,False
flu_like,4,1000,3,64566,2026-04-11,2,seq_53864095,100,6,12,6,True,2536,5122,49420351.0,4536.0,True,True,,,
flu_like,4,1000,3,64628,2026-04-11,2,seq_53934318,100,4,8,4,False,9186,9579,,,,,relative_recombinant,9190.0,True
flu_like,4,1000,3,64772,2026-04-11,2,seq_54112726,100,4,7,3,True,5061,6358,52188907.0,7506.0,True,False,,,
flu_like,4,1000,4,3682,2026-02-09,2,seq_154866,39,0,4,4,True,3378,7685,37566.0,4542.0,True,True,,,
flu_like,4,1000,4,9263,2026-02-19,2,seq_2430973,49,4,8,4,True,8897,9338,580511.0,7012.0,True,False,,,
flu_like,4,1000,4,16033,2026-02-27,2,seq_10455858,57,3,7,4,True,3519,11073,5072591.0,8073.0,True,True,,,
flu_like,4,1000,4,17551,2026-03-01,2,seq_12181292,59,0,4,4,True,5031,7622,607096.0,5682.0,True,True,,,
flu_like,4,1000,4,23846,2026-03-07,2,seq_18568906,65,1,5,4,True,5997,7705,17063182.0,6415.0,True,True,,,
flu_like,4,1000,4,24674,2026-03-08,2,seq_19347764,66,4,8,4,True,2148,7252,8701212.0,4836.0,True,True,,,
flu_like,4,1000,4,26707,2026-03-10,2,seq_21293643,68,1,5,4,True,7831,9428,8358245.0,9115.0,True,True,,,
flu_like,4,1000,4,27225,2026-03-10,2,seq_21925383,68,2,6,4,True,3378,6423,8865647.0,4804.0,True,True,,,
flu_like,4,1000,4,28318,2026-03-11,2,seq_22989599,69,3,7,4,True,8276,10111,21469111.0,9181.0,True,True,,,
flu_like,4,1000,4,30084,2026-03-13,2,seq_24526825,71,2,6,4,True,4865,7705,13597571.0,7421.0,True,True,,,
flu_like,4,1000,4,30260,2026-03-13,2,seq_24754550,71,2,6,4,True,2435,6319,11602505.0,2662.0,True,True,,,
flu_like,4,1000,4,33098,2026-03-16,2,seq_27238176,74,2,6,4,True,7325,9304,17025636.0,7417.0,True,True,,,
flu_like,4,1000,4,34762,2026-03-17,2,seq_28815425,75,1,5,4,True,7831,11747,25113684.0,10780.0,True,True,,,
flu_like,4,1000,4,36008,2026-03-18,2,seq_30016594,76,4,8,4,True,7706,9383,10542180.0,8262.0,True,True,,,
flu_like,4,1000,4,37038,2026-03-19,2,seq_30922367,77,3,8,5,True,3533,6319,20589893.0,4020.0,True,True,,,
flu_like,4,1000,4,39003,2026-03-21,2,seq_32581867,79,5,9,4,True,3372,4419,14967602.0,4229.0,True,True,,,
flu_like,4,1000,4,39194,2026-03-21,2,seq_32808635,79,6,10,4,True,6336,6860,27919494.0,6599.0,True,True,,,
flu_like,4,1000,4,40021,2026-03-22,2,seq_33454076,80,5,9,4,True,7143,7705,30850973.0,7315.0,True,True,,,
flu_like,4,1000,4,41533,2026-03-23,2,seq_34902324,81,2,6,4,True,2666,4636,12268213.0,3532.0,True,True,,,
flu_like,4,1000,4,42619,2026-03-24,2,seq_35791441,82,2,6,4,True,3550,5153,29911195.0,3606.0,True,True,,,
flu_like,4,1000,4,42798,2026-03-24,2,seq_36027582,82,1,6,5,True,3403,4801,22457860.0,4445.0,True,True,,,
flu_like,4,1000,4,43932,2026-03-25,2,seq_36999504,83,1,5,4,True,3287,5315,36999504.0,3850.0,True,True,,,
flu_like,4,1000,4,43977,2026-03-25,2,seq_37067783,83,1,5,4,True,8076,10608,26364514.0,9969.0,True,True,,,
flu_like,4,1000,4,44483,2026-03-26,2,seq_37309958,84,4,10,6,True,6516,9579,24455313.0,9190.0,True,True,,,
flu_like,4,1000,4,44586,2026-03-26,2,seq_37404867,84,1,5,4,True,5680,7798,22659421.0,7101.0,True,True,,,
flu_like,4,1000,4,45076,2026-03-26,2,seq_37937835,84,6,10,4,True,1292,2434,34345391.0,2247.0,True,True,,,
flu_like,4,1000,4,45836,2026-03-27,2,seq_38475408,85,3,7,4,True,5006,6319,32439613.0,5308.0,True,True,,,
flu_like,4,1000,4,47297,2026-03-28,2,seq_39847643,86,6,10,4,True,8743,10898,21867626.0,8807.0,True,True,,,
flu_like,4,1000,4,47389,2026-03-28,2,seq_39951424,86,1,5,4,True,9237,9823,29480890.0,9242.0,True,True,,,
flu_like,4,1000,4,47514,2026-03-28,2,seq_40100843,86,5,9,4,True,3133,6943,37449295.0,4343.0,True,True,,,
flu_like,4,1000,4,47516,2026-03-28,2,seq_40101379,86,4,9,5,True,5420,6319,19730437.0,5481.0,True,True,,,
flu_like,4,1000,4,47957,2026-03-29,2,seq_40272850,87,3,7,4,True,5364,5685,3452857.0,5575.0,True,True,,,
flu_like,4,1000,4,48618,2026-03-29,2,seq_41000372,87,3,7,4,True,11613,11963,3580249.0,7875.0,True,False,,,
flu_like,4,1000,4,49825,2026-03-30,2,seq_42049180,88,4,8,4,True,3564,5578,33864056.0,3892.0,True,True,,,
flu_like,4,1000,4,52189,2026-04-01,2,seq_43952136,90,4,9,5,True,3550,3894,36624614.0,3752.0,True,True,,,
flu_like,4,1000,4,52890,2026-04-02,2,seq_44363977,91,2,6,4,True,3533,4594,16722636.0,7514.0,True,False,,,
flu_like,4,1000,4,53087,2026-04-02,2,seq_44592057,91,6,10,4,True,10503,10817,21845579.0,10748.0,True,True,,,
flu_like,4,1000,4,53160,2026-04-02,2,seq_44675329,91,6,10,4,True,8324,11440,2952163.0,11277.0,True,True,,,
flu_like,4,1000,4,53469,2026-04-02,2,seq_45044408,91,4,8,4,True,7518,8427,38075421.0,6049.0,True,False,,,
flu_like,4,1000,4,54177,2026-04-03,2,seq_45428491,92,4,8,4,True,7110,8629,31125069.0,7252.0,True,True,,,
flu_like,4,1000,4,54360,2026-04-03,2,seq_45627100,92,3,7,4,True,1709,2846,518004.0,2145.0,True,True,,,
flu_like,4,1000,4,54581,2026-04-03,2,seq_45890835,92,5,10,5,True,3550,4768,31519649.0,4166.0,True,True,,,
flu_like,4,1000,4,54704,2026-04-03,2,seq_46041861,92,1,5,4,True,7706,11461,31884272.0,11328.0,True,True,,,
flu_like,4,1000,4,54719,2026-04-03,2,seq_46055992,92,3,7,4,True,6530,7806,28659976.0,5863.0,True,False,,,
flu_like,4,1000,4,54748,2026-04-03,2,seq_46097015,92,8,12,4,True,3594,9786,32587617.0,5925.0,True,True,,,
flu_like,4,1000,4,54774,2026-04-03,2,seq_46125330,92,5,9,4,True,8536,11073,19126463.0,9268.0,True,True,,,
flu_like,4,1000,4,55851,2026-04-04,2,seq_46929359,93,3,7,4,False,4931,5586,,,,,relative_recombinant,4414.0,False
flu_like,4,1000,4,55901,2026-04-04,2,seq_46982942,93,3,12,9,True,3533,5356,22427799.0,4738.0,True,True,,,
flu_like,4,1000,4,55986,2026-04-04,2,seq_47102414,93,1,5,4,True,6861,6943,34282755.0,6900.0,True,True,,,
flu_like,4,1000,4,56727,2026-04-05,2,seq_47521458,94,6,10,4,True,6944,7677,30176760.0,7568.0,True,True,,,
flu_like,4,1000,4,57156,2026-04-05,2,seq_48011406,94,3,7,4,True,4394,4949,17965078.0,4461.0,True,True,,,
flu_like,4,1000,4,57179,2026-04-05,2,seq_48043624,94,2,7,5,True,7769,10785,43242271.0,9822.0,True,True,,,
flu_like,4,1000,4,59392,2026-04-07,2,seq_49791615,96,0,5,5,False,8477,8621,,,,,unresolved_branch,,False
flu_like,4,1000,4,59596,2026-04-07,2,seq_50025586,96,2,7,5,True,6165,7188,16436048.0,6475.0,True,True,,,
flu_like,4,1000,4,60100,2026-04-08,2,seq_50231462,97,5,9,4,False,5259,5791,,,,,unresolved_branch,,False
flu_like,4,1000,4,60563,2026-04-08,2,seq_50711634,97,4,8,4,False,5520,7411,,,,,unresolved_branch,,False
flu_like,4,1000,4,60873,2026-04-08,2,seq_51083884,97,2,6,4,True,7706,9893,31505572.0,9076.0,True,True,,,
flu_like,4,1000,4,61244,2026-04-09,2,seq_51162477,98,0,6,6,True,8068,9951,44718295.0,9129.0,True,True,,,
flu_like,4,1000,4,61552,2026-04-09,2,seq_51425098,98,0,4,4,True,4110,5074,49509817.0,4323.0,True,True,,,
flu_like,4,1000,4,62190,2026-04-09,2,seq_52142115,98,6,10,4,True,2435,5119,47054078.0,4904.0,True,True,,,
flu_like,4,1000,4,62502,2026-04-10,2,seq_52169225,99,4,8,4,True,1709,2846,24786941.0,2314.0,True,True,,,
flu_like,4,1000,4,62518,2026-04-10,2,seq_52181951,99,5,11,6,True,3336,5618,27175763.0,4152.0,True,True,,,
flu_like,4,1000,4,62930,2026-04-10,2,seq_52542130,99,7,13,6,True,7706,8174,34377709.0,7762.0,True,True,,,
flu_like,4,1000,4,63010,2026-04-10,2,seq_52637344,99,2,6,4,True,8427,8474,21765870.0,10739.0,True,False,,,
flu_like,4,1000,4,63870,2026-04-11,2,seq_53239517,100,1,6,5,True,5888,8576,38353641.0,6467.0,True,True,,,
flu_like,4,1000,4,64263,2026-04-11,2,seq_53639654,100,4,9,5,True,7706,9758,18638190.0,9590.0,True,True,,,
flu_like,4,1000,4,64368,2026-04-11,2,seq_53771197,100,4,9,5,True,9552,10097,48749811.0,9658.0,True,True,,,
flu_like,4,1000,4,64392,2026-04-11,2,seq_53796657,100,5,9,4,True,9005,9399,8843282.0,7454.0,True,False,,,
flu_like,4,1000,4,64461,2026-04-11,2,seq_53864095,100,6,12,6,True,2536,5122,49420351.0,4536.0,True,True,,,
flu_like,4,1000,4,64523,2026-04-11,2,seq_53934318,100,4,8,4,False,9186,9579,,,,,relative_recombinant,9190.0,True
flu_like,4,1000,5,37027,2026-03-19,2,seq_30922367,77,3,8,5,True,3533,6319,20589893.0,4020.0,True,True,,,
flu_like,4,1000,5,42783,2026-03-24,2,seq_36027582,82,1,6,5,True,3403,4801,22457860.0,4445.0,True,True,,,
flu_like,4,1000,5,44468,2026-03-26,2,seq_37309958,84,4,10,6,True,6516,9579,24455313.0,9190.0,True,True,,,
flu_like,4,1000,5,47497,2026-03-28,2,seq_40101379,86,4,9,5,True,5420,6319,19730437.0,5481.0,True,True,,,
flu_like,4,1000,5,52170,2026-04-01,2,seq_43952136,90,4,9,5,True,3550,3894,36624614.0,3752.0,True,True,,,
flu_like,4,1000,5,54562,2026-04-03,2,seq_45890835,92,5,10,5,True,3550,4768,31519649.0,4166.0,True,True,,,
flu_like,4,1000,5,55875,2026-04-04,2,seq_46982942,93,3,11,8,True,3533,5356,22427799.0,4738.0,True,True,,,
flu_like,4,1000,5,57152,2026-04-05,2,seq_48043624,94,2,7,5,True,7769,10785,43242271.0,9822.0,True,True,,,
flu_like,4,1000,5,59367,2026-04-07,2,seq_49791615,96,0,5,5,False,8477,8621,,,,,unresolved_branch,,False
flu_like,4,1000,5,59571,2026-04-07,2,seq_50025586,96,2,7,5,True,6165,7188,16436048.0,6475.0,True,True,,,
flu_like,4,1000,5,61217,2026-04-09,2,seq_51162477,98,0,6,6,True,8068,9951,44718295.0,9129.0,True,True,,,
flu_like,4,1000,5,62489,2026-04-10,2,seq_52181951,99,5,11,6,True,3336,5618,27175763.0,4152.0,True,True,,,
flu_like,4,1000,5,62901,2026-04-10,2,seq_52542130,99,7,13,6,True,7706,8174,34377709.0,7762.0,True,True,,,
flu_like,4,1000,5,63840,2026-04-11,2,seq_53239517,100,1,6,5,True,5888,8576,38353641.0,6467.0,True,True,,,
flu_like,4,1000,5,64233,2026-04-11,2,seq_53639654,100,4,9,5,True,7706,9758,18638190.0,9590.0,True,True,,,
flu_like,4,1000,5,64338,2026-04-11,2,seq_53771197,100,4,9,5,True,9552,10097,48749811.0,9658.0,True,True,,,
flu_like,4,1000,5,64430,2026-04-11,2,seq_53864095,100,6,12,6,True,2536,5122,49420351.0,4536.0,True,True,,,
