strain,k,type,cross,num_parents,detected,num_mutations,hmm_cost,parents,parent_left_scorpio,parent_right_scorpio,parent_num_samples,interval_left,interval_right,interval_width,breakpoint_in_interval,net_min_supporting_loci_lft,net_min_supporting_loci_rgt,net_min_supporting_loci_lft_rgt_ge_4,mutation_multiplier,left_parent,right_parent,left_lineage,right_lineage,left_pango,right_pango,parent_pangonet_distance,breakpoint,num_informative_left,num_informative_right,detectable_window,num_missing,num_added_mutations,num_added_mutations_arg
ERR5964358,3,control,,1,False,0,0,266274,Alpha,Alpha,13,,,,,,,,0,,,Alpha,Alpha,B.1.1.7,B.1.1.7,-1,-1,-1,-1,-1,0,0,0
ERR5964797,3,control,,1,False,0,0,279663,Alpha,Alpha,3,,,,,,,,0,,,Alpha,Alpha,B.1.1.7,B.1.1.7,-1,-1,-1,-1,-1,0,0,0
ERR5964828,3,control,,1,False,0,0,285833,Delta,Delta,1,,,,,,,,0,,,Delta,Delta,AY.4,AY.4,-1,-1,-1,-1,-1,0,0,0
ERR5964873,3,control,,1,False,1,1,254293,Alpha,Alpha,25,,,,,,,,0,,,Alpha,Alpha,B.1.1.7,B.1.1.7,-1,-1,-1,-1,-1,0,0,0
ERR5964976,3,control,,1,False,0,0,226527,Alpha,Alpha,12,,,,,,,,0,,,Alpha,Alpha,B.1.1.7,B.1.1.7,-1,-1,-1,-1,-1,0,0,0
ERR5965017,3,control,,1,False,0,0,286027,Alpha,Alpha,1,,,,,,,,0,,,Alpha,Alpha,B.1.1.7,B.1.1.7,-1,-1,-1,-1,-1,0,0,0
ERR5965025,3,control,,1,False,2,2,281125,Alpha,Alpha,2,,,,,,,,0,,,Alpha,Alpha,B.1.1.7,B.1.1.7,-1,-1,-1,-1,-1,0,0,0
ERR5965069,3,control,,1,False,0,0,197849,Delta,Delta,316,,,,,,,,0,,,Delta,Delta,AY.4,AY.4,-1,-1,-1,-1,-1,125,0,0
ERR5965215,3,control,,1,False,0,0,291780,Delta,Delta,1,,,,,,,,0,,,Delta,Delta,AY.4,AY.4,-1,-1,-1,-1,-1,272,0,0
ERR5965471,3,control,,1,False,0,0,292269,Alpha,Alpha,1,,,,,,,,0,,,Alpha,Alpha,B.1.1.7,B.1.1.7,-1,-1,-1,-1,-1,0,0,0
ERR5965479,3,control,,1,False,0,0,288749,Alpha,Alpha,1,,,,,,,,0,,,Alpha,Alpha,B.1.1.7,B.1.1.7,-1,-1,-1,-1,-1,0,0,0
ERR5965481,3,control,,1,False,1,1,286001,Alpha,Alpha,1,,,,,,,,0,,,Alpha,Alpha,B.1.1.7,B.1.1.7,-1,-1,-1,-1,-1,0,0,0
ERR5965510,3,control,,1,False,0,0,259258,Alpha,Alpha,3,,,,,,,,0,,,Alpha,Alpha,B.1.1.7,B.1.1.7,-1,-1,-1,-1,-1,0,0,0
ERR5965520,3,control,,1,False,1,1,291798,Delta,Delta,1,,,,,,,,0,,,Delta,Delta,AY.4,AY.4,-1,-1,-1,-1,-1,0,0,0
ERR5965521,3,control,,1,False,0,0,197849,Delta,Delta,316,,,,,,,,0,,,Delta,Delta,AY.4,AY.4,-1,-1,-1,-1,-1,0,0,0
ERR5965559,3,control,,1,False,0,0,286001,Alpha,Alpha,1,,,,,,,,0,,,Alpha,Alpha,B.1.1.7,B.1.1.7,-1,-1,-1,-1,-1,0,0,0
ERR5965573,3,control,,1,False,0,0,288594,Delta,Delta,1,,,,,,,,0,,,Delta,Delta,AY.4,AY.4,-1,-1,-1,-1,-1,0,0,0
ERR5965638,3,control,,1,False,2,2,175408,Delta,Delta,593,,,,,,,,0,,,Delta,Delta,AY.4,AY.4,-1,-1,-1,-1,-1,0,0,0
ERR5965670,3,control,,1,False,0,0,197849,Delta,Delta,316,,,,,,,,0,,,Delta,Delta,AY.4,AY.4,-1,-1,-1,-1,-1,0,0,0
ERR5965672,3,control,,1,False,0,0,276999,Delta,Delta,7,,,,,,,,0,,,Delta,Delta,AY.4,AY.4,-1,-1,-1,-1,-1,0,0,0
ERR5965697,3,control,,1,False,0,0,291898,Delta,Delta,3,,,,,,,,0,,,Delta,Delta,AY.4,AY.4,-1,-1,-1,-1,-1,0,0,0
ERR5966276,3,control,,1,False,0,0,273086,Alpha,Alpha,2,,,,,,,,0,,,Alpha,Alpha,B.1.1.7,B.1.1.7,-1,-1,-1,-1,-1,0,0,0
ERR5990266,3,control,,1,False,0,0,291181,Alpha,Alpha,2,,,,,,,,0,,,Alpha,Alpha,B.1.1.7,B.1.1.7,-1,-1,-1,-1,-1,149,0,0
ERR5996078,3,control,,1,False,0,0,288679,Delta,Delta,2,,,,,,,,0,,,Delta,Delta,B.1.617.2,B.1.617.2,-1,-1,-1,-1,-1,0,0,0
ERR6059393,3,control,,1,False,1,1,278537,Alpha,Alpha,8,,,,,,,,0,,,Alpha,Alpha,B.1.1.7,B.1.1.7,-1,-1,-1,-1,-1,123,0,0
rec_00025,3,recombinant,AlphaxAlpha,1,False,2,2,73890,Alpha,Alpha,4991,,,,,,,,0,ERR5996015,ERR5965071,Alpha,Alpha,B.1.1.7,B.1.1.7,0,25790,7,3,25657,0,0,0
rec_00026,3,recombinant,AlphaxAlpha,1,False,2,2,147296,Alpha,Alpha,101,,,,,,,,0,ERR5966786,ERR5996015,Alpha,Alpha,B.1.1.7,B.1.1.7,0,10981,3,7,27818,0,0,0
rec_00027,3,recombinant,AlphaxAlpha,2,True,0,3,226723|147296,Alpha,Alpha,6|101,11508.0,21316.0,9808.0,True,4.0,4.0,True,0,ERR5965617,ERR5996015,Alpha,Alpha,B.1.1.7,B.1.1.7,0,17244,5,4,24442,0,0,0
rec_00028,3,recombinant,AlphaxAlpha,1,False,1,1,263341,Alpha,Alpha,23,,,,,,,,0,ERR5964318,ERR5991738,Alpha,Alpha,B.1.1.7,B.1.1.7,0,27351,12,1,27113,0,0,0
rec_00029,3,recombinant,AlphaxAlpha,2,True,1,4,271306|242652,Alpha,Alpha,4|11,4256.0,11507.0,7251.0,True,3.0,6.0,False,0,ERR5965038,ERR5991610,Alpha,Alpha,B.1.1.7,B.1.1.7,0,6375,3,9,26426,0,0,0
rec_00030,3,recombinant,AlphaxAlpha,2,True,1,4,228640|283549,Alpha,Alpha,17|1,4182.0,8454.0,4272.0,True,4.0,12.0,True,0,ERR5964866,ERR5991732,Alpha,Alpha,B.1.1.7,B.1.1.7,0,7463,5,15,28065,78,0,0
rec_00031,3,recombinant,AlphaxAlpha,2,True,1,4,161223|271775,Alpha,Alpha,267|12,11498.0,17615.0,6117.0,True,8.0,6.0,True,0,ERR5989570,ERR5965158,Alpha,Alpha,B.1.1.7,B.1.1.7,0,13573,10,7,29389,0,0,0
rec_00032,3,recombinant,AlphaxAlpha,2,True,0,3,279663|285889,Alpha,Alpha,3|2,11581.0,20515.0,8934.0,True,5.0,9.0,True,0,ERR5964582,ERR5965174,Alpha,Alpha,B.1.1.7,B.1.1.7,0,14728,6,9,24729,0,0,0
rec_00033,3,recombinant,AlphaxAlpha,2,True,0,3,269133|107541,Alpha,Alpha,8|8,16294.0,22388.0,6094.0,True,10.0,3.0,False,0,ERR5964571,ERR5964870,Alpha,Alpha,B.1.1.7,B.1.1.7,0,20481,13,3,25642,0,0,0
rec_00034,3,recombinant,AlphaxAlpha,2,True,2,5,274311|273268,Alpha,Alpha,10|6,22688.0,25785.0,3097.0,True,9.0,4.0,True,0,ERR5964738,ERR5965765,Alpha,Alpha,B.1.1.7,B.1.1.7,0,23852,11,4,26656,0,0,0
rec_00035,3,recombinant,AlphaxAlpha,2,True,0,3,291907|163404,Alpha,Alpha,1|47,20757.0,22273.0,1516.0,True,6.0,6.0,True,0,ERR5965062,ERR5964701,Alpha,Alpha,B.1.1.7,B.1.1.7,0,21807,6,7,24466,0,0,0
rec_00036,3,recombinant,AlphaxAlpha,2,True,0,3,262902|260341,Alpha,Alpha,9|1,7059.0,13624.0,6565.0,True,5.0,9.0,True,0,ERR5989483,ERR5989657,Alpha,Alpha,B.1.1.7,B.1.1.7,0,9429,5,10,27198,0,0,0
rec_00037,3,recombinant,AlphaxAlpha,2,True,0,3,278396|250665,Alpha,Alpha,4|3,22460.0,25690.0,3230.0,True,8.0,6.0,True,0,ERR5964768,ERR5964341,Alpha,Alpha,B.1.1.7,B.1.1.7,0,25629,11,6,29405,0,0,0
rec_00038,3,recombinant,AlphaxAlpha,2,True,0,3,230455|240239,Alpha,Alpha,19|12,16621.0,28095.0,11474.0,True,9.0,3.0,False,0,ERR5964353,ERR5964663,Alpha,Alpha,B.1.1.7,B.1.1.7,0,23480,14,4,28328,0,0,0
rec_00039,3,recombinant,AlphaxAlpha,2,True,0,3,269123|177738,Alpha,Alpha,1|41,16458.0,25690.0,9232.0,True,4.0,3.0,False,0,ERR5989815,ERR5964768,Alpha,Alpha,B.1.1.7,B.1.1.7,0,20343,5,3,26243,0,0,0
rec_00040,3,recombinant,AlphaxAlpha,1,False,2,2,163404,Alpha,Alpha,47,,,,,,,,0,ERR5965581,ERR5964701,Alpha,Alpha,B.1.1.7,B.1.1.7,0,6749,2,10,25233,0,0,0
rec_00041,3,recombinant,AlphaxAlpha,2,True,4,7,191778|274535,Alpha,Alpha,2|5,17616.0,21637.0,4021.0,True,7.0,6.0,True,0,ERR5964956,ERR5963751,Alpha,Alpha,B.1.1.7,B.1.1.7,0,20926,11,11,26814,0,0,0
rec_00042,3,recombinant,AlphaxAlpha,2,True,1,4,275831|136581,Alpha,Alpha,8|53,8455.0,11497.0,3042.0,True,9.0,9.0,True,0,ERR5965128,ERR5964608,Alpha,Alpha,B.1.1.7,B.1.1.7,0,9004,11,11,29600,0,0,0
rec_00043,3,recombinant,AlphaxAlpha,2,True,0,3,289820|278396,Alpha,Alpha,1|4,15262.0,17445.0,2183.0,True,4.0,8.0,True,0,ERR5965238,ERR5964768,Alpha,Alpha,B.1.1.7,B.1.1.7,0,15817,4,8,27290,0,0,0
rec_00044,3,recombinant,AlphaxAlpha,2,True,0,3,259765|147296,Alpha,Alpha,37|101,11508.0,27513.0,16005.0,True,4.0,4.0,True,0,ERR5965553,ERR5995822,Alpha,Alpha,B.1.1.7,B.1.1.7,0,12222,5,4,24492,0,0,0
rec_00045,3,recombinant,AlphaxAlpha,2,True,0,3,273268|135902,Alpha,Alpha,6|28,22688.0,25785.0,3097.0,True,7.0,4.0,True,0,ERR5965765,ERR6062051,Alpha,Alpha,B.1.1.7,B.1.1.7,0,23610,10,4,26656,0,0,0
rec_00046,3,recombinant,AlphaxAlpha,2,True,2,5,271175|281125,Alpha,Alpha,1|2,15541.0,20133.0,4592.0,True,10.0,4.0,True,0,ERR5991094,ERR5964481,Alpha,Alpha,B.1.1.7,B.1.1.7,0,16156,10,7,29254,0,0,0
rec_00047,3,recombinant,AlphaxAlpha,2,True,0,3,266079|113425,Alpha,Alpha,23|386,5919.0,25524.0,19605.0,True,3.0,4.0,False,0,ERR5989598,ERR5964772,Alpha,Alpha,B.1.1.7,B.1.1.7,0,23307,3,4,25828,0,0,0
rec_00048,3,recombinant,AlphaxAlpha,1,False,3,3,190810,Alpha,Alpha,3,,,,,,,,0,ERR5965430,ERR5972864,Alpha,Alpha,B.1.1.7,B.1.1.7,0,28421,18,1,27555,0,0,0
rec_00049,3,recombinant,AlphaxAlpha,1,False,3,3,291770,Alpha,Alpha,2,,,,,,,,0,ERR5994263,ERR5966784,Alpha,Alpha,B.1.1.7,B.1.1.7,0,19010,9,3,27540,0,0,0
rec_00000,3,recombinant,AlphaxDelta,2,True,1,4,283526|197849,Alpha,Delta,1|316,16467.0,17040.0,573.0,True,22.0,30.0,True,0,ERR5990165,ERR5965474,Alpha,Delta,B.1.1.7,AY.4,5,16840,23,35,29681,0,0,0
rec_00001,3,recombinant,AlphaxDelta,2,True,1,4,292269|268615,Alpha,Delta,1|9,9054.0,10029.0,975.0,True,14.0,38.0,True,0,ERR5965551,ERR5964901,Alpha,Delta,B.1.1.7,AY.4,5,9480,15,44,29532,0,0,0
rec_00002,3,recombinant,AlphaxDelta,2,True,0,3,175408|286124,Delta,Alpha,593|1,11333.0,14676.0,3343.0,True,17.0,34.0,True,0,ERR5981429,ERR5963603,Delta,Alpha,AY.4,B.1.1.7,5,13106,17,37,29532,0,0,0
rec_00003,3,recombinant,AlphaxDelta,2,True,0,3,175408|278537,Delta,Alpha,593|8,11202.0,11332.0,130.0,True,16.0,37.0,True,0,ERR5964574,ERR5964384,Delta,Alpha,AY.4,B.1.1.7,5,11204,16,42,29532,0,0,0
rec_00004,3,recombinant,AlphaxDelta,2,True,0,3,264106|285876,Alpha,Delta,16|1,19873.0,20937.0,1064.0,True,33.0,29.0,True,0,ERR5965300,ERR5995776,Alpha,Delta,B.1.1.7,AY.4,5,19951,33,33,29532,0,0,0
rec_00005,3,recombinant,AlphaxDelta,2,True,0,3,262049|288419,Alpha,Delta,10|1381,28462.0,28881.0,419.0,True,43.0,5.0,True,0,ERR5966786,ERR5964982,Alpha,Delta,B.1.1.7,AY.4,5,28515,50,7,29532,0,0,0
rec_00006,3,recombinant,AlphaxDelta,2,True,2,5,287153|274753,Delta,Alpha,3|5,11333.0,14676.0,3343.0,True,17.0,37.0,True,0,ERR5963674,ERR5991149,Delta,Alpha,AY.5,B.1.1.7,5,12746,18,43,29532,36,0,0
rec_00007,3,recombinant,AlphaxDelta,2,True,1,4,197849|161016,Delta,Alpha,316|219,20579.0,21363.0,784.0,True,25.0,27.0,True,0,ERR5966480,ERR5964582,Delta,Alpha,AY.4,B.1.1.7,5,21043,27,31,29532,0,0,0
rec_00008,3,recombinant,AlphaxDelta,2,True,1,4,190562|255942,Alpha,Delta,1|102,10030.0,11201.0,1171.0,True,14.0,34.0,True,0,ERR5965272,ERR5965819,Alpha,Delta,B.1.1.7,AY.5,5,10063,14,39,29532,0,0,0
rec_00009,3,recombinant,AlphaxDelta,2,True,0,3,269133|197849,Alpha,Delta,8|316,15452.0,16176.0,724.0,True,23.0,33.0,True,0,ERR5964571,ERR5964805,Alpha,Delta,B.1.1.7,AY.4,5,15717,26,37,29532,231,0,0
rec_00010,3,recombinant,AlphaxDelta,2,True,0,3,269509|279765,Alpha,Delta,5|10,11515.0,13019.0,1504.0,True,16.0,34.0,True,0,ERR5995956,ERR5989439,Alpha,Delta,B.1.1.7,B.1.617.2,4,12548,17,40,29532,0,0,0
rec_00011,3,recombinant,AlphaxDelta,2,True,1,4,175408|271703,Delta,Alpha,593|1,16467.0,19220.0,2753.0,True,24.0,29.0,True,0,ERR5964801,ERR5989051,Delta,Alpha,AY.4,B.1.1.7,5,16629,24,35,29532,0,0,0
rec_00012,3,recombinant,AlphaxDelta,2,True,2,5,197849|279635,Delta,Alpha,316|8,19221.0,21618.0,2397.0,True,26.0,27.0,True,0,ERR5995903,ERR5965266,Delta,Alpha,AY.4,B.1.1.7,5,19434,27,34,29532,0,0,0
rec_00013,3,recombinant,AlphaxDelta,2,True,2,5,279663|197849,Alpha,Delta,3|316,11333.0,14676.0,3343.0,True,17.0,35.0,True,0,ERR5964582,ERR5966464,Alpha,Delta,B.1.1.7,AY.4,5,11804,18,41,29532,0,0,0
rec_00014,3,recombinant,AlphaxDelta,1,False,3,3,291779,Delta,Delta,1,,,,,,,,0,ERR5965269,ERR5964805,Alpha,Delta,B.1.1.7,AY.4,5,1428,3,62,29532,231,0,0
rec_00015,3,recombinant,AlphaxDelta,2,True,0,3,171524|269442,Alpha,Delta,1|101,4182.0,5388.0,1206.0,True,4.0,48.0,True,0,ERR5964958,ERR5996029,Alpha,Delta,B.1.1.7,AY.4,5,4660,4,57,29532,4,0,0
rec_00016,3,recombinant,AlphaxDelta,2,True,0,3,278462|288419,Alpha,Delta,4|1381,27973.0,28048.0,75.0,True,46.0,9.0,True,0,ERR5963646,ERR5966452,Alpha,Delta,B.1.1.7,AY.4,5,27992,49,13,29532,0,0,0
rec_00017,3,recombinant,AlphaxDelta,2,True,0,3,289820|197849,Alpha,Delta,1|316,8815.0,8986.0,171.0,True,13.0,42.0,True,0,ERR5965238,ERR5995999,Alpha,Delta,B.1.1.7,AY.4,5,8836,14,47,29533,0,0,0
rec_00018,3,recombinant,AlphaxDelta,2,True,0,3,285563|167126,Alpha,Delta,2|806,19221.0,21614.0,2393.0,True,23.0,28.0,True,0,ERR5995986,ERR5965477,Alpha,Delta,B.1.1.7,AY.4,5,21569,26,32,29532,0,0,0
rec_00019,3,recombinant,AlphaxDelta,2,True,0,3,154188|224174,Alpha,Delta,2|63,6955.0,9891.0,2936.0,True,9.0,39.0,True,0,ERR5990141,ERR5965239,Alpha,Delta,B.1.1.7,AY.9,5,7379,9,43,29568,0,0,0
rec_00020,3,recombinant,AlphaxDelta,2,True,1,4,288596|212328,Delta,Alpha,2|30,16467.0,17040.0,573.0,True,23.0,31.0,True,0,ERR5964960,ERR5990992,Delta,Alpha,AY.4,B.1.1.7,5,16635,24,36,29532,0,0,0
rec_00021,3,recombinant,AlphaxDelta,2,True,0,3,288812|108106,Delta,Alpha,1|40,21619.0,22917.0,1298.0,True,26.0,25.0,True,0,ERR5965236,ERR5964921,Delta,Alpha,AY.8,B.1.1.7,5,22742,27,30,29534,272,0,0
rec_00022,3,recombinant,AlphaxDelta,2,True,0,3,161223|288419,Alpha,Delta,267|1381,21619.0,22468.0,849.0,True,23.0,24.0,True,0,ERR5989657,ERR5994140,Alpha,Delta,B.1.1.7,AY.4,5,22172,28,29,29532,0,0,0
rec_00023,3,recombinant,AlphaxDelta,2,True,0,3,275831|288419,Alpha,Delta,8|1381,24915.0,25469.0,554.0,True,35.0,19.0,True,0,ERR5965427,ERR5996054,Alpha,Delta,B.1.1.7,AY.4,5,25189,43,23,29579,0,0,0
rec_00024,3,recombinant,AlphaxDelta,2,True,1,4,228640|283443,Alpha,Delta,17|3,19221.0,21618.0,2397.0,True,27.0,28.0,True,0,ERR5965390,ERR5965049,Alpha,Delta,B.1.1.7,AY.120,5,20556,28,33,29553,197,0,0
ERR5964358,4,control,,1,False,0,0,266274,Alpha,Alpha,13,,,,,,,,0,,,Alpha,Alpha,B.1.1.7,B.1.1.7,-1,-1,-1,-1,-1,0,0,0
ERR5964797,4,control,,1,False,0,0,279663,Alpha,Alpha,3,,,,,,,,0,,,Alpha,Alpha,B.1.1.7,B.1.1.7,-1,-1,-1,-1,-1,0,0,0
ERR5964828,4,control,,1,False,0,0,285833,Delta,Delta,1,,,,,,,,0,,,Delta,Delta,AY.4,AY.4,-1,-1,-1,-1,-1,0,0,0
ERR5964873,4,control,,1,False,1,1,254293,Alpha,Alpha,25,,,,,,,,0,,,Alpha,Alpha,B.1.1.7,B.1.1.7,-1,-1,-1,-1,-1,0,0,0
ERR5964976,4,control,,1,False,0,0,226527,Alpha,Alpha,12,,,,,,,,0,,,Alpha,Alpha,B.1.1.7,B.1.1.7,-1,-1,-1,-1,-1,0,0,0
ERR5965017,4,control,,1,False,0,0,286027,Alpha,Alpha,1,,,,,,,,0,,,Alpha,Alpha,B.1.1.7,B.1.1.7,-1,-1,-1,-1,-1,0,0,0
ERR5965025,4,control,,1,False,2,2,281125,Alpha,Alpha,2,,,,,,,,0,,,Alpha,Alpha,B.1.1.7,B.1.1.7,-1,-1,-1,-1,-1,0,0,0
ERR5965069,4,control,,1,False,0,0,197849,Delta,Delta,316,,,,,,,,0,,,Delta,Delta,AY.4,AY.4,-1,-1,-1,-1,-1,125,0,0
ERR5965215,4,control,,1,False,0,0,291780,Delta,Delta,1,,,,,,,,0,,,Delta,Delta,AY.4,AY.4,-1,-1,-1,-1,-1,272,0,0
ERR5965471,4,control,,1,False,0,0,292269,Alpha,Alpha,1,,,,,,,,0,,,Alpha,Alpha,B.1.1.7,B.1.1.7,-1,-1,-1,-1,-1,0,0,0
ERR5965479,4,control,,1,False,0,0,288749,Alpha,Alpha,1,,,,,,,,0,,,Alpha,Alpha,B.1.1.7,B.1.1.7,-1,-1,-1,-1,-1,0,0,0
ERR5965481,4,control,,1,False,1,1,286001,Alpha,Alpha,1,,,,,,,,0,,,Alpha,Alpha,B.1.1.7,B.1.1.7,-1,-1,-1,-1,-1,0,0,0
ERR5965510,4,control,,1,False,0,0,259258,Alpha,Alpha,3,,,,,,,,0,,,Alpha,Alpha,B.1.1.7,B.1.1.7,-1,-1,-1,-1,-1,0,0,0
ERR5965520,4,control,,1,False,1,1,291798,Delta,Delta,1,,,,,,,,0,,,Delta,Delta,AY.4,AY.4,-1,-1,-1,-1,-1,0,0,0
ERR5965521,4,control,,1,False,0,0,197849,Delta,Delta,316,,,,,,,,0,,,Delta,Delta,AY.4,AY.4,-1,-1,-1,-1,-1,0,0,0
ERR5965559,4,control,,1,False,0,0,286001,Alpha,Alpha,1,,,,,,,,0,,,Alpha,Alpha,B.1.1.7,B.1.1.7,-1,-1,-1,-1,-1,0,0,0
ERR5965573,4,control,,1,False,0,0,288594,Delta,Delta,1,,,,,,,,0,,,Delta,Delta,AY.4,AY.4,-1,-1,-1,-1,-1,0,0,0
ERR5965638,4,control,,1,False,2,2,175408,Delta,Delta,593,,,,,,,,0,,,Delta,Delta,AY.4,AY.4,-1,-1,-1,-1,-1,0,0,0
ERR5965670,4,control,,1,False,0,0,197849,Delta,Delta,316,,,,,,,,0,,,Delta,Delta,AY.4,AY.4,-1,-1,-1,-1,-1,0,0,0
ERR5965672,4,control,,1,False,0,0,276999,Delta,Delta,7,,,,,,,,0,,,Delta,Delta,AY.4,AY.4,-1,-1,-1,-1,-1,0,0,0
ERR5965697,4,control,,1,False,0,0,291898,Delta,Delta,3,,,,,,,,0,,,Delta,Delta,AY.4,AY.4,-1,-1,-1,-1,-1,0,0,0
ERR5966276,4,control,,1,False,0,0,273086,Alpha,Alpha,2,,,,,,,,0,,,Alpha,Alpha,B.1.1.7,B.1.1.7,-1,-1,-1,-1,-1,0,0,0
ERR5990266,4,control,,1,False,0,0,291181,Alpha,Alpha,2,,,,,,,,0,,,Alpha,Alpha,B.1.1.7,B.1.1.7,-1,-1,-1,-1,-1,149,0,0
ERR5996078,4,control,,1,False,0,0,288679,Delta,Delta,2,,,,,,,,0,,,Delta,Delta,B.1.617.2,B.1.617.2,-1,-1,-1,-1,-1,0,0,0
ERR6059393,4,control,,1,False,1,1,278537,Alpha,Alpha,8,,,,,,,,0,,,Alpha,Alpha,B.1.1.7,B.1.1.7,-1,-1,-1,-1,-1,123,0,0
rec_00025,4,recombinant,AlphaxAlpha,1,False,2,2,73890,Alpha,Alpha,4991,,,,,,,,0,ERR5996015,ERR5965071,Alpha,Alpha,B.1.1.7,B.1.1.7,0,25790,7,3,25657,0,0,0
rec_00026,4,recombinant,AlphaxAlpha,1,False,2,2,147296,Alpha,Alpha,101,,,,,,,,0,ERR5966786,ERR5996015,Alpha,Alpha,B.1.1.7,B.1.1.7,0,10981,3,7,27818,0,0,0
rec_00027,4,recombinant,AlphaxAlpha,1,False,3,3,80350,Alpha,Alpha,791,,,,,,,,0,ERR5965617,ERR5996015,Alpha,Alpha,B.1.1.7,B.1.1.7,0,17244,5,4,24442,0,0,0
rec_00028,4,recombinant,AlphaxAlpha,1,False,1,1,263341,Alpha,Alpha,23,,,,,,,,0,ERR5964318,ERR5991738,Alpha,Alpha,B.1.1.7,B.1.1.7,0,27351,12,1,27113,0,0,0
rec_00029,4,recombinant,AlphaxAlpha,1,False,4,4,82855,Alpha,Alpha,468,,,,,,,,0,ERR5965038,ERR5991610,Alpha,Alpha,B.1.1.7,B.1.1.7,0,6375,3,9,26426,0,0,0
rec_00030,4,recombinant,AlphaxAlpha,2,True,1,5,228640|283549,Alpha,Alpha,17|1,4182.0,8454.0,4272.0,True,4.0,12.0,True,0,ERR5964866,ERR5991732,Alpha,Alpha,B.1.1.7,B.1.1.7,0,7463,5,15,28065,78,0,0
rec_00031,4,recombinant,AlphaxAlpha,2,True,1,5,161223|271775,Alpha,Alpha,267|12,11498.0,17615.0,6117.0,True,8.0,6.0,True,0,ERR5989570,ERR5965158,Alpha,Alpha,B.1.1.7,B.1.1.7,0,13573,10,7,29389,0,0,0
rec_00032,4,recombinant,AlphaxAlpha,2,True,0,4,279663|285889,Alpha,Alpha,3|2,11581.0,20515.0,8934.0,True,5.0,9.0,True,0,ERR5964582,ERR5965174,Alpha,Alpha,B.1.1.7,B.1.1.7,0,14728,6,9,24729,0,0,0
rec_00033,4,recombinant,AlphaxAlpha,1,False,3,3,269133,Alpha,Alpha,8,,,,,,,,0,ERR5964571,ERR5964870,Alpha,Alpha,B.1.1.7,B.1.1.7,0,20481,13,3,25642,0,0,0
rec_00034,4,recombinant,AlphaxAlpha,2,True,2,6,274311|273268,Alpha,Alpha,10|6,22688.0,25785.0,3097.0,True,9.0,4.0,True,0,ERR5964738,ERR5965765,Alpha,Alpha,B.1.1.7,B.1.1.7,0,23852,11,4,26656,0,0,0
rec_00035,4,recombinant,AlphaxAlpha,2,True,0,4,291907|163404,Alpha,Alpha,1|47,20757.0,22273.0,1516.0,True,6.0,6.0,True,0,ERR5965062,ERR5964701,Alpha,Alpha,B.1.1.7,B.1.1.7,0,21807,6,7,24466,0,0,0
rec_00036,4,recombinant,AlphaxAlpha,1,False,3,3,71433,Alpha,Alpha,672,,,,,,,,0,ERR5989483,ERR5989657,Alpha,Alpha,B.1.1.7,B.1.1.7,0,9429,5,10,27198,0,0,0
rec_00037,4,recombinant,AlphaxAlpha,2,True,0,4,278396|250665,Alpha,Alpha,4|3,22460.0,25690.0,3230.0,True,8.0,6.0,True,0,ERR5964768,ERR5964341,Alpha,Alpha,B.1.1.7,B.1.1.7,0,25629,11,6,29405,0,0,0
rec_00038,4,recombinant,AlphaxAlpha,2,True,0,4,230455|240239,Alpha,Alpha,19|12,16621.0,28095.0,11474.0,True,9.0,3.0,False,0,ERR5964353,ERR5964663,Alpha,Alpha,B.1.1.7,B.1.1.7,0,23480,14,4,28328,0,0,0
rec_00039,4,recombinant,AlphaxAlpha,1,False,3,3,269123,Alpha,Alpha,1,,,,,,,,0,ERR5989815,ERR5964768,Alpha,Alpha,B.1.1.7,B.1.1.7,0,20343,5,3,26243,0,0,0
rec_00040,4,recombinant,AlphaxAlpha,1,False,2,2,163404,Alpha,Alpha,47,,,,,,,,0,ERR5965581,ERR5964701,Alpha,Alpha,B.1.1.7,B.1.1.7,0,6749,2,10,25233,0,0,0
rec_00041,4,recombinant,AlphaxAlpha,2,True,4,8,191778|274535,Alpha,Alpha,2|5,17616.0,21637.0,4021.0,True,7.0,6.0,True,0,ERR5964956,ERR5963751,Alpha,Alpha,B.1.1.7,B.1.1.7,0,20926,11,11,26814,0,0,0
rec_00042,4,recombinant,AlphaxAlpha,2,True,1,5,275831|136581,Alpha,Alpha,8|53,8455.0,11497.0,3042.0,True,9.0,9.0,True,0,ERR5965128,ERR5964608,Alpha,Alpha,B.1.1.7,B.1.1.7,0,9004,11,11,29600,0,0,0
rec_00043,4,recombinant,AlphaxAlpha,2,True,0,4,289820|278396,Alpha,Alpha,1|4,15262.0,17445.0,2183.0,True,4.0,8.0,True,0,ERR5965238,ERR5964768,Alpha,Alpha,B.1.1.7,B.1.1.7,0,15817,4,8,27290,0,0,0
rec_00044,4,recombinant,AlphaxAlpha,2,True,0,4,259765|147296,Alpha,Alpha,37|101,11508.0,27513.0,16005.0,True,4.0,4.0,True,0,ERR5965553,ERR5995822,Alpha,Alpha,B.1.1.7,B.1.1.7,0,12222,5,4,24492,0,0,0
rec_00045,4,recombinant,AlphaxAlpha,2,True,0,4,273268|135902,Alpha,Alpha,6|28,22688.0,25785.0,3097.0,True,7.0,4.0,True,0,ERR5965765,ERR6062051,Alpha,Alpha,B.1.1.7,B.1.1.7,0,23610,10,4,26656,0,0,0
rec_00046,4,recombinant,AlphaxAlpha,2,True,2,6,271175|281125,Alpha,Alpha,1|2,15541.0,20133.0,4592.0,True,10.0,4.0,True,0,ERR5991094,ERR5964481,Alpha,Alpha,B.1.1.7,B.1.1.7,0,16156,10,7,29254,0,0,0
rec_00047,4,recombinant,AlphaxAlpha,1,False,3,3,113425,Alpha,Alpha,386,,,,,,,,0,ERR5989598,ERR5964772,Alpha,Alpha,B.1.1.7,B.1.1.7,0,23307,3,4,25828,0,0,0
rec_00048,4,recombinant,AlphaxAlpha,1,False,3,3,190810,Alpha,Alpha,3,,,,,,,,0,ERR5965430,ERR5972864,Alpha,Alpha,B.1.1.7,B.1.1.7,0,28421,18,1,27555,0,0,0
rec_00049,4,recombinant,AlphaxAlpha,1,False,3,3,291770,Alpha,Alpha,2,,,,,,,,0,ERR5994263,ERR5966784,Alpha,Alpha,B.1.1.7,B.1.1.7,0,19010,9,3,27540,0,0,0
rec_00000,4,recombinant,AlphaxDelta,2,True,1,5,283526|197849,Alpha,Delta,1|316,16467.0,17040.0,573.0,True,22.0,30.0,True,0,ERR5990165,ERR5965474,Alpha,Delta,B.1.1.7,AY.4,5,16840,23,35,29681,0,0,0
rec_00001,4,recombinant,AlphaxDelta,2,True,1,5,292269|268615,Alpha,Delta,1|9,9054.0,10029.0,975.0,True,14.0,38.0,True,0,ERR5965551,ERR5964901,Alpha,Delta,B.1.1.7,AY.4,5,9480,15,44,29532,0,0,0
rec_00002,4,recombinant,AlphaxDelta,2,True,0,4,175408|286124,Delta,Alpha,593|1,11333.0,14676.0,3343.0,True,17.0,34.0,True,0,ERR5981429,ERR5963603,Delta,Alpha,AY.4,B.1.1.7,5,13106,17,37,29532,0,0,0
rec_00003,4,recombinant,AlphaxDelta,2,True,0,4,175408|278537,Delta,Alpha,593|8,11202.0,11332.0,130.0,True,16.0,37.0,True,0,ERR5964574,ERR5964384,Delta,Alpha,AY.4,B.1.1.7,5,11204,16,42,29532,0,0,0
rec_00004,4,recombinant,AlphaxDelta,2,True,0,4,264106|285876,Alpha,Delta,16|1,19873.0,20937.0,1064.0,True,33.0,29.0,True,0,ERR5965300,ERR5995776,Alpha,Delta,B.1.1.7,AY.4,5,19951,33,33,29532,0,0,0
rec_00005,4,recombinant,AlphaxDelta,2,True,0,4,262049|288419,Alpha,Delta,10|1381,28462.0,28881.0,419.0,True,43.0,5.0,True,0,ERR5966786,ERR5964982,Alpha,Delta,B.1.1.7,AY.4,5,28515,50,7,29532,0,0,0
rec_00006,4,recombinant,AlphaxDelta,2,True,2,6,287153|274753,Delta,Alpha,3|5,11333.0,14676.0,3343.0,True,17.0,37.0,True,0,ERR5963674,ERR5991149,Delta,Alpha,AY.5,B.1.1.7,5,12746,18,43,29532,36,0,0
rec_00007,4,recombinant,AlphaxDelta,2,True,1,5,197849|161016,Delta,Alpha,316|219,20579.0,21363.0,784.0,True,25.0,27.0,True,0,ERR5966480,ERR5964582,Delta,Alpha,AY.4,B.1.1.7,5,21043,27,31,29532,0,0,0
rec_00008,4,recombinant,AlphaxDelta,2,True,1,5,190562|255942,Alpha,Delta,1|102,10030.0,11201.0,1171.0,True,14.0,34.0,True,0,ERR5965272,ERR5965819,Alpha,Delta,B.1.1.7,AY.5,5,10063,14,39,29532,0,0,0
rec_00009,4,recombinant,AlphaxDelta,2,True,0,4,269133|197849,Alpha,Delta,8|316,15452.0,16176.0,724.0,True,23.0,33.0,True,0,ERR5964571,ERR5964805,Alpha,Delta,B.1.1.7,AY.4,5,15717,26,37,29532,231,0,0
rec_00010,4,recombinant,AlphaxDelta,2,True,0,4,269509|279765,Alpha,Delta,5|10,11515.0,13019.0,1504.0,True,16.0,34.0,True,0,ERR5995956,ERR5989439,Alpha,Delta,B.1.1.7,B.1.617.2,4,12548,17,40,29532,0,0,0
rec_00011,4,recombinant,AlphaxDelta,2,True,1,5,175408|271703,Delta,Alpha,593|1,16467.0,19220.0,2753.0,True,24.0,29.0,True,0,ERR5964801,ERR5989051,Delta,Alpha,AY.4,B.1.1.7,5,16629,24,35,29532,0,0,0
rec_00012,4,recombinant,AlphaxDelta,2,True,2,6,197849|279635,Delta,Alpha,316|8,19221.0,21618.0,2397.0,True,26.0,27.0,True,0,ERR5995903,ERR5965266,Delta,Alpha,AY.4,B.1.1.7,5,19434,27,34,29532,0,0,0
rec_00013,4,recombinant,AlphaxDelta,2,True,2,6,279663|197849,Alpha,Delta,3|316,11333.0,14676.0,3343.0,True,17.0,35.0,True,0,ERR5964582,ERR5966464,Alpha,Delta,B.1.1.7,AY.4,5,11804,18,41,29532,0,0,0
rec_00014,4,recombinant,AlphaxDelta,1,False,3,3,291779,Delta,Delta,1,,,,,,,,0,ERR5965269,ERR5964805,Alpha,Delta,B.1.1.7,AY.4,5,1428,3,62,29532,231,0,0
rec_00015,4,recombinant,AlphaxDelta,2,True,0,4,171524|269442,Alpha,Delta,1|101,4182.0,5388.0,1206.0,True,4.0,48.0,True,0,ERR5964958,ERR5996029,Alpha,Delta,B.1.1.7,AY.4,5,4660,4,57,29532,4,0,0
rec_00016,4,recombinant,AlphaxDelta,2,True,0,4,278462|288419,Alpha,Delta,4|1381,27973.0,28048.0,75.0,True,46.0,9.0,True,0,ERR5963646,ERR5966452,Alpha,Delta,B.1.1.7,AY.4,5,27992,49,13,29532,0,0,0
rec_00017,4,recombinant,AlphaxDelta,2,True,0,4,289820|197849,Alpha,Delta,1|316,8815.0,8986.0,171.0,True,13.0,42.0,True,0,ERR5965238,ERR5995999,Alpha,Delta,B.1.1.7,AY.4,5,8836,14,47,29533,0,0,0
rec_00018,4,recombinant,AlphaxDelta,2,True,0,4,285563|167126,Alpha,Delta,2|806,19221.0,21614.0,2393.0,True,23.0,28.0,True,0,ERR5995986,ERR5965477,Alpha,Delta,B.1.1.7,AY.4,5,21569,26,32,29532,0,0,0
rec_00019,4,recombinant,AlphaxDelta,2,True,0,4,154188|224174,Alpha,Delta,2|63,6955.0,9891.0,2936.0,True,9.0,39.0,True,0,ERR5990141,ERR5965239,Alpha,Delta,B.1.1.7,AY.9,5,7379,9,43,29568,0,0,0
rec_00020,4,recombinant,AlphaxDelta,2,True,1,5,288596|212328,Delta,Alpha,2|30,16467.0,17040.0,573.0,True,23.0,31.0,True,0,ERR5964960,ERR5990992,Delta,Alpha,AY.4,B.1.1.7,5,16635,24,36,29532,0,0,0
rec_00021,4,recombinant,AlphaxDelta,2,True,0,4,288812|108106,Delta,Alpha,1|40,21619.0,22917.0,1298.0,True,26.0,25.0,True,0,ERR5965236,ERR5964921,Delta,Alpha,AY.8,B.1.1.7,5,22742,27,30,29534,272,0,0
rec_00022,4,recombinant,AlphaxDelta,2,True,0,4,161223|288419,Alpha,Delta,267|1381,21619.0,22468.0,849.0,True,23.0,24.0,True,0,ERR5989657,ERR5994140,Alpha,Delta,B.1.1.7,AY.4,5,22172,28,29,29532,0,0,0
rec_00023,4,recombinant,AlphaxDelta,2,True,0,4,275831|288419,Alpha,Delta,8|1381,24915.0,25469.0,554.0,True,35.0,19.0,True,0,ERR5965427,ERR5996054,Alpha,Delta,B.1.1.7,AY.4,5,25189,43,23,29579,0,0,0
rec_00024,4,recombinant,AlphaxDelta,2,True,1,5,228640|283443,Alpha,Delta,17|3,19221.0,21618.0,2397.0,True,27.0,28.0,True,0,ERR5965390,ERR5965049,Alpha,Delta,B.1.1.7,AY.120,5,20556,28,33,29553,197,0,0
ERR5964358,5,control,,1,False,0,0,266274,Alpha,Alpha,13,,,,,,,,0,,,Alpha,Alpha,B.1.1.7,B.1.1.7,-1,-1,-1,-1,-1,0,0,0
ERR5964797,5,control,,1,False,0,0,279663,Alpha,Alpha,3,,,,,,,,0,,,Alpha,Alpha,B.1.1.7,B.1.1.7,-1,-1,-1,-1,-1,0,0,0
ERR5964828,5,control,,1,False,0,0,285833,Delta,Delta,1,,,,,,,,0,,,Delta,Delta,AY.4,AY.4,-1,-1,-1,-1,-1,0,0,0
ERR5964873,5,control,,1,False,1,1,254293,Alpha,Alpha,25,,,,,,,,0,,,Alpha,Alpha,B.1.1.7,B.1.1.7,-1,-1,-1,-1,-1,0,0,0
ERR5964976,5,control,,1,False,0,0,226527,Alpha,Alpha,12,,,,,,,,0,,,Alpha,Alpha,B.1.1.7,B.1.1.7,-1,-1,-1,-1,-1,0,0,0
ERR5965017,5,control,,1,False,0,0,286027,Alpha,Alpha,1,,,,,,,,0,,,Alpha,Alpha,B.1.1.7,B.1.1.7,-1,-1,-1,-1,-1,0,0,0
ERR5965025,5,control,,1,False,2,2,281125,Alpha,Alpha,2,,,,,,,,0,,,Alpha,Alpha,B.1.1.7,B.1.1.7,-1,-1,-1,-1,-1,0,0,0
ERR5965069,5,control,,1,False,0,0,197849,Delta,Delta,316,,,,,,,,0,,,Delta,Delta,AY.4,AY.4,-1,-1,-1,-1,-1,125,0,0
ERR5965215,5,control,,1,False,0,0,291780,Delta,Delta,1,,,,,,,,0,,,Delta,Delta,AY.4,AY.4,-1,-1,-1,-1,-1,272,0,0
ERR5965471,5,control,,1,False,0,0,292269,Alpha,Alpha,1,,,,,,,,0,,,Alpha,Alpha,B.1.1.7,B.1.1.7,-1,-1,-1,-1,-1,0,0,0
ERR5965479,5,control,,1,False,0,0,288749,Alpha,Alpha,1,,,,,,,,0,,,Alpha,Alpha,B.1.1.7,B.1.1.7,-1,-1,-1,-1,-1,0,0,0
ERR5965481,5,control,,1,False,1,1,286001,Alpha,Alpha,1,,,,,,,,0,,,Alpha,Alpha,B.1.1.7,B.1.1.7,-1,-1,-1,-1,-1,0,0,0
ERR5965510,5,control,,1,False,0,0,259258,Alpha,Alpha,3,,,,,,,,0,,,Alpha,Alpha,B.1.1.7,B.1.1.7,-1,-1,-1,-1,-1,0,0,0
ERR5965520,5,control,,1,False,1,1,291798,Delta,Delta,1,,,,,,,,0,,,Delta,Delta,AY.4,AY.4,-1,-1,-1,-1,-1,0,0,0
ERR5965521,5,control,,1,False,0,0,197849,Delta,Delta,316,,,,,,,,0,,,Delta,Delta,AY.4,AY.4,-1,-1,-1,-1,-1,0,0,0
ERR5965559,5,control,,1,False,0,0,286001,Alpha,Alpha,1,,,,,,,,0,,,Alpha,Alpha,B.1.1.7,B.1.1.7,-1,-1,-1,-1,-1,0,0,0
ERR5965573,5,control,,1,False,0,0,288594,Delta,Delta,1,,,,,,,,0,,,Delta,Delta,AY.4,AY.4,-1,-1,-1,-1,-1,0,0,0
ERR5965638,5,control,,1,False,2,2,175408,Delta,Delta,593,,,,,,,,0,,,Delta,Delta,AY.4,AY.4,-1,-1,-1,-1,-1,0,0,0
ERR5965670,5,control,,1,False,0,0,197849,Delta,Delta,316,,,,,,,,0,,,Delta,Delta,AY.4,AY.4,-1,-1,-1,-1,-1,0,0,0
ERR5965672,5,control,,1,False,0,0,276999,Delta,Delta,7,,,,,,,,0,,,Delta,Delta,AY.4,AY.4,-1,-1,-1,-1,-1,0,0,0
ERR5965697,5,control,,1,False,0,0,291898,Delta,Delta,3,,,,,,,,0,,,Delta,Delta,AY.4,AY.4,-1,-1,-1,-1,-1,0,0,0
ERR5966276,5,control,,1,False,0,0,273086,Alpha,Alpha,2,,,,,,,,0,,,Alpha,Alpha,B.1.1.7,B.1.1.7,-1,-1,-1,-1,-1,0,0,0
ERR5990266,5,control,,1,False,0,0,291181,Alpha,Alpha,2,,,,,,,,0,,,Alpha,Alpha,B.1.1.7,B.1.1.7,-1,-1,-1,-1,-1,149,0,0
ERR5996078,5,control,,1,False,0,0,288679,Delta,Delta,2,,,,,,,,0,,,Delta,Delta,B.1.617.2,B.1.617.2,-1,-1,-1,-1,-1,0,0,0
ERR6059393,5,control,,1,False,1,1,278537,Alpha,Alpha,8,,,,,,,,0,,,Alpha,Alpha,B.1.1.7,B.1.1.7,-1,-1,-1,-1,-1,123,0,0
rec_00025,5,recombinant,AlphaxAlpha,1,False,2,2,73890,Alpha,Alpha,4991,,,,,,,,0,ERR5996015,ERR5965071,Alpha,Alpha,B.1.1.7,B.1.1.7,0,25790,7,3,25657,0,0,0
rec_00026,5,recombinant,AlphaxAlpha,1,False,2,2,147296,Alpha,Alpha,101,,,,,,,,0,ERR5966786,ERR5996015,Alpha,Alpha,B.1.1.7,B.1.1.7,0,10981,3,7,27818,0,0,0
rec_00027,5,recombinant,AlphaxAlpha,1,False,3,3,80350,Alpha,Alpha,791,,,,,,,,0,ERR5965617,ERR5996015,Alpha,Alpha,B.1.1.7,B.1.1.7,0,17244,5,4,24442,0,0,0
rec_00028,5,recombinant,AlphaxAlpha,1,False,1,1,263341,Alpha,Alpha,23,,,,,,,,0,ERR5964318,ERR5991738,Alpha,Alpha,B.1.1.7,B.1.1.7,0,27351,12,1,27113,0,0,0
rec_00029,5,recombinant,AlphaxAlpha,1,False,4,4,82855,Alpha,Alpha,468,,,,,,,,0,ERR5965038,ERR5991610,Alpha,Alpha,B.1.1.7,B.1.1.7,0,6375,3,9,26426,0,0,0
rec_00030,5,recombinant,AlphaxAlpha,1,False,5,5,283549,Alpha,Alpha,1,,,,,,,,0,ERR5964866,ERR5991732,Alpha,Alpha,B.1.1.7,B.1.1.7,0,7463,5,15,28065,78,0,0
rec_00031,5,recombinant,AlphaxAlpha,2,True,1,6,161223|271775,Alpha,Alpha,267|12,11498.0,17615.0,6117.0,True,8.0,6.0,True,0,ERR5989570,ERR5965158,Alpha,Alpha,B.1.1.7,B.1.1.7,0,13573,10,7,29389,0,0,0
rec_00032,5,recombinant,AlphaxAlpha,2,True,0,5,279663|285889,Alpha,Alpha,3|2,11581.0,20515.0,8934.0,True,5.0,9.0,True,0,ERR5964582,ERR5965174,Alpha,Alpha,B.1.1.7,B.1.1.7,0,14728,6,9,24729,0,0,0
rec_00033,5,recombinant,AlphaxAlpha,1,False,3,3,269133,Alpha,Alpha,8,,,,,,,,0,ERR5964571,ERR5964870,Alpha,Alpha,B.1.1.7,B.1.1.7,0,20481,13,3,25642,0,0,0
rec_00034,5,recombinant,AlphaxAlpha,1,False,6,6,242218,Alpha,Alpha,28,,,,,,,,0,ERR5964738,ERR5965765,Alpha,Alpha,B.1.1.7,B.1.1.7,0,23852,11,4,26656,0,0,0
rec_00035,5,recombinant,AlphaxAlpha,2,True,0,5,291907|163404,Alpha,Alpha,1|47,20757.0,22273.0,1516.0,True,6.0,6.0,True,0,ERR5965062,ERR5964701,Alpha,Alpha,B.1.1.7,B.1.1.7,0,21807,6,7,24466,0,0,0
rec_00036,5,recombinant,AlphaxAlpha,1,False,3,3,71433,Alpha,Alpha,672,,,,,,,,0,ERR5989483,ERR5989657,Alpha,Alpha,B.1.1.7,B.1.1.7,0,9429,5,10,27198,0,0,0
rec_00037,5,recombinant,AlphaxAlpha,1,False,4,4,90919,Alpha,Alpha,174,,,,,,,,0,ERR5964768,ERR5964341,Alpha,Alpha,B.1.1.7,B.1.1.7,0,25629,11,6,29405,0,0,0
rec_00038,5,recombinant,AlphaxAlpha,1,False,4,4,230455,Alpha,Alpha,19,,,,,,,,0,ERR5964353,ERR5964663,Alpha,Alpha,B.1.1.7,B.1.1.7,0,23480,14,4,28328,0,0,0
rec_00039,5,recombinant,AlphaxAlpha,1,False,3,3,269123,Alpha,Alpha,1,,,,,,,,0,ERR5989815,ERR5964768,Alpha,Alpha,B.1.1.7,B.1.1.7,0,20343,5,3,26243,0,0,0
rec_00040,5,recombinant,AlphaxAlpha,1,False,2,2,163404,Alpha,Alpha,47,,,,,,,,0,ERR5965581,ERR5964701,Alpha,Alpha,B.1.1.7,B.1.1.7,0,6749,2,10,25233,0,0,0
rec_00041,5,recombinant,AlphaxAlpha,2,True,4,9,191778|274535,Alpha,Alpha,2|5,17616.0,21637.0,4021.0,True,7.0,6.0,True,0,ERR5964956,ERR5963751,Alpha,Alpha,B.1.1.7,B.1.1.7,0,20926,11,11,26814,0,0,0
rec_00042,5,recombinant,AlphaxAlpha,2,True,1,6,275831|136581,Alpha,Alpha,8|53,8455.0,11497.0,3042.0,True,9.0,9.0,True,0,ERR5965128,ERR5964608,Alpha,Alpha,B.1.1.7,B.1.1.7,0,9004,11,11,29600,0,0,0
rec_00043,5,recombinant,AlphaxAlpha,1,False,4,4,278396,Alpha,Alpha,4,,,,,,,,0,ERR5965238,ERR5964768,Alpha,Alpha,B.1.1.7,B.1.1.7,0,15817,4,8,27290,0,0,0
rec_00044,5,recombinant,AlphaxAlpha,1,False,4,4,50503,Alpha,Alpha,124400,,,,,,,,0,ERR5965553,ERR5995822,Alpha,Alpha,B.1.1.7,B.1.1.7,0,12222,5,4,24492,0,0,0
rec_00045,5,recombinant,AlphaxAlpha,1,False,4,4,85251,Alpha,Alpha,4,,,,,,,,0,ERR5965765,ERR6062051,Alpha,Alpha,B.1.1.7,B.1.1.7,0,23610,10,4,26656,0,0,0
rec_00046,5,recombinant,AlphaxAlpha,1,False,6,6,271175,Alpha,Alpha,1,,,,,,,,0,ERR5991094,ERR5964481,Alpha,Alpha,B.1.1.7,B.1.1.7,0,16156,10,7,29254,0,0,0
rec_00047,5,recombinant,AlphaxAlpha,1,False,3,3,113425,Alpha,Alpha,386,,,,,,,,0,ERR5989598,ERR5964772,Alpha,Alpha,B.1.1.7,B.1.1.7,0,23307,3,4,25828,0,0,0
rec_00048,5,recombinant,AlphaxAlpha,1,False,3,3,190810,Alpha,Alpha,3,,,,,,,,0,ERR5965430,ERR5972864,Alpha,Alpha,B.1.1.7,B.1.1.7,0,28421,18,1,27555,0,0,0
rec_00049,5,recombinant,AlphaxAlpha,1,False,3,3,291770,Alpha,Alpha,2,,,,,,,,0,ERR5994263,ERR5966784,Alpha,Alpha,B.1.1.7,B.1.1.7,0,19010,9,3,27540,0,0,0
rec_00000,5,recombinant,AlphaxDelta,2,True,1,6,283526|197849,Alpha,Delta,1|316,16467.0,17040.0,573.0,True,22.0,30.0,True,0,ERR5990165,ERR5965474,Alpha,Delta,B.1.1.7,AY.4,5,16840,23,35,29681,0,0,0
rec_00001,5,recombinant,AlphaxDelta,2,True,1,6,292269|268615,Alpha,Delta,1|9,9054.0,10029.0,975.0,True,14.0,38.0,True,0,ERR5965551,ERR5964901,Alpha,Delta,B.1.1.7,AY.4,5,9480,15,44,29532,0,0,0
rec_00002,5,recombinant,AlphaxDelta,2,True,0,5,175408|286124,Delta,Alpha,593|1,11333.0,14676.0,3343.0,True,17.0,34.0,True,0,ERR5981429,ERR5963603,Delta,Alpha,AY.4,B.1.1.7,5,13106,17,37,29532,0,0,0
rec_00003,5,recombinant,AlphaxDelta,2,True,0,5,175408|278537,Delta,Alpha,593|8,11202.0,11332.0,130.0,True,16.0,37.0,True,0,ERR5964574,ERR5964384,Delta,Alpha,AY.4,B.1.1.7,5,11204,16,42,29532,0,0,0
rec_00004,5,recombinant,AlphaxDelta,2,True,0,5,264106|285876,Alpha,Delta,16|1,19873.0,20937.0,1064.0,True,33.0,29.0,True,0,ERR5965300,ERR5995776,Alpha,Delta,B.1.1.7,AY.4,5,19951,33,33,29532,0,0,0
rec_00005,5,recombinant,AlphaxDelta,2,True,0,5,262049|288419,Alpha,Delta,10|1381,28462.0,28881.0,419.0,True,43.0,5.0,True,0,ERR5966786,ERR5964982,Alpha,Delta,B.1.1.7,AY.4,5,28515,50,7,29532,0,0,0
rec_00006,5,recombinant,AlphaxDelta,2,True,2,7,287153|274753,Delta,Alpha,3|5,11333.0,14676.0,3343.0,True,17.0,37.0,True,0,ERR5963674,ERR5991149,Delta,Alpha,AY.5,B.1.1.7,5,12746,18,43,29532,36,0,0
rec_00007,5,recombinant,AlphaxDelta,2,True,1,6,197849|161016,Delta,Alpha,316|219,20579.0,21363.0,784.0,True,25.0,27.0,True,0,ERR5966480,ERR5964582,Delta,Alpha,AY.4,B.1.1.7,5,21043,27,31,29532,0,0,0
rec_00008,5,recombinant,AlphaxDelta,2,True,1,6,190562|255942,Alpha,Delta,1|102,10030.0,11201.0,1171.0,True,14.0,34.0,True,0,ERR5965272,ERR5965819,Alpha,Delta,B.1.1.7,AY.5,5,10063,14,39,29532,0,0,0
rec_00009,5,recombinant,AlphaxDelta,2,True,0,5,269133|197849,Alpha,Delta,8|316,15452.0,16176.0,724.0,True,23.0,33.0,True,0,ERR5964571,ERR5964805,Alpha,Delta,B.1.1.7,AY.4,5,15717,26,37,29532,231,0,0
rec_00010,5,recombinant,AlphaxDelta,2,True,0,5,269509|279765,Alpha,Delta,5|10,11515.0,13019.0,1504.0,True,16.0,34.0,True,0,ERR5995956,ERR5989439,Alpha,Delta,B.1.1.7,B.1.617.2,4,12548,17,40,29532,0,0,0
rec_00011,5,recombinant,AlphaxDelta,2,True,1,6,175408|271703,Delta,Alpha,593|1,16467.0,19220.0,2753.0,True,24.0,29.0,True,0,ERR5964801,ERR5989051,Delta,Alpha,AY.4,B.1.1.7,5,16629,24,35,29532,0,0,0
rec_00012,5,recombinant,AlphaxDelta,2,True,2,7,197849|279635,Delta,Alpha,316|8,19221.0,21618.0,2397.0,True,26.0,27.0,True,0,ERR5995903,ERR5965266,Delta,Alpha,AY.4,B.1.1.7,5,19434,27,34,29532,0,0,0
rec_00013,5,recombinant,AlphaxDelta,2,True,2,7,279663|197849,Alpha,Delta,3|316,11333.0,14676.0,3343.0,True,17.0,35.0,True,0,ERR5964582,ERR5966464,Alpha,Delta,B.1.1.7,AY.4,5,11804,18,41,29532,0,0,0
rec_00014,5,recombinant,AlphaxDelta,1,False,3,3,291779,Delta,Delta,1,,,,,,,,0,ERR5965269,ERR5964805,Alpha,Delta,B.1.1.7,AY.4,5,1428,3,62,29532,231,0,0
rec_00015,5,recombinant,AlphaxDelta,1,False,4,4,269442,Delta,Delta,101,,,,,,,,0,ERR5964958,ERR5996029,Alpha,Delta,B.1.1.7,AY.4,5,4660,4,57,29532,4,0,0
rec_00016,5,recombinant,AlphaxDelta,2,True,0,5,278462|288419,Alpha,Delta,4|1381,27973.0,28048.0,75.0,True,46.0,9.0,True,0,ERR5963646,ERR5966452,Alpha,Delta,B.1.1.7,AY.4,5,27992,49,13,29532,0,0,0
rec_00017,5,recombinant,AlphaxDelta,2,True,0,5,289820|197849,Alpha,Delta,1|316,8815.0,8986.0,171.0,True,13.0,42.0,True,0,ERR5965238,ERR5995999,Alpha,Delta,B.1.1.7,AY.4,5,8836,14,47,29533,0,0,0
rec_00018,5,recombinant,AlphaxDelta,2,True,0,5,285563|167126,Alpha,Delta,2|806,19221.0,21614.0,2393.0,True,23.0,28.0,True,0,ERR5995986,ERR5965477,Alpha,Delta,B.1.1.7,AY.4,5,21569,26,32,29532,0,0,0
rec_00019,5,recombinant,AlphaxDelta,2,True,0,5,154188|224174,Alpha,Delta,2|63,6955.0,9891.0,2936.0,True,9.0,39.0,True,0,ERR5990141,ERR5965239,Alpha,Delta,B.1.1.7,AY.9,5,7379,9,43,29568,0,0,0
rec_00020,5,recombinant,AlphaxDelta,2,True,1,6,288596|212328,Delta,Alpha,2|30,16467.0,17040.0,573.0,True,23.0,31.0,True,0,ERR5964960,ERR5990992,Delta,Alpha,AY.4,B.1.1.7,5,16635,24,36,29532,0,0,0
rec_00021,5,recombinant,AlphaxDelta,2,True,0,5,288812|108106,Delta,Alpha,1|40,21619.0,22917.0,1298.0,True,26.0,25.0,True,0,ERR5965236,ERR5964921,Delta,Alpha,AY.8,B.1.1.7,5,22742,27,30,29534,272,0,0
rec_00022,5,recombinant,AlphaxDelta,2,True,0,5,161223|288419,Alpha,Delta,267|1381,21619.0,22468.0,849.0,True,23.0,24.0,True,0,ERR5989657,ERR5994140,Alpha,Delta,B.1.1.7,AY.4,5,22172,28,29,29532,0,0,0
rec_00023,5,recombinant,AlphaxDelta,2,True,0,5,275831|288419,Alpha,Delta,8|1381,24915.0,25469.0,554.0,True,35.0,19.0,True,0,ERR5965427,ERR5996054,Alpha,Delta,B.1.1.7,AY.4,5,25189,43,23,29579,0,0,0
rec_00024,5,recombinant,AlphaxDelta,2,True,1,6,228640|283443,Alpha,Delta,17|3,19221.0,21618.0,2397.0,True,27.0,28.0,True,0,ERR5965390,ERR5965049,Alpha,Delta,B.1.1.7,AY.120,5,20556,28,33,29553,197,0,0
ERR5964358,3,control,,1,False,1,1,266274,Alpha,Alpha,13,,,,,,,,1,,,Alpha,Alpha,B.1.1.7,B.1.1.7,-1,-1,-1,-1,-1,0,1,1
ERR5964797,3,control,,1,False,0,0,279663,Alpha,Alpha,3,,,,,,,,1,,,Alpha,Alpha,B.1.1.7,B.1.1.7,-1,-1,-1,-1,-1,0,0,0
ERR5964828,3,control,,1,False,0,0,285833,Delta,Delta,1,,,,,,,,1,,,Delta,Delta,AY.4,AY.4,-1,-1,-1,-1,-1,0,0,0
ERR5964873,3,control,,1,False,1,1,254293,Alpha,Alpha,25,,,,,,,,1,,,Alpha,Alpha,B.1.1.7,B.1.1.7,-1,-1,-1,-1,-1,0,0,0
ERR5964976,3,control,,1,False,1,1,226527,Alpha,Alpha,12,,,,,,,,1,,,Alpha,Alpha,B.1.1.7,B.1.1.7,-1,-1,-1,-1,-1,0,1,1
ERR5965017,3,control,,1,False,1,1,286027,Alpha,Alpha,1,,,,,,,,1,,,Alpha,Alpha,B.1.1.7,B.1.1.7,-1,-1,-1,-1,-1,0,1,1
ERR5965025,3,control,,1,False,3,3,281125,Alpha,Alpha,2,,,,,,,,1,,,Alpha,Alpha,B.1.1.7,B.1.1.7,-1,-1,-1,-1,-1,0,1,1
ERR5965069,3,control,,1,False,0,0,197849,Delta,Delta,316,,,,,,,,1,,,Delta,Delta,AY.4,AY.4,-1,-1,-1,-1,-1,125,0,0
ERR5965215,3,control,,1,False,1,1,291780,Delta,Delta,1,,,,,,,,1,,,Delta,Delta,AY.4,AY.4,-1,-1,-1,-1,-1,272,1,1
ERR5965471,3,control,,1,False,0,0,292269,Alpha,Alpha,1,,,,,,,,1,,,Alpha,Alpha,B.1.1.7,B.1.1.7,-1,-1,-1,-1,-1,0,0,0
ERR5965479,3,control,,1,False,0,0,288749,Alpha,Alpha,1,,,,,,,,1,,,Alpha,Alpha,B.1.1.7,B.1.1.7,-1,-1,-1,-1,-1,0,0,0
ERR5965481,3,control,,1,False,1,1,286001,Alpha,Alpha,1,,,,,,,,1,,,Alpha,Alpha,B.1.1.7,B.1.1.7,-1,-1,-1,-1,-1,0,0,0
ERR5965510,3,control,,1,False,1,1,259258,Alpha,Alpha,3,,,,,,,,1,,,Alpha,Alpha,B.1.1.7,B.1.1.7,-1,-1,-1,-1,-1,0,1,1
ERR5965520,3,control,,1,False,1,1,291798,Delta,Delta,1,,,,,,,,1,,,Delta,Delta,AY.4,AY.4,-1,-1,-1,-1,-1,0,0,0
ERR5965521,3,control,,1,False,0,0,197849,Delta,Delta,316,,,,,,,,1,,,Delta,Delta,AY.4,AY.4,-1,-1,-1,-1,-1,0,0,0
ERR5965559,3,control,,1,False,1,1,286001,Alpha,Alpha,1,,,,,,,,1,,,Alpha,Alpha,B.1.1.7,B.1.1.7,-1,-1,-1,-1,-1,0,1,1
ERR5965573,3,control,,1,False,0,0,288594,Delta,Delta,1,,,,,,,,1,,,Delta,Delta,AY.4,AY.4,-1,-1,-1,-1,-1,0,0,0
ERR5965638,3,control,,1,False,2,2,175408,Delta,Delta,593,,,,,,,,1,,,Delta,Delta,AY.4,AY.4,-1,-1,-1,-1,-1,0,0,0
ERR5965670,3,control,,1,False,0,0,197849,Delta,Delta,316,,,,,,,,1,,,Delta,Delta,AY.4,AY.4,-1,-1,-1,-1,-1,0,0,0
ERR5965672,3,control,,1,False,2,2,276999,Delta,Delta,7,,,,,,,,1,,,Delta,Delta,AY.4,AY.4,-1,-1,-1,-1,-1,0,2,2
ERR5965697,3,control,,1,False,0,0,291898,Delta,Delta,3,,,,,,,,1,,,Delta,Delta,AY.4,AY.4,-1,-1,-1,-1,-1,0,0,0
ERR5966276,3,control,,1,False,0,0,273086,Alpha,Alpha,2,,,,,,,,1,,,Alpha,Alpha,B.1.1.7,B.1.1.7,-1,-1,-1,-1,-1,0,0,0
ERR5990266,3,control,,1,False,0,0,291181,Alpha,Alpha,2,,,,,,,,1,,,Alpha,Alpha,B.1.1.7,B.1.1.7,-1,-1,-1,-1,-1,149,0,0
ERR5996078,3,control,,1,False,0,0,288679,Delta,Delta,2,,,,,,,,1,,,Delta,Delta,B.1.617.2,B.1.617.2,-1,-1,-1,-1,-1,0,0,0
ERR6059393,3,control,,1,False,1,1,278537,Alpha,Alpha,8,,,,,,,,1,,,Alpha,Alpha,B.1.1.7,B.1.1.7,-1,-1,-1,-1,-1,123,0,0
rec_00025,3,recombinant,AlphaxAlpha,1,False,3,3,73890,Alpha,Alpha,4991,,,,,,,,1,ERR5996015,ERR5965071,Alpha,Alpha,B.1.1.7,B.1.1.7,0,25790,7,3,25657,0,1,1
rec_00026,3,recombinant,AlphaxAlpha,1,False,3,3,147296,Alpha,Alpha,101,,,,,,,,1,ERR5966786,ERR5996015,Alpha,Alpha,B.1.1.7,B.1.1.7,0,10981,3,7,27818,0,1,1
rec_00027,3,recombinant,AlphaxAlpha,2,True,0,3,226723|147296,Alpha,Alpha,6|101,11508.0,21316.0,9808.0,True,4.0,4.0,True,1,ERR5965617,ERR5996015,Alpha,Alpha,B.1.1.7,B.1.1.7,0,17244,5,4,24442,0,0,0
rec_00028,3,recombinant,AlphaxAlpha,1,False,2,2,263341,Alpha,Alpha,23,,,,,,,,1,ERR5964318,ERR5991738,Alpha,Alpha,B.1.1.7,B.1.1.7,0,27351,12,1,27113,0,1,1
rec_00029,3,recombinant,AlphaxAlpha,2,True,2,5,271306|242652,Alpha,Alpha,4|11,4256.0,11507.0,7251.0,True,3.0,6.0,False,1,ERR5965038,ERR5991610,Alpha,Alpha,B.1.1.7,B.1.1.7,0,6375,3,9,26426,0,1,1
rec_00030,3,recombinant,AlphaxAlpha,2,True,3,6,228640|283549,Alpha,Alpha,17|1,4182.0,8454.0,4272.0,True,4.0,12.0,True,1,ERR5964866,ERR5991732,Alpha,Alpha,B.1.1.7,B.1.1.7,0,7463,5,15,28065,78,2,2
rec_00031,3,recombinant,AlphaxAlpha,2,True,1,4,161223|271775,Alpha,Alpha,267|12,11498.0,17615.0,6117.0,True,8.0,6.0,True,1,ERR5989570,ERR5965158,Alpha,Alpha,B.1.1.7,B.1.1.7,0,13573,10,7,29389,0,0,0
rec_00032,3,recombinant,AlphaxAlpha,2,True,0,3,279663|285889,Alpha,Alpha,3|2,11581.0,20515.0,8934.0,True,5.0,9.0,True,1,ERR5964582,ERR5965174,Alpha,Alpha,B.1.1.7,B.1.1.7,0,14728,6,9,24729,0,0,0
rec_00033,3,recombinant,AlphaxAlpha,2,True,0,3,269133|107541,Alpha,Alpha,8|8,16294.0,22388.0,6094.0,True,10.0,3.0,False,1,ERR5964571,ERR5964870,Alpha,Alpha,B.1.1.7,B.1.1.7,0,20481,13,3,25642,0,0,0
rec_00034,3,recombinant,AlphaxAlpha,2,True,2,5,274311|273268,Alpha,Alpha,10|6,22688.0,25785.0,3097.0,True,9.0,4.0,True,1,ERR5964738,ERR5965765,Alpha,Alpha,B.1.1.7,B.1.1.7,0,23852,11,4,26656,0,0,0
rec_00035,3,recombinant,AlphaxAlpha,2,True,1,4,291907|163404,Alpha,Alpha,1|47,20757.0,22273.0,1516.0,True,6.0,6.0,True,1,ERR5965062,ERR5964701,Alpha,Alpha,B.1.1.7,B.1.1.7,0,21807,6,7,24466,0,1,1
rec_00036,3,recombinant,AlphaxAlpha,2,True,1,4,262902|260341,Alpha,Alpha,9|1,7059.0,13624.0,6565.0,True,5.0,9.0,True,1,ERR5989483,ERR5989657,Alpha,Alpha,B.1.1.7,B.1.1.7,0,9429,5,10,27198,0,1,1
rec_00037,3,recombinant,AlphaxAlpha,2,True,0,3,278396|250665,Alpha,Alpha,4|3,22460.0,25690.0,3230.0,True,8.0,6.0,True,1,ERR5964768,ERR5964341,Alpha,Alpha,B.1.1.7,B.1.1.7,0,25629,11,6,29405,0,0,0
rec_00038,3,recombinant,AlphaxAlpha,2,True,0,3,230455|240239,Alpha,Alpha,19|12,16621.0,28095.0,11474.0,True,9.0,3.0,False,1,ERR5964353,ERR5964663,Alpha,Alpha,B.1.1.7,B.1.1.7,0,23480,14,4,28328,0,0,0
rec_00039,3,recombinant,AlphaxAlpha,2,True,0,3,269123|177738,Alpha,Alpha,1|41,16458.0,25690.0,9232.0,True,4.0,3.0,False,1,ERR5989815,ERR5964768,Alpha,Alpha,B.1.1.7,B.1.1.7,0,20343,5,3,26243,0,0,0
rec_00040,3,recombinant,AlphaxAlpha,1,False,3,3,163404,Alpha,Alpha,47,,,,,,,,1,ERR5965581,ERR5964701,Alpha,Alpha,B.1.1.7,B.1.1.7,0,6749,2,10,25233,0,1,1
rec_00041,3,recombinant,AlphaxAlpha,2,True,6,9,191778|274535,Alpha,Alpha,2|5,17616.0,21637.0,4021.0,True,7.0,6.0,True,1,ERR5964956,ERR5963751,Alpha,Alpha,B.1.1.7,B.1.1.7,0,20926,11,11,26814,0,2,2
rec_00042,3,recombinant,AlphaxAlpha,2,True,2,5,275831|136581,Alpha,Alpha,8|53,8455.0,11497.0,3042.0,True,9.0,9.0,True,1,ERR5965128,ERR5964608,Alpha,Alpha,B.1.1.7,B.1.1.7,0,9004,11,11,29600,0,1,1
rec_00043,3,recombinant,AlphaxAlpha,2,True,0,3,289820|278396,Alpha,Alpha,1|4,15262.0,17445.0,2183.0,True,4.0,8.0,True,1,ERR5965238,ERR5964768,Alpha,Alpha,B.1.1.7,B.1.1.7,0,15817,4,8,27290,0,0,0
rec_00044,3,recombinant,AlphaxAlpha,2,True,0,3,259765|147296,Alpha,Alpha,37|101,11508.0,27513.0,16005.0,True,4.0,4.0,True,1,ERR5965553,ERR5995822,Alpha,Alpha,B.1.1.7,B.1.1.7,0,12222,5,4,24492,0,0,0
rec_00045,3,recombinant,AlphaxAlpha,2,True,1,4,273268|135902,Alpha,Alpha,6|28,22688.0,25785.0,3097.0,True,7.0,4.0,True,1,ERR5965765,ERR6062051,Alpha,Alpha,B.1.1.7,B.1.1.7,0,23610,10,4,26656,0,1,1
rec_00046,3,recombinant,AlphaxAlpha,2,True,2,5,271175|281125,Alpha,Alpha,1|2,15541.0,20133.0,4592.0,True,10.0,4.0,True,1,ERR5991094,ERR5964481,Alpha,Alpha,B.1.1.7,B.1.1.7,0,16156,10,7,29254,0,0,0
rec_00047,3,recombinant,AlphaxAlpha,2,True,0,3,266079|113425,Alpha,Alpha,23|386,5919.0,25524.0,19605.0,True,3.0,4.0,False,1,ERR5989598,ERR5964772,Alpha,Alpha,B.1.1.7,B.1.1.7,0,23307,3,4,25828,0,0,0
rec_00048,3,recombinant,AlphaxAlpha,1,False,3,3,190810,Alpha,Alpha,3,,,,,,,,1,ERR5965430,ERR5972864,Alpha,Alpha,B.1.1.7,B.1.1.7,0,28421,18,1,27555,0,0,0
rec_00049,3,recombinant,AlphaxAlpha,1,False,3,3,291770,Alpha,Alpha,2,,,,,,,,1,ERR5994263,ERR5966784,Alpha,Alpha,B.1.1.7,B.1.1.7,0,19010,9,3,27540,0,0,0
rec_00000,3,recombinant,AlphaxDelta,2,True,1,4,283526|197849,Alpha,Delta,1|316,16467.0,17040.0,573.0,True,22.0,30.0,True,1,ERR5990165,ERR5965474,Alpha,Delta,B.1.1.7,AY.4,5,16840,23,35,29681,0,0,0
rec_00001,3,recombinant,AlphaxDelta,2,True,1,4,292269|268615,Alpha,Delta,1|9,9054.0,10029.0,975.0,True,14.0,38.0,True,1,ERR5965551,ERR5964901,Alpha,Delta,B.1.1.7,AY.4,5,9480,15,44,29532,0,0,0
rec_00002,3,recombinant,AlphaxDelta,2,True,0,3,175408|286124,Delta,Alpha,593|1,11333.0,14676.0,3343.0,True,17.0,34.0,True,1,ERR5981429,ERR5963603,Delta,Alpha,AY.4,B.1.1.7,5,13106,17,37,29532,0,0,0
rec_00003,3,recombinant,AlphaxDelta,2,True,1,4,175408|278537,Delta,Alpha,593|8,11202.0,11332.0,130.0,True,16.0,37.0,True,1,ERR5964574,ERR5964384,Delta,Alpha,AY.4,B.1.1.7,5,11204,16,42,29532,0,1,1
rec_00004,3,recombinant,AlphaxDelta,2,True,2,5,264106|285876,Alpha,Delta,16|1,19873.0,20937.0,1064.0,True,33.0,29.0,True,1,ERR5965300,ERR5995776,Alpha,Delta,B.1.1.7,AY.4,5,19951,33,33,29532,0,2,2
rec_00005,3,recombinant,AlphaxDelta,2,True,0,3,262049|288419,Alpha,Delta,10|1381,28462.0,28881.0,419.0,True,43.0,5.0,True,1,ERR5966786,ERR5964982,Alpha,Delta,B.1.1.7,AY.4,5,28515,50,7,29532,0,0,0
rec_00006,3,recombinant,AlphaxDelta,2,True,2,5,287153|274753,Delta,Alpha,3|5,11333.0,14676.0,3343.0,True,17.0,37.0,True,1,ERR5963674,ERR5991149,Delta,Alpha,AY.5,B.1.1.7,5,12746,18,43,29532,36,0,0
rec_00007,3,recombinant,AlphaxDelta,2,True,1,4,197849|161016,Delta,Alpha,316|219,20579.0,21363.0,784.0,True,25.0,27.0,True,1,ERR5966480,ERR5964582,Delta,Alpha,AY.4,B.1.1.7,5,21043,27,31,29532,0,0,0
rec_00008,3,recombinant,AlphaxDelta,2,True,2,5,190562|255942,Alpha,Delta,1|102,10030.0,11201.0,1171.0,True,14.0,34.0,True,1,ERR5965272,ERR5965819,Alpha,Delta,B.1.1.7,AY.5,5,10063,14,39,29532,0,1,1
rec_00009,3,recombinant,AlphaxDelta,2,True,0,3,269133|197849,Alpha,Delta,8|316,15452.0,16176.0,724.0,True,23.0,33.0,True,1,ERR5964571,ERR5964805,Alpha,Delta,B.1.1.7,AY.4,5,15717,26,37,29532,231,0,0
rec_00010,3,recombinant,AlphaxDelta,2,True,0,3,269509|279765,Alpha,Delta,5|10,11515.0,13019.0,1504.0,True,16.0,34.0,True,1,ERR5995956,ERR5989439,Alpha,Delta,B.1.1.7,B.1.617.2,4,12548,17,40,29532,0,0,0
rec_00011,3,recombinant,AlphaxDelta,2,True,1,4,175408|271703,Delta,Alpha,593|1,16467.0,19220.0,2753.0,True,24.0,29.0,True,1,ERR5964801,ERR5989051,Delta,Alpha,AY.4,B.1.1.7,5,16629,24,35,29532,0,0,0
rec_00012,3,recombinant,AlphaxDelta,2,True,2,5,197849|279635,Delta,Alpha,316|8,19221.0,21618.0,2397.0,True,26.0,27.0,True,1,ERR5995903,ERR5965266,Delta,Alpha,AY.4,B.1.1.7,5,19434,27,34,29532,0,0,0
rec_00013,3,recombinant,AlphaxDelta,2,True,2,5,279663|197849,Alpha,Delta,3|316,11333.0,14676.0,3343.0,True,17.0,35.0,True,1,ERR5964582,ERR5966464,Alpha,Delta,B.1.1.7,AY.4,5,11804,18,41,29532,0,0,0
rec_00014,3,recombinant,AlphaxDelta,1,False,3,3,291779,Delta,Delta,1,,,,,,,,1,ERR5965269,ERR5964805,Alpha,Delta,B.1.1.7,AY.4,5,1428,3,62,29532,231,0,0
rec_00015,3,recombinant,AlphaxDelta,2,True,0,3,171524|269442,Alpha,Delta,1|101,4182.0,5388.0,1206.0,True,4.0,48.0,True,1,ERR5964958,ERR5996029,Alpha,Delta,B.1.1.7,AY.4,5,4660,4,57,29532,4,0,0
rec_00016,3,recombinant,AlphaxDelta,2,True,1,4,278462|288419,Alpha,Delta,4|1381,27973.0,28048.0,75.0,True,46.0,9.0,True,1,ERR5963646,ERR5966452,Alpha,Delta,B.1.1.7,AY.4,5,27992,49,13,29532,0,1,1
rec_00017,3,recombinant,AlphaxDelta,2,True,1,4,289820|197849,Alpha,Delta,1|316,8815.0,8986.0,171.0,True,13.0,42.0,True,1,ERR5965238,ERR5995999,Alpha,Delta,B.1.1.7,AY.4,5,8836,14,47,29533,0,1,1
rec_00018,3,recombinant,AlphaxDelta,2,True,1,4,285563|167126,Alpha,Delta,2|806,19221.0,21614.0,2393.0,True,23.0,28.0,True,1,ERR5995986,ERR5965477,Alpha,Delta,B.1.1.7,AY.4,5,21569,26,32,29532,0,1,1
rec_00019,3,recombinant,AlphaxDelta,2,True,0,3,154188|224174,Alpha,Delta,2|63,6955.0,9891.0,2936.0,True,9.0,39.0,True,1,ERR5990141,ERR5965239,Alpha,Delta,B.1.1.7,AY.9,5,7379,9,43,29568,0,0,0
rec_00020,3,recombinant,AlphaxDelta,2,True,1,4,288596|212328,Delta,Alpha,2|30,16467.0,17040.0,573.0,True,23.0,31.0,True,1,ERR5964960,ERR5990992,Delta,Alpha,AY.4,B.1.1.7,5,16635,24,36,29532,0,0,0
rec_00021,3,recombinant,AlphaxDelta,2,True,0,3,288812|108106,Delta,Alpha,1|40,21619.0,22917.0,1298.0,True,26.0,25.0,True,1,ERR5965236,ERR5964921,Delta,Alpha,AY.8,B.1.1.7,5,22742,27,30,29534,272,0,0
rec_00022,3,recombinant,AlphaxDelta,2,True,1,4,161223|288419,Alpha,Delta,267|1381,21619.0,22468.0,849.0,True,23.0,24.0,True,1,ERR5989657,ERR5994140,Alpha,Delta,B.1.1.7,AY.4,5,22172,28,29,29532,0,1,1
rec_00023,3,recombinant,AlphaxDelta,2,True,0,3,275831|288419,Alpha,Delta,8|1381,24915.0,25469.0,554.0,True,35.0,19.0,True,1,ERR5965427,ERR5996054,Alpha,Delta,B.1.1.7,AY.4,5,25189,43,23,29579,0,0,0
rec_00024,3,recombinant,AlphaxDelta,2,True,1,4,228640|283443,Alpha,Delta,17|3,19221.0,21618.0,2397.0,True,27.0,28.0,True,1,ERR5965390,ERR5965049,Alpha,Delta,B.1.1.7,AY.120,5,20556,28,33,29553,197,0,0
ERR5964358,4,control,,1,False,1,1,266274,Alpha,Alpha,13,,,,,,,,1,,,Alpha,Alpha,B.1.1.7,B.1.1.7,-1,-1,-1,-1,-1,0,1,1
ERR5964797,4,control,,1,False,0,0,279663,Alpha,Alpha,3,,,,,,,,1,,,Alpha,Alpha,B.1.1.7,B.1.1.7,-1,-1,-1,-1,-1,0,0,0
ERR5964828,4,control,,1,False,0,0,285833,Delta,Delta,1,,,,,,,,1,,,Delta,Delta,AY.4,AY.4,-1,-1,-1,-1,-1,0,0,0
ERR5964873,4,control,,1,False,1,1,254293,Alpha,Alpha,25,,,,,,,,1,,,Alpha,Alpha,B.1.1.7,B.1.1.7,-1,-1,-1,-1,-1,0,0,0
ERR5964976,4,control,,1,False,1,1,226527,Alpha,Alpha,12,,,,,,,,1,,,Alpha,Alpha,B.1.1.7,B.1.1.7,-1,-1,-1,-1,-1,0,1,1
ERR5965017,4,control,,1,False,1,1,286027,Alpha,Alpha,1,,,,,,,,1,,,Alpha,Alpha,B.1.1.7,B.1.1.7,-1,-1,-1,-1,-1,0,1,1
ERR5965025,4,control,,1,False,3,3,281125,Alpha,Alpha,2,,,,,,,,1,,,Alpha,Alpha,B.1.1.7,B.1.1.7,-1,-1,-1,-1,-1,0,1,1
ERR5965069,4,control,,1,False,0,0,197849,Delta,Delta,316,,,,,,,,1,,,Delta,Delta,AY.4,AY.4,-1,-1,-1,-1,-1,125,0,0
ERR5965215,4,control,,1,False,1,1,291780,Delta,Delta,1,,,,,,,,1,,,Delta,Delta,AY.4,AY.4,-1,-1,-1,-1,-1,272,1,1
ERR5965471,4,control,,1,False,0,0,292269,Alpha,Alpha,1,,,,,,,,1,,,Alpha,Alpha,B.1.1.7,B.1.1.7,-1,-1,-1,-1,-1,0,0,0
ERR5965479,4,control,,1,False,0,0,288749,Alpha,Alpha,1,,,,,,,,1,,,Alpha,Alpha,B.1.1.7,B.1.1.7,-1,-1,-1,-1,-1,0,0,0
ERR5965481,4,control,,1,False,1,1,286001,Alpha,Alpha,1,,,,,,,,1,,,Alpha,Alpha,B.1.1.7,B.1.1.7,-1,-1,-1,-1,-1,0,0,0
ERR5965510,4,control,,1,False,1,1,259258,Alpha,Alpha,3,,,,,,,,1,,,Alpha,Alpha,B.1.1.7,B.1.1.7,-1,-1,-1,-1,-1,0,1,1
ERR5965520,4,control,,1,False,1,1,291798,Delta,Delta,1,,,,,,,,1,,,Delta,Delta,AY.4,AY.4,-1,-1,-1,-1,-1,0,0,0
ERR5965521,4,control,,1,False,0,0,197849,Delta,Delta,316,,,,,,,,1,,,Delta,Delta,AY.4,AY.4,-1,-1,-1,-1,-1,0,0,0
ERR5965559,4,control,,1,False,1,1,286001,Alpha,Alpha,1,,,,,,,,1,,,Alpha,Alpha,B.1.1.7,B.1.1.7,-1,-1,-1,-1,-1,0,1,1
ERR5965573,4,control,,1,False,0,0,288594,Delta,Delta,1,,,,,,,,1,,,Delta,Delta,AY.4,AY.4,-1,-1,-1,-1,-1,0,0,0
ERR5965638,4,control,,1,False,2,2,175408,Delta,Delta,593,,,,,,,,1,,,Delta,Delta,AY.4,AY.4,-1,-1,-1,-1,-1,0,0,0
ERR5965670,4,control,,1,False,0,0,197849,Delta,Delta,316,,,,,,,,1,,,Delta,Delta,AY.4,AY.4,-1,-1,-1,-1,-1,0,0,0
ERR5965672,4,control,,1,False,2,2,276999,Delta,Delta,7,,,,,,,,1,,,Delta,Delta,AY.4,AY.4,-1,-1,-1,-1,-1,0,2,2
ERR5965697,4,control,,1,False,0,0,291898,Delta,Delta,3,,,,,,,,1,,,Delta,Delta,AY.4,AY.4,-1,-1,-1,-1,-1,0,0,0
ERR5966276,4,control,,1,False,0,0,273086,Alpha,Alpha,2,,,,,,,,1,,,Alpha,Alpha,B.1.1.7,B.1.1.7,-1,-1,-1,-1,-1,0,0,0
ERR5990266,4,control,,1,False,0,0,291181,Alpha,Alpha,2,,,,,,,,1,,,Alpha,Alpha,B.1.1.7,B.1.1.7,-1,-1,-1,-1,-1,149,0,0
ERR5996078,4,control,,1,False,0,0,288679,Delta,Delta,2,,,,,,,,1,,,Delta,Delta,B.1.617.2,B.1.617.2,-1,-1,-1,-1,-1,0,0,0
ERR6059393,4,control,,1,False,1,1,278537,Alpha,Alpha,8,,,,,,,,1,,,Alpha,Alpha,B.1.1.7,B.1.1.7,-1,-1,-1,-1,-1,123,0,0
rec_00025,4,recombinant,AlphaxAlpha,1,False,3,3,73890,Alpha,Alpha,4991,,,,,,,,1,ERR5996015,ERR5965071,Alpha,Alpha,B.1.1.7,B.1.1.7,0,25790,7,3,25657,0,1,1
rec_00026,4,recombinant,AlphaxAlpha,1,False,3,3,147296,Alpha,Alpha,101,,,,,,,,1,ERR5966786,ERR5996015,Alpha,Alpha,B.1.1.7,B.1.1.7,0,10981,3,7,27818,0,1,1
rec_00027,4,recombinant,AlphaxAlpha,1,False,3,3,80350,Alpha,Alpha,791,,,,,,,,1,ERR5965617,ERR5996015,Alpha,Alpha,B.1.1.7,B.1.1.7,0,17244,5,4,24442,0,0,0
rec_00028,4,recombinant,AlphaxAlpha,1,False,2,2,263341,Alpha,Alpha,23,,,,,,,,1,ERR5964318,ERR5991738,Alpha,Alpha,B.1.1.7,B.1.1.7,0,27351,12,1,27113,0,1,1
rec_00029,4,recombinant,AlphaxAlpha,1,False,5,5,82855,Alpha,Alpha,468,,,,,,,,1,ERR5965038,ERR5991610,Alpha,Alpha,B.1.1.7,B.1.1.7,0,6375,3,9,26426,0,1,1
rec_00030,4,recombinant,AlphaxAlpha,2,True,3,7,228640|283549,Alpha,Alpha,17|1,4182.0,8454.0,4272.0,True,4.0,12.0,True,1,ERR5964866,ERR5991732,Alpha,Alpha,B.1.1.7,B.1.1.7,0,7463,5,15,28065,78,2,2
rec_00031,4,recombinant,AlphaxAlpha,2,True,1,5,161223|271775,Alpha,Alpha,267|12,11498.0,17615.0,6117.0,True,8.0,6.0,True,1,ERR5989570,ERR5965158,Alpha,Alpha,B.1.1.7,B.1.1.7,0,13573,10,7,29389,0,0,0
rec_00032,4,recombinant,AlphaxAlpha,2,True,0,4,279663|285889,Alpha,Alpha,3|2,11581.0,20515.0,8934.0,True,5.0,9.0,True,1,ERR5964582,ERR5965174,Alpha,Alpha,B.1.1.7,B.1.1.7,0,14728,6,9,24729,0,0,0
rec_00033,4,recombinant,AlphaxAlpha,1,False,3,3,269133,Alpha,Alpha,8,,,,,,,,1,ERR5964571,ERR5964870,Alpha,Alpha,B.1.1.7,B.1.1.7,0,20481,13,3,25642,0,0,0
rec_00034,4,recombinant,AlphaxAlpha,2,True,2,6,274311|273268,Alpha,Alpha,10|6,22688.0,25785.0,3097.0,True,9.0,4.0,True,1,ERR5964738,ERR5965765,Alpha,Alpha,B.1.1.7,B.1.1.7,0,23852,11,4,26656,0,0,0
rec_00035,4,recombinant,AlphaxAlpha,2,True,1,5,291907|163404,Alpha,Alpha,1|47,20757.0,22273.0,1516.0,True,6.0,6.0,True,1,ERR5965062,ERR5964701,Alpha,Alpha,B.1.1.7,B.1.1.7,0,21807,6,7,24466,0,1,1
rec_00036,4,recombinant,AlphaxAlpha,1,False,4,4,71433,Alpha,Alpha,672,,,,,,,,1,ERR5989483,ERR5989657,Alpha,Alpha,B.1.1.7,B.1.1.7,0,9429,5,10,27198,0,1,1
rec_00037,4,recombinant,AlphaxAlpha,2,True,0,4,278396|250665,Alpha,Alpha,4|3,22460.0,25690.0,3230.0,True,8.0,6.0,True,1,ERR5964768,ERR5964341,Alpha,Alpha,B.1.1.7,B.1.1.7,0,25629,11,6,29405,0,0,0
rec_00038,4,recombinant,AlphaxAlpha,2,True,0,4,230455|240239,Alpha,Alpha,19|12,16621.0,28095.0,11474.0,True,9.0,3.0,False,1,ERR5964353,ERR5964663,Alpha,Alpha,B.1.1.7,B.1.1.7,0,23480,14,4,28328,0,0,0
rec_00039,4,recombinant,AlphaxAlpha,1,False,3,3,269123,Alpha,Alpha,1,,,,,,,,1,ERR5989815,ERR5964768,Alpha,Alpha,B.1.1.7,B.1.1.7,0,20343,5,3,26243,0,0,0
rec_00040,4,recombinant,AlphaxAlpha,1,False,3,3,163404,Alpha,Alpha,47,,,,,,,,1,ERR5965581,ERR5964701,Alpha,Alpha,B.1.1.7,B.1.1.7,0,6749,2,10,25233,0,1,1
rec_00041,4,recombinant,AlphaxAlpha,2,True,6,10,191778|274535,Alpha,Alpha,2|5,17616.0,21637.0,4021.0,True,7.0,6.0,True,1,ERR5964956,ERR5963751,Alpha,Alpha,B.1.1.7,B.1.1.7,0,20926,11,11,26814,0,2,2
rec_00042,4,recombinant,AlphaxAlpha,2,True,2,6,275831|136581,Alpha,Alpha,8|53,8455.0,11497.0,3042.0,True,9.0,9.0,True,1,ERR5965128,ERR5964608,Alpha,Alpha,B.1.1.7,B.1.1.7,0,9004,11,11,29600,0,1,1
rec_00043,4,recombinant,AlphaxAlpha,2,True,0,4,289820|278396,Alpha,Alpha,1|4,15262.0,17445.0,2183.0,True,4.0,8.0,True,1,ERR5965238,ERR5964768,Alpha,Alpha,B.1.1.7,B.1.1.7,0,15817,4,8,27290,0,0,0
rec_00044,4,recombinant,AlphaxAlpha,2,True,0,4,259765|147296,Alpha,Alpha,37|101,11508.0,27513.0,16005.0,True,4.0,4.0,True,1,ERR5965553,ERR5995822,Alpha,Alpha,B.1.1.7,B.1.1.7,0,12222,5,4,24492,0,0,0
rec_00045,4,recombinant,AlphaxAlpha,2,True,1,5,273268|135902,Alpha,Alpha,6|28,22688.0,25785.0,3097.0,True,7.0,4.0,True,1,ERR5965765,ERR6062051,Alpha,Alpha,B.1.1.7,B.1.1.7,0,23610,10,4,26656,0,1,1
rec_00046,4,recombinant,AlphaxAlpha,2,True,2,6,271175|281125,Alpha,Alpha,1|2,15541.0,20133.0,4592.0,True,10.0,4.0,True,1,ERR5991094,ERR5964481,Alpha,Alpha,B.1.1.7,B.1.1.7,0,16156,10,7,29254,0,0,0
rec_00047,4,recombinant,AlphaxAlpha,1,False,3,3,113425,Alpha,Alpha,386,,,,,,,,1,ERR5989598,ERR5964772,Alpha,Alpha,B.1.1.7,B.1.1.7,0,23307,3,4,25828,0,0,0
rec_00048,4,recombinant,AlphaxAlpha,1,False,3,3,190810,Alpha,Alpha,3,,,,,,,,1,ERR5965430,ERR5972864,Alpha,Alpha,B.1.1.7,B.1.1.7,0,28421,18,1,27555,0,0,0
rec_00049,4,recombinant,AlphaxAlpha,1,False,3,3,291770,Alpha,Alpha,2,,,,,,,,1,ERR5994263,ERR5966784,Alpha,Alpha,B.1.1.7,B.1.1.7,0,19010,9,3,27540,0,0,0
rec_00000,4,recombinant,AlphaxDelta,2,True,1,5,283526|197849,Alpha,Delta,1|316,16467.0,17040.0,573.0,True,22.0,30.0,True,1,ERR5990165,ERR5965474,Alpha,Delta,B.1.1.7,AY.4,5,16840,23,35,29681,0,0,0
rec_00001,4,recombinant,AlphaxDelta,2,True,1,5,292269|268615,Alpha,Delta,1|9,9054.0,10029.0,975.0,True,14.0,38.0,True,1,ERR5965551,ERR5964901,Alpha,Delta,B.1.1.7,AY.4,5,9480,15,44,29532,0,0,0
rec_00002,4,recombinant,AlphaxDelta,2,True,0,4,175408|286124,Delta,Alpha,593|1,11333.0,14676.0,3343.0,True,17.0,34.0,True,1,ERR5981429,ERR5963603,Delta,Alpha,AY.4,B.1.1.7,5,13106,17,37,29532,0,0,0
rec_00003,4,recombinant,AlphaxDelta,2,True,1,5,175408|278537,Delta,Alpha,593|8,11202.0,11332.0,130.0,True,16.0,37.0,True,1,ERR5964574,ERR5964384,Delta,Alpha,AY.4,B.1.1.7,5,11204,16,42,29532,0,1,1
rec_00004,4,recombinant,AlphaxDelta,2,True,2,6,264106|285876,Alpha,Delta,16|1,19873.0,20937.0,1064.0,True,33.0,29.0,True,1,ERR5965300,ERR5995776,Alpha,Delta,B.1.1.7,AY.4,5,19951,33,33,29532,0,2,2
rec_00005,4,recombinant,AlphaxDelta,2,True,0,4,262049|288419,Alpha,Delta,10|1381,28462.0,28881.0,419.0,True,43.0,5.0,True,1,ERR5966786,ERR5964982,Alpha,Delta,B.1.1.7,AY.4,5,28515,50,7,29532,0,0,0
rec_00006,4,recombinant,AlphaxDelta,2,True,2,6,287153|274753,Delta,Alpha,3|5,11333.0,14676.0,3343.0,True,17.0,37.0,True,1,ERR5963674,ERR5991149,Delta,Alpha,AY.5,B.1.1.7,5,12746,18,43,29532,36,0,0
rec_00007,4,recombinant,AlphaxDelta,2,True,1,5,197849|161016,Delta,Alpha,316|219,20579.0,21363.0,784.0,True,25.0,27.0,True,1,ERR5966480,ERR5964582,Delta,Alpha,AY.4,B.1.1.7,5,21043,27,31,29532,0,0,0
rec_00008,4,recombinant,AlphaxDelta,2,True,2,6,190562|255942,Alpha,Delta,1|102,10030.0,11201.0,1171.0,True,14.0,34.0,True,1,ERR5965272,ERR5965819,Alpha,Delta,B.1.1.7,AY.5,5,10063,14,39,29532,0,1,1
rec_00009,4,recombinant,AlphaxDelta,2,True,0,4,269133|197849,Alpha,Delta,8|316,15452.0,16176.0,724.0,True,23.0,33.0,True,1,ERR5964571,ERR5964805,Alpha,Delta,B.1.1.7,AY.4,5,15717,26,37,29532,231,0,0
rec_00010,4,recombinant,AlphaxDelta,2,True,0,4,269509|279765,Alpha,Delta,5|10,11515.0,13019.0,1504.0,True,16.0,34.0,True,1,ERR5995956,ERR5989439,Alpha,Delta,B.1.1.7,B.1.617.2,4,12548,17,40,29532,0,0,0
rec_00011,4,recombinant,AlphaxDelta,2,True,1,5,175408|271703,Delta,Alpha,593|1,16467.0,19220.0,2753.0,True,24.0,29.0,True,1,ERR5964801,ERR5989051,Delta,Alpha,AY.4,B.1.1.7,5,16629,24,35,29532,0,0,0
rec_00012,4,recombinant,AlphaxDelta,2,True,2,6,197849|279635,Delta,Alpha,316|8,19221.0,21618.0,2397.0,True,26.0,27.0,True,1,ERR5995903,ERR5965266,Delta,Alpha,AY.4,B.1.1.7,5,19434,27,34,29532,0,0,0
rec_00013,4,recombinant,AlphaxDelta,2,True,2,6,279663|197849,Alpha,Delta,3|316,11333.0,14676.0,3343.0,True,17.0,35.0,True,1,ERR5964582,ERR5966464,Alpha,Delta,B.1.1.7,AY.4,5,11804,18,41,29532,0,0,0
rec_00014,4,recombinant,AlphaxDelta,1,False,3,3,291779,Delta,Delta,1,,,,,,,,1,ERR5965269,ERR5964805,Alpha,Delta,B.1.1.7,AY.4,5,1428,3,62,29532,231,0,0
rec_00015,4,recombinant,AlphaxDelta,2,True,0,4,171524|269442,Alpha,Delta,1|101,4182.0,5388.0,1206.0,True,4.0,48.0,True,1,ERR5964958,ERR5996029,Alpha,Delta,B.1.1.7,AY.4,5,4660,4,57,29532,4,0,0
rec_00016,4,recombinant,AlphaxDelta,2,True,1,5,278462|288419,Alpha,Delta,4|1381,27973.0,28048.0,75.0,True,46.0,9.0,True,1,ERR5963646,ERR5966452,Alpha,Delta,B.1.1.7,AY.4,5,27992,49,13,29532,0,1,1
rec_00017,4,recombinant,AlphaxDelta,2,True,1,5,289820|197849,Alpha,Delta,1|316,8815.0,8986.0,171.0,True,13.0,42.0,True,1,ERR5965238,ERR5995999,Alpha,Delta,B.1.1.7,AY.4,5,8836,14,47,29533,0,1,1
rec_00018,4,recombinant,AlphaxDelta,2,True,1,5,285563|167126,Alpha,Delta,2|806,19221.0,21614.0,2393.0,True,23.0,28.0,True,1,ERR5995986,ERR5965477,Alpha,Delta,B.1.1.7,AY.4,5,21569,26,32,29532,0,1,1
rec_00019,4,recombinant,AlphaxDelta,2,True,0,4,154188|224174,Alpha,Delta,2|63,6955.0,9891.0,2936.0,True,9.0,39.0,True,1,ERR5990141,ERR5965239,Alpha,Delta,B.1.1.7,AY.9,5,7379,9,43,29568,0,0,0
rec_00020,4,recombinant,AlphaxDelta,2,True,1,5,288596|212328,Delta,Alpha,2|30,16467.0,17040.0,573.0,True,23.0,31.0,True,1,ERR5964960,ERR5990992,Delta,Alpha,AY.4,B.1.1.7,5,16635,24,36,29532,0,0,0
rec_00021,4,recombinant,AlphaxDelta,2,True,0,4,288812|108106,Delta,Alpha,1|40,21619.0,22917.0,1298.0,True,26.0,25.0,True,1,ERR5965236,ERR5964921,Delta,Alpha,AY.8,B.1.1.7,5,22742,27,30,29534,272,0,0
rec_00022,4,recombinant,AlphaxDelta,2,True,1,5,161223|288419,Alpha,Delta,267|1381,21619.0,22468.0,849.0,True,23.0,24.0,True,1,ERR5989657,ERR5994140,Alpha,Delta,B.1.1.7,AY.4,5,22172,28,29,29532,0,1,1
rec_00023,4,recombinant,AlphaxDelta,2,True,0,4,275831|288419,Alpha,Delta,8|1381,24915.0,25469.0,554.0,True,35.0,19.0,True,1,ERR5965427,ERR5996054,Alpha,Delta,B.1.1.7,AY.4,5,25189,43,23,29579,0,0,0
rec_00024,4,recombinant,AlphaxDelta,2,True,1,5,228640|283443,Alpha,Delta,17|3,19221.0,21618.0,2397.0,True,27.0,28.0,True,1,ERR5965390,ERR5965049,Alpha,Delta,B.1.1.7,AY.120,5,20556,28,33,29553,197,0,0
ERR5964358,5,control,,1,False,1,1,266274,Alpha,Alpha,13,,,,,,,,1,,,Alpha,Alpha,B.1.1.7,B.1.1.7,-1,-1,-1,-1,-1,0,1,1
ERR5964797,5,control,,1,False,0,0,279663,Alpha,Alpha,3,,,,,,,,1,,,Alpha,Alpha,B.1.1.7,B.1.1.7,-1,-1,-1,-1,-1,0,0,0
ERR5964828,5,control,,1,False,0,0,285833,Delta,Delta,1,,,,,,,,1,,,Delta,Delta,AY.4,AY.4,-1,-1,-1,-1,-1,0,0,0
ERR5964873,5,control,,1,False,1,1,254293,Alpha,Alpha,25,,,,,,,,1,,,Alpha,Alpha,B.1.1.7,B.1.1.7,-1,-1,-1,-1,-1,0,0,0
ERR5964976,5,control,,1,False,1,1,226527,Alpha,Alpha,12,,,,,,,,1,,,Alpha,Alpha,B.1.1.7,B.1.1.7,-1,-1,-1,-1,-1,0,1,1
ERR5965017,5,control,,1,False,1,1,286027,Alpha,Alpha,1,,,,,,,,1,,,Alpha,Alpha,B.1.1.7,B.1.1.7,-1,-1,-1,-1,-1,0,1,1
ERR5965025,5,control,,1,False,3,3,281125,Alpha,Alpha,2,,,,,,,,1,,,Alpha,Alpha,B.1.1.7,B.1.1.7,-1,-1,-1,-1,-1,0,1,1
ERR5965069,5,control,,1,False,0,0,197849,Delta,Delta,316,,,,,,,,1,,,Delta,Delta,AY.4,AY.4,-1,-1,-1,-1,-1,125,0,0
ERR5965215,5,control,,1,False,1,1,291780,Delta,Delta,1,,,,,,,,1,,,Delta,Delta,AY.4,AY.4,-1,-1,-1,-1,-1,272,1,1
ERR5965471,5,control,,1,False,0,0,292269,Alpha,Alpha,1,,,,,,,,1,,,Alpha,Alpha,B.1.1.7,B.1.1.7,-1,-1,-1,-1,-1,0,0,0
ERR5965479,5,control,,1,False,0,0,288749,Alpha,Alpha,1,,,,,,,,1,,,Alpha,Alpha,B.1.1.7,B.1.1.7,-1,-1,-1,-1,-1,0,0,0
ERR5965481,5,control,,1,False,1,1,286001,Alpha,Alpha,1,,,,,,,,1,,,Alpha,Alpha,B.1.1.7,B.1.1.7,-1,-1,-1,-1,-1,0,0,0
ERR5965510,5,control,,1,False,1,1,259258,Alpha,Alpha,3,,,,,,,,1,,,Alpha,Alpha,B.1.1.7,B.1.1.7,-1,-1,-1,-1,-1,0,1,1
ERR5965520,5,control,,1,False,1,1,291798,Delta,Delta,1,,,,,,,,1,,,Delta,Delta,AY.4,AY.4,-1,-1,-1,-1,-1,0,0,0
ERR5965521,5,control,,1,False,0,0,197849,Delta,Delta,316,,,,,,,,1,,,Delta,Delta,AY.4,AY.4,-1,-1,-1,-1,-1,0,0,0
ERR5965559,5,control,,1,False,1,1,286001,Alpha,Alpha,1,,,,,,,,1,,,Alpha,Alpha,B.1.1.7,B.1.1.7,-1,-1,-1,-1,-1,0,1,1
ERR5965573,5,control,,1,False,0,0,288594,Delta,Delta,1,,,,,,,,1,,,Delta,Delta,AY.4,AY.4,-1,-1,-1,-1,-1,0,0,0
ERR5965638,5,control,,1,False,2,2,175408,Delta,Delta,593,,,,,,,,1,,,Delta,Delta,AY.4,AY.4,-1,-1,-1,-1,-1,0,0,0
ERR5965670,5,control,,1,False,0,0,197849,Delta,Delta,316,,,,,,,,1,,,Delta,Delta,AY.4,AY.4,-1,-1,-1,-1,-1,0,0,0
ERR5965672,5,control,,1,False,2,2,276999,Delta,Delta,7,,,,,,,,1,,,Delta,Delta,AY.4,AY.4,-1,-1,-1,-1,-1,0,2,2
ERR5965697,5,control,,1,False,0,0,291898,Delta,Delta,3,,,,,,,,1,,,Delta,Delta,AY.4,AY.4,-1,-1,-1,-1,-1,0,0,0
ERR5966276,5,control,,1,False,0,0,273086,Alpha,Alpha,2,,,,,,,,1,,,Alpha,Alpha,B.1.1.7,B.1.1.7,-1,-1,-1,-1,-1,0,0,0
ERR5990266,5,control,,1,False,0,0,291181,Alpha,Alpha,2,,,,,,,,1,,,Alpha,Alpha,B.1.1.7,B.1.1.7,-1,-1,-1,-1,-1,149,0,0
ERR5996078,5,control,,1,False,0,0,288679,Delta,Delta,2,,,,,,,,1,,,Delta,Delta,B.1.617.2,B.1.617.2,-1,-1,-1,-1,-1,0,0,0
ERR6059393,5,control,,1,False,1,1,278537,Alpha,Alpha,8,,,,,,,,1,,,Alpha,Alpha,B.1.1.7,B.1.1.7,-1,-1,-1,-1,-1,123,0,0
rec_00025,5,recombinant,AlphaxAlpha,1,False,3,3,73890,Alpha,Alpha,4991,,,,,,,,1,ERR5996015,ERR5965071,Alpha,Alpha,B.1.1.7,B.1.1.7,0,25790,7,3,25657,0,1,1
rec_00026,5,recombinant,AlphaxAlpha,1,False,3,3,147296,Alpha,Alpha,101,,,,,,,,1,ERR5966786,ERR5996015,Alpha,Alpha,B.1.1.7,B.1.1.7,0,10981,3,7,27818,0,1,1
rec_00027,5,recombinant,AlphaxAlpha,1,False,3,3,80350,Alpha,Alpha,791,,,,,,,,1,ERR5965617,ERR5996015,Alpha,Alpha,B.1.1.7,B.1.1.7,0,17244,5,4,24442,0,0,0
rec_00028,5,recombinant,AlphaxAlpha,1,False,2,2,263341,Alpha,Alpha,23,,,,,,,,1,ERR5964318,ERR5991738,Alpha,Alpha,B.1.1.7,B.1.1.7,0,27351,12,1,27113,0,1,1
rec_00029,5,recombinant,AlphaxAlpha,1,False,5,5,82855,Alpha,Alpha,468,,,,,,,,1,ERR5965038,ERR5991610,Alpha,Alpha,B.1.1.7,B.1.1.7,0,6375,3,9,26426,0,1,1
rec_00030,5,recombinant,AlphaxAlpha,1,False,7,7,283549,Alpha,Alpha,1,,,,,,,,1,ERR5964866,ERR5991732,Alpha,Alpha,B.1.1.7,B.1.1.7,0,7463,5,15,28065,78,2,2
rec_00031,5,recombinant,AlphaxAlpha,2,True,1,6,161223|271775,Alpha,Alpha,267|12,11498.0,17615.0,6117.0,True,8.0,6.0,True,1,ERR5989570,ERR5965158,Alpha,Alpha,B.1.1.7,B.1.1.7,0,13573,10,7,29389,0,0,0
rec_00032,5,recombinant,AlphaxAlpha,2,True,0,5,279663|285889,Alpha,Alpha,3|2,11581.0,20515.0,8934.0,True,5.0,9.0,True,1,ERR5964582,ERR5965174,Alpha,Alpha,B.1.1.7,B.1.1.7,0,14728,6,9,24729,0,0,0
rec_00033,5,recombinant,AlphaxAlpha,1,False,3,3,269133,Alpha,Alpha,8,,,,,,,,1,ERR5964571,ERR5964870,Alpha,Alpha,B.1.1.7,B.1.1.7,0,20481,13,3,25642,0,0,0
rec_00034,5,recombinant,AlphaxAlpha,1,False,6,6,242218,Alpha,Alpha,28,,,,,,,,1,ERR5964738,ERR5965765,Alpha,Alpha,B.1.1.7,B.1.1.7,0,23852,11,4,26656,0,0,0
rec_00035,5,recombinant,AlphaxAlpha,2,True,1,6,291907|163404,Alpha,Alpha,1|47,20757.0,22273.0,1516.0,True,6.0,6.0,True,1,ERR5965062,ERR5964701,Alpha,Alpha,B.1.1.7,B.1.1.7,0,21807,6,7,24466,0,1,1
rec_00036,5,recombinant,AlphaxAlpha,1,False,4,4,71433,Alpha,Alpha,672,,,,,,,,1,ERR5989483,ERR5989657,Alpha,Alpha,B.1.1.7,B.1.1.7,0,9429,5,10,27198,0,1,1
rec_00037,5,recombinant,AlphaxAlpha,1,False,4,4,90919,Alpha,Alpha,174,,,,,,,,1,ERR5964768,ERR5964341,Alpha,Alpha,B.1.1.7,B.1.1.7,0,25629,11,6,29405,0,0,0
rec_00038,5,recombinant,AlphaxAlpha,1,False,4,4,230455,Alpha,Alpha,19,,,,,,,,1,ERR5964353,ERR5964663,Alpha,Alpha,B.1.1.7,B.1.1.7,0,23480,14,4,28328,0,0,0
rec_00039,5,recombinant,AlphaxAlpha,1,False,3,3,269123,Alpha,Alpha,1,,,,,,,,1,ERR5989815,ERR5964768,Alpha,Alpha,B.1.1.7,B.1.1.7,0,20343,5,3,26243,0,0,0
rec_00040,5,recombinant,AlphaxAlpha,1,False,3,3,163404,Alpha,Alpha,47,,,,,,,,1,ERR5965581,ERR5964701,Alpha,Alpha,B.1.1.7,B.1.1.7,0,6749,2,10,25233,0,1,1
rec_00041,5,recombinant,AlphaxAlpha,2,True,6,11,191778|274535,Alpha,Alpha,2|5,17616.0,21637.0,4021.0,True,7.0,6.0,True,1,ERR5964956,ERR5963751,Alpha,Alpha,B.1.1.7,B.1.1.7,0,20926,11,11,26814,0,2,2
rec_00042,5,recombinant,AlphaxAlpha,2,True,2,7,275831|136581,Alpha,Alpha,8|53,8455.0,11497.0,3042.0,True,9.0,9.0,True,1,ERR5965128,ERR5964608,Alpha,Alpha,B.1.1.7,B.1.1.7,0,9004,11,11,29600,0,1,1
rec_00043,5,recombinant,AlphaxAlpha,1,False,4,4,278396,Alpha,Alpha,4,,,,,,,,1,ERR5965238,ERR5964768,Alpha,Alpha,B.1.1.7,B.1.1.7,0,15817,4,8,27290,0,0,0
rec_00044,5,recombinant,AlphaxAlpha,1,False,4,4,50503,Alpha,Alpha,124400,,,,,,,,1,ERR5965553,ERR5995822,Alpha,Alpha,B.1.1.7,B.1.1.7,0,12222,5,4,24492,0,0,0
rec_00045,5,recombinant,AlphaxAlpha,1,False,5,5,85251,Alpha,Alpha,4,,,,,,,,1,ERR5965765,ERR6062051,Alpha,Alpha,B.1.1.7,B.1.1.7,0,23610,10,4,26656,0,1,1
rec_00046,5,recombinant,AlphaxAlpha,1,False,6,6,271175,Alpha,Alpha,1,,,,,,,,1,ERR5991094,ERR5964481,Alpha,Alpha,B.1.1.7,B.1.1.7,0,16156,10,7,29254,0,0,0
rec_00047,5,recombinant,AlphaxAlpha,1,False,3,3,113425,Alpha,Alpha,386,,,,,,,,1,ERR5989598,ERR5964772,Alpha,Alpha,B.1.1.7,B.1.1.7,0,23307,3,4,25828,0,0,0
rec_00048,5,recombinant,AlphaxAlpha,1,False,3,3,190810,Alpha,Alpha,3,,,,,,,,1,ERR5965430,ERR5972864,Alpha,Alpha,B.1.1.7,B.1.1.7,0,28421,18,1,27555,0,0,0
rec_00049,5,recombinant,AlphaxAlpha,1,False,3,3,291770,Alpha,Alpha,2,,,,,,,,1,ERR5994263,ERR5966784,Alpha,Alpha,B.1.1.7,B.1.1.7,0,19010,9,3,27540,0,0,0
rec_00000,5,recombinant,AlphaxDelta,2,True,1,6,283526|197849,Alpha,Delta,1|316,16467.0,17040.0,573.0,True,22.0,30.0,True,1,ERR5990165,ERR5965474,Alpha,Delta,B.1.1.7,AY.4,5,16840,23,35,29681,0,0,0
rec_00001,5,recombinant,AlphaxDelta,2,True,1,6,292269|268615,Alpha,Delta,1|9,9054.0,10029.0,975.0,True,14.0,38.0,True,1,ERR5965551,ERR5964901,Alpha,Delta,B.1.1.7,AY.4,5,9480,15,44,29532,0,0,0
rec_00002,5,recombinant,AlphaxDelta,2,True,0,5,175408|286124,Delta,Alpha,593|1,11333.0,14676.0,3343.0,True,17.0,34.0,True,1,ERR5981429,ERR5963603,Delta,Alpha,AY.4,B.1.1.7,5,13106,17,37,29532,0,0,0
rec_00003,5,recombinant,AlphaxDelta,2,True,1,6,175408|278537,Delta,Alpha,593|8,11202.0,11332.0,130.0,True,16.0,37.0,True,1,ERR5964574,ERR5964384,Delta,Alpha,AY.4,B.1.1.7,5,11204,16,42,29532,0,1,1
rec_00004,5,recombinant,AlphaxDelta,2,True,2,7,264106|285876,Alpha,Delta,16|1,19873.0,20937.0,1064.0,True,33.0,29.0,True,1,ERR5965300,ERR5995776,Alpha,Delta,B.1.1.7,AY.4,5,19951,33,33,29532,0,2,2
rec_00005,5,recombinant,AlphaxDelta,2,True,0,5,262049|288419,Alpha,Delta,10|1381,28462.0,28881.0,419.0,True,43.0,5.0,True,1,ERR5966786,ERR5964982,Alpha,Delta,B.1.1.7,AY.4,5,28515,50,7,29532,0,0,0
rec_00006,5,recombinant,AlphaxDelta,2,True,2,7,287153|274753,Delta,Alpha,3|5,11333.0,14676.0,3343.0,True,17.0,37.0,True,1,ERR5963674,ERR5991149,Delta,Alpha,AY.5,B.1.1.7,5,12746,18,43,29532,36,0,0
rec_00007,5,recombinant,AlphaxDelta,2,True,1,6,197849|161016,Delta,Alpha,316|219,20579.0,21363.0,784.0,True,25.0,27.0,True,1,ERR5966480,ERR5964582,Delta,Alpha,AY.4,B.1.1.7,5,21043,27,31,29532,0,0,0
rec_00008,5,recombinant,AlphaxDelta,2,True,2,7,190562|255942,Alpha,Delta,1|102,10030.0,11201.0,1171.0,True,14.0,34.0,True,1,ERR5965272,ERR5965819,Alpha,Delta,B.1.1.7,AY.5,5,10063,14,39,29532,0,1,1
rec_00009,5,recombinant,AlphaxDelta,2,True,0,5,269133|197849,Alpha,Delta,8|316,15452.0,16176.0,724.0,True,23.0,33.0,True,1,ERR5964571,ERR5964805,Alpha,Delta,B.1.1.7,AY.4,5,15717,26,37,29532,231,0,0
rec_00010,5,recombinant,AlphaxDelta,2,True,0,5,269509|279765,Alpha,Delta,5|10,11515.0,13019.0,1504.0,True,16.0,34.0,True,1,ERR5995956,ERR5989439,Alpha,Delta,B.1.1.7,B.1.617.2,4,12548,17,40,29532,0,0,0
rec_00011,5,recombinant,AlphaxDelta,2,True,1,6,175408|271703,Delta,Alpha,593|1,16467.0,19220.0,2753.0,True,24.0,29.0,True,1,ERR5964801,ERR5989051,Delta,Alpha,AY.4,B.1.1.7,5,16629,24,35,29532,0,0,0
rec_00012,5,recombinant,AlphaxDelta,2,True,2,7,197849|279635,Delta,Alpha,316|8,19221.0,21618.0,2397.0,True,26.0,27.0,True,1,ERR5995903,ERR5965266,Delta,Alpha,AY.4,B.1.1.7,5,19434,27,34,29532,0,0,0
rec_00013,5,recombinant,AlphaxDelta,2,True,2,7,279663|197849,Alpha,Delta,3|316,11333.0,14676.0,3343.0,True,17.0,35.0,True,1,ERR5964582,ERR5966464,Alpha,Delta,B.1.1.7,AY.4,5,11804,18,41,29532,0,0,0
rec_00014,5,recombinant,AlphaxDelta,1,False,3,3,291779,Delta,Delta,1,,,,,,,,1,ERR5965269,ERR5964805,Alpha,Delta,B.1.1.7,AY.4,5,1428,3,62,29532,231,0,0
rec_00015,5,recombinant,AlphaxDelta,1,False,4,4,269442,Delta,Delta,101,,,,,,,,1,ERR5964958,ERR5996029,Alpha,Delta,B.1.1.7,AY.4,5,4660,4,57,29532,4,0,0
rec_00016,5,recombinant,AlphaxDelta,2,True,1,6,278462|288419,Alpha,Delta,4|1381,27973.0,28048.0,75.0,True,46.0,9.0,True,1,ERR5963646,ERR5966452,Alpha,Delta,B.1.1.7,AY.4,5,27992,49,13,29532,0,1,1
rec_00017,5,recombinant,AlphaxDelta,2,True,1,6,289820|197849,Alpha,Delta,1|316,8815.0,8986.0,171.0,True,13.0,42.0,True,1,ERR5965238,ERR5995999,Alpha,Delta,B.1.1.7,AY.4,5,8836,14,47,29533,0,1,1
rec_00018,5,recombinant,AlphaxDelta,2,True,1,6,285563|167126,Alpha,Delta,2|806,19221.0,21614.0,2393.0,True,23.0,28.0,True,1,ERR5995986,ERR5965477,Alpha,Delta,B.1.1.7,AY.4,5,21569,26,32,29532,0,1,1
rec_00019,5,recombinant,AlphaxDelta,2,True,0,5,154188|224174,Alpha,Delta,2|63,6955.0,9891.0,2936.0,True,9.0,39.0,True,1,ERR5990141,ERR5965239,Alpha,Delta,B.1.1.7,AY.9,5,7379,9,43,29568,0,0,0
rec_00020,5,recombinant,AlphaxDelta,2,True,1,6,288596|212328,Delta,Alpha,2|30,16467.0,17040.0,573.0,True,23.0,31.0,True,1,ERR5964960,ERR5990992,Delta,Alpha,AY.4,B.1.1.7,5,16635,24,36,29532,0,0,0
rec_00021,5,recombinant,AlphaxDelta,2,True,0,5,288812|108106,Delta,Alpha,1|40,21619.0,22917.0,1298.0,True,26.0,25.0,True,1,ERR5965236,ERR5964921,Delta,Alpha,AY.8,B.1.1.7,5,22742,27,30,29534,272,0,0
rec_00022,5,recombinant,AlphaxDelta,2,True,1,6,161223|288419,Alpha,Delta,267|1381,21619.0,22468.0,849.0,True,23.0,24.0,True,1,ERR5989657,ERR5994140,Alpha,Delta,B.1.1.7,AY.4,5,22172,28,29,29532,0,1,1
rec_00023,5,recombinant,AlphaxDelta,2,True,0,5,275831|288419,Alpha,Delta,8|1381,24915.0,25469.0,554.0,True,35.0,19.0,True,1,ERR5965427,ERR5996054,Alpha,Delta,B.1.1.7,AY.4,5,25189,43,23,29579,0,0,0
rec_00024,5,recombinant,AlphaxDelta,2,True,1,6,228640|283443,Alpha,Delta,17|3,19221.0,21618.0,2397.0,True,27.0,28.0,True,1,ERR5965390,ERR5965049,Alpha,Delta,B.1.1.7,AY.120,5,20556,28,33,29553,197,0,0
ERR5964358,3,control,,1,False,2,2,266274,Alpha,Alpha,13,,,,,,,,5,,,Alpha,Alpha,B.1.1.7,B.1.1.7,-1,-1,-1,-1,-1,0,2,2
ERR5964797,3,control,,1,False,1,1,279663,Alpha,Alpha,3,,,,,,,,5,,,Alpha,Alpha,B.1.1.7,B.1.1.7,-1,-1,-1,-1,-1,0,1,1
ERR5964828,3,control,,1,False,2,2,285833,Delta,Delta,1,,,,,,,,5,,,Delta,Delta,AY.4,AY.4,-1,-1,-1,-1,-1,0,2,2
ERR5964873,3,control,,1,False,3,3,254293,Alpha,Alpha,25,,,,,,,,5,,,Alpha,Alpha,B.1.1.7,B.1.1.7,-1,-1,-1,-1,-1,0,2,2
ERR5964976,3,control,,1,False,2,2,226527,Alpha,Alpha,12,,,,,,,,5,,,Alpha,Alpha,B.1.1.7,B.1.1.7,-1,-1,-1,-1,-1,0,2,2
ERR5965017,3,control,,1,False,1,1,286027,Alpha,Alpha,1,,,,,,,,5,,,Alpha,Alpha,B.1.1.7,B.1.1.7,-1,-1,-1,-1,-1,0,1,1
ERR5965025,3,control,,1,False,6,6,281125,Alpha,Alpha,2,,,,,,,,5,,,Alpha,Alpha,B.1.1.7,B.1.1.7,-1,-1,-1,-1,-1,0,4,4
ERR5965069,3,control,,1,False,5,5,197849,Delta,Delta,316,,,,,,,,5,,,Delta,Delta,AY.4,AY.4,-1,-1,-1,-1,-1,125,5,5
ERR5965215,3,control,,1,False,1,1,291780,Delta,Delta,1,,,,,,,,5,,,Delta,Delta,AY.4,AY.4,-1,-1,-1,-1,-1,272,1,1
ERR5965471,3,control,,1,False,4,4,292269,Alpha,Alpha,1,,,,,,,,5,,,Alpha,Alpha,B.1.1.7,B.1.1.7,-1,-1,-1,-1,-1,0,4,4
ERR5965479,3,control,,1,False,2,2,288749,Alpha,Alpha,1,,,,,,,,5,,,Alpha,Alpha,B.1.1.7,B.1.1.7,-1,-1,-1,-1,-1,0,2,2
ERR5965481,3,control,,1,False,3,3,286001,Alpha,Alpha,1,,,,,,,,5,,,Alpha,Alpha,B.1.1.7,B.1.1.7,-1,-1,-1,-1,-1,0,2,2
ERR5965510,3,control,,1,False,2,2,259258,Alpha,Alpha,3,,,,,,,,5,,,Alpha,Alpha,B.1.1.7,B.1.1.7,-1,-1,-1,-1,-1,0,2,2
ERR5965520,3,control,,1,False,3,3,291798,Delta,Delta,1,,,,,,,,5,,,Delta,Delta,AY.4,AY.4,-1,-1,-1,-1,-1,0,2,2
ERR5965521,3,control,,1,False,2,2,197849,Delta,Delta,316,,,,,,,,5,,,Delta,Delta,AY.4,AY.4,-1,-1,-1,-1,-1,0,2,2
ERR5965559,3,control,,1,False,1,1,286001,Alpha,Alpha,1,,,,,,,,5,,,Alpha,Alpha,B.1.1.7,B.1.1.7,-1,-1,-1,-1,-1,0,1,1
ERR5965573,3,control,,1,False,1,1,288594,Delta,Delta,1,,,,,,,,5,,,Delta,Delta,AY.4,AY.4,-1,-1,-1,-1,-1,0,1,1
ERR5965638,3,control,,1,False,3,3,175408,Delta,Delta,593,,,,,,,,5,,,Delta,Delta,AY.4,AY.4,-1,-1,-1,-1,-1,0,1,1
ERR5965670,3,control,,1,False,3,3,197849,Delta,Delta,316,,,,,,,,5,,,Delta,Delta,AY.4,AY.4,-1,-1,-1,-1,-1,0,3,3
ERR5965672,3,control,,1,False,2,2,276999,Delta,Delta,7,,,,,,,,5,,,Delta,Delta,AY.4,AY.4,-1,-1,-1,-1,-1,0,2,2
ERR5965697,3,control,,1,False,2,2,291898,Delta,Delta,3,,,,,,,,5,,,Delta,Delta,AY.4,AY.4,-1,-1,-1,-1,-1,0,2,2
ERR5966276,3,control,,1,False,3,3,273086,Alpha,Alpha,2,,,,,,,,5,,,Alpha,Alpha,B.1.1.7,B.1.1.7,-1,-1,-1,-1,-1,0,3,3
ERR5990266,3,control,,1,False,2,2,291181,Alpha,Alpha,2,,,,,,,,5,,,Alpha,Alpha,B.1.1.7,B.1.1.7,-1,-1,-1,-1,-1,149,2,2
ERR5996078,3,control,,1,False,1,1,288679,Delta,Delta,2,,,,,,,,5,,,Delta,Delta,B.1.617.2,B.1.617.2,-1,-1,-1,-1,-1,0,1,1
ERR6059393,3,control,,1,False,2,2,278537,Alpha,Alpha,8,,,,,,,,5,,,Alpha,Alpha,B.1.1.7,B.1.1.7,-1,-1,-1,-1,-1,123,1,1
rec_00025,3,recombinant,AlphaxAlpha,1,False,3,3,73890,Alpha,Alpha,4991,,,,,,,,5,ERR5996015,ERR5965071,Alpha,Alpha,B.1.1.7,B.1.1.7,0,25790,7,3,25657,0,1,1
rec_00026,3,recombinant,AlphaxAlpha,1,False,5,5,147296,Alpha,Alpha,101,,,,,,,,5,ERR5966786,ERR5996015,Alpha,Alpha,B.1.1.7,B.1.1.7,0,10981,3,7,27818,0,3,3
rec_00027,3,recombinant,AlphaxAlpha,2,True,1,4,226723|147296,Alpha,Alpha,6|101,11508.0,21316.0,9808.0,True,4.0,4.0,True,5,ERR5965617,ERR5996015,Alpha,Alpha,B.1.1.7,B.1.1.7,0,17244,5,4,24442,0,1,1
rec_00028,3,recombinant,AlphaxAlpha,1,False,3,3,263341,Alpha,Alpha,23,,,,,,,,5,ERR5964318,ERR5991738,Alpha,Alpha,B.1.1.7,B.1.1.7,0,27351,12,1,27113,0,2,2
rec_00029,3,recombinant,AlphaxAlpha,2,True,3,6,271306|242652,Alpha,Alpha,4|11,4256.0,11507.0,7251.0,True,3.0,6.0,False,5,ERR5965038,ERR5991610,Alpha,Alpha,B.1.1.7,B.1.1.7,0,6375,3,9,26426,0,2,2
rec_00030,3,recombinant,AlphaxAlpha,2,True,2,5,228640|283549,Alpha,Alpha,17|1,4182.0,8454.0,4272.0,True,4.0,12.0,True,5,ERR5964866,ERR5991732,Alpha,Alpha,B.1.1.7,B.1.1.7,0,7463,5,15,28065,78,1,1
rec_00031,3,recombinant,AlphaxAlpha,2,True,1,4,161223|271775,Alpha,Alpha,267|12,11498.0,17615.0,6117.0,True,8.0,6.0,True,5,ERR5989570,ERR5965158,Alpha,Alpha,B.1.1.7,B.1.1.7,0,13573,10,7,29389,0,0,0
rec_00032,3,recombinant,AlphaxAlpha,2,True,0,3,279663|285889,Alpha,Alpha,3|2,11581.0,20515.0,8934.0,True,5.0,9.0,True,5,ERR5964582,ERR5965174,Alpha,Alpha,B.1.1.7,B.1.1.7,0,14728,6,9,24729,0,0,0
rec_00033,3,recombinant,AlphaxAlpha,2,True,5,8,269133|133443,Alpha,Alpha,8|6,16294.0,18992.0,2698.0,False,8.0,4.0,True,5,ERR5964571,ERR5964870,Alpha,Alpha,B.1.1.7,B.1.1.7,0,20481,13,3,25642,0,6,6
rec_00034,3,recombinant,AlphaxAlpha,2,True,2,5,274311|273268,Alpha,Alpha,10|6,22688.0,25785.0,3097.0,True,9.0,4.0,True,5,ERR5964738,ERR5965765,Alpha,Alpha,B.1.1.7,B.1.1.7,0,23852,11,4,26656,0,0,0
rec_00035,3,recombinant,AlphaxAlpha,2,True,3,6,291907|163404,Alpha,Alpha,1|47,20757.0,22273.0,1516.0,True,6.0,6.0,True,5,ERR5965062,ERR5964701,Alpha,Alpha,B.1.1.7,B.1.1.7,0,21807,6,7,24466,0,3,3
rec_00036,3,recombinant,AlphaxAlpha,2,True,1,4,262902|260341,Alpha,Alpha,9|1,7059.0,13624.0,6565.0,True,5.0,9.0,True,5,ERR5989483,ERR5989657,Alpha,Alpha,B.1.1.7,B.1.1.7,0,9429,5,10,27198,0,1,1
rec_00037,3,recombinant,AlphaxAlpha,2,True,0,3,278396|250665,Alpha,Alpha,4|3,22460.0,25690.0,3230.0,True,8.0,6.0,True,5,ERR5964768,ERR5964341,Alpha,Alpha,B.1.1.7,B.1.1.7,0,25629,11,6,29405,0,0,0
rec_00038,3,recombinant,AlphaxAlpha,2,True,1,4,230455|240239,Alpha,Alpha,19|12,16621.0,28095.0,11474.0,True,9.0,3.0,False,5,ERR5964353,ERR5964663,Alpha,Alpha,B.1.1.7,B.1.1.7,0,23480,14,4,28328,0,1,1
rec_00039,3,recombinant,AlphaxAlpha,2,True,1,4,269123|177738,Alpha,Alpha,1|41,16458.0,25690.0,9232.0,True,4.0,3.0,False,5,ERR5989815,ERR5964768,Alpha,Alpha,B.1.1.7,B.1.1.7,0,20343,5,3,26243,0,1,1
rec_00040,3,recombinant,AlphaxAlpha,1,False,3,3,163404,Alpha,Alpha,47,,,,,,,,5,ERR5965581,ERR5964701,Alpha,Alpha,B.1.1.7,B.1.1.7,0,6749,2,10,25233,0,1,1
rec_00041,3,recombinant,AlphaxAlpha,2,True,6,9,191778|274535,Alpha,Alpha,2|5,17616.0,21637.0,4021.0,True,7.0,6.0,True,5,ERR5964956,ERR5963751,Alpha,Alpha,B.1.1.7,B.1.1.7,0,20926,11,11,26814,0,2,2
rec_00042,3,recombinant,AlphaxAlpha,2,True,3,6,275831|136581,Alpha,Alpha,8|53,8455.0,11497.0,3042.0,True,9.0,9.0,True,5,ERR5965128,ERR5964608,Alpha,Alpha,B.1.1.7,B.1.1.7,0,9004,11,11,29600,0,2,2
rec_00043,3,recombinant,AlphaxAlpha,2,True,1,4,289820|278396,Alpha,Alpha,1|4,15262.0,17445.0,2183.0,True,4.0,8.0,True,5,ERR5965238,ERR5964768,Alpha,Alpha,B.1.1.7,B.1.1.7,0,15817,4,8,27290,0,1,1
rec_00044,3,recombinant,AlphaxAlpha,2,True,5,8,259765|147296,Alpha,Alpha,37|101,11508.0,27513.0,16005.0,True,4.0,4.0,True,5,ERR5965553,ERR5995822,Alpha,Alpha,B.1.1.7,B.1.1.7,0,12222,5,4,24492,0,5,5
rec_00045,3,recombinant,AlphaxAlpha,2,True,4,7,273268|135902,Alpha,Alpha,6|28,22688.0,25785.0,3097.0,True,7.0,4.0,True,5,ERR5965765,ERR6062051,Alpha,Alpha,B.1.1.7,B.1.1.7,0,23610,10,4,26656,0,4,4
rec_00046,3,recombinant,AlphaxAlpha,2,True,3,6,271175|281125,Alpha,Alpha,1|2,15541.0,20133.0,4592.0,True,10.0,4.0,True,5,ERR5991094,ERR5964481,Alpha,Alpha,B.1.1.7,B.1.1.7,0,16156,10,7,29254,0,1,1
rec_00047,3,recombinant,AlphaxAlpha,2,True,1,4,266079|113425,Alpha,Alpha,23|386,5919.0,25524.0,19605.0,True,3.0,4.0,False,5,ERR5989598,ERR5964772,Alpha,Alpha,B.1.1.7,B.1.1.7,0,23307,3,4,25828,0,1,1
rec_00048,3,recombinant,AlphaxAlpha,1,False,3,3,190810,Alpha,Alpha,3,,,,,,,,5,ERR5965430,ERR5972864,Alpha,Alpha,B.1.1.7,B.1.1.7,0,28421,18,1,27555,0,0,0
rec_00049,3,recombinant,AlphaxAlpha,1,False,5,5,291770,Alpha,Alpha,2,,,,,,,,5,ERR5994263,ERR5966784,Alpha,Alpha,B.1.1.7,B.1.1.7,0,19010,9,3,27540,0,2,2
rec_00000,3,recombinant,AlphaxDelta,2,True,2,5,283526|197849,Alpha,Delta,1|316,16467.0,17040.0,573.0,True,22.0,30.0,True,5,ERR5990165,ERR5965474,Alpha,Delta,B.1.1.7,AY.4,5,16840,23,35,29681,0,1,1
rec_00001,3,recombinant,AlphaxDelta,2,True,2,5,292269|268615,Alpha,Delta,1|9,9054.0,10029.0,975.0,True,14.0,38.0,True,5,ERR5965551,ERR5964901,Alpha,Delta,B.1.1.7,AY.4,5,9480,15,44,29532,0,1,1
rec_00002,3,recombinant,AlphaxDelta,2,True,3,6,175408|286124,Delta,Alpha,593|1,11333.0,14676.0,3343.0,True,17.0,34.0,True,5,ERR5981429,ERR5963603,Delta,Alpha,AY.4,B.1.1.7,5,13106,17,37,29532,0,3,3
rec_00003,3,recombinant,AlphaxDelta,2,True,3,6,175408|278537,Delta,Alpha,593|8,11202.0,11332.0,130.0,True,16.0,37.0,True,5,ERR5964574,ERR5964384,Delta,Alpha,AY.4,B.1.1.7,5,11204,16,42,29532,0,3,3
rec_00004,3,recombinant,AlphaxDelta,2,True,0,3,264106|285876,Alpha,Delta,16|1,19873.0,20937.0,1064.0,True,33.0,29.0,True,5,ERR5965300,ERR5995776,Alpha,Delta,B.1.1.7,AY.4,5,19951,33,33,29532,0,0,0
rec_00005,3,recombinant,AlphaxDelta,2,True,0,3,262049|288419,Alpha,Delta,10|1381,28462.0,28881.0,419.0,True,43.0,5.0,True,5,ERR5966786,ERR5964982,Alpha,Delta,B.1.1.7,AY.4,5,28515,50,7,29532,0,0,0
rec_00006,3,recombinant,AlphaxDelta,2,True,4,7,287153|274753,Delta,Alpha,3|5,11333.0,14676.0,3343.0,True,17.0,37.0,True,5,ERR5963674,ERR5991149,Delta,Alpha,AY.5,B.1.1.7,5,12746,18,43,29532,36,2,2
rec_00007,3,recombinant,AlphaxDelta,2,True,5,8,197849|161016,Delta,Alpha,316|219,20579.0,21363.0,784.0,True,25.0,27.0,True,5,ERR5966480,ERR5964582,Delta,Alpha,AY.4,B.1.1.7,5,21043,27,31,29532,0,4,4
rec_00008,3,recombinant,AlphaxDelta,2,True,3,6,190562|255942,Alpha,Delta,1|102,10030.0,11201.0,1171.0,True,14.0,34.0,True,5,ERR5965272,ERR5965819,Alpha,Delta,B.1.1.7,AY.5,5,10063,14,39,29532,0,2,2
rec_00009,3,recombinant,AlphaxDelta,2,True,1,4,269133|197849,Alpha,Delta,8|316,15452.0,16176.0,724.0,True,23.0,33.0,True,5,ERR5964571,ERR5964805,Alpha,Delta,B.1.1.7,AY.4,5,15717,26,37,29532,231,1,1
rec_00010,3,recombinant,AlphaxDelta,2,True,3,6,269509|279765,Alpha,Delta,5|10,11515.0,13019.0,1504.0,True,16.0,34.0,True,5,ERR5995956,ERR5989439,Alpha,Delta,B.1.1.7,B.1.617.2,4,12548,17,40,29532,0,3,3
rec_00011,3,recombinant,AlphaxDelta,2,True,2,5,175408|271703,Delta,Alpha,593|1,16467.0,19220.0,2753.0,True,24.0,29.0,True,5,ERR5964801,ERR5989051,Delta,Alpha,AY.4,B.1.1.7,5,16629,24,35,29532,0,1,1
rec_00012,3,recombinant,AlphaxDelta,2,True,5,8,197849|279635,Delta,Alpha,316|8,19221.0,21618.0,2397.0,True,26.0,27.0,True,5,ERR5995903,ERR5965266,Delta,Alpha,AY.4,B.1.1.7,5,19434,27,34,29532,0,4,3
rec_00013,3,recombinant,AlphaxDelta,2,True,4,7,279663|197849,Alpha,Delta,3|316,11333.0,14676.0,3343.0,True,17.0,35.0,True,5,ERR5964582,ERR5966464,Alpha,Delta,B.1.1.7,AY.4,5,11804,18,41,29532,0,2,2
rec_00014,3,recombinant,AlphaxDelta,1,False,8,8,291779,Delta,Delta,1,,,,,,,,5,ERR5965269,ERR5964805,Alpha,Delta,B.1.1.7,AY.4,5,1428,3,62,29532,231,5,5
rec_00015,3,recombinant,AlphaxDelta,2,True,0,3,171524|269442,Alpha,Delta,1|101,4182.0,5388.0,1206.0,True,4.0,48.0,True,5,ERR5964958,ERR5996029,Alpha,Delta,B.1.1.7,AY.4,5,4660,4,57,29532,4,0,0
rec_00016,3,recombinant,AlphaxDelta,2,True,4,7,278462|288419,Alpha,Delta,4|1381,27973.0,28048.0,75.0,True,46.0,9.0,True,5,ERR5963646,ERR5966452,Alpha,Delta,B.1.1.7,AY.4,5,27992,49,13,29532,0,4,4
rec_00017,3,recombinant,AlphaxDelta,2,True,1,4,289820|197849,Alpha,Delta,1|316,8815.0,8986.0,171.0,True,13.0,42.0,True,5,ERR5965238,ERR5995999,Alpha,Delta,B.1.1.7,AY.4,5,8836,14,47,29533,0,1,1
rec_00018,3,recombinant,AlphaxDelta,2,True,1,4,285563|167126,Alpha,Delta,2|806,19221.0,21614.0,2393.0,True,23.0,28.0,True,5,ERR5995986,ERR5965477,Alpha,Delta,B.1.1.7,AY.4,5,21569,26,32,29532,0,1,1
rec_00019,3,recombinant,AlphaxDelta,2,True,1,4,154188|224174,Alpha,Delta,2|63,6955.0,9891.0,2936.0,True,9.0,39.0,True,5,ERR5990141,ERR5965239,Alpha,Delta,B.1.1.7,AY.9,5,7379,9,43,29568,0,1,1
rec_00020,3,recombinant,AlphaxDelta,2,True,1,4,288596|212328,Delta,Alpha,2|30,16467.0,17040.0,573.0,True,23.0,31.0,True,5,ERR5964960,ERR5990992,Delta,Alpha,AY.4,B.1.1.7,5,16635,24,36,29532,0,0,0
rec_00021,3,recombinant,AlphaxDelta,2,True,3,6,288812|108106,Delta,Alpha,1|40,21619.0,22917.0,1298.0,True,26.0,25.0,True,5,ERR5965236,ERR5964921,Delta,Alpha,AY.8,B.1.1.7,5,22742,27,30,29534,272,3,3
rec_00022,3,recombinant,AlphaxDelta,2,True,3,6,161223|288419,Alpha,Delta,267|1381,21619.0,22468.0,849.0,True,23.0,24.0,True,5,ERR5989657,ERR5994140,Alpha,Delta,B.1.1.7,AY.4,5,22172,28,29,29532,0,3,3
rec_00023,3,recombinant,AlphaxDelta,2,True,4,7,275831|288419,Alpha,Delta,8|1381,24915.0,25469.0,554.0,True,35.0,19.0,True,5,ERR5965427,ERR5996054,Alpha,Delta,B.1.1.7,AY.4,5,25189,43,23,29579,0,4,4
rec_00024,3,recombinant,AlphaxDelta,2,True,3,6,228640|283443,Alpha,Delta,17|3,19221.0,21618.0,2397.0,True,27.0,28.0,True,5,ERR5965390,ERR5965049,Alpha,Delta,B.1.1.7,AY.120,5,20556,28,33,29553,197,2,2
ERR5964358,4,control,,1,False,2,2,266274,Alpha,Alpha,13,,,,,,,,5,,,Alpha,Alpha,B.1.1.7,B.1.1.7,-1,-1,-1,-1,-1,0,2,2
ERR5964797,4,control,,1,False,1,1,279663,Alpha,Alpha,3,,,,,,,,5,,,Alpha,Alpha,B.1.1.7,B.1.1.7,-1,-1,-1,-1,-1,0,1,1
ERR5964828,4,control,,1,False,2,2,285833,Delta,Delta,1,,,,,,,,5,,,Delta,Delta,AY.4,AY.4,-1,-1,-1,-1,-1,0,2,2
ERR5964873,4,control,,1,False,3,3,254293,Alpha,Alpha,25,,,,,,,,5,,,Alpha,Alpha,B.1.1.7,B.1.1.7,-1,-1,-1,-1,-1,0,2,2
ERR5964976,4,control,,1,False,2,2,226527,Alpha,Alpha,12,,,,,,,,5,,,Alpha,Alpha,B.1.1.7,B.1.1.7,-1,-1,-1,-1,-1,0,2,2
ERR5965017,4,control,,1,False,1,1,286027,Alpha,Alpha,1,,,,,,,,5,,,Alpha,Alpha,B.1.1.7,B.1.1.7,-1,-1,-1,-1,-1,0,1,1
ERR5965025,4,control,,1,False,6,6,281125,Alpha,Alpha,2,,,,,,,,5,,,Alpha,Alpha,B.1.1.7,B.1.1.7,-1,-1,-1,-1,-1,0,4,4
ERR5965069,4,control,,1,False,5,5,197849,Delta,Delta,316,,,,,,,,5,,,Delta,Delta,AY.4,AY.4,-1,-1,-1,-1,-1,125,5,5
ERR5965215,4,control,,1,False,1,1,291780,Delta,Delta,1,,,,,,,,5,,,Delta,Delta,AY.4,AY.4,-1,-1,-1,-1,-1,272,1,1
ERR5965471,4,control,,1,False,4,4,292269,Alpha,Alpha,1,,,,,,,,5,,,Alpha,Alpha,B.1.1.7,B.1.1.7,-1,-1,-1,-1,-1,0,4,4
ERR5965479,4,control,,1,False,2,2,288749,Alpha,Alpha,1,,,,,,,,5,,,Alpha,Alpha,B.1.1.7,B.1.1.7,-1,-1,-1,-1,-1,0,2,2
ERR5965481,4,control,,1,False,3,3,286001,Alpha,Alpha,1,,,,,,,,5,,,Alpha,Alpha,B.1.1.7,B.1.1.7,-1,-1,-1,-1,-1,0,2,2
ERR5965510,4,control,,1,False,2,2,259258,Alpha,Alpha,3,,,,,,,,5,,,Alpha,Alpha,B.1.1.7,B.1.1.7,-1,-1,-1,-1,-1,0,2,2
ERR5965520,4,control,,1,False,3,3,291798,Delta,Delta,1,,,,,,,,5,,,Delta,Delta,AY.4,AY.4,-1,-1,-1,-1,-1,0,2,2
ERR5965521,4,control,,1,False,2,2,197849,Delta,Delta,316,,,,,,,,5,,,Delta,Delta,AY.4,AY.4,-1,-1,-1,-1,-1,0,2,2
ERR5965559,4,control,,1,False,1,1,286001,Alpha,Alpha,1,,,,,,,,5,,,Alpha,Alpha,B.1.1.7,B.1.1.7,-1,-1,-1,-1,-1,0,1,1
ERR5965573,4,control,,1,False,1,1,288594,Delta,Delta,1,,,,,,,,5,,,Delta,Delta,AY.4,AY.4,-1,-1,-1,-1,-1,0,1,1
ERR5965638,4,control,,1,False,3,3,175408,Delta,Delta,593,,,,,,,,5,,,Delta,Delta,AY.4,AY.4,-1,-1,-1,-1,-1,0,1,1
ERR5965670,4,control,,1,False,3,3,197849,Delta,Delta,316,,,,,,,,5,,,Delta,Delta,AY.4,AY.4,-1,-1,-1,-1,-1,0,3,3
ERR5965672,4,control,,1,False,2,2,276999,Delta,Delta,7,,,,,,,,5,,,Delta,Delta,AY.4,AY.4,-1,-1,-1,-1,-1,0,2,2
ERR5965697,4,control,,1,False,2,2,291898,Delta,Delta,3,,,,,,,,5,,,Delta,Delta,AY.4,AY.4,-1,-1,-1,-1,-1,0,2,2
ERR5966276,4,control,,1,False,3,3,273086,Alpha,Alpha,2,,,,,,,,5,,,Alpha,Alpha,B.1.1.7,B.1.1.7,-1,-1,-1,-1,-1,0,3,3
ERR5990266,4,control,,1,False,2,2,291181,Alpha,Alpha,2,,,,,,,,5,,,Alpha,Alpha,B.1.1.7,B.1.1.7,-1,-1,-1,-1,-1,149,2,2
ERR5996078,4,control,,1,False,1,1,288679,Delta,Delta,2,,,,,,,,5,,,Delta,Delta,B.1.617.2,B.1.617.2,-1,-1,-1,-1,-1,0,1,1
ERR6059393,4,control,,1,False,2,2,278537,Alpha,Alpha,8,,,,,,,,5,,,Alpha,Alpha,B.1.1.7,B.1.1.7,-1,-1,-1,-1,-1,123,1,1
rec_00025,4,recombinant,AlphaxAlpha,1,False,3,3,73890,Alpha,Alpha,4991,,,,,,,,5,ERR5996015,ERR5965071,Alpha,Alpha,B.1.1.7,B.1.1.7,0,25790,7,3,25657,0,1,1
rec_00026,4,recombinant,AlphaxAlpha,1,False,5,5,147296,Alpha,Alpha,101,,,,,,,,5,ERR5966786,ERR5996015,Alpha,Alpha,B.1.1.7,B.1.1.7,0,10981,3,7,27818,0,3,3
rec_00027,4,recombinant,AlphaxAlpha,1,False,4,4,80350,Alpha,Alpha,791,,,,,,,,5,ERR5965617,ERR5996015,Alpha,Alpha,B.1.1.7,B.1.1.7,0,17244,5,4,24442,0,1,1
rec_00028,4,recombinant,AlphaxAlpha,1,False,3,3,263341,Alpha,Alpha,23,,,,,,,,5,ERR5964318,ERR5991738,Alpha,Alpha,B.1.1.7,B.1.1.7,0,27351,12,1,27113,0,2,2
rec_00029,4,recombinant,AlphaxAlpha,1,False,6,6,82855,Alpha,Alpha,468,,,,,,,,5,ERR5965038,ERR5991610,Alpha,Alpha,B.1.1.7,B.1.1.7,0,6375,3,9,26426,0,2,2
rec_00030,4,recombinant,AlphaxAlpha,2,True,2,6,228640|283549,Alpha,Alpha,17|1,4182.0,8454.0,4272.0,True,4.0,12.0,True,5,ERR5964866,ERR5991732,Alpha,Alpha,B.1.1.7,B.1.1.7,0,7463,5,15,28065,78,1,1
rec_00031,4,recombinant,AlphaxAlpha,2,True,1,5,161223|271775,Alpha,Alpha,267|12,11498.0,17615.0,6117.0,True,8.0,6.0,True,5,ERR5989570,ERR5965158,Alpha,Alpha,B.1.1.7,B.1.1.7,0,13573,10,7,29389,0,0,0
rec_00032,4,recombinant,AlphaxAlpha,2,True,0,4,279663|285889,Alpha,Alpha,3|2,11581.0,20515.0,8934.0,True,5.0,9.0,True,5,ERR5964582,ERR5965174,Alpha,Alpha,B.1.1.7,B.1.1.7,0,14728,6,9,24729,0,0,0
rec_00033,4,recombinant,AlphaxAlpha,2,True,5,9,269133|133443,Alpha,Alpha,8|6,16294.0,18992.0,2698.0,False,8.0,4.0,True,5,ERR5964571,ERR5964870,Alpha,Alpha,B.1.1.7,B.1.1.7,0,20481,13,3,25642,0,6,6
rec_00034,4,recombinant,AlphaxAlpha,2,True,2,6,274311|273268,Alpha,Alpha,10|6,22688.0,25785.0,3097.0,True,9.0,4.0,True,5,ERR5964738,ERR5965765,Alpha,Alpha,B.1.1.7,B.1.1.7,0,23852,11,4,26656,0,0,0
rec_00035,4,recombinant,AlphaxAlpha,2,True,3,7,291907|163404,Alpha,Alpha,1|47,20757.0,22273.0,1516.0,True,6.0,6.0,True,5,ERR5965062,ERR5964701,Alpha,Alpha,B.1.1.7,B.1.1.7,0,21807,6,7,24466,0,3,3
rec_00036,4,recombinant,AlphaxAlpha,1,False,4,4,71433,Alpha,Alpha,672,,,,,,,,5,ERR5989483,ERR5989657,Alpha,Alpha,B.1.1.7,B.1.1.7,0,9429,5,10,27198,0,1,1
rec_00037,4,recombinant,AlphaxAlpha,2,True,0,4,278396|250665,Alpha,Alpha,4|3,22460.0,25690.0,3230.0,True,8.0,6.0,True,5,ERR5964768,ERR5964341,Alpha,Alpha,B.1.1.7,B.1.1.7,0,25629,11,6,29405,0,0,0
rec_00038,4,recombinant,AlphaxAlpha,2,True,1,5,230455|240239,Alpha,Alpha,19|12,16621.0,28095.0,11474.0,True,9.0,3.0,False,5,ERR5964353,ERR5964663,Alpha,Alpha,B.1.1.7,B.1.1.7,0,23480,14,4,28328,0,1,1
rec_00039,4,recombinant,AlphaxAlpha,1,False,4,4,269123,Alpha,Alpha,1,,,,,,,,5,ERR5989815,ERR5964768,Alpha,Alpha,B.1.1.7,B.1.1.7,0,20343,5,3,26243,0,1,1
rec_00040,4,recombinant,AlphaxAlpha,1,False,3,3,163404,Alpha,Alpha,47,,,,,,,,5,ERR5965581,ERR5964701,Alpha,Alpha,B.1.1.7,B.1.1.7,0,6749,2,10,25233,0,1,1
rec_00041,4,recombinant,AlphaxAlpha,2,True,6,10,191778|274535,Alpha,Alpha,2|5,17616.0,21637.0,4021.0,True,7.0,6.0,True,5,ERR5964956,ERR5963751,Alpha,Alpha,B.1.1.7,B.1.1.7,0,20926,11,11,26814,0,2,2
rec_00042,4,recombinant,AlphaxAlpha,2,True,3,7,275831|136581,Alpha,Alpha,8|53,8455.0,11497.0,3042.0,True,9.0,9.0,True,5,ERR5965128,ERR5964608,Alpha,Alpha,B.1.1.7,B.1.1.7,0,9004,11,11,29600,0,2,2
rec_00043,4,recombinant,AlphaxAlpha,2,True,1,5,289820|278396,Alpha,Alpha,1|4,15262.0,17445.0,2183.0,True,4.0,8.0,True,5,ERR5965238,ERR5964768,Alpha,Alpha,B.1.1.7,B.1.1.7,0,15817,4,8,27290,0,1,1
rec_00044,4,recombinant,AlphaxAlpha,2,True,5,9,259765|147296,Alpha,Alpha,37|101,11508.0,27513.0,16005.0,True,4.0,4.0,True,5,ERR5965553,ERR5995822,Alpha,Alpha,B.1.1.7,B.1.1.7,0,12222,5,4,24492,0,5,5
rec_00045,4,recombinant,AlphaxAlpha,2,True,4,8,273268|135902,Alpha,Alpha,6|28,22688.0,25785.0,3097.0,True,7.0,4.0,True,5,ERR5965765,ERR6062051,Alpha,Alpha,B.1.1.7,B.1.1.7,0,23610,10,4,26656,0,4,4
rec_00046,4,recombinant,AlphaxAlpha,2,True,3,7,271175|281125,Alpha,Alpha,1|2,15541.0,20133.0,4592.0,True,10.0,4.0,True,5,ERR5991094,ERR5964481,Alpha,Alpha,B.1.1.7,B.1.1.7,0,16156,10,7,29254,0,1,1
rec_00047,4,recombinant,AlphaxAlpha,1,False,4,4,113425,Alpha,Alpha,386,,,,,,,,5,ERR5989598,ERR5964772,Alpha,Alpha,B.1.1.7,B.1.1.7,0,23307,3,4,25828,0,1,1
rec_00048,4,recombinant,AlphaxAlpha,1,False,3,3,190810,Alpha,Alpha,3,,,,,,,,5,ERR5965430,ERR5972864,Alpha,Alpha,B.1.1.7,B.1.1.7,0,28421,18,1,27555,0,0,0
rec_00049,4,recombinant,AlphaxAlpha,1,False,5,5,291770,Alpha,Alpha,2,,,,,,,,5,ERR5994263,ERR5966784,Alpha,Alpha,B.1.1.7,B.1.1.7,0,19010,9,3,27540,0,2,2
rec_00000,4,recombinant,AlphaxDelta,2,True,2,6,283526|197849,Alpha,Delta,1|316,16467.0,17040.0,573.0,True,22.0,30.0,True,5,ERR5990165,ERR5965474,Alpha,Delta,B.1.1.7,AY.4,5,16840,23,35,29681,0,1,1
rec_00001,4,recombinant,AlphaxDelta,2,True,2,6,292269|268615,Alpha,Delta,1|9,9054.0,10029.0,975.0,True,14.0,38.0,True,5,ERR5965551,ERR5964901,Alpha,Delta,B.1.1.7,AY.4,5,9480,15,44,29532,0,1,1
rec_00002,4,recombinant,AlphaxDelta,2,True,3,7,175408|286124,Delta,Alpha,593|1,11333.0,14676.0,3343.0,True,17.0,34.0,True,5,ERR5981429,ERR5963603,Delta,Alpha,AY.4,B.1.1.7,5,13106,17,37,29532,0,3,3
rec_00003,4,recombinant,AlphaxDelta,2,True,3,7,175408|278537,Delta,Alpha,593|8,11202.0,11332.0,130.0,True,16.0,37.0,True,5,ERR5964574,ERR5964384,Delta,Alpha,AY.4,B.1.1.7,5,11204,16,42,29532,0,3,3
rec_00004,4,recombinant,AlphaxDelta,2,True,0,4,264106|285876,Alpha,Delta,16|1,19873.0,20937.0,1064.0,True,33.0,29.0,True,5,ERR5965300,ERR5995776,Alpha,Delta,B.1.1.7,AY.4,5,19951,33,33,29532,0,0,0
rec_00005,4,recombinant,AlphaxDelta,2,True,0,4,262049|288419,Alpha,Delta,10|1381,28462.0,28881.0,419.0,True,43.0,5.0,True,5,ERR5966786,ERR5964982,Alpha,Delta,B.1.1.7,AY.4,5,28515,50,7,29532,0,0,0
rec_00006,4,recombinant,AlphaxDelta,2,True,4,8,287153|274753,Delta,Alpha,3|5,11333.0,14676.0,3343.0,True,17.0,37.0,True,5,ERR5963674,ERR5991149,Delta,Alpha,AY.5,B.1.1.7,5,12746,18,43,29532,36,2,2
rec_00007,4,recombinant,AlphaxDelta,2,True,5,9,197849|161016,Delta,Alpha,316|219,20579.0,21363.0,784.0,True,25.0,27.0,True,5,ERR5966480,ERR5964582,Delta,Alpha,AY.4,B.1.1.7,5,21043,27,31,29532,0,4,4
rec_00008,4,recombinant,AlphaxDelta,2,True,3,7,190562|255942,Alpha,Delta,1|102,10030.0,11201.0,1171.0,True,14.0,34.0,True,5,ERR5965272,ERR5965819,Alpha,Delta,B.1.1.7,AY.5,5,10063,14,39,29532,0,2,2
rec_00009,4,recombinant,AlphaxDelta,2,True,1,5,269133|197849,Alpha,Delta,8|316,15452.0,16176.0,724.0,True,23.0,33.0,True,5,ERR5964571,ERR5964805,Alpha,Delta,B.1.1.7,AY.4,5,15717,26,37,29532,231,1,1
rec_00010,4,recombinant,AlphaxDelta,2,True,3,7,269509|279765,Alpha,Delta,5|10,11515.0,13019.0,1504.0,True,16.0,34.0,True,5,ERR5995956,ERR5989439,Alpha,Delta,B.1.1.7,B.1.617.2,4,12548,17,40,29532,0,3,3
rec_00011,4,recombinant,AlphaxDelta,2,True,2,6,175408|271703,Delta,Alpha,593|1,16467.0,19220.0,2753.0,True,24.0,29.0,True,5,ERR5964801,ERR5989051,Delta,Alpha,AY.4,B.1.1.7,5,16629,24,35,29532,0,1,1
rec_00012,4,recombinant,AlphaxDelta,2,True,5,9,197849|279635,Delta,Alpha,316|8,19221.0,21618.0,2397.0,True,26.0,27.0,True,5,ERR5995903,ERR5965266,Delta,Alpha,AY.4,B.1.1.7,5,19434,27,34,29532,0,4,3
rec_00013,4,recombinant,AlphaxDelta,2,True,4,8,279663|197849,Alpha,Delta,3|316,11333.0,14676.0,3343.0,True,17.0,35.0,True,5,ERR5964582,ERR5966464,Alpha,Delta,B.1.1.7,AY.4,5,11804,18,41,29532,0,2,2
rec_00014,4,recombinant,AlphaxDelta,1,False,8,8,291779,Delta,Delta,1,,,,,,,,5,ERR5965269,ERR5964805,Alpha,Delta,B.1.1.7,AY.4,5,1428,3,62,29532,231,5,5
rec_00015,4,recombinant,AlphaxDelta,2,True,0,4,171524|269442,Alpha,Delta,1|101,4182.0,5388.0,1206.0,True,4.0,48.0,True,5,ERR5964958,ERR5996029,Alpha,Delta,B.1.1.7,AY.4,5,4660,4,57,29532,4,0,0
rec_00016,4,recombinant,AlphaxDelta,2,True,4,8,278462|288419,Alpha,Delta,4|1381,27973.0,28048.0,75.0,True,46.0,9.0,True,5,ERR5963646,ERR5966452,Alpha,Delta,B.1.1.7,AY.4,5,27992,49,13,29532,0,4,4
rec_00017,4,recombinant,AlphaxDelta,2,True,1,5,289820|197849,Alpha,Delta,1|316,8815.0,8986.0,171.0,True,13.0,42.0,True,5,ERR5965238,ERR5995999,Alpha,Delta,B.1.1.7,AY.4,5,8836,14,47,29533,0,1,1
rec_00018,4,recombinant,AlphaxDelta,2,True,1,5,285563|167126,Alpha,Delta,2|806,19221.0,21614.0,2393.0,True,23.0,28.0,True,5,ERR5995986,ERR5965477,Alpha,Delta,B.1.1.7,AY.4,5,21569,26,32,29532,0,1,1
rec_00019,4,recombinant,AlphaxDelta,2,True,1,5,154188|224174,Alpha,Delta,2|63,6955.0,9891.0,2936.0,True,9.0,39.0,True,5,ERR5990141,ERR5965239,Alpha,Delta,B.1.1.7,AY.9,5,7379,9,43,29568,0,1,1
rec_00020,4,recombinant,AlphaxDelta,2,True,1,5,288596|212328,Delta,Alpha,2|30,16467.0,17040.0,573.0,True,23.0,31.0,True,5,ERR5964960,ERR5990992,Delta,Alpha,AY.4,B.1.1.7,5,16635,24,36,29532,0,0,0
rec_00021,4,recombinant,AlphaxDelta,2,True,3,7,288812|108106,Delta,Alpha,1|40,21619.0,22917.0,1298.0,True,26.0,25.0,True,5,ERR5965236,ERR5964921,Delta,Alpha,AY.8,B.1.1.7,5,22742,27,30,29534,272,3,3
rec_00022,4,recombinant,AlphaxDelta,2,True,3,7,161223|288419,Alpha,Delta,267|1381,21619.0,22468.0,849.0,True,23.0,24.0,True,5,ERR5989657,ERR5994140,Alpha,Delta,B.1.1.7,AY.4,5,22172,28,29,29532,0,3,3
rec_00023,4,recombinant,AlphaxDelta,2,True,4,8,275831|288419,Alpha,Delta,8|1381,24915.0,25469.0,554.0,True,35.0,19.0,True,5,ERR5965427,ERR5996054,Alpha,Delta,B.1.1.7,AY.4,5,25189,43,23,29579,0,4,4
rec_00024,4,recombinant,AlphaxDelta,2,True,3,7,228640|283443,Alpha,Delta,17|3,19221.0,21618.0,2397.0,True,27.0,28.0,True,5,ERR5965390,ERR5965049,Alpha,Delta,B.1.1.7,AY.120,5,20556,28,33,29553,197,2,2
ERR5964358,5,control,,1,False,2,2,266274,Alpha,Alpha,13,,,,,,,,5,,,Alpha,Alpha,B.1.1.7,B.1.1.7,-1,-1,-1,-1,-1,0,2,2
ERR5964797,5,control,,1,False,1,1,279663,Alpha,Alpha,3,,,,,,,,5,,,Alpha,Alpha,B.1.1.7,B.1.1.7,-1,-1,-1,-1,-1,0,1,1
ERR5964828,5,control,,1,False,2,2,285833,Delta,Delta,1,,,,,,,,5,,,Delta,Delta,AY.4,AY.4,-1,-1,-1,-1,-1,0,2,2
ERR5964873,5,control,,1,False,3,3,254293,Alpha,Alpha,25,,,,,,,,5,,,Alpha,Alpha,B.1.1.7,B.1.1.7,-1,-1,-1,-1,-1,0,2,2
ERR5964976,5,control,,1,False,2,2,226527,Alpha,Alpha,12,,,,,,,,5,,,Alpha,Alpha,B.1.1.7,B.1.1.7,-1,-1,-1,-1,-1,0,2,2
ERR5965017,5,control,,1,False,1,1,286027,Alpha,Alpha,1,,,,,,,,5,,,Alpha,Alpha,B.1.1.7,B.1.1.7,-1,-1,-1,-1,-1,0,1,1
ERR5965025,5,control,,1,False,6,6,281125,Alpha,Alpha,2,,,,,,,,5,,,Alpha,Alpha,B.1.1.7,B.1.1.7,-1,-1,-1,-1,-1,0,4,4
ERR5965069,5,control,,1,False,5,5,197849,Delta,Delta,316,,,,,,,,5,,,Delta,Delta,AY.4,AY.4,-1,-1,-1,-1,-1,125,5,5
ERR5965215,5,control,,1,False,1,1,291780,Delta,Delta,1,,,,,,,,5,,,Delta,Delta,AY.4,AY.4,-1,-1,-1,-1,-1,272,1,1
ERR5965471,5,control,,1,False,4,4,292269,Alpha,Alpha,1,,,,,,,,5,,,Alpha,Alpha,B.1.1.7,B.1.1.7,-1,-1,-1,-1,-1,0,4,4
ERR5965479,5,control,,1,False,2,2,288749,Alpha,Alpha,1,,,,,,,,5,,,Alpha,Alpha,B.1.1.7,B.1.1.7,-1,-1,-1,-1,-1,0,2,2
ERR5965481,5,control,,1,False,3,3,286001,Alpha,Alpha,1,,,,,,,,5,,,Alpha,Alpha,B.1.1.7,B.1.1.7,-1,-1,-1,-1,-1,0,2,2
ERR5965510,5,control,,1,False,2,2,259258,Alpha,Alpha,3,,,,,,,,5,,,Alpha,Alpha,B.1.1.7,B.1.1.7,-1,-1,-1,-1,-1,0,2,2
ERR5965520,5,control,,1,False,3,3,291798,Delta,Delta,1,,,,,,,,5,,,Delta,Delta,AY.4,AY.4,-1,-1,-1,-1,-1,0,2,2
ERR5965521,5,control,,1,False,2,2,197849,Delta,Delta,316,,,,,,,,5,,,Delta,Delta,AY.4,AY.4,-1,-1,-1,-1,-1,0,2,2
ERR5965559,5,control,,1,False,1,1,286001,Alpha,Alpha,1,,,,,,,,5,,,Alpha,Alpha,B.1.1.7,B.1.1.7,-1,-1,-1,-1,-1,0,1,1
ERR5965573,5,control,,1,False,1,1,288594,Delta,Delta,1,,,,,,,,5,,,Delta,Delta,AY.4,AY.4,-1,-1,-1,-1,-1,0,1,1
ERR5965638,5,control,,1,False,3,3,175408,Delta,Delta,593,,,,,,,,5,,,Delta,Delta,AY.4,AY.4,-1,-1,-1,-1,-1,0,1,1
ERR5965670,5,control,,1,False,3,3,197849,Delta,Delta,316,,,,,,,,5,,,Delta,Delta,AY.4,AY.4,-1,-1,-1,-1,-1,0,3,3
ERR5965672,5,control,,1,False,2,2,276999,Delta,Delta,7,,,,,,,,5,,,Delta,Delta,AY.4,AY.4,-1,-1,-1,-1,-1,0,2,2
ERR5965697,5,control,,1,False,2,2,291898,Delta,Delta,3,,,,,,,,5,,,Delta,Delta,AY.4,AY.4,-1,-1,-1,-1,-1,0,2,2
ERR5966276,5,control,,1,False,3,3,273086,Alpha,Alpha,2,,,,,,,,5,,,Alpha,Alpha,B.1.1.7,B.1.1.7,-1,-1,-1,-1,-1,0,3,3
ERR5990266,5,control,,1,False,2,2,291181,Alpha,Alpha,2,,,,,,,,5,,,Alpha,Alpha,B.1.1.7,B.1.1.7,-1,-1,-1,-1,-1,149,2,2
ERR5996078,5,control,,1,False,1,1,288679,Delta,Delta,2,,,,,,,,5,,,Delta,Delta,B.1.617.2,B.1.617.2,-1,-1,-1,-1,-1,0,1,1
ERR6059393,5,control,,1,False,2,2,278537,Alpha,Alpha,8,,,,,,,,5,,,Alpha,Alpha,B.1.1.7,B.1.1.7,-1,-1,-1,-1,-1,123,1,1
rec_00025,5,recombinant,AlphaxAlpha,1,False,3,3,73890,Alpha,Alpha,4991,,,,,,,,5,ERR5996015,ERR5965071,Alpha,Alpha,B.1.1.7,B.1.1.7,0,25790,7,3,25657,0,1,1
rec_00026,5,recombinant,AlphaxAlpha,1,False,5,5,147296,Alpha,Alpha,101,,,,,,,,5,ERR5966786,ERR5996015,Alpha,Alpha,B.1.1.7,B.1.1.7,0,10981,3,7,27818,0,3,3
rec_00027,5,recombinant,AlphaxAlpha,1,False,4,4,80350,Alpha,Alpha,791,,,,,,,,5,ERR5965617,ERR5996015,Alpha,Alpha,B.1.1.7,B.1.1.7,0,17244,5,4,24442,0,1,1
rec_00028,5,recombinant,AlphaxAlpha,1,False,3,3,263341,Alpha,Alpha,23,,,,,,,,5,ERR5964318,ERR5991738,Alpha,Alpha,B.1.1.7,B.1.1.7,0,27351,12,1,27113,0,2,2
rec_00029,5,recombinant,AlphaxAlpha,1,False,6,6,82855,Alpha,Alpha,468,,,,,,,,5,ERR5965038,ERR5991610,Alpha,Alpha,B.1.1.7,B.1.1.7,0,6375,3,9,26426,0,2,2
rec_00030,5,recombinant,AlphaxAlpha,1,False,6,6,283549,Alpha,Alpha,1,,,,,,,,5,ERR5964866,ERR5991732,Alpha,Alpha,B.1.1.7,B.1.1.7,0,7463,5,15,28065,78,1,1
rec_00031,5,recombinant,AlphaxAlpha,2,True,1,6,161223|271775,Alpha,Alpha,267|12,11498.0,17615.0,6117.0,True,8.0,6.0,True,5,ERR5989570,ERR5965158,Alpha,Alpha,B.1.1.7,B.1.1.7,0,13573,10,7,29389,0,0,0
rec_00032,5,recombinant,AlphaxAlpha,2,True,0,5,279663|285889,Alpha,Alpha,3|2,11581.0,20515.0,8934.0,True,5.0,9.0,True,5,ERR5964582,ERR5965174,Alpha,Alpha,B.1.1.7,B.1.1.7,0,14728,6,9,24729,0,0,0
rec_00033,5,recombinant,AlphaxAlpha,1,False,9,9,269133,Alpha,Alpha,8,,,,,,,,5,ERR5964571,ERR5964870,Alpha,Alpha,B.1.1.7,B.1.1.7,0,20481,13,3,25642,0,6,6
rec_00034,5,recombinant,AlphaxAlpha,1,False,6,6,242218,Alpha,Alpha,28,,,,,,,,5,ERR5964738,ERR5965765,Alpha,Alpha,B.1.1.7,B.1.1.7,0,23852,11,4,26656,0,0,0
rec_00035,5,recombinant,AlphaxAlpha,2,True,3,8,291907|163404,Alpha,Alpha,1|47,20757.0,22273.0,1516.0,True,6.0,6.0,True,5,ERR5965062,ERR5964701,Alpha,Alpha,B.1.1.7,B.1.1.7,0,21807,6,7,24466,0,3,3
rec_00036,5,recombinant,AlphaxAlpha,1,False,4,4,71433,Alpha,Alpha,672,,,,,,,,5,ERR5989483,ERR5989657,Alpha,Alpha,B.1.1.7,B.1.1.7,0,9429,5,10,27198,0,1,1
rec_00037,5,recombinant,AlphaxAlpha,1,False,4,4,90919,Alpha,Alpha,174,,,,,,,,5,ERR5964768,ERR5964341,Alpha,Alpha,B.1.1.7,B.1.1.7,0,25629,11,6,29405,0,0,0
rec_00038,5,recombinant,AlphaxAlpha,1,False,5,5,230455,Alpha,Alpha,19,,,,,,,,5,ERR5964353,ERR5964663,Alpha,Alpha,B.1.1.7,B.1.1.7,0,23480,14,4,28328,0,1,1
rec_00039,5,recombinant,AlphaxAlpha,1,False,4,4,269123,Alpha,Alpha,1,,,,,,,,5,ERR5989815,ERR5964768,Alpha,Alpha,B.1.1.7,B.1.1.7,0,20343,5,3,26243,0,1,1
rec_00040,5,recombinant,AlphaxAlpha,1,False,3,3,163404,Alpha,Alpha,47,,,,,,,,5,ERR5965581,ERR5964701,Alpha,Alpha,B.1.1.7,B.1.1.7,0,6749,2,10,25233,0,1,1
rec_00041,5,recombinant,AlphaxAlpha,2,True,6,11,191778|274535,Alpha,Alpha,2|5,17616.0,21637.0,4021.0,True,7.0,6.0,True,5,ERR5964956,ERR5963751,Alpha,Alpha,B.1.1.7,B.1.1.7,0,20926,11,11,26814,0,2,2
rec_00042,5,recombinant,AlphaxAlpha,2,True,3,8,275831|136581,Alpha,Alpha,8|53,8455.0,11497.0,3042.0,True,9.0,9.0,True,5,ERR5965128,ERR5964608,Alpha,Alpha,B.1.1.7,B.1.1.7,0,9004,11,11,29600,0,2,2
rec_00043,5,recombinant,AlphaxAlpha,1,False,5,5,278396,Alpha,Alpha,4,,,,,,,,5,ERR5965238,ERR5964768,Alpha,Alpha,B.1.1.7,B.1.1.7,0,15817,4,8,27290,0,1,1
rec_00044,5,recombinant,AlphaxAlpha,1,False,9,9,50503,Alpha,Alpha,124400,,,,,,,,5,ERR5965553,ERR5995822,Alpha,Alpha,B.1.1.7,B.1.1.7,0,12222,5,4,24492,0,5,5
rec_00045,5,recombinant,AlphaxAlpha,1,False,8,8,85251,Alpha,Alpha,4,,,,,,,,5,ERR5965765,ERR6062051,Alpha,Alpha,B.1.1.7,B.1.1.7,0,23610,10,4,26656,0,4,4
rec_00046,5,recombinant,AlphaxAlpha,1,False,7,7,271175,Alpha,Alpha,1,,,,,,,,5,ERR5991094,ERR5964481,Alpha,Alpha,B.1.1.7,B.1.1.7,0,16156,10,7,29254,0,1,1
rec_00047,5,recombinant,AlphaxAlpha,1,False,4,4,113425,Alpha,Alpha,386,,,,,,,,5,ERR5989598,ERR5964772,Alpha,Alpha,B.1.1.7,B.1.1.7,0,23307,3,4,25828,0,1,1
rec_00048,5,recombinant,AlphaxAlpha,1,False,3,3,190810,Alpha,Alpha,3,,,,,,,,5,ERR5965430,ERR5972864,Alpha,Alpha,B.1.1.7,B.1.1.7,0,28421,18,1,27555,0,0,0
rec_00049,5,recombinant,AlphaxAlpha,1,False,5,5,291770,Alpha,Alpha,2,,,,,,,,5,ERR5994263,ERR5966784,Alpha,Alpha,B.1.1.7,B.1.1.7,0,19010,9,3,27540,0,2,2
rec_00000,5,recombinant,AlphaxDelta,2,True,2,7,283526|197849,Alpha,Delta,1|316,16467.0,17040.0,573.0,True,22.0,30.0,True,5,ERR5990165,ERR5965474,Alpha,Delta,B.1.1.7,AY.4,5,16840,23,35,29681,0,1,1
rec_00001,5,recombinant,AlphaxDelta,2,True,2,7,292269|268615,Alpha,Delta,1|9,9054.0,10029.0,975.0,True,14.0,38.0,True,5,ERR5965551,ERR5964901,Alpha,Delta,B.1.1.7,AY.4,5,9480,15,44,29532,0,1,1
rec_00002,5,recombinant,AlphaxDelta,2,True,3,8,175408|286124,Delta,Alpha,593|1,11333.0,14676.0,3343.0,True,17.0,34.0,True,5,ERR5981429,ERR5963603,Delta,Alpha,AY.4,B.1.1.7,5,13106,17,37,29532,0,3,3
rec_00003,5,recombinant,AlphaxDelta,2,True,3,8,175408|278537,Delta,Alpha,593|8,11202.0,11332.0,130.0,True,16.0,37.0,True,5,ERR5964574,ERR5964384,Delta,Alpha,AY.4,B.1.1.7,5,11204,16,42,29532,0,3,3
rec_00004,5,recombinant,AlphaxDelta,2,True,0,5,264106|285876,Alpha,Delta,16|1,19873.0,20937.0,1064.0,True,33.0,29.0,True,5,ERR5965300,ERR5995776,Alpha,Delta,B.1.1.7,AY.4,5,19951,33,33,29532,0,0,0
rec_00005,5,recombinant,AlphaxDelta,2,True,0,5,262049|288419,Alpha,Delta,10|1381,28462.0,28881.0,419.0,True,43.0,5.0,True,5,ERR5966786,ERR5964982,Alpha,Delta,B.1.1.7,AY.4,5,28515,50,7,29532,0,0,0
rec_00006,5,recombinant,AlphaxDelta,2,True,4,9,287153|274753,Delta,Alpha,3|5,11333.0,14676.0,3343.0,True,17.0,37.0,True,5,ERR5963674,ERR5991149,Delta,Alpha,AY.5,B.1.1.7,5,12746,18,43,29532,36,2,2
rec_00007,5,recombinant,AlphaxDelta,2,True,5,10,197849|161016,Delta,Alpha,316|219,20579.0,21363.0,784.0,True,25.0,27.0,True,5,ERR5966480,ERR5964582,Delta,Alpha,AY.4,B.1.1.7,5,21043,27,31,29532,0,4,4
rec_00008,5,recombinant,AlphaxDelta,2,True,3,8,190562|255942,Alpha,Delta,1|102,10030.0,11201.0,1171.0,True,14.0,34.0,True,5,ERR5965272,ERR5965819,Alpha,Delta,B.1.1.7,AY.5,5,10063,14,39,29532,0,2,2
rec_00009,5,recombinant,AlphaxDelta,2,True,1,6,269133|197849,Alpha,Delta,8|316,15452.0,16176.0,724.0,True,23.0,33.0,True,5,ERR5964571,ERR5964805,Alpha,Delta,B.1.1.7,AY.4,5,15717,26,37,29532,231,1,1
rec_00010,5,recombinant,AlphaxDelta,2,True,3,8,269509|279765,Alpha,Delta,5|10,11515.0,13019.0,1504.0,True,16.0,34.0,True,5,ERR5995956,ERR5989439,Alpha,Delta,B.1.1.7,B.1.617.2,4,12548,17,40,29532,0,3,3
rec_00011,5,recombinant,AlphaxDelta,2,True,2,7,175408|271703,Delta,Alpha,593|1,16467.0,19220.0,2753.0,True,24.0,29.0,True,5,ERR5964801,ERR5989051,Delta,Alpha,AY.4,B.1.1.7,5,16629,24,35,29532,0,1,1
rec_00012,5,recombinant,AlphaxDelta,2,True,5,10,197849|279635,Delta,Alpha,316|8,19221.0,21618.0,2397.0,True,26.0,27.0,True,5,ERR5995903,ERR5965266,Delta,Alpha,AY.4,B.1.1.7,5,19434,27,34,29532,0,4,3
rec_00013,5,recombinant,AlphaxDelta,2,True,4,9,279663|197849,Alpha,Delta,3|316,11333.0,14676.0,3343.0,True,17.0,35.0,True,5,ERR5964582,ERR5966464,Alpha,Delta,B.1.1.7,AY.4,5,11804,18,41,29532,0,2,2
rec_00014,5,recombinant,AlphaxDelta,1,False,8,8,291779,Delta,Delta,1,,,,,,,,5,ERR5965269,ERR5964805,Alpha,Delta,B.1.1.7,AY.4,5,1428,3,62,29532,231,5,5
rec_00015,5,recombinant,AlphaxDelta,1,False,4,4,269442,Delta,Delta,101,,,,,,,,5,ERR5964958,ERR5996029,Alpha,Delta,B.1.1.7,AY.4,5,4660,4,57,29532,4,0,0
rec_00016,5,recombinant,AlphaxDelta,2,True,4,9,278462|288419,Alpha,Delta,4|1381,27973.0,28048.0,75.0,True,46.0,9.0,True,5,ERR5963646,ERR5966452,Alpha,Delta,B.1.1.7,AY.4,5,27992,49,13,29532,0,4,4
rec_00017,5,recombinant,AlphaxDelta,2,True,1,6,289820|197849,Alpha,Delta,1|316,8815.0,8986.0,171.0,True,13.0,42.0,True,5,ERR5965238,ERR5995999,Alpha,Delta,B.1.1.7,AY.4,5,8836,14,47,29533,0,1,1
rec_00018,5,recombinant,AlphaxDelta,2,True,1,6,285563|167126,Alpha,Delta,2|806,19221.0,21614.0,2393.0,True,23.0,28.0,True,5,ERR5995986,ERR5965477,Alpha,Delta,B.1.1.7,AY.4,5,21569,26,32,29532,0,1,1
rec_00019,5,recombinant,AlphaxDelta,2,True,1,6,154188|224174,Alpha,Delta,2|63,6955.0,9891.0,2936.0,True,9.0,39.0,True,5,ERR5990141,ERR5965239,Alpha,Delta,B.1.1.7,AY.9,5,7379,9,43,29568,0,1,1
rec_00020,5,recombinant,AlphaxDelta,2,True,1,6,288596|212328,Delta,Alpha,2|30,16467.0,17040.0,573.0,True,23.0,31.0,True,5,ERR5964960,ERR5990992,Delta,Alpha,AY.4,B.1.1.7,5,16635,24,36,29532,0,0,0
rec_00021,5,recombinant,AlphaxDelta,2,True,3,8,288812|108106,Delta,Alpha,1|40,21619.0,22917.0,1298.0,True,26.0,25.0,True,5,ERR5965236,ERR5964921,Delta,Alpha,AY.8,B.1.1.7,5,22742,27,30,29534,272,3,3
rec_00022,5,recombinant,AlphaxDelta,2,True,3,8,161223|288419,Alpha,Delta,267|1381,21619.0,22468.0,849.0,True,23.0,24.0,True,5,ERR5989657,ERR5994140,Alpha,Delta,B.1.1.7,AY.4,5,22172,28,29,29532,0,3,3
rec_00023,5,recombinant,AlphaxDelta,2,True,4,9,275831|288419,Alpha,Delta,8|1381,24915.0,25469.0,554.0,True,35.0,19.0,True,5,ERR5965427,ERR5996054,Alpha,Delta,B.1.1.7,AY.4,5,25189,43,23,29579,0,4,4
rec_00024,5,recombinant,AlphaxDelta,2,True,3,8,228640|283443,Alpha,Delta,17|3,19221.0,21618.0,2397.0,True,27.0,28.0,True,5,ERR5965390,ERR5965049,Alpha,Delta,B.1.1.7,AY.120,5,20556,28,33,29553,197,2,2
