strain,mutation_multiplier,type,cross,left_parent,right_parent,left_lineage,right_lineage,left_pango,right_pango,parent_pangonet_distance,breakpoint,num_informative_left,num_informative_right,detectable_window,num_missing,num_added_mutations,num_added_mutations_arg
rec_00000,0,recombinant,AlphaxDelta,ERR5966478,ERR5964320,Delta,Alpha,AY.4,B.1.1.7,5,16919,23,35,29532,0,0,0
rec_00001,0,recombinant,AlphaxDelta,ERR5965822,ERR5965351,Delta,Alpha,AY.4,B.1.1.7,5,17550,24,35,29532,0,0,0
rec_00002,0,recombinant,AlphaxDelta,ERR5964916,ERR5966797,Alpha,Delta,B.1.1.7,AY.4,5,23460,32,24,29556,0,0,0
rec_00003,0,recombinant,AlphaxDelta,ERR5995999,ERR5965071,Delta,Alpha,AY.4,B.1.1.7,5,15853,22,35,29532,0,0,0
rec_00004,0,recombinant,AlphaxDelta,ERR5971148,ERR5964399,Alpha,Delta,B.1.1.7,AY.4,5,15362,20,37,29550,298,0,0
rec_00005,0,recombinant,AlphaxDelta,ERR5964937,ERR5971418,Delta,Alpha,AY.4,B.1.1.7,5,4611,5,48,28829,267,0,0
rec_00006,0,recombinant,AlphaxDelta,ERR5996029,ERR5964663,Delta,Alpha,AY.4,B.1.1.7,5,15575,23,38,29532,0,0,0
rec_00007,0,recombinant,AlphaxDelta,ERR5966797,ERR5963745,Delta,Alpha,AY.4,B.1.1.7,5,15546,19,34,29532,0,0,0
rec_00008,0,recombinant,AlphaxDelta,ERR5964913,ERR5965097,Alpha,Delta,B.1.1.7,AY.4,5,3632,5,54,29532,272,0,0
rec_00009,0,recombinant,AlphaxDelta,ERR5964382,ERR5966464,Alpha,Delta,B.1.1.7,AY.4,5,24482,35,27,29532,0,0,0
rec_00010,0,recombinant,AlphaxDelta,ERR5965430,ERR5981701,Alpha,Delta,B.1.1.7,AY.4,5,10078,18,46,29532,272,0,0
rec_00011,0,recombinant,AlphaxDelta,ERR5989515,ERR5964871,Alpha,Delta,B.1.1.7,AY.4,5,2176,2,54,29532,141,0,0
rec_00012,0,recombinant,AlphaxDelta,ERR5964934,ERR5964877,Alpha,Delta,B.1.1.7,AY.4,5,24639,35,22,29532,0,0,0
rec_00013,0,recombinant,AlphaxDelta,ERR5964911,ERR5972864,Delta,Alpha,AY.4,B.1.1.7,5,21154,28,31,29532,0,0,0
rec_00014,0,recombinant,AlphaxDelta,ERR5965562,ERR5965153,Delta,Alpha,AY.5,B.1.1.7,5,3745,7,54,29532,0,0,0
rec_00015,0,recombinant,AlphaxDelta,ERR5965414,ERR5964399,Alpha,Delta,B.1.1.7,AY.4,5,2474,3,59,29550,0,0,0
rec_00016,0,recombinant,AlphaxDelta,ERR5995971,ERR5989322,Delta,Alpha,AY.4,B.1.1.7,5,9394,15,43,29532,486,0,0
rec_00017,0,recombinant,AlphaxDelta,ERR5964993,ERR5965283,Delta,Alpha,AY.4,B.1.1.7,5,22450,24,31,29532,0,0,0
rec_00018,0,recombinant,AlphaxDelta,ERR5996017,ERR5965551,Delta,Alpha,AY.4,B.1.1.7,5,527,1,60,29532,0,0,0
rec_00019,0,recombinant,AlphaxDelta,ERR5991847,ERR5989016,Alpha,Delta,B.1.1.7,AY.8,5,14369,21,40,28829,225,0,0
rec_00020,0,recombinant,AlphaxDelta,ERR5965321,ERR5964911,Alpha,Delta,B.1.1.7,AY.4,5,24908,38,23,29532,285,0,0
rec_00021,0,recombinant,AlphaxDelta,ERR5964612,ERR5965668,Delta,Alpha,AY.120,B.1.1.7,5,6131,8,51,29532,0,0,0
rec_00022,0,recombinant,AlphaxDelta,ERR5966464,ERR5964916,Delta,Alpha,AY.4,B.1.1.7,5,4372,6,53,29556,0,0,0
rec_00023,0,recombinant,AlphaxDelta,ERR5989228,ERR5965333,Alpha,Delta,B.1.1.7,AY.4,5,9900,16,42,29553,0,0,0
rec_00024,0,recombinant,AlphaxDelta,ERR5995898,ERR5965238,Delta,Alpha,AY.4,B.1.1.7,5,13021,18,42,29533,0,0,0
rec_00025,0,recombinant,AlphaxDelta,ERR5963869,ERR5965562,Alpha,Delta,B.1.1.7,AY.5,5,9257,14,46,29532,272,0,0
rec_00026,0,recombinant,AlphaxDelta,ERR5964990,ERR5990800,Delta,Alpha,AY.4,B.1.1.7,5,2201,3,56,28829,1,0,0
rec_00027,0,recombinant,AlphaxDelta,ERR5991732,ERR5964935,Alpha,Delta,B.1.1.7,AY.4,5,5951,7,55,29532,181,0,0
rec_00028,0,recombinant,AlphaxDelta,ERR5996057,ERR5989657,Delta,Alpha,AY.4,B.1.1.7,5,14778,21,38,29532,0,0,0
rec_00029,0,recombinant,AlphaxDelta,ERR5965418,ERR5965289,Alpha,Delta,B.1.1.7,AY.8,5,25034,37,19,29532,0,0,0
rec_00030,0,recombinant,AlphaxDelta,ERR5966464,ERR5965668,Delta,Alpha,AY.4,B.1.1.7,5,19381,25,35,29532,0,0,0
rec_00031,0,recombinant,AlphaxDelta,ERR5996053,ERR5991965,Delta,Alpha,AY.4,B.1.1.7,5,18338,23,34,29532,0,0,0
rec_00032,0,recombinant,AlphaxDelta,ERR5965430,ERR5965475,Alpha,Delta,B.1.1.7,AY.4,5,16112,24,40,29602,0,0,0
rec_00033,0,recombinant,AlphaxDelta,ERR5966784,ERR5996025,Alpha,Delta,B.1.1.7,AY.4,5,9989,12,44,29532,0,0,0
rec_00034,0,recombinant,AlphaxDelta,ERR5965370,ERR5972503,Delta,Alpha,AY.8,B.1.1.7,5,25083,35,18,29192,1,0,0
rec_00035,0,recombinant,AlphaxDelta,ERR5964706,ERR5965384,Delta,Alpha,B.1.617.2,B.1.1.7,4,9226,13,49,29562,0,0,0
rec_00036,0,recombinant,AlphaxDelta,ERR5994346,ERR5964950,Delta,Alpha,AY.4,B.1.1.7,5,10269,19,46,29532,0,0,0
rec_00037,0,recombinant,AlphaxDelta,ERR5996015,ERR5963837,Alpha,Delta,B.1.1.7,AY.5,5,15478,20,35,29532,272,0,0
rec_00038,0,recombinant,AlphaxDelta,ERR5964637,ERR5995971,Alpha,Delta,B.1.1.7,AY.4,5,27301,40,18,29532,0,0,0
rec_00039,0,recombinant,AlphaxDelta,ERR5965333,ERR5965250,Delta,Alpha,AY.4,B.1.1.7,5,463,1,54,29532,0,0,0
rec_00040,0,recombinant,AlphaxDelta,ERR5965551,ERR5965019,Alpha,Delta,B.1.1.7,AY.4,5,944,2,56,29532,276,0,0
rec_00041,0,recombinant,AlphaxDelta,ERR5965003,ERR5964772,Delta,Alpha,AY.4,B.1.1.7,5,12622,15,38,29532,0,0,0
rec_00042,0,recombinant,AlphaxDelta,ERR5966480,ERR5996051,Delta,Alpha,AY.4,B.1.1.7,5,427,1,57,29532,0,0,0
rec_00043,0,recombinant,AlphaxDelta,ERR5964870,ERR5965567,Alpha,Delta,B.1.1.7,AY.4,5,15739,23,33,29532,272,0,0
rec_00044,0,recombinant,AlphaxDelta,ERR5964900,ERR5989598,Delta,Alpha,AY.4,B.1.1.7,5,18531,25,32,29532,0,0,0
rec_00045,0,recombinant,AlphaxDelta,ERR5964701,ERR5996020,Alpha,Delta,B.1.1.7,AY.4,5,19432,23,34,29532,0,0,0
rec_00046,0,recombinant,AlphaxDelta,ERR5981429,ERR5965568,Delta,Alpha,AY.4,B.1.1.7,5,28656,49,7,29532,182,0,0
rec_00047,0,recombinant,AlphaxDelta,ERR5996060,ERR5964382,Delta,Alpha,AY.4,B.1.1.7,5,2401,3,57,29532,0,0,0
rec_00048,0,recombinant,AlphaxDelta,ERR6136344,ERR5963719,Delta,Alpha,AY.4,B.1.1.7,5,13207,20,39,29532,0,0,0
rec_00049,0,recombinant,AlphaxDelta,ERR5964399,ERR5964916,Delta,Alpha,AY.4,B.1.1.7,5,12514,18,40,29574,0,0,0
rec_00050,0,recombinant,AlphaxDelta,ERR6008912,ERR5965258,Delta,Alpha,AY.4,B.1.1.7,5,8722,10,46,29532,0,0,0
rec_00051,0,recombinant,AlphaxDelta,ERR5965446,ERR5965350,Delta,Alpha,AY.4,B.1.1.7,5,19023,23,34,29532,0,0,0
rec_00052,0,recombinant,AlphaxDelta,ERR5964320,ERR5964676,Alpha,Delta,B.1.1.7,AY.4,5,1420,2,57,29532,0,0,0
rec_00053,0,recombinant,AlphaxDelta,ERR5964399,ERR5981439,Delta,Alpha,AY.4,B.1.1.7,5,26067,39,20,29550,0,0,0
rec_00054,0,recombinant,AlphaxDelta,ERR5964701,ERR5996061,Alpha,Delta,B.1.1.7,AY.4,5,29090,59,2,29532,0,0,0
rec_00055,0,recombinant,AlphaxDelta,ERR6062051,ERR5996053,Alpha,Delta,B.1.1.7,AY.4,5,19401,26,28,29532,0,0,0
rec_00056,0,recombinant,AlphaxDelta,ERR5996086,ERR5965427,Delta,Alpha,AY.4,B.1.1.7,5,23935,37,25,29579,0,0,0
rec_00057,0,recombinant,AlphaxDelta,ERR5964938,ERR5965452,Delta,Alpha,AY.4,B.1.1.7,5,7250,11,51,29532,0,0,0
rec_00058,0,recombinant,AlphaxDelta,ERR5965126,ERR5964612,Alpha,Delta,B.1.1.7,AY.120,5,1649,2,53,29532,0,0,0
rec_00059,0,recombinant,AlphaxDelta,ERR5966784,ERR5965042,Alpha,Delta,B.1.1.7,AY.120,5,22734,25,30,29532,0,0,0
rec_00060,0,recombinant,AlphaxDelta,ERR5964691,ERR5964571,Delta,Alpha,AY.5,B.1.1.7,5,25769,41,19,29532,272,0,0
rec_00061,0,recombinant,AlphaxDelta,ERR5965333,ERR5981410,Delta,Alpha,AY.4,B.1.1.7,5,11486,20,38,29532,0,0,0
rec_00062,0,recombinant,AlphaxDelta,ERR5994263,ERR5965147,Alpha,Delta,B.1.1.7,AY.4,5,18576,27,34,29532,231,0,0
rec_00063,0,recombinant,AlphaxDelta,ERR5964938,ERR5965128,Delta,Alpha,AY.4,B.1.1.7,5,28361,53,11,29579,272,0,0
rec_00064,0,recombinant,AlphaxDelta,ERR5966805,ERR5965390,Delta,Alpha,AY.4,B.1.1.7,5,1064,4,53,29553,0,0,0
rec_00065,0,recombinant,AlphaxDelta,ERR5964678,ERR5965604,Alpha,Delta,B.1.1.7,AY.4,5,18243,26,33,29532,0,0,0
rec_00066,0,recombinant,AlphaxDelta,ERR5965153,ERR5964911,Alpha,Delta,B.1.1.7,AY.4,5,25395,44,20,29532,0,0,0
rec_00067,0,recombinant,AlphaxDelta,ERR5964933,ERR5964960,Alpha,Delta,B.1.1.7,AY.4,5,26864,41,18,29532,0,0,0
rec_00068,0,recombinant,AlphaxDelta,ERR5964676,ERR5964772,Delta,Alpha,AY.4,B.1.1.7,5,11933,15,40,29532,0,0,0
rec_00069,0,recombinant,AlphaxDelta,ERR5965229,ERR5965544,Alpha,Delta,B.1.1.7,AY.4,5,25795,42,18,29532,0,0,0
rec_00070,0,recombinant,AlphaxDelta,ERR5991732,ERR5965042,Alpha,Delta,B.1.1.7,AY.120,5,10308,14,45,29532,272,0,0
rec_00071,0,recombinant,AlphaxDelta,ERR5964066,ERR5963719,Delta,Alpha,AY.8,B.1.1.7,5,15968,22,34,29532,0,0,0
rec_00072,0,recombinant,AlphaxDelta,ERR5995986,ERR5996088,Alpha,Delta,B.1.1.7,AY.4,5,12258,18,41,29532,0,0,0
rec_00073,0,recombinant,AlphaxDelta,ERR5966786,ERR5964752,Alpha,Delta,B.1.1.7,AY.5,5,5724,6,50,29532,231,0,0
rec_00074,0,recombinant,AlphaxDelta,ERR5995971,ERR5964663,Delta,Alpha,AY.4,B.1.1.7,5,17788,28,35,29532,0,0,0
rec_00075,0,recombinant,AlphaxDelta,ERR5990141,ERR5995908,Alpha,Delta,B.1.1.7,AY.4,5,6664,9,51,29568,0,0,0
rec_00076,0,recombinant,AlphaxDelta,ERR5990141,ERR5965147,Alpha,Delta,B.1.1.7,AY.4,5,10978,16,45,29568,231,0,0
rec_00077,0,recombinant,AlphaxDelta,ERR5964320,ERR5965692,Alpha,Delta,B.1.1.7,AY.4,5,16595,23,36,29532,0,0,0
rec_00078,0,recombinant,AlphaxDelta,ERR5964318,ERR5964399,Alpha,Delta,B.1.1.7,AY.4,5,18961,24,34,29550,0,0,0
rec_00079,0,recombinant,AlphaxDelta,ERR5964772,ERR5964066,Alpha,Delta,B.1.1.7,AY.8,5,26417,33,19,29532,0,0,0
rec_00080,0,recombinant,AlphaxDelta,ERR5964399,ERR5964353,Delta,Alpha,AY.4,B.1.1.7,5,16193,25,35,29550,0,0,0
rec_00081,0,recombinant,AlphaxDelta,ERR5964320,ERR5965604,Alpha,Delta,B.1.1.7,AY.4,5,11619,18,41,29532,0,0,0
rec_00082,0,recombinant,AlphaxDelta,ERR5965300,ERR5965544,Alpha,Delta,B.1.1.7,AY.4,5,27057,47,17,29532,0,0,0
rec_00083,0,recombinant,AlphaxDelta,ERR6883067,ERR5965295,Delta,Alpha,AY.10,B.1.1.7,5,6578,9,46,29532,0,0,0
rec_00084,0,recombinant,AlphaxDelta,ERR5994346,ERR5989570,Delta,Alpha,AY.4,B.1.1.7,5,9052,15,43,29532,0,0,0
rec_00085,0,recombinant,AlphaxDelta,ERR5964362,ERR5964876,Alpha,Delta,B.1.1.7,AY.4,5,5449,7,52,29532,157,0,0
rec_00086,0,recombinant,AlphaxDelta,ERR5965562,ERR5965128,Delta,Alpha,AY.5,B.1.1.7,5,8589,14,47,29579,0,0,0
rec_00087,0,recombinant,AlphaxDelta,ERR5966797,ERR5964921,Delta,Alpha,AY.4,B.1.1.7,5,17487,22,34,29532,0,0,0
rec_00088,0,recombinant,AlphaxDelta,ERR5965235,ERR5965140,Alpha,Delta,B.1.1.7,AY.6,5,14275,18,43,29532,459,0,0
rec_00089,0,recombinant,AlphaxDelta,ERR5994346,ERR5964778,Delta,Alpha,AY.4,B.1.1.7,5,7761,10,45,29532,0,0,0
rec_00090,0,recombinant,AlphaxDelta,ERR5965148,ERR5965418,Delta,Alpha,AY.4,B.1.1.7,5,23470,34,28,29532,0,0,0
rec_00091,0,recombinant,AlphaxDelta,ERR5964870,ERR5964937,Alpha,Delta,B.1.1.7,AY.4,5,9644,15,44,29532,193,0,0
rec_00092,0,recombinant,AlphaxDelta,ERR5965147,ERR5964866,Delta,Alpha,AY.4,B.1.1.7,5,28423,54,8,29553,231,0,0
rec_00093,0,recombinant,AlphaxDelta,ERR5965015,ERR5964958,Delta,Alpha,B.1.617.2,B.1.1.7,4,4335,4,56,29532,1,0,0
rec_00094,0,recombinant,AlphaxDelta,ERR5964119,ERR5965295,Delta,Alpha,AY.5,B.1.1.7,5,3252,2,52,29532,0,0,0
rec_00095,0,recombinant,AlphaxDelta,ERR5994263,ERR5966797,Alpha,Delta,B.1.1.7,AY.4,5,17107,25,32,29532,212,0,0
rec_00096,0,recombinant,AlphaxDelta,ERR5972552,ERR5965239,Alpha,Delta,B.1.1.7,AY.9,5,15448,18,32,29539,0,0,0
rec_00097,0,recombinant,AlphaxDelta,ERR5994263,ERR5963777,Alpha,Delta,B.1.1.7,AY.9,5,25371,38,18,29532,0,0,0
rec_00098,0,recombinant,AlphaxDelta,ERR5989209,ERR5996088,Alpha,Delta,B.1.1.7,AY.4,5,1998,2,56,29532,0,0,0
rec_00099,0,recombinant,AlphaxDelta,ERR5963674,ERR5990213,Delta,Alpha,AY.5,B.1.1.7,5,29079,50,4,29544,0,0,0
rec_00100,0,recombinant,AlphaxDelta,ERR5964362,ERR5995960,Alpha,Delta,B.1.1.7,AY.4,5,12514,19,42,29532,0,0,0
rec_00101,0,recombinant,AlphaxDelta,ERR5964956,ERR5964851,Alpha,Delta,B.1.1.7,AY.8,5,12460,18,44,29532,0,0,0
rec_00102,0,recombinant,AlphaxDelta,ERR5965553,ERR5964851,Alpha,Delta,B.1.1.7,AY.8,5,15218,18,35,29532,0,0,0
rec_00103,0,recombinant,AlphaxDelta,ERR5964743,ERR5965388,Alpha,Delta,B.1.1.7,AY.4,5,12323,20,40,29532,0,0,0
rec_00104,0,recombinant,AlphaxDelta,ERR5964877,ERR5995822,Delta,Alpha,AY.4,B.1.1.7,5,25053,34,22,29532,0,0,0
rec_00105,0,recombinant,AlphaxDelta,ERR5965004,ERR5964876,Alpha,Delta,B.1.1.7,AY.4,5,17855,25,33,29532,157,0,0
rec_00106,0,recombinant,AlphaxDelta,ERR5963646,ERR5996050,Alpha,Delta,B.1.1.7,AY.4,5,20388,32,31,29532,0,0,0
rec_00107,0,recombinant,AlphaxDelta,ERR5964934,ERR5965388,Alpha,Delta,B.1.1.7,AY.4,5,7501,12,46,29532,0,0,0
rec_00108,0,recombinant,AlphaxDelta,ERR5966784,ERR5990112,Alpha,Delta,B.1.1.7,AY.9,5,13818,14,37,29532,0,0,0
rec_00109,0,recombinant,AlphaxDelta,ERR5964884,ERR5970748,Delta,Alpha,AY.4,B.1.1.7,5,18036,26,34,29532,0,0,0
rec_00110,0,recombinant,AlphaxDelta,ERR5994263,ERR5964962,Alpha,Delta,B.1.1.7,B.1.617.2,4,27373,42,19,29562,0,0,0
rec_00111,0,recombinant,AlphaxDelta,ERR5966784,ERR5964884,Alpha,Delta,B.1.1.7,AY.4,5,24325,34,24,29532,0,0,0
rec_00112,0,recombinant,AlphaxDelta,ERR5964743,ERR5965567,Alpha,Delta,B.1.1.7,AY.4,5,18525,24,32,29532,272,0,0
rec_00113,0,recombinant,AlphaxDelta,ERR5989358,ERR5965480,Alpha,Delta,B.1.1.7,B.1.617.2,4,7031,13,44,29562,0,0,0
rec_00114,0,recombinant,AlphaxDelta,ERR5994346,ERR5990141,Delta,Alpha,AY.4,B.1.1.7,5,315,2,57,29568,220,0,0
rec_00115,0,recombinant,AlphaxDelta,ERR5964060,ERR5989538,Delta,Alpha,AY.8,B.1.1.7,5,13731,17,38,29532,0,0,0
rec_00116,0,recombinant,AlphaxDelta,ERR5989439,ERR5995986,Delta,Alpha,B.1.617.2,B.1.1.7,4,25475,39,19,29532,0,0,0
rec_00117,0,recombinant,AlphaxDelta,ERR5991936,ERR5996029,Alpha,Delta,B.1.1.7,AY.4,5,16665,23,34,29544,0,0,0
rec_00118,0,recombinant,AlphaxDelta,ERR5963674,ERR5965384,Delta,Alpha,AY.5,B.1.1.7,5,29289,56,2,29532,0,0,0
rec_00119,0,recombinant,AlphaxDelta,ERR5964663,ERR5964611,Alpha,Delta,B.1.1.7,AY.4,5,4596,6,57,29532,0,0,0
rec_00120,0,recombinant,AlphaxDelta,ERR5964876,ERR5989209,Delta,Alpha,AY.4,B.1.1.7,5,17951,24,33,29532,0,0,0
rec_00121,0,recombinant,AlphaxDelta,ERR5989483,ERR5964911,Alpha,Delta,B.1.1.7,AY.4,5,18984,26,34,29532,0,0,0
rec_00122,0,recombinant,AlphaxDelta,ERR5964866,ERR5965140,Alpha,Delta,B.1.1.7,AY.6,5,1071,4,56,29553,459,0,0
rec_00123,0,recombinant,AlphaxDelta,ERR5964950,ERR5964962,Alpha,Delta,B.1.1.7,B.1.617.2,4,20966,28,39,29562,0,0,0
rec_00124,0,recombinant,AlphaxDelta,ERR5989439,ERR5989228,Delta,Alpha,B.1.617.2,B.1.1.7,4,21116,26,31,29553,432,0,0
rec_00125,0,recombinant,AlphaxDelta,ERR5965442,ERR5964866,Delta,Alpha,AY.4,B.1.1.7,5,3859,6,53,29553,0,0,0
rec_00126,0,recombinant,AlphaxDelta,ERR5965544,ERR5965300,Delta,Alpha,AY.4,B.1.1.7,5,3932,6,58,29532,0,0,0
rec_00127,0,recombinant,AlphaxDelta,ERR5965153,ERR5965003,Alpha,Delta,B.1.1.7,AY.4,5,1989,3,59,29532,213,0,0
rec_00128,0,recombinant,AlphaxDelta,ERR5964998,ERR5966786,Delta,Alpha,AY.4,B.1.1.7,5,29500,55,1,29532,146,0,0
rec_00129,0,recombinant,AlphaxDelta,ERR5965272,ERR5964858,Alpha,Delta,B.1.1.7,AY.4,5,16552,22,33,29532,0,0,0
rec_00130,0,recombinant,AlphaxDelta,ERR5965185,ERR5991610,Delta,Alpha,AY.4,B.1.1.7,5,3958,5,53,29532,0,0,0
rec_00131,0,recombinant,AlphaxDelta,ERR5965795,ERR5965764,Delta,Alpha,AY.4,B.1.1.7,5,12468,17,40,29532,0,0,0
rec_00132,0,recombinant,AlphaxDelta,ERR5964060,ERR5965021,Delta,Alpha,AY.8,B.1.1.7,5,8278,12,44,29532,0,0,0
rec_00133,0,recombinant,AlphaxDelta,ERR5964772,ERR5965695,Alpha,Delta,B.1.1.7,AY.4,5,4110,3,50,29532,0,0,0
rec_00134,0,recombinant,AlphaxDelta,ERR5964676,ERR5965765,Delta,Alpha,AY.4,B.1.1.7,5,24906,37,23,29532,0,0,0
rec_00135,0,recombinant,AlphaxDelta,ERR5994263,ERR5965695,Alpha,Delta,B.1.1.7,AY.4,5,4825,5,52,29532,0,0,0
rec_00136,0,recombinant,AlphaxDelta,ERR5995960,ERR5964913,Delta,Alpha,AY.4,B.1.1.7,5,7702,12,50,29532,0,0,0
rec_00137,0,recombinant,AlphaxDelta,ERR5964990,ERR5964481,Delta,Alpha,AY.4,B.1.1.7,5,15722,23,38,29532,0,0,0
rec_00138,0,recombinant,AlphaxDelta,ERR5965631,ERR5965605,Delta,Alpha,AY.4,B.1.1.7,5,21644,26,30,29532,259,0,0
rec_00139,0,recombinant,AlphaxDelta,ERR5965239,ERR5991847,Delta,Alpha,AY.9,B.1.1.7,5,21602,26,31,28829,32,0,0
rec_00140,0,recombinant,AlphaxDelta,ERR5964701,ERR5965213,Alpha,Delta,B.1.1.7,AY.4,5,15407,17,40,29532,0,0,0
rec_00141,0,recombinant,AlphaxDelta,ERR5965126,ERR5996053,Alpha,Delta,B.1.1.7,AY.4,5,10796,13,41,29532,0,0,0
rec_00142,0,recombinant,AlphaxDelta,ERR5989483,ERR5965015,Alpha,Delta,B.1.1.7,B.1.617.2,4,2989,2,56,29532,272,0,0
rec_00143,0,recombinant,AlphaxDelta,ERR5963922,ERR5965273,Delta,Alpha,B.1.617.2,B.1.1.7,4,4936,7,54,29532,0,0,0
rec_00144,0,recombinant,AlphaxDelta,ERR5965248,ERR5990246,Alpha,Delta,B.1.1.7,AY.122,5,28607,57,7,29532,0,0,0
rec_00145,0,recombinant,AlphaxDelta,ERR5965248,ERR5965692,Alpha,Delta,B.1.1.7,AY.4,5,27377,47,17,29532,0,0,0
rec_00146,0,recombinant,AlphaxDelta,ERR5965140,ERR5963646,Delta,Alpha,AY.6,B.1.1.7,5,6476,10,54,29532,0,0,0
rec_00147,0,recombinant,AlphaxDelta,ERR5965764,ERR5964901,Alpha,Delta,B.1.1.7,AY.4,5,19242,24,32,29532,0,0,0
rec_00148,0,recombinant,AlphaxDelta,ERR5965764,ERR6009145,Alpha,Delta,B.1.1.7,AY.4,5,15479,22,34,29532,0,0,0
rec_00149,0,recombinant,AlphaxDelta,ERR5963922,ERR5964663,Delta,Alpha,B.1.617.2,B.1.1.7,4,15979,28,37,29532,0,0,0
rec_00150,0,recombinant,AlphaxDelta,ERR5964745,ERR5989815,Delta,Alpha,AY.4,B.1.1.7,5,3300,4,50,29532,0,0,0
rec_00151,0,recombinant,AlphaxDelta,ERR5963893,ERR5964382,Delta,Alpha,AY.4,B.1.1.7,5,25643,39,22,29532,0,0,0
rec_00152,0,recombinant,AlphaxDelta,ERR5981410,ERR5981488,Alpha,Delta,B.1.1.7,AY.4,5,6247,10,48,29532,272,0,0
rec_00153,0,recombinant,AlphaxDelta,ERR5996060,ERR5964318,Delta,Alpha,AY.4,B.1.1.7,5,6422,9,48,29532,0,0,0
rec_00154,0,recombinant,AlphaxDelta,ERR5965765,ERR5996080,Alpha,Delta,B.1.1.7,AY.4,5,21453,25,34,29532,0,0,0
rec_00155,0,recombinant,AlphaxDelta,ERR5996084,ERR5965273,Delta,Alpha,AY.4,B.1.1.7,5,18717,26,31,29532,0,0,0
rec_00156,0,recombinant,AlphaxDelta,ERR5964876,ERR5965309,Delta,Alpha,AY.4,B.1.1.7,5,17368,24,36,29532,0,0,0
rec_00157,0,recombinant,AlphaxDelta,ERR5964571,ERR5995776,Alpha,Delta,B.1.1.7,AY.4,5,17215,29,33,29532,0,0,0
rec_00158,0,recombinant,AlphaxDelta,ERR5966784,ERR5996019,Alpha,Delta,B.1.1.7,AY.4,5,6021,6,50,29532,0,0,0
rec_00159,0,recombinant,AlphaxDelta,ERR5965715,ERR5965333,Alpha,Delta,B.1.1.7,AY.4,5,22918,34,26,29532,0,0,0
rec_00160,0,recombinant,AlphaxDelta,ERR5965240,ERR5966480,Alpha,Delta,B.1.1.7,AY.4,5,20427,25,31,29532,231,0,0
rec_00161,0,recombinant,AlphaxDelta,ERR5989570,ERR5964612,Alpha,Delta,B.1.1.7,AY.120,5,21688,27,31,29532,0,0,0
rec_00162,0,recombinant,AlphaxDelta,ERR5963646,ERR5964638,Alpha,Delta,B.1.1.7,AY.4,5,22463,35,28,29532,0,0,0
rec_00163,0,recombinant,AlphaxDelta,ERR5964538,ERR5963618,Delta,Alpha,AY.4,B.1.1.7,5,14328,17,39,29532,0,0,0
rec_00164,0,recombinant,AlphaxDelta,ERR5991574,ERR5964997,Alpha,Delta,B.1.1.7,AY.4,5,15627,22,33,29532,0,0,0
rec_00165,0,recombinant,AlphaxDelta,ERR5991873,ERR5965019,Alpha,Delta,B.1.1.7,AY.4,5,3990,5,50,29532,276,0,0
rec_00166,0,recombinant,AlphaxDelta,ERR5965238,ERR5965795,Alpha,Delta,B.1.1.7,AY.4,5,28542,52,8,29533,0,0,0
rec_00167,0,recombinant,AlphaxDelta,ERR5965042,ERR5990141,Delta,Alpha,AY.120,B.1.1.7,5,26301,36,21,29568,273,0,0
rec_00168,0,recombinant,AlphaxDelta,ERR5965581,ERR5996083,Alpha,Delta,B.1.1.7,AY.4,5,8916,13,45,29532,0,0,0
rec_00169,0,recombinant,AlphaxDelta,ERR5964672,ERR5989615,Delta,Alpha,AY.5,B.1.1.7,5,23029,26,27,29532,116,0,0
rec_00170,0,recombinant,AlphaxDelta,ERR5981429,ERR5990022,Delta,Alpha,AY.4,B.1.1.7,5,29222,58,2,29532,182,0,0
rec_00171,0,recombinant,AlphaxDelta,ERR5994346,ERR6062051,Delta,Alpha,AY.4,B.1.1.7,5,12322,18,37,29532,434,0,0
rec_00172,0,recombinant,AlphaxDelta,ERR5965160,ERR5966478,Alpha,Delta,B.1.1.7,AY.4,5,16536,26,34,29538,272,0,0
rec_00173,0,recombinant,AlphaxDelta,ERR5992159,ERR5996025,Alpha,Delta,B.1.1.7,AY.4,5,22152,35,28,29532,0,0,0
rec_00174,0,recombinant,AlphaxDelta,ERR5965298,ERR5964175,Delta,Alpha,AY.4,B.1.1.7,5,5092,5,48,29532,0,0,0
rec_00175,0,recombinant,AlphaxDelta,ERR5991873,ERR5996077,Alpha,Delta,B.1.1.7,B.1.617.2,4,3364,7,51,29562,0,0,0
rec_00176,0,recombinant,AlphaxDelta,ERR5964960,ERR5964175,Delta,Alpha,AY.4,B.1.1.7,5,21920,27,27,29532,162,0,0
rec_00177,0,recombinant,AlphaxDelta,ERR5989228,ERR5994140,Alpha,Delta,B.1.1.7,AY.4,5,24872,37,20,29553,196,0,0
rec_00178,0,recombinant,AlphaxDelta,ERR5965208,ERR5964743,Delta,Alpha,AY.4,B.1.1.7,5,23020,33,26,29532,603,0,0
rec_00179,0,recombinant,AlphaxDelta,ERR5990787,ERR5963625,Alpha,Delta,B.1.1.7,AY.4,5,12274,17,38,29532,231,0,0
rec_00180,0,recombinant,AlphaxDelta,ERR5965134,ERR5989515,Delta,Alpha,AY.4,B.1.1.7,5,3175,2,54,29532,0,0,0
rec_00181,0,recombinant,AlphaxDelta,ERR5965250,ERR5996025,Alpha,Delta,B.1.1.7,AY.4,5,18453,22,32,29532,0,0,0
rec_00182,0,recombinant,AlphaxDelta,ERR5965250,ERR5963700,Alpha,Delta,B.1.1.7,AY.5,5,13496,16,36,29532,231,0,0
rec_00183,0,recombinant,AlphaxDelta,ERR5965764,ERR5964354,Alpha,Delta,B.1.1.7,AY.10,5,4170,5,52,29532,0,0,0
rec_00184,0,recombinant,AlphaxDelta,ERR5964960,ERR5964934,Delta,Alpha,AY.4,B.1.1.7,5,10231,18,40,29532,0,0,0
rec_00185,0,recombinant,AlphaxDelta,ERR5963782,ERR5991936,Delta,Alpha,AY.5,B.1.1.7,5,10051,14,41,29544,0,0,0
rec_00186,0,recombinant,AlphaxDelta,ERR5963646,ERR5965097,Alpha,Delta,B.1.1.7,AY.4,5,27971,48,14,29532,0,0,0
rec_00187,0,recombinant,AlphaxDelta,ERR5981488,ERR5991149,Delta,Alpha,AY.4,B.1.1.7,5,9909,14,48,29532,36,0,0
rec_00188,0,recombinant,AlphaxDelta,ERR5989483,ERR5963674,Alpha,Delta,B.1.1.7,AY.5,5,15855,23,36,29532,0,0,0
rec_00189,0,recombinant,AlphaxDelta,ERR5965442,ERR5964958,Delta,Alpha,AY.4,B.1.1.7,5,10883,16,45,29532,1,0,0
rec_00190,0,recombinant,AlphaxDelta,ERR5965240,ERR5964990,Alpha,Delta,B.1.1.7,AY.4,5,28332,48,8,29532,0,0,0
rec_00191,0,recombinant,AlphaxDelta,ERR5965269,ERR5964612,Alpha,Delta,B.1.1.7,AY.120,5,4543,4,59,29532,0,0,0
rec_00192,0,recombinant,AlphaxDelta,ERR5989439,ERR5964768,Delta,Alpha,B.1.617.2,B.1.1.7,4,6345,10,44,29532,0,0,0
rec_00193,0,recombinant,AlphaxDelta,ERR5989615,ERR5964119,Alpha,Delta,B.1.1.7,AY.5,5,11437,19,34,29532,272,0,0
rec_00194,0,recombinant,AlphaxDelta,ERR6136344,ERR5965128,Delta,Alpha,AY.4,B.1.1.7,5,9721,19,45,29579,0,0,0
rec_00195,0,recombinant,AlphaxDelta,ERR5996019,ERR5995822,Delta,Alpha,AY.4,B.1.1.7,5,28884,52,4,29532,0,0,0
rec_00196,0,recombinant,AlphaxDelta,ERR5965631,ERR5991287,Delta,Alpha,AY.4,B.1.1.7,5,5740,6,54,29532,0,0,0
rec_00197,0,recombinant,AlphaxDelta,ERR5965095,ERR5992159,Delta,Alpha,AY.4,B.1.1.7,5,24335,42,22,29532,0,0,0
rec_00198,0,recombinant,AlphaxDelta,ERR5965295,ERR5966464,Alpha,Delta,B.1.1.7,AY.4,5,4725,4,52,29532,0,0,0
rec_00199,0,recombinant,AlphaxDelta,ERR5965516,ERR5965617,Delta,Alpha,AY.4,B.1.1.7,5,16723,22,34,29532,0,0,0
rec_00200,0,recombinant,AlphaxDelta,ERR5994263,ERR5964899,Alpha,Delta,B.1.1.7,AY.4,5,23672,33,24,29532,0,0,0
rec_00201,0,recombinant,AlphaxDelta,ERR5964899,ERR5965350,Delta,Alpha,AY.4,B.1.1.7,5,19032,21,34,29532,0,0,0
rec_00202,0,recombinant,AlphaxDelta,ERR5964921,ERR5995931,Alpha,Delta,B.1.1.7,AY.4,5,27545,40,17,28829,253,0,0
rec_00203,0,recombinant,AlphaxDelta,ERR5964956,ERR5964326,Alpha,Delta,B.1.1.7,AY.4,5,22476,35,31,29532,0,0,0
rec_00204,0,recombinant,AlphaxDelta,ERR5981488,ERR5963618,Delta,Alpha,AY.4,B.1.1.7,5,8506,11,45,29532,0,0,0
rec_00205,0,recombinant,AlphaxDelta,ERR5965273,ERR5996060,Alpha,Delta,B.1.1.7,AY.4,5,23773,35,22,29532,0,0,0
rec_00206,0,recombinant,AlphaxDelta,ERR5965240,ERR5995933,Alpha,Delta,B.1.1.7,AY.4,5,18883,23,32,29532,0,0,0
rec_00207,0,recombinant,AlphaxDelta,ERR5965258,ERR5996029,Alpha,Delta,B.1.1.7,AY.4,5,19337,22,34,29532,0,0,0
rec_00208,0,recombinant,AlphaxDelta,ERR5964876,ERR5989657,Delta,Alpha,AY.4,B.1.1.7,5,13828,18,38,29532,0,0,0
rec_00209,0,recombinant,AlphaxDelta,ERR5963922,ERR5965174,Delta,Alpha,B.1.617.2,B.1.1.7,4,2362,3,61,29532,0,0,0
rec_00210,0,recombinant,AlphaxDelta,ERR5964638,ERR5964175,Delta,Alpha,AY.4,B.1.1.7,5,10332,14,39,29532,0,0,0
rec_00211,0,recombinant,AlphaxDelta,ERR5989358,ERR5965516,Alpha,Delta,B.1.1.7,AY.4,5,29334,54,2,29532,440,0,0
rec_00212,0,recombinant,AlphaxDelta,ERR5989228,ERR6883067,Alpha,Delta,B.1.1.7,AY.10,5,13477,22,35,29553,207,0,0
rec_00213,0,recombinant,AlphaxDelta,ERR5965475,ERR5965350,Delta,Alpha,AY.4,B.1.1.7,5,8363,12,45,29602,0,0,0
rec_00214,0,recombinant,AlphaxDelta,ERR5965185,ERR5965350,Delta,Alpha,AY.4,B.1.1.7,5,19701,23,33,29532,0,0,0
rec_00215,0,recombinant,AlphaxDelta,ERR5965356,ERR5964544,Alpha,Delta,B.1.1.7,AY.98,5,21311,26,32,29532,0,0,0
rec_00216,0,recombinant,AlphaxDelta,ERR5994140,ERR5965273,Delta,Alpha,AY.4,B.1.1.7,5,12116,19,39,29532,0,0,0
rec_00217,0,recombinant,AlphaxDelta,ERR5964993,ERR5989657,Delta,Alpha,AY.4,B.1.1.7,5,17622,24,33,29532,0,0,0
rec_00218,0,recombinant,AlphaxDelta,ERR5965600,ERR5965444,Delta,Alpha,AY.4,B.1.1.7,5,12601,18,41,29550,0,0,0
rec_00219,0,recombinant,AlphaxDelta,ERR5965208,ERR5965617,Delta,Alpha,AY.4,B.1.1.7,5,20780,26,30,29532,0,0,0
rec_00220,0,recombinant,AlphaxDelta,ERR5964838,ERR5965019,Alpha,Delta,B.1.1.7,AY.4,5,3926,4,53,29532,276,0,0
rec_00221,0,recombinant,AlphaxDelta,ERR5964688,ERR5996082,Alpha,Delta,B.1.1.7,AY.4,5,4088,5,52,29532,0,0,0
rec_00222,0,recombinant,AlphaxDelta,ERR5963922,ERR5964600,Delta,Alpha,B.1.617.2,B.1.1.7,4,794,2,63,29532,0,0,0
rec_00223,0,recombinant,AlphaxDelta,ERR5989598,ERR5965692,Alpha,Delta,B.1.1.7,AY.4,5,5007,6,50,29532,0,0,0
rec_00224,0,recombinant,AlphaxDelta,ERR5996088,ERR5965350,Delta,Alpha,AY.4,B.1.1.7,5,7495,10,47,29532,0,0,0
rec_00225,0,recombinant,AlphaxDelta,ERR5964998,ERR5965240,Delta,Alpha,AY.4,B.1.1.7,5,25938,37,18,29532,146,0,0
rec_00226,0,recombinant,AlphaxDelta,ERR5963618,ERR5965474,Alpha,Delta,B.1.1.7,AY.4,5,8583,11,44,29532,0,0,0
rec_00227,0,recombinant,AlphaxDelta,ERR5995908,ERR5965384,Delta,Alpha,AY.4,B.1.1.7,5,22110,31,29,29532,0,0,0
rec_00228,0,recombinant,AlphaxDelta,ERR5965692,ERR5965229,Delta,Alpha,AY.4,B.1.1.7,5,20924,27,34,29532,0,0,0
rec_00229,0,recombinant,AlphaxDelta,ERR5965477,ERR5990022,Delta,Alpha,AY.4,B.1.1.7,5,22227,33,27,29532,0,0,0
rec_00230,0,recombinant,AlphaxDelta,ERR5964897,ERR5989826,Delta,Alpha,AY.4,B.1.1.7,5,9675,14,45,29532,0,0,0
rec_00231,0,recombinant,AlphaxDelta,ERR5965583,ERR5991738,Delta,Alpha,AY.4,B.1.1.7,5,13216,19,40,29532,0,0,0
rec_00232,0,recombinant,AlphaxDelta,ERR5972503,ERR6009113,Alpha,Delta,B.1.1.7,AY.4,5,11889,16,39,29192,1,0,0
rec_00233,0,recombinant,AlphaxDelta,ERR5964399,ERR5990022,Delta,Alpha,AY.4,B.1.1.7,5,10924,17,44,29550,0,0,0
rec_00234,0,recombinant,AlphaxDelta,ERR5964938,ERR5989228,Delta,Alpha,AY.4,B.1.1.7,5,25427,38,19,29553,508,0,0
rec_00235,0,recombinant,AlphaxDelta,ERR5965717,ERR6009113,Alpha,Delta,B.1.1.7,AY.4,5,21020,24,36,29532,0,0,0
rec_00236,0,recombinant,AlphaxDelta,ERR5996057,ERR5992159,Delta,Alpha,AY.4,B.1.1.7,5,10077,23,43,29532,0,0,0
rec_00237,0,recombinant,AlphaxDelta,ERR5991738,ERR5995908,Alpha,Delta,B.1.1.7,AY.4,5,28397,52,8,29532,0,0,0
rec_00238,0,recombinant,AlphaxDelta,ERR5965213,ERR5990800,Delta,Alpha,AY.4,B.1.1.7,5,29114,55,3,28829,0,0,0
rec_00239,0,recombinant,AlphaxDelta,ERR5995971,ERR5991965,Delta,Alpha,AY.4,B.1.1.7,5,7097,10,49,29532,0,0,0
rec_00240,0,recombinant,AlphaxDelta,ERR5991965,ERR5996084,Alpha,Delta,B.1.1.7,AY.4,5,13690,17,40,29532,0,0,0
rec_00241,0,recombinant,AlphaxDelta,ERR5990787,ERR5965819,Alpha,Delta,B.1.1.7,AY.5,5,18928,24,31,29532,0,0,0
rec_00242,0,recombinant,AlphaxDelta,ERR5964956,ERR5964889,Alpha,Delta,B.1.1.7,AY.4,5,17515,26,41,29532,0,0,0
rec_00243,0,recombinant,AlphaxDelta,ERR5965568,ERR5964376,Alpha,Delta,B.1.1.7,AY.4,5,19626,25,31,29532,0,0,0
rec_00244,0,recombinant,AlphaxDelta,ERR5965148,ERR5965309,Delta,Alpha,AY.4,B.1.1.7,5,5163,5,58,29532,0,0,0
rec_00245,0,recombinant,AlphaxDelta,ERR5965126,ERR5966300,Alpha,Delta,B.1.1.7,AY.4,5,13632,15,40,29532,272,0,0
rec_00246,0,recombinant,AlphaxDelta,ERR5995903,ERR5965300,Delta,Alpha,AY.4,B.1.1.7,5,4296,7,60,29532,0,0,0
rec_00247,0,recombinant,AlphaxDelta,ERR5965678,ERR5989209,Delta,Alpha,AY.4,B.1.1.7,5,3617,3,55,29532,0,0,0
rec_00248,0,recombinant,AlphaxDelta,ERR5965333,ERR5965568,Delta,Alpha,AY.4,B.1.1.7,5,5898,6,51,29532,0,0,0
rec_00249,0,recombinant,AlphaxDelta,ERR5989570,ERR5964066,Alpha,Delta,B.1.1.7,AY.8,5,12055,15,40,29532,109,0,0
rec_00250,0,recombinant,AlphaxDelta,ERR5964891,ERR5964956,Delta,Alpha,AY.4,B.1.1.7,5,29176,61,2,29532,198,0,0
rec_00251,0,recombinant,AlphaxDelta,ERR5990800,ERR5965095,Alpha,Delta,B.1.1.7,AY.4,5,17882,26,33,28829,75,0,0
rec_00252,0,recombinant,AlphaxDelta,ERR5964921,ERR5964997,Alpha,Delta,B.1.1.7,AY.4,5,26342,38,20,29532,253,0,0
rec_00253,0,recombinant,AlphaxDelta,ERR5963674,ERR5989209,Delta,Alpha,AY.5,B.1.1.7,5,21204,25,32,29532,0,0,0
rec_00254,0,recombinant,AlphaxDelta,ERR5965269,ERR5996077,Alpha,Delta,B.1.1.7,B.1.617.2,4,12730,15,50,29562,0,0,0
rec_00255,0,recombinant,AlphaxDelta,ERR5965289,ERR5965414,Delta,Alpha,AY.8,B.1.1.7,5,8925,15,43,29532,0,0,0
rec_00256,0,recombinant,AlphaxDelta,ERR5996089,ERR5965128,Delta,Alpha,AY.4,B.1.1.7,5,29554,64,2,29579,0,0,0
rec_00257,0,recombinant,AlphaxDelta,ERR5964119,ERR5989483,Delta,Alpha,AY.5,B.1.1.7,5,3340,3,56,29532,0,0,0
rec_00258,0,recombinant,AlphaxDelta,ERR5965795,ERR5966786,Delta,Alpha,AY.4,B.1.1.7,5,29053,54,2,29532,231,0,0
rec_00259,0,recombinant,AlphaxDelta,ERR5965145,ERR5964889,Alpha,Delta,B.1.1.7,AY.4,5,5462,8,51,29532,0,0,0
rec_00260,0,recombinant,AlphaxDelta,ERR5989322,ERR5994140,Alpha,Delta,B.1.1.7,AY.4,5,20064,26,31,29532,133,0,0
rec_00261,0,recombinant,AlphaxDelta,ERR5964688,ERR5995933,Alpha,Delta,B.1.1.7,AY.4,5,20327,27,30,29532,0,0,0
rec_00262,0,recombinant,AlphaxDelta,ERR5964574,ERR5990800,Delta,Alpha,AY.4,B.1.1.7,5,12926,20,38,28829,1,0,0
rec_00263,0,recombinant,AlphaxDelta,ERR5965300,ERR5995993,Alpha,Delta,B.1.1.7,B.1.617.2,4,21331,33,34,29562,0,0,0
rec_00264,0,recombinant,AlphaxDelta,ERR5989598,ERR5966478,Alpha,Delta,B.1.1.7,AY.4,5,26583,37,18,29532,0,0,0
rec_00265,0,recombinant,AlphaxDelta,ERR5965309,ERR5965530,Alpha,Delta,B.1.1.7,AY.4,5,27254,46,17,29532,0,0,0
rec_00266,0,recombinant,AlphaxDelta,ERR5965353,ERR5966480,Alpha,Delta,B.1.1.7,AY.4,5,15966,24,36,29553,373,0,0
rec_00267,0,recombinant,AlphaxDelta,ERR5995843,ERR5963777,Alpha,Delta,B.1.1.7,AY.9,5,6905,13,43,29532,231,0,0
rec_00268,0,recombinant,AlphaxDelta,ERR5965128,ERR5964960,Alpha,Delta,B.1.1.7,AY.4,5,23123,36,28,29579,0,0,0
rec_00269,0,recombinant,AlphaxDelta,ERR5965551,ERR5965236,Alpha,Delta,B.1.1.7,AY.8,5,22264,28,32,29534,0,0,0
rec_00270,0,recombinant,AlphaxDelta,ERR5965452,ERR5996016,Alpha,Delta,B.1.1.7,AY.4,5,4548,5,56,29532,0,0,0
rec_00271,0,recombinant,AlphaxDelta,ERR5965239,ERR5965452,Delta,Alpha,AY.9,B.1.1.7,5,16546,22,33,29532,0,0,0
rec_00272,0,recombinant,AlphaxDelta,ERR6009113,ERR5965238,Delta,Alpha,AY.4,B.1.1.7,5,2950,3,58,29533,0,0,0
rec_00273,0,recombinant,AlphaxDelta,ERR5965229,ERR5965699,Alpha,Delta,B.1.1.7,AY.4,5,17562,24,37,29532,214,0,0
rec_00274,0,recombinant,AlphaxDelta,ERR5964897,ERR5991574,Delta,Alpha,AY.4,B.1.1.7,5,15100,21,36,29532,491,0,0
rec_00275,0,recombinant,AlphaxDelta,ERR5964691,ERR5995822,Delta,Alpha,AY.5,B.1.1.7,5,9341,14,42,29532,0,0,0
rec_00276,0,recombinant,AlphaxDelta,ERR5965715,ERR5996084,Alpha,Delta,B.1.1.7,AY.4,5,6364,9,50,29532,0,0,0
rec_00277,0,recombinant,AlphaxDelta,ERR5964399,ERR5966786,Delta,Alpha,AY.4,B.1.1.7,5,22661,28,29,29550,0,0,0
rec_00278,0,recombinant,AlphaxDelta,ERR5993403,ERR5989439,Alpha,Delta,B.1.1.7,B.1.617.2,4,5389,10,53,29532,0,0,0
rec_00279,0,recombinant,AlphaxDelta,ERR5963700,ERR5991738,Delta,Alpha,AY.5,B.1.1.7,5,20858,26,30,29532,0,0,0
rec_00280,0,recombinant,AlphaxDelta,ERR5965266,ERR6883067,Alpha,Delta,B.1.1.7,AY.10,5,19511,28,31,29532,203,0,0
rec_00281,0,recombinant,AlphaxDelta,ERR5965038,ERR5965333,Alpha,Delta,B.1.1.7,AY.4,5,5634,6,51,29532,0,0,0
rec_00282,0,recombinant,AlphaxDelta,ERR5965530,ERR5989051,Delta,Alpha,AY.4,B.1.1.7,5,25988,41,21,29532,0,0,0
rec_00283,0,recombinant,AlphaxDelta,ERR5989538,ERR5964376,Alpha,Delta,B.1.1.7,AY.4,5,14184,18,39,29532,0,0,0
rec_00284,0,recombinant,AlphaxDelta,ERR5991287,ERR5964897,Alpha,Delta,B.1.1.7,AY.4,5,21908,29,33,29532,81,0,0
rec_00285,0,recombinant,AlphaxDelta,ERR5965475,ERR5964481,Delta,Alpha,AY.4,B.1.1.7,5,11506,20,41,29602,0,0,0
rec_00286,0,recombinant,AlphaxDelta,ERR5964574,ERR5995822,Delta,Alpha,AY.4,B.1.1.7,5,995,2,54,29532,0,0,0
rec_00287,0,recombinant,AlphaxDelta,ERR5966784,ERR5995776,Alpha,Delta,B.1.1.7,AY.4,5,11197,14,44,29532,0,0,0
rec_00288,0,recombinant,AlphaxDelta,ERR5981439,ERR5964935,Alpha,Delta,B.1.1.7,AY.4,5,12574,20,39,29532,181,0,0
rec_00289,0,recombinant,AlphaxDelta,ERR5965147,ERR5964720,Delta,Alpha,AY.4,B.1.1.7,5,10452,22,44,29683,0,0,0
rec_00290,0,recombinant,AlphaxDelta,ERR5965668,ERR5964805,Alpha,Delta,B.1.1.7,AY.4,5,8205,14,47,29532,231,0,0
rec_00291,0,recombinant,AlphaxDelta,ERR5989439,ERR5963745,Delta,Alpha,B.1.617.2,B.1.1.7,4,13514,17,37,29532,0,0,0
rec_00292,0,recombinant,AlphaxDelta,ERR5981701,ERR5989228,Delta,Alpha,AY.4,B.1.1.7,5,2142,3,54,29553,432,0,0
rec_00293,0,recombinant,AlphaxDelta,ERR5964571,ERR5995931,Alpha,Delta,B.1.1.7,AY.4,5,18157,28,32,28829,0,0,0
rec_00294,0,recombinant,AlphaxDelta,ERR5965604,ERR5964933,Delta,Alpha,AY.4,B.1.1.7,5,5289,7,52,29532,0,0,0
rec_00295,0,recombinant,AlphaxDelta,ERR5965795,ERR5964880,Delta,Alpha,AY.4,B.1.1.7,5,24723,35,23,29532,231,0,0
rec_00296,0,recombinant,AlphaxDelta,ERR5964997,ERR5963804,Delta,Alpha,AY.4,B.1.1.7,5,1967,3,54,29532,285,0,0
rec_00297,0,recombinant,AlphaxDelta,ERR5963804,ERR5965477,Alpha,Delta,B.1.1.7,AY.4,5,13910,18,38,29532,285,0,0
rec_00298,0,recombinant,AlphaxDelta,ERR5995999,ERR5989570,Delta,Alpha,AY.4,B.1.1.7,5,6533,10,48,29532,0,0,0
rec_00299,0,recombinant,AlphaxDelta,ERR5965761,ERR5996081,Alpha,Delta,B.1.1.7,AY.4,5,3301,3,55,29532,141,0,0
rec_00300,0,recombinant,AlphaxDelta,ERR5989322,ERR5964890,Alpha,Delta,B.1.1.7,AY.4,5,4188,4,52,29532,0,0,0
rec_00301,0,recombinant,AlphaxDelta,ERR5964990,ERR5964866,Delta,Alpha,AY.4,B.1.1.7,5,10350,18,42,29553,0,0,0
rec_00302,0,recombinant,AlphaxDelta,ERR5965356,ERR5989016,Alpha,Delta,B.1.1.7,AY.8,5,10764,13,43,29532,46,0,0
rec_00303,0,recombinant,AlphaxDelta,ERR5965272,ERR5965678,Alpha,Delta,B.1.1.7,AY.4,5,12575,18,38,29532,231,0,0
rec_00304,0,recombinant,AlphaxDelta,ERR5996081,ERR5964743,Delta,Alpha,AY.4,B.1.1.7,5,27665,42,17,29532,171,0,0
rec_00305,0,recombinant,AlphaxDelta,ERR5965350,ERR5965147,Alpha,Delta,B.1.1.7,AY.4,5,1713,2,57,29532,231,0,0
rec_00306,0,recombinant,AlphaxDelta,ERR6136344,ERR5964838,Delta,Alpha,AY.4,B.1.1.7,5,3812,4,54,29532,0,0,0
rec_00307,0,recombinant,AlphaxDelta,ERR5964399,ERR5965350,Delta,Alpha,AY.4,B.1.1.7,5,3266,2,55,29550,0,0,0
rec_00308,0,recombinant,AlphaxDelta,ERR5965148,ERR5964582,Delta,Alpha,AY.4,B.1.1.7,5,29644,59,1,29532,0,0,0
rec_00309,0,recombinant,AlphaxDelta,ERR5990213,ERR5965208,Alpha,Delta,B.1.1.7,AY.4,5,2052,2,53,29544,330,0,0
rec_00310,0,recombinant,AlphaxDelta,ERR5996061,ERR5993403,Delta,Alpha,AY.4,B.1.1.7,5,17246,28,39,29532,0,0,0
rec_00311,0,recombinant,AlphaxDelta,ERR5965213,ERR5964870,Delta,Alpha,AY.4,B.1.1.7,5,23876,36,22,29532,0,0,0
rec_00312,0,recombinant,AlphaxDelta,ERR5965765,ERR5963837,Alpha,Delta,B.1.1.7,AY.5,5,14790,16,42,29532,272,0,0
rec_00313,0,recombinant,AlphaxDelta,ERR5964612,ERR5964950,Delta,Alpha,AY.120,B.1.1.7,5,23992,39,26,29532,0,0,0
rec_00314,0,recombinant,AlphaxDelta,ERR5965631,ERR5964880,Delta,Alpha,AY.4,B.1.1.7,5,3992,3,56,29532,0,0,0
rec_00315,0,recombinant,AlphaxDelta,ERR5991094,ERR5995999,Alpha,Delta,B.1.1.7,AY.4,5,29207,58,2,29532,0,0,0
rec_00316,0,recombinant,AlphaxDelta,ERR5965147,ERR5964743,Delta,Alpha,AY.4,B.1.1.7,5,17615,25,36,29532,331,0,0
rec_00317,0,recombinant,AlphaxDelta,ERR5965153,ERR6009145,Alpha,Delta,B.1.1.7,AY.4,5,13195,22,40,29532,0,0,0
rec_00318,0,recombinant,AlphaxDelta,ERR5964877,ERR6062046,Delta,Alpha,AY.4,B.1.1.7,5,27580,39,17,29532,0,0,0
rec_00319,0,recombinant,AlphaxDelta,ERR5981443,ERR5991610,Delta,Alpha,AY.4,B.1.1.7,5,23037,31,27,29532,231,0,0
rec_00320,0,recombinant,AlphaxDelta,ERR5965444,ERR6008912,Alpha,Delta,B.1.1.7,AY.4,5,16993,23,35,29550,0,0,0
rec_00321,0,recombinant,AlphaxDelta,ERR5964956,ERR5964324,Alpha,Delta,B.1.1.7,AY.4,5,10559,19,45,29532,222,0,0
rec_00322,0,recombinant,AlphaxDelta,ERR5964481,ERR5965446,Alpha,Delta,B.1.1.7,AY.4,5,10421,18,43,29532,0,0,0
rec_00323,0,recombinant,AlphaxDelta,ERR5965390,ERR5965795,Alpha,Delta,B.1.1.7,AY.4,5,9223,17,42,29553,231,0,0
rec_00324,0,recombinant,AlphaxDelta,ERR5989439,ERR5963751,Delta,Alpha,B.1.617.2,B.1.1.7,4,11701,17,43,29532,0,0,0
rec_00325,0,recombinant,AlphaxDelta,ERR5964933,ERR5964937,Alpha,Delta,B.1.1.7,AY.4,5,22601,31,28,29532,0,0,0
rec_00326,0,recombinant,AlphaxDelta,ERR5991847,ERR5989016,Alpha,Delta,B.1.1.7,AY.8,5,24749,38,23,28829,210,0,0
rec_00327,0,recombinant,AlphaxDelta,ERR5964990,ERR5965174,Delta,Alpha,AY.4,B.1.1.7,5,3299,4,57,29532,0,0,0
rec_00328,0,recombinant,AlphaxDelta,ERR5965153,ERR5963922,Alpha,Delta,B.1.1.7,B.1.617.2,4,28134,56,11,29532,0,0,0
rec_00329,0,recombinant,AlphaxDelta,ERR5964637,ERR5965213,Alpha,Delta,B.1.1.7,AY.4,5,27419,38,18,29532,0,0,0
rec_00330,0,recombinant,AlphaxDelta,ERR5964833,ERR5965298,Alpha,Delta,B.1.1.7,AY.4,5,1349,3,54,29532,475,0,0
rec_00331,0,recombinant,AlphaxDelta,ERR5995908,ERR5996051,Delta,Alpha,AY.4,B.1.1.7,5,2669,4,55,29532,0,0,0
rec_00332,0,recombinant,AlphaxDelta,ERR5996016,ERR5970748,Delta,Alpha,AY.4,B.1.1.7,5,25376,38,20,29532,0,0,0
rec_00333,0,recombinant,AlphaxDelta,ERR5991574,ERR5964889,Alpha,Delta,B.1.1.7,AY.4,5,13564,20,37,29532,0,0,0
rec_00334,0,recombinant,AlphaxDelta,ERR5981488,ERR5990800,Delta,Alpha,AY.4,B.1.1.7,5,10448,17,42,28829,1,0,0
rec_00335,0,recombinant,AlphaxDelta,ERR5965185,ERR5972864,Delta,Alpha,AY.4,B.1.1.7,5,25339,38,20,29532,0,0,0
rec_00336,0,recombinant,AlphaxDelta,ERR5996051,ERR5965042,Alpha,Delta,B.1.1.7,AY.120,5,4953,6,50,29532,272,0,0
rec_00337,0,recombinant,AlphaxDelta,ERR5965562,ERR5990141,Delta,Alpha,AY.5,B.1.1.7,5,6527,8,48,29568,220,0,0
rec_00338,0,recombinant,AlphaxDelta,ERR5964060,ERR5990165,Delta,Alpha,AY.8,B.1.1.7,5,28662,50,6,29681,154,0,0
rec_00339,0,recombinant,AlphaxDelta,ERR5964960,ERR5991732,Delta,Alpha,AY.4,B.1.1.7,5,27708,44,17,29532,231,0,0
rec_00340,0,recombinant,AlphaxDelta,ERR5965695,ERR5964833,Delta,Alpha,AY.4,B.1.1.7,5,11269,18,37,29532,0,0,0
rec_00341,0,recombinant,AlphaxDelta,ERR5991610,ERR5964611,Alpha,Delta,B.1.1.7,AY.4,5,15134,20,40,29532,0,0,0
rec_00342,0,recombinant,AlphaxDelta,ERR5965370,ERR5990992,Delta,Alpha,AY.8,B.1.1.7,5,29215,54,2,29532,0,0,0
rec_00343,0,recombinant,AlphaxDelta,ERR5966452,ERR5989322,Delta,Alpha,AY.4,B.1.1.7,5,27821,39,16,29532,272,0,0
rec_00344,0,recombinant,AlphaxDelta,ERR5972864,ERR5964975,Alpha,Delta,B.1.1.7,AY.4,5,3707,4,55,29532,109,0,0
rec_00345,0,recombinant,AlphaxDelta,ERR5964376,ERR5964913,Delta,Alpha,AY.4,B.1.1.7,5,2245,3,57,29532,0,0,0
rec_00346,0,recombinant,AlphaxDelta,ERR5965568,ERR5981443,Alpha,Delta,B.1.1.7,AY.4,5,26031,37,19,29532,0,0,0
rec_00347,0,recombinant,AlphaxDelta,ERR5990800,ERR5965583,Alpha,Delta,B.1.1.7,AY.4,5,15515,24,35,28829,75,0,0
rec_00348,0,recombinant,AlphaxDelta,ERR5964889,ERR5964833,Delta,Alpha,AY.4,B.1.1.7,5,5036,6,54,29532,0,0,0
rec_00349,0,recombinant,AlphaxDelta,ERR5964851,ERR6062046,Delta,Alpha,AY.8,B.1.1.7,5,23556,31,23,29532,0,0,0
rec_00350,0,recombinant,AlphaxDelta,ERR5989538,ERR5965477,Alpha,Delta,B.1.1.7,AY.4,5,13846,18,39,29532,0,0,0
rec_00351,0,recombinant,AlphaxDelta,ERR5996054,ERR5990496,Delta,Alpha,AY.4,B.1.1.7,5,13421,20,45,29532,0,0,0
rec_00352,0,recombinant,AlphaxDelta,ERR5965160,ERR5990112,Alpha,Delta,B.1.1.7,AY.9,5,10370,13,42,29538,0,0,0
rec_00353,0,recombinant,AlphaxDelta,ERR5995843,ERR5964544,Alpha,Delta,B.1.1.7,AY.98,5,6080,11,46,29532,0,0,0
rec_00354,0,recombinant,AlphaxDelta,ERR5965208,ERR5965761,Delta,Alpha,AY.4,B.1.1.7,5,28987,56,3,29532,272,0,0
rec_00355,0,recombinant,AlphaxDelta,ERR5964833,ERR5965236,Alpha,Delta,B.1.1.7,AY.8,5,29471,57,2,29534,0,0,0
rec_00356,0,recombinant,AlphaxDelta,ERR5965191,ERR5965356,Delta,Alpha,AY.4,B.1.1.7,5,12880,18,41,29532,0,0,0
rec_00357,0,recombinant,AlphaxDelta,ERR5965715,ERR5964119,Alpha,Delta,B.1.1.7,AY.5,5,6249,9,50,29532,272,0,0
rec_00358,0,recombinant,AlphaxDelta,ERR5964060,ERR5963804,Delta,Alpha,AY.8,B.1.1.7,5,28523,48,6,29532,154,0,0
rec_00359,0,recombinant,AlphaxDelta,ERR5991574,ERR5965567,Alpha,Delta,B.1.1.7,AY.4,5,16309,23,29,29532,272,0,0
rec_00360,0,recombinant,AlphaxDelta,ERR5964672,ERR5991610,Delta,Alpha,AY.5,B.1.1.7,5,1543,2,55,29532,0,0,0
rec_00361,0,recombinant,AlphaxDelta,ERR5996020,ERR5964913,Delta,Alpha,AY.4,B.1.1.7,5,27132,41,19,29532,0,0,0
rec_00362,0,recombinant,AlphaxDelta,ERR5966786,ERR5981488,Alpha,Delta,B.1.1.7,AY.4,5,24861,35,22,29532,0,0,0
rec_00363,0,recombinant,AlphaxDelta,ERR5989657,ERR5964060,Alpha,Delta,B.1.1.7,AY.8,5,2255,6,48,29532,154,0,0
rec_00364,0,recombinant,AlphaxDelta,ERR5995908,ERR5995956,Delta,Alpha,AY.4,B.1.1.7,5,11942,18,41,29532,0,0,0
rec_00365,0,recombinant,AlphaxDelta,ERR5965266,ERR5963700,Alpha,Delta,B.1.1.7,AY.5,5,5294,6,50,29532,231,0,0
rec_00366,0,recombinant,AlphaxDelta,ERR5963751,ERR5996053,Alpha,Delta,B.1.1.7,AY.4,5,5803,6,54,29532,0,0,0
rec_00367,0,recombinant,AlphaxDelta,ERR5963889,ERR6008912,Alpha,Delta,B.1.1.7,AY.4,5,6114,8,50,29532,0,0,0
rec_00368,0,recombinant,AlphaxDelta,ERR5965795,ERR5964608,Delta,Alpha,AY.4,B.1.1.7,5,21108,28,32,29553,0,0,0
rec_00369,0,recombinant,AlphaxDelta,ERR5964975,ERR5991307,Delta,Alpha,AY.4,B.1.1.7,5,18494,28,31,29532,1,0,0
rec_00370,0,recombinant,AlphaxDelta,ERR5966464,ERR5971148,Delta,Alpha,AY.4,B.1.1.7,5,3959,4,54,29532,299,0,0
rec_00371,0,recombinant,AlphaxDelta,ERR5964672,ERR5965229,Delta,Alpha,AY.5,B.1.1.7,5,11671,17,42,29532,0,0,0
rec_00372,0,recombinant,AlphaxDelta,ERR6009113,ERR5990496,Delta,Alpha,AY.4,B.1.1.7,5,28910,58,4,29532,0,0,0
rec_00373,0,recombinant,AlphaxDelta,ERR5996020,ERR5995937,Delta,Alpha,AY.4,B.1.1.7,5,13697,19,38,29532,0,0,0
rec_00374,0,recombinant,AlphaxDelta,ERR5964341,ERR5965474,Alpha,Delta,B.1.1.7,AY.4,5,10845,21,44,29602,0,0,0
rec_00375,0,recombinant,AlphaxDelta,ERR5989209,ERR5996086,Alpha,Delta,B.1.1.7,AY.4,5,21587,25,32,29532,0,0,0
rec_00376,0,recombinant,AlphaxDelta,ERR5964890,ERR5989657,Delta,Alpha,AY.4,B.1.1.7,5,13384,18,38,29532,0,0,0
rec_00377,0,recombinant,AlphaxDelta,ERR5964801,ERR5990022,Delta,Alpha,AY.4,B.1.1.7,5,2773,4,56,29532,0,0,0
rec_00378,0,recombinant,AlphaxDelta,ERR5965126,ERR5965140,Alpha,Delta,B.1.1.7,AY.6,5,6289,7,48,29532,459,0,0
rec_00379,0,recombinant,AlphaxDelta,ERR5965148,ERR5991094,Delta,Alpha,AY.4,B.1.1.7,5,11537,20,42,29532,0,0,0
rec_00380,0,recombinant,AlphaxDelta,ERR5965583,ERR5964382,Delta,Alpha,AY.4,B.1.1.7,5,29069,59,2,29532,0,0,0
rec_00381,0,recombinant,AlphaxDelta,ERR5996051,ERR5963777,Alpha,Delta,B.1.1.7,AY.9,5,10704,15,40,29532,231,0,0
rec_00382,0,recombinant,AlphaxDelta,ERR5965258,ERR5964993,Alpha,Delta,B.1.1.7,AY.4,5,5973,5,52,29532,0,0,0
rec_00383,0,recombinant,AlphaxDelta,ERR5990246,ERR5965038,Delta,Alpha,AY.122,B.1.1.7,5,7913,12,45,29532,0,0,0
rec_00384,0,recombinant,AlphaxDelta,ERR5964060,ERR5981410,Delta,Alpha,AY.8,B.1.1.7,5,6172,10,43,29532,0,0,0
rec_00385,0,recombinant,AlphaxDelta,ERR5996050,ERR5989538,Delta,Alpha,AY.4,B.1.1.7,5,19462,26,31,29532,0,0,0
rec_00386,0,recombinant,AlphaxDelta,ERR5996050,ERR5964608,Delta,Alpha,AY.4,B.1.1.7,5,10471,18,42,29553,0,0,0
rec_00387,0,recombinant,AlphaxDelta,ERR5964880,ERR5966478,Alpha,Delta,B.1.1.7,AY.4,5,12235,18,40,29532,272,0,0
rec_00388,0,recombinant,AlphaxDelta,ERR5965201,ERR5996015,Delta,Alpha,AY.8,B.1.1.7,5,11383,12,41,29532,0,0,0
rec_00389,0,recombinant,AlphaxDelta,ERR5965134,ERR5965427,Delta,Alpha,AY.4,B.1.1.7,5,12723,21,41,29579,0,0,0
rec_00390,0,recombinant,AlphaxDelta,ERR5965021,ERR5964990,Alpha,Delta,B.1.1.7,AY.4,5,19501,27,32,29532,0,0,0
rec_00391,0,recombinant,AlphaxDelta,ERR5989439,ERR5964958,Delta,Alpha,B.1.617.2,B.1.1.7,4,24072,37,24,29532,1,0,0
rec_00392,0,recombinant,AlphaxDelta,ERR5995960,ERR6064437,Delta,Alpha,AY.4,B.1.1.7,5,5198,5,55,29532,194,0,0
rec_00393,0,recombinant,AlphaxDelta,ERR5996020,ERR5991732,Delta,Alpha,AY.4,B.1.1.7,5,24491,34,26,29532,0,0,0
rec_00394,0,recombinant,AlphaxDelta,ERR5965581,ERR5963837,Alpha,Delta,B.1.1.7,AY.5,5,15554,21,35,29532,517,0,0
rec_00395,0,recombinant,AlphaxDelta,ERR5965015,ERR5964958,Delta,Alpha,B.1.617.2,B.1.1.7,4,8388,11,49,29532,1,0,0
rec_00396,0,recombinant,AlphaxDelta,ERR5995986,ERR5966805,Alpha,Delta,B.1.1.7,AY.4,5,14325,18,38,29532,206,0,0
rec_00397,0,recombinant,AlphaxDelta,ERR5991307,ERR5996019,Alpha,Delta,B.1.1.7,AY.4,5,21885,30,28,29532,0,0,0
rec_00398,0,recombinant,AlphaxDelta,ERR5965377,ERR5963782,Alpha,Delta,B.1.1.7,AY.5,5,19040,22,32,29532,272,0,0
rec_00399,0,recombinant,AlphaxDelta,ERR5965174,ERR5966803,Alpha,Delta,B.1.1.7,B.1.617.2,4,704,2,57,29550,0,0,0
rec_00400,0,recombinant,AlphaxDelta,ERR5964638,ERR5965568,Delta,Alpha,AY.4,B.1.1.7,5,14255,17,39,29532,0,0,0
rec_00401,0,recombinant,AlphaxDelta,ERR5981410,ERR5965442,Alpha,Delta,B.1.1.7,AY.4,5,21463,27,30,29532,0,0,0
rec_00402,0,recombinant,AlphaxDelta,ERR5965236,ERR6064437,Delta,Alpha,AY.8,B.1.1.7,5,12856,16,44,29534,194,0,0
rec_00403,0,recombinant,AlphaxDelta,ERR5995999,ERR5965717,Delta,Alpha,AY.4,B.1.1.7,5,22965,30,30,29532,0,0,0
rec_00404,0,recombinant,AlphaxDelta,ERR5971148,ERR5964877,Alpha,Delta,B.1.1.7,AY.4,5,19776,24,32,29532,298,0,0
rec_00405,0,recombinant,AlphaxDelta,ERR5996054,ERR5964768,Delta,Alpha,AY.4,B.1.1.7,5,21028,26,32,29532,0,0,0
rec_00406,0,recombinant,AlphaxDelta,ERR5972864,ERR5964900,Alpha,Delta,B.1.1.7,AY.4,5,24194,38,22,29532,0,0,0
rec_00407,0,recombinant,AlphaxDelta,ERR5964875,ERR5964663,Delta,Alpha,B.1.617.2,B.1.1.7,4,14692,19,44,29562,0,0,0
rec_00408,0,recombinant,AlphaxDelta,ERR5964341,ERR5965695,Alpha,Delta,B.1.1.7,AY.4,5,22200,32,31,29602,0,0,0
rec_00409,0,recombinant,AlphaxDelta,ERR5991610,ERR5965692,Alpha,Delta,B.1.1.7,AY.4,5,11254,17,42,29532,0,0,0
rec_00410,0,recombinant,AlphaxDelta,ERR5996084,ERR5981406,Delta,Alpha,AY.4,B.1.1.7,5,26632,39,20,29532,0,0,0
rec_00411,0,recombinant,AlphaxDelta,ERR5996051,ERR5964851,Alpha,Delta,B.1.1.7,AY.8,5,3156,6,49,29532,0,0,0
rec_00412,0,recombinant,AlphaxDelta,ERR5989051,ERR5964132,Alpha,Delta,B.1.1.7,AY.11,5,6002,10,47,29299,300,0,0
rec_00413,0,recombinant,AlphaxDelta,ERR5965444,ERR5963837,Alpha,Delta,B.1.1.7,AY.5,5,5797,6,51,29550,272,0,0
rec_00414,0,recombinant,AlphaxDelta,ERR5964626,ERR5965321,Delta,Alpha,B.1.617.2,B.1.1.7,4,21124,23,33,29532,0,0,0
rec_00415,0,recombinant,AlphaxDelta,ERR5965350,ERR5965155,Alpha,Delta,B.1.1.7,AY.98,5,23469,29,27,29532,0,0,0
rec_00416,0,recombinant,AlphaxDelta,ERR5963804,ERR5996017,Alpha,Delta,B.1.1.7,AY.4,5,8285,12,47,29532,0,0,0
rec_00417,0,recombinant,AlphaxDelta,ERR5964950,ERR5964975,Alpha,Delta,B.1.1.7,AY.4,5,21092,30,35,29532,109,0,0
rec_00418,0,recombinant,AlphaxDelta,ERR5965822,ERR5970748,Delta,Alpha,AY.4,B.1.1.7,5,2276,2,56,29532,0,0,0
rec_00419,0,recombinant,AlphaxDelta,ERR5963646,ERR5964745,Alpha,Delta,B.1.1.7,AY.4,5,17386,25,38,29532,0,0,0
rec_00420,0,recombinant,AlphaxDelta,ERR5965475,ERR5990213,Delta,Alpha,AY.4,B.1.1.7,5,13415,19,36,29614,269,0,0
rec_00421,0,recombinant,AlphaxDelta,ERR5965474,ERR5963646,Delta,Alpha,AY.4,B.1.1.7,5,10240,15,48,29532,0,0,0
rec_00422,0,recombinant,AlphaxDelta,ERR5965356,ERR5995960,Alpha,Delta,B.1.1.7,AY.4,5,14016,19,42,29532,0,0,0
rec_00423,0,recombinant,AlphaxDelta,ERR5964738,ERR5965289,Alpha,Delta,B.1.1.7,AY.8,5,26772,38,16,29192,0,0,0
rec_00424,0,recombinant,AlphaxDelta,ERR5965350,ERR5964990,Alpha,Delta,B.1.1.7,AY.4,5,8267,11,46,29532,0,0,0
rec_00425,0,recombinant,AlphaxDelta,ERR5963603,ERR5965201,Alpha,Delta,B.1.1.7,AY.8,5,20912,23,30,29532,275,0,0
rec_00426,0,recombinant,AlphaxDelta,ERR5964362,ERR5981429,Alpha,Delta,B.1.1.7,AY.4,5,7180,11,48,29532,182,0,0
rec_00427,0,recombinant,AlphaxDelta,ERR5964899,ERR5966784,Delta,Alpha,AY.4,B.1.1.7,5,10988,13,42,29532,0,0,0
rec_00428,0,recombinant,AlphaxDelta,ERR5964982,ERR5989570,Delta,Alpha,AY.4,B.1.1.7,5,25820,39,19,29532,0,0,0
rec_00429,0,recombinant,AlphaxDelta,ERR5964638,ERR5990022,Delta,Alpha,AY.4,B.1.1.7,5,13236,21,39,29532,0,0,0
rec_00430,0,recombinant,AlphaxDelta,ERR5965544,ERR5964353,Delta,Alpha,AY.4,B.1.1.7,5,23584,35,24,29532,0,0,0
rec_00431,0,recombinant,AlphaxDelta,ERR5991847,ERR5995898,Alpha,Delta,B.1.1.7,AY.4,5,21396,31,32,28829,179,0,0
rec_00432,0,recombinant,AlphaxDelta,ERR5963603,ERR5964638,Alpha,Delta,B.1.1.7,AY.4,5,14809,18,38,29532,275,0,0
rec_00433,0,recombinant,AlphaxDelta,ERR5991873,ERR5981701,Alpha,Delta,B.1.1.7,AY.4,5,22757,26,30,29532,0,0,0
rec_00434,0,recombinant,AlphaxDelta,ERR5996027,ERR5965266,Delta,Alpha,AY.4,B.1.1.7,5,3419,4,54,29532,0,0,0
rec_00435,0,recombinant,AlphaxDelta,ERR5963889,ERR5996053,Alpha,Delta,B.1.1.7,AY.4,5,2239,2,56,29532,0,0,0
rec_00436,0,recombinant,AlphaxDelta,ERR5996025,ERR5965153,Delta,Alpha,AY.4,B.1.1.7,5,25989,44,19,29532,0,0,0
rec_00437,0,recombinant,AlphaxDelta,ERR5996077,ERR5963745,Delta,Alpha,B.1.617.2,B.1.1.7,4,4000,6,51,29562,0,0,0
rec_00438,0,recombinant,AlphaxDelta,ERR5991738,ERR5965442,Alpha,Delta,B.1.1.7,AY.4,5,18116,26,32,29532,0,0,0
rec_00439,0,recombinant,AlphaxDelta,ERR5964877,ERR5965617,Delta,Alpha,AY.4,B.1.1.7,5,29582,54,1,29532,0,0,0
rec_00440,0,recombinant,AlphaxDelta,ERR5965668,ERR5995931,Alpha,Delta,B.1.1.7,AY.4,5,5809,6,52,28829,0,0,0
rec_00441,0,recombinant,AlphaxDelta,ERR5964934,ERR5964899,Alpha,Delta,B.1.1.7,AY.4,5,18797,24,32,29532,245,0,0
rec_00442,0,recombinant,AlphaxDelta,ERR5964864,ERR5964899,Alpha,Delta,B.1.1.7,AY.4,5,24844,34,22,29532,0,0,0
rec_00443,0,recombinant,AlphaxDelta,ERR5965042,ERR5991732,Delta,Alpha,AY.120,B.1.1.7,5,22060,25,34,29532,350,0,0
rec_00444,0,recombinant,AlphaxDelta,ERR5964395,ERR5965765,Delta,Alpha,AY.4,B.1.1.7,5,8028,11,48,29532,0,0,0
rec_00445,0,recombinant,AlphaxDelta,ERR5965049,ERR5965160,Delta,Alpha,AY.120,B.1.1.7,5,9049,16,46,29538,0,0,0
rec_00446,0,recombinant,AlphaxDelta,ERR5965516,ERR5964384,Delta,Alpha,AY.4,B.1.1.7,5,7158,10,49,29532,0,0,0
rec_00447,0,recombinant,AlphaxDelta,ERR5965617,ERR6008912,Alpha,Delta,B.1.1.7,AY.4,5,16798,22,33,29532,0,0,0
rec_00448,0,recombinant,AlphaxDelta,ERR5965418,ERR6883067,Alpha,Delta,B.1.1.7,AY.10,5,12984,21,39,29532,207,0,0
rec_00449,0,recombinant,AlphaxDelta,ERR5991149,ERR5996088,Alpha,Delta,B.1.1.7,AY.4,5,18175,24,38,29532,0,0,0
rec_00450,0,recombinant,AlphaxDelta,ERR5991676,ERR5965699,Alpha,Delta,B.1.1.7,AY.4,5,24873,38,21,29532,0,0,0
rec_00451,0,recombinant,AlphaxDelta,ERR5964778,ERR5981488,Alpha,Delta,B.1.1.7,AY.4,5,17103,20,35,29532,272,0,0
rec_00452,0,recombinant,AlphaxDelta,ERR5965480,ERR5965764,Delta,Alpha,B.1.617.2,B.1.1.7,4,1353,4,55,29562,0,0,0
rec_00453,0,recombinant,AlphaxDelta,ERR5965361,ERR5965583,Alpha,Delta,B.1.1.7,AY.4,5,21730,31,32,29554,0,0,0
rec_00454,0,recombinant,AlphaxDelta,ERR5963719,ERR5965095,Alpha,Delta,B.1.1.7,AY.4,5,11883,18,41,29532,0,0,0
rec_00455,0,recombinant,AlphaxDelta,ERR5996077,ERR5972864,Delta,Alpha,B.1.617.2,B.1.1.7,4,7204,12,49,29562,0,0,0
rec_00456,0,recombinant,AlphaxDelta,ERR5991732,ERR5981701,Alpha,Delta,B.1.1.7,AY.4,5,12320,16,45,29532,272,0,0
rec_00457,0,recombinant,AlphaxDelta,ERR5965295,ERR5965140,Alpha,Delta,B.1.1.7,AY.6,5,15757,18,37,29532,459,0,0
rec_00458,0,recombinant,AlphaxDelta,ERR5965819,ERR5965240,Delta,Alpha,AY.5,B.1.1.7,5,29240,52,2,29532,0,0,0
rec_00459,0,recombinant,AlphaxDelta,ERR5964916,ERR5965208,Alpha,Delta,B.1.1.7,AY.4,5,7372,13,45,29556,272,0,0
rec_00460,0,recombinant,AlphaxDelta,ERR5963869,ERR5965185,Alpha,Delta,B.1.1.7,AY.4,5,21763,34,28,29532,0,0,0
rec_00461,0,recombinant,AlphaxDelta,ERR6008912,ERR5965353,Delta,Alpha,AY.4,B.1.1.7,5,12426,20,39,29553,0,0,0
rec_00462,0,recombinant,AlphaxDelta,ERR5964880,ERR5964395,Alpha,Delta,B.1.1.7,AY.4,5,5685,6,52,29532,0,0,0
rec_00463,0,recombinant,AlphaxDelta,ERR5965300,ERR5964935,Alpha,Delta,B.1.1.7,AY.4,5,5888,10,56,29532,181,0,0
rec_00464,0,recombinant,AlphaxDelta,ERR5996053,ERR5965427,Delta,Alpha,AY.4,B.1.1.7,5,23954,37,25,29579,0,0,0
rec_00465,0,recombinant,AlphaxDelta,ERR5965174,ERR5964920,Alpha,Delta,B.1.1.7,AY.4,5,3712,4,57,29532,121,0,0
rec_00466,0,recombinant,AlphaxDelta,ERR5965495,ERR5964962,Alpha,Delta,B.1.1.7,B.1.617.2,4,28111,50,14,29562,0,0,0
rec_00467,0,recombinant,AlphaxDelta,ERR5966784,ERR5966478,Alpha,Delta,B.1.1.7,AY.4,5,12108,16,40,29532,272,0,0
rec_00468,0,recombinant,AlphaxDelta,ERR5989228,ERR5964897,Alpha,Delta,B.1.1.7,AY.4,5,1227,3,56,29553,231,0,0
rec_00469,0,recombinant,AlphaxDelta,ERR5965235,ERR5964326,Alpha,Delta,B.1.1.7,AY.4,5,13012,20,42,29532,0,0,0
rec_00470,0,recombinant,AlphaxDelta,ERR5964933,ERR5965333,Alpha,Delta,B.1.1.7,AY.4,5,27303,41,18,29532,0,0,0
rec_00471,0,recombinant,AlphaxDelta,ERR5966797,ERR5996015,Delta,Alpha,AY.4,B.1.1.7,5,2351,2,53,29532,0,0,0
rec_00472,0,recombinant,AlphaxDelta,ERR5981406,ERR5965140,Alpha,Delta,B.1.1.7,AY.6,5,25827,38,22,29532,0,0,0
rec_00473,0,recombinant,AlphaxDelta,ERR5965353,ERR5964891,Alpha,Delta,B.1.1.7,AY.4,5,16079,23,35,29553,340,0,0
rec_00474,0,recombinant,AlphaxDelta,ERR5991847,ERR5965134,Alpha,Delta,B.1.1.7,AY.4,5,23424,36,27,28829,210,0,0
rec_00475,0,recombinant,AlphaxDelta,ERR5965147,ERR5989515,Delta,Alpha,AY.4,B.1.1.7,5,29011,57,2,29532,231,0,0
rec_00476,0,recombinant,AlphaxDelta,ERR5965201,ERR5991732,Delta,Alpha,AY.8,B.1.1.7,5,15787,19,38,29532,78,0,0
rec_00477,0,recombinant,AlphaxDelta,ERR5964875,ERR5965452,Delta,Alpha,B.1.617.2,B.1.1.7,4,4977,6,57,29562,0,0,0
rec_00478,0,recombinant,AlphaxDelta,ERR5965350,ERR5964066,Alpha,Delta,B.1.1.7,AY.8,5,3691,5,49,29532,109,0,0
rec_00479,0,recombinant,AlphaxDelta,ERR5964600,ERR5964982,Alpha,Delta,B.1.1.7,AY.4,5,20067,29,33,29532,0,0,0
rec_00480,0,recombinant,AlphaxDelta,ERR5965600,ERR5965717,Delta,Alpha,AY.4,B.1.1.7,5,11879,17,43,29532,0,0,0
rec_00481,0,recombinant,AlphaxDelta,ERR5964399,ERR5965038,Delta,Alpha,AY.4,B.1.1.7,5,23797,33,24,29550,0,0,0
rec_00482,0,recombinant,AlphaxDelta,ERR5966797,ERR5964956,Delta,Alpha,AY.4,B.1.1.7,5,20232,28,34,29532,0,0,0
rec_00483,0,recombinant,AlphaxDelta,ERR5995903,ERR5991732,Delta,Alpha,AY.4,B.1.1.7,5,10161,15,48,29532,78,0,0
rec_00484,0,recombinant,AlphaxDelta,ERR5996053,ERR5964571,Delta,Alpha,AY.4,B.1.1.7,5,21528,28,32,29532,0,0,0
rec_00485,0,recombinant,AlphaxDelta,ERR5996077,ERR5964701,Delta,Alpha,B.1.617.2,B.1.1.7,4,11807,12,48,29562,0,0,0
rec_00486,0,recombinant,AlphaxDelta,ERR5993855,ERR5991287,Delta,Alpha,AY.4,B.1.1.7,5,14207,18,39,29532,0,0,0
rec_00487,0,recombinant,AlphaxDelta,ERR5966478,ERR5965353,Delta,Alpha,AY.4,B.1.1.7,5,17844,27,32,29553,0,0,0
rec_00488,0,recombinant,AlphaxDelta,ERR6009145,ERR5965353,Delta,Alpha,AY.4,B.1.1.7,5,8584,14,44,29553,142,0,0
rec_00489,0,recombinant,AlphaxDelta,ERR5995776,ERR5964950,Delta,Alpha,AY.4,B.1.1.7,5,18227,28,38,29532,0,0,0
rec_00490,0,recombinant,AlphaxDelta,ERR5966803,ERR5964933,Delta,Alpha,B.1.617.2,B.1.1.7,4,9097,13,44,29550,0,0,0
rec_00491,0,recombinant,AlphaxDelta,ERR5996081,ERR5965551,Delta,Alpha,AY.4,B.1.1.7,5,7162,12,46,29532,0,0,0
rec_00492,0,recombinant,AlphaxDelta,ERR5965678,ERR5966784,Delta,Alpha,AY.4,B.1.1.7,5,24710,36,22,29532,231,0,0
rec_00493,0,recombinant,AlphaxDelta,ERR5991873,ERR5964376,Alpha,Delta,B.1.1.7,AY.4,5,27317,38,17,29532,0,0,0
rec_00494,0,recombinant,AlphaxDelta,ERR5964354,ERR5990787,Delta,Alpha,AY.10,B.1.1.7,5,14847,20,34,29532,0,0,0
rec_00495,0,recombinant,AlphaxDelta,ERR5991873,ERR5993855,Alpha,Delta,B.1.1.7,AY.4,5,24375,31,22,29532,0,0,0
rec_00496,0,recombinant,AlphaxDelta,ERR5965553,ERR5966464,Alpha,Delta,B.1.1.7,AY.4,5,11918,17,40,29532,0,0,0
rec_00497,0,recombinant,AlphaxDelta,ERR5996050,ERR5994263,Delta,Alpha,AY.4,B.1.1.7,5,10837,15,43,29532,0,0,0
rec_00498,0,recombinant,AlphaxDelta,ERR5965350,ERR5989016,Alpha,Delta,B.1.1.7,AY.8,5,25803,34,20,29532,0,0,0
rec_00499,0,recombinant,AlphaxDelta,ERR5964901,ERR5971418,Delta,Alpha,AY.4,B.1.1.7,5,9503,12,41,28829,267,0,0
rec_00500,0,recombinant,AlphaxAlpha,ERR5990496,ERR5965761,Alpha,Alpha,B.1.1.7,B.1.1.7,0,23629,10,3,26649,0,0,0
rec_00501,0,recombinant,AlphaxAlpha,ERR5981410,ERR5965004,Alpha,Alpha,B.1.1.7,B.1.1.7,0,12068,9,5,27395,0,0,0
rec_00502,0,recombinant,AlphaxAlpha,ERR5989570,ERR5989815,Alpha,Alpha,B.1.1.7,B.1.1.7,0,20922,8,3,27095,0,0,0
rec_00503,0,recombinant,AlphaxAlpha,ERR5972864,ERR5964934,Alpha,Alpha,B.1.1.7,B.1.1.7,0,26838,11,2,25835,0,0,0
rec_00504,0,recombinant,AlphaxAlpha,ERR5964772,ERR5963745,Alpha,Alpha,B.1.1.7,B.1.1.7,0,5854,1,5,27597,0,0,0
rec_00505,0,recombinant,AlphaxAlpha,ERR5964913,ERR5963719,Alpha,Alpha,B.1.1.7,B.1.1.7,0,2292,2,14,28994,0,0,0
rec_00506,0,recombinant,AlphaxAlpha,ERR5964320,ERR5964608,Alpha,Alpha,B.1.1.7,B.1.1.7,0,4124,3,14,27898,0,0,0
rec_00507,0,recombinant,AlphaxAlpha,ERR5964870,ERR6064437,Alpha,Alpha,B.1.1.7,B.1.1.7,0,21062,10,4,26843,194,0,0
rec_00508,0,recombinant,AlphaxAlpha,ERR5963869,ERR5964720,Alpha,Alpha,B.1.1.7,B.1.1.7,0,5127,9,12,29683,0,0,0
rec_00509,0,recombinant,AlphaxAlpha,ERR5965240,ERR5989358,Alpha,Alpha,B.1.1.7,B.1.1.7,0,6752,4,5,27041,440,0,0
rec_00510,0,recombinant,AlphaxAlpha,ERR5966786,ERR5989826,Alpha,Alpha,B.1.1.7,B.1.1.7,0,28624,9,1,28623,0,0,0
rec_00511,0,recombinant,AlphaxAlpha,ERR5964743,ERR5965240,Alpha,Alpha,B.1.1.7,B.1.1.7,0,15783,3,8,29371,0,0,0
rec_00512,0,recombinant,AlphaxAlpha,ERR5964720,ERR5993403,Alpha,Alpha,B.1.1.7,B.1.1.7,0,23094,20,4,29683,0,0,0
rec_00513,0,recombinant,AlphaxAlpha,ERR5964838,ERR5965764,Alpha,Alpha,B.1.1.7,B.1.1.7,0,10339,5,7,25642,0,0,0
rec_00514,0,recombinant,AlphaxAlpha,ERR5990992,ERR5990800,Alpha,Alpha,B.1.1.7,B.1.1.7,0,21016,12,4,29084,1,0,0
rec_00515,0,recombinant,AlphaxAlpha,ERR5965283,ERR5964320,Alpha,Alpha,B.1.1.7,B.1.1.7,0,8182,2,8,23683,0,0,0
rec_00516,0,recombinant,AlphaxAlpha,ERR5995822,ERR5964384,Alpha,Alpha,B.1.1.7,B.1.1.7,0,24435,7,5,25333,0,0,0
rec_00517,0,recombinant,AlphaxAlpha,ERR5989322,ERR5965258,Alpha,Alpha,B.1.1.7,B.1.1.7,0,22902,4,6,24201,251,0,0
rec_00518,0,recombinant,AlphaxAlpha,ERR5991936,ERR5972503,Alpha,Alpha,B.1.1.7,B.1.1.7,0,12675,2,8,25499,1,0,0
rec_00519,0,recombinant,AlphaxAlpha,ERR5965351,ERR5965717,Alpha,Alpha,B.1.1.7,B.1.1.7,0,26345,9,7,25205,0,0,0
rec_00520,0,recombinant,AlphaxAlpha,ERR5990165,ERR5990213,Alpha,Alpha,B.1.1.7,B.1.1.7,0,12101,4,8,25499,269,0,0
rec_00521,0,recombinant,AlphaxAlpha,ERR5991873,ERR5972503,Alpha,Alpha,B.1.1.7,B.1.1.7,0,19183,4,6,26321,1,0,0
rec_00522,0,recombinant,AlphaxAlpha,ERR5965384,ERR5964701,Alpha,Alpha,B.1.1.7,B.1.1.7,0,16034,3,10,26925,0,0,0
rec_00523,0,recombinant,AlphaxAlpha,ERR5965617,ERR5964481,Alpha,Alpha,B.1.1.7,B.1.1.7,0,9219,5,8,28487,0,0,0
rec_00524,0,recombinant,AlphaxAlpha,ERR5965062,ERR5965258,Alpha,Alpha,B.1.1.7,B.1.1.7,0,18587,5,7,24712,0,0,0
rec_00525,0,recombinant,AlphaxAlpha,ERR5964688,ERR5965158,Alpha,Alpha,B.1.1.7,B.1.1.7,0,18545,12,5,29389,0,0,0
rec_00526,0,recombinant,AlphaxAlpha,ERR5964778,ERR5990022,Alpha,Alpha,B.1.1.7,B.1.1.7,0,4338,3,9,25436,0,0,0
rec_00527,0,recombinant,AlphaxAlpha,ERR5994263,ERR5964838,Alpha,Alpha,B.1.1.7,B.1.1.7,0,12234,8,5,27165,0,0,0
rec_00528,0,recombinant,AlphaxAlpha,ERR5993403,ERR5965444,Alpha,Alpha,B.1.1.7,B.1.1.7,0,14304,9,10,27649,0,0,0
rec_00529,0,recombinant,AlphaxAlpha,ERR5991676,ERR5965300,Alpha,Alpha,B.1.1.7,B.1.1.7,0,23500,18,2,27024,0,0,0
rec_00530,0,recombinant,AlphaxAlpha,ERR5964720,ERR5965126,Alpha,Alpha,B.1.1.7,B.1.1.7,0,22678,11,4,29683,0,0,0
rec_00531,0,recombinant,AlphaxAlpha,ERR5965427,ERR5965414,Alpha,Alpha,B.1.1.7,B.1.1.7,0,2829,4,17,29389,0,0,0
rec_00532,0,recombinant,AlphaxAlpha,ERR5989538,ERR5965272,Alpha,Alpha,B.1.1.7,B.1.1.7,0,15065,5,4,25642,0,0,0
rec_00533,0,recombinant,AlphaxAlpha,ERR5990992,ERR5965174,Alpha,Alpha,B.1.1.7,B.1.1.7,0,28089,16,1,27839,0,0,0
rec_00534,0,recombinant,AlphaxAlpha,ERR5965295,ERR5965761,Alpha,Alpha,B.1.1.7,B.1.1.7,0,20219,4,6,19188,0,0,0
rec_00535,0,recombinant,AlphaxAlpha,ERR5989483,ERR5963869,Alpha,Alpha,B.1.1.7,B.1.1.7,0,9941,6,15,28479,0,0,0
rec_00536,0,recombinant,AlphaxAlpha,ERR5990141,ERR5963751,Alpha,Alpha,B.1.1.7,B.1.1.7,0,27040,12,4,27921,219,0,0
rec_00537,0,recombinant,AlphaxAlpha,ERR5966291,ERR5965250,Alpha,Alpha,B.1.1.7,B.1.1.7,0,12805,5,3,26638,0,0,0
rec_00538,0,recombinant,AlphaxAlpha,ERR5991094,ERR5966291,Alpha,Alpha,B.1.1.7,B.1.1.7,0,362,1,13,27749,0,0,0
rec_00539,0,recombinant,AlphaxAlpha,ERR5965715,ERR5991676,Alpha,Alpha,B.1.1.7,B.1.1.7,0,16376,11,4,24499,0,0,0
rec_00540,0,recombinant,AlphaxAlpha,ERR5964663,ERR5990496,Alpha,Alpha,B.1.1.7,B.1.1.7,0,16703,9,7,28328,0,0,0
rec_00541,0,recombinant,AlphaxAlpha,ERR5965581,ERR5990800,Alpha,Alpha,B.1.1.7,B.1.1.7,0,28435,13,1,28179,245,0,0
rec_00542,0,recombinant,AlphaxAlpha,ERR5965321,ERR5963889,Alpha,Alpha,B.1.1.7,B.1.1.7,0,11046,6,10,27507,285,0,0
rec_00543,0,recombinant,AlphaxAlpha,ERR5964600,ERR5965761,Alpha,Alpha,B.1.1.7,B.1.1.7,0,8941,3,10,28955,0,0,0
rec_00544,0,recombinant,AlphaxAlpha,ERR5991847,ERR5991936,Alpha,Alpha,B.1.1.7,B.1.1.7,0,27123,13,7,27932,211,0,0
rec_00545,0,recombinant,AlphaxAlpha,ERR5965258,ERR5991847,Alpha,Alpha,B.1.1.7,B.1.1.7,0,15557,9,10,27911,32,0,0
rec_00546,0,recombinant,AlphaxAlpha,ERR5996015,ERR5989598,Alpha,Alpha,B.1.1.7,B.1.1.7,0,7895,4,5,26049,0,0,0
rec_00547,0,recombinant,AlphaxAlpha,ERR5964320,ERR5991936,Alpha,Alpha,B.1.1.7,B.1.1.7,0,21636,9,4,25548,0,0,0
rec_00548,0,recombinant,AlphaxAlpha,ERR5964142,ERR5965350,Alpha,Alpha,B.1.1.7,B.1.1.7,0,27957,9,1,21444,0,0,0
rec_00549,0,recombinant,AlphaxAlpha,ERR5965581,ERR5965390,Alpha,Alpha,B.1.1.7,B.1.1.7,0,9702,8,7,27906,0,0,0
rec_00550,0,recombinant,AlphaxAlpha,ERR5966784,ERR6062046,Alpha,Alpha,B.1.1.7,B.1.1.7,0,15931,10,3,25499,432,0,0
rec_00551,0,recombinant,AlphaxAlpha,ERR5981406,ERR5964362,Alpha,Alpha,B.1.1.7,B.1.1.7,0,26044,11,5,26823,0,0,0
rec_00552,0,recombinant,AlphaxAlpha,ERR5989815,ERR5964772,Alpha,Alpha,B.1.1.7,B.1.1.7,0,28397,7,1,25602,0,0,0
rec_00553,0,recombinant,AlphaxAlpha,ERR5964833,ERR5981410,Alpha,Alpha,B.1.1.7,B.1.1.7,0,26510,11,1,27069,0,0,0
rec_00554,0,recombinant,AlphaxAlpha,ERR5964737,ERR5964694,Alpha,Alpha,B.1.1.7,B.1.1.7,0,14782,7,6,25943,0,0,0
rec_00555,0,recombinant,AlphaxAlpha,ERR5964870,ERR5964353,Alpha,Alpha,B.1.1.7,B.1.1.7,0,17277,12,3,25748,0,0,0
rec_00556,0,recombinant,AlphaxAlpha,ERR5964694,ERR5965248,Alpha,Alpha,B.1.1.7,B.1.1.7,0,20507,12,5,24098,0,0,0
rec_00557,0,recombinant,AlphaxAlpha,ERR5989322,ERR5965444,Alpha,Alpha,B.1.1.7,B.1.1.7,0,16859,6,6,27307,0,0,0
rec_00558,0,recombinant,AlphaxAlpha,ERR5964608,ERR5965605,Alpha,Alpha,B.1.1.7,B.1.1.7,0,23917,14,3,27898,0,0,0
rec_00559,0,recombinant,AlphaxAlpha,ERR5965430,ERR5981406,Alpha,Alpha,B.1.1.7,B.1.1.7,0,5045,1,11,27555,0,0,0
rec_00560,0,recombinant,AlphaxAlpha,ERR5991847,ERR5965250,Alpha,Alpha,B.1.1.7,B.1.1.7,0,2413,2,15,27911,179,0,0
rec_00561,0,recombinant,AlphaxAlpha,ERR5989209,ERR5965250,Alpha,Alpha,B.1.1.7,B.1.1.7,0,8944,3,6,25429,0,0,0
rec_00562,0,recombinant,AlphaxAlpha,ERR5991287,ERR5972503,Alpha,Alpha,B.1.1.7,B.1.1.7,0,5244,1,15,25280,2,0,0
rec_00563,0,recombinant,AlphaxAlpha,ERR5963869,ERR5964833,Alpha,Alpha,B.1.1.7,B.1.1.7,0,22283,16,1,27174,0,0,0
rec_00564,0,recombinant,AlphaxAlpha,ERR5964318,ERR5964637,Alpha,Alpha,B.1.1.7,B.1.1.7,0,6358,4,7,25124,0,0,0
rec_00565,0,recombinant,AlphaxAlpha,ERR5965004,ERR5964772,Alpha,Alpha,B.1.1.7,B.1.1.7,0,19389,4,7,27395,0,0,0
rec_00566,0,recombinant,AlphaxAlpha,ERR5989815,ERR5991873,Alpha,Alpha,B.1.1.7,B.1.1.7,0,23509,5,2,26718,0,0,0
rec_00567,0,recombinant,AlphaxAlpha,ERR5964608,ERR5964571,Alpha,Alpha,B.1.1.7,B.1.1.7,0,15482,9,8,27898,0,0,0
rec_00568,0,recombinant,AlphaxAlpha,ERR5965250,ERR5965551,Alpha,Alpha,B.1.1.7,B.1.1.7,0,16553,6,4,27442,0,0,0
rec_00569,0,recombinant,AlphaxAlpha,ERR5965361,ERR5991574,Alpha,Alpha,B.1.1.7,B.1.1.7,0,21776,13,3,26708,486,0,0
rec_00570,0,recombinant,AlphaxAlpha,ERR5991287,ERR5963889,Alpha,Alpha,B.1.1.7,B.1.1.7,0,19174,9,8,25977,0,0,0
rec_00571,0,recombinant,AlphaxAlpha,ERR5964382,ERR5990141,Alpha,Alpha,B.1.1.7,B.1.1.7,0,16304,8,8,28826,219,0,0
rec_00572,0,recombinant,AlphaxAlpha,ERR5964362,ERR5991676,Alpha,Alpha,B.1.1.7,B.1.1.7,0,10513,5,10,26823,0,0,0
rec_00573,0,recombinant,AlphaxAlpha,ERR5964663,ERR5965238,Alpha,Alpha,B.1.1.7,B.1.1.7,0,3616,2,17,29187,0,0,0
rec_00574,0,recombinant,AlphaxAlpha,ERR5996058,ERR5965356,Alpha,Alpha,B.1.1.7,B.1.1.7,0,2955,1,13,27186,0,0,0
rec_00575,0,recombinant,AlphaxAlpha,ERR5965427,ERR5965351,Alpha,Alpha,B.1.1.7,B.1.1.7,0,7679,5,14,29389,0,0,0
rec_00576,0,recombinant,AlphaxAlpha,ERR5990022,ERR5964175,Alpha,Alpha,B.1.1.7,B.1.1.7,0,15765,9,2,16424,0,0,0
rec_00577,0,recombinant,AlphaxAlpha,ERR5965238,ERR5964637,Alpha,Alpha,B.1.1.7,B.1.1.7,0,26222,10,2,26028,0,0,0
rec_00578,0,recombinant,AlphaxAlpha,ERR5963804,ERR5965158,Alpha,Alpha,B.1.1.7,B.1.1.7,0,7617,6,10,29389,0,0,0
rec_00579,0,recombinant,AlphaxAlpha,ERR5965553,ERR5981406,Alpha,Alpha,B.1.1.7,B.1.1.7,0,19602,6,6,21528,0,0,0
rec_00580,0,recombinant,AlphaxAlpha,ERR5991873,ERR5993403,Alpha,Alpha,B.1.1.7,B.1.1.7,0,6599,6,10,25684,0,0,0
rec_00581,0,recombinant,AlphaxAlpha,ERR5965309,ERR5965272,Alpha,Alpha,B.1.1.7,B.1.1.7,0,12479,5,7,22994,0,0,0
rec_00582,0,recombinant,AlphaxAlpha,ERR5991574,ERR5965605,Alpha,Alpha,B.1.1.7,B.1.1.7,0,1501,1,11,24660,332,0,0
rec_00583,0,recombinant,AlphaxAlpha,ERR5989483,ERR5964864,Alpha,Alpha,B.1.1.7,B.1.1.7,0,15913,7,9,26429,0,0,0
rec_00584,0,recombinant,AlphaxAlpha,ERR5963603,ERR5964738,Alpha,Alpha,B.1.1.7,B.1.1.7,0,27623,11,1,25943,275,0,0
rec_00585,0,recombinant,AlphaxAlpha,ERR5965004,ERR5963751,Alpha,Alpha,B.1.1.7,B.1.1.7,0,6076,4,13,27480,0,0,0
rec_00586,0,recombinant,AlphaxAlpha,ERR5964481,ERR5972552,Alpha,Alpha,B.1.1.7,B.1.1.7,0,25185,7,3,29397,0,0,0
rec_00587,0,recombinant,AlphaxAlpha,ERR5990800,ERR5989538,Alpha,Alpha,B.1.1.7,B.1.1.7,0,14746,9,5,28179,75,0,0
rec_00588,0,recombinant,AlphaxAlpha,ERR5964384,ERR5965414,Alpha,Alpha,B.1.1.7,B.1.1.7,0,6353,6,11,27451,0,0,0
rec_00589,0,recombinant,AlphaxAlpha,ERR5995956,ERR6062051,Alpha,Alpha,B.1.1.7,B.1.1.7,0,19656,9,3,24474,434,0,0
rec_00590,0,recombinant,AlphaxAlpha,ERR5989515,ERR5964175,Alpha,Alpha,B.1.1.7,B.1.1.7,0,15244,5,2,23258,0,0,0
rec_00591,0,recombinant,AlphaxAlpha,ERR5965229,ERR5963745,Alpha,Alpha,B.1.1.7,B.1.1.7,0,23799,8,4,25334,0,0,0
rec_00592,0,recombinant,AlphaxAlpha,ERR5963751,ERR5964318,Alpha,Alpha,B.1.1.7,B.1.1.7,0,10710,4,11,26814,0,0,0
rec_00593,0,recombinant,AlphaxAlpha,ERR6062046,ERR5991094,Alpha,Alpha,B.1.1.7,B.1.1.7,0,19924,12,4,26884,0,0,0
rec_00594,0,recombinant,AlphaxAlpha,ERR5995822,ERR5964175,Alpha,Alpha,B.1.1.7,B.1.1.7,0,22851,1,2,19783,0,0,0
rec_00595,0,recombinant,AlphaxAlpha,ERR5990897,ERR5965717,Alpha,Alpha,B.1.1.7,B.1.1.7,0,20251,8,10,27452,0,0,0
rec_00596,0,recombinant,AlphaxAlpha,ERR6062046,ERR5965235,Alpha,Alpha,B.1.1.7,B.1.1.7,0,8369,2,15,24474,0,0,0
rec_00597,0,recombinant,AlphaxAlpha,ERR5963804,ERR5965272,Alpha,Alpha,B.1.1.7,B.1.1.7,0,4208,2,6,27272,0,0,0
rec_00598,0,recombinant,AlphaxAlpha,ERR5964142,ERR5965351,Alpha,Alpha,B.1.1.7,B.1.1.7,0,29013,12,1,25205,0,0,0
rec_00599,0,recombinant,AlphaxAlpha,ERR5991873,ERR5989358,Alpha,Alpha,B.1.1.7,B.1.1.7,0,19827,6,3,27041,440,0,0
rec_00600,0,recombinant,AlphaxAlpha,ERR5964778,ERR5963745,Alpha,Alpha,B.1.1.7,B.1.1.7,0,2259,1,5,27597,0,0,0
rec_00601,0,recombinant,AlphaxAlpha,ERR5991847,ERR5965350,Alpha,Alpha,B.1.1.7,B.1.1.7,0,5737,3,16,27911,179,0,0
rec_00602,0,recombinant,AlphaxAlpha,ERR5965568,ERR5989570,Alpha,Alpha,B.1.1.7,B.1.1.7,0,24020,8,3,26411,0,0,0
rec_00603,0,recombinant,AlphaxAlpha,ERR5964866,ERR5989228,Alpha,Alpha,B.1.1.7,B.1.1.7,0,1785,1,9,27264,432,0,0
rec_00604,0,recombinant,AlphaxAlpha,ERR5964772,ERR5991936,Alpha,Alpha,B.1.1.7,B.1.1.7,0,20850,3,6,25499,0,0,0
rec_00605,0,recombinant,AlphaxAlpha,ERR5996058,ERR5971418,Alpha,Alpha,B.1.1.7,B.1.1.7,0,21080,6,4,26422,267,0,0
rec_00606,0,recombinant,AlphaxAlpha,ERR5981439,ERR5964737,Alpha,Alpha,B.1.1.7,B.1.1.7,0,4888,4,11,28192,215,0,0
rec_00607,0,recombinant,AlphaxAlpha,ERR5965240,ERR5994263,Alpha,Alpha,B.1.1.7,B.1.1.7,0,14172,5,6,25370,0,0,0
rec_00608,0,recombinant,AlphaxAlpha,ERR5964956,ERR5990213,Alpha,Alpha,B.1.1.7,B.1.1.7,0,15447,8,11,25598,269,0,0
rec_00609,0,recombinant,AlphaxAlpha,ERR5965427,ERR5964175,Alpha,Alpha,B.1.1.7,B.1.1.7,0,8302,6,7,29389,0,0,0
rec_00610,0,recombinant,AlphaxAlpha,ERR5963618,ERR5972503,Alpha,Alpha,B.1.1.7,B.1.1.7,0,20694,4,6,20884,1,0,0
rec_00611,0,recombinant,AlphaxAlpha,ERR5965444,ERR5964916,Alpha,Alpha,B.1.1.7,B.1.1.7,0,22654,9,2,29574,0,0,0
rec_00612,0,recombinant,AlphaxAlpha,ERR5965581,ERR5991873,Alpha,Alpha,B.1.1.7,B.1.1.7,0,8526,5,5,26034,0,0,0
rec_00613,0,recombinant,AlphaxAlpha,ERR5964688,ERR5965273,Alpha,Alpha,B.1.1.7,B.1.1.7,0,14381,1,1,18139,0,0,0
rec_00614,0,recombinant,AlphaxAlpha,ERR5963719,ERR5989228,Alpha,Alpha,B.1.1.7,B.1.1.7,0,15214,8,5,28324,432,0,0
rec_00615,0,recombinant,AlphaxAlpha,ERR5964582,ERR5964318,Alpha,Alpha,B.1.1.7,B.1.1.7,0,15434,6,6,23269,0,0,0
rec_00616,0,recombinant,AlphaxAlpha,ERR5989483,ERR5965717,Alpha,Alpha,B.1.1.7,B.1.1.7,0,14252,5,13,25280,0,0,0
rec_00617,0,recombinant,AlphaxAlpha,ERR5965353,ERR5964933,Alpha,Alpha,B.1.1.7,B.1.1.7,0,23456,14,2,27898,142,0,0
rec_00618,0,recombinant,AlphaxAlpha,ERR5990897,ERR5965765,Alpha,Alpha,B.1.1.7,B.1.1.7,0,18732,10,8,27452,0,0,0
rec_00619,0,recombinant,AlphaxAlpha,ERR6064437,ERR5965568,Alpha,Alpha,B.1.1.7,B.1.1.7,0,23468,7,5,27079,194,0,0
rec_00620,0,recombinant,AlphaxAlpha,ERR5965235,ERR5964737,Alpha,Alpha,B.1.1.7,B.1.1.7,0,23686,13,4,24864,0,0,0
rec_00621,0,recombinant,AlphaxAlpha,ERR5965295,ERR5965238,Alpha,Alpha,B.1.1.7,B.1.1.7,0,12454,3,9,27290,0,0,0
rec_00622,0,recombinant,AlphaxAlpha,ERR5964772,ERR5965605,Alpha,Alpha,B.1.1.7,B.1.1.7,0,5457,2,8,26290,332,0,0
rec_00623,0,recombinant,AlphaxAlpha,ERR5989358,ERR5964701,Alpha,Alpha,B.1.1.7,B.1.1.7,0,6824,3,7,27041,0,0,0
rec_00624,0,recombinant,AlphaxAlpha,ERR5963603,ERR5964637,Alpha,Alpha,B.1.1.7,B.1.1.7,0,23624,8,2,25124,275,0,0
rec_00625,0,recombinant,AlphaxAlpha,ERR5965128,ERR5995937,Alpha,Alpha,B.1.1.7,B.1.1.7,0,4847,5,13,29389,0,0,0
rec_00626,0,recombinant,AlphaxAlpha,ERR5965765,ERR5964318,Alpha,Alpha,B.1.1.7,B.1.1.7,0,7467,3,11,24903,0,0,0
rec_00627,0,recombinant,AlphaxAlpha,ERR5989515,ERR5990897,Alpha,Alpha,B.1.1.7,B.1.1.7,0,29273,14,1,27452,0,0,0
rec_00628,0,recombinant,AlphaxAlpha,ERR5965418,ERR5965238,Alpha,Alpha,B.1.1.7,B.1.1.7,0,4980,2,13,27234,0,0,0
rec_00629,0,recombinant,AlphaxAlpha,ERR5964571,ERR5966784,Alpha,Alpha,B.1.1.7,B.1.1.7,0,21076,10,4,25499,0,0,0
rec_00630,0,recombinant,AlphaxAlpha,ERR5965414,ERR5991307,Alpha,Alpha,B.1.1.7,B.1.1.7,0,8475,9,8,26473,1,0,0
rec_00631,0,recombinant,AlphaxAlpha,ERR5989515,ERR5965717,Alpha,Alpha,B.1.1.7,B.1.1.7,0,10064,2,11,20983,0,0,0
rec_00632,0,recombinant,AlphaxAlpha,ERR5964772,ERR5965761,Alpha,Alpha,B.1.1.7,B.1.1.7,0,26738,5,5,19188,0,0,0
rec_00633,0,recombinant,AlphaxAlpha,ERR5965444,ERR5965390,Alpha,Alpha,B.1.1.7,B.1.1.7,0,27154,12,2,29571,0,0,0
rec_00634,0,recombinant,AlphaxAlpha,ERR5991307,ERR5965283,Alpha,Alpha,B.1.1.7,B.1.1.7,0,9601,3,7,26473,0,0,0
rec_00635,0,recombinant,AlphaxAlpha,ERR5991738,ERR5965273,Alpha,Alpha,B.1.1.7,B.1.1.7,0,15653,7,6,27291,0,0,0
rec_00636,0,recombinant,AlphaxAlpha,ERR5991574,ERR5995822,Alpha,Alpha,B.1.1.7,B.1.1.7,0,5965,4,6,27050,0,0,0
rec_00637,0,recombinant,AlphaxAlpha,ERR5972864,ERR5965418,Alpha,Alpha,B.1.1.7,B.1.1.7,0,16263,9,6,27264,0,0,0
rec_00638,0,recombinant,AlphaxAlpha,ERR5996058,ERR5964362,Alpha,Alpha,B.1.1.7,B.1.1.7,0,21235,7,6,28419,0,0,0
rec_00639,0,recombinant,AlphaxAlpha,ERR5964916,ERR5965356,Alpha,Alpha,B.1.1.7,B.1.1.7,0,3162,1,12,29453,0,0,0
rec_00640,0,recombinant,AlphaxAlpha,ERR5996015,ERR5965418,Alpha,Alpha,B.1.1.7,B.1.1.7,0,8283,3,10,27264,0,0,0
rec_00641,0,recombinant,AlphaxAlpha,ERR5965071,ERR5965617,Alpha,Alpha,B.1.1.7,B.1.1.7,0,21906,7,2,26244,0,0,0
rec_00642,0,recombinant,AlphaxAlpha,ERR5965126,ERR5964481,Alpha,Alpha,B.1.1.7,B.1.1.7,0,4644,3,9,28487,0,0,0
rec_00643,0,recombinant,AlphaxAlpha,ERR5965248,ERR5964934,Alpha,Alpha,B.1.1.7,B.1.1.7,0,11481,9,9,26244,0,0,0
rec_00644,0,recombinant,AlphaxAlpha,ERR5965240,ERR5965384,Alpha,Alpha,B.1.1.7,B.1.1.7,0,24201,7,2,25064,0,0,0
rec_00645,0,recombinant,AlphaxAlpha,ERR5970748,ERR5995956,Alpha,Alpha,B.1.1.7,B.1.1.7,0,13356,6,7,25233,0,0,0
rec_00646,0,recombinant,AlphaxAlpha,ERR5964738,ERR5981439,Alpha,Alpha,B.1.1.7,B.1.1.7,0,10602,7,7,27600,0,0,0
rec_00647,0,recombinant,AlphaxAlpha,ERR5989209,ERR5989483,Alpha,Alpha,B.1.1.7,B.1.1.7,0,24469,12,4,25280,0,0,0
rec_00648,0,recombinant,AlphaxAlpha,ERR5965605,ERR5964772,Alpha,Alpha,B.1.1.7,B.1.1.7,0,17718,3,7,26290,73,0,0
rec_00649,0,recombinant,AlphaxAlpha,ERR6062051,ERR5965272,Alpha,Alpha,B.1.1.7,B.1.1.7,0,18392,5,2,21617,0,0,0
rec_00650,0,recombinant,AlphaxAlpha,ERR5965418,ERR5990897,Alpha,Alpha,B.1.1.7,B.1.1.7,0,5200,4,14,27494,0,0,0
rec_00651,0,recombinant,AlphaxAlpha,ERR5965551,ERR5964737,Alpha,Alpha,B.1.1.7,B.1.1.7,0,23944,12,3,28332,0,0,0
rec_00652,0,recombinant,AlphaxAlpha,ERR5964743,ERR5964737,Alpha,Alpha,B.1.1.7,B.1.1.7,0,5944,6,11,29371,215,0,0
rec_00653,0,recombinant,AlphaxAlpha,ERR5964384,ERR5964950,Alpha,Alpha,B.1.1.7,B.1.1.7,0,29085,16,2,25432,0,0,0
rec_00654,0,recombinant,AlphaxAlpha,ERR5965551,ERR5964688,Alpha,Alpha,B.1.1.7,B.1.1.7,0,3057,4,9,28407,0,0,0
rec_00655,0,recombinant,AlphaxAlpha,ERR5981406,ERR5991574,Alpha,Alpha,B.1.1.7,B.1.1.7,0,8790,4,9,26517,491,0,0
rec_00656,0,recombinant,AlphaxAlpha,ERR5991847,ERR5996058,Alpha,Alpha,B.1.1.7,B.1.1.7,0,27739,14,5,27911,211,0,0
rec_00657,0,recombinant,AlphaxAlpha,ERR5981410,ERR5965390,Alpha,Alpha,B.1.1.7,B.1.1.7,0,26227,14,1,27898,0,0,0
rec_00658,0,recombinant,AlphaxAlpha,ERR5963745,ERR5972552,Alpha,Alpha,B.1.1.7,B.1.1.7,0,19646,6,2,25423,0,0,0
rec_00659,0,recombinant,AlphaxAlpha,ERR5963804,ERR5965361,Alpha,Alpha,B.1.1.7,B.1.1.7,0,4928,4,12,27907,0,0,0
rec_00660,0,recombinant,AlphaxAlpha,ERR5964958,ERR5964738,Alpha,Alpha,B.1.1.7,B.1.1.7,0,23374,12,5,25943,4,0,0
rec_00661,0,recombinant,AlphaxAlpha,ERR5972552,ERR5965272,Alpha,Alpha,B.1.1.7,B.1.1.7,0,12698,6,2,25353,0,0,0
rec_00662,0,recombinant,AlphaxAlpha,ERR5965353,ERR5964772,Alpha,Alpha,B.1.1.7,B.1.1.7,0,21673,7,5,27898,142,0,0
rec_00663,0,recombinant,AlphaxAlpha,ERR5963618,ERR5991287,Alpha,Alpha,B.1.1.7,B.1.1.7,0,6975,1,13,25280,0,0,0
rec_00664,0,recombinant,AlphaxAlpha,ERR5964743,ERR5965295,Alpha,Alpha,B.1.1.7,B.1.1.7,0,23751,7,5,29371,0,0,0
rec_00665,0,recombinant,AlphaxAlpha,ERR5989483,ERR5965717,Alpha,Alpha,B.1.1.7,B.1.1.7,0,12401,4,14,25280,0,0,0
rec_00666,0,recombinant,AlphaxAlpha,ERR5965353,ERR5965765,Alpha,Alpha,B.1.1.7,B.1.1.7,0,12168,7,10,28920,142,0,0
rec_00667,0,recombinant,AlphaxAlpha,ERR5991287,ERR5964772,Alpha,Alpha,B.1.1.7,B.1.1.7,0,15297,3,10,25280,0,0,0
rec_00668,0,recombinant,AlphaxAlpha,ERR5965418,ERR5996015,Alpha,Alpha,B.1.1.7,B.1.1.7,0,14043,7,6,27264,0,0,0
rec_00669,0,recombinant,AlphaxAlpha,ERR5965021,ERR5964737,Alpha,Alpha,B.1.1.7,B.1.1.7,0,24980,12,3,28332,0,0,0
rec_00670,0,recombinant,AlphaxAlpha,ERR5963917,ERR5991847,Alpha,Alpha,B.1.1.7,B.1.1.7,0,10972,7,13,27911,32,0,0
rec_00671,0,recombinant,AlphaxAlpha,ERR5994263,ERR5964384,Alpha,Alpha,B.1.1.7,B.1.1.7,0,14059,5,5,29176,0,0,0
rec_00672,0,recombinant,AlphaxAlpha,ERR5964142,ERR5994263,Alpha,Alpha,B.1.1.7,B.1.1.7,0,4615,1,11,27683,0,0,0
rec_00673,0,recombinant,AlphaxAlpha,ERR5990022,ERR5996051,Alpha,Alpha,B.1.1.7,B.1.1.7,0,14827,10,5,23997,0,0,0
rec_00674,0,recombinant,AlphaxAlpha,ERR5965761,ERR5963751,Alpha,Alpha,B.1.1.7,B.1.1.7,0,8182,2,14,28696,0,0,0
rec_00675,0,recombinant,AlphaxAlpha,ERR5964571,ERR5965235,Alpha,Alpha,B.1.1.7,B.1.1.7,0,14426,8,10,24098,0,0,0
rec_00676,0,recombinant,AlphaxAlpha,ERR5963751,ERR5965321,Alpha,Alpha,B.1.1.7,B.1.1.7,0,4663,3,15,27074,285,0,0
rec_00677,0,recombinant,AlphaxAlpha,ERR5965668,ERR5964870,Alpha,Alpha,B.1.1.7,B.1.1.7,0,7607,4,10,26496,0,0,0
rec_00678,0,recombinant,AlphaxAlpha,ERR5992159,ERR5964866,Alpha,Alpha,B.1.1.7,B.1.1.7,0,7539,9,12,27898,0,0,0
rec_00679,0,recombinant,AlphaxAlpha,ERR5990800,ERR5989209,Alpha,Alpha,B.1.1.7,B.1.1.7,0,11146,8,6,28179,75,0,0
rec_00680,0,recombinant,AlphaxAlpha,ERR5996051,ERR5964142,Alpha,Alpha,B.1.1.7,B.1.1.7,0,3159,1,10,26496,0,0,0
rec_00681,0,recombinant,AlphaxAlpha,ERR5965250,ERR5992159,Alpha,Alpha,B.1.1.7,B.1.1.7,0,2761,1,14,25124,0,0,0
rec_00682,0,recombinant,AlphaxAlpha,ERR5972552,ERR5965145,Alpha,Alpha,B.1.1.7,B.1.1.7,0,7447,5,5,28017,0,0,0
rec_00683,0,recombinant,AlphaxAlpha,ERR6062046,ERR5966786,Alpha,Alpha,B.1.1.7,B.1.1.7,0,10942,4,9,26635,0,0,0
rec_00684,0,recombinant,AlphaxAlpha,ERR5990800,ERR5964142,Alpha,Alpha,B.1.1.7,B.1.1.7,0,6432,3,10,28179,75,0,0
rec_00685,0,recombinant,AlphaxAlpha,ERR5966786,ERR5966291,Alpha,Alpha,B.1.1.7,B.1.1.7,0,9563,3,8,27803,0,0,0
rec_00686,0,recombinant,AlphaxAlpha,ERR5964738,ERR5964880,Alpha,Alpha,B.1.1.7,B.1.1.7,0,6508,4,10,25943,0,0,0
rec_00687,0,recombinant,AlphaxAlpha,ERR5989657,ERR5995986,Alpha,Alpha,B.1.1.7,B.1.1.7,0,22830,9,3,27678,0,0,0
rec_00688,0,recombinant,AlphaxAlpha,ERR5991873,ERR5965495,Alpha,Alpha,B.1.1.7,B.1.1.7,0,13379,10,4,23463,0,0,0
rec_00689,0,recombinant,AlphaxAlpha,ERR5963869,ERR5989358,Alpha,Alpha,B.1.1.7,B.1.1.7,0,25844,15,1,28322,336,0,0
rec_00690,0,recombinant,AlphaxAlpha,ERR5989209,ERR5964916,Alpha,Alpha,B.1.1.7,B.1.1.7,0,26428,10,2,27696,0,0,0
rec_00691,0,recombinant,AlphaxAlpha,ERR5964688,ERR5996058,Alpha,Alpha,B.1.1.7,B.1.1.7,0,20157,7,4,28776,0,0,0
rec_00692,0,recombinant,AlphaxAlpha,ERR5991873,ERR5964600,Alpha,Alpha,B.1.1.7,B.1.1.7,0,5940,4,10,28328,0,0,0
rec_00693,0,recombinant,AlphaxAlpha,ERR5965717,ERR5965495,Alpha,Alpha,B.1.1.7,B.1.1.7,0,14309,9,9,25482,0,0,0
rec_00694,0,recombinant,AlphaxAlpha,ERR5965283,ERR5965377,Alpha,Alpha,B.1.1.7,B.1.1.7,0,10795,2,6,17784,0,0,0
rec_00695,0,recombinant,AlphaxAlpha,ERR5964637,ERR5965551,Alpha,Alpha,B.1.1.7,B.1.1.7,0,17621,7,5,27442,0,0,0
rec_00696,0,recombinant,AlphaxAlpha,ERR5991287,ERR5981410,Alpha,Alpha,B.1.1.7,B.1.1.7,0,27494,15,1,27691,0,0,0
rec_00697,0,recombinant,AlphaxAlpha,ERR5991738,ERR5989615,Alpha,Alpha,B.1.1.7,B.1.1.7,0,13923,7,6,27934,267,0,0
rec_00698,0,recombinant,AlphaxAlpha,ERR5965160,ERR5990800,Alpha,Alpha,B.1.1.7,B.1.1.7,0,11571,9,7,28179,1,0,0
rec_00699,0,recombinant,AlphaxAlpha,ERR5995822,ERR5965145,Alpha,Alpha,B.1.1.7,B.1.1.7,0,23639,7,3,27883,0,0,0
rec_00700,0,recombinant,AlphaxAlpha,ERR5989826,ERR5965427,Alpha,Alpha,B.1.1.7,B.1.1.7,0,7881,5,11,29389,0,0,0
rec_00701,0,recombinant,AlphaxAlpha,ERR5991732,ERR5963889,Alpha,Alpha,B.1.1.7,B.1.1.7,0,20669,7,11,29360,0,0,0
rec_00702,0,recombinant,AlphaxAlpha,ERR5964142,ERR5965444,Alpha,Alpha,B.1.1.7,B.1.1.7,0,13053,3,9,27307,0,0,0
rec_00703,0,recombinant,AlphaxAlpha,ERR5965158,ERR5965605,Alpha,Alpha,B.1.1.7,B.1.1.7,0,29717,17,1,29389,0,0,0
rec_00704,0,recombinant,AlphaxAlpha,ERR5991676,ERR5964956,Alpha,Alpha,B.1.1.7,B.1.1.7,0,17571,10,10,24499,0,0,0
rec_00705,0,recombinant,AlphaxAlpha,ERR5964362,ERR5964175,Alpha,Alpha,B.1.1.7,B.1.1.7,0,4162,2,8,26823,0,0,0
rec_00706,0,recombinant,AlphaxAlpha,ERR5965384,ERR5996058,Alpha,Alpha,B.1.1.7,B.1.1.7,0,2396,1,11,28566,0,0,0
rec_00707,0,recombinant,AlphaxAlpha,ERR5965266,ERR5964678,Alpha,Alpha,B.1.1.7,B.1.1.7,0,18224,6,6,24688,0,0,0
rec_00708,0,recombinant,AlphaxAlpha,ERR5964701,ERR5964318,Alpha,Alpha,B.1.1.7,B.1.1.7,0,6381,2,10,23437,0,0,0
rec_00709,0,recombinant,AlphaxAlpha,ERR5964743,ERR5964608,Alpha,Alpha,B.1.1.7,B.1.1.7,0,20937,11,6,29459,0,0,0
rec_00710,0,recombinant,AlphaxAlpha,ERR5965350,ERR5990165,Alpha,Alpha,B.1.1.7,B.1.1.7,0,20498,5,7,28249,0,0,0
rec_00711,0,recombinant,AlphaxAlpha,ERR5965174,ERR5971148,Alpha,Alpha,B.1.1.7,B.1.1.7,0,26243,14,1,25233,1,0,0
rec_00712,0,recombinant,AlphaxAlpha,ERR5990022,ERR5965377,Alpha,Alpha,B.1.1.7,B.1.1.7,0,23639,13,1,25147,0,0,0
rec_00713,0,recombinant,AlphaxAlpha,ERR5965238,ERR5965126,Alpha,Alpha,B.1.1.7,B.1.1.7,0,5156,2,10,27290,0,0,0
rec_00714,0,recombinant,AlphaxAlpha,ERR5965668,ERR5965258,Alpha,Alpha,B.1.1.7,B.1.1.7,0,24218,6,6,26290,0,0,0
rec_00715,0,recombinant,AlphaxAlpha,ERR5981439,ERR5964384,Alpha,Alpha,B.1.1.7,B.1.1.7,0,1759,1,13,28413,0,0,0
rec_00716,0,recombinant,AlphaxAlpha,ERR5991732,ERR5965283,Alpha,Alpha,B.1.1.7,B.1.1.7,0,19950,3,11,28035,0,0,0
rec_00717,0,recombinant,AlphaxAlpha,ERR5965158,ERR5965353,Alpha,Alpha,B.1.1.7,B.1.1.7,0,14836,12,8,29600,0,0,0
rec_00718,0,recombinant,AlphaxAlpha,ERR5971418,ERR5993403,Alpha,Alpha,B.1.1.7,B.1.1.7,0,7303,5,12,25984,185,0,0
rec_00719,0,recombinant,AlphaxAlpha,ERR5963889,ERR5991307,Alpha,Alpha,B.1.1.7,B.1.1.7,0,6234,5,9,27957,1,0,0
rec_00720,0,recombinant,AlphaxAlpha,ERR5995956,ERR5990496,Alpha,Alpha,B.1.1.7,B.1.1.7,0,10625,4,12,25233,0,0,0
rec_00721,0,recombinant,AlphaxAlpha,ERR5965158,ERR5965126,Alpha,Alpha,B.1.1.7,B.1.1.7,0,2541,2,12,29389,0,0,0
rec_00722,0,recombinant,AlphaxAlpha,ERR5989515,ERR5965361,Alpha,Alpha,B.1.1.7,B.1.1.7,0,321,1,15,27325,0,0,0
rec_00723,0,recombinant,AlphaxAlpha,ERR5964701,ERR5964864,Alpha,Alpha,B.1.1.7,B.1.1.7,0,10341,2,10,25190,0,0,0
rec_00724,0,recombinant,AlphaxAlpha,ERR5991847,ERR5963646,Alpha,Alpha,B.1.1.7,B.1.1.7,0,15389,12,13,27911,179,0,0
rec_00725,0,recombinant,AlphaxAlpha,ERR5989358,ERR5964688,Alpha,Alpha,B.1.1.7,B.1.1.7,0,22702,8,2,28217,104,0,0
rec_00726,0,recombinant,AlphaxAlpha,ERR5964175,ERR5965145,Alpha,Alpha,B.1.1.7,B.1.1.7,0,17016,5,2,27883,0,0,0
rec_00727,0,recombinant,AlphaxAlpha,ERR5989538,ERR5995986,Alpha,Alpha,B.1.1.7,B.1.1.7,0,24657,10,3,27131,0,0,0
rec_00728,0,recombinant,AlphaxAlpha,ERR5990165,ERR5965128,Alpha,Alpha,B.1.1.7,B.1.1.7,0,5434,5,12,29728,0,0,0
rec_00729,0,recombinant,AlphaxAlpha,ERR5970748,ERR5964956,Alpha,Alpha,B.1.1.7,B.1.1.7,0,9794,7,13,25233,0,0,0
rec_00730,0,recombinant,AlphaxAlpha,ERR5964870,ERR5965452,Alpha,Alpha,B.1.1.7,B.1.1.7,0,15585,8,5,27463,0,0,0
rec_00731,0,recombinant,AlphaxAlpha,ERR5989228,ERR5964743,Alpha,Alpha,B.1.1.7,B.1.1.7,0,28263,12,1,29459,432,0,0
rec_00732,0,recombinant,AlphaxAlpha,ERR5972552,ERR5964934,Alpha,Alpha,B.1.1.7,B.1.1.7,0,2491,1,10,28494,0,0,0
rec_00733,0,recombinant,AlphaxAlpha,ERR5965273,ERR5964701,Alpha,Alpha,B.1.1.7,B.1.1.7,0,10802,3,9,25190,0,0,0
rec_00734,0,recombinant,AlphaxAlpha,ERR5990213,ERR5965240,Alpha,Alpha,B.1.1.7,B.1.1.7,0,18114,5,5,27301,58,0,0
rec_00735,0,recombinant,AlphaxAlpha,ERR5965269,ERR5964833,Alpha,Alpha,B.1.1.7,B.1.1.7,0,4977,2,13,28795,0,0,0
rec_00736,0,recombinant,AlphaxAlpha,ERR6062046,ERR5964600,Alpha,Alpha,B.1.1.7,B.1.1.7,0,4482,2,16,28328,0,0,0
rec_00737,0,recombinant,AlphaxAlpha,ERR5965353,ERR5972503,Alpha,Alpha,B.1.1.7,B.1.1.7,0,6124,4,11,28193,2,0,0
rec_00738,0,recombinant,AlphaxAlpha,ERR5964382,ERR5965668,Alpha,Alpha,B.1.1.7,B.1.1.7,0,16839,7,9,28135,0,0,0
rec_00739,0,recombinant,AlphaxAlpha,ERR5964688,ERR5964870,Alpha,Alpha,B.1.1.7,B.1.1.7,0,19750,10,3,27587,0,0,0
rec_00740,0,recombinant,AlphaxAlpha,ERR5972552,ERR5964864,Alpha,Alpha,B.1.1.7,B.1.1.7,0,7507,4,7,25353,0,0,0
rec_00741,0,recombinant,AlphaxAlpha,ERR5965128,ERR5972552,Alpha,Alpha,B.1.1.7,B.1.1.7,0,29508,15,2,29586,0,0,0
rec_00742,0,recombinant,AlphaxAlpha,ERR5965553,ERR6062051,Alpha,Alpha,B.1.1.7,B.1.1.7,0,4792,1,9,26294,434,0,0
rec_00743,0,recombinant,AlphaxAlpha,ERR5971418,ERR5965430,Alpha,Alpha,B.1.1.7,B.1.1.7,0,17148,9,8,27555,185,0,0
rec_00744,0,recombinant,AlphaxAlpha,ERR5996015,ERR5964880,Alpha,Alpha,B.1.1.7,B.1.1.7,0,20695,1,1,1500,0,0,0
rec_00745,0,recombinant,AlphaxAlpha,ERR5965568,ERR5981410,Alpha,Alpha,B.1.1.7,B.1.1.7,0,25041,9,2,26904,0,0,0
rec_00746,0,recombinant,AlphaxAlpha,ERR5981439,ERR5963917,Alpha,Alpha,B.1.1.7,B.1.1.7,0,28474,12,1,27600,0,0,0
rec_00747,0,recombinant,AlphaxAlpha,ERR5965309,ERR5965269,Alpha,Alpha,B.1.1.7,B.1.1.7,0,27865,19,1,26163,0,0,0
rec_00748,0,recombinant,AlphaxAlpha,ERR5994263,ERR5965353,Alpha,Alpha,B.1.1.7,B.1.1.7,0,24916,14,2,27898,0,0,0
rec_00749,0,recombinant,AlphaxAlpha,ERR5963869,ERR5972503,Alpha,Alpha,B.1.1.7,B.1.1.7,0,21757,14,3,27979,1,0,0
rec_00750,0,recombinant,AlphaxAlpha,ERR5965418,ERR5989826,Alpha,Alpha,B.1.1.7,B.1.1.7,0,11923,5,8,28092,0,0,0
rec_00751,0,recombinant,AlphaxAlpha,ERR5965418,ERR5995822,Alpha,Alpha,B.1.1.7,B.1.1.7,0,14122,7,6,27264,0,0,0
rec_00752,0,recombinant,AlphaxAlpha,ERR5964688,ERR5991965,Alpha,Alpha,B.1.1.7,B.1.1.7,0,7299,5,7,27069,0,0,0
rec_00753,0,recombinant,AlphaxAlpha,ERR5965126,ERR5970748,Alpha,Alpha,B.1.1.7,B.1.1.7,0,23207,6,4,25233,0,0,0
rec_00754,0,recombinant,AlphaxAlpha,ERR5989615,ERR5981687,Alpha,Alpha,B.1.1.7,B.1.1.7,0,4068,2,13,27883,0,0,0
rec_00755,0,recombinant,AlphaxAlpha,ERR5963751,ERR5989228,Alpha,Alpha,B.1.1.7,B.1.1.7,0,2874,3,12,27440,432,0,0
rec_00756,0,recombinant,AlphaxAlpha,ERR5965300,ERR5965309,Alpha,Alpha,B.1.1.7,B.1.1.7,0,866,1,21,24795,0,0,0
rec_00757,0,recombinant,AlphaxAlpha,ERR5965145,ERR5991965,Alpha,Alpha,B.1.1.7,B.1.1.7,0,5280,2,7,27883,0,0,0
rec_00758,0,recombinant,AlphaxAlpha,ERR5964701,ERR5965551,Alpha,Alpha,B.1.1.7,B.1.1.7,0,22002,5,8,27442,0,0,0
rec_00759,0,recombinant,AlphaxAlpha,ERR5996015,ERR5965377,Alpha,Alpha,B.1.1.7,B.1.1.7,0,12444,5,5,23855,0,0,0
rec_00760,0,recombinant,AlphaxAlpha,ERR5991847,ERR5965668,Alpha,Alpha,B.1.1.7,B.1.1.7,0,1907,2,19,28134,179,0,0
rec_00761,0,recombinant,AlphaxAlpha,ERR5963889,ERR5965266,Alpha,Alpha,B.1.1.7,B.1.1.7,0,28797,13,1,27126,0,0,0
rec_00762,0,recombinant,AlphaxAlpha,ERR5964142,ERR5964353,Alpha,Alpha,B.1.1.7,B.1.1.7,0,5644,2,11,25748,0,0,0
rec_00763,0,recombinant,AlphaxAlpha,ERR5990022,ERR5965377,Alpha,Alpha,B.1.1.7,B.1.1.7,0,8022,3,11,25147,0,0,0
rec_00764,0,recombinant,AlphaxAlpha,ERR5964921,ERR5964880,Alpha,Alpha,B.1.1.7,B.1.1.7,0,25431,10,3,24933,253,0,0
rec_00765,0,recombinant,AlphaxAlpha,ERR5991574,ERR5991936,Alpha,Alpha,B.1.1.7,B.1.1.7,0,16175,7,4,28694,0,0,0
rec_00766,0,recombinant,AlphaxAlpha,ERR5965668,ERR5989615,Alpha,Alpha,B.1.1.7,B.1.1.7,0,9533,7,6,27883,267,0,0
rec_00767,0,recombinant,AlphaxAlpha,ERR5965427,ERR5965248,Alpha,Alpha,B.1.1.7,B.1.1.7,0,27104,19,4,29389,0,0,0
rec_00768,0,recombinant,AlphaxAlpha,ERR5991307,ERR5963889,Alpha,Alpha,B.1.1.7,B.1.1.7,0,16648,10,4,27957,0,0,0
rec_00769,0,recombinant,AlphaxAlpha,ERR5964320,ERR5965581,Alpha,Alpha,B.1.1.7,B.1.1.7,0,12697,5,8,25233,0,0,0
rec_00770,0,recombinant,AlphaxAlpha,ERR5965300,ERR5965160,Alpha,Alpha,B.1.1.7,B.1.1.7,0,1980,2,20,26347,0,0,0
rec_00771,0,recombinant,AlphaxAlpha,ERR5991965,ERR5964608,Alpha,Alpha,B.1.1.7,B.1.1.7,0,2931,3,13,27898,0,0,0
rec_00772,0,recombinant,AlphaxAlpha,ERR5963889,ERR5964913,Alpha,Alpha,B.1.1.7,B.1.1.7,0,3875,3,13,28487,0,0,0
rec_00773,0,recombinant,AlphaxAlpha,ERR5965272,ERR5989515,Alpha,Alpha,B.1.1.7,B.1.1.7,0,5111,1,7,25060,0,0,0
rec_00774,0,recombinant,AlphaxAlpha,ERR5972552,ERR5989228,Alpha,Alpha,B.1.1.7,B.1.1.7,0,16212,8,3,25367,432,0,0
rec_00775,0,recombinant,AlphaxAlpha,ERR5989826,ERR5964720,Alpha,Alpha,B.1.1.7,B.1.1.7,0,26580,15,2,29683,0,0,0
rec_00776,0,recombinant,AlphaxAlpha,ERR5964738,ERR5964880,Alpha,Alpha,B.1.1.7,B.1.1.7,0,10819,5,9,25943,0,0,0
rec_00777,0,recombinant,AlphaxAlpha,ERR5991732,ERR5989051,Alpha,Alpha,B.1.1.7,B.1.1.7,0,1967,1,18,29517,0,0,0
rec_00778,0,recombinant,AlphaxAlpha,ERR5966291,ERR5965761,Alpha,Alpha,B.1.1.7,B.1.1.7,0,13721,4,3,28054,0,0,0
rec_00779,0,recombinant,AlphaxAlpha,ERR6062046,ERR5995986,Alpha,Alpha,B.1.1.7,B.1.1.7,0,15756,11,4,27131,0,0,0
rec_00780,0,recombinant,AlphaxAlpha,ERR5965382,ERR5965158,Alpha,Alpha,B.1.1.7,B.1.1.7,0,16254,10,10,29389,0,0,0
rec_00781,0,recombinant,AlphaxAlpha,ERR5964913,ERR5965309,Alpha,Alpha,B.1.1.7,B.1.1.7,0,2768,1,17,28487,0,0,0
rec_00782,0,recombinant,AlphaxAlpha,ERR5994263,ERR5996015,Alpha,Alpha,B.1.1.7,B.1.1.7,0,16560,7,5,27698,0,0,0
rec_00783,0,recombinant,AlphaxAlpha,ERR5964320,ERR5991287,Alpha,Alpha,B.1.1.7,B.1.1.7,0,19312,8,9,25280,0,0,0
rec_00784,0,recombinant,AlphaxAlpha,ERR5989657,ERR5965568,Alpha,Alpha,B.1.1.7,B.1.1.7,0,22556,7,3,26411,0,0,0
rec_00785,0,recombinant,AlphaxAlpha,ERR5990897,ERR5965605,Alpha,Alpha,B.1.1.7,B.1.1.7,0,2305,2,15,28076,332,0,0
rec_00786,0,recombinant,AlphaxAlpha,ERR5990787,ERR5964637,Alpha,Alpha,B.1.1.7,B.1.1.7,0,9645,4,6,26326,0,0,0
rec_00787,0,recombinant,AlphaxAlpha,ERR5991307,ERR5989615,Alpha,Alpha,B.1.1.7,B.1.1.7,0,15808,10,3,27883,267,0,0
rec_00788,0,recombinant,AlphaxAlpha,ERR5965248,ERR5991738,Alpha,Alpha,B.1.1.7,B.1.1.7,0,16345,13,6,27113,0,0,0
rec_00789,0,recombinant,AlphaxAlpha,ERR5963603,ERR5964663,Alpha,Alpha,B.1.1.7,B.1.1.7,0,26036,11,4,28328,275,0,0
rec_00790,0,recombinant,AlphaxAlpha,ERR5964720,ERR5964768,Alpha,Alpha,B.1.1.7,B.1.1.7,0,17660,12,3,29683,0,0,0
rec_00791,0,recombinant,AlphaxAlpha,ERR5989515,ERR5964772,Alpha,Alpha,B.1.1.7,B.1.1.7,0,25216,4,4,16435,0,0,0
rec_00792,0,recombinant,AlphaxAlpha,ERR5965553,ERR5972864,Alpha,Alpha,B.1.1.7,B.1.1.7,0,16316,7,4,25885,0,0,0
rec_00793,0,recombinant,AlphaxAlpha,ERR5965444,ERR5994263,Alpha,Alpha,B.1.1.7,B.1.1.7,0,23385,12,2,29348,0,0,0
rec_00794,0,recombinant,AlphaxAlpha,ERR5964582,ERR5965382,Alpha,Alpha,B.1.1.7,B.1.1.7,0,11556,4,9,29025,0,0,0
rec_00795,0,recombinant,AlphaxAlpha,ERR5964950,ERR5964353,Alpha,Alpha,B.1.1.7,B.1.1.7,0,27833,20,1,25748,0,0,0
rec_00796,0,recombinant,AlphaxAlpha,ERR5965300,ERR5981406,Alpha,Alpha,B.1.1.7,B.1.1.7,0,9761,9,12,26925,0,0,0
rec_00797,0,recombinant,AlphaxAlpha,ERR5965717,ERR5964950,Alpha,Alpha,B.1.1.7,B.1.1.7,0,23781,13,8,23463,0,0,0
rec_00798,0,recombinant,AlphaxAlpha,ERR5991149,ERR5981687,Alpha,Alpha,B.1.1.7,B.1.1.7,0,6028,3,20,25719,0,0,0
rec_00799,0,recombinant,AlphaxAlpha,ERR6064437,ERR5964768,Alpha,Alpha,B.1.1.7,B.1.1.7,0,8488,1,9,26103,0,0,0
rec_00800,0,recombinant,AlphaxAlpha,ERR5991738,ERR5963751,Alpha,Alpha,B.1.1.7,B.1.1.7,0,25532,13,3,27343,0,0,0
rec_00801,0,recombinant,AlphaxAlpha,ERR5965351,ERR5964175,Alpha,Alpha,B.1.1.7,B.1.1.7,0,29118,9,1,25205,0,0,0
rec_00802,0,recombinant,AlphaxAlpha,ERR5964481,ERR5964934,Alpha,Alpha,B.1.1.7,B.1.1.7,0,24457,12,3,28487,0,0,0
rec_00803,0,recombinant,AlphaxAlpha,ERR5963889,ERR5964743,Alpha,Alpha,B.1.1.7,B.1.1.7,0,18702,8,8,29371,331,0,0
rec_00804,0,recombinant,AlphaxAlpha,ERR5965248,ERR5965414,Alpha,Alpha,B.1.1.7,B.1.1.7,0,22380,18,4,24414,0,0,0
rec_00805,0,recombinant,AlphaxAlpha,ERR5989228,ERR5965430,Alpha,Alpha,B.1.1.7,B.1.1.7,0,17870,10,8,29522,0,0,0
rec_00806,0,recombinant,AlphaxAlpha,ERR5990800,ERR5965430,Alpha,Alpha,B.1.1.7,B.1.1.7,0,16376,11,9,28520,75,0,0
rec_00807,0,recombinant,AlphaxAlpha,ERR5965764,ERR5995822,Alpha,Alpha,B.1.1.7,B.1.1.7,0,20022,7,4,25484,0,0,0
rec_00808,0,recombinant,AlphaxAlpha,ERR5964384,ERR5965495,Alpha,Alpha,B.1.1.7,B.1.1.7,0,4793,4,13,27451,0,0,0
rec_00809,0,recombinant,AlphaxAlpha,ERR5964866,ERR5964913,Alpha,Alpha,B.1.1.7,B.1.1.7,0,10783,10,8,29411,0,0,0
rec_00810,0,recombinant,AlphaxAlpha,ERR5964582,ERR5965038,Alpha,Alpha,B.1.1.7,B.1.1.7,0,15746,6,5,27392,0,0,0
rec_00811,0,recombinant,AlphaxAlpha,ERR5996058,ERR5965382,Alpha,Alpha,B.1.1.7,B.1.1.7,0,13325,5,9,27290,0,0,0
rec_00812,0,recombinant,AlphaxAlpha,ERR5996051,ERR5991676,Alpha,Alpha,B.1.1.7,B.1.1.7,0,17928,9,4,26077,0,0,0
rec_00813,0,recombinant,AlphaxAlpha,ERR5964958,ERR5970748,Alpha,Alpha,B.1.1.7,B.1.1.7,0,27154,15,2,25233,4,0,0
rec_00814,0,recombinant,AlphaxAlpha,ERR5965038,ERR5964864,Alpha,Alpha,B.1.1.7,B.1.1.7,0,23725,8,3,25657,0,0,0
rec_00815,0,recombinant,AlphaxAlpha,ERR5965427,ERR5965062,Alpha,Alpha,B.1.1.7,B.1.1.7,0,18517,11,7,29389,0,0,0
rec_00816,0,recombinant,AlphaxAlpha,ERR5990992,ERR5965390,Alpha,Alpha,B.1.1.7,B.1.1.7,0,650,2,15,27936,0,0,0
rec_00817,0,recombinant,AlphaxAlpha,ERR5965384,ERR5966291,Alpha,Alpha,B.1.1.7,B.1.1.7,0,5498,4,9,27377,0,0,0
rec_00818,0,recombinant,AlphaxAlpha,ERR5964933,ERR5965444,Alpha,Alpha,B.1.1.7,B.1.1.7,0,2792,1,13,27307,0,0,0
rec_00819,0,recombinant,AlphaxAlpha,ERR5964866,ERR5964353,Alpha,Alpha,B.1.1.7,B.1.1.7,0,190,1,14,28012,0,0,0
rec_00820,0,recombinant,AlphaxAlpha,ERR5964958,ERR5964720,Alpha,Alpha,B.1.1.7,B.1.1.7,0,7522,8,12,29683,4,0,0
rec_00821,0,recombinant,AlphaxAlpha,ERR5971418,ERR6062046,Alpha,Alpha,B.1.1.7,B.1.1.7,0,3649,2,11,25642,617,0,0
rec_00822,0,recombinant,AlphaxAlpha,ERR5963751,ERR5989538,Alpha,Alpha,B.1.1.7,B.1.1.7,0,9536,4,11,27280,0,0,0
rec_00823,0,recombinant,AlphaxAlpha,ERR5964481,ERR5965427,Alpha,Alpha,B.1.1.7,B.1.1.7,0,7526,7,13,29389,0,0,0
rec_00824,0,recombinant,AlphaxAlpha,ERR5965414,ERR5991847,Alpha,Alpha,B.1.1.7,B.1.1.7,0,28338,23,1,27911,0,0,0
rec_00825,0,recombinant,AlphaxAlpha,ERR5965229,ERR5965158,Alpha,Alpha,B.1.1.7,B.1.1.7,0,29568,19,1,29389,0,0,0
rec_00826,0,recombinant,AlphaxAlpha,ERR5989570,ERR5965495,Alpha,Alpha,B.1.1.7,B.1.1.7,0,13602,11,5,25700,0,0,0
rec_00827,0,recombinant,AlphaxAlpha,ERR5992159,ERR5989538,Alpha,Alpha,B.1.1.7,B.1.1.7,0,18386,13,5,25233,0,0,0
rec_00828,0,recombinant,AlphaxAlpha,ERR5964778,ERR5991936,Alpha,Alpha,B.1.1.7,B.1.1.7,0,17428,3,6,25499,0,0,0
rec_00829,0,recombinant,AlphaxAlpha,ERR5964688,ERR5965273,Alpha,Alpha,B.1.1.7,B.1.1.7,0,9152,1,1,18139,0,0,0
rec_00830,0,recombinant,AlphaxAlpha,ERR5965238,ERR5964341,Alpha,Alpha,B.1.1.7,B.1.1.7,0,19530,14,9,29603,0,0,0
rec_00831,0,recombinant,AlphaxAlpha,ERR6062046,ERR5963603,Alpha,Alpha,B.1.1.7,B.1.1.7,0,18573,8,4,24474,0,0,0
rec_00832,0,recombinant,AlphaxAlpha,ERR5965668,ERR5963804,Alpha,Alpha,B.1.1.7,B.1.1.7,0,23371,8,4,27272,0,0,0
rec_00833,0,recombinant,AlphaxAlpha,ERR5965382,ERR5965062,Alpha,Alpha,B.1.1.7,B.1.1.7,0,9592,5,11,27290,0,0,0
rec_00834,0,recombinant,AlphaxAlpha,ERR5964678,ERR5965272,Alpha,Alpha,B.1.1.7,B.1.1.7,0,7946,2,6,24688,0,0,0
rec_00835,0,recombinant,AlphaxAlpha,ERR5964950,ERR5989570,Alpha,Alpha,B.1.1.7,B.1.1.7,0,9096,8,11,25825,0,0,0
rec_00836,0,recombinant,AlphaxAlpha,ERR5965269,ERR5989657,Alpha,Alpha,B.1.1.7,B.1.1.7,0,7060,3,13,27619,0,0,0
rec_00837,0,recombinant,AlphaxAlpha,ERR5965174,ERR5964772,Alpha,Alpha,B.1.1.7,B.1.1.7,0,24599,7,5,24749,0,0,0
rec_00838,0,recombinant,AlphaxAlpha,ERR5965551,ERR5991574,Alpha,Alpha,B.1.1.7,B.1.1.7,0,13626,8,4,27855,491,0,0
rec_00839,0,recombinant,AlphaxAlpha,ERR5965717,ERR5991676,Alpha,Alpha,B.1.1.7,B.1.1.7,0,18790,7,8,24499,0,0,0
rec_00840,0,recombinant,AlphaxAlpha,ERR5963917,ERR5965553,Alpha,Alpha,B.1.1.7,B.1.1.7,0,10462,3,7,20884,0,0,0
rec_00841,0,recombinant,AlphaxAlpha,ERR5964663,ERR5965038,Alpha,Alpha,B.1.1.7,B.1.1.7,0,14608,7,8,28328,0,0,0
rec_00842,0,recombinant,AlphaxAlpha,ERR5989358,ERR5990800,Alpha,Alpha,B.1.1.7,B.1.1.7,0,27750,11,2,28179,440,0,0
rec_00843,0,recombinant,AlphaxAlpha,ERR5964958,ERR5965761,Alpha,Alpha,B.1.1.7,B.1.1.7,0,25508,13,4,24486,4,0,0
rec_00844,0,recombinant,AlphaxAlpha,ERR5965153,ERR5965283,Alpha,Alpha,B.1.1.7,B.1.1.7,0,21099,9,6,27543,0,0,0
rec_00845,0,recombinant,AlphaxAlpha,ERR5964637,ERR5964582,Alpha,Alpha,B.1.1.7,B.1.1.7,0,13130,4,5,26859,0,0,0
rec_00846,0,recombinant,AlphaxAlpha,ERR5989538,ERR5965235,Alpha,Alpha,B.1.1.7,B.1.1.7,0,19669,7,8,25233,0,0,0
rec_00847,0,recombinant,AlphaxAlpha,ERR5964362,ERR5971418,Alpha,Alpha,B.1.1.7,B.1.1.7,0,25950,9,4,27230,0,0,0
rec_00848,0,recombinant,AlphaxAlpha,ERR5965452,ERR5963745,Alpha,Alpha,B.1.1.7,B.1.1.7,0,22804,7,6,29126,0,0,0
rec_00849,0,recombinant,AlphaxAlpha,ERR5965160,ERR5990141,Alpha,Alpha,B.1.1.7,B.1.1.7,0,8544,6,9,27921,220,0,0
rec_00850,0,recombinant,AlphaxAlpha,ERR5963889,ERR5965668,Alpha,Alpha,B.1.1.7,B.1.1.7,0,24629,9,5,27980,0,0,0
rec_00851,0,recombinant,AlphaxAlpha,ERR5996058,ERR5965764,Alpha,Alpha,B.1.1.7,B.1.1.7,0,26869,8,3,26658,0,0,0
rec_00852,0,recombinant,AlphaxAlpha,ERR5964768,ERR5964833,Alpha,Alpha,B.1.1.7,B.1.1.7,0,27449,7,2,28912,0,0,0
rec_00853,0,recombinant,AlphaxAlpha,ERR5970748,ERR5989322,Alpha,Alpha,B.1.1.7,B.1.1.7,0,21403,9,3,25963,431,0,0
rec_00854,0,recombinant,AlphaxAlpha,ERR5965668,ERR5989826,Alpha,Alpha,B.1.1.7,B.1.1.7,0,9482,4,8,27316,0,0,0
rec_00855,0,recombinant,AlphaxAlpha,ERR5965266,ERR5993403,Alpha,Alpha,B.1.1.7,B.1.1.7,0,17204,8,9,25634,0,0,0
rec_00856,0,recombinant,AlphaxAlpha,ERR5990141,ERR5965427,Alpha,Alpha,B.1.1.7,B.1.1.7,0,18836,11,7,29615,1,0,0
rec_00857,0,recombinant,AlphaxAlpha,ERR5965021,ERR5965071,Alpha,Alpha,B.1.1.7,B.1.1.7,0,8102,5,7,27442,0,0,0
rec_00858,0,recombinant,AlphaxAlpha,ERR5995822,ERR5991936,Alpha,Alpha,B.1.1.7,B.1.1.7,0,25523,2,5,23897,0,0,0
rec_00859,0,recombinant,AlphaxAlpha,ERR5995956,ERR5964738,Alpha,Alpha,B.1.1.7,B.1.1.7,0,23887,10,3,25943,0,0,0
rec_00860,0,recombinant,AlphaxAlpha,ERR5991847,ERR5964956,Alpha,Alpha,B.1.1.7,B.1.1.7,0,25908,21,6,27911,211,0,0
rec_00861,0,recombinant,AlphaxAlpha,ERR5964720,ERR5965764,Alpha,Alpha,B.1.1.7,B.1.1.7,0,10179,8,10,29683,0,0,0
rec_00862,0,recombinant,AlphaxAlpha,ERR5989515,ERR5965128,Alpha,Alpha,B.1.1.7,B.1.1.7,0,19932,11,6,29389,0,0,0
rec_00863,0,recombinant,AlphaxAlpha,ERR5972552,ERR5965266,Alpha,Alpha,B.1.1.7,B.1.1.7,0,5058,3,9,27374,0,0,0
rec_00864,0,recombinant,AlphaxAlpha,ERR5964384,ERR5965273,Alpha,Alpha,B.1.1.7,B.1.1.7,0,22658,9,4,27135,0,0,0
rec_00865,0,recombinant,AlphaxAlpha,ERR5965384,ERR5965272,Alpha,Alpha,B.1.1.7,B.1.1.7,0,5575,2,6,23269,0,0,0
rec_00866,0,recombinant,AlphaxAlpha,ERR5965273,ERR5965605,Alpha,Alpha,B.1.1.7,B.1.1.7,0,4352,3,10,25978,332,0,0
rec_00867,0,recombinant,AlphaxAlpha,ERR5963745,ERR5964913,Alpha,Alpha,B.1.1.7,B.1.1.7,0,20505,8,4,29308,0,0,0
rec_00868,0,recombinant,AlphaxAlpha,ERR5965273,ERR5996051,Alpha,Alpha,B.1.1.7,B.1.1.7,0,7990,5,7,25978,0,0,0
rec_00869,0,recombinant,AlphaxAlpha,ERR5996051,ERR5989598,Alpha,Alpha,B.1.1.7,B.1.1.7,0,10980,6,4,23997,0,0,0
rec_00870,0,recombinant,AlphaxAlpha,ERR5965361,ERR5965295,Alpha,Alpha,B.1.1.7,B.1.1.7,0,16112,7,7,27701,0,0,0
rec_00871,0,recombinant,AlphaxAlpha,ERR5964362,ERR5989538,Alpha,Alpha,B.1.1.7,B.1.1.7,0,16304,8,6,27230,0,0,0
rec_00872,0,recombinant,AlphaxAlpha,ERR5964772,ERR5965414,Alpha,Alpha,B.1.1.7,B.1.1.7,0,14289,7,6,25752,0,0,0
rec_00873,0,recombinant,AlphaxAlpha,ERR5981406,ERR5965414,Alpha,Alpha,B.1.1.7,B.1.1.7,0,5230,5,13,25440,0,0,0
rec_00874,0,recombinant,AlphaxAlpha,ERR5964880,ERR5965158,Alpha,Alpha,B.1.1.7,B.1.1.7,0,22314,12,6,29389,0,0,0
rec_00875,0,recombinant,AlphaxAlpha,ERR5964916,ERR5981410,Alpha,Alpha,B.1.1.7,B.1.1.7,0,14983,8,4,25386,0,0,0
rec_00876,0,recombinant,AlphaxAlpha,ERR5996015,ERR5993403,Alpha,Alpha,B.1.1.7,B.1.1.7,0,17261,9,8,25999,0,0,0
rec_00877,0,recombinant,AlphaxAlpha,ERR5965235,ERR5965295,Alpha,Alpha,B.1.1.7,B.1.1.7,0,12053,3,9,24749,0,0,0
rec_00878,0,recombinant,AlphaxAlpha,ERR5965300,ERR5964870,Alpha,Alpha,B.1.1.7,B.1.1.7,0,7654,8,12,27443,0,0,0
rec_00879,0,recombinant,AlphaxAlpha,ERR5965321,ERR5964864,Alpha,Alpha,B.1.1.7,B.1.1.7,0,12106,5,10,25817,285,0,0
rec_00880,0,recombinant,AlphaxAlpha,ERR5964950,ERR5965300,Alpha,Alpha,B.1.1.7,B.1.1.7,0,27159,25,1,26857,0,0,0
rec_00881,0,recombinant,AlphaxAlpha,ERR5965250,ERR5965321,Alpha,Alpha,B.1.1.7,B.1.1.7,0,22755,8,3,25817,0,0,0
rec_00882,0,recombinant,AlphaxAlpha,ERR5965452,ERR5990897,Alpha,Alpha,B.1.1.7,B.1.1.7,0,12858,8,10,27720,0,0,0
rec_00883,0,recombinant,AlphaxAlpha,ERR5996015,ERR5972503,Alpha,Alpha,B.1.1.7,B.1.1.7,0,20499,3,6,24127,1,0,0
rec_00884,0,recombinant,AlphaxAlpha,ERR5965605,ERR5989515,Alpha,Alpha,B.1.1.7,B.1.1.7,0,22649,7,5,25914,73,0,0
rec_00885,0,recombinant,AlphaxAlpha,ERR5964318,ERR5964880,Alpha,Alpha,B.1.1.7,B.1.1.7,0,16343,6,7,23904,0,0,0
rec_00886,0,recombinant,AlphaxAlpha,ERR5963917,ERR5996058,Alpha,Alpha,B.1.1.7,B.1.1.7,0,10451,2,9,22702,0,0,0
rec_00887,0,recombinant,AlphaxAlpha,ERR5981410,ERR5991307,Alpha,Alpha,B.1.1.7,B.1.1.7,0,3172,4,9,26904,1,0,0
rec_00888,0,recombinant,AlphaxAlpha,ERR5991936,ERR5964720,Alpha,Alpha,B.1.1.7,B.1.1.7,0,4247,5,13,29683,0,0,0
rec_00889,0,recombinant,AlphaxAlpha,ERR5964768,ERR5981406,Alpha,Alpha,B.1.1.7,B.1.1.7,0,14609,4,7,22201,0,0,0
rec_00890,0,recombinant,AlphaxAlpha,ERR5964353,ERR5964838,Alpha,Alpha,B.1.1.7,B.1.1.7,0,5067,1,11,23419,0,0,0
rec_00891,0,recombinant,AlphaxAlpha,ERR5989483,ERR5995843,Alpha,Alpha,B.1.1.7,B.1.1.7,0,26673,15,2,28558,0,0,0
rec_00892,0,recombinant,AlphaxAlpha,ERR5963719,ERR5965153,Alpha,Alpha,B.1.1.7,B.1.1.7,0,11905,10,9,28167,0,0,0
rec_00893,0,recombinant,AlphaxAlpha,ERR5965495,ERR5965295,Alpha,Alpha,B.1.1.7,B.1.1.7,0,23845,10,3,25752,0,0,0
rec_00894,0,recombinant,AlphaxAlpha,ERR5965235,ERR5965382,Alpha,Alpha,B.1.1.7,B.1.1.7,0,13191,6,12,27290,0,0,0
rec_00895,0,recombinant,AlphaxAlpha,ERR5965361,ERR5965128,Alpha,Alpha,B.1.1.7,B.1.1.7,0,21133,16,7,29601,0,0,0
rec_00896,0,recombinant,AlphaxAlpha,ERR5964362,ERR5964743,Alpha,Alpha,B.1.1.7,B.1.1.7,0,10090,6,9,29371,331,0,0
rec_00897,0,recombinant,AlphaxAlpha,ERR5965377,ERR5964341,Alpha,Alpha,B.1.1.7,B.1.1.7,0,23647,14,5,29405,0,0,0
rec_00898,0,recombinant,AlphaxAlpha,ERR5965021,ERR5965495,Alpha,Alpha,B.1.1.7,B.1.1.7,0,20867,12,5,27442,0,0,0
rec_00899,0,recombinant,AlphaxAlpha,ERR5965266,ERR5989358,Alpha,Alpha,B.1.1.7,B.1.1.7,0,9846,6,4,27041,440,0,0
rec_00900,0,recombinant,AlphaxAlpha,ERR5989228,ERR5990496,Alpha,Alpha,B.1.1.7,B.1.1.7,0,21532,12,3,27906,0,0,0
rec_00901,0,recombinant,AlphaxAlpha,ERR5963804,ERR5964933,Alpha,Alpha,B.1.1.7,B.1.1.7,0,5649,4,8,27272,0,0,0
rec_00902,0,recombinant,AlphaxAlpha,ERR5990213,ERR5991676,Alpha,Alpha,B.1.1.7,B.1.1.7,0,16387,7,6,26577,58,0,0
rec_00903,0,recombinant,AlphaxAlpha,ERR5990897,ERR5981406,Alpha,Alpha,B.1.1.7,B.1.1.7,0,3187,1,17,27452,0,0,0
rec_00904,0,recombinant,AlphaxAlpha,ERR5989657,ERR5965581,Alpha,Alpha,B.1.1.7,B.1.1.7,0,3818,3,8,26411,245,0,0
rec_00905,0,recombinant,AlphaxAlpha,ERR5964838,ERR5981410,Alpha,Alpha,B.1.1.7,B.1.1.7,0,25103,11,1,26386,0,0,0
rec_00906,0,recombinant,AlphaxAlpha,ERR5964382,ERR5964175,Alpha,Alpha,B.1.1.7,B.1.1.7,0,19833,7,4,28135,0,0,0
rec_00907,0,recombinant,AlphaxAlpha,ERR5964958,ERR5964916,Alpha,Alpha,B.1.1.7,B.1.1.7,0,20960,12,4,27657,4,0,0
rec_00908,0,recombinant,AlphaxAlpha,ERR5963869,ERR5966291,Alpha,Alpha,B.1.1.7,B.1.1.7,0,9148,5,10,27692,0,0,0
rec_00909,0,recombinant,AlphaxAlpha,ERR5965377,ERR5990897,Alpha,Alpha,B.1.1.7,B.1.1.7,0,16102,8,7,27452,0,0,0
rec_00910,0,recombinant,AlphaxAlpha,ERR5964772,ERR5965430,Alpha,Alpha,B.1.1.7,B.1.1.7,0,25334,7,8,27555,0,0,0
rec_00911,0,recombinant,AlphaxAlpha,ERR5965568,ERR5965382,Alpha,Alpha,B.1.1.7,B.1.1.7,0,10628,5,9,27290,0,0,0
rec_00912,0,recombinant,AlphaxAlpha,ERR5981410,ERR5965258,Alpha,Alpha,B.1.1.7,B.1.1.7,0,2496,1,10,26698,0,0,0
rec_00913,0,recombinant,AlphaxAlpha,ERR5965174,ERR5996058,Alpha,Alpha,B.1.1.7,B.1.1.7,0,20292,5,9,26144,0,0,0
rec_00914,0,recombinant,AlphaxAlpha,ERR5965351,ERR5964637,Alpha,Alpha,B.1.1.7,B.1.1.7,0,9435,3,10,26879,0,0,0
rec_00915,0,recombinant,AlphaxAlpha,ERR5963804,ERR5989209,Alpha,Alpha,B.1.1.7,B.1.1.7,0,22293,8,3,27272,285,0,0
rec_00916,0,recombinant,AlphaxAlpha,ERR5964637,ERR5991094,Alpha,Alpha,B.1.1.7,B.1.1.7,0,9916,6,7,27231,0,0,0
rec_00917,0,recombinant,AlphaxAlpha,ERR5991965,ERR5965158,Alpha,Alpha,B.1.1.7,B.1.1.7,0,7418,5,12,29389,0,0,0
rec_00918,0,recombinant,AlphaxAlpha,ERR5972503,ERR5981687,Alpha,Alpha,B.1.1.7,B.1.1.7,0,26743,16,2,25205,1,0,0
rec_00919,0,recombinant,AlphaxAlpha,ERR5965427,ERR5965269,Alpha,Alpha,B.1.1.7,B.1.1.7,0,21255,13,9,29389,0,0,0
rec_00920,0,recombinant,AlphaxAlpha,ERR6062051,ERR5981406,Alpha,Alpha,B.1.1.7,B.1.1.7,0,27287,13,1,25124,434,0,0
rec_00921,0,recombinant,AlphaxAlpha,ERR5990165,ERR5964833,Alpha,Alpha,B.1.1.7,B.1.1.7,0,14971,8,5,28249,0,0,0
rec_00922,0,recombinant,AlphaxAlpha,ERR5971148,ERR5965605,Alpha,Alpha,B.1.1.7,B.1.1.7,0,19603,7,6,26496,557,0,0
rec_00923,0,recombinant,AlphaxAlpha,ERR5965551,ERR5995986,Alpha,Alpha,B.1.1.7,B.1.1.7,0,1742,2,12,27889,0,0,0
rec_00924,0,recombinant,AlphaxAlpha,ERR5990141,ERR5991873,Alpha,Alpha,B.1.1.7,B.1.1.7,0,16811,7,4,27921,1,0,0
rec_00925,0,recombinant,AlphaxAlpha,ERR5963618,ERR5963646,Alpha,Alpha,B.1.1.7,B.1.1.7,0,18475,7,9,28528,0,0,0
rec_00926,0,recombinant,AlphaxAlpha,ERR5965444,ERR5981410,Alpha,Alpha,B.1.1.7,B.1.1.7,0,5029,3,9,20879,0,0,0
rec_00927,0,recombinant,AlphaxAlpha,ERR5964318,ERR5965238,Alpha,Alpha,B.1.1.7,B.1.1.7,0,7940,4,11,27290,0,0,0
rec_00928,0,recombinant,AlphaxAlpha,ERR5989615,ERR5964384,Alpha,Alpha,B.1.1.7,B.1.1.7,0,1506,1,12,29251,0,0,0
rec_00929,0,recombinant,AlphaxAlpha,ERR5963804,ERR5965668,Alpha,Alpha,B.1.1.7,B.1.1.7,0,15042,6,6,27272,285,0,0
rec_00930,0,recombinant,AlphaxAlpha,ERR5965568,ERR5965495,Alpha,Alpha,B.1.1.7,B.1.1.7,0,13419,9,6,25958,0,0,0
rec_00931,0,recombinant,AlphaxAlpha,ERR5965350,ERR5964956,Alpha,Alpha,B.1.1.7,B.1.1.7,0,20174,8,10,23733,0,0,0
rec_00932,0,recombinant,AlphaxAlpha,ERR5965248,ERR5965764,Alpha,Alpha,B.1.1.7,B.1.1.7,0,26964,17,1,25642,0,0,0
rec_00933,0,recombinant,AlphaxAlpha,ERR5965272,ERR5965295,Alpha,Alpha,B.1.1.7,B.1.1.7,0,3900,1,5,25436,0,0,0
rec_00934,0,recombinant,AlphaxAlpha,ERR5995822,ERR5965269,Alpha,Alpha,B.1.1.7,B.1.1.7,0,24607,10,6,25048,0,0,0
rec_00935,0,recombinant,AlphaxAlpha,ERR5965240,ERR5991094,Alpha,Alpha,B.1.1.7,B.1.1.7,0,23480,8,4,26884,0,0,0
rec_00936,0,recombinant,AlphaxAlpha,ERR5991873,ERR5991574,Alpha,Alpha,B.1.1.7,B.1.1.7,0,21278,6,1,24464,486,0,0
rec_00937,0,recombinant,AlphaxAlpha,ERR5996058,ERR5990992,Alpha,Alpha,B.1.1.7,B.1.1.7,0,27929,10,3,28998,0,0,0
rec_00938,0,recombinant,AlphaxAlpha,ERR5964916,ERR5964175,Alpha,Alpha,B.1.1.7,B.1.1.7,0,9623,4,4,25386,0,0,0
rec_00939,0,recombinant,AlphaxAlpha,ERR5991732,ERR5965235,Alpha,Alpha,B.1.1.7,B.1.1.7,0,10893,3,17,28035,0,0,0
rec_00940,0,recombinant,AlphaxAlpha,ERR5964958,ERR5991847,Alpha,Alpha,B.1.1.7,B.1.1.7,0,8671,6,18,27911,36,0,0
rec_00941,0,recombinant,AlphaxAlpha,ERR5972864,ERR5966291,Alpha,Alpha,B.1.1.7,B.1.1.7,0,22793,8,1,24081,0,0,0
rec_00942,0,recombinant,AlphaxAlpha,ERR5965004,ERR6062051,Alpha,Alpha,B.1.1.7,B.1.1.7,0,21926,9,3,27395,434,0,0
rec_00943,0,recombinant,AlphaxAlpha,ERR5965062,ERR5964950,Alpha,Alpha,B.1.1.7,B.1.1.7,0,9923,7,13,24332,0,0,0
rec_00944,0,recombinant,AlphaxAlpha,ERR5965071,ERR5965761,Alpha,Alpha,B.1.1.7,B.1.1.7,0,11135,3,9,27058,0,0,0
rec_00945,0,recombinant,AlphaxAlpha,ERR5964737,ERR5990800,Alpha,Alpha,B.1.1.7,B.1.1.7,0,13927,11,5,28787,1,0,0
rec_00946,0,recombinant,AlphaxAlpha,ERR5991258,ERR5991574,Alpha,Alpha,B.1.1.7,B.1.1.7,0,21277,9,1,27035,527,0,0
rec_00947,0,recombinant,AlphaxAlpha,ERR5965765,ERR5965761,Alpha,Alpha,B.1.1.7,B.1.1.7,0,22221,8,7,23079,0,0,0
rec_00948,0,recombinant,AlphaxAlpha,ERR5964637,ERR5965269,Alpha,Alpha,B.1.1.7,B.1.1.7,0,5779,2,12,26850,0,0,0
rec_00949,0,recombinant,AlphaxAlpha,ERR5964916,ERR5965668,Alpha,Alpha,B.1.1.7,B.1.1.7,0,7841,5,8,25534,0,0,0
rec_00950,0,recombinant,AlphaxAlpha,ERR5966784,ERR5965350,Alpha,Alpha,B.1.1.7,B.1.1.7,0,19889,4,6,21301,0,0,0
rec_00951,0,recombinant,AlphaxAlpha,ERR5963603,ERR5964318,Alpha,Alpha,B.1.1.7,B.1.1.7,0,13877,4,7,22320,275,0,0
rec_00952,0,recombinant,AlphaxAlpha,ERR5991936,ERR5965764,Alpha,Alpha,B.1.1.7,B.1.1.7,0,8508,3,9,27128,0,0,0
rec_00953,0,recombinant,AlphaxAlpha,ERR5964582,ERR5991738,Alpha,Alpha,B.1.1.7,B.1.1.7,0,9246,6,7,27113,0,0,0
rec_00954,0,recombinant,AlphaxAlpha,ERR5965382,ERR5963745,Alpha,Alpha,B.1.1.7,B.1.1.7,0,16481,5,7,29451,0,0,0
rec_00955,0,recombinant,AlphaxAlpha,ERR5964880,ERR5965229,Alpha,Alpha,B.1.1.7,B.1.1.7,0,11405,4,12,24970,0,0,0
rec_00956,0,recombinant,AlphaxAlpha,ERR5991094,ERR5990141,Alpha,Alpha,B.1.1.7,B.1.1.7,0,26458,11,4,27921,1,0,0
rec_00957,0,recombinant,AlphaxAlpha,ERR5965283,ERR5964608,Alpha,Alpha,B.1.1.7,B.1.1.7,0,5592,4,9,27898,0,0,0
rec_00958,0,recombinant,AlphaxAlpha,ERR5970748,ERR5965309,Alpha,Alpha,B.1.1.7,B.1.1.7,0,18448,8,8,25233,0,0,0
rec_00959,0,recombinant,AlphaxAlpha,ERR5965229,ERR5964701,Alpha,Alpha,B.1.1.7,B.1.1.7,0,21104,5,10,24503,0,0,0
rec_00960,0,recombinant,AlphaxAlpha,ERR5989358,ERR5964838,Alpha,Alpha,B.1.1.7,B.1.1.7,0,7201,6,4,27041,0,0,0
rec_00961,0,recombinant,AlphaxAlpha,ERR5996051,ERR5964384,Alpha,Alpha,B.1.1.7,B.1.1.7,0,5081,3,10,27989,0,0,0
rec_00962,0,recombinant,AlphaxAlpha,ERR5964950,ERR5964600,Alpha,Alpha,B.1.1.7,B.1.1.7,0,4784,2,21,28328,0,0,0
rec_00963,0,recombinant,AlphaxAlpha,ERR5995937,ERR6062046,Alpha,Alpha,B.1.1.7,B.1.1.7,0,19564,11,3,25657,432,0,0
rec_00964,0,recombinant,AlphaxAlpha,ERR5965351,ERR5965377,Alpha,Alpha,B.1.1.7,B.1.1.7,0,5579,1,12,25205,0,0,0
rec_00965,0,recombinant,AlphaxAlpha,ERR5965273,ERR5965309,Alpha,Alpha,B.1.1.7,B.1.1.7,0,17845,7,8,25124,0,0,0
rec_00966,0,recombinant,AlphaxAlpha,ERR5965283,ERR5989483,Alpha,Alpha,B.1.1.7,B.1.1.7,0,17087,4,9,25280,0,0,0
rec_00967,0,recombinant,AlphaxAlpha,ERR5966786,ERR5964341,Alpha,Alpha,B.1.1.7,B.1.1.7,0,9851,9,10,29405,0,0,0
rec_00968,0,recombinant,AlphaxAlpha,ERR5965258,ERR5965495,Alpha,Alpha,B.1.1.7,B.1.1.7,0,24140,11,4,25752,0,0,0
rec_00969,0,recombinant,AlphaxAlpha,ERR5963618,ERR5995956,Alpha,Alpha,B.1.1.7,B.1.1.7,0,24114,6,4,20884,0,0,0
rec_00970,0,recombinant,AlphaxAlpha,ERR5995986,ERR5989615,Alpha,Alpha,B.1.1.7,B.1.1.7,0,5012,5,8,29025,267,0,0
rec_00971,0,recombinant,AlphaxAlpha,ERR5990787,ERR5989826,Alpha,Alpha,B.1.1.7,B.1.1.7,0,6245,2,8,27290,0,0,0
rec_00972,0,recombinant,AlphaxAlpha,ERR5966291,ERR5965761,Alpha,Alpha,B.1.1.7,B.1.1.7,0,17957,4,3,28054,0,0,0
rec_00973,0,recombinant,AlphaxAlpha,ERR5965617,ERR5964678,Alpha,Alpha,B.1.1.7,B.1.1.7,0,16425,6,5,27161,0,0,0
rec_00974,0,recombinant,AlphaxAlpha,ERR5965377,ERR5965038,Alpha,Alpha,B.1.1.7,B.1.1.7,0,17689,6,4,23855,0,0,0
rec_00975,0,recombinant,AlphaxAlpha,ERR5965272,ERR5965153,Alpha,Alpha,B.1.1.7,B.1.1.7,0,21766,11,2,27213,0,0,0
rec_00976,0,recombinant,AlphaxAlpha,ERR5964880,ERR5995956,Alpha,Alpha,B.1.1.7,B.1.1.7,0,6304,1,12,23855,0,0,0
rec_00977,0,recombinant,AlphaxAlpha,ERR5991287,ERR5964571,Alpha,Alpha,B.1.1.7,B.1.1.7,0,6569,4,15,26429,0,0,0
rec_00978,0,recombinant,AlphaxAlpha,ERR5964701,ERR5965240,Alpha,Alpha,B.1.1.7,B.1.1.7,0,22980,3,7,25190,0,0,0
rec_00979,0,recombinant,AlphaxAlpha,ERR5991258,ERR5965568,Alpha,Alpha,B.1.1.7,B.1.1.7,0,19682,5,1,22912,41,0,0
rec_00980,0,recombinant,AlphaxAlpha,ERR5964384,ERR5965427,Alpha,Alpha,B.1.1.7,B.1.1.7,0,23863,9,7,29389,0,0,0
rec_00981,0,recombinant,AlphaxAlpha,ERR5964916,ERR5989615,Alpha,Alpha,B.1.1.7,B.1.1.7,0,26260,11,1,28034,0,0,0
rec_00982,0,recombinant,AlphaxAlpha,ERR5965258,ERR5991732,Alpha,Alpha,B.1.1.7,B.1.1.7,0,4367,1,15,28035,78,0,0
rec_00983,0,recombinant,AlphaxAlpha,ERR5981410,ERR5989483,Alpha,Alpha,B.1.1.7,B.1.1.7,0,6631,5,11,27691,0,0,0
rec_00984,0,recombinant,AlphaxAlpha,ERR5965551,ERR5964175,Alpha,Alpha,B.1.1.7,B.1.1.7,0,1798,2,7,27442,0,0,0
rec_00985,0,recombinant,AlphaxAlpha,ERR5965248,ERR5965038,Alpha,Alpha,B.1.1.7,B.1.1.7,0,6212,4,13,25657,0,0,0
rec_00986,0,recombinant,AlphaxAlpha,ERR5981410,ERR5965384,Alpha,Alpha,B.1.1.7,B.1.1.7,0,3063,4,9,23269,0,0,0
rec_00987,0,recombinant,AlphaxAlpha,ERR5989209,ERR5965495,Alpha,Alpha,B.1.1.7,B.1.1.7,0,26002,14,2,25745,0,0,0
rec_00988,0,recombinant,AlphaxAlpha,ERR5965427,ERR5964913,Alpha,Alpha,B.1.1.7,B.1.1.7,0,8731,8,12,29389,0,0,0
rec_00989,0,recombinant,AlphaxAlpha,ERR5965266,ERR5965021,Alpha,Alpha,B.1.1.7,B.1.1.7,0,8480,6,8,27442,0,0,0
rec_00990,0,recombinant,AlphaxAlpha,ERR5964880,ERR5965495,Alpha,Alpha,B.1.1.7,B.1.1.7,0,5467,6,11,25973,0,0,0
rec_00991,0,recombinant,AlphaxAlpha,ERR5966784,ERR5964353,Alpha,Alpha,B.1.1.7,B.1.1.7,0,12764,7,6,25748,0,0,0
rec_00992,0,recombinant,AlphaxAlpha,ERR5965452,ERR5965248,Alpha,Alpha,B.1.1.7,B.1.1.7,0,21454,15,7,27463,0,0,0
rec_00993,0,recombinant,AlphaxAlpha,ERR5990022,ERR5989615,Alpha,Alpha,B.1.1.7,B.1.1.7,0,5200,6,9,27883,267,0,0
rec_00994,0,recombinant,AlphaxAlpha,ERR5990022,ERR5964934,Alpha,Alpha,B.1.1.7,B.1.1.7,0,5065,4,11,26244,0,0,0
rec_00995,0,recombinant,AlphaxAlpha,ERR5991732,ERR5972552,Alpha,Alpha,B.1.1.7,B.1.1.7,0,21115,7,9,28051,0,0,0
rec_00996,0,recombinant,AlphaxAlpha,ERR5963646,ERR5964768,Alpha,Alpha,B.1.1.7,B.1.1.7,0,16248,4,11,29201,0,0,0
rec_00997,0,recombinant,AlphaxAlpha,ERR5990213,ERR5990022,Alpha,Alpha,B.1.1.7,B.1.1.7,0,18957,12,3,27301,58,0,0
rec_00998,0,recombinant,AlphaxAlpha,ERR5964921,ERR5965160,Alpha,Alpha,B.1.1.7,B.1.1.7,0,8360,6,9,26347,253,0,0
rec_00999,0,recombinant,AlphaxAlpha,ERR5964382,ERR5996051,Alpha,Alpha,B.1.1.7,B.1.1.7,0,2265,2,13,28135,0,0,0
ERR5963613,0,control,,,,Alpha,Alpha,B.1.1.7,B.1.1.7,-1,-1,-1,-1,-1,0,0,0
ERR5963617,0,control,,,,Delta,Delta,AY.9,AY.9,-1,-1,-1,-1,-1,266,0,0
ERR5963620,0,control,,,,Delta,Delta,AY.5,AY.5,-1,-1,-1,-1,-1,96,0,0
ERR5963642,0,control,,,,Delta,Delta,AY.122,AY.122,-1,-1,-1,-1,-1,0,0,0
ERR5963644,0,control,,,,Delta,Delta,AY.9,AY.9,-1,-1,-1,-1,-1,0,0,0
ERR5963650,0,control,,,,Delta,Delta,AY.9,AY.9,-1,-1,-1,-1,-1,182,0,0
ERR5963652,0,control,,,,Alpha,Alpha,B.1.1.7,B.1.1.7,-1,-1,-1,-1,-1,0,0,0
ERR5963670,0,control,,,,Alpha,Alpha,B.1.1.7,B.1.1.7,-1,-1,-1,-1,-1,0,0,0
ERR5963699,0,control,,,,Alpha,Alpha,B.1.1.7,B.1.1.7,-1,-1,-1,-1,-1,0,0,0
ERR5963724,0,control,,,,Delta,Delta,AY.5,AY.5,-1,-1,-1,-1,-1,231,0,0
ERR5963726,0,control,,,,Delta,Delta,AY.5,AY.5,-1,-1,-1,-1,-1,172,0,0
ERR5963753,0,control,,,,Delta,Delta,AY.5,AY.5,-1,-1,-1,-1,-1,0,0,0
ERR5963780,0,control,,,,Alpha,Alpha,B.1.1.7,B.1.1.7,-1,-1,-1,-1,-1,0,0,0
ERR5963784,0,control,,,,Alpha,Alpha,B.1.1.7,B.1.1.7,-1,-1,-1,-1,-1,0,0,0
ERR5963806,0,control,,,,Delta,Delta,AY.5,AY.5,-1,-1,-1,-1,-1,272,0,0
ERR5963808,0,control,,,,Alpha,Alpha,B.1.1.7,B.1.1.7,-1,-1,-1,-1,-1,0,0,0
ERR5963829,0,control,,,,Alpha,Alpha,B.1.1.7,B.1.1.7,-1,-1,-1,-1,-1,0,0,0
ERR5963835,0,control,,,,Alpha,Alpha,B.1.1.7,B.1.1.7,-1,-1,-1,-1,-1,0,0,0
ERR5963839,0,control,,,,Alpha,Alpha,B.1.1.7,B.1.1.7,-1,-1,-1,-1,-1,0,0,0
ERR5963860,0,control,,,,Delta,Delta,AY.9,AY.9,-1,-1,-1,-1,-1,272,0,0
ERR5963865,0,control,,,,Delta,Delta,AY.5,AY.5,-1,-1,-1,-1,-1,0,0,0
ERR5963867,0,control,,,,Alpha,Alpha,B.1.1.7,B.1.1.7,-1,-1,-1,-1,-1,285,0,0
ERR5963890,0,control,,,,Delta,Delta,AY.10,AY.10,-1,-1,-1,-1,-1,272,0,0
ERR5963895,0,control,,,,Delta,Delta,AY.4,AY.4,-1,-1,-1,-1,-1,272,0,0
ERR5964087,0,control,,,,Delta,Delta,B.1.617.2,B.1.617.2,-1,-1,-1,-1,-1,275,0,0
ERR5964111,0,control,,,,Alpha,Alpha,B.1.1.7,B.1.1.7,-1,-1,-1,-1,-1,0,0,0
ERR5964113,0,control,,,,Alpha,Alpha,B.1.1.7,B.1.1.7,-1,-1,-1,-1,-1,0,0,0
ERR5964134,0,control,,,,Alpha,Alpha,B.1.1.7,B.1.1.7,-1,-1,-1,-1,-1,0,0,0
ERR5964192,0,control,,,,Delta,Delta,AY.9,AY.9,-1,-1,-1,-1,-1,272,0,0
ERR5964339,0,control,,,,Alpha,Alpha,B.1.1.7,B.1.1.7,-1,-1,-1,-1,-1,0,0,0
ERR5964358,0,control,,,,Alpha,Alpha,B.1.1.7,B.1.1.7,-1,-1,-1,-1,-1,0,0,0
ERR5964360,0,control,,,,Alpha,Alpha,B.1.1.7,B.1.1.7,-1,-1,-1,-1,-1,0,0,0
ERR5964363,0,control,,,,Alpha,Alpha,B.1.1.7,B.1.1.7,-1,-1,-1,-1,-1,0,0,0
ERR5964364,0,control,,,,Alpha,Alpha,B.1.1.7,B.1.1.7,-1,-1,-1,-1,-1,0,0,0
ERR5964366,0,control,,,,Alpha,Alpha,B.1.1.7,B.1.1.7,-1,-1,-1,-1,-1,0,0,0
ERR5964379,0,control,,,,Delta,Delta,B.1.617.2,B.1.617.2,-1,-1,-1,-1,-1,0,0,0
ERR5964381,0,control,,,,Delta,Delta,AY.4,AY.4,-1,-1,-1,-1,-1,124,0,0
ERR5964393,0,control,,,,Delta,Delta,AY.4,AY.4,-1,-1,-1,-1,-1,0,0,0
ERR5964465,0,control,,,,Alpha,Alpha,B.1.1.7,B.1.1.7,-1,-1,-1,-1,-1,0,0,0
ERR5964540,0,control,,,,Alpha,Alpha,B.1.1.7,B.1.1.7,-1,-1,-1,-1,-1,0,0,0
ERR5964542,0,control,,,,Alpha,Alpha,B.1.1.7,B.1.1.7,-1,-1,-1,-1,-1,0,0,0
ERR5964546,0,control,,,,Delta,Delta,B.1.617.2,B.1.617.2,-1,-1,-1,-1,-1,0,0,0
ERR5964548,0,control,,,,Alpha,Alpha,B.1.1.7,B.1.1.7,-1,-1,-1,-1,-1,0,0,0
ERR5964550,0,control,,,,Delta,Delta,AY.4,AY.4,-1,-1,-1,-1,-1,0,0,0
ERR5964569,0,control,,,,Alpha,Alpha,B.1.1.7,B.1.1.7,-1,-1,-1,-1,-1,0,0,0
ERR5964576,0,control,,,,Delta,Delta,AY.4,AY.4,-1,-1,-1,-1,-1,0,0,0
ERR5964580,0,control,,,,Delta,Delta,AY.4,AY.4,-1,-1,-1,-1,-1,0,0,0
ERR5964602,0,control,,,,Alpha,Alpha,B.1.1.7,B.1.1.7,-1,-1,-1,-1,-1,0,0,0
ERR5964606,0,control,,,,Alpha,Alpha,B.1.1.7,B.1.1.7,-1,-1,-1,-1,-1,0,0,0
ERR5964609,0,control,,,,Delta,Delta,AY.4,AY.4,-1,-1,-1,-1,-1,157,0,0
ERR5964635,0,control,,,,Delta,Delta,AY.4,AY.4,-1,-1,-1,-1,-1,0,0,0
ERR5964656,0,control,,,,Delta,Delta,AY.98,AY.98,-1,-1,-1,-1,-1,1,0,0
ERR5964658,0,control,,,,Alpha,Alpha,B.1.1.7,B.1.1.7,-1,-1,-1,-1,-1,331,0,0
ERR5964660,0,control,,,,Delta,Delta,AY.4,AY.4,-1,-1,-1,-1,-1,0,0,0
ERR5964680,0,control,,,,Delta,Delta,AY.4,AY.4,-1,-1,-1,-1,-1,0,0,0
ERR5964684,0,control,,,,Delta,Delta,AY.98,AY.98,-1,-1,-1,-1,-1,0,0,0
ERR5964686,0,control,,,,Alpha,Alpha,B.1.1.7,B.1.1.7,-1,-1,-1,-1,-1,0,0,0
ERR5964690,0,control,,,,Alpha,Alpha,B.1.1.7,B.1.1.7,-1,-1,-1,-1,-1,0,0,0
ERR5964710,0,control,,,,Delta,Delta,AY.4,AY.4,-1,-1,-1,-1,-1,0,0,0
ERR5964718,0,control,,,,Delta,Delta,AY.4,AY.4,-1,-1,-1,-1,-1,0,0,0
ERR5964740,0,control,,,,Alpha,Alpha,B.1.1.7,B.1.1.7,-1,-1,-1,-1,-1,0,0,0
ERR5964747,0,control,,,,Alpha,Alpha,B.1.1.7,B.1.1.7,-1,-1,-1,-1,-1,0,0,0
ERR5964770,0,control,,,,Alpha,Alpha,B.1.1.7,B.1.1.7,-1,-1,-1,-1,-1,0,0,0
ERR5964776,0,control,,,,Alpha,Alpha,B.1.1.7,B.1.1.7,-1,-1,-1,-1,-1,0,0,0
ERR5964780,0,control,,,,Delta,Delta,AY.4,AY.4,-1,-1,-1,-1,-1,0,0,0
ERR5964797,0,control,,,,Alpha,Alpha,B.1.1.7,B.1.1.7,-1,-1,-1,-1,-1,0,0,0
ERR5964799,0,control,,,,Delta,Delta,B.1.617.2,B.1.617.2,-1,-1,-1,-1,-1,0,0,0
ERR5964803,0,control,,,,Alpha,Alpha,B.1.1.7,B.1.1.7,-1,-1,-1,-1,-1,0,0,0
ERR5964807,0,control,,,,Delta,Delta,AY.4,AY.4,-1,-1,-1,-1,-1,0,0,0
ERR5964809,0,control,,,,Delta,Delta,AY.4,AY.4,-1,-1,-1,-1,-1,158,0,0
ERR5964828,0,control,,,,Delta,Delta,AY.4,AY.4,-1,-1,-1,-1,-1,0,0,0
ERR5964829,0,control,,,,Alpha,Alpha,B.1.1.7,B.1.1.7,-1,-1,-1,-1,-1,346,0,0
ERR5964831,0,control,,,,Alpha,Alpha,B.1.1.7,B.1.1.7,-1,-1,-1,-1,-1,0,0,0
ERR5964835,0,control,,,,Alpha,Alpha,B.1.1.7,B.1.1.7,-1,-1,-1,-1,-1,0,0,0
ERR5964836,0,control,,,,Delta,Delta,AY.98,AY.98,-1,-1,-1,-1,-1,0,0,0
ERR5964840,0,control,,,,Delta,Delta,AY.98,AY.98,-1,-1,-1,-1,-1,195,0,0
ERR5964856,0,control,,,,Delta,Delta,AY.4,AY.4,-1,-1,-1,-1,-1,179,0,0
ERR5964860,0,control,,,,Delta,Delta,AY.4,AY.4,-1,-1,-1,-1,-1,0,0,0
ERR5964862,0,control,,,,Alpha,Alpha,B.1.1.7,B.1.1.7,-1,-1,-1,-1,-1,0,0,0
ERR5964869,0,control,,,,Alpha,Alpha,B.1.1.7,B.1.1.7,-1,-1,-1,-1,-1,0,0,0
ERR5964873,0,control,,,,Alpha,Alpha,B.1.1.7,B.1.1.7,-1,-1,-1,-1,-1,0,0,0
ERR5964879,0,control,,,,Delta,Delta,AY.4,AY.4,-1,-1,-1,-1,-1,0,0,0
ERR5964881,0,control,,,,Delta,Delta,AY.4,AY.4,-1,-1,-1,-1,-1,0,0,0
ERR5964882,0,control,,,,Delta,Delta,AY.4,AY.4,-1,-1,-1,-1,-1,272,0,0
ERR5964883,0,control,,,,Delta,Delta,AY.4,AY.4,-1,-1,-1,-1,-1,272,0,0
ERR5964887,0,control,,,,Delta,Delta,AY.4,AY.4,-1,-1,-1,-1,-1,0,0,0
ERR5964888,0,control,,,,Delta,Delta,AY.4,AY.4,-1,-1,-1,-1,-1,205,0,0
ERR5964892,0,control,,,,Alpha,Alpha,B.1.1.7,B.1.1.7,-1,-1,-1,-1,-1,0,0,0
ERR5964893,0,control,,,,Alpha,Alpha,B.1.1.7,B.1.1.7,-1,-1,-1,-1,-1,0,0,0
ERR5964894,0,control,,,,Alpha,Alpha,B.1.1.7,B.1.1.7,-1,-1,-1,-1,-1,0,0,0
ERR5964895,0,control,,,,Delta,Delta,AY.4,AY.4,-1,-1,-1,-1,-1,272,0,0
ERR5964896,0,control,,,,Delta,Delta,AY.4,AY.4,-1,-1,-1,-1,-1,272,0,0
ERR5964909,0,control,,,,Delta,Delta,AY.4,AY.4,-1,-1,-1,-1,-1,183,0,0
ERR5964917,0,control,,,,Delta,Delta,AY.4,AY.4,-1,-1,-1,-1,-1,0,0,0
ERR5964918,0,control,,,,Alpha,Alpha,B.1.1.7,B.1.1.7,-1,-1,-1,-1,-1,0,0,0
ERR5964919,0,control,,,,Alpha,Alpha,B.1.1.7,B.1.1.7,-1,-1,-1,-1,-1,0,0,0
ERR5964923,0,control,,,,Alpha,Alpha,B.1.1.7,B.1.1.7,-1,-1,-1,-1,-1,0,0,0
ERR5964930,0,control,,,,Alpha,Alpha,B.1.1.7,B.1.1.7,-1,-1,-1,-1,-1,0,0,0
ERR5964932,0,control,,,,Delta,Delta,AY.4,AY.4,-1,-1,-1,-1,-1,0,0,0
ERR5964936,0,control,,,,Delta,Delta,AY.4,AY.4,-1,-1,-1,-1,-1,231,0,0
ERR5964941,0,control,,,,Alpha,Alpha,B.1.1.7,B.1.1.7,-1,-1,-1,-1,-1,0,0,0
ERR5964954,0,control,,,,Alpha,Alpha,B.1.1.7,B.1.1.7,-1,-1,-1,-1,-1,0,0,0
ERR5964959,0,control,,,,Delta,Delta,AY.7,AY.7,-1,-1,-1,-1,-1,145,0,0
ERR5964976,0,control,,,,Alpha,Alpha,B.1.1.7,B.1.1.7,-1,-1,-1,-1,-1,0,0,0
ERR5964977,0,control,,,,Delta,Delta,AY.4,AY.4,-1,-1,-1,-1,-1,0,0,0
ERR5964980,0,control,,,,Alpha,Alpha,B.1.1.7,B.1.1.7,-1,-1,-1,-1,-1,0,0,0
ERR5964984,0,control,,,,Delta,Delta,AY.4,AY.4,-1,-1,-1,-1,-1,157,0,0
ERR5964992,0,control,,,,Delta,Delta,AY.4,AY.4,-1,-1,-1,-1,-1,272,0,0
ERR5964996,0,control,,,,Delta,Delta,B.1.617.2,B.1.617.2,-1,-1,-1,-1,-1,125,0,0
ERR5965005,0,control,,,,Alpha,Alpha,B.1.1.7,B.1.1.7,-1,-1,-1,-1,-1,0,0,0
ERR5965013,0,control,,,,Delta,Delta,AY.10,AY.10,-1,-1,-1,-1,-1,0,0,0
ERR5965017,0,control,,,,Alpha,Alpha,B.1.1.7,B.1.1.7,-1,-1,-1,-1,-1,0,0,0
ERR5965025,0,control,,,,Alpha,Alpha,B.1.1.7,B.1.1.7,-1,-1,-1,-1,-1,0,0,0
ERR5965027,0,control,,,,Alpha,Alpha,B.1.1.7,B.1.1.7,-1,-1,-1,-1,-1,0,0,0
ERR5965029,0,control,,,,Alpha,Alpha,B.1.1.7,B.1.1.7,-1,-1,-1,-1,-1,0,0,0
ERR5965037,0,control,,,,Alpha,Alpha,B.1.1.7,B.1.1.7,-1,-1,-1,-1,-1,427,0,0
ERR5965040,0,control,,,,Delta,Delta,AY.4,AY.4,-1,-1,-1,-1,-1,0,0,0
ERR5965047,0,control,,,,Alpha,Alpha,B.1.1.7,B.1.1.7,-1,-1,-1,-1,-1,0,0,0
ERR5965060,0,control,,,,Alpha,Alpha,B.1.1.7,B.1.1.7,-1,-1,-1,-1,-1,0,0,0
ERR5965064,0,control,,,,Alpha,Alpha,B.1.1.7,B.1.1.7,-1,-1,-1,-1,-1,0,0,0
ERR5965066,0,control,,,,Alpha,Alpha,B.1.1.7,B.1.1.7,-1,-1,-1,-1,-1,0,0,0
ERR5965069,0,control,,,,Delta,Delta,AY.4,AY.4,-1,-1,-1,-1,-1,125,0,0
ERR5965091,0,control,,,,Alpha,Alpha,B.1.1.7,B.1.1.7,-1,-1,-1,-1,-1,0,0,0
ERR5965092,0,control,,,,Delta,Delta,AY.4,AY.4,-1,-1,-1,-1,-1,0,0,0
ERR5965093,0,control,,,,Alpha,Alpha,B.1.1.7,B.1.1.7,-1,-1,-1,-1,-1,0,0,0
ERR5965099,0,control,,,,Delta,Delta,AY.4,AY.4,-1,-1,-1,-1,-1,0,0,0
ERR5965101,0,control,,,,Alpha,Alpha,B.1.1.7,B.1.1.7,-1,-1,-1,-1,-1,0,0,0
ERR5965103,0,control,,,,Alpha,Alpha,B.1.1.7,B.1.1.7,-1,-1,-1,-1,-1,0,0,0
ERR5965105,0,control,,,,Delta,Delta,AY.4,AY.4,-1,-1,-1,-1,-1,0,0,0
ERR5965120,0,control,,,,Alpha,Alpha,B.1.1.7,B.1.1.7,-1,-1,-1,-1,-1,0,0,0
ERR5965122,0,control,,,,Alpha,Alpha,B.1.1.7,B.1.1.7,-1,-1,-1,-1,-1,0,0,0
ERR5965124,0,control,,,,Alpha,Alpha,B.1.1.7,B.1.1.7,-1,-1,-1,-1,-1,0,0,0
ERR5965130,0,control,,,,Alpha,Alpha,B.1.1.7,B.1.1.7,-1,-1,-1,-1,-1,281,0,0
ERR5965132,0,control,,,,Alpha,Alpha,B.1.1.7,B.1.1.7,-1,-1,-1,-1,-1,0,0,0
ERR5965135,0,control,,,,Alpha,Alpha,B.1.1.7,B.1.1.7,-1,-1,-1,-1,-1,0,0,0
ERR5965144,0,control,,,,Delta,Delta,AY.4,AY.4,-1,-1,-1,-1,-1,0,0,0
ERR5965156,0,control,,,,Alpha,Alpha,B.1.1.7,B.1.1.7,-1,-1,-1,-1,-1,0,0,0
ERR5965162,0,control,,,,Alpha,Alpha,B.1.1.7,B.1.1.7,-1,-1,-1,-1,-1,0,0,0
ERR5965165,0,control,,,,Alpha,Alpha,B.1.1.7,B.1.1.7,-1,-1,-1,-1,-1,0,0,0
ERR5965181,0,control,,,,Alpha,Alpha,B.1.1.7,B.1.1.7,-1,-1,-1,-1,-1,0,0,0
ERR5965193,0,control,,,,Delta,Delta,AY.4,AY.4,-1,-1,-1,-1,-1,0,0,0
ERR5965199,0,control,,,,Alpha,Alpha,B.1.1.7,B.1.1.7,-1,-1,-1,-1,-1,0,0,0
ERR5965211,0,control,,,,Delta,Delta,AY.4,AY.4,-1,-1,-1,-1,-1,0,0,0
ERR5965215,0,control,,,,Delta,Delta,AY.4,AY.4,-1,-1,-1,-1,-1,272,0,0
ERR5965218,0,control,,,,Delta,Delta,AY.4,AY.4,-1,-1,-1,-1,-1,0,0,0
ERR5965220,0,control,,,,Alpha,Alpha,B.1.1.7,B.1.1.7,-1,-1,-1,-1,-1,0,0,0
ERR5965225,0,control,,,,Alpha,Alpha,B.1.1.7,B.1.1.7,-1,-1,-1,-1,-1,0,0,0
ERR5965244,0,control,,,,Alpha,Alpha,B.1.1.7,B.1.1.7,-1,-1,-1,-1,-1,0,0,0
ERR5965260,0,control,,,,Delta,Delta,AY.4,AY.4,-1,-1,-1,-1,-1,0,0,0
ERR5965275,0,control,,,,Delta,Delta,AY.4,AY.4,-1,-1,-1,-1,-1,0,0,0
ERR5965277,0,control,,,,Delta,Delta,AY.4,AY.4,-1,-1,-1,-1,-1,0,0,0
ERR5965280,0,control,,,,Alpha,Alpha,B.1.1.7,B.1.1.7,-1,-1,-1,-1,-1,0,0,0
ERR5965292,0,control,,,,Alpha,Alpha,B.1.1.7,B.1.1.7,-1,-1,-1,-1,-1,0,0,0
ERR5965302,0,control,,,,Alpha,Alpha,B.1.1.7,B.1.1.7,-1,-1,-1,-1,-1,0,0,0
ERR5965304,0,control,,,,Delta,Delta,AY.4,AY.4,-1,-1,-1,-1,-1,0,0,0
ERR5965323,0,control,,,,Delta,Delta,AY.4,AY.4,-1,-1,-1,-1,-1,285,0,0
ERR5965325,0,control,,,,Delta,Delta,AY.98,AY.98,-1,-1,-1,-1,-1,0,0,0
ERR5965327,0,control,,,,Delta,Delta,AY.4,AY.4,-1,-1,-1,-1,-1,0,0,0
ERR5965329,0,control,,,,Alpha,Alpha,B.1.1.7,B.1.1.7,-1,-1,-1,-1,-1,0,0,0
ERR5965335,0,control,,,,Delta,Delta,AY.4,AY.4,-1,-1,-1,-1,-1,0,0,0
ERR5965354,0,control,,,,Alpha,Alpha,B.1.1.7,B.1.1.7,-1,-1,-1,-1,-1,0,0,0
ERR5965363,0,control,,,,Alpha,Alpha,B.1.1.7,B.1.1.7,-1,-1,-1,-1,-1,0,0,0
ERR5965386,0,control,,,,Delta,Delta,AY.4,AY.4,-1,-1,-1,-1,-1,0,0,0
ERR5965392,0,control,,,,Alpha,Alpha,B.1.1.7,B.1.1.7,-1,-1,-1,-1,-1,0,0,0
ERR5965394,0,control,,,,Alpha,Alpha,B.1.1.7,B.1.1.7,-1,-1,-1,-1,-1,0,0,0
ERR5965402,0,control,,,,Delta,Delta,B.1.617.2,B.1.617.2,-1,-1,-1,-1,-1,0,0,0
ERR5965411,0,control,,,,Delta,Delta,AY.4,AY.4,-1,-1,-1,-1,-1,110,0,0
ERR5965412,0,control,,,,Alpha,Alpha,B.1.1.7,B.1.1.7,-1,-1,-1,-1,-1,0,0,0
ERR5965432,0,control,,,,Alpha,Alpha,B.1.1.7,B.1.1.7,-1,-1,-1,-1,-1,0,0,0
ERR5965448,0,control,,,,Delta,Delta,AY.4,AY.4,-1,-1,-1,-1,-1,1,0,0
ERR5965450,0,control,,,,Alpha,Alpha,B.1.1.7,B.1.1.7,-1,-1,-1,-1,-1,0,0,0
ERR5965454,0,control,,,,Delta,Delta,AY.4,AY.4,-1,-1,-1,-1,-1,231,0,0
ERR5965464,0,control,,,,Alpha,Alpha,B.1.1.7,B.1.1.7,-1,-1,-1,-1,-1,0,0,0
ERR5965471,0,control,,,,Alpha,Alpha,B.1.1.7,B.1.1.7,-1,-1,-1,-1,-1,0,0,0
ERR5965473,0,control,,,,Alpha,Alpha,B.1.1.7,B.1.1.7,-1,-1,-1,-1,-1,0,0,0
ERR5965479,0,control,,,,Alpha,Alpha,B.1.1.7,B.1.1.7,-1,-1,-1,-1,-1,0,0,0
ERR5965481,0,control,,,,Alpha,Alpha,B.1.1.7,B.1.1.7,-1,-1,-1,-1,-1,0,0,0
ERR5965493,0,control,,,,Alpha,Alpha,B.1.1.7,B.1.1.7,-1,-1,-1,-1,-1,0,0,0
ERR5965509,0,control,,,,Alpha,Alpha,B.1.1.7,B.1.1.7,-1,-1,-1,-1,-1,0,0,0
ERR5965510,0,control,,,,Alpha,Alpha,B.1.1.7,B.1.1.7,-1,-1,-1,-1,-1,0,0,0
ERR5965520,0,control,,,,Delta,Delta,AY.4,AY.4,-1,-1,-1,-1,-1,0,0,0
ERR5965521,0,control,,,,Delta,Delta,AY.4,AY.4,-1,-1,-1,-1,-1,0,0,0
ERR5965532,0,control,,,,Delta,Delta,AY.4,AY.4,-1,-1,-1,-1,-1,0,0,0
ERR5965534,0,control,,,,Alpha,Alpha,B.1.1.7,B.1.1.7,-1,-1,-1,-1,-1,285,0,0
ERR5965537,0,control,,,,Delta,Delta,B.1.617.2,B.1.617.2,-1,-1,-1,-1,-1,0,0,0
ERR5965539,0,control,,,,Alpha,Alpha,B.1.1.7,B.1.1.7,-1,-1,-1,-1,-1,0,0,0
ERR5965555,0,control,,,,Alpha,Alpha,B.1.1.7,B.1.1.7,-1,-1,-1,-1,-1,0,0,0
ERR5965557,0,control,,,,Alpha,Alpha,B.1.1.7,B.1.1.7,-1,-1,-1,-1,-1,0,0,0
ERR5965559,0,control,,,,Alpha,Alpha,B.1.1.7,B.1.1.7,-1,-1,-1,-1,-1,0,0,0
ERR5965573,0,control,,,,Delta,Delta,AY.4,AY.4,-1,-1,-1,-1,-1,0,0,0
ERR5965574,0,control,,,,Delta,Delta,AY.4,AY.4,-1,-1,-1,-1,-1,272,0,0
ERR5965592,0,control,,,,Delta,Delta,AY.4,AY.4,-1,-1,-1,-1,-1,0,0,0
ERR5965609,0,control,,,,Alpha,Alpha,B.1.1.7,B.1.1.7,-1,-1,-1,-1,-1,0,0,0
ERR5965613,0,control,,,,Alpha,Alpha,B.1.1.7,B.1.1.7,-1,-1,-1,-1,-1,27,0,0
ERR5965615,0,control,,,,Delta,Delta,AY.4,AY.4,-1,-1,-1,-1,-1,0,0,0
ERR5965620,0,control,,,,Delta,Delta,AY.4,AY.4,-1,-1,-1,-1,-1,0,0,0
ERR5965621,0,control,,,,Delta,Delta,AY.4,AY.4,-1,-1,-1,-1,-1,0,0,0
ERR5965624,0,control,,,,Delta,Delta,AY.4,AY.4,-1,-1,-1,-1,-1,0,0,0
ERR5965626,0,control,,,,Delta,Delta,AY.4,AY.4,-1,-1,-1,-1,-1,0,0,0
ERR5965637,0,control,,,,Alpha,Alpha,B.1.1.7,B.1.1.7,-1,-1,-1,-1,-1,0,0,0
ERR5965638,0,control,,,,Delta,Delta,AY.4,AY.4,-1,-1,-1,-1,-1,0,0,0
ERR5965641,0,control,,,,Alpha,Alpha,B.1.1.7,B.1.1.7,-1,-1,-1,-1,-1,0,0,0
ERR5965643,0,control,,,,Delta,Delta,AY.4,AY.4,-1,-1,-1,-1,-1,0,0,0
ERR5965648,0,control,,,,Alpha,Alpha,B.1.1.7,B.1.1.7,-1,-1,-1,-1,-1,0,0,0
ERR5965661,0,control,,,,Delta,Delta,AY.4,AY.4,-1,-1,-1,-1,-1,0,0,0
ERR5965663,0,control,,,,Delta,Delta,AY.4,AY.4,-1,-1,-1,-1,-1,0,0,0
ERR5965665,0,control,,,,Delta,Delta,AY.4,AY.4,-1,-1,-1,-1,-1,0,0,0
ERR5965666,0,control,,,,Delta,Delta,AY.4,AY.4,-1,-1,-1,-1,-1,231,0,0
ERR5965670,0,control,,,,Delta,Delta,AY.4,AY.4,-1,-1,-1,-1,-1,0,0,0
ERR5965672,0,control,,,,Delta,Delta,AY.4,AY.4,-1,-1,-1,-1,-1,0,0,0
ERR5965681,0,control,,,,Delta,Delta,AY.9,AY.9,-1,-1,-1,-1,-1,0,0,0
ERR5965697,0,control,,,,Delta,Delta,AY.4,AY.4,-1,-1,-1,-1,-1,0,0,0
ERR5965698,0,control,,,,Alpha,Alpha,B.1.1.7,B.1.1.7,-1,-1,-1,-1,-1,0,0,0
ERR5965716,0,control,,,,Delta,Delta,AY.98,AY.98,-1,-1,-1,-1,-1,0,0,0
ERR5965719,0,control,,,,Delta,Delta,AY.4,AY.4,-1,-1,-1,-1,-1,0,0,0
ERR5965725,0,control,,,,Delta,Delta,AY.4,AY.4,-1,-1,-1,-1,-1,231,0,0
ERR5965789,0,control,,,,Alpha,Alpha,B.1.1.7,B.1.1.7,-1,-1,-1,-1,-1,0,0,0
ERR5965799,0,control,,,,Delta,Delta,B.1.617.2,B.1.617.2,-1,-1,-1,-1,-1,0,0,0
ERR5965804,0,control,,,,Delta,Delta,AY.4,AY.4,-1,-1,-1,-1,-1,0,0,0
ERR5965806,0,control,,,,Delta,Delta,B.1.617.2,B.1.617.2,-1,-1,-1,-1,-1,0,0,0
ERR5965808,0,control,,,,Delta,Delta,AY.4,AY.4,-1,-1,-1,-1,-1,0,0,0
ERR5965809,0,control,,,,Alpha,Alpha,B.1.1.7,B.1.1.7,-1,-1,-1,-1,-1,0,0,0
ERR5965813,0,control,,,,Delta,Delta,AY.4,AY.4,-1,-1,-1,-1,-1,0,0,0
ERR5965823,0,control,,,,Alpha,Alpha,B.1.1.7,B.1.1.7,-1,-1,-1,-1,-1,0,0,0
ERR5966276,0,control,,,,Alpha,Alpha,B.1.1.7,B.1.1.7,-1,-1,-1,-1,-1,0,0,0
ERR5966294,0,control,,,,Alpha,Alpha,B.1.1.7,B.1.1.7,-1,-1,-1,-1,-1,0,0,0
ERR5966384,0,control,,,,Delta,Delta,AY.4,AY.4,-1,-1,-1,-1,-1,126,0,0
ERR5966386,0,control,,,,Delta,Delta,AY.4,AY.4,-1,-1,-1,-1,-1,272,0,0
ERR5966454,0,control,,,,Delta,Delta,AY.4,AY.4,-1,-1,-1,-1,-1,272,0,0
ERR5966490,0,control,,,,Delta,Delta,AY.4,AY.4,-1,-1,-1,-1,-1,231,0,0
ERR5966783,0,control,,,,Alpha,Alpha,B.1.1.7,B.1.1.7,-1,-1,-1,-1,-1,0,0,0
ERR5966790,0,control,,,,Alpha,Alpha,B.1.1.7,B.1.1.7,-1,-1,-1,-1,-1,0,0,0
ERR5966791,0,control,,,,Alpha,Alpha,B.1.1.7,B.1.1.7,-1,-1,-1,-1,-1,0,0,0
ERR5966799,0,control,,,,Delta,Delta,AY.9,AY.9,-1,-1,-1,-1,-1,139,0,0
ERR5966801,0,control,,,,Delta,Delta,AY.9,AY.9,-1,-1,-1,-1,-1,245,0,0
ERR5970733,0,control,,,,Alpha,Alpha,B.1.1.7,B.1.1.7,-1,-1,-1,-1,-1,0,0,0
ERR5972198,0,control,,,,Alpha,Alpha,B.1.1.7,B.1.1.7,-1,-1,-1,-1,-1,0,0,0
ERR5972750,0,control,,,,Delta,Delta,AY.5,AY.5,-1,-1,-1,-1,-1,275,0,0
ERR5981395,0,control,,,,Alpha,Alpha,B.1.1.7,B.1.1.7,-1,-1,-1,-1,-1,0,0,0
ERR5981401,0,control,,,,Delta,Delta,AY.7,AY.7,-1,-1,-1,-1,-1,0,0,0
ERR5981416,0,control,,,,Alpha,Alpha,B.1.1.7,B.1.1.7,-1,-1,-1,-1,-1,0,0,0
ERR5981425,0,control,,,,Alpha,Alpha,B.1.1.7,B.1.1.7,-1,-1,-1,-1,-1,0,0,0
ERR5981431,0,control,,,,Alpha,Alpha,B.1.1.7,B.1.1.7,-1,-1,-1,-1,-1,0,0,0
ERR5981518,0,control,,,,Alpha,Alpha,B.1.1.7,B.1.1.7,-1,-1,-1,-1,-1,0,0,0
ERR5981550,0,control,,,,Alpha,Alpha,B.1.1.7,B.1.1.7,-1,-1,-1,-1,-1,0,0,0
ERR5981606,0,control,,,,Delta,Delta,AY.4,AY.4,-1,-1,-1,-1,-1,156,0,0
ERR5989114,0,control,,,,Alpha,Alpha,B.1.1.7,B.1.1.7,-1,-1,-1,-1,-1,0,0,0
ERR5989156,0,control,,,,Delta,Delta,B.1.617.2,B.1.617.2,-1,-1,-1,-1,-1,244,0,0
ERR5989344,0,control,,,,Alpha,Alpha,B.1.1.7,B.1.1.7,-1,-1,-1,-1,-1,0,0,0
ERR5989507,0,control,,,,Alpha,Alpha,B.1.1.7,B.1.1.7,-1,-1,-1,-1,-1,0,0,0
ERR5989567,0,control,,,,Alpha,Alpha,B.1.1.7,B.1.1.7,-1,-1,-1,-1,-1,243,0,0
ERR5989630,0,control,,,,Alpha,Alpha,B.1.1.7,B.1.1.7,-1,-1,-1,-1,-1,0,0,0
ERR5989648,0,control,,,,Alpha,Alpha,B.1.1.7,B.1.1.7,-1,-1,-1,-1,-1,0,0,0
ERR5989833,0,control,,,,Delta,Delta,AY.8,AY.8,-1,-1,-1,-1,-1,23,0,0
ERR5989834,0,control,,,,Alpha,Alpha,B.1.1.7,B.1.1.7,-1,-1,-1,-1,-1,350,0,0
ERR5990007,0,control,,,,Alpha,Alpha,B.1.1.7,B.1.1.7,-1,-1,-1,-1,-1,0,0,0
ERR5990175,0,control,,,,Delta,Delta,B.1.617.2,B.1.617.2,-1,-1,-1,-1,-1,394,0,0
ERR5990206,0,control,,,,Alpha,Alpha,B.1.1.7,B.1.1.7,-1,-1,-1,-1,-1,5,0,0
ERR5990266,0,control,,,,Alpha,Alpha,B.1.1.7,B.1.1.7,-1,-1,-1,-1,-1,149,0,0
ERR5990287,0,control,,,,Alpha,Alpha,B.1.1.7,B.1.1.7,-1,-1,-1,-1,-1,192,0,0
ERR5990437,0,control,,,,Alpha,Alpha,B.1.1.7,B.1.1.7,-1,-1,-1,-1,-1,464,0,0
ERR5990479,0,control,,,,Delta,Delta,AY.4,AY.4,-1,-1,-1,-1,-1,23,0,0
ERR5990516,0,control,,,,Alpha,Alpha,B.1.1.7,B.1.1.7,-1,-1,-1,-1,-1,0,0,0
ERR5990620,0,control,,,,Alpha,Alpha,B.1.1.7,B.1.1.7,-1,-1,-1,-1,-1,0,0,0
ERR5990714,0,control,,,,Alpha,Alpha,B.1.1.7,B.1.1.7,-1,-1,-1,-1,-1,21,0,0
ERR5990767,0,control,,,,Alpha,Alpha,B.1.1.7,B.1.1.7,-1,-1,-1,-1,-1,0,0,0
ERR5990866,0,control,,,,Alpha,Alpha,B.1.1.7,B.1.1.7,-1,-1,-1,-1,-1,0,0,0
ERR5990935,0,control,,,,Alpha,Alpha,B.1.1.7,B.1.1.7,-1,-1,-1,-1,-1,0,0,0
ERR5990955,0,control,,,,Alpha,Alpha,B.1.1.7,B.1.1.7,-1,-1,-1,-1,-1,0,0,0
ERR5990986,0,control,,,,Alpha,Alpha,B.1.1.7,B.1.1.7,-1,-1,-1,-1,-1,3,0,0
ERR5991038,0,control,,,,Alpha,Alpha,B.1.1.7,B.1.1.7,-1,-1,-1,-1,-1,116,0,0
ERR5991071,0,control,,,,Alpha,Alpha,B.1.1.7,B.1.1.7,-1,-1,-1,-1,-1,32,0,0
ERR5991105,0,control,,,,Delta,Delta,AY.111,AY.111,-1,-1,-1,-1,-1,156,0,0
ERR5991209,0,control,,,,Alpha,Alpha,B.1.1.7,B.1.1.7,-1,-1,-1,-1,-1,7,0,0
ERR5991283,0,control,,,,Alpha,Alpha,B.1.1.7,B.1.1.7,-1,-1,-1,-1,-1,0,0,0
ERR5991285,0,control,,,,Alpha,Alpha,B.1.1.7,B.1.1.7,-1,-1,-1,-1,-1,0,0,0
ERR5991353,0,control,,,,Delta,Delta,AY.122,AY.122,-1,-1,-1,-1,-1,146,0,0
ERR5991480,0,control,,,,Alpha,Alpha,B.1.1.7,B.1.1.7,-1,-1,-1,-1,-1,5,0,0
ERR5991600,0,control,,,,Alpha,Alpha,B.1.1.7,B.1.1.7,-1,-1,-1,-1,-1,0,0,0
ERR5991603,0,control,,,,Alpha,Alpha,B.1.1.7,B.1.1.7,-1,-1,-1,-1,-1,0,0,0
ERR5991780,0,control,,,,Alpha,Alpha,B.1.1.7,B.1.1.7,-1,-1,-1,-1,-1,0,0,0
ERR5991872,0,control,,,,Alpha,Alpha,B.1.1.7,B.1.1.7,-1,-1,-1,-1,-1,0,0,0
ERR5992093,0,control,,,,Alpha,Alpha,B.1.1.7,B.1.1.7,-1,-1,-1,-1,-1,0,0,0
ERR5992117,0,control,,,,Alpha,Alpha,B.1.1.7,B.1.1.7,-1,-1,-1,-1,-1,0,0,0
ERR5992138,0,control,,,,Alpha,Alpha,B.1.1.7,B.1.1.7,-1,-1,-1,-1,-1,0,0,0
ERR5992154,0,control,,,,Alpha,Alpha,B.1.1.7,B.1.1.7,-1,-1,-1,-1,-1,0,0,0
ERR5993439,0,control,,,,Delta,Delta,AY.4,AY.4,-1,-1,-1,-1,-1,253,0,0
ERR5993644,0,control,,,,Delta,Delta,AY.4,AY.4,-1,-1,-1,-1,-1,0,0,0
ERR5993918,0,control,,,,Alpha,Alpha,B.1.1.7,B.1.1.7,-1,-1,-1,-1,-1,0,0,0
ERR5994033,0,control,,,,Delta,Delta,AY.4,AY.4,-1,-1,-1,-1,-1,272,0,0
ERR5994341,0,control,,,,Alpha,Alpha,B.1.1.7,B.1.1.7,-1,-1,-1,-1,-1,285,0,0
ERR5995227,0,control,,,,Delta,Delta,AY.4,AY.4,-1,-1,-1,-1,-1,196,0,0
ERR5995364,0,control,,,,Delta,Delta,AY.4,AY.4,-1,-1,-1,-1,-1,0,0,0
ERR5995365,0,control,,,,Delta,Delta,AY.4,AY.4,-1,-1,-1,-1,-1,231,0,0
ERR5995793,0,control,,,,Delta,Delta,AY.4,AY.4,-1,-1,-1,-1,-1,0,0,0
ERR5995827,0,control,,,,Delta,Delta,AY.4,AY.4,-1,-1,-1,-1,-1,0,0,0
ERR5995900,0,control,,,,Delta,Delta,AY.4,AY.4,-1,-1,-1,-1,-1,0,0,0
ERR5995906,0,control,,,,Delta,Delta,AY.4,AY.4,-1,-1,-1,-1,-1,0,0,0
ERR5995925,0,control,,,,Delta,Delta,AY.4,AY.4,-1,-1,-1,-1,-1,0,0,0
ERR5995927,0,control,,,,Delta,Delta,AY.4,AY.4,-1,-1,-1,-1,-1,0,0,0
ERR5995929,0,control,,,,Delta,Delta,AY.4,AY.4,-1,-1,-1,-1,-1,0,0,0
ERR5995935,0,control,,,,Delta,Delta,AY.4,AY.4,-1,-1,-1,-1,-1,0,0,0
ERR5995939,0,control,,,,Delta,Delta,AY.4,AY.4,-1,-1,-1,-1,-1,0,0,0
ERR5995958,0,control,,,,Delta,Delta,AY.4,AY.4,-1,-1,-1,-1,-1,0,0,0
ERR5995962,0,control,,,,Delta,Delta,AY.4,AY.4,-1,-1,-1,-1,-1,0,0,0
ERR5995964,0,control,,,,Delta,Delta,AY.4,AY.4,-1,-1,-1,-1,-1,0,0,0
ERR5995966,0,control,,,,Delta,Delta,AY.4,AY.4,-1,-1,-1,-1,-1,0,0,0
ERR5995968,0,control,,,,Delta,Delta,AY.4,AY.4,-1,-1,-1,-1,-1,0,0,0
ERR5995985,0,control,,,,Delta,Delta,B.1.617.2,B.1.617.2,-1,-1,-1,-1,-1,0,0,0
ERR5995987,0,control,,,,Alpha,Alpha,B.1.1.7,B.1.1.7,-1,-1,-1,-1,-1,0,0,0
ERR5995989,0,control,,,,Delta,Delta,AY.4,AY.4,-1,-1,-1,-1,-1,0,0,0
ERR5995990,0,control,,,,Delta,Delta,AY.4,AY.4,-1,-1,-1,-1,-1,0,0,0
ERR5995992,0,control,,,,Delta,Delta,AY.4,AY.4,-1,-1,-1,-1,-1,0,0,0
ERR5995994,0,control,,,,Alpha,Alpha,B.1.1.7,B.1.1.7,-1,-1,-1,-1,-1,0,0,0
ERR5995997,0,control,,,,Alpha,Alpha,B.1.1.7,B.1.1.7,-1,-1,-1,-1,-1,0,0,0
ERR5996018,0,control,,,,Delta,Delta,AY.4,AY.4,-1,-1,-1,-1,-1,271,0,0
ERR5996021,0,control,,,,Delta,Delta,AY.4,AY.4,-1,-1,-1,-1,-1,0,0,0
ERR5996022,0,control,,,,Delta,Delta,AY.4,AY.4,-1,-1,-1,-1,-1,0,0,0
ERR5996024,0,control,,,,Delta,Delta,AY.4,AY.4,-1,-1,-1,-1,-1,0,0,0
ERR5996030,0,control,,,,Delta,Delta,AY.4,AY.4,-1,-1,-1,-1,-1,0,0,0
ERR5996047,0,control,,,,Delta,Delta,AY.4,AY.4,-1,-1,-1,-1,-1,0,0,0
ERR5996048,0,control,,,,Delta,Delta,AY.4,AY.4,-1,-1,-1,-1,-1,0,0,0
ERR5996052,0,control,,,,Delta,Delta,AY.4,AY.4,-1,-1,-1,-1,-1,0,0,0
ERR5996055,0,control,,,,Delta,Delta,AY.4,AY.4,-1,-1,-1,-1,-1,0,0,0
ERR5996078,0,control,,,,Delta,Delta,B.1.617.2,B.1.617.2,-1,-1,-1,-1,-1,0,0,0
ERR5996079,0,control,,,,Delta,Delta,AY.4,AY.4,-1,-1,-1,-1,-1,0,0,0
ERR5996085,0,control,,,,Delta,Delta,AY.4,AY.4,-1,-1,-1,-1,-1,0,0,0
ERR5996090,0,control,,,,Delta,Delta,AY.4,AY.4,-1,-1,-1,-1,-1,0,0,0
ERR5996092,0,control,,,,Delta,Delta,AY.4,AY.4,-1,-1,-1,-1,-1,0,0,0
ERR5996656,0,control,,,,Alpha,Alpha,B.1.1.7,B.1.1.7,-1,-1,-1,-1,-1,0,0,0
ERR6007721,0,control,,,,Delta,Delta,AY.10,AY.10,-1,-1,-1,-1,-1,0,0,0
ERR6008959,0,control,,,,Delta,Delta,AY.4,AY.4,-1,-1,-1,-1,-1,0,0,0
ERR6009153,0,control,,,,Delta,Delta,AY.4,AY.4,-1,-1,-1,-1,-1,73,0,0
ERR6058933,0,control,,,,Alpha,Alpha,B.1.1.7,B.1.1.7,-1,-1,-1,-1,-1,445,0,0
ERR6059393,0,control,,,,Alpha,Alpha,B.1.1.7,B.1.1.7,-1,-1,-1,-1,-1,123,0,0
ERR6060204,0,control,,,,Alpha,Alpha,B.1.1.7,B.1.1.7,-1,-1,-1,-1,-1,354,0,0
ERR6060812,0,control,,,,Alpha,Alpha,B.1.1.7,B.1.1.7,-1,-1,-1,-1,-1,465,0,0
ERR6064588,0,control,,,,Delta,Delta,AY.10,AY.10,-1,-1,-1,-1,-1,420,0,0
