strain,mutation_multiplier,type,cross,left_parent,right_parent,left_lineage,right_lineage,left_pango,right_pango,parent_pangonet_distance,breakpoint,num_informative_left,num_informative_right,detectable_window,num_missing,num_added_mutations,num_added_mutations_arg
rec_00000,10,recombinant,AlphaxDelta,ERR5966478,ERR5964320,Delta,Alpha,AY.4,B.1.1.7,5,16919,23,35,29532,0,4,3
rec_00001,10,recombinant,AlphaxDelta,ERR5965822,ERR5965351,Delta,Alpha,AY.4,B.1.1.7,5,17550,24,35,29532,0,3,3
rec_00002,10,recombinant,AlphaxDelta,ERR5964916,ERR5966797,Alpha,Delta,B.1.1.7,AY.4,5,23460,32,24,29556,0,1,1
rec_00003,10,recombinant,AlphaxDelta,ERR5995999,ERR5965071,Delta,Alpha,AY.4,B.1.1.7,5,15853,22,35,29532,0,3,3
rec_00004,10,recombinant,AlphaxDelta,ERR5971148,ERR5964399,Alpha,Delta,B.1.1.7,AY.4,5,15362,20,37,29550,298,3,3
rec_00005,10,recombinant,AlphaxDelta,ERR5964937,ERR5971418,Delta,Alpha,AY.4,B.1.1.7,5,4611,5,48,28829,267,7,7
rec_00006,10,recombinant,AlphaxDelta,ERR5996029,ERR5964663,Delta,Alpha,AY.4,B.1.1.7,5,15575,23,38,29532,0,5,5
rec_00007,10,recombinant,AlphaxDelta,ERR5966797,ERR5963745,Delta,Alpha,AY.4,B.1.1.7,5,15546,19,34,29532,0,4,4
rec_00008,10,recombinant,AlphaxDelta,ERR5964913,ERR5965097,Alpha,Delta,B.1.1.7,AY.4,5,3632,5,54,29532,272,6,6
rec_00009,10,recombinant,AlphaxDelta,ERR5964382,ERR5966464,Alpha,Delta,B.1.1.7,AY.4,5,24482,35,27,29532,0,3,3
rec_00010,10,recombinant,AlphaxDelta,ERR5965430,ERR5981701,Alpha,Delta,B.1.1.7,AY.4,5,10078,18,46,29532,272,4,4
rec_00011,10,recombinant,AlphaxDelta,ERR5989515,ERR5964871,Alpha,Delta,B.1.1.7,AY.4,5,2176,2,54,29532,141,2,2
rec_00012,10,recombinant,AlphaxDelta,ERR5964934,ERR5964877,Alpha,Delta,B.1.1.7,AY.4,5,24639,35,22,29532,0,1,1
rec_00013,10,recombinant,AlphaxDelta,ERR5964911,ERR5972864,Delta,Alpha,AY.4,B.1.1.7,5,21154,28,31,29532,0,3,3
rec_00014,10,recombinant,AlphaxDelta,ERR5965562,ERR5965153,Delta,Alpha,AY.5,B.1.1.7,5,3745,7,54,29532,0,3,3
rec_00015,10,recombinant,AlphaxDelta,ERR5965414,ERR5964399,Alpha,Delta,B.1.1.7,AY.4,5,2474,3,59,29550,0,4,4
rec_00016,10,recombinant,AlphaxDelta,ERR5995971,ERR5989322,Delta,Alpha,AY.4,B.1.1.7,5,9394,15,43,29532,486,1,1
rec_00017,10,recombinant,AlphaxDelta,ERR5964993,ERR5965283,Delta,Alpha,AY.4,B.1.1.7,5,22450,24,31,29532,0,5,5
rec_00018,10,recombinant,AlphaxDelta,ERR5996017,ERR5965551,Delta,Alpha,AY.4,B.1.1.7,5,527,1,60,29532,0,1,1
rec_00019,10,recombinant,AlphaxDelta,ERR5991847,ERR5989016,Alpha,Delta,B.1.1.7,AY.8,5,14369,21,40,28829,225,6,6
rec_00020,10,recombinant,AlphaxDelta,ERR5965321,ERR5964911,Alpha,Delta,B.1.1.7,AY.4,5,24908,38,23,29532,285,1,1
rec_00021,10,recombinant,AlphaxDelta,ERR5964612,ERR5965668,Delta,Alpha,AY.120,B.1.1.7,5,6131,8,51,29532,0,2,2
rec_00022,10,recombinant,AlphaxDelta,ERR5966464,ERR5964916,Delta,Alpha,AY.4,B.1.1.7,5,4372,6,53,29556,0,5,4
rec_00023,10,recombinant,AlphaxDelta,ERR5989228,ERR5965333,Alpha,Delta,B.1.1.7,AY.4,5,9900,16,42,29553,0,4,4
rec_00024,10,recombinant,AlphaxDelta,ERR5995898,ERR5965238,Delta,Alpha,AY.4,B.1.1.7,5,13021,18,42,29533,0,3,3
rec_00025,10,recombinant,AlphaxDelta,ERR5963869,ERR5965562,Alpha,Delta,B.1.1.7,AY.5,5,9257,14,46,29532,272,1,1
rec_00026,10,recombinant,AlphaxDelta,ERR5964990,ERR5990800,Delta,Alpha,AY.4,B.1.1.7,5,2201,3,56,28829,1,4,4
rec_00027,10,recombinant,AlphaxDelta,ERR5991732,ERR5964935,Alpha,Delta,B.1.1.7,AY.4,5,5951,7,55,29532,181,1,1
rec_00028,10,recombinant,AlphaxDelta,ERR5996057,ERR5989657,Delta,Alpha,AY.4,B.1.1.7,5,14778,21,38,29532,0,5,5
rec_00029,10,recombinant,AlphaxDelta,ERR5965418,ERR5965289,Alpha,Delta,B.1.1.7,AY.8,5,25034,37,19,29532,0,3,3
rec_00030,10,recombinant,AlphaxDelta,ERR5966464,ERR5965668,Delta,Alpha,AY.4,B.1.1.7,5,19381,25,35,29532,0,5,5
rec_00031,10,recombinant,AlphaxDelta,ERR5996053,ERR5991965,Delta,Alpha,AY.4,B.1.1.7,5,18338,23,34,29532,0,4,4
rec_00032,10,recombinant,AlphaxDelta,ERR5965430,ERR5965475,Alpha,Delta,B.1.1.7,AY.4,5,16112,24,40,29602,0,4,4
rec_00033,10,recombinant,AlphaxDelta,ERR5966784,ERR5996025,Alpha,Delta,B.1.1.7,AY.4,5,9989,12,44,29532,0,3,3
rec_00034,10,recombinant,AlphaxDelta,ERR5965370,ERR5972503,Delta,Alpha,AY.8,B.1.1.7,5,25083,35,18,29192,1,2,2
rec_00035,10,recombinant,AlphaxDelta,ERR5964706,ERR5965384,Delta,Alpha,B.1.617.2,B.1.1.7,4,9226,13,49,29562,0,5,5
rec_00036,10,recombinant,AlphaxDelta,ERR5994346,ERR5964950,Delta,Alpha,AY.4,B.1.1.7,5,10269,19,46,29532,0,2,2
rec_00037,10,recombinant,AlphaxDelta,ERR5996015,ERR5963837,Alpha,Delta,B.1.1.7,AY.5,5,15478,20,35,29532,272,2,2
rec_00038,10,recombinant,AlphaxDelta,ERR5964637,ERR5995971,Alpha,Delta,B.1.1.7,AY.4,5,27301,40,18,29532,0,2,2
rec_00039,10,recombinant,AlphaxDelta,ERR5965333,ERR5965250,Delta,Alpha,AY.4,B.1.1.7,5,463,1,54,29532,0,5,5
rec_00040,10,recombinant,AlphaxDelta,ERR5965551,ERR5965019,Alpha,Delta,B.1.1.7,AY.4,5,944,2,56,29532,276,2,2
rec_00041,10,recombinant,AlphaxDelta,ERR5965003,ERR5964772,Delta,Alpha,AY.4,B.1.1.7,5,12622,15,38,29532,0,4,4
rec_00042,10,recombinant,AlphaxDelta,ERR5966480,ERR5996051,Delta,Alpha,AY.4,B.1.1.7,5,427,1,57,29532,0,4,3
rec_00043,10,recombinant,AlphaxDelta,ERR5964870,ERR5965567,Alpha,Delta,B.1.1.7,AY.4,5,15739,23,33,29532,272,3,3
rec_00044,10,recombinant,AlphaxDelta,ERR5964900,ERR5989598,Delta,Alpha,AY.4,B.1.1.7,5,18531,25,32,29532,0,6,6
rec_00045,10,recombinant,AlphaxDelta,ERR5964701,ERR5996020,Alpha,Delta,B.1.1.7,AY.4,5,19432,23,34,29532,0,4,4
rec_00046,10,recombinant,AlphaxDelta,ERR5981429,ERR5965568,Delta,Alpha,AY.4,B.1.1.7,5,28656,49,7,29532,182,4,4
rec_00047,10,recombinant,AlphaxDelta,ERR5996060,ERR5964382,Delta,Alpha,AY.4,B.1.1.7,5,2401,3,57,29532,0,3,3
rec_00048,10,recombinant,AlphaxDelta,ERR6136344,ERR5963719,Delta,Alpha,AY.4,B.1.1.7,5,13207,20,39,29532,0,6,6
rec_00049,10,recombinant,AlphaxDelta,ERR5964399,ERR5964916,Delta,Alpha,AY.4,B.1.1.7,5,12514,18,40,29574,0,2,2
rec_00050,10,recombinant,AlphaxDelta,ERR6008912,ERR5965258,Delta,Alpha,AY.4,B.1.1.7,5,8722,10,46,29532,0,2,2
rec_00051,10,recombinant,AlphaxDelta,ERR5965446,ERR5965350,Delta,Alpha,AY.4,B.1.1.7,5,19023,23,34,29532,0,4,4
rec_00052,10,recombinant,AlphaxDelta,ERR5964320,ERR5964676,Alpha,Delta,B.1.1.7,AY.4,5,1420,2,57,29532,0,4,4
rec_00053,10,recombinant,AlphaxDelta,ERR5964399,ERR5981439,Delta,Alpha,AY.4,B.1.1.7,5,26067,39,20,29550,0,6,6
rec_00054,10,recombinant,AlphaxDelta,ERR5964701,ERR5996061,Alpha,Delta,B.1.1.7,AY.4,5,29090,59,2,29532,0,2,2
rec_00055,10,recombinant,AlphaxDelta,ERR6062051,ERR5996053,Alpha,Delta,B.1.1.7,AY.4,5,19401,26,28,29532,0,4,4
rec_00056,10,recombinant,AlphaxDelta,ERR5996086,ERR5965427,Delta,Alpha,AY.4,B.1.1.7,5,23935,37,25,29579,0,2,2
rec_00057,10,recombinant,AlphaxDelta,ERR5964938,ERR5965452,Delta,Alpha,AY.4,B.1.1.7,5,7250,11,51,29532,0,1,1
rec_00058,10,recombinant,AlphaxDelta,ERR5965126,ERR5964612,Alpha,Delta,B.1.1.7,AY.120,5,1649,2,53,29532,0,3,3
rec_00059,10,recombinant,AlphaxDelta,ERR5966784,ERR5965042,Alpha,Delta,B.1.1.7,AY.120,5,22734,25,30,29532,0,2,2
rec_00060,10,recombinant,AlphaxDelta,ERR5964691,ERR5964571,Delta,Alpha,AY.5,B.1.1.7,5,25769,41,19,29532,272,4,4
rec_00061,10,recombinant,AlphaxDelta,ERR5965333,ERR5981410,Delta,Alpha,AY.4,B.1.1.7,5,11486,20,38,29532,0,4,4
rec_00062,10,recombinant,AlphaxDelta,ERR5994263,ERR5965147,Alpha,Delta,B.1.1.7,AY.4,5,18576,27,34,29532,231,2,2
rec_00063,10,recombinant,AlphaxDelta,ERR5964938,ERR5965128,Delta,Alpha,AY.4,B.1.1.7,5,28361,53,11,29579,272,4,4
rec_00064,10,recombinant,AlphaxDelta,ERR5966805,ERR5965390,Delta,Alpha,AY.4,B.1.1.7,5,1064,4,53,29553,0,6,6
rec_00065,10,recombinant,AlphaxDelta,ERR5964678,ERR5965604,Alpha,Delta,B.1.1.7,AY.4,5,18243,26,33,29532,0,3,3
rec_00066,10,recombinant,AlphaxDelta,ERR5965153,ERR5964911,Alpha,Delta,B.1.1.7,AY.4,5,25395,44,20,29532,0,5,5
rec_00067,10,recombinant,AlphaxDelta,ERR5964933,ERR5964960,Alpha,Delta,B.1.1.7,AY.4,5,26864,41,18,29532,0,2,2
rec_00068,10,recombinant,AlphaxDelta,ERR5964676,ERR5964772,Delta,Alpha,AY.4,B.1.1.7,5,11933,15,40,29532,0,3,3
rec_00069,10,recombinant,AlphaxDelta,ERR5965229,ERR5965544,Alpha,Delta,B.1.1.7,AY.4,5,25795,42,18,29532,0,1,1
rec_00070,10,recombinant,AlphaxDelta,ERR5991732,ERR5965042,Alpha,Delta,B.1.1.7,AY.120,5,10308,14,45,29532,272,2,2
rec_00071,10,recombinant,AlphaxDelta,ERR5964066,ERR5963719,Delta,Alpha,AY.8,B.1.1.7,5,15968,22,34,29532,0,3,3
rec_00072,10,recombinant,AlphaxDelta,ERR5995986,ERR5996088,Alpha,Delta,B.1.1.7,AY.4,5,12258,18,41,29532,0,4,4
rec_00073,10,recombinant,AlphaxDelta,ERR5966786,ERR5964752,Alpha,Delta,B.1.1.7,AY.5,5,5724,6,50,29532,231,4,4
rec_00074,10,recombinant,AlphaxDelta,ERR5995971,ERR5964663,Delta,Alpha,AY.4,B.1.1.7,5,17788,28,35,29532,0,2,2
rec_00075,10,recombinant,AlphaxDelta,ERR5990141,ERR5995908,Alpha,Delta,B.1.1.7,AY.4,5,6664,9,51,29568,0,2,2
rec_00076,10,recombinant,AlphaxDelta,ERR5990141,ERR5965147,Alpha,Delta,B.1.1.7,AY.4,5,10978,16,45,29568,231,3,3
rec_00077,10,recombinant,AlphaxDelta,ERR5964320,ERR5965692,Alpha,Delta,B.1.1.7,AY.4,5,16595,23,36,29532,0,3,3
rec_00078,10,recombinant,AlphaxDelta,ERR5964318,ERR5964399,Alpha,Delta,B.1.1.7,AY.4,5,18961,24,34,29550,0,1,1
rec_00079,10,recombinant,AlphaxDelta,ERR5964772,ERR5964066,Alpha,Delta,B.1.1.7,AY.8,5,26417,33,19,29532,0,7,7
rec_00080,10,recombinant,AlphaxDelta,ERR5964399,ERR5964353,Delta,Alpha,AY.4,B.1.1.7,5,16193,25,35,29550,0,2,2
rec_00081,10,recombinant,AlphaxDelta,ERR5964320,ERR5965604,Alpha,Delta,B.1.1.7,AY.4,5,11619,18,41,29532,0,4,4
rec_00082,10,recombinant,AlphaxDelta,ERR5965300,ERR5965544,Alpha,Delta,B.1.1.7,AY.4,5,27057,47,17,29532,0,2,2
rec_00083,10,recombinant,AlphaxDelta,ERR6883067,ERR5965295,Delta,Alpha,AY.10,B.1.1.7,5,6578,9,46,29532,0,3,3
rec_00084,10,recombinant,AlphaxDelta,ERR5994346,ERR5989570,Delta,Alpha,AY.4,B.1.1.7,5,9052,15,43,29532,0,1,1
rec_00085,10,recombinant,AlphaxDelta,ERR5964362,ERR5964876,Alpha,Delta,B.1.1.7,AY.4,5,5449,7,52,29532,157,4,4
rec_00086,10,recombinant,AlphaxDelta,ERR5965562,ERR5965128,Delta,Alpha,AY.5,B.1.1.7,5,8589,14,47,29579,0,5,5
rec_00087,10,recombinant,AlphaxDelta,ERR5966797,ERR5964921,Delta,Alpha,AY.4,B.1.1.7,5,17487,22,34,29532,0,3,3
rec_00088,10,recombinant,AlphaxDelta,ERR5965235,ERR5965140,Alpha,Delta,B.1.1.7,AY.6,5,14275,18,43,29532,459,3,3
rec_00089,10,recombinant,AlphaxDelta,ERR5994346,ERR5964778,Delta,Alpha,AY.4,B.1.1.7,5,7761,10,45,29532,0,3,3
rec_00090,10,recombinant,AlphaxDelta,ERR5965148,ERR5965418,Delta,Alpha,AY.4,B.1.1.7,5,23470,34,28,29532,0,3,3
rec_00091,10,recombinant,AlphaxDelta,ERR5964870,ERR5964937,Alpha,Delta,B.1.1.7,AY.4,5,9644,15,44,29532,193,1,1
rec_00092,10,recombinant,AlphaxDelta,ERR5965147,ERR5964866,Delta,Alpha,AY.4,B.1.1.7,5,28423,54,8,29553,231,6,6
rec_00093,10,recombinant,AlphaxDelta,ERR5965015,ERR5964958,Delta,Alpha,B.1.617.2,B.1.1.7,4,4335,4,56,29532,1,4,4
rec_00094,10,recombinant,AlphaxDelta,ERR5964119,ERR5965295,Delta,Alpha,AY.5,B.1.1.7,5,3252,2,52,29532,0,3,3
rec_00095,10,recombinant,AlphaxDelta,ERR5994263,ERR5966797,Alpha,Delta,B.1.1.7,AY.4,5,17107,25,32,29532,212,5,5
rec_00096,10,recombinant,AlphaxDelta,ERR5972552,ERR5965239,Alpha,Delta,B.1.1.7,AY.9,5,15448,18,32,29539,0,4,4
rec_00097,10,recombinant,AlphaxDelta,ERR5994263,ERR5963777,Alpha,Delta,B.1.1.7,AY.9,5,25371,38,18,29532,0,4,4
rec_00098,10,recombinant,AlphaxDelta,ERR5989209,ERR5996088,Alpha,Delta,B.1.1.7,AY.4,5,1998,2,56,29532,0,2,2
rec_00099,10,recombinant,AlphaxDelta,ERR5963674,ERR5990213,Delta,Alpha,AY.5,B.1.1.7,5,29079,50,4,29544,0,4,4
rec_00100,10,recombinant,AlphaxDelta,ERR5964362,ERR5995960,Alpha,Delta,B.1.1.7,AY.4,5,12514,19,42,29532,0,1,1
rec_00101,10,recombinant,AlphaxDelta,ERR5964956,ERR5964851,Alpha,Delta,B.1.1.7,AY.8,5,12460,18,44,29532,0,4,4
rec_00102,10,recombinant,AlphaxDelta,ERR5965553,ERR5964851,Alpha,Delta,B.1.1.7,AY.8,5,15218,18,35,29532,0,4,4
rec_00103,10,recombinant,AlphaxDelta,ERR5964743,ERR5965388,Alpha,Delta,B.1.1.7,AY.4,5,12323,20,40,29532,0,3,3
rec_00104,10,recombinant,AlphaxDelta,ERR5964877,ERR5995822,Delta,Alpha,AY.4,B.1.1.7,5,25053,34,22,29532,0,4,4
rec_00105,10,recombinant,AlphaxDelta,ERR5965004,ERR5964876,Alpha,Delta,B.1.1.7,AY.4,5,17855,25,33,29532,157,4,4
rec_00106,10,recombinant,AlphaxDelta,ERR5963646,ERR5996050,Alpha,Delta,B.1.1.7,AY.4,5,20388,32,31,29532,0,3,3
rec_00107,10,recombinant,AlphaxDelta,ERR5964934,ERR5965388,Alpha,Delta,B.1.1.7,AY.4,5,7501,12,46,29532,0,7,7
rec_00108,10,recombinant,AlphaxDelta,ERR5966784,ERR5990112,Alpha,Delta,B.1.1.7,AY.9,5,13818,14,37,29532,0,1,1
rec_00109,10,recombinant,AlphaxDelta,ERR5964884,ERR5970748,Delta,Alpha,AY.4,B.1.1.7,5,18036,26,34,29532,0,0,0
rec_00110,10,recombinant,AlphaxDelta,ERR5994263,ERR5964962,Alpha,Delta,B.1.1.7,B.1.617.2,4,27373,42,19,29562,0,2,2
rec_00111,10,recombinant,AlphaxDelta,ERR5966784,ERR5964884,Alpha,Delta,B.1.1.7,AY.4,5,24325,34,24,29532,0,2,1
rec_00112,10,recombinant,AlphaxDelta,ERR5964743,ERR5965567,Alpha,Delta,B.1.1.7,AY.4,5,18525,24,32,29532,272,3,3
rec_00113,10,recombinant,AlphaxDelta,ERR5989358,ERR5965480,Alpha,Delta,B.1.1.7,B.1.617.2,4,7031,13,44,29562,0,2,2
rec_00114,10,recombinant,AlphaxDelta,ERR5994346,ERR5990141,Delta,Alpha,AY.4,B.1.1.7,5,315,2,57,29568,220,3,3
rec_00115,10,recombinant,AlphaxDelta,ERR5964060,ERR5989538,Delta,Alpha,AY.8,B.1.1.7,5,13731,17,38,29532,0,3,3
rec_00116,10,recombinant,AlphaxDelta,ERR5989439,ERR5995986,Delta,Alpha,B.1.617.2,B.1.1.7,4,25475,39,19,29532,0,4,4
rec_00117,10,recombinant,AlphaxDelta,ERR5991936,ERR5996029,Alpha,Delta,B.1.1.7,AY.4,5,16665,23,34,29544,0,5,5
rec_00118,10,recombinant,AlphaxDelta,ERR5963674,ERR5965384,Delta,Alpha,AY.5,B.1.1.7,5,29289,56,2,29532,0,2,2
rec_00119,10,recombinant,AlphaxDelta,ERR5964663,ERR5964611,Alpha,Delta,B.1.1.7,AY.4,5,4596,6,57,29532,0,6,6
rec_00120,10,recombinant,AlphaxDelta,ERR5964876,ERR5989209,Delta,Alpha,AY.4,B.1.1.7,5,17951,24,33,29532,0,5,5
rec_00121,10,recombinant,AlphaxDelta,ERR5989483,ERR5964911,Alpha,Delta,B.1.1.7,AY.4,5,18984,26,34,29532,0,1,1
rec_00122,10,recombinant,AlphaxDelta,ERR5964866,ERR5965140,Alpha,Delta,B.1.1.7,AY.6,5,1071,4,56,29553,459,1,1
rec_00123,10,recombinant,AlphaxDelta,ERR5964950,ERR5964962,Alpha,Delta,B.1.1.7,B.1.617.2,4,20966,28,39,29562,0,6,6
rec_00124,10,recombinant,AlphaxDelta,ERR5989439,ERR5989228,Delta,Alpha,B.1.617.2,B.1.1.7,4,21116,26,31,29553,432,6,6
rec_00125,10,recombinant,AlphaxDelta,ERR5965442,ERR5964866,Delta,Alpha,AY.4,B.1.1.7,5,3859,6,53,29553,0,1,1
rec_00126,10,recombinant,AlphaxDelta,ERR5965544,ERR5965300,Delta,Alpha,AY.4,B.1.1.7,5,3932,6,58,29532,0,5,5
rec_00127,10,recombinant,AlphaxDelta,ERR5965153,ERR5965003,Alpha,Delta,B.1.1.7,AY.4,5,1989,3,59,29532,213,3,3
rec_00128,10,recombinant,AlphaxDelta,ERR5964998,ERR5966786,Delta,Alpha,AY.4,B.1.1.7,5,29500,55,1,29532,146,1,1
rec_00129,10,recombinant,AlphaxDelta,ERR5965272,ERR5964858,Alpha,Delta,B.1.1.7,AY.4,5,16552,22,33,29532,0,1,1
rec_00130,10,recombinant,AlphaxDelta,ERR5965185,ERR5991610,Delta,Alpha,AY.4,B.1.1.7,5,3958,5,53,29532,0,5,5
rec_00131,10,recombinant,AlphaxDelta,ERR5965795,ERR5965764,Delta,Alpha,AY.4,B.1.1.7,5,12468,17,40,29532,0,5,5
rec_00132,10,recombinant,AlphaxDelta,ERR5964060,ERR5965021,Delta,Alpha,AY.8,B.1.1.7,5,8278,12,44,29532,0,2,2
rec_00133,10,recombinant,AlphaxDelta,ERR5964772,ERR5965695,Alpha,Delta,B.1.1.7,AY.4,5,4110,3,50,29532,0,5,5
rec_00134,10,recombinant,AlphaxDelta,ERR5964676,ERR5965765,Delta,Alpha,AY.4,B.1.1.7,5,24906,37,23,29532,0,5,5
rec_00135,10,recombinant,AlphaxDelta,ERR5994263,ERR5965695,Alpha,Delta,B.1.1.7,AY.4,5,4825,5,52,29532,0,4,4
rec_00136,10,recombinant,AlphaxDelta,ERR5995960,ERR5964913,Delta,Alpha,AY.4,B.1.1.7,5,7702,12,50,29532,0,2,2
rec_00137,10,recombinant,AlphaxDelta,ERR5964990,ERR5964481,Delta,Alpha,AY.4,B.1.1.7,5,15722,23,38,29532,0,2,2
rec_00138,10,recombinant,AlphaxDelta,ERR5965631,ERR5965605,Delta,Alpha,AY.4,B.1.1.7,5,21644,26,30,29532,259,7,7
rec_00139,10,recombinant,AlphaxDelta,ERR5965239,ERR5991847,Delta,Alpha,AY.9,B.1.1.7,5,21602,26,31,28829,32,4,4
rec_00140,10,recombinant,AlphaxDelta,ERR5964701,ERR5965213,Alpha,Delta,B.1.1.7,AY.4,5,15407,17,40,29532,0,2,2
rec_00141,10,recombinant,AlphaxDelta,ERR5965126,ERR5996053,Alpha,Delta,B.1.1.7,AY.4,5,10796,13,41,29532,0,5,5
rec_00142,10,recombinant,AlphaxDelta,ERR5989483,ERR5965015,Alpha,Delta,B.1.1.7,B.1.617.2,4,2989,2,56,29532,272,2,2
rec_00143,10,recombinant,AlphaxDelta,ERR5963922,ERR5965273,Delta,Alpha,B.1.617.2,B.1.1.7,4,4936,7,54,29532,0,6,6
rec_00144,10,recombinant,AlphaxDelta,ERR5965248,ERR5990246,Alpha,Delta,B.1.1.7,AY.122,5,28607,57,7,29532,0,6,6
rec_00145,10,recombinant,AlphaxDelta,ERR5965248,ERR5965692,Alpha,Delta,B.1.1.7,AY.4,5,27377,47,17,29532,0,1,1
rec_00146,10,recombinant,AlphaxDelta,ERR5965140,ERR5963646,Delta,Alpha,AY.6,B.1.1.7,5,6476,10,54,29532,0,8,8
rec_00147,10,recombinant,AlphaxDelta,ERR5965764,ERR5964901,Alpha,Delta,B.1.1.7,AY.4,5,19242,24,32,29532,0,4,3
rec_00148,10,recombinant,AlphaxDelta,ERR5965764,ERR6009145,Alpha,Delta,B.1.1.7,AY.4,5,15479,22,34,29532,0,5,5
rec_00149,10,recombinant,AlphaxDelta,ERR5963922,ERR5964663,Delta,Alpha,B.1.617.2,B.1.1.7,4,15979,28,37,29532,0,3,3
rec_00150,10,recombinant,AlphaxDelta,ERR5964745,ERR5989815,Delta,Alpha,AY.4,B.1.1.7,5,3300,4,50,29532,0,6,6
rec_00151,10,recombinant,AlphaxDelta,ERR5963893,ERR5964382,Delta,Alpha,AY.4,B.1.1.7,5,25643,39,22,29532,0,6,6
rec_00152,10,recombinant,AlphaxDelta,ERR5981410,ERR5981488,Alpha,Delta,B.1.1.7,AY.4,5,6247,10,48,29532,272,2,2
rec_00153,10,recombinant,AlphaxDelta,ERR5996060,ERR5964318,Delta,Alpha,AY.4,B.1.1.7,5,6422,9,48,29532,0,6,6
rec_00154,10,recombinant,AlphaxDelta,ERR5965765,ERR5996080,Alpha,Delta,B.1.1.7,AY.4,5,21453,25,34,29532,0,2,2
rec_00155,10,recombinant,AlphaxDelta,ERR5996084,ERR5965273,Delta,Alpha,AY.4,B.1.1.7,5,18717,26,31,29532,0,9,9
rec_00156,10,recombinant,AlphaxDelta,ERR5964876,ERR5965309,Delta,Alpha,AY.4,B.1.1.7,5,17368,24,36,29532,0,1,1
rec_00157,10,recombinant,AlphaxDelta,ERR5964571,ERR5995776,Alpha,Delta,B.1.1.7,AY.4,5,17215,29,33,29532,0,3,3
rec_00158,10,recombinant,AlphaxDelta,ERR5966784,ERR5996019,Alpha,Delta,B.1.1.7,AY.4,5,6021,6,50,29532,0,0,0
rec_00159,10,recombinant,AlphaxDelta,ERR5965715,ERR5965333,Alpha,Delta,B.1.1.7,AY.4,5,22918,34,26,29532,0,3,3
rec_00160,10,recombinant,AlphaxDelta,ERR5965240,ERR5966480,Alpha,Delta,B.1.1.7,AY.4,5,20427,25,31,29532,231,2,2
rec_00161,10,recombinant,AlphaxDelta,ERR5989570,ERR5964612,Alpha,Delta,B.1.1.7,AY.120,5,21688,27,31,29532,0,3,3
rec_00162,10,recombinant,AlphaxDelta,ERR5963646,ERR5964638,Alpha,Delta,B.1.1.7,AY.4,5,22463,35,28,29532,0,2,2
rec_00163,10,recombinant,AlphaxDelta,ERR5964538,ERR5963618,Delta,Alpha,AY.4,B.1.1.7,5,14328,17,39,29532,0,7,7
rec_00164,10,recombinant,AlphaxDelta,ERR5991574,ERR5964997,Alpha,Delta,B.1.1.7,AY.4,5,15627,22,33,29532,0,3,3
rec_00165,10,recombinant,AlphaxDelta,ERR5991873,ERR5965019,Alpha,Delta,B.1.1.7,AY.4,5,3990,5,50,29532,276,8,8
rec_00166,10,recombinant,AlphaxDelta,ERR5965238,ERR5965795,Alpha,Delta,B.1.1.7,AY.4,5,28542,52,8,29533,0,3,3
rec_00167,10,recombinant,AlphaxDelta,ERR5965042,ERR5990141,Delta,Alpha,AY.120,B.1.1.7,5,26301,36,21,29568,273,2,2
rec_00168,10,recombinant,AlphaxDelta,ERR5965581,ERR5996083,Alpha,Delta,B.1.1.7,AY.4,5,8916,13,45,29532,0,1,1
rec_00169,10,recombinant,AlphaxDelta,ERR5964672,ERR5989615,Delta,Alpha,AY.5,B.1.1.7,5,23029,26,27,29532,116,0,0
rec_00170,10,recombinant,AlphaxDelta,ERR5981429,ERR5990022,Delta,Alpha,AY.4,B.1.1.7,5,29222,58,2,29532,182,6,6
rec_00171,10,recombinant,AlphaxDelta,ERR5994346,ERR6062051,Delta,Alpha,AY.4,B.1.1.7,5,12322,18,37,29532,434,5,5
rec_00172,10,recombinant,AlphaxDelta,ERR5965160,ERR5966478,Alpha,Delta,B.1.1.7,AY.4,5,16536,26,34,29538,272,3,3
rec_00173,10,recombinant,AlphaxDelta,ERR5992159,ERR5996025,Alpha,Delta,B.1.1.7,AY.4,5,22152,35,28,29532,0,3,3
rec_00174,10,recombinant,AlphaxDelta,ERR5965298,ERR5964175,Delta,Alpha,AY.4,B.1.1.7,5,5092,5,48,29532,0,5,5
rec_00175,10,recombinant,AlphaxDelta,ERR5991873,ERR5996077,Alpha,Delta,B.1.1.7,B.1.617.2,4,3364,7,51,29562,0,6,6
rec_00176,10,recombinant,AlphaxDelta,ERR5964960,ERR5964175,Delta,Alpha,AY.4,B.1.1.7,5,21920,27,27,29532,162,2,2
rec_00177,10,recombinant,AlphaxDelta,ERR5989228,ERR5994140,Alpha,Delta,B.1.1.7,AY.4,5,24872,37,20,29553,196,3,2
rec_00178,10,recombinant,AlphaxDelta,ERR5965208,ERR5964743,Delta,Alpha,AY.4,B.1.1.7,5,23020,33,26,29532,603,2,2
rec_00179,10,recombinant,AlphaxDelta,ERR5990787,ERR5963625,Alpha,Delta,B.1.1.7,AY.4,5,12274,17,38,29532,231,2,2
rec_00180,10,recombinant,AlphaxDelta,ERR5965134,ERR5989515,Delta,Alpha,AY.4,B.1.1.7,5,3175,2,54,29532,0,7,7
rec_00181,10,recombinant,AlphaxDelta,ERR5965250,ERR5996025,Alpha,Delta,B.1.1.7,AY.4,5,18453,22,32,29532,0,1,1
rec_00182,10,recombinant,AlphaxDelta,ERR5965250,ERR5963700,Alpha,Delta,B.1.1.7,AY.5,5,13496,16,36,29532,231,4,4
rec_00183,10,recombinant,AlphaxDelta,ERR5965764,ERR5964354,Alpha,Delta,B.1.1.7,AY.10,5,4170,5,52,29532,0,2,2
rec_00184,10,recombinant,AlphaxDelta,ERR5964960,ERR5964934,Delta,Alpha,AY.4,B.1.1.7,5,10231,18,40,29532,0,1,1
rec_00185,10,recombinant,AlphaxDelta,ERR5963782,ERR5991936,Delta,Alpha,AY.5,B.1.1.7,5,10051,14,41,29544,0,6,6
rec_00186,10,recombinant,AlphaxDelta,ERR5963646,ERR5965097,Alpha,Delta,B.1.1.7,AY.4,5,27971,48,14,29532,0,1,1
rec_00187,10,recombinant,AlphaxDelta,ERR5981488,ERR5991149,Delta,Alpha,AY.4,B.1.1.7,5,9909,14,48,29532,36,3,3
rec_00188,10,recombinant,AlphaxDelta,ERR5989483,ERR5963674,Alpha,Delta,B.1.1.7,AY.5,5,15855,23,36,29532,0,3,3
rec_00189,10,recombinant,AlphaxDelta,ERR5965442,ERR5964958,Delta,Alpha,AY.4,B.1.1.7,5,10883,16,45,29532,1,3,3
rec_00190,10,recombinant,AlphaxDelta,ERR5965240,ERR5964990,Alpha,Delta,B.1.1.7,AY.4,5,28332,48,8,29532,0,1,1
rec_00191,10,recombinant,AlphaxDelta,ERR5965269,ERR5964612,Alpha,Delta,B.1.1.7,AY.120,5,4543,4,59,29532,0,4,4
rec_00192,10,recombinant,AlphaxDelta,ERR5989439,ERR5964768,Delta,Alpha,B.1.617.2,B.1.1.7,4,6345,10,44,29532,0,3,3
rec_00193,10,recombinant,AlphaxDelta,ERR5989615,ERR5964119,Alpha,Delta,B.1.1.7,AY.5,5,11437,19,34,29532,272,3,3
rec_00194,10,recombinant,AlphaxDelta,ERR6136344,ERR5965128,Delta,Alpha,AY.4,B.1.1.7,5,9721,19,45,29579,0,2,2
rec_00195,10,recombinant,AlphaxDelta,ERR5996019,ERR5995822,Delta,Alpha,AY.4,B.1.1.7,5,28884,52,4,29532,0,4,4
rec_00196,10,recombinant,AlphaxDelta,ERR5965631,ERR5991287,Delta,Alpha,AY.4,B.1.1.7,5,5740,6,54,29532,0,2,2
rec_00197,10,recombinant,AlphaxDelta,ERR5965095,ERR5992159,Delta,Alpha,AY.4,B.1.1.7,5,24335,42,22,29532,0,6,6
rec_00198,10,recombinant,AlphaxDelta,ERR5965295,ERR5966464,Alpha,Delta,B.1.1.7,AY.4,5,4725,4,52,29532,0,3,3
rec_00199,10,recombinant,AlphaxDelta,ERR5965516,ERR5965617,Delta,Alpha,AY.4,B.1.1.7,5,16723,22,34,29532,0,3,3
rec_00200,10,recombinant,AlphaxDelta,ERR5994263,ERR5964899,Alpha,Delta,B.1.1.7,AY.4,5,23672,33,24,29532,0,6,6
rec_00201,10,recombinant,AlphaxDelta,ERR5964899,ERR5965350,Delta,Alpha,AY.4,B.1.1.7,5,19032,21,34,29532,0,8,8
rec_00202,10,recombinant,AlphaxDelta,ERR5964921,ERR5995931,Alpha,Delta,B.1.1.7,AY.4,5,27545,40,17,28829,253,3,3
rec_00203,10,recombinant,AlphaxDelta,ERR5964956,ERR5964326,Alpha,Delta,B.1.1.7,AY.4,5,22476,35,31,29532,0,1,1
rec_00204,10,recombinant,AlphaxDelta,ERR5981488,ERR5963618,Delta,Alpha,AY.4,B.1.1.7,5,8506,11,45,29532,0,5,5
rec_00205,10,recombinant,AlphaxDelta,ERR5965273,ERR5996060,Alpha,Delta,B.1.1.7,AY.4,5,23773,35,22,29532,0,5,5
rec_00206,10,recombinant,AlphaxDelta,ERR5965240,ERR5995933,Alpha,Delta,B.1.1.7,AY.4,5,18883,23,32,29532,0,3,3
rec_00207,10,recombinant,AlphaxDelta,ERR5965258,ERR5996029,Alpha,Delta,B.1.1.7,AY.4,5,19337,22,34,29532,0,7,7
rec_00208,10,recombinant,AlphaxDelta,ERR5964876,ERR5989657,Delta,Alpha,AY.4,B.1.1.7,5,13828,18,38,29532,0,2,2
rec_00209,10,recombinant,AlphaxDelta,ERR5963922,ERR5965174,Delta,Alpha,B.1.617.2,B.1.1.7,4,2362,3,61,29532,0,4,4
rec_00210,10,recombinant,AlphaxDelta,ERR5964638,ERR5964175,Delta,Alpha,AY.4,B.1.1.7,5,10332,14,39,29532,0,3,3
rec_00211,10,recombinant,AlphaxDelta,ERR5989358,ERR5965516,Alpha,Delta,B.1.1.7,AY.4,5,29334,54,2,29532,440,2,2
rec_00212,10,recombinant,AlphaxDelta,ERR5989228,ERR6883067,Alpha,Delta,B.1.1.7,AY.10,5,13477,22,35,29553,207,3,3
rec_00213,10,recombinant,AlphaxDelta,ERR5965475,ERR5965350,Delta,Alpha,AY.4,B.1.1.7,5,8363,12,45,29602,0,2,2
rec_00214,10,recombinant,AlphaxDelta,ERR5965185,ERR5965350,Delta,Alpha,AY.4,B.1.1.7,5,19701,23,33,29532,0,6,6
rec_00215,10,recombinant,AlphaxDelta,ERR5965356,ERR5964544,Alpha,Delta,B.1.1.7,AY.98,5,21311,26,32,29532,0,5,5
rec_00216,10,recombinant,AlphaxDelta,ERR5994140,ERR5965273,Delta,Alpha,AY.4,B.1.1.7,5,12116,19,39,29532,0,2,2
rec_00217,10,recombinant,AlphaxDelta,ERR5964993,ERR5989657,Delta,Alpha,AY.4,B.1.1.7,5,17622,24,33,29532,0,6,6
rec_00218,10,recombinant,AlphaxDelta,ERR5965600,ERR5965444,Delta,Alpha,AY.4,B.1.1.7,5,12601,18,41,29550,0,2,2
rec_00219,10,recombinant,AlphaxDelta,ERR5965208,ERR5965617,Delta,Alpha,AY.4,B.1.1.7,5,20780,26,30,29532,0,2,2
rec_00220,10,recombinant,AlphaxDelta,ERR5964838,ERR5965019,Alpha,Delta,B.1.1.7,AY.4,5,3926,4,53,29532,276,4,4
rec_00221,10,recombinant,AlphaxDelta,ERR5964688,ERR5996082,Alpha,Delta,B.1.1.7,AY.4,5,4088,5,52,29532,0,6,6
rec_00222,10,recombinant,AlphaxDelta,ERR5963922,ERR5964600,Delta,Alpha,B.1.617.2,B.1.1.7,4,794,2,63,29532,0,2,2
rec_00223,10,recombinant,AlphaxDelta,ERR5989598,ERR5965692,Alpha,Delta,B.1.1.7,AY.4,5,5007,6,50,29532,0,2,2
rec_00224,10,recombinant,AlphaxDelta,ERR5996088,ERR5965350,Delta,Alpha,AY.4,B.1.1.7,5,7495,10,47,29532,0,2,2
rec_00225,10,recombinant,AlphaxDelta,ERR5964998,ERR5965240,Delta,Alpha,AY.4,B.1.1.7,5,25938,37,18,29532,146,6,6
rec_00226,10,recombinant,AlphaxDelta,ERR5963618,ERR5965474,Alpha,Delta,B.1.1.7,AY.4,5,8583,11,44,29532,0,5,5
rec_00227,10,recombinant,AlphaxDelta,ERR5995908,ERR5965384,Delta,Alpha,AY.4,B.1.1.7,5,22110,31,29,29532,0,9,9
rec_00228,10,recombinant,AlphaxDelta,ERR5965692,ERR5965229,Delta,Alpha,AY.4,B.1.1.7,5,20924,27,34,29532,0,3,3
rec_00229,10,recombinant,AlphaxDelta,ERR5965477,ERR5990022,Delta,Alpha,AY.4,B.1.1.7,5,22227,33,27,29532,0,4,4
rec_00230,10,recombinant,AlphaxDelta,ERR5964897,ERR5989826,Delta,Alpha,AY.4,B.1.1.7,5,9675,14,45,29532,0,4,4
rec_00231,10,recombinant,AlphaxDelta,ERR5965583,ERR5991738,Delta,Alpha,AY.4,B.1.1.7,5,13216,19,40,29532,0,2,2
rec_00232,10,recombinant,AlphaxDelta,ERR5972503,ERR6009113,Alpha,Delta,B.1.1.7,AY.4,5,11889,16,39,29192,1,4,4
rec_00233,10,recombinant,AlphaxDelta,ERR5964399,ERR5990022,Delta,Alpha,AY.4,B.1.1.7,5,10924,17,44,29550,0,3,3
rec_00234,10,recombinant,AlphaxDelta,ERR5964938,ERR5989228,Delta,Alpha,AY.4,B.1.1.7,5,25427,38,19,29553,508,7,7
rec_00235,10,recombinant,AlphaxDelta,ERR5965717,ERR6009113,Alpha,Delta,B.1.1.7,AY.4,5,21020,24,36,29532,0,6,6
rec_00236,10,recombinant,AlphaxDelta,ERR5996057,ERR5992159,Delta,Alpha,AY.4,B.1.1.7,5,10077,23,43,29532,0,0,0
rec_00237,10,recombinant,AlphaxDelta,ERR5991738,ERR5995908,Alpha,Delta,B.1.1.7,AY.4,5,28397,52,8,29532,0,4,4
rec_00238,10,recombinant,AlphaxDelta,ERR5965213,ERR5990800,Delta,Alpha,AY.4,B.1.1.7,5,29114,55,3,28829,0,5,5
rec_00239,10,recombinant,AlphaxDelta,ERR5995971,ERR5991965,Delta,Alpha,AY.4,B.1.1.7,5,7097,10,49,29532,0,3,3
rec_00240,10,recombinant,AlphaxDelta,ERR5991965,ERR5996084,Alpha,Delta,B.1.1.7,AY.4,5,13690,17,40,29532,0,1,1
rec_00241,10,recombinant,AlphaxDelta,ERR5990787,ERR5965819,Alpha,Delta,B.1.1.7,AY.5,5,18928,24,31,29532,0,6,6
rec_00242,10,recombinant,AlphaxDelta,ERR5964956,ERR5964889,Alpha,Delta,B.1.1.7,AY.4,5,17515,26,41,29532,0,2,2
rec_00243,10,recombinant,AlphaxDelta,ERR5965568,ERR5964376,Alpha,Delta,B.1.1.7,AY.4,5,19626,25,31,29532,0,2,2
rec_00244,10,recombinant,AlphaxDelta,ERR5965148,ERR5965309,Delta,Alpha,AY.4,B.1.1.7,5,5163,5,58,29532,0,2,2
rec_00245,10,recombinant,AlphaxDelta,ERR5965126,ERR5966300,Alpha,Delta,B.1.1.7,AY.4,5,13632,15,40,29532,272,4,4
rec_00246,10,recombinant,AlphaxDelta,ERR5995903,ERR5965300,Delta,Alpha,AY.4,B.1.1.7,5,4296,7,60,29532,0,2,2
rec_00247,10,recombinant,AlphaxDelta,ERR5965678,ERR5989209,Delta,Alpha,AY.4,B.1.1.7,5,3617,3,55,29532,0,5,5
rec_00248,10,recombinant,AlphaxDelta,ERR5965333,ERR5965568,Delta,Alpha,AY.4,B.1.1.7,5,5898,6,51,29532,0,1,1
rec_00249,10,recombinant,AlphaxDelta,ERR5989570,ERR5964066,Alpha,Delta,B.1.1.7,AY.8,5,12055,15,40,29532,109,2,2
rec_00250,10,recombinant,AlphaxDelta,ERR5964891,ERR5964956,Delta,Alpha,AY.4,B.1.1.7,5,29176,61,2,29532,198,5,5
rec_00251,10,recombinant,AlphaxDelta,ERR5990800,ERR5965095,Alpha,Delta,B.1.1.7,AY.4,5,17882,26,33,28829,75,5,4
rec_00252,10,recombinant,AlphaxDelta,ERR5964921,ERR5964997,Alpha,Delta,B.1.1.7,AY.4,5,26342,38,20,29532,253,1,1
rec_00253,10,recombinant,AlphaxDelta,ERR5963674,ERR5989209,Delta,Alpha,AY.5,B.1.1.7,5,21204,25,32,29532,0,2,1
rec_00254,10,recombinant,AlphaxDelta,ERR5965269,ERR5996077,Alpha,Delta,B.1.1.7,B.1.617.2,4,12730,15,50,29562,0,3,3
rec_00255,10,recombinant,AlphaxDelta,ERR5965289,ERR5965414,Delta,Alpha,AY.8,B.1.1.7,5,8925,15,43,29532,0,1,1
rec_00256,10,recombinant,AlphaxDelta,ERR5996089,ERR5965128,Delta,Alpha,AY.4,B.1.1.7,5,29554,64,2,29579,0,2,2
rec_00257,10,recombinant,AlphaxDelta,ERR5964119,ERR5989483,Delta,Alpha,AY.5,B.1.1.7,5,3340,3,56,29532,0,6,6
rec_00258,10,recombinant,AlphaxDelta,ERR5965795,ERR5966786,Delta,Alpha,AY.4,B.1.1.7,5,29053,54,2,29532,231,1,1
rec_00259,10,recombinant,AlphaxDelta,ERR5965145,ERR5964889,Alpha,Delta,B.1.1.7,AY.4,5,5462,8,51,29532,0,6,6
rec_00260,10,recombinant,AlphaxDelta,ERR5989322,ERR5994140,Alpha,Delta,B.1.1.7,AY.4,5,20064,26,31,29532,133,4,4
rec_00261,10,recombinant,AlphaxDelta,ERR5964688,ERR5995933,Alpha,Delta,B.1.1.7,AY.4,5,20327,27,30,29532,0,3,3
rec_00262,10,recombinant,AlphaxDelta,ERR5964574,ERR5990800,Delta,Alpha,AY.4,B.1.1.7,5,12926,20,38,28829,1,3,3
rec_00263,10,recombinant,AlphaxDelta,ERR5965300,ERR5995993,Alpha,Delta,B.1.1.7,B.1.617.2,4,21331,33,34,29562,0,4,4
rec_00264,10,recombinant,AlphaxDelta,ERR5989598,ERR5966478,Alpha,Delta,B.1.1.7,AY.4,5,26583,37,18,29532,0,3,3
rec_00265,10,recombinant,AlphaxDelta,ERR5965309,ERR5965530,Alpha,Delta,B.1.1.7,AY.4,5,27254,46,17,29532,0,4,4
rec_00266,10,recombinant,AlphaxDelta,ERR5965353,ERR5966480,Alpha,Delta,B.1.1.7,AY.4,5,15966,24,36,29553,373,4,4
rec_00267,10,recombinant,AlphaxDelta,ERR5995843,ERR5963777,Alpha,Delta,B.1.1.7,AY.9,5,6905,13,43,29532,231,1,1
rec_00268,10,recombinant,AlphaxDelta,ERR5965128,ERR5964960,Alpha,Delta,B.1.1.7,AY.4,5,23123,36,28,29579,0,3,3
rec_00269,10,recombinant,AlphaxDelta,ERR5965551,ERR5965236,Alpha,Delta,B.1.1.7,AY.8,5,22264,28,32,29534,0,3,3
rec_00270,10,recombinant,AlphaxDelta,ERR5965452,ERR5996016,Alpha,Delta,B.1.1.7,AY.4,5,4548,5,56,29532,0,2,2
rec_00271,10,recombinant,AlphaxDelta,ERR5965239,ERR5965452,Delta,Alpha,AY.9,B.1.1.7,5,16546,22,33,29532,0,2,2
rec_00272,10,recombinant,AlphaxDelta,ERR6009113,ERR5965238,Delta,Alpha,AY.4,B.1.1.7,5,2950,3,58,29533,0,4,4
rec_00273,10,recombinant,AlphaxDelta,ERR5965229,ERR5965699,Alpha,Delta,B.1.1.7,AY.4,5,17562,24,37,29532,214,2,2
rec_00274,10,recombinant,AlphaxDelta,ERR5964897,ERR5991574,Delta,Alpha,AY.4,B.1.1.7,5,15100,21,36,29532,491,4,4
rec_00275,10,recombinant,AlphaxDelta,ERR5964691,ERR5995822,Delta,Alpha,AY.5,B.1.1.7,5,9341,14,42,29532,0,4,4
rec_00276,10,recombinant,AlphaxDelta,ERR5965715,ERR5996084,Alpha,Delta,B.1.1.7,AY.4,5,6364,9,50,29532,0,3,3
rec_00277,10,recombinant,AlphaxDelta,ERR5964399,ERR5966786,Delta,Alpha,AY.4,B.1.1.7,5,22661,28,29,29550,0,9,9
rec_00278,10,recombinant,AlphaxDelta,ERR5993403,ERR5989439,Alpha,Delta,B.1.1.7,B.1.617.2,4,5389,10,53,29532,0,10,10
rec_00279,10,recombinant,AlphaxDelta,ERR5963700,ERR5991738,Delta,Alpha,AY.5,B.1.1.7,5,20858,26,30,29532,0,3,3
rec_00280,10,recombinant,AlphaxDelta,ERR5965266,ERR6883067,Alpha,Delta,B.1.1.7,AY.10,5,19511,28,31,29532,203,4,4
rec_00281,10,recombinant,AlphaxDelta,ERR5965038,ERR5965333,Alpha,Delta,B.1.1.7,AY.4,5,5634,6,51,29532,0,4,4
rec_00282,10,recombinant,AlphaxDelta,ERR5965530,ERR5989051,Delta,Alpha,AY.4,B.1.1.7,5,25988,41,21,29532,0,3,3
rec_00283,10,recombinant,AlphaxDelta,ERR5989538,ERR5964376,Alpha,Delta,B.1.1.7,AY.4,5,14184,18,39,29532,0,6,6
rec_00284,10,recombinant,AlphaxDelta,ERR5991287,ERR5964897,Alpha,Delta,B.1.1.7,AY.4,5,21908,29,33,29532,81,3,3
rec_00285,10,recombinant,AlphaxDelta,ERR5965475,ERR5964481,Delta,Alpha,AY.4,B.1.1.7,5,11506,20,41,29602,0,4,4
rec_00286,10,recombinant,AlphaxDelta,ERR5964574,ERR5995822,Delta,Alpha,AY.4,B.1.1.7,5,995,2,54,29532,0,3,3
rec_00287,10,recombinant,AlphaxDelta,ERR5966784,ERR5995776,Alpha,Delta,B.1.1.7,AY.4,5,11197,14,44,29532,0,5,5
rec_00288,10,recombinant,AlphaxDelta,ERR5981439,ERR5964935,Alpha,Delta,B.1.1.7,AY.4,5,12574,20,39,29532,181,1,1
rec_00289,10,recombinant,AlphaxDelta,ERR5965147,ERR5964720,Delta,Alpha,AY.4,B.1.1.7,5,10452,22,44,29683,0,2,2
rec_00290,10,recombinant,AlphaxDelta,ERR5965668,ERR5964805,Alpha,Delta,B.1.1.7,AY.4,5,8205,14,47,29532,231,4,4
rec_00291,10,recombinant,AlphaxDelta,ERR5989439,ERR5963745,Delta,Alpha,B.1.617.2,B.1.1.7,4,13514,17,37,29532,0,4,4
rec_00292,10,recombinant,AlphaxDelta,ERR5981701,ERR5989228,Delta,Alpha,AY.4,B.1.1.7,5,2142,3,54,29553,432,8,8
rec_00293,10,recombinant,AlphaxDelta,ERR5964571,ERR5995931,Alpha,Delta,B.1.1.7,AY.4,5,18157,28,32,28829,0,3,3
rec_00294,10,recombinant,AlphaxDelta,ERR5965604,ERR5964933,Delta,Alpha,AY.4,B.1.1.7,5,5289,7,52,29532,0,2,2
rec_00295,10,recombinant,AlphaxDelta,ERR5965795,ERR5964880,Delta,Alpha,AY.4,B.1.1.7,5,24723,35,23,29532,231,3,3
rec_00296,10,recombinant,AlphaxDelta,ERR5964997,ERR5963804,Delta,Alpha,AY.4,B.1.1.7,5,1967,3,54,29532,285,2,2
rec_00297,10,recombinant,AlphaxDelta,ERR5963804,ERR5965477,Alpha,Delta,B.1.1.7,AY.4,5,13910,18,38,29532,285,4,4
rec_00298,10,recombinant,AlphaxDelta,ERR5995999,ERR5989570,Delta,Alpha,AY.4,B.1.1.7,5,6533,10,48,29532,0,3,3
rec_00299,10,recombinant,AlphaxDelta,ERR5965761,ERR5996081,Alpha,Delta,B.1.1.7,AY.4,5,3301,3,55,29532,141,6,6
rec_00300,10,recombinant,AlphaxDelta,ERR5989322,ERR5964890,Alpha,Delta,B.1.1.7,AY.4,5,4188,4,52,29532,0,5,5
rec_00301,10,recombinant,AlphaxDelta,ERR5964990,ERR5964866,Delta,Alpha,AY.4,B.1.1.7,5,10350,18,42,29553,0,5,5
rec_00302,10,recombinant,AlphaxDelta,ERR5965356,ERR5989016,Alpha,Delta,B.1.1.7,AY.8,5,10764,13,43,29532,46,2,2
rec_00303,10,recombinant,AlphaxDelta,ERR5965272,ERR5965678,Alpha,Delta,B.1.1.7,AY.4,5,12575,18,38,29532,231,3,3
rec_00304,10,recombinant,AlphaxDelta,ERR5996081,ERR5964743,Delta,Alpha,AY.4,B.1.1.7,5,27665,42,17,29532,171,5,5
rec_00305,10,recombinant,AlphaxDelta,ERR5965350,ERR5965147,Alpha,Delta,B.1.1.7,AY.4,5,1713,2,57,29532,231,7,7
rec_00306,10,recombinant,AlphaxDelta,ERR6136344,ERR5964838,Delta,Alpha,AY.4,B.1.1.7,5,3812,4,54,29532,0,5,5
rec_00307,10,recombinant,AlphaxDelta,ERR5964399,ERR5965350,Delta,Alpha,AY.4,B.1.1.7,5,3266,2,55,29550,0,4,4
rec_00308,10,recombinant,AlphaxDelta,ERR5965148,ERR5964582,Delta,Alpha,AY.4,B.1.1.7,5,29644,59,1,29532,0,2,2
rec_00309,10,recombinant,AlphaxDelta,ERR5990213,ERR5965208,Alpha,Delta,B.1.1.7,AY.4,5,2052,2,53,29544,330,5,5
rec_00310,10,recombinant,AlphaxDelta,ERR5996061,ERR5993403,Delta,Alpha,AY.4,B.1.1.7,5,17246,28,39,29532,0,3,3
rec_00311,10,recombinant,AlphaxDelta,ERR5965213,ERR5964870,Delta,Alpha,AY.4,B.1.1.7,5,23876,36,22,29532,0,6,6
rec_00312,10,recombinant,AlphaxDelta,ERR5965765,ERR5963837,Alpha,Delta,B.1.1.7,AY.5,5,14790,16,42,29532,272,0,0
rec_00313,10,recombinant,AlphaxDelta,ERR5964612,ERR5964950,Delta,Alpha,AY.120,B.1.1.7,5,23992,39,26,29532,0,4,4
rec_00314,10,recombinant,AlphaxDelta,ERR5965631,ERR5964880,Delta,Alpha,AY.4,B.1.1.7,5,3992,3,56,29532,0,2,2
rec_00315,10,recombinant,AlphaxDelta,ERR5991094,ERR5995999,Alpha,Delta,B.1.1.7,AY.4,5,29207,58,2,29532,0,2,2
rec_00316,10,recombinant,AlphaxDelta,ERR5965147,ERR5964743,Delta,Alpha,AY.4,B.1.1.7,5,17615,25,36,29532,331,3,3
rec_00317,10,recombinant,AlphaxDelta,ERR5965153,ERR6009145,Alpha,Delta,B.1.1.7,AY.4,5,13195,22,40,29532,0,3,3
rec_00318,10,recombinant,AlphaxDelta,ERR5964877,ERR6062046,Delta,Alpha,AY.4,B.1.1.7,5,27580,39,17,29532,0,3,3
rec_00319,10,recombinant,AlphaxDelta,ERR5981443,ERR5991610,Delta,Alpha,AY.4,B.1.1.7,5,23037,31,27,29532,231,2,2
rec_00320,10,recombinant,AlphaxDelta,ERR5965444,ERR6008912,Alpha,Delta,B.1.1.7,AY.4,5,16993,23,35,29550,0,2,2
rec_00321,10,recombinant,AlphaxDelta,ERR5964956,ERR5964324,Alpha,Delta,B.1.1.7,AY.4,5,10559,19,45,29532,222,3,3
rec_00322,10,recombinant,AlphaxDelta,ERR5964481,ERR5965446,Alpha,Delta,B.1.1.7,AY.4,5,10421,18,43,29532,0,3,3
rec_00323,10,recombinant,AlphaxDelta,ERR5965390,ERR5965795,Alpha,Delta,B.1.1.7,AY.4,5,9223,17,42,29553,231,3,3
rec_00324,10,recombinant,AlphaxDelta,ERR5989439,ERR5963751,Delta,Alpha,B.1.617.2,B.1.1.7,4,11701,17,43,29532,0,5,5
rec_00325,10,recombinant,AlphaxDelta,ERR5964933,ERR5964937,Alpha,Delta,B.1.1.7,AY.4,5,22601,31,28,29532,0,6,6
rec_00326,10,recombinant,AlphaxDelta,ERR5991847,ERR5989016,Alpha,Delta,B.1.1.7,AY.8,5,24749,38,23,28829,210,5,5
rec_00327,10,recombinant,AlphaxDelta,ERR5964990,ERR5965174,Delta,Alpha,AY.4,B.1.1.7,5,3299,4,57,29532,0,5,5
rec_00328,10,recombinant,AlphaxDelta,ERR5965153,ERR5963922,Alpha,Delta,B.1.1.7,B.1.617.2,4,28134,56,11,29532,0,3,3
rec_00329,10,recombinant,AlphaxDelta,ERR5964637,ERR5965213,Alpha,Delta,B.1.1.7,AY.4,5,27419,38,18,29532,0,4,4
rec_00330,10,recombinant,AlphaxDelta,ERR5964833,ERR5965298,Alpha,Delta,B.1.1.7,AY.4,5,1349,3,54,29532,475,4,4
rec_00331,10,recombinant,AlphaxDelta,ERR5995908,ERR5996051,Delta,Alpha,AY.4,B.1.1.7,5,2669,4,55,29532,0,8,8
rec_00332,10,recombinant,AlphaxDelta,ERR5996016,ERR5970748,Delta,Alpha,AY.4,B.1.1.7,5,25376,38,20,29532,0,9,9
rec_00333,10,recombinant,AlphaxDelta,ERR5991574,ERR5964889,Alpha,Delta,B.1.1.7,AY.4,5,13564,20,37,29532,0,3,3
rec_00334,10,recombinant,AlphaxDelta,ERR5981488,ERR5990800,Delta,Alpha,AY.4,B.1.1.7,5,10448,17,42,28829,1,2,2
rec_00335,10,recombinant,AlphaxDelta,ERR5965185,ERR5972864,Delta,Alpha,AY.4,B.1.1.7,5,25339,38,20,29532,0,3,3
rec_00336,10,recombinant,AlphaxDelta,ERR5996051,ERR5965042,Alpha,Delta,B.1.1.7,AY.120,5,4953,6,50,29532,272,4,4
rec_00337,10,recombinant,AlphaxDelta,ERR5965562,ERR5990141,Delta,Alpha,AY.5,B.1.1.7,5,6527,8,48,29568,220,6,6
rec_00338,10,recombinant,AlphaxDelta,ERR5964060,ERR5990165,Delta,Alpha,AY.8,B.1.1.7,5,28662,50,6,29681,154,3,3
rec_00339,10,recombinant,AlphaxDelta,ERR5964960,ERR5991732,Delta,Alpha,AY.4,B.1.1.7,5,27708,44,17,29532,231,0,0
rec_00340,10,recombinant,AlphaxDelta,ERR5965695,ERR5964833,Delta,Alpha,AY.4,B.1.1.7,5,11269,18,37,29532,0,5,5
rec_00341,10,recombinant,AlphaxDelta,ERR5991610,ERR5964611,Alpha,Delta,B.1.1.7,AY.4,5,15134,20,40,29532,0,4,4
rec_00342,10,recombinant,AlphaxDelta,ERR5965370,ERR5990992,Delta,Alpha,AY.8,B.1.1.7,5,29215,54,2,29532,0,4,4
rec_00343,10,recombinant,AlphaxDelta,ERR5966452,ERR5989322,Delta,Alpha,AY.4,B.1.1.7,5,27821,39,16,29532,272,3,3
rec_00344,10,recombinant,AlphaxDelta,ERR5972864,ERR5964975,Alpha,Delta,B.1.1.7,AY.4,5,3707,4,55,29532,109,2,2
rec_00345,10,recombinant,AlphaxDelta,ERR5964376,ERR5964913,Delta,Alpha,AY.4,B.1.1.7,5,2245,3,57,29532,0,4,4
rec_00346,10,recombinant,AlphaxDelta,ERR5965568,ERR5981443,Alpha,Delta,B.1.1.7,AY.4,5,26031,37,19,29532,0,2,2
rec_00347,10,recombinant,AlphaxDelta,ERR5990800,ERR5965583,Alpha,Delta,B.1.1.7,AY.4,5,15515,24,35,28829,75,1,1
rec_00348,10,recombinant,AlphaxDelta,ERR5964889,ERR5964833,Delta,Alpha,AY.4,B.1.1.7,5,5036,6,54,29532,0,3,3
rec_00349,10,recombinant,AlphaxDelta,ERR5964851,ERR6062046,Delta,Alpha,AY.8,B.1.1.7,5,23556,31,23,29532,0,3,3
rec_00350,10,recombinant,AlphaxDelta,ERR5989538,ERR5965477,Alpha,Delta,B.1.1.7,AY.4,5,13846,18,39,29532,0,6,6
rec_00351,10,recombinant,AlphaxDelta,ERR5996054,ERR5990496,Delta,Alpha,AY.4,B.1.1.7,5,13421,20,45,29532,0,2,2
rec_00352,10,recombinant,AlphaxDelta,ERR5965160,ERR5990112,Alpha,Delta,B.1.1.7,AY.9,5,10370,13,42,29538,0,4,4
rec_00353,10,recombinant,AlphaxDelta,ERR5995843,ERR5964544,Alpha,Delta,B.1.1.7,AY.98,5,6080,11,46,29532,0,3,3
rec_00354,10,recombinant,AlphaxDelta,ERR5965208,ERR5965761,Delta,Alpha,AY.4,B.1.1.7,5,28987,56,3,29532,272,8,8
rec_00355,10,recombinant,AlphaxDelta,ERR5964833,ERR5965236,Alpha,Delta,B.1.1.7,AY.8,5,29471,57,2,29534,0,3,3
rec_00356,10,recombinant,AlphaxDelta,ERR5965191,ERR5965356,Delta,Alpha,AY.4,B.1.1.7,5,12880,18,41,29532,0,0,0
rec_00357,10,recombinant,AlphaxDelta,ERR5965715,ERR5964119,Alpha,Delta,B.1.1.7,AY.5,5,6249,9,50,29532,272,2,2
rec_00358,10,recombinant,AlphaxDelta,ERR5964060,ERR5963804,Delta,Alpha,AY.8,B.1.1.7,5,28523,48,6,29532,154,4,4
rec_00359,10,recombinant,AlphaxDelta,ERR5991574,ERR5965567,Alpha,Delta,B.1.1.7,AY.4,5,16309,23,29,29532,272,3,3
rec_00360,10,recombinant,AlphaxDelta,ERR5964672,ERR5991610,Delta,Alpha,AY.5,B.1.1.7,5,1543,2,55,29532,0,6,6
rec_00361,10,recombinant,AlphaxDelta,ERR5996020,ERR5964913,Delta,Alpha,AY.4,B.1.1.7,5,27132,41,19,29532,0,7,7
rec_00362,10,recombinant,AlphaxDelta,ERR5966786,ERR5981488,Alpha,Delta,B.1.1.7,AY.4,5,24861,35,22,29532,0,8,8
rec_00363,10,recombinant,AlphaxDelta,ERR5989657,ERR5964060,Alpha,Delta,B.1.1.7,AY.8,5,2255,6,48,29532,154,3,3
rec_00364,10,recombinant,AlphaxDelta,ERR5995908,ERR5995956,Delta,Alpha,AY.4,B.1.1.7,5,11942,18,41,29532,0,7,7
rec_00365,10,recombinant,AlphaxDelta,ERR5965266,ERR5963700,Alpha,Delta,B.1.1.7,AY.5,5,5294,6,50,29532,231,2,2
rec_00366,10,recombinant,AlphaxDelta,ERR5963751,ERR5996053,Alpha,Delta,B.1.1.7,AY.4,5,5803,6,54,29532,0,2,2
rec_00367,10,recombinant,AlphaxDelta,ERR5963889,ERR6008912,Alpha,Delta,B.1.1.7,AY.4,5,6114,8,50,29532,0,5,5
rec_00368,10,recombinant,AlphaxDelta,ERR5965795,ERR5964608,Delta,Alpha,AY.4,B.1.1.7,5,21108,28,32,29553,0,1,1
rec_00369,10,recombinant,AlphaxDelta,ERR5964975,ERR5991307,Delta,Alpha,AY.4,B.1.1.7,5,18494,28,31,29532,1,3,3
rec_00370,10,recombinant,AlphaxDelta,ERR5966464,ERR5971148,Delta,Alpha,AY.4,B.1.1.7,5,3959,4,54,29532,299,2,2
rec_00371,10,recombinant,AlphaxDelta,ERR5964672,ERR5965229,Delta,Alpha,AY.5,B.1.1.7,5,11671,17,42,29532,0,3,3
rec_00372,10,recombinant,AlphaxDelta,ERR6009113,ERR5990496,Delta,Alpha,AY.4,B.1.1.7,5,28910,58,4,29532,0,5,5
rec_00373,10,recombinant,AlphaxDelta,ERR5996020,ERR5995937,Delta,Alpha,AY.4,B.1.1.7,5,13697,19,38,29532,0,3,3
rec_00374,10,recombinant,AlphaxDelta,ERR5964341,ERR5965474,Alpha,Delta,B.1.1.7,AY.4,5,10845,21,44,29602,0,3,3
rec_00375,10,recombinant,AlphaxDelta,ERR5989209,ERR5996086,Alpha,Delta,B.1.1.7,AY.4,5,21587,25,32,29532,0,3,3
rec_00376,10,recombinant,AlphaxDelta,ERR5964890,ERR5989657,Delta,Alpha,AY.4,B.1.1.7,5,13384,18,38,29532,0,4,4
rec_00377,10,recombinant,AlphaxDelta,ERR5964801,ERR5990022,Delta,Alpha,AY.4,B.1.1.7,5,2773,4,56,29532,0,6,6
rec_00378,10,recombinant,AlphaxDelta,ERR5965126,ERR5965140,Alpha,Delta,B.1.1.7,AY.6,5,6289,7,48,29532,459,1,1
rec_00379,10,recombinant,AlphaxDelta,ERR5965148,ERR5991094,Delta,Alpha,AY.4,B.1.1.7,5,11537,20,42,29532,0,5,5
rec_00380,10,recombinant,AlphaxDelta,ERR5965583,ERR5964382,Delta,Alpha,AY.4,B.1.1.7,5,29069,59,2,29532,0,2,2
rec_00381,10,recombinant,AlphaxDelta,ERR5996051,ERR5963777,Alpha,Delta,B.1.1.7,AY.9,5,10704,15,40,29532,231,6,6
rec_00382,10,recombinant,AlphaxDelta,ERR5965258,ERR5964993,Alpha,Delta,B.1.1.7,AY.4,5,5973,5,52,29532,0,2,2
rec_00383,10,recombinant,AlphaxDelta,ERR5990246,ERR5965038,Delta,Alpha,AY.122,B.1.1.7,5,7913,12,45,29532,0,3,3
rec_00384,10,recombinant,AlphaxDelta,ERR5964060,ERR5981410,Delta,Alpha,AY.8,B.1.1.7,5,6172,10,43,29532,0,4,4
rec_00385,10,recombinant,AlphaxDelta,ERR5996050,ERR5989538,Delta,Alpha,AY.4,B.1.1.7,5,19462,26,31,29532,0,4,4
rec_00386,10,recombinant,AlphaxDelta,ERR5996050,ERR5964608,Delta,Alpha,AY.4,B.1.1.7,5,10471,18,42,29553,0,6,6
rec_00387,10,recombinant,AlphaxDelta,ERR5964880,ERR5966478,Alpha,Delta,B.1.1.7,AY.4,5,12235,18,40,29532,272,5,5
rec_00388,10,recombinant,AlphaxDelta,ERR5965201,ERR5996015,Delta,Alpha,AY.8,B.1.1.7,5,11383,12,41,29532,0,4,4
rec_00389,10,recombinant,AlphaxDelta,ERR5965134,ERR5965427,Delta,Alpha,AY.4,B.1.1.7,5,12723,21,41,29579,0,2,2
rec_00390,10,recombinant,AlphaxDelta,ERR5965021,ERR5964990,Alpha,Delta,B.1.1.7,AY.4,5,19501,27,32,29532,0,4,4
rec_00391,10,recombinant,AlphaxDelta,ERR5989439,ERR5964958,Delta,Alpha,B.1.617.2,B.1.1.7,4,24072,37,24,29532,1,10,9
rec_00392,10,recombinant,AlphaxDelta,ERR5995960,ERR6064437,Delta,Alpha,AY.4,B.1.1.7,5,5198,5,55,29532,194,2,2
rec_00393,10,recombinant,AlphaxDelta,ERR5996020,ERR5991732,Delta,Alpha,AY.4,B.1.1.7,5,24491,34,26,29532,0,1,1
rec_00394,10,recombinant,AlphaxDelta,ERR5965581,ERR5963837,Alpha,Delta,B.1.1.7,AY.5,5,15554,21,35,29532,517,2,2
rec_00395,10,recombinant,AlphaxDelta,ERR5965015,ERR5964958,Delta,Alpha,B.1.617.2,B.1.1.7,4,8388,11,49,29532,1,2,2
rec_00396,10,recombinant,AlphaxDelta,ERR5995986,ERR5966805,Alpha,Delta,B.1.1.7,AY.4,5,14325,18,38,29532,206,4,4
rec_00397,10,recombinant,AlphaxDelta,ERR5991307,ERR5996019,Alpha,Delta,B.1.1.7,AY.4,5,21885,30,28,29532,0,4,4
rec_00398,10,recombinant,AlphaxDelta,ERR5965377,ERR5963782,Alpha,Delta,B.1.1.7,AY.5,5,19040,22,32,29532,272,5,5
rec_00399,10,recombinant,AlphaxDelta,ERR5965174,ERR5966803,Alpha,Delta,B.1.1.7,B.1.617.2,4,704,2,57,29550,0,0,0
rec_00400,10,recombinant,AlphaxDelta,ERR5964638,ERR5965568,Delta,Alpha,AY.4,B.1.1.7,5,14255,17,39,29532,0,6,6
rec_00401,10,recombinant,AlphaxDelta,ERR5981410,ERR5965442,Alpha,Delta,B.1.1.7,AY.4,5,21463,27,30,29532,0,6,6
rec_00402,10,recombinant,AlphaxDelta,ERR5965236,ERR6064437,Delta,Alpha,AY.8,B.1.1.7,5,12856,16,44,29534,194,4,4
rec_00403,10,recombinant,AlphaxDelta,ERR5995999,ERR5965717,Delta,Alpha,AY.4,B.1.1.7,5,22965,30,30,29532,0,2,2
rec_00404,10,recombinant,AlphaxDelta,ERR5971148,ERR5964877,Alpha,Delta,B.1.1.7,AY.4,5,19776,24,32,29532,298,4,4
rec_00405,10,recombinant,AlphaxDelta,ERR5996054,ERR5964768,Delta,Alpha,AY.4,B.1.1.7,5,21028,26,32,29532,0,7,7
rec_00406,10,recombinant,AlphaxDelta,ERR5972864,ERR5964900,Alpha,Delta,B.1.1.7,AY.4,5,24194,38,22,29532,0,3,3
rec_00407,10,recombinant,AlphaxDelta,ERR5964875,ERR5964663,Delta,Alpha,B.1.617.2,B.1.1.7,4,14692,19,44,29562,0,5,5
rec_00408,10,recombinant,AlphaxDelta,ERR5964341,ERR5965695,Alpha,Delta,B.1.1.7,AY.4,5,22200,32,31,29602,0,3,3
rec_00409,10,recombinant,AlphaxDelta,ERR5991610,ERR5965692,Alpha,Delta,B.1.1.7,AY.4,5,11254,17,42,29532,0,3,2
rec_00410,10,recombinant,AlphaxDelta,ERR5996084,ERR5981406,Delta,Alpha,AY.4,B.1.1.7,5,26632,39,20,29532,0,2,2
rec_00411,10,recombinant,AlphaxDelta,ERR5996051,ERR5964851,Alpha,Delta,B.1.1.7,AY.8,5,3156,6,49,29532,0,4,4
rec_00412,10,recombinant,AlphaxDelta,ERR5989051,ERR5964132,Alpha,Delta,B.1.1.7,AY.11,5,6002,10,47,29299,300,1,1
rec_00413,10,recombinant,AlphaxDelta,ERR5965444,ERR5963837,Alpha,Delta,B.1.1.7,AY.5,5,5797,6,51,29550,272,3,3
rec_00414,10,recombinant,AlphaxDelta,ERR5964626,ERR5965321,Delta,Alpha,B.1.617.2,B.1.1.7,4,21124,23,33,29532,0,6,6
rec_00415,10,recombinant,AlphaxDelta,ERR5965350,ERR5965155,Alpha,Delta,B.1.1.7,AY.98,5,23469,29,27,29532,0,5,5
rec_00416,10,recombinant,AlphaxDelta,ERR5963804,ERR5996017,Alpha,Delta,B.1.1.7,AY.4,5,8285,12,47,29532,0,1,1
rec_00417,10,recombinant,AlphaxDelta,ERR5964950,ERR5964975,Alpha,Delta,B.1.1.7,AY.4,5,21092,30,35,29532,109,1,1
rec_00418,10,recombinant,AlphaxDelta,ERR5965822,ERR5970748,Delta,Alpha,AY.4,B.1.1.7,5,2276,2,56,29532,0,3,3
rec_00419,10,recombinant,AlphaxDelta,ERR5963646,ERR5964745,Alpha,Delta,B.1.1.7,AY.4,5,17386,25,38,29532,0,4,4
rec_00420,10,recombinant,AlphaxDelta,ERR5965475,ERR5990213,Delta,Alpha,AY.4,B.1.1.7,5,13415,19,36,29614,269,1,1
rec_00421,10,recombinant,AlphaxDelta,ERR5965474,ERR5963646,Delta,Alpha,AY.4,B.1.1.7,5,10240,15,48,29532,0,1,1
rec_00422,10,recombinant,AlphaxDelta,ERR5965356,ERR5995960,Alpha,Delta,B.1.1.7,AY.4,5,14016,19,42,29532,0,7,7
rec_00423,10,recombinant,AlphaxDelta,ERR5964738,ERR5965289,Alpha,Delta,B.1.1.7,AY.8,5,26772,38,16,29192,0,3,3
rec_00424,10,recombinant,AlphaxDelta,ERR5965350,ERR5964990,Alpha,Delta,B.1.1.7,AY.4,5,8267,11,46,29532,0,1,1
rec_00425,10,recombinant,AlphaxDelta,ERR5963603,ERR5965201,Alpha,Delta,B.1.1.7,AY.8,5,20912,23,30,29532,275,0,0
rec_00426,10,recombinant,AlphaxDelta,ERR5964362,ERR5981429,Alpha,Delta,B.1.1.7,AY.4,5,7180,11,48,29532,182,6,5
rec_00427,10,recombinant,AlphaxDelta,ERR5964899,ERR5966784,Delta,Alpha,AY.4,B.1.1.7,5,10988,13,42,29532,0,7,7
rec_00428,10,recombinant,AlphaxDelta,ERR5964982,ERR5989570,Delta,Alpha,AY.4,B.1.1.7,5,25820,39,19,29532,0,5,5
rec_00429,10,recombinant,AlphaxDelta,ERR5964638,ERR5990022,Delta,Alpha,AY.4,B.1.1.7,5,13236,21,39,29532,0,3,3
rec_00430,10,recombinant,AlphaxDelta,ERR5965544,ERR5964353,Delta,Alpha,AY.4,B.1.1.7,5,23584,35,24,29532,0,4,4
rec_00431,10,recombinant,AlphaxDelta,ERR5991847,ERR5995898,Alpha,Delta,B.1.1.7,AY.4,5,21396,31,32,28829,179,1,1
rec_00432,10,recombinant,AlphaxDelta,ERR5963603,ERR5964638,Alpha,Delta,B.1.1.7,AY.4,5,14809,18,38,29532,275,2,2
rec_00433,10,recombinant,AlphaxDelta,ERR5991873,ERR5981701,Alpha,Delta,B.1.1.7,AY.4,5,22757,26,30,29532,0,3,3
rec_00434,10,recombinant,AlphaxDelta,ERR5996027,ERR5965266,Delta,Alpha,AY.4,B.1.1.7,5,3419,4,54,29532,0,1,1
rec_00435,10,recombinant,AlphaxDelta,ERR5963889,ERR5996053,Alpha,Delta,B.1.1.7,AY.4,5,2239,2,56,29532,0,5,5
rec_00436,10,recombinant,AlphaxDelta,ERR5996025,ERR5965153,Delta,Alpha,AY.4,B.1.1.7,5,25989,44,19,29532,0,3,3
rec_00437,10,recombinant,AlphaxDelta,ERR5996077,ERR5963745,Delta,Alpha,B.1.617.2,B.1.1.7,4,4000,6,51,29562,0,4,4
rec_00438,10,recombinant,AlphaxDelta,ERR5991738,ERR5965442,Alpha,Delta,B.1.1.7,AY.4,5,18116,26,32,29532,0,3,3
rec_00439,10,recombinant,AlphaxDelta,ERR5964877,ERR5965617,Delta,Alpha,AY.4,B.1.1.7,5,29582,54,1,29532,0,3,3
rec_00440,10,recombinant,AlphaxDelta,ERR5965668,ERR5995931,Alpha,Delta,B.1.1.7,AY.4,5,5809,6,52,28829,0,6,6
rec_00441,10,recombinant,AlphaxDelta,ERR5964934,ERR5964899,Alpha,Delta,B.1.1.7,AY.4,5,18797,24,32,29532,245,4,4
rec_00442,10,recombinant,AlphaxDelta,ERR5964864,ERR5964899,Alpha,Delta,B.1.1.7,AY.4,5,24844,34,22,29532,0,2,2
rec_00443,10,recombinant,AlphaxDelta,ERR5965042,ERR5991732,Delta,Alpha,AY.120,B.1.1.7,5,22060,25,34,29532,350,4,4
rec_00444,10,recombinant,AlphaxDelta,ERR5964395,ERR5965765,Delta,Alpha,AY.4,B.1.1.7,5,8028,11,48,29532,0,2,2
rec_00445,10,recombinant,AlphaxDelta,ERR5965049,ERR5965160,Delta,Alpha,AY.120,B.1.1.7,5,9049,16,46,29538,0,4,4
rec_00446,10,recombinant,AlphaxDelta,ERR5965516,ERR5964384,Delta,Alpha,AY.4,B.1.1.7,5,7158,10,49,29532,0,6,6
rec_00447,10,recombinant,AlphaxDelta,ERR5965617,ERR6008912,Alpha,Delta,B.1.1.7,AY.4,5,16798,22,33,29532,0,6,6
rec_00448,10,recombinant,AlphaxDelta,ERR5965418,ERR6883067,Alpha,Delta,B.1.1.7,AY.10,5,12984,21,39,29532,207,3,3
rec_00449,10,recombinant,AlphaxDelta,ERR5991149,ERR5996088,Alpha,Delta,B.1.1.7,AY.4,5,18175,24,38,29532,0,2,2
rec_00450,10,recombinant,AlphaxDelta,ERR5991676,ERR5965699,Alpha,Delta,B.1.1.7,AY.4,5,24873,38,21,29532,0,3,3
rec_00451,10,recombinant,AlphaxDelta,ERR5964778,ERR5981488,Alpha,Delta,B.1.1.7,AY.4,5,17103,20,35,29532,272,5,5
rec_00452,10,recombinant,AlphaxDelta,ERR5965480,ERR5965764,Delta,Alpha,B.1.617.2,B.1.1.7,4,1353,4,55,29562,0,3,3
rec_00453,10,recombinant,AlphaxDelta,ERR5965361,ERR5965583,Alpha,Delta,B.1.1.7,AY.4,5,21730,31,32,29554,0,8,8
rec_00454,10,recombinant,AlphaxDelta,ERR5963719,ERR5965095,Alpha,Delta,B.1.1.7,AY.4,5,11883,18,41,29532,0,5,5
rec_00455,10,recombinant,AlphaxDelta,ERR5996077,ERR5972864,Delta,Alpha,B.1.617.2,B.1.1.7,4,7204,12,49,29562,0,3,3
rec_00456,10,recombinant,AlphaxDelta,ERR5991732,ERR5981701,Alpha,Delta,B.1.1.7,AY.4,5,12320,16,45,29532,272,1,1
rec_00457,10,recombinant,AlphaxDelta,ERR5965295,ERR5965140,Alpha,Delta,B.1.1.7,AY.6,5,15757,18,37,29532,459,2,2
rec_00458,10,recombinant,AlphaxDelta,ERR5965819,ERR5965240,Delta,Alpha,AY.5,B.1.1.7,5,29240,52,2,29532,0,2,2
rec_00459,10,recombinant,AlphaxDelta,ERR5964916,ERR5965208,Alpha,Delta,B.1.1.7,AY.4,5,7372,13,45,29556,272,5,5
rec_00460,10,recombinant,AlphaxDelta,ERR5963869,ERR5965185,Alpha,Delta,B.1.1.7,AY.4,5,21763,34,28,29532,0,4,4
rec_00461,10,recombinant,AlphaxDelta,ERR6008912,ERR5965353,Delta,Alpha,AY.4,B.1.1.7,5,12426,20,39,29553,0,4,4
rec_00462,10,recombinant,AlphaxDelta,ERR5964880,ERR5964395,Alpha,Delta,B.1.1.7,AY.4,5,5685,6,52,29532,0,5,5
rec_00463,10,recombinant,AlphaxDelta,ERR5965300,ERR5964935,Alpha,Delta,B.1.1.7,AY.4,5,5888,10,56,29532,181,5,5
rec_00464,10,recombinant,AlphaxDelta,ERR5996053,ERR5965427,Delta,Alpha,AY.4,B.1.1.7,5,23954,37,25,29579,0,6,6
rec_00465,10,recombinant,AlphaxDelta,ERR5965174,ERR5964920,Alpha,Delta,B.1.1.7,AY.4,5,3712,4,57,29532,121,0,0
rec_00466,10,recombinant,AlphaxDelta,ERR5965495,ERR5964962,Alpha,Delta,B.1.1.7,B.1.617.2,4,28111,50,14,29562,0,5,5
rec_00467,10,recombinant,AlphaxDelta,ERR5966784,ERR5966478,Alpha,Delta,B.1.1.7,AY.4,5,12108,16,40,29532,272,3,3
rec_00468,10,recombinant,AlphaxDelta,ERR5989228,ERR5964897,Alpha,Delta,B.1.1.7,AY.4,5,1227,3,56,29553,231,5,5
rec_00469,10,recombinant,AlphaxDelta,ERR5965235,ERR5964326,Alpha,Delta,B.1.1.7,AY.4,5,13012,20,42,29532,0,4,4
rec_00470,10,recombinant,AlphaxDelta,ERR5964933,ERR5965333,Alpha,Delta,B.1.1.7,AY.4,5,27303,41,18,29532,0,6,6
rec_00471,10,recombinant,AlphaxDelta,ERR5966797,ERR5996015,Delta,Alpha,AY.4,B.1.1.7,5,2351,2,53,29532,0,4,4
rec_00472,10,recombinant,AlphaxDelta,ERR5981406,ERR5965140,Alpha,Delta,B.1.1.7,AY.6,5,25827,38,22,29532,0,3,3
rec_00473,10,recombinant,AlphaxDelta,ERR5965353,ERR5964891,Alpha,Delta,B.1.1.7,AY.4,5,16079,23,35,29553,340,1,1
rec_00474,10,recombinant,AlphaxDelta,ERR5991847,ERR5965134,Alpha,Delta,B.1.1.7,AY.4,5,23424,36,27,28829,210,6,6
rec_00475,10,recombinant,AlphaxDelta,ERR5965147,ERR5989515,Delta,Alpha,AY.4,B.1.1.7,5,29011,57,2,29532,231,4,4
rec_00476,10,recombinant,AlphaxDelta,ERR5965201,ERR5991732,Delta,Alpha,AY.8,B.1.1.7,5,15787,19,38,29532,78,5,5
rec_00477,10,recombinant,AlphaxDelta,ERR5964875,ERR5965452,Delta,Alpha,B.1.617.2,B.1.1.7,4,4977,6,57,29562,0,2,1
rec_00478,10,recombinant,AlphaxDelta,ERR5965350,ERR5964066,Alpha,Delta,B.1.1.7,AY.8,5,3691,5,49,29532,109,5,5
rec_00479,10,recombinant,AlphaxDelta,ERR5964600,ERR5964982,Alpha,Delta,B.1.1.7,AY.4,5,20067,29,33,29532,0,4,4
rec_00480,10,recombinant,AlphaxDelta,ERR5965600,ERR5965717,Delta,Alpha,AY.4,B.1.1.7,5,11879,17,43,29532,0,4,4
rec_00481,10,recombinant,AlphaxDelta,ERR5964399,ERR5965038,Delta,Alpha,AY.4,B.1.1.7,5,23797,33,24,29550,0,1,1
rec_00482,10,recombinant,AlphaxDelta,ERR5966797,ERR5964956,Delta,Alpha,AY.4,B.1.1.7,5,20232,28,34,29532,0,6,6
rec_00483,10,recombinant,AlphaxDelta,ERR5995903,ERR5991732,Delta,Alpha,AY.4,B.1.1.7,5,10161,15,48,29532,78,6,6
rec_00484,10,recombinant,AlphaxDelta,ERR5996053,ERR5964571,Delta,Alpha,AY.4,B.1.1.7,5,21528,28,32,29532,0,4,4
rec_00485,10,recombinant,AlphaxDelta,ERR5996077,ERR5964701,Delta,Alpha,B.1.617.2,B.1.1.7,4,11807,12,48,29562,0,2,2
rec_00486,10,recombinant,AlphaxDelta,ERR5993855,ERR5991287,Delta,Alpha,AY.4,B.1.1.7,5,14207,18,39,29532,0,3,3
rec_00487,10,recombinant,AlphaxDelta,ERR5966478,ERR5965353,Delta,Alpha,AY.4,B.1.1.7,5,17844,27,32,29553,0,5,5
rec_00488,10,recombinant,AlphaxDelta,ERR6009145,ERR5965353,Delta,Alpha,AY.4,B.1.1.7,5,8584,14,44,29553,142,3,2
rec_00489,10,recombinant,AlphaxDelta,ERR5995776,ERR5964950,Delta,Alpha,AY.4,B.1.1.7,5,18227,28,38,29532,0,9,9
rec_00490,10,recombinant,AlphaxDelta,ERR5966803,ERR5964933,Delta,Alpha,B.1.617.2,B.1.1.7,4,9097,13,44,29550,0,2,2
rec_00491,10,recombinant,AlphaxDelta,ERR5996081,ERR5965551,Delta,Alpha,AY.4,B.1.1.7,5,7162,12,46,29532,0,1,1
rec_00492,10,recombinant,AlphaxDelta,ERR5965678,ERR5966784,Delta,Alpha,AY.4,B.1.1.7,5,24710,36,22,29532,231,3,3
rec_00493,10,recombinant,AlphaxDelta,ERR5991873,ERR5964376,Alpha,Delta,B.1.1.7,AY.4,5,27317,38,17,29532,0,4,4
rec_00494,10,recombinant,AlphaxDelta,ERR5964354,ERR5990787,Delta,Alpha,AY.10,B.1.1.7,5,14847,20,34,29532,0,2,2
rec_00495,10,recombinant,AlphaxDelta,ERR5991873,ERR5993855,Alpha,Delta,B.1.1.7,AY.4,5,24375,31,22,29532,0,3,2
rec_00496,10,recombinant,AlphaxDelta,ERR5965553,ERR5966464,Alpha,Delta,B.1.1.7,AY.4,5,11918,17,40,29532,0,3,3
rec_00497,10,recombinant,AlphaxDelta,ERR5996050,ERR5994263,Delta,Alpha,AY.4,B.1.1.7,5,10837,15,43,29532,0,6,6
rec_00498,10,recombinant,AlphaxDelta,ERR5965350,ERR5989016,Alpha,Delta,B.1.1.7,AY.8,5,25803,34,20,29532,0,1,1
rec_00499,10,recombinant,AlphaxDelta,ERR5964901,ERR5971418,Delta,Alpha,AY.4,B.1.1.7,5,9503,12,41,28829,267,4,4
rec_00500,10,recombinant,AlphaxAlpha,ERR5990496,ERR5965761,Alpha,Alpha,B.1.1.7,B.1.1.7,0,23629,10,3,26649,0,5,5
rec_00501,10,recombinant,AlphaxAlpha,ERR5981410,ERR5965004,Alpha,Alpha,B.1.1.7,B.1.1.7,0,12068,9,5,27395,0,6,6
rec_00502,10,recombinant,AlphaxAlpha,ERR5989570,ERR5989815,Alpha,Alpha,B.1.1.7,B.1.1.7,0,20922,8,3,27095,0,4,4
rec_00503,10,recombinant,AlphaxAlpha,ERR5972864,ERR5964934,Alpha,Alpha,B.1.1.7,B.1.1.7,0,26838,11,2,25835,0,4,4
rec_00504,10,recombinant,AlphaxAlpha,ERR5964772,ERR5963745,Alpha,Alpha,B.1.1.7,B.1.1.7,0,5854,1,5,27597,0,3,3
rec_00505,10,recombinant,AlphaxAlpha,ERR5964913,ERR5963719,Alpha,Alpha,B.1.1.7,B.1.1.7,0,2292,2,14,28994,0,5,5
rec_00506,10,recombinant,AlphaxAlpha,ERR5964320,ERR5964608,Alpha,Alpha,B.1.1.7,B.1.1.7,0,4124,3,14,27898,0,3,3
rec_00507,10,recombinant,AlphaxAlpha,ERR5964870,ERR6064437,Alpha,Alpha,B.1.1.7,B.1.1.7,0,21062,10,4,26843,194,5,5
rec_00508,10,recombinant,AlphaxAlpha,ERR5963869,ERR5964720,Alpha,Alpha,B.1.1.7,B.1.1.7,0,5127,9,12,29683,0,2,2
rec_00509,10,recombinant,AlphaxAlpha,ERR5965240,ERR5989358,Alpha,Alpha,B.1.1.7,B.1.1.7,0,6752,4,5,27041,440,1,1
rec_00510,10,recombinant,AlphaxAlpha,ERR5966786,ERR5989826,Alpha,Alpha,B.1.1.7,B.1.1.7,0,28624,9,1,28623,0,2,2
rec_00511,10,recombinant,AlphaxAlpha,ERR5964743,ERR5965240,Alpha,Alpha,B.1.1.7,B.1.1.7,0,15783,3,8,29371,0,3,3
rec_00512,10,recombinant,AlphaxAlpha,ERR5964720,ERR5993403,Alpha,Alpha,B.1.1.7,B.1.1.7,0,23094,20,4,29683,0,4,4
rec_00513,10,recombinant,AlphaxAlpha,ERR5964838,ERR5965764,Alpha,Alpha,B.1.1.7,B.1.1.7,0,10339,5,7,25642,0,7,7
rec_00514,10,recombinant,AlphaxAlpha,ERR5990992,ERR5990800,Alpha,Alpha,B.1.1.7,B.1.1.7,0,21016,12,4,29084,1,1,1
rec_00515,10,recombinant,AlphaxAlpha,ERR5965283,ERR5964320,Alpha,Alpha,B.1.1.7,B.1.1.7,0,8182,2,8,23683,0,4,4
rec_00516,10,recombinant,AlphaxAlpha,ERR5995822,ERR5964384,Alpha,Alpha,B.1.1.7,B.1.1.7,0,24435,7,5,25333,0,3,3
rec_00517,10,recombinant,AlphaxAlpha,ERR5989322,ERR5965258,Alpha,Alpha,B.1.1.7,B.1.1.7,0,22902,4,6,24201,251,2,2
rec_00518,10,recombinant,AlphaxAlpha,ERR5991936,ERR5972503,Alpha,Alpha,B.1.1.7,B.1.1.7,0,12675,2,8,25499,1,4,4
rec_00519,10,recombinant,AlphaxAlpha,ERR5965351,ERR5965717,Alpha,Alpha,B.1.1.7,B.1.1.7,0,26345,9,7,25205,0,6,6
rec_00520,10,recombinant,AlphaxAlpha,ERR5990165,ERR5990213,Alpha,Alpha,B.1.1.7,B.1.1.7,0,12101,4,8,25499,269,2,2
rec_00521,10,recombinant,AlphaxAlpha,ERR5991873,ERR5972503,Alpha,Alpha,B.1.1.7,B.1.1.7,0,19183,4,6,26321,1,6,5
rec_00522,10,recombinant,AlphaxAlpha,ERR5965384,ERR5964701,Alpha,Alpha,B.1.1.7,B.1.1.7,0,16034,3,10,26925,0,6,6
rec_00523,10,recombinant,AlphaxAlpha,ERR5965617,ERR5964481,Alpha,Alpha,B.1.1.7,B.1.1.7,0,9219,5,8,28487,0,5,5
rec_00524,10,recombinant,AlphaxAlpha,ERR5965062,ERR5965258,Alpha,Alpha,B.1.1.7,B.1.1.7,0,18587,5,7,24712,0,3,3
rec_00525,10,recombinant,AlphaxAlpha,ERR5964688,ERR5965158,Alpha,Alpha,B.1.1.7,B.1.1.7,0,18545,12,5,29389,0,5,5
rec_00526,10,recombinant,AlphaxAlpha,ERR5964778,ERR5990022,Alpha,Alpha,B.1.1.7,B.1.1.7,0,4338,3,9,25436,0,6,6
rec_00527,10,recombinant,AlphaxAlpha,ERR5994263,ERR5964838,Alpha,Alpha,B.1.1.7,B.1.1.7,0,12234,8,5,27165,0,4,4
rec_00528,10,recombinant,AlphaxAlpha,ERR5993403,ERR5965444,Alpha,Alpha,B.1.1.7,B.1.1.7,0,14304,9,10,27649,0,4,4
rec_00529,10,recombinant,AlphaxAlpha,ERR5991676,ERR5965300,Alpha,Alpha,B.1.1.7,B.1.1.7,0,23500,18,2,27024,0,2,2
rec_00530,10,recombinant,AlphaxAlpha,ERR5964720,ERR5965126,Alpha,Alpha,B.1.1.7,B.1.1.7,0,22678,11,4,29683,0,6,6
rec_00531,10,recombinant,AlphaxAlpha,ERR5965427,ERR5965414,Alpha,Alpha,B.1.1.7,B.1.1.7,0,2829,4,17,29389,0,5,5
rec_00532,10,recombinant,AlphaxAlpha,ERR5989538,ERR5965272,Alpha,Alpha,B.1.1.7,B.1.1.7,0,15065,5,4,25642,0,4,4
rec_00533,10,recombinant,AlphaxAlpha,ERR5990992,ERR5965174,Alpha,Alpha,B.1.1.7,B.1.1.7,0,28089,16,1,27839,0,2,2
rec_00534,10,recombinant,AlphaxAlpha,ERR5965295,ERR5965761,Alpha,Alpha,B.1.1.7,B.1.1.7,0,20219,4,6,19188,0,4,4
rec_00535,10,recombinant,AlphaxAlpha,ERR5989483,ERR5963869,Alpha,Alpha,B.1.1.7,B.1.1.7,0,9941,6,15,28479,0,6,6
rec_00536,10,recombinant,AlphaxAlpha,ERR5990141,ERR5963751,Alpha,Alpha,B.1.1.7,B.1.1.7,0,27040,12,4,27921,219,4,4
rec_00537,10,recombinant,AlphaxAlpha,ERR5966291,ERR5965250,Alpha,Alpha,B.1.1.7,B.1.1.7,0,12805,5,3,26638,0,5,5
rec_00538,10,recombinant,AlphaxAlpha,ERR5991094,ERR5966291,Alpha,Alpha,B.1.1.7,B.1.1.7,0,362,1,13,27749,0,3,3
rec_00539,10,recombinant,AlphaxAlpha,ERR5965715,ERR5991676,Alpha,Alpha,B.1.1.7,B.1.1.7,0,16376,11,4,24499,0,4,4
rec_00540,10,recombinant,AlphaxAlpha,ERR5964663,ERR5990496,Alpha,Alpha,B.1.1.7,B.1.1.7,0,16703,9,7,28328,0,4,4
rec_00541,10,recombinant,AlphaxAlpha,ERR5965581,ERR5990800,Alpha,Alpha,B.1.1.7,B.1.1.7,0,28435,13,1,28179,245,0,0
rec_00542,10,recombinant,AlphaxAlpha,ERR5965321,ERR5963889,Alpha,Alpha,B.1.1.7,B.1.1.7,0,11046,6,10,27507,285,3,3
rec_00543,10,recombinant,AlphaxAlpha,ERR5964600,ERR5965761,Alpha,Alpha,B.1.1.7,B.1.1.7,0,8941,3,10,28955,0,2,2
rec_00544,10,recombinant,AlphaxAlpha,ERR5991847,ERR5991936,Alpha,Alpha,B.1.1.7,B.1.1.7,0,27123,13,7,27932,211,8,8
rec_00545,10,recombinant,AlphaxAlpha,ERR5965258,ERR5991847,Alpha,Alpha,B.1.1.7,B.1.1.7,0,15557,9,10,27911,32,4,4
rec_00546,10,recombinant,AlphaxAlpha,ERR5996015,ERR5989598,Alpha,Alpha,B.1.1.7,B.1.1.7,0,7895,4,5,26049,0,3,3
rec_00547,10,recombinant,AlphaxAlpha,ERR5964320,ERR5991936,Alpha,Alpha,B.1.1.7,B.1.1.7,0,21636,9,4,25548,0,3,3
rec_00548,10,recombinant,AlphaxAlpha,ERR5964142,ERR5965350,Alpha,Alpha,B.1.1.7,B.1.1.7,0,27957,9,1,21444,0,3,3
rec_00549,10,recombinant,AlphaxAlpha,ERR5965581,ERR5965390,Alpha,Alpha,B.1.1.7,B.1.1.7,0,9702,8,7,27906,0,1,1
rec_00550,10,recombinant,AlphaxAlpha,ERR5966784,ERR6062046,Alpha,Alpha,B.1.1.7,B.1.1.7,0,15931,10,3,25499,432,4,4
rec_00551,10,recombinant,AlphaxAlpha,ERR5981406,ERR5964362,Alpha,Alpha,B.1.1.7,B.1.1.7,0,26044,11,5,26823,0,2,2
rec_00552,10,recombinant,AlphaxAlpha,ERR5989815,ERR5964772,Alpha,Alpha,B.1.1.7,B.1.1.7,0,28397,7,1,25602,0,2,2
rec_00553,10,recombinant,AlphaxAlpha,ERR5964833,ERR5981410,Alpha,Alpha,B.1.1.7,B.1.1.7,0,26510,11,1,27069,0,4,4
rec_00554,10,recombinant,AlphaxAlpha,ERR5964737,ERR5964694,Alpha,Alpha,B.1.1.7,B.1.1.7,0,14782,7,6,25943,0,3,3
rec_00555,10,recombinant,AlphaxAlpha,ERR5964870,ERR5964353,Alpha,Alpha,B.1.1.7,B.1.1.7,0,17277,12,3,25748,0,3,3
rec_00556,10,recombinant,AlphaxAlpha,ERR5964694,ERR5965248,Alpha,Alpha,B.1.1.7,B.1.1.7,0,20507,12,5,24098,0,1,1
rec_00557,10,recombinant,AlphaxAlpha,ERR5989322,ERR5965444,Alpha,Alpha,B.1.1.7,B.1.1.7,0,16859,6,6,27307,0,3,3
rec_00558,10,recombinant,AlphaxAlpha,ERR5964608,ERR5965605,Alpha,Alpha,B.1.1.7,B.1.1.7,0,23917,14,3,27898,0,4,4
rec_00559,10,recombinant,AlphaxAlpha,ERR5965430,ERR5981406,Alpha,Alpha,B.1.1.7,B.1.1.7,0,5045,1,11,27555,0,2,2
rec_00560,10,recombinant,AlphaxAlpha,ERR5991847,ERR5965250,Alpha,Alpha,B.1.1.7,B.1.1.7,0,2413,2,15,27911,179,6,6
rec_00561,10,recombinant,AlphaxAlpha,ERR5989209,ERR5965250,Alpha,Alpha,B.1.1.7,B.1.1.7,0,8944,3,6,25429,0,4,4
rec_00562,10,recombinant,AlphaxAlpha,ERR5991287,ERR5972503,Alpha,Alpha,B.1.1.7,B.1.1.7,0,5244,1,15,25280,2,1,1
rec_00563,10,recombinant,AlphaxAlpha,ERR5963869,ERR5964833,Alpha,Alpha,B.1.1.7,B.1.1.7,0,22283,16,1,27174,0,3,3
rec_00564,10,recombinant,AlphaxAlpha,ERR5964318,ERR5964637,Alpha,Alpha,B.1.1.7,B.1.1.7,0,6358,4,7,25124,0,3,3
rec_00565,10,recombinant,AlphaxAlpha,ERR5965004,ERR5964772,Alpha,Alpha,B.1.1.7,B.1.1.7,0,19389,4,7,27395,0,4,4
rec_00566,10,recombinant,AlphaxAlpha,ERR5989815,ERR5991873,Alpha,Alpha,B.1.1.7,B.1.1.7,0,23509,5,2,26718,0,4,4
rec_00567,10,recombinant,AlphaxAlpha,ERR5964608,ERR5964571,Alpha,Alpha,B.1.1.7,B.1.1.7,0,15482,9,8,27898,0,2,2
rec_00568,10,recombinant,AlphaxAlpha,ERR5965250,ERR5965551,Alpha,Alpha,B.1.1.7,B.1.1.7,0,16553,6,4,27442,0,1,1
rec_00569,10,recombinant,AlphaxAlpha,ERR5965361,ERR5991574,Alpha,Alpha,B.1.1.7,B.1.1.7,0,21776,13,3,26708,486,1,1
rec_00570,10,recombinant,AlphaxAlpha,ERR5991287,ERR5963889,Alpha,Alpha,B.1.1.7,B.1.1.7,0,19174,9,8,25977,0,8,8
rec_00571,10,recombinant,AlphaxAlpha,ERR5964382,ERR5990141,Alpha,Alpha,B.1.1.7,B.1.1.7,0,16304,8,8,28826,219,4,4
rec_00572,10,recombinant,AlphaxAlpha,ERR5964362,ERR5991676,Alpha,Alpha,B.1.1.7,B.1.1.7,0,10513,5,10,26823,0,5,5
rec_00573,10,recombinant,AlphaxAlpha,ERR5964663,ERR5965238,Alpha,Alpha,B.1.1.7,B.1.1.7,0,3616,2,17,29187,0,5,5
rec_00574,10,recombinant,AlphaxAlpha,ERR5996058,ERR5965356,Alpha,Alpha,B.1.1.7,B.1.1.7,0,2955,1,13,27186,0,4,4
rec_00575,10,recombinant,AlphaxAlpha,ERR5965427,ERR5965351,Alpha,Alpha,B.1.1.7,B.1.1.7,0,7679,5,14,29389,0,4,4
rec_00576,10,recombinant,AlphaxAlpha,ERR5990022,ERR5964175,Alpha,Alpha,B.1.1.7,B.1.1.7,0,15765,9,2,16424,0,3,3
rec_00577,10,recombinant,AlphaxAlpha,ERR5965238,ERR5964637,Alpha,Alpha,B.1.1.7,B.1.1.7,0,26222,10,2,26028,0,2,2
rec_00578,10,recombinant,AlphaxAlpha,ERR5963804,ERR5965158,Alpha,Alpha,B.1.1.7,B.1.1.7,0,7617,6,10,29389,0,2,2
rec_00579,10,recombinant,AlphaxAlpha,ERR5965553,ERR5981406,Alpha,Alpha,B.1.1.7,B.1.1.7,0,19602,6,6,21528,0,5,5
rec_00580,10,recombinant,AlphaxAlpha,ERR5991873,ERR5993403,Alpha,Alpha,B.1.1.7,B.1.1.7,0,6599,6,10,25684,0,1,1
rec_00581,10,recombinant,AlphaxAlpha,ERR5965309,ERR5965272,Alpha,Alpha,B.1.1.7,B.1.1.7,0,12479,5,7,22994,0,5,5
rec_00582,10,recombinant,AlphaxAlpha,ERR5991574,ERR5965605,Alpha,Alpha,B.1.1.7,B.1.1.7,0,1501,1,11,24660,332,6,6
rec_00583,10,recombinant,AlphaxAlpha,ERR5989483,ERR5964864,Alpha,Alpha,B.1.1.7,B.1.1.7,0,15913,7,9,26429,0,3,3
rec_00584,10,recombinant,AlphaxAlpha,ERR5963603,ERR5964738,Alpha,Alpha,B.1.1.7,B.1.1.7,0,27623,11,1,25943,275,3,3
rec_00585,10,recombinant,AlphaxAlpha,ERR5965004,ERR5963751,Alpha,Alpha,B.1.1.7,B.1.1.7,0,6076,4,13,27480,0,5,5
rec_00586,10,recombinant,AlphaxAlpha,ERR5964481,ERR5972552,Alpha,Alpha,B.1.1.7,B.1.1.7,0,25185,7,3,29397,0,4,4
rec_00587,10,recombinant,AlphaxAlpha,ERR5990800,ERR5989538,Alpha,Alpha,B.1.1.7,B.1.1.7,0,14746,9,5,28179,75,3,3
rec_00588,10,recombinant,AlphaxAlpha,ERR5964384,ERR5965414,Alpha,Alpha,B.1.1.7,B.1.1.7,0,6353,6,11,27451,0,5,5
rec_00589,10,recombinant,AlphaxAlpha,ERR5995956,ERR6062051,Alpha,Alpha,B.1.1.7,B.1.1.7,0,19656,9,3,24474,434,4,4
rec_00590,10,recombinant,AlphaxAlpha,ERR5989515,ERR5964175,Alpha,Alpha,B.1.1.7,B.1.1.7,0,15244,5,2,23258,0,6,6
rec_00591,10,recombinant,AlphaxAlpha,ERR5965229,ERR5963745,Alpha,Alpha,B.1.1.7,B.1.1.7,0,23799,8,4,25334,0,5,5
rec_00592,10,recombinant,AlphaxAlpha,ERR5963751,ERR5964318,Alpha,Alpha,B.1.1.7,B.1.1.7,0,10710,4,11,26814,0,4,4
rec_00593,10,recombinant,AlphaxAlpha,ERR6062046,ERR5991094,Alpha,Alpha,B.1.1.7,B.1.1.7,0,19924,12,4,26884,0,2,2
rec_00594,10,recombinant,AlphaxAlpha,ERR5995822,ERR5964175,Alpha,Alpha,B.1.1.7,B.1.1.7,0,22851,1,2,19783,0,3,3
rec_00595,10,recombinant,AlphaxAlpha,ERR5990897,ERR5965717,Alpha,Alpha,B.1.1.7,B.1.1.7,0,20251,8,10,27452,0,2,2
rec_00596,10,recombinant,AlphaxAlpha,ERR6062046,ERR5965235,Alpha,Alpha,B.1.1.7,B.1.1.7,0,8369,2,15,24474,0,5,5
rec_00597,10,recombinant,AlphaxAlpha,ERR5963804,ERR5965272,Alpha,Alpha,B.1.1.7,B.1.1.7,0,4208,2,6,27272,0,8,8
rec_00598,10,recombinant,AlphaxAlpha,ERR5964142,ERR5965351,Alpha,Alpha,B.1.1.7,B.1.1.7,0,29013,12,1,25205,0,4,4
rec_00599,10,recombinant,AlphaxAlpha,ERR5991873,ERR5989358,Alpha,Alpha,B.1.1.7,B.1.1.7,0,19827,6,3,27041,440,4,4
rec_00600,10,recombinant,AlphaxAlpha,ERR5964778,ERR5963745,Alpha,Alpha,B.1.1.7,B.1.1.7,0,2259,1,5,27597,0,5,5
rec_00601,10,recombinant,AlphaxAlpha,ERR5991847,ERR5965350,Alpha,Alpha,B.1.1.7,B.1.1.7,0,5737,3,16,27911,179,1,1
rec_00602,10,recombinant,AlphaxAlpha,ERR5965568,ERR5989570,Alpha,Alpha,B.1.1.7,B.1.1.7,0,24020,8,3,26411,0,1,1
rec_00603,10,recombinant,AlphaxAlpha,ERR5964866,ERR5989228,Alpha,Alpha,B.1.1.7,B.1.1.7,0,1785,1,9,27264,432,4,4
rec_00604,10,recombinant,AlphaxAlpha,ERR5964772,ERR5991936,Alpha,Alpha,B.1.1.7,B.1.1.7,0,20850,3,6,25499,0,1,1
rec_00605,10,recombinant,AlphaxAlpha,ERR5996058,ERR5971418,Alpha,Alpha,B.1.1.7,B.1.1.7,0,21080,6,4,26422,267,3,3
rec_00606,10,recombinant,AlphaxAlpha,ERR5981439,ERR5964737,Alpha,Alpha,B.1.1.7,B.1.1.7,0,4888,4,11,28192,215,3,3
rec_00607,10,recombinant,AlphaxAlpha,ERR5965240,ERR5994263,Alpha,Alpha,B.1.1.7,B.1.1.7,0,14172,5,6,25370,0,6,6
rec_00608,10,recombinant,AlphaxAlpha,ERR5964956,ERR5990213,Alpha,Alpha,B.1.1.7,B.1.1.7,0,15447,8,11,25598,269,4,4
rec_00609,10,recombinant,AlphaxAlpha,ERR5965427,ERR5964175,Alpha,Alpha,B.1.1.7,B.1.1.7,0,8302,6,7,29389,0,2,2
rec_00610,10,recombinant,AlphaxAlpha,ERR5963618,ERR5972503,Alpha,Alpha,B.1.1.7,B.1.1.7,0,20694,4,6,20884,1,4,4
rec_00611,10,recombinant,AlphaxAlpha,ERR5965444,ERR5964916,Alpha,Alpha,B.1.1.7,B.1.1.7,0,22654,9,2,29574,0,1,1
rec_00612,10,recombinant,AlphaxAlpha,ERR5965581,ERR5991873,Alpha,Alpha,B.1.1.7,B.1.1.7,0,8526,5,5,26034,0,1,1
rec_00613,10,recombinant,AlphaxAlpha,ERR5964688,ERR5965273,Alpha,Alpha,B.1.1.7,B.1.1.7,0,14381,1,1,18139,0,3,3
rec_00614,10,recombinant,AlphaxAlpha,ERR5963719,ERR5989228,Alpha,Alpha,B.1.1.7,B.1.1.7,0,15214,8,5,28324,432,4,4
rec_00615,10,recombinant,AlphaxAlpha,ERR5964582,ERR5964318,Alpha,Alpha,B.1.1.7,B.1.1.7,0,15434,6,6,23269,0,4,4
rec_00616,10,recombinant,AlphaxAlpha,ERR5989483,ERR5965717,Alpha,Alpha,B.1.1.7,B.1.1.7,0,14252,5,13,25280,0,5,4
rec_00617,10,recombinant,AlphaxAlpha,ERR5965353,ERR5964933,Alpha,Alpha,B.1.1.7,B.1.1.7,0,23456,14,2,27898,142,1,1
rec_00618,10,recombinant,AlphaxAlpha,ERR5990897,ERR5965765,Alpha,Alpha,B.1.1.7,B.1.1.7,0,18732,10,8,27452,0,6,6
rec_00619,10,recombinant,AlphaxAlpha,ERR6064437,ERR5965568,Alpha,Alpha,B.1.1.7,B.1.1.7,0,23468,7,5,27079,194,3,3
rec_00620,10,recombinant,AlphaxAlpha,ERR5965235,ERR5964737,Alpha,Alpha,B.1.1.7,B.1.1.7,0,23686,13,4,24864,0,5,4
rec_00621,10,recombinant,AlphaxAlpha,ERR5965295,ERR5965238,Alpha,Alpha,B.1.1.7,B.1.1.7,0,12454,3,9,27290,0,4,4
rec_00622,10,recombinant,AlphaxAlpha,ERR5964772,ERR5965605,Alpha,Alpha,B.1.1.7,B.1.1.7,0,5457,2,8,26290,332,2,2
rec_00623,10,recombinant,AlphaxAlpha,ERR5989358,ERR5964701,Alpha,Alpha,B.1.1.7,B.1.1.7,0,6824,3,7,27041,0,5,5
rec_00624,10,recombinant,AlphaxAlpha,ERR5963603,ERR5964637,Alpha,Alpha,B.1.1.7,B.1.1.7,0,23624,8,2,25124,275,3,3
rec_00625,10,recombinant,AlphaxAlpha,ERR5965128,ERR5995937,Alpha,Alpha,B.1.1.7,B.1.1.7,0,4847,5,13,29389,0,3,3
rec_00626,10,recombinant,AlphaxAlpha,ERR5965765,ERR5964318,Alpha,Alpha,B.1.1.7,B.1.1.7,0,7467,3,11,24903,0,3,3
rec_00627,10,recombinant,AlphaxAlpha,ERR5989515,ERR5990897,Alpha,Alpha,B.1.1.7,B.1.1.7,0,29273,14,1,27452,0,7,7
rec_00628,10,recombinant,AlphaxAlpha,ERR5965418,ERR5965238,Alpha,Alpha,B.1.1.7,B.1.1.7,0,4980,2,13,27234,0,3,3
rec_00629,10,recombinant,AlphaxAlpha,ERR5964571,ERR5966784,Alpha,Alpha,B.1.1.7,B.1.1.7,0,21076,10,4,25499,0,5,5
rec_00630,10,recombinant,AlphaxAlpha,ERR5965414,ERR5991307,Alpha,Alpha,B.1.1.7,B.1.1.7,0,8475,9,8,26473,1,2,2
rec_00631,10,recombinant,AlphaxAlpha,ERR5989515,ERR5965717,Alpha,Alpha,B.1.1.7,B.1.1.7,0,10064,2,11,20983,0,5,5
rec_00632,10,recombinant,AlphaxAlpha,ERR5964772,ERR5965761,Alpha,Alpha,B.1.1.7,B.1.1.7,0,26738,5,5,19188,0,5,5
rec_00633,10,recombinant,AlphaxAlpha,ERR5965444,ERR5965390,Alpha,Alpha,B.1.1.7,B.1.1.7,0,27154,12,2,29571,0,4,4
rec_00634,10,recombinant,AlphaxAlpha,ERR5991307,ERR5965283,Alpha,Alpha,B.1.1.7,B.1.1.7,0,9601,3,7,26473,0,2,2
rec_00635,10,recombinant,AlphaxAlpha,ERR5991738,ERR5965273,Alpha,Alpha,B.1.1.7,B.1.1.7,0,15653,7,6,27291,0,1,1
rec_00636,10,recombinant,AlphaxAlpha,ERR5991574,ERR5995822,Alpha,Alpha,B.1.1.7,B.1.1.7,0,5965,4,6,27050,0,8,8
rec_00637,10,recombinant,AlphaxAlpha,ERR5972864,ERR5965418,Alpha,Alpha,B.1.1.7,B.1.1.7,0,16263,9,6,27264,0,1,1
rec_00638,10,recombinant,AlphaxAlpha,ERR5996058,ERR5964362,Alpha,Alpha,B.1.1.7,B.1.1.7,0,21235,7,6,28419,0,3,3
rec_00639,10,recombinant,AlphaxAlpha,ERR5964916,ERR5965356,Alpha,Alpha,B.1.1.7,B.1.1.7,0,3162,1,12,29453,0,5,5
rec_00640,10,recombinant,AlphaxAlpha,ERR5996015,ERR5965418,Alpha,Alpha,B.1.1.7,B.1.1.7,0,8283,3,10,27264,0,3,3
rec_00641,10,recombinant,AlphaxAlpha,ERR5965071,ERR5965617,Alpha,Alpha,B.1.1.7,B.1.1.7,0,21906,7,2,26244,0,4,4
rec_00642,10,recombinant,AlphaxAlpha,ERR5965126,ERR5964481,Alpha,Alpha,B.1.1.7,B.1.1.7,0,4644,3,9,28487,0,2,2
rec_00643,10,recombinant,AlphaxAlpha,ERR5965248,ERR5964934,Alpha,Alpha,B.1.1.7,B.1.1.7,0,11481,9,9,26244,0,2,2
rec_00644,10,recombinant,AlphaxAlpha,ERR5965240,ERR5965384,Alpha,Alpha,B.1.1.7,B.1.1.7,0,24201,7,2,25064,0,1,1
rec_00645,10,recombinant,AlphaxAlpha,ERR5970748,ERR5995956,Alpha,Alpha,B.1.1.7,B.1.1.7,0,13356,6,7,25233,0,6,6
rec_00646,10,recombinant,AlphaxAlpha,ERR5964738,ERR5981439,Alpha,Alpha,B.1.1.7,B.1.1.7,0,10602,7,7,27600,0,3,3
rec_00647,10,recombinant,AlphaxAlpha,ERR5989209,ERR5989483,Alpha,Alpha,B.1.1.7,B.1.1.7,0,24469,12,4,25280,0,4,4
rec_00648,10,recombinant,AlphaxAlpha,ERR5965605,ERR5964772,Alpha,Alpha,B.1.1.7,B.1.1.7,0,17718,3,7,26290,73,2,2
rec_00649,10,recombinant,AlphaxAlpha,ERR6062051,ERR5965272,Alpha,Alpha,B.1.1.7,B.1.1.7,0,18392,5,2,21617,0,4,4
rec_00650,10,recombinant,AlphaxAlpha,ERR5965418,ERR5990897,Alpha,Alpha,B.1.1.7,B.1.1.7,0,5200,4,14,27494,0,2,2
rec_00651,10,recombinant,AlphaxAlpha,ERR5965551,ERR5964737,Alpha,Alpha,B.1.1.7,B.1.1.7,0,23944,12,3,28332,0,4,4
rec_00652,10,recombinant,AlphaxAlpha,ERR5964743,ERR5964737,Alpha,Alpha,B.1.1.7,B.1.1.7,0,5944,6,11,29371,215,4,4
rec_00653,10,recombinant,AlphaxAlpha,ERR5964384,ERR5964950,Alpha,Alpha,B.1.1.7,B.1.1.7,0,29085,16,2,25432,0,2,2
rec_00654,10,recombinant,AlphaxAlpha,ERR5965551,ERR5964688,Alpha,Alpha,B.1.1.7,B.1.1.7,0,3057,4,9,28407,0,4,4
rec_00655,10,recombinant,AlphaxAlpha,ERR5981406,ERR5991574,Alpha,Alpha,B.1.1.7,B.1.1.7,0,8790,4,9,26517,491,0,0
rec_00656,10,recombinant,AlphaxAlpha,ERR5991847,ERR5996058,Alpha,Alpha,B.1.1.7,B.1.1.7,0,27739,14,5,27911,211,1,1
rec_00657,10,recombinant,AlphaxAlpha,ERR5981410,ERR5965390,Alpha,Alpha,B.1.1.7,B.1.1.7,0,26227,14,1,27898,0,3,3
rec_00658,10,recombinant,AlphaxAlpha,ERR5963745,ERR5972552,Alpha,Alpha,B.1.1.7,B.1.1.7,0,19646,6,2,25423,0,3,2
rec_00659,10,recombinant,AlphaxAlpha,ERR5963804,ERR5965361,Alpha,Alpha,B.1.1.7,B.1.1.7,0,4928,4,12,27907,0,5,5
rec_00660,10,recombinant,AlphaxAlpha,ERR5964958,ERR5964738,Alpha,Alpha,B.1.1.7,B.1.1.7,0,23374,12,5,25943,4,2,2
rec_00661,10,recombinant,AlphaxAlpha,ERR5972552,ERR5965272,Alpha,Alpha,B.1.1.7,B.1.1.7,0,12698,6,2,25353,0,4,4
rec_00662,10,recombinant,AlphaxAlpha,ERR5965353,ERR5964772,Alpha,Alpha,B.1.1.7,B.1.1.7,0,21673,7,5,27898,142,4,4
rec_00663,10,recombinant,AlphaxAlpha,ERR5963618,ERR5991287,Alpha,Alpha,B.1.1.7,B.1.1.7,0,6975,1,13,25280,0,2,2
rec_00664,10,recombinant,AlphaxAlpha,ERR5964743,ERR5965295,Alpha,Alpha,B.1.1.7,B.1.1.7,0,23751,7,5,29371,0,3,3
rec_00665,10,recombinant,AlphaxAlpha,ERR5989483,ERR5965717,Alpha,Alpha,B.1.1.7,B.1.1.7,0,12401,4,14,25280,0,2,2
rec_00666,10,recombinant,AlphaxAlpha,ERR5965353,ERR5965765,Alpha,Alpha,B.1.1.7,B.1.1.7,0,12168,7,10,28920,142,3,3
rec_00667,10,recombinant,AlphaxAlpha,ERR5991287,ERR5964772,Alpha,Alpha,B.1.1.7,B.1.1.7,0,15297,3,10,25280,0,7,7
rec_00668,10,recombinant,AlphaxAlpha,ERR5965418,ERR5996015,Alpha,Alpha,B.1.1.7,B.1.1.7,0,14043,7,6,27264,0,3,3
rec_00669,10,recombinant,AlphaxAlpha,ERR5965021,ERR5964737,Alpha,Alpha,B.1.1.7,B.1.1.7,0,24980,12,3,28332,0,3,3
rec_00670,10,recombinant,AlphaxAlpha,ERR5963917,ERR5991847,Alpha,Alpha,B.1.1.7,B.1.1.7,0,10972,7,13,27911,32,6,6
rec_00671,10,recombinant,AlphaxAlpha,ERR5994263,ERR5964384,Alpha,Alpha,B.1.1.7,B.1.1.7,0,14059,5,5,29176,0,4,4
rec_00672,10,recombinant,AlphaxAlpha,ERR5964142,ERR5994263,Alpha,Alpha,B.1.1.7,B.1.1.7,0,4615,1,11,27683,0,4,4
rec_00673,10,recombinant,AlphaxAlpha,ERR5990022,ERR5996051,Alpha,Alpha,B.1.1.7,B.1.1.7,0,14827,10,5,23997,0,1,1
rec_00674,10,recombinant,AlphaxAlpha,ERR5965761,ERR5963751,Alpha,Alpha,B.1.1.7,B.1.1.7,0,8182,2,14,28696,0,4,4
rec_00675,10,recombinant,AlphaxAlpha,ERR5964571,ERR5965235,Alpha,Alpha,B.1.1.7,B.1.1.7,0,14426,8,10,24098,0,1,1
rec_00676,10,recombinant,AlphaxAlpha,ERR5963751,ERR5965321,Alpha,Alpha,B.1.1.7,B.1.1.7,0,4663,3,15,27074,285,5,5
rec_00677,10,recombinant,AlphaxAlpha,ERR5965668,ERR5964870,Alpha,Alpha,B.1.1.7,B.1.1.7,0,7607,4,10,26496,0,3,3
rec_00678,10,recombinant,AlphaxAlpha,ERR5992159,ERR5964866,Alpha,Alpha,B.1.1.7,B.1.1.7,0,7539,9,12,27898,0,6,6
rec_00679,10,recombinant,AlphaxAlpha,ERR5990800,ERR5989209,Alpha,Alpha,B.1.1.7,B.1.1.7,0,11146,8,6,28179,75,7,7
rec_00680,10,recombinant,AlphaxAlpha,ERR5996051,ERR5964142,Alpha,Alpha,B.1.1.7,B.1.1.7,0,3159,1,10,26496,0,2,2
rec_00681,10,recombinant,AlphaxAlpha,ERR5965250,ERR5992159,Alpha,Alpha,B.1.1.7,B.1.1.7,0,2761,1,14,25124,0,4,4
rec_00682,10,recombinant,AlphaxAlpha,ERR5972552,ERR5965145,Alpha,Alpha,B.1.1.7,B.1.1.7,0,7447,5,5,28017,0,7,7
rec_00683,10,recombinant,AlphaxAlpha,ERR6062046,ERR5966786,Alpha,Alpha,B.1.1.7,B.1.1.7,0,10942,4,9,26635,0,2,2
rec_00684,10,recombinant,AlphaxAlpha,ERR5990800,ERR5964142,Alpha,Alpha,B.1.1.7,B.1.1.7,0,6432,3,10,28179,75,6,6
rec_00685,10,recombinant,AlphaxAlpha,ERR5966786,ERR5966291,Alpha,Alpha,B.1.1.7,B.1.1.7,0,9563,3,8,27803,0,2,2
rec_00686,10,recombinant,AlphaxAlpha,ERR5964738,ERR5964880,Alpha,Alpha,B.1.1.7,B.1.1.7,0,6508,4,10,25943,0,3,3
rec_00687,10,recombinant,AlphaxAlpha,ERR5989657,ERR5995986,Alpha,Alpha,B.1.1.7,B.1.1.7,0,22830,9,3,27678,0,3,3
rec_00688,10,recombinant,AlphaxAlpha,ERR5991873,ERR5965495,Alpha,Alpha,B.1.1.7,B.1.1.7,0,13379,10,4,23463,0,2,2
rec_00689,10,recombinant,AlphaxAlpha,ERR5963869,ERR5989358,Alpha,Alpha,B.1.1.7,B.1.1.7,0,25844,15,1,28322,336,7,7
rec_00690,10,recombinant,AlphaxAlpha,ERR5989209,ERR5964916,Alpha,Alpha,B.1.1.7,B.1.1.7,0,26428,10,2,27696,0,5,5
rec_00691,10,recombinant,AlphaxAlpha,ERR5964688,ERR5996058,Alpha,Alpha,B.1.1.7,B.1.1.7,0,20157,7,4,28776,0,2,2
rec_00692,10,recombinant,AlphaxAlpha,ERR5991873,ERR5964600,Alpha,Alpha,B.1.1.7,B.1.1.7,0,5940,4,10,28328,0,1,1
rec_00693,10,recombinant,AlphaxAlpha,ERR5965717,ERR5965495,Alpha,Alpha,B.1.1.7,B.1.1.7,0,14309,9,9,25482,0,5,5
rec_00694,10,recombinant,AlphaxAlpha,ERR5965283,ERR5965377,Alpha,Alpha,B.1.1.7,B.1.1.7,0,10795,2,6,17784,0,5,5
rec_00695,10,recombinant,AlphaxAlpha,ERR5964637,ERR5965551,Alpha,Alpha,B.1.1.7,B.1.1.7,0,17621,7,5,27442,0,4,4
rec_00696,10,recombinant,AlphaxAlpha,ERR5991287,ERR5981410,Alpha,Alpha,B.1.1.7,B.1.1.7,0,27494,15,1,27691,0,4,4
rec_00697,10,recombinant,AlphaxAlpha,ERR5991738,ERR5989615,Alpha,Alpha,B.1.1.7,B.1.1.7,0,13923,7,6,27934,267,3,3
rec_00698,10,recombinant,AlphaxAlpha,ERR5965160,ERR5990800,Alpha,Alpha,B.1.1.7,B.1.1.7,0,11571,9,7,28179,1,4,4
rec_00699,10,recombinant,AlphaxAlpha,ERR5995822,ERR5965145,Alpha,Alpha,B.1.1.7,B.1.1.7,0,23639,7,3,27883,0,3,3
rec_00700,10,recombinant,AlphaxAlpha,ERR5989826,ERR5965427,Alpha,Alpha,B.1.1.7,B.1.1.7,0,7881,5,11,29389,0,3,3
rec_00701,10,recombinant,AlphaxAlpha,ERR5991732,ERR5963889,Alpha,Alpha,B.1.1.7,B.1.1.7,0,20669,7,11,29360,0,1,1
rec_00702,10,recombinant,AlphaxAlpha,ERR5964142,ERR5965444,Alpha,Alpha,B.1.1.7,B.1.1.7,0,13053,3,9,27307,0,4,4
rec_00703,10,recombinant,AlphaxAlpha,ERR5965158,ERR5965605,Alpha,Alpha,B.1.1.7,B.1.1.7,0,29717,17,1,29389,0,4,4
rec_00704,10,recombinant,AlphaxAlpha,ERR5991676,ERR5964956,Alpha,Alpha,B.1.1.7,B.1.1.7,0,17571,10,10,24499,0,0,0
rec_00705,10,recombinant,AlphaxAlpha,ERR5964362,ERR5964175,Alpha,Alpha,B.1.1.7,B.1.1.7,0,4162,2,8,26823,0,2,2
rec_00706,10,recombinant,AlphaxAlpha,ERR5965384,ERR5996058,Alpha,Alpha,B.1.1.7,B.1.1.7,0,2396,1,11,28566,0,3,3
rec_00707,10,recombinant,AlphaxAlpha,ERR5965266,ERR5964678,Alpha,Alpha,B.1.1.7,B.1.1.7,0,18224,6,6,24688,0,5,5
rec_00708,10,recombinant,AlphaxAlpha,ERR5964701,ERR5964318,Alpha,Alpha,B.1.1.7,B.1.1.7,0,6381,2,10,23437,0,7,7
rec_00709,10,recombinant,AlphaxAlpha,ERR5964743,ERR5964608,Alpha,Alpha,B.1.1.7,B.1.1.7,0,20937,11,6,29459,0,5,5
rec_00710,10,recombinant,AlphaxAlpha,ERR5965350,ERR5990165,Alpha,Alpha,B.1.1.7,B.1.1.7,0,20498,5,7,28249,0,3,3
rec_00711,10,recombinant,AlphaxAlpha,ERR5965174,ERR5971148,Alpha,Alpha,B.1.1.7,B.1.1.7,0,26243,14,1,25233,1,3,3
rec_00712,10,recombinant,AlphaxAlpha,ERR5990022,ERR5965377,Alpha,Alpha,B.1.1.7,B.1.1.7,0,23639,13,1,25147,0,2,2
rec_00713,10,recombinant,AlphaxAlpha,ERR5965238,ERR5965126,Alpha,Alpha,B.1.1.7,B.1.1.7,0,5156,2,10,27290,0,6,6
rec_00714,10,recombinant,AlphaxAlpha,ERR5965668,ERR5965258,Alpha,Alpha,B.1.1.7,B.1.1.7,0,24218,6,6,26290,0,5,5
rec_00715,10,recombinant,AlphaxAlpha,ERR5981439,ERR5964384,Alpha,Alpha,B.1.1.7,B.1.1.7,0,1759,1,13,28413,0,1,1
rec_00716,10,recombinant,AlphaxAlpha,ERR5991732,ERR5965283,Alpha,Alpha,B.1.1.7,B.1.1.7,0,19950,3,11,28035,0,7,7
rec_00717,10,recombinant,AlphaxAlpha,ERR5965158,ERR5965353,Alpha,Alpha,B.1.1.7,B.1.1.7,0,14836,12,8,29600,0,6,4
rec_00718,10,recombinant,AlphaxAlpha,ERR5971418,ERR5993403,Alpha,Alpha,B.1.1.7,B.1.1.7,0,7303,5,12,25984,185,3,3
rec_00719,10,recombinant,AlphaxAlpha,ERR5963889,ERR5991307,Alpha,Alpha,B.1.1.7,B.1.1.7,0,6234,5,9,27957,1,2,2
rec_00720,10,recombinant,AlphaxAlpha,ERR5995956,ERR5990496,Alpha,Alpha,B.1.1.7,B.1.1.7,0,10625,4,12,25233,0,4,4
rec_00721,10,recombinant,AlphaxAlpha,ERR5965158,ERR5965126,Alpha,Alpha,B.1.1.7,B.1.1.7,0,2541,2,12,29389,0,2,2
rec_00722,10,recombinant,AlphaxAlpha,ERR5989515,ERR5965361,Alpha,Alpha,B.1.1.7,B.1.1.7,0,321,1,15,27325,0,3,3
rec_00723,10,recombinant,AlphaxAlpha,ERR5964701,ERR5964864,Alpha,Alpha,B.1.1.7,B.1.1.7,0,10341,2,10,25190,0,6,6
rec_00724,10,recombinant,AlphaxAlpha,ERR5991847,ERR5963646,Alpha,Alpha,B.1.1.7,B.1.1.7,0,15389,12,13,27911,179,4,4
rec_00725,10,recombinant,AlphaxAlpha,ERR5989358,ERR5964688,Alpha,Alpha,B.1.1.7,B.1.1.7,0,22702,8,2,28217,104,3,3
rec_00726,10,recombinant,AlphaxAlpha,ERR5964175,ERR5965145,Alpha,Alpha,B.1.1.7,B.1.1.7,0,17016,5,2,27883,0,6,6
rec_00727,10,recombinant,AlphaxAlpha,ERR5989538,ERR5995986,Alpha,Alpha,B.1.1.7,B.1.1.7,0,24657,10,3,27131,0,2,2
rec_00728,10,recombinant,AlphaxAlpha,ERR5990165,ERR5965128,Alpha,Alpha,B.1.1.7,B.1.1.7,0,5434,5,12,29728,0,4,4
rec_00729,10,recombinant,AlphaxAlpha,ERR5970748,ERR5964956,Alpha,Alpha,B.1.1.7,B.1.1.7,0,9794,7,13,25233,0,1,1
rec_00730,10,recombinant,AlphaxAlpha,ERR5964870,ERR5965452,Alpha,Alpha,B.1.1.7,B.1.1.7,0,15585,8,5,27463,0,1,1
rec_00731,10,recombinant,AlphaxAlpha,ERR5989228,ERR5964743,Alpha,Alpha,B.1.1.7,B.1.1.7,0,28263,12,1,29459,432,4,4
rec_00732,10,recombinant,AlphaxAlpha,ERR5972552,ERR5964934,Alpha,Alpha,B.1.1.7,B.1.1.7,0,2491,1,10,28494,0,3,3
rec_00733,10,recombinant,AlphaxAlpha,ERR5965273,ERR5964701,Alpha,Alpha,B.1.1.7,B.1.1.7,0,10802,3,9,25190,0,3,3
rec_00734,10,recombinant,AlphaxAlpha,ERR5990213,ERR5965240,Alpha,Alpha,B.1.1.7,B.1.1.7,0,18114,5,5,27301,58,3,3
rec_00735,10,recombinant,AlphaxAlpha,ERR5965269,ERR5964833,Alpha,Alpha,B.1.1.7,B.1.1.7,0,4977,2,13,28795,0,3,3
rec_00736,10,recombinant,AlphaxAlpha,ERR6062046,ERR5964600,Alpha,Alpha,B.1.1.7,B.1.1.7,0,4482,2,16,28328,0,7,7
rec_00737,10,recombinant,AlphaxAlpha,ERR5965353,ERR5972503,Alpha,Alpha,B.1.1.7,B.1.1.7,0,6124,4,11,28193,2,4,4
rec_00738,10,recombinant,AlphaxAlpha,ERR5964382,ERR5965668,Alpha,Alpha,B.1.1.7,B.1.1.7,0,16839,7,9,28135,0,10,10
rec_00739,10,recombinant,AlphaxAlpha,ERR5964688,ERR5964870,Alpha,Alpha,B.1.1.7,B.1.1.7,0,19750,10,3,27587,0,3,2
rec_00740,10,recombinant,AlphaxAlpha,ERR5972552,ERR5964864,Alpha,Alpha,B.1.1.7,B.1.1.7,0,7507,4,7,25353,0,2,2
rec_00741,10,recombinant,AlphaxAlpha,ERR5965128,ERR5972552,Alpha,Alpha,B.1.1.7,B.1.1.7,0,29508,15,2,29586,0,2,2
rec_00742,10,recombinant,AlphaxAlpha,ERR5965553,ERR6062051,Alpha,Alpha,B.1.1.7,B.1.1.7,0,4792,1,9,26294,434,2,2
rec_00743,10,recombinant,AlphaxAlpha,ERR5971418,ERR5965430,Alpha,Alpha,B.1.1.7,B.1.1.7,0,17148,9,8,27555,185,2,2
rec_00744,10,recombinant,AlphaxAlpha,ERR5996015,ERR5964880,Alpha,Alpha,B.1.1.7,B.1.1.7,0,20695,1,1,1500,0,8,8
rec_00745,10,recombinant,AlphaxAlpha,ERR5965568,ERR5981410,Alpha,Alpha,B.1.1.7,B.1.1.7,0,25041,9,2,26904,0,6,6
rec_00746,10,recombinant,AlphaxAlpha,ERR5981439,ERR5963917,Alpha,Alpha,B.1.1.7,B.1.1.7,0,28474,12,1,27600,0,0,0
rec_00747,10,recombinant,AlphaxAlpha,ERR5965309,ERR5965269,Alpha,Alpha,B.1.1.7,B.1.1.7,0,27865,19,1,26163,0,1,1
rec_00748,10,recombinant,AlphaxAlpha,ERR5994263,ERR5965353,Alpha,Alpha,B.1.1.7,B.1.1.7,0,24916,14,2,27898,0,3,3
rec_00749,10,recombinant,AlphaxAlpha,ERR5963869,ERR5972503,Alpha,Alpha,B.1.1.7,B.1.1.7,0,21757,14,3,27979,1,5,5
rec_00750,10,recombinant,AlphaxAlpha,ERR5965418,ERR5989826,Alpha,Alpha,B.1.1.7,B.1.1.7,0,11923,5,8,28092,0,1,1
rec_00751,10,recombinant,AlphaxAlpha,ERR5965418,ERR5995822,Alpha,Alpha,B.1.1.7,B.1.1.7,0,14122,7,6,27264,0,3,3
rec_00752,10,recombinant,AlphaxAlpha,ERR5964688,ERR5991965,Alpha,Alpha,B.1.1.7,B.1.1.7,0,7299,5,7,27069,0,1,1
rec_00753,10,recombinant,AlphaxAlpha,ERR5965126,ERR5970748,Alpha,Alpha,B.1.1.7,B.1.1.7,0,23207,6,4,25233,0,6,6
rec_00754,10,recombinant,AlphaxAlpha,ERR5989615,ERR5981687,Alpha,Alpha,B.1.1.7,B.1.1.7,0,4068,2,13,27883,0,6,6
rec_00755,10,recombinant,AlphaxAlpha,ERR5963751,ERR5989228,Alpha,Alpha,B.1.1.7,B.1.1.7,0,2874,3,12,27440,432,1,1
rec_00756,10,recombinant,AlphaxAlpha,ERR5965300,ERR5965309,Alpha,Alpha,B.1.1.7,B.1.1.7,0,866,1,21,24795,0,1,1
rec_00757,10,recombinant,AlphaxAlpha,ERR5965145,ERR5991965,Alpha,Alpha,B.1.1.7,B.1.1.7,0,5280,2,7,27883,0,4,4
rec_00758,10,recombinant,AlphaxAlpha,ERR5964701,ERR5965551,Alpha,Alpha,B.1.1.7,B.1.1.7,0,22002,5,8,27442,0,7,7
rec_00759,10,recombinant,AlphaxAlpha,ERR5996015,ERR5965377,Alpha,Alpha,B.1.1.7,B.1.1.7,0,12444,5,5,23855,0,6,6
rec_00760,10,recombinant,AlphaxAlpha,ERR5991847,ERR5965668,Alpha,Alpha,B.1.1.7,B.1.1.7,0,1907,2,19,28134,179,8,8
rec_00761,10,recombinant,AlphaxAlpha,ERR5963889,ERR5965266,Alpha,Alpha,B.1.1.7,B.1.1.7,0,28797,13,1,27126,0,1,1
rec_00762,10,recombinant,AlphaxAlpha,ERR5964142,ERR5964353,Alpha,Alpha,B.1.1.7,B.1.1.7,0,5644,2,11,25748,0,6,5
rec_00763,10,recombinant,AlphaxAlpha,ERR5990022,ERR5965377,Alpha,Alpha,B.1.1.7,B.1.1.7,0,8022,3,11,25147,0,4,4
rec_00764,10,recombinant,AlphaxAlpha,ERR5964921,ERR5964880,Alpha,Alpha,B.1.1.7,B.1.1.7,0,25431,10,3,24933,253,3,3
rec_00765,10,recombinant,AlphaxAlpha,ERR5991574,ERR5991936,Alpha,Alpha,B.1.1.7,B.1.1.7,0,16175,7,4,28694,0,3,3
rec_00766,10,recombinant,AlphaxAlpha,ERR5965668,ERR5989615,Alpha,Alpha,B.1.1.7,B.1.1.7,0,9533,7,6,27883,267,2,2
rec_00767,10,recombinant,AlphaxAlpha,ERR5965427,ERR5965248,Alpha,Alpha,B.1.1.7,B.1.1.7,0,27104,19,4,29389,0,4,4
rec_00768,10,recombinant,AlphaxAlpha,ERR5991307,ERR5963889,Alpha,Alpha,B.1.1.7,B.1.1.7,0,16648,10,4,27957,0,6,6
rec_00769,10,recombinant,AlphaxAlpha,ERR5964320,ERR5965581,Alpha,Alpha,B.1.1.7,B.1.1.7,0,12697,5,8,25233,0,1,1
rec_00770,10,recombinant,AlphaxAlpha,ERR5965300,ERR5965160,Alpha,Alpha,B.1.1.7,B.1.1.7,0,1980,2,20,26347,0,3,3
rec_00771,10,recombinant,AlphaxAlpha,ERR5991965,ERR5964608,Alpha,Alpha,B.1.1.7,B.1.1.7,0,2931,3,13,27898,0,3,3
rec_00772,10,recombinant,AlphaxAlpha,ERR5963889,ERR5964913,Alpha,Alpha,B.1.1.7,B.1.1.7,0,3875,3,13,28487,0,2,2
rec_00773,10,recombinant,AlphaxAlpha,ERR5965272,ERR5989515,Alpha,Alpha,B.1.1.7,B.1.1.7,0,5111,1,7,25060,0,4,3
rec_00774,10,recombinant,AlphaxAlpha,ERR5972552,ERR5989228,Alpha,Alpha,B.1.1.7,B.1.1.7,0,16212,8,3,25367,432,3,3
rec_00775,10,recombinant,AlphaxAlpha,ERR5989826,ERR5964720,Alpha,Alpha,B.1.1.7,B.1.1.7,0,26580,15,2,29683,0,3,3
rec_00776,10,recombinant,AlphaxAlpha,ERR5964738,ERR5964880,Alpha,Alpha,B.1.1.7,B.1.1.7,0,10819,5,9,25943,0,2,2
rec_00777,10,recombinant,AlphaxAlpha,ERR5991732,ERR5989051,Alpha,Alpha,B.1.1.7,B.1.1.7,0,1967,1,18,29517,0,2,2
rec_00778,10,recombinant,AlphaxAlpha,ERR5966291,ERR5965761,Alpha,Alpha,B.1.1.7,B.1.1.7,0,13721,4,3,28054,0,2,2
rec_00779,10,recombinant,AlphaxAlpha,ERR6062046,ERR5995986,Alpha,Alpha,B.1.1.7,B.1.1.7,0,15756,11,4,27131,0,3,3
rec_00780,10,recombinant,AlphaxAlpha,ERR5965382,ERR5965158,Alpha,Alpha,B.1.1.7,B.1.1.7,0,16254,10,10,29389,0,5,5
rec_00781,10,recombinant,AlphaxAlpha,ERR5964913,ERR5965309,Alpha,Alpha,B.1.1.7,B.1.1.7,0,2768,1,17,28487,0,3,3
rec_00782,10,recombinant,AlphaxAlpha,ERR5994263,ERR5996015,Alpha,Alpha,B.1.1.7,B.1.1.7,0,16560,7,5,27698,0,1,1
rec_00783,10,recombinant,AlphaxAlpha,ERR5964320,ERR5991287,Alpha,Alpha,B.1.1.7,B.1.1.7,0,19312,8,9,25280,0,5,5
rec_00784,10,recombinant,AlphaxAlpha,ERR5989657,ERR5965568,Alpha,Alpha,B.1.1.7,B.1.1.7,0,22556,7,3,26411,0,2,2
rec_00785,10,recombinant,AlphaxAlpha,ERR5990897,ERR5965605,Alpha,Alpha,B.1.1.7,B.1.1.7,0,2305,2,15,28076,332,2,2
rec_00786,10,recombinant,AlphaxAlpha,ERR5990787,ERR5964637,Alpha,Alpha,B.1.1.7,B.1.1.7,0,9645,4,6,26326,0,5,5
rec_00787,10,recombinant,AlphaxAlpha,ERR5991307,ERR5989615,Alpha,Alpha,B.1.1.7,B.1.1.7,0,15808,10,3,27883,267,5,5
rec_00788,10,recombinant,AlphaxAlpha,ERR5965248,ERR5991738,Alpha,Alpha,B.1.1.7,B.1.1.7,0,16345,13,6,27113,0,4,4
rec_00789,10,recombinant,AlphaxAlpha,ERR5963603,ERR5964663,Alpha,Alpha,B.1.1.7,B.1.1.7,0,26036,11,4,28328,275,3,3
rec_00790,10,recombinant,AlphaxAlpha,ERR5964720,ERR5964768,Alpha,Alpha,B.1.1.7,B.1.1.7,0,17660,12,3,29683,0,5,5
rec_00791,10,recombinant,AlphaxAlpha,ERR5989515,ERR5964772,Alpha,Alpha,B.1.1.7,B.1.1.7,0,25216,4,4,16435,0,7,7
rec_00792,10,recombinant,AlphaxAlpha,ERR5965553,ERR5972864,Alpha,Alpha,B.1.1.7,B.1.1.7,0,16316,7,4,25885,0,2,2
rec_00793,10,recombinant,AlphaxAlpha,ERR5965444,ERR5994263,Alpha,Alpha,B.1.1.7,B.1.1.7,0,23385,12,2,29348,0,2,2
rec_00794,10,recombinant,AlphaxAlpha,ERR5964582,ERR5965382,Alpha,Alpha,B.1.1.7,B.1.1.7,0,11556,4,9,29025,0,5,5
rec_00795,10,recombinant,AlphaxAlpha,ERR5964950,ERR5964353,Alpha,Alpha,B.1.1.7,B.1.1.7,0,27833,20,1,25748,0,7,6
rec_00796,10,recombinant,AlphaxAlpha,ERR5965300,ERR5981406,Alpha,Alpha,B.1.1.7,B.1.1.7,0,9761,9,12,26925,0,7,7
rec_00797,10,recombinant,AlphaxAlpha,ERR5965717,ERR5964950,Alpha,Alpha,B.1.1.7,B.1.1.7,0,23781,13,8,23463,0,3,3
rec_00798,10,recombinant,AlphaxAlpha,ERR5991149,ERR5981687,Alpha,Alpha,B.1.1.7,B.1.1.7,0,6028,3,20,25719,0,6,6
rec_00799,10,recombinant,AlphaxAlpha,ERR6064437,ERR5964768,Alpha,Alpha,B.1.1.7,B.1.1.7,0,8488,1,9,26103,0,5,5
rec_00800,10,recombinant,AlphaxAlpha,ERR5991738,ERR5963751,Alpha,Alpha,B.1.1.7,B.1.1.7,0,25532,13,3,27343,0,6,6
rec_00801,10,recombinant,AlphaxAlpha,ERR5965351,ERR5964175,Alpha,Alpha,B.1.1.7,B.1.1.7,0,29118,9,1,25205,0,3,3
rec_00802,10,recombinant,AlphaxAlpha,ERR5964481,ERR5964934,Alpha,Alpha,B.1.1.7,B.1.1.7,0,24457,12,3,28487,0,2,2
rec_00803,10,recombinant,AlphaxAlpha,ERR5963889,ERR5964743,Alpha,Alpha,B.1.1.7,B.1.1.7,0,18702,8,8,29371,331,3,3
rec_00804,10,recombinant,AlphaxAlpha,ERR5965248,ERR5965414,Alpha,Alpha,B.1.1.7,B.1.1.7,0,22380,18,4,24414,0,4,4
rec_00805,10,recombinant,AlphaxAlpha,ERR5989228,ERR5965430,Alpha,Alpha,B.1.1.7,B.1.1.7,0,17870,10,8,29522,0,2,2
rec_00806,10,recombinant,AlphaxAlpha,ERR5990800,ERR5965430,Alpha,Alpha,B.1.1.7,B.1.1.7,0,16376,11,9,28520,75,4,4
rec_00807,10,recombinant,AlphaxAlpha,ERR5965764,ERR5995822,Alpha,Alpha,B.1.1.7,B.1.1.7,0,20022,7,4,25484,0,3,3
rec_00808,10,recombinant,AlphaxAlpha,ERR5964384,ERR5965495,Alpha,Alpha,B.1.1.7,B.1.1.7,0,4793,4,13,27451,0,6,6
rec_00809,10,recombinant,AlphaxAlpha,ERR5964866,ERR5964913,Alpha,Alpha,B.1.1.7,B.1.1.7,0,10783,10,8,29411,0,2,2
rec_00810,10,recombinant,AlphaxAlpha,ERR5964582,ERR5965038,Alpha,Alpha,B.1.1.7,B.1.1.7,0,15746,6,5,27392,0,5,5
rec_00811,10,recombinant,AlphaxAlpha,ERR5996058,ERR5965382,Alpha,Alpha,B.1.1.7,B.1.1.7,0,13325,5,9,27290,0,1,1
rec_00812,10,recombinant,AlphaxAlpha,ERR5996051,ERR5991676,Alpha,Alpha,B.1.1.7,B.1.1.7,0,17928,9,4,26077,0,0,0
rec_00813,10,recombinant,AlphaxAlpha,ERR5964958,ERR5970748,Alpha,Alpha,B.1.1.7,B.1.1.7,0,27154,15,2,25233,4,9,9
rec_00814,10,recombinant,AlphaxAlpha,ERR5965038,ERR5964864,Alpha,Alpha,B.1.1.7,B.1.1.7,0,23725,8,3,25657,0,5,5
rec_00815,10,recombinant,AlphaxAlpha,ERR5965427,ERR5965062,Alpha,Alpha,B.1.1.7,B.1.1.7,0,18517,11,7,29389,0,5,5
rec_00816,10,recombinant,AlphaxAlpha,ERR5990992,ERR5965390,Alpha,Alpha,B.1.1.7,B.1.1.7,0,650,2,15,27936,0,3,3
rec_00817,10,recombinant,AlphaxAlpha,ERR5965384,ERR5966291,Alpha,Alpha,B.1.1.7,B.1.1.7,0,5498,4,9,27377,0,2,2
rec_00818,10,recombinant,AlphaxAlpha,ERR5964933,ERR5965444,Alpha,Alpha,B.1.1.7,B.1.1.7,0,2792,1,13,27307,0,7,7
rec_00819,10,recombinant,AlphaxAlpha,ERR5964866,ERR5964353,Alpha,Alpha,B.1.1.7,B.1.1.7,0,190,1,14,28012,0,3,3
rec_00820,10,recombinant,AlphaxAlpha,ERR5964958,ERR5964720,Alpha,Alpha,B.1.1.7,B.1.1.7,0,7522,8,12,29683,4,5,5
rec_00821,10,recombinant,AlphaxAlpha,ERR5971418,ERR6062046,Alpha,Alpha,B.1.1.7,B.1.1.7,0,3649,2,11,25642,617,4,4
rec_00822,10,recombinant,AlphaxAlpha,ERR5963751,ERR5989538,Alpha,Alpha,B.1.1.7,B.1.1.7,0,9536,4,11,27280,0,8,8
rec_00823,10,recombinant,AlphaxAlpha,ERR5964481,ERR5965427,Alpha,Alpha,B.1.1.7,B.1.1.7,0,7526,7,13,29389,0,2,2
rec_00824,10,recombinant,AlphaxAlpha,ERR5965414,ERR5991847,Alpha,Alpha,B.1.1.7,B.1.1.7,0,28338,23,1,27911,0,2,2
rec_00825,10,recombinant,AlphaxAlpha,ERR5965229,ERR5965158,Alpha,Alpha,B.1.1.7,B.1.1.7,0,29568,19,1,29389,0,1,1
rec_00826,10,recombinant,AlphaxAlpha,ERR5989570,ERR5965495,Alpha,Alpha,B.1.1.7,B.1.1.7,0,13602,11,5,25700,0,5,5
rec_00827,10,recombinant,AlphaxAlpha,ERR5992159,ERR5989538,Alpha,Alpha,B.1.1.7,B.1.1.7,0,18386,13,5,25233,0,6,6
rec_00828,10,recombinant,AlphaxAlpha,ERR5964778,ERR5991936,Alpha,Alpha,B.1.1.7,B.1.1.7,0,17428,3,6,25499,0,4,4
rec_00829,10,recombinant,AlphaxAlpha,ERR5964688,ERR5965273,Alpha,Alpha,B.1.1.7,B.1.1.7,0,9152,1,1,18139,0,4,4
rec_00830,10,recombinant,AlphaxAlpha,ERR5965238,ERR5964341,Alpha,Alpha,B.1.1.7,B.1.1.7,0,19530,14,9,29603,0,3,3
rec_00831,10,recombinant,AlphaxAlpha,ERR6062046,ERR5963603,Alpha,Alpha,B.1.1.7,B.1.1.7,0,18573,8,4,24474,0,2,2
rec_00832,10,recombinant,AlphaxAlpha,ERR5965668,ERR5963804,Alpha,Alpha,B.1.1.7,B.1.1.7,0,23371,8,4,27272,0,5,5
rec_00833,10,recombinant,AlphaxAlpha,ERR5965382,ERR5965062,Alpha,Alpha,B.1.1.7,B.1.1.7,0,9592,5,11,27290,0,1,1
rec_00834,10,recombinant,AlphaxAlpha,ERR5964678,ERR5965272,Alpha,Alpha,B.1.1.7,B.1.1.7,0,7946,2,6,24688,0,4,4
rec_00835,10,recombinant,AlphaxAlpha,ERR5964950,ERR5989570,Alpha,Alpha,B.1.1.7,B.1.1.7,0,9096,8,11,25825,0,8,8
rec_00836,10,recombinant,AlphaxAlpha,ERR5965269,ERR5989657,Alpha,Alpha,B.1.1.7,B.1.1.7,0,7060,3,13,27619,0,1,1
rec_00837,10,recombinant,AlphaxAlpha,ERR5965174,ERR5964772,Alpha,Alpha,B.1.1.7,B.1.1.7,0,24599,7,5,24749,0,4,4
rec_00838,10,recombinant,AlphaxAlpha,ERR5965551,ERR5991574,Alpha,Alpha,B.1.1.7,B.1.1.7,0,13626,8,4,27855,491,5,5
rec_00839,10,recombinant,AlphaxAlpha,ERR5965717,ERR5991676,Alpha,Alpha,B.1.1.7,B.1.1.7,0,18790,7,8,24499,0,7,7
rec_00840,10,recombinant,AlphaxAlpha,ERR5963917,ERR5965553,Alpha,Alpha,B.1.1.7,B.1.1.7,0,10462,3,7,20884,0,6,6
rec_00841,10,recombinant,AlphaxAlpha,ERR5964663,ERR5965038,Alpha,Alpha,B.1.1.7,B.1.1.7,0,14608,7,8,28328,0,4,4
rec_00842,10,recombinant,AlphaxAlpha,ERR5989358,ERR5990800,Alpha,Alpha,B.1.1.7,B.1.1.7,0,27750,11,2,28179,440,3,3
rec_00843,10,recombinant,AlphaxAlpha,ERR5964958,ERR5965761,Alpha,Alpha,B.1.1.7,B.1.1.7,0,25508,13,4,24486,4,5,5
rec_00844,10,recombinant,AlphaxAlpha,ERR5965153,ERR5965283,Alpha,Alpha,B.1.1.7,B.1.1.7,0,21099,9,6,27543,0,7,7
rec_00845,10,recombinant,AlphaxAlpha,ERR5964637,ERR5964582,Alpha,Alpha,B.1.1.7,B.1.1.7,0,13130,4,5,26859,0,4,4
rec_00846,10,recombinant,AlphaxAlpha,ERR5989538,ERR5965235,Alpha,Alpha,B.1.1.7,B.1.1.7,0,19669,7,8,25233,0,3,3
rec_00847,10,recombinant,AlphaxAlpha,ERR5964362,ERR5971418,Alpha,Alpha,B.1.1.7,B.1.1.7,0,25950,9,4,27230,0,5,5
rec_00848,10,recombinant,AlphaxAlpha,ERR5965452,ERR5963745,Alpha,Alpha,B.1.1.7,B.1.1.7,0,22804,7,6,29126,0,4,4
rec_00849,10,recombinant,AlphaxAlpha,ERR5965160,ERR5990141,Alpha,Alpha,B.1.1.7,B.1.1.7,0,8544,6,9,27921,220,6,6
rec_00850,10,recombinant,AlphaxAlpha,ERR5963889,ERR5965668,Alpha,Alpha,B.1.1.7,B.1.1.7,0,24629,9,5,27980,0,4,4
rec_00851,10,recombinant,AlphaxAlpha,ERR5996058,ERR5965764,Alpha,Alpha,B.1.1.7,B.1.1.7,0,26869,8,3,26658,0,3,3
rec_00852,10,recombinant,AlphaxAlpha,ERR5964768,ERR5964833,Alpha,Alpha,B.1.1.7,B.1.1.7,0,27449,7,2,28912,0,2,2
rec_00853,10,recombinant,AlphaxAlpha,ERR5970748,ERR5989322,Alpha,Alpha,B.1.1.7,B.1.1.7,0,21403,9,3,25963,431,4,4
rec_00854,10,recombinant,AlphaxAlpha,ERR5965668,ERR5989826,Alpha,Alpha,B.1.1.7,B.1.1.7,0,9482,4,8,27316,0,6,6
rec_00855,10,recombinant,AlphaxAlpha,ERR5965266,ERR5993403,Alpha,Alpha,B.1.1.7,B.1.1.7,0,17204,8,9,25634,0,4,4
rec_00856,10,recombinant,AlphaxAlpha,ERR5990141,ERR5965427,Alpha,Alpha,B.1.1.7,B.1.1.7,0,18836,11,7,29615,1,4,4
rec_00857,10,recombinant,AlphaxAlpha,ERR5965021,ERR5965071,Alpha,Alpha,B.1.1.7,B.1.1.7,0,8102,5,7,27442,0,2,2
rec_00858,10,recombinant,AlphaxAlpha,ERR5995822,ERR5991936,Alpha,Alpha,B.1.1.7,B.1.1.7,0,25523,2,5,23897,0,6,6
rec_00859,10,recombinant,AlphaxAlpha,ERR5995956,ERR5964738,Alpha,Alpha,B.1.1.7,B.1.1.7,0,23887,10,3,25943,0,6,6
rec_00860,10,recombinant,AlphaxAlpha,ERR5991847,ERR5964956,Alpha,Alpha,B.1.1.7,B.1.1.7,0,25908,21,6,27911,211,7,7
rec_00861,10,recombinant,AlphaxAlpha,ERR5964720,ERR5965764,Alpha,Alpha,B.1.1.7,B.1.1.7,0,10179,8,10,29683,0,7,6
rec_00862,10,recombinant,AlphaxAlpha,ERR5989515,ERR5965128,Alpha,Alpha,B.1.1.7,B.1.1.7,0,19932,11,6,29389,0,3,3
rec_00863,10,recombinant,AlphaxAlpha,ERR5972552,ERR5965266,Alpha,Alpha,B.1.1.7,B.1.1.7,0,5058,3,9,27374,0,6,6
rec_00864,10,recombinant,AlphaxAlpha,ERR5964384,ERR5965273,Alpha,Alpha,B.1.1.7,B.1.1.7,0,22658,9,4,27135,0,3,3
rec_00865,10,recombinant,AlphaxAlpha,ERR5965384,ERR5965272,Alpha,Alpha,B.1.1.7,B.1.1.7,0,5575,2,6,23269,0,4,4
rec_00866,10,recombinant,AlphaxAlpha,ERR5965273,ERR5965605,Alpha,Alpha,B.1.1.7,B.1.1.7,0,4352,3,10,25978,332,3,3
rec_00867,10,recombinant,AlphaxAlpha,ERR5963745,ERR5964913,Alpha,Alpha,B.1.1.7,B.1.1.7,0,20505,8,4,29308,0,2,2
rec_00868,10,recombinant,AlphaxAlpha,ERR5965273,ERR5996051,Alpha,Alpha,B.1.1.7,B.1.1.7,0,7990,5,7,25978,0,4,4
rec_00869,10,recombinant,AlphaxAlpha,ERR5996051,ERR5989598,Alpha,Alpha,B.1.1.7,B.1.1.7,0,10980,6,4,23997,0,2,2
rec_00870,10,recombinant,AlphaxAlpha,ERR5965361,ERR5965295,Alpha,Alpha,B.1.1.7,B.1.1.7,0,16112,7,7,27701,0,1,1
rec_00871,10,recombinant,AlphaxAlpha,ERR5964362,ERR5989538,Alpha,Alpha,B.1.1.7,B.1.1.7,0,16304,8,6,27230,0,4,4
rec_00872,10,recombinant,AlphaxAlpha,ERR5964772,ERR5965414,Alpha,Alpha,B.1.1.7,B.1.1.7,0,14289,7,6,25752,0,3,3
rec_00873,10,recombinant,AlphaxAlpha,ERR5981406,ERR5965414,Alpha,Alpha,B.1.1.7,B.1.1.7,0,5230,5,13,25440,0,4,4
rec_00874,10,recombinant,AlphaxAlpha,ERR5964880,ERR5965158,Alpha,Alpha,B.1.1.7,B.1.1.7,0,22314,12,6,29389,0,6,6
rec_00875,10,recombinant,AlphaxAlpha,ERR5964916,ERR5981410,Alpha,Alpha,B.1.1.7,B.1.1.7,0,14983,8,4,25386,0,1,1
rec_00876,10,recombinant,AlphaxAlpha,ERR5996015,ERR5993403,Alpha,Alpha,B.1.1.7,B.1.1.7,0,17261,9,8,25999,0,4,4
rec_00877,10,recombinant,AlphaxAlpha,ERR5965235,ERR5965295,Alpha,Alpha,B.1.1.7,B.1.1.7,0,12053,3,9,24749,0,2,2
rec_00878,10,recombinant,AlphaxAlpha,ERR5965300,ERR5964870,Alpha,Alpha,B.1.1.7,B.1.1.7,0,7654,8,12,27443,0,4,4
rec_00879,10,recombinant,AlphaxAlpha,ERR5965321,ERR5964864,Alpha,Alpha,B.1.1.7,B.1.1.7,0,12106,5,10,25817,285,2,2
rec_00880,10,recombinant,AlphaxAlpha,ERR5964950,ERR5965300,Alpha,Alpha,B.1.1.7,B.1.1.7,0,27159,25,1,26857,0,3,3
rec_00881,10,recombinant,AlphaxAlpha,ERR5965250,ERR5965321,Alpha,Alpha,B.1.1.7,B.1.1.7,0,22755,8,3,25817,0,6,6
rec_00882,10,recombinant,AlphaxAlpha,ERR5965452,ERR5990897,Alpha,Alpha,B.1.1.7,B.1.1.7,0,12858,8,10,27720,0,3,3
rec_00883,10,recombinant,AlphaxAlpha,ERR5996015,ERR5972503,Alpha,Alpha,B.1.1.7,B.1.1.7,0,20499,3,6,24127,1,2,2
rec_00884,10,recombinant,AlphaxAlpha,ERR5965605,ERR5989515,Alpha,Alpha,B.1.1.7,B.1.1.7,0,22649,7,5,25914,73,4,4
rec_00885,10,recombinant,AlphaxAlpha,ERR5964318,ERR5964880,Alpha,Alpha,B.1.1.7,B.1.1.7,0,16343,6,7,23904,0,3,3
rec_00886,10,recombinant,AlphaxAlpha,ERR5963917,ERR5996058,Alpha,Alpha,B.1.1.7,B.1.1.7,0,10451,2,9,22702,0,4,4
rec_00887,10,recombinant,AlphaxAlpha,ERR5981410,ERR5991307,Alpha,Alpha,B.1.1.7,B.1.1.7,0,3172,4,9,26904,1,1,1
rec_00888,10,recombinant,AlphaxAlpha,ERR5991936,ERR5964720,Alpha,Alpha,B.1.1.7,B.1.1.7,0,4247,5,13,29683,0,2,2
rec_00889,10,recombinant,AlphaxAlpha,ERR5964768,ERR5981406,Alpha,Alpha,B.1.1.7,B.1.1.7,0,14609,4,7,22201,0,6,6
rec_00890,10,recombinant,AlphaxAlpha,ERR5964353,ERR5964838,Alpha,Alpha,B.1.1.7,B.1.1.7,0,5067,1,11,23419,0,5,5
rec_00891,10,recombinant,AlphaxAlpha,ERR5989483,ERR5995843,Alpha,Alpha,B.1.1.7,B.1.1.7,0,26673,15,2,28558,0,3,3
rec_00892,10,recombinant,AlphaxAlpha,ERR5963719,ERR5965153,Alpha,Alpha,B.1.1.7,B.1.1.7,0,11905,10,9,28167,0,4,4
rec_00893,10,recombinant,AlphaxAlpha,ERR5965495,ERR5965295,Alpha,Alpha,B.1.1.7,B.1.1.7,0,23845,10,3,25752,0,7,7
rec_00894,10,recombinant,AlphaxAlpha,ERR5965235,ERR5965382,Alpha,Alpha,B.1.1.7,B.1.1.7,0,13191,6,12,27290,0,6,6
rec_00895,10,recombinant,AlphaxAlpha,ERR5965361,ERR5965128,Alpha,Alpha,B.1.1.7,B.1.1.7,0,21133,16,7,29601,0,2,2
rec_00896,10,recombinant,AlphaxAlpha,ERR5964362,ERR5964743,Alpha,Alpha,B.1.1.7,B.1.1.7,0,10090,6,9,29371,331,5,5
rec_00897,10,recombinant,AlphaxAlpha,ERR5965377,ERR5964341,Alpha,Alpha,B.1.1.7,B.1.1.7,0,23647,14,5,29405,0,3,3
rec_00898,10,recombinant,AlphaxAlpha,ERR5965021,ERR5965495,Alpha,Alpha,B.1.1.7,B.1.1.7,0,20867,12,5,27442,0,4,4
rec_00899,10,recombinant,AlphaxAlpha,ERR5965266,ERR5989358,Alpha,Alpha,B.1.1.7,B.1.1.7,0,9846,6,4,27041,440,2,2
rec_00900,10,recombinant,AlphaxAlpha,ERR5989228,ERR5990496,Alpha,Alpha,B.1.1.7,B.1.1.7,0,21532,12,3,27906,0,2,2
rec_00901,10,recombinant,AlphaxAlpha,ERR5963804,ERR5964933,Alpha,Alpha,B.1.1.7,B.1.1.7,0,5649,4,8,27272,0,1,1
rec_00902,10,recombinant,AlphaxAlpha,ERR5990213,ERR5991676,Alpha,Alpha,B.1.1.7,B.1.1.7,0,16387,7,6,26577,58,3,3
rec_00903,10,recombinant,AlphaxAlpha,ERR5990897,ERR5981406,Alpha,Alpha,B.1.1.7,B.1.1.7,0,3187,1,17,27452,0,1,1
rec_00904,10,recombinant,AlphaxAlpha,ERR5989657,ERR5965581,Alpha,Alpha,B.1.1.7,B.1.1.7,0,3818,3,8,26411,245,2,2
rec_00905,10,recombinant,AlphaxAlpha,ERR5964838,ERR5981410,Alpha,Alpha,B.1.1.7,B.1.1.7,0,25103,11,1,26386,0,2,2
rec_00906,10,recombinant,AlphaxAlpha,ERR5964382,ERR5964175,Alpha,Alpha,B.1.1.7,B.1.1.7,0,19833,7,4,28135,0,8,8
rec_00907,10,recombinant,AlphaxAlpha,ERR5964958,ERR5964916,Alpha,Alpha,B.1.1.7,B.1.1.7,0,20960,12,4,27657,4,1,1
rec_00908,10,recombinant,AlphaxAlpha,ERR5963869,ERR5966291,Alpha,Alpha,B.1.1.7,B.1.1.7,0,9148,5,10,27692,0,4,4
rec_00909,10,recombinant,AlphaxAlpha,ERR5965377,ERR5990897,Alpha,Alpha,B.1.1.7,B.1.1.7,0,16102,8,7,27452,0,3,3
rec_00910,10,recombinant,AlphaxAlpha,ERR5964772,ERR5965430,Alpha,Alpha,B.1.1.7,B.1.1.7,0,25334,7,8,27555,0,4,4
rec_00911,10,recombinant,AlphaxAlpha,ERR5965568,ERR5965382,Alpha,Alpha,B.1.1.7,B.1.1.7,0,10628,5,9,27290,0,4,4
rec_00912,10,recombinant,AlphaxAlpha,ERR5981410,ERR5965258,Alpha,Alpha,B.1.1.7,B.1.1.7,0,2496,1,10,26698,0,3,3
rec_00913,10,recombinant,AlphaxAlpha,ERR5965174,ERR5996058,Alpha,Alpha,B.1.1.7,B.1.1.7,0,20292,5,9,26144,0,3,3
rec_00914,10,recombinant,AlphaxAlpha,ERR5965351,ERR5964637,Alpha,Alpha,B.1.1.7,B.1.1.7,0,9435,3,10,26879,0,2,2
rec_00915,10,recombinant,AlphaxAlpha,ERR5963804,ERR5989209,Alpha,Alpha,B.1.1.7,B.1.1.7,0,22293,8,3,27272,285,2,2
rec_00916,10,recombinant,AlphaxAlpha,ERR5964637,ERR5991094,Alpha,Alpha,B.1.1.7,B.1.1.7,0,9916,6,7,27231,0,3,3
rec_00917,10,recombinant,AlphaxAlpha,ERR5991965,ERR5965158,Alpha,Alpha,B.1.1.7,B.1.1.7,0,7418,5,12,29389,0,4,4
rec_00918,10,recombinant,AlphaxAlpha,ERR5972503,ERR5981687,Alpha,Alpha,B.1.1.7,B.1.1.7,0,26743,16,2,25205,1,4,4
rec_00919,10,recombinant,AlphaxAlpha,ERR5965427,ERR5965269,Alpha,Alpha,B.1.1.7,B.1.1.7,0,21255,13,9,29389,0,3,3
rec_00920,10,recombinant,AlphaxAlpha,ERR6062051,ERR5981406,Alpha,Alpha,B.1.1.7,B.1.1.7,0,27287,13,1,25124,434,3,3
rec_00921,10,recombinant,AlphaxAlpha,ERR5990165,ERR5964833,Alpha,Alpha,B.1.1.7,B.1.1.7,0,14971,8,5,28249,0,4,4
rec_00922,10,recombinant,AlphaxAlpha,ERR5971148,ERR5965605,Alpha,Alpha,B.1.1.7,B.1.1.7,0,19603,7,6,26496,557,3,3
rec_00923,10,recombinant,AlphaxAlpha,ERR5965551,ERR5995986,Alpha,Alpha,B.1.1.7,B.1.1.7,0,1742,2,12,27889,0,3,3
rec_00924,10,recombinant,AlphaxAlpha,ERR5990141,ERR5991873,Alpha,Alpha,B.1.1.7,B.1.1.7,0,16811,7,4,27921,1,1,1
rec_00925,10,recombinant,AlphaxAlpha,ERR5963618,ERR5963646,Alpha,Alpha,B.1.1.7,B.1.1.7,0,18475,7,9,28528,0,2,2
rec_00926,10,recombinant,AlphaxAlpha,ERR5965444,ERR5981410,Alpha,Alpha,B.1.1.7,B.1.1.7,0,5029,3,9,20879,0,2,2
rec_00927,10,recombinant,AlphaxAlpha,ERR5964318,ERR5965238,Alpha,Alpha,B.1.1.7,B.1.1.7,0,7940,4,11,27290,0,4,4
rec_00928,10,recombinant,AlphaxAlpha,ERR5989615,ERR5964384,Alpha,Alpha,B.1.1.7,B.1.1.7,0,1506,1,12,29251,0,2,2
rec_00929,10,recombinant,AlphaxAlpha,ERR5963804,ERR5965668,Alpha,Alpha,B.1.1.7,B.1.1.7,0,15042,6,6,27272,285,9,9
rec_00930,10,recombinant,AlphaxAlpha,ERR5965568,ERR5965495,Alpha,Alpha,B.1.1.7,B.1.1.7,0,13419,9,6,25958,0,2,2
rec_00931,10,recombinant,AlphaxAlpha,ERR5965350,ERR5964956,Alpha,Alpha,B.1.1.7,B.1.1.7,0,20174,8,10,23733,0,5,5
rec_00932,10,recombinant,AlphaxAlpha,ERR5965248,ERR5965764,Alpha,Alpha,B.1.1.7,B.1.1.7,0,26964,17,1,25642,0,7,7
rec_00933,10,recombinant,AlphaxAlpha,ERR5965272,ERR5965295,Alpha,Alpha,B.1.1.7,B.1.1.7,0,3900,1,5,25436,0,2,2
rec_00934,10,recombinant,AlphaxAlpha,ERR5995822,ERR5965269,Alpha,Alpha,B.1.1.7,B.1.1.7,0,24607,10,6,25048,0,3,3
rec_00935,10,recombinant,AlphaxAlpha,ERR5965240,ERR5991094,Alpha,Alpha,B.1.1.7,B.1.1.7,0,23480,8,4,26884,0,7,7
rec_00936,10,recombinant,AlphaxAlpha,ERR5991873,ERR5991574,Alpha,Alpha,B.1.1.7,B.1.1.7,0,21278,6,1,24464,486,4,4
rec_00937,10,recombinant,AlphaxAlpha,ERR5996058,ERR5990992,Alpha,Alpha,B.1.1.7,B.1.1.7,0,27929,10,3,28998,0,3,3
rec_00938,10,recombinant,AlphaxAlpha,ERR5964916,ERR5964175,Alpha,Alpha,B.1.1.7,B.1.1.7,0,9623,4,4,25386,0,2,2
rec_00939,10,recombinant,AlphaxAlpha,ERR5991732,ERR5965235,Alpha,Alpha,B.1.1.7,B.1.1.7,0,10893,3,17,28035,0,5,5
rec_00940,10,recombinant,AlphaxAlpha,ERR5964958,ERR5991847,Alpha,Alpha,B.1.1.7,B.1.1.7,0,8671,6,18,27911,36,3,3
rec_00941,10,recombinant,AlphaxAlpha,ERR5972864,ERR5966291,Alpha,Alpha,B.1.1.7,B.1.1.7,0,22793,8,1,24081,0,3,3
rec_00942,10,recombinant,AlphaxAlpha,ERR5965004,ERR6062051,Alpha,Alpha,B.1.1.7,B.1.1.7,0,21926,9,3,27395,434,4,4
rec_00943,10,recombinant,AlphaxAlpha,ERR5965062,ERR5964950,Alpha,Alpha,B.1.1.7,B.1.1.7,0,9923,7,13,24332,0,3,3
rec_00944,10,recombinant,AlphaxAlpha,ERR5965071,ERR5965761,Alpha,Alpha,B.1.1.7,B.1.1.7,0,11135,3,9,27058,0,4,4
rec_00945,10,recombinant,AlphaxAlpha,ERR5964737,ERR5990800,Alpha,Alpha,B.1.1.7,B.1.1.7,0,13927,11,5,28787,1,7,7
rec_00946,10,recombinant,AlphaxAlpha,ERR5991258,ERR5991574,Alpha,Alpha,B.1.1.7,B.1.1.7,0,21277,9,1,27035,527,4,4
rec_00947,10,recombinant,AlphaxAlpha,ERR5965765,ERR5965761,Alpha,Alpha,B.1.1.7,B.1.1.7,0,22221,8,7,23079,0,3,3
rec_00948,10,recombinant,AlphaxAlpha,ERR5964637,ERR5965269,Alpha,Alpha,B.1.1.7,B.1.1.7,0,5779,2,12,26850,0,5,5
rec_00949,10,recombinant,AlphaxAlpha,ERR5964916,ERR5965668,Alpha,Alpha,B.1.1.7,B.1.1.7,0,7841,5,8,25534,0,5,5
rec_00950,10,recombinant,AlphaxAlpha,ERR5966784,ERR5965350,Alpha,Alpha,B.1.1.7,B.1.1.7,0,19889,4,6,21301,0,1,1
rec_00951,10,recombinant,AlphaxAlpha,ERR5963603,ERR5964318,Alpha,Alpha,B.1.1.7,B.1.1.7,0,13877,4,7,22320,275,4,4
rec_00952,10,recombinant,AlphaxAlpha,ERR5991936,ERR5965764,Alpha,Alpha,B.1.1.7,B.1.1.7,0,8508,3,9,27128,0,4,4
rec_00953,10,recombinant,AlphaxAlpha,ERR5964582,ERR5991738,Alpha,Alpha,B.1.1.7,B.1.1.7,0,9246,6,7,27113,0,2,2
rec_00954,10,recombinant,AlphaxAlpha,ERR5965382,ERR5963745,Alpha,Alpha,B.1.1.7,B.1.1.7,0,16481,5,7,29451,0,4,4
rec_00955,10,recombinant,AlphaxAlpha,ERR5964880,ERR5965229,Alpha,Alpha,B.1.1.7,B.1.1.7,0,11405,4,12,24970,0,6,6
rec_00956,10,recombinant,AlphaxAlpha,ERR5991094,ERR5990141,Alpha,Alpha,B.1.1.7,B.1.1.7,0,26458,11,4,27921,1,3,3
rec_00957,10,recombinant,AlphaxAlpha,ERR5965283,ERR5964608,Alpha,Alpha,B.1.1.7,B.1.1.7,0,5592,4,9,27898,0,4,4
rec_00958,10,recombinant,AlphaxAlpha,ERR5970748,ERR5965309,Alpha,Alpha,B.1.1.7,B.1.1.7,0,18448,8,8,25233,0,7,7
rec_00959,10,recombinant,AlphaxAlpha,ERR5965229,ERR5964701,Alpha,Alpha,B.1.1.7,B.1.1.7,0,21104,5,10,24503,0,6,6
rec_00960,10,recombinant,AlphaxAlpha,ERR5989358,ERR5964838,Alpha,Alpha,B.1.1.7,B.1.1.7,0,7201,6,4,27041,0,2,2
rec_00961,10,recombinant,AlphaxAlpha,ERR5996051,ERR5964384,Alpha,Alpha,B.1.1.7,B.1.1.7,0,5081,3,10,27989,0,6,6
rec_00962,10,recombinant,AlphaxAlpha,ERR5964950,ERR5964600,Alpha,Alpha,B.1.1.7,B.1.1.7,0,4784,2,21,28328,0,3,3
rec_00963,10,recombinant,AlphaxAlpha,ERR5995937,ERR6062046,Alpha,Alpha,B.1.1.7,B.1.1.7,0,19564,11,3,25657,432,2,2
rec_00964,10,recombinant,AlphaxAlpha,ERR5965351,ERR5965377,Alpha,Alpha,B.1.1.7,B.1.1.7,0,5579,1,12,25205,0,4,4
rec_00965,10,recombinant,AlphaxAlpha,ERR5965273,ERR5965309,Alpha,Alpha,B.1.1.7,B.1.1.7,0,17845,7,8,25124,0,2,2
rec_00966,10,recombinant,AlphaxAlpha,ERR5965283,ERR5989483,Alpha,Alpha,B.1.1.7,B.1.1.7,0,17087,4,9,25280,0,5,5
rec_00967,10,recombinant,AlphaxAlpha,ERR5966786,ERR5964341,Alpha,Alpha,B.1.1.7,B.1.1.7,0,9851,9,10,29405,0,4,4
rec_00968,10,recombinant,AlphaxAlpha,ERR5965258,ERR5965495,Alpha,Alpha,B.1.1.7,B.1.1.7,0,24140,11,4,25752,0,3,3
rec_00969,10,recombinant,AlphaxAlpha,ERR5963618,ERR5995956,Alpha,Alpha,B.1.1.7,B.1.1.7,0,24114,6,4,20884,0,8,8
rec_00970,10,recombinant,AlphaxAlpha,ERR5995986,ERR5989615,Alpha,Alpha,B.1.1.7,B.1.1.7,0,5012,5,8,29025,267,3,3
rec_00971,10,recombinant,AlphaxAlpha,ERR5990787,ERR5989826,Alpha,Alpha,B.1.1.7,B.1.1.7,0,6245,2,8,27290,0,2,2
rec_00972,10,recombinant,AlphaxAlpha,ERR5966291,ERR5965761,Alpha,Alpha,B.1.1.7,B.1.1.7,0,17957,4,3,28054,0,4,4
rec_00973,10,recombinant,AlphaxAlpha,ERR5965617,ERR5964678,Alpha,Alpha,B.1.1.7,B.1.1.7,0,16425,6,5,27161,0,4,4
rec_00974,10,recombinant,AlphaxAlpha,ERR5965377,ERR5965038,Alpha,Alpha,B.1.1.7,B.1.1.7,0,17689,6,4,23855,0,3,3
rec_00975,10,recombinant,AlphaxAlpha,ERR5965272,ERR5965153,Alpha,Alpha,B.1.1.7,B.1.1.7,0,21766,11,2,27213,0,3,3
rec_00976,10,recombinant,AlphaxAlpha,ERR5964880,ERR5995956,Alpha,Alpha,B.1.1.7,B.1.1.7,0,6304,1,12,23855,0,5,5
rec_00977,10,recombinant,AlphaxAlpha,ERR5991287,ERR5964571,Alpha,Alpha,B.1.1.7,B.1.1.7,0,6569,4,15,26429,0,5,5
rec_00978,10,recombinant,AlphaxAlpha,ERR5964701,ERR5965240,Alpha,Alpha,B.1.1.7,B.1.1.7,0,22980,3,7,25190,0,9,9
rec_00979,10,recombinant,AlphaxAlpha,ERR5991258,ERR5965568,Alpha,Alpha,B.1.1.7,B.1.1.7,0,19682,5,1,22912,41,3,3
rec_00980,10,recombinant,AlphaxAlpha,ERR5964384,ERR5965427,Alpha,Alpha,B.1.1.7,B.1.1.7,0,23863,9,7,29389,0,2,2
rec_00981,10,recombinant,AlphaxAlpha,ERR5964916,ERR5989615,Alpha,Alpha,B.1.1.7,B.1.1.7,0,26260,11,1,28034,0,1,1
rec_00982,10,recombinant,AlphaxAlpha,ERR5965258,ERR5991732,Alpha,Alpha,B.1.1.7,B.1.1.7,0,4367,1,15,28035,78,2,2
rec_00983,10,recombinant,AlphaxAlpha,ERR5981410,ERR5989483,Alpha,Alpha,B.1.1.7,B.1.1.7,0,6631,5,11,27691,0,4,4
rec_00984,10,recombinant,AlphaxAlpha,ERR5965551,ERR5964175,Alpha,Alpha,B.1.1.7,B.1.1.7,0,1798,2,7,27442,0,5,5
rec_00985,10,recombinant,AlphaxAlpha,ERR5965248,ERR5965038,Alpha,Alpha,B.1.1.7,B.1.1.7,0,6212,4,13,25657,0,3,3
rec_00986,10,recombinant,AlphaxAlpha,ERR5981410,ERR5965384,Alpha,Alpha,B.1.1.7,B.1.1.7,0,3063,4,9,23269,0,2,2
rec_00987,10,recombinant,AlphaxAlpha,ERR5989209,ERR5965495,Alpha,Alpha,B.1.1.7,B.1.1.7,0,26002,14,2,25745,0,2,2
rec_00988,10,recombinant,AlphaxAlpha,ERR5965427,ERR5964913,Alpha,Alpha,B.1.1.7,B.1.1.7,0,8731,8,12,29389,0,3,3
rec_00989,10,recombinant,AlphaxAlpha,ERR5965266,ERR5965021,Alpha,Alpha,B.1.1.7,B.1.1.7,0,8480,6,8,27442,0,4,4
rec_00990,10,recombinant,AlphaxAlpha,ERR5964880,ERR5965495,Alpha,Alpha,B.1.1.7,B.1.1.7,0,5467,6,11,25973,0,6,5
rec_00991,10,recombinant,AlphaxAlpha,ERR5966784,ERR5964353,Alpha,Alpha,B.1.1.7,B.1.1.7,0,12764,7,6,25748,0,3,3
rec_00992,10,recombinant,AlphaxAlpha,ERR5965452,ERR5965248,Alpha,Alpha,B.1.1.7,B.1.1.7,0,21454,15,7,27463,0,3,3
rec_00993,10,recombinant,AlphaxAlpha,ERR5990022,ERR5989615,Alpha,Alpha,B.1.1.7,B.1.1.7,0,5200,6,9,27883,267,5,5
rec_00994,10,recombinant,AlphaxAlpha,ERR5990022,ERR5964934,Alpha,Alpha,B.1.1.7,B.1.1.7,0,5065,4,11,26244,0,0,0
rec_00995,10,recombinant,AlphaxAlpha,ERR5991732,ERR5972552,Alpha,Alpha,B.1.1.7,B.1.1.7,0,21115,7,9,28051,0,4,4
rec_00996,10,recombinant,AlphaxAlpha,ERR5963646,ERR5964768,Alpha,Alpha,B.1.1.7,B.1.1.7,0,16248,4,11,29201,0,3,3
rec_00997,10,recombinant,AlphaxAlpha,ERR5990213,ERR5990022,Alpha,Alpha,B.1.1.7,B.1.1.7,0,18957,12,3,27301,58,4,4
rec_00998,10,recombinant,AlphaxAlpha,ERR5964921,ERR5965160,Alpha,Alpha,B.1.1.7,B.1.1.7,0,8360,6,9,26347,253,3,3
rec_00999,10,recombinant,AlphaxAlpha,ERR5964382,ERR5996051,Alpha,Alpha,B.1.1.7,B.1.1.7,0,2265,2,13,28135,0,7,7
ERR5963613,10,control,,,,Alpha,Alpha,B.1.1.7,B.1.1.7,-1,-1,-1,-1,-1,0,6,6
ERR5963617,10,control,,,,Delta,Delta,AY.9,AY.9,-1,-1,-1,-1,-1,266,2,2
ERR5963620,10,control,,,,Delta,Delta,AY.5,AY.5,-1,-1,-1,-1,-1,96,6,6
ERR5963642,10,control,,,,Delta,Delta,AY.122,AY.122,-1,-1,-1,-1,-1,0,3,3
ERR5963644,10,control,,,,Delta,Delta,AY.9,AY.9,-1,-1,-1,-1,-1,0,6,6
ERR5963650,10,control,,,,Delta,Delta,AY.9,AY.9,-1,-1,-1,-1,-1,182,3,3
ERR5963652,10,control,,,,Alpha,Alpha,B.1.1.7,B.1.1.7,-1,-1,-1,-1,-1,0,5,5
ERR5963670,10,control,,,,Alpha,Alpha,B.1.1.7,B.1.1.7,-1,-1,-1,-1,-1,0,5,5
ERR5963699,10,control,,,,Alpha,Alpha,B.1.1.7,B.1.1.7,-1,-1,-1,-1,-1,0,2,2
ERR5963724,10,control,,,,Delta,Delta,AY.5,AY.5,-1,-1,-1,-1,-1,231,4,4
ERR5963726,10,control,,,,Delta,Delta,AY.5,AY.5,-1,-1,-1,-1,-1,172,4,4
ERR5963753,10,control,,,,Delta,Delta,AY.5,AY.5,-1,-1,-1,-1,-1,0,1,1
ERR5963780,10,control,,,,Alpha,Alpha,B.1.1.7,B.1.1.7,-1,-1,-1,-1,-1,0,3,3
ERR5963784,10,control,,,,Alpha,Alpha,B.1.1.7,B.1.1.7,-1,-1,-1,-1,-1,0,2,2
ERR5963806,10,control,,,,Delta,Delta,AY.5,AY.5,-1,-1,-1,-1,-1,272,2,2
ERR5963808,10,control,,,,Alpha,Alpha,B.1.1.7,B.1.1.7,-1,-1,-1,-1,-1,0,5,5
ERR5963829,10,control,,,,Alpha,Alpha,B.1.1.7,B.1.1.7,-1,-1,-1,-1,-1,0,8,8
ERR5963835,10,control,,,,Alpha,Alpha,B.1.1.7,B.1.1.7,-1,-1,-1,-1,-1,0,1,1
ERR5963839,10,control,,,,Alpha,Alpha,B.1.1.7,B.1.1.7,-1,-1,-1,-1,-1,0,6,6
ERR5963860,10,control,,,,Delta,Delta,AY.9,AY.9,-1,-1,-1,-1,-1,272,2,2
ERR5963865,10,control,,,,Delta,Delta,AY.5,AY.5,-1,-1,-1,-1,-1,0,5,5
ERR5963867,10,control,,,,Alpha,Alpha,B.1.1.7,B.1.1.7,-1,-1,-1,-1,-1,285,4,4
ERR5963890,10,control,,,,Delta,Delta,AY.10,AY.10,-1,-1,-1,-1,-1,272,5,5
ERR5963895,10,control,,,,Delta,Delta,AY.4,AY.4,-1,-1,-1,-1,-1,272,4,4
ERR5964087,10,control,,,,Delta,Delta,B.1.617.2,B.1.617.2,-1,-1,-1,-1,-1,275,4,4
ERR5964111,10,control,,,,Alpha,Alpha,B.1.1.7,B.1.1.7,-1,-1,-1,-1,-1,0,4,4
ERR5964113,10,control,,,,Alpha,Alpha,B.1.1.7,B.1.1.7,-1,-1,-1,-1,-1,0,5,5
ERR5964134,10,control,,,,Alpha,Alpha,B.1.1.7,B.1.1.7,-1,-1,-1,-1,-1,0,5,5
ERR5964192,10,control,,,,Delta,Delta,AY.9,AY.9,-1,-1,-1,-1,-1,272,3,3
ERR5964339,10,control,,,,Alpha,Alpha,B.1.1.7,B.1.1.7,-1,-1,-1,-1,-1,0,3,3
ERR5964358,10,control,,,,Alpha,Alpha,B.1.1.7,B.1.1.7,-1,-1,-1,-1,-1,0,6,6
ERR5964360,10,control,,,,Alpha,Alpha,B.1.1.7,B.1.1.7,-1,-1,-1,-1,-1,0,3,3
ERR5964363,10,control,,,,Alpha,Alpha,B.1.1.7,B.1.1.7,-1,-1,-1,-1,-1,0,6,6
ERR5964364,10,control,,,,Alpha,Alpha,B.1.1.7,B.1.1.7,-1,-1,-1,-1,-1,0,5,5
ERR5964366,10,control,,,,Alpha,Alpha,B.1.1.7,B.1.1.7,-1,-1,-1,-1,-1,0,1,1
ERR5964379,10,control,,,,Delta,Delta,B.1.617.2,B.1.617.2,-1,-1,-1,-1,-1,0,4,4
ERR5964381,10,control,,,,Delta,Delta,AY.4,AY.4,-1,-1,-1,-1,-1,124,5,5
ERR5964393,10,control,,,,Delta,Delta,AY.4,AY.4,-1,-1,-1,-1,-1,0,5,5
ERR5964465,10,control,,,,Alpha,Alpha,B.1.1.7,B.1.1.7,-1,-1,-1,-1,-1,0,4,4
ERR5964540,10,control,,,,Alpha,Alpha,B.1.1.7,B.1.1.7,-1,-1,-1,-1,-1,0,0,0
ERR5964542,10,control,,,,Alpha,Alpha,B.1.1.7,B.1.1.7,-1,-1,-1,-1,-1,0,2,2
ERR5964546,10,control,,,,Delta,Delta,B.1.617.2,B.1.617.2,-1,-1,-1,-1,-1,0,5,5
ERR5964548,10,control,,,,Alpha,Alpha,B.1.1.7,B.1.1.7,-1,-1,-1,-1,-1,0,4,4
ERR5964550,10,control,,,,Delta,Delta,AY.4,AY.4,-1,-1,-1,-1,-1,0,1,1
ERR5964569,10,control,,,,Alpha,Alpha,B.1.1.7,B.1.1.7,-1,-1,-1,-1,-1,0,2,2
ERR5964576,10,control,,,,Delta,Delta,AY.4,AY.4,-1,-1,-1,-1,-1,0,2,2
ERR5964580,10,control,,,,Delta,Delta,AY.4,AY.4,-1,-1,-1,-1,-1,0,6,6
ERR5964602,10,control,,,,Alpha,Alpha,B.1.1.7,B.1.1.7,-1,-1,-1,-1,-1,0,1,1
ERR5964606,10,control,,,,Alpha,Alpha,B.1.1.7,B.1.1.7,-1,-1,-1,-1,-1,0,0,0
ERR5964609,10,control,,,,Delta,Delta,AY.4,AY.4,-1,-1,-1,-1,-1,157,5,4
ERR5964635,10,control,,,,Delta,Delta,AY.4,AY.4,-1,-1,-1,-1,-1,0,2,2
ERR5964656,10,control,,,,Delta,Delta,AY.98,AY.98,-1,-1,-1,-1,-1,1,5,5
ERR5964658,10,control,,,,Alpha,Alpha,B.1.1.7,B.1.1.7,-1,-1,-1,-1,-1,331,3,3
ERR5964660,10,control,,,,Delta,Delta,AY.4,AY.4,-1,-1,-1,-1,-1,0,2,2
ERR5964680,10,control,,,,Delta,Delta,AY.4,AY.4,-1,-1,-1,-1,-1,0,4,4
ERR5964684,10,control,,,,Delta,Delta,AY.98,AY.98,-1,-1,-1,-1,-1,0,4,4
ERR5964686,10,control,,,,Alpha,Alpha,B.1.1.7,B.1.1.7,-1,-1,-1,-1,-1,0,5,5
ERR5964690,10,control,,,,Alpha,Alpha,B.1.1.7,B.1.1.7,-1,-1,-1,-1,-1,0,2,2
ERR5964710,10,control,,,,Delta,Delta,AY.4,AY.4,-1,-1,-1,-1,-1,0,3,3
ERR5964718,10,control,,,,Delta,Delta,AY.4,AY.4,-1,-1,-1,-1,-1,0,1,1
ERR5964740,10,control,,,,Alpha,Alpha,B.1.1.7,B.1.1.7,-1,-1,-1,-1,-1,0,3,3
ERR5964747,10,control,,,,Alpha,Alpha,B.1.1.7,B.1.1.7,-1,-1,-1,-1,-1,0,4,4
ERR5964770,10,control,,,,Alpha,Alpha,B.1.1.7,B.1.1.7,-1,-1,-1,-1,-1,0,4,4
ERR5964776,10,control,,,,Alpha,Alpha,B.1.1.7,B.1.1.7,-1,-1,-1,-1,-1,0,2,2
ERR5964780,10,control,,,,Delta,Delta,AY.4,AY.4,-1,-1,-1,-1,-1,0,3,3
ERR5964797,10,control,,,,Alpha,Alpha,B.1.1.7,B.1.1.7,-1,-1,-1,-1,-1,0,1,1
ERR5964799,10,control,,,,Delta,Delta,B.1.617.2,B.1.617.2,-1,-1,-1,-1,-1,0,3,3
ERR5964803,10,control,,,,Alpha,Alpha,B.1.1.7,B.1.1.7,-1,-1,-1,-1,-1,0,1,1
ERR5964807,10,control,,,,Delta,Delta,AY.4,AY.4,-1,-1,-1,-1,-1,0,5,5
ERR5964809,10,control,,,,Delta,Delta,AY.4,AY.4,-1,-1,-1,-1,-1,158,4,4
ERR5964828,10,control,,,,Delta,Delta,AY.4,AY.4,-1,-1,-1,-1,-1,0,3,3
ERR5964829,10,control,,,,Alpha,Alpha,B.1.1.7,B.1.1.7,-1,-1,-1,-1,-1,346,3,3
ERR5964831,10,control,,,,Alpha,Alpha,B.1.1.7,B.1.1.7,-1,-1,-1,-1,-1,0,3,3
ERR5964835,10,control,,,,Alpha,Alpha,B.1.1.7,B.1.1.7,-1,-1,-1,-1,-1,0,2,2
ERR5964836,10,control,,,,Delta,Delta,AY.98,AY.98,-1,-1,-1,-1,-1,0,1,1
ERR5964840,10,control,,,,Delta,Delta,AY.98,AY.98,-1,-1,-1,-1,-1,195,4,4
ERR5964856,10,control,,,,Delta,Delta,AY.4,AY.4,-1,-1,-1,-1,-1,179,5,5
ERR5964860,10,control,,,,Delta,Delta,AY.4,AY.4,-1,-1,-1,-1,-1,0,4,4
ERR5964862,10,control,,,,Alpha,Alpha,B.1.1.7,B.1.1.7,-1,-1,-1,-1,-1,0,4,4
ERR5964869,10,control,,,,Alpha,Alpha,B.1.1.7,B.1.1.7,-1,-1,-1,-1,-1,0,5,5
ERR5964873,10,control,,,,Alpha,Alpha,B.1.1.7,B.1.1.7,-1,-1,-1,-1,-1,0,2,2
ERR5964879,10,control,,,,Delta,Delta,AY.4,AY.4,-1,-1,-1,-1,-1,0,4,4
ERR5964881,10,control,,,,Delta,Delta,AY.4,AY.4,-1,-1,-1,-1,-1,0,8,8
ERR5964882,10,control,,,,Delta,Delta,AY.4,AY.4,-1,-1,-1,-1,-1,272,4,4
ERR5964883,10,control,,,,Delta,Delta,AY.4,AY.4,-1,-1,-1,-1,-1,272,2,2
ERR5964887,10,control,,,,Delta,Delta,AY.4,AY.4,-1,-1,-1,-1,-1,0,2,2
ERR5964888,10,control,,,,Delta,Delta,AY.4,AY.4,-1,-1,-1,-1,-1,205,1,1
ERR5964892,10,control,,,,Alpha,Alpha,B.1.1.7,B.1.1.7,-1,-1,-1,-1,-1,0,6,6
ERR5964893,10,control,,,,Alpha,Alpha,B.1.1.7,B.1.1.7,-1,-1,-1,-1,-1,0,8,8
ERR5964894,10,control,,,,Alpha,Alpha,B.1.1.7,B.1.1.7,-1,-1,-1,-1,-1,0,3,3
ERR5964895,10,control,,,,Delta,Delta,AY.4,AY.4,-1,-1,-1,-1,-1,272,2,2
ERR5964896,10,control,,,,Delta,Delta,AY.4,AY.4,-1,-1,-1,-1,-1,272,4,4
ERR5964909,10,control,,,,Delta,Delta,AY.4,AY.4,-1,-1,-1,-1,-1,183,4,4
ERR5964917,10,control,,,,Delta,Delta,AY.4,AY.4,-1,-1,-1,-1,-1,0,3,3
ERR5964918,10,control,,,,Alpha,Alpha,B.1.1.7,B.1.1.7,-1,-1,-1,-1,-1,0,4,4
ERR5964919,10,control,,,,Alpha,Alpha,B.1.1.7,B.1.1.7,-1,-1,-1,-1,-1,0,6,6
ERR5964923,10,control,,,,Alpha,Alpha,B.1.1.7,B.1.1.7,-1,-1,-1,-1,-1,0,4,4
ERR5964930,10,control,,,,Alpha,Alpha,B.1.1.7,B.1.1.7,-1,-1,-1,-1,-1,0,5,5
ERR5964932,10,control,,,,Delta,Delta,AY.4,AY.4,-1,-1,-1,-1,-1,0,5,4
ERR5964936,10,control,,,,Delta,Delta,AY.4,AY.4,-1,-1,-1,-1,-1,231,3,3
ERR5964941,10,control,,,,Alpha,Alpha,B.1.1.7,B.1.1.7,-1,-1,-1,-1,-1,0,4,4
ERR5964954,10,control,,,,Alpha,Alpha,B.1.1.7,B.1.1.7,-1,-1,-1,-1,-1,0,3,3
ERR5964959,10,control,,,,Delta,Delta,AY.7,AY.7,-1,-1,-1,-1,-1,145,4,4
ERR5964976,10,control,,,,Alpha,Alpha,B.1.1.7,B.1.1.7,-1,-1,-1,-1,-1,0,4,4
ERR5964977,10,control,,,,Delta,Delta,AY.4,AY.4,-1,-1,-1,-1,-1,0,5,5
ERR5964980,10,control,,,,Alpha,Alpha,B.1.1.7,B.1.1.7,-1,-1,-1,-1,-1,0,2,2
ERR5964984,10,control,,,,Delta,Delta,AY.4,AY.4,-1,-1,-1,-1,-1,157,6,6
ERR5964992,10,control,,,,Delta,Delta,AY.4,AY.4,-1,-1,-1,-1,-1,272,4,4
ERR5964996,10,control,,,,Delta,Delta,B.1.617.2,B.1.617.2,-1,-1,-1,-1,-1,125,3,3
ERR5965005,10,control,,,,Alpha,Alpha,B.1.1.7,B.1.1.7,-1,-1,-1,-1,-1,0,3,3
ERR5965013,10,control,,,,Delta,Delta,AY.10,AY.10,-1,-1,-1,-1,-1,0,4,4
ERR5965017,10,control,,,,Alpha,Alpha,B.1.1.7,B.1.1.7,-1,-1,-1,-1,-1,0,3,3
ERR5965025,10,control,,,,Alpha,Alpha,B.1.1.7,B.1.1.7,-1,-1,-1,-1,-1,0,5,5
ERR5965027,10,control,,,,Alpha,Alpha,B.1.1.7,B.1.1.7,-1,-1,-1,-1,-1,0,3,3
ERR5965029,10,control,,,,Alpha,Alpha,B.1.1.7,B.1.1.7,-1,-1,-1,-1,-1,0,5,5
ERR5965037,10,control,,,,Alpha,Alpha,B.1.1.7,B.1.1.7,-1,-1,-1,-1,-1,427,2,2
ERR5965040,10,control,,,,Delta,Delta,AY.4,AY.4,-1,-1,-1,-1,-1,0,2,2
ERR5965047,10,control,,,,Alpha,Alpha,B.1.1.7,B.1.1.7,-1,-1,-1,-1,-1,0,0,0
ERR5965060,10,control,,,,Alpha,Alpha,B.1.1.7,B.1.1.7,-1,-1,-1,-1,-1,0,8,7
ERR5965064,10,control,,,,Alpha,Alpha,B.1.1.7,B.1.1.7,-1,-1,-1,-1,-1,0,2,2
ERR5965066,10,control,,,,Alpha,Alpha,B.1.1.7,B.1.1.7,-1,-1,-1,-1,-1,0,4,4
ERR5965069,10,control,,,,Delta,Delta,AY.4,AY.4,-1,-1,-1,-1,-1,125,1,1
ERR5965091,10,control,,,,Alpha,Alpha,B.1.1.7,B.1.1.7,-1,-1,-1,-1,-1,0,0,0
ERR5965092,10,control,,,,Delta,Delta,AY.4,AY.4,-1,-1,-1,-1,-1,0,4,4
ERR5965093,10,control,,,,Alpha,Alpha,B.1.1.7,B.1.1.7,-1,-1,-1,-1,-1,0,2,2
ERR5965099,10,control,,,,Delta,Delta,AY.4,AY.4,-1,-1,-1,-1,-1,0,9,8
ERR5965101,10,control,,,,Alpha,Alpha,B.1.1.7,B.1.1.7,-1,-1,-1,-1,-1,0,4,4
ERR5965103,10,control,,,,Alpha,Alpha,B.1.1.7,B.1.1.7,-1,-1,-1,-1,-1,0,3,3
ERR5965105,10,control,,,,Delta,Delta,AY.4,AY.4,-1,-1,-1,-1,-1,0,4,4
ERR5965120,10,control,,,,Alpha,Alpha,B.1.1.7,B.1.1.7,-1,-1,-1,-1,-1,0,5,5
ERR5965122,10,control,,,,Alpha,Alpha,B.1.1.7,B.1.1.7,-1,-1,-1,-1,-1,0,2,2
ERR5965124,10,control,,,,Alpha,Alpha,B.1.1.7,B.1.1.7,-1,-1,-1,-1,-1,0,4,4
ERR5965130,10,control,,,,Alpha,Alpha,B.1.1.7,B.1.1.7,-1,-1,-1,-1,-1,281,5,5
ERR5965132,10,control,,,,Alpha,Alpha,B.1.1.7,B.1.1.7,-1,-1,-1,-1,-1,0,1,1
ERR5965135,10,control,,,,Alpha,Alpha,B.1.1.7,B.1.1.7,-1,-1,-1,-1,-1,0,6,6
ERR5965144,10,control,,,,Delta,Delta,AY.4,AY.4,-1,-1,-1,-1,-1,0,5,5
ERR5965156,10,control,,,,Alpha,Alpha,B.1.1.7,B.1.1.7,-1,-1,-1,-1,-1,0,7,7
ERR5965162,10,control,,,,Alpha,Alpha,B.1.1.7,B.1.1.7,-1,-1,-1,-1,-1,0,4,4
ERR5965165,10,control,,,,Alpha,Alpha,B.1.1.7,B.1.1.7,-1,-1,-1,-1,-1,0,4,4
ERR5965181,10,control,,,,Alpha,Alpha,B.1.1.7,B.1.1.7,-1,-1,-1,-1,-1,0,4,4
ERR5965193,10,control,,,,Delta,Delta,AY.4,AY.4,-1,-1,-1,-1,-1,0,7,7
ERR5965199,10,control,,,,Alpha,Alpha,B.1.1.7,B.1.1.7,-1,-1,-1,-1,-1,0,7,7
ERR5965211,10,control,,,,Delta,Delta,AY.4,AY.4,-1,-1,-1,-1,-1,0,1,1
ERR5965215,10,control,,,,Delta,Delta,AY.4,AY.4,-1,-1,-1,-1,-1,272,1,1
ERR5965218,10,control,,,,Delta,Delta,AY.4,AY.4,-1,-1,-1,-1,-1,0,4,4
ERR5965220,10,control,,,,Alpha,Alpha,B.1.1.7,B.1.1.7,-1,-1,-1,-1,-1,0,4,4
ERR5965225,10,control,,,,Alpha,Alpha,B.1.1.7,B.1.1.7,-1,-1,-1,-1,-1,0,5,5
ERR5965244,10,control,,,,Alpha,Alpha,B.1.1.7,B.1.1.7,-1,-1,-1,-1,-1,0,1,1
ERR5965260,10,control,,,,Delta,Delta,AY.4,AY.4,-1,-1,-1,-1,-1,0,6,6
ERR5965275,10,control,,,,Delta,Delta,AY.4,AY.4,-1,-1,-1,-1,-1,0,6,6
ERR5965277,10,control,,,,Delta,Delta,AY.4,AY.4,-1,-1,-1,-1,-1,0,5,5
ERR5965280,10,control,,,,Alpha,Alpha,B.1.1.7,B.1.1.7,-1,-1,-1,-1,-1,0,6,6
ERR5965292,10,control,,,,Alpha,Alpha,B.1.1.7,B.1.1.7,-1,-1,-1,-1,-1,0,2,2
ERR5965302,10,control,,,,Alpha,Alpha,B.1.1.7,B.1.1.7,-1,-1,-1,-1,-1,0,7,7
ERR5965304,10,control,,,,Delta,Delta,AY.4,AY.4,-1,-1,-1,-1,-1,0,6,6
ERR5965323,10,control,,,,Delta,Delta,AY.4,AY.4,-1,-1,-1,-1,-1,285,3,3
ERR5965325,10,control,,,,Delta,Delta,AY.98,AY.98,-1,-1,-1,-1,-1,0,2,2
ERR5965327,10,control,,,,Delta,Delta,AY.4,AY.4,-1,-1,-1,-1,-1,0,6,6
ERR5965329,10,control,,,,Alpha,Alpha,B.1.1.7,B.1.1.7,-1,-1,-1,-1,-1,0,3,3
ERR5965335,10,control,,,,Delta,Delta,AY.4,AY.4,-1,-1,-1,-1,-1,0,2,2
ERR5965354,10,control,,,,Alpha,Alpha,B.1.1.7,B.1.1.7,-1,-1,-1,-1,-1,0,2,2
ERR5965363,10,control,,,,Alpha,Alpha,B.1.1.7,B.1.1.7,-1,-1,-1,-1,-1,0,1,1
ERR5965386,10,control,,,,Delta,Delta,AY.4,AY.4,-1,-1,-1,-1,-1,0,6,6
ERR5965392,10,control,,,,Alpha,Alpha,B.1.1.7,B.1.1.7,-1,-1,-1,-1,-1,0,6,6
ERR5965394,10,control,,,,Alpha,Alpha,B.1.1.7,B.1.1.7,-1,-1,-1,-1,-1,0,4,4
ERR5965402,10,control,,,,Delta,Delta,B.1.617.2,B.1.617.2,-1,-1,-1,-1,-1,0,4,4
ERR5965411,10,control,,,,Delta,Delta,AY.4,AY.4,-1,-1,-1,-1,-1,110,0,0
ERR5965412,10,control,,,,Alpha,Alpha,B.1.1.7,B.1.1.7,-1,-1,-1,-1,-1,0,2,2
ERR5965432,10,control,,,,Alpha,Alpha,B.1.1.7,B.1.1.7,-1,-1,-1,-1,-1,0,4,4
ERR5965448,10,control,,,,Delta,Delta,AY.4,AY.4,-1,-1,-1,-1,-1,1,2,2
ERR5965450,10,control,,,,Alpha,Alpha,B.1.1.7,B.1.1.7,-1,-1,-1,-1,-1,0,5,5
ERR5965454,10,control,,,,Delta,Delta,AY.4,AY.4,-1,-1,-1,-1,-1,231,10,9
ERR5965464,10,control,,,,Alpha,Alpha,B.1.1.7,B.1.1.7,-1,-1,-1,-1,-1,0,4,4
ERR5965471,10,control,,,,Alpha,Alpha,B.1.1.7,B.1.1.7,-1,-1,-1,-1,-1,0,2,2
ERR5965473,10,control,,,,Alpha,Alpha,B.1.1.7,B.1.1.7,-1,-1,-1,-1,-1,0,8,8
ERR5965479,10,control,,,,Alpha,Alpha,B.1.1.7,B.1.1.7,-1,-1,-1,-1,-1,0,4,4
ERR5965481,10,control,,,,Alpha,Alpha,B.1.1.7,B.1.1.7,-1,-1,-1,-1,-1,0,5,5
ERR5965493,10,control,,,,Alpha,Alpha,B.1.1.7,B.1.1.7,-1,-1,-1,-1,-1,0,2,2
ERR5965509,10,control,,,,Alpha,Alpha,B.1.1.7,B.1.1.7,-1,-1,-1,-1,-1,0,3,3
ERR5965510,10,control,,,,Alpha,Alpha,B.1.1.7,B.1.1.7,-1,-1,-1,-1,-1,0,5,5
ERR5965520,10,control,,,,Delta,Delta,AY.4,AY.4,-1,-1,-1,-1,-1,0,4,4
ERR5965521,10,control,,,,Delta,Delta,AY.4,AY.4,-1,-1,-1,-1,-1,0,6,6
ERR5965532,10,control,,,,Delta,Delta,AY.4,AY.4,-1,-1,-1,-1,-1,0,2,2
ERR5965534,10,control,,,,Alpha,Alpha,B.1.1.7,B.1.1.7,-1,-1,-1,-1,-1,285,1,1
ERR5965537,10,control,,,,Delta,Delta,B.1.617.2,B.1.617.2,-1,-1,-1,-1,-1,0,6,6
ERR5965539,10,control,,,,Alpha,Alpha,B.1.1.7,B.1.1.7,-1,-1,-1,-1,-1,0,3,3
ERR5965555,10,control,,,,Alpha,Alpha,B.1.1.7,B.1.1.7,-1,-1,-1,-1,-1,0,4,4
ERR5965557,10,control,,,,Alpha,Alpha,B.1.1.7,B.1.1.7,-1,-1,-1,-1,-1,0,3,3
ERR5965559,10,control,,,,Alpha,Alpha,B.1.1.7,B.1.1.7,-1,-1,-1,-1,-1,0,5,5
ERR5965573,10,control,,,,Delta,Delta,AY.4,AY.4,-1,-1,-1,-1,-1,0,10,10
ERR5965574,10,control,,,,Delta,Delta,AY.4,AY.4,-1,-1,-1,-1,-1,272,0,0
ERR5965592,10,control,,,,Delta,Delta,AY.4,AY.4,-1,-1,-1,-1,-1,0,8,8
ERR5965609,10,control,,,,Alpha,Alpha,B.1.1.7,B.1.1.7,-1,-1,-1,-1,-1,0,3,3
ERR5965613,10,control,,,,Alpha,Alpha,B.1.1.7,B.1.1.7,-1,-1,-1,-1,-1,27,10,10
ERR5965615,10,control,,,,Delta,Delta,AY.4,AY.4,-1,-1,-1,-1,-1,0,5,5
ERR5965620,10,control,,,,Delta,Delta,AY.4,AY.4,-1,-1,-1,-1,-1,0,7,7
ERR5965621,10,control,,,,Delta,Delta,AY.4,AY.4,-1,-1,-1,-1,-1,0,5,5
ERR5965624,10,control,,,,Delta,Delta,AY.4,AY.4,-1,-1,-1,-1,-1,0,7,7
ERR5965626,10,control,,,,Delta,Delta,AY.4,AY.4,-1,-1,-1,-1,-1,0,3,3
ERR5965637,10,control,,,,Alpha,Alpha,B.1.1.7,B.1.1.7,-1,-1,-1,-1,-1,0,4,4
ERR5965638,10,control,,,,Delta,Delta,AY.4,AY.4,-1,-1,-1,-1,-1,0,3,3
ERR5965641,10,control,,,,Alpha,Alpha,B.1.1.7,B.1.1.7,-1,-1,-1,-1,-1,0,7,7
ERR5965643,10,control,,,,Delta,Delta,AY.4,AY.4,-1,-1,-1,-1,-1,0,9,9
ERR5965648,10,control,,,,Alpha,Alpha,B.1.1.7,B.1.1.7,-1,-1,-1,-1,-1,0,4,4
ERR5965661,10,control,,,,Delta,Delta,AY.4,AY.4,-1,-1,-1,-1,-1,0,5,5
ERR5965663,10,control,,,,Delta,Delta,AY.4,AY.4,-1,-1,-1,-1,-1,0,0,0
ERR5965665,10,control,,,,Delta,Delta,AY.4,AY.4,-1,-1,-1,-1,-1,0,2,2
ERR5965666,10,control,,,,Delta,Delta,AY.4,AY.4,-1,-1,-1,-1,-1,231,0,0
ERR5965670,10,control,,,,Delta,Delta,AY.4,AY.4,-1,-1,-1,-1,-1,0,1,1
ERR5965672,10,control,,,,Delta,Delta,AY.4,AY.4,-1,-1,-1,-1,-1,0,3,3
ERR5965681,10,control,,,,Delta,Delta,AY.9,AY.9,-1,-1,-1,-1,-1,0,2,2
ERR5965697,10,control,,,,Delta,Delta,AY.4,AY.4,-1,-1,-1,-1,-1,0,3,3
ERR5965698,10,control,,,,Alpha,Alpha,B.1.1.7,B.1.1.7,-1,-1,-1,-1,-1,0,3,3
ERR5965716,10,control,,,,Delta,Delta,AY.98,AY.98,-1,-1,-1,-1,-1,0,3,3
ERR5965719,10,control,,,,Delta,Delta,AY.4,AY.4,-1,-1,-1,-1,-1,0,1,1
ERR5965725,10,control,,,,Delta,Delta,AY.4,AY.4,-1,-1,-1,-1,-1,231,4,4
ERR5965789,10,control,,,,Alpha,Alpha,B.1.1.7,B.1.1.7,-1,-1,-1,-1,-1,0,2,2
ERR5965799,10,control,,,,Delta,Delta,B.1.617.2,B.1.617.2,-1,-1,-1,-1,-1,0,3,3
ERR5965804,10,control,,,,Delta,Delta,AY.4,AY.4,-1,-1,-1,-1,-1,0,4,4
ERR5965806,10,control,,,,Delta,Delta,B.1.617.2,B.1.617.2,-1,-1,-1,-1,-1,0,2,2
ERR5965808,10,control,,,,Delta,Delta,AY.4,AY.4,-1,-1,-1,-1,-1,0,6,6
ERR5965809,10,control,,,,Alpha,Alpha,B.1.1.7,B.1.1.7,-1,-1,-1,-1,-1,0,2,2
ERR5965813,10,control,,,,Delta,Delta,AY.4,AY.4,-1,-1,-1,-1,-1,0,1,1
ERR5965823,10,control,,,,Alpha,Alpha,B.1.1.7,B.1.1.7,-1,-1,-1,-1,-1,0,6,6
ERR5966276,10,control,,,,Alpha,Alpha,B.1.1.7,B.1.1.7,-1,-1,-1,-1,-1,0,7,7
ERR5966294,10,control,,,,Alpha,Alpha,B.1.1.7,B.1.1.7,-1,-1,-1,-1,-1,0,6,6
ERR5966384,10,control,,,,Delta,Delta,AY.4,AY.4,-1,-1,-1,-1,-1,126,4,4
ERR5966386,10,control,,,,Delta,Delta,AY.4,AY.4,-1,-1,-1,-1,-1,272,0,0
ERR5966454,10,control,,,,Delta,Delta,AY.4,AY.4,-1,-1,-1,-1,-1,272,3,3
ERR5966490,10,control,,,,Delta,Delta,AY.4,AY.4,-1,-1,-1,-1,-1,231,1,1
ERR5966783,10,control,,,,Alpha,Alpha,B.1.1.7,B.1.1.7,-1,-1,-1,-1,-1,0,5,5
ERR5966790,10,control,,,,Alpha,Alpha,B.1.1.7,B.1.1.7,-1,-1,-1,-1,-1,0,3,3
ERR5966791,10,control,,,,Alpha,Alpha,B.1.1.7,B.1.1.7,-1,-1,-1,-1,-1,0,8,8
ERR5966799,10,control,,,,Delta,Delta,AY.9,AY.9,-1,-1,-1,-1,-1,139,8,8
ERR5966801,10,control,,,,Delta,Delta,AY.9,AY.9,-1,-1,-1,-1,-1,245,2,2
ERR5970733,10,control,,,,Alpha,Alpha,B.1.1.7,B.1.1.7,-1,-1,-1,-1,-1,0,6,6
ERR5972198,10,control,,,,Alpha,Alpha,B.1.1.7,B.1.1.7,-1,-1,-1,-1,-1,0,5,5
ERR5972750,10,control,,,,Delta,Delta,AY.5,AY.5,-1,-1,-1,-1,-1,275,3,3
ERR5981395,10,control,,,,Alpha,Alpha,B.1.1.7,B.1.1.7,-1,-1,-1,-1,-1,0,3,3
ERR5981401,10,control,,,,Delta,Delta,AY.7,AY.7,-1,-1,-1,-1,-1,0,5,5
ERR5981416,10,control,,,,Alpha,Alpha,B.1.1.7,B.1.1.7,-1,-1,-1,-1,-1,0,0,0
ERR5981425,10,control,,,,Alpha,Alpha,B.1.1.7,B.1.1.7,-1,-1,-1,-1,-1,0,4,4
ERR5981431,10,control,,,,Alpha,Alpha,B.1.1.7,B.1.1.7,-1,-1,-1,-1,-1,0,2,2
ERR5981518,10,control,,,,Alpha,Alpha,B.1.1.7,B.1.1.7,-1,-1,-1,-1,-1,0,1,1
ERR5981550,10,control,,,,Alpha,Alpha,B.1.1.7,B.1.1.7,-1,-1,-1,-1,-1,0,5,5
ERR5981606,10,control,,,,Delta,Delta,AY.4,AY.4,-1,-1,-1,-1,-1,156,6,6
ERR5989114,10,control,,,,Alpha,Alpha,B.1.1.7,B.1.1.7,-1,-1,-1,-1,-1,0,3,3
ERR5989156,10,control,,,,Delta,Delta,B.1.617.2,B.1.617.2,-1,-1,-1,-1,-1,244,8,7
ERR5989344,10,control,,,,Alpha,Alpha,B.1.1.7,B.1.1.7,-1,-1,-1,-1,-1,0,1,1
ERR5989507,10,control,,,,Alpha,Alpha,B.1.1.7,B.1.1.7,-1,-1,-1,-1,-1,0,4,4
ERR5989567,10,control,,,,Alpha,Alpha,B.1.1.7,B.1.1.7,-1,-1,-1,-1,-1,243,4,4
ERR5989630,10,control,,,,Alpha,Alpha,B.1.1.7,B.1.1.7,-1,-1,-1,-1,-1,0,7,7
ERR5989648,10,control,,,,Alpha,Alpha,B.1.1.7,B.1.1.7,-1,-1,-1,-1,-1,0,5,5
ERR5989833,10,control,,,,Delta,Delta,AY.8,AY.8,-1,-1,-1,-1,-1,23,2,2
ERR5989834,10,control,,,,Alpha,Alpha,B.1.1.7,B.1.1.7,-1,-1,-1,-1,-1,350,2,2
ERR5990007,10,control,,,,Alpha,Alpha,B.1.1.7,B.1.1.7,-1,-1,-1,-1,-1,0,1,1
ERR5990175,10,control,,,,Delta,Delta,B.1.617.2,B.1.617.2,-1,-1,-1,-1,-1,394,3,3
ERR5990206,10,control,,,,Alpha,Alpha,B.1.1.7,B.1.1.7,-1,-1,-1,-1,-1,5,5,5
ERR5990266,10,control,,,,Alpha,Alpha,B.1.1.7,B.1.1.7,-1,-1,-1,-1,-1,149,8,8
ERR5990287,10,control,,,,Alpha,Alpha,B.1.1.7,B.1.1.7,-1,-1,-1,-1,-1,192,2,2
ERR5990437,10,control,,,,Alpha,Alpha,B.1.1.7,B.1.1.7,-1,-1,-1,-1,-1,464,2,2
ERR5990479,10,control,,,,Delta,Delta,AY.4,AY.4,-1,-1,-1,-1,-1,23,2,2
ERR5990516,10,control,,,,Alpha,Alpha,B.1.1.7,B.1.1.7,-1,-1,-1,-1,-1,0,3,3
ERR5990620,10,control,,,,Alpha,Alpha,B.1.1.7,B.1.1.7,-1,-1,-1,-1,-1,0,2,2
ERR5990714,10,control,,,,Alpha,Alpha,B.1.1.7,B.1.1.7,-1,-1,-1,-1,-1,21,2,2
ERR5990767,10,control,,,,Alpha,Alpha,B.1.1.7,B.1.1.7,-1,-1,-1,-1,-1,0,5,5
ERR5990866,10,control,,,,Alpha,Alpha,B.1.1.7,B.1.1.7,-1,-1,-1,-1,-1,0,5,5
ERR5990935,10,control,,,,Alpha,Alpha,B.1.1.7,B.1.1.7,-1,-1,-1,-1,-1,0,4,4
ERR5990955,10,control,,,,Alpha,Alpha,B.1.1.7,B.1.1.7,-1,-1,-1,-1,-1,0,3,3
ERR5990986,10,control,,,,Alpha,Alpha,B.1.1.7,B.1.1.7,-1,-1,-1,-1,-1,3,5,4
ERR5991038,10,control,,,,Alpha,Alpha,B.1.1.7,B.1.1.7,-1,-1,-1,-1,-1,116,3,3
ERR5991071,10,control,,,,Alpha,Alpha,B.1.1.7,B.1.1.7,-1,-1,-1,-1,-1,32,4,4
ERR5991105,10,control,,,,Delta,Delta,AY.111,AY.111,-1,-1,-1,-1,-1,156,5,5
ERR5991209,10,control,,,,Alpha,Alpha,B.1.1.7,B.1.1.7,-1,-1,-1,-1,-1,7,4,4
ERR5991283,10,control,,,,Alpha,Alpha,B.1.1.7,B.1.1.7,-1,-1,-1,-1,-1,0,4,4
ERR5991285,10,control,,,,Alpha,Alpha,B.1.1.7,B.1.1.7,-1,-1,-1,-1,-1,0,1,1
ERR5991353,10,control,,,,Delta,Delta,AY.122,AY.122,-1,-1,-1,-1,-1,146,1,1
ERR5991480,10,control,,,,Alpha,Alpha,B.1.1.7,B.1.1.7,-1,-1,-1,-1,-1,5,6,6
ERR5991600,10,control,,,,Alpha,Alpha,B.1.1.7,B.1.1.7,-1,-1,-1,-1,-1,0,1,1
ERR5991603,10,control,,,,Alpha,Alpha,B.1.1.7,B.1.1.7,-1,-1,-1,-1,-1,0,3,3
ERR5991780,10,control,,,,Alpha,Alpha,B.1.1.7,B.1.1.7,-1,-1,-1,-1,-1,0,6,6
ERR5991872,10,control,,,,Alpha,Alpha,B.1.1.7,B.1.1.7,-1,-1,-1,-1,-1,0,4,4
ERR5992093,10,control,,,,Alpha,Alpha,B.1.1.7,B.1.1.7,-1,-1,-1,-1,-1,0,2,2
ERR5992117,10,control,,,,Alpha,Alpha,B.1.1.7,B.1.1.7,-1,-1,-1,-1,-1,0,6,6
ERR5992138,10,control,,,,Alpha,Alpha,B.1.1.7,B.1.1.7,-1,-1,-1,-1,-1,0,5,4
ERR5992154,10,control,,,,Alpha,Alpha,B.1.1.7,B.1.1.7,-1,-1,-1,-1,-1,0,4,4
ERR5993439,10,control,,,,Delta,Delta,AY.4,AY.4,-1,-1,-1,-1,-1,253,2,2
ERR5993644,10,control,,,,Delta,Delta,AY.4,AY.4,-1,-1,-1,-1,-1,0,3,3
ERR5993918,10,control,,,,Alpha,Alpha,B.1.1.7,B.1.1.7,-1,-1,-1,-1,-1,0,6,6
ERR5994033,10,control,,,,Delta,Delta,AY.4,AY.4,-1,-1,-1,-1,-1,272,7,7
ERR5994341,10,control,,,,Alpha,Alpha,B.1.1.7,B.1.1.7,-1,-1,-1,-1,-1,285,2,2
ERR5995227,10,control,,,,Delta,Delta,AY.4,AY.4,-1,-1,-1,-1,-1,196,2,2
ERR5995364,10,control,,,,Delta,Delta,AY.4,AY.4,-1,-1,-1,-1,-1,0,5,5
ERR5995365,10,control,,,,Delta,Delta,AY.4,AY.4,-1,-1,-1,-1,-1,231,4,4
ERR5995793,10,control,,,,Delta,Delta,AY.4,AY.4,-1,-1,-1,-1,-1,0,5,5
ERR5995827,10,control,,,,Delta,Delta,AY.4,AY.4,-1,-1,-1,-1,-1,0,4,4
ERR5995900,10,control,,,,Delta,Delta,AY.4,AY.4,-1,-1,-1,-1,-1,0,1,1
ERR5995906,10,control,,,,Delta,Delta,AY.4,AY.4,-1,-1,-1,-1,-1,0,6,6
ERR5995925,10,control,,,,Delta,Delta,AY.4,AY.4,-1,-1,-1,-1,-1,0,3,3
ERR5995927,10,control,,,,Delta,Delta,AY.4,AY.4,-1,-1,-1,-1,-1,0,5,5
ERR5995929,10,control,,,,Delta,Delta,AY.4,AY.4,-1,-1,-1,-1,-1,0,4,4
ERR5995935,10,control,,,,Delta,Delta,AY.4,AY.4,-1,-1,-1,-1,-1,0,5,5
ERR5995939,10,control,,,,Delta,Delta,AY.4,AY.4,-1,-1,-1,-1,-1,0,6,6
ERR5995958,10,control,,,,Delta,Delta,AY.4,AY.4,-1,-1,-1,-1,-1,0,2,2
ERR5995962,10,control,,,,Delta,Delta,AY.4,AY.4,-1,-1,-1,-1,-1,0,3,3
ERR5995964,10,control,,,,Delta,Delta,AY.4,AY.4,-1,-1,-1,-1,-1,0,2,2
ERR5995966,10,control,,,,Delta,Delta,AY.4,AY.4,-1,-1,-1,-1,-1,0,4,4
ERR5995968,10,control,,,,Delta,Delta,AY.4,AY.4,-1,-1,-1,-1,-1,0,4,4
ERR5995985,10,control,,,,Delta,Delta,B.1.617.2,B.1.617.2,-1,-1,-1,-1,-1,0,3,3
ERR5995987,10,control,,,,Alpha,Alpha,B.1.1.7,B.1.1.7,-1,-1,-1,-1,-1,0,4,4
ERR5995989,10,control,,,,Delta,Delta,AY.4,AY.4,-1,-1,-1,-1,-1,0,8,8
ERR5995990,10,control,,,,Delta,Delta,AY.4,AY.4,-1,-1,-1,-1,-1,0,4,4
ERR5995992,10,control,,,,Delta,Delta,AY.4,AY.4,-1,-1,-1,-1,-1,0,2,2
ERR5995994,10,control,,,,Alpha,Alpha,B.1.1.7,B.1.1.7,-1,-1,-1,-1,-1,0,3,3
ERR5995997,10,control,,,,Alpha,Alpha,B.1.1.7,B.1.1.7,-1,-1,-1,-1,-1,0,2,2
ERR5996018,10,control,,,,Delta,Delta,AY.4,AY.4,-1,-1,-1,-1,-1,271,1,1
ERR5996021,10,control,,,,Delta,Delta,AY.4,AY.4,-1,-1,-1,-1,-1,0,6,6
ERR5996022,10,control,,,,Delta,Delta,AY.4,AY.4,-1,-1,-1,-1,-1,0,1,1
ERR5996024,10,control,,,,Delta,Delta,AY.4,AY.4,-1,-1,-1,-1,-1,0,3,3
ERR5996030,10,control,,,,Delta,Delta,AY.4,AY.4,-1,-1,-1,-1,-1,0,4,4
ERR5996047,10,control,,,,Delta,Delta,AY.4,AY.4,-1,-1,-1,-1,-1,0,4,4
ERR5996048,10,control,,,,Delta,Delta,AY.4,AY.4,-1,-1,-1,-1,-1,0,5,5
ERR5996052,10,control,,,,Delta,Delta,AY.4,AY.4,-1,-1,-1,-1,-1,0,5,5
ERR5996055,10,control,,,,Delta,Delta,AY.4,AY.4,-1,-1,-1,-1,-1,0,1,1
ERR5996078,10,control,,,,Delta,Delta,B.1.617.2,B.1.617.2,-1,-1,-1,-1,-1,0,1,1
ERR5996079,10,control,,,,Delta,Delta,AY.4,AY.4,-1,-1,-1,-1,-1,0,2,2
ERR5996085,10,control,,,,Delta,Delta,AY.4,AY.4,-1,-1,-1,-1,-1,0,2,2
ERR5996090,10,control,,,,Delta,Delta,AY.4,AY.4,-1,-1,-1,-1,-1,0,2,2
ERR5996092,10,control,,,,Delta,Delta,AY.4,AY.4,-1,-1,-1,-1,-1,0,4,4
ERR5996656,10,control,,,,Alpha,Alpha,B.1.1.7,B.1.1.7,-1,-1,-1,-1,-1,0,3,3
ERR6007721,10,control,,,,Delta,Delta,AY.10,AY.10,-1,-1,-1,-1,-1,0,3,3
ERR6008959,10,control,,,,Delta,Delta,AY.4,AY.4,-1,-1,-1,-1,-1,0,4,4
ERR6009153,10,control,,,,Delta,Delta,AY.4,AY.4,-1,-1,-1,-1,-1,73,5,5
ERR6058933,10,control,,,,Alpha,Alpha,B.1.1.7,B.1.1.7,-1,-1,-1,-1,-1,445,4,4
ERR6059393,10,control,,,,Alpha,Alpha,B.1.1.7,B.1.1.7,-1,-1,-1,-1,-1,123,4,4
ERR6060204,10,control,,,,Alpha,Alpha,B.1.1.7,B.1.1.7,-1,-1,-1,-1,-1,354,0,0
ERR6060812,10,control,,,,Alpha,Alpha,B.1.1.7,B.1.1.7,-1,-1,-1,-1,-1,465,4,4
ERR6064588,10,control,,,,Delta,Delta,AY.10,AY.10,-1,-1,-1,-1,-1,420,6,6
