,start,node,length,max_inheritors,min_inheritors
0,686,1090,9,2,2
1,686,1789,9,2,2
2,686,2244,9,1,1
3,686,2921,9,1,1
4,686,3295,9,1,1
5,686,4419,9,6,6
6,686,5590,9,1,1
7,686,5861,9,1,1
8,686,6839,9,1,1
9,686,7089,9,4,4
10,686,7676,9,1,1
11,686,8341,9,1,1
12,686,8765,9,4,4
13,686,8818,9,1,1
14,686,9094,9,2,2
15,686,9679,9,1,1
16,686,9724,9,1,1
17,686,9993,9,1,1
18,686,11563,9,1,1
19,686,11708,9,1,1
20,686,12002,9,9,9
21,686,12045,9,1,1
22,686,12284,9,2,2
23,686,12575,9,1,1
24,686,12615,9,1,1
25,686,12826,9,1,1
26,686,13183,9,1,1
27,686,13554,9,3,3
28,686,13702,9,1,1
29,686,14076,9,1,1
30,686,14130,9,1,1
31,686,15487,8,1,1
32,686,15750,9,1,1
33,686,15922,9,1,1
34,686,16132,9,1,1
35,686,16654,9,1,1
36,686,17008,9,4,4
37,686,18281,9,2,2
38,686,18365,9,1,1
39,686,18452,9,2,2
40,686,18694,9,1,1
41,686,19208,9,1,1
42,686,20661,9,2,2
43,686,22755,9,1,1
44,686,23654,9,1,1
45,686,24047,9,4,4
46,686,24518,9,1,1
47,686,24528,9,1,1
48,686,25038,9,2,2
49,686,25216,9,1,1
50,686,25224,9,1,1
51,686,26069,9,2,2
52,686,26161,9,1,1
53,686,27048,9,1,1
54,686,29028,9,3,3
55,686,29659,9,4,4
56,686,29678,9,1,1
57,686,30174,9,1,1
58,686,30200,9,1,1
59,686,30454,9,1,1
60,686,32165,9,7,7
61,686,32289,9,4,4
62,686,32443,9,1,1
63,686,32921,9,2,2
64,686,34146,9,2,2
65,686,34583,9,1,1
66,686,35682,9,1,1
67,686,36002,9,1,1
68,686,37324,9,2,2
69,686,39795,9,1,1
70,686,39997,9,2,2
71,686,40285,9,1,1
72,686,41402,5,1,1
73,686,41407,9,2,2
74,686,41652,9,1,1
75,686,42160,7,1,1
76,686,42523,9,1,1
77,686,43025,9,1,1
78,686,43457,9,1,1
79,686,44831,9,17,17
80,686,45196,9,1,1
81,686,45222,9,2,2
82,686,45289,9,1,1
83,686,46153,9,8,8
84,686,47118,9,1,1
85,686,48061,9,2,2
86,686,48906,9,1,1
87,686,48958,9,1,1
88,686,51128,9,1,1
89,686,51261,9,1,1
90,686,51401,9,3,3
91,686,52143,9,1,1
92,686,52357,9,1,1
93,686,52419,9,1,1
94,686,52561,9,5,5
95,686,52849,9,1,1
96,686,55639,9,1,1
97,686,56390,9,1,1
98,686,56565,9,1,1
99,686,57029,9,2,2
100,686,57344,9,1,1
101,686,57535,9,1,1
102,686,57823,9,1,1
103,686,59186,9,2,2
104,686,59477,9,1,1
105,686,60229,9,1,1
106,686,60257,9,1,1
107,686,60449,9,1,1
108,686,61207,4,2,2
109,21991,61207,3,2,2
110,686,62757,9,1,1
111,686,65220,9,1,1
112,686,66783,9,1,1
113,686,67278,9,1,1
114,686,69020,9,1,1
115,686,69791,9,3,3
116,686,70004,9,1,1
117,686,70011,9,1,1
118,686,71385,9,1,1
119,686,72111,9,1,1
120,686,72323,9,1,1
121,686,72350,9,1,1
122,686,75395,9,3,3
123,686,75660,9,1,1
124,686,76000,9,1,1
125,686,77018,9,2,2
126,686,77405,9,1,1
127,686,79748,9,1,1
128,686,81696,9,1,1
129,686,82498,9,3,3
130,686,83773,9,1,1
131,686,84659,9,1,1
132,686,86013,9,1,1
133,686,86197,9,1,1
134,686,86854,9,2,2
135,686,87616,9,2,2
136,686,89728,9,1,1
137,686,90175,9,1,1
138,686,90899,9,1,1
139,686,92531,9,5,5
140,686,93460,9,4,4
141,686,94464,9,1,1
142,686,94769,9,1,1
143,686,97906,9,2,2
144,686,98695,9,3,3
145,686,98809,9,1,1
146,686,99488,9,2,2
147,686,100438,9,2,2
148,686,101765,9,1,1
149,686,103882,9,2,2
150,686,107973,9,1,1
151,686,108129,9,3,3
152,686,108416,9,1,1
153,686,108465,9,1,1
154,686,110306,9,3,3
155,686,112764,9,1,1
156,686,113538,9,16,16
157,686,114771,9,1,1
158,686,115617,9,1,1
159,686,116015,9,1,1
160,686,117245,9,1,1
161,686,119233,9,2,2
162,686,121529,9,1,1
163,686,122950,9,1,1
164,686,123669,9,1,1
165,686,123951,9,1,1
166,686,124289,9,2,2
167,686,125019,9,1,1
168,686,126338,9,1,1
169,686,127529,9,2,2
170,686,128314,9,1,1
171,686,129979,9,1,1
172,686,132005,9,2,2
173,686,132419,9,1,1
174,686,132777,9,1,1
175,686,135309,9,1,1
176,686,137287,9,3,3
177,686,138129,9,1,1
178,686,139319,9,2,2
179,686,140411,9,1,1
180,686,141204,9,1,1
181,686,141487,9,1,1
182,686,142567,9,1,1
183,686,142628,9,1,1
184,686,144392,9,1,1
185,686,144733,9,2,2
186,686,144941,9,3,3
187,686,146895,9,1,1
188,686,146958,9,1,1
189,686,146980,9,1,1
190,686,147119,9,1,1
191,686,148679,9,2,2
192,686,149107,9,1,1
193,686,149133,9,1,1
194,686,150288,9,1,1
195,686,150373,9,1,1
196,686,151724,9,1,1
197,686,152573,9,4,4
198,686,153260,9,1,1
199,686,154105,9,1,1
200,686,154939,9,4,4
201,686,157149,9,1,1
202,686,157416,9,1,1
203,686,160695,9,1,1
204,686,162324,9,1,1
205,686,163256,9,1,1
206,686,163825,9,4,4
207,686,164059,9,1,1
208,686,164132,9,1,1
209,686,165485,9,4,4
210,686,167276,9,1,1
211,686,168800,9,1,1
212,686,169853,9,1,1
213,686,171388,9,1,1
214,686,172704,9,4,4
215,686,173848,9,1,1
216,686,176865,9,1,1
217,686,177017,9,1,1
218,686,178472,9,5,5
219,686,178498,9,1,1
220,686,178579,9,1,1
221,686,180239,9,1,1
222,686,180610,9,1,1
223,686,180621,9,5,5
224,686,182038,9,1,1
225,686,182884,9,1,1
226,686,183738,9,1,1
227,686,185232,9,1,1
228,686,186491,9,1,1
229,686,187032,9,10,10
230,686,187269,9,1,1
231,686,188104,9,34,34
232,686,188226,9,1,1
233,686,188779,9,1,1
234,686,190274,9,1,1
235,686,190440,9,1,1
236,686,190733,9,2,2
237,686,190900,9,6,6
238,686,192606,9,1,1
239,686,192937,9,1,1
240,686,193115,9,1,1
241,686,193129,8,1,1
242,686,193241,9,1,1
243,686,193956,9,1,1
244,686,194230,9,1,1
245,686,195461,9,11,11
246,686,195528,9,4,4
247,686,195824,9,1,1
248,686,198160,9,1,1
249,686,199402,6,1,1
250,686,200824,9,1,1
251,686,202724,9,3,3
252,686,203337,9,1,1
253,686,203367,9,2,2
254,686,203833,9,1,1
255,686,206534,9,2,2
256,686,206643,9,3,3
257,686,206804,9,1,1
258,686,206900,9,2,2
259,686,207031,9,3,3
260,686,208593,9,1,1
261,686,208990,9,3,3
262,686,210485,9,1,1
263,686,212261,9,3,3
264,686,212729,9,1,1
265,686,214412,9,3,3
266,686,214778,5,1,1
267,686,214827,9,1,1
268,686,216979,9,3,3
269,686,219482,9,1,1
270,686,220555,9,1,1
271,686,221599,9,1,1
272,686,222486,9,1,1
273,686,225517,9,1,1
274,686,225705,9,1,1
275,686,225774,9,1,1
276,686,226320,9,1,1
277,686,226558,9,1,1
278,686,226641,9,4,4
279,686,226679,9,1,1
280,686,228292,9,1,1
281,686,228648,9,1,1
282,686,228961,9,1,1
283,686,229311,9,1,1
284,686,229449,9,1,1
285,686,229681,9,2,2
286,686,229806,9,1,1
287,686,231415,9,1,1
288,686,235529,9,1,1
289,686,236620,9,1,1
290,686,237224,9,1,1
291,686,238299,9,1,1
292,686,238952,9,2,2
293,686,239751,9,1,1
294,686,240768,9,1,1
295,686,242178,9,2,2
296,686,242912,9,1,1
297,686,244322,9,1,1
298,686,245587,9,1,1
299,686,247296,9,1,1
300,686,248052,9,1,1
301,686,250464,9,1,1
302,686,251929,9,1,1
303,686,252643,9,1,1
304,686,253481,9,1,1
305,686,254992,9,2,2
306,686,255134,9,1,1
307,686,255857,9,1,1
308,686,256245,9,1,1
309,686,256398,9,1,1
310,686,256828,9,1,1
311,686,257154,9,1,1
312,686,257211,9,1,1
313,686,257996,9,2,2
314,686,259089,9,1,1
315,21995,259089,1,1,1
316,686,260365,9,1,1
317,686,260636,9,2,2
318,686,262671,9,1,1
319,686,262728,9,1,1
320,686,263109,9,2,2
321,686,263854,9,1,1
322,686,264968,9,1,1
323,686,265233,9,1,1
324,686,268391,9,1,1
325,686,268641,9,1,1
326,686,268927,9,1,1
327,686,269411,9,2,2
328,686,269530,9,1,1
329,686,270324,9,34,34
330,686,270644,9,1,1
331,686,270908,9,1,1
332,686,272197,9,1,1
333,686,272977,9,2,2
334,686,273691,9,1,1
335,686,273833,9,2,2
336,686,274401,9,11,11
337,686,275560,9,1,1
338,686,276446,9,1,1
339,686,277322,9,1,1
340,686,277714,9,18,18
341,686,278408,9,1,1
342,686,278592,9,1,1
343,686,280847,9,1,1
344,686,281034,9,7,7
345,686,281301,9,2,2
346,686,281378,9,1,1
347,686,281624,9,1,1
348,686,282885,9,1,1
349,686,284064,9,4,4
350,686,284897,9,1,1
351,686,285037,9,1,1
352,686,288336,9,1,1
353,686,289750,9,1,1
354,686,290015,9,3,3
355,686,290115,9,1,1
356,686,290712,9,1,1
357,686,291531,9,1,1
358,686,291611,9,1,1
359,686,291741,9,1,1
360,686,294643,9,2,2
361,686,294919,9,1,1
362,686,295033,9,1,1
363,686,295965,9,1,1
364,686,298115,9,1,1
365,686,299458,9,6,6
366,686,301168,9,1,1
367,686,302461,9,1,1
368,686,303091,9,3,3
369,686,303512,9,1,1
370,686,303601,9,1,1
371,686,304930,9,6,6
372,686,305717,9,1,1
373,686,307800,9,1,1
374,686,308101,9,1,1
375,21987,308101,7,1,1
376,686,308329,9,1,1
377,686,309013,9,1,1
378,686,309116,9,1,1
379,686,309363,9,1,1
380,686,309531,9,3,3
381,686,310657,9,1,1
382,686,310726,9,8,8
383,686,311599,9,2,2
384,686,313029,9,1,1
385,686,313433,9,1,1
386,686,313631,9,1,1
387,686,314822,9,1,1
388,686,314854,9,1,1
389,686,316779,9,1,1
390,686,319002,9,1,1
391,686,320625,9,1,1
392,686,321413,9,1,1
393,686,321628,9,1,1
394,686,323875,9,81,81
395,686,324435,7,1,1
396,686,324440,9,4,4
397,686,324620,9,4,4
398,686,324951,9,1,1
399,686,325630,9,6,6
400,686,325725,9,1,1
401,686,326306,9,1,1
402,686,327380,9,1,1
403,686,329054,9,12,12
404,686,330215,9,2,2
405,686,332353,9,4,4
406,686,332404,9,1,1
407,686,332482,9,1,1
408,686,332650,9,17,17
409,686,333245,9,1,1
410,686,333981,9,1,1
411,686,334081,9,3,3
412,686,334511,9,1,1
413,686,335008,9,2,2
414,686,335056,9,1,1
415,686,335187,9,1,1
416,686,337784,9,6,6
417,686,337995,9,2,2
418,686,339877,9,316,314
419,686,340607,9,1,1
420,686,340641,9,1,1
421,686,341932,9,1,1
422,686,342303,9,1,1
423,686,342396,9,1,1
424,686,343629,9,7,7
425,686,343948,9,1,1
426,686,344593,9,1,1
427,686,345255,9,1,1
428,686,345998,9,1,1
429,686,346143,9,1,1
430,686,346262,9,1,1
431,686,346267,9,2,2
432,686,347219,9,1,1
433,686,347915,9,20,20
434,686,348609,9,1,1
435,686,350589,9,2,2
436,686,350712,9,1,1
437,686,350993,9,1,1
438,686,351525,9,1,1
439,686,354592,9,2,2
440,686,354744,9,1,1
441,686,356551,9,1,1
442,686,357036,9,1,1
443,686,357235,9,1,1
444,686,360341,9,1,1
445,686,361465,9,2,2
446,686,362196,9,1,1
447,686,362705,9,1,1
448,686,363390,9,2,2
449,686,363845,9,1,1
450,686,365969,9,1,1
451,686,366352,9,12,12
452,686,366678,9,1,1
453,686,366764,9,1,1
454,686,367029,9,1,1
455,686,367459,9,1,1
456,686,369408,9,1,1
457,686,371769,9,1,1
458,686,373323,9,1,1
459,686,373902,9,1,1
460,686,375648,9,1,1
461,686,376629,9,1,1
462,686,376831,9,1,1
463,686,377215,9,1,1
464,686,377426,9,1,1
465,686,377720,9,2,2
466,686,377739,9,1,1
467,686,378341,9,2,2
468,686,378742,9,1,1
469,686,378914,9,1,1
470,686,379043,9,2,2
471,686,379156,9,1,1
472,686,380824,9,1,1
473,686,380915,9,1,1
474,686,381291,9,1,1
475,686,381614,9,1,1
476,686,382756,9,4,4
477,686,383417,9,1,1
478,686,383614,9,1,1
479,686,383700,9,1,1
480,686,383880,9,11,11
481,686,384108,9,1,1
482,686,384936,9,2,2
483,686,384988,9,1,1
484,686,385124,9,1,1
485,686,385656,9,3,3
486,686,386472,9,2,2
487,686,387276,9,1,1
488,686,387366,9,1,1
489,686,387634,9,6,6
490,686,387666,9,16,16
491,686,388252,9,1,1
492,686,388455,7,1,1
493,686,388458,9,1,1
494,686,389517,9,1,1
495,686,389722,9,1,1
496,686,389867,9,1,1
497,686,389993,9,1,1
498,686,390613,9,4,4
499,686,392115,9,1,1
500,686,393548,9,1,1
501,686,394827,9,2,2
502,686,394901,9,1,1
503,686,395254,9,1,1
504,686,395634,9,2,2
505,686,398076,9,1,1
506,686,398301,9,1,1
507,686,398598,9,1,1
508,686,398964,9,1,1
509,686,398976,9,1,1
510,686,399597,9,2,2
511,686,402287,9,11,11
512,686,402374,9,1,1
513,686,402465,9,1,1
514,686,403599,9,30,30
515,686,404207,9,1,1
516,686,405017,9,1,1
517,686,405115,9,1,1
518,686,406177,9,1,1
519,686,406916,9,1,1
520,686,406937,9,1,1
521,686,407580,9,1,1
522,686,409129,9,1,1
523,686,409342,9,1,1
524,686,410287,9,1,1
525,686,410622,9,1,1
526,686,410919,9,1,1
527,686,410978,9,1,1
528,686,411102,9,7,7
529,686,412350,9,1,1
530,686,412484,9,410,410
531,686,413379,9,1,1
532,686,413457,9,1,1
533,686,414711,9,4,4
534,686,414865,9,1,1
535,686,415504,9,1,1
536,686,415837,9,5,5
537,686,416023,9,3,3
538,686,417693,9,3,3
539,686,418549,9,1,1
540,686,418617,9,1,1
541,686,419167,9,1,1
542,686,422652,9,1,1
543,686,423133,9,1,1
544,686,423620,9,1,1
545,686,425041,9,1,1
546,686,425567,9,1,1
547,686,425669,9,1,1
548,686,425732,9,1,1
549,686,425799,9,1,1
550,686,426501,9,1,1
551,686,426613,9,1,1
552,686,427961,9,1,1
553,686,428291,9,2,2
554,686,428849,9,1,1
555,686,430539,9,1,1
556,686,430968,9,2,2
557,686,431063,9,1,1
558,686,431217,9,39,39
559,686,433106,9,2,2
560,686,433832,9,1,1
561,686,433970,9,1,1
562,686,434185,9,1,1
563,686,434394,9,1,1
564,686,434564,9,6,6
565,686,434625,9,1,1
566,686,434817,9,1,1
567,686,434885,9,2,2
568,686,434963,9,3,3
569,686,435730,9,1,1
570,686,436741,9,1,1
571,686,437203,9,1,1
572,686,437915,9,1,1
573,686,438058,9,1,1
574,686,438551,9,1,1
575,686,438977,9,1,1
576,686,439234,9,1,1
577,686,439423,9,1,1
578,686,439553,9,20,20
579,686,440165,9,1,1
580,686,440679,9,1,1
581,686,440857,9,1,1
582,686,441163,9,1,1
583,686,441226,9,1,1
584,686,441341,9,3,3
585,686,441419,9,1,1
586,686,441473,9,2,2
587,686,442317,9,1,1
588,686,443836,9,2,2
589,686,444024,9,121,121
590,686,445278,9,2,2
591,686,445826,9,1,1
592,686,445963,9,1,1
593,686,447409,9,1,1
594,686,448449,9,2,2
595,686,449129,9,2,2
596,686,449165,9,1,1
597,686,449635,9,1,1
598,686,449695,9,1,1
599,686,450038,9,1,1
600,686,450073,9,1,1
601,686,450443,9,1,1
602,686,451917,9,1,1
603,686,453252,9,157,157
604,686,453273,9,9,9
605,686,454226,9,1,1
606,686,455914,9,1,1
607,686,455936,9,1,1
608,686,458499,9,1,1
609,686,458731,9,1,1
610,686,458814,9,1,1
611,686,459578,9,1,1
612,686,460171,9,1,1
613,686,461104,9,1,1
614,686,462147,9,2,2
615,686,462619,9,2,2
616,686,462710,9,1,1
617,686,462834,9,1,1
618,686,463322,9,1,1
619,686,463379,9,3,3
620,686,464392,9,12,12
621,686,464606,9,1,1
622,686,465324,9,1,1
623,686,465623,9,1,1
624,686,466051,9,1,1
625,686,466895,9,3,3
626,686,468193,9,1,1
627,686,468357,9,1,1
628,686,468654,9,1,1
629,686,470923,9,1,1
630,686,471279,9,1,1
631,686,471589,9,1,1
632,686,472485,7,1,1
633,686,472534,9,4,4
634,686,473759,9,2,2
635,686,474507,9,1,1
636,686,474517,9,1,1
637,686,475226,9,1,1
638,686,475904,9,1,1
639,686,476142,9,1,1
640,686,476184,9,4,4
641,686,476269,9,1,1
642,686,476335,9,3,3
643,686,476575,9,1,1
644,686,477064,9,1,1
645,686,477691,9,1,1
646,686,478385,9,1,1
647,686,478626,9,1,1
648,686,480309,9,1,1
649,686,481727,9,1,1
650,686,482472,9,1,1
651,686,482517,9,1,1
652,686,482909,9,1,1
653,686,483425,9,5,5
654,686,483482,9,8,8
655,686,484435,9,1,1
656,686,484631,9,5,5
657,686,484931,9,4,4
658,686,485310,9,1,1
659,686,485352,9,1,1
660,686,486910,9,3,3
661,686,486978,9,1,1
662,686,487232,9,1,1
663,686,488593,9,1,1
664,686,488664,9,1,1
665,686,488984,9,5,5
666,686,489921,9,1,1
667,686,490672,9,1,1
668,686,491116,9,1,1
669,686,491886,9,1,1
670,686,491943,9,1,1
671,686,492818,9,1,1
672,686,493629,9,2,2
673,686,494247,9,1,1
674,686,494843,9,1,1
675,686,495182,9,1,1
676,686,495262,9,4,4
677,686,495548,9,1,1
678,686,496445,9,1,1
679,686,496943,9,1,1
680,686,497902,9,1,1
681,686,498296,9,2,2
682,686,498485,9,1,1
683,686,498574,9,1,1
684,686,498765,9,1,1
685,686,498822,9,7,7
686,686,500190,9,1,1
687,686,500380,9,1,1
688,686,500827,9,1,1
689,686,501367,9,3,3
690,686,501860,9,1,1
691,686,502296,9,2,2
692,686,502689,9,1,1
693,686,502712,9,1,1
694,686,502764,9,1,1
695,686,502857,9,1,1
696,686,504382,9,1,1
697,686,505116,9,1,1
698,686,505351,9,1,1
699,686,505673,9,1,1
700,6513,505673,3,1,1
701,686,505757,9,1,1
702,686,506577,9,1,1
703,686,506842,9,1,1
704,686,507119,9,1,1
705,686,507302,9,1,1
706,686,507435,9,10,10
707,686,508584,9,1,1
708,686,508776,9,1,1
709,686,509350,9,1,1
710,686,509520,9,64,64
711,686,509736,9,1,1
712,686,510235,9,1,1
713,686,510702,9,1,1
714,686,510823,9,1,1
715,686,511317,9,1,1
716,686,511470,9,1,1
717,686,511968,9,1,1
718,686,512226,9,3,3
719,686,512790,9,1,1
720,686,513823,9,1,1
721,686,514099,9,1,1
722,686,514669,9,16,16
723,686,514821,9,1,1
724,686,516049,9,1,1
725,686,516430,9,1,1
726,686,516498,9,1,1
727,686,516626,9,1,1
728,686,517022,9,1,1
729,686,517025,9,1,1
730,686,517118,9,1,1
731,686,517486,9,6,6
732,686,518132,9,2,2
733,686,518189,9,113,113
734,686,519214,9,2,2
735,686,519366,9,1,1
736,686,520454,9,1,1
737,686,520702,9,1,1
738,686,520919,9,1,1
739,686,522233,9,4,4
740,686,522341,9,1,1
741,686,522444,9,1,1
742,686,522709,9,6,6
743,686,522751,9,2,2
744,686,523304,9,1,1
745,686,523462,9,1,1
746,686,523596,9,16,16
747,686,524408,9,1,1
748,686,524964,9,4,4
749,686,525120,9,1,1
750,686,527433,9,1,1
751,686,527508,9,1,1
752,686,527604,9,1,1
753,686,529381,9,1,1
754,686,530975,9,1,1
755,686,531578,9,1,1
756,686,531940,9,1,1
757,686,532266,9,1,1
758,686,532617,9,1,1
759,686,532902,9,1,1
760,686,533142,9,1,1
761,686,533391,9,1,1
762,686,533604,9,2,2
763,686,533970,9,1,1
764,686,534006,9,1,1
765,686,535127,9,1,1
766,686,535856,9,1,1
767,686,537186,9,1,1
768,686,537264,9,1,1
769,686,537312,9,1,1
770,686,537372,9,2,2
771,686,537560,9,1,1
772,686,537796,9,1,1
773,686,537836,9,4,4
774,686,538071,9,1,1
775,686,538136,9,3,3
776,686,538300,9,1,1
777,686,538398,9,1,1
778,686,538681,9,1,1
779,686,538764,9,14,14
780,686,538998,9,1,1
781,686,540203,9,1,1
782,686,540746,9,1,1
783,686,540805,9,1,1
784,686,541846,9,1,1
785,686,542661,9,1,1
786,686,542863,9,1,1
787,686,543967,9,1,1
788,686,544021,9,2,2
789,686,544188,9,1,1
790,686,544260,9,5,5
791,686,544701,9,2,2
792,686,545164,7,1,1
793,686,546550,9,1,1
794,686,546848,9,6,6
795,686,547255,9,1,1
796,686,547405,9,1,1
797,686,547508,9,2,2
798,686,547703,9,1,1
799,686,547921,9,1,1
800,686,548966,9,3,3
801,686,549048,9,25,25
802,686,549210,9,1,1
803,686,549537,9,1,1
804,686,549884,9,4,4
805,686,550985,9,3,3
806,686,551051,9,1,1
807,686,552267,9,2,2
808,686,552617,9,1,1
809,686,553453,9,3,3
810,686,554502,9,1,1
811,686,554603,9,2,2
812,686,555154,9,1,1
813,686,555245,9,1,1
814,686,555433,9,1,1
815,686,555456,9,4,4
816,686,556223,9,1,1
817,686,556269,9,2,2
818,686,557180,9,1,1
819,686,557588,9,2,2
820,686,557712,9,2,2
821,686,557894,9,1,1
822,686,558159,9,6,6
823,686,558490,9,1,1
824,686,558719,9,1,1
825,686,558972,9,1,1
826,686,559131,9,2,2
827,686,560609,9,1,1
828,686,560880,9,1,1
829,686,561240,9,1,1
830,686,561495,9,1,1
831,686,561747,9,1,1
832,686,562042,9,1,1
833,686,562397,6,3,3
834,686,562532,9,1,1
835,686,562630,9,2,2
836,686,563377,9,1,1
837,686,563913,9,12,12
838,686,564159,9,2,2
839,686,564727,9,1,1
840,686,565355,9,13,13
841,686,565427,9,3,3
842,686,566541,9,1,1
843,686,566862,9,1,1
844,686,567526,9,1,1
845,686,567623,9,1,1
846,686,568075,9,1,1
847,686,569240,9,1,1
848,686,570215,9,1,1
849,686,570500,9,1,1
850,686,571430,9,1,1
851,686,571476,9,5,5
852,686,572379,9,1,1
853,686,572389,9,1,1
854,686,572531,9,1,1
855,686,572712,9,2,2
856,686,572912,9,3,3
857,686,573094,9,1,1
858,686,573228,9,1,1
859,686,573456,9,1,1
860,686,573506,9,3,3
861,686,573615,9,1,1
862,686,574236,9,1,1
863,686,574309,9,2,2
864,686,574859,9,1,1
865,686,575853,9,1,1
866,686,577143,9,1,1
867,686,577174,9,3,3
868,686,577312,9,2,2
869,686,577507,9,1,1
870,686,577731,9,1,1
871,686,577965,9,1,1
872,686,578523,9,1,1
873,686,578567,9,1,1
874,686,578599,9,2,2
875,686,578642,9,2,2
876,686,579079,9,1,1
877,686,579080,9,1,1
878,686,579233,9,3,3
879,686,579244,9,1,1
880,686,580023,9,3,3
881,686,580165,9,1,1
882,686,580306,9,1,1
883,686,581770,9,2,2
884,686,581841,9,1,1
885,686,582286,9,1,1
886,686,582597,9,1,1
887,686,583630,9,1,1
888,686,584294,9,1,1
889,686,585026,9,1,1
890,686,585158,9,1,1
891,686,585343,9,1,1
892,686,585503,9,1,1
893,686,586438,9,1,1
894,686,586953,9,2,2
895,686,588304,9,1,1
896,686,588380,9,1,1
897,686,590159,9,1,1
898,686,590227,9,1,1
899,686,590602,9,1,1
900,686,590931,9,3,3
901,686,590962,9,2,2
902,686,591287,9,1,1
903,686,591781,9,1,1
904,686,591913,9,1,1
905,686,592887,9,15,15
906,686,593065,9,1,1
907,686,593447,9,1,1
908,686,593503,9,1,1
909,686,594373,9,1,1
910,686,594436,9,1,1
911,686,594673,9,1,1
912,686,594861,9,1,1
913,686,595438,9,3,3
914,686,595450,9,1,1
915,686,595958,9,1,1
916,686,596499,9,7,7
917,686,597201,9,1,1
918,686,598051,9,1,1
919,686,598350,9,2,2
920,686,598823,9,1,1
921,686,600779,9,2,2
922,686,601110,9,1,1
923,686,601706,9,2,2
924,686,603696,9,13,13
925,686,604015,9,1,1
926,686,604062,9,1,1
927,686,604220,9,1,1
928,686,604470,9,1,1
929,686,604916,9,17,17
930,686,605528,9,1,1
931,686,605581,9,18,18
932,686,605816,9,1,1
933,686,606073,9,1,1
934,686,606140,2,1,1
935,686,606151,9,1,1
936,686,606347,9,3,3
937,686,606639,9,6,6
938,686,606649,9,2,2
939,686,607422,9,7,7
940,686,607497,9,1,1
941,686,608519,9,1,1
942,686,608825,9,4,4
943,686,608928,9,1,1
944,686,609576,9,1,1
945,686,610019,9,1,1
946,686,610415,9,1,1
947,686,610526,9,3,3
948,686,610778,9,1,1
949,686,612387,9,265,265
950,686,613052,9,3,3
951,686,613772,9,1,1
952,686,614771,9,1,1
953,686,615084,9,2,2
954,686,615342,9,1,1
955,686,615477,9,1,1
956,686,615579,9,1,1
957,686,616871,9,1,1
958,686,617147,9,1,1
959,686,617670,9,3,3
960,686,618303,9,2,2
961,686,618499,9,2,2
962,686,619022,9,2,2
963,686,619132,9,13,13
964,686,620517,9,1,1
965,686,621251,9,3,3
966,686,621479,9,1,1
967,686,621711,9,2,2
968,686,621720,9,1,1
969,686,622100,9,1,1
970,686,622227,9,1,1
971,686,622235,9,1,1
972,686,622264,9,1,1
973,686,622994,9,1,1
974,686,623063,9,1,1
975,686,623132,9,4,4
976,686,623420,9,1,1
977,686,623906,9,2,2
978,686,623908,9,1,1
979,686,624563,9,2,2
980,686,624663,9,4,4
981,686,624927,9,1,1
982,686,626005,9,1,1
983,686,626643,9,1,1
984,686,626697,9,1,1
985,686,626705,9,1,1
986,686,627124,9,1,1
987,686,627145,9,1,1
988,686,627269,9,1,1
989,686,627537,9,1,1
990,686,627838,9,1,1
991,686,627994,9,3,3
992,686,628371,9,2,2
993,686,628969,9,1,1
994,686,629052,9,4,4
995,686,629695,9,1,1
996,686,629961,7,1,1
997,686,629962,7,1,1
998,686,630079,9,1,1
999,686,630423,9,1,1
1000,686,631769,9,1,1
1001,686,631958,9,1,1
1002,686,631997,9,1,1
1003,686,632246,9,1,1
1004,686,633540,9,1,1
1005,686,634378,9,1,1
1006,686,634489,9,12,12
1007,686,635812,9,1,1
1008,686,635949,9,1,1
1009,686,636487,9,1,1
1010,686,638662,9,1,1
1011,686,639390,9,1,1
1012,686,640607,9,1,1
1013,686,641639,9,1,1
1014,686,641966,9,14,14
1015,686,642580,9,2,2
1016,686,642769,9,10,10
1017,686,643149,9,1,1
1018,686,643401,9,1,1
1019,686,643420,9,1,1
1020,686,643793,9,2,2
1021,686,644203,9,1,1
1022,686,644225,9,1,1
1023,686,644330,9,1,1
1024,686,644515,9,2,2
1025,686,644909,9,11,11
1026,686,645129,9,1,1
1027,686,645249,9,1,1
1028,686,646328,9,1,1
1029,686,646618,9,1,1
1030,686,647846,9,3,3
1031,686,648591,9,6,6
1032,686,650661,9,3,3
1033,686,650800,9,1,1
1034,686,650946,9,2,2
1035,686,650964,9,2,2
1036,686,651323,9,1,1
1037,686,651469,9,1,1
1038,686,651826,9,1,1
1039,686,652122,9,1,1
1040,686,652999,9,3,3
1041,686,653547,9,1,1
1042,686,654640,9,1,1
1043,686,654680,9,1,1
1044,686,656322,9,3,3
1045,686,656537,9,2,2
1046,686,656553,9,1,1
1047,686,658571,9,1,1
1048,686,658672,9,14,14
1049,686,658896,9,1,1
1050,686,659003,9,1,1
1051,686,659136,9,1,1
1052,686,659721,9,1,1
1053,686,660035,9,1,1
1054,686,660249,9,4,4
1055,686,662536,9,2,2
1056,686,662840,9,1,1
1057,686,664563,9,5,5
1058,686,665666,9,1,1
1059,686,666058,9,1,1
1060,686,666678,9,9,9
1061,686,667144,9,1,1
1062,686,668903,9,6,6
1063,686,669461,9,1,1
1064,686,671632,9,7,7
1065,686,671870,9,1,1
1066,686,671965,9,5,5
1067,686,673203,9,4,4
1068,686,674089,9,1,1
1069,686,674100,9,1,1
1070,686,674193,9,1,1
1071,686,675178,9,1,1
1072,686,676442,9,1,1
1073,686,677938,9,1,1
1074,686,679231,9,1,1
1075,686,680412,9,10,10
1076,686,680506,9,2,2
1077,686,681348,9,1,1
1078,686,681811,9,1,1
1079,686,681997,9,1,1
1080,686,682338,9,5,5
1081,686,683862,9,2,2
1082,686,684058,9,9,9
1083,686,684134,9,1,1
1084,686,684449,9,2,2
1085,686,684684,9,1,1
1086,686,684818,9,2,2
1087,686,685611,9,10,10
1088,686,685818,9,1,1
1089,686,686146,9,1,1
1090,686,687059,9,1,1
1091,686,687062,9,1,1
1092,686,687095,9,1,1
1093,686,687500,9,1,1
1094,686,687832,9,1,1
1095,686,687841,9,1,1
1096,686,687971,9,1,1
1097,686,688059,9,1,1
1098,686,688442,9,1,1
1099,686,688542,9,1,1
1100,686,690058,9,1,1
1101,686,690665,9,1,1
1102,686,691625,9,10,10
1103,686,692180,9,2,2
1104,686,692622,9,1,1
1105,686,693125,9,1,1
1106,686,693511,9,13,13
1107,686,693759,9,2,2
1108,686,693786,9,1,1
1109,686,694108,9,1,1
1110,686,694580,9,157,157
1111,686,694818,9,3,3
1112,686,696735,9,1,1
1113,686,697295,9,1,1
1114,686,697651,9,1,1
1115,686,697741,9,1,1
1116,686,698325,9,1,1
1117,686,698334,9,1,1
1118,686,698921,9,95,95
1119,686,700455,9,2,2
1120,686,701597,9,1,1
1121,686,701716,9,1,1
1122,686,702075,9,1,1
1123,686,702301,9,1,1
1124,686,702472,9,1,1
1125,686,702615,9,1,1
1126,686,702852,9,2,2
1127,686,702854,9,8,8
1128,686,702876,9,3,3
1129,686,703119,9,1,1
1130,686,704276,9,2,2
1131,686,704545,9,1,1
1132,686,704787,9,1,1
1133,686,704988,9,1,1
1134,686,705010,9,1,1
1135,686,706266,9,1,1
1136,686,706987,9,1,1
1137,686,707304,9,1,1
1138,686,707797,9,1,1
1139,686,708027,9,2,2
1140,686,708783,9,5,5
1141,686,708903,9,1,1
1142,686,708974,9,2,2
1143,686,709715,9,1,1
1144,686,709865,9,1,1
1145,686,710951,9,1,1
1146,686,711006,9,1,1
1147,686,712230,9,2,2
1148,686,712401,9,1,1
1149,686,712444,9,1,1
1150,686,712461,7,1,1
1151,686,713275,9,1,1
1152,686,713871,9,2,2
1153,686,714384,9,1,1
1154,686,714541,9,9,9
1155,686,714608,9,1,1
1156,686,714715,9,2,2
1157,686,714747,9,1,1
1158,686,715100,9,1,1
1159,686,715326,9,2,2
1160,686,715396,9,1,1
1161,686,715697,9,1,1
1162,686,715857,9,1,1
1163,686,716215,9,5,5
1164,686,716300,9,16,16
1165,686,716486,9,2,2
1166,686,716631,9,1,1
1167,686,717143,9,1,1
1168,686,717169,9,1,1
1169,686,717249,9,1,1
1170,686,717431,9,3,3
1171,686,717553,9,1,1
1172,686,717905,9,1,1
1173,686,718228,9,1,1
1174,686,718714,9,1,1
1175,686,719397,9,1,1
1176,686,719917,9,1,1
1177,686,720639,9,1,1
1178,686,721108,9,1,1
1179,686,721238,9,7,7
1180,686,721405,9,1,1
1181,686,721621,9,2,2
1182,686,722108,9,1,1
1183,686,723783,9,1,1
1184,686,724144,9,2,2
1185,686,724250,9,2,2
1186,686,724286,9,3,3
1187,686,725334,9,1,1
1188,686,725835,9,1,1
1189,686,725944,9,1,1
1190,686,728329,9,5,5
1191,686,728696,9,2,2
1192,686,728981,9,1,1
1193,686,729087,9,4,4
1194,686,729434,9,2,2
1195,686,729579,9,1,1
1196,686,729807,9,1,1
1197,686,730072,9,14,14
1198,686,730228,9,1,1
1199,686,730239,9,2,2
1200,686,730434,9,1,1
1201,686,730848,9,1,1
1202,686,731555,9,9,9
1203,686,732057,9,1,1
1204,686,733331,9,1,1
1205,686,733875,9,1,1
1206,686,734155,9,1,1
1207,686,734308,9,1,1
1208,686,735491,9,1,1
1209,686,736254,9,1,1
1210,686,736668,9,1,1
1211,686,736742,9,6,6
1212,686,737314,9,1,1
1213,686,737990,9,1,1
1214,686,739093,9,1,1
1215,686,739554,9,1,1
1216,686,739727,9,1,1
1217,686,739805,9,157,157
1218,686,740435,9,2,2
1219,686,740713,9,2,2
1220,686,740885,9,1,1
1221,686,741362,9,1,1
1222,686,742293,9,4,4
1223,686,743118,9,1,1
1224,686,743403,9,1,1
1225,686,743747,9,1,1
1226,686,743894,9,3,3
1227,686,744185,9,2,2
1228,686,744698,9,1,1
1229,686,746251,9,1,1
1230,686,747004,9,27,27
1231,686,747071,9,1,1
1232,686,747264,9,1,1
1233,686,747589,9,1,1
1234,686,747763,9,1,1
1235,686,748220,9,1,1
1236,6513,748220,3,1,1
1237,686,748433,9,6,6
1238,686,749582,9,3,3
1239,686,750184,9,2,2
1240,686,750479,9,4,4
1241,686,750921,9,2,2
1242,686,751613,9,1,1
1243,686,752342,9,1,1
1244,686,752557,9,1,1
1245,686,752932,9,1,1
1246,686,753780,9,1,1
1247,686,753861,9,1,1
1248,686,753878,9,1,1
1249,686,755100,9,1,1
1250,686,755365,9,1,1
1251,686,755472,9,1,1
1252,686,755696,9,1,1
1253,686,756264,9,1,1
1254,686,756996,9,1,1
1255,686,757471,9,2,2
1256,686,757655,9,1,1
1257,686,757670,9,1,1
1258,686,758664,9,3,3
1259,686,759333,9,1,1
1260,686,759649,9,1,1
1261,686,760157,9,1,1
1262,686,760628,9,1,1
1263,686,760867,9,1,1
1264,686,761341,9,3,3
1265,686,761433,9,1,1
1266,686,761570,9,1,1
1267,686,761628,9,1,1
1268,686,762120,9,2,2
1269,686,763239,9,1,1
1270,686,763391,9,1,1
1271,686,764396,9,1,1
1272,686,764835,9,1,1
1273,686,765449,9,1,1
1274,686,766312,9,29,29
1275,686,766474,1,4,4
1276,688,766474,7,4,4
1277,686,766532,9,2,2
1278,686,766724,9,1,1
1279,686,766968,9,1,1
1280,686,767158,9,1,1
1281,686,767375,9,1,1
1282,686,767515,9,1,1
1283,686,767660,9,1,1
1284,686,768685,9,3,3
1285,686,769330,9,1,1
1286,686,769416,9,1,1
1287,686,769518,9,1,1
1288,686,769868,9,1,1
1289,686,770107,9,1,1
1290,686,770347,9,1,1
1291,686,770769,9,2,2
1292,686,770854,9,1,1
1293,686,772999,9,1,1
1294,686,773365,9,1,1
1295,686,774984,9,1,1
1296,686,775711,9,1,1
1297,686,776321,9,2,2
1298,686,776859,9,1,1
1299,686,776881,9,7,7
1300,686,777330,9,1,1
1301,686,777528,9,2,2
1302,686,777547,9,1,1
1303,686,777553,9,1,1
1304,686,777948,9,1,1
1305,686,778046,9,1,1
1306,686,778324,9,1,1
1307,686,778584,9,1,1
1308,686,778741,9,1,1
1309,686,779018,9,1,1
1310,686,779610,9,1,1
1311,686,779733,9,1,1
1312,686,780424,9,2,2
1313,686,780495,9,2,2
1314,686,780934,9,1,1
1315,686,781214,9,3,3
1316,686,781473,9,3,3
1317,686,781745,9,1,1
1318,686,781904,9,1,1
1319,686,782021,9,1,1
1320,686,782803,9,1,1
1321,686,783088,9,1,1
1322,686,783102,9,1,1
1323,686,783548,9,2,2
1324,686,783671,9,1,1
1325,686,783798,9,3,3
1326,686,784377,9,1,1
1327,686,785530,9,6,6
1328,686,785552,9,98,98
1329,686,785641,9,1,1
1330,686,787672,9,1,1
1331,686,788665,9,3,3
1332,686,788807,9,1,1
1333,686,789427,9,3,3
1334,686,789961,9,1,1
1335,686,790644,9,1,1
1336,686,791066,9,1,1
1337,686,791248,9,2,2
1338,686,791310,9,2,2
1339,686,791585,9,1,1
1340,686,792366,9,1,1
1341,686,792532,9,1,1
1342,686,792630,9,1,1
1343,686,793355,9,1,1
1344,686,793820,9,2,2
1345,686,794223,9,4,4
1346,686,794954,9,10,10
1347,686,795268,9,1,1
1348,686,795347,9,1,1
1349,686,795507,9,36,36
1350,686,796055,9,2,2
1351,686,796413,9,1,1
1352,686,796586,9,1,1
1353,686,797419,9,3,3
1354,686,797969,9,1,1
1355,686,799300,9,2,2
1356,686,799483,9,1,1
1357,686,799729,9,1,1
1358,686,799940,9,1,1
1359,686,800203,9,1,1
1360,686,800948,9,1,1
1361,686,801008,9,4,4
1362,686,801501,9,1,1
1363,686,802072,9,1,1
1364,686,802773,9,1,1
1365,686,803280,9,1,1
1366,686,803842,9,1,1
1367,686,803863,9,26,26
1368,686,804462,9,2,2
1369,686,804480,9,1,1
1370,686,804540,9,1,1
1371,686,804765,9,1,1
1372,686,804979,9,1,1
1373,686,805018,9,1,1
1374,686,805110,9,3,3
1375,686,805114,9,3,3
1376,686,805319,9,2,2
1377,686,805890,9,6,6
1378,686,806030,9,3,3
1379,686,806316,9,5,5
1380,686,806565,9,1,1
1381,686,806932,9,3,3
1382,686,806947,9,1,1
1383,686,807692,9,1,1
1384,686,808397,9,2,2
1385,686,809738,9,1,1
1386,686,809757,9,1,1
1387,686,810570,9,5,5
1388,686,811170,9,2,2
1389,686,811562,9,1,1
1390,686,811674,9,1,1
1391,686,811777,9,1,1
1392,686,812680,9,1,1
1393,686,813663,9,1,1
1394,686,813684,9,1,1
1395,686,813762,9,2,2
1396,686,813765,9,1,1
1397,686,814060,9,1,1
1398,686,815041,9,1,1
1399,686,815157,9,2,2
1400,686,816176,9,1,1
1401,686,816685,9,1,1
1402,686,816735,9,1,1
1403,686,816775,9,1,1
1404,686,817713,9,1,1
1405,686,818009,9,1,1
1406,686,818465,9,1,1
1407,686,818991,9,2,2
1408,686,819227,9,1,1
1409,686,819301,9,1,1
1410,686,819860,9,1,1
1411,686,820089,9,3,3
1412,686,820111,9,2,2
1413,686,820172,9,1,1
1414,686,820564,9,1,1
1415,686,821349,9,11,11
1416,686,822065,9,1,1
1417,686,822830,9,10,10
1418,686,823287,9,1,1
1419,686,823691,9,1,1
1420,686,823730,9,1,1
1421,686,824416,9,1,1
1422,686,824594,9,2,2
1423,686,824773,9,1,1
1424,686,825606,9,2,2
1425,686,825741,9,1,1
1426,686,825888,9,6,6
1427,686,827170,9,2,2
1428,686,827750,9,4,4
1429,686,828872,9,1,1
1430,686,829663,9,1,1
1431,686,829749,9,1,1
1432,686,830573,9,1,1
1433,686,830644,9,3,3
1434,686,831517,9,1,1
1435,686,831595,9,1,1
1436,686,832930,9,1,1
1437,686,832937,9,1,1
1438,686,833151,9,1,1
1439,686,833463,9,1,1
1440,686,833504,9,19,19
1441,686,833979,9,1,1
1442,686,834607,9,5,5
1443,686,835489,9,1,1
1444,686,836092,9,1,1
1445,686,836254,9,2,2
1446,686,836973,9,1,1
1447,686,837071,9,1,1
1448,686,837354,9,1,1
1449,686,837640,9,1,1
1450,686,837917,9,1,1
1451,686,838215,9,1,1
1452,686,838282,9,2,2
1453,686,838546,9,4,4
1454,686,839028,9,1,1
1455,686,839256,9,1,1
1456,686,841276,9,1,1
1457,686,841372,9,1,1
1458,686,841735,9,1,1
1459,686,842048,9,1,1
1460,686,842230,9,1,1
1461,686,842293,9,1,1
1462,686,842884,9,4,4
1463,686,843003,9,1,1
1464,686,843496,9,3,3
1465,686,843708,9,3,3
1466,686,843765,9,15,15
1467,686,844387,9,3,3
1468,686,844754,9,1,1
1469,686,844987,9,1,1
1470,686,845222,9,1,1
1471,686,845246,9,2,2
1472,686,845705,9,1,1
1473,686,845867,9,1,1
1474,686,846015,9,2,2
1475,686,846421,9,2,2
1476,686,846617,9,3,3
1477,686,846767,9,4,4
1478,686,847231,9,1,1
1479,686,847365,9,1,1
1480,686,847467,9,2,2
1481,686,848158,9,1,1
1482,686,848252,9,2,2
1483,686,849035,9,1,1
1484,686,850049,9,2,2
1485,686,850759,9,1,1
1486,686,850850,9,1,1
1487,686,850865,9,1,1
1488,686,851131,9,1,1
1489,686,851983,9,2,2
1490,686,852583,9,1,1
1491,686,852798,9,6,6
1492,686,852962,9,1,1
1493,686,853486,9,1,1
1494,686,854114,9,1,1
1495,686,854438,9,1,1
1496,686,854441,9,1,1
1497,686,855014,9,2,2
1498,686,855140,9,1,1
1499,686,855517,9,1,1
1500,686,856758,9,1,1
1501,686,857677,9,1,1
1502,686,858490,9,1,1
1503,686,858908,9,1,1
1504,686,859060,9,1,1
1505,686,859783,9,1,1
1506,686,859856,9,2,2
1507,686,859879,9,1,1
1508,686,860031,9,1,1
1509,686,860169,9,3,3
1510,686,860240,9,1,1
1511,686,861105,9,2,2
1512,686,861528,9,1,1
1513,686,861617,9,3,3
1514,21991,861617,3,3,3
1515,686,862419,9,1,1
1516,686,862882,9,1,1
1517,686,863260,9,13,13
1518,686,863589,9,7,7
1519,686,864290,9,2,2
1520,686,865277,9,1,1
1521,686,865399,9,1,1
1522,686,865447,9,3,3
1523,686,865749,9,1,1
1524,686,866246,9,1,1
1525,686,866319,9,1,1
1526,686,866531,9,1,1
1527,686,866559,9,1,1
1528,686,866562,9,1,1
1529,686,866622,9,4,4
1530,686,867326,9,1,1
1531,686,867774,9,1,1
1532,686,868143,9,1,1
1533,686,868867,9,1,1
1534,686,869042,9,1,1
1535,686,869088,9,1,1
1536,686,869215,9,1,1
1537,686,869912,9,1,1
1538,686,870005,9,1,1
1539,686,870016,9,1,1
1540,686,870178,9,6,6
1541,686,870577,9,2,2
1542,686,870586,9,1,1
1543,686,870793,9,1,1
1544,686,870831,9,2,2
1545,686,870845,9,1,1
1546,686,870892,9,1,1
1547,686,871375,9,3,3
1548,686,871458,9,3,3
1549,686,871619,9,11,11
1550,686,871634,9,2,2
1551,686,871978,9,5,5
1552,686,872269,9,5,5
1553,686,872385,9,2,2
1554,686,872938,9,1,1
1555,686,873003,9,3,3
1556,686,873749,9,1,1
1557,686,873784,9,1,1
1558,686,874811,9,1,1
1559,686,875125,9,1,1
1560,686,875481,9,4,4
1561,686,876697,9,1,1
1562,686,877076,9,2,2
1563,686,877189,9,1,1
1564,686,878637,9,1,1
1565,686,878654,9,1,1
1566,686,878897,9,1,1
1567,686,880367,9,2,2
1568,686,881000,9,1,1
1569,686,881232,9,2,2
1570,686,881630,9,5,5
1571,686,881650,9,11,11
1572,686,882318,9,1,1
1573,686,882724,9,1,1
1574,686,882825,9,1,1
1575,686,883052,9,1,1
1576,686,883078,9,1,1
1577,686,884285,9,1,1
1578,686,884548,9,1,1
1579,686,884677,9,3,3
1580,686,884820,9,2,2
1581,686,884971,9,1,1
1582,686,885151,9,1,1
1583,686,885643,9,14,14
1584,686,885716,9,1,1
1585,686,885906,9,1,1
1586,686,886017,9,40,40
1587,686,886380,9,1,1
1588,686,886632,9,1,1
1589,686,887317,9,3,3
1590,686,887650,9,2,2
1591,686,888114,9,1,1
1592,686,888321,9,1,1
1593,686,888361,9,1,1
1594,686,888458,7,1,1
1595,686,888753,9,1,1
1596,686,889197,9,1,1
1597,686,890181,9,2,2
1598,686,890922,9,1,1
1599,686,891273,9,1,1
1600,686,891587,9,2,2
1601,686,892284,9,1,1
1602,686,892342,9,1,1
1603,686,892883,9,7,7
1604,686,892917,9,5,5
1605,686,893353,9,1,1
1606,686,894175,9,2,2
1607,686,894177,9,1,1
1608,686,894813,9,5,5
1609,686,895048,9,2,2
1610,686,895101,9,20,20
1611,686,895224,9,1,1
1612,686,895424,9,1,1
1613,686,896107,9,2,2
1614,686,896370,9,1,1
1615,686,896654,9,1,1
1616,686,897053,9,1,1
1617,686,897214,9,3,3
1618,686,897536,9,1,1
1619,686,897570,9,1,1
1620,686,897576,9,1,1
1621,686,897595,9,2,2
1622,686,897843,9,2,2
1623,686,898391,9,1,1
1624,686,898396,9,1,1
1625,686,898403,9,1,1
1626,686,898722,9,3,3
1627,686,900010,9,1,1
1628,686,900126,9,1,1
1629,686,900764,9,1,1
1630,686,901329,9,3,3
1631,686,901501,9,1,1
1632,686,901775,9,1,1
1633,686,902070,9,1,1
1634,686,902184,9,2,2
1635,686,902474,9,2,2
1636,686,902661,9,1,1
1637,686,903279,9,1,1
1638,686,904319,9,1,1
1639,686,904649,9,1,1
1640,686,904851,9,4,4
1641,686,904853,9,2,2
1642,686,905238,9,4,4
1643,686,905290,9,1,1
1644,686,905494,9,1,1
1645,686,905553,9,1,1
1646,686,905568,9,2,2
1647,686,906073,9,3,3
1648,686,906438,9,1,1
1649,686,906562,9,1,1
1650,686,906823,9,3,3
1651,686,908037,9,1,1
1652,686,908672,9,1,1
1653,686,909834,9,1,1
1654,686,909936,9,1,1
1655,686,910263,9,1,1
1656,686,910874,9,1,1
1657,686,911099,9,1,1
1658,686,912090,9,3,3
1659,686,912698,9,2,2
1660,686,912905,9,2,2
1661,686,912917,9,4,4
1662,686,913182,9,1,1
1663,686,913367,9,4,4
1664,686,915110,9,1,1
1665,686,915351,9,2,2
1666,686,916489,9,1,1
1667,686,916880,9,1,1
1668,686,917675,9,1,1
1669,686,917724,9,1,1
1670,686,918253,9,2,2
1671,686,918258,9,13,13
1672,686,918363,9,3,3
1673,686,920948,9,1,1
1674,686,921037,9,1,1
1675,686,921617,9,1,1
1676,686,921920,9,1,1
1677,686,922504,9,1,1
1678,686,922622,9,2,2
1679,686,923233,9,1,1
1680,686,923243,9,1,1
1681,686,923735,9,1,1
1682,686,923967,9,7,7
1683,686,924312,9,2,2
1684,686,924327,9,3,3
1685,686,924922,9,1,1
1686,686,924940,9,14,14
1687,686,925777,9,2,2
1688,686,925850,9,1,1
1689,686,926795,9,1,1
1690,686,926835,9,1,1
1691,686,926884,9,2,2
1692,686,927463,9,1,1
1693,686,927494,9,2,2
1694,686,927580,9,1,1
1695,686,927637,9,1,1
1696,686,927752,9,2,2
1697,686,928520,9,1,1
1698,686,928741,9,1,1
1699,686,929151,9,17,17
1700,686,929788,9,1,1
1701,686,931074,9,1,1
1702,686,931358,9,1,1
1703,686,932665,9,1,1
1704,686,932799,9,1,1
1705,686,932958,7,1,1
1706,686,933229,9,1,1
1707,686,933255,9,5,5
1708,686,934188,9,1,1
1709,686,934352,9,1,1
1710,686,934459,9,1,1
1711,686,935341,9,1,1
1712,686,935387,9,1,1
1713,686,935559,9,4,4
1714,686,936422,9,1,1
1715,686,937459,9,1,1
1716,686,937485,9,2,2
1717,686,938189,9,1,1
1718,686,938713,9,5,5
1719,686,940088,9,1,1
1720,686,940644,9,1,1
1721,686,941010,9,7,7
1722,686,941062,9,2,2
1723,686,941853,9,1,1
1724,686,942103,9,1,1
1725,686,942551,9,1,1
1726,686,942686,9,1,1
1727,686,943048,9,1,1
1728,686,943437,9,1,1
1729,686,944159,9,1,1
1730,686,944287,9,1,1
1731,686,944758,9,2,2
1732,686,944972,9,6,6
1733,686,945231,9,1,1
1734,686,945570,9,1,1
1735,686,946539,9,2,2
1736,686,946763,9,1,1
1737,686,946795,9,1,1
1738,686,948058,9,5,5
1739,686,948182,9,1,1
1740,686,948513,9,2,2
1741,686,948690,9,1,1
1742,686,949243,9,4,4
1743,686,950231,9,1,1
1744,686,950507,9,2,2
1745,686,951474,9,1,1
1746,686,951793,9,1,1
1747,686,952376,9,5,5
1748,686,952722,9,2,2
1749,686,953183,9,1,1
1750,686,953519,9,1,1
1751,686,953753,9,1,1
1752,686,954390,9,1,1
1753,686,954802,9,1,1
1754,686,955238,9,1,1
1755,686,955812,9,1,1
1756,686,955934,9,1,1
1757,686,956470,9,2,2
1758,686,956587,9,1,1
1759,686,956829,9,1,1
1760,686,957540,9,1,1
1761,686,957710,9,16,16
1762,686,957723,9,1,1
1763,686,957843,9,1,1
1764,686,958337,9,2,2
1765,686,958538,9,2,2
1766,686,958549,9,3,3
1767,686,958620,9,1,1
1768,686,958752,9,1,1
1769,686,958875,9,2,2
1770,686,959627,9,1,1
1771,686,959684,9,1,1
1772,686,959950,9,1,1
1773,686,960564,9,3,3
1774,686,960635,9,1,1
1775,686,961398,9,1,1
1776,686,961862,9,1,1
1777,686,961931,9,1,1
1778,686,963050,9,1,1
1779,686,963763,9,2,2
1780,686,963811,9,1,1
1781,686,964057,9,1,1
1782,686,964402,9,1,1
1783,686,965852,9,4,4
1784,686,966186,9,1,1
1785,686,966467,9,1,1
1786,686,966547,9,3,3
1787,686,967472,9,1,1
1788,686,967652,9,1,1
1789,686,968447,9,1,1
1790,686,969037,9,1,1
1791,686,969517,9,1,1
1792,686,969608,9,1,1
1793,686,970117,9,1,1
1794,686,970679,9,7,7
1795,686,970688,9,2,2
1796,686,971068,9,1,1
1797,686,971295,9,2,2
1798,686,973650,9,1,1
1799,686,974272,9,1,1
1800,686,974773,9,1,1
1801,686,975267,9,1,1
1802,686,976031,9,1,1
1803,686,977214,9,1,1
1804,686,978103,9,1,1
1805,686,978616,9,3,3
1806,686,978630,9,1,1
1807,686,978774,9,1,1
1808,686,978834,9,1,1
1809,686,979456,9,1,1
1810,686,979680,9,1,1
1811,686,979982,9,2,2
1812,686,980707,9,1,1
1813,686,980790,9,2,2
1814,686,981379,9,1,1
1815,686,981408,9,1,1
1816,686,981474,9,1,1
1817,686,981584,9,2,2
1818,686,981600,9,1,1
1819,686,982378,9,1,1
1820,686,982783,9,1,1
1821,686,982907,9,1,1
1822,686,983296,9,1,1
1823,686,983346,9,1,1
1824,686,983439,9,1,1
1825,686,983859,9,1,1
1826,686,984682,9,5,5
1827,686,985462,9,1,1
1828,686,985573,9,1,1
1829,686,986482,9,3,3
1830,686,986486,9,1,1
1831,686,986968,9,1,1
1832,686,987184,9,1,1
1833,686,987317,9,4,4
1834,686,987428,9,1,1
1835,686,987510,9,2,2
1836,686,987688,9,1,1
1837,686,988008,9,1,1
1838,686,988342,9,1,1
1839,686,988645,9,5,5
1840,686,988700,9,1,1
1841,686,989012,9,1,1
1842,686,989027,9,1,1
1843,686,989362,9,1,1
1844,686,989494,9,1,1
1845,686,990565,9,1,1
1846,686,990684,9,1,1
1847,686,990885,9,7,7
1848,686,991189,9,2,2
1849,686,991392,9,1,1
1850,686,991803,9,12,12
1851,686,992268,9,1,1
1852,686,993690,9,1,1
1853,686,994529,9,1,1
1854,686,994818,9,1,1
1855,686,995376,9,1,1
1856,686,996242,9,1,1
1857,686,996328,9,2,2
1858,686,996854,9,1,1
1859,686,998296,9,1,1
1860,686,998371,9,1,1
1861,686,998666,9,1,1
1862,686,999324,9,1,1
1863,686,999631,9,1,1
1864,686,999693,9,1,1
1865,686,1000575,9,2,2
1866,686,1000687,9,1,1
1867,686,1001345,9,1,1
1868,686,1001558,9,1,1
1869,686,1001561,9,1,1
1870,686,1001698,9,1,1
1871,686,1002067,9,1,1
1872,686,1002868,9,2,2
1873,686,1002930,9,1,1
1874,686,1002971,9,1,1
1875,686,1003470,9,1,1
1876,686,1003635,9,1,1
1877,686,1004140,9,1,1
1878,686,1004480,9,1,1
1879,686,1004642,9,2,2
1880,686,1004662,9,1,1
1881,686,1004725,9,1,1
1882,686,1004874,9,1,1
1883,686,1005234,9,1,1
1884,686,1005327,9,1,1
1885,686,1006096,9,1,1
1886,686,1006111,9,2,2
1887,686,1007214,9,9,9
1888,686,1008415,9,1,1
1889,686,1008424,9,1,1
1890,686,1008524,9,1,1
1891,686,1009118,9,1,1
1892,686,1009200,9,1,1
1893,686,1009210,9,1,1
1894,686,1009394,9,1,1
1895,686,1009520,9,1,1
1896,686,1010185,9,1,1
1897,686,1010471,9,4,4
1898,686,1010921,9,1,1
1899,686,1011102,9,1,1
1900,686,1011444,9,1,1
1901,686,1012023,9,2,2
1902,686,1012084,9,1,1
1903,686,1012665,9,2,2
1904,686,1013228,9,3,3
1905,686,1013445,9,1,1
1906,686,1013873,9,1,1
1907,686,1014013,9,1,1
1908,686,1014096,9,1,1
1909,686,1014335,9,1,1
1910,686,1015496,9,1,1
1911,686,1015544,9,1,1
1912,686,1015673,9,1,1
1913,686,1015715,9,1,1
1914,686,1016076,9,1,1
1915,686,1016616,9,1,1
1916,686,1017237,9,1,1
1917,686,1017358,9,1,1
1918,686,1017415,9,2,2
1919,686,1017563,9,1,1
1920,686,1017574,9,1,1
1921,686,1017920,9,1,1
1922,686,1018456,9,1,1
1923,686,1018660,9,1,1
1924,686,1020793,9,1,1
1925,686,1021082,9,1,1
1926,686,1021545,9,1,1
1927,686,1022040,9,1,1
1928,686,1022574,9,1,1
1929,686,1022693,9,1,1
1930,686,1023415,9,1,1
1931,686,1023858,9,1,1
1932,686,1024122,9,1,1
1933,686,1024267,9,1,1
1934,686,1024708,9,1,1
1935,686,1025217,9,1,1
1936,686,1025304,9,1,1
1937,686,1026208,9,1,1
1938,686,1027002,9,8,8
1939,686,1027045,9,6,6
1940,686,1027179,9,2,2
1941,686,1027548,9,1,1
1942,686,1028382,9,1,1
1943,686,1028386,9,1,1
1944,686,1028396,9,1,1
1945,686,1028947,9,1,1
1946,686,1029275,9,1,1
1947,686,1030251,9,3,3
1948,686,1032712,9,1,1
1949,686,1033081,9,1,1
1950,686,1033684,9,1,1
1951,686,1033697,9,1,1
1952,686,1033893,9,1,1
1953,686,1034126,9,1,1
1954,686,1034299,9,2,2
1955,686,1034423,9,5,5
1956,686,1034978,9,1,1
1957,686,1034988,9,1,1
1958,686,1035755,9,1,1
1959,686,1037126,9,1,1
1960,686,1037874,9,2,2
1961,686,1038984,9,1,1
1962,686,1039487,9,1,1
1963,686,1039673,9,1,1
1964,686,1039714,9,1,1
1965,686,1040628,9,1,1
1966,686,1040723,9,1,1
1967,686,1042926,9,1,1
1968,686,1042957,9,1,1
1969,686,1043109,9,2,2
1970,686,1043164,9,1,1
1971,686,1043250,9,1,1
1972,686,1043302,9,1,1
1973,686,1044376,9,1,1
1974,686,1044704,9,1,1
1975,686,1044706,9,2,2
1976,686,1045018,9,1,1
1977,686,1045075,9,1,1
1978,686,1045181,9,1,1
1979,686,1045338,9,1,1
1980,686,1045515,9,1,1
1981,686,1045615,9,1,1
1982,686,1045810,9,1,1
1983,686,1045856,9,1,1
1984,686,1046088,9,2,2
1985,686,1046153,9,1,1
1986,686,1047971,9,3,3
1987,686,1047995,9,1,1
1988,686,1048016,9,1,1
1989,686,1048050,9,1,1
1990,686,1048640,9,1,1
1991,686,1048703,9,1,1
1992,686,1048968,9,1,1
1993,686,1049012,9,1,1
1994,686,1049296,9,1,1
1995,686,1049488,9,2,2
1996,686,1050521,9,1,1
1997,686,1051232,9,1,1
1998,686,1052400,9,2,2
1999,686,1052948,9,1,1
2000,686,1053158,9,1,1
2001,686,1054384,9,1,1
2002,686,1054425,9,1,1
2003,686,1054519,9,1,1
2004,686,1054536,9,1,1
2005,686,1054578,9,1,1
2006,686,1055035,9,2,2
2007,686,1056166,9,1,1
2008,686,1058855,9,1,1
2009,686,1060169,9,1,1
2010,686,1060419,9,1,1
2011,686,1061100,9,1,1
2012,686,1061145,9,1,1
2013,686,1062364,9,1,1
2014,686,1062630,9,1,1
2015,686,1063960,9,1,1
2016,686,1064652,9,1,1
2017,686,1065355,9,1,1
2018,686,1068316,9,1,1
2019,686,1068405,9,1,1
2020,686,1068573,9,1,1
2021,686,1069578,9,1,1
2022,686,1069905,9,1,1
2023,686,1071534,9,1,1
2024,686,1071876,9,1,1
2025,686,1072003,9,1,1
2026,686,1073280,9,2,2
2027,686,1074172,9,1,1
2028,686,1074565,9,1,1
2029,686,1075513,9,2,2
2030,686,1075514,9,1,1
2031,686,1076005,9,2,2
2032,686,1076100,9,1,1
2033,686,1076163,9,1,1
2034,686,1078947,9,1,1
2035,686,1079567,9,1,1
2036,686,1079743,9,1,1
2037,686,1079899,9,1,1
2038,686,1080162,9,1,1
2039,686,1080994,9,1,1
2040,686,1082203,9,1,1
2041,686,1082294,9,1,1
2042,686,1082862,9,1,1
2043,686,1083360,9,2,2
2044,686,1083783,9,1,1
2045,686,1084876,9,1,1
2046,686,1086353,9,1,1
2047,686,1086677,9,1,1
2048,686,1086707,9,1,1
2049,686,1087164,9,1,1
2050,686,1088378,9,1,1
2051,686,1088962,9,1,1
2052,686,1089668,9,1,1
2053,686,1089820,9,1,1
2054,686,1089967,9,1,1
2055,686,1090020,9,1,1
2056,686,1090197,9,1,1
2057,686,1090317,9,1,1
2058,686,1090606,9,1,1
2059,686,1091186,9,1,1
2060,686,1091547,9,1,1
2061,686,1091553,9,1,1
2062,686,1091778,9,1,1
2063,686,1093018,9,1,1
2064,686,1093079,9,1,1
2065,686,1093299,9,1,1
2066,686,1093565,9,1,1
2067,686,1094633,9,1,1
2068,686,1096373,9,1,1
2069,686,1096410,9,1,1
2070,686,1096590,9,1,1
2071,686,1096991,9,2,2
2072,686,1097117,9,1,1
2073,686,1097513,9,1,1
2074,686,1098167,9,1,1
2075,686,1098393,9,1,1
2076,686,1100326,9,1,1
2077,686,1100348,9,1,1
2078,686,1100458,9,1,1
2079,686,1100957,9,1,1
2080,686,1101317,9,1,1
2081,686,1101574,9,1,1
2082,686,1101784,9,2,2
2083,686,1101847,9,1,1
2084,686,1101861,9,2,2
2085,686,1102204,9,1,1
2086,686,1102494,9,1,1
2087,686,1102581,9,2,2
2088,686,1103267,9,2,2
2089,686,1103308,9,8,8
2090,686,1103648,9,3,3
2091,686,1103770,9,2,2
2092,686,1103841,9,1,1
2093,686,1103882,9,1,1
2094,686,1104045,9,1,1
2095,686,1104543,9,1,1
2096,686,1105103,9,1,1
2097,686,1105237,9,1,1
2098,686,1106308,9,1,1
2099,686,1107103,9,1,1
2100,686,1107417,9,1,1
2101,686,1107644,9,1,1
2102,686,1109822,9,1,1
2103,686,1109823,9,1,1
2104,686,1109896,9,2,2
2105,686,1110113,9,1,1
2106,686,1110947,9,1,1
2107,686,1111434,9,1,1
2108,22194,1111434,3,1,1
2109,686,1111448,9,2,2
2110,686,1111837,9,1,1
2111,686,1112308,9,1,1
2112,686,1112392,9,1,1
2113,686,1112639,9,2,2
2114,686,1112712,9,1,1
2115,686,1113306,9,1,1
2116,686,1113390,9,4,4
2117,686,1113394,9,1,1
2118,686,1113455,9,2,2
2119,686,1113797,9,1,1
2120,686,1114304,9,1,1
2121,686,1114560,9,1,1
2122,686,1115661,9,1,1
2123,686,1115905,9,1,1
2124,686,1116640,9,1,1
2125,686,1116664,9,12,12
2126,686,1116800,9,1,1
2127,686,1116896,9,1,1
2128,686,1118019,9,1,1
2129,686,1118223,9,1,1
2130,686,1119770,9,1,1
2131,686,1120265,9,5,5
2132,686,1120446,9,1,1
2133,686,1120699,9,3,3
2134,686,1120867,9,1,1
2135,686,1121320,9,1,1
2136,686,1121376,9,1,1
2137,686,1121910,9,1,1
2138,686,1121921,9,1,1
2139,686,1123437,9,1,1
2140,686,1123681,9,1,1
2141,686,1124118,9,1,1
2142,686,1124241,9,2,2
2143,686,1124284,9,1,1
2144,686,1124331,9,1,1
2145,686,1125007,9,1,1
2146,686,1125548,9,1,1
2147,686,1126075,9,1,1
2148,686,1126333,9,1,1
2149,686,1126742,9,3,3
2150,686,1126881,9,1,1
2151,686,1128008,9,2,2
2152,686,1129429,9,1,1
2153,686,1129913,9,2,2
2154,686,1130060,9,1,1
2155,686,1130063,9,1,1
2156,686,1130288,9,3,3
2157,686,1130374,9,4,4
2158,686,1130478,9,1,1
2159,686,1130505,9,1,1
2160,686,1130831,9,1,1
2161,686,1132357,9,1,1
2162,686,1132665,9,1,1
2163,686,1135281,9,1,1
2164,686,1135460,9,1,1
2165,686,1135720,9,1,1
2166,686,1135964,9,1,1
2167,686,1135992,9,1,1
2168,686,1136004,9,1,1
2169,686,1136568,9,2,2
2170,686,1136575,9,1,1
2171,686,1136581,9,1,1
2172,686,1136598,9,1,1
2173,686,1136613,9,1,1
2174,686,1136621,9,1,1
2175,686,1137910,9,1,1
2176,686,1138094,9,1,1
2177,686,1138212,9,3,3
2178,686,1138276,9,1,1
2179,686,1138895,9,1,1
2180,686,1139409,9,1,1
2181,686,1139527,9,4,4
2182,686,1140375,9,1,1
2183,686,1140828,9,1,1
2184,686,1140866,9,1,1
2185,686,1141392,9,4,4
2186,686,1141705,9,4,4
2187,686,1142001,9,1,1
2188,686,1142202,9,1,1
2189,686,1142688,9,1,1
2190,686,1143582,9,1,1
2191,686,1143811,9,1,1
2192,686,1144195,9,1,1
2193,686,1144523,9,1,1
2194,686,1144765,9,1,1
2195,686,1145592,9,1,1
2196,686,1145963,9,1,1
2197,686,1146456,9,1,1
2198,686,1147210,9,2,2
2199,686,1147272,9,1,1
2200,686,1147475,9,1,1
2201,686,1147514,9,1,1
2202,686,1147609,9,1,1
2203,686,1147687,9,1,1
2204,686,1147711,9,1,1
2205,686,1147714,9,1,1
2206,686,1147801,9,2,2
2207,686,1147999,9,1,1
2208,686,1148669,9,1,1
2209,686,1149027,9,1,1
2210,686,1149056,9,1,1
2211,686,1149082,9,1,1
2212,686,1149651,9,1,1
2213,686,1151050,9,2,2
2214,686,1151307,9,1,1
2215,686,1151435,9,1,1
2216,686,1151464,9,1,1
2217,686,1151677,9,1,1
2218,686,1153135,9,2,2
2219,686,1154731,9,2,2
2220,686,1154825,9,2,2
2221,686,1155073,9,1,1
2222,686,1155211,9,1,1
2223,686,1155364,9,2,2
2224,686,1155541,9,1,1
2225,686,1155555,9,1,1
2226,686,1155796,9,1,1
2227,686,1155954,9,3,3
2228,686,1156097,9,1,1
2229,686,1156597,9,1,1
2230,686,1156628,9,2,2
2231,686,1156910,9,1,1
2232,686,1156943,9,1,1
2233,686,1157835,9,1,1
2234,686,1158090,9,2,2
2235,686,1158123,9,2,2
2236,686,1158638,9,1,1
2237,686,1158639,9,1,1
2238,686,1158938,9,3,3
2239,686,1159126,9,1,1
2240,686,1159367,9,1,1
2241,686,1159439,9,1,1
2242,686,1159890,9,3,3
2243,686,1159895,9,1,1
2244,686,1160041,9,1,1
2245,686,1160096,9,1,1
2246,686,1160181,9,1,1
2247,686,1160517,9,1,1
2248,686,1160523,9,1,1
2249,686,1160559,9,2,2
2250,686,1160619,9,5,5
2251,686,1160719,9,1,1
2252,686,1161041,9,2,2
2253,686,1161333,9,1,1
2254,686,1161407,9,9,9
2255,686,1161534,9,1,1
2256,686,1161627,9,1,1
2257,686,1161751,9,1,1
2258,686,1162033,9,1,1
2259,686,1162640,9,1,1
2260,686,1162703,9,1,1
2261,686,1162849,9,1,1
2262,686,1162856,9,3,3
2263,686,1164472,9,1,1
2264,686,1164535,9,1,1
2265,686,1165123,9,1,1
2266,686,1165168,9,1,1
2267,686,1165405,9,1,1
2268,686,1165470,9,2,2
2269,686,1165515,9,1,1
2270,686,1165526,9,3,3
2271,686,1165590,9,1,1
2272,686,1165667,9,4,4
2273,686,1165968,9,1,1
2274,686,1166283,9,1,1
2275,686,1166491,9,2,2
2276,686,1166494,9,1,1
2277,686,1166751,9,1,1
2278,686,1166834,9,4,4
2279,686,1167067,9,1,1
2280,686,1167666,9,1,1
2281,686,1167953,9,1,1
2282,686,1168032,9,9,9
2283,686,1168226,9,1,1
2284,686,1168389,9,1,1
2285,686,1168594,9,1,1
2286,686,1168653,9,8,8
2287,686,1168708,9,1,1
2288,686,1168953,9,1,1
2289,686,1169048,9,1,1
2290,686,1169718,9,1,1
2291,686,1169828,9,2,2
2292,686,1170029,9,1,1
2293,686,1170233,9,1,1
2294,686,1170447,9,1,1
2295,686,1170674,9,1,1
2296,686,1170722,9,1,1
2297,686,1170815,9,2,2
2298,686,1171010,9,1,1
2299,686,1171085,9,1,1
2300,686,1171283,9,1,1
2301,686,1171919,9,1,1
2302,686,1172788,9,1,1
2303,686,1173158,9,1,1
2304,686,1173410,9,2,2
2305,686,1173451,9,1,1
2306,686,1173456,9,1,1
2307,686,1173504,9,5,5
2308,686,1173575,9,1,1
2309,686,1173799,9,1,1
2310,686,1173801,9,1,1
2311,686,1173885,9,1,1
2312,686,1174883,9,1,1
2313,686,1175069,9,1,1
2314,686,1175086,9,1,1
2315,686,1175188,9,1,1
2316,686,1175306,9,1,1
2317,686,1175377,9,1,1
2318,686,1175503,9,1,1
2319,686,1175646,9,1,1
2320,686,1175745,9,1,1
2321,686,1175953,9,1,1
2322,686,1176000,9,3,3
2323,686,1176053,9,2,2
2324,686,1176173,9,5,5
2325,686,1176649,9,1,1
2326,686,1177059,9,1,1
2327,686,1177200,9,1,1
2328,686,1177390,9,1,1
2329,686,1177393,9,1,1
2330,686,1177766,9,1,1
2331,686,1177883,9,1,1
2332,686,1178252,9,1,1
2333,686,1178519,9,3,3
2334,686,1178821,9,2,2
2335,686,1178964,9,1,1
2336,686,1179566,9,1,1
2337,686,1179970,9,1,1
2338,686,1180940,9,1,1
2339,686,1181492,9,1,1
2340,686,1181949,9,1,1
2341,686,1182208,9,1,1
2342,686,1182292,9,1,1
2343,686,1182916,9,1,1
2344,686,1183194,9,1,1
2345,686,1183302,9,1,1
2346,686,1183355,9,1,1
2347,686,1183397,9,1,1
2348,686,1183594,9,1,1
2349,686,1183735,9,1,1
2350,686,1184026,9,1,1
2351,686,1184067,9,1,1
2352,686,1184115,9,1,1
2353,686,1185603,9,1,1
2354,686,1186272,9,1,1
2355,686,1186387,9,1,1
2356,686,1186417,9,1,1
2357,686,1186425,9,1,1
2358,686,1186643,9,1,1
2359,686,1186741,9,2,2
2360,686,1186836,9,1,1
2361,686,1187264,9,2,2
2362,686,1187394,9,1,1
2363,686,1187495,9,1,1
2364,686,1188897,9,1,1
2365,686,1189076,9,1,1
2366,686,1189111,9,1,1
2367,686,1189346,9,1,1
2368,686,1189695,9,1,1
2369,686,1189749,9,1,1
2370,686,1189811,9,2,2
2371,686,1190158,9,1,1
2372,686,1190190,9,1,1
2373,686,1190234,9,1,1
2374,686,1190607,9,1,1
2375,686,1190639,9,1,1
2376,686,1191700,9,1,1
2377,686,1192147,9,1,1
2378,686,1193669,9,1,1
2379,686,1193989,9,1,1
2380,686,1194158,9,1,1
2381,686,1194310,9,1,1
2382,686,1194609,9,1,1
2383,686,1194715,9,1,1
2384,686,1195300,9,1,1
2385,686,1195399,9,1,1
2386,686,1195804,9,1,1
2387,686,1195984,9,1,1
2388,686,1196344,9,1,1
2389,686,1196752,9,1,1
2390,686,1196853,9,1,1
2391,686,1197104,9,1,1
2392,686,1198140,5,1,1
2393,686,1198988,9,1,1
2394,686,1198998,9,1,1
2395,686,1199701,9,1,1
2396,686,1199786,9,2,2
2397,686,1200034,9,1,1
2398,686,1200070,9,2,2
2399,686,1200074,9,1,1
2400,686,1200201,9,1,1
2401,686,1200239,9,1,1
2402,686,1200254,9,1,1
2403,686,1200375,9,1,1
2404,686,1200579,9,1,1
2405,686,1200711,9,2,2
2406,686,1200986,9,1,1
2407,686,1201058,9,14,14
2408,686,1201842,9,1,1
2409,686,1202320,9,1,1
2410,686,1202667,9,1,1
2411,686,1202937,9,1,1
2412,686,1202967,8,10,10
2413,686,1203008,9,1,1
2414,686,1203452,9,1,1
2415,686,1203759,9,3,3
2416,686,1203889,9,1,1
2417,686,1203895,9,1,1
2418,686,1204145,9,1,1
2419,686,1204581,9,1,1
2420,686,1204651,9,1,1
2421,686,1204704,9,2,2
2422,686,1205062,9,1,1
2423,686,1205096,9,1,1
2424,686,1205163,9,1,1
2425,686,1205274,9,1,1
2426,686,1205478,9,1,1
2427,686,1206034,9,1,1
2428,686,1206056,9,1,1
2429,686,1206276,9,1,1
2430,686,1206587,9,1,1
2431,686,1206612,9,1,1
2432,686,1206686,9,4,4
2433,686,1206727,9,2,2
2434,686,1207487,9,1,1
2435,686,1207773,9,1,1
2436,686,1207953,9,1,1
2437,686,1207954,9,1,1
2438,686,1208527,9,1,1
2439,686,1208568,9,2,2
2440,686,1208588,9,2,2
2441,686,1208662,9,1,1
2442,686,1208730,9,1,1
2443,686,1209207,9,1,1
2444,686,1209260,9,1,1
2445,686,1209525,9,1,1
2446,686,1209566,9,1,1
2447,686,1210420,9,1,1
2448,686,1211151,9,1,1
2449,686,1211194,9,1,1
2450,686,1211646,9,3,3
2451,686,1212121,9,2,2
2452,686,1212480,9,2,2
2453,686,1212616,9,1,1
2454,686,1212943,9,1,1
2455,686,1213042,9,1,1
2456,686,1213433,9,1,1
2457,686,1214139,9,2,2
2458,686,1214217,9,3,3
2459,686,1214239,9,1,1
2460,686,1214244,9,1,1
2461,686,1214267,9,1,1
2462,686,1214315,9,1,1
2463,686,1214346,9,1,1
2464,686,1214395,9,1,1
2465,686,1214428,9,1,1
2466,686,1215172,9,1,1
2467,686,1215351,9,1,1
2468,686,1215492,9,1,1
2469,686,1215843,9,1,1
2470,686,1215850,9,1,1
2471,686,1216057,9,1,1
2472,686,1216084,9,1,1
2473,686,1217092,9,1,1
2474,686,1217870,9,1,1
2475,686,1218007,9,1,1
2476,686,1218398,9,1,1
2477,686,1218520,9,1,1
2478,686,1218808,9,1,1
2479,686,1218930,9,1,1
2480,686,1218974,9,1,1
2481,686,1219235,9,1,1
2482,686,1219483,9,1,1
2483,686,1219660,9,2,2
2484,686,1219775,9,5,5
2485,686,1219778,9,1,1
2486,686,1220198,9,1,1
2487,686,1220379,9,1,1
2488,686,1220581,9,1,1
2489,686,1221023,9,3,3
2490,686,1221408,9,2,2
2491,686,1221732,9,1,1
2492,686,1222427,9,1,1
2493,686,1222428,9,1,1
2494,686,1222650,9,1,1
2495,686,1222994,9,1,1
2496,686,1223174,9,1,1
2497,686,1223186,9,1,1
2498,686,1223251,9,1,1
2499,686,1223611,9,1,1
2500,686,1224316,9,1,1
2501,686,1224594,9,1,1
2502,686,1224616,9,1,1
2503,686,1225251,9,2,2
2504,686,1225631,9,1,1
2505,686,1225951,9,1,1
2506,686,1226025,9,2,2
2507,686,1226212,9,1,1
2508,686,1226226,9,1,1
2509,686,1226318,9,1,1
2510,686,1226615,9,2,2
2511,686,1226726,9,2,2
2512,686,1227021,9,2,2
2513,686,1227294,9,1,1
2514,686,1227735,9,3,3
2515,686,1227829,9,1,1
2516,686,1228136,9,1,1
2517,686,1228338,9,1,1
2518,686,1228533,9,1,1
2519,686,1228734,9,1,1
2520,686,1228954,9,1,1
2521,686,1229437,9,1,1
2522,686,1229632,9,1,1
2523,686,1229821,9,1,1
2524,686,1230026,9,1,1
2525,686,1230064,9,1,1
2526,686,1230397,9,1,1
2527,686,1230704,9,2,2
2528,686,1230749,9,2,2
2529,686,1231128,9,1,1
2530,686,1231278,9,1,1
2531,686,1231475,9,1,1
2532,686,1232469,9,1,1
2533,686,1232521,9,1,1
2534,686,1232692,9,1,1
2535,686,1232693,9,1,1
2536,686,1233162,9,1,1
2537,686,1233481,9,7,7
2538,686,1233606,9,2,2
2539,686,1234052,9,1,1
2540,686,1234129,9,1,1
2541,686,1234811,9,1,1
2542,686,1234936,9,1,1
2543,686,1235352,9,1,1
2544,686,1235437,9,1,1
2545,686,1235448,9,1,1
2546,686,1235467,9,1,1
2547,686,1235599,9,1,1
2548,686,1236360,9,1,1
2549,686,1236605,9,2,2
2550,686,1236677,9,1,1
2551,686,1236789,9,1,1
2552,686,1236877,9,1,1
2553,686,1237245,9,1,1
2554,686,1237261,9,1,1
2555,686,1237266,9,1,1
2556,686,1237666,9,1,1
2557,686,1237705,9,1,1
2558,686,1237750,9,2,2
2559,686,1237877,9,1,1
2560,686,1237999,9,1,1
2561,686,1238272,9,4,4
2562,686,1238716,9,1,1
2563,686,1238941,9,1,1
2564,686,1239162,9,4,4
2565,686,1239757,9,1,1
2566,686,1240069,9,1,1
2567,686,1240080,9,1,1
2568,686,1240097,9,1,1
2569,686,1240221,9,2,2
2570,686,1240282,8,2,2
2571,686,1240943,9,2,2
2572,686,1240968,9,2,2
2573,686,1241137,9,1,1
2574,686,1241237,9,1,1
2575,686,1241258,9,1,1
2576,686,1241426,9,1,1
2577,686,1241491,9,1,1
2578,686,1242081,9,1,1
2579,686,1242164,9,1,1
2580,686,1242267,9,28,28
2581,686,1242347,9,1,1
2582,686,1242413,9,2,2
2583,686,1243082,9,1,1
2584,686,1243101,9,1,1
2585,686,1243528,9,2,2
2586,686,1244068,9,1,1
2587,686,1244276,9,1,1
2588,686,1244668,9,4,4
2589,686,1245039,9,1,1
2590,686,1245077,9,1,1
2591,686,1245377,9,1,1
2592,686,1245434,9,1,1
2593,686,1245467,9,1,1
2594,686,1245597,9,1,1
2595,686,1245852,9,1,1
2596,686,1246187,9,2,2
2597,686,1246248,9,1,1
2598,686,1246427,9,1,1
2599,686,1246512,9,1,1
2600,686,1246570,9,1,1
2601,686,1246750,9,1,1
2602,686,1246770,9,1,1
2603,686,1246962,9,1,1
2604,686,1246977,9,1,1
2605,686,1247263,9,1,1
2606,686,1247783,9,4,4
2607,686,1247856,9,2,2
2608,686,1248769,9,1,1
2609,686,1248935,9,1,1
2610,686,1249198,9,1,1
2611,686,1249235,9,1,1
2612,686,1249442,9,1,1
2613,686,1249533,9,1,1
2614,686,1249538,9,1,1
2615,686,1249558,9,1,1
2616,686,1249873,9,1,1
2617,686,1250114,9,2,2
2618,686,1250771,9,1,1
2619,686,1250951,9,1,1
2620,686,1250960,9,1,1
2621,686,1250974,9,1,1
2622,686,1253064,9,1,1
2623,686,1253247,9,1,1
2624,686,1253327,9,1,1
2625,686,1253682,9,34,34
2626,686,1253939,9,1,1
2627,686,1254681,9,2,2
2628,686,1254873,9,1,1
2629,686,1254894,9,1,1
2630,686,1255035,9,1,1
2631,686,1255135,9,1,1
2632,686,1255166,9,1,1
2633,686,1255299,9,1,1
2634,686,1255497,9,1,1
2635,686,1255800,9,1,1
2636,686,1256065,9,4,4
2637,686,1256341,9,24,23
2638,686,1256778,9,2,2
2639,686,1257000,9,1,1
2640,686,1257480,9,1,1
2641,686,1257532,9,1,1
2642,686,1257868,9,1,1
2643,686,1257875,9,1,1
2644,686,1257936,9,1,1
2645,11292,1257936,3,1,1
2646,686,1258010,9,1,1
2647,686,1258352,9,1,1
2648,686,1258394,9,1,1
2649,686,1258410,9,1,1
2650,686,1258629,9,1,1
2651,686,1258966,9,1,1
2652,686,1259294,9,1,1
2653,686,1259296,9,1,1
2654,686,1260013,9,1,1
2655,686,1260168,9,1,1
2656,686,1260219,9,1,1
2657,686,1260323,9,1,1
2658,686,1260445,9,1,1
2659,686,1260545,9,1,1
2660,686,1260815,9,1,1
2661,686,1261109,9,1,1
2662,686,1261421,9,1,1
2663,686,1261439,9,1,1
2664,686,1262381,9,2,2
2665,686,1262573,9,1,1
2666,686,1262951,9,1,1
2667,686,1263511,9,4,4
2668,686,1263896,9,1,1
2669,686,1264628,9,2,2
2670,686,1265082,9,1,1
2671,686,1265201,9,3,3
2672,686,1265297,9,1,1
2673,686,1267093,9,17,17
2674,686,1267114,9,1,1
2675,686,1267154,9,1,1
2676,686,1267441,9,1,1
2677,686,1267513,9,1,1
2678,686,1267560,9,1,1
2679,686,1267906,9,1,1
2680,686,1268125,9,1,1
2681,686,1268180,9,1,1
2682,686,1268404,9,3,3
2683,686,1268442,9,1,1
2684,686,1268944,9,1,1
2685,686,1269009,9,1,1
2686,686,1269167,9,1,1
2687,686,1269298,9,2,2
2688,686,1269387,9,1,1
2689,686,1269526,9,3,3
2690,686,1269566,9,1,1
2691,686,1269614,9,1,1
2692,686,1269817,9,1,1
2693,686,1269869,9,1,1
2694,686,1269915,9,2,2
2695,686,1270045,9,2,2
2696,686,1270582,9,1,1
2697,686,1270635,9,1,1
2698,686,1271092,9,1,1
2699,686,1271607,9,1,1
2700,686,1271871,9,2,2
2701,686,1272040,9,1,1
2702,686,1272327,9,1,1
2703,686,1272412,9,1,1
2704,686,1272541,9,1,1
2705,686,1272902,9,1,1
2706,686,1272948,9,2,2
2707,686,1272985,9,1,1
2708,686,1273293,9,1,1
2709,686,1273339,9,2,2
2710,686,1273405,9,1,1
2711,686,1273596,9,1,1
2712,686,1273610,9,1,1
2713,686,1273831,9,1,1
2714,686,1273861,9,1,1
2715,686,1273986,9,8,8
2716,686,1274748,9,1,1
2717,686,1274795,9,1,1
2718,686,1274837,9,1,1
2719,686,1274900,9,1,1
2720,686,1274906,9,1,1
2721,686,1275240,9,1,1
2722,686,1275317,9,1,1
2723,686,1275532,9,1,1
2724,686,1275571,9,1,1
2725,686,1275906,9,1,1
2726,686,1275998,9,1,1
2727,686,1275999,9,1,1
2728,686,1276437,9,1,1
2729,686,1276858,9,1,1
2730,686,1276879,9,1,1
2731,686,1277351,9,1,1
2732,686,1277584,9,1,1
2733,686,1278144,9,1,1
2734,686,1278233,9,1,1
2735,686,1278243,9,1,1
2736,686,1278245,9,1,1
2737,686,1278798,9,1,1
2738,686,1278844,9,1,1
2739,686,1279055,9,1,1
2740,686,1279130,9,1,1
2741,686,1279477,9,2,2
2742,686,1279728,9,1,1
2743,686,1279859,9,3,3
2744,686,1280121,9,1,1
2745,686,1280438,9,1,1
2746,686,1280621,9,1,1
2747,686,1280661,9,1,1
2748,686,1281786,9,3,3
2749,686,1281921,9,1,1
2750,686,1282080,9,1,1
2751,686,1282817,9,1,1
2752,28248,1282817,6,1,1
2753,686,1283334,9,1,1
2754,686,1283596,9,2,2
2755,686,1283655,9,3,3
2756,686,1283708,9,1,1
2757,686,1283764,9,1,1
2758,686,1284159,9,1,1
2759,686,1284266,9,4,4
2760,686,1284442,9,1,1
2761,686,1285829,9,1,1
2762,686,1285936,9,1,1
2763,686,1286049,9,1,1
2764,686,1286053,9,1,1
2765,686,1286117,9,1,1
2766,686,1286124,9,1,1
2767,686,1286240,9,5,5
2768,686,1286323,9,1,1
2769,686,1286541,9,2,2
2770,686,1286635,9,1,1
2771,686,1286656,9,3,3
2772,686,1286658,9,1,1
2773,686,1286981,9,1,1
2774,686,1287444,9,1,1
2775,686,1287713,9,1,1
2776,686,1287774,9,1,1
2777,686,1287821,9,1,1
2778,686,1287851,9,1,1
2779,686,1287871,9,1,1
2780,686,1288389,9,1,1
2781,686,1288491,9,1,1
2782,686,1288782,9,2,2
2783,686,1288863,9,1,1
2784,686,1288883,9,2,2
2785,686,1288912,9,2,2
2786,686,1288934,9,1,1
2787,686,1289900,9,1,1
2788,686,1290225,9,1,1
2789,686,1290661,9,1,1
2790,686,1290681,9,1,1
2791,686,1291431,9,1,1
2792,686,1291662,9,1,1
2793,686,1292132,9,1,1
2794,686,1292418,9,1,1
2795,686,1292695,9,1,1
2796,686,1292936,9,1,1
2797,686,1293048,9,1,1
2798,686,1293091,9,1,1
2799,686,1293103,9,1,1
2800,686,1293690,9,1,1
2801,686,1293705,9,1,1
2802,686,1293834,9,2,2
2803,686,1295243,9,1,1
2804,686,1295265,9,8,8
2805,686,1295321,9,1,1
2806,686,1295398,9,1,1
2807,686,1295536,9,5,5
2808,686,1295784,9,3,3
2809,686,1296349,9,1,1
2810,686,1296932,9,1,1
2811,686,1296941,9,1,1
2812,686,1296955,9,1,1
2813,686,1297074,9,1,1
2814,686,1298130,9,1,1
2815,686,1298264,9,1,1
2816,686,1298757,9,2,2
2817,686,1298947,9,1,1
2818,686,1299777,9,1,1
2819,686,1299782,9,1,1
2820,686,1299961,9,1,1
2821,686,1300101,9,1,1
2822,686,1300382,9,1,1
2823,686,1300479,9,1,1
2824,686,1301230,9,1,1
2825,686,1301456,9,1,1
2826,686,1301584,9,1,1
2827,686,1301685,9,1,1
2828,686,1301860,9,1,1
2829,686,1301872,9,2,2
2830,686,1302115,9,1,1
2831,686,1302620,9,1,1
2832,686,1302861,9,1,1
2833,686,1302974,9,1,1
2834,686,1303384,9,1,1
2835,686,1303898,9,1,1
2836,686,1303924,9,1,1
2837,686,1304183,9,1,1
2838,686,1304317,9,1,1
2839,686,1304330,9,1,1
2840,686,1304983,9,1,1
2841,686,1305051,9,1,1
2842,686,1305222,9,1,1
2843,686,1305328,9,3,3
2844,686,1305548,9,1,1
2845,686,1305798,9,1,1
2846,686,1305968,9,1,1
2847,686,1306113,9,1,1
2848,686,1306182,9,1,1
2849,686,1306272,9,1,1
2850,686,1307083,9,1,1
2851,686,1307250,9,12,12
2852,686,1307864,9,5,5
2853,686,1307882,9,1,1
2854,686,1307923,9,1,1
2855,686,1308212,9,1,1
2856,686,1308352,9,1,1
2857,686,1308567,9,3,3
2858,686,1308583,9,1,1
2859,686,1308649,9,1,1
2860,686,1308686,9,1,1
2861,686,1308731,9,1,1
2862,686,1309056,9,1,1
2863,686,1309203,9,1,1
2864,686,1309308,9,1,1
2865,686,1309687,9,1,1
2866,686,1310292,9,1,1
2867,686,1311261,9,3,3
2868,686,1311281,9,1,1
2869,686,1311518,9,1,1
2870,686,1311653,9,2,2
2871,686,1311719,9,1,1
2872,686,1312042,9,1,1
2873,686,1312189,9,50,50
2874,686,1312401,9,1,1
2875,686,1312728,9,3,3
2876,686,1312789,9,1,1
2877,686,1313016,9,12,12
2878,686,1313036,9,1,1
2879,686,1313475,9,1,1
2880,686,1313495,9,2,2
2881,686,1313926,9,7,7
2882,686,1314213,9,1,1
2883,686,1314504,9,1,1
2884,686,1315278,9,1,1
2885,686,1315408,9,1,1
2886,686,1316019,9,1,1
2887,686,1316120,9,1,1
2888,686,1316124,9,1,1
2889,686,1316922,9,1,1
2890,686,1318206,9,3,3
2891,686,1318578,9,1,1
2892,686,1318918,9,3,3
2893,686,1318962,9,28,28
2894,686,1319014,9,1,1
2895,686,1319396,9,6,6
2896,686,1319631,9,1,1
2897,686,1319648,5,1,1
2898,686,1321083,9,1,1
2899,686,1321179,9,1,1
2900,686,1321235,9,2,2
2901,686,1321477,9,16,16
2902,686,1321562,9,2,2
2903,686,1321922,9,2,2
2904,686,1322052,9,1,1
2905,686,1322498,9,3,3
2906,686,1322548,9,1,1
2907,686,1322998,9,1,1
2908,686,1323047,9,1,1
2909,686,1323057,9,1,1
2910,686,1323141,9,3,3
2911,686,1323235,9,1,1
2912,686,1323322,9,1,1
2913,686,1323566,9,1,1
2914,686,1323568,9,2,2
2915,686,1323800,9,1,1
2916,686,1324572,9,1,1
2917,686,1324591,9,1,1
2918,686,1324607,9,3,3
2919,686,1324660,9,1,1
2920,686,1324708,9,12,12
2921,686,1324760,9,1,1
2922,686,1325107,9,8,8
2923,686,1325178,9,1,1
2924,686,1325238,9,1,1
2925,686,1325463,9,2,2
2926,686,1325944,9,1,1
2927,686,1325967,9,1,1
2928,686,1326588,9,2,2
2929,686,1326764,9,3,3
2930,686,1326923,9,1,1
2931,686,1327144,9,13,13
2932,686,1327481,9,2,2
2933,686,1327569,9,7,7
2934,686,1327726,9,1,1
2935,686,1327936,9,1,1
2936,686,1328015,9,2,2
2937,686,1328025,9,3,3
2938,686,1328152,9,2,2
2939,686,1328278,9,1,1
2940,686,1328305,9,1,1
2941,686,1329421,9,1,1
2942,686,1329438,9,1,1
2943,686,1329787,9,1,1
2944,686,1330164,9,7,7
2945,686,1330328,9,3,3
2946,686,1330369,9,4,4
2947,686,1330481,9,1,1
2948,686,1331276,9,1,1
2949,686,1331526,9,1,1
2950,686,1331583,9,3,3
2951,686,1331600,9,1,1
2952,686,1331603,9,5,5
2953,686,1331765,9,4,4
2954,686,1332022,9,1,1
2955,686,1333212,9,1,1
2956,686,1333222,9,1,1
2957,686,1333262,9,1,1
2958,686,1333411,9,1,1
2959,686,1333425,9,1,1
2960,686,1333471,9,1,1
2961,686,1333893,9,1,1
2962,686,1334170,9,1,1
2963,686,1334395,9,3,3
2964,686,1334699,9,3,3
2965,686,1335239,9,1,1
2966,686,1335429,9,1,1
2967,686,1335916,9,4,4
2968,686,1336053,9,1,1
2969,686,1336114,9,1,1
2970,686,1336265,9,1,1
2971,686,1336449,9,1,1
2972,686,1336478,9,2,2
2973,686,1336595,9,1,1
2974,686,1336597,9,4,4
2975,686,1336678,9,1,1
2976,686,1336859,9,2,2
2977,686,1337569,9,1,1
2978,686,1337625,9,1,1
2979,686,1337642,9,1,1
2980,686,1338527,9,1,1
2981,686,1338800,9,1,1
2982,686,1339077,9,3,3
2983,686,1339354,9,1,1
2984,686,1339897,9,3,3
2985,686,1340038,9,1,1
2986,686,1340743,9,1,1
2987,686,1340758,9,1,1
2988,686,1340896,9,2,2
2989,686,1341022,9,2,2
2990,686,1341141,9,1,1
2991,686,1341907,9,2,2
2992,686,1342167,9,19,19
2993,686,1342359,9,1,1
2994,686,1342706,9,1,1
2995,686,1343227,9,1,1
2996,686,1343231,9,1,1
2997,686,1343857,9,1,1
2998,686,1344234,9,1,1
2999,686,1344312,9,2,2
3000,686,1344639,9,1,1
3001,686,1344781,9,1,1
3002,686,1345016,9,1,1
3003,686,1345082,9,4,4
3004,686,1345265,9,1,1
3005,686,1345338,9,2,2
3006,686,1345346,9,2,2
3007,686,1345705,9,2,2
3008,686,1346264,9,5,5
3009,686,1346426,9,1,1
3010,686,1346599,9,1,1
3011,686,1346770,9,1,1
3012,686,1346993,9,1,1
3013,686,1347162,9,2,2
3014,686,1347241,9,1,1
3015,686,1347312,9,1,1
3016,686,1347341,9,3,3
3017,686,1347373,9,1,1
3018,686,1347695,9,1,1
3019,686,1348289,9,2,2
3020,686,1348632,9,1,1
3021,686,1348707,9,1,1
3022,686,1348771,9,2,2
3023,686,1349670,9,1,1
3024,686,1349974,9,1,1
3025,686,1350160,9,1,1
3026,686,1350594,9,1,1
3027,686,1350662,9,1,1
3028,686,1350693,9,1,1
3029,686,1351762,9,3,3
3030,686,1351769,9,1,1
3031,686,1352123,9,2,2
3032,686,1352191,9,1,1
3033,686,1352404,9,1,1
3034,686,1352671,9,2,2
3035,686,1352995,9,1,1
3036,686,1353035,9,1,1
3037,686,1353254,9,1,1
3038,686,1354390,9,1,1
3039,686,1354777,9,2,2
3040,686,1354811,9,1,1
3041,686,1354998,9,1,1
3042,686,1355002,9,1,1
3043,686,1355210,9,1,1
3044,686,1355244,9,3,3
3045,686,1355469,9,1,1
3046,686,1355707,9,1,1
3047,686,1355753,9,1,1
3048,686,1356134,9,1,1
3049,686,1356155,9,1,1
3050,686,1356179,9,1,1
3051,686,1356182,9,1,1
3052,686,1356201,9,4,4
3053,686,1356233,9,2,2
3054,686,1356517,9,1,1
3055,686,1356530,9,5,5
3056,686,1357220,9,9,9
3057,686,1357245,9,1,1
3058,686,1357275,9,1,1
3059,686,1357393,9,3,3
3060,686,1357544,9,1,1
3061,686,1357781,9,1,1
3062,686,1358074,9,4,4
3063,686,1358373,2,1,1
3064,692,1358373,3,1,1
3065,686,1358690,9,5,5
3066,686,1358708,9,1,1
3067,686,1358955,9,2,2
3068,686,1358986,9,1,1
3069,686,1359129,9,1,1
3070,686,1359291,9,1,1
3071,686,1359496,9,1,1
3072,686,1359643,9,1,1
3073,686,1360607,9,1,1
3074,686,1360809,9,1,1
3075,686,1362002,9,1,1
3076,686,1362802,9,3,3
3077,686,1362825,9,1,1
3078,686,1363663,9,1,1
3079,686,1363736,9,2,2
3080,686,1363750,9,2,2
3081,686,1363961,9,1,1
3082,686,1363979,9,1,1
3083,686,1364270,9,1,1
3084,686,1364294,9,1,1
3085,686,1364537,9,1,1
3086,686,1364814,9,1,1
3087,686,1365173,9,1,1
3088,686,1365402,9,1,1
3089,686,1365595,9,1,1
3090,686,1365619,9,1,1
3091,686,1365635,9,2,2
3092,686,1365746,9,1,1
3093,686,1365801,9,1,1
3094,686,1365881,9,1,1
3095,686,1366009,9,3,3
3096,686,1366014,9,1,1
3097,686,1366469,9,1,1
3098,686,1366515,9,1,1
3099,21991,1366515,3,1,1
3100,686,1366626,9,1,1
3101,686,1366827,9,2,2
3102,686,1366930,9,1,1
3103,686,1367146,9,2,2
3104,686,1367178,9,6,6
3105,686,1367216,9,1,1
3106,686,1367350,9,9,9
3107,686,1367540,9,1,1
3108,686,1367956,9,5,5
3109,686,1368192,9,3,3
3110,686,1368207,9,1,1
3111,686,1368279,9,5,5
3112,686,1368721,9,1,1
3113,686,1368796,9,1,1
3114,686,1369425,9,1,1
3115,686,1369626,9,1,1
3116,686,1369724,9,1,1
3117,686,1369728,9,2,2
3118,686,1369908,9,1,1
3119,686,1370363,9,1,1
3120,686,1370900,9,1,1
3121,686,1371150,9,3,3
3122,686,1371153,9,2,2
3123,686,1371691,9,1,1
3124,686,1371712,9,2,2
3125,686,1371961,9,1,1
3126,686,1371968,9,1,1
3127,686,1372155,9,1,1
3128,686,1372266,9,1,1
3129,686,1372396,9,1,1
3130,686,1372484,9,1,1
3131,686,1372700,9,1,1
3132,686,1372872,9,1,1
3133,686,1373175,9,1,1
3134,686,1373276,9,1,1
3135,686,1373614,9,1,1
3136,686,1373648,9,1,1
3137,686,1373730,9,1,1
3138,686,1373771,9,1,1
3139,686,1373878,9,1,1
3140,686,1373887,9,1,1
3141,686,1373928,9,18,18
3142,686,1374004,9,2,2
3143,686,1374272,9,1,1
3144,686,1375513,9,1,1
3145,686,1375605,9,1,1
3146,686,1375790,9,1,1
3147,686,1376266,9,1,1
3148,686,1376317,9,1,1
3149,686,1376525,9,1,1
3150,686,1377018,9,1,1
3151,686,1377151,9,2,2
3152,686,1377353,9,1,1
3153,686,1377412,9,1,1
3154,686,1377534,9,2,2
3155,686,1377847,9,1,1
3156,686,1377875,9,2,2
3157,686,1377892,9,1,1
3158,686,1377936,9,1,1
3159,686,1378034,9,1,1
3160,686,1378209,9,1,1
3161,686,1378397,9,1,1
3162,686,1378522,9,1,1
3163,686,1378540,9,1,1
3164,686,1378670,9,1,1
3165,686,1378737,9,1,1
3166,686,1378837,9,1,1
3167,686,1379283,9,1,1
3168,686,1380048,9,1,1
3169,686,1380207,9,9,9
3170,686,1380367,9,2,2
3171,686,1380681,9,2,2
3172,686,1381002,8,1,1
3173,686,1381152,9,1,1
3174,686,1381269,9,3,3
3175,686,1381370,9,1,1
3176,686,1381863,9,7,7
3177,686,1382511,9,1,1
3178,686,1382949,9,1,1
3179,686,1383240,9,1,1
3180,686,1383421,9,4,4
3181,686,1383579,9,2,2
3182,686,1383892,9,3,3
3183,686,1383919,9,1,1
3184,686,1383951,9,1,1
3185,686,1384114,9,1,1
3186,686,1384377,9,1,1
3187,686,1384502,9,1,1
3188,686,1384553,9,1,1
3189,686,1384562,9,1,1
3190,686,1384864,9,1,1
3191,686,1384956,9,1,1
3192,686,1385110,9,1,1
3193,686,1385195,9,1,1
3194,686,1385354,9,2,2
3195,686,1385433,9,2,2
3196,686,1385578,9,3,3
3197,686,1385598,9,1,1
3198,686,1385755,9,1,1
3199,686,1385976,9,3,3
3200,686,1385997,9,5,5
3201,686,1386268,9,1,1
3202,686,1386628,9,4,4
3203,686,1386653,9,2,2
3204,686,1386662,9,2,2
3205,686,1387031,9,1,1
3206,686,1387218,8,1,1
3207,686,1387221,9,1,1
3208,686,1387225,9,3,3
3209,686,1387533,9,1,1
3210,686,1387565,9,1,1
3211,686,1387583,9,1,1
3212,686,1387711,9,1,1
3213,686,1387887,9,1,1
3214,686,1387897,9,2,2
3215,686,1388046,9,1,1
3216,686,1388139,9,2,2
3217,686,1388200,9,1,1
3218,686,1388396,9,1,1
3219,686,1388437,9,1,1
3220,686,1388469,9,1,1
3221,686,1388546,9,1,1
3222,686,1388557,9,1,1
3223,686,1388609,9,1,1
3224,686,1388693,9,1,1
3225,686,1388917,9,1,1
3226,686,1389081,9,1,1
3227,686,1389132,9,1,1
3228,686,1389344,9,1,1
3229,686,1390316,9,2,2
3230,686,1390359,9,2,2
3231,686,1390706,9,1,1
3232,686,1391247,9,1,1
3233,686,1391339,9,1,1
3234,686,1391764,9,1,1
3235,686,1391794,9,1,1
3236,686,1392369,9,1,1
3237,686,1392432,9,1,1
3238,686,1392632,9,1,1
3239,686,1392885,9,1,1
3240,686,1392899,9,1,1
3241,686,1393030,9,1,1
3242,686,1393275,9,1,1
3243,686,1393288,9,1,1
3244,686,1393417,9,1,1
3245,686,1393756,9,2,2
3246,686,1393902,9,1,1
3247,686,1393917,9,1,1
3248,686,1394094,9,5,5
3249,686,1394342,9,2,2
3250,686,1394396,9,4,4
3251,686,1394552,9,3,3
3252,686,1394725,9,1,1
3253,686,1394832,9,1,1
3254,686,1395276,9,2,2
3255,686,1395765,9,1,1
3256,686,1395852,9,1,1
3257,686,1396006,9,1,1
3258,686,1396513,9,1,1
3259,686,1396696,9,1,1
3260,686,1396723,9,1,1
3261,686,1397205,9,2,2
3262,686,1397243,9,1,1
3263,686,1397325,9,1,1
3264,686,1397433,9,2,2
3265,686,1397467,9,6,6
3266,686,1397697,9,1,1
3267,686,1398078,9,1,1
3268,686,1398199,9,1,1
3269,686,1398541,9,1,1
3270,686,1398727,9,1,1
3271,686,1398785,9,1,1
3272,686,1398869,9,1,1
3273,686,1399005,9,2,2
3274,686,1399227,9,1,1
3275,686,1399238,9,1,1
3276,686,1399433,8,2,2
3277,686,1399490,9,1,1
3278,686,1399808,9,1,1
3279,686,1399889,9,1,1
3280,686,1400202,9,1,1
3281,686,1400688,9,2,2
3282,686,1400719,9,1,1
3283,686,1400755,9,1,1
3284,686,1400810,9,1,1
3285,686,1401275,9,1,1
3286,686,1401321,9,1,1
3287,686,1401492,9,1,1
3288,686,1401540,9,1,1
3289,686,1401571,9,1,1
3290,686,1401608,9,1,1
3291,686,1401794,9,1,1
3292,686,1401930,9,1,1
3293,686,1402172,9,1,1
3294,686,1402294,9,1,1
3295,686,1402455,9,1,1
3296,686,1402506,9,1,1
3297,686,1402967,9,1,1
3298,686,1403119,9,1,1
3299,686,1403277,9,1,1
3300,686,1403468,9,2,2
3301,686,1403838,9,2,2
3302,686,1404065,9,2,2
3303,686,1404606,9,1,1
3304,686,1404653,9,1,1
3305,686,1404836,9,1,1
3306,686,1405077,9,1,1
3307,686,1405330,9,11,11
3308,686,1405431,9,1,1
3309,686,1405437,9,1,1
3310,686,1405439,9,1,1
3311,686,1405594,9,5,5
3312,686,1405604,9,1,1
3313,686,1406020,9,1,1
3314,686,1406168,9,1,1
3315,686,1406245,9,1,1
3316,686,1406372,9,2,2
3317,686,1406621,9,1,1
3318,686,1406891,9,2,2
3319,686,1406936,9,2,2
3320,686,1407248,9,2,2
3321,686,1407504,7,1,1
3322,686,1407723,9,1,1
3323,686,1407749,9,2,2
3324,686,1407972,9,1,1
3325,686,1407976,9,2,2
3326,686,1408026,9,1,1
3327,686,1408049,9,1,1
3328,686,1408122,9,1,1
3329,686,1408136,9,1,1
3330,686,1408138,9,1,1
3331,686,1409251,9,1,1
3332,686,1409336,9,1,1
3333,686,1409353,9,1,1
3334,686,1409818,9,1,1
3335,686,1409863,9,4,4
3336,686,1410067,9,2,2
3337,686,1410083,9,1,1
3338,686,1410280,9,1,1
3339,686,1410393,9,1,1
3340,686,1410679,9,1,1
3341,686,1410698,9,1,1
3342,686,1410736,9,1,1
3343,686,1411140,9,1,1
3344,686,1411210,9,1,1
3345,686,1411336,9,1,1
3346,686,1411497,9,1,1
3347,686,1411588,9,7,7
3348,686,1411653,9,1,1
3349,686,1411853,9,3,3
3350,686,1412069,9,4,4
3351,686,1412226,9,1,1
3352,686,1412248,9,1,1
3353,686,1412265,9,1,1
3354,686,1412289,9,1,1
3355,686,1412491,9,5,5
3356,686,1412496,9,1,1
3357,686,1412673,9,4,4
3358,686,1412707,9,1,1
3359,686,1412778,9,1,1
3360,686,1413077,9,1,1
3361,686,1413338,9,1,1
3362,686,1414000,9,1,1
3363,686,1414002,9,1,1
3364,686,1414018,9,3,3
3365,686,1414455,9,2,2
3366,686,1414721,9,1,1
3367,686,1414829,9,1,1
3368,686,1414871,9,2,2
3369,686,1415418,9,4,4
3370,686,1415474,9,1,1
3371,686,1415605,9,14,14
3372,686,1415762,9,1,1
3373,686,1415763,9,1,1
3374,686,1415814,9,1,1
3375,686,1416045,9,1,1
3376,686,1416098,9,1,1
3377,686,1416431,9,1,1
3378,686,1416631,9,1,1
3379,686,1416769,9,2,2
3380,686,1417168,9,1,1
3381,686,1417218,9,2,2
3382,686,1417572,9,1,1
3383,686,1417755,9,2,2
3384,686,1417821,9,3,3
3385,686,1417916,9,1,1
3386,686,1418221,9,1,1
3387,686,1418380,9,1,1
3388,686,1418425,9,1,1
3389,686,1418738,9,1,1
3390,686,1418939,9,1,1
3391,686,1418969,9,1,1
3392,686,1419278,9,1,1
3393,686,1419291,9,1,1
3394,686,1419411,9,2,2
3395,686,1419634,9,3,3
3396,686,1420122,9,3,3
3397,686,1420271,9,1,1
3398,686,1421353,9,1,1
3399,686,1421498,9,2,2
3400,686,1421577,9,1,1
3401,686,1421816,9,1,1
3402,686,1422090,9,1,1
3403,686,1422488,9,3,3
3404,686,1422529,9,1,1
3405,686,1422749,9,1,1
3406,686,1422780,9,1,1
3407,686,1423106,9,1,1
3408,686,1423843,9,3,3
3409,686,1423979,9,1,1
3410,686,1423986,9,1,1
3411,686,1424195,9,1,1
3412,686,1424505,9,1,1
3413,686,1424543,9,1,1
3414,686,1425238,9,1,1
3415,686,1425301,9,1,1
3416,686,1425503,9,1,1
3417,686,1425534,9,4,4
3418,686,1425922,9,1,1
3419,686,1426047,9,2,2
3420,686,1426802,9,1,1
3421,686,1426914,9,1,1
3422,686,1427471,9,1,1
3423,686,1427493,9,1,1
3424,686,1427709,9,1,1
3425,686,1428277,9,1,1
3426,686,1428364,9,1,1
3427,686,1428391,9,1,1
3428,686,1428458,9,1,1
3429,686,1428474,9,2,2
3430,686,1429520,9,2,2
3431,686,1429615,9,1,1
3432,686,1429685,9,1,1
3433,686,1430314,9,2,2
3434,686,1430371,9,2,2
3435,686,1430605,9,1,1
3436,686,1430872,9,1,1
3437,686,1430883,9,3,3
3438,686,1430887,9,1,1
3439,686,1430907,9,2,2
3440,686,1431043,7,1,1
3441,686,1431088,9,1,1
3442,686,1431301,9,1,1
3443,686,1431512,9,1,1
3444,686,1432119,9,1,1
3445,686,1432269,9,2,2
3446,686,1432371,9,2,2
3447,686,1432617,9,1,1
3448,686,1432725,9,1,1
3449,686,1432951,9,1,1
3450,686,1433270,9,1,1
3451,686,1433357,9,1,1
3452,686,1433505,9,1,1
3453,686,1433535,9,1,1
3454,686,1433577,9,1,1
3455,686,1433690,9,1,1
3456,686,1434231,9,1,1
3457,686,1434296,9,4,4
3458,686,1434299,9,2,2
3459,686,1434359,9,1,1
3460,686,1434434,9,1,1
3461,686,1434537,9,1,1
3462,686,1434558,9,1,1
3463,686,1434717,9,1,1
3464,686,1435029,9,1,1
3465,686,1435100,9,4,4
3466,686,1435184,9,1,1
3467,686,1435254,9,1,1
3468,686,1435303,9,1,1
3469,21991,1435303,3,1,1
3470,686,1435442,9,1,1
3471,686,1435610,9,2,2
3472,686,1435968,9,1,1
3473,686,1436123,9,3,3
3474,686,1436267,9,1,1
3475,686,1436332,9,1,1
3476,686,1436351,9,1,1
3477,686,1436408,9,4,4
3478,686,1436410,9,1,1
3479,686,1436865,9,1,1
3480,686,1437114,9,1,1
3481,686,1437150,9,2,2
3482,686,1437742,9,1,1
3483,686,1437818,9,1,1
3484,686,1437849,9,2,2
3485,686,1437994,9,1,1
3486,686,1438260,9,1,1
3487,686,1438509,9,1,1
3488,686,1438929,9,1,1
3489,686,1439304,9,2,2
3490,686,1439851,9,2,2
3491,686,1440164,9,1,1
3492,686,1440556,9,1,1
3493,686,1440983,9,2,2
3494,686,1441336,9,1,1
3495,686,1441430,9,1,1
3496,686,1441573,9,1,1
3497,686,1441688,9,1,1
3498,686,1441852,9,1,1
3499,686,1442095,9,1,1
3500,686,1442166,9,2,2
3501,686,1442421,9,1,1
3502,686,1443446,9,1,1
3503,686,1443462,9,2,2
3504,686,1443874,9,1,1
3505,686,1444021,9,2,2
3506,686,1444150,9,1,1
3507,686,1445470,9,30,30
3508,686,1445892,9,1,1
3509,686,1446265,9,1,1
3510,686,1446354,9,1,1
3511,686,1446605,9,1,1
3512,686,1446673,9,1,1
3513,686,1446844,9,1,1
3514,686,1446908,9,1,1
3515,686,1447236,9,2,2
3516,686,1447364,9,2,2
3517,686,1447445,9,1,1
3518,686,1447993,9,1,1
3519,686,1448430,9,1,1
3520,686,1448478,9,2,2
3521,686,1448503,9,1,1
3522,686,1448583,9,1,1
3523,686,1448598,9,1,1
3524,686,1448711,9,1,1
3525,686,1449550,9,1,1
3526,686,1449711,9,1,1
3527,686,1449949,9,2,2
3528,686,1450073,9,4,4
3529,686,1450310,9,1,1
3530,686,1450462,9,2,2
3531,686,1450605,9,1,1
3532,686,1450682,9,1,1
3533,686,1451452,9,1,1
3534,686,1451624,9,3,3
3535,686,1451734,9,1,1
3536,686,1451759,9,1,1
3537,686,1451799,9,1,1
3538,686,1451812,9,1,1
3539,686,1452028,9,1,1
3540,686,1452038,9,1,1
3541,686,1452045,9,1,1
3542,686,1452390,9,1,1
3543,686,1452819,9,1,1
3544,686,1452941,9,1,1
3545,686,1452983,9,2,2
3546,686,1453045,7,1,1
3547,686,1453237,9,2,2
3548,686,1453310,9,1,1
3549,686,1453703,9,1,1
3550,686,1454088,9,1,1
3551,686,1454264,9,1,1
3552,686,1454992,9,1,1
3553,686,1455138,9,1,1
3554,686,1455906,9,1,1
3555,686,1456498,9,1,1
3556,686,1456543,9,2,2
3557,686,1456643,9,2,2
3558,686,1457938,9,1,1
3559,686,1458048,9,1,1
3560,686,1458452,9,1,1
3561,686,1458471,9,1,1
3562,686,1458854,9,1,1
3563,686,1459006,9,1,1
3564,686,1459237,9,1,1
3565,686,1459413,9,1,1
3566,686,1460551,9,1,1
3567,686,1460807,9,4,4
3568,686,1460955,9,2,2
3569,686,1461199,9,2,2
3570,686,1461473,9,2,2
3571,686,1461484,9,1,1
3572,686,1461915,9,1,1
3573,686,1461950,9,1,1
3574,686,1462064,9,1,1
3575,686,1462240,9,1,1
3576,686,1462329,9,1,1
3577,686,1462947,9,1,1
3578,686,1464082,9,1,1
3579,686,1464260,9,1,1
3580,686,1464771,9,1,1
3581,686,1465226,9,1,1
3582,686,1465582,9,4,4
3583,686,1465817,2,9,9
3584,692,1465817,3,9,9
3585,686,1466098,9,1,1
3586,686,1467662,9,1,1
3587,686,1467830,9,6,6
3588,686,1468257,9,1,1
3589,686,1468835,9,1,1
3590,686,1469140,9,1,1
3591,686,1469449,9,1,1
3592,686,1469497,9,2,2
3593,686,1471057,9,2,2
3594,686,1471217,9,1,1
3595,686,1471597,9,1,1
3596,686,1471979,9,1,1
3597,686,1472117,9,1,1
3598,686,1472173,9,1,1
3599,686,1472249,9,1,1
3600,686,1472622,9,1,1
3601,686,1473067,9,1,1
3602,686,1473237,9,1,1
3603,686,1473320,9,1,1
3604,686,1473487,9,2,2
3605,686,1473771,9,1,1
3606,686,1473820,9,1,1
3607,686,1473823,9,1,1
3608,686,1474042,9,3,3
3609,686,1474143,9,2,2
3610,686,1474186,9,1,1
3611,686,1474659,9,2,2
3612,686,1475462,9,1,1
3613,686,1475934,9,1,1
3614,686,1476087,9,1,1
3615,686,1476137,9,1,1
3616,686,1476377,9,2,2
3617,686,1476730,9,1,1
3618,686,1477087,9,1,1
3619,686,1477403,9,2,2
3620,686,1477625,9,6,6
3621,686,1477801,9,1,1
3622,686,1477817,9,1,1
3623,686,1477847,9,1,1
3624,686,1478382,9,1,1
3625,686,1478795,9,1,1
3626,686,1479381,9,1,1
3627,686,1480194,9,1,1
3628,686,1480267,9,2,2
3629,686,1480322,9,1,1
3630,686,1480403,9,1,1
3631,686,1480417,9,2,2
3632,686,1480675,9,1,1
3633,686,1480706,9,1,1
3634,686,1480998,9,2,2
3635,686,1481015,9,1,1
3636,686,1481267,9,1,1
3637,686,1481504,9,1,1
3638,686,1481520,9,1,1
3639,686,1482041,9,1,1
3640,686,1482097,9,1,1
3641,686,1482599,9,1,1
3642,686,1482677,9,2,2
3643,686,1483152,9,1,1
3644,686,1483156,9,1,1
3645,686,1483470,9,1,1
3646,686,1483801,9,2,2
3647,686,1484409,9,1,1
3648,686,1484868,9,1,1
3649,686,1484934,9,3,3
3650,686,1485094,9,1,1
3651,686,1485385,9,1,1
3652,686,1485842,9,1,1
3653,686,1485858,9,1,1
3654,686,1485907,9,1,1
3655,686,1486463,9,4,4
3656,686,1486938,9,1,1
3657,686,1487479,9,1,1
3658,686,1487683,9,2,2
3659,686,1487864,9,1,1
3660,686,1487983,9,1,1
3661,686,1488332,9,1,1
3662,686,1488353,9,1,1
3663,686,1488934,9,1,1
3664,686,1488992,9,1,1
3665,686,1489052,9,1,1
3666,686,1489180,9,1,1
3667,686,1489252,9,8,8
3668,686,1489437,9,1,1
3669,686,1489657,9,1,1
3670,686,1490034,9,1,1
3671,686,1490054,9,3,3
3672,686,1490093,9,1,1
3673,686,1490304,9,1,1
3674,686,1490411,9,1,1
3675,686,1490568,9,1,1
3676,686,1490793,9,1,1
3677,686,1491017,9,1,1
3678,686,1491169,9,2,2
3679,686,1491195,9,2,2
3680,686,1491291,9,1,1
3681,686,1492258,9,1,1
3682,686,1492655,9,1,1
3683,686,1492667,9,1,1
3684,686,1493466,9,1,1
3685,686,1493555,9,1,1
3686,686,1494101,9,1,1
3687,686,1494321,9,1,1
3688,686,1494352,9,1,1
3689,686,1494430,9,1,1
3690,686,1494738,9,1,1
3691,686,1494739,9,3,3
3692,686,1495290,9,1,1
3693,686,1495312,9,1,1
3694,686,1495712,9,1,1
3695,686,1495749,9,1,1
3696,686,1496364,9,1,1
3697,686,1496815,9,1,1
3698,686,1496838,9,1,1
3699,686,1496861,9,1,1
3700,686,1496971,9,1,1
3701,686,1497384,9,1,1
3702,686,1497480,9,1,1
3703,21765,1497480,6,1,1
3704,686,1497778,9,1,1
3705,686,1497986,9,1,1
3706,686,1497989,9,1,1
3707,686,1498065,9,3,3
3708,686,1498614,9,1,1
3709,686,1499057,9,2,2
3710,686,1499509,9,1,1
3711,686,1499511,9,1,1
3712,686,1499768,9,1,1
3713,686,1499781,9,1,1
3714,686,1499793,9,1,1
3715,686,1499871,9,1,1
3716,686,1500070,9,1,1
3717,686,1500087,9,2,2
3718,686,1500173,9,3,3
3719,686,1500429,9,1,1
3720,686,1500534,9,1,1
3721,686,1501387,9,2,2
3722,686,1501657,9,1,1
3723,686,1501749,9,1,1
3724,686,1501955,9,1,1
3725,686,1502123,9,1,1
3726,686,1502690,9,12,12
3727,686,1502708,9,1,1
3728,686,1502973,9,1,1
3729,686,1503211,9,1,1
3730,686,1503252,9,2,2
3731,686,1503459,9,1,1
3732,686,1503943,9,1,1
3733,686,1504083,9,1,1
3734,686,1504204,9,1,1
3735,686,1504269,9,1,1
3736,686,1505142,9,1,1
3737,686,1505301,9,1,1
3738,686,1505633,9,1,1
3739,686,1506415,9,1,1
3740,686,1506582,9,1,1
3741,686,1506591,9,1,1
3742,686,1507080,9,1,1
3743,686,1507281,9,1,1
3744,686,1507601,9,10,10
3745,686,1507974,9,1,1
3746,686,1508268,9,1,1
3747,686,1508390,9,1,1
3748,686,1508600,9,2,2
3749,686,1509009,9,1,1
3750,686,1509149,9,1,1
3751,686,1509228,9,1,1
3752,686,1509484,9,4,4
3753,686,1509554,9,3,3
3754,686,1509818,9,1,1
3755,686,1510395,9,5,5
3756,686,1510597,9,3,3
3757,686,1510721,9,1,1
3758,686,1511051,9,1,1
3759,686,1511218,9,1,1
3760,686,1511370,9,1,1
3761,686,1511536,9,1,1
3762,686,1511908,9,1,1
3763,686,1511928,9,3,3
3764,686,1512022,9,2,2
3765,686,1512434,9,1,1
3766,686,1512839,9,1,1
3767,686,1513151,9,1,1
3768,686,1513621,9,1,1
3769,686,1514400,9,2,2
3770,686,1514912,9,1,1
3771,686,1514935,9,1,1
3772,686,1515167,9,1,1
3773,686,1515815,9,1,1
3774,686,1515934,9,3,3
3775,686,1516136,9,15,15
3776,686,1517138,9,1,1
3777,686,1517425,9,4,4
3778,686,1517837,9,2,2
3779,686,1518070,9,2,2
3780,686,1518133,9,1,1
3781,686,1518425,9,1,1
3782,686,1518473,9,1,1
3783,686,1518790,9,1,1
3784,686,1519222,9,1,1
3785,686,1519529,9,1,1
3786,686,1519591,9,1,1
3787,686,1519759,9,1,1
3788,686,1519783,9,1,1
3789,686,1519871,9,1,1
3790,686,1519930,9,1,1
3791,686,1520002,9,1,1
3792,686,1520501,9,1,1
3793,686,1521428,9,1,1
3794,686,1521455,9,1,1
3795,686,1521716,9,1,1
3796,686,1521930,9,1,1
3797,686,1522587,9,1,1
3798,686,1522607,9,1,1
3799,686,1522622,9,1,1
3800,686,1522963,9,6,6
3801,686,1523188,9,1,1
3802,686,1524451,9,14,14
3803,686,1524805,9,1,1
3804,686,1524946,9,17,17
3805,686,1525030,9,2,2
3806,686,1525132,9,1,1
3807,686,1525160,9,1,1
3808,686,1525178,9,1,1
3809,686,1525900,9,1,1
3810,686,1526051,9,1,1
3811,686,1526453,9,1,1
3812,686,1526984,9,1,1
3813,686,1527035,9,1,1
3814,686,1527156,9,1,1
3815,686,1527224,9,1,1
3816,686,1527825,9,2,2
3817,686,1527980,9,2,2
3818,686,1527994,9,1,1
3819,686,1528099,9,1,1
3820,686,1528240,9,1,1
3821,686,1528257,9,2,2
3822,686,1528655,9,1,1
3823,686,1529927,9,4,4
3824,686,1529936,9,1,1
3825,686,1530783,9,4,4
3826,686,1531112,9,1,1
3827,686,1531127,9,7,7
3828,686,1531152,9,36,36
3829,686,1531387,9,1,1
3830,686,1532183,9,1,1
3831,686,1532583,9,1,1
3832,21991,1532583,3,1,1
3833,686,1532880,9,1,1
3834,686,1533445,9,1,1
3835,686,1533830,9,1,1
3836,686,1534771,9,1,1
3837,686,1535275,9,3,3
3838,686,1535758,9,1,1
3839,686,1536098,9,3,3
3840,686,1536107,9,2,2
3841,686,1536321,9,1,1
3842,686,1536703,9,1,1
3843,686,1537124,9,1,1
3844,686,1537130,9,1,1
3845,686,1538162,9,1,1
3846,686,1538595,9,5,5
3847,686,1538618,9,5,5
3848,686,1538922,9,1,1
3849,686,1539445,9,1,1
3850,686,1540066,9,1,1
3851,686,1540301,9,1,1
3852,686,1540421,9,2,2
3853,686,1541637,9,1,1
3854,686,1541798,9,1,1
3855,686,1541814,9,1,1
3856,686,1542177,9,1,1
3857,686,1542321,9,1,1
3858,686,1542690,9,1,1
3859,686,1542922,9,1,1
3860,686,1543043,9,1,1
3861,686,1543623,9,3,3
3862,686,1543635,9,1,1
3863,686,1544350,9,4,4
3864,686,1544504,9,1,1
3865,686,1544545,9,4,4
3866,686,1544629,9,1,1
3867,686,1544640,9,7,7
3868,686,1545187,9,1,1
3869,686,1545236,9,1,1
3870,686,1545428,9,2,2
3871,686,1545580,9,1,1
3872,686,1546056,9,1,1
3873,686,1546684,9,1,1
3874,686,1546754,9,1,1
3875,686,1546973,9,1,1
3876,686,1547070,9,1,1
3877,686,1548092,9,3,3
3878,686,1548124,9,1,1
3879,686,1548466,9,4,4
3880,686,1548558,9,2,2
3881,686,1548905,9,1,1
3882,686,1549223,9,1,1
3883,686,1549495,9,1,1
3884,686,1549552,9,3,3
3885,686,1549620,9,1,1
3886,686,1549835,9,1,1
3887,686,1549864,9,1,1
3888,686,1549916,9,1,1
3889,686,1549968,9,1,1
3890,686,1550105,9,2,2
3891,686,1550161,9,16,16
3892,686,1550330,9,1,1
3893,686,1550382,9,1,1
3894,686,1551039,9,1,1
3895,686,1551342,9,1,1
3896,686,1551418,9,9,9
3897,686,1551788,9,1,1
3898,686,1551789,9,2,2
3899,686,1551808,9,1,1
3900,686,1551832,9,1,1
3901,686,1552154,9,1,1
3902,686,1552542,9,1,1
3903,686,1553171,9,1,1
3904,686,1553431,9,1,1
3905,686,1553758,9,1,1
3906,686,1553767,9,1,1
3907,686,1553831,9,2,2
3908,686,1553946,9,1,1
3909,686,1554087,9,1,1
3910,686,1554105,9,1,1
3911,686,1554143,9,1,1
3912,686,1554193,9,1,1
3913,686,1554262,9,1,1
3914,686,1554995,9,1,1
3915,686,1555044,9,1,1
3916,686,1555117,9,2,2
3917,686,1555386,9,2,2
3918,686,1555626,9,1,1
3919,686,1557165,9,1,1
3920,686,1557471,9,1,1
3921,686,1557878,9,1,1
3922,686,1557967,9,1,1
3923,686,1558025,9,2,2
3924,686,1558232,9,1,1
3925,686,1558290,9,1,1
3926,686,1558582,9,1,1
3927,686,1558790,9,3,3
3928,686,1559215,9,1,1
3929,686,1559656,9,1,1
3930,686,1560290,9,1,1
3931,686,1560433,9,1,1
3932,686,1560514,9,1,1
3933,686,1560885,9,1,1
3934,686,1561602,9,1,1
3935,686,1562292,9,1,1
3936,686,1563239,9,1,1
3937,686,1563415,9,2,2
3938,686,1564847,9,1,1
3939,686,1565544,9,1,1
3940,686,1565606,9,1,1
3941,686,1565828,9,2,2
3942,686,1565846,9,1,1
3943,686,1566129,9,4,4
3944,686,1566145,9,1,1
3945,686,1566211,9,1,1
3946,686,1566232,9,1,1
3947,686,1566755,9,1,1
3948,686,1566891,9,1,1
3949,686,1567170,9,1,1
3950,686,1567500,9,1,1
3951,686,1567688,9,1,1
3952,686,1567734,9,1,1
3953,686,1567849,9,1,1
3954,686,1567854,9,2,2
3955,686,1568235,9,2,2
3956,686,1569261,9,1,1
3957,686,1570283,9,4,4
3958,686,1570573,9,1,1
3959,686,1570585,9,1,1
3960,686,1570866,9,1,1
3961,686,1571341,9,1,1
3962,686,1571472,9,1,1
3963,686,1571956,9,1,1
3964,686,1572096,9,4,4
3965,686,1572365,9,1,1
3966,686,1572390,9,1,1
3967,686,1572998,9,1,1
3968,686,1573001,9,1,1
3969,686,1573114,9,1,1
3970,686,1573869,9,2,2
3971,686,1574006,9,1,1
3972,686,1574306,9,1,1
3973,686,1574388,9,2,2
3974,686,1575071,9,1,1
3975,686,1575230,9,1,1
3976,686,1575312,9,1,1
3977,686,1575473,9,1,1
3978,21991,1575473,3,1,1
3979,686,1575581,9,1,1
3980,686,1575953,9,1,1
3981,686,1576487,9,1,1
3982,686,1576541,9,1,1
3983,686,1576555,9,1,1
3984,686,1577119,9,1,1
3985,686,1577140,9,1,1
3986,686,1577370,9,2,2
3987,686,1577729,9,1,1
3988,686,1577934,9,1,1
3989,686,1578187,9,1,1
3990,686,1578364,9,1,1
3991,686,1579034,9,1,1
3992,686,1579131,9,1,1
3993,686,1579133,9,1,1
3994,686,1579653,9,1,1
3995,686,1579787,9,1,1
3996,686,1580601,9,1,1
3997,686,1580680,9,1,1
3998,686,1580978,9,1,1
3999,686,1581086,9,1,1
4000,686,1581263,9,2,2
4001,686,1581380,9,1,1
4002,686,1581440,9,1,1
4003,686,1581445,9,1,1
4004,686,1581504,9,1,1
4005,686,1581552,9,1,1
4006,686,1581586,7,1,1
4007,686,1581952,9,1,1
4008,22194,1581952,3,1,1
4009,686,1582237,9,3,3
4010,686,1582238,9,1,1
4011,686,1582442,9,1,1
4012,686,1582715,9,1,1
4013,686,1583024,9,1,1
4014,686,1583077,9,3,3
4015,686,1583582,9,1,1
4016,686,1583809,9,1,1
4017,686,1583991,9,1,1
4018,686,1584287,9,4,4
4019,686,1584318,9,1,1
4020,686,1584462,9,1,1
4021,686,1584464,9,1,1
4022,686,1584526,9,1,1
4023,686,1584574,9,1,1
4024,686,1584616,9,1,1
4025,686,1584809,9,3,3
4026,686,1584962,9,1,1
4027,686,1586057,9,6,6
4028,686,1586235,9,4,4
4029,686,1586253,9,1,1
4030,686,1586333,9,2,2
4031,686,1586709,9,1,1
4032,21991,1586709,3,1,1
4033,686,1586710,9,1,1
4034,686,1587155,9,1,1
4035,686,1587194,9,1,1
4036,686,1587736,9,1,1
4037,686,1588029,9,1,1
4038,686,1588126,9,1,1
4039,686,1589806,9,3,3
4040,686,1589858,9,2,2
4041,686,1589859,9,1,1
4042,686,1590455,9,2,2
4043,686,1590669,9,1,1
4044,686,1590687,9,1,1
4045,686,1590714,9,2,2
4046,686,1590951,9,1,1
4047,686,1590989,9,1,1
4048,686,1591687,9,1,1
4049,686,1591745,9,2,2
4050,686,1591850,9,1,1
4051,686,1592000,9,1,1
4052,686,1592367,9,1,1
4053,686,1592678,9,2,2
4054,686,1592866,9,4,4
4055,686,1593011,9,1,1
4056,686,1593138,9,1,1
4057,686,1593775,9,1,1
4058,686,1593793,9,1,1
4059,686,1593926,9,3,3
4060,686,1594357,9,1,1
4061,686,1594359,9,1,1
4062,686,1594585,9,2,2
4063,686,1594913,9,1,1
4064,686,1594951,9,1,1
4065,686,1595043,9,1,1
4066,686,1595077,9,1,1
4067,686,1595112,9,2,2
4068,686,1595344,9,1,1
4069,686,1595483,9,1,1
4070,686,1595566,9,1,1
4071,686,1596412,9,2,2
4072,686,1596744,9,1,1
4073,686,1596772,9,1,1
4074,686,1596810,9,1,1
4075,686,1596930,9,1,1
4076,686,1597001,9,1,1
4077,686,1597270,9,1,1
4078,686,1597306,9,18,18
4079,686,1597512,9,1,1
4080,686,1597599,9,1,1
4081,686,1597605,9,1,1
4082,686,1598105,9,1,1
4083,686,1598427,9,1,1
4084,686,1598540,9,1,1
4085,686,1598611,9,1,1
4086,686,1598650,9,1,1
4087,21991,1598650,3,1,1
4088,686,1598812,9,5,5
4089,686,1599090,9,1,1
4090,686,1599364,9,1,1
4091,686,1599457,9,1,1
4092,686,1599548,9,1,1
4093,686,1599561,9,1,1
4094,686,1599658,9,1,1
4095,686,1599671,9,1,1
4096,686,1599741,9,1,1
4097,686,1599853,9,1,1
4098,686,1600151,9,2,2
4099,686,1600179,9,1,1
4100,686,1600640,9,1,1
4101,686,1600844,9,1,1
4102,686,1600990,9,1,1
4103,686,1601235,9,1,1
4104,686,1601528,9,1,1
4105,686,1602033,9,1,1
4106,686,1602139,9,1,1
4107,686,1602146,9,1,1
4108,686,1602431,9,1,1
4109,686,1602525,9,1,1
4110,686,1602695,9,1,1
4111,686,1602702,9,1,1
4112,686,1602936,9,1,1
4113,686,1603887,9,2,2
4114,686,1604173,9,1,1
4115,686,1604271,9,1,1
4116,686,1604812,9,1,1
4117,686,1605037,9,1,1
4118,21991,1605037,3,1,1
4119,686,1605127,9,1,1
4120,686,1606008,9,1,1
4121,686,1606157,9,1,1
4122,686,1606434,9,3,3
4123,686,1606626,9,1,1
4124,686,1606668,9,1,1
4125,686,1606677,9,1,1
4126,686,1606821,9,1,1
4127,686,1606924,9,1,1
4128,686,1607023,9,1,1
4129,686,1607059,9,1,1
4130,686,1607077,9,1,1
4131,686,1607263,5,1,1
4132,686,1607285,9,6,6
4133,686,1607375,9,1,1
4134,686,1607536,9,1,1
4135,686,1607539,9,2,2
4136,686,1607835,9,2,2
4137,686,1607900,9,1,1
4138,686,1607902,9,1,1
4139,686,1608216,9,1,1
4140,686,1608400,9,1,1
4141,686,1609024,9,1,1
4142,686,1609331,9,1,1
4143,686,1609405,9,2,2
4144,686,1609591,9,2,2
4145,686,1609770,9,3,3
4146,686,1610315,9,1,1
4147,686,1610526,9,2,2
4148,686,1610815,9,1,1
4149,686,1611014,9,2,2
4150,686,1611613,9,1,1
4151,686,1611627,9,3,3
4152,686,1611825,9,1,1
4153,686,1612038,9,1,1
4154,686,1612088,9,1,1
4155,686,1612239,9,1,1
4156,686,1612469,9,1,1
4157,686,1612732,9,1,1
4158,686,1613143,9,1,1
4159,686,1613371,9,1,1
4160,686,1613507,9,1,1
4161,686,1613602,9,1,1
4162,686,1613941,9,1,1
4163,686,1614020,9,1,1
4164,686,1614091,9,1,1
4165,686,1614283,9,1,1
4166,686,1614364,9,1,1
4167,686,1614525,9,2,2
4168,686,1614779,9,1,1
4169,686,1615004,9,1,1
4170,686,1615041,9,1,1
4171,686,1615255,9,1,1
4172,686,1615283,9,1,1
4173,686,1615991,9,1,1
4174,686,1616101,9,1,1
4175,686,1616672,9,1,1
4176,686,1616699,9,1,1
4177,686,1617042,9,1,1
4178,686,1617043,9,1,1
4179,686,1617162,9,1,1
4180,686,1617244,9,1,1
4181,686,1617487,9,1,1
4182,686,1617533,9,1,1
4183,686,1617565,9,2,2
4184,686,1617872,9,1,1
4185,686,1617883,9,2,2
4186,686,1617936,9,1,1
4187,686,1618294,9,1,1
4188,686,1618419,9,1,1
4189,686,1618528,9,1,1
4190,686,1618635,9,2,2
4191,686,1618683,9,1,1
4192,686,1618779,9,1,1
4193,686,1618800,9,1,1
4194,686,1619006,9,2,2
4195,686,1619171,9,2,2
4196,686,1619427,9,1,1
4197,686,1619446,9,1,1
4198,686,1619569,9,2,2
4199,686,1619775,9,1,1
4200,686,1620076,9,1,1
4201,686,1620482,9,2,2
4202,686,1620548,9,1,1
4203,686,1620878,9,1,1
4204,686,1620915,9,2,2
4205,686,1621996,9,2,2
4206,686,1622153,9,4,4
4207,686,1622275,9,1,1
4208,686,1622385,9,1,1
4209,686,1622919,9,11,11
4210,686,1622988,9,1,1
4211,686,1623157,9,7,7
4212,686,1623186,9,1,1
4213,686,1623299,9,1,1
4214,686,1623693,9,1,1
4215,21991,1623693,3,1,1
4216,686,1623734,9,1,1
4217,686,1623853,9,1,1
4218,686,1625305,9,1,1
4219,21991,1625305,3,1,1
4220,686,1625306,9,1,1
4221,686,1625509,9,1,1
4222,686,1625546,9,1,1
4223,686,1625667,9,1,1
4224,686,1625700,9,1,1
4225,686,1625962,9,3,3
4226,686,1626034,9,1,1
4227,686,1626114,9,1,1
4228,686,1626453,9,1,1
4229,686,1626467,9,1,1
4230,686,1626598,9,1,1
4231,686,1626738,9,2,2
4232,686,1626747,9,1,1
4233,686,1626789,9,1,1
4234,686,1627070,9,1,1
4235,686,1627249,9,2,2
4236,686,1627292,9,1,1
4237,686,1627368,9,2,2
4238,686,1627866,9,1,1
4239,686,1627889,9,1,1
4240,686,1627936,9,1,1
4241,686,1627977,9,1,1
4242,686,1628030,9,1,1
4243,686,1628640,9,2,2
4244,686,1628753,9,1,1
4245,686,1629098,9,1,1
4246,686,1629233,9,1,1
4247,686,1629280,9,2,2
4248,686,1629350,9,1,1
4249,686,1629530,9,1,1
4250,686,1629621,9,1,1
4251,686,1629909,9,1,1
4252,686,1630599,9,6,6
4253,686,1630627,9,3,3
4254,686,1630882,9,2,2
4255,686,1631162,9,1,1
4256,686,1631243,9,1,1
4257,686,1631422,9,2,2
4258,686,1631519,9,1,1
4259,686,1631800,9,1,1
4260,686,1631821,9,1,1
4261,686,1632067,9,1,1
4262,686,1632114,9,1,1
4263,686,1632149,9,1,1
4264,686,1632310,9,1,1
4265,686,1632397,9,1,1
4266,686,1632519,9,3,3
4267,686,1632579,9,1,1
4268,686,1632911,9,1,1
4269,686,1633199,9,1,1
4270,686,1633586,9,1,1
4271,686,1633709,9,3,3
4272,686,1633777,9,4,4
4273,686,1633814,9,1,1
4274,686,1633934,9,1,1
4275,686,1633993,9,1,1
4276,686,1634288,9,2,2
4277,686,1634299,9,3,3
4278,686,1634573,9,1,1
4279,686,1634693,9,2,2
4280,686,1634984,9,1,1
4281,686,1635022,9,1,1
4282,686,1635263,9,1,1
4283,686,1635415,9,1,1
4284,686,1635546,9,1,1
4285,686,1635739,9,1,1
4286,686,1636761,9,1,1
4287,686,1636780,9,1,1
4288,686,1636918,9,1,1
4289,686,1636931,9,1,1
4290,686,1636980,9,1,1
4291,686,1637110,9,1,1
4292,686,1637255,9,1,1
4293,21991,1637255,3,1,1
4294,686,1637282,9,2,2
4295,686,1637435,9,2,2
4296,686,1637872,9,1,1
4297,686,1638017,9,12,12
4298,686,1638024,9,7,7
4299,686,1638144,9,1,1
4300,686,1638231,9,1,1
4301,686,1638645,9,2,2
4302,686,1638820,9,2,2
4303,686,1638873,9,8,8
4304,686,1638874,9,1,1
4305,686,1638904,9,1,1
4306,686,1638953,9,1,1
4307,686,1639559,9,1,1
4308,686,1639635,9,1,1
4309,686,1639802,9,1,1
4310,686,1639842,9,1,1
4311,686,1639967,9,5,5
4312,686,1640217,9,1,1
4313,686,1640284,9,2,2
4314,686,1640430,9,1,1
4315,686,1640654,9,1,1
4316,686,1640854,9,1,1
4317,686,1640888,9,1,1
4318,686,1640964,9,1,1
4319,686,1641183,9,2,2
4320,686,1641299,9,1,1
4321,686,1641725,9,3,3
4322,686,1641742,9,1,1
4323,21991,1641742,3,1,1
4324,686,1641821,9,1,1
4325,686,1642044,9,4,4
4326,686,1642104,9,1,1
4327,686,1642396,9,1,1
4328,686,1642478,9,1,1
4329,686,1642503,9,1,1
4330,686,1642626,9,1,1
4331,686,1642646,9,2,2
4332,686,1643040,9,1,1
4333,686,1643092,9,1,1
4334,686,1643214,9,1,1
4335,686,1643553,9,2,2
4336,686,1643623,9,1,1
4337,686,1643892,9,1,1
4338,686,1644492,7,1,1
4339,686,1644559,9,1,1
4340,686,1644580,9,1,1
4341,686,1645038,9,3,3
4342,686,1645142,9,2,2
4343,686,1645277,9,1,1
4344,686,1645288,9,1,1
4345,686,1645330,9,1,1
4346,686,1645473,9,1,1
4347,686,1645606,9,2,2
4348,686,1645806,9,1,1
4349,686,1646592,9,1,1
4350,686,1646641,9,2,2
4351,686,1646740,9,2,2
4352,686,1646797,9,1,1
4353,686,1646859,9,1,1
4354,686,1647090,9,1,1
4355,686,1647095,9,2,2
4356,686,1647434,9,1,1
4357,686,1647502,9,1,1
4358,686,1647650,9,1,1
4359,686,1647723,9,1,1
4360,686,1648001,9,1,1
4361,686,1648189,9,1,1
4362,686,1648217,9,1,1
4363,686,1648463,9,2,2
4364,686,1648622,9,1,1
4365,686,1648697,9,1,1
4366,686,1648748,9,1,1
4367,686,1648891,9,3,3
4368,686,1649099,9,1,1
4369,686,1649231,9,2,2
4370,686,1649265,9,1,1
4371,686,1649352,9,1,1
4372,686,1649469,9,1,1
4373,686,1650010,9,2,2
4374,686,1650221,9,2,2
4375,686,1650508,9,1,1
4376,686,1650539,9,3,3
4377,686,1650611,9,1,1
4378,686,1650661,9,1,1
4379,21991,1650661,3,1,1
4380,686,1650675,9,1,1
4381,686,1650793,9,2,2
4382,686,1650814,9,1,1
4383,686,1650840,9,1,1
4384,686,1651088,9,4,4
4385,686,1651209,9,1,1
4386,686,1651408,9,3,3
4387,686,1651562,9,1,1
4388,686,1651678,9,1,1
4389,686,1651934,9,1,1
4390,686,1652070,9,1,1
4391,686,1652128,9,1,1
4392,686,1652262,9,1,1
4393,686,1652277,9,1,1
4394,686,1652356,9,2,2
4395,686,1652662,9,1,1
4396,686,1652836,9,1,1
4397,686,1653003,9,4,4
4398,686,1653059,9,1,1
4399,686,1653081,9,1,1
4400,686,1653175,9,1,1
4401,686,1653661,9,1,1
4402,686,1653675,9,1,1
4403,686,1653760,9,1,1
4404,686,1653864,9,1,1
4405,686,1653919,9,4,4
4406,686,1653966,9,1,1
4407,686,1654170,9,4,4
4408,686,1654248,9,1,1
4409,686,1654543,9,1,1
4410,686,1654634,9,1,1
4411,21991,1654634,3,1,1
4412,686,1655457,9,1,1
4413,686,1655749,9,1,1
4414,686,1655816,9,4,4
4415,686,1655872,9,1,1
4416,686,1655917,9,5,5
4417,686,1656219,9,1,1
4418,686,1656271,9,1,1
4419,686,1656411,9,1,1
4420,686,1656445,9,1,1
4421,686,1656526,9,1,1
4422,686,1656573,9,1,1
4423,686,1656751,9,2,2
4424,686,1657043,9,1,1
4425,686,1657054,9,1,1
4426,686,1657199,9,1,1
4427,686,1657737,9,1,1
4428,686,1657934,9,1,1
4429,686,1658369,9,3,3
4430,686,1658380,9,1,1
4431,686,1658924,9,1,1
4432,686,1659449,9,1,1
4433,686,1659786,9,2,2
4434,686,1659850,9,1,1
4435,686,1660079,9,1,1
4436,686,1660363,9,1,1
4437,686,1660406,9,1,1
4438,686,1660417,9,1,1
4439,686,1660656,9,2,2
4440,686,1660792,9,2,2
4441,686,1661041,9,1,1
4442,686,1661124,9,1,1
4443,686,1661200,9,2,2
4444,686,1661312,9,1,1
4445,686,1661329,9,2,2
4446,686,1661337,9,1,1
4447,686,1661536,9,2,2
4448,686,1661756,9,1,1
4449,686,1661768,9,1,1
4450,686,1662039,9,2,2
4451,686,1662482,9,1,1
4452,686,1662552,9,1,1
4453,686,1662858,9,1,1
4454,686,1662981,9,3,3
4455,686,1663071,9,1,1
4456,686,1663074,7,1,1
4457,686,1663773,9,1,1
4458,686,1663823,9,1,1
4459,686,1663877,9,1,1
4460,686,1663894,9,1,1
4461,686,1663977,9,1,1
4462,686,1664819,9,1,1
4463,686,1664989,9,1,1
4464,686,1665026,9,1,1
4465,686,1665082,9,1,1
4466,686,1665099,9,1,1
4467,686,1665169,9,1,1
4468,686,1665192,9,1,1
4469,686,1665198,9,1,1
4470,686,1665200,9,1,1
4471,686,1665652,9,1,1
4472,686,1665988,9,1,1
4473,686,1666245,9,3,3
4474,686,1666261,9,1,1
4475,686,1666819,9,1,1
4476,686,1666876,9,1,1
4477,686,1666951,9,1,1
4478,686,1666969,9,1,1
4479,686,1667076,9,1,1
4480,21991,1667076,3,1,1
4481,686,1667094,9,2,2
4482,686,1667095,9,1,1
4483,686,1667263,9,2,2
4484,686,1667310,9,2,2
4485,686,1667324,9,6,6
4486,686,1667333,9,1,1
4487,686,1667629,9,1,1
4488,686,1667688,9,1,1
4489,686,1667999,9,1,1
4490,686,1668030,9,1,1
4491,686,1668064,9,1,1
4492,686,1668528,9,1,1
4493,686,1668793,9,1,1
4494,686,1668810,9,1,1
4495,686,1668838,9,1,1
4496,686,1669069,9,1,1
4497,686,1669089,9,1,1
4498,686,1669134,9,3,3
4499,686,1669290,9,11,11
4500,686,1669309,9,1,1
4501,686,1669472,9,1,1
4502,686,1670163,9,1,1
4503,686,1670183,9,1,1
4504,686,1670226,9,1,1
4505,686,1670353,9,1,1
4506,686,1670362,9,1,1
4507,686,1670424,9,1,1
4508,686,1670429,9,1,1
4509,686,1670717,9,1,1
4510,686,1671015,9,1,1
4511,686,1671175,9,1,1
4512,686,1671459,9,1,1
4513,686,1671534,9,1,1
4514,6513,1671534,3,1,1
4515,686,1671971,9,1,1
4516,686,1672087,9,1,1
4517,686,1672617,9,3,3
4518,686,1672740,9,1,1
4519,686,1672930,9,1,1
4520,686,1673747,9,1,1
4521,686,1673761,9,1,1
4522,686,1673795,9,1,1
4523,686,1674060,9,3,3
4524,686,1674287,9,1,1
4525,686,1674424,9,1,1
4526,686,1674604,9,1,1
4527,686,1675320,9,1,1
4528,686,1675643,9,1,1
4529,686,1675780,9,1,1
4530,686,1675788,9,1,1
4531,686,1675806,9,3,3
4532,686,1675823,9,3,3
4533,686,1675967,9,11,11
4534,686,1676924,9,1,1
4535,686,1676949,9,1,1
4536,686,1677556,9,1,1
4537,686,1677685,9,1,1
4538,686,1678171,9,1,1
4539,686,1678230,9,1,1
4540,686,1678237,9,2,2
4541,686,1678553,9,1,1
4542,686,1678650,9,1,1
4543,686,1678707,9,1,1
4544,686,1678783,9,1,1
4545,686,1679139,9,1,1
4546,686,1679154,9,1,1
4547,686,1679171,9,1,1
4548,686,1679345,9,1,1
4549,686,1679494,9,1,1
4550,686,1679708,9,5,5
4551,686,1680203,9,7,7
4552,686,1680253,9,2,2
4553,686,1680614,9,1,1
4554,686,1680721,9,2,2
4555,686,1681144,9,1,1
4556,686,1681185,9,1,1
4557,21991,1681185,3,1,1
4558,686,1681362,9,1,1
4559,686,1681446,9,1,1
4560,686,1681808,9,1,1
4561,686,1681924,9,2,2
4562,686,1682104,9,1,1
4563,686,1682140,9,1,1
4564,686,1682291,9,1,1
4565,686,1682425,9,3,3
4566,686,1682579,9,1,1
4567,686,1682600,9,112,112
4568,686,1683046,9,2,2
4569,686,1683365,9,1,1
4570,686,1683465,9,1,1
4571,686,1683529,9,1,1
4572,686,1683743,9,2,2
4573,686,1683946,9,2,2
4574,686,1684646,9,1,1
4575,686,1684683,9,3,3
4576,686,1684688,9,2,2
4577,686,1684756,9,1,1
4578,686,1685048,9,1,1
4579,686,1685288,9,1,1
4580,686,1685329,9,4,4
4581,686,1685390,9,1,1
4582,686,1685630,9,1,1
4583,686,1685650,9,1,1
4584,686,1686304,9,1,1
4585,686,1686493,9,1,1
4586,686,1686577,9,1,1
4587,686,1686629,9,1,1
4588,686,1686684,9,5,5
4589,686,1687273,9,1,1
4590,686,1687280,9,1,1
4591,686,1687602,9,1,1
4592,686,1687628,9,1,1
4593,686,1688322,9,1,1
4594,686,1688430,9,1,1
4595,686,1688435,9,1,1
4596,686,1688436,9,1,1
4597,686,1688940,9,2,2
4598,686,1689207,9,5,5
4599,686,1689591,9,1,1
4600,686,1689832,9,1,1
4601,686,1690133,9,4,4
4602,686,1690196,9,1,1
4603,686,1690729,9,1,1
4604,686,1690765,9,1,1
4605,686,1690950,9,2,2
4606,686,1691012,9,1,1
4607,686,1691020,9,4,4
4608,686,1691041,9,1,1
4609,686,1691241,9,14,14
4610,686,1691767,9,2,2
4611,686,1692156,9,1,1
4612,686,1692524,9,1,1
4613,686,1692623,9,4,4
4614,686,1692700,9,3,3
4615,686,1692799,9,1,1
4616,686,1692836,9,1,1
4617,686,1692978,9,2,2
4618,686,1693049,9,1,1
4619,686,1693213,9,1,1
4620,686,1693416,9,1,1
4621,686,1693482,9,1,1
4622,686,1693515,9,1,1
4623,686,1693729,9,4,4
4624,686,1693963,9,2,2
4625,686,1694173,9,1,1
4626,686,1694548,9,1,1
4627,686,1694874,9,1,1
4628,686,1695078,9,1,1
4629,686,1695109,9,1,1
4630,686,1695338,7,1,1
4631,686,1696054,9,1,1
4632,686,1696209,9,1,1
4633,686,1696299,9,1,1
4634,686,1696535,9,2,2
4635,686,1696823,9,1,1
4636,686,1697014,9,1,1
4637,686,1697031,9,24,24
4638,686,1697182,9,2,2
4639,686,1697353,9,1,1
4640,686,1697482,9,3,3
4641,686,1697928,9,7,7
4642,686,1697949,9,1,1
4643,686,1698201,9,1,1
4644,686,1698225,9,1,1
4645,686,1698365,9,2,2
4646,686,1698374,9,1,1
4647,686,1698691,9,1,1
4648,686,1698702,9,2,2
4649,686,1698734,9,1,1
4650,686,1698745,9,1,1
4651,686,1698817,9,1,1
4652,686,1698908,9,1,1
4653,686,1698934,9,1,1
4654,686,1698949,9,1,1
4655,686,1698953,9,1,1
4656,686,1698981,9,1,1
4657,686,1699004,9,1,1
4658,686,1699169,9,1,1
4659,686,1699389,9,1,1
4660,686,1699420,9,1,1
4661,686,1699433,9,1,1
4662,686,1699464,9,1,1
4663,686,1699474,9,1,1
4664,686,1699694,9,1,1
4665,686,1699798,9,1,1
4666,686,1700049,9,1,1
4667,686,1700082,9,1,1
4668,686,1700166,9,1,1
4669,686,1700656,9,1,1
4670,686,1700877,9,4,4
4671,686,1700899,9,1,1
4672,686,1700967,9,1,1
4673,686,1701183,9,1,1
4674,686,1701448,9,1,1
4675,686,1701923,9,1,1
4676,686,1701930,9,1,1
4677,686,1701951,9,1,1
4678,686,1701979,9,1,1
4679,686,1702007,9,1,1
4680,686,1702166,9,1,1
4681,686,1703109,9,1,1
4682,686,1703352,9,1,1
4683,686,1703542,9,1,1
4684,686,1703622,9,4,4
4685,686,1703747,9,1,1
4686,686,1703750,9,2,2
4687,686,1703816,9,1,1
4688,686,1703893,9,1,1
4689,686,1704842,9,1,1
4690,686,1705087,9,2,2
4691,686,1705299,9,1,1
4692,686,1705565,9,1,1
4693,686,1705650,9,1,1
4694,686,1706168,9,1,1
4695,686,1706261,9,3,3
4696,686,1706744,9,1,1
4697,686,1706766,9,1,1
4698,686,1706850,9,1,1
4699,686,1706925,9,2,2
4700,686,1707145,9,1,1
4701,686,1707158,9,1,1
4702,686,1707178,9,1,1
4703,21991,1707178,3,1,1
4704,686,1707284,9,1,1
4705,686,1707446,9,1,1
4706,686,1707524,9,1,1
4707,686,1707544,9,1,1
4708,686,1708349,9,1,1
4709,686,1708408,9,1,1
4710,686,1708423,9,1,1
4711,686,1708732,9,1,1
4712,686,1708752,9,1,1
4713,686,1708907,9,7,7
4714,686,1709007,9,2,2
4715,686,1709019,9,1,1
4716,686,1709260,9,1,1
4717,686,1709350,9,1,1
4718,686,1709560,9,5,5
4719,686,1710211,9,1,1
4720,686,1710713,9,1,1
4721,686,1710875,9,1,1
4722,686,1711031,9,3,3
4723,686,1711105,9,1,1
4724,686,1711472,9,1,1
4725,686,1711858,5,1,1
4726,686,1711953,9,1,1
4727,686,1712099,9,3,3
4728,686,1712281,9,1,1
4729,686,1712293,9,1,1
4730,686,1712561,9,4,4
4731,686,1712638,9,1,1
4732,21991,1712638,3,1,1
4733,686,1712783,9,1,1
4734,686,1712840,9,2,2
4735,686,1713139,9,1,1
4736,686,1713171,9,1,1
4737,686,1713176,9,1,1
4738,686,1713378,3,3,3
4739,690,1713378,3,3,3
4740,694,1713378,1,3,3
4741,21991,1713378,3,3,3
4742,686,1713768,9,1,1
4743,686,1714243,9,1,1
4744,686,1714605,9,6,6
4745,686,1714640,9,3,3
4746,686,1714655,9,1,1
4747,686,1715105,9,1,1
4748,686,1715116,9,1,1
4749,686,1715609,9,1,1
4750,686,1716464,9,1,1
4751,686,1716520,9,2,2
4752,686,1716737,9,1,1
4753,686,1717109,9,1,1
4754,686,1717650,9,1,1
4755,686,1717861,9,1,1
4756,686,1718134,9,1,1
4757,686,1718560,9,2,2
4758,686,1718563,9,1,1
4759,686,1718681,9,1,1
4760,21991,1718681,3,1,1
4761,686,1718833,9,1,1
4762,686,1719002,9,1,1
4763,686,1719321,9,1,1
4764,686,1720256,9,2,2
4765,686,1720459,9,1,1
4766,686,1720794,9,1,1
4767,686,1720811,9,1,1
4768,686,1721242,9,10,10
4769,686,1721253,9,1,1
4770,686,1721630,9,1,1
4771,686,1722297,9,1,1
4772,686,1722965,9,1,1
4773,686,1723279,9,1,1
4774,686,1723362,9,1,1
4775,686,1723431,9,2,2
4776,686,1723701,9,10,10
4777,686,1723829,9,3,3
4778,686,1723853,9,1,1
4779,686,1724080,9,1,1
4780,686,1724117,9,2,2
4781,686,1724475,9,1,1
4782,686,1724719,9,1,1
4783,21991,1724719,3,1,1
4784,686,1724827,9,1,1
4785,686,1724835,9,1,1
4786,686,1724850,9,1,1
4787,686,1724994,9,6,6
4788,686,1725008,9,4,4
4789,686,1725090,9,5,5
4790,686,1725166,9,3,3
4791,686,1725456,9,1,1
4792,686,1725467,9,1,1
4793,686,1725547,9,1,1
4794,21991,1725547,3,1,1
4795,686,1726003,9,3,3
4796,686,1726075,9,1,1
4797,686,1726108,9,1,1
4798,686,1726154,9,2,2
4799,686,1726307,9,1,1
4800,686,1726374,9,3,3
4801,686,1726556,9,2,2
4802,686,1726794,9,1,1
4803,686,1726894,9,1,1
4804,686,1726975,9,25,25
4805,686,1727013,9,5,5
4806,686,1727225,9,2,2
4807,21991,1727225,3,2,2
4808,686,1727698,9,1,1
4809,686,1727756,9,4,4
4810,686,1727802,9,1,1
4811,686,1727865,9,2,2
4812,686,1728098,9,1,1
4813,686,1728208,9,1,1
4814,686,1728584,9,1,1
4815,21991,1728584,3,1,1
4816,686,1728757,9,1,1
4817,686,1728874,9,1,1
4818,686,1728918,9,1,1
4819,686,1729091,9,1,1
4820,686,1729481,9,5,5
4821,686,1729733,9,1,1
4822,686,1729849,9,1,1
4823,686,1729885,9,1,1
4824,686,1729987,9,1,1
4825,686,1730218,9,2,2
4826,686,1730259,9,2,2
4827,686,1730538,9,1,1
4828,686,1730945,9,1,1
4829,686,1730999,9,1,1
4830,686,1731329,9,1,1
4831,686,1731578,9,1,1
4832,686,1732215,9,1,1
4833,686,1732343,9,8,8
4834,21991,1732343,3,8,8
4835,686,1732465,9,1,1
4836,686,1732590,9,2,2
4837,686,1732610,9,1,1
4838,686,1732969,9,1,1
4839,686,1733280,9,1,1
4840,686,1733318,9,1,1
4841,686,1733432,9,3,3
4842,686,1733457,9,1,1
4843,686,1733879,9,1,1
4844,686,1734019,9,1,1
4845,686,1734091,9,2,2
4846,686,1734158,9,1,1
4847,686,1734159,9,1,1
4848,686,1734608,9,1,1
4849,686,1734829,9,1,1
4850,686,1735108,9,1,1
4851,686,1735128,9,1,1
4852,686,1735159,9,1,1
4853,686,1735375,9,1,1
4854,686,1735379,9,1,1
4855,686,1735540,9,17,17
4856,686,1735661,9,1,1
4857,686,1735729,9,2,2
4858,21991,1735729,3,2,2
4859,686,1735737,9,2,2
4860,686,1735866,9,1,1
4861,686,1735874,9,1,1
4862,686,1736504,9,2,2
4863,686,1736534,9,1,1
4864,686,1736537,9,1,1
4865,686,1736652,9,1,1
4866,686,1736700,9,1,1
4867,686,1736779,9,1,1
4868,686,1736899,9,1,1
4869,686,1737095,9,1,1
4870,686,1737097,9,1,1
4871,686,1737589,9,2,2
4872,686,1738462,9,1,1
4873,686,1738976,9,7,7
4874,686,1739080,9,1,1
4875,21991,1739080,3,1,1
4876,686,1739095,9,1,1
4877,686,1739128,9,1,1
4878,686,1739817,9,1,1
4879,21991,1739817,3,1,1
4880,686,1739836,9,1,1
4881,686,1739985,9,1,1
4882,686,1740095,9,1,1
4883,686,1740552,9,1,1
4884,686,1740560,9,1,1
4885,686,1740705,9,1,1
4886,686,1740759,9,1,1
4887,686,1740947,9,1,1
4888,686,1740977,9,1,1
4889,686,1741055,9,2,2
4890,686,1741341,9,1,1
4891,686,1741354,9,1,1
4892,686,1741462,9,1,1
4893,686,1741470,9,1,1
4894,686,1741593,9,1,1
4895,21991,1741593,3,1,1
4896,686,1741647,9,1,1
4897,686,1741664,9,1,1
4898,21765,1741664,6,1,1
4899,686,1741673,9,4,4
4900,686,1741674,9,1,1
4901,686,1741772,9,1,1
4902,686,1742365,9,1,1
4903,686,1742452,9,2,2
4904,686,1742813,9,2,2
4905,686,1743034,9,1,1
4906,686,1743370,9,1,1
4907,686,1743526,9,1,1
4908,28248,1743526,6,1,1
4909,686,1743545,9,1,1
4910,686,1743604,9,1,1
4911,21765,1743604,6,1,1
4912,686,1743617,9,1,1
4913,686,1743633,9,2,2
4914,686,1743648,9,1,1
4915,686,1743783,9,1,1
4916,686,1743868,9,1,1
4917,686,1744295,9,1,1
4918,686,1744377,9,1,1
4919,686,1744427,9,1,1
4920,686,1744503,9,1,1
4921,686,1744561,9,1,1
4922,686,1745120,9,3,3
4923,686,1745169,9,1,1
4924,686,1745251,9,1,1
4925,686,1745253,9,1,1
4926,686,1745581,9,1,1
4927,686,1745914,9,1,1
4928,686,1745961,9,1,1
4929,686,1745976,9,1,1
4930,686,1746053,9,2,2
4931,686,1746079,9,1,1
4932,686,1746617,1,1,1
4933,686,1746697,9,1,1
4934,686,1746707,9,1,1
4935,21991,1746707,3,1,1
4936,686,1746859,9,1,1
4937,686,1746884,9,1,1
4938,686,1746949,9,3,3
4939,686,1747147,9,1,1
4940,686,1747226,9,1,1
4941,686,1747427,9,1,1
4942,21991,1747427,3,1,1
4943,686,1747463,9,1,1
4944,686,1747642,9,2,2
4945,686,1747885,9,4,4
4946,686,1748090,9,1,1
4947,686,1748241,9,1,1
4948,686,1748243,9,1,1
4949,686,1748283,9,1,1
4950,686,1748460,9,5,5
4951,686,1748737,9,3,3
4952,686,1748814,9,1,1
4953,686,1749084,9,1,1
4954,686,1749178,9,2,2
4955,686,1749188,9,1,1
4956,686,1749690,9,1,1
4957,686,1749910,9,1,1
4958,686,1749934,9,1,1
4959,686,1749951,9,1,1
4960,686,1750078,9,1,1
4961,686,1750081,9,1,1
4962,686,1750086,9,1,1
4963,686,1750137,9,1,1
4964,686,1750228,9,9,9
4965,686,1750262,9,1,1
4966,686,1750548,9,1,1
4967,686,1750688,9,1,1
4968,686,1750704,9,2,2
4969,686,1751363,9,5,5
4970,686,1751381,9,1,1
4971,686,1751385,9,1,1
4972,686,1751489,9,1,1
4973,686,1751538,9,1,1
4974,686,1751549,9,1,1
4975,686,1751642,9,1,1
4976,686,1751795,9,1,1
4977,686,1751929,9,1,1
4978,686,1752000,9,1,1
4979,686,1752154,9,5,5
4980,686,1752155,9,1,1
4981,686,1752187,9,1,1
4982,686,1752371,9,1,1
4983,686,1752432,9,2,2
4984,686,1752489,9,1,1
4985,686,1752757,9,1,1
4986,686,1753095,9,1,1
4987,686,1753096,9,1,1
4988,686,1753145,9,1,1
4989,686,1753163,9,1,1
4990,686,1753199,9,1,1
4991,686,1753201,9,6,6
4992,686,1753212,9,1,1
4993,686,1753283,9,1,1
4994,686,1753513,9,2,2
4995,686,1753730,9,1,1
4996,686,1753766,9,1,1
4997,6513,1753766,3,1,1
4998,686,1753903,9,1,1
4999,686,1753945,9,6,6
5000,686,1754172,9,3,3
5001,686,1754254,9,1,1
5002,686,1754274,9,2,2
5003,686,1754302,9,1,1
5004,686,1754367,9,1,1
5005,686,1754428,9,1,1
5006,686,1754467,9,1,1
5007,686,1754765,9,2,2
5008,686,1754843,9,1,1
5009,686,1754913,9,2,2
5010,686,1755096,9,1,1
5011,686,1755166,9,1,1
5012,686,1755442,9,2,2
5013,686,1755478,9,3,3
5014,686,1755632,9,1,1
5015,686,1755751,9,2,2
5016,686,1755822,9,1,1
5017,686,1756337,9,1,1
5018,686,1756522,9,1,1
5019,686,1756859,9,1,1
5020,21991,1756859,3,1,1
5021,686,1757032,9,2,2
5022,686,1757508,9,1,1
5023,686,1757536,9,1,1
5024,686,1757806,9,1,1
5025,686,1758042,9,1,1
5026,686,1758428,9,1,1
5027,686,1758452,9,1,1
5028,686,1758499,9,2,2
5029,686,1758652,9,1,1
5030,686,1758696,9,5,5
5031,686,1758834,9,1,1
5032,686,1759020,9,1,1
5033,686,1759035,9,7,7
5034,686,1759140,9,7,7
5035,686,1759693,9,1,1
5036,686,1759935,9,1,1
5037,686,1759939,9,1,1
5038,686,1760017,9,2,2
5039,686,1760095,9,1,1
5040,21995,1760095,1,1,1
5041,686,1760204,9,1,1
5042,686,1760279,9,1,1
5043,686,1760320,9,1,1
5044,686,1760350,9,1,1
5045,686,1760431,9,3,3
5046,686,1760436,9,1,1
5047,686,1760545,9,1,1
5048,686,1760780,9,1,1
5049,686,1760815,9,2,2
5050,686,1760922,9,1,1
5051,686,1760989,9,1,1
5052,686,1761074,7,1,1
5053,686,1761098,9,2,2
5054,686,1761113,9,1,1
5055,686,1761150,9,1,1
5056,686,1761273,9,1,1
5057,686,1761658,9,3,3
5058,686,1761730,9,1,1
5059,686,1761805,9,1,1
5060,686,1761966,9,1,1
5061,686,1763079,9,1,1
5062,686,1763169,9,3,3
5063,686,1763210,9,1,1
5064,686,1763294,9,12,12
5065,686,1763365,9,1,1
5066,686,1763397,9,1,1
5067,686,1763501,9,1,1
5068,686,1763617,9,1,1
5069,686,1763645,9,2,2
5070,686,1763754,9,2,2
5071,686,1763761,9,1,1
5072,686,1763965,9,1,1
5073,686,1764021,9,3,3
5074,686,1764417,9,1,1
5075,686,1764493,9,2,2
5076,686,1764805,9,3,3
5077,686,1764970,9,1,1
5078,686,1765231,9,1,1
5079,686,1765392,9,1,1
5080,686,1765461,9,3,3
5081,686,1765494,9,1,1
5082,686,1765596,9,1,1
5083,686,1765634,9,1,1
5084,686,1765859,9,1,1
5085,686,1765905,9,1,1
5086,686,1766071,9,1,1
5087,686,1766087,9,1,1
5088,686,1766211,9,1,1
5089,686,1766249,9,5,5
5090,686,1766414,9,1,1
5091,686,1767089,9,2,2
5092,686,1767095,9,1,1
5093,686,1767105,9,1,1
5094,686,1767142,9,2,2
5095,686,1767199,9,2,2
5096,686,1767324,9,1,1
5097,686,1767415,9,2,2
5098,686,1767430,9,1,1
5099,686,1767451,9,1,1
5100,686,1767557,9,1,1
5101,686,1767571,9,1,1
5102,686,1767753,9,1,1
5103,686,1767829,9,1,1
5104,686,1767833,9,1,1
5105,686,1767838,9,1,1
5106,686,1767855,9,1,1
5107,686,1767868,9,1,1
5108,686,1767890,9,2,2
5109,686,1768100,9,1,1
5110,686,1768294,9,1,1
5111,686,1768299,9,1,1
5112,686,1768455,9,1,1
5113,686,1768494,9,2,2
5114,686,1768651,9,2,2
5115,686,1768692,9,1,1
5116,686,1768700,9,1,1
5117,686,1768735,9,12,12
5118,22194,1768735,3,12,12
5119,686,1768778,9,1,1
5120,686,1768925,9,1,1
5121,686,1768956,9,1,1
5122,686,1769080,9,1,1
5123,686,1769177,9,1,1
5124,686,1769513,9,1,1
5125,686,1769638,9,1,1
5126,686,1769643,9,1,1
5127,686,1769828,9,1,1
5128,686,1769951,9,1,1
5129,686,1769953,9,2,2
5130,686,1770127,9,1,1
5131,21991,1770127,3,1,1
5132,686,1770400,9,1,1
5133,686,1770589,9,2,2
5134,686,1770645,9,5,5
5135,686,1770706,9,1,1
5136,686,1771039,9,1,1
5137,686,1771308,9,2,2
5138,686,1771333,9,1,1
5139,686,1771357,9,1,1
5140,686,1771418,9,1,1
5141,686,1771546,9,1,1
5142,686,1771547,9,3,3
5143,686,1771662,9,1,1
5144,686,1771735,9,1,1
5145,686,1771766,9,1,1
5146,686,1772215,9,1,1
5147,686,1772293,9,12,12
5148,686,1772360,9,3,3
5149,686,1772361,9,1,1
5150,686,1772363,9,5,5
5151,686,1772413,9,1,1
5152,686,1772618,9,1,1
5153,686,1772661,9,1,1
5154,686,1772830,9,1,1
5155,686,1772880,9,1,1
5156,686,1772966,9,4,4
5157,686,1772993,9,1,1
5158,686,1773027,9,1,1
5159,686,1773030,9,1,1
5160,686,1773300,9,1,1
5161,686,1773461,9,2,2
5162,686,1773478,9,2,2
5163,686,1773479,9,1,1
5164,686,1773570,9,1,1
5165,686,1773626,9,1,1
5166,686,1773716,9,1,1
5167,686,1773831,9,8,8
5168,686,1773958,9,1,1
5169,686,1774151,9,1,1
5170,686,1774242,9,2,2
5171,686,1774642,9,1,1
5172,686,1774656,9,1,1
5173,686,1774774,9,1,1
5174,686,1774969,9,2,2
5175,686,1775007,9,1,1
5176,686,1775136,9,1,1
5177,686,1775160,9,3,3
5178,686,1775167,9,1,1
5179,686,1775272,9,1,1
5180,686,1775338,9,3,3
5181,686,1775455,9,1,1
5182,686,1775468,9,1,1
5183,686,1775533,9,1,1
5184,686,1775587,9,1,1
5185,686,1775800,9,1,1
5186,686,1775979,9,1,1
5187,686,1776057,9,1,1
5188,686,1776236,9,3,3
5189,686,1776508,9,1,1
5190,686,1776773,9,1,1
5191,686,1776853,9,1,1
5192,686,1777090,9,1,1
5193,686,1777101,9,1,1
5194,686,1777349,9,1,1
5195,686,1777507,9,1,1
5196,686,1777773,9,1,1
5197,686,1777827,9,1,1
5198,686,1777930,9,1,1
5199,686,1778014,9,3,3
5200,686,1778293,9,1,1
5201,686,1778761,9,2,2
5202,686,1778816,9,1,1
5203,686,1778933,9,1,1
5204,686,1778979,9,1,1
5205,686,1779073,9,3,3
5206,686,1779411,9,1,1
5207,686,1779414,9,1,1
5208,686,1779463,9,2,2
5209,686,1779504,9,1,1
5210,686,1779669,9,2,2
5211,686,1779748,9,1,1
5212,686,1779982,9,1,1
5213,686,1780160,9,1,1
5214,686,1780268,9,1,1
5215,686,1780327,9,2,2
5216,686,1780343,9,2,2
5217,686,1780445,9,1,1
5218,686,1780482,9,1,1
5219,686,1780549,9,1,1
5220,686,1780659,9,1,1
5221,686,1780766,9,1,1
5222,686,1780801,9,1,1
5223,686,1780875,9,1,1
5224,686,1781087,9,1,1
5225,686,1781139,9,3,3
5226,686,1781362,9,1,1
5227,686,1781483,9,1,1
5228,686,1781509,9,1,1
5229,686,1781525,9,1,1
5230,686,1781537,9,1,1
5231,686,1781604,9,1,1
5232,686,1781685,9,1,1
5233,686,1782086,9,1,1
5234,686,1782109,9,1,1
5235,686,1782124,9,1,1
5236,686,1782171,9,3,3
5237,686,1782188,9,2,2
5238,686,1782999,9,1,1
5239,686,1783031,9,1,1
5240,686,1783156,9,1,1
5241,686,1783377,9,6,6
5242,686,1783613,9,1,1
5243,686,1783647,9,1,1
5244,686,1783734,9,1,1
5245,686,1783751,9,1,1
5246,686,1783839,9,1,1
5247,686,1783852,9,1,1
5248,686,1784018,9,1,1
5249,686,1784110,9,3,3
5250,686,1784221,9,2,2
5251,686,1784250,9,1,1
5252,686,1784334,9,1,1
5253,686,1784484,9,1,1
5254,686,1784485,9,1,1
5255,686,1784808,9,1,1
5256,686,1784993,9,2,2
5257,686,1785472,9,1,1
5258,686,1785591,9,2,2
5259,686,1785597,9,2,2
5260,686,1785718,9,2,2
5261,686,1785868,9,1,1
5262,686,1786113,9,1,1
5263,686,1786171,9,1,1
5264,686,1786218,9,1,1
5265,686,1786232,9,1,1
5266,686,1786400,9,9,9
5267,686,1786573,9,1,1
5268,686,1786845,9,1,1
5269,686,1786859,9,1,1
5270,686,1786918,9,4,4
5271,686,1787065,9,2,2
5272,686,1787386,9,2,2
5273,686,1787743,9,1,1
5274,686,1787745,9,1,1
5275,686,1787776,9,1,1
5276,686,1787859,9,3,3
5277,686,1787892,9,2,2
5278,686,1788269,9,1,1
5279,686,1788521,9,1,1
5280,686,1788538,9,1,1
5281,686,1788738,9,1,1
5282,686,1788793,9,1,1
5283,686,1788972,9,1,1
5284,686,1789116,9,1,1
5285,686,1789509,9,1,1
5286,686,1789749,9,1,1
5287,686,1789767,9,2,2
5288,686,1789887,9,1,1
5289,686,1790026,9,3,3
5290,686,1790362,9,1,1
5291,686,1790378,9,1,1
5292,686,1790717,9,1,1
5293,686,1790809,9,1,1
5294,686,1790881,9,1,1
5295,686,1790938,9,1,1
5296,686,1791136,9,1,1
5297,686,1791191,9,1,1
5298,686,1791222,9,1,1
5299,686,1791364,9,1,1
5300,686,1791391,9,2,2
5301,686,1791528,9,7,7
5302,686,1791718,9,1,1
5303,686,1792077,9,1,1
5304,686,1792118,9,1,1
5305,686,1792213,9,8,8
5306,686,1792314,9,2,2
5307,686,1792484,9,1,1
5308,686,1792517,9,1,1
5309,686,1792566,9,1,1
5310,686,1792587,9,1,1
5311,686,1792604,9,2,2
5312,686,1792801,9,1,1
5313,686,1792809,9,2,2
5314,686,1793226,9,1,1
5315,686,1793252,9,1,1
5316,686,1793360,9,1,1
5317,686,1793634,9,3,3
5318,686,1793766,9,2,2
5319,686,1793787,9,1,1
5320,686,1794138,9,1,1
5321,686,1794187,9,1,1
5322,686,1794273,9,1,1
5323,686,1794313,9,1,1
5324,686,1794341,9,2,2
5325,686,1794696,9,1,1
5326,686,1794788,9,1,1
5327,686,1794814,9,1,1
5328,686,1794842,9,6,6
5329,686,1794986,9,1,1
5330,686,1795060,9,1,1
5331,686,1795096,9,1,1
5332,686,1795118,9,1,1
5333,686,1795443,9,1,1
5334,686,1795477,9,1,1
5335,686,1795743,9,2,2
5336,686,1796061,9,4,4
5337,686,1796714,9,1,1
5338,686,1797029,9,2,2
5339,686,1797167,9,1,1
5340,686,1797261,9,1,1
5341,686,1797355,9,2,2
5342,686,1797455,9,1,1
5343,686,1797618,9,1,1
5344,686,1797802,9,1,1
5345,686,1797937,9,1,1
5346,686,1797955,9,2,2
5347,686,1798011,9,1,1
5348,686,1798053,9,1,1
5349,686,1798098,9,1,1
5350,686,1798138,9,1,1
5351,686,1798341,9,1,1
5352,686,1798423,9,2,2
5353,686,1798506,9,1,1
5354,686,1798590,9,1,1
5355,686,1798632,9,3,3
5356,686,1798684,9,3,3
5357,686,1798766,9,1,1
5358,686,1798789,9,1,1
5359,686,1798846,9,1,1
5360,686,1798885,9,1,1
5361,686,1799027,9,1,1
5362,686,1799352,9,1,1
5363,686,1799362,9,1,1
5364,686,1799369,9,1,1
5365,686,1799391,9,1,1
5366,686,1799628,9,4,4
5367,686,1799631,9,3,3
5368,686,1800067,9,1,1
5369,686,1800157,9,3,3
5370,686,1800367,9,2,2
5371,686,1800454,9,4,4
5372,686,1800549,9,3,3
5373,686,1800676,9,1,1
5374,686,1800926,9,1,1
5375,686,1800994,9,2,2
5376,686,1801179,9,1,1
5377,686,1801249,9,1,1
5378,686,1801438,9,1,1
5379,686,1801503,9,2,2
5380,686,1801517,9,1,1
5381,686,1801947,9,1,1
5382,686,1802460,9,1,1
5383,686,1802805,9,2,2
5384,686,1802855,9,2,2
5385,686,1802959,9,1,1
5386,686,1802977,9,1,1
5387,686,1803044,9,1,1
5388,686,1803091,9,1,1
5389,686,1803107,9,1,1
5390,686,1803159,9,1,1
5391,686,1803400,9,2,2
5392,686,1803729,9,2,2
5393,686,1803880,9,1,1
5394,686,1803928,9,2,2
5395,686,1803957,9,1,1
5396,686,1804660,9,2,2
5397,686,1804672,9,1,1
5398,686,1804926,9,1,1
5399,686,1805175,9,1,1
5400,686,1805422,9,1,1
5401,686,1805485,9,1,1
5402,686,1805664,9,1,1
5403,686,1805718,9,3,3
5404,686,1805726,9,1,1
5405,686,1805765,9,2,2
5406,686,1805786,9,1,1
5407,686,1805975,9,4,4
5408,686,1806116,9,1,1
5409,686,1806130,9,1,1
5410,686,1806138,9,1,1
5411,686,1806298,9,1,1
5412,686,1806300,9,1,1
5413,686,1806301,7,1,1
5414,686,1806902,9,1,1
5415,686,1806973,9,1,1
5416,686,1807155,9,1,1
5417,686,1807173,9,2,2
5418,686,1807759,9,1,1
5419,686,1807899,9,2,2
5420,686,1807910,9,2,2
5421,686,1808385,9,1,1
5422,686,1808558,9,1,1
5423,686,1809121,9,1,1
5424,686,1809212,9,1,1
5425,686,1809878,9,1,1
5426,686,1810052,9,1,1
5427,686,1810063,9,1,1
5428,686,1810067,9,1,1
5429,686,1810073,9,1,1
5430,686,1810075,9,1,1
5431,686,1810192,9,2,2
5432,686,1810207,9,2,2
5433,686,1810606,9,1,1
5434,686,1810615,9,1,1
5435,686,1810626,9,2,2
5436,686,1810799,9,1,1
5437,686,1810889,9,3,3
5438,686,1810951,9,1,1
5439,686,1810997,9,1,1
5440,686,1811264,9,1,1
5441,686,1811273,9,1,1
5442,686,1811465,9,1,1
5443,686,1811662,9,2,2
5444,686,1811728,9,2,2
5445,21987,1811728,4,2,2
5446,21994,1811728,2,2,2
5447,686,1811757,9,1,1
5448,686,1811760,9,1,1
5449,686,1811794,9,7,7
5450,686,1811921,9,1,1
5451,686,1811926,9,2,2
5452,686,1811974,2,1,1
5453,689,1811974,6,1,1
5454,686,1812024,9,1,1
5455,686,1812615,9,1,1
5456,686,1812706,9,1,1
5457,686,1812759,9,1,1
5458,686,1812766,9,1,1
5459,686,1812767,9,1,1
5460,686,1812792,9,1,1
5461,686,1813619,9,1,1
5462,686,1814155,9,3,3
5463,686,1814213,9,2,2
5464,686,1814253,9,1,1
5465,686,1814702,9,1,1
5466,686,1814707,9,1,1
5467,686,1814931,9,2,2
5468,686,1815063,9,2,2
5469,686,1815110,9,1,1
5470,686,1815242,9,1,1
5471,686,1815530,9,1,1
5472,686,1815531,9,1,1
5473,686,1815629,9,2,2
5474,686,1815751,9,1,1
5475,686,1815800,9,1,1
5476,686,1815837,9,1,1
5477,686,1815870,9,1,1
5478,686,1815931,9,1,1
5479,686,1815956,9,4,4
5480,686,1815966,9,1,1
5481,686,1816234,9,1,1
5482,686,1816239,9,1,1
5483,686,1816302,9,1,1
5484,686,1816309,9,3,3
5485,686,1816420,9,1,1
5486,686,1816539,9,1,1
5487,686,1816766,9,1,1
5488,686,1817044,9,2,2
5489,686,1817083,9,1,1
5490,686,1817099,9,2,2
5491,686,1817222,9,1,1
5492,686,1817250,9,1,1
5493,686,1817287,9,1,1
5494,686,1817313,9,1,1
5495,686,1817316,9,2,2
5496,686,1817479,9,1,1
5497,686,1817722,9,1,1
5498,686,1817746,9,1,1
5499,686,1817749,9,1,1
5500,686,1817875,9,1,1
5501,686,1817941,9,1,1
5502,686,1817956,9,1,1
5503,686,1818243,9,1,1
5504,686,1818375,9,4,4
5505,686,1818538,9,1,1
5506,686,1818772,9,1,1
5507,686,1818810,9,3,3
5508,686,1818816,9,2,2
5509,686,1818903,9,1,1
5510,686,1818975,9,2,2
5511,686,1818979,9,2,2
5512,686,1818980,9,1,1
5513,686,1819025,9,2,2
5514,686,1819093,9,1,1
5515,686,1819195,9,1,1
5516,686,1819285,9,1,1
5517,686,1819291,9,3,3
5518,686,1819294,9,2,2
5519,686,1819295,9,1,1
5520,686,1819296,9,1,1
5521,686,1819297,9,1,1
5522,686,1819298,9,1,1
5523,686,1819300,9,1,1
5524,686,1819301,9,1,1
5525,686,1819490,9,2,2
5526,686,1819533,9,1,1
5527,686,1819570,9,1,1
5528,686,1819610,9,1,1
5529,686,1819793,9,1,1
5530,686,1820097,9,1,1
5531,686,1820114,9,1,1
5532,686,1820148,9,1,1
5533,686,1820214,9,1,1
5534,686,1820455,9,2,2
5535,686,1820729,9,1,1
5536,686,1820822,9,2,2
5537,686,1820869,9,1,1
5538,686,1820889,9,1,1
5539,686,1821045,9,1,1
5540,686,1821095,9,1,1
5541,686,1821152,9,1,1
5542,686,1821160,9,2,2
5543,686,1821439,9,4,4
5544,686,1821538,9,1,1
5545,686,1821612,9,1,1
5546,686,1821708,9,1,1
5547,686,1821796,9,1,1
5548,686,1822389,9,1,1
5549,686,1822506,9,1,1
5550,686,1822633,9,2,2
5551,686,1822779,9,1,1
5552,686,1822833,9,1,1
5553,11283,1822833,5,1,1
5554,686,1822950,9,1,1
5555,686,1822990,9,1,1
5556,686,1822994,9,1,1
5557,686,1823079,9,2,2
5558,686,1823080,9,1,1
5559,686,1823086,9,2,2
5560,686,1823233,9,1,1
5561,686,1823387,9,2,2
5562,686,1823388,9,1,1
5563,686,1823681,9,1,1
5564,686,1823697,9,1,1
5565,686,1823842,9,1,1
5566,686,1824255,9,1,1
5567,686,1824287,9,1,1
5568,686,1824566,9,2,2
5569,686,1824663,9,1,1
5570,686,1824703,9,3,3
5571,686,1824769,9,1,1
5572,686,1824858,9,1,1
5573,686,1824884,9,1,1
5574,686,1824949,9,1,1
5575,686,1825211,9,1,1
5576,686,1825448,9,1,1
5577,686,1825549,9,1,1
5578,686,1825931,9,1,1
5579,686,1826063,9,1,1
5580,686,1826275,9,1,1
5581,686,1826378,9,1,1
5582,686,1826476,9,1,1
5583,686,1826480,9,1,1
5584,686,1826525,9,2,2
5585,686,1826562,9,1,1
5586,21987,1826562,4,1,1
5587,21994,1826562,2,1,1
5588,686,1826619,9,1,1
5589,686,1826882,9,1,1
5590,686,1826886,9,1,1
5591,686,1826889,9,1,1
5592,686,1826957,9,1,1
5593,686,1826959,9,1,1
5594,686,1826964,9,1,1
5595,686,1826967,9,2,2
5596,686,1826968,9,1,1
5597,686,1827040,9,1,1
5598,686,1827148,9,1,1
5599,686,1827592,9,1,1
5600,686,1827965,9,1,1
5601,686,1828030,9,1,1
5602,686,1828034,9,2,2
5603,686,1828495,9,3,3
5604,686,1828547,9,1,1
5605,686,1828754,9,1,1
5606,686,1828769,9,1,1
5607,686,1828772,9,1,1
5608,686,1828992,9,3,3
5609,686,1829274,9,1,1
5610,686,1829429,9,3,3
5611,686,1829611,9,1,1
5612,686,1829643,9,1,1
5613,686,1829913,9,2,2
5614,686,1829919,9,1,1
5615,686,1830272,9,1,1
5616,686,1830522,9,1,1
5617,686,1830562,9,1,1
5618,686,1830609,9,1,1
5619,686,1831217,9,1,1
5620,686,1831319,9,1,1
5621,686,1831582,9,1,1
5622,686,1831857,9,1,1
5623,686,1831951,9,1,1
5624,686,1832337,9,2,2
5625,686,1832369,9,1,1
5626,686,1832778,9,1,1
5627,686,1832988,9,2,2
5628,686,1833097,9,1,1
5629,686,1833294,9,2,2
5630,686,1833318,9,1,1
5631,686,1833353,9,1,1
5632,686,1833400,9,1,1
5633,686,1833735,9,2,2
5634,686,1833796,9,1,1
5635,686,1833980,9,1,1
5636,686,1834047,9,6,6
5637,686,1834422,9,1,1
5638,686,1834423,9,1,1
5639,686,1834428,9,1,1
5640,686,1834432,9,1,1
5641,21994,1834432,2,1,1
5642,686,1834733,9,1,1
5643,686,1834739,9,1,1
5644,686,1834816,9,1,1
5645,686,1834820,9,1,1
5646,686,1834829,9,1,1
5647,686,1835036,9,1,1
5648,686,1835061,9,1,1
5649,686,1835067,9,1,1
5650,686,1835274,9,1,1
5651,686,1835296,9,1,1
5652,686,1835555,9,1,1
5653,686,1835682,9,1,1
5654,686,1835816,9,1,1
5655,686,1836099,9,1,1
5656,686,1836334,9,1,1
5657,686,1836765,9,1,1
5658,686,1836982,9,1,1
5659,686,1836989,9,1,1
5660,686,1837967,9,1,1
5661,686,1838262,9,1,1
5662,686,1838347,9,3,3
5663,686,1838486,9,2,2
5664,686,1838997,9,1,1
5665,686,1839189,9,1,1
5666,686,1839578,9,2,2
5667,686,1839705,9,1,1
5668,686,1839975,9,2,2
5669,686,1840348,9,1,1
5670,686,1840364,9,2,2
5671,686,1840407,9,1,1
5672,686,1840760,9,1,1
5673,686,1840774,9,1,1
5674,686,1840936,9,1,1
5675,686,1841183,9,1,1
5676,686,1841663,9,1,1
5677,686,1841828,9,1,1
5678,686,1842007,9,1,1
5679,686,1842104,9,1,1
5680,686,1842296,9,1,1
5681,686,1842494,9,1,1
5682,686,1842617,9,1,1
5683,686,1842641,9,1,1
5684,686,1842875,9,1,1
5685,686,1842959,9,1,1
5686,686,1843150,9,1,1
5687,686,1843236,5,1,1
5688,686,1843446,9,1,1
5689,686,1843633,9,1,1
5690,686,1843643,9,1,1
5691,686,1843779,9,2,2
5692,686,1844273,9,1,1
5693,686,1844670,9,1,1
5694,686,1844729,9,1,1
5695,686,1844738,9,1,1
5696,686,1844771,9,1,1
5697,686,1844806,9,1,1
5698,686,1844880,9,1,1
5699,686,1844893,9,1,1
5700,686,1845287,9,1,1
5701,686,1845344,9,1,1
5702,686,1845366,9,1,1
5703,686,1845383,9,1,1
5704,686,1845420,9,2,2
5705,686,1845603,9,1,1
5706,686,1845790,9,3,3
5707,686,1845852,9,1,1
5708,686,1845886,9,1,1
5709,686,1846155,9,1,1
5710,686,1846494,9,1,1
5711,686,1846818,9,1,1
5712,686,1847005,9,1,1
5713,686,1847166,9,1,1
5714,686,1847511,9,1,1
5715,686,1847701,9,1,1
5716,686,1847737,9,1,1
5717,686,1848061,9,1,1
5718,686,1848237,9,1,1
5719,686,1848500,9,1,1
5720,686,1848550,9,2,2
5721,686,1848931,9,1,1
5722,686,1849000,9,1,1
5723,686,1849002,9,1,1
5724,686,1849969,9,2,2
5725,686,1850222,9,1,1
5726,686,1850436,9,1,1
5727,686,1850518,9,1,1
5728,686,1850550,9,1,1
5729,686,1850799,9,1,1
5730,686,1850908,9,1,1
5731,686,1851089,9,1,1
5732,686,1851140,9,1,1
5733,686,1851183,9,1,1
5734,686,1851297,9,4,4
5735,686,1851790,9,1,1
5736,686,1852016,9,2,2
5737,686,1852132,9,1,1
5738,686,1852154,9,1,1
5739,686,1852391,9,1,1
5740,686,1852436,9,1,1
5741,686,1852527,9,1,1
5742,686,1852690,9,1,1
5743,686,1852883,9,1,1
5744,686,1852907,9,1,1
5745,686,1853065,9,1,1
5746,686,1853485,9,1,1
5747,21990,1853485,1,1,1
5748,21994,1853485,2,1,1
5749,686,1854193,9,1,1
5750,686,1854208,9,1,1
5751,686,1854467,9,1,1
5752,686,1854673,9,1,1
5753,686,1855126,9,7,7
5754,686,1855599,9,2,2
5755,686,1855622,9,1,1
5756,686,1855911,9,1,1
5757,686,1856021,9,1,1
5758,686,1856048,9,1,1
5759,686,1856128,9,1,1
5760,686,1856169,9,1,1
5761,686,1856385,9,3,3
5762,686,1856711,9,1,1
5763,686,1856976,9,1,1
5764,686,1857337,9,1,1
5765,686,1857605,9,2,2
5766,686,1857685,9,2,2
5767,686,1857687,9,1,1
5768,686,1857688,9,1,1
5769,686,1858069,9,1,1
5770,686,1858131,9,1,1
5771,686,1858420,9,1,1
5772,686,1858538,9,1,1
5773,686,1858763,9,1,1
5774,686,1859033,9,1,1
5775,686,1859115,9,1,1
5776,686,1859547,9,1,1
5777,686,1859763,9,1,1
5778,686,1860401,9,1,1
5779,686,1860684,9,1,1
5780,686,1860822,9,1,1
5781,686,1860849,9,1,1
5782,686,1860851,9,1,1
5783,686,1860967,9,1,1
5784,686,1861205,9,1,1
5785,686,1861250,9,1,1
5786,686,1861449,9,2,2
5787,686,1861614,9,1,1
5788,686,1861735,9,2,2
5789,686,1861897,9,1,1
5790,686,1862083,9,1,1
5791,686,1862235,9,1,1
5792,686,1862326,9,2,2
5793,686,1862345,9,1,1
5794,686,1862590,9,1,1
5795,686,1862637,9,1,1
5796,686,1862728,9,1,1
5797,686,1862739,9,1,1
5798,686,1863424,9,1,1
5799,686,1863613,9,1,1
5800,686,1863876,9,1,1
5801,686,1864317,9,1,1
5802,686,1864403,9,1,1
5803,686,1864495,9,1,1
5804,686,1864587,9,1,1
5805,686,1865073,9,1,1
5806,686,1865365,9,1,1
5807,686,1865555,9,1,1
5808,686,1865830,9,4,4
5809,686,1865917,9,1,1
5810,686,1866511,9,1,1
5811,686,1866701,9,1,1
5812,686,1866800,9,1,1
5813,686,1866915,9,1,1
5814,686,1867184,9,1,1
5815,686,1867247,9,1,1
5816,686,1867261,9,1,1
5817,686,1867298,9,1,1
5818,686,1867446,9,1,1
5819,686,1867533,9,1,1
5820,686,1867586,9,1,1
5821,686,1867674,9,1,1
5822,686,1867772,9,1,1
5823,686,1867916,9,1,1
5824,686,1868313,9,1,1
5825,686,1868744,9,1,1
5826,686,1868746,9,1,1
5827,686,1868938,9,2,2
5828,686,1868972,9,1,1
5829,686,1869002,9,1,1
5830,686,1869137,9,1,1
5831,686,1869741,9,1,1
5832,686,1869782,9,1,1
5833,686,1869960,9,1,1
5834,686,1870110,9,1,1
5835,686,1870140,9,1,1
5836,686,1870304,9,1,1
5837,686,1870492,9,1,1
5838,686,1870531,9,2,2
5839,686,1870543,9,1,1
5840,686,1870578,8,1,1
5841,686,1870580,9,1,1
5842,686,1870692,9,1,1
5843,686,1870770,9,1,1
5844,686,1870909,9,1,1
5845,686,1871038,9,2,2
5846,686,1871132,9,1,1
5847,686,1871444,9,1,1
5848,686,1871755,9,1,1
5849,686,1871820,9,1,1
5850,686,1872117,9,1,1
5851,686,1872384,9,1,1
5852,686,1872463,9,1,1
5853,686,1872558,9,7,7
5854,686,1872625,9,1,1
5855,686,1873010,9,1,1
5856,686,1873041,9,1,1
5857,686,1873225,9,1,1
5858,686,1873356,9,1,1
5859,686,1873621,9,1,1
5860,686,1873627,9,1,1
5861,686,1873629,9,1,1
5862,686,1873836,9,1,1
5863,686,1874133,9,2,2
5864,686,1874153,9,1,1
5865,686,1874557,9,1,1
5866,686,1874610,9,1,1
5867,686,1874703,9,1,1
5868,686,1874733,9,1,1
5869,686,1874851,9,1,1
5870,686,1874967,9,1,1
5871,686,1875002,9,1,1
5872,686,1875052,9,1,1
5873,686,1875141,9,1,1
5874,686,1875223,9,1,1
5875,686,1875310,9,1,1
5876,686,1875520,9,1,1
5877,686,1875535,9,1,1
5878,686,1875728,9,1,1
5879,686,1875815,9,1,1
5880,686,1876135,9,3,3
5881,686,1876546,9,1,1
5882,686,1876568,9,1,1
5883,686,1876642,9,1,1
5884,686,1876653,9,1,1
5885,686,1876859,9,2,2
5886,686,1876885,9,1,1
5887,686,1876917,9,2,2
5888,686,1876954,9,1,1
5889,686,1877007,9,1,1
5890,686,1877235,9,1,1
5891,686,1877652,9,1,1
5892,686,1877758,9,1,1
5893,686,1877766,9,1,1
5894,686,1877902,9,1,1
5895,686,1877909,9,1,1
5896,686,1877913,9,1,1
5897,686,1877954,9,1,1
5898,686,1877999,9,1,1
5899,686,1878096,9,1,1
5900,686,1878300,9,1,1
5901,686,1879081,9,1,1
5902,686,1879156,9,1,1
5903,686,1879173,9,1,1
5904,686,1879181,9,1,1
5905,686,1879344,9,1,1
5906,686,1879384,9,1,1
5907,686,1879416,9,1,1
5908,686,1879510,9,1,1
5909,686,1879534,9,1,1
5910,686,1879734,9,1,1
5911,686,1879892,9,1,1
5912,686,1880073,9,1,1
5913,686,1880079,9,1,1
5914,686,1880380,9,2,2
5915,686,1880456,9,7,7
5916,686,1880460,9,1,1
5917,686,1880742,9,1,1
5918,686,1880805,9,1,1
5919,686,1880864,9,1,1
5920,686,1881009,9,2,2
5921,686,1881063,9,1,1
5922,686,1881475,9,1,1
5923,686,1881476,9,1,1
5924,686,1881561,9,1,1
5925,686,1881587,9,1,1
5926,686,1881729,9,1,1
5927,686,1881769,9,2,2
5928,686,1881884,9,1,1
5929,686,1882121,9,1,1
5930,686,1882124,9,1,1
5931,686,1882199,9,1,1
5932,686,1882573,9,1,1
5933,686,1882643,9,1,1
5934,686,1882708,9,11,11
5935,686,1882796,9,1,1
5936,686,1882930,6,1,1
5937,686,1882978,9,1,1
5938,686,1883086,9,1,1
5939,686,1883185,9,1,1
5940,686,1883191,9,1,1
5941,686,1883303,9,1,1
5942,686,1883334,9,1,1
5943,686,1883413,9,1,1
5944,686,1883460,9,1,1
5945,686,1883491,9,1,1
5946,686,1883524,9,1,1
5947,686,1883764,9,1,1
5948,686,1883950,9,1,1
5949,686,1884272,9,1,1
5950,686,1884312,9,1,1
5951,686,1884463,9,1,1
5952,686,1884610,9,1,1
5953,686,1884623,9,1,1
5954,686,1884712,9,1,1
5955,686,1884743,9,1,1
5956,686,1884933,9,1,1
5957,686,1885040,9,1,1
5958,686,1885047,9,1,1
5959,686,1885091,9,1,1
5960,686,1885509,9,1,1
5961,686,1885768,9,1,1
5962,686,1885988,9,1,1
5963,686,1886082,9,1,1
5964,686,1886142,9,1,1
5965,686,1886148,9,1,1
5966,686,1886804,9,1,1
5967,686,1887088,9,1,1
5968,686,1887197,9,1,1
5969,686,1887205,9,1,1
5970,686,1887231,9,1,1
5971,686,1887726,9,1,1
5972,686,1887769,9,1,1
5973,686,1887808,9,1,1
5974,686,1888247,9,1,1
5975,686,1888252,9,1,1
5976,686,1888334,9,1,1
5977,686,1888444,9,1,1
5978,686,1888557,9,2,2
5979,686,1888569,9,1,1
5980,686,1888772,9,2,2
5981,686,1889117,9,1,1
5982,686,1889193,9,1,1
5983,686,1889198,9,1,1
5984,686,1889270,9,1,1
5985,686,1889318,9,2,2
5986,686,1889319,9,1,1
5987,686,1889515,9,1,1
5988,686,1889540,9,1,1
5989,686,1889696,9,1,1
5990,686,1889776,9,2,2
5991,686,1889811,9,1,1
5992,686,1889866,9,1,1
5993,686,1889909,9,1,1
5994,686,1889994,9,1,1
5995,686,1890002,9,1,1
5996,686,1890026,9,1,1
5997,686,1890041,9,1,1
5998,686,1890431,9,1,1
5999,686,1890470,9,1,1
6000,686,1890503,9,1,1
6001,686,1890518,9,1,1
6002,686,1890751,9,1,1
6003,686,1890873,9,2,2
6004,686,1890886,9,1,1
6005,686,1891326,9,1,1
6006,686,1891822,9,1,1
6007,686,1892103,9,1,1
6008,686,1892294,9,1,1
6009,686,1892474,9,1,1
6010,686,1892476,9,1,1
6011,686,1892915,9,2,2
6012,686,1893050,9,1,1
6013,686,1893067,9,1,1
6014,686,1893079,9,1,1
6015,686,1893271,9,1,1
6016,686,1893309,9,1,1
6017,686,1893435,9,1,1
6018,686,1894701,9,1,1
6019,686,1895174,9,1,1
6020,686,1896142,9,1,1
6021,686,1897101,9,1,1
6022,686,1898322,7,1,1
6023,686,1899015,9,1,1
6024,686,1900955,9,1,1
6025,686,1901605,9,1,1
6026,686,1903289,9,1,1
6027,686,1903322,9,1,1
6028,686,1905177,9,1,1
6029,686,1905768,9,1,1
6030,686,1906040,9,1,1
6031,686,1907383,9,1,1
6032,686,1907980,9,1,1
6033,686,1909735,9,1,1
6034,686,1914963,9,1,1
6035,686,1916630,9,1,1
6036,686,1919779,9,1,1
6037,686,1921751,9,1,1
6038,686,1923159,9,1,1
6039,686,1926675,9,1,1
6040,686,1927110,9,1,1
6041,686,1927277,9,1,1
6042,686,1928918,9,1,1
6043,686,1932506,9,1,1
6044,686,1934488,9,1,1
6045,686,1941893,9,1,1
6046,686,1945220,9,1,1
6047,686,1946309,9,1,1
6048,686,1946391,9,1,1
6049,686,1950280,9,1,1
6050,686,1951217,9,1,1
6051,686,1960117,9,1,1
6052,686,1960531,9,1,1
6053,686,1964271,9,1,1
6054,686,1968474,9,1,1
6055,686,1968642,9,1,1
6056,686,1969174,9,1,1
6057,686,1972315,7,1,1
6058,686,1974757,9,1,1
6059,686,1977743,9,1,1
6060,686,1978313,9,1,1
6061,686,1980551,9,1,1
6062,686,1983388,9,1,1
6063,686,1983806,9,1,1
6064,686,1986571,9,1,1
6065,686,1987306,9,1,1
6066,686,1993778,9,1,1
6067,686,1994058,9,1,1
6068,686,1995912,9,1,1
6069,686,1998622,9,1,1
6070,686,1999502,9,1,1
6071,686,2000823,9,1,1
6072,686,2001280,9,1,1
6073,686,2006819,9,1,1
6074,686,2012336,9,1,1
6075,686,2015796,9,1,1
6076,686,2018296,9,1,1
6077,686,2019744,9,1,1
6078,686,2020009,9,1,1
6079,686,2022205,9,1,1
6080,686,2022525,9,1,1
6081,686,2022953,9,1,1
6082,686,2024002,9,1,1
6083,686,2024068,9,1,1
6084,686,2025596,9,1,1
6085,686,2026076,9,1,1
6086,686,2026821,9,1,1
6087,686,2035804,9,1,1
6088,686,2038381,9,1,1
6089,686,2055136,9,1,1
6090,686,2061888,9,1,1
6091,686,2062023,7,1,1
6092,686,2063461,9,1,1
6093,686,2067269,9,1,1
6094,686,2068695,9,1,1
6095,686,2074115,9,1,1
6096,686,2074852,7,1,1
6097,686,2075210,9,1,1
6098,686,2078585,9,1,1
6099,686,2080391,9,1,1
6100,686,2082620,9,1,1
6101,686,2088080,9,1,1
6102,686,2090919,9,1,1
6103,686,2092130,9,1,1
6104,686,2094861,9,1,1
6105,686,2100595,9,1,1
6106,686,2100793,9,1,1
6107,686,2101657,9,1,1
6108,686,2105768,9,1,1
6109,686,2108049,9,1,1
6110,686,2108304,9,1,1
6111,686,2111102,9,1,1
6112,686,2111121,9,1,1
6113,686,2111450,9,1,1
6114,686,2112396,9,1,1
6115,686,2115191,9,1,1
6116,686,2118581,9,1,1
6117,686,2119615,9,1,1
6118,686,2120774,9,1,1
6119,686,2122788,9,1,1
6120,686,2127100,9,1,1
6121,686,2129020,9,1,1
6122,686,2131433,9,1,1
6123,686,2132306,9,1,1
6124,686,2132571,9,1,1
6125,686,2132981,9,1,1
6126,686,2135427,9,1,1
6127,686,2137747,9,1,1
6128,686,2138824,9,1,1
6129,686,2149198,9,1,1
6130,686,2149250,9,1,1
6131,686,2149773,9,1,1
6132,686,2151642,9,1,1
6133,686,2152781,9,1,1
6134,686,2155735,9,1,1
6135,686,2159354,9,1,1
6136,686,2163503,9,1,1
6137,686,2166095,9,1,1
6138,686,2167338,7,1,1
6139,686,2170365,9,1,1
6140,686,2173204,9,1,1
6141,686,2176225,9,1,1
6142,686,2176658,9,1,1
6143,686,2181784,9,1,1
6144,686,2182235,9,1,1
6145,686,2185548,9,1,1
6146,686,2186998,9,1,1
6147,686,2187142,9,1,1
6148,686,2187841,9,1,1
6149,686,2188272,9,1,1
6150,686,2189137,9,1,1
6151,686,2190592,9,1,1
6152,686,2192425,9,1,1
6153,686,2194584,9,1,1
6154,686,2195823,9,1,1
6155,686,2196369,9,1,1
6156,686,2196868,9,1,1
6157,686,2198451,9,1,1
6158,686,2200737,9,1,1
6159,686,2207102,9,1,1
6160,686,2208800,9,1,1
6161,686,2208904,9,1,1
6162,686,2210018,9,1,1
6163,686,2215962,9,1,1
6164,686,2217621,9,1,1
6165,686,2219404,9,1,1
6166,686,2222505,9,1,1
6167,686,2224739,9,1,1
6168,686,2225504,9,1,1
6169,686,2225927,9,1,1
6170,686,2226124,9,1,1
6171,686,2227194,9,1,1
6172,686,2227716,9,1,1
6173,686,2228642,9,1,1
6174,686,2229374,9,1,1
6175,686,2234016,9,1,1
6176,686,2238354,9,1,1
6177,686,2239306,9,1,1
6178,686,2242727,9,1,1
6179,686,2243423,9,1,1
6180,686,2244214,9,1,1
6181,686,2245626,9,1,1
6182,686,2251564,9,1,1
6183,686,2253673,9,1,1
6184,686,2255090,9,1,1
6185,686,2255750,9,1,1
6186,686,2256244,9,1,1
6187,686,2256772,9,1,1
6188,686,2256885,9,1,1
6189,686,2257255,9,1,1
6190,686,2260442,9,1,1
6191,686,2261277,9,1,1
6192,686,2261530,9,1,1
6193,686,2266297,9,1,1
6194,686,2266324,9,1,1
6195,686,2266553,9,1,1
6196,686,2268237,9,1,1
6197,686,2269872,9,1,1
6198,686,2270835,9,1,1
6199,686,2272583,9,1,1
6200,686,2273891,9,1,1
6201,686,2274160,9,1,1
6202,686,2275142,9,1,1
6203,686,2275713,9,1,1
6204,686,2276464,9,1,1
6205,686,2278176,9,1,1
6206,686,2280388,9,1,1
6207,686,2282060,9,1,1
6208,686,2282317,9,1,1
6209,686,2283637,9,1,1
6210,686,2283860,9,1,1
6211,686,2284699,9,1,1
6212,686,2284887,9,1,1
6213,686,2285778,9,1,1
6214,686,2287618,9,1,1
6215,686,2290037,9,1,1
6216,686,2290826,9,1,1
6217,686,2291273,9,1,1
6218,686,2293562,9,1,1
6219,686,2294158,9,1,1
6220,686,2295675,9,1,1
6221,686,2296254,9,1,1
6222,686,2296461,9,1,1
6223,686,2296840,9,1,1
6224,686,2298893,9,1,1
6225,686,2302626,9,1,1
6226,686,2302920,9,1,1
6227,686,2305131,9,1,1
6228,686,2305314,9,1,1
6229,686,2306454,9,1,1
6230,686,2306908,9,1,1
6231,686,2306980,9,1,1
6232,686,2307277,9,1,1
6233,686,2307836,9,1,1
6234,686,2309382,9,1,1
6235,686,2311431,9,1,1
6236,686,2312316,9,1,1
6237,686,2312477,9,1,1
6238,686,2313395,9,1,1
6239,686,2315045,9,1,1
6240,686,2315950,9,1,1
6241,686,2317583,9,1,1
6242,686,2317598,9,1,1
6243,686,2319963,9,1,1
6244,686,2320182,9,1,1
6245,686,2320235,9,1,1
6246,686,2321696,9,1,1
6247,686,2322721,9,1,1
6248,686,2323395,9,1,1
6249,686,2324037,7,1,1
6250,686,2324861,9,1,1
6251,686,2326260,9,1,1
6252,686,2326689,9,1,1
6253,686,2327765,9,1,1
6254,686,2327805,9,1,1
6255,686,2328304,9,1,1
6256,686,2328387,9,1,1
6257,686,2329845,9,1,1
6258,686,2330883,9,1,1
6259,686,2333028,9,1,1
6260,686,2333307,9,1,1
6261,686,2333320,9,1,1
6262,686,2337446,9,1,1
6263,686,2337991,9,1,1
6264,686,2339351,9,1,1
6265,686,2339539,9,1,1
6266,686,2343111,9,1,1
6267,686,2343660,9,1,1
6268,686,2344155,9,1,1
6269,686,2347005,9,1,1
6270,686,2347573,9,1,1
6271,686,2348124,9,1,1
6272,686,2349779,9,1,1
6273,686,2352518,9,1,1
6274,686,2352574,9,1,1
6275,686,2354992,9,1,1
6276,686,2356962,9,1,1
6277,686,2357575,9,1,1
6278,686,2359026,9,1,1
6279,686,2362056,9,1,1
6280,686,2362060,9,1,1
6281,686,2362554,9,1,1
6282,686,2363600,9,1,1
6283,686,2364433,9,1,1
6284,686,2365549,9,1,1
6285,686,2366620,9,1,1
6286,686,2366715,9,1,1
6287,686,2366849,9,1,1
6288,686,2367818,9,1,1
6289,686,2367874,9,1,1
6290,686,2368754,9,1,1
6291,686,2369278,9,1,1
6292,686,2369399,9,1,1
6293,686,2370118,9,1,1
6294,686,2371526,9,1,1
6295,686,2372414,9,1,1
6296,686,2375779,9,1,1
6297,686,2376749,9,1,1
6298,686,2377033,9,1,1
6299,686,2377505,9,1,1
6300,686,2380259,9,1,1
6301,686,2381723,9,1,1
6302,686,2381916,9,1,1
6303,686,2384612,9,1,1
6304,686,2385025,9,1,1
6305,686,2386413,9,1,1
6306,686,2387605,9,1,1
6307,686,2390279,7,1,1
6308,686,2391242,9,1,1
6309,686,2392974,9,1,1
6310,686,2394938,9,1,1
6311,686,2395843,9,1,1
6312,686,2397210,9,1,1
6313,686,2400668,9,1,1
6314,686,2400821,7,1,1
6315,686,2401117,9,1,1
6316,686,2405347,9,1,1
6317,686,2405393,9,1,1
6318,686,2406183,9,1,1
6319,686,2407133,9,1,1
6320,686,2407614,9,1,1
6321,686,2409014,9,1,1
6322,686,2409590,9,1,1
6323,686,2409833,9,1,1
6324,686,2410296,9,1,1
6325,686,2414351,9,1,1
6326,686,2414472,9,1,1
6327,686,2414704,9,1,1
6328,686,2416773,9,1,1
6329,686,2417507,9,1,1
6330,686,2417572,9,1,1
6331,686,2417876,9,1,1
6332,686,2424213,9,1,1
6333,686,2424690,9,1,1
6334,686,2425410,9,1,1
6335,686,2425589,9,1,1
6336,686,2426087,9,1,1
6337,686,2427011,9,1,1
6338,686,2427508,9,1,1
6339,686,2428023,9,1,1
6340,686,2428191,9,1,1
6341,686,2429165,7,1,1
6342,686,2429626,9,1,1
6343,686,2430924,9,1,1
6344,686,2431501,9,1,1
6345,686,2432418,9,1,1
6346,686,2435344,9,1,1
6347,686,2435891,9,1,1
6348,686,2436893,9,1,1
6349,686,2437505,9,1,1
6350,686,2438620,9,1,1
6351,686,2439406,9,1,1
6352,686,2439407,9,1,1
6353,686,2440371,9,1,1
6354,686,2441850,9,1,1
6355,686,2442028,9,1,1
6356,686,2442775,9,1,1
6357,686,2443214,9,1,1
6358,686,2445287,9,1,1
6359,686,2445487,9,1,1
6360,686,2447767,9,1,1
6361,686,2448246,9,1,1
6362,686,2448970,9,1,1
6363,686,2449959,9,1,1
6364,686,2450138,9,1,1
6365,686,2451449,9,1,1
6366,686,2451599,9,1,1
6367,686,2454877,9,1,1
6368,686,2456016,9,1,1
6369,686,2456900,9,1,1
6370,686,2457588,9,1,1
6371,686,2457701,9,1,1
6372,686,2457867,9,1,1
6373,686,2458116,9,1,1
6374,686,2459089,9,1,1
6375,686,2460050,9,1,1
6376,686,2460868,9,1,1
6377,686,2461596,9,1,1
6378,686,2463074,9,1,1
6379,686,2464097,9,1,1
6380,686,2465071,9,1,1
6381,686,2466151,9,1,1
6382,686,2468598,9,1,1
6383,686,2472157,9,1,1
6384,686,2472564,9,1,1
6385,686,2472812,9,1,1
6386,686,2473681,9,1,1
6387,686,2473726,9,1,1
6388,686,2474265,9,1,1
6389,686,2476010,9,1,1
6390,686,2476311,9,1,1
6391,686,2478122,9,1,1
6392,686,2478317,9,1,1
6393,686,2479663,9,1,1
6394,686,2479949,9,1,1
6395,686,2480600,9,1,1
6396,686,2481210,7,1,1
6397,686,2484798,9,1,1
6398,686,2484923,9,1,1
6399,686,2487379,9,1,1
6400,686,2487807,9,1,1
6401,686,2488242,9,1,1
6402,686,2488965,9,1,1
6403,686,2491154,9,1,1
6404,686,2492431,9,1,1
6405,686,2493816,9,1,1
6406,686,2494529,9,1,1
6407,686,2495232,9,1,1
6408,686,2496242,9,1,1
6409,686,2497989,9,1,1
6410,686,2502518,9,1,1
6411,686,2503298,9,1,1
6412,686,2505439,9,1,1
6413,686,2507883,9,1,1
6414,686,2508065,9,1,1
6415,686,2509120,9,1,1
6416,686,2509968,9,1,1
6417,686,2510084,9,1,1
6418,686,2511873,9,1,1
6419,686,2512182,9,1,1
6420,686,2513047,9,1,1
6421,686,2514228,9,1,1
6422,686,2514286,9,1,1
6423,686,2515081,9,1,1
6424,686,2516889,9,1,1
6425,686,2517818,9,1,1
6426,686,2518123,9,1,1
6427,686,2518805,9,1,1
6428,686,2519822,9,1,1
6429,686,2520127,9,1,1
6430,686,2522667,9,1,1
6431,686,2524396,9,1,1
6432,686,2524666,9,1,1
6433,686,2525133,9,1,1
6434,686,2525482,9,1,1
6435,686,2527740,9,1,1
6436,686,2528779,9,1,1
6437,686,2529792,9,1,1
6438,686,2530207,9,1,1
6439,686,2533597,9,1,1
6440,686,2534812,9,1,1
6441,686,2535029,9,1,1
6442,686,2536023,7,1,1
6443,686,2536182,9,1,1
6444,686,2536868,7,1,1
6445,686,2537842,9,1,1
6446,686,2538273,9,1,1
6447,686,2539465,9,1,1
6448,686,2540094,9,1,1
6449,686,2541405,9,1,1
6450,686,2541592,9,1,1
6451,686,2541910,9,1,1
6452,686,2543050,9,1,1
6453,686,2544214,9,1,1
6454,686,2545015,9,1,1
6455,686,2548595,9,1,1
6456,686,2548730,9,1,1
6457,686,2550050,9,1,1
6458,686,2550290,9,1,1
6459,686,2551143,9,1,1
6460,686,2552617,9,1,1
6461,686,2552879,9,1,1
6462,686,2555718,9,1,1
6463,686,2557584,9,1,1
6464,686,2559401,9,1,1
6465,686,2559548,9,1,1
6466,686,2559774,9,1,1
6467,686,2559962,9,1,1
6468,686,2561077,9,1,1
6469,686,2561090,9,1,1
6470,686,2561156,9,1,1
6471,686,2563402,9,1,1
6472,686,2563478,9,1,1
6473,686,2563616,9,1,1
6474,686,2563617,9,1,1
6475,686,2564134,9,1,1
6476,686,2565323,9,1,1
6477,686,2565974,9,1,1
6478,686,2565996,9,1,1
6479,686,2566543,9,1,1
6480,686,2568083,9,1,1
6481,686,2568731,9,1,1
6482,686,2570123,9,1,1
6483,686,2570329,9,1,1
6484,686,2571561,9,1,1
6485,686,2571779,9,1,1
6486,686,2573446,9,1,1
6487,686,2574321,9,1,1
6488,686,2574737,9,1,1
6489,686,2576321,9,1,1
6490,686,2576694,9,1,1
6491,686,2576921,9,1,1
6492,686,2577039,9,1,1
6493,686,2577417,9,1,1
6494,686,2577814,9,1,1
6495,686,2578865,9,1,1
6496,686,2580371,9,1,1
6497,686,2580677,9,1,1
6498,686,2580778,9,1,1
6499,686,2581034,9,1,1
6500,686,2584633,9,1,1
6501,686,2585877,9,1,1
6502,686,2587044,9,1,1
6503,686,2587209,9,1,1
6504,686,2587961,9,1,1
6505,686,2588165,9,1,1
6506,686,2588796,9,1,1
6507,686,2589265,9,1,1
6508,686,2589320,9,1,1
6509,686,2589931,9,1,1
6510,686,2590753,9,1,1
6511,686,2594682,9,1,1
6512,686,2597122,9,1,1
6513,686,2597134,9,1,1
6514,686,2597420,9,1,1
6515,686,2597660,9,1,1
6516,686,2598103,9,1,1
6517,686,2598335,9,1,1
6518,686,2598872,9,1,1
6519,686,2599152,9,1,1
6520,686,2599551,9,1,1
6521,686,2600609,9,1,1
6522,686,2604212,9,1,1
6523,686,2604428,9,1,1
6524,686,2604932,9,1,1
6525,686,2605696,9,1,1
6526,686,2606493,9,1,1
6527,686,2607982,9,1,1
6528,686,2609345,9,1,1
6529,686,2610009,9,1,1
6530,686,2612592,9,1,1
6531,686,2613082,9,1,1
6532,686,2614062,9,1,1
6533,686,2614562,9,1,1
6534,686,2615780,9,1,1
6535,686,2616472,9,1,1
6536,686,2616646,9,1,1
6537,686,2618092,9,1,1
6538,686,2622844,9,1,1
6539,686,2624573,9,1,1
6540,686,2626918,9,1,1
6541,686,2627889,9,1,1
6542,686,2628319,9,1,1
6543,686,2629188,9,1,1
6544,686,2630119,9,1,1
6545,686,2630730,9,1,1
6546,686,2630747,9,1,1
6547,686,2631019,9,1,1
6548,686,2631633,9,1,1
6549,686,2633303,9,1,1
6550,686,2634546,9,1,1
6551,686,2635876,9,1,1
6552,686,2638352,9,1,1
6553,686,2639969,9,1,1
6554,686,2640937,9,1,1
6555,686,2641521,9,1,1
6556,686,2641848,9,1,1
6557,686,2644404,9,1,1
6558,686,2644422,9,1,1
6559,686,2646055,9,1,1
6560,686,2646463,9,1,1
6561,686,2650548,9,1,1
6562,686,2651893,9,1,1
6563,686,2652488,9,1,1
6564,686,2652721,9,1,1
6565,686,2653362,9,1,1
6566,686,2654169,9,1,1
6567,686,2657222,9,1,1
6568,686,2658751,9,1,1
6569,686,2659428,9,1,1
6570,686,2660449,9,1,1
6571,686,2660843,9,1,1
6572,686,2662082,9,1,1
6573,686,2663627,9,1,1
6574,686,2663787,9,1,1
6575,686,2663878,9,1,1
6576,686,2666077,9,1,1
6577,686,2668138,9,1,1
6578,686,2668945,9,1,1
6579,686,2669309,9,1,1
6580,686,2669753,9,1,1
6581,686,2670023,9,1,1
6582,686,2671042,9,1,1
6583,686,2671276,9,1,1
6584,686,2671349,9,1,1
6585,686,2672359,9,1,1
6586,686,2673096,9,1,1
6587,686,2674365,9,1,1
6588,686,2674991,9,1,1
6589,686,2676707,9,1,1
6590,686,2679238,9,1,1
6591,686,2679964,9,1,1
6592,686,2680227,9,1,1
6593,686,2681665,9,1,1
6594,686,2681678,9,1,1
6595,686,2682162,9,1,1
6596,686,2683699,9,1,1
6597,686,2686135,9,1,1
6598,686,2686761,9,1,1
6599,686,2686778,9,1,1
6600,686,2686926,9,1,1
6601,686,2687311,9,1,1
6602,686,2688548,9,1,1
6603,686,2692440,9,1,1
6604,686,2692994,9,1,1
6605,686,2693068,9,1,1
6606,686,2695735,9,1,1
6607,686,2695871,9,1,1
6608,6513,2695871,3,1,1
6609,686,2697128,9,1,1
6610,686,2697212,9,1,1
6611,686,2698888,9,1,1
6612,686,2699109,9,1,1
6613,686,2699118,9,1,1
6614,686,2699146,9,1,1
6615,686,2700508,9,1,1
6616,686,2702491,9,1,1
6617,686,2703152,9,1,1
6618,686,2704879,9,1,1
6619,686,2707300,9,1,1
6620,686,2707891,9,1,1
6621,686,2708679,9,1,1
6622,686,2709321,9,1,1
6623,686,2710241,9,1,1
6624,686,2710939,9,1,1
6625,686,2714731,9,1,1
6626,686,2714800,9,1,1
6627,686,2716007,9,1,1
6628,686,2716466,9,1,1
6629,686,2717564,9,1,1
6630,686,2718400,9,1,1
6631,686,2718613,9,1,1
6632,686,2718968,9,1,1
6633,686,2722911,9,1,1
6634,686,2723019,9,1,1
6635,686,2723194,9,1,1
6636,686,2724107,9,1,1
6637,686,2724321,9,1,1
6638,686,2724562,9,1,1
6639,686,2725361,9,1,1
6640,686,2725915,9,1,1
6641,686,2726017,9,1,1
6642,686,2726548,9,1,1
6643,686,2728552,9,1,1
6644,686,2730230,9,1,1
6645,686,2731192,9,1,1
6646,686,2733123,9,1,1
6647,686,2733317,9,1,1
6648,686,2733832,9,1,1
6649,686,2734515,9,1,1
6650,686,2736700,9,1,1
6651,686,2736722,9,1,1
6652,686,2737404,9,1,1
6653,686,2738291,9,1,1
6654,686,2738392,9,1,1
6655,686,2740175,9,1,1
6656,686,2742718,9,1,1
6657,686,2745096,9,1,1
6658,686,2745241,9,1,1
6659,686,2745836,9,1,1
6660,686,2746688,9,1,1
6661,686,2748544,9,1,1
6662,686,2748953,9,1,1
6663,686,2750521,9,1,1
6664,686,2751130,9,1,1
6665,686,2752025,9,1,1
6666,686,2752175,9,1,1
6667,686,2752549,9,1,1
6668,686,2752738,9,1,1
6669,686,2753141,9,1,1
6670,686,2754220,9,1,1
6671,686,2754783,9,1,1
6672,686,2755091,9,1,1
6673,686,2756314,9,1,1
6674,686,2756538,9,1,1
6675,686,2756644,9,1,1
6676,686,2757582,9,1,1
6677,686,2757702,9,1,1
6678,686,2757758,9,1,1
6679,686,2757972,9,1,1
6680,686,2758292,9,1,1
6681,686,2758870,9,1,1
6682,686,2759308,9,1,1
6683,686,2760314,9,1,1
6684,686,2761196,9,1,1
6685,686,2762691,9,1,1
6686,686,2764117,9,1,1
6687,686,2764259,9,1,1
6688,686,2764813,9,1,1
6689,686,2767410,9,1,1
6690,686,2767888,9,1,1
6691,686,2768313,9,1,1
6692,686,2768623,9,1,1
6693,686,2769356,9,1,1
6694,686,2769398,9,1,1
6695,686,2769746,9,1,1
6696,686,2769854,9,1,1
6697,686,2773144,9,1,1
6698,686,2774350,9,1,1
6699,686,2774893,9,1,1
6700,686,2776076,9,1,1
6701,686,2776422,9,1,1
6702,686,2776425,9,1,1
6703,686,2777715,9,1,1
6704,686,2778074,9,1,1
6705,686,2778407,9,1,1
6706,686,2778957,9,1,1
6707,686,2779665,9,1,1
6708,686,2780208,9,1,1
6709,686,2785260,9,1,1
6710,686,2785483,9,1,1
6711,686,2786414,9,1,1
6712,686,2786680,9,1,1
6713,686,2788211,7,1,1
6714,686,2789371,9,1,1
6715,686,2790003,9,1,1
6716,686,2790685,9,1,1
6717,686,2790937,9,1,1
6718,686,2792132,9,1,1
6719,686,2792687,9,1,1
6720,686,2792760,9,1,1
6721,686,2793647,9,1,1
6722,686,2794110,9,1,1
6723,686,2796871,9,1,1
6724,686,2797468,9,1,1
6725,686,2797523,9,1,1
6726,686,2798258,9,1,1
6727,686,2800329,9,1,1
6728,686,2803254,9,1,1
6729,686,2804020,9,1,1
6730,686,2804057,9,1,1
6731,686,2804695,9,1,1
6732,686,2805266,9,1,1
6733,686,2806024,9,1,1
6734,686,2809943,9,1,1
6735,686,2810882,9,1,1
6736,686,2811086,9,1,1
6737,686,2811333,9,1,1
6738,686,2812340,9,1,1
6739,686,2812645,9,1,1
6740,686,2815193,9,1,1
6741,686,2815351,9,1,1
6742,686,2815575,9,1,1
6743,686,2816595,9,1,1
6744,686,2818635,9,1,1
6745,686,2818925,9,1,1
6746,686,2820297,9,1,1
6747,686,2821327,9,1,1
6748,686,2821953,9,1,1
6749,686,2822045,9,1,1
6750,686,2822360,9,1,1
6751,686,2822408,9,1,1
6752,686,2824396,9,1,1
6753,686,2826586,9,1,1
6754,686,2826942,9,1,1
6755,686,2827045,9,1,1
6756,686,2827203,9,1,1
6757,686,2827452,9,1,1
6758,686,2828127,9,1,1
6759,686,2831309,9,1,1
6760,686,2831546,9,1,1
6761,686,2831839,9,1,1
6762,686,2832273,9,1,1
6763,686,2834706,9,1,1
6764,686,2835321,9,1,1
6765,686,2837881,9,1,1
6766,686,2841390,9,1,1
6767,686,2845291,9,1,1
6768,686,2847087,9,1,1
6769,686,2849195,9,1,1
6770,686,2849209,9,1,1
6771,686,2851010,9,1,1
6772,686,2851429,9,1,1
6773,686,2851493,9,1,1
6774,686,2856674,9,1,1
6775,686,2861409,9,1,1
6776,686,2862211,9,1,1
6777,686,2862868,9,1,1
6778,686,2863818,9,1,1
6779,686,2864414,9,1,1
6780,686,2864452,9,1,1
6781,686,2864986,9,1,1
6782,686,2866339,9,1,1
6783,686,2867297,9,1,1
6784,686,2867554,9,1,1
6785,686,2871106,9,1,1
6786,686,2874547,9,1,1
6787,686,2876284,9,1,1
6788,686,2876546,5,1,1
6789,686,2878030,9,1,1
6790,686,2879501,9,1,1
6791,686,2880481,9,1,1
6792,686,2881509,9,1,1
6793,686,2882695,9,1,1
6794,686,2884654,9,1,1
6795,686,2885054,9,1,1
6796,686,2887253,9,1,1
6797,686,2887287,9,1,1
6798,686,2889953,9,1,1
6799,686,2890810,9,1,1
6800,686,2892977,9,1,1
6801,686,2893010,9,1,1
6802,686,2893591,9,1,1
6803,686,2894787,9,1,1
6804,686,2895622,7,1,1
6805,686,2895684,9,1,1
6806,686,2895737,9,1,1
6807,686,2896842,9,1,1
6808,686,2898403,9,1,1
6809,686,2898623,9,1,1
6810,686,2899851,9,1,1
6811,686,2900123,9,1,1
6812,686,2900515,9,1,1
6813,686,2901324,9,1,1
6814,686,2903321,9,1,1
6815,686,2903864,9,1,1
6816,686,2904711,9,1,1
6817,686,2904808,9,1,1
6818,686,2905768,9,1,1
6819,686,2905868,9,1,1
6820,686,2906214,9,1,1
6821,686,2907547,9,1,1
6822,686,2907562,9,1,1
6823,686,2907846,9,1,1
6824,686,2908492,9,1,1
6825,686,2909945,9,1,1
6826,686,2910691,9,1,1
6827,686,2911050,9,1,1
6828,686,2911538,9,1,1
6829,686,2912210,9,1,1
6830,686,2912781,9,1,1
6831,686,2914659,9,1,1
6832,686,2916951,9,1,1
6833,686,2917283,9,1,1
6834,686,2918636,9,1,1
6835,686,2919108,9,1,1
6836,686,2919695,9,1,1
6837,686,2922053,9,1,1
6838,686,2922346,9,1,1
6839,686,2923605,9,1,1
6840,686,2923846,9,1,1
6841,686,2924917,9,1,1
6842,686,2926323,9,1,1
6843,686,2930183,9,1,1
6844,686,2930299,9,1,1
6845,686,2930651,9,1,1
6846,686,2930787,9,1,1
6847,686,2931419,9,1,1
6848,686,2932306,9,1,1
6849,686,2932320,9,1,1
6850,686,2933011,9,1,1
6851,686,2933063,9,1,1
6852,686,2933737,9,1,1
6853,686,2933958,9,1,1
6854,686,2934319,9,1,1
6855,686,2934891,9,1,1
6856,686,2935064,9,1,1
6857,686,2936334,9,1,1
6858,686,2936784,9,1,1
6859,686,2936937,9,1,1
6860,686,2938328,9,1,1
6861,686,2938331,9,1,1
6862,686,2938425,9,1,1
6863,686,2938564,9,1,1
6864,686,2939061,9,1,1
6865,686,2939320,9,1,1
6866,686,2939546,9,1,1
6867,686,2939597,9,1,1
6868,686,2940375,9,1,1
6869,686,2941111,9,1,1
6870,686,2941595,9,1,1
6871,686,2942601,9,1,1
6872,686,2944384,9,1,1
6873,686,2944631,9,1,1
6874,686,2946257,7,1,1
6875,686,2946773,9,1,1
6876,686,2947161,9,1,1
6877,686,2947289,9,1,1
6878,686,2947380,9,1,1
6879,686,2949418,9,1,1
6880,686,2949534,9,1,1
6881,686,2949861,9,1,1
6882,686,2950941,9,1,1
6883,686,2951290,9,1,1
6884,686,2952363,9,1,1
6885,686,2953263,9,1,1
6886,686,2953347,9,1,1
6887,686,2953472,9,1,1
6888,686,2953627,9,1,1
6889,686,2953895,9,1,1
6890,686,2954116,9,1,1
6891,686,2954522,9,1,1
6892,686,2954815,9,1,1
6893,686,2954852,9,1,1
6894,686,2955809,9,1,1
6895,686,2956397,9,1,1
6896,686,2957511,9,1,1
6897,686,2957793,9,1,1
6898,686,2957899,9,1,1
6899,686,2959529,9,1,1
6900,686,2960189,9,1,1
6901,686,2960201,9,1,1
6902,686,2960588,9,1,1
6903,686,2961228,9,1,1
6904,686,2961602,9,1,1
6905,686,2962296,9,1,1
6906,686,2962765,9,1,1
6907,686,2962966,9,1,1
6908,686,2962987,9,1,1
6909,686,2963551,9,1,1
6910,686,2963623,9,1,1
6911,686,2963863,9,1,1
6912,686,2964283,9,1,1
6913,686,2964921,9,1,1
6914,686,2965055,9,1,1
6915,686,2965744,9,1,1
6916,686,2966051,9,1,1
6917,686,2966229,9,1,1
6918,686,2966364,9,1,1
6919,686,2966985,9,1,1
6920,686,2967056,9,1,1
6921,686,2967621,9,1,1
6922,686,2967692,9,1,1
6923,686,2968672,9,1,1
6924,686,2969048,9,1,1
6925,686,2969607,9,1,1
6926,686,2970496,9,1,1
6927,686,2970705,9,1,1
6928,686,2971228,9,1,1
6929,686,2971489,9,1,1
6930,686,2971718,9,1,1
6931,686,2973290,9,1,1
6932,686,2974012,7,1,1
6933,686,2974380,9,1,1
6934,686,2975378,9,1,1
6935,686,2976268,9,1,1
6936,686,2976659,9,1,1
6937,686,2977504,9,1,1
6938,686,2977521,9,1,1
6939,686,2977775,9,1,1
6940,686,2977941,9,1,1
6941,686,2978260,9,1,1
6942,686,2978357,9,1,1
6943,686,2978424,9,1,1
6944,686,2978662,9,1,1
6945,686,2978829,9,1,1
6946,686,2979049,9,1,1
6947,686,2979656,9,1,1
6948,686,2980546,9,1,1
6949,686,2980853,9,1,1
6950,686,2981286,9,1,1
6951,686,2982785,9,1,1
6952,686,2983132,9,1,1
6953,686,2983370,9,1,1
6954,686,2983754,9,1,1
6955,686,2984374,9,1,1
6956,686,2984939,9,1,1
6957,686,2985753,9,1,1
6958,686,2986109,9,1,1
6959,686,2986172,9,1,1
6960,686,2986406,9,1,1
6961,686,2986495,9,1,1
6962,686,2986823,9,1,1
6963,686,2987037,9,1,1
6964,686,2987670,9,1,1
6965,686,2987843,9,1,1
6966,686,2988390,9,1,1
6967,686,2989067,9,1,1
6968,686,2989262,9,1,1
6969,686,2989412,9,1,1
6970,686,2989939,9,1,1
6971,686,2990037,9,1,1
6972,686,2991497,9,1,1
6973,686,2991861,9,1,1
6974,686,2991965,9,1,1
6975,686,2992016,9,1,1
6976,686,2992581,9,1,1
6977,686,2993035,6,1,1
6978,686,2993499,9,1,1
6979,686,2993990,9,1,1
6980,686,2996226,9,1,1
6981,686,2998331,9,1,1
6982,686,2999010,9,1,1
6983,686,2999270,9,1,1
6984,686,2999335,9,1,1
6985,686,2999648,9,1,1
6986,686,3000182,9,1,1
6987,686,3001215,9,1,1
6988,686,3001707,9,1,1
6989,686,3002989,9,1,1
6990,11292,3002989,3,1,1
6991,686,3003789,9,1,1
6992,686,3004578,9,1,1
6993,686,3006340,9,1,1
6994,686,3007521,9,1,1
6995,686,3007688,9,1,1
6996,686,3008417,9,1,1
6997,686,3009331,9,1,1
6998,686,3009486,9,1,1
6999,686,3009968,9,1,1
7000,686,3010033,9,1,1
7001,686,3010713,9,1,1
7002,686,3011298,9,1,1
7003,686,3011916,8,1,1
7004,686,3013222,9,1,1
7005,686,3013428,9,1,1
7006,686,3013828,9,1,1
7007,686,3014468,9,1,1
7008,686,3015018,9,1,1
7009,686,3016203,9,1,1
7010,686,3016261,9,1,1
7011,686,3016283,9,1,1
7012,686,3016656,9,1,1
7013,686,3017898,9,1,1
7014,686,3018344,9,1,1
7015,686,3019136,9,1,1
7016,686,3019273,9,1,1
7017,686,3019280,9,1,1
7018,686,3020183,9,1,1
7019,686,3020198,9,1,1
7020,686,3020273,9,1,1
7021,686,3021159,9,1,1
7022,686,3022809,9,1,1
7023,686,3023040,9,1,1
7024,686,3023400,9,1,1
7025,686,3023818,9,1,1
7026,686,3023928,9,1,1
7027,686,3024724,9,1,1
7028,686,3025331,9,1,1
7029,686,3027544,9,1,1
7030,686,3028172,9,1,1
7031,686,3028407,9,1,1
7032,686,3030843,9,1,1
7033,686,3032236,9,1,1
7034,686,3032237,9,1,1
7035,686,3032781,9,1,1
7036,686,3032798,9,1,1
7037,686,3032826,9,1,1
7038,686,3032831,9,1,1
7039,686,3032871,9,1,1
7040,686,3033608,9,1,1
7041,686,3033638,9,1,1
7042,686,3033679,9,1,1
7043,686,3034768,9,1,1
7044,686,3035089,9,1,1
7045,686,3035734,9,1,1
7046,686,3036732,9,1,1
7047,686,3037428,9,1,1
7048,686,3040402,9,1,1
7049,686,3041446,9,1,1
7050,686,3041983,9,1,1
7051,686,3042707,9,1,1
7052,686,3043523,9,1,1
7053,686,3043872,9,1,1
7054,686,3043953,9,1,1
7055,686,3044138,9,1,1
7056,686,3044199,9,1,1
7057,686,3044831,9,1,1
7058,686,3045813,9,1,1
7059,686,3046149,9,1,1
7060,686,3047354,9,1,1
7061,686,3047374,9,1,1
7062,686,3047411,9,1,1
7063,686,3047680,9,1,1
7064,686,3048530,9,1,1
7065,686,3048657,9,1,1
7066,686,3048736,9,1,1
7067,686,3050288,9,1,1
7068,686,3051109,9,1,1
7069,686,3052690,9,1,1
7070,686,3056030,9,1,1
7071,686,3056247,9,1,1
7072,686,3056362,9,1,1
7073,686,3056407,9,1,1
7074,686,3056537,9,1,1
7075,686,3056542,9,1,1
7076,686,3056745,9,1,1
7077,686,3056916,9,1,1
7078,686,3058140,9,1,1
7079,686,3058456,9,1,1
7080,686,3058758,9,1,1
7081,686,3059921,9,1,1
7082,686,3060133,9,1,1
7083,686,3060335,9,1,1
7084,686,3060408,9,1,1
7085,686,3061219,9,1,1
7086,686,3061372,9,1,1
7087,686,3063217,9,1,1
7088,686,3064374,9,1,1
7089,686,3064740,9,1,1
7090,686,3065516,9,1,1
7091,686,3066067,9,1,1
7092,686,3066189,9,1,1
7093,686,3066717,9,1,1
7094,686,3066790,9,1,1
7095,686,3067052,9,1,1
7096,686,3067127,9,1,1
7097,686,3067366,9,1,1
7098,686,3068848,9,1,1
7099,686,3069267,9,1,1
7100,686,3070215,9,1,1
7101,686,3070348,9,1,1
7102,686,3072138,9,1,1
7103,686,3072604,9,1,1
7104,686,3075156,9,1,1
7105,686,3075368,9,1,1
7106,686,3075499,9,1,1
7107,686,3075909,9,1,1
7108,686,3077589,9,1,1
7109,686,3078658,9,1,1
7110,686,3078670,9,1,1
7111,686,3079099,9,1,1
7112,686,3079672,9,1,1
7113,686,3080378,9,1,1
7114,686,3080459,9,1,1
7115,686,3080658,9,1,1
7116,686,3081297,9,1,1
7117,686,3085735,9,1,1
7118,686,3086483,9,1,1
7119,686,3087116,9,1,1
7120,686,3088786,9,1,1
7121,686,3089312,9,1,1
7122,686,3090550,9,1,1
7123,686,3090589,9,1,1
7124,686,3091491,8,1,1
7125,686,3092404,9,1,1
7126,686,3093440,9,1,1
7127,686,3094668,9,1,1
7128,686,3094778,9,1,1
7129,686,3095990,9,1,1
7130,686,3097676,9,1,1
7131,686,3098499,9,1,1
7132,686,3098601,9,1,1
7133,686,3099085,9,1,1
7134,686,3099105,9,1,1
7135,686,3099370,9,1,1
7136,686,3099650,9,1,1
7137,686,3100143,9,1,1
7138,686,3100610,6,1,1
7139,686,3101362,9,1,1
7140,686,3101970,9,1,1
7141,686,3101983,9,1,1
7142,686,3103622,9,1,1
7143,686,3103736,9,1,1
7144,686,3104046,9,1,1
7145,21991,3104046,3,1,1
7146,686,3104336,9,1,1
7147,686,3104543,9,1,1
7148,686,3104941,9,1,1
7149,686,3105489,9,1,1
7150,686,3105510,9,1,1
7151,686,3106861,9,1,1
7152,686,3107470,9,1,1
7153,686,3107929,9,1,1
7154,686,3109882,9,1,1
7155,686,3111789,9,1,1
7156,686,3112421,9,1,1
7157,686,3115927,9,1,1
7158,686,3116829,9,1,1
7159,686,3117070,9,1,1
7160,686,3117451,9,1,1
7161,686,3118263,9,1,1
7162,686,3118582,9,1,1
7163,686,3118820,9,1,1
7164,686,3118849,9,1,1
7165,686,3119065,9,1,1
7166,686,3119384,9,1,1
7167,686,3119413,9,1,1
7168,686,3120901,9,1,1
7169,686,3121417,9,1,1
7170,686,3121581,9,1,1
7171,686,3121878,9,1,1
7172,686,3124414,9,1,1
7173,686,3124419,9,1,1
7174,686,3125229,9,1,1
7175,686,3125357,9,1,1
7176,686,3125998,9,1,1
7177,686,3126556,9,1,1
7178,686,3126823,9,1,1
7179,686,3126982,9,1,1
7180,686,3127484,9,1,1
7181,686,3128323,9,1,1
7182,686,3128389,9,1,1
7183,686,3128777,9,1,1
7184,686,3128780,9,1,1
7185,686,3129290,9,1,1
7186,686,3129397,9,1,1
7187,686,3130159,9,1,1
7188,686,3130250,9,1,1
7189,686,3130494,9,1,1
7190,686,3131011,9,1,1
7191,686,3131832,9,1,1
7192,686,3132040,9,1,1
7193,686,3132512,9,1,1
7194,686,3134272,9,1,1
7195,686,3134738,9,1,1
7196,686,3134807,9,1,1
7197,686,3135211,9,1,1
7198,686,3135488,9,1,1
7199,686,3136007,9,1,1
7200,686,3136603,9,1,1
7201,686,3136804,9,1,1
7202,686,3137563,9,1,1
7203,686,3137815,9,1,1
7204,686,3138453,9,1,1
7205,686,3139553,9,1,1
7206,686,3139675,9,1,1
7207,686,3140263,9,1,1
7208,686,3141520,9,1,1
7209,21765,3141520,6,1,1
7210,686,3142536,9,1,1
7211,686,3142730,9,1,1
7212,686,3143975,9,1,1
7213,686,3144068,9,1,1
7214,686,3144628,9,1,1
7215,686,3145450,9,1,1
7216,686,3146129,9,1,1
7217,686,3147615,9,1,1
7218,686,3148037,9,1,1
7219,686,3148221,9,1,1
7220,686,3149320,9,1,1
7221,686,3149585,9,1,1
7222,686,3149897,9,1,1
7223,686,3150637,9,1,1
7224,686,3150953,9,1,1
7225,686,3151011,9,1,1
7226,686,3152286,9,1,1
7227,686,3153083,9,1,1
7228,686,3153273,9,1,1
7229,686,3153598,9,1,1
7230,686,3154039,9,1,1
7231,686,3154231,9,1,1
7232,686,3154423,9,1,1
7233,686,3154448,9,1,1
7234,686,3154725,9,1,1
7235,686,3154915,9,1,1
7236,686,3155349,7,1,1
7237,686,3156366,9,1,1
7238,686,3156379,9,1,1
7239,686,3156660,9,1,1
7240,686,3157572,9,1,1
7241,686,3158386,9,1,1
7242,686,3158444,9,1,1
7243,686,3159083,9,1,1
7244,686,3159479,9,1,1
7245,686,3160746,9,1,1
7246,686,3160799,9,1,1
7247,686,3161559,9,1,1
7248,686,3162451,9,1,1
7249,686,3162538,9,1,1
7250,686,3162550,9,1,1
7251,686,3164173,9,1,1
7252,686,3164418,9,1,1
7253,686,3165263,9,1,1
7254,686,3166303,9,1,1
7255,686,3167000,9,1,1
7256,686,3167052,9,1,1
7257,686,3168636,9,1,1
7258,686,3169003,9,1,1
7259,686,3169399,9,1,1
7260,686,3169758,9,1,1
7261,686,3170179,9,1,1
7262,686,3171188,9,1,1
7263,686,3171422,9,1,1
7264,686,3172669,9,1,1
7265,686,3173524,9,1,1
7266,686,3173662,9,1,1
7267,686,3174964,9,1,1
7268,686,3175010,9,1,1
7269,686,3176267,9,1,1
7270,686,3176381,9,1,1
7271,686,3176413,9,1,1
7272,686,3176791,9,1,1
7273,686,3177341,9,1,1
7274,686,3178140,9,1,1
7275,686,3178740,9,1,1
7276,686,3179462,9,1,1
7277,686,3179715,9,1,1
7278,686,3179790,9,1,1
7279,686,3179892,9,1,1
7280,686,3179898,9,1,1
7281,686,3180029,9,1,1
7282,686,3180282,9,1,1
7283,686,3180366,9,1,1
7284,686,3180640,9,1,1
7285,686,3180936,9,1,1
7286,686,3180996,9,1,1
7287,686,3181651,9,1,1
7288,686,3182170,9,1,1
7289,686,3182469,9,1,1
7290,686,3183087,9,1,1
7291,686,3183777,9,1,1
7292,686,3183866,9,1,1
7293,686,3184114,9,1,1
7294,686,3184412,9,1,1
7295,686,3185722,9,1,1
7296,686,3186038,9,1,1
7297,686,3187075,9,1,1
7298,686,3187136,9,1,1
7299,686,3187508,9,1,1
7300,686,3187923,9,1,1
7301,686,3188362,9,1,1
7302,686,3188707,9,1,1
7303,686,3190411,9,1,1
7304,686,3191094,9,1,1
7305,686,3192069,9,1,1
7306,686,3192254,9,1,1
7307,686,3194331,9,1,1
7308,686,3194622,9,1,1
7309,686,3194775,9,1,1
7310,686,3194870,9,1,1
7311,686,3194955,9,1,1
7312,686,3196308,9,1,1
7313,686,3197972,9,1,1
7314,686,3198233,9,1,1
7315,686,3198308,9,1,1
7316,686,3198485,9,1,1
7317,686,3199294,9,1,1
7318,686,3199438,9,1,1
7319,686,3199496,9,1,1
7320,686,3199564,9,1,1
7321,686,3200228,9,1,1
7322,686,3200727,9,1,1
7323,686,3201177,9,1,1
7324,686,3201290,9,1,1
7325,686,3201341,9,1,1
7326,686,3201601,9,1,1
7327,686,3203432,9,1,1
7328,686,3204903,9,1,1
7329,686,3205556,9,1,1
7330,686,3205885,9,1,1
7331,686,3206259,9,1,1
7332,686,3206350,9,1,1
7333,686,3206434,9,1,1
7334,686,3206660,9,1,1
7335,686,3206913,9,1,1
7336,686,3207619,9,1,1
7337,686,3207720,9,1,1
7338,686,3208043,9,1,1
7339,686,3208873,9,1,1
7340,686,3209536,9,1,1
7341,686,3209721,9,1,1
7342,686,3210825,9,1,1
7343,686,3210860,9,1,1
7344,686,3210953,9,1,1
7345,686,3210990,9,1,1
7346,686,3211406,9,1,1
7347,686,3212236,9,1,1
7348,686,3213302,9,1,1
7349,686,3213636,9,1,1
7350,686,3214386,9,1,1
7351,686,3214474,9,1,1
7352,686,3214919,9,1,1
7353,686,3215195,9,1,1
7354,686,3215507,9,1,1
7355,686,3215542,8,1,1
7356,686,3216239,9,1,1
7357,686,3217381,9,1,1
7358,686,3217794,9,1,1
7359,686,3217838,9,1,1
7360,686,3218414,9,1,1
7361,21765,3218414,6,1,1
7362,686,3220026,9,1,1
7363,686,3220823,9,1,1
7364,21765,3220823,6,1,1
7365,686,3220868,9,1,1
7366,686,3221015,9,1,1
7367,686,3221160,9,1,1
7368,686,3221210,9,1,1
7369,686,3221453,9,1,1
7370,686,3221473,9,1,1
7371,686,3221913,9,1,1
7372,686,3223757,9,1,1
7373,686,3226274,9,1,1
7374,686,3226498,9,1,1
7375,686,3227096,9,1,1
7376,686,3227147,9,1,1
7377,686,3227678,9,1,1
7378,686,3228327,9,1,1
7379,686,3229286,9,1,1
7380,686,3229500,9,1,1
7381,686,3230673,9,1,1
7382,686,3230854,9,1,1
7383,686,3231434,9,1,1
7384,686,3232006,9,1,1
7385,686,3232317,9,1,1
7386,686,3232718,9,1,1
7387,686,3232721,9,1,1
7388,686,3233198,9,1,1
7389,686,3233200,9,1,1
7390,686,3234141,9,1,1
7391,686,3234418,9,1,1
7392,686,3234933,9,1,1
7393,686,3234982,9,1,1
7394,686,3234985,9,1,1
7395,686,3238366,9,1,1
7396,686,3239352,9,1,1
7397,686,3240600,9,1,1
7398,686,3241672,9,1,1
7399,686,3243525,9,1,1
7400,686,3243638,9,1,1
7401,686,3243715,9,1,1
7402,686,3244135,9,1,1
7403,686,3245275,9,1,1
7404,686,3245366,9,1,1
7405,686,3245813,9,1,1
7406,686,3245861,9,1,1
7407,686,3246030,9,1,1
7408,686,3246188,9,1,1
7409,686,3246588,9,1,1
7410,686,3247043,9,1,1
7411,686,3247177,9,1,1
7412,686,3248240,9,1,1
7413,686,3248644,9,1,1
7414,686,3249198,9,1,1
7415,686,3251160,9,1,1
7416,686,3252189,9,1,1
7417,686,3252829,9,1,1
7418,686,3253084,9,1,1
7419,686,3253551,9,1,1
7420,686,3253805,9,1,1
7421,686,3253901,9,1,1
7422,686,3254988,9,1,1
7423,686,3255050,9,1,1
7424,686,3255523,9,1,1
7425,686,3256579,9,1,1
7426,686,3256719,9,1,1
7427,686,3257446,9,1,1
7428,686,3258063,9,1,1
7429,21993,3258063,3,1,1
7430,686,3258679,9,1,1
7431,686,3258731,9,1,1
7432,686,3258799,9,1,1
7433,686,3259395,9,1,1
7434,686,3260015,9,1,1
7435,686,3260473,9,1,1
7436,686,3261230,9,1,1
7437,686,3261256,9,1,1
7438,686,3261577,9,1,1
7439,686,3261681,9,1,1
7440,686,3261816,9,1,1
7441,686,3262134,9,1,1
7442,686,3262328,9,1,1
7443,686,3262548,9,1,1
7444,21991,3262548,3,1,1
7445,686,3264805,9,1,1
7446,686,3266920,9,1,1
7447,686,3266931,9,1,1
7448,686,3267257,9,1,1
7449,686,3267884,9,1,1
7450,686,3268327,9,1,1
7451,686,3269986,9,1,1
7452,686,3270501,9,1,1
7453,686,3270657,9,1,1
7454,686,3270658,9,1,1
7455,686,3271515,9,1,1
7456,686,3272821,9,1,1
7457,686,3272850,9,1,1
7458,686,3272901,9,1,1
7459,686,3273428,9,1,1
7460,686,3274526,9,1,1
7461,686,3275647,9,1,1
7462,686,3277209,9,1,1
7463,686,3277897,9,1,1
7464,686,3279319,9,1,1
7465,686,3279885,9,1,1
7466,686,3280250,9,1,1
7467,686,3280816,9,1,1
7468,686,3282332,9,1,1
7469,686,3284741,9,1,1
7470,686,3285159,9,1,1
7471,686,3285680,9,1,1
7472,686,3287289,9,1,1
7473,686,3287729,9,1,1
7474,686,3287763,7,1,1
7475,686,3288126,9,1,1
7476,686,3290673,9,1,1
7477,686,3291505,9,1,1
7478,686,3292862,9,1,1
7479,686,3293126,9,1,1
7480,686,3293480,9,1,1
7481,686,3294005,9,1,1
7482,686,3294142,9,1,1
7483,686,3294341,9,1,1
7484,686,3297174,9,1,1
7485,686,3297921,9,1,1
7486,686,3298126,9,1,1
7487,686,3298213,9,1,1
7488,686,3298910,9,1,1
7489,686,3300464,9,1,1
7490,686,3300606,9,1,1
7491,686,3300794,9,1,1
7492,686,3301069,9,1,1
7493,686,3301581,9,1,1
7494,686,3302141,9,1,1
7495,686,3302158,9,1,1
7496,686,3303175,9,1,1
7497,686,3304001,9,1,1
7498,686,3304235,9,1,1
7499,686,3304812,9,1,1
7500,686,3305630,9,1,1
7501,686,3305720,9,1,1
7502,686,3305936,9,1,1
7503,686,3306523,9,1,1
7504,686,3306748,9,1,1
7505,686,3307353,9,1,1
7506,686,3308696,9,1,1
7507,686,3308866,9,1,1
7508,686,3309241,9,1,1
7509,686,3309273,9,1,1
7510,686,3309274,9,1,1
7511,686,3309312,9,1,1
7512,686,3309313,9,1,1
7513,686,3309468,9,1,1
7514,686,3310579,9,1,1
7515,686,3310669,9,1,1
7516,686,3311122,9,1,1
7517,686,3311660,9,1,1
7518,686,3311666,9,1,1
7519,686,3311743,9,1,1
7520,686,3311873,9,1,1
7521,686,3313413,9,1,1
7522,686,3313578,9,1,1
7523,686,3313610,9,1,1
7524,686,3313777,9,1,1
7525,686,3313890,9,1,1
7526,686,3315012,9,1,1
7527,686,3315424,9,1,1
7528,686,3316700,9,1,1
7529,686,3316706,9,1,1
7530,686,3317022,9,1,1
7531,686,3317088,9,1,1
7532,686,3317303,9,1,1
7533,686,3317782,9,1,1
7534,686,3318168,9,1,1
7535,686,3318985,9,1,1
7536,686,3320203,9,1,1
7537,686,3320221,9,1,1
7538,686,3320646,9,1,1
7539,686,3320881,9,1,1
7540,686,3321027,9,1,1
7541,686,3321240,9,1,1
7542,686,3321399,9,1,1
7543,686,3321670,9,1,1
7544,686,3321680,9,1,1
7545,686,3322309,9,1,1
7546,686,3322571,9,1,1
7547,686,3322731,9,1,1
7548,686,3323112,9,1,1
7549,686,3323123,9,1,1
7550,686,3323400,9,1,1
7551,686,3323467,9,1,1
7552,686,3323867,9,1,1
7553,686,3324268,9,1,1
7554,686,3324453,9,1,1
7555,686,3324807,9,1,1
7556,686,3325050,9,1,1
7557,686,3325557,9,1,1
7558,686,3325964,9,1,1
7559,686,3326046,9,1,1
7560,686,3326157,9,1,1
7561,686,3326274,9,1,1
7562,686,3326873,9,1,1
7563,686,3327097,9,1,1
7564,686,3327213,9,1,1
7565,686,3327570,9,1,1
7566,686,3327920,9,1,1
7567,686,3328565,9,1,1
7568,686,3328923,9,1,1
7569,686,3330075,9,1,1
7570,686,3332614,9,1,1
7571,686,3332877,9,1,1
7572,686,3332979,9,1,1
7573,686,3333247,9,1,1
7574,686,3333271,9,1,1
7575,686,3333921,9,1,1
7576,686,3333925,9,1,1
7577,21991,3333925,3,1,1
7578,686,3334173,9,1,1
7579,686,3334436,9,1,1
7580,686,3334674,9,1,1
7581,686,3334754,9,1,1
7582,686,3335246,9,1,1
7583,686,3335950,9,1,1
7584,686,3336618,9,1,1
7585,686,3336713,8,1,1
7586,686,3337187,9,1,1
7587,686,3337232,9,1,1
7588,686,3337435,9,1,1
7589,686,3337707,9,1,1
7590,686,3337899,9,1,1
7591,686,3338033,9,1,1
7592,686,3338386,9,1,1
7593,686,3338933,9,1,1
7594,686,3339144,9,1,1
7595,686,3340245,9,1,1
7596,686,3341355,9,1,1
7597,686,3343232,9,1,1
7598,686,3343763,9,1,1
7599,686,3344407,9,1,1
7600,686,3344905,9,1,1
7601,686,3345472,9,1,1
7602,686,3345523,9,1,1
7603,686,3345910,9,1,1
7604,686,3346268,9,1,1
7605,686,3346271,9,1,1
7606,686,3346373,9,1,1
7607,686,3347747,9,1,1
7608,686,3347791,9,1,1
7609,686,3347935,9,1,1
7610,686,3348932,9,1,1
7611,21991,3348932,3,1,1
7612,686,3349025,9,1,1
7613,686,3349908,9,1,1
7614,686,3351030,9,1,1
7615,686,3351170,9,1,1
7616,686,3351386,9,1,1
7617,686,3352079,9,1,1
7618,686,3352497,9,1,1
7619,686,3353005,9,1,1
7620,686,3353637,9,1,1
7621,686,3353969,9,1,1
7622,686,3354358,9,1,1
7623,686,3354389,9,1,1
7624,686,3354572,9,1,1
7625,686,3355139,9,1,1
7626,686,3355666,9,1,1
7627,686,3355808,9,1,1
7628,686,3357429,9,1,1
7629,686,3357649,9,1,1
7630,686,3359657,9,1,1
7631,686,3360464,9,1,1
7632,686,3360729,9,1,1
7633,686,3361625,9,1,1
7634,686,3362451,9,1,1
7635,686,3363138,9,1,1
7636,686,3363219,9,1,1
7637,686,3363253,9,1,1
7638,686,3363371,9,1,1
7639,686,3363755,9,1,1
7640,686,3363759,9,1,1
7641,686,3363771,9,1,1
7642,686,3363931,9,1,1
7643,686,3364433,9,1,1
7644,686,3364448,9,1,1
7645,686,3365235,9,1,1
7646,686,3365535,9,1,1
7647,686,3365571,9,1,1
7648,686,3366293,9,1,1
7649,686,3366300,9,1,1
7650,686,3366435,9,1,1
7651,686,3366771,9,1,1
7652,686,3366922,9,1,1
7653,686,3367268,9,1,1
7654,686,3368263,9,1,1
7655,686,3368596,9,1,1
7656,21994,3368596,2,1,1
7657,686,3368720,9,1,1
7658,686,3368859,9,1,1
7659,686,3369066,9,1,1
7660,686,3369428,9,1,1
7661,686,3369543,9,1,1
7662,686,3369646,9,1,1
7663,686,3369730,9,1,1
7664,686,3369898,9,1,1
7665,686,3370257,9,1,1
7666,686,3370294,9,1,1
7667,686,3370445,9,1,1
7668,686,3370670,9,1,1
7669,686,3370787,9,1,1
7670,686,3370958,9,1,1
7671,686,3371390,9,1,1
7672,686,3371546,9,1,1
7673,686,3371640,9,1,1
7674,686,3372118,9,1,1
7675,686,3372371,9,1,1
7676,686,3372498,9,1,1
7677,686,3372656,9,1,1
7678,686,3372809,9,1,1
7679,686,3372837,9,1,1
7680,686,3373022,9,1,1
7681,686,3373155,9,1,1
7682,686,3373272,9,1,1
7683,686,3373667,9,1,1
7684,686,3373673,9,1,1
7685,686,3374582,9,1,1
7686,686,3374885,9,1,1
7687,686,3374929,9,1,1
7688,686,3375628,9,1,1
7689,686,3376206,9,1,1
7690,686,3376386,7,1,1
7691,686,3376741,9,1,1
7692,686,3377380,9,1,1
7693,686,3377599,9,1,1
7694,686,3377879,9,1,1
7695,686,3377886,9,1,1
7696,686,3378713,9,1,1
7697,686,3378730,9,1,1
7698,686,3378801,9,1,1
7699,686,3378967,9,1,1
7700,686,3379048,9,1,1
7701,686,3379099,9,1,1
7702,686,3379272,9,1,1
7703,686,3379881,9,1,1
7704,686,3380260,9,1,1
7705,686,3380297,9,1,1
7706,686,3380676,9,1,1
7707,686,3381478,9,1,1
7708,686,3381521,9,1,1
7709,686,3381563,9,1,1
7710,686,3381754,9,1,1
7711,686,3381964,9,1,1
7712,686,3381967,9,1,1
7713,686,3382045,9,1,1
7714,686,3382289,9,1,1
7715,686,3382353,9,1,1
7716,686,3383377,9,1,1
7717,686,3383634,9,1,1
7718,686,3384473,9,1,1
7719,686,3385317,9,1,1
7720,686,3385568,9,1,1
7721,686,3385915,9,1,1
7722,686,3386252,9,1,1
7723,686,3386286,9,1,1
7724,686,3386886,9,1,1
7725,686,3387131,9,1,1
7726,686,3387852,9,1,1
7727,686,3388265,9,1,1
7728,686,3389108,9,1,1
7729,686,3389403,9,1,1
7730,686,3389469,9,1,1
7731,686,3389543,9,1,1
7732,686,3389904,9,1,1
7733,686,3389970,9,1,1
7734,686,3390222,9,1,1
7735,686,3391670,9,1,1
7736,686,3391823,9,1,1
7737,686,3392157,9,1,1
7738,686,3392267,9,1,1
7739,686,3392273,9,1,1
7740,686,3392820,9,1,1
7741,686,3392916,9,1,1
7742,686,3392948,9,1,1
7743,686,3393082,9,1,1
7744,686,3393267,9,1,1
7745,686,3393730,9,1,1
7746,686,3393753,9,1,1
7747,686,3393854,9,1,1
7748,686,3394104,9,1,1
7749,686,3394373,9,1,1
7750,686,3394381,9,1,1
7751,686,3394571,9,1,1
7752,686,3394736,9,1,1
7753,686,3394738,9,1,1
7754,686,3394866,9,1,1
7755,686,3395818,9,1,1
7756,686,3395955,9,1,1
7757,686,3396005,9,1,1
7758,686,3396164,9,1,1
7759,686,3396487,9,1,1
7760,686,3396822,9,1,1
7761,686,3397180,9,1,1
7762,686,3397369,9,1,1
7763,686,3397437,9,1,1
7764,686,3397725,9,21,21
7765,686,3397727,9,12,12
7766,686,3397733,9,113,113
7767,686,3397741,9,7,7
7768,686,3397745,5,10,10
7769,686,3397755,9,2,2
7770,686,3397756,9,14,14
7771,686,3397773,9,2,2
7772,686,3397777,9,6,6
7773,686,3397786,9,2,2
7774,686,3397789,9,36,36
7775,686,3397791,9,21,21
7776,686,3397792,9,159,159
7777,686,3397794,9,14,14
7778,686,3397795,9,29,29
7779,686,3397802,9,49,49
7780,686,3397803,9,2,2
7781,686,3397804,9,3,3
7782,686,3397806,9,17,17
7783,686,3397808,9,9,9
7784,686,3397819,9,5,5
7785,686,3397824,9,13,13
7786,686,3397825,9,26,26
7787,686,3397829,9,21,21
7788,686,3397852,9,13,13
7789,686,3397867,9,7,7
7790,686,3397890,9,221,221
7791,686,3397897,9,2,2
7792,686,3397906,9,5,5
7793,686,3397918,9,2,2
7794,686,3397920,9,11,11
7795,686,3397928,9,2,2
7796,686,3397948,9,72,72
7797,686,3397990,6,77,76
7798,686,3398008,9,5,5
7799,686,3398017,9,6,6
7800,686,3398027,9,2,2
7801,686,3398032,9,2,2
7802,686,3398038,9,2,2
7803,686,3398044,9,2,2
7804,686,3398049,9,4,4
7805,686,3398054,9,22,22
7806,686,3398058,9,14,14
7807,686,3398059,9,63,63
7808,686,3398061,9,11,11
7809,686,3398073,9,4,4
7810,686,3398077,9,7,7
7811,686,3398080,9,4,4
7812,686,3398082,9,13,13
7813,686,3398086,9,3,3
7814,686,3398089,9,10,10
7815,686,3398091,9,2,2
7816,686,3398092,9,2,2
7817,686,3398094,9,139,139
7818,686,3398097,9,66,66
7819,686,3398099,9,9,9
7820,686,3398111,9,2,2
7821,686,3398112,9,2,2
7822,686,3398115,9,3,3
7823,686,3398131,9,2,2
7824,686,3398135,9,2,2
7825,686,3398143,9,6,6
7826,686,3398149,9,5,5
7827,686,3398152,9,6,6
7828,686,3398155,9,2,2
7829,686,3398177,9,2,2
7830,686,3398204,9,4,4
7831,686,3398224,9,56,56
7832,686,3398237,9,9,9
7833,686,3398239,9,4,4
7834,686,3398262,9,6,6
7835,686,3398266,9,22,22
7836,686,3398267,9,7,7
7837,686,3398269,9,2,2
7838,686,3398271,9,179,179
7839,686,3398272,9,30,30
7840,686,3398273,9,4,4
7841,686,3398277,9,3,3
7842,686,3398278,9,12,12
7843,686,3398323,9,43,43
7844,686,3398331,9,28,28
7845,686,3398347,9,7,7
7846,686,3398350,9,4,4
7847,686,3398359,9,32,32
7848,686,3398362,9,3,3
7849,686,3398370,9,3,3
7850,686,3398376,9,5,5
7851,686,3398378,9,4,4
7852,686,3398379,9,5,5
7853,686,3398396,9,5,5
7854,686,3398402,9,18,18
7855,686,3398429,9,2,2
7856,686,3398440,9,3,3
7857,686,3398447,9,6,6
7858,686,3398459,9,6,6
7859,686,3398481,9,7,7
7860,686,3398496,9,12,12
7861,686,3398514,9,5,5
7862,686,3398527,9,13,13
7863,686,3398548,9,2,2
7864,686,3398554,9,2,2
7865,686,3398580,9,5,5
7866,686,3398582,9,4,4
7867,686,3398583,9,2,2
7868,686,3398584,9,8,8
7869,686,3398585,9,2,2
7870,686,3398586,9,2,2
7871,686,3398588,9,10,10
7872,686,3398592,9,2,2
7873,686,3398607,9,7,7
7874,686,3398610,9,3,3
7875,686,3398614,9,4,4
7876,686,3398624,9,9,9
7877,686,3398626,9,4,4
7878,686,3398633,9,89,89
7879,686,3398635,9,9,9
7880,686,3398653,9,2,2
7881,686,3398656,9,8,8
7882,686,3398662,9,3,3
7883,686,3398668,9,7,7
7884,686,3398689,9,4,4
7885,686,3398694,9,9,9
7886,686,3398695,9,7,7
7887,686,3398715,9,5,5
7888,686,3398716,9,3,3
7889,686,3398718,9,11,11
7890,686,3398720,9,3,3
7891,686,3398724,9,2,2
7892,686,3398725,9,44,44
7893,686,3398730,9,2,2
7894,686,3398745,9,37,37
7895,686,3398761,9,7,7
7896,686,3398767,9,2,2
7897,686,3398778,9,37,37
7898,686,3398780,9,12,12
7899,686,3398783,9,54,54
7900,686,3398785,9,9,9
7901,686,3398791,9,2,2
7902,686,3398793,9,6,6
7903,686,3398799,9,2,2
7904,686,3398804,9,2,2
7905,686,3398813,9,2,2
7906,686,3398852,9,11,11
7907,686,3398884,9,2,2
7908,686,3398890,9,16,16
7909,686,3398892,9,3,3
7910,686,3398893,9,2,2
7911,686,3398896,9,2,2
7912,686,3398898,9,2,2
7913,686,3398902,9,2,2
7914,686,3398904,9,3,3
7915,686,3398907,9,2,2
7916,686,3398915,9,4,4
7917,686,3398922,9,109,106
7918,686,3398941,9,2,2
7919,686,3398942,9,2,2
7920,686,3398947,9,2,2
7921,686,3398951,9,3,3
7922,686,3398952,9,4,4
7923,686,3398956,9,2,2
7924,686,3398957,9,31,31
7925,686,3398966,9,2,2
7926,686,3398973,9,2,2
7927,686,3398974,9,2,2
7928,686,3398975,9,67,67
7929,686,3398978,9,54,54
7930,686,3399001,9,218,218
7931,686,3399011,9,3,3
7932,686,3399012,9,9,9
7933,686,3399017,9,10,10
7934,686,3399019,9,43,43
7935,686,3399031,9,6,6
7936,686,3399051,9,4,4
7937,686,3399056,9,2,2
7938,686,3399058,9,2,2
7939,686,3399059,9,6,6
7940,686,3399063,9,7,7
7941,686,3399064,9,6,6
7942,686,3399073,9,7,7
7943,686,3399084,9,30,30
7944,686,3399095,9,3,3
7945,686,3399106,9,4,4
7946,686,3399109,9,8,8
7947,686,3399118,9,6,6
7948,686,3399119,9,2,2
7949,686,3399121,9,3,3
7950,21991,3399121,3,3,3
7951,686,3399130,9,3,3
7952,686,3399143,9,76,76
7953,686,3399148,9,4,4
7954,686,3399149,9,2,2
7955,686,3399151,9,2,2
7956,686,3399153,9,3,3
7957,686,3399166,9,35,35
7958,686,3399171,9,2,2
7959,686,3399173,9,2,2
7960,686,3399174,9,8,8
7961,686,3399176,9,6,6
7962,686,3399178,9,21,21
7963,686,3399192,9,7,7
7964,686,3399194,9,2,2
7965,686,3399199,9,2,2
7966,686,3399210,9,4,4
7967,686,3399223,9,3,3
7968,686,3399224,9,3,3
7969,686,3399226,9,5,5
7970,686,3399237,9,14,14
7971,686,3399238,9,2,2
7972,686,3399239,9,5,5
7973,686,3399245,9,3,3
7974,686,3399247,9,13,13
7975,686,3399251,9,4,4
7976,686,3399262,9,2,2
7977,686,3399266,9,2,2
7978,686,3399267,9,2,2
7979,686,3399268,9,2,2
7980,686,3399280,9,13,13
7981,686,3399287,9,2,2
7982,686,3399295,9,10,10
7983,686,3399301,9,2,2
7984,686,3399305,9,2,2
7985,686,3399306,9,211,211
7986,686,3399308,9,13,13
7987,686,3399314,9,46,46
7988,686,3399332,9,17,17
7989,686,3399344,9,59,59
7990,686,3399351,9,16,16
7991,686,3399356,9,6,6
7992,686,3399362,9,3,3
7993,686,3399376,9,7,7
7994,686,3399383,9,3,3
7995,686,3399398,9,19,19
7996,686,3399406,9,2,2
7997,686,3399427,9,2,2
7998,686,3399428,9,2,2
7999,686,3399429,9,17,17
8000,686,3399431,9,3,3
8001,686,3399432,9,2,2
8002,686,3399445,9,2,2
8003,686,3399447,9,4,4
8004,686,3399450,9,12,12
8005,686,3399451,9,25,25
8006,686,3399453,9,5,5
8007,686,3399454,9,22,22
8008,686,3399465,9,2,2
8009,686,3399466,9,5,5
8010,686,3399469,9,9,9
8011,686,3399470,9,6,6
8012,686,3399471,9,25,25
8013,686,3399475,9,2,2
8014,686,3399480,9,4,4
8015,686,3399484,9,3,3
8016,686,3399485,9,3,3
8017,686,3399494,9,2,2
8018,686,3399509,9,4,4
8019,686,3399523,9,18,18
8020,686,3399529,9,4,4
8021,686,3399556,9,5,5
8022,686,3399558,9,4,4
8023,686,3399563,9,6,6
8024,686,3399576,9,3,3
8025,686,3399586,9,25,25
8026,686,3399591,2,2,2
8027,686,3399594,9,5,5
8028,686,3399602,9,2,2
8029,686,3399604,9,3,3
8030,686,3399606,9,2,2
8031,686,3399614,9,2,2
8032,686,3399630,9,7,7
8033,686,3399647,9,5,5
8034,686,3399648,9,2,2
8035,686,3399657,9,9,9
8036,686,3399659,9,3,3
8037,686,3399660,9,4,4
8038,686,3399687,9,4,4
8039,686,3399695,9,4,4
8040,686,3399706,9,2,2
8041,686,3399709,9,2,2
8042,686,3399710,9,7,7
8043,686,3399711,9,16,16
8044,686,3399714,9,2,2
8045,686,3399715,9,2,2
8046,686,3399717,9,3,3
8047,686,3399720,9,9,9
8048,686,3399723,9,5,5
8049,686,3399727,9,2,2
8050,686,3399729,9,6,6
8051,686,3399735,9,9,9
8052,686,3399741,9,3,3
8053,686,3399744,9,5,5
8054,686,3399745,9,2,2
8055,686,3399747,9,2,2
8056,686,3399760,9,2,2
8057,686,3399763,9,2,2
8058,686,3399765,9,2,2
8059,686,3399767,9,2,2
8060,686,3399775,9,3,3
8061,686,3399796,9,2,2
8062,686,3399836,9,11,11
8063,686,3399857,9,8,8
8064,686,3399867,9,17,17
8065,686,3399876,9,6,6
8066,686,3399888,9,15,15
8067,686,3399909,9,3,3
8068,686,3399937,9,2,2
8069,686,3399940,9,2,2
8070,686,3399949,9,8,8
8071,686,3399958,9,2,2
8072,686,3399959,9,2,2
8073,686,3399965,9,19,19
8074,686,3399968,9,4,4
8075,686,3399971,9,26,26
8076,686,3399972,9,4,4
8077,686,3399978,9,3,3
8078,686,3399979,9,3,3
8079,686,3399990,9,3,3
8080,686,3400007,9,3,3
8081,686,3400008,9,2,2
8082,686,3400011,9,30,30
8083,686,3400016,9,3,3
8084,686,3400027,9,7,7
8085,686,3400028,9,2,2
8086,686,3400031,9,6,6
8087,686,3400033,9,2,2
8088,686,3400034,9,3,3
8089,686,3400040,9,2,2
8090,686,3400043,5,4,4
8091,686,3400056,9,2,2
8092,686,3400062,9,2,2
8093,686,3400070,9,3,3
8094,686,3400072,9,4,4
8095,686,3400074,9,9,9
8096,686,3400080,9,11,11
8097,686,3400081,9,4,4
8098,686,3400082,9,11,11
8099,686,3400089,9,26,26
8100,686,3400094,9,3,3
8101,686,3400095,9,23,23
8102,686,3400101,9,3,3
8103,686,3400102,9,4,4
8104,686,3400104,9,3,3
8105,686,3400110,9,2,2
8106,686,3400114,9,2,2
8107,686,3400151,9,18,18
8108,686,3400152,9,5,5
8109,686,3400155,9,3,3
8110,686,3400167,9,8,8
8111,686,3400178,9,11,11
8112,686,3400179,9,10,10
8113,686,3400219,9,3,3
8114,686,3400237,9,8,8
8115,686,3400241,9,2,2
8116,686,3400248,9,3,3
8117,686,3400251,9,9,9
8118,686,3400258,9,3,3
8119,686,3400276,9,5,5
8120,686,3400277,9,2,2
8121,686,3400280,9,3,3
8122,686,3400285,9,2,2
8123,686,3400288,9,5,5
8124,686,3400290,9,2,2
8125,686,3400291,9,8,8
8126,686,3400295,9,9,9
8127,686,3400297,9,4,4
8128,686,3400298,9,2,2
8129,686,3400300,9,3,3
8130,686,3400305,9,6,6
8131,686,3400319,9,378,378
8132,686,3400322,9,3,3
8133,686,3400343,9,4,4
8134,686,3400344,9,2,2
8135,686,3400357,9,2,2
8136,686,3400360,9,2,2
8137,686,3400369,9,2,2
8138,686,3400375,9,5,5
8139,686,3400383,9,49,49
8140,686,3400384,9,2,2
8141,686,3400385,9,11,11
8142,686,3400396,9,14,14
8143,686,3400401,9,3,3
8144,686,3400407,9,6,6
8145,686,3400417,9,2,2
8146,686,3400432,9,2,2
8147,686,3400433,9,2,2
8148,686,3400436,9,2,2
8149,686,3400437,9,5,5
8150,686,3400438,9,6,6
8151,686,3400440,9,4,4
8152,686,3400441,9,2,2
8153,686,3400448,9,2,2
8154,686,3400454,9,6,6
8155,686,3400463,9,2,2
8156,686,3400466,9,2,2
8157,686,3400470,9,5,5
8158,686,3400471,9,2,2
8159,686,3400472,9,5,5
8160,686,3400474,9,2,2
8161,686,3400475,9,2,2
8162,686,3400478,9,4,4
8163,686,3400479,9,24,24
8164,686,3400507,9,6,6
8165,686,3400513,9,3,3
8166,686,3400532,9,2,2
8167,686,3400534,9,5,5
8168,686,3400537,9,2,2
8169,686,3400539,9,2,2
8170,686,3400541,9,4,4
8171,686,3400542,9,2,2
8172,686,3400543,9,2,2
8173,686,3400545,9,10,10
8174,686,3400547,9,4,4
8175,686,3400555,7,2,2
8176,686,3400556,9,19,19
8177,686,3400557,9,3,3
8178,686,3400560,9,4,4
8179,686,3400566,9,2,2
8180,686,3400568,9,2,2
8181,686,3400576,9,3,3
8182,686,3400580,9,2,2
8183,686,3400583,9,4,4
8184,686,3400589,9,4,4
8185,686,3400590,9,5,5
8186,686,3400591,9,4,4
8187,686,3400592,9,10,10
8188,686,3400593,9,14,14
8189,686,3400603,9,3,3
8190,686,3400605,9,8,8
8191,686,3400607,9,3,3
8192,686,3400609,9,23,23
8193,686,3400612,9,4,4
8194,686,3400626,9,44,44
8195,686,3400631,9,2,2
8196,686,3400636,9,2,2
8197,686,3400656,9,2,2
8198,686,3400670,9,6,6
8199,686,3400677,9,2,2
8200,686,3400679,9,2,2
8201,686,3400682,9,2,2
8202,686,3400690,9,3,3
8203,686,3400692,9,2,2
8204,686,3400694,9,3,3
8205,686,3400696,9,2,2
8206,686,3400699,9,2,2
8207,686,3400700,9,2,2
8208,686,3400707,9,2,2
8209,686,3400725,9,7,7
8210,686,3400730,9,3,3
8211,686,3400746,9,4,4
8212,686,3400752,9,7,7
8213,686,3400754,9,3,3
8214,686,3400756,9,3,3
8215,686,3400758,9,3,3
8216,686,3400763,9,2,2
8217,686,3400764,9,2,2
8218,686,3400772,9,6,6
8219,686,3400774,9,2,2
8220,686,3400777,9,2,2
8221,686,3400778,9,3,3
8222,686,3400790,9,2,2
8223,686,3400795,9,2,2
8224,686,3400800,9,5,5
8225,686,3400803,9,2,2
8226,686,3400807,9,8,8
8227,686,3400808,9,16,16
8228,686,3400809,9,2,2
8229,686,3400811,9,2,2
8230,686,3400814,9,2,2
8231,686,3400825,9,20,20
8232,686,3400830,9,2,2
8233,686,3400837,9,12,12
8234,686,3400840,9,2,2
8235,686,3400850,9,2,2
8236,686,3400852,9,7,7
8237,686,3400853,9,2,2
8238,686,3400862,9,4,4
8239,686,3400881,9,7,7
8240,686,3400907,9,2,2
8241,686,3400915,9,4,4
8242,686,3400919,9,24,24
8243,686,3400922,9,2,2
8244,686,3400924,9,3,3
8245,686,3400926,9,23,23
8246,686,3400927,9,2,2
8247,686,3400928,9,5,5
8248,686,3400929,9,5,5
8249,686,3400930,9,2,2
8250,686,3400938,9,2,2
8251,686,3400939,9,3,3
8252,686,3400940,9,2,2
8253,686,3400944,9,9,9
8254,686,3400948,9,2,2
8255,686,3400951,9,2,2
8256,686,3400974,9,44,44
8257,686,3400979,9,4,4
8258,686,3400990,9,2,2
8259,686,3400992,9,13,13
8260,686,3400993,9,4,4
8261,686,3400995,9,6,6
8262,686,3400996,9,3,3
8263,686,3400998,9,2,2
8264,686,3400999,9,17,17
8265,686,3401004,9,5,5
8266,686,3401011,9,2,2
8267,686,3401020,9,3,3
8268,686,3401042,9,3,3
8269,686,3401046,9,7,7
8270,686,3401050,9,3,3
8271,686,3401053,8,2,2
8272,686,3401054,9,2,2
8273,686,3401055,9,8,8
8274,686,3401056,9,3,3
8275,686,3401057,9,4,4
8276,686,3401058,9,23,23
8277,686,3401071,9,4,4
8278,686,3401072,9,2,2
8279,686,3401074,9,2,2
8280,686,3401078,9,11,11
8281,686,3401080,9,45,45
8282,686,3401096,9,7,7
8283,686,3401099,9,2,2
8284,686,3401110,9,2,2
8285,686,3401119,9,36,36
8286,686,3401123,9,2,2
8287,686,3401136,9,39,39
8288,686,3401141,9,10,10
8289,686,3401145,9,52,51
8290,686,3401147,9,4,4
8291,686,3401151,9,2,2
8292,686,3401162,9,2,2
8293,686,3401166,9,3,3
8294,686,3401167,9,2,2
8295,686,3401177,9,4,4
8296,686,3401202,9,3,3
8297,686,3401205,9,10,10
8298,686,3401207,9,3,3
8299,686,3401212,9,4,4
8300,686,3401225,9,2,2
8301,686,3401227,9,8,8
8302,686,3401231,9,5,5
8303,686,3401236,7,4,4
8304,686,3401237,9,3,3
8305,686,3401238,9,9,9
8306,686,3401240,9,9,9
8307,686,3401242,9,6,6
8308,686,3401243,9,2,2
8309,686,3401255,9,4,4
8310,686,3401275,9,3,3
8311,686,3401277,9,23,23
8312,686,3401286,9,2,2
8313,686,3401292,9,2,2
8314,686,3401293,9,2,2
8315,686,3401295,9,3,3
8316,686,3401300,9,2,2
8317,686,3401303,9,5,5
8318,686,3401304,9,3,3
8319,686,3401305,9,2,2
8320,686,3401313,9,2,2
8321,686,3401317,9,2,2
8322,686,3401318,9,2,2
8323,686,3401332,9,4,4
8324,686,3401339,9,2,2
8325,686,3401341,9,2,2
8326,686,3401342,9,2,2
8327,686,3401345,9,9,9
8328,686,3401346,9,2,2
8329,686,3401348,9,2,2
8330,686,3401349,9,3,3
8331,686,3401350,9,2,2
8332,686,3401358,9,2,2
8333,686,3401367,9,3,3
8334,686,3401373,9,19,19
8335,686,3401387,9,2,2
8336,686,3401388,9,7,7
8337,686,3401392,9,3,3
8338,686,3401393,9,2,2
8339,686,3401405,9,3,3
8340,686,3401408,9,2,2
8341,686,3401411,9,5,5
8342,686,3401417,9,2,2
8343,686,3401419,9,2,2
8344,686,3401433,9,10,10
8345,686,3401445,9,2,2
8346,686,3401456,9,2,2
8347,686,3401458,9,2,2
8348,686,3401463,9,2,2
8349,686,3401470,9,9,9
8350,686,3401480,9,7,7
8351,686,3401481,9,3,3
8352,686,3401482,9,2,2
8353,686,3401488,9,11,11
8354,686,3401502,9,2,2
8355,686,3401507,9,4,4
8356,686,3401509,9,3,3
8357,686,3401515,9,8,8
8358,686,3401516,9,4,4
8359,686,3401517,9,2,2
8360,686,3401523,9,32,32
8361,686,3401528,9,2,2
8362,686,3401532,9,6,6
8363,686,3401533,9,6,6
8364,686,3401542,9,12,12
8365,686,3401545,9,2,2
8366,686,3401547,9,3,3
8367,686,3401556,9,25,25
8368,686,3401560,9,15,15
8369,686,3401563,9,5,5
8370,686,3401573,9,3,3
8371,686,3401575,9,2,2
8372,686,3401585,9,7,7
8373,686,3401594,9,18,18
8374,686,3401600,9,5,5
8375,686,3401608,9,3,3
8376,686,3401613,9,2,2
8377,686,3401614,9,4,4
8378,686,3401617,9,11,11
8379,686,3401618,9,2,2
8380,686,3401621,9,3,3
8381,686,3401627,9,10,10
8382,686,3401629,9,3,3
8383,686,3401643,9,93,93
8384,686,3401651,9,2,2
8385,686,3401652,9,14,14
8386,686,3401653,9,4,4
8387,686,3401656,9,10,10
8388,686,3401658,9,15,15
8389,686,3401661,9,6,6
8390,686,3401663,9,2,2
8391,686,3401668,9,45,45
8392,686,3401669,9,3,3
8393,686,3401684,9,2,2
8394,686,3401685,9,7,7
8395,686,3401699,9,3,3
8396,686,3401709,9,3,3
8397,686,3401715,9,2,2
8398,686,3401726,9,2,2
8399,686,3401733,9,2,2
8400,686,3401737,9,21,21
8401,686,3401762,9,2,2
8402,686,3401768,9,2,2
8403,686,3401797,9,6,6
8404,686,3401799,7,2,2
8405,686,3401812,9,2,2
8406,686,3401828,9,2,2
8407,686,3401829,9,4,4
8408,686,3401830,9,5,5
8409,686,3401835,9,4,4
8410,686,3401840,9,8,8
8411,686,3401841,9,3,3
8412,686,3401844,9,2,2
8413,686,3401862,9,3,3
8414,686,3401870,9,2,2
8415,686,3401871,9,6,6
8416,686,3401874,9,2,2
8417,686,3401880,9,2,2
8418,686,3401887,9,2,2
8419,686,3401892,9,3,3
8420,686,3401901,9,2,2
8421,686,3401910,9,2,2
8422,686,3401918,9,6,6
8423,686,3401919,9,2,2
8424,686,3401926,9,5,5
8425,686,3401932,9,2,2
8426,686,3401934,9,2,2
8427,686,3401936,9,42,40
8428,686,3401940,5,9,9
8429,686,3401951,9,13,13
8430,21991,3401951,2,13,13
8431,686,3401953,9,2,2
8432,686,3401964,9,3,3
8433,686,3401980,9,9,9
8434,686,3401983,9,2,2
8435,686,3401986,9,2,2
8436,686,3401996,9,2,2
8437,686,3402003,9,2,2
8438,686,3402013,9,3,3
8439,686,3402017,9,7,7
8440,686,3402047,9,3,3
8441,686,3402050,9,2,2
8442,21991,3402050,3,2,2
8443,686,3402066,9,3,3
8444,686,3402068,9,4,4
8445,686,3402105,9,2,2
8446,686,3402107,9,2,2
8447,686,3402117,9,2,2
8448,686,3402125,9,2,2
8449,686,3402128,9,7,7
8450,686,3402130,9,2,2
8451,686,3402136,9,37,37
8452,686,3402166,9,2,2
8453,686,3402176,7,5,5
8454,686,3402190,9,2,2
8455,686,3402200,9,2,2
8456,686,3402205,9,2,2
8457,686,3402206,9,4,4
8458,686,3402209,9,4,4
8459,686,3402218,9,18,18
8460,686,3402219,9,10,10
8461,686,3402220,9,5,5
8462,686,3402227,9,4,4
8463,686,3402239,9,18,18
8464,686,3402240,9,4,4
8465,686,3402243,9,4,4
8466,686,3402252,9,3,3
8467,686,3402262,9,4,4
8468,686,3402270,9,2,2
8469,686,3402287,9,7,7
8470,686,3402288,9,2,2
8471,686,3402289,9,2,2
8472,686,3402296,9,2,2
8473,686,3402304,9,3,3
8474,686,3402311,9,3,3
8475,686,3402345,9,6,6
8476,686,3402356,9,15,15
8477,686,3402363,9,2,2
8478,686,3402364,9,2,2
8479,686,3402372,9,2,2
8480,686,3402397,9,2,2
8481,686,3402402,9,2,2
8482,686,3402413,9,3,3
8483,686,3402414,9,3,3
8484,686,3402416,9,6,6
8485,686,3402417,9,2,2
8486,686,3402420,9,2,2
8487,686,3402436,9,19,19
8488,686,3402447,9,7,7
8489,686,3402452,9,2,2
8490,686,3402455,9,2,2
8491,686,3402456,9,4,4
8492,686,3402457,9,2,2
8493,686,3402463,9,10,10
8494,686,3402469,9,2,2
8495,686,3402484,9,2,2
8496,686,3402490,9,2,2
8497,686,3402491,9,2,2
8498,686,3402492,9,2,2
8499,686,3402501,9,2,2
8500,686,3402504,9,2,2
8501,686,3402515,9,4,4
8502,686,3402526,9,36,36
8503,686,3402528,9,2,2
8504,686,3402551,9,3,3
8505,686,3402553,9,2,2
8506,686,3402555,9,2,2
8507,686,3402556,9,3,3
8508,686,3402562,9,8,8
8509,686,3402573,9,4,4
8510,686,3402577,9,21,21
8511,686,3402581,9,4,4
8512,686,3402584,9,4,4
8513,686,3402587,9,2,2
8514,686,3402600,9,3,3
8515,686,3402602,9,2,2
8516,686,3402610,9,2,2
8517,686,3402614,9,5,5
8518,686,3402622,9,2,2
8519,686,3402625,9,2,2
8520,686,3402629,9,3,3
8521,686,3402630,9,2,2
8522,686,3402647,9,4,4
8523,686,3402650,9,3,3
8524,686,3402651,9,5,5
8525,686,3402654,9,3,3
8526,686,3402656,9,3,3
8527,686,3402665,9,4,4
8528,686,3402683,9,4,4
8529,686,3402701,9,2,2
8530,686,3402718,9,2,2
8531,686,3402720,9,2,2
8532,686,3402730,9,4,4
8533,686,3402759,9,2,2
8534,686,3402767,9,3,3
8535,686,3402772,9,3,3
8536,686,3402789,9,2,2
8537,686,3402798,9,10,10
8538,686,3402800,9,2,2
8539,686,3402814,9,2,2
8540,686,3402819,9,9,9
8541,686,3402823,9,2,2
8542,686,3402834,9,362,362
8543,686,3402853,9,2,2
8544,686,3402881,9,2,2
8545,686,3402892,9,2,2
8546,686,3402894,9,8,8
8547,686,3402915,9,4,4
8548,686,3402923,9,2,2
8549,686,3402925,9,3,3
8550,686,3402926,9,2,2
8551,686,3402939,9,2,2
8552,686,3402946,9,2,2
8553,686,3402947,9,2,2
8554,686,3402953,9,2,2
8555,686,3402954,9,2,2
8556,686,3402956,9,2,2
8557,686,3402957,9,13,13
8558,686,3402962,9,3,3
8559,686,3402965,9,2,2
8560,686,3402966,9,17,17
8561,686,3402977,9,10,10
8562,686,3402994,9,3,3
8563,686,3403005,9,9,9
8564,686,3403012,9,4,4
8565,686,3403016,9,6,6
8566,686,3403020,9,9,9
8567,686,3403021,9,2,2
8568,686,3403033,5,34,34
8569,694,3403033,1,34,34
8570,686,3403035,9,4,4
8571,686,3403037,9,3,3
8572,686,3403043,9,2,2
8573,686,3403045,9,6,6
8574,686,3403046,9,4,4
8575,686,3403051,9,2,2
8576,686,3403059,9,6,6
8577,686,3403065,9,2,2
8578,686,3403072,9,4,4
8579,686,3403080,9,6,6
8580,686,3403085,9,7,7
8581,686,3403088,9,7,7
8582,686,3403097,9,2,2
8583,686,3403107,9,4,4
8584,686,3403115,9,2,2
8585,686,3403124,9,4,4
8586,686,3403126,9,2,2
8587,686,3403128,9,2,2
8588,686,3403134,9,2,2
8589,686,3403136,9,2,2
8590,686,3403139,9,2,2
8591,686,3403149,9,2,2
8592,686,3403151,9,2,2
8593,686,3403154,9,7,7
8594,686,3403156,9,2,2
8595,686,3403173,9,2,2
8596,686,3403180,9,2,2
8597,686,3403184,9,2,2
8598,686,3403187,9,3,3
8599,686,3403188,9,2,2
8600,686,3403191,9,2,2
8601,686,3403201,9,2,2
8602,686,3403202,9,5,5
8603,686,3403203,9,4,4
8604,686,3403204,9,7,7
8605,686,3403205,9,2,2
8606,686,3403211,9,9,9
8607,686,3403213,9,2,2
8608,686,3403214,9,7,7
8609,686,3403221,9,2,2
8610,686,3403222,9,10,10
8611,686,3403227,9,12,12
8612,686,3403232,9,6,6
8613,686,3403235,9,3,3
8614,686,3403268,9,2,2
8615,686,3403269,9,3,3
8616,686,3403270,9,2,2
8617,686,3403271,9,2,2
8618,686,3403272,9,23,23
8619,686,3403275,9,2,2
8620,686,3403276,9,2,2
8621,686,3403291,9,3,3
8622,686,3403301,9,6,6
8623,686,3403306,9,2,2
8624,686,3403313,9,2,2
8625,686,3403316,9,14,14
8626,686,3403325,9,4,4
8627,686,3403333,9,5,5
8628,686,3403344,9,7,7
8629,686,3403348,9,4,4
8630,686,3403360,9,2,2
8631,686,3403364,9,2,2
8632,686,3403366,9,3,3
8633,686,3403374,9,6,6
8634,686,3403382,9,3,3
8635,686,3403384,9,7,7
8636,686,3403397,9,4,4
8637,686,3403398,9,4,4
8638,686,3403405,9,15,15
8639,686,3403406,9,3,3
8640,686,3403417,9,5,5
8641,686,3403420,9,2,2
8642,686,3403430,9,3,3
8643,686,3403432,9,2,2
8644,686,3403458,9,2,2
8645,686,3403466,9,4,4
8646,686,3403468,9,2,2
8647,686,3403473,9,7,7
8648,686,3403476,9,4,4
8649,686,3403482,9,2,2
8650,686,3403486,9,6,6
8651,686,3403496,9,2,2
8652,686,3403501,9,5,5
8653,686,3403508,9,2,2
8654,686,3403520,9,3,3
8655,686,3403525,9,2,2
8656,686,3403526,9,4,4
8657,686,3403549,9,2,2
8658,686,3403553,9,2,2
8659,686,3403558,9,8,8
8660,686,3403560,9,2,2
8661,686,3403568,9,2,2
8662,686,3403570,9,2,2
8663,686,3403574,9,2,2
8664,686,3403575,9,2,2
8665,686,3403585,9,2,2
8666,686,3403608,9,31,31
8667,686,3403611,9,4,4
8668,686,3403623,9,2,2
8669,686,3403625,9,3,3
8670,686,3403631,9,2,2
8671,686,3403633,9,3,3
8672,686,3403680,9,2,2
8673,686,3403690,9,2,2
8674,686,3403694,9,18,18
8675,686,3403695,9,2,2
8676,686,3403696,9,2,2
8677,686,3403699,9,2,2
8678,686,3403700,9,3,3
8679,686,3403705,9,3,3
8680,686,3403717,9,3,3
8681,686,3403724,9,2,2
8682,686,3403732,9,3,3
8683,686,3403738,9,3,3
8684,686,3403743,9,36,36
8685,686,3403746,9,19,19
8686,686,3403758,9,2,2
8687,686,3403763,9,6,6
8688,686,3403771,9,2,2
8689,686,3403781,9,3,3
8690,686,3403785,9,2,2
8691,686,3403794,9,2,2
8692,686,3403808,9,2,2
8693,686,3403809,9,4,4
8694,686,3403815,9,3,3
8695,686,3403822,9,4,4
8696,686,3403836,9,3,3
8697,686,3403847,9,5,5
8698,686,3403855,9,11,11
8699,686,3403864,9,3,3
8700,686,3403869,9,2,2
8701,686,3403885,9,2,2
8702,686,3403893,9,6,6
8703,686,3403896,9,3,3
8704,686,3403900,9,4,4
8705,686,3403907,9,2,2
8706,686,3403925,9,2,2
8707,686,3403945,9,2,2
8708,686,3403969,9,12,12
8709,686,3403989,9,3,3
8710,686,3403995,9,4,4
8711,686,3403997,9,3,3
8712,686,3403999,9,16,16
8713,686,3404026,9,3,3
8714,686,3404027,9,8,8
8715,686,3404037,9,2,2
8716,686,3404039,9,6,6
8717,686,3404041,9,3,3
8718,686,3404042,9,2,2
8719,686,3404043,9,2,2
8720,686,3404044,9,14,14
8721,686,3404049,9,2,2
8722,686,3404050,9,10,10
8723,686,3404053,9,5,5
8724,686,3404061,9,3,3
8725,686,3404073,9,35,35
8726,686,3404074,9,3,3
8727,686,3404082,9,3,3
8728,686,3404085,9,2,2
8729,686,3404093,9,2,2
8730,686,3404100,9,3,3
8731,686,3404101,9,2,2
8732,686,3404108,9,2,2
8733,686,3404131,9,3,3
8734,686,3404135,9,3,3
8735,686,3404138,9,2,2
8736,686,3404139,9,2,2
8737,686,3404157,9,3,3
8738,686,3404162,9,6,6
8739,686,3404165,9,35,35
8740,686,3404178,9,2,2
8741,686,3404185,9,2,2
8742,686,3404191,9,2,2
8743,686,3404196,9,4,4
8744,686,3404207,9,2,2
8745,686,3404216,9,2,2
8746,686,3404232,9,2,2
8747,686,3404235,9,2,2
8748,686,3404272,9,4,4
8749,686,3404273,9,9,7
8750,686,3404286,9,2,2
8751,686,3404288,9,2,2
8752,686,3404292,9,2,2
8753,686,3404297,9,2,2
8754,686,3404298,9,24,24
8755,686,3404310,9,4,4
8756,686,3404326,9,2,2
8757,686,3404331,9,3,3
8758,686,3404333,9,3,3
8759,686,3404347,9,6,6
8760,686,3404359,9,2,2
8761,686,3404365,9,2,2
8762,686,3404366,9,2,2
8763,686,3404368,9,4,4
8764,686,3404372,9,5,5
8765,686,3404378,9,2,2
8766,686,3404387,9,5,5
8767,686,3404399,9,3,3
8768,686,3404407,9,4,4
8769,686,3404414,9,97,97
8770,686,3404417,9,2,2
8771,686,3404424,9,4,4
8772,686,3404425,9,3,3
8773,686,3404431,9,2,2
8774,686,3404433,9,8,8
8775,686,3404434,9,5,5
8776,686,3404437,9,2,2
8777,686,3404441,9,3,3
8778,686,3404447,9,3,3
8779,686,3404454,9,7,7
8780,686,3404472,9,4,4
8781,686,3404474,9,2,2
8782,686,3404475,9,4,4
8783,686,3404476,9,9,9
8784,686,3404479,9,2,2
8785,686,3404490,9,2,2
8786,686,3404494,9,5,5
8787,686,3404499,9,2,2
8788,686,3404519,9,2,2
8789,686,3404532,9,2,2
8790,686,3404541,9,8,8
8791,686,3404544,9,2,2
8792,686,3404557,9,13,13
8793,686,3404572,9,6,6
8794,686,3404573,9,5,5
8795,686,3404574,9,10,10
8796,686,3404576,9,2,2
8797,686,3404588,9,4,4
8798,686,3404594,9,5,5
8799,686,3404601,9,5,5
8800,686,3404610,9,2,2
8801,686,3404613,9,4,4
8802,686,3404622,9,2,2
8803,686,3404625,9,5,5
8804,686,3404629,9,2,2
8805,686,3404651,9,2,2
8806,686,3404655,9,5,5
8807,686,3404657,9,4,4
8808,686,3404658,9,2,2
8809,686,3404659,9,4,4
8810,686,3404660,9,2,2
8811,686,3404668,9,4,4
8812,686,3404671,9,3,3
8813,686,3404675,9,10,10
8814,686,3404679,7,3,3
8815,686,3404680,9,3,3
8816,686,3404685,9,2,2
8817,686,3404687,9,2,2
8818,686,3404694,9,2,2
8819,686,3404698,9,3,3
8820,686,3404704,9,2,2
8821,686,3404713,9,2,2
8822,686,3404719,9,25,25
8823,686,3404734,9,2,2
8824,686,3404746,9,4,4
8825,686,3404748,9,6,6
8826,686,3404754,9,2,2
8827,686,3404755,9,3,3
8828,686,3404756,9,2,2
8829,686,3404757,9,3,3
8830,686,3404759,9,3,3
8831,686,3404769,9,5,5
8832,686,3404774,9,7,7
8833,686,3404775,9,33,33
8834,686,3404785,9,8,8
8835,686,3404805,9,2,2
8836,686,3404808,9,3,3
8837,686,3404817,9,2,2
8838,686,3404834,9,2,2
8839,686,3404841,9,75,75
8840,686,3404856,9,11,11
8841,686,3404858,9,3,3
8842,686,3404863,9,3,3
8843,686,3404868,9,3,3
8844,686,3404870,9,2,2
8845,686,3404875,9,2,2
8846,686,3404882,9,4,4
8847,686,3404885,9,5,5
8848,686,3404887,9,2,2
8849,686,3404898,9,2,2
8850,686,3404911,9,2,2
8851,686,3404913,9,2,2
8852,686,3404922,9,2,2
8853,686,3404929,9,16,16
8854,686,3404936,9,14,14
8855,686,3404953,9,3,3
8856,686,3404959,9,19,19
8857,686,3404979,7,2,2
8858,686,3404989,9,7,7
8859,686,3404993,9,10,10
8860,686,3405002,9,2,2
8861,686,3405010,9,2,2
8862,686,3405012,9,2,2
8863,686,3405019,9,6,6
8864,686,3405021,9,3,3
8865,686,3405037,9,4,4
8866,686,3405039,9,3,3
8867,686,3405040,9,9,9
8868,686,3405045,9,2,2
8869,686,3405049,9,2,2
8870,686,3405052,9,4,4
8871,686,3405054,9,3,3
8872,686,3405062,9,758,758
8873,686,3405068,9,10,10
8874,686,3405069,9,3,3
8875,686,3405071,9,5,5
8876,686,3405076,9,11,11
8877,686,3405078,9,3,3
8878,686,3405087,9,5,5
8879,686,3405094,9,2,2
8880,686,3405110,9,3,3
8881,686,3405113,9,4,4
8882,686,3405114,9,3,3
8883,686,3405116,9,6,6
8884,686,3405127,9,6,6
8885,686,3405133,9,2,2
8886,686,3405137,9,3,3
8887,686,3405152,9,3,3
8888,686,3405153,9,9,9
8889,686,3405157,9,2,2
8890,686,3405162,9,5,5
8891,686,3405163,9,2,2
8892,686,3405183,9,2,2
8893,686,3405184,9,2,2
8894,686,3405187,9,4,4
8895,686,3405191,9,3,3
8896,686,3405193,9,4,4
8897,686,3405194,9,6,6
8898,686,3405198,9,5,5
8899,686,3405201,9,3,3
8900,686,3405202,9,3,3
8901,686,3405207,9,19,19
8902,686,3405208,9,2,2
8903,686,3405225,9,11,11
8904,686,3405226,9,2,2
8905,686,3405228,9,7,7
8906,686,3405229,9,2,2
8907,686,3405231,9,3,3
8908,686,3405245,9,2,2
8909,686,3405247,9,2,2
8910,686,3405260,9,2,2
8911,686,3405264,9,2,2
8912,686,3405265,9,2,2
8913,686,3405266,9,2,2
8914,686,3405267,9,19,19
8915,686,3405269,9,5,5
8916,686,3405272,9,5,5
8917,686,3405273,9,4,4
8918,686,3405284,9,17,17
8919,686,3405286,9,5,5
8920,686,3405287,9,2,2
8921,686,3405298,9,2,2
8922,686,3405302,9,5,5
8923,686,3405305,9,6,6
8924,686,3405306,9,7,7
8925,686,3405318,9,2,2
8926,686,3405325,9,2,2
8927,686,3405328,9,2,2
8928,686,3405341,9,2,2
8929,686,3405347,9,4,4
8930,686,3405374,9,2,2
8931,686,3405375,9,3,3
8932,686,3405378,9,3,3
8933,686,3405381,9,2,2
8934,686,3405384,9,5,5
8935,686,3405386,9,2,2
8936,686,3405399,9,2,2
8937,686,3405405,9,2,2
8938,686,3405406,9,2,2
8939,686,3405413,9,3,3
8940,686,3405416,9,2,2
8941,686,3405417,9,2,2
8942,686,3405428,7,2,2
8943,686,3405435,9,2,2
8944,686,3405437,9,2,2
8945,686,3405455,9,8,8
8946,686,3405457,9,4,4
8947,686,3405459,9,2,2
8948,686,3405464,9,2,2
8949,686,3405468,9,2,2
8950,686,3405475,9,2,2
8951,686,3405476,9,3,3
8952,686,3405480,9,8,8
8953,686,3405484,9,2,2
8954,686,3405485,9,2,2
8955,686,3405491,9,3,3
8956,686,3405494,9,2,2
8957,686,3405504,9,2,2
8958,686,3405521,9,9,9
8959,686,3405522,9,2,2
8960,686,3405524,9,3,3
8961,686,3405525,9,2,2
8962,686,3405528,9,2,2
8963,686,3405529,9,2,2
8964,686,3405530,9,2,2
8965,686,3405531,9,2,2
8966,686,3405549,9,4,4
8967,686,3405550,9,5,5
8968,686,3405558,9,3,3
8969,686,3405559,9,2,2
8970,686,3405560,9,6,6
8971,686,3405563,9,5,5
8972,686,3405564,9,2,2
8973,686,3405569,9,4,4
8974,686,3405579,9,4,4
8975,686,3405581,9,2,2
8976,686,3405583,9,2,2
8977,686,3405584,9,2,2
8978,686,3405587,9,2,2
8979,686,3405593,9,3,3
8980,686,3405594,9,2,2
8981,686,3405595,9,2,2
8982,686,3405596,9,2,2
8983,686,3405603,9,3,3
8984,686,3405604,9,3,3
8985,686,3405609,9,3,3
8986,686,3405615,9,2,2
8987,686,3405622,9,2,2
8988,686,3405624,5,2,2
8989,686,3405627,9,5,5
8990,686,3405643,9,7,7
8991,686,3405656,9,2,2
8992,686,3405659,9,2,2
8993,686,3405660,9,3,3
8994,686,3405661,9,4,4
8995,686,3405662,9,2,2
8996,686,3405663,9,2,2
8997,686,3405674,9,2,2
8998,686,3405675,9,2,2
8999,686,3405676,9,3,3
9000,686,3405677,9,2,2
9001,686,3405679,9,4,4
9002,686,3405680,9,69,69
9003,686,3405682,9,3,3
9004,686,3405700,9,2,2
9005,686,3405701,9,2,2
9006,686,3405703,9,4,4
9007,686,3405704,9,2,2
9008,686,3405708,9,2,2
9009,686,3405711,9,4,4
9010,686,3405714,9,7,7
9011,686,3405721,9,9,9
9012,686,3405739,9,6,6
9013,686,3405741,9,2,2
9014,686,3405746,9,2,2
9015,686,3405748,9,3,3
9016,686,3405756,9,2,2
9017,686,3405758,9,2,2
9018,686,3405760,9,3,3
9019,686,3405766,9,2,2
9020,686,3405770,9,3,3
9021,686,3405775,9,2,2
9022,686,3405784,9,2,2
9023,686,3405785,9,2,2
9024,686,3405786,9,2,2
9025,686,3405787,9,3,3
9026,686,3405789,9,2,2
9027,686,3405793,9,3,3
9028,686,3405794,9,2,2
9029,686,3405806,9,5,5
9030,686,3405814,9,2,2
9031,686,3405817,9,2,2
9032,686,3405818,9,2,2
9033,686,3405835,9,3,3
9034,686,3405837,9,3,3
9035,686,3405842,9,2,2
9036,686,3405848,9,4,4
9037,686,3405851,9,3,3
9038,686,3405854,9,2,2
9039,686,3405857,9,7,7
9040,686,3405858,9,2,2
9041,686,3405865,9,3,3
9042,686,3405867,9,2,2
9043,686,3405876,9,2,2
9044,686,3405880,9,3,3
9045,686,3405887,9,2,2
9046,686,3405900,9,6,6
9047,686,3405907,9,2,2
9048,686,3405912,9,2,2
9049,686,3405917,9,2,2
9050,686,3405919,9,3,3
9051,686,3405922,9,8,8
9052,686,3405927,9,2,2
9053,686,3405940,9,2,2
9054,686,3405941,9,9,9
9055,686,3405951,9,2,2
9056,686,3405954,9,2,2
9057,686,3405956,9,2,2
9058,686,3405961,9,2,2
9059,686,3405977,9,2,2
9060,686,3405978,9,2,2
9061,686,3405979,9,3,3
9062,686,3405981,9,2,2
9063,686,3405987,9,3,3
9064,686,3405992,9,5,5
9065,686,3406003,9,5,5
9066,686,3406026,9,5,5
9067,686,3406027,9,2,2
9068,686,3406032,9,2,2
9069,686,3406033,9,12,12
9070,686,3406051,9,2,2
9071,686,3406060,9,2,2
9072,686,3406064,9,2,2
9073,686,3406093,9,2,2
9074,686,3406098,9,2,2
9075,686,3406121,9,7,7
9076,686,3406124,9,2,2
9077,686,3406125,9,2,2
9078,686,3406134,9,2,2
9079,686,3406135,9,2,2
9080,686,3406143,9,4,4
9081,686,3406153,9,2,2
9082,686,3406154,9,2,2
9083,686,3406170,9,3,3
9084,686,3406172,9,3,3
9085,686,3406183,9,5,5
9086,686,3406185,9,2,2
9087,686,3406188,9,2,2
9088,686,3406198,9,2,2
9089,686,3406202,9,2,2
9090,686,3406212,9,2,2
9091,686,3406213,9,4,4
9092,686,3406214,9,2,2
9093,686,3406215,9,2,2
9094,686,3406221,9,2,2
9095,686,3406227,9,3,3
9096,686,3406248,9,3,3
9097,686,3406251,9,2,2
9098,686,3406252,9,2,2
9099,686,3406255,9,2,2
9100,686,3406273,9,2,2
9101,686,3406274,9,3,3
9102,686,3406279,9,2,2
9103,686,3406286,9,2,2
9104,686,3406290,9,2,2
9105,686,3406291,9,3,3
9106,686,3406319,9,6,6
9107,686,3406323,9,2,2
9108,21991,3406323,3,2,2
9109,686,3406325,9,2,2
9110,686,3406326,9,2,2
9111,686,3406333,9,2,2
9112,686,3406334,9,2,2
9113,686,3406336,9,2,2
9114,686,3406337,9,3,3
9115,686,3406338,9,2,2
9116,686,3406341,9,2,2
9117,686,3406342,9,2,2
9118,686,3406350,9,2,2
9119,686,3406375,9,3,3
9120,686,3406383,9,3,3
9121,686,3406390,9,22,22
9122,686,3406391,9,2,2
9123,686,3406395,9,3,3
9124,686,3406396,9,2,2
9125,686,3406397,9,2,2
9126,686,3406398,9,8,8
9127,686,3406407,9,2,2
9128,686,3406410,9,2,2
9129,686,3406436,9,2,2
9130,686,3406459,9,4,4
9131,686,3406484,9,2,2
9132,686,3406490,9,2,2
9133,686,3406494,9,6,6
9134,686,3406503,9,2,2
9135,686,3406505,9,3,3
9136,686,3406506,9,2,2
9137,686,3406512,9,2,2
9138,686,3406520,9,7,7
9139,686,3406522,9,2,2
9140,686,3406532,9,4,4
9141,686,3406544,9,15,15
9142,686,3406545,9,3,3
9143,686,3406554,9,3,3
9144,686,3406557,9,2,2
9145,686,3406559,9,7,7
9146,686,3406560,9,2,2
9147,686,3406566,9,2,2
9148,686,3406568,9,2,2
9149,686,3406576,9,2,2
9150,686,3406577,9,4,4
9151,686,3406581,9,2,2
9152,686,3406586,9,2,2
9153,686,3406587,9,2,2
9154,686,3406593,9,2,2
9155,686,3406597,9,2,2
9156,686,3406600,9,3,3
9157,686,3406602,9,2,2
9158,686,3406611,9,2,2
9159,686,3406614,9,3,3
9160,686,3406619,9,93,93
9161,686,3406628,9,10,10
9162,686,3406631,9,2,2
9163,686,3406647,9,2,2
9164,686,3406652,9,2,2
9165,686,3406658,9,4,4
9166,686,3406659,9,4,4
9167,686,3406663,9,2,2
9168,686,3406666,9,8,7
9169,686,3406674,9,2,2
9170,686,3406687,9,2,2
9171,686,3406694,9,2,2
9172,686,3406714,9,2,2
9173,686,3406733,9,31,31
9174,686,3406734,9,40,40
9175,686,3406738,9,10,10
9176,686,3406742,9,2,2
9177,686,3406749,7,906,906
9178,686,3406757,9,5,5
9179,686,3406767,9,5,5
9180,686,3406769,5,3,3
9181,686,3406771,7,71,71
9182,686,3406777,7,9,9
9183,686,3406780,3,15,15
9184,686,3406792,5,83,83
9185,686,3406812,7,11,11
9186,686,3406817,7,9,9
9187,686,3406822,8,10,10
9188,686,3406827,7,10,10
9189,686,3406828,9,2,2
9190,686,3406843,7,33,33
9191,686,3406991,7,6,6
9192,694,3406991,1,4,4
9193,686,3407067,7,2,2
9194,694,3407067,1,1,1
9195,686,3407137,9,2,2
9196,686,3407651,7,2,2
9197,694,3407651,1,1,1
9198,686,3407685,7,5,5
9199,694,3407685,1,4,4
9200,686,3407690,7,4,4
9201,694,3407690,1,2,2
9202,686,3407700,9,3,3
9203,686,3407839,9,2,2
9204,686,3408281,7,67,65
9205,686,3409218,7,306,306
9206,694,3409218,1,304,304
9207,686,3409252,8,15,7
9208,686,3409255,7,30021,30012
9209,694,3409255,1,29961,29961
9210,687,1755505,8,1,1
9211,687,1816818,4,1,1
9212,687,2421617,8,1,1
9213,687,3401213,8,2,2
9214,687,3409256,1,5,5
9215,688,648804,7,1,1
9216,688,1434247,4,2,2
9217,688,1502272,4,10,10
9218,688,1824227,1,2,2
9219,688,3400304,6,3,3
9220,689,467217,6,1,1
9221,689,596742,6,1,1
9222,689,715936,6,4,4
9223,689,716477,3,1,1
9224,689,1331401,3,3,3
9225,689,1691852,1,2,2
9226,693,1691852,1,2,2
9227,689,2608287,1,1,1
9228,689,3399248,6,18,18
9229,690,668019,5,1,1
9230,691,1524973,4,1,1
9231,691,1849508,3,5,5
9232,691,3210591,4,1,1
9233,691,3302848,4,1,1
9234,691,3399115,4,82,82
9235,691,3406833,3,38,38
9236,692,219668,1,1,1
9237,692,355610,3,1,1
9238,692,702470,1,1,1
9239,692,1148288,3,1,1
9240,692,1330010,3,1,1
9241,692,1685278,3,1,1
9242,692,1719049,3,1,1
9243,21991,1719049,3,1,1
9244,692,1736900,3,1,1
9245,692,3069312,3,1,1
9246,692,3258217,3,1,1
9247,692,3397942,3,33,33
9248,692,3405432,3,3,3
9249,692,3406839,2,77,77
9250,693,334200,1,4,4
9251,693,417458,1,1,1
9252,693,663060,2,1,1
9253,693,676521,2,4,4
9254,693,871725,1,29960,29960
9255,693,986047,2,1,1
9256,693,1281827,2,3,3
9257,693,1372610,1,1,1
9258,693,1388558,1,1,1
9259,693,1406392,2,1,1
9260,693,1479035,1,304,304
9261,693,1502276,2,59,59
9262,693,1515730,1,4,4
9263,693,1524174,1,2,2
9264,693,1882597,2,1,1
9265,693,2389110,2,1,1
9266,693,3270775,2,1,1
9267,693,3283525,2,1,1
9268,693,3297904,2,1,1
9269,693,3398045,2,8,8
9270,693,3398270,2,905,905
9271,693,3398836,2,9,9
9272,693,3398894,2,67,67
9273,693,3398923,2,10,10
9274,693,3400403,2,32,32
9275,693,3404650,2,8,8
9276,693,3406685,2,3,3
9277,693,3406808,2,2,2
9278,694,631269,1,1,1
9279,694,1348932,1,1,1
9280,694,1701519,1,6,6
9281,694,1704754,1,1,1
9282,694,3398214,1,9,9
9283,694,3404978,1,2,2
9284,694,3405672,1,2,2
9285,694,3405744,1,2,2
9286,694,3406476,1,2,2
9287,694,3406887,1,78,78
9288,694,3407647,1,1,1
9289,6513,720,3,1,1
9290,6513,13905,3,1,1
9291,6513,16993,3,1,1
9292,6513,20727,3,1,1
9293,21987,20727,7,1,1
9294,6513,27699,3,1,1
9295,6513,66333,3,1,1
9296,6513,75394,3,4,4
9297,6513,82580,3,2,2
9298,6513,125076,3,1,1
9299,6513,138741,3,1,1
9300,6513,154152,3,4,4
9301,6513,172193,3,1,1
9302,6513,243009,3,2,2
9303,6513,264711,3,1,1
9304,6513,271935,3,1,1
9305,6513,286597,3,1,1
9306,6513,312553,3,2,2
9307,6513,318283,3,1,1
9308,6513,387377,3,1,1
9309,6513,392016,3,1,1
9310,6513,429373,3,1,1
9311,6513,468153,3,1,1
9312,6513,470768,3,1,1
9313,6513,475609,3,1,1
9314,6513,493420,3,16,16
9315,6513,513248,3,10,10
9316,6513,535117,3,1,1
9317,6513,537533,3,4,4
9318,6513,547996,3,2,2
9319,6513,563087,3,2,2
9320,6513,565112,3,1,1
9321,6513,576420,3,1,1
9322,6513,581175,3,1,1
9323,6513,592537,3,4,4
9324,6513,615766,3,1,1
9325,6513,628094,3,1,1
9326,6513,633244,3,3,3
9327,6513,655340,3,1,1
9328,6513,658128,3,1,1
9329,6513,664442,3,1,1
9330,6513,678423,3,3,3
9331,6513,689107,3,1,1
9332,6513,696718,3,1,1
9333,6513,705895,3,1,1
9334,6513,725282,3,4,4
9335,6513,735191,3,1,1
9336,6513,752992,3,3,3
9337,6513,770318,3,93,93
9338,6513,775118,3,1,1
9339,6513,793314,3,1,1
9340,6513,796583,3,1,1
9341,6513,821885,3,1,1
9342,6513,825749,3,1,1
9343,6513,833277,3,1,1
9344,6513,846492,3,1,1
9345,6513,852308,3,1,1
9346,6513,872614,3,1,1
9347,6513,887583,3,3,3
9348,6513,894069,3,1,1
9349,6513,902045,3,1,1
9350,6513,910487,3,1,1
9351,6513,920781,3,1,1
9352,6513,928039,3,3,3
9353,6513,951009,3,1,1
9354,6513,955354,3,3,3
9355,6513,967893,3,5,5
9356,6513,997302,3,10,10
9357,6513,1003938,3,4,4
9358,6513,1010952,3,2,2
9359,6513,1012562,3,1,1
9360,6513,1015334,3,1,1
9361,6513,1024164,3,1,1
9362,6513,1027713,3,1,1
9363,6513,1031273,1,1,1
9364,6513,1033281,1,1,1
9365,6513,1036489,1,1,1
9366,21765,1036489,6,1,1
9367,6513,1039829,3,1,1
9368,6513,1043359,3,2,2
9369,6513,1048620,3,1,1
9370,6513,1052000,3,1,1
9371,6513,1069967,3,1,1
9372,6513,1149197,3,434093,434086
9373,11283,1149197,5,433466,433464
9374,6513,1162778,3,1,1
9375,6513,1184358,3,2,2
9376,6513,1245155,1,1,1
9377,6513,1258310,3,2,2
9378,6513,1271821,3,1,1
9379,6513,1291314,3,91,91
9380,6513,1305706,3,1,1
9381,6513,1307341,3,4,4
9382,6513,1320863,1,1,1
9383,6513,1342749,1,1,1
9384,6513,1360268,3,1,1
9385,6513,1375363,3,3,3
9386,6513,1377138,1,1,1
9387,6513,1378103,1,1,1
9388,6513,1387302,3,1,1
9389,6513,1397451,3,2,2
9390,6513,1453581,3,1,1
9391,6513,1471683,3,1,1
9392,6513,1477467,3,2,2
9393,6513,1483162,3,1,1
9394,6513,1488558,3,1,1
9395,6513,1489773,3,2,2
9396,6513,1501027,3,1,1
9397,6513,1506000,3,1,1
9398,6513,1528191,3,1,1
9399,6513,1537939,3,2,2
9400,6513,1559202,3,1,1
9401,6513,1573048,3,1,1
9402,6513,1576024,3,1,1
9403,6513,1605850,3,1,1
9404,6513,1609677,3,4,4
9405,6513,1614215,3,1,1
9406,6513,1635043,3,1,1
9407,6513,1637306,3,1,1
9408,21991,1637306,3,1,1
9409,6513,1653717,3,1,1
9410,6513,1657536,3,1,1
9411,6513,1668095,3,1,1
9412,6513,1676407,3,2,2
9413,6513,1677036,3,10,10
9414,6513,1687033,3,2,2
9415,6513,1691923,3,1,1
9416,6513,1706472,3,1,1
9417,6513,1706796,3,2,2
9418,6513,1708705,3,9,9
9419,6513,1710395,3,1,1
9420,6513,1720295,3,1,1
9421,6513,1732157,3,1,1
9422,6513,1733682,3,2,2
9423,6513,1737351,3,10,10
9424,6513,1748372,3,1,1
9425,6513,1751013,3,1,1
9426,6513,1753619,3,2,2
9427,6513,1756163,3,1,1
9428,6513,1760233,3,2,2
9429,6513,1760366,3,1,1
9430,6513,1760574,3,1,1
9431,6513,1764874,3,1,1
9432,6513,1766511,3,2,2
9433,6513,1766521,3,5,5
9434,6513,1770128,3,1,1
9435,6513,1771781,3,1,1
9436,6513,1782728,3,1,1
9437,6513,1784463,3,1,1
9438,6513,1792477,3,1,1
9439,6513,1813065,3,3,3
9440,6513,1814170,3,2,2
9441,6513,1824362,3,2,2
9442,6513,1834790,3,1,1
9443,6513,1837621,3,1,1
9444,6513,1840428,3,1,1
9445,6513,1849166,3,1,1
9446,6513,1854594,3,2,2
9447,6513,1861615,3,1,1
9448,6513,1863872,3,1,1
9449,6513,1864862,3,1,1
9450,6513,1865474,3,1,1
9451,6513,1871635,3,1,1
9452,6513,1902426,3,1,1
9453,6513,1913648,3,1,1
9454,6513,1922786,3,1,1
9455,6513,1945363,3,1,1
9456,6513,1997865,1,1,1
9457,6513,2013933,3,1,1
9458,6513,2106792,3,1,1
9459,6513,2164843,3,1,1
9460,6513,2278350,3,1,1
9461,6513,2284568,3,1,1
9462,6513,2362934,3,1,1
9463,6513,2458820,3,1,1
9464,6513,2472414,3,1,1
9465,6513,2486289,3,1,1
9466,6513,2489257,3,1,1
9467,6513,2522565,3,1,1
9468,6513,2532784,3,1,1
9469,6513,2534065,3,1,1
9470,6513,2536118,3,1,1
9471,6513,2567039,3,1,1
9472,6513,2590920,3,1,1
9473,6513,2596121,3,1,1
9474,6513,2612718,3,1,1
9475,6513,2618225,3,1,1
9476,6513,2629749,3,1,1
9477,6513,2648374,3,1,1
9478,6513,2668988,3,1,1
9479,6513,2678196,3,1,1
9480,6513,2733826,3,1,1
9481,6513,2766223,3,1,1
9482,6513,2773146,3,1,1
9483,6513,2783565,3,1,1
9484,6513,2786736,3,1,1
9485,6513,2821435,3,1,1
9486,6513,2948081,3,1,1
9487,6513,2949865,3,1,1
9488,6513,3021832,1,1,1
9489,6513,3063638,3,1,1
9490,6513,3064393,1,1,1
9491,6513,3177250,3,1,1
9492,6513,3195389,3,1,1
9493,6513,3197060,3,1,1
9494,6513,3210772,3,1,1
9495,6513,3304410,3,1,1
9496,6513,3306347,3,1,1
9497,6513,3343736,3,1,1
9498,6513,3366809,3,1,1
9499,6513,3381899,3,1,1
9500,6513,3392154,3,1,1
9501,6513,3393219,3,1,1
9502,6513,3398078,3,7,7
9503,6513,3398114,3,604,604
9504,6513,3398129,3,2,2
9505,6513,3398219,3,17,17
9506,6513,3398339,3,5,5
9507,6513,3398404,3,100,100
9508,6513,3399007,3,2,2
9509,6513,3399100,3,4,4
9510,6513,3399713,3,44,44
9511,6513,3399725,3,19,19
9512,6513,3399752,3,36,36
9513,6513,3400055,3,6,6
9514,6513,3400261,3,27,27
9515,6513,3401195,3,11,11
9516,6513,3401427,3,4,4
9517,6513,3402547,3,2,2
9518,6513,3402829,3,47,47
9519,6513,3402883,3,12,12
9520,6513,3403726,3,3,3
9521,6513,3404000,3,22,22
9522,6513,3404106,3,71,71
9523,6513,3404130,3,3,3
9524,6513,3404561,3,6,6
9525,6513,3404728,3,2,2
9526,6513,3404865,3,3,3
9527,6513,3405561,3,2,2
9528,6513,3405873,3,2,2
9529,6513,3406277,3,3,3
9530,6513,3406450,3,2,2
9531,6513,3406639,3,2,2
9532,6514,1430108,2,1,1
9533,6514,3397729,2,2,2
9534,6515,409684,1,103,103
9535,6515,627250,1,1,1
9536,6515,885314,1,1,1
9537,6515,3266016,1,1,1
9538,11283,4908,12,2,2
9539,11283,12307,9,1,1
9540,11283,14719,3,5,5
9541,11283,24772,3,2,2
9542,11283,45945,3,1,1
9543,11283,48707,3,1,1
9544,11283,90280,5,1,1
9545,11283,103383,3,1,1
9546,11283,153650,3,1,1
9547,11283,183166,3,14,14
9548,11283,184245,9,8,8
9549,11283,207024,5,1,1
9550,11283,207168,5,1,1
9551,11283,207654,3,94,94
9552,11283,227398,5,1,1
9553,11283,256073,5,1,1
9554,11283,263164,3,52,52
9555,11283,277311,5,2,2
9556,11283,339622,5,1,1
9557,11283,379509,9,1,1
9558,11283,415403,3,1,1
9559,11283,425882,3,424,424
9560,11283,448224,9,1,1
9561,11283,465974,3,2,2
9562,11283,492854,9,55,55
9563,11283,520911,9,1,1
9564,11283,559849,3,1,1
9565,11283,560554,3,8,8
9566,11283,615982,3,1,1
9567,11283,627885,3,4,4
9568,11283,705278,3,1,1
9569,11283,730499,3,1,1
9570,11283,748722,3,1,1
9571,11283,750099,3,6,6
9572,11283,750256,3,2,2
9573,11283,759911,3,1,1
9574,11283,863568,9,1,1
9575,11283,887311,3,2,2
9576,11283,889352,3,1,1
9577,11283,890250,3,1,1
9578,11283,890882,3,1,1
9579,11283,1007082,9,1,1
9580,11283,1104870,3,3,3
9581,11283,1158388,5,3,3
9582,11283,1167640,5,2,2
9583,11283,1232915,5,1,1
9584,11283,1277127,5,1,1
9585,11283,1294340,5,1,1
9586,11283,1300492,5,1,1
9587,11283,1303874,5,3,3
9588,11283,1311407,5,1,1
9589,11283,1317670,5,1,1
9590,11283,1328333,5,1,1
9591,11283,1359571,5,1,1
9592,11283,1374144,5,5,5
9593,11283,1382099,5,1,1
9594,11283,1394596,5,1,1
9595,11283,1405977,5,1,1
9596,11283,1409800,5,1,1
9597,11283,1431262,5,1,1
9598,11283,1435521,5,1,1
9599,11283,1452079,5,1,1
9600,11283,1457693,5,1,1
9601,11283,1462762,5,11,11
9602,11283,1463233,5,3,3
9603,11283,1470539,3,1,1
9604,11283,1493361,5,1,1
9605,11283,1527230,5,1,1
9606,11283,1530824,5,1,1
9607,11283,1538170,2,1,1
9608,11286,1538170,2,1,1
9609,11283,1546352,5,1,1
9610,11283,1601720,5,1,1
9611,11283,1643232,5,1,1
9612,11283,1646678,5,1,1
9613,11283,1671896,5,1,1
9614,11283,1688885,5,1,1
9615,11283,1708636,5,2,2
9616,11283,1716097,5,1,1
9617,11283,1720011,5,1,1
9618,11283,1721290,5,3,3
9619,11283,1734198,5,1,1
9620,11283,1735677,5,1,1
9621,11283,1736833,5,1,1
9622,11283,1738562,5,1,1
9623,11283,1738816,5,1,1
9624,11283,1749263,5,1,1
9625,11283,1758800,5,1,1
9626,11283,1761132,5,1,1
9627,11283,1777835,5,1,1
9628,11283,1782951,5,1,1
9629,11283,1801898,5,1,1
9630,11283,1805528,5,1,1
9631,11283,1807225,5,1,1
9632,11283,1807784,5,1,1
9633,11283,1827626,5,1,1
9634,11283,1839978,5,1,1
9635,11283,1844582,5,1,1
9636,11283,1851334,5,1,1
9637,11283,1853257,5,1,1
9638,11283,1862266,1,1,1
9639,11283,1889898,5,1,1
9640,11283,1893201,5,1,1
9641,11283,1903944,9,1,1
9642,11283,1954585,9,1,1
9643,11283,2011795,5,1,1
9644,11283,2197482,3,1,1
9645,11283,2212945,3,1,1
9646,11283,2293541,3,1,1
9647,11283,2296715,3,1,1
9648,11283,2305338,3,1,1
9649,11283,2326897,3,1,1
9650,11283,2402402,6,1,1
9651,11283,2434262,3,1,1
9652,11283,2573458,3,1,1
9653,11283,2613649,9,1,1
9654,11283,2629116,3,1,1
9655,11283,2706682,3,1,1
9656,11283,2770417,9,1,1
9657,11283,2804410,3,1,1
9658,11283,2818292,3,1,1
9659,11283,3108544,5,1,1
9660,11283,3188746,5,1,1
9661,11283,3303016,1,1,1
9662,11283,3399390,5,9,9
9663,11283,3400698,9,2,2
9664,11283,3400923,3,6,6
9665,11283,3401064,3,12,12
9666,11283,3401323,3,9,9
9667,11285,1538171,1,2,2
9668,11286,27502,6,432,432
9669,11286,59333,6,14,14
9670,11286,435832,6,2,2
9671,11288,26338,9,3,3
9672,11288,63418,9,1,1
9673,11288,67962,9,3350,3350
9674,11288,77688,9,1,1
9675,11288,94150,9,295783,295777
9676,21765,94150,6,295806,292807
9677,21991,94150,3,293974,293229
9678,28271,94150,1,295821,295821
9679,11288,130168,9,835,835
9680,21765,130168,6,835,835
9681,21991,130168,3,834,833
9682,11288,132046,9,6026,6026
9683,11288,151340,9,1051,1051
9684,21991,151340,3,1047,1047
9685,11288,151402,9,13724,13724
9686,28271,151402,1,13728,13728
9687,11288,186481,9,1,1
9688,11288,193328,9,57,57
9689,28271,193328,1,57,57
9690,11288,209140,9,1,1
9691,11288,218128,9,485,485
9692,21765,218128,6,59,58
9693,11288,275778,9,142,142
9694,21991,275778,3,142,142
9695,28271,275778,1,142,142
9696,11288,342465,9,28,28
9697,11288,433433,9,1,1
9698,11288,477985,9,1,1
9699,11288,527502,9,2,2
9700,11288,542496,9,1,1
9701,11288,871728,4,1294270,1294238
9702,21765,871728,6,433274,433071
9703,21987,871728,9,433247,429957
9704,22194,871728,3,387298,387014
9705,28362,871728,9,1294263,1265477
9706,11288,895315,9,2,2
9707,11288,3397996,3,85,85
9708,11289,666464,1,1,1
9709,11291,1748640,6,1,1
9710,11292,674007,5,1,1
9711,11292,871727,5,860755,860707
9712,11292,1051506,3,1,1
9713,11292,1067328,3,1,1
9714,11292,1071401,3,1,1
9715,11292,1090200,3,1,1
9716,11292,1092598,3,1,1
9717,11292,1099383,3,7,7
9718,11292,1107285,3,1,1
9719,11292,1120887,3,1,1
9720,11292,1141254,3,1,1
9721,11292,1144478,3,1,1
9722,11292,1154642,3,1,1
9723,11292,1161317,3,1,1
9724,11292,1170804,3,1,1
9725,11292,1181165,3,1,1
9726,11292,1186170,3,1,1
9727,11292,1191313,3,1,1
9728,11292,1192295,3,1,1
9729,11292,1203446,3,1,1
9730,11292,1208808,3,1,1
9731,11292,1209806,3,1,1
9732,11292,1211030,3,1,1
9733,11292,1214767,3,1,1
9734,11292,1228311,3,2,2
9735,11292,1229379,3,1,1
9736,11292,1232507,3,1,1
9737,11292,1234641,3,1,1
9738,11292,1236364,3,1,1
9739,11292,1246579,3,1,1
9740,11292,1255111,3,1,1
9741,11292,1269806,3,2,2
9742,11292,1273086,3,4,4
9743,11292,1284906,3,1,1
9744,11292,1309676,3,1,1
9745,11292,1317828,5,2,2
9746,11292,1336684,3,1,1
9747,11292,1342163,3,2,2
9748,11292,1432292,3,1,1
9749,11292,2576552,3,1,1
9750,11292,2816810,3,1,1
9751,11292,2823079,3,1,1
9752,11292,2869125,3,1,1
9753,11292,2882302,3,1,1
9754,11292,2909395,3,1,1
9755,11292,2961150,3,1,1
9756,11292,2971508,3,1,1
9757,11292,2997441,3,1,1
9758,11292,3050020,3,1,1
9759,11292,3072928,3,1,1
9760,11292,3074753,3,1,1
9761,11292,3399386,3,3,3
9762,11292,3400806,3,2,2
9763,11292,3400925,3,2,2
9764,11292,3401725,3,2,2
9765,11292,3402058,3,3,3
9766,11292,3402826,3,2,2
9767,11292,3405697,3,3,3
9768,11292,3405803,3,2,2
9769,11292,3406101,3,2,2
9770,11292,3406332,3,2,2
9771,11292,3406809,3,3,3
9772,21633,30096,1,7,7
9773,21633,102183,1,4,4
9774,21633,223584,1,1,1
9775,21633,302817,9,1,1
9776,21633,374305,7,2,2
9777,21633,468798,9,1,1
9778,21633,530734,9,2,2
9779,21633,559126,1,1,1
9780,21633,596679,1,1,1
9781,21633,621421,9,6,6
9782,21633,753571,9,1,1
9783,21633,794344,9,1,1
9784,21633,819617,9,1,1
9785,21633,970081,1,3,3
9786,21633,1171662,9,860590,855421
9787,21633,2675060,3,1,1
9788,21633,3033747,9,1,1
9789,21633,3401391,1,97,97
9790,21633,3406642,9,2,2
9791,21634,27478,1,1,1
9792,21634,795602,8,2,2
9793,21634,1990769,8,1,1
9794,21634,2687832,8,1,1
9795,21634,2853970,8,1,1
9796,21635,500184,1,1,1
9797,21635,500260,1,1,1
9798,21635,536289,1,1,1
9799,21635,695010,1,1,1
9800,21635,1913014,1,1,1
9801,21640,251325,1,1,1
9802,21641,1857417,1,7,7
9803,21641,1861722,1,17,17
9804,21641,1867717,1,1,1
9805,21641,1867859,1,12,12
9806,21641,1869647,1,1,1
9807,21765,11088,6,1,1
9808,21765,25210,6,1,1
9809,21765,29091,6,4,4
9810,21765,32462,6,1,1
9811,21765,58909,6,4,4
9812,21765,63716,6,1,1
9813,21765,71159,6,3,3
9814,21765,75691,6,156,156
9815,21765,109047,6,1,1
9816,21765,133707,6,1,1
9817,21765,134832,6,1,1
9818,21765,145958,6,1,1
9819,21765,149489,6,1,1
9820,21765,164400,6,3,3
9821,21765,169984,6,1,1
9822,21991,169984,3,1,1
9823,21765,172177,6,1,1
9824,21991,172177,3,1,1
9825,21765,173788,6,2,2
9826,21765,179147,6,1,1
9827,21765,182163,3,1,1
9828,21991,182163,3,1,1
9829,21765,182182,6,1,1
9830,21765,197286,6,1,1
9831,21991,197286,3,1,1
9832,21765,197487,6,2,2
9833,21765,197804,6,2,2
9834,21765,197930,6,3,3
9835,21765,199203,6,1,1
9836,21765,199247,6,1,1
9837,21765,200773,6,1,1
9838,21991,200773,3,1,1
9839,21765,205929,6,3,3
9840,21765,207230,6,1,1
9841,21765,208969,6,1,1
9842,21991,208969,3,1,1
9843,21765,211754,4,1,1
9844,21770,211754,1,1,1
9845,21765,212301,6,184,182
9846,21765,215590,6,1,1
9847,21991,215590,3,1,1
9848,21765,216291,6,1,1
9849,21765,219147,6,2,2
9850,21765,219484,2,1,1
9851,21765,219775,2,1,1
9852,21765,221696,6,1,1
9853,21765,221984,6,1,1
9854,21991,221984,3,1,1
9855,21765,224255,6,1,1
9856,21991,224255,3,1,1
9857,21765,227045,2,1,1
9858,21765,227147,6,1,1
9859,21991,227147,3,1,1
9860,21765,229039,6,1,1
9861,21991,229039,3,1,1
9862,21765,231040,6,1,1
9863,21991,231040,3,1,1
9864,21765,236640,6,1,1
9865,21765,238522,2,1,1
9866,21765,239806,2,1,1
9867,21765,241961,2,2,2
9868,21765,245680,2,3,3
9869,21765,248100,6,1,1
9870,21765,248597,2,1,1
9871,21765,250718,2,6,6
9872,21765,251996,2,2,2
9873,21765,253089,2,1,1
9874,21765,253141,6,1,1
9875,21765,255274,2,1,1
9876,21765,255396,2,1,1
9877,21765,256485,2,1,1
9878,21765,256603,6,1,1
9879,21765,257564,6,1,1
9880,21765,258178,2,1,1
9881,21765,258227,2,1,1
9882,21765,258681,6,1,1
9883,21765,259529,6,1,1
9884,21991,259529,3,1,1
9885,21765,264232,2,1,1
9886,21765,264345,6,3,3
9887,21765,265136,6,1,1
9888,21765,265305,2,2,2
9889,21765,269220,2,2,2
9890,21765,269707,2,1,1
9891,21765,271059,2,4,4
9892,21765,272335,2,1,1
9893,21765,272988,2,4,4
9894,21765,273584,2,11,11
9895,21765,274338,2,4,4
9896,21765,274818,2,2,2
9897,21765,275266,2,1,1
9898,21765,275270,2,1,1
9899,21765,277690,2,4,4
9900,21765,279898,6,1,1
9901,21991,279898,3,1,1
9902,21765,280562,2,1,1
9903,21765,284456,6,2,2
9904,21991,284456,3,2,2
9905,21765,285086,2,2,2
9906,21765,285494,2,1,1
9907,21765,286388,2,1,1
9908,21765,286652,6,1,1
9909,21991,286652,3,1,1
9910,21765,288659,6,6,5
9911,21765,288986,2,3,3
9912,21765,289444,2,2,2
9913,21765,290212,2,2,2
9914,21765,290283,6,1,1
9915,21991,290283,3,1,1
9916,21765,290405,2,2,2
9917,21765,292355,2,4,4
9918,21765,295559,6,1,1
9919,21988,295559,3,1,1
9920,21765,296771,6,1,1
9921,21765,298445,6,2,2
9922,21991,298445,3,2,2
9923,21765,298798,6,1,1
9924,21765,299348,2,3,3
9925,21765,302235,2,1,1
9926,21765,303358,6,1,1
9927,21991,303358,3,1,1
9928,21765,304134,6,1,1
9929,21991,304134,3,1,1
9930,21765,304658,6,1,1
9931,21991,304658,3,1,1
9932,21765,307590,2,1,1
9933,21991,307590,3,1,1
9934,21765,307669,6,1,1
9935,21991,307669,3,1,1
9936,21765,308769,6,1,1
9937,21991,308769,3,1,1
9938,21765,310101,6,1,1
9939,21991,310101,3,1,1
9940,21765,311156,6,1,1
9941,21765,311628,2,1,1
9942,21765,311712,2,3,3
9943,21765,312663,6,2,2
9944,21765,314425,6,1,1
9945,21991,314425,3,1,1
9946,21765,314500,6,1,1
9947,21991,314500,3,1,1
9948,21765,314856,2,1,1
9949,21765,317605,6,1,1
9950,21991,317605,3,1,1
9951,21765,318505,2,1,1
9952,21765,319093,2,1,1
9953,21765,320466,6,1,1
9954,21991,320466,3,1,1
9955,21765,324681,6,1,1
9956,21991,324681,3,1,1
9957,21765,324682,6,1,1
9958,21991,324682,3,1,1
9959,21765,327839,6,1,1
9960,21991,327839,3,1,1
9961,21765,329343,6,4,4
9962,21765,330942,5,1,1
9963,21991,330942,2,1,1
9964,21765,331002,2,1,1
9965,21765,332556,6,1,1
9966,21991,332556,3,1,1
9967,21765,332574,6,1,1
9968,21991,332574,3,1,1
9969,21765,332577,6,1,1
9970,21991,332577,3,1,1
9971,21765,332659,6,2,2
9972,21765,334209,6,6,6
9973,21765,334267,6,1,1
9974,21765,334636,6,1,1
9975,21991,334636,3,1,1
9976,21765,334998,6,1,1
9977,21765,335323,2,3,3
9978,21765,336000,6,1,1
9979,21765,338771,6,2,2
9980,21765,339169,6,8,8
9981,21765,339475,6,3,3
9982,21765,340673,6,3,3
9983,21765,343700,6,1,1
9984,21765,343901,6,1,1
9985,21765,346345,6,3,3
9986,21765,347135,6,1,1
9987,21765,347546,6,1,1
9988,21765,347552,6,1,1
9989,21765,348889,6,2,2
9990,21765,348902,6,1,1
9991,21765,349827,6,1,1
9992,21765,354150,6,1,1
9993,21765,356700,6,1,1
9994,21991,356700,3,1,1
9995,21765,361359,6,1,1
9996,21765,361631,2,1,1
9997,21765,362039,6,1,1
9998,21991,362039,3,1,1
9999,21765,363261,6,1,1
10000,21765,364307,6,1,1
10001,21765,364466,2,1,1
10002,21765,366629,6,1,1
10003,21765,367229,6,1,1
10004,21991,367229,3,1,1
10005,21765,368214,6,1,1
10006,21765,369167,6,1,1
10007,21991,369167,3,1,1
10008,21765,370543,6,1,1
10009,21991,370543,3,1,1
10010,21765,371135,6,1,1
10011,21991,371135,3,1,1
10012,21765,371280,6,1,1
10013,21991,371280,3,1,1
10014,21765,376812,6,1,1
10015,21765,381307,6,3,3
10016,21765,383132,6,1,1
10017,21991,383132,3,1,1
10018,21765,393617,6,1,1
10019,21765,393889,2,1,1
10020,21765,409632,6,1,1
10021,21765,410926,6,2,2
10022,21765,413212,6,1,1
10023,21765,417347,6,1,1
10024,21765,417645,6,1,1
10025,21991,417645,3,1,1
10026,21765,418467,6,1,1
10027,21765,421871,6,1,1
10028,21991,421871,3,1,1
10029,21765,422502,3,1,1
10030,21991,422502,3,1,1
10031,21765,425369,6,1,1
10032,21765,428042,6,1,1
10033,21765,432480,6,1,1
10034,21765,434044,6,2,2
10035,21765,437222,6,1,1
10036,21991,437222,3,1,1
10037,21765,438736,6,1,1
10038,21991,438736,3,1,1
10039,21765,441544,6,1,1
10040,21765,443177,6,11,11
10041,21765,443425,2,1,1
10042,21765,445086,6,2,2
10043,21765,446006,6,1,1
10044,21991,446006,3,1,1
10045,21765,446877,6,2,2
10046,21991,446877,3,2,2
10047,21765,446883,6,1,1
10048,21765,447488,6,37,37
10049,21765,458962,6,1,1
10050,21991,458962,3,1,1
10051,21765,460078,6,1,1
10052,21991,460078,3,1,1
10053,21765,462417,6,1,1
10054,21765,462435,3,1,1
10055,21991,462435,3,1,1
10056,21765,462791,6,1,1
10057,21765,465579,3,2,2
10058,21765,465581,3,1,1
10059,21991,465581,3,1,1
10060,21765,465583,3,1,1
10061,21765,467511,6,1,1
10062,21765,467953,6,1,1
10063,21991,467953,3,1,1
10064,21765,468097,3,1,1
10065,21991,468097,3,1,1
10066,21765,468109,3,1,1
10067,21991,468109,3,1,1
10068,21765,468115,3,1,1
10069,21991,468115,3,1,1
10070,21765,469659,6,33,33
10071,21765,470305,2,1,1
10072,21765,470585,6,1,1
10073,21991,470585,3,1,1
10074,21765,473047,6,1,1
10075,21991,473047,3,1,1
10076,21765,474304,6,1,1
10077,21765,474615,6,4,4
10078,21765,477290,6,1,1
10079,21991,477290,3,1,1
10080,21765,477996,6,1,1
10081,21991,477996,3,1,1
10082,21765,478318,6,1,1
10083,21991,478318,3,1,1
10084,21765,479044,6,3,3
10085,21765,486597,2,1,1
10086,21765,490505,6,1,1
10087,21765,491617,6,1,1
10088,21765,501893,6,1,1
10089,21765,502146,6,1,1
10090,21991,502146,3,1,1
10091,21765,505053,6,1,1
10092,21765,506854,6,1,1
10093,21765,510614,6,1,1
10094,21765,511100,6,1,1
10095,21991,511100,3,1,1
10096,21765,512127,6,5,5
10097,21765,512748,6,1,1
10098,21765,516868,6,1,1
10099,21765,518904,2,1,1
10100,21765,521584,6,1,1
10101,21765,522664,6,1,1
10102,21765,523309,6,1,1
10103,21765,523310,6,1,1
10104,21765,524193,6,5,5
10105,21765,533067,6,1,1
10106,21765,533567,6,1,1
10107,21991,533567,3,1,1
10108,21765,536290,6,1,1
10109,21991,536290,3,1,1
10110,21765,537681,6,2,2
10111,21765,538544,6,1,1
10112,21765,541562,6,1,1
10113,21765,542120,6,1,1
10114,21765,542698,6,1,1
10115,21765,547237,6,3,3
10116,21765,553959,6,1,1
10117,21765,555223,2,1,1
10118,21765,560214,6,1,1
10119,21765,562670,6,1,1
10120,21765,564632,6,3,3
10121,21765,573244,6,1,1
10122,21765,581397,6,1,1
10123,21765,585942,6,1,1
10124,21765,598937,6,6,6
10125,21765,600346,6,1,1
10126,21765,600650,6,1,1
10127,21765,600949,6,1,1
10128,21765,603089,6,1,1
10129,21765,603983,6,1,1
10130,21765,613666,6,1,1
10131,21765,621928,6,2,2
10132,21765,630242,6,1,1
10133,21765,634427,6,21,21
10134,21765,635218,6,1,1
10135,21765,636688,6,1,1
10136,21765,642276,6,1,1
10137,21765,647852,6,1,1
10138,21765,649556,6,1,1
10139,21765,652201,6,1,1
10140,21765,652550,6,1,1
10141,21765,654038,6,1,1
10142,21765,655289,6,1,1
10143,21765,656376,6,1,1
10144,21765,661574,6,1,1
10145,21765,665461,6,1,1
10146,21765,669299,6,1,1
10147,21765,678767,6,2,2
10148,21765,688503,6,1,1
10149,21765,688725,6,4,4
10150,21765,691582,6,1,1
10151,21765,692794,6,1,1
10152,21765,693776,6,1,1
10153,21765,695008,6,1,1
10154,21765,698000,6,1,1
10155,21765,705667,6,1,1
10156,21765,705836,6,1,1
10157,21765,706424,6,1,1
10158,21765,709604,6,1,1
10159,21765,712818,6,1,1
10160,21765,727398,6,1,1
10161,21765,742010,6,1,1
10162,21765,743489,6,1,1
10163,21765,754951,6,1,1
10164,21765,755292,6,1,1
10165,21765,756491,6,1,1
10166,21765,757236,6,1,1
10167,21765,765015,6,6,6
10168,21765,767765,6,1,1
10169,21765,769457,6,1,1
10170,21765,775073,6,1,1
10171,21765,802109,3,2,2
10172,21765,806530,6,1,1
10173,21765,820819,6,3,3
10174,21765,830170,6,1,1
10175,21765,834278,6,1,1
10176,21765,851881,6,3,3
10177,21765,853259,6,2,2
10178,21765,862181,6,1,1
10179,21765,863954,6,4,4
10180,21765,872886,6,1,1
10181,21765,876571,6,1,1
10182,21765,883273,6,3,3
10183,21765,887030,6,9,9
10184,21765,889775,6,1,1
10185,21765,900792,6,1,1
10186,21765,919080,6,3,3
10187,21765,921465,6,1,1
10188,21765,923433,6,1,1
10189,21991,923433,3,1,1
10190,21765,925310,6,2,2
10191,21765,929561,6,2,2
10192,21765,930403,6,5,5
10193,21765,930414,6,1,1
10194,21765,933112,6,3,3
10195,21765,934920,6,2,2
10196,21987,934920,9,2,2
10197,21765,941544,6,2,2
10198,21765,955712,6,1,1
10199,21765,959288,6,1,1
10200,21765,963072,6,1,1
10201,21765,965726,6,3,3
10202,21765,972493,6,2,2
10203,21765,975368,6,1,1
10204,21987,975368,3,1,1
10205,21765,987693,6,1,1
10206,21765,995944,6,1,1
10207,21765,995997,6,3,3
10208,21765,999784,6,2,2
10209,21765,1006315,6,1,1
10210,21765,1006825,6,7,7
10211,21765,1014989,6,2,2
10212,21765,1020287,6,1,1
10213,21987,1020287,3,1,1
10214,21765,1021955,6,1,1
10215,21765,1024631,6,1,1
10216,21987,1024631,9,1,1
10217,21765,1027048,6,1,1
10218,21987,1027048,9,1,1
10219,21765,1029629,6,1,1
10220,21765,1030226,6,1,1
10221,21765,1033617,6,1,1
10222,21987,1033617,9,1,1
10223,21765,1033630,6,1,1
10224,21987,1033630,9,1,1
10225,21765,1039746,6,1,1
10226,21765,1039752,6,1,1
10227,21987,1039752,9,1,1
10228,21765,1040637,6,1,1
10229,21765,1040781,6,1,1
10230,21987,1040781,9,1,1
10231,21765,1044925,6,1,1
10232,21987,1044925,9,1,1
10233,21765,1045273,6,1,1
10234,21987,1045273,9,1,1
10235,21765,1045871,6,1,1
10236,21987,1045871,9,1,1
10237,21765,1048161,6,1,1
10238,21765,1049476,6,1,1
10239,21987,1049476,9,1,1
10240,21765,1049484,6,1,1
10241,21765,1051980,6,1,1
10242,21987,1051980,9,1,1
10243,21765,1056887,6,1,1
10244,21987,1056887,9,1,1
10245,21765,1058827,6,1,1
10246,21991,1058827,3,1,1
10247,21765,1058832,6,1,1
10248,21987,1058832,9,1,1
10249,21765,1061843,6,1,1
10250,21987,1061843,9,1,1
10251,21765,1062789,6,1,1
10252,21765,1065227,6,1,1
10253,21765,1066074,6,1,1
10254,21987,1066074,9,1,1
10255,21765,1072727,6,1,1
10256,21987,1072727,9,1,1
10257,21765,1073619,6,1,1
10258,21987,1073619,9,1,1
10259,21765,1073624,6,1,1
10260,21765,1075021,6,1,1
10261,21987,1075021,9,1,1
10262,21765,1076296,6,1,1
10263,21987,1076296,9,1,1
10264,21765,1081062,6,1,1
10265,21987,1081062,9,1,1
10266,21765,1083648,6,1,1
10267,21987,1083648,3,1,1
10268,21765,1083950,6,1,1
10269,21987,1083950,9,1,1
10270,21765,1084141,6,1,1
10271,21991,1084141,5,1,1
10272,21765,1086264,6,1,1
10273,21765,1098415,6,1,1
10274,21987,1098415,9,1,1
10275,21765,1200938,6,3,3
10276,21765,1203945,6,1,1
10277,21765,1235127,6,57,57
10278,21765,1245461,6,1,1
10279,21765,1250268,6,1,1
10280,21765,1253693,6,1,1
10281,21765,1285625,6,1,1
10282,21765,1290647,6,1,1
10283,21765,1293553,6,1,1
10284,21765,1298063,6,2,2
10285,21765,1306578,6,1,1
10286,21765,1322770,6,1,1
10287,21765,1323518,6,1,1
10288,21765,1324418,6,22,22
10289,21765,1329410,6,1,1
10290,21765,1330541,6,1,1
10291,21765,1341654,6,1,1
10292,21765,1344931,6,1,1
10293,21765,1345408,6,35,35
10294,21765,1348046,6,1,1
10295,21765,1354793,6,1,1
10296,21765,1355530,6,3,3
10297,21765,1357644,6,5,5
10298,21765,1360022,6,2,2
10299,21765,1364253,6,1,1
10300,21765,1371622,6,1,1
10301,21765,1373217,6,1,1
10302,21987,1373217,9,1,1
10303,21765,1373505,6,32,32
10304,21765,1374238,6,2,2
10305,21765,1375584,6,1,1
10306,21765,1376171,6,7,7
10307,21765,1376808,6,5,5
10308,21765,1377024,6,1,1
10309,21765,1380173,6,3,3
10310,21765,1386821,6,1,1
10311,21765,1387453,2,1,1
10312,21765,1388989,6,1,1
10313,21765,1391447,6,1,1
10314,21765,1392927,6,2,2
10315,21765,1393981,6,13,13
10316,21765,1396053,6,1,1
10317,21765,1399965,6,1,1
10318,21765,1404591,6,1,1
10319,21765,1409792,6,1,1
10320,21765,1413307,6,45,45
10321,21765,1414205,6,1,1
10322,21765,1419605,6,1,1
10323,21765,1420361,6,11,11
10324,21765,1434382,4,1,1
10325,21765,1436729,6,1,1
10326,21765,1439148,6,2,2
10327,21765,1441008,6,5,5
10328,21765,1442104,6,1,1
10329,21765,1442920,6,4,4
10330,21765,1446417,6,1,1
10331,21765,1446607,6,1,1
10332,21765,1447713,6,3,3
10333,21765,1449475,6,1,1
10334,21765,1451507,6,1,1
10335,21765,1451641,6,3,3
10336,21765,1452993,6,10,10
10337,21765,1454666,6,1,1
10338,21765,1457061,6,1,1
10339,21765,1458980,4,1,1
10340,21765,1459350,6,2,2
10341,21765,1460500,6,11,11
10342,21765,1461323,6,1,1
10343,21765,1462362,6,2,2
10344,21765,1464198,6,1,1
10345,21765,1464455,6,1,1
10346,21765,1466577,6,1,1
10347,21765,1467938,6,28,28
10348,21765,1470875,6,1,1
10349,21765,1472436,6,1,1
10350,21765,1475102,6,9,9
10351,21765,1475221,6,1,1
10352,21765,1477507,6,3,3
10353,21765,1478654,6,1,1
10354,21765,1485572,6,1,1
10355,21765,1486107,6,33,33
10356,21765,1486149,6,1,1
10357,21765,1487955,6,1,1
10358,21765,1487982,6,1,1
10359,21765,1488104,6,36,36
10360,21765,1488359,6,2,2
10361,21765,1489097,6,4,4
10362,21765,1489987,6,1,1
10363,21765,1493575,6,2,2
10364,21765,1495325,6,1,1
10365,21765,1496833,6,2,2
10366,21765,1497101,6,5,5
10367,21765,1497145,6,2,2
10368,21765,1498262,6,8,8
10369,21765,1498497,6,1,1
10370,21765,1500962,6,1,1
10371,21765,1502271,6,5,5
10372,21765,1504958,6,1,1
10373,21765,1505705,6,1,1
10374,21765,1505868,6,3,3
10375,21765,1506564,6,1,1
10376,21765,1508581,6,17,17
10377,21765,1511693,6,1,1
10378,21765,1511937,6,1,1
10379,21765,1513898,6,3,3
10380,21765,1516237,6,1,1
10381,21765,1519017,6,274391,274312
10382,21765,1519411,6,1,1
10383,21765,1520249,6,1,1
10384,21765,1520303,6,4,4
10385,21765,1520534,6,2,2
10386,21765,1524812,6,2,2
10387,21765,1525044,6,1,1
10388,21765,1526920,6,1,1
10389,21765,1527259,6,1,1
10390,21765,1527401,6,1,1
10391,21765,1529061,6,1,1
10392,21765,1532051,6,1,1
10393,21765,1532052,6,1,1
10394,21765,1533491,6,1,1
10395,21765,1534657,6,1,1
10396,21765,1534989,6,21,21
10397,21765,1535008,6,2,2
10398,21765,1536927,6,1,1
10399,21993,1536927,3,1,1
10400,21765,1541510,6,1,1
10401,21765,1553538,6,1,1
10402,21765,1554144,6,3,3
10403,21765,1556074,6,2,2
10404,21765,1558603,4,1,1
10405,21765,1564082,6,1,1
10406,21765,1566430,6,1,1
10407,21765,1569553,6,1,1
10408,21765,1571074,6,1,1
10409,21765,1572542,6,1,1
10410,21765,1586457,6,1,1
10411,21765,1587468,6,1,1
10412,21765,1589849,6,3,3
10413,21765,1615697,6,12,12
10414,21765,1634952,6,5,5
10415,21765,1676091,6,1,1
10416,21765,1709744,6,3,3
10417,21765,1713323,6,1,1
10418,21765,1714669,6,1,1
10419,21765,1717997,6,10,10
10420,21765,1718208,6,17,17
10421,21765,1718313,6,4,4
10422,21765,1719818,6,1,1
10423,21991,1719818,3,1,1
10424,21765,1721691,6,1,1
10425,21765,1723434,6,3,3
10426,21765,1723456,6,1,1
10427,21765,1725791,6,1,1
10428,21765,1726334,6,1,1
10429,21765,1728125,6,1,1
10430,21765,1728172,6,1,1
10431,21765,1730696,6,4,4
10432,21765,1733557,6,1,1
10433,21765,1735169,3,1,1
10434,21765,1735875,6,1,1
10435,21765,1736276,6,1,1
10436,21765,1736874,6,1,1
10437,21765,1739911,6,1,1
10438,21987,1739911,9,1,1
10439,21765,1739997,6,2,2
10440,21765,1740239,6,6,6
10441,21765,1742339,6,4,4
10442,21765,1743049,6,2,2
10443,21765,1743786,6,1,1
10444,21765,1745784,6,1,1
10445,21765,1745821,6,1,1
10446,21765,1746192,6,3,3
10447,21765,1746977,6,2,2
10448,21765,1748319,6,1,1
10449,21991,1748319,3,1,1
10450,21765,1753728,2,1,1
10451,21765,1754982,6,3,3
10452,21765,1756224,6,1,1
10453,21765,1765379,6,1,1
10454,21765,1768998,6,2,2
10455,21765,1785663,6,1,1
10456,21765,1786445,6,3,3
10457,21765,1786677,6,5,5
10458,21765,1787732,6,2,2
10459,21765,1789123,6,2,2
10460,21765,1792222,6,4,4
10461,21765,1795812,6,1,1
10462,21991,1795812,3,1,1
10463,21765,1799996,6,1,1
10464,21765,1810796,6,1,1
10465,21765,1818368,6,1,1
10466,21765,1819252,6,1,1
10467,21765,1821233,6,1,1
10468,21987,1821233,4,1,1
10469,21994,1821233,2,1,1
10470,21765,1822620,6,1,1
10471,21765,1827353,6,30,30
10472,21765,1828119,6,1,1
10473,21765,1828639,6,7,7
10474,21765,1832794,6,1,1
10475,21765,1833446,6,1,1
10476,21765,1836383,6,1,1
10477,21765,1838951,6,11,11
10478,21765,1839004,6,1,1
10479,21765,1842658,6,1,1
10480,21765,1854739,6,25698,25694
10481,21991,1854739,3,25668,25658
10482,22194,1854739,3,25698,25698
10483,21765,1858326,6,1,1
10484,21765,1863407,6,1,1
10485,21765,1866233,6,1,1
10486,21765,1872978,6,1,1
10487,21765,1877493,6,1,1
10488,21765,1877881,6,1,1
10489,21765,1898774,6,1,1
10490,21765,1905217,6,1,1
10491,21765,2011807,6,1,1
10492,21991,2011807,3,1,1
10493,21765,2015207,6,1,1
10494,21765,2039062,6,1,1
10495,21765,2043696,6,1,1
10496,21991,2043696,3,1,1
10497,21765,2045631,6,1,1
10498,21991,2045631,3,1,1
10499,21765,2046480,6,1,1
10500,21991,2046480,3,1,1
10501,21765,2048703,6,1,1
10502,21991,2048703,3,1,1
10503,21765,2057866,6,1,1
10504,21765,2065096,2,1,1
10505,21765,2067354,6,1,1
10506,21991,2067354,3,1,1
10507,21765,2078769,6,1,1
10508,21765,2081173,6,1,1
10509,21991,2081173,3,1,1
10510,21765,2081230,6,1,1
10511,21765,2082334,6,1,1
10512,21765,2082376,6,1,1
10513,21765,2084258,6,1,1
10514,21765,2084526,2,1,1
10515,21765,2084998,6,1,1
10516,21765,2085846,6,1,1
10517,21765,2087335,2,1,1
10518,21765,2087591,2,1,1
10519,21765,2087939,2,1,1
10520,21765,2088197,2,1,1
10521,21765,2088274,2,1,1
10522,21765,2089376,2,1,1
10523,21765,2089996,6,1,1
10524,21991,2089996,3,1,1
10525,21765,2092126,2,1,1
10526,21765,2092147,2,1,1
10527,21765,2092185,2,1,1
10528,21765,2094253,2,1,1
10529,21765,2096159,2,1,1
10530,21765,2097509,2,1,1
10531,21765,2098893,2,1,1
10532,21765,2099097,6,1,1
10533,21765,2100241,2,1,1
10534,21765,2100438,2,1,1
10535,21765,2101800,2,1,1
10536,21765,2104216,2,1,1
10537,21765,2104699,2,1,1
10538,21765,2110591,2,1,1
10539,21765,2111855,2,1,1
10540,21765,2112185,6,1,1
10541,21991,2112185,3,1,1
10542,21765,2113421,2,1,1
10543,21765,2113479,2,1,1
10544,21765,2117903,6,1,1
10545,21991,2117903,3,1,1
10546,21765,2119245,2,1,1
10547,21765,2122487,2,1,1
10548,21765,2123425,2,1,1
10549,21765,2128720,2,1,1
10550,21765,2128729,2,1,1
10551,21765,2141405,6,1,1
10552,21991,2141405,3,1,1
10553,21765,2142010,2,1,1
10554,21765,2144044,4,1,1
10555,21765,2148699,2,1,1
10556,21765,2152973,6,1,1
10557,21991,2152973,3,1,1
10558,21765,2157359,6,1,1
10559,21765,2159171,6,1,1
10560,21991,2159171,3,1,1
10561,21765,2162916,6,1,1
10562,21765,2165296,6,1,1
10563,21765,2165689,6,1,1
10564,21765,2165772,6,1,1
10565,21765,2176244,6,1,1
10566,21765,2181357,6,1,1
10567,21991,2181357,3,1,1
10568,21765,2183979,4,1,1
10569,21765,2191489,6,1,1
10570,21765,2195705,6,1,1
10571,21991,2195705,3,1,1
10572,21765,2213961,6,1,1
10573,21991,2213961,3,1,1
10574,21765,2224274,6,1,1
10575,21991,2224274,3,1,1
10576,21765,2226548,6,1,1
10577,21991,2226548,3,1,1
10578,21765,2226675,2,1,1
10579,21765,2230257,6,1,1
10580,21991,2230257,3,1,1
10581,21765,2236508,6,1,1
10582,21765,2236519,6,1,1
10583,21765,2239215,6,1,1
10584,21765,2253848,6,1,1
10585,21991,2253848,3,1,1
10586,21765,2255070,6,1,1
10587,21991,2255070,3,1,1
10588,21765,2257217,6,1,1
10589,21991,2257217,3,1,1
10590,21765,2260228,6,1,1
10591,21991,2260228,3,1,1
10592,21765,2271886,6,1,1
10593,21765,2274982,6,1,1
10594,21765,2280878,6,1,1
10595,21991,2280878,3,1,1
10596,21765,2289279,6,1,1
10597,21765,2289341,6,1,1
10598,21991,2289341,3,1,1
10599,21765,2289506,6,1,1
10600,21765,2294277,6,1,1
10601,21765,2298587,6,1,1
10602,21991,2298587,3,1,1
10603,21765,2303957,6,1,1
10604,21765,2306690,6,1,1
10605,21765,2322347,6,1,1
10606,21991,2322347,3,1,1
10607,21765,2324561,6,1,1
10608,21765,2330596,6,1,1
10609,21991,2330596,3,1,1
10610,21765,2333274,6,1,1
10611,21765,2358737,6,1,1
10612,21991,2358737,3,1,1
10613,21765,2360957,6,1,1
10614,21765,2365010,6,1,1
10615,21765,2365471,6,1,1
10616,21765,2365992,6,1,1
10617,21765,2372395,6,1,1
10618,21765,2392259,6,1,1
10619,21765,2402054,6,1,1
10620,21765,2403128,6,1,1
10621,21765,2404968,6,1,1
10622,21765,2405750,6,1,1
10623,21765,2410503,6,1,1
10624,21765,2414635,6,1,1
10625,21765,2415482,6,1,1
10626,21765,2416237,6,1,1
10627,21765,2426045,6,1,1
10628,21765,2438086,6,1,1
10629,21765,2448048,6,1,1
10630,21765,2452814,6,1,1
10631,21765,2459674,6,1,1
10632,21765,2464147,6,1,1
10633,21765,2476039,6,1,1
10634,21765,2486621,6,1,1
10635,21765,2489140,6,1,1
10636,21765,2491152,6,1,1
10637,21765,2498565,6,1,1
10638,21765,2510006,6,1,1
10639,21765,2512550,6,1,1
10640,21765,2514540,6,1,1
10641,21765,2523013,6,1,1
10642,21765,2550338,6,1,1
10643,21765,2554288,6,1,1
10644,21765,2561264,6,1,1
10645,21765,2590793,6,1,1
10646,21765,2744070,6,1,1
10647,21765,2761409,6,1,1
10648,21765,2776259,6,1,1
10649,21765,2799880,6,1,1
10650,21765,2847615,6,1,1
10651,21987,2847615,9,1,1
10652,21765,2857425,6,1,1
10653,21765,2883038,6,1,1
10654,21765,3089139,6,1,1
10655,21765,3092694,6,1,1
10656,21765,3097642,6,1,1
10657,21765,3142572,6,1,1
10658,21765,3166094,6,1,1
10659,21765,3178019,6,1,1
10660,21765,3179781,6,1,1
10661,21765,3201770,6,1,1
10662,21765,3209969,6,1,1
10663,21765,3214257,6,1,1
10664,21765,3214502,6,1,1
10665,21991,3214502,3,1,1
10666,21765,3217310,6,1,1
10667,21765,3227135,6,1,1
10668,21765,3227143,6,1,1
10669,21765,3239305,6,1,1
10670,21765,3242274,6,1,1
10671,21765,3242560,6,1,1
10672,28370,3242560,1,1,1
10673,21765,3253806,6,1,1
10674,21765,3298231,6,1,1
10675,21765,3311130,6,1,1
10676,21765,3350087,6,1,1
10677,21765,3351201,6,1,1
10678,21765,3355955,6,1,1
10679,21765,3357118,6,1,1
10680,21765,3357788,6,1,1
10681,21765,3359727,6,1,1
10682,21765,3363222,3,1,1
10683,21765,3365747,6,1,1
10684,21765,3368332,6,1,1
10685,21765,3376540,6,1,1
10686,21765,3390622,6,1,1
10687,21765,3397776,2,11,11
10688,21765,3397801,2,10,10
10689,21765,3397811,2,8,8
10690,21765,3397843,2,2,2
10691,21765,3397847,2,3,3
10692,21765,3397902,2,9,9
10693,21765,3397916,2,2,2
10694,21765,3397960,2,26,26
10695,21765,3397971,2,4,4
10696,21765,3398064,2,72,72
10697,21765,3398070,2,4,4
10698,21765,3398140,2,6,6
10699,21765,3398146,2,2,2
10700,21765,3398160,6,14,14
10701,21765,3398184,6,7,7
10702,21765,3398240,6,11,11
10703,21765,3398287,2,54,54
10704,21765,3398372,2,20,20
10705,21765,3398454,2,31,31
10706,21765,3398492,2,4,4
10707,21765,3398541,2,2,2
10708,21765,3398542,2,4,4
10709,21765,3398552,2,3,3
10710,21765,3398575,2,3,3
10711,21765,3398577,2,3,3
10712,21765,3398603,2,2,2
10713,21765,3398615,2,4,4
10714,21765,3398748,2,4,4
10715,21765,3398792,2,2,2
10716,21765,3398794,2,10,10
10717,21765,3398834,6,107,107
10718,21765,3399018,6,3,3
10719,21765,3399055,6,2256,2256
10720,21765,3399103,2,72,72
10721,21765,3399146,6,24,24
10722,21765,3399150,6,26,26
10723,21765,3399170,2,2,2
10724,21765,3399230,6,3,3
10725,21765,3399236,2,3,3
10726,21765,3399538,2,3,3
10727,21765,3399552,6,4,4
10728,21765,3399749,6,9,9
10729,21765,3399820,6,8,8
10730,21765,3399934,6,43,43
10731,21765,3400004,6,47,47
10732,21765,3400041,6,9,9
10733,21765,3400156,6,4,4
10734,21765,3400166,6,17,17
10735,21765,3400239,6,3,3
10736,21765,3400273,6,3,3
10737,21765,3400275,2,2,2
10738,21765,3400327,6,10,10
10739,21765,3400390,2,2,2
10740,21765,3400485,6,11,11
10741,21765,3400514,2,4,4
10742,21765,3400544,6,2,2
10743,21765,3400606,6,6,6
10744,21765,3400617,2,2,2
10745,21765,3400621,2,26,26
10746,21765,3400635,6,2,2
10747,21765,3400638,2,5,5
10748,21765,3400657,6,2,2
10749,21765,3400685,6,4,4
10750,21765,3400902,6,6,6
10751,21765,3401021,6,2,2
10752,21765,3401052,6,5,5
10753,21765,3401158,2,4,4
10754,21765,3401245,6,498,498
10755,21765,3401260,2,4,4
10756,21765,3401280,6,2,2
10757,21765,3401396,6,18,18
10758,21765,3401415,6,7,7
10759,21765,3401659,6,20,20
10760,21765,3401741,6,3,3
10761,21765,3401913,6,8,8
10762,21765,3402018,6,8,8
10763,21765,3402112,6,3,3
10764,21765,3402256,2,3,3
10765,21765,3402273,6,41,41
10766,21765,3402307,6,2,2
10767,21765,3402319,6,7,7
10768,21765,3402343,6,2,2
10769,21765,3402385,6,3,3
10770,21765,3402454,6,3,3
10771,21765,3402896,6,3,3
10772,21765,3402980,6,2,2
10773,21765,3403452,2,2,2
10774,21765,3403489,2,32,32
10775,21765,3403559,4,2,2
10776,21765,3403628,6,112,112
10777,21765,3403739,2,8,8
10778,21765,3403971,2,24,24
10779,21765,3404033,2,22,22
10780,21765,3404038,2,8,8
10781,21765,3404090,6,14,13
10782,21765,3404153,2,5,5
10783,21765,3404197,2,4,4
10784,21765,3404293,6,4,4
10785,21765,3404355,2,2,2
10786,21765,3404367,2,4,4
10787,21765,3404515,2,7,7
10788,21765,3404535,2,17,17
10789,21765,3404597,2,2,2
10790,21765,3404695,6,2,2
10791,21765,3404864,6,8,8
10792,21765,3404904,2,2,2
10793,21765,3404907,2,2,2
10794,21765,3404966,2,6,6
10795,21765,3405080,6,3,3
10796,21765,3405103,6,35,35
10797,21765,3405121,6,6,6
10798,21765,3405154,2,3,3
10799,21765,3405215,2,3,3
10800,21765,3405274,6,2,2
10801,21991,3405274,3,2,2
10802,21765,3405322,2,11,11
10803,21765,3405363,2,3,3
10804,21765,3405373,2,7,7
10805,21765,3405382,6,169,169
10806,21765,3405482,6,20,20
10807,21765,3405566,6,21,21
10808,21765,3405625,6,7,7
10809,21765,3405673,2,10,10
10810,21765,3405898,6,2,2
10811,21765,3405939,6,2,2
10812,21765,3406335,6,6,6
10813,21765,3406524,6,2,2
10814,21765,3406592,6,2,2
10815,21765,3406605,2,2,2
10816,21765,3406623,6,2,2
10817,21765,3406702,2,2,2
10818,21765,3406713,6,3,3
10819,21765,3406729,6,2,2
10820,21991,3406729,3,2,2
10821,21765,3406737,6,5,5
10822,21991,3406737,3,5,5
10823,21765,3406739,6,2,2
10824,21991,3406739,3,2,2
10825,21765,3406740,6,4,4
10826,21991,3406740,3,4,4
10827,21765,3406754,6,3,3
10828,21765,3406770,6,2,2
10829,21991,3406770,3,2,2
10830,21765,3406956,6,2,2
10831,21765,3407120,3,2,2
10832,21765,3407908,6,2,2
10833,21765,3407938,6,3,3
10834,21765,3408559,6,13,10
10835,21765,3408942,6,3,3
10836,21766,200945,5,1,1
10837,21766,210496,2,2,2
10838,21766,1241068,5,1,1
10839,21766,1283635,5,2,2
10840,21766,1288105,5,2,2
10841,21766,1299919,5,1,1
10842,21766,1344193,5,1,1
10843,21766,1350429,5,1,1
10844,21766,2412553,5,1,1
10845,21766,3010095,5,1,1
10846,21766,3060291,5,1,1
10847,21766,3376435,3,1,1
10848,21766,3403056,5,2,2
10849,21766,3403347,5,2,2
10850,21766,3403890,5,8,8
10851,21767,208919,4,1,1
10852,21767,249118,4,2,2
10853,21767,321934,4,1,1
10854,21767,376916,4,1,1
10855,21991,376916,3,1,1
10856,21767,396288,4,1,1
10857,21991,396288,3,1,1
10858,21767,494562,4,1,1
10859,21991,494562,3,1,1
10860,21767,511146,4,1,1
10861,21767,511178,4,1,1
10862,21767,533596,4,1,1
10863,21991,533596,3,1,1
10864,21767,619092,4,1,1
10865,21767,1098222,4,1,1
10866,21767,1745762,3,1,1
10867,21767,2095486,4,1,1
10868,21767,2131332,4,1,1
10869,21767,2183227,4,1,1
10870,21767,3362166,4,1,1
10871,21767,3397922,4,2,2
10872,21767,3405407,4,2,2
10873,21767,3406836,4,3,3
10874,21991,3406836,3,3,3
10875,21767,3409259,4,2,2
10876,21768,321155,3,1,1
10877,21768,422120,3,1,1
10878,21768,426171,3,3,3
10879,21768,2165771,3,1,1
10880,21768,3381277,3,1,1
10881,21768,3400476,1,5,5
10882,21768,3409222,3,2,2
10883,21769,195513,2,3,3
10884,21769,200922,2,1,1
10885,21991,200922,3,1,1
10886,21769,212235,1,3,3
10887,21769,352396,2,1,1
10888,21769,378377,2,1,1
10889,21769,533592,2,1,1
10890,21769,1185116,1,1,1
10891,21769,1597542,2,2,2
10892,21769,1774906,2,1,1
10893,21769,2123314,2,1,1
10894,21991,2123314,3,1,1
10895,21769,2351959,2,1,1
10896,21769,3227103,2,1,1
10897,21769,3400170,2,3,3
10898,21770,712247,1,1,1
10899,21770,2268782,1,1,1
10900,21987,1774,7,1,1
10901,21987,3664,7,1,1
10902,21987,6380,4,1,1
10903,21987,8284,7,1,1
10904,21987,8298,3,11,11
10905,21987,11091,7,1,1
10906,21987,12261,7,1,1
10907,21987,14155,6,1,1
10908,21987,14541,4,1,1
10909,21987,15274,9,1,1
10910,21987,15444,7,6,6
10911,21987,16386,7,2,2
10912,21987,16481,7,1,1
10913,21987,16591,7,1,1
10914,21987,17134,6,1,1
10915,21987,17440,7,1,1
10916,21987,17495,7,1,1
10917,21987,17587,6,1,1
10918,21987,18152,7,1,1
10919,21987,18185,7,1,1
10920,21987,21027,7,1,1
10921,21987,23067,3,1,1
10922,21987,24871,7,1,1
10923,21987,25674,7,1,1
10924,21987,26663,7,1,1
10925,21987,29221,7,1,1
10926,21987,30799,3,3,3
10927,21987,34006,7,1,1
10928,21987,36692,7,1,1
10929,21987,41015,4,1,1
10930,21994,41015,2,1,1
10931,21987,44631,6,1,1
10932,21987,49418,7,1,1
10933,21987,51695,3,1,1
10934,21987,58720,7,1,1
10935,21987,59225,9,1,1
10936,21987,62089,3,1,1
10937,21987,62123,7,1,1
10938,21987,62400,7,1,1
10939,21987,63329,3,1,1
10940,21987,65614,7,2,2
10941,21987,72107,9,1,1
10942,21987,73668,3,1,1
10943,21987,73813,4,1,1
10944,21994,73813,2,1,1
10945,21987,78217,9,1,1
10946,21987,82972,3,1,1
10947,21987,84025,7,1,1
10948,21987,85690,4,1,1
10949,21987,88800,7,1,1
10950,21987,92256,7,5,5
10951,21987,95077,4,1,1
10952,21987,95193,3,1,1
10953,21987,95969,4,1,1
10954,21994,95969,2,1,1
10955,21987,99326,9,1,1
10956,21987,108090,7,3,3
10957,21987,110133,7,1,1
10958,21987,110861,3,1,1
10959,21987,115226,4,1,1
10960,21987,116882,4,1,1
10961,21987,118825,3,1,1
10962,21987,120123,4,1,1
10963,21994,120123,2,1,1
10964,21987,121981,7,1,1
10965,21987,124923,4,6,6
10966,21987,135683,7,1,1
10967,21987,144144,1,1,1
10968,21987,144151,1,1,1
10969,21987,145879,1,1,1
10970,21987,149426,7,1,1
10971,21987,150518,7,1,1
10972,21987,150965,1,1,1
10973,21987,151894,4,1,1
10974,21987,152415,1,1,1
10975,21987,160166,7,1,1
10976,21987,160451,4,1,1
10977,21987,164780,4,1,1
10978,21987,170246,7,1,1
10979,21987,174251,7,1,1
10980,21987,176378,9,2,2
10981,21987,178388,1,1,1
10982,21987,178714,7,12,12
10983,21987,180403,3,1,1
10984,21987,183111,3,1,1
10985,21987,183817,6,1,1
10986,21987,186422,6,1,1
10987,21987,188735,4,1,1
10988,21994,188735,2,1,1
10989,21987,189183,9,5,5
10990,21987,196808,4,1,1
10991,21987,204634,7,4,4
10992,21987,216959,3,1,1
10993,21987,218675,7,2,2
10994,21987,221831,2,1,1
10995,21987,223501,7,8,8
10996,21987,224079,2,1,1
10997,21987,228785,4,1,1
10998,21987,229959,9,1,1
10999,21987,233377,9,1,1
11000,21987,236021,4,2,2
11001,21987,236331,4,1,1
11002,21994,236331,2,1,1
11003,21987,242704,4,3,3
11004,21987,242902,2,1,1
11005,21987,252904,1,1,1
11006,21987,255541,4,2,2
11007,21987,280334,4,1,1
11008,21987,282829,3,2,2
11009,21987,284831,4,1,1
11010,21994,284831,2,1,1
11011,21987,287477,1,1,1
11012,21987,290763,4,1,1
11013,21987,293073,3,14,14
11014,21987,293737,4,1,1
11015,21987,294435,1,1,1
11016,21987,295319,2,1,1
11017,21987,300375,1,1,1
11018,21987,300392,1,1,1
11019,21987,300588,1,1,1
11020,21987,300644,2,1,1
11021,21987,300689,1,1,1
11022,21987,305086,3,1,1
11023,21987,305896,2,1,1
11024,21987,306263,1,1,1
11025,21987,306417,1,1,1
11026,21987,306441,1,3,3
11027,21987,308087,7,1,1
11028,21987,312389,7,2,2
11029,21987,316605,1,1,1
11030,21987,319717,4,1,1
11031,21987,320290,4,1,1
11032,21987,332597,1,1,1
11033,21987,333902,7,12,12
11034,21987,336664,4,2,2
11035,21987,365241,3,1,1
11036,21987,374485,1,1,1
11037,21987,393356,1,1,1
11038,21987,396738,3,1,1
11039,21987,410811,7,2,2
11040,21987,422655,3,1,1
11041,21987,428138,4,1,1
11042,21987,461990,6,1,1
11043,21987,488532,3,1,1
11044,21987,507998,5,15,13
11045,21987,516350,6,1,1
11046,21987,531013,7,1,1
11047,21987,532659,6,1,1
11048,21987,533242,6,1,1
11049,21987,546943,1,1,1
11050,21987,547178,1,4,4
11051,21987,587437,9,1,1
11052,21987,610528,1,1,1
11053,21987,614068,6,1,1
11054,21987,618122,6,1,1
11055,21987,618580,9,1,1
11056,21987,622136,6,1,1
11057,21987,622392,1,1,1
11058,21987,624988,7,1,1
11059,21987,641202,6,1,1
11060,21987,653047,1,5,5
11061,21987,697997,2,1,1
11062,21987,705155,3,1,1
11063,21987,706468,9,31,31
11064,21987,722802,3,1,1
11065,21987,725001,9,1,1
11066,21987,727919,7,1,1
11067,21987,738501,6,1,1
11068,21987,743433,1,2,2
11069,21987,747475,7,1,1
11070,21987,749683,9,1,1
11071,21987,774950,6,1,1
11072,21987,775144,6,1,1
11073,21987,791482,3,1,1
11074,21987,797008,1,2,2
11075,21987,802164,7,15,15
11076,21987,820088,6,1,1
11077,21987,821182,9,1,1
11078,21987,822195,3,1,1
11079,21987,858168,9,3,3
11080,21987,878567,9,1,1
11081,21987,892764,9,2,2
11082,21987,898183,4,3,3
11083,21987,920717,6,1,1
11084,21987,929519,7,1,1
11085,21987,968762,9,1,1
11086,21987,986732,9,1,1
11087,21987,987787,2,1,1
11088,21987,992716,3,1,1
11089,21987,1006550,1,6,6
11090,21987,1024950,9,1,1
11091,21987,1034301,3,3,3
11092,21987,1042999,6,1,1
11093,21987,1045383,9,1,1
11094,21987,1054915,1,2,2
11095,21987,1073786,4,2,2
11096,21987,1084142,4,2,2
11097,21987,1158577,7,1,1
11098,21987,1297285,9,1,1
11099,21987,1358351,7,1,1
11100,21987,1491735,9,1,1
11101,21987,1527760,9,1,1
11102,21987,1550561,3,1,1
11103,21987,1556966,4,1,1
11104,21994,1556966,2,1,1
11105,21987,1564685,3,1,1
11106,21987,1570273,6,1,1
11107,21987,1608653,9,1,1
11108,21987,1616771,7,1,1
11109,21987,1622277,9,1,1
11110,21987,1632737,9,1,1
11111,21987,1633090,9,1,1
11112,21987,1643202,9,1,1
11113,21987,1648711,6,1,1
11114,21987,1657044,2,1,1
11115,21987,1658714,9,1,1
11116,21987,1659503,6,1,1
11117,21987,1674933,9,1,1
11118,21987,1677789,4,1,1
11119,21987,1677828,9,1,1
11120,21987,1679681,9,1,1
11121,21987,1685137,9,1,1
11122,21987,1688182,7,1,1
11123,21987,1691761,9,1,1
11124,21987,1693405,9,1,1
11125,21987,1696592,9,2,2
11126,21987,1696778,9,1,1
11127,21987,1698695,4,1,1
11128,21987,1699016,9,1,1
11129,21987,1705459,9,1,1
11130,21987,1708443,4,1,1
11131,21994,1708443,2,1,1
11132,21987,1720470,9,1,1
11133,21987,1723389,9,1,1
11134,21987,1726046,4,1,1
11135,21994,1726046,2,1,1
11136,21987,1732968,9,1,1
11137,21987,1733866,2,1,1
11138,21987,1735140,6,1,1
11139,21987,1738605,9,1,1
11140,21987,1738837,4,1,1
11141,21987,1739178,4,1,1
11142,21994,1739178,2,1,1
11143,21987,1739533,4,1,1
11144,21994,1739533,2,1,1
11145,21987,1740486,9,1,1
11146,21987,1741339,9,1,1
11147,21987,1741494,4,1,1
11148,21994,1741494,2,1,1
11149,21987,1742464,9,1,1
11150,21987,1743701,9,1,1
11151,21987,1743769,2,1,1
11152,21987,1746381,4,1,1
11153,21994,1746381,2,1,1
11154,21987,1747648,2,1,1
11155,21987,1747849,2,14,14
11156,21987,1750801,9,1,1
11157,21987,1753527,4,1,1
11158,21987,1755494,4,3,3
11159,21987,1758029,4,1,1
11160,21987,1758054,4,1,1
11161,21987,1758836,4,1,1
11162,21987,1761431,4,2,2
11163,21994,1761431,2,2,2
11164,21987,1763148,4,1,1
11165,21994,1763148,2,1,1
11166,21987,1763401,4,1,1
11167,21994,1763401,2,1,1
11168,21987,1763620,4,1,1
11169,21994,1763620,2,1,1
11170,21987,1765937,4,1,1
11171,21987,1771587,2,1,1
11172,21987,1772105,4,1,1
11173,21987,1772902,4,1,1
11174,21994,1772902,2,1,1
11175,21987,1774107,4,1,1
11176,21994,1774107,2,1,1
11177,21987,1775605,4,1,1
11178,21994,1775605,2,1,1
11179,21987,1780409,4,1,1
11180,21994,1780409,2,1,1
11181,21987,1780708,1,2,2
11182,21987,1782033,4,2,2
11183,21987,1782615,4,1,1
11184,21994,1782615,2,1,1
11185,21987,1785691,4,1,1
11186,21987,1789936,4,1,1
11187,21987,1790141,2,1,1
11188,21987,1791327,4,1,1
11189,21987,1791369,4,1,1
11190,21994,1791369,2,1,1
11191,21987,1792167,4,1,1
11192,21987,1793493,4,1,1
11193,21994,1793493,2,1,1
11194,21987,1793830,4,1,1
11195,21994,1793830,2,1,1
11196,21987,1793845,4,2,2
11197,21987,1793887,4,1,1
11198,21994,1793887,2,1,1
11199,21987,1793918,4,1,1
11200,21987,1795909,2,1,1
11201,21987,1796143,4,5,5
11202,21987,1796202,4,3,3
11203,21994,1796202,2,3,3
11204,21987,1797925,4,1,1
11205,21994,1797925,2,1,1
11206,21987,1798402,4,1,1
11207,21987,1799319,4,1,1
11208,21994,1799319,2,1,1
11209,21987,1800241,4,1,1
11210,21994,1800241,1,1,1
11211,21987,1800849,4,1,1
11212,21987,1800874,4,1,1
11213,21994,1800874,2,1,1
11214,21987,1800901,4,2,2
11215,21994,1800901,2,2,2
11216,21987,1801235,2,1,1
11217,21987,1801882,4,1,1
11218,21994,1801882,1,1,1
11219,21987,1802636,4,2,2
11220,21994,1802636,2,2,2
11221,21987,1802735,4,1,1
11222,21987,1802885,2,1,1
11223,21987,1802890,4,1,1
11224,21994,1802890,1,1,1
11225,21987,1803589,4,1,1
11226,21994,1803589,2,1,1
11227,21987,1804251,2,1,1
11228,21987,1804917,4,1,1
11229,21994,1804917,2,1,1
11230,21987,1806169,4,1,1
11231,21994,1806169,2,1,1
11232,21987,1806242,4,1,1
11233,21994,1806242,2,1,1
11234,21987,1807436,2,1,1
11235,21987,1808731,4,1,1
11236,21987,1808811,1,1,1
11237,21987,1811213,4,1,1
11238,21994,1811213,2,1,1
11239,21987,1813085,2,2,2
11240,21987,1814297,4,1,1
11241,21987,1815053,4,1,1
11242,21994,1815053,2,1,1
11243,21987,1815918,4,1,1
11244,21987,1816327,1,2,2
11245,21987,1816625,4,1,1
11246,21987,1817842,4,1,1
11247,21987,1819224,4,1,1
11248,21994,1819224,2,1,1
11249,21987,1819458,4,1,1
11250,21994,1819458,2,1,1
11251,21987,1820322,4,1,1
11252,21994,1820322,2,1,1
11253,21987,1820324,4,1,1
11254,21987,1820543,4,1,1
11255,21987,1820773,4,1,1
11256,21987,1821062,4,1,1
11257,21987,1821362,4,1,1
11258,21994,1821362,2,1,1
11259,21987,1821449,4,1,1
11260,21987,1823280,4,1,1
11261,21994,1823280,2,1,1
11262,21987,1824312,4,1,1
11263,21987,1825152,4,1,1
11264,21994,1825152,2,1,1
11265,21987,1825927,4,1,1
11266,21987,1826175,4,1,1
11267,21994,1826175,2,1,1
11268,21987,1826936,4,1,1
11269,21994,1826936,2,1,1
11270,21987,1827239,4,1,1
11271,21994,1827239,2,1,1
11272,21987,1827252,4,1,1
11273,21994,1827252,2,1,1
11274,21987,1828150,4,2,2
11275,21994,1828150,2,2,2
11276,21987,1828911,4,1,1
11277,21987,1829392,4,1,1
11278,21994,1829392,2,1,1
11279,21987,1831985,4,1,1
11280,21994,1831985,2,1,1
11281,21987,1832240,4,1,1
11282,21994,1832240,2,1,1
11283,21987,1833211,4,1,1
11284,21987,1836221,4,1,1
11285,21994,1836221,1,1,1
11286,21987,1838676,4,1,1
11287,21987,1840455,4,1,1
11288,21987,1840864,4,1,1
11289,21994,1840864,2,1,1
11290,21987,1841014,3,2,2
11291,21987,1841372,4,1,1
11292,21987,1844933,4,1,1
11293,21994,1844933,2,1,1
11294,21987,1846133,4,1,1
11295,21994,1846133,2,1,1
11296,21987,1847423,4,1,1
11297,21994,1847423,1,1,1
11298,21987,1849339,4,1,1
11299,21994,1849339,2,1,1
11300,21987,1849626,4,1,1
11301,21994,1849626,2,1,1
11302,21987,1850007,4,3,3
11303,21987,1851145,4,1,1
11304,21994,1851145,1,1,1
11305,21987,1851589,4,2,2
11306,21987,1853742,4,1,1
11307,21994,1853742,2,1,1
11308,21987,1853802,4,1,1
11309,21994,1853802,2,1,1
11310,21987,1853917,4,1,1
11311,21994,1853917,2,1,1
11312,21987,1854074,4,1,1
11313,21987,1854339,4,1,1
11314,21994,1854339,2,1,1
11315,21987,1854630,4,1,1
11316,21994,1854630,2,1,1
11317,21987,1855332,4,1,1
11318,21994,1855332,2,1,1
11319,21987,1855369,4,1,1
11320,21987,1855393,4,1,1
11321,21994,1855393,2,1,1
11322,21987,1856566,4,1,1
11323,21994,1856566,2,1,1
11324,21987,1856680,4,1,1
11325,21987,1861924,4,1,1
11326,21987,1862025,4,1,1
11327,21987,1862181,4,1,1
11328,21994,1862181,1,1,1
11329,21987,1863138,4,1,1
11330,21994,1863138,1,1,1
11331,21987,1863846,4,1,1
11332,21987,1864604,4,1,1
11333,21987,1864782,4,1,1
11334,21987,1865082,4,1,1
11335,21987,1865151,4,1,1
11336,21987,1866430,4,1,1
11337,21994,1866430,2,1,1
11338,21987,1867186,4,1,1
11339,21994,1867186,2,1,1
11340,21987,1867641,4,1,1
11341,21994,1867641,2,1,1
11342,21987,1869411,4,1,1
11343,21994,1869411,2,1,1
11344,21987,1869649,4,1,1
11345,21987,1870104,4,1,1
11346,21987,1873070,4,1,1
11347,21994,1873070,1,1,1
11348,21987,1874684,4,1,1
11349,21994,1874684,2,1,1
11350,21987,1880890,4,1,1
11351,21994,1880890,1,1,1
11352,21987,1887113,4,1,1
11353,21994,1887113,2,1,1
11354,21987,1899897,5,1,1
11355,21987,1900584,7,1,1
11356,21987,1900674,7,1,1
11357,21987,1901691,3,1,1
11358,21987,1903987,7,1,1
11359,21987,1904303,3,1,1
11360,21987,1904540,7,1,1
11361,21987,1907451,7,1,1
11362,21987,1916738,7,1,1
11363,21987,1917056,7,1,1
11364,21987,1919732,7,1,1
11365,21987,1930126,7,1,1
11366,21987,1943840,7,1,1
11367,21987,1958455,7,1,1
11368,21987,1960959,7,1,1
11369,21987,1964073,3,1,1
11370,21987,1973440,3,1,1
11371,21987,1976481,7,1,1
11372,21987,1982756,7,1,1
11373,21987,1984925,3,1,1
11374,21987,1986590,3,1,1
11375,21987,1995018,4,1,1
11376,21994,1995018,2,1,1
11377,21987,2002886,4,1,1
11378,21987,2003270,3,1,1
11379,21987,2008943,1,1,1
11380,21987,2015860,3,1,1
11381,21987,2017723,7,1,1
11382,21987,2036635,4,1,1
11383,21994,2036635,2,1,1
11384,21987,2048601,7,1,1
11385,21987,2055419,7,1,1
11386,21987,2057331,6,1,1
11387,21987,2082572,7,1,1
11388,21987,2086507,7,1,1
11389,21987,2102794,9,1,1
11390,21987,2113346,7,1,1
11391,21987,2126632,1,1,1
11392,21987,2128539,1,1,1
11393,21987,2134660,3,1,1
11394,21987,2135705,4,1,1
11395,21987,2150155,4,1,1
11396,21987,2151810,1,1,1
11397,21987,2155307,1,1,1
11398,21987,2155430,1,1,1
11399,21987,2155673,1,1,1
11400,21987,2155788,1,1,1
11401,21987,2155789,1,1,1
11402,21987,2155871,1,1,1
11403,21987,2170095,1,1,1
11404,21987,2170102,1,1,1
11405,21987,2211772,1,1,1
11406,21987,2222540,1,1,1
11407,21987,2241346,4,1,1
11408,21987,2246837,6,1,1
11409,21987,2301669,6,1,1
11410,21987,2327512,1,1,1
11411,21987,2337503,1,1,1
11412,21987,2373468,3,1,1
11413,21987,2387877,9,1,1
11414,21987,2414534,9,1,1
11415,21987,2447963,3,1,1
11416,21987,2459414,9,1,1
11417,21987,2468310,6,1,1
11418,21987,2482330,6,1,1
11419,21987,2484878,6,1,1
11420,21987,2487633,6,1,1
11421,21987,2489756,9,1,1
11422,21987,2500207,9,1,1
11423,21987,2512067,6,1,1
11424,21987,2534883,6,1,1
11425,21987,2584165,3,1,1
11426,21987,2618713,6,1,1
11427,21987,2630859,9,1,1
11428,21987,2648196,9,1,1
11429,21987,2774035,7,1,1
11430,21987,2803658,3,1,1
11431,21987,2820881,7,1,1
11432,21987,2844205,9,1,1
11433,21987,2894650,9,1,1
11434,21987,3011854,7,1,1
11435,21987,3041997,9,1,1
11436,21987,3158355,9,1,1
11437,21987,3291487,9,1,1
11438,21987,3319131,6,1,1
11439,21987,3319585,9,1,1
11440,21987,3344323,9,1,1
11441,21987,3345741,9,1,1
11442,21987,3351002,7,1,1
11443,21987,3360703,4,1,1
11444,21994,3360703,2,1,1
11445,21987,3361801,6,1,1
11446,21987,3362321,9,1,1
11447,21987,3362401,4,1,1
11448,21994,3362401,2,1,1
11449,21987,3364906,4,1,1
11450,21994,3364906,2,1,1
11451,21987,3374859,3,1,1
11452,21987,3375300,4,1,1
11453,21987,3376677,2,1,1
11454,21987,3376836,4,1,1
11455,21994,3376836,2,1,1
11456,21987,3378395,4,1,1
11457,21994,3378395,2,1,1
11458,21987,3379489,2,1,1
11459,21987,3380261,4,1,1
11460,21994,3380261,1,1,1
11461,21987,3382923,4,1,1
11462,21987,3384654,4,1,1
11463,21987,3387733,4,1,1
11464,21987,3389236,4,1,1
11465,21987,3389421,4,1,1
11466,21994,3389421,2,1,1
11467,21987,3389958,4,1,1
11468,21987,3389976,4,1,1
11469,21994,3389976,2,1,1
11470,21987,3390321,4,1,1
11471,21987,3391124,4,1,1
11472,21994,3391124,2,1,1
11473,21987,3395164,4,1,1
11474,21987,3396003,2,1,1
11475,21987,3397190,4,1,1
11476,21994,3397190,2,1,1
11477,21987,3397925,7,2,2
11478,21987,3398870,2,2,2
11479,21987,3399521,7,2,2
11480,21987,3399907,1,2,2
11481,21987,3400169,7,3,3
11482,21987,3400245,1,2,2
11483,21987,3401232,9,2,2
11484,21987,3401251,4,2,2
11485,21994,3401251,2,2,2
11486,21987,3401397,3,5,5
11487,21987,3401662,9,2,2
11488,21987,3401816,4,2,2
11489,21987,3402708,6,2,2
11490,21987,3403303,7,2,2
11491,21987,3403497,9,2,2
11492,21987,3403676,7,4,4
11493,21987,3403706,4,2,2
11494,21994,3403706,2,2,2
11495,21987,3404234,9,6,6
11496,21987,3404418,3,2,2
11497,21987,3404587,1,2,2
11498,21987,3405562,2,2,2
11499,21987,3405667,7,2,2
11500,21987,3405707,7,2,2
11501,21987,3406501,6,2,2
11502,21987,3406527,9,2,2
11503,21987,3406556,9,2,2
11504,21987,3406834,1,3,3
11505,21994,3406834,2,3,3
11506,21987,3406840,1,3,3
11507,21994,3406840,2,3,3
11508,21987,3406844,4,2,2
11509,21987,3407021,1,8,8
11510,21987,3407202,1,3,3
11511,21988,63754,3,309,309
11512,21988,74560,2,1,1
11513,21988,93830,3,1,1
11514,21988,97572,3,1,1
11515,21988,101324,3,3,3
11516,21988,104731,3,1,1
11517,21988,107371,3,1,1
11518,21988,113545,3,3,3
11519,21988,122084,3,1,1
11520,21988,134213,3,1,1
11521,21988,141967,3,2,2
11522,21988,144152,3,1,1
11523,21988,144176,3,1,1
11524,21988,147380,3,22,22
11525,21988,147664,3,2,2
11526,21988,147825,3,1,1
11527,21988,149411,3,2,2
11528,21988,166612,3,1,1
11529,21988,168185,3,1,1
11530,21988,178105,3,1,1
11531,21988,178514,3,1,1
11532,21988,179840,3,7,7
11533,21988,183815,3,1,1
11534,21988,189140,3,1,1
11535,21988,197995,3,1,1
11536,21988,199586,3,47,47
11537,21988,205266,3,16,16
11538,21988,209146,3,1,1
11539,21988,211561,3,1,1
11540,21988,220583,3,1,1
11541,21988,223807,3,2,2
11542,21988,224782,3,10,10
11543,21988,226571,3,1,1
11544,21988,233172,3,3,3
11545,21988,235876,3,2,2
11546,21988,239674,3,4,4
11547,21988,242825,3,1,1
11548,21988,246376,2,1,1
11549,21988,246674,3,1,1
11550,21988,247945,1,1,1
11551,21988,248266,3,1,1
11552,21988,252584,3,1,1
11553,21988,257719,3,1,1
11554,21988,260446,3,1,1
11555,21988,261438,3,3,3
11556,21988,262284,3,1,1
11557,21988,263635,3,1,1
11558,21988,265628,3,1,1
11559,21988,267756,3,1,1
11560,21988,267770,3,1,1
11561,21988,269951,3,1,1
11562,21988,271405,3,1,1
11563,21988,271992,3,4,4
11564,21988,277018,3,1,1
11565,21988,278660,3,1,1
11566,21988,279344,3,14,14
11567,21988,280055,3,1,1
11568,21988,280622,3,1,1
11569,21988,280840,3,2,2
11570,21988,281199,3,2,2
11571,21988,282645,3,1,1
11572,21988,283732,3,1,1
11573,21988,290131,3,1,1
11574,21988,293883,3,2,2
11575,21988,294450,3,4,4
11576,21988,298036,3,1,1
11577,21988,300352,3,1,1
11578,21988,300389,3,1,1
11579,21988,300517,3,1,1
11580,21988,300602,3,1,1
11581,21988,300701,3,1,1
11582,21988,302013,3,1,1
11583,21988,305887,3,1,1
11584,21988,305982,3,1,1
11585,21988,306291,3,1,1
11586,21988,306649,2,2,2
11587,21988,306803,3,1,1
11588,21988,306923,3,1,1
11589,21988,306938,3,2,2
11590,21988,306940,3,1,1
11591,21988,306952,3,1,1
11592,21988,311416,3,2,2
11593,21988,315166,3,1,1
11594,21988,315313,3,1,1
11595,21988,315358,3,1,1
11596,21988,315407,3,1,1
11597,21988,320664,3,1,1
11598,21988,320744,3,1,1
11599,21988,320893,3,1,1
11600,21988,320944,3,1,1
11601,21988,320955,3,2,2
11602,21988,329259,3,2,2
11603,21988,332598,3,1,1
11604,21988,333867,3,1,1
11605,21988,353229,3,1,1
11606,21988,371736,3,1,1
11607,21988,373699,2,5,5
11608,21988,384361,3,1,1
11609,21988,577206,6,2,2
11610,21988,635936,6,1,1
11611,21988,669312,6,1,1
11612,21988,797006,5,1,1
11613,21988,820263,5,1,1
11614,21988,833989,3,1,1
11615,21988,994296,3,1,1
11616,21988,1032068,8,1,1
11617,21988,1040895,3,4,4
11618,21988,1054517,8,1,1
11619,21988,1726878,3,1,1
11620,21988,1755818,3,2,2
11621,21988,1757557,3,1,1
11622,21988,1759324,3,1,1
11623,21988,1759328,3,1,1
11624,21988,1763091,3,2,2
11625,21988,1767151,3,1,1
11626,21988,1784549,3,2,2
11627,21988,1789278,3,1,1
11628,21988,1790174,3,1,1
11629,21988,1790528,3,2,2
11630,21988,1792600,3,1,1
11631,21988,1796020,3,1,1
11632,21988,1796788,3,1,1
11633,21988,1797256,3,2,2
11634,21988,1798337,3,1,1
11635,21988,1798455,3,1,1
11636,21988,1799576,3,3,3
11637,21988,1799578,3,1,1
11638,21988,1800305,3,1,1
11639,21988,1800353,3,1,1
11640,21988,1800403,3,1,1
11641,21988,1800417,3,2,2
11642,21988,1801984,3,1,1
11643,21988,1802814,3,1,1
11644,21988,1802881,3,1,1
11645,21988,1803560,3,1,1
11646,21988,1804264,3,1,1
11647,21988,1804320,3,1,1
11648,21988,1804493,3,1,1
11649,21988,1804848,3,1,1
11650,21988,1805973,3,1,1
11651,21988,1806717,3,1,1
11652,21988,1807694,3,1,1
11653,21988,1807870,3,1,1
11654,21988,1808006,1,1,1
11655,21988,1808354,3,2,2
11656,21988,1808355,3,1,1
11657,21988,1808836,3,1,1
11658,21988,1809492,3,1,1
11659,21988,1809837,3,1,1
11660,21988,1812082,3,1,1
11661,21988,1812089,3,1,1
11662,21988,1813013,3,1,1
11663,21988,1813207,3,1,1
11664,21988,1813398,3,2,2
11665,21988,1813767,3,1,1
11666,21988,1813793,3,1,1
11667,21988,1814171,3,1,1
11668,21988,1815243,3,1,1
11669,21988,1815630,3,1,1
11670,21988,1815645,3,2,2
11671,21988,1815971,3,1,1
11672,21988,1816311,3,1,1
11673,21988,1816413,3,2,2
11674,21988,1816952,3,1,1
11675,21988,1822968,3,1,1
11676,21988,1838390,3,1,1
11677,21988,1840725,3,2,2
11678,21988,1855975,3,1,1
11679,21988,1860458,3,1,1
11680,21988,1873194,3,2,2
11681,21988,1879015,3,1,1
11682,21988,2010381,3,1,1
11683,21988,2020445,3,1,1
11684,21988,2022075,3,1,1
11685,21988,2032408,3,1,1
11686,21988,2055361,3,1,1
11687,21988,2057261,3,1,1
11688,21988,2073795,3,1,1
11689,21988,2075922,3,1,1
11690,21988,2091958,3,1,1
11691,21988,2092034,3,1,1
11692,21988,2103871,3,1,1
11693,21988,2110424,3,1,1
11694,21988,2113966,3,1,1
11695,21988,2117067,3,1,1
11696,21988,2117073,3,1,1
11697,21988,2123104,3,1,1
11698,21988,2128537,3,1,1
11699,21988,2144652,3,1,1
11700,21988,2144703,3,1,1
11701,21988,2144714,3,1,1
11702,21988,2151611,3,1,1
11703,21988,2155175,3,1,1
11704,21988,2157663,3,1,1
11705,21988,2166993,3,1,1
11706,21988,2169432,3,1,1
11707,21988,2170040,3,1,1
11708,21988,2170187,3,1,1
11709,21988,2170201,1,1,1
11710,21988,2170398,3,1,1
11711,21988,2174993,3,1,1
11712,21988,2175770,3,1,1
11713,21988,2177774,3,1,1
11714,21988,2177809,2,1,1
11715,21988,2177841,3,1,1
11716,21988,2177878,3,1,1
11717,21988,2177928,3,1,1
11718,21988,2177944,2,1,1
11719,21988,2177955,3,1,1
11720,21988,2179437,3,1,1
11721,21988,2186703,3,1,1
11722,21988,2190854,3,1,1
11723,21988,2192495,3,1,1
11724,21988,2214027,3,1,1
11725,21988,2222573,3,1,1
11726,21988,2238895,3,1,1
11727,21988,2240950,3,1,1
11728,21988,2263187,3,1,1
11729,21988,2287608,3,1,1
11730,21988,2614385,3,1,1
11731,21988,2844783,8,1,1
11732,21988,3374166,3,1,1
11733,21988,3379300,3,1,1
11734,21988,3379384,3,1,1
11735,21988,3379518,3,1,1
11736,21988,3380021,3,1,1
11737,21988,3380610,3,1,1
11738,21988,3392722,3,1,1
11739,21988,3399407,2,21,21
11740,21988,3399811,1,6,6
11741,21988,3399889,3,4,4
11742,21988,3399891,3,8,8
11743,21988,3399893,2,2,2
11744,21988,3399894,3,8,8
11745,21988,3399897,3,2,2
11746,21988,3399899,3,8,8
11747,21988,3399900,1,4,4
11748,21988,3399906,3,2,2
11749,21988,3399908,3,2,2
11750,21988,3399916,3,3,3
11751,21988,3399922,3,5,5
11752,21988,3399923,3,3,3
11753,21988,3399924,1,3,3
11754,21988,3400424,3,5,5
11755,21988,3400427,3,2,2
11756,21988,3400483,3,2,2
11757,21988,3400645,2,2,2
11758,21988,3400744,3,3,3
11759,21988,3401033,3,5,5
11760,21988,3402041,3,2,2
11761,21988,3402127,1,2,2
11762,21988,3403007,3,2,2
11763,21988,3403053,3,4,4
11764,21988,3403089,3,3,3
11765,21988,3403880,3,5,5
11766,21988,3404072,3,5,5
11767,21988,3404164,3,2,2
11768,21988,3404229,1,2,2
11769,21988,3404344,3,3,3
11770,21988,3404471,1,5,5
11771,21988,3404480,3,3,3
11772,21988,3405332,3,2,2
11773,21988,3405396,3,2,2
11774,21988,3405397,3,3,3
11775,21988,3405935,3,4,4
11776,21988,3406401,3,2,2
11777,21988,3406785,1,5,5
11778,21988,3406786,1,5,5
11779,21988,3406793,1,4,4
11780,21988,3406794,1,5,5
11781,21988,3406815,1,18,18
11782,21988,3406826,1,3,3
11783,21988,3406850,1,4,4
11784,21988,3406854,1,4,4
11785,21988,3406861,1,4,4
11786,21988,3406863,1,13,13
11787,21988,3406866,1,5,5
11788,21989,150964,2,1,1
11789,21989,280768,2,3,3
11790,21989,306416,2,1,1
11791,21989,1814514,2,3,3
11792,21989,2338985,2,1,1
11793,21989,2536663,7,1,1
11794,21989,3399163,2,2,2
11795,21989,3399892,2,4,4
11796,21989,3399895,2,17,17
11797,21989,3399896,2,2,2
11798,21989,3399905,2,4,4
11799,21989,3399925,2,4,4
11800,21989,3400791,2,2,2
11801,21989,3400792,2,3,3
11802,21989,3401654,2,3,3
11803,21989,3405329,2,3,3
11804,21989,3405392,2,3,3
11805,21989,3405398,2,2,2
11806,21989,3406784,2,2,2
11807,21989,3406787,2,3,3
11808,21989,3406796,2,5,5
11809,21990,8058,3,1,1
11810,21990,15921,3,1,1
11811,21990,22347,6,1,1
11812,21990,28426,3,1,1
11813,21990,29437,3,1,1
11814,21990,59533,6,12,12
11815,21990,60697,3,1,1
11816,21990,64384,6,2,2
11817,21990,91134,1,1,1
11818,21990,102845,3,1,1
11819,21990,104796,1,1,1
11820,21990,140380,3,1,1
11821,21990,142520,1,1,1
11822,21990,145888,1,1,1
11823,21990,145889,1,1,1
11824,21990,147841,1,1,1
11825,21990,169162,6,1,1
11826,21990,173946,6,1,1
11827,21990,179960,1,1,1
11828,21994,179960,2,1,1
11829,21990,184214,1,4,4
11830,21990,189361,6,1,1
11831,21990,208179,6,2,2
11832,21990,217635,1,1,1
11833,21994,217635,2,1,1
11834,21990,227572,3,1,1
11835,21990,248116,3,1,1
11836,21990,253824,1,2,2
11837,21990,256157,1,1,1
11838,21990,283870,3,1,1
11839,21990,286202,1,1,1
11840,21990,287451,1,1,1
11841,21990,287479,1,1,1
11842,21990,290157,1,1,1
11843,21994,290157,2,1,1
11844,21990,313263,1,1,1
11845,21990,315465,1,2,2
11846,21990,370709,6,1,1
11847,21990,388923,6,1,1
11848,21990,393400,3,1,1
11849,21990,440467,6,20,20
11850,21990,444259,6,1,1
11851,21990,446881,1,1,1
11852,21990,458934,6,1,1
11853,21990,466460,1,1,1
11854,21990,478226,6,1,1
11855,21990,496239,3,1,1
11856,21990,544732,3,2,2
11857,21990,555629,6,1,1
11858,21990,568124,6,1,1
11859,21990,592286,6,1,1
11860,21990,592894,6,9,9
11861,21990,597118,6,1,1
11862,21990,609569,6,1,1
11863,21990,632469,3,2,2
11864,21990,641529,6,4,4
11865,21990,644403,1,1,1
11866,21990,680175,6,3,3
11867,21990,692927,1,1,1
11868,21990,728516,6,11,11
11869,21990,744010,3,1,1
11870,21990,745162,6,1,1
11871,21990,748727,6,1,1
11872,21990,754536,6,18,18
11873,21990,783356,6,1,1
11874,21990,797466,6,2,2
11875,21990,798012,6,1,1
11876,21990,845232,6,1,1
11877,21990,847355,6,2,2
11878,21990,854029,6,1,1
11879,21990,873570,6,2,2
11880,21990,1006077,6,1,1
11881,21990,1033343,6,1,1
11882,21990,1033383,3,1,1
11883,21990,1033895,6,1,1
11884,21990,1045989,6,1,1
11885,21990,1054667,6,1,1
11886,21990,1078204,6,2,2
11887,22194,1078204,3,2,2
11888,21990,1443924,3,1,1
11889,21990,1490652,3,1,1
11890,21990,1502623,3,1,1
11891,21990,1594743,3,1,1
11892,21990,1686845,3,1,1
11893,21990,1738118,1,1,1
11894,21990,1739504,1,1,1
11895,21994,1739504,2,1,1
11896,21990,1740310,1,1,1
11897,21990,1742446,6,2,2
11898,21990,1754921,1,1,1
11899,21994,1754921,2,1,1
11900,21990,1755598,1,1,1
11901,21994,1755598,2,1,1
11902,21990,1763183,1,1,1
11903,21994,1763183,2,1,1
11904,21990,1767472,1,1,1
11905,21994,1767472,2,1,1
11906,21990,1768699,1,1,1
11907,21994,1768699,2,1,1
11908,21990,1776421,1,1,1
11909,21990,1779256,1,1,1
11910,21994,1779256,2,1,1
11911,21990,1785069,1,1,1
11912,21994,1785069,2,1,1
11913,21990,1789817,1,1,1
11914,21994,1789817,2,1,1
11915,21990,1790105,1,1,1
11916,21994,1790105,2,1,1
11917,21990,1791609,1,1,1
11918,21994,1791609,2,1,1
11919,21990,1793205,1,1,1
11920,21994,1793205,2,1,1
11921,21990,1797147,1,2,2
11922,21994,1797147,2,2,2
11923,21990,1799299,1,1,1
11924,21994,1799299,2,1,1
11925,21990,1803548,1,1,1
11926,21990,1806339,1,1,1
11927,21990,1808311,1,1,1
11928,21994,1808311,2,1,1
11929,21990,1809045,1,1,1
11930,21994,1809045,2,1,1
11931,21990,1809168,1,1,1
11932,21994,1809168,2,1,1
11933,21990,1813025,1,2,2
11934,21990,1817758,1,1,1
11935,21994,1817758,2,1,1
11936,21990,1820012,1,1,1
11937,21994,1820012,2,1,1
11938,21990,1822616,1,1,1
11939,21994,1822616,2,1,1
11940,21990,1826781,1,1,1
11941,21994,1826781,2,1,1
11942,21990,1837816,1,1,1
11943,21994,1837816,2,1,1
11944,21990,1838184,1,1,1
11945,21994,1838184,2,1,1
11946,21990,1851288,1,1,1
11947,21994,1851288,2,1,1
11948,21990,1855245,1,1,1
11949,21994,1855245,2,1,1
11950,21990,1858563,1,1,1
11951,21994,1858563,2,1,1
11952,21990,1861575,1,1,1
11953,21994,1861575,2,1,1
11954,21990,1864881,1,1,1
11955,21994,1864881,2,1,1
11956,21990,1869368,1,1,1
11957,21990,1879731,1,1,1
11958,21994,1879731,2,1,1
11959,21990,1882366,1,1,1
11960,21994,1882366,2,1,1
11961,21990,1885626,1,1,1
11962,21994,1885626,2,1,1
11963,21990,1901712,1,1,1
11964,21990,1965651,3,1,1
11965,21990,1993678,1,1,1
11966,21994,1993678,2,1,1
11967,21990,2007389,3,1,1
11968,21990,2039636,1,1,1
11969,21994,2039636,2,1,1
11970,21990,2077912,1,1,1
11971,21990,2101578,1,1,1
11972,21990,2103785,1,1,1
11973,21990,2125630,1,1,1
11974,21990,2125632,1,1,1
11975,21990,2130495,6,1,1
11976,21990,2162466,3,1,1
11977,21990,2170053,1,1,1
11978,21990,2185641,1,1,1
11979,21990,2194825,1,1,1
11980,21990,2217058,6,1,1
11981,21990,2244621,6,1,1
11982,21990,2336221,1,1,1
11983,21990,2502036,1,1,1
11984,21990,2512285,6,1,1
11985,21990,2644968,6,1,1
11986,21990,2647174,1,1,1
11987,21990,2648065,6,1,1
11988,21990,2663073,6,1,1
11989,21990,2699610,6,1,1
11990,21990,2794750,3,1,1
11991,21990,3278843,1,1,1
11992,21990,3309294,1,1,1
11993,21990,3323840,1,1,1
11994,21990,3366321,1,1,1
11995,21994,3366321,2,1,1
11996,21990,3367488,3,1,1
11997,21990,3367862,1,1,1
11998,21994,3367862,2,1,1
11999,21990,3373283,1,1,1
12000,21994,3373283,2,1,1
12001,21990,3376207,1,1,1
12002,21990,3377417,1,1,1
12003,21994,3377417,2,1,1
12004,21990,3377594,1,1,1
12005,21994,3377594,2,1,1
12006,21990,3377763,1,1,1
12007,21994,3377763,2,1,1
12008,21990,3378995,1,1,1
12009,21994,3378995,2,1,1
12010,21990,3383601,1,1,1
12011,21994,3383601,2,1,1
12012,21990,3384746,1,1,1
12013,21994,3384746,2,1,1
12014,21990,3384990,1,1,1
12015,21994,3384990,2,1,1
12016,21990,3389003,1,1,1
12017,21990,3393417,1,1,1
12018,21990,3399489,3,5,5
12019,21990,3399917,1,2,2
12020,21990,3400021,6,8,8
12021,21990,3400356,3,2,2
12022,21990,3400426,1,2,2
12023,21990,3401117,6,7,7
12024,21990,3401455,3,12,12
12025,21990,3401530,1,4,4
12026,21994,3401530,2,4,4
12027,21990,3401850,1,2,2
12028,21990,3402334,6,4,4
12029,21990,3403252,1,2,2
12030,21994,3403252,2,2,2
12031,21990,3404198,1,2,2
12032,21990,3404919,1,2,2
12033,21994,3404919,2,2,2
12034,21990,3404956,1,3,3
12035,21994,3404956,2,3,3
12036,21990,3404958,6,11,11
12037,21990,3406119,1,2,2
12038,21990,3406204,6,4,4
12039,21990,3406481,3,2,2
12040,21990,3406795,1,9,9
12041,21990,3406821,1,3,3
12042,21990,3406852,1,2,2
12043,21994,3406852,2,2,2
12044,21990,3406859,3,202,201
12045,21990,3406862,1,25,25
12046,21990,3409080,1,2,2
12047,21990,3409251,1,2,2
12048,21990,3409257,1,2,2
12049,21991,42,3,2,2
12050,21991,5996,3,1,1
12051,21991,6871,3,1,1
12052,21991,9013,3,1,1
12053,21991,10680,3,1,1
12054,21991,11155,3,1,1
12055,21991,12184,2,1,1
12056,21991,13809,3,1,1
12057,21991,15729,3,1,1
12058,21991,15748,3,1,1
12059,21991,16341,3,1,1
12060,21991,17308,3,25,25
12061,21991,17405,3,1,1
12062,21991,17473,3,1,1
12063,21991,18302,3,1,1
12064,21991,18736,3,1,1
12065,21991,19070,3,1,1
12066,21991,19307,3,1,1
12067,21991,20124,3,1,1
12068,21991,21512,3,1,1
12069,21991,24988,3,1,1
12070,21991,33181,3,1,1
12071,21991,37581,3,1,1
12072,21991,40773,3,1,1
12073,21991,43742,3,1,1
12074,21991,45437,3,1,1
12075,21991,47664,3,1,1
12076,21991,52033,3,1,1
12077,21991,52169,3,1,1
12078,21991,58544,3,1,1
12079,21991,59010,3,1,1
12080,21991,60159,3,1,1
12081,21991,60958,3,1,1
12082,21991,64567,3,2,2
12083,21991,66183,3,1,1
12084,21991,66983,3,1,1
12085,21991,67162,3,1,1
12086,21991,67864,3,1,1
12087,21991,71886,3,1,1
12088,21991,74704,3,25,25
12089,21991,76048,3,1,1
12090,21991,77472,3,1,1
12091,21991,79061,3,1,1
12092,21991,80395,3,1,1
12093,21991,84168,3,1,1
12094,21991,90017,3,13,13
12095,21991,95680,3,1,1
12096,21991,104061,3,3,3
12097,21991,109521,3,1,1
12098,21991,113666,3,1,1
12099,21991,116031,3,1,1
12100,21991,118003,3,2,2
12101,21991,118084,3,1,1
12102,21991,119019,3,1,1
12103,21991,121553,3,1,1
12104,21991,124199,3,1,1
12105,21991,124797,3,1,1
12106,21991,127239,3,1,1
12107,21991,128172,3,1,1
12108,21991,129899,3,1,1
12109,21991,129994,3,2,2
12110,21991,138568,3,1,1
12111,21991,140078,3,1,1
12112,21991,140943,3,1,1
12113,21991,145255,3,1,1
12114,21991,148705,3,1,1
12115,21991,151061,3,1,1
12116,21991,152494,3,1,1
12117,21991,153292,3,1,1
12118,21991,154090,3,2,2
12119,21991,159836,3,3139,3138
12120,21991,159990,3,3,3
12121,21991,162245,3,3,3
12122,21991,165210,1,2,2
12123,21991,165873,3,1,1
12124,21991,168307,3,2,2
12125,21991,169080,3,1,1
12126,21991,173742,3,1,1
12127,21991,173899,3,1,1
12128,21991,175153,3,1,1
12129,21991,175179,3,1,1
12130,21991,176507,3,8,8
12131,21991,178206,3,1,1
12132,21991,179841,3,1,1
12133,21991,183774,2,1,1
12134,21991,184551,3,1,1
12135,21991,185303,3,1,1
12136,21991,185887,3,1,1
12137,28271,185887,1,1,1
12138,21991,189506,3,3,3
12139,21991,191191,3,1,1
12140,28271,191191,1,1,1
12141,21991,193245,3,1,1
12142,21991,195312,3,1,1
12143,21991,195337,3,1,1
12144,21991,197756,3,4,4
12145,21991,197793,3,25,25
12146,21991,199120,3,7,7
12147,21991,199279,3,1,1
12148,21991,201652,3,2,2
12149,21991,201796,3,1,1
12150,21991,203109,3,1,1
12151,21991,207060,3,8,8
12152,21991,208021,3,1,1
12153,21991,208352,3,1,1
12154,21991,213270,3,4,4
12155,21991,217314,3,1,1
12156,21991,217597,3,1,1
12157,21991,224258,3,1,1
12158,21991,224428,3,1,1
12159,21991,225826,3,1,1
12160,21991,225863,3,5,5
12161,21991,227920,3,3,3
12162,21991,230613,3,1,1
12163,21991,232166,3,2,2
12164,21991,234158,3,8,8
12165,21991,236019,3,1,1
12166,21991,241689,2,1,1
12167,21991,242207,3,2,2
12168,21991,243945,3,1,1
12169,21991,244115,3,2,2
12170,21991,249165,3,3,3
12171,21991,249217,3,13,12
12172,21991,249237,3,11,9
12173,21991,249568,3,1,1
12174,21991,251093,3,1,1
12175,21991,258784,3,4,4
12176,21991,259305,3,8,8
12177,21991,259530,3,1,1
12178,21991,260063,3,3,3
12179,21991,260447,3,3,3
12180,21991,260449,3,57,53
12181,21991,261285,3,1,1
12182,21991,261785,3,2,2
12183,21991,263200,3,13,13
12184,21991,279301,3,2,2
12185,21991,279858,3,1,1
12186,21991,281330,3,1,1
12187,21991,281605,3,3,3
12188,21991,282427,2,1,1
12189,21991,282481,3,6,6
12190,21991,282559,3,1,1
12191,21991,283942,3,1,1
12192,21991,286198,3,1,1
12193,21991,286203,3,7,6
12194,21991,286593,3,1,1
12195,21991,287006,3,5,5
12196,21991,288657,3,1,1
12197,21991,292707,3,2,2
12198,21991,294152,3,1,1
12199,21991,296312,3,1,1
12200,21991,296346,3,1,1
12201,21991,298889,3,1,1
12202,21991,305293,3,1,1
12203,21991,313210,3,1,1
12204,21991,317807,3,1,1
12205,21991,326326,3,1,1
12206,21991,332351,3,1,1
12207,21991,334210,3,141,141
12208,21991,334481,3,189,189
12209,21991,334956,3,1,1
12210,21991,334967,3,2,2
12211,21991,337718,3,8,8
12212,21991,338770,3,1,1
12213,21991,353050,3,1,1
12214,21991,354757,3,1,1
12215,21991,357186,3,6,6
12216,21991,360200,3,85,85
12217,21991,361044,3,1,1
12218,21991,361508,3,1,1
12219,21991,369348,3,1,1
12220,21991,375731,3,1,1
12221,21991,376616,3,2,2
12222,21991,378478,3,1,1
12223,21991,380380,3,2,2
12224,21991,382945,3,1,1
12225,21991,397893,3,1,1
12226,21991,399982,3,1,1
12227,21991,409658,3,22,22
12228,21991,410799,3,3,3
12229,21991,410925,3,1,1
12230,21991,411000,3,1,1
12231,21991,414276,5,1,1
12232,21991,423726,3,1,1
12233,21991,428049,3,1,1
12234,21991,428636,3,1,1
12235,21991,438558,3,1,1
12236,21991,439436,3,1,1
12237,21991,439672,3,106,106
12238,21991,440847,5,1,1
12239,21991,445991,3,1,1
12240,21991,446661,3,1,1
12241,21991,450969,3,6,6
12242,21991,453193,3,1,1
12243,21991,455526,3,2,2
12244,21991,456586,3,19,19
12245,21991,459911,3,1,1
12246,21991,460259,3,1,1
12247,21991,462412,3,2,2
12248,21991,465595,3,1,1
12249,21991,468127,3,1,1
12250,21991,472958,3,1,1
12251,21991,475770,3,1,1
12252,21991,484800,3,1,1
12253,21991,488248,3,1,1
12254,21991,488909,3,1,1
12255,21991,494442,3,1,1
12256,21991,503593,3,1,1
12257,21991,513568,3,1,1
12258,21991,520210,3,2,2
12259,21991,521415,3,2,2
12260,21991,526818,5,1,1
12261,21991,527666,3,1,1
12262,21991,528023,3,1,1
12263,21991,532923,3,1,1
12264,21991,533489,3,1,1
12265,21991,544501,3,178,176
12266,21991,551872,3,5,5
12267,21991,551952,3,7,7
12268,21991,560658,3,1,1
12269,21991,566466,3,1,1
12270,21991,566563,3,5,5
12271,21991,569140,3,3,3
12272,21991,585885,3,33,33
12273,21991,599904,3,1,1
12274,21991,610566,3,6,6
12275,21991,613995,3,1,1
12276,21991,618578,3,1,1
12277,21991,618751,3,12,12
12278,21991,632327,3,3,3
12279,21991,632527,3,2,2
12280,21991,634521,3,1,1
12281,21991,637542,3,2,2
12282,21991,637979,3,10,10
12283,21991,652087,3,1,1
12284,21991,657213,3,4,4
12285,21991,670080,3,1,1
12286,21991,674733,3,12,12
12287,21991,679625,3,3,3
12288,21991,682105,3,5,5
12289,21991,688125,3,1,1
12290,21991,689253,3,20,20
12291,21991,689512,3,6,6
12292,21991,692341,3,1,1
12293,21991,698628,3,1,1
12294,21991,702778,3,113,113
12295,21991,705985,3,1,1
12296,21991,708358,3,1,1
12297,21991,708359,3,1,1
12298,21991,709209,3,2,2
12299,21991,716133,3,22,22
12300,21991,718399,3,1,1
12301,21991,722207,3,1,1
12302,21991,725326,3,1,1
12303,21991,753369,3,2,2
12304,21991,759800,3,1,1
12305,21991,769981,3,1,1
12306,21991,770460,3,1,1
12307,21991,773642,3,1,1
12308,21991,776092,3,3,3
12309,21991,785357,3,3,3
12310,21991,786258,3,1,1
12311,21991,787724,3,1,1
12312,21991,792779,3,1,1
12313,21991,796807,3,1,1
12314,21991,818399,3,1,1
12315,21991,825451,3,1,1
12316,21991,827073,3,1,1
12317,21991,833353,3,1,1
12318,21991,841194,3,13,13
12319,21991,855254,3,2,2
12320,21991,855987,3,2,2
12321,21991,857760,3,1,1
12322,21991,858739,3,13,13
12323,21991,865161,3,3,3
12324,21991,874845,3,2,2
12325,21991,879229,3,1,1
12326,21991,880231,3,1,1
12327,21991,883979,3,1,1
12328,21991,891333,3,1,1
12329,21991,894666,3,2,2
12330,21991,894802,3,3,3
12331,21991,901028,3,1,1
12332,21991,903087,3,2,2
12333,21991,903104,3,6,6
12334,21991,910751,3,11,11
12335,21991,921935,3,2,2
12336,21991,922926,3,1,1
12337,21991,928796,3,4,4
12338,21991,932050,3,1,1
12339,21991,937765,3,2,2
12340,21991,943625,3,1,1
12341,21991,948503,3,1,1
12342,21991,949387,3,1,1
12343,21991,975428,3,5,5
12344,21991,975622,3,6,6
12345,21991,1007682,3,1,1
12346,21991,1010094,3,1,1
12347,21991,1018914,3,1,1
12348,21991,1019499,3,2,2
12349,21991,1023703,3,1,1
12350,21991,1024595,3,2,2
12351,21991,1032507,3,1,1
12352,22029,1032507,6,1,1
12353,21991,1035851,3,1,1
12354,21991,1036394,3,1,1
12355,21991,1040782,5,1,1
12356,21991,1045345,3,1,1
12357,21991,1056146,3,1,1
12358,21991,1056888,3,1,1
12359,21991,1069850,5,1,1
12360,21991,1069941,3,1,1
12361,21991,1083074,3,1,1
12362,21991,1111283,3,1,1
12363,21991,1149145,3,2,2
12364,21991,1158349,3,1,1
12365,21991,1217929,3,1,1
12366,21991,1223445,3,1,1
12367,21991,1245173,3,1,1
12368,21991,1278093,3,1,1
12369,21991,1291768,3,1,1
12370,21991,1303876,3,1,1
12371,21991,1308886,3,1,1
12372,21991,1310045,3,1,1
12373,21991,1318944,3,2,2
12374,21991,1326143,3,7,7
12375,21991,1331601,3,1,1
12376,21991,1342545,3,1,1
12377,21991,1348819,3,1,1
12378,21991,1353178,3,1,1
12379,21991,1353518,3,1,1
12380,21991,1354759,3,1,1
12381,21991,1357337,3,1,1
12382,21991,1358565,3,2,2
12383,21991,1361318,3,27,27
12384,21991,1362265,3,1,1
12385,21991,1374228,3,1,1
12386,21991,1375327,3,1,1
12387,21991,1376108,3,1,1
12388,21991,1379241,3,1,1
12389,21991,1380045,3,1,1
12390,21991,1380743,3,1,1
12391,21991,1381695,3,1,1
12392,21991,1384671,3,1,1
12393,21991,1385747,3,1,1
12394,21991,1390770,3,1,1
12395,21991,1392256,3,1,1
12396,21991,1393297,3,1,1
12397,21991,1401110,3,1,1
12398,21991,1406803,3,1,1
12399,21991,1407485,3,1,1
12400,21991,1408726,3,1,1
12401,21991,1408818,3,1,1
12402,21991,1409739,3,1,1
12403,21991,1414333,3,2,2
12404,21991,1418896,3,1,1
12405,21991,1419526,3,1,1
12406,21991,1422649,3,1,1
12407,21991,1422750,3,1,1
12408,21991,1423747,3,1,1
12409,21991,1426323,3,1,1
12410,21991,1430529,3,1,1
12411,21991,1431510,3,1,1
12412,21991,1432528,3,1,1
12413,21991,1433240,3,1,1
12414,21991,1436089,3,1,1
12415,21991,1437637,3,1,1
12416,21991,1439707,3,1,1
12417,21991,1443581,3,2,2
12418,21991,1443939,3,1,1
12419,21991,1444416,3,1,1
12420,21991,1448174,3,1,1
12421,21991,1448352,3,1,1
12422,21991,1456228,3,1,1
12423,21991,1456824,3,1,1
12424,21991,1457142,3,1,1
12425,21991,1459402,3,1,1
12426,21991,1460528,3,1,1
12427,21991,1462908,3,1,1
12428,21991,1463933,3,3,3
12429,21991,1466958,3,1,1
12430,21991,1468832,3,1,1
12431,21991,1470317,3,1,1
12432,21991,1472372,3,1,1
12433,21991,1476307,3,1,1
12434,21991,1477122,3,1,1
12435,21991,1478035,3,1,1
12436,21991,1478612,3,1,1
12437,21991,1479703,3,1,1
12438,21991,1482931,3,1,1
12439,21991,1483926,3,1,1
12440,21991,1484983,3,2,2
12441,21991,1486969,3,1,1
12442,21991,1487507,3,1,1
12443,21991,1490393,3,2,2
12444,21991,1490872,3,1,1
12445,21991,1490948,3,1,1
12446,21991,1490951,3,1,1
12447,21991,1492847,3,1,1
12448,21991,1492995,3,1,1
12449,21991,1493062,3,1,1
12450,21991,1493722,3,1,1
12451,21991,1494043,3,1,1
12452,21991,1494089,3,1,1
12453,21991,1495741,3,2,2
12454,21991,1496475,3,1,1
12455,21991,1497227,3,1,1
12456,21991,1500063,3,1,1
12457,21991,1500788,3,1,1
12458,21991,1501522,3,1,1
12459,21991,1502593,3,1,1
12460,21991,1502657,3,1,1
12461,21991,1502719,3,1,1
12462,21991,1503226,3,1,1
12463,21991,1503256,3,3,3
12464,21991,1505728,3,7,7
12465,21991,1507740,3,31,31
12466,21991,1507924,3,2,2
12467,21991,1509210,3,1,1
12468,21991,1509372,3,1,1
12469,21991,1509688,3,1,1
12470,21991,1510705,3,1,1
12471,21991,1511299,3,1,1
12472,21991,1511451,3,1,1
12473,21991,1512691,3,1,1
12474,21991,1512882,3,1,1
12475,21991,1513721,3,1,1
12476,21991,1514625,3,1,1
12477,21991,1515257,3,1,1
12478,21991,1516864,3,7,7
12479,21991,1517044,3,1,1
12480,21991,1517467,3,16,16
12481,21991,1518320,3,1,1
12482,21991,1519269,3,1,1
12483,21991,1521299,3,1,1
12484,21991,1522135,3,1,1
12485,21991,1522579,3,1,1
12486,21991,1523029,3,2,2
12487,21991,1523742,3,1,1
12488,21991,1525142,3,2,2
12489,21991,1526645,3,1,1
12490,21991,1526799,3,2,2
12491,21991,1527074,3,1,1
12492,21991,1528011,3,1,1
12493,21991,1528359,3,1,1
12494,21991,1528873,3,1,1
12495,21991,1529239,3,14,14
12496,21991,1530041,3,9,9
12497,21991,1530159,3,2,2
12498,21991,1530222,3,1,1
12499,21991,1530504,3,3,3
12500,21991,1530586,3,12,12
12501,21991,1530962,3,1,1
12502,21991,1531901,3,1,1
12503,21991,1532673,3,1,1
12504,21991,1533205,3,1,1
12505,21991,1533404,3,2,2
12506,21991,1534006,3,1,1
12507,21991,1534687,2,17,17
12508,21991,1535157,3,3,3
12509,21991,1535547,3,22,22
12510,21991,1535607,3,1,1
12511,21991,1535648,3,1,1
12512,21991,1535702,3,1,1
12513,21991,1536007,3,2,2
12514,21991,1536889,3,1,1
12515,21991,1537717,3,1,1
12516,21991,1537753,3,1,1
12517,21991,1538515,3,1,1
12518,21991,1538573,3,1,1
12519,21991,1538927,3,1,1
12520,21991,1539218,3,33,33
12521,21991,1539366,3,1,1
12522,21991,1539950,3,1,1
12523,21991,1540666,3,2,2
12524,21991,1540785,3,1,1
12525,21991,1541235,3,1,1
12526,21991,1541354,3,1,1
12527,21991,1541379,3,1,1
12528,21991,1541503,3,1,1
12529,21991,1541804,3,4,4
12530,21991,1541911,3,1,1
12531,21991,1541929,3,1,1
12532,21991,1542056,3,1,1
12533,21991,1542856,3,4,4
12534,21991,1543050,3,1,1
12535,21991,1543648,3,1,1
12536,21991,1544100,3,1,1
12537,21991,1545637,3,1,1
12538,21991,1546010,3,1,1
12539,21991,1546682,3,1,1
12540,21991,1547559,3,5,5
12541,21991,1548188,3,1,1
12542,21991,1548719,3,1,1
12543,21991,1548983,3,1,1
12544,21991,1549144,3,1,1
12545,21991,1550302,3,1,1
12546,21991,1550309,3,6,6
12547,21991,1552236,3,1,1
12548,21991,1552977,3,1,1
12549,21991,1553045,3,1,1
12550,21991,1553273,3,1,1
12551,21991,1554133,3,1,1
12552,21991,1554202,3,1,1
12553,21991,1554910,3,1,1
12554,21991,1555574,3,6,6
12555,21991,1555730,3,1,1
12556,21991,1555808,3,1,1
12557,21991,1556617,3,1,1
12558,21991,1556664,3,22,22
12559,21991,1557116,3,1,1
12560,21991,1557133,3,2,2
12561,21991,1557177,3,1,1
12562,21991,1557947,3,1,1
12563,21991,1558229,3,1,1
12564,21991,1558380,3,1,1
12565,21991,1558896,3,1,1
12566,21991,1559370,3,1,1
12567,21991,1559516,3,1,1
12568,21991,1559575,3,1,1
12569,21991,1559638,3,1,1
12570,21991,1559876,3,1,1
12571,21991,1560058,3,1,1
12572,21991,1560651,3,1,1
12573,21991,1560910,3,2,2
12574,21991,1561174,3,2,2
12575,21991,1561177,2,2,2
12576,21991,1561612,3,1,1
12577,21991,1561775,3,1,1
12578,21991,1562064,3,1,1
12579,21991,1562755,3,1,1
12580,21991,1563930,3,1,1
12581,21991,1564789,3,2,2
12582,21991,1565091,3,1,1
12583,21991,1565274,3,1,1
12584,21991,1565961,3,1,1
12585,21991,1566082,3,1,1
12586,21991,1566282,3,1,1
12587,21991,1566400,3,1,1
12588,21991,1567098,3,1,1
12589,21991,1567212,3,1,1
12590,21991,1567286,3,35,35
12591,21991,1567747,3,1,1
12592,21991,1567807,3,1,1
12593,21991,1568008,3,1,1
12594,21991,1569269,3,1,1
12595,21991,1570905,3,1,1
12596,21991,1570965,3,1,1
12597,21991,1571003,3,1,1
12598,21991,1571813,3,1,1
12599,21991,1572033,3,1,1
12600,21991,1572175,3,21,21
12601,21991,1572637,3,1,1
12602,21991,1573145,3,1,1
12603,21991,1573676,3,1,1
12604,21991,1574074,3,18,18
12605,21991,1574106,3,1,1
12606,21991,1574255,3,2,2
12607,21991,1574419,3,1,1
12608,21991,1574791,3,1,1
12609,21991,1575052,3,1,1
12610,21991,1575280,3,1,1
12611,21991,1575517,3,1,1
12612,21991,1575916,3,2,2
12613,21991,1576280,3,1,1
12614,21991,1576613,3,1,1
12615,21991,1577338,3,1,1
12616,21991,1577826,3,2,2
12617,21991,1578051,3,1,1
12618,21991,1578889,3,1,1
12619,21991,1579478,3,1,1
12620,21991,1579599,3,1,1
12621,21991,1579612,3,1,1
12622,21991,1579733,3,1,1
12623,21991,1579822,3,1,1
12624,21991,1580423,3,3,3
12625,21991,1580949,3,1,1
12626,21991,1580955,3,1,1
12627,21991,1581060,3,1,1
12628,21991,1581502,3,1,1
12629,21991,1581560,3,2,2
12630,21991,1581705,3,4,4
12631,21991,1582258,3,1,1
12632,21991,1582286,3,1,1
12633,21991,1582300,3,1,1
12634,21991,1582900,3,1,1
12635,21991,1583741,3,2,2
12636,21991,1583756,3,1,1
12637,21991,1584352,3,1,1
12638,21991,1584558,3,1,1
12639,21991,1585136,3,1,1
12640,21991,1585237,3,1,1
12641,21991,1585417,3,2,2
12642,21991,1585490,3,1,1
12643,21991,1585664,3,1,1
12644,21991,1585692,3,1,1
12645,21991,1585948,3,1,1
12646,21991,1586889,3,1,1
12647,21991,1587679,3,2,2
12648,21991,1587685,3,1,1
12649,21991,1587868,3,1,1
12650,21991,1587940,3,1,1
12651,21991,1588594,3,2,2
12652,21991,1588608,3,2,2
12653,21991,1589091,3,1,1
12654,21991,1589117,3,1,1
12655,21991,1589532,3,1,1
12656,21991,1589764,3,1,1
12657,21991,1590036,3,1,1
12658,21991,1590277,3,1,1
12659,21991,1590281,3,36,36
12660,21991,1590666,3,1,1
12661,21991,1590671,3,1,1
12662,21991,1590898,3,1,1
12663,21991,1591866,3,8,8
12664,21991,1592391,3,5,5
12665,21991,1592491,3,1,1
12666,21991,1592504,3,1,1
12667,21991,1593056,3,1,1
12668,21991,1593734,3,2,2
12669,21991,1594299,3,1,1
12670,21991,1594687,3,1,1
12671,21991,1594736,3,1,1
12672,21991,1594761,3,1,1
12673,21991,1594932,3,1,1
12674,21991,1594986,3,1,1
12675,21991,1595309,3,1,1
12676,21991,1595353,3,1,1
12677,21991,1595426,3,2,2
12678,21991,1595506,3,1,1
12679,21991,1595629,3,1,1
12680,21991,1595743,3,3,3
12681,21991,1595876,3,12,12
12682,21991,1596145,3,1,1
12683,21991,1596154,3,1,1
12684,21991,1596493,3,1,1
12685,21991,1596780,3,1,1
12686,21991,1596975,3,1,1
12687,21991,1597754,3,1,1
12688,21991,1598610,3,3,3
12689,21991,1598668,3,1,1
12690,21991,1598673,3,1,1
12691,21991,1598773,3,2,2
12692,21991,1599487,3,1,1
12693,21991,1599517,3,1,1
12694,21991,1600078,3,2,2
12695,21991,1600090,3,1,1
12696,21991,1600098,3,2,2
12697,21991,1600167,3,4,4
12698,21991,1600404,3,2,2
12699,21991,1601135,3,1,1
12700,21991,1601583,3,1,1
12701,21991,1602059,3,1,1
12702,21991,1602085,3,2,2
12703,21991,1602197,3,1,1
12704,21991,1602259,3,1,1
12705,21991,1602274,3,1,1
12706,21991,1602470,3,1,1
12707,21991,1602483,3,1,1
12708,21991,1602558,3,1,1
12709,21991,1602696,3,2,2
12710,21991,1603266,3,1,1
12711,21991,1603443,3,1,1
12712,21991,1603537,3,1,1
12713,21991,1603725,3,1,1
12714,21991,1603845,3,1,1
12715,21991,1603866,3,4,4
12716,21991,1604546,3,8,8
12717,21991,1605177,3,1,1
12718,21991,1605184,3,1,1
12719,21991,1605564,3,2,2
12720,21991,1605633,3,1,1
12721,21991,1606390,3,3,3
12722,21991,1606825,3,1,1
12723,21991,1606985,3,1,1
12724,21991,1607146,3,3,3
12725,21991,1607461,3,10,10
12726,21991,1607530,3,2,2
12727,21991,1607637,3,2,2
12728,21991,1607969,3,1,1
12729,21991,1608599,3,8,8
12730,21991,1608737,3,2,2
12731,21991,1608766,3,1,1
12732,21991,1608793,3,1,1
12733,21991,1609011,3,1,1
12734,21991,1609791,3,1,1
12735,21991,1609936,3,1,1
12736,21991,1609945,3,1,1
12737,21991,1610474,3,4,4
12738,21991,1610537,3,1,1
12739,21991,1610546,3,1,1
12740,21991,1610862,3,1,1
12741,21991,1610955,3,6,6
12742,21991,1611098,3,166,166
12743,21991,1611135,3,2,2
12744,21991,1611494,3,1,1
12745,21991,1611662,3,1,1
12746,21991,1612209,3,1,1
12747,21991,1612429,3,1,1
12748,21991,1612445,3,1,1
12749,21991,1612651,3,14,14
12750,21991,1612888,3,1,1
12751,21991,1613392,3,1,1
12752,21991,1613453,3,1,1
12753,21991,1613729,3,1,1
12754,21991,1613762,3,4,4
12755,21991,1613992,3,9,9
12756,21991,1614252,3,1,1
12757,21991,1614309,3,1,1
12758,21991,1614316,3,1,1
12759,21991,1614318,3,1,1
12760,21991,1614324,3,1,1
12761,21991,1614577,3,1,1
12762,21991,1614961,3,1,1
12763,21991,1615110,3,1,1
12764,21991,1615226,3,1,1
12765,21991,1615517,3,1,1
12766,21991,1615529,3,1,1
12767,21991,1615669,3,1,1
12768,21991,1616502,3,1,1
12769,21991,1616727,3,1,1
12770,21991,1616926,3,1,1
12771,21991,1616931,3,1,1
12772,21991,1617035,3,1,1
12773,21991,1617421,3,1,1
12774,21991,1617797,3,2,2
12775,21991,1618289,3,1,1
12776,21991,1618976,3,7,7
12777,21991,1619264,3,1,1
12778,21991,1619290,3,1,1
12779,21991,1619654,3,2,2
12780,21991,1619687,3,1,1
12781,21991,1620264,3,6,6
12782,21991,1620333,3,6,6
12783,21991,1620453,3,1,1
12784,21991,1620465,3,1,1
12785,21991,1621029,3,1,1
12786,21991,1621757,3,2,2
12787,21991,1622051,3,1,1
12788,21991,1622058,3,1,1
12789,21991,1622298,3,1,1
12790,21991,1622580,3,3,3
12791,21991,1622612,3,1,1
12792,21991,1622973,3,1,1
12793,21991,1623127,3,2,2
12794,21991,1623345,3,1,1
12795,21991,1623482,3,1,1
12796,21991,1623750,3,1,1
12797,21991,1623771,3,1,1
12798,21991,1623802,2,1,1
12799,21991,1623918,3,1,1
12800,21991,1623986,3,1,1
12801,21991,1624161,3,1,1
12802,21991,1624175,3,1,1
12803,21991,1624927,3,1,1
12804,21991,1625313,3,76,76
12805,21991,1625323,3,1,1
12806,21991,1625392,3,1,1
12807,21991,1625429,3,1,1
12808,21991,1625571,3,9,9
12809,21991,1625738,3,1,1
12810,21991,1625908,3,1,1
12811,21991,1626069,3,1,1
12812,21991,1626186,3,1,1
12813,21991,1626404,3,11,11
12814,21991,1626452,3,1,1
12815,21991,1626839,3,2,2
12816,21991,1626944,3,5,5
12817,21991,1627015,3,1,1
12818,21991,1627081,3,1,1
12819,21991,1627167,3,1,1
12820,21991,1627396,3,5,5
12821,21991,1627410,3,7,7
12822,21991,1627636,3,1,1
12823,21991,1628230,3,4,4
12824,21991,1628279,3,1,1
12825,21991,1628286,3,1,1
12826,21991,1628457,3,1,1
12827,21991,1628945,3,2,2
12828,21991,1629011,3,1,1
12829,21991,1629734,3,1,1
12830,21991,1629780,2,1,1
12831,21991,1630075,3,1,1
12832,21991,1630359,3,1,1
12833,21991,1630565,3,2,2
12834,21991,1630863,3,1,1
12835,21991,1631993,3,1,1
12836,21991,1631996,3,2,2
12837,21991,1632213,3,6,6
12838,21991,1632689,3,1,1
12839,21991,1632979,3,16,16
12840,21991,1633091,3,1,1
12841,21991,1633124,3,1,1
12842,21991,1633212,3,2,2
12843,21991,1633300,3,1,1
12844,21991,1633745,3,1,1
12845,21991,1634084,3,1,1
12846,21991,1634219,3,1,1
12847,21991,1634416,3,3,3
12848,21991,1634715,3,1,1
12849,21991,1634860,3,1,1
12850,21991,1635019,3,4,4
12851,21991,1635128,3,8,8
12852,21991,1635157,3,1,1
12853,21991,1635183,3,2,2
12854,21991,1635275,3,1,1
12855,21991,1635318,3,1,1
12856,21991,1635323,3,2,2
12857,21991,1635457,3,1,1
12858,21991,1635589,3,1,1
12859,21991,1635910,3,1,1
12860,21991,1636473,3,3,3
12861,21991,1636698,3,1,1
12862,21991,1636835,3,1,1
12863,21991,1636906,3,1,1
12864,21991,1637208,3,1,1
12865,21991,1637598,3,2,2
12866,21991,1637936,3,1,1
12867,21991,1637958,3,1,1
12868,21991,1638323,3,1,1
12869,21991,1638393,3,1,1
12870,21991,1638518,3,1,1
12871,21991,1638946,3,1,1
12872,21991,1639033,3,1,1
12873,21991,1639203,3,5,5
12874,21991,1639533,3,1,1
12875,21991,1639570,3,1,1
12876,21991,1639579,3,1,1
12877,21991,1639761,3,1,1
12878,21991,1639796,3,1,1
12879,21991,1640049,3,1,1
12880,21991,1640522,3,2,2
12881,21991,1640602,3,9,9
12882,21991,1640678,3,6,6
12883,21991,1640794,3,48,48
12884,21991,1641340,3,174,174
12885,21991,1641424,3,1,1
12886,21991,1641463,3,1,1
12887,21991,1641573,3,1,1
12888,21991,1641605,3,1,1
12889,21991,1641657,3,3,3
12890,21991,1641679,3,1,1
12891,21991,1641724,3,1,1
12892,21991,1641726,3,1,1
12893,21991,1641846,3,1,1
12894,21991,1641961,3,1,1
12895,21991,1642261,3,1,1
12896,21991,1642428,3,2,2
12897,21991,1642436,3,1,1
12898,21991,1642638,3,1,1
12899,21991,1642889,3,1,1
12900,21991,1642993,3,1,1
12901,21991,1643103,3,1,1
12902,21991,1643149,3,1,1
12903,21991,1643378,3,1,1
12904,21991,1643545,3,1,1
12905,21991,1643598,3,1,1
12906,21991,1643629,3,1,1
12907,21991,1643747,3,1,1
12908,21991,1643751,3,1,1
12909,21991,1644153,3,2,2
12910,21991,1644377,3,1,1
12911,21991,1644489,3,1,1
12912,21991,1644516,3,2,2
12913,21991,1644543,3,1,1
12914,21991,1644817,3,1,1
12915,21991,1644865,3,1,1
12916,21991,1644910,3,1,1
12917,21991,1644944,3,1,1
12918,21991,1645181,3,1,1
12919,21991,1645354,3,1,1
12920,21991,1645395,3,1,1
12921,21991,1645764,3,1,1
12922,21991,1645891,3,3,3
12923,21991,1645893,3,1,1
12924,21991,1646298,3,1,1
12925,21991,1646316,3,4,4
12926,21991,1646492,3,1,1
12927,21991,1646937,3,2,2
12928,21991,1647054,3,2,2
12929,21991,1647204,3,1,1
12930,21991,1647234,3,1,1
12931,21991,1647654,3,1,1
12932,21991,1647810,3,1,1
12933,21991,1648105,3,1,1
12934,21991,1648260,3,8,8
12935,21991,1648264,3,2,2
12936,21991,1648311,3,2,2
12937,21991,1648531,3,1,1
12938,21991,1648637,3,2,2
12939,21991,1649423,3,1,1
12940,21991,1649612,3,1,1
12941,21991,1649828,3,2,2
12942,21991,1649835,3,1,1
12943,21991,1649921,2,1,1
12944,21991,1650155,3,1,1
12945,21991,1650253,3,3,3
12946,21991,1650603,3,3,3
12947,21991,1650609,3,3,3
12948,21991,1650893,3,1,1
12949,21991,1651000,3,1,1
12950,21991,1651039,3,1,1
12951,21991,1651243,3,1,1
12952,21991,1651355,3,2,2
12953,21991,1651460,3,2,2
12954,21991,1651725,3,2,2
12955,21991,1652213,3,1,1
12956,21991,1652267,3,1,1
12957,21991,1652355,3,1,1
12958,21991,1652790,3,4,4
12959,21991,1652921,3,1,1
12960,21991,1652943,3,1,1
12961,21991,1653244,3,1,1
12962,21991,1653360,3,1,1
12963,21991,1653403,3,1,1
12964,21991,1653509,3,1,1
12965,21991,1653658,3,1,1
12966,21991,1653843,3,3,3
12967,21991,1653896,3,1,1
12968,21991,1654015,3,1,1
12969,21991,1654050,3,1,1
12970,21991,1654161,3,1,1
12971,21991,1654247,3,1,1
12972,21991,1654535,3,1,1
12973,21991,1654651,3,1,1
12974,21991,1654984,3,1,1
12975,21991,1655322,3,1,1
12976,21991,1655380,3,2,2
12977,21991,1655841,3,1,1
12978,21991,1656464,3,1,1
12979,21991,1656716,2,1,1
12980,21991,1656885,3,72,72
12981,21991,1656931,3,4,4
12982,21991,1657034,3,1,1
12983,21991,1657074,3,1,1
12984,21991,1657153,3,1,1
12985,21991,1657360,3,2,2
12986,21991,1657557,3,1,1
12987,21991,1657819,3,1,1
12988,21991,1657981,3,6,6
12989,21991,1658175,3,1,1
12990,21991,1658240,3,1,1
12991,21991,1658273,3,1,1
12992,21991,1658353,3,6,6
12993,21991,1658419,3,2,2
12994,21991,1658431,3,1,1
12995,21991,1659004,3,5,5
12996,21991,1659038,3,1,1
12997,21991,1659123,3,3,3
12998,21991,1659157,3,2,2
12999,21991,1659375,3,1,1
13000,21991,1660059,3,3,3
13001,21991,1660327,3,1,1
13002,21991,1660473,3,6,6
13003,21991,1660733,3,2,2
13004,21991,1660761,3,7,7
13005,21991,1660817,3,1,1
13006,21991,1660828,3,1,1
13007,21991,1660901,3,1,1
13008,21991,1660930,3,1,1
13009,21991,1661026,3,1,1
13010,21991,1661236,3,1,1
13011,21991,1661245,3,1,1
13012,21991,1661315,3,1,1
13013,21991,1661384,3,1,1
13014,21991,1661499,3,1,1
13015,21991,1661543,3,2,2
13016,21991,1661717,3,1,1
13017,21991,1661910,3,6,6
13018,21991,1661973,3,2,2
13019,21991,1662080,3,5,5
13020,21991,1662089,3,1,1
13021,21991,1662211,3,1,1
13022,21991,1662565,3,17,17
13023,21991,1662588,3,1,1
13024,21991,1662651,3,22,22
13025,21991,1662677,3,2,2
13026,21991,1662943,3,20,20
13027,21991,1663169,3,1,1
13028,21991,1663235,3,1,1
13029,21991,1663239,3,1,1
13030,21991,1663343,3,2,2
13031,21991,1663540,3,1,1
13032,21991,1663549,3,1,1
13033,21991,1663614,3,1,1
13034,21991,1663822,3,1,1
13035,21991,1663825,3,1,1
13036,21991,1664088,3,1,1
13037,21991,1664177,3,5,5
13038,21991,1664432,3,1,1
13039,21991,1664621,3,1,1
13040,21991,1665308,3,12,12
13041,21991,1665332,3,4,4
13042,21991,1665542,3,1,1
13043,21991,1665867,3,1,1
13044,21991,1665913,3,1,1
13045,21991,1666317,3,1,1
13046,21991,1666396,3,9,9
13047,21991,1666417,3,1,1
13048,21991,1666593,3,1,1
13049,21991,1666635,3,1,1
13050,21991,1666638,3,2,2
13051,21991,1666729,3,43,43
13052,21991,1667157,3,1,1
13053,21991,1667209,3,1,1
13054,21991,1667559,3,5,5
13055,21991,1667603,3,6,6
13056,21991,1668149,3,9,9
13057,21991,1668511,3,2,2
13058,21991,1668696,3,1,1
13059,21991,1668872,3,1,1
13060,21991,1668884,3,1,1
13061,21991,1668910,3,1,1
13062,21991,1669363,3,1,1
13063,21991,1669554,3,1,1
13064,21991,1669589,3,1,1
13065,21991,1669693,3,10,10
13066,21991,1669753,3,1,1
13067,21991,1670001,3,1,1
13068,21991,1670089,3,1,1
13069,21991,1670257,3,1,1
13070,21991,1670370,3,1,1
13071,21991,1670553,3,1,1
13072,21991,1670702,3,1,1
13073,21991,1670893,3,12,12
13074,21991,1671086,3,1,1
13075,21991,1671200,3,1,1
13076,21991,1671554,3,1,1
13077,21991,1671566,3,2,2
13078,21991,1671676,3,1,1
13079,21991,1671923,3,1,1
13080,21991,1671964,3,1,1
13081,21991,1672518,3,2,2
13082,21991,1672565,3,2,2
13083,21991,1672568,2,2,2
13084,21991,1672580,3,3,3
13085,21991,1672597,3,2,2
13086,21991,1672663,3,1,1
13087,21991,1672720,3,2,2
13088,21991,1672870,3,1,1
13089,21991,1672906,3,1,1
13090,21991,1673226,3,1,1
13091,21991,1673263,3,3,3
13092,21991,1673437,3,111401,111359
13093,21991,1673583,3,1,1
13094,21991,1673647,2,2,2
13095,21991,1673859,3,1,1
13096,21991,1674069,3,1,1
13097,21991,1674149,3,9,9
13098,21991,1674157,3,2,2
13099,21991,1674212,3,3,3
13100,21991,1674252,3,6,6
13101,21991,1674295,3,3,3
13102,21991,1674344,3,3,3
13103,21991,1674385,3,1,1
13104,21991,1674478,3,1,1
13105,21991,1674529,3,1,1
13106,21991,1674579,3,1,1
13107,21991,1674882,3,1,1
13108,21991,1675036,3,643,643
13109,21991,1675193,3,7,7
13110,21991,1675215,3,1,1
13111,21991,1675357,3,1,1
13112,21991,1675411,3,1,1
13113,21991,1675412,3,1,1
13114,21991,1675446,3,1,1
13115,21991,1675453,3,1,1
13116,21991,1675476,3,1,1
13117,21991,1675532,3,1,1
13118,21991,1675694,3,7,7
13119,21991,1675700,3,3,3
13120,21991,1675900,3,4,4
13121,21991,1676261,3,1,1
13122,21991,1676357,3,1,1
13123,21991,1676457,3,1,1
13124,21991,1676515,3,1,1
13125,21991,1676570,3,1,1
13126,21991,1677195,3,1,1
13127,21991,1677320,3,1,1
13128,21991,1677349,3,1,1
13129,21991,1677367,3,1,1
13130,21991,1677744,3,2,2
13131,21991,1677753,3,2,2
13132,21991,1678022,3,3,3
13133,21991,1678032,3,1,1
13134,21991,1678110,3,1,1
13135,21991,1678240,3,1,1
13136,21991,1678264,3,1,1
13137,21991,1678350,3,1,1
13138,21991,1678480,3,1,1
13139,21991,1678541,3,1,1
13140,21991,1678659,3,1,1
13141,21991,1678887,3,31,31
13142,21991,1679156,3,1,1
13143,21991,1679533,3,2,2
13144,21991,1679538,3,1,1
13145,21991,1679621,3,1,1
13146,21991,1679639,3,1,1
13147,21991,1679925,3,1,1
13148,21991,1679929,3,1,1
13149,21991,1680124,3,1,1
13150,21991,1680642,3,1,1
13151,21991,1680759,3,1,1
13152,21991,1680769,3,1,1
13153,21991,1680803,3,2,2
13154,21991,1680917,3,115,115
13155,21991,1681117,3,1,1
13156,21991,1681126,3,1,1
13157,21991,1681172,3,1,1
13158,21991,1681273,3,1,1
13159,21991,1681359,3,1,1
13160,21991,1681966,3,1,1
13161,21991,1682334,3,1,1
13162,21991,1682384,3,1,1
13163,21991,1682542,3,2,2
13164,21991,1682591,3,1,1
13165,21991,1683054,3,20,20
13166,21991,1683055,3,2,2
13167,21991,1683558,3,2,2
13168,21991,1683924,3,1,1
13169,21991,1684531,3,3,3
13170,21991,1684551,3,1,1
13171,21991,1684765,3,3,3
13172,21991,1684771,3,8,8
13173,21991,1684837,3,6,6
13174,21991,1684890,3,8,8
13175,21991,1684899,3,3,3
13176,21991,1684931,3,1,1
13177,21991,1685062,3,1,1
13178,21991,1685081,3,1,1
13179,21991,1685134,3,1,1
13180,21991,1685241,3,1,1
13181,21991,1685490,3,1,1
13182,21991,1685845,3,7,7
13183,21991,1686056,3,2,2
13184,21991,1686380,3,1,1
13185,21991,1686538,3,1,1
13186,21991,1686977,3,3,3
13187,21991,1686993,3,5,5
13188,21991,1687314,3,1,1
13189,21991,1687617,3,1,1
13190,21991,1687634,3,2,2
13191,21991,1687790,3,1,1
13192,21991,1687875,3,6,6
13193,21991,1688084,3,1,1
13194,21991,1688156,3,1,1
13195,21991,1688245,3,1,1
13196,21991,1688405,3,1,1
13197,21991,1688473,3,1,1
13198,21991,1688487,3,1,1
13199,21991,1688699,3,3,3
13200,21991,1689208,3,2,2
13201,21991,1689488,3,1,1
13202,21991,1689669,3,1,1
13203,21991,1689864,3,1,1
13204,21991,1689878,3,1,1
13205,21991,1689912,3,1,1
13206,21991,1689962,3,1,1
13207,21991,1689979,3,1,1
13208,21991,1690471,3,1,1
13209,21991,1690517,3,6,6
13210,21991,1690791,3,1,1
13211,21991,1690990,3,3,3
13212,21991,1691045,3,1,1
13213,21991,1691093,3,1,1
13214,21991,1691186,3,2,2
13215,21991,1691346,3,3,3
13216,21991,1691352,3,3,3
13217,21991,1691582,3,1,1
13218,21991,1691595,3,2,2
13219,21991,1691683,3,1,1
13220,21991,1692331,3,3,3
13221,21991,1692405,3,2,2
13222,21991,1692415,3,1,1
13223,21991,1692425,3,20,20
13224,21991,1692508,3,1,1
13225,21991,1693009,3,1,1
13226,21991,1693181,3,1,1
13227,21991,1693224,3,1,1
13228,21991,1693290,3,1,1
13229,21991,1693692,3,1,1
13230,21991,1693745,3,1,1
13231,21991,1693782,3,1,1
13232,21991,1693816,3,1,1
13233,21991,1693915,3,1,1
13234,21991,1694112,3,1,1
13235,21991,1694343,3,1,1
13236,21991,1694647,3,1,1
13237,21991,1694893,3,1,1
13238,21991,1695093,3,1,1
13239,21991,1695119,3,1,1
13240,21991,1695299,3,2,2
13241,21991,1695363,3,4,4
13242,21991,1695724,3,1,1
13243,21991,1696133,3,1,1
13244,21991,1696245,3,3,3
13245,21991,1696711,3,2,2
13246,21991,1697080,3,1,1
13247,21991,1697130,3,1,1
13248,21991,1697322,3,1,1
13249,21991,1697472,3,2,2
13250,21991,1697686,3,2,2
13251,21991,1698039,3,1,1
13252,21991,1698521,3,17,17
13253,21991,1698927,3,1,1
13254,21991,1698947,3,1,1
13255,21991,1699034,3,1,1
13256,21991,1699129,3,1,1
13257,21991,1699469,3,1,1
13258,21991,1699486,3,1,1
13259,21991,1699503,3,1,1
13260,21991,1699688,3,3,3
13261,21991,1699695,3,4,4
13262,21991,1700065,3,3,3
13263,21991,1700096,3,2,2
13264,21991,1700208,3,1,1
13265,21991,1700427,3,3,3
13266,21991,1700614,3,1,1
13267,21991,1700737,3,1,1
13268,21991,1700941,3,1,1
13269,21991,1701037,3,3,3
13270,21991,1701068,3,1,1
13271,21991,1701406,3,1,1
13272,21991,1701516,3,1,1
13273,21991,1701531,3,1,1
13274,21991,1701538,3,9,9
13275,21991,1701868,3,1,1
13276,21991,1702060,3,6,6
13277,21991,1702191,3,1,1
13278,21991,1702281,3,1,1
13279,21991,1702474,3,1,1
13280,21991,1702635,3,1,1
13281,21991,1702647,3,1,1
13282,21991,1702807,3,1,1
13283,21991,1702853,3,1,1
13284,21991,1702941,3,1,1
13285,21991,1702998,3,4,4
13286,21991,1703122,3,1,1
13287,21991,1703126,3,1,1
13288,21991,1703312,3,3,3
13289,21991,1703429,3,47,47
13290,21991,1703559,3,1,1
13291,21991,1704102,3,1,1
13292,21991,1704163,3,1,1
13293,21991,1704175,3,1,1
13294,21991,1704261,3,1,1
13295,21991,1704341,3,6,6
13296,21991,1704416,3,5,5
13297,21991,1704497,3,1,1
13298,21991,1704654,3,2,2
13299,21991,1704687,3,1,1
13300,21991,1704885,3,1,1
13301,21991,1704896,3,5,5
13302,21991,1704972,3,1,1
13303,21991,1705004,3,1,1
13304,21991,1705204,3,1,1
13305,21991,1705311,3,1,1
13306,21991,1705517,3,1,1
13307,21991,1705619,3,2,2
13308,21991,1705795,3,186,186
13309,21991,1705960,3,1,1
13310,21991,1705970,3,1,1
13311,21991,1706060,3,1,1
13312,21991,1706093,3,1,1
13313,21991,1706180,3,1,1
13314,21991,1706703,3,3,3
13315,21991,1706746,3,1,1
13316,21991,1706787,3,2,2
13317,21991,1707103,3,7,7
13318,21991,1707188,3,8,8
13319,21991,1707197,2,2,2
13320,21991,1707456,3,70,70
13321,21991,1707507,3,1,1
13322,21991,1707840,3,1,1
13323,21991,1707893,3,13,13
13324,21991,1708200,3,1,1
13325,21991,1708273,3,34,34
13326,21991,1708477,3,1,1
13327,21991,1708553,3,2,2
13328,21991,1708580,3,1,1
13329,21991,1708716,3,1,1
13330,21991,1708772,3,1,1
13331,21991,1708913,3,1,1
13332,21991,1708935,3,1,1
13333,21991,1709076,3,1,1
13334,21991,1709107,3,37,37
13335,21991,1709118,3,2,2
13336,21991,1709133,3,32,32
13337,21991,1709147,3,10,10
13338,21991,1709277,3,1,1
13339,21991,1709315,3,1,1
13340,21991,1709318,3,1,1
13341,21991,1709348,3,1,1
13342,21991,1709572,3,6,6
13343,21991,1710050,3,1,1
13344,21991,1710083,3,1,1
13345,21991,1710339,3,2,2
13346,21991,1710341,3,1,1
13347,21991,1710477,3,1,1
13348,21991,1710578,3,1,1
13349,21991,1710699,3,2,2
13350,21991,1710723,3,1,1
13351,21991,1710800,3,1,1
13352,21991,1710824,3,5,5
13353,21991,1711306,3,1,1
13354,21991,1711364,3,1,1
13355,21991,1711526,3,1,1
13356,21991,1711545,3,1,1
13357,21991,1711991,3,1,1
13358,21991,1712152,3,59,59
13359,21991,1712334,3,1,1
13360,21991,1712393,3,1,1
13361,21991,1712532,3,2,2
13362,21991,1712627,3,1,1
13363,21991,1712637,3,1,1
13364,21991,1712681,3,1,1
13365,21991,1712710,3,5,5
13366,21991,1712734,3,1,1
13367,21991,1712814,3,1,1
13368,21991,1712832,3,1,1
13369,21991,1712911,3,1,1
13370,21991,1712915,3,2,2
13371,21991,1712926,3,1,1
13372,21991,1713045,3,1,1
13373,21991,1713052,3,1,1
13374,21991,1713065,3,1,1
13375,21991,1713079,3,1,1
13376,21991,1713372,3,6,6
13377,21991,1713425,3,41,41
13378,21991,1713624,3,3,3
13379,21991,1713837,3,1,1
13380,21991,1713871,3,41,41
13381,21991,1713960,3,22,22
13382,21991,1713969,3,1,1
13383,21991,1714044,3,3,3
13384,21991,1714094,3,1,1
13385,21991,1714101,3,1,1
13386,21991,1714354,3,4,4
13387,21991,1714412,3,1,1
13388,21991,1714933,3,1,1
13389,21991,1714934,3,2,2
13390,21991,1714965,3,1,1
13391,21991,1715029,3,3,3
13392,21991,1715031,3,1,1
13393,21991,1715227,3,1,1
13394,21991,1715307,3,2,2
13395,21991,1715451,2,1,1
13396,21991,1715578,3,1,1
13397,21991,1715645,3,1,1
13398,21991,1715707,3,1,1
13399,21991,1715790,3,1,1
13400,21991,1715838,3,1,1
13401,21991,1715939,3,12,12
13402,21991,1715940,3,13,13
13403,21991,1716051,3,1,1
13404,21991,1716090,3,11,11
13405,21991,1716333,3,1,1
13406,21991,1716377,3,1,1
13407,21991,1716409,3,2,2
13408,21991,1716485,3,1,1
13409,21991,1716523,3,8,8
13410,21991,1716570,3,1,1
13411,21991,1716769,3,1,1
13412,21991,1716872,3,10,10
13413,21991,1716927,3,1,1
13414,21991,1717057,3,1,1
13415,21991,1717076,3,1,1
13416,21991,1717226,3,1,1
13417,21991,1717241,3,1,1
13418,21991,1717357,3,2,2
13419,21991,1717371,3,1,1
13420,21991,1717496,3,2,2
13421,21991,1717591,3,1,1
13422,21991,1717607,3,1,1
13423,21991,1717638,3,1,1
13424,21991,1717656,3,1,1
13425,21991,1717808,3,1,1
13426,21991,1717971,3,4,4
13427,21991,1718050,3,1,1
13428,21991,1718197,3,1,1
13429,21991,1718226,3,6,6
13430,21991,1718368,3,1,1
13431,21991,1718431,3,6,6
13432,21991,1718456,3,1,1
13433,21991,1718475,3,2,2
13434,21991,1718522,3,1,1
13435,21991,1718844,3,1,1
13436,21991,1718873,3,3,3
13437,21991,1718957,3,1,1
13438,21991,1719105,3,3,3
13439,21991,1719336,3,1,1
13440,21991,1719390,3,2,2
13441,21991,1719532,3,3,3
13442,21991,1719595,3,1,1
13443,21991,1719721,3,1,1
13444,21991,1719817,3,1,1
13445,21991,1719829,3,3,3
13446,21991,1720034,3,1,1
13447,21991,1720039,3,3,3
13448,21991,1720112,3,1,1
13449,21991,1720163,3,2,2
13450,21991,1720217,3,2,2
13451,21991,1720221,3,1,1
13452,21991,1720234,3,1,1
13453,21991,1720294,3,1,1
13454,21991,1720345,3,1,1
13455,21991,1720457,3,1,1
13456,21991,1720564,3,1,1
13457,21991,1720817,3,1,1
13458,21991,1720821,3,1,1
13459,21991,1720846,3,1,1
13460,21991,1720920,3,1,1
13461,21991,1720938,3,1,1
13462,21991,1720953,3,1,1
13463,21991,1721139,3,1,1
13464,21991,1721226,3,12,12
13465,21991,1721298,3,3,3
13466,21991,1721343,3,8,8
13467,21991,1721357,3,1,1
13468,21991,1721386,3,2,2
13469,21991,1721486,3,2,2
13470,21991,1721489,3,19,19
13471,21991,1721651,3,2,2
13472,21991,1721658,3,1,1
13473,21991,1721708,3,1,1
13474,21991,1721818,3,20,20
13475,21991,1721846,3,1,1
13476,21991,1721904,3,2,2
13477,21991,1721915,3,6,6
13478,21991,1722065,3,2,2
13479,21991,1722326,3,1,1
13480,21991,1722383,3,1,1
13481,21991,1722770,3,11,11
13482,21991,1722809,3,9,9
13483,21991,1722916,3,28,28
13484,21991,1722964,3,2,2
13485,21991,1722980,3,1,1
13486,21991,1723045,3,1,1
13487,21991,1723090,3,1,1
13488,21991,1723169,3,1,1
13489,21991,1723193,3,1,1
13490,21991,1723514,3,5,5
13491,21991,1723546,3,4,4
13492,21991,1723794,3,1,1
13493,21991,1723830,3,1,1
13494,21991,1724031,3,2,2
13495,21991,1724112,3,13,13
13496,21991,1724142,3,4,4
13497,21991,1724149,3,1,1
13498,21991,1724293,3,3,3
13499,21991,1724296,3,1,1
13500,21991,1724297,3,1,1
13501,21991,1724528,3,1,1
13502,21991,1724621,3,1,1
13503,21991,1724693,2,1,1
13504,21991,1724707,3,1,1
13505,21991,1724797,3,3,3
13506,21991,1724935,3,1,1
13507,21991,1724954,3,1,1
13508,21991,1724957,3,1,1
13509,21991,1724960,3,2,2
13510,21991,1725047,3,3,3
13511,21991,1725048,3,35,35
13512,21991,1725347,3,1,1
13513,21991,1725379,3,1,1
13514,21991,1725510,3,1,1
13515,21991,1725541,3,2,2
13516,21991,1725626,3,1,1
13517,21991,1725803,3,5,5
13518,21991,1726050,3,1,1
13519,21991,1726173,3,1,1
13520,21991,1726202,3,2,2
13521,21991,1726229,3,2,2
13522,21991,1726240,3,7,7
13523,21991,1726251,3,1,1
13524,21991,1726287,3,16,16
13525,21991,1726393,3,5,5
13526,21991,1726434,3,67,67
13527,21991,1726549,3,4,4
13528,21991,1726564,3,1,1
13529,21991,1726648,3,1,1
13530,21991,1726728,3,1,1
13531,21991,1726982,3,8,8
13532,21991,1727007,3,98,98
13533,21991,1727024,3,1,1
13534,21991,1727042,3,2,2
13535,21991,1727051,3,2,2
13536,21991,1727138,3,4,4
13537,21991,1727336,3,1,1
13538,21991,1727508,3,1,1
13539,21991,1727546,3,3,3
13540,21991,1727556,3,5,5
13541,21991,1727639,3,1,1
13542,21991,1727721,3,1,1
13543,21991,1727774,3,2,2
13544,21991,1727785,3,1,1
13545,21991,1727882,3,1,1
13546,21991,1728071,3,1,1
13547,21991,1728213,3,1,1
13548,21991,1728220,3,9,9
13549,21991,1728234,3,1,1
13550,21991,1728281,3,2,2
13551,21991,1728518,3,1,1
13552,21991,1728653,3,2,2
13553,21991,1728713,3,1,1
13554,21991,1728758,3,1,1
13555,21991,1728880,3,1,1
13556,21991,1728936,3,1,1
13557,21991,1728937,3,3,3
13558,21991,1728971,3,1,1
13559,21991,1729065,3,1,1
13560,21991,1729073,3,1,1
13561,21991,1729089,3,1,1
13562,21991,1729102,3,2,2
13563,21991,1729447,3,3,3
13564,21991,1729470,3,1,1
13565,21991,1729634,3,1,1
13566,21991,1729789,3,1,1
13567,21991,1730070,3,5,5
13568,21991,1730212,3,2,2
13569,21991,1730456,3,1,1
13570,21991,1730487,3,1,1
13571,21991,1730524,3,4,4
13572,21991,1730825,3,1,1
13573,21991,1730967,3,1,1
13574,21991,1730977,3,1,1
13575,21991,1731122,3,2,2
13576,21991,1731159,3,1,1
13577,21991,1731175,3,13,13
13578,21991,1731374,3,1,1
13579,21991,1731495,3,2,2
13580,21991,1731545,3,1,1
13581,21991,1731850,2,1,1
13582,21991,1731859,3,1,1
13583,21991,1732232,3,1,1
13584,21991,1732379,3,1,1
13585,21991,1732382,3,1,1
13586,21991,1732507,3,1,1
13587,21991,1732527,3,2,2
13588,21991,1732533,3,2,2
13589,21991,1732664,3,1,1
13590,21991,1732703,3,1,1
13591,21991,1732755,3,1,1
13592,21991,1732770,3,1,1
13593,21991,1732776,3,2,2
13594,21991,1732874,3,1,1
13595,21991,1732963,3,1,1
13596,21991,1733132,3,1,1
13597,21991,1733173,3,2,2
13598,21991,1733251,3,4,4
13599,21991,1733287,3,2,2
13600,21991,1733364,3,4,4
13601,21991,1733550,3,1,1
13602,21991,1733674,3,4,4
13603,21991,1733675,3,2,2
13604,21991,1733883,3,1,1
13605,21991,1733886,3,5,5
13606,21991,1734035,3,1,1
13607,21991,1734194,3,2,2
13608,21991,1734250,3,1,1
13609,21991,1734625,3,4,4
13610,21991,1734645,3,1,1
13611,21991,1734733,3,4,4
13612,21991,1734735,3,4,4
13613,21991,1734756,3,31,31
13614,21991,1734796,3,5,5
13615,21991,1734845,3,59,59
13616,21991,1734901,3,1,1
13617,21991,1734970,3,3,3
13618,21991,1735093,3,1,1
13619,21991,1735142,3,1,1
13620,21991,1735143,3,1,1
13621,21991,1735149,3,6,6
13622,21991,1735231,3,1,1
13623,21991,1735505,3,2,2
13624,21991,1735538,3,3,3
13625,21991,1735667,3,1,1
13626,21991,1735686,3,1,1
13627,21991,1735718,3,1,1
13628,21991,1735795,3,2,2
13629,21991,1735902,3,3,3
13630,21991,1735949,3,1,1
13631,21991,1736035,3,1,1
13632,21991,1736050,3,2,2
13633,21991,1736086,3,1,1
13634,21991,1736193,3,1,1
13635,21991,1736520,3,1,1
13636,21991,1736543,3,1,1
13637,21991,1736689,3,1,1
13638,21991,1736734,3,3,3
13639,21991,1736793,3,3,3
13640,21991,1736926,3,1,1
13641,21991,1737028,3,1,1
13642,21991,1738027,3,2,2
13643,21991,1738030,3,1,1
13644,21991,1738351,3,2,2
13645,21991,1738413,3,3,3
13646,21991,1738429,3,1,1
13647,21991,1738468,3,1,1
13648,21991,1738494,3,2,2
13649,21991,1738648,3,1,1
13650,21991,1738663,3,1,1
13651,21991,1738673,3,1,1
13652,21991,1738895,3,4,4
13653,21991,1739368,3,1,1
13654,21991,1739404,3,1,1
13655,21991,1739448,3,1,1
13656,21991,1739460,3,1,1
13657,21991,1739529,3,1,1
13658,21991,1739576,3,1,1
13659,21991,1739600,3,1,1
13660,21991,1739693,3,1,1
13661,21991,1739721,3,1,1
13662,21991,1739740,3,1,1
13663,21991,1739805,3,1,1
13664,21991,1739811,3,1,1
13665,21991,1739823,3,2,2
13666,21991,1739873,3,1,1
13667,21991,1739893,3,1,1
13668,21991,1740067,3,1,1
13669,21991,1740074,3,1,1
13670,21991,1740288,3,1,1
13671,21991,1740346,3,1,1
13672,21991,1740648,3,2,2
13673,21991,1740720,3,2,2
13674,21991,1740750,3,10,10
13675,21991,1740787,3,1,1
13676,21991,1740885,3,1,1
13677,21991,1740993,3,1,1
13678,21991,1741016,3,1,1
13679,21991,1741042,3,1,1
13680,21991,1741062,3,1,1
13681,21991,1741203,3,10,10
13682,21991,1741229,3,1,1
13683,21991,1741278,3,2,2
13684,21991,1741300,3,15,15
13685,21991,1741359,3,1,1
13686,21991,1741368,3,1,1
13687,21991,1741395,3,1,1
13688,21991,1741507,3,1,1
13689,21991,1741586,3,1,1
13690,21991,1741590,3,1,1
13691,21991,1741686,3,2,2
13692,21991,1741758,3,1,1
13693,21991,1741784,3,1,1
13694,21991,1741826,3,1,1
13695,21991,1741956,3,2,2
13696,21991,1742202,3,1,1
13697,21991,1742264,3,1,1
13698,21991,1742447,3,2,2
13699,21991,1742628,3,1,1
13700,21991,1742734,3,1,1
13701,21991,1742800,3,2,2
13702,21991,1743131,3,2,2
13703,21991,1743170,3,2,2
13704,21991,1743351,3,3,3
13705,21991,1743362,3,1,1
13706,21991,1743380,3,3,3
13707,21991,1743446,3,1,1
13708,21991,1743451,3,2,2
13709,21991,1743467,3,1,1
13710,21991,1743490,3,8,8
13711,21991,1743505,3,1,1
13712,21991,1743518,3,1,1
13713,21991,1743560,3,1,1
13714,21991,1743596,3,1,1
13715,21991,1743616,3,1,1
13716,21991,1743686,3,1,1
13717,21991,1743930,3,4,4
13718,21991,1743954,3,3,3
13719,21991,1744031,3,1,1
13720,21991,1744077,3,1,1
13721,21991,1744160,3,1,1
13722,21991,1744351,3,1,1
13723,21991,1744462,3,1,1
13724,21991,1744474,3,2,2
13725,21991,1744731,3,1,1
13726,21991,1744849,3,10,10
13727,21991,1744897,3,1,1
13728,21991,1745038,3,1,1
13729,21991,1745042,3,1,1
13730,21991,1745045,3,1,1
13731,21991,1745047,3,1,1
13732,21991,1745054,3,7,7
13733,21991,1745082,3,1,1
13734,21991,1745130,3,1,1
13735,21991,1745147,3,1,1
13736,21991,1745217,3,1,1
13737,21991,1745245,3,5,5
13738,21991,1745372,3,1,1
13739,21991,1745385,3,1,1
13740,21991,1745426,3,2,2
13741,21991,1745490,3,2,2
13742,21991,1745827,3,1,1
13743,21991,1745858,3,4,4
13744,21991,1746071,3,1,1
13745,21991,1746096,3,1,1
13746,21991,1746320,3,1,1
13747,21991,1746379,3,2,2
13748,21991,1746428,3,2,2
13749,21991,1746520,3,1,1
13750,21991,1746726,3,3,3
13751,21991,1746904,3,1,1
13752,21991,1746931,3,1,1
13753,21991,1747013,3,2,2
13754,21991,1747080,3,2,2
13755,21991,1747184,3,1,1
13756,21991,1747215,3,1,1
13757,21991,1747425,3,1,1
13758,21991,1747988,3,1,1
13759,21991,1748026,3,1,1
13760,21991,1748273,3,4,4
13761,21991,1748435,3,2,2
13762,21991,1748578,3,3,3
13763,21991,1748770,3,1,1
13764,21991,1748824,3,1,1
13765,21991,1748825,3,1,1
13766,21991,1748903,3,1,1
13767,21991,1749008,3,1,1
13768,21991,1749275,3,1,1
13769,21991,1749294,3,2,2
13770,21991,1749315,3,14,14
13771,21991,1749376,3,1,1
13772,21991,1749405,3,1,1
13773,21991,1749414,3,4,4
13774,21991,1749421,3,1,1
13775,21991,1749493,3,1,1
13776,21991,1749621,3,5,5
13777,21991,1749629,3,1,1
13778,21991,1749718,3,1,1
13779,21991,1750075,3,1,1
13780,22194,1750075,3,1,1
13781,21991,1750149,3,1,1
13782,21991,1750158,3,6,6
13783,21991,1750171,3,3,3
13784,21991,1750224,3,3,3
13785,21991,1750336,3,1,1
13786,21991,1750462,3,1,1
13787,21991,1750481,3,1,1
13788,21991,1750492,3,1,1
13789,21991,1750512,3,1,1
13790,21991,1750612,3,1,1
13791,21991,1750617,3,1,1
13792,21991,1750768,3,2,2
13793,21991,1750941,3,1,1
13794,21991,1751014,3,3,3
13795,21991,1751095,3,1,1
13796,21991,1751145,3,1,1
13797,21991,1751339,3,1,1
13798,21991,1751367,3,1,1
13799,21991,1751663,3,1,1
13800,21991,1751667,3,1,1
13801,21991,1751721,3,2,2
13802,21991,1751802,3,3,3
13803,21991,1751867,3,2,2
13804,21991,1751907,3,1,1
13805,21991,1751920,3,1,1
13806,21991,1752070,3,1,1
13807,21991,1752181,3,1,1
13808,21991,1752224,3,1,1
13809,21991,1752375,3,1,1
13810,21991,1752384,3,5,5
13811,21991,1752531,3,8,8
13812,21991,1752538,3,2,2
13813,21991,1752763,3,1,1
13814,21991,1752829,3,2,2
13815,21991,1752990,3,1,1
13816,21991,1753009,3,11,11
13817,21991,1753032,3,2,2
13818,21991,1753078,3,2,2
13819,21991,1753079,3,1,1
13820,21991,1753126,3,2,2
13821,21991,1753174,3,12,12
13822,21991,1753203,3,1,1
13823,21991,1753277,3,2,2
13824,21991,1753400,3,1,1
13825,21991,1753507,3,3,3
13826,21991,1753543,3,1,1
13827,21991,1753577,3,2,2
13828,21991,1753747,3,1,1
13829,21991,1753826,3,1,1
13830,21991,1753888,3,12,12
13831,21991,1754049,3,3,3
13832,21991,1754232,3,1,1
13833,21991,1754269,3,2,2
13834,21991,1754279,3,1,1
13835,21991,1754359,3,1,1
13836,21991,1754533,3,1,1
13837,21991,1754534,3,1,1
13838,21991,1754640,3,2,2
13839,21991,1754838,3,1,1
13840,21991,1755092,3,3,3
13841,21991,1755138,3,1,1
13842,21991,1755322,3,1,1
13843,21991,1755348,3,1,1
13844,21991,1755483,3,1,1
13845,21991,1755602,3,1,1
13846,21991,1755636,3,1,1
13847,21991,1755659,3,1,1
13848,21991,1755697,3,1,1
13849,21991,1755712,3,1,1
13850,21991,1755786,3,5,5
13851,21991,1755798,3,3,3
13852,21991,1755907,3,1,1
13853,21991,1756162,3,1,1
13854,21991,1756284,3,1,1
13855,21991,1756377,3,1,1
13856,21991,1756439,3,2,2
13857,21991,1756732,3,1,1
13858,21991,1756918,3,2,2
13859,21991,1757144,3,1,1
13860,21991,1757155,3,5,5
13861,21991,1757494,3,5,5
13862,21991,1757531,3,1,1
13863,21991,1757719,3,1,1
13864,21991,1757727,3,1,1
13865,21991,1757792,3,1,1
13866,21991,1757846,3,5,5
13867,21991,1757859,3,1,1
13868,21991,1758245,3,1,1
13869,21991,1758461,3,2,2
13870,21991,1758465,3,1,1
13871,21991,1759042,3,3,3
13872,21991,1759106,3,7,7
13873,21991,1759321,3,1,1
13874,21991,1759540,3,1,1
13875,21991,1759548,3,1,1
13876,21991,1759575,3,1,1
13877,21991,1759861,3,1,1
13878,21991,1759934,3,1,1
13879,21991,1760074,3,1,1
13880,21991,1760189,3,1,1
13881,21991,1760437,3,1,1
13882,21991,1760935,3,1,1
13883,21991,1760941,3,1,1
13884,21991,1760961,3,1,1
13885,21991,1761033,3,1,1
13886,21991,1761127,3,1,1
13887,21991,1761205,3,2,2
13888,21991,1761898,3,1,1
13889,21991,1762059,3,1,1
13890,21991,1762489,3,1,1
13891,21991,1762765,3,1,1
13892,21991,1763144,3,1,1
13893,21991,1763644,3,1,1
13894,21991,1763660,3,1,1
13895,21991,1763689,3,1,1
13896,21991,1763715,3,1,1
13897,21991,1763801,3,4,4
13898,21991,1763858,3,2,2
13899,21991,1764282,3,1,1
13900,21991,1764659,3,1,1
13901,21991,1764832,3,2,2
13902,21991,1765250,3,1,1
13903,21991,1765542,3,2,2
13904,21991,1766370,3,1,1
13905,21991,1766375,3,1,1
13906,21991,1766447,3,1,1
13907,21991,1766592,3,7,7
13908,21991,1767097,3,1,1
13909,21991,1767401,3,1,1
13910,21991,1767915,3,2,2
13911,21991,1768519,3,1,1
13912,21991,1768523,3,1,1
13913,21991,1768887,3,1,1
13914,21991,1769029,3,3,3
13915,21991,1769277,3,2,2
13916,21991,1769695,3,1,1
13917,21991,1769888,3,1,1
13918,21991,1770117,3,1,1
13919,21991,1770169,3,1,1
13920,21991,1770222,3,2,2
13921,21991,1770922,3,1,1
13922,21991,1771226,3,1,1
13923,21991,1771358,3,1,1
13924,21991,1771430,3,1,1
13925,21991,1771633,3,1,1
13926,21991,1771664,3,1,1
13927,21991,1771774,3,1,1
13928,21991,1771816,3,1,1
13929,21991,1772452,3,1,1
13930,21991,1772868,3,1,1
13931,21991,1773111,3,4,4
13932,21991,1773172,3,2,2
13933,21991,1773503,2,1,1
13934,21991,1773877,3,2,2
13935,21991,1773950,3,1,1
13936,21991,1773985,3,1,1
13937,21991,1774083,3,1,1
13938,21991,1774185,3,3,3
13939,21991,1774208,3,1,1
13940,21991,1774316,3,1,1
13941,21991,1774319,3,1,1
13942,21991,1774688,3,1,1
13943,21991,1774889,3,1,1
13944,21991,1774966,3,1,1
13945,21991,1775118,3,5,5
13946,21991,1775325,3,1,1
13947,21991,1775607,3,28,28
13948,21991,1775871,3,9,9
13949,21991,1776470,3,1,1
13950,21991,1776716,3,1,1
13951,21991,1776740,3,1,1
13952,21991,1777471,3,1,1
13953,21991,1777744,3,1,1
13954,21991,1778828,3,1,1
13955,21991,1778832,3,1,1
13956,21991,1778834,3,1,1
13957,21991,1779570,3,3,3
13958,21991,1779627,3,1,1
13959,21991,1779799,3,1,1
13960,21991,1780228,3,2,2
13961,21991,1780989,3,1,1
13962,21991,1781253,3,1,1
13963,21991,1781348,3,3,3
13964,21991,1781577,3,2,2
13965,21991,1781875,3,1,1
13966,21991,1781985,3,1,1
13967,21991,1782205,3,1,1
13968,21991,1783111,3,3,3
13969,21991,1783506,3,2,2
13970,21991,1784379,3,1,1
13971,21991,1784446,3,1,1
13972,21991,1785315,3,1,1
13973,21991,1785496,3,2,2
13974,21991,1785630,3,1,1
13975,21991,1786314,3,1,1
13976,21991,1786383,3,2,2
13977,21991,1788040,3,1,1
13978,21991,1788119,3,1,1
13979,21991,1788409,3,2,2
13980,21991,1788944,3,1,1
13981,21991,1789662,3,4,4
13982,21991,1789700,3,2,2
13983,21991,1790080,3,2,2
13984,21991,1790226,3,2,2
13985,21991,1791021,3,2,2
13986,21991,1791038,3,2,2
13987,21991,1791468,3,1,1
13988,21991,1791850,3,1,1
13989,21991,1791960,3,1,1
13990,21991,1792127,3,5,5
13991,21991,1792155,3,1,1
13992,21991,1792492,3,1,1
13993,21991,1792498,3,4,4
13994,21991,1793087,3,7,7
13995,21991,1793972,3,1,1
13996,21991,1794513,3,20,20
13997,21991,1794977,3,1,1
13998,21991,1795479,3,1,1
13999,21991,1796069,3,2,2
14000,21991,1796290,3,1,1
14001,21991,1796353,3,1,1
14002,21991,1797417,3,1,1
14003,21991,1798297,3,1,1
14004,21991,1798346,3,2,2
14005,21991,1799150,3,1,1
14006,21991,1799355,3,1,1
14007,21991,1801807,3,1,1
14008,21991,1805081,3,8,8
14009,21991,1805327,3,1,1
14010,21991,1806247,3,1,1
14011,21991,1807044,3,1,1
14012,21991,1809290,3,1,1
14013,21991,1810162,3,2,2
14014,21991,1811129,3,1,1
14015,21991,1812404,3,4,4
14016,21991,1812764,3,1,1
14017,21991,1812994,3,1,1
14018,21991,1817113,3,1,1
14019,21991,1881773,2,4,4
14020,21991,1899265,3,1,1
14021,21991,1899516,3,1,1
14022,21991,1900457,3,1,1
14023,21991,1904148,3,1,1
14024,21991,1905968,3,1,1
14025,21991,1906974,3,1,1
14026,21991,1907892,3,1,1
14027,21991,1908282,3,1,1
14028,21991,1909706,3,1,1
14029,21991,1910605,3,1,1
14030,21991,1912387,3,1,1
14031,21991,1915932,3,1,1
14032,21991,1917551,3,1,1
14033,21991,1919390,3,1,1
14034,21991,1919735,3,1,1
14035,21991,1932450,3,1,1
14036,21991,1936795,3,1,1
14037,21991,1936906,3,1,1
14038,21991,1941745,3,1,1
14039,21991,1942423,3,1,1
14040,21991,1943073,3,1,1
14041,21991,1951980,3,1,1
14042,21991,1952495,3,1,1
14043,21991,1953045,3,1,1
14044,21991,1953586,3,1,1
14045,21991,1954060,3,1,1
14046,21991,1955200,3,1,1
14047,21991,1964312,3,1,1
14048,21991,1971869,3,1,1
14049,21991,1972001,3,1,1
14050,21991,1972340,3,1,1
14051,21991,1973582,3,1,1
14052,21991,1977727,3,1,1
14053,21991,1983567,3,1,1
14054,21991,1987889,3,1,1
14055,21991,2007784,3,1,1
14056,21991,2008811,3,1,1
14057,21991,2042816,3,1,1
14058,21991,2055801,3,1,1
14059,21991,2078327,3,1,1
14060,21991,2093311,2,1,1
14061,21991,2094998,3,1,1
14062,21991,2096421,3,1,1
14063,21991,2097229,3,1,1
14064,21991,2101071,3,1,1
14065,21991,2111538,3,1,1
14066,21991,2115957,3,1,1
14067,21991,2117682,3,1,1
14068,21991,2123161,3,1,1
14069,21991,2129898,3,1,1
14070,21991,2138110,3,1,1
14071,21991,2141399,3,1,1
14072,21991,2146196,3,1,1
14073,21991,2147034,3,1,1
14074,21991,2205801,3,1,1
14075,21991,2212988,3,1,1
14076,21991,2217872,3,1,1
14077,21991,2223478,3,1,1
14078,21991,2226525,3,1,1
14079,21991,2241447,3,1,1
14080,21991,2242267,3,1,1
14081,21991,2254387,3,1,1
14082,21991,2260191,3,1,1
14083,21991,2271002,3,1,1
14084,21991,2289957,3,1,1
14085,21991,2309871,3,1,1
14086,21991,2359304,3,1,1
14087,21991,2388908,3,1,1
14088,21991,2419412,3,1,1
14089,21991,2444146,3,1,1
14090,21991,2445741,3,1,1
14091,21991,2453638,3,1,1
14092,21991,2454920,3,1,1
14093,21991,2459765,3,1,1
14094,21991,2474327,3,1,1
14095,21991,2482374,3,1,1
14096,21991,2498118,3,1,1
14097,21991,2524193,3,1,1
14098,21991,2537321,3,1,1
14099,21991,2549981,3,1,1
14100,21991,2582352,3,1,1
14101,21991,2605628,3,1,1
14102,21991,2635179,3,1,1
14103,21991,2666031,3,1,1
14104,21991,2681563,3,1,1
14105,21991,2684877,3,1,1
14106,21991,2692378,3,1,1
14107,21991,2717403,3,1,1
14108,21991,2721815,3,1,1
14109,21991,2730665,3,1,1
14110,21991,2752090,3,1,1
14111,21991,2796345,3,1,1
14112,21991,2838472,3,1,1
14113,21991,3011574,3,1,1
14114,21991,3014842,3,1,1
14115,21991,3019406,3,1,1
14116,21991,3037917,3,1,1
14117,21991,3051709,3,1,1
14118,21991,3055406,3,1,1
14119,21991,3056648,3,1,1
14120,21991,3058044,3,1,1
14121,21991,3087735,3,1,1
14122,21991,3101546,3,1,1
14123,21991,3101740,3,1,1
14124,21991,3106198,3,1,1
14125,21991,3116732,3,1,1
14126,21991,3119113,3,1,1
14127,21991,3119124,3,1,1
14128,21991,3122616,3,1,1
14129,21991,3126622,3,1,1
14130,21991,3126779,3,1,1
14131,21991,3128408,3,1,1
14132,21991,3128825,3,1,1
14133,21991,3130074,3,1,1
14134,21991,3132338,3,1,1
14135,21991,3134802,3,1,1
14136,21991,3136328,3,1,1
14137,21991,3139652,3,1,1
14138,21991,3141083,3,1,1
14139,21991,3147003,3,1,1
14140,21991,3147634,3,1,1
14141,21991,3149701,3,1,1
14142,21991,3155134,3,1,1
14143,21991,3155231,3,1,1
14144,21991,3161353,3,1,1
14145,21991,3163593,3,1,1
14146,21991,3164520,3,1,1
14147,21991,3165068,3,1,1
14148,21991,3170487,3,1,1
14149,21991,3181435,3,1,1
14150,21991,3185236,3,1,1
14151,21991,3190036,3,1,1
14152,21991,3192097,3,1,1
14153,21991,3192153,3,1,1
14154,21991,3193180,3,1,1
14155,21991,3195578,3,1,1
14156,21991,3196547,3,1,1
14157,21991,3200322,3,1,1
14158,21991,3200361,3,1,1
14159,21991,3208136,3,1,1
14160,21991,3210233,3,1,1
14161,21991,3210517,3,1,1
14162,21991,3210750,3,1,1
14163,21991,3211698,3,1,1
14164,21991,3212475,3,1,1
14165,21991,3212997,3,1,1
14166,21991,3214348,3,1,1
14167,21991,3216261,3,1,1
14168,21991,3218398,3,1,1
14169,21991,3219523,3,1,1
14170,21991,3219525,3,1,1
14171,21991,3222822,3,1,1
14172,21991,3230835,3,1,1
14173,21991,3231363,3,1,1
14174,21991,3235285,3,1,1
14175,21991,3238154,3,1,1
14176,21991,3239861,3,1,1
14177,21991,3245612,3,1,1
14178,21991,3249303,3,1,1
14179,21991,3253880,3,1,1
14180,21991,3261593,3,1,1
14181,21991,3264727,3,1,1
14182,21991,3265269,3,1,1
14183,21991,3265702,3,1,1
14184,21991,3265714,3,1,1
14185,21991,3267607,3,1,1
14186,21991,3267738,3,1,1
14187,21991,3269632,3,1,1
14188,21991,3272937,3,1,1
14189,21991,3273534,3,1,1
14190,21991,3273591,3,1,1
14191,21991,3274517,3,1,1
14192,21991,3275350,3,1,1
14193,21991,3279606,2,1,1
14194,21991,3281627,3,1,1
14195,21991,3284182,3,1,1
14196,21991,3284471,3,1,1
14197,21991,3285897,3,1,1
14198,21991,3286262,3,1,1
14199,21991,3287755,3,1,1
14200,21991,3288359,3,1,1
14201,21991,3288464,3,1,1
14202,21991,3289216,3,1,1
14203,21991,3289519,3,1,1
14204,21991,3289968,3,1,1
14205,21991,3292077,3,1,1
14206,21991,3293221,3,1,1
14207,21991,3294424,3,1,1
14208,21991,3294625,3,1,1
14209,21991,3296307,3,1,1
14210,21991,3296675,3,1,1
14211,21991,3297499,3,1,1
14212,21991,3298746,3,1,1
14213,21991,3299014,3,1,1
14214,21991,3299080,3,1,1
14215,21991,3299239,3,1,1
14216,21991,3301848,3,1,1
14217,21991,3302799,3,1,1
14218,21991,3303669,3,1,1
14219,21991,3303679,3,1,1
14220,21991,3303709,3,1,1
14221,21991,3304438,3,1,1
14222,21991,3304516,3,1,1
14223,21991,3305265,3,1,1
14224,21991,3305404,3,1,1
14225,21991,3305642,3,1,1
14226,21991,3306528,3,1,1
14227,21991,3306849,3,1,1
14228,21991,3306866,3,1,1
14229,21991,3306972,3,1,1
14230,21991,3306993,3,1,1
14231,21991,3306994,3,1,1
14232,21991,3307264,3,1,1
14233,21991,3307678,3,1,1
14234,21991,3307884,3,1,1
14235,21991,3309174,3,1,1
14236,21991,3309628,3,1,1
14237,21991,3310074,3,1,1
14238,21991,3310144,3,1,1
14239,21991,3310510,3,1,1
14240,21991,3311718,3,1,1
14241,21991,3312325,3,1,1
14242,21991,3312427,3,1,1
14243,21991,3312537,3,1,1
14244,21991,3313020,3,1,1
14245,21991,3313301,3,1,1
14246,21991,3313522,3,1,1
14247,21991,3313958,3,1,1
14248,21991,3314672,3,1,1
14249,21991,3315076,3,1,1
14250,21991,3315327,3,1,1
14251,21991,3315550,3,1,1
14252,21991,3315560,3,1,1
14253,21991,3315602,3,1,1
14254,21991,3315714,3,1,1
14255,21991,3315813,3,1,1
14256,21991,3317332,3,1,1
14257,21991,3317337,3,1,1
14258,21991,3318313,3,1,1
14259,21991,3318867,3,1,1
14260,21991,3319670,3,1,1
14261,21991,3319826,3,1,1
14262,21991,3319837,3,1,1
14263,21991,3320898,3,1,1
14264,21991,3320996,3,1,1
14265,21991,3321084,3,1,1
14266,21991,3321184,3,1,1
14267,21991,3321551,3,1,1
14268,21991,3321893,3,1,1
14269,21991,3322259,3,1,1
14270,21991,3322767,3,1,1
14271,21991,3323023,3,1,1
14272,21991,3323791,3,1,1
14273,21991,3324128,3,1,1
14274,21991,3324788,3,1,1
14275,21991,3325115,3,1,1
14276,21991,3325695,3,1,1
14277,21991,3325951,3,1,1
14278,21991,3326633,3,1,1
14279,21991,3326804,3,1,1
14280,21991,3327397,3,1,1
14281,21991,3328056,3,1,1
14282,21991,3328533,3,1,1
14283,21991,3330269,3,1,1
14284,21991,3330441,3,1,1
14285,21991,3331070,3,1,1
14286,21991,3331122,3,1,1
14287,21991,3331427,3,1,1
14288,21991,3331529,3,1,1
14289,21991,3331656,3,1,1
14290,21991,3332311,3,1,1
14291,21991,3332849,3,1,1
14292,21991,3333201,3,1,1
14293,21991,3334266,3,1,1
14294,21991,3334498,3,1,1
14295,21991,3335681,3,1,1
14296,21991,3336801,3,1,1
14297,21991,3337091,3,1,1
14298,21991,3337428,3,1,1
14299,21991,3337472,3,1,1
14300,21991,3337565,3,1,1
14301,21991,3337736,3,1,1
14302,21991,3338043,3,1,1
14303,21991,3338948,3,1,1
14304,21991,3339251,3,1,1
14305,21991,3339284,3,1,1
14306,21991,3339309,3,1,1
14307,21991,3339317,3,1,1
14308,21991,3339744,3,1,1
14309,21991,3340218,3,1,1
14310,21991,3340652,3,1,1
14311,21991,3340873,3,1,1
14312,21991,3340986,3,1,1
14313,21991,3341400,3,1,1
14314,21991,3341430,3,1,1
14315,21991,3341591,3,1,1
14316,21991,3341683,3,1,1
14317,21991,3342751,3,1,1
14318,21991,3342836,3,1,1
14319,21991,3343011,3,1,1
14320,21991,3343545,3,1,1
14321,21991,3343723,3,1,1
14322,21991,3344442,3,1,1
14323,21991,3344527,3,1,1
14324,21991,3344555,3,1,1
14325,21991,3344894,3,1,1
14326,21991,3345419,3,1,1
14327,21991,3345737,3,1,1
14328,21991,3345876,3,1,1
14329,21991,3346186,3,1,1
14330,21991,3346294,3,1,1
14331,21991,3347442,3,1,1
14332,21991,3348828,3,1,1
14333,21991,3348856,3,1,1
14334,21991,3348888,3,1,1
14335,21991,3348964,3,1,1
14336,21991,3351260,3,1,1
14337,21991,3351321,3,1,1
14338,21991,3351413,3,1,1
14339,21991,3351587,3,1,1
14340,21991,3351785,3,1,1
14341,21991,3351941,3,1,1
14342,21991,3352563,3,1,1
14343,21991,3354064,3,1,1
14344,21991,3354721,3,1,1
14345,21991,3354890,3,1,1
14346,21991,3354961,3,1,1
14347,21991,3355394,3,1,1
14348,21991,3355481,3,1,1
14349,21991,3355713,3,1,1
14350,21991,3355833,3,1,1
14351,21991,3356291,3,1,1
14352,21991,3356827,3,1,1
14353,21991,3357395,3,1,1
14354,21991,3357477,3,1,1
14355,21991,3357716,3,1,1
14356,21991,3357967,3,1,1
14357,21991,3357986,3,1,1
14358,21991,3358085,3,1,1
14359,21991,3358539,3,1,1
14360,21991,3358547,3,1,1
14361,21991,3358808,3,1,1
14362,21991,3358833,3,1,1
14363,21991,3359140,3,1,1
14364,21991,3359532,3,1,1
14365,21991,3359559,3,1,1
14366,21991,3359743,3,1,1
14367,21991,3360354,3,1,1
14368,21991,3360398,3,1,1
14369,21991,3360683,3,1,1
14370,21991,3361064,3,1,1
14371,21991,3361080,3,1,1
14372,21991,3361480,3,1,1
14373,21991,3361606,3,1,1
14374,21991,3361764,3,1,1
14375,21991,3362110,3,1,1
14376,21991,3362307,3,1,1
14377,21991,3362320,3,1,1
14378,21991,3363217,3,1,1
14379,21991,3363464,3,1,1
14380,21991,3364777,3,1,1
14381,21991,3365187,3,1,1
14382,21991,3370321,3,1,1
14383,21991,3372016,3,1,1
14384,21991,3374210,3,1,1
14385,21991,3377307,3,1,1
14386,21991,3397731,3,10,10
14387,21991,3397788,3,11,11
14388,21991,3397810,3,111,111
14389,21991,3397838,3,5,5
14390,21991,3397931,2,12,12
14391,21991,3397966,3,73,73
14392,21991,3397977,3,16,16
14393,21991,3398041,3,63,63
14394,21991,3398053,3,4,4
14395,21991,3398063,3,69,69
14396,21991,3398102,3,2,2
14397,21991,3398107,3,5,5
14398,21991,3398148,3,3,3
14399,21991,3398174,3,2,2
14400,21991,3398176,3,13,13
14401,21991,3398179,3,2,2
14402,21991,3398330,3,3,3
14403,21991,3398337,3,4,4
14404,21991,3398386,3,3,3
14405,21991,3398393,3,5,5
14406,21991,3398460,3,17,17
14407,21991,3398495,3,6,6
14408,21991,3398567,3,5,5
14409,21991,3398571,3,2,2
14410,21991,3398605,3,15,15
14411,21991,3398630,3,4,4
14412,21991,3398634,3,20,20
14413,21991,3398721,3,17,17
14414,21991,3398775,3,6,6
14415,21991,3398877,3,2,2
14416,21991,3398932,2,4,4
14417,21991,3398949,3,2,2
14418,21991,3399038,3,3,3
14419,21991,3399047,3,2,2
14420,21991,3399048,3,16,16
14421,21991,3399068,3,8,8
14422,21991,3399069,3,3,3
14423,21991,3399101,2,14,14
14424,21991,3399152,3,3,3
14425,21991,3399154,3,2,2
14426,21991,3399172,3,5,5
14427,21991,3399179,2,143,143
14428,21991,3399186,3,2,2
14429,21991,3399233,3,4,4
14430,21991,3399235,3,2,2
14431,21991,3399246,3,3,3
14432,21991,3399253,3,3,3
14433,21991,3399265,3,5,5
14434,21991,3399315,3,18,18
14435,21991,3399341,3,3,3
14436,21991,3399439,3,2,2
14437,21991,3399446,3,4,4
14438,21991,3399462,3,3,3
14439,21991,3399464,3,3,3
14440,21991,3399467,3,8,8
14441,21991,3399495,3,9,9
14442,21991,3399535,3,9,9
14443,21991,3399554,3,3,3
14444,21991,3399574,3,2,2
14445,21991,3399580,3,6,6
14446,21991,3399582,3,8,8
14447,21991,3399584,3,8,8
14448,21991,3399655,3,10,10
14449,21991,3399726,3,9,9
14450,21991,3399748,3,2,2
14451,21991,3399764,3,2,2
14452,21991,3399805,2,158,158
14453,21991,3399809,3,6,6
14454,21991,3399824,3,13,13
14455,21991,3399853,3,2,2
14456,21991,3399865,3,2,2
14457,21991,3399920,3,2,2
14458,21991,3399943,3,4,4
14459,21991,3399976,3,108,108
14460,21991,3399994,3,5,5
14461,21991,3400005,3,4,4
14462,21991,3400013,3,13,13
14463,21991,3400020,3,233,233
14464,21991,3400030,3,3,3
14465,21991,3400042,3,40,40
14466,21991,3400046,3,2,2
14467,21991,3400049,3,10,10
14468,21991,3400113,3,2,2
14469,21991,3400117,3,9,9
14470,21991,3400153,3,2,2
14471,21991,3400162,3,3,3
14472,21991,3400165,3,2,2
14473,21991,3400186,3,5,5
14474,21991,3400229,3,2,2
14475,21991,3400257,3,105,105
14476,21991,3400260,3,4,4
14477,21991,3400263,3,7,7
14478,21991,3400264,3,3,3
14479,21991,3400316,3,3,3
14480,21991,3400351,3,9,9
14481,21991,3400392,3,2,2
14482,21991,3400420,3,12,12
14483,21991,3400430,3,18,18
14484,21991,3400431,3,2,2
14485,21991,3400434,2,3,3
14486,21991,3400442,3,7,7
14487,21991,3400502,3,2,2
14488,21991,3400538,3,2,2
14489,21991,3400550,2,4493,4493
14490,21991,3400615,3,3,3
14491,21991,3400628,3,11,11
14492,21991,3400652,3,8,8
14493,21991,3400655,3,3,3
14494,21991,3400689,3,2,2
14495,21991,3400695,3,9,9
14496,21991,3400705,3,5,5
14497,21991,3400729,3,205,205
14498,21991,3400731,3,4,4
14499,21991,3400748,3,2486,2486
14500,21991,3400755,3,2,2
14501,21991,3400760,3,2,2
14502,21991,3400767,3,4,4
14503,21991,3400798,3,2,2
14504,21991,3400799,3,3,3
14505,21991,3400855,3,16,16
14506,21991,3400864,3,4,4
14507,21991,3400898,2,2,2
14508,21991,3400961,3,3,3
14509,21991,3401014,2,3,3
14510,21991,3401019,3,20,20
14511,21991,3401023,3,20,20
14512,21991,3401040,3,77,77
14513,21991,3401060,2,19,19
14514,21991,3401062,3,2,2
14515,21991,3401094,3,4,4
14516,21991,3401111,3,3,3
14517,21991,3401112,3,3,3
14518,21991,3401116,3,186,186
14519,21991,3401121,3,375,375
14520,21991,3401122,3,9,9
14521,21991,3401148,3,53,53
14522,21991,3401181,3,8,8
14523,21991,3401182,3,5,5
14524,21991,3401186,3,4,4
14525,21991,3401199,3,5,5
14526,21991,3401215,3,65,65
14527,21991,3401216,3,30,30
14528,21991,3401228,3,2,2
14529,21991,3401229,3,2918,2918
14530,21991,3401235,3,2,2
14531,21991,3401249,3,3,3
14532,21991,3401254,3,2,2
14533,21991,3401259,3,9,9
14534,21991,3401264,3,2,2
14535,21991,3401281,3,20,20
14536,21991,3401288,3,416,416
14537,21991,3401311,3,110,110
14538,21991,3401329,3,10,10
14539,21991,3401353,3,4,4
14540,21991,3401356,3,3,3
14541,21991,3401381,3,16,16
14542,21991,3401390,3,6,6
14543,21991,3401399,3,2,2
14544,21991,3401401,3,33,33
14545,21991,3401404,3,29,29
14546,21991,3401410,3,2,2
14547,21991,3401430,3,2,2
14548,21991,3401435,3,143,143
14549,21991,3401437,3,299,299
14550,21991,3401441,3,2,2
14551,21991,3401444,3,2,2
14552,21991,3401466,3,2,2
14553,21991,3401474,3,11,11
14554,21991,3401492,3,50,50
14555,21991,3401526,3,12,12
14556,21991,3401529,3,62,62
14557,21991,3401544,3,2,2
14558,21991,3401549,3,2,2
14559,21991,3401552,3,5,5
14560,21991,3401570,3,55,55
14561,21991,3401571,3,2,2
14562,21991,3401582,3,5,5
14563,21991,3401584,3,48,48
14564,21991,3401586,3,2,2
14565,21991,3401595,3,141,141
14566,21991,3401601,3,109,109
14567,21991,3401607,3,49,49
14568,21991,3401612,3,2,2
14569,21991,3401616,3,66,66
14570,21991,3401626,3,2,2
14571,21991,3401642,2,2,2
14572,21991,3401657,3,3,3
14573,21991,3401674,3,2,2
14574,21991,3401680,3,4,4
14575,21991,3401683,3,4,4
14576,21991,3401686,3,2,2
14577,21991,3401696,3,15,15
14578,21991,3401706,3,9,9
14579,21991,3401707,3,16,16
14580,21991,3401736,3,176,176
14581,21991,3401738,3,3,3
14582,21991,3401749,3,2,2
14583,21991,3401752,3,20,20
14584,21991,3401756,3,3,3
14585,21991,3401758,3,3,3
14586,21991,3401763,3,7,7
14587,21991,3401764,3,3,3
14588,21991,3401786,3,10,10
14589,21991,3401787,3,22,22
14590,21991,3401796,3,6,6
14591,21991,3401798,3,5,5
14592,21991,3401808,3,2,2
14593,21991,3401813,3,42,42
14594,21991,3401815,3,2,2
14595,21991,3401825,3,10,10
14596,21991,3401832,3,24,24
14597,21991,3401833,3,19,19
14598,21991,3401837,3,31,31
14599,21991,3401842,3,5,5
14600,21991,3401855,3,3,3
14601,21991,3401856,3,92,92
14602,21991,3401858,3,82,82
14603,21991,3401861,3,62,62
14604,21991,3401865,3,10,10
14605,21991,3401894,3,6,6
14606,21991,3401896,3,3,3
14607,21991,3401899,3,2,2
14608,21991,3401902,3,2,2
14609,21991,3401903,3,2,2
14610,21991,3401909,3,7,7
14611,21991,3401911,3,4,4
14612,21991,3401921,3,3,3
14613,21991,3401922,3,3,3
14614,21991,3401924,3,19,19
14615,21991,3401927,3,27,27
14616,21991,3401937,3,2,2
14617,21991,3401939,3,8,8
14618,21991,3401941,3,2,2
14619,21991,3401943,3,4,4
14620,21991,3401950,3,10,10
14621,21991,3401952,3,3,3
14622,21991,3401956,3,4,4
14623,21991,3401958,3,5,5
14624,21991,3401961,3,4,4
14625,21991,3401962,3,13,13
14626,21991,3401968,3,3,3
14627,21991,3401969,3,6,6
14628,21991,3401970,3,14,14
14629,21991,3401978,3,13,13
14630,21991,3401991,3,6,6
14631,21991,3402001,3,2,2
14632,21991,3402004,3,138,138
14633,21991,3402005,3,2,2
14634,21991,3402010,3,5,5
14635,21991,3402024,3,7,7
14636,21991,3402026,3,4,4
14637,21991,3402031,3,17,17
14638,21991,3402039,3,2,2
14639,21991,3402042,3,34,34
14640,21991,3402062,3,11,11
14641,21991,3402071,3,5,5
14642,21991,3402072,3,56,56
14643,21991,3402073,3,3,3
14644,21991,3402075,3,128,128
14645,21991,3402080,3,2,2
14646,21991,3402083,3,4,4
14647,21991,3402090,3,4,4
14648,21991,3402094,3,31,31
14649,21991,3402099,3,25,25
14650,21991,3402104,3,3,3
14651,21991,3402108,3,3,3
14652,21991,3402116,3,5,5
14653,21991,3402129,3,8,8
14654,21991,3402133,3,8,8
14655,21991,3402135,3,4,4
14656,21991,3402138,3,3,3
14657,21991,3402141,3,3,3
14658,21991,3402145,3,2,2
14659,21991,3402147,3,33,33
14660,21991,3402156,3,13,13
14661,21991,3402170,3,3,3
14662,21991,3402183,3,2,2
14663,21991,3402191,3,2,2
14664,21991,3402208,3,5,5
14665,21991,3402212,3,5,5
14666,21991,3402222,3,11,11
14667,21991,3402223,3,2,2
14668,21991,3402224,3,40,40
14669,21991,3402228,3,3,3
14670,21991,3402249,3,40,40
14671,21991,3402253,3,4,4
14672,21991,3402254,3,6,6
14673,21991,3402259,3,8,8
14674,21991,3402265,3,14,14
14675,21991,3402284,3,2,2
14676,21991,3402285,3,19,19
14677,21991,3402292,3,3,3
14678,21991,3402306,3,4,4
14679,21991,3402309,3,4,4
14680,21991,3402318,3,8,8
14681,21991,3402344,3,5,5
14682,21991,3402346,3,10,10
14683,21991,3402348,3,36,36
14684,21991,3402354,3,6,6
14685,21991,3402367,3,17,17
14686,21991,3402374,3,2,2
14687,21991,3402379,3,4,4
14688,21991,3402380,3,2,2
14689,21991,3402381,3,4,4
14690,21991,3402382,3,2,2
14691,21991,3402403,3,3,3
14692,21991,3402405,3,2,2
14693,21991,3402421,3,17,17
14694,21991,3402446,3,3,3
14695,21991,3402451,3,4,4
14696,21991,3402458,3,4,4
14697,21991,3402459,3,15,15
14698,21991,3402460,3,9,9
14699,21991,3402462,3,48,48
14700,21991,3402465,3,8,8
14701,21991,3402466,3,2,2
14702,21991,3402468,3,2,2
14703,21991,3402482,3,10,10
14704,21991,3402493,3,2,2
14705,21991,3402503,3,4,4
14706,21991,3402527,3,2,2
14707,21991,3402564,3,2,2
14708,21991,3402575,3,3,3
14709,21991,3402578,3,28,28
14710,21991,3402586,3,5,5
14711,21991,3402589,3,2,2
14712,21991,3402590,3,24,24
14713,21991,3402593,2,2,2
14714,21991,3402595,3,3,3
14715,21991,3402603,3,2,2
14716,21991,3402613,3,2,2
14717,21991,3402633,3,2,2
14718,21991,3402636,3,3,3
14719,21991,3402642,3,29,29
14720,21991,3402644,3,23,23
14721,21991,3402648,3,2,2
14722,21991,3402659,3,2,2
14723,21991,3402663,3,2,2
14724,21991,3402668,3,2,2
14725,21991,3402671,3,2,2
14726,21991,3402695,3,2,2
14727,21991,3402698,3,2,2
14728,21991,3402732,3,4,4
14729,21991,3402735,3,11,11
14730,21991,3402736,3,2,2
14731,21991,3402739,3,2,2
14732,21991,3402757,3,3,3
14733,21991,3402775,3,6,6
14734,21991,3402802,3,5,5
14735,21991,3402833,3,7,7
14736,21991,3402841,3,2,2
14737,21991,3402856,3,4,4
14738,21991,3402866,3,5,5
14739,21991,3402877,3,2,2
14740,21991,3402893,3,40,40
14741,21991,3402943,3,3,3
14742,21991,3402949,3,2,2
14743,21991,3402952,2,7,7
14744,21991,3402975,3,3,3
14745,21991,3403002,3,5,5
14746,21991,3403038,3,7,7
14747,21991,3403071,3,14,14
14748,21991,3403102,3,3,3
14749,21991,3403137,3,5,5
14750,21991,3403144,2,4,4
14751,21991,3403145,3,10,10
14752,21991,3403158,3,3,3
14753,21991,3403192,3,2,2
14754,21991,3403212,3,2,2
14755,21991,3403248,3,2,2
14756,21991,3403323,3,5,5
14757,21991,3403341,3,3,3
14758,21991,3403359,3,3,3
14759,21991,3403369,3,3,3
14760,21991,3403414,1,3,3
14761,21991,3403443,3,7,7
14762,21991,3403455,3,2,2
14763,21991,3403477,3,4,4
14764,21991,3403481,2,2,2
14765,21991,3403494,3,2,2
14766,21991,3403573,3,7,7
14767,21991,3403686,3,2,2
14768,21991,3403701,3,7,7
14769,21991,3403704,3,3,3
14770,21991,3403779,3,8,8
14771,21991,3403828,3,2,2
14772,21991,3403842,3,2,2
14773,21991,3403846,3,2,2
14774,21991,3403884,3,2,2
14775,21991,3403891,3,2,2
14776,21991,3403953,3,2,2
14777,21991,3403972,3,3,3
14778,21991,3403975,3,2,2
14779,21991,3404011,3,2,2
14780,21991,3404048,3,2,2
14781,21991,3404087,3,26,26
14782,21991,3404112,3,3,3
14783,21991,3404119,3,2,2
14784,21991,3404128,3,10,10
14785,21991,3404231,3,9,9
14786,21991,3404254,3,2,2
14787,21991,3404285,3,2,2
14788,21991,3404338,3,8,8
14789,21991,3404389,3,2,2
14790,21991,3404393,3,2,2
14791,21991,3404481,3,10,10
14792,21991,3404483,3,3,3
14793,21991,3404549,3,3,3
14794,21991,3404583,3,5,4
14795,21991,3404672,3,4,4
14796,21991,3404749,3,8,8
14797,21991,3404753,1,5,5
14798,21993,3404753,1,5,5
14799,21991,3404910,3,2,2
14800,21991,3405115,3,2,2
14801,21991,3405239,3,3,3
14802,21991,3405411,3,6,6
14803,21991,3405699,3,2,2
14804,21991,3405745,3,3,3
14805,21991,3405888,3,2,2
14806,21991,3405897,3,2,2
14807,21991,3405909,3,3,3
14808,21991,3405958,3,2,2
14809,21991,3405966,3,2,2
14810,21991,3405968,3,2,2
14811,21991,3406097,3,2,2
14812,21991,3406130,3,2,2
14813,21991,3406173,3,5,5
14814,21991,3406400,3,2,2
14815,21991,3406491,3,2,2
14816,21991,3406543,3,4,4
14817,21991,3406629,3,47,47
14818,21991,3406645,3,2,2
14819,21991,3406669,3,2,2
14820,21991,3406670,3,2,2
14821,21991,3406671,3,2,2
14822,21991,3406678,3,2,2
14823,21991,3406689,3,9,9
14824,21991,3406722,3,2,2
14825,21991,3406735,3,2,2
14826,21991,3406753,1,641,641
14827,21991,3406761,3,10,10
14828,21991,3406768,2,76,76
14829,21991,3406775,2,4,4
14830,21991,3406778,3,3,3
14831,21991,3406782,2,15,15
14832,21991,3406797,3,13,13
14833,21991,3406800,2,20,20
14834,21991,3406810,2,8,8
14835,21991,3406820,2,9,9
14836,21991,3406825,3,3,3
14837,21991,3406842,3,11,11
14838,21991,3406876,3,4,4
14839,21991,3406880,3,15,15
14840,21991,3406990,2,7,6
14841,21991,3407915,1,3,3
14842,21993,3407915,1,3,3
14843,21991,3408761,3,2,2
14844,21992,214117,2,71,71
14845,22194,214117,3,71,71
14846,28271,214117,1,71,71
14847,21992,221962,1,2,2
14848,21992,240797,1,1,1
14849,21992,244805,1,2,2
14850,21992,252583,1,1,1
14851,21992,259306,1,2,2
14852,21992,339500,1,2,2
14853,21992,343900,4,1,1
14854,21992,668543,4,1,1
14855,21992,1768508,2,1,1
14856,21992,1778860,4,1,1
14857,21992,2034519,1,1,1
14858,21992,2087241,1,1,1
14859,21992,2417397,4,1,1
14860,21992,2510800,2,1,1
14861,21992,3360682,2,1,1
14862,21992,3398105,1,2,2
14863,21992,3398734,1,7,7
14864,21992,3399098,1,2,2
14865,21992,3399161,1,2,2
14866,21992,3403524,1,4,4
14867,21992,3406765,1,3,3
14868,21993,17754,1,1,1
14869,21993,69311,3,1,1
14870,21993,149442,1,1,1
14871,21993,208020,3,8,8
14872,21993,214779,3,1,1
14873,21993,241691,1,2,2
14874,21993,242881,1,3,3
14875,21993,247962,1,2,2
14876,21993,251096,1,1,1
14877,21993,252591,1,2,2
14878,21993,262335,1,1,1
14879,21993,316900,1,6,6
14880,21993,371588,3,1,1
14881,21993,527387,3,1,1
14882,21993,527440,3,1,1
14883,21993,539154,3,1,1
14884,21993,551801,3,1,1
14885,21993,610447,3,2,2
14886,21993,660938,3,1,1
14887,21993,665971,3,1,1
14888,21993,755928,3,1,1
14889,21993,902987,3,4,4
14890,21993,1214304,3,1,1
14891,21993,1286924,3,1,1
14892,21993,1324090,3,1,1
14893,21993,1358948,3,1,1
14894,21993,1369382,3,3,3
14895,21993,1386655,3,3,3
14896,21993,1395122,3,5,5
14897,21993,1395393,3,2,2
14898,21993,1402825,3,1,1
14899,21993,1410186,3,1,1
14900,21993,1450582,3,3,3
14901,21993,1469139,3,1,1
14902,21993,1475044,3,25,25
14903,21993,1507644,3,11,11
14904,21993,1514511,3,7,7
14905,21993,1515140,3,1,1
14906,21993,1527520,3,63,63
14907,21993,1536557,3,5,5
14908,21993,1539738,3,1,1
14909,21993,1553196,3,37,37
14910,21993,1558712,3,3,3
14911,21993,1560876,3,1,1
14912,21993,1572699,3,1,1
14913,21993,1579946,3,2,2
14914,21993,1582363,3,1,1
14915,21993,1583277,3,2,2
14916,21993,1588008,3,1,1
14917,21993,1591792,3,12,12
14918,21993,1597281,3,1,1
14919,21993,1611194,3,3,3
14920,21993,1625932,3,1,1
14921,21993,1631567,3,95,95
14922,21993,1637493,3,1,1
14923,21993,1637539,3,7,7
14924,21993,1642490,3,1,1
14925,21993,1642872,3,1,1
14926,21993,1650807,3,1,1
14927,21993,1652111,3,1,1
14928,21993,1661354,3,1,1
14929,21993,1661671,3,2,2
14930,21993,1665234,3,3,3
14931,21993,1674665,3,1,1
14932,21993,1677449,3,1,1
14933,21993,1678955,3,1,1
14934,21993,1681934,3,1,1
14935,21993,1682714,3,5,5
14936,21993,1683052,3,1,1
14937,21993,1687467,3,1,1
14938,21993,1690862,3,1,1
14939,21993,1695550,3,1,1
14940,21993,1698439,3,3,3
14941,21993,1700437,3,3,3
14942,21993,1701714,3,1,1
14943,21993,1704976,3,1,1
14944,21993,1705440,3,1,1
14945,21993,1706296,3,2,2
14946,21993,1707346,3,2,2
14947,21993,1707866,3,8,8
14948,21993,1726974,3,3,3
14949,21993,1740312,1,1,1
14950,21993,1744293,1,1,1
14951,21993,1745053,3,1,1
14952,21993,1753552,3,1,1
14953,21993,1768525,3,1,1
14954,21993,1771828,1,2,2
14955,21993,1776502,3,1,1
14956,21993,2007713,1,1,1
14957,21993,2047985,1,1,1
14958,21993,2088959,1,1,1
14959,21993,2584158,3,1,1
14960,21993,2584159,3,1,1
14961,21993,2658106,3,1,1
14962,21993,2799701,3,1,1
14963,21993,3051611,3,1,1
14964,21993,3121314,3,1,1
14965,21993,3135574,3,1,1
14966,21993,3180877,3,1,1
14967,21993,3181896,3,1,1
14968,21993,3184547,3,1,1
14969,21993,3198061,3,1,1
14970,21993,3204954,3,1,1
14971,21993,3225730,3,1,1
14972,21993,3229030,3,1,1
14973,21993,3245642,3,1,1
14974,21993,3283770,1,1,1
14975,21993,3325871,3,1,1
14976,21993,3347520,2,1,1
14977,21993,3361521,3,1,1
14978,21993,3397738,1,8,8
14979,21993,3397770,1,75,75
14980,21993,3398268,3,200,200
14981,21993,3398377,1,2,2
14982,21993,3398921,1,14,14
14983,21993,3399444,1,4,4
14984,21993,3399456,1,2,2
14985,21993,3399817,1,19,19
14986,21993,3399818,1,3,3
14987,21993,3400150,1,40,40
14988,21993,3400404,1,4,4
14989,21993,3400477,1,3,3
14990,21993,3400904,1,27,27
14991,21993,3401665,1,3,3
14992,21993,3401898,1,2,2
14993,21993,3401975,1,3,3
14994,21993,3402119,1,5,5
14995,21993,3402131,3,3,3
14996,21993,3402158,1,2,2
14997,21993,3402370,1,9,9
14998,21993,3406229,3,2,2
14999,21993,3406728,1,144,144
15000,21993,3406732,1,9,9
15001,21993,3406760,1,13,13
15002,21993,3406762,1,2,2
15003,21993,3406772,1,14,14
15004,21993,3406774,1,5,5
15005,21993,3406813,1,3,3
15006,21993,3406818,1,8,8
15007,21993,3406830,1,3,3
15008,21993,3406841,1,7,7
15009,21993,3406845,1,5,5
15010,21993,3406847,1,15,15
15011,21993,3406857,1,159,159
15012,21993,3406867,1,64,64
15013,21993,3406868,1,4501,4501
15014,21994,131274,2,1,1
15015,21994,140722,2,1,1
15016,21994,165377,2,1,1
15017,21994,180275,2,1,1
15018,21994,202066,2,1,1
15019,21994,217826,2,1,1
15020,21994,225973,2,20,20
15021,21994,276088,2,1,1
15022,21994,277204,2,2,2
15023,21994,295418,2,1,1
15024,21994,298920,2,1,1
15025,21994,530547,2,1,1
15026,21994,714926,2,1,1
15027,21994,1145017,2,5,5
15028,21994,1584561,2,1,1
15029,21994,1614386,2,1,1
15030,21994,1641342,2,38,38
15031,21994,1652683,2,3,3
15032,21994,1655700,2,1,1
15033,21994,1672957,2,10,10
15034,21994,1678100,2,2,2
15035,21994,1683042,2,1,1
15036,21994,1692297,2,2,2
15037,21994,1692968,2,1,1
15038,21994,1703947,2,1,1
15039,21994,1711642,2,1,1
15040,21994,1714346,2,1,1
15041,21994,1715449,2,1,1
15042,21994,1718446,2,2,2
15043,21994,1732229,2,1,1
15044,21994,1733054,2,1,1
15045,21994,1746536,2,1,1
15046,21994,1748582,2,1,1
15047,21994,1756823,2,1,1
15048,21994,1757374,2,8,8
15049,21994,1757676,2,2,2
15050,21994,1760091,2,1,1
15051,21994,1761950,2,1,1
15052,21994,1767462,2,1,1
15053,21994,1772949,2,1,1
15054,21994,1773020,2,1,1
15055,21994,1773029,2,1,1
15056,21994,1810221,2,1,1
15057,21994,1817795,2,3,3
15058,21994,1818062,2,1,1
15059,21994,1818499,2,1,1
15060,21994,1822417,2,1,1
15061,21994,1825929,2,1,1
15062,21994,1829024,2,1,1
15063,21994,1836327,2,1,1
15064,21994,1843041,2,1,1
15065,21994,1849380,2,1,1
15066,21994,1851338,2,1,1
15067,21994,1852398,2,1,1
15068,21994,1856334,2,1,1
15069,21994,1869432,2,1,1
15070,21994,1873329,1,5,5
15071,21994,1886807,2,1,1
15072,21994,1977597,1,1,1
15073,21994,2007696,2,1,1
15074,21994,2137619,2,1,1
15075,21994,2170316,2,1,1
15076,21994,3297929,2,1,1
15077,21994,3363927,1,1,1
15078,21994,3365663,2,1,1
15079,21994,3366070,2,1,1
15080,21994,3366101,2,1,1
15081,21994,3366759,2,1,1
15082,21994,3368130,2,1,1
15083,21994,3370211,2,1,1
15084,21994,3375450,2,1,1
15085,21994,3375990,2,1,1
15086,21994,3377521,2,1,1
15087,21994,3383129,2,1,1
15088,21994,3384420,2,1,1
15089,21994,3384867,2,1,1
15090,21994,3386455,2,1,1
15091,21994,3388580,2,1,1
15092,21994,3399384,2,8,8
15093,21994,3399802,2,3007,3007
15094,21994,3400418,2,45,45
15095,21994,3400775,2,5,5
15096,21994,3402174,2,8,8
15097,21994,3402791,2,2,2
15098,21994,3402970,2,5,5
15099,21994,3403218,2,2,2
15100,21994,3403904,2,2,2
15101,21994,3406366,2,2,2
15102,21994,3409011,2,3,3
15103,21995,129231,1,2,2
15104,21995,130882,1,2,2
15105,21995,133321,1,1,1
15106,21995,133365,1,1,1
15107,21995,141063,1,1,1
15108,21995,155501,1,3,3
15109,21995,159226,1,1,1
15110,21995,159388,1,1,1
15111,21995,177999,1,1,1
15112,21995,178025,1,1,1
15113,21995,180032,1,1,1
15114,21995,184236,1,86,86
15115,21995,184533,1,118,118
15116,21995,192337,1,1,1
15117,21995,209041,1,1,1
15118,21995,214316,1,3,3
15119,21995,216087,1,2,2
15120,21995,216406,1,2,2
15121,21995,217262,1,18,18
15122,21995,223668,1,1,1
15123,21995,224393,1,1,1
15124,21995,235186,1,2,2
15125,21995,238747,1,4,4
15126,21995,245379,1,2,2
15127,21995,246513,1,1,1
15128,21995,250859,1,3,3
15129,21995,251027,1,2,2
15130,21995,252180,1,3,3
15131,21995,255540,1,1,1
15132,21995,257210,1,1,1
15133,21995,259414,1,1,1
15134,21995,263949,1,1,1
15135,21995,266612,1,2,2
15136,21995,273576,1,1,1
15137,21995,274804,1,2,2
15138,21995,279850,1,1,1
15139,21995,280200,1,2,2
15140,21995,280719,1,7,7
15141,21995,286983,1,1,1
15142,21995,289258,1,2,2
15143,21995,294232,1,1,1
15144,21995,297395,1,1,1
15145,21995,310678,1,1,1
15146,21995,311466,1,1,1
15147,21995,323595,1,1,1
15148,21995,359111,1,1,1
15149,21995,392722,1,2,2
15150,21995,755008,1,14,14
15151,21995,902843,1,2,2
15152,21995,1022068,1,3,3
15153,21995,1084833,1,3,3
15154,21995,1529984,1,1,1
15155,21995,1533091,1,1,1
15156,21995,1553800,1,1,1
15157,21995,1576002,1,1,1
15158,21995,1592507,1,1,1
15159,21995,1618851,1,1,1
15160,21995,1640167,1,1,1
15161,21995,1643682,1,1,1
15162,21995,1667556,1,6,6
15163,21995,1677724,1,4,4
15164,21995,1695265,1,26,26
15165,21995,1700745,1,1,1
15166,21995,1712184,1,1,1
15167,21995,1712304,1,23,23
15168,21995,1719115,1,16,16
15169,21995,1721248,1,1,1
15170,21995,1725967,1,1,1
15171,21995,1736842,1,1,1
15172,21995,1747641,1,1,1
15173,21995,1747810,1,2,2
15174,21995,1749009,1,1,1
15175,21995,1752225,1,2,2
15176,21995,1756376,1,1,1
15177,21995,1757646,1,1,1
15178,21995,1758474,1,1,1
15179,21995,1759521,1,1,1
15180,21995,1761800,1,2,2
15181,21995,1763932,1,2,2
15182,21995,1769680,1,2,2
15183,21995,1770439,1,1,1
15184,21995,1772751,1,2,2
15185,21995,1773021,1,1,1
15186,21995,1780180,1,2,2
15187,21995,1788760,1,1,1
15188,21995,1791005,1,2,2
15189,21995,1791304,1,1,1
15190,21995,1792493,1,1,1
15191,21995,1797196,1,1,1
15192,21995,1797422,1,1,1
15193,21995,1798882,1,1,1
15194,21995,1805237,1,1,1
15195,21995,1805552,1,1,1
15196,21995,1806381,1,2,2
15197,21995,1807296,1,5,5
15198,21995,1807468,1,1,1
15199,21995,1807520,1,1,1
15200,21995,1810752,1,2,2
15201,21995,1812232,1,1,1
15202,21995,1816251,1,1,1
15203,21995,1820826,1,4,4
15204,21995,1821107,1,1,1
15205,21995,1821423,1,1,1
15206,21995,1822337,1,3,3
15207,21995,1822356,1,2,2
15208,21995,1823685,1,1,1
15209,21995,1825224,1,3,3
15210,21995,1828221,1,2,2
15211,21995,1830256,1,1,1
15212,21995,1834826,1,1,1
15213,21995,1835298,1,3,3
15214,21995,1836333,1,1,1
15215,21995,1837256,1,1,1
15216,21995,1839742,1,1,1
15217,21995,1845910,1,1,1
15218,21995,1846191,1,1,1
15219,21995,1846231,1,1,1
15220,21995,1848164,1,1,1
15221,21995,1853095,1,1,1
15222,21995,1853455,1,1,1
15223,21995,1854153,1,8,8
15224,21995,1858523,1,1,1
15225,21995,1859256,1,1,1
15226,21995,1859502,1,1,1
15227,21995,1860225,1,1,1
15228,21995,1860266,1,3,3
15229,21995,1860371,1,1,1
15230,21995,1860526,1,1,1
15231,21995,1863723,1,1,1
15232,21995,1865119,1,1,1
15233,21995,1865499,1,1,1
15234,21995,1865575,1,1,1
15235,21995,1873434,1,1,1
15236,21995,1874350,1,1,1
15237,21995,1877883,1,1,1
15238,21995,1878147,1,1,1
15239,21995,1878593,1,1,1
15240,21995,1879498,1,1,1
15241,21995,1879567,1,1,1
15242,21995,1879768,1,1,1
15243,21995,1881945,1,1,1
15244,21995,1883983,1,1,1
15245,21995,1884090,1,1,1
15246,21995,1884558,1,1,1
15247,21995,1884659,1,1,1
15248,21995,1885481,1,1,1
15249,21995,1887019,1,2,2
15250,21995,1887423,1,1,1
15251,21995,1889372,1,1,1
15252,21995,1890264,1,1,1
15253,21995,1891798,1,1,1
15254,21995,1979673,1,1,1
15255,21995,1980613,1,1,1
15256,21995,1997306,1,1,1
15257,21995,2009272,1,1,1
15258,21995,2094084,1,1,1
15259,21995,2106468,1,1,1
15260,21995,2200884,1,1,1
15261,21995,2426568,1,1,1
15262,21995,2653924,1,1,1
15263,21995,3161581,1,1,1
15264,21995,3370129,1,1,1
15265,21995,3370926,1,1,1
15266,21995,3373576,1,1,1
15267,21995,3382255,1,1,1
15268,21995,3395321,1,1,1
15269,21995,3396195,1,1,1
15270,21995,3397033,1,1,1
15271,21995,3397732,1,27,27
15272,21995,3397744,1,25,25
15273,21995,3397797,1,4,4
15274,21995,3397894,1,14,14
15275,21995,3397962,1,252,252
15276,21995,3398371,1,2,2
15277,21995,3398596,1,2,2
15278,21995,3400014,1,2,2
15279,21995,3400610,1,3,3
15280,21995,3401859,1,9,9
15281,21995,3401959,1,4,4
15282,21995,3402033,1,3,3
15283,21995,3402321,1,2,2
15284,21995,3402574,1,2,2
15285,21995,3402670,1,4,4
15286,21995,3402880,1,6,6
15287,21995,3403225,1,3,3
15288,21995,3403279,1,2,2
15289,21995,3403734,1,2,2
15290,21995,3403991,1,5,5
15291,21995,3404059,1,56,56
15292,21995,3404161,1,2,2
15293,21995,3404217,1,18,18
15294,21995,3404335,1,2,2
15295,21995,3404416,1,6,6
15296,21995,3404545,1,13,13
15297,21995,3404652,1,3,3
15298,21995,3405331,1,6,6
15299,21995,3406133,1,2,2
15300,21995,3406224,1,2,2
15301,21995,3406756,1,2,2
15302,21995,3406766,1,2,2
15303,21995,3406790,1,2,2
15304,21995,3407826,1,4,4
15305,22029,167138,6,1299198,1298684
15306,22029,259892,6,1,1
15307,22029,262436,6,1,1
15308,22029,303649,5,1,1
15309,28248,303649,2,1,1
15310,22029,362930,6,1,1
15311,22029,362933,6,1,1
15312,22029,365347,6,42,42
15313,22029,374572,6,25,25
15314,22029,383563,6,1,1
15315,22029,386673,6,39,39
15316,22029,386678,6,1,1
15317,22029,387652,6,11,11
15318,22029,390256,6,2,2
15319,22029,390438,6,31,31
15320,22029,396739,6,44,44
15321,22029,399708,6,5,5
15322,22029,399833,6,29,29
15323,22029,401972,6,2,2
15324,22029,403028,6,388,388
15325,22029,403071,6,2,2
15326,22029,403671,3,5,5
15327,22029,403724,6,40,40
15328,22029,405542,6,5,5
15329,22029,406497,6,9,9
15330,22029,408938,6,1,1
15331,22029,409159,6,1,1
15332,22029,415881,6,1,1
15333,22029,417967,6,1,1
15334,22029,418029,6,1,1
15335,22029,425604,6,17,17
15336,22029,429397,6,1,1
15337,22029,429404,6,1,1
15338,22029,429422,6,4,4
15339,22029,438156,6,3,3
15340,22029,438454,6,64,64
15341,22029,441673,6,1,1
15342,22029,442848,3,1,1
15343,22029,443805,6,2,2
15344,22029,446163,6,1,1
15345,22029,446855,6,1,1
15346,22029,447582,6,9,8
15347,22029,452557,6,1,1
15348,22029,455314,6,1,1
15349,22029,455510,6,1,1
15350,22029,459294,6,1,1
15351,22029,459522,6,1,1
15352,22029,461576,6,1,1
15353,22029,461756,6,1,1
15354,22029,465521,6,1,1
15355,22029,477221,3,3,3
15356,22029,478015,6,3,3
15357,22029,480224,6,3,3
15358,22029,482323,6,1,1
15359,22029,482375,6,1,1
15360,22029,484468,6,2,2
15361,22029,485389,6,3,3
15362,22029,487487,6,2,2
15363,22029,488084,6,9,9
15364,22029,506248,6,2,2
15365,22029,512679,6,80,80
15366,22029,513220,6,22,22
15367,22029,515828,6,7,7
15368,22029,522965,6,1,1
15369,22029,526257,6,28,28
15370,22029,527624,6,1,1
15371,22029,527795,6,9,9
15372,22029,529009,6,47,47
15373,22029,537318,6,1,1
15374,22029,538479,6,6,6
15375,22029,539544,6,17,17
15376,22029,539793,6,72,72
15377,22029,547834,6,1,1
15378,22029,552526,6,1,1
15379,22029,562900,6,1,1
15380,22029,564753,6,18,18
15381,22029,571278,6,1,1
15382,22029,572061,6,2,2
15383,22029,573495,6,1,1
15384,22029,578062,6,1,1
15385,22029,579463,6,159,159
15386,22029,591374,6,14,14
15387,22029,591504,6,1,1
15388,22029,595869,3,1,1
15389,22029,596432,6,2,2
15390,22029,597344,6,10,10
15391,22029,605382,6,7,7
15392,22029,608474,6,1,1
15393,22029,609925,6,8,8
15394,22029,611061,6,1,1
15395,22029,614013,6,1,1
15396,22029,622963,6,1,1
15397,22029,631454,6,1,1
15398,22029,631585,6,1,1
15399,22029,638057,6,3,3
15400,22029,644202,6,10,10
15401,22029,646862,6,1,1
15402,22029,660617,6,1,1
15403,22029,661328,6,1,1
15404,22029,662641,6,4,4
15405,22029,665472,6,8,8
15406,22029,668541,6,1,1
15407,22029,668858,6,2,2
15408,22029,675313,6,1,1
15409,22029,678980,6,14,14
15410,22029,678999,6,28,28
15411,22029,679282,6,19,19
15412,22029,679450,6,10,10
15413,22029,680168,6,1,1
15414,22029,684477,6,2,2
15415,22029,687751,6,1,1
15416,22029,688805,6,1,1
15417,22029,692999,6,1,1
15418,22029,697153,6,3,3
15419,22029,698842,6,1,1
15420,22029,701712,6,1,1
15421,22029,705859,6,3,3
15422,22029,705938,6,29,29
15423,22029,706480,6,3,3
15424,22029,706549,6,29,29
15425,22029,708321,6,1,1
15426,22029,708945,6,2,2
15427,22029,709027,6,1,1
15428,22029,709047,6,27,27
15429,22029,709846,6,2,2
15430,22029,710301,6,15,15
15431,22029,711107,6,32,32
15432,22029,715187,6,1,1
15433,22029,715222,6,5,5
15434,22029,718993,6,29,29
15435,22029,719167,6,5,5
15436,22029,720245,6,3,3
15437,22029,722458,6,2,2
15438,22029,723517,6,1,1
15439,22029,726801,6,9,9
15440,22029,726926,6,1,1
15441,22029,727439,6,7,7
15442,22029,728470,6,2,2
15443,22029,733666,6,3,3
15444,22029,735069,6,6,6
15445,22029,738888,6,7,7
15446,22029,744589,6,1,1
15447,22029,747198,6,3,3
15448,22029,748012,6,16,16
15449,22029,749023,6,1,1
15450,22029,752217,6,1,1
15451,22029,752459,6,2,2
15452,22029,752666,6,30,30
15453,22029,753920,6,1,1
15454,22029,756181,6,1,1
15455,22029,756888,6,1,1
15456,22029,757357,6,2,2
15457,22029,764333,6,27,27
15458,22029,764840,6,2,2
15459,22029,769065,6,1,1
15460,22029,769154,6,4,4
15461,22029,769389,6,1,1
15462,22029,769629,6,9,9
15463,22029,770037,6,15,15
15464,22029,771476,6,7,7
15465,22029,774415,6,1,1
15466,22029,774871,6,4,4
15467,22029,776482,6,9,9
15468,22029,781334,6,2,2
15469,22029,783909,6,12,12
15470,22029,784187,6,5,5
15471,22029,785056,6,1,1
15472,22029,785424,6,2,2
15473,22029,785996,6,7,7
15474,22029,786060,6,2,2
15475,22029,788174,6,1,1
15476,22029,788282,6,2,2
15477,22029,792227,6,1,1
15478,22029,796946,6,1,1
15479,22029,803171,6,1,1
15480,22029,807914,6,33,33
15481,22029,808538,6,2,2
15482,22029,808580,6,3,3
15483,22029,808678,6,1,1
15484,22029,814543,6,1,1
15485,22029,815090,6,1,1
15486,22029,815110,6,1,1
15487,22029,817190,6,4,4
15488,22029,817246,6,27,27
15489,22029,817406,6,8,8
15490,22029,820548,6,6,6
15491,22029,821304,6,2,2
15492,22029,825026,6,2,2
15493,22029,825481,6,2,2
15494,22029,825858,6,7,7
15495,22029,843781,6,4,4
15496,22029,844083,6,25,25
15497,22029,847403,6,1,1
15498,22029,848012,3,23,23
15499,22029,852845,6,6,6
15500,22029,853291,6,7,7
15501,22029,854952,6,1,1
15502,22029,856205,6,21,21
15503,22029,859257,6,14,14
15504,22029,859328,6,1,1
15505,22029,859488,6,3,3
15506,22029,861572,6,1,1
15507,22029,861666,6,13,13
15508,22029,865125,6,1,1
15509,22029,865138,6,1,1
15510,22029,869463,6,2,2
15511,22029,869630,6,2,2
15512,22029,869650,6,1,1
15513,22029,873788,6,1,1
15514,22029,873915,6,1,1
15515,22029,873919,6,1,1
15516,22029,878263,6,1,1
15517,22029,878968,6,1,1
15518,22029,880656,6,1,1
15519,22029,880695,6,1,1
15520,22029,881373,6,19,19
15521,22029,881586,6,2,2
15522,22029,884302,3,1,1
15523,22029,885035,6,2,2
15524,22029,886307,6,1,1
15525,22029,886394,6,1,1
15526,22029,887315,6,31,31
15527,22029,892897,6,19,19
15528,22029,895517,6,4,4
15529,22029,895969,6,1,1
15530,22029,900557,6,2,2
15531,22029,900806,6,5,5
15532,22029,901969,6,2,2
15533,22029,902726,6,1,1
15534,22029,910203,6,1,1
15535,22029,918239,6,1,1
15536,22029,929015,6,4,4
15537,22029,935245,6,4,4
15538,22029,935683,6,3,3
15539,22029,935755,6,1,1
15540,22029,939807,6,1,1
15541,22029,941545,6,3,3
15542,22029,944872,6,2,2
15543,22029,958282,6,1,1
15544,22029,975444,6,9,9
15545,22029,977983,6,1,1
15546,22029,982425,6,3,3
15547,22029,988311,6,3,3
15548,22029,988510,6,1,1
15549,22029,989739,6,1,1
15550,22029,991010,6,2,2
15551,22029,995161,6,1,1
15552,22029,996419,6,1,1
15553,22029,1001275,6,2,2
15554,22029,1004788,4,1,1
15555,22029,1005257,6,4,4
15556,22029,1005363,6,1,1
15557,22029,1009146,6,1,1
15558,22029,1012245,6,6,6
15559,22029,1015409,6,4,4
15560,22029,1015453,6,2,2
15561,22029,1016289,6,3,3
15562,22029,1018169,6,1,1
15563,22029,1019312,6,1,1
15564,22029,1020128,6,1,1
15565,22029,1020377,6,7,7
15566,22029,1028884,6,1,1
15567,22029,1029040,6,1,1
15568,22029,1029706,6,1,1
15569,22029,1030728,6,12,12
15570,22029,1032957,6,1,1
15571,22029,1033129,6,1,1
15572,22029,1035723,6,2,2
15573,22029,1035835,6,2,2
15574,22029,1036921,6,1,1
15575,22029,1037097,6,2,2
15576,22029,1037602,6,1,1
15577,22029,1039999,6,5,5
15578,22029,1040822,6,2,2
15579,22029,1042842,6,2,2
15580,22029,1045251,6,2,2
15581,22029,1049680,6,33,33
15582,22029,1051376,6,1,1
15583,22029,1057493,6,1,1
15584,22029,1059100,6,1,1
15585,22029,1065091,6,1,1
15586,22029,1075006,1,1,1
15587,22029,1075441,6,1,1
15588,22029,1075447,6,3,3
15589,22029,1076244,6,1,1
15590,22029,1093510,6,1,1
15591,22029,1132538,6,1,1
15592,22029,1142921,6,1,1
15593,22029,1143093,3,1,1
15594,22033,1143093,1,1,1
15595,22029,1169865,6,1,1
15596,22029,1175350,6,1,1
15597,22029,1179081,6,1,1
15598,22029,1179242,6,1,1
15599,22029,1194727,6,1,1
15600,22029,1195028,6,16,16
15601,22029,1322967,4,1,1
15602,22029,1400147,4,1,1
15603,22029,1415810,6,1,1
15604,22029,1477713,4,2,2
15605,22029,1800828,4,2,2
15606,22029,2578328,6,1,1
15607,22029,2812290,6,1,1
15608,22029,2825850,6,1,1
15609,22029,2844966,6,1,1
15610,22029,2853300,6,1,1
15611,22029,2861902,4,1,1
15612,22029,2864152,6,1,1
15613,22029,2868259,6,1,1
15614,22029,2881720,4,1,1
15615,22029,2881779,6,1,1
15616,22029,2881929,4,1,1
15617,22029,2883082,6,1,1
15618,22029,2913278,6,1,1
15619,22029,2994971,6,1,1
15620,22029,3397892,6,2,2
15621,22029,3397964,6,122,122
15622,22029,3398353,6,52,28
15623,22029,3398581,6,2,2
15624,22029,3400510,6,2,2
15625,28248,3400510,2,2,2
15626,22029,3400887,3,2,2
15627,22033,3400887,2,2,2
15628,22029,3401105,3,5,5
15629,22033,3401105,2,5,5
15630,22029,3401176,6,1834,1833
15631,22029,3402606,4,3,3
15632,22029,3402618,6,2,2
15633,22029,3403357,6,2,2
15634,22029,3403637,6,5,5
15635,22029,3406052,6,5,5
15636,22029,3406788,6,2,2
15637,22029,3406829,6,3,3
15638,22029,3406848,6,2,2
15639,22029,3408019,6,8,8
15640,22029,3408719,6,7,7
15641,22030,901946,5,1,1
15642,22030,1039928,5,1,1
15643,22031,1830803,3,1,1
15644,22032,453499,3,1,1
15645,22032,517806,3,20,20
15646,22032,990456,3,1,1
15647,22033,910128,2,1,1
15648,22033,994404,2,1,1
15649,22033,1000485,2,1,1
15650,22033,1039966,2,1,1
15651,22033,1042432,2,1,1
15652,22033,2804753,2,1,1
15653,22194,6031,3,1,1
15654,22194,40616,3,2,2
15655,22194,145915,3,1,1
15656,22194,158704,3,1,1
15657,22194,159577,3,1,1
15658,22194,217916,3,1,1
15659,22194,267351,3,16,16
15660,22194,270464,3,1,1
15661,22194,345792,3,1,1
15662,22194,348373,3,7,7
15663,22194,374377,3,1,1
15664,22194,437399,1,3,3
15665,22194,479696,3,19,19
15666,22194,483067,3,1,1
15667,22194,530001,3,307,307
15668,22194,539059,3,1,1
15669,22194,565167,3,1,1
15670,22194,566914,3,1,1
15671,22194,581452,3,1,1
15672,22194,585712,3,1,1
15673,22194,619702,3,1,1
15674,22194,629786,3,2,2
15675,22194,665607,3,2,2
15676,22194,673013,3,1,1
15677,22194,675629,3,1,1
15678,22194,680222,3,8,8
15679,22194,696035,3,1,1
15680,22194,720542,3,10,10
15681,22194,727817,3,1,1
15682,22194,730552,3,1,1
15683,22194,741292,3,2,2
15684,22194,746744,3,1,1
15685,22194,754447,3,7,7
15686,22194,779482,3,2,2
15687,22194,823547,3,1,1
15688,22194,837436,3,1,1
15689,22194,841880,3,1,1
15690,22194,862654,3,3,3
15691,22194,911425,3,1,1
15692,22194,920005,3,14,14
15693,22194,932529,3,6,6
15694,22194,946546,3,4,4
15695,22194,966440,3,1,1
15696,22194,967538,3,1,1
15697,22194,968233,3,1,1
15698,22194,974463,3,1,1
15699,22194,1015473,3,1,1
15700,22194,1019693,3,1,1
15701,22194,1027738,3,17,17
15702,22194,1028537,3,1,1
15703,22194,1039155,3,1,1
15704,22194,1046413,3,3,3
15705,22194,1047889,3,7,7
15706,22194,1053782,3,13,13
15707,22194,1065023,3,25,25
15708,22194,1072642,3,1,1
15709,22194,1073602,3,1,1
15710,22194,1074760,3,1,1
15711,22194,1075446,3,14,14
15712,22194,1076287,3,1,1
15713,22194,1078256,3,3,3
15714,22194,1101598,3,227,227
15715,22194,1114699,3,1,1
15716,22194,1125557,3,3,3
15717,22194,1143124,3,1,1
15718,22194,1145428,3,52,52
15719,22194,1161676,3,1,1
15720,22194,1183323,3,1,1
15721,22194,1184226,3,6,6
15722,22194,1193788,3,1,1
15723,22194,1199388,1,1,1
15724,22194,1199419,1,1,1
15725,22194,1209590,3,1,1
15726,22194,1219167,3,8,8
15727,22194,1224503,3,1,1
15728,22194,1224858,1,1,1
15729,22194,1230616,1,2,2
15730,22194,1230803,1,1,1
15731,22194,1235917,1,1,1
15732,22194,1236632,1,1,1
15733,22194,1237292,3,1,1
15734,22194,1237895,3,3,3
15735,22194,1243102,3,1,1
15736,22194,1250766,3,1,1
15737,22194,1251005,1,1,1
15738,22194,1254911,3,2,2
15739,22194,1255443,3,1,1
15740,22194,1256370,3,1,1
15741,22194,1272757,3,10,10
15742,22194,1273736,3,2,2
15743,22194,1276307,3,5,5
15744,22194,1276634,3,1,1
15745,22194,1277502,3,1,1
15746,22194,1280016,3,1,1
15747,22194,1287527,3,1,1
15748,22194,1287536,3,1,1
15749,22194,1288065,1,1,1
15750,22196,1288065,1,1,1
15751,22194,1288683,3,1,1
15752,22194,1288697,3,1,1
15753,22194,1292107,3,3,3
15754,22194,1292358,3,1,1
15755,22194,1292467,2,1,1
15756,22194,1293506,3,1,1
15757,22194,1296864,1,1,1
15758,22194,1302428,3,1,1
15759,22194,1315349,3,44,44
15760,22194,1325672,3,2,2
15761,22194,1329479,3,2,2
15762,22194,1334255,3,2,2
15763,22194,1334469,3,4,4
15764,22194,1341015,3,1,1
15765,22194,1344300,3,1,1
15766,22194,1347589,3,4,4
15767,22194,1350263,3,1,1
15768,22194,1353664,3,5,5
15769,22194,1367384,3,3,3
15770,22194,1370804,3,7,7
15771,22194,1376009,3,1,1
15772,22194,1377878,3,1,1
15773,22194,1380753,3,1,1
15774,22194,1381079,3,2,2
15775,22194,1385141,3,1,1
15776,22194,1396574,3,1,1
15777,22194,1400160,3,1,1
15778,22194,1400204,3,1,1
15779,22194,1406585,3,2,2
15780,22194,1410750,3,1,1
15781,22194,1414326,3,1,1
15782,22194,1418999,3,11,11
15783,22194,1425058,3,4,4
15784,22194,1425068,3,1,1
15785,22194,1425690,1,2,2
15786,22194,1440697,3,1,1
15787,22194,1446735,3,1,1
15788,22194,1450537,3,1,1
15789,22194,1454351,3,1,1
15790,22194,1457180,3,1,1
15791,22194,1467700,3,1,1
15792,22194,1480451,3,1,1
15793,22194,1480621,3,1,1
15794,22194,1488143,3,2,2
15795,22194,1490226,3,1,1
15796,22194,1495282,3,1,1
15797,22194,1499020,3,1,1
15798,22194,1502332,3,1,1
15799,22194,1512286,3,5,5
15800,22194,1549829,3,1,1
15801,22194,1553728,3,2,2
15802,22194,1554394,3,3,3
15803,22194,1568602,3,1,1
15804,22194,1569057,3,1,1
15805,22194,1569589,3,1,1
15806,22194,1597202,3,2,2
15807,22194,1599296,3,1,1
15808,22194,1614181,3,1,1
15809,22194,1635901,3,1,1
15810,22194,1638584,3,3,3
15811,22194,1638893,3,1,1
15812,22194,1640648,3,1,1
15813,22194,1671579,3,1,1
15814,22194,1672738,3,1,1
15815,22194,1687393,3,1,1
15816,22194,1688674,3,135,135
15817,22194,1691408,3,4,4
15818,22194,1698831,3,1,1
15819,22194,1701054,3,1,1
15820,22194,1705207,3,12,12
15821,22194,1716611,3,3,3
15822,22194,1719873,3,1,1
15823,22194,1725041,3,2,2
15824,22194,1735685,3,1,1
15825,22194,1742459,3,1,1
15826,22194,1742780,3,1,1
15827,22194,1745316,3,2,2
15828,22194,1746371,3,1,1
15829,22194,1749590,3,1,1
15830,22194,1750106,3,2,2
15831,22194,1752297,3,1,1
15832,22194,1753944,3,1,1
15833,22194,1753959,3,1,1
15834,22194,1754312,3,1,1
15835,22194,1754419,3,1,1
15836,22194,1756876,3,10,10
15837,22194,1760291,3,2,2
15838,22194,1763622,3,1,1
15839,22194,1764673,3,3,3
15840,22194,1771858,3,2,2
15841,22194,1775129,3,1,1
15842,22194,1784168,3,2,2
15843,22194,1785870,3,1,1
15844,22194,1789313,3,4,4
15845,22194,1798862,3,1,1
15846,22194,1804207,3,1,1
15847,22194,1805480,3,1,1
15848,22194,1808619,3,1,1
15849,22194,1816936,3,1,1
15850,22194,1823679,3,1,1
15851,22194,1838729,3,1,1
15852,22194,1853902,3,2,2
15853,22194,1857067,3,6,6
15854,22194,1861487,3,4,4
15855,22194,1863382,3,1,1
15856,22194,1867014,1,2,2
15857,22194,1870295,3,1,1
15858,22194,1871983,1,1,1
15859,22194,1873126,1,1,1
15860,22194,1873810,1,1,1
15861,22194,1874160,1,1,1
15862,22194,1874420,1,1,1
15863,22194,1875454,1,1,1
15864,22194,1875506,1,1,1
15865,22194,1881017,1,1,1
15866,22194,1929728,3,1,1
15867,22194,2196807,3,1,1
15868,22194,2282872,1,1,1
15869,22194,2288094,3,1,1
15870,22194,2291453,3,1,1
15871,22194,2310567,3,1,1
15872,22194,2374005,3,1,1
15873,22194,2395167,3,1,1
15874,22194,2411014,3,1,1
15875,22194,2448140,3,1,1
15876,22194,2500450,3,1,1
15877,22194,2503325,3,1,1
15878,22194,2506137,3,1,1
15879,22194,2567548,3,1,1
15880,22194,2668174,3,1,1
15881,22194,2817173,3,1,1
15882,22194,2847871,3,1,1
15883,22194,2848791,3,1,1
15884,22194,2860876,3,1,1
15885,22194,2894597,1,1,1
15886,22194,2896729,1,1,1
15887,22194,2978969,3,1,1
15888,22194,2986731,1,1,1
15889,22194,2997374,1,1,1
15890,22194,3006324,1,1,1
15891,22194,3009133,3,1,1
15892,22194,3056495,3,1,1
15893,22194,3072878,3,1,1
15894,22194,3112163,3,1,1
15895,22194,3154925,3,1,1
15896,22194,3172875,3,1,1
15897,22194,3185240,3,1,1
15898,22194,3194426,3,1,1
15899,22194,3219715,3,1,1
15900,22194,3223518,3,1,1
15901,22194,3246347,3,1,1
15902,22194,3290294,3,1,1
15903,22194,3298863,3,1,1
15904,22194,3301565,3,1,1
15905,22194,3350570,3,1,1
15906,22194,3390887,3,1,1
15907,22194,3397771,3,2,2
15908,22194,3397820,3,9002,9002
15909,22194,3397930,3,2,2
15910,22194,3398489,3,33,33
15911,22194,3399042,3,10,10
15912,22194,3399272,3,6,6
15913,22194,3399488,1,349,349
15914,22194,3399592,3,6,6
15915,22194,3400484,3,2,2
15916,22194,3400504,3,3,3
15917,22194,3400691,3,7,7
15918,22194,3401059,3,3,3
15919,22194,3401090,1,2,2
15920,22194,3401098,3,6,6
15921,22194,3401546,3,2,2
15922,22194,3401888,3,30,30
15923,22194,3402045,3,2,2
15924,22194,3402134,3,44,44
15925,22194,3402328,1,2,2
15926,22194,3402801,3,12,12
15927,22194,3402919,3,6,6
15928,22194,3403050,3,4,4
15929,22194,3404376,3,9,9
15930,22194,3404632,1,2,2
15931,22194,3404732,3,2,2
15932,22194,3405181,1,2,2
15933,22194,3405330,3,2,2
15934,22194,3406523,3,3,3
15935,22194,3406609,3,2,2
15936,22194,3406807,3,2,2
15937,22194,3406831,3,3,3
15938,22195,1051036,2,3,3
15939,22195,1188556,2,1,1
15940,22195,1226391,1,1,1
15941,22195,1336736,2,1,1
15942,22195,1450830,2,5,5
15943,22195,1801106,2,1,1
15944,28248,62532,2,2,2
15945,28248,65366,5,5,5
15946,28248,74552,6,2,2
15947,28248,90004,6,1,1
15948,28248,124046,6,1,1
15949,28248,140904,6,1,1
15950,28248,142283,2,1,1
15951,28248,150371,2,1,1
15952,28248,152239,6,6,6
15953,28248,157940,2,1,1
15954,28248,160276,2,2,2
15955,28248,162731,2,2,2
15956,28248,167135,6,1303333,1302927
15957,28248,168270,6,1,1
15958,28248,174990,2,1,1
15959,28248,175465,6,1,1
15960,28248,176144,6,3,3
15961,28248,180622,6,17,17
15962,28248,200572,2,1,1
15963,28248,205322,2,98,98
15964,28248,207316,6,1,1
15965,28248,208547,6,1,1
15966,28248,227015,4,2,2
15967,28248,228908,6,1,1
15968,28248,236364,2,1,1
15969,28248,237697,2,1,1
15970,28248,247939,2,1,1
15971,28248,256939,5,1,1
15972,28248,257616,2,1,1
15973,28248,258087,2,1,1
15974,28248,265612,4,1,1
15975,28248,265820,4,58,58
15976,28248,276622,6,3,3
15977,28248,277774,6,1,1
15978,28248,279695,4,1,1
15979,28248,283630,6,1,1
15980,28248,287730,2,1,1
15981,28248,289895,2,3,3
15982,28248,303565,4,1,1
15983,28248,306787,3,1,1
15984,28248,309486,2,1,1
15985,28248,329136,6,1,1
15986,28248,345084,3,1,1
15987,28248,369563,2,1,1
15988,28248,378090,6,1,1
15989,28248,380171,6,2,2
15990,28248,383203,6,1,1
15991,28248,399636,6,1,1
15992,28271,399636,1,1,1
15993,28248,586084,6,2,2
15994,28248,900214,2,2,2
15995,28248,990405,6,2,2
15996,28248,1032421,6,1,1
15997,28248,1036926,6,1,1
15998,28248,1049361,6,1,1
15999,28248,1050896,6,1,1
16000,28248,1059166,6,1,1
16001,28248,1064218,6,1,1
16002,28271,1064218,1,1,1
16003,28248,1083525,6,1,1
16004,28248,1088818,2,1,1
16005,28248,1107034,6,1,1
16006,28248,1116381,5,1,1
16007,28248,1203782,4,1,1
16008,28248,1208534,6,1,1
16009,28248,1216413,4,1,1
16010,28248,1250811,4,1,1
16011,28248,1285781,4,1,1
16012,28248,1340091,3,1,1
16013,28248,1347115,6,1,1
16014,28248,1416195,6,1,1
16015,28248,1425539,6,1,1
16016,28248,1433673,2,1,1
16017,28248,1446981,6,1,1
16018,28248,1502798,6,1,1
16019,28271,1502798,1,1,1
16020,28248,1507797,4,1,1
16021,28248,1524555,2,2,2
16022,28248,1529906,6,1,1
16023,28248,1534758,5,1,1
16024,28248,1541777,5,1,1
16025,28248,1543296,5,6,6
16026,28248,1560113,6,1,1
16027,28248,1570215,3,1,1
16028,28248,1573283,4,1,1
16029,28248,1574466,6,1,1
16030,28248,1588627,2,4,4
16031,28248,1598828,3,3,3
16032,28248,1600533,2,1,1
16033,28248,1601829,2,10,10
16034,28248,1603868,6,1,1
16035,28248,1613936,4,1,1
16036,28248,1657514,2,1,1
16037,28248,1676081,1,1,1
16038,28248,1695915,6,1,1
16039,28248,1697016,6,1,1
16040,28248,1701554,2,1,1
16041,28248,1703049,4,1,1
16042,28248,1727222,6,1,1
16043,28248,1735738,6,1,1
16044,28248,1743051,4,7,7
16045,28248,1751025,6,1,1
16046,28271,1751025,1,1,1
16047,28248,1752052,6,1,1
16048,28248,1760977,6,1,1
16049,28271,1760977,1,1,1
16050,28248,1775196,2,1,1
16051,28248,1778059,6,2,2
16052,28248,1799684,2,2,2
16053,28248,1816792,2,1,1
16054,28248,1820305,2,2,2
16055,28248,1824738,6,1,1
16056,28248,1828519,6,1,1
16057,28248,1831396,6,1,1
16058,28248,1838148,6,1,1
16059,28248,1838706,6,1,1
16060,28248,1851052,4,1,1
16061,28248,1854783,6,1,1
16062,28271,1854783,1,1,1
16063,28248,1854800,6,1,1
16064,28271,1854800,1,1,1
16065,28248,1854801,6,1,1
16066,28271,1854801,1,1,1
16067,28248,1854803,6,1,1
16068,28271,1854803,1,1,1
16069,28248,1854930,6,1,1
16070,28271,1854930,1,1,1
16071,28248,1854932,6,1,1
16072,28271,1854932,1,1,1
16073,28248,1854933,6,1,1
16074,28271,1854933,1,1,1
16075,28248,1854935,6,1,1
16076,28271,1854935,1,1,1
16077,28248,1854942,6,1,1
16078,28271,1854942,1,1,1
16079,28248,1854944,6,1,1
16080,28271,1854944,1,1,1
16081,28248,1854945,6,1,1
16082,28271,1854945,1,1,1
16083,28248,1855215,6,1,1
16084,28271,1855215,1,1,1
16085,28248,1855506,6,1,1
16086,28271,1855506,1,1,1
16087,28248,1855507,6,1,1
16088,28271,1855507,1,1,1
16089,28248,1855509,6,1,1
16090,28271,1855509,1,1,1
16091,28248,1855510,6,1,1
16092,28271,1855510,1,1,1
16093,28248,1855511,6,1,1
16094,28271,1855511,1,1,1
16095,28248,1855512,6,1,1
16096,28271,1855512,1,1,1
16097,28248,1855513,6,1,1
16098,28271,1855513,1,1,1
16099,28248,1855514,6,1,1
16100,28271,1855514,1,1,1
16101,28248,1855516,6,1,1
16102,28271,1855516,1,1,1
16103,28248,1855518,6,1,1
16104,28271,1855518,1,1,1
16105,28248,1855519,6,1,1
16106,28271,1855519,1,1,1
16107,28248,1855520,6,1,1
16108,28271,1855520,1,1,1
16109,28248,1855521,6,1,1
16110,28271,1855521,1,1,1
16111,28248,1855741,6,1,1
16112,28271,1855741,1,1,1
16113,28248,1855768,6,1,1
16114,28271,1855768,1,1,1
16115,28248,1855781,6,1,1
16116,28271,1855781,1,1,1
16117,28248,1855802,6,1,1
16118,28271,1855802,1,1,1
16119,28248,1855804,6,1,1
16120,28271,1855804,1,1,1
16121,28248,1855805,6,1,1
16122,28271,1855805,1,1,1
16123,28248,1855806,6,1,1
16124,28271,1855806,1,1,1
16125,28248,1855809,6,1,1
16126,28271,1855809,1,1,1
16127,28248,1855810,6,1,1
16128,28271,1855810,1,1,1
16129,28248,1855811,6,1,1
16130,28271,1855811,1,1,1
16131,28248,1855812,6,1,1
16132,28271,1855812,1,1,1
16133,28248,1855813,6,1,1
16134,28271,1855813,1,1,1
16135,28248,1855814,6,1,1
16136,28271,1855814,1,1,1
16137,28248,1855815,6,1,1
16138,28271,1855815,1,1,1
16139,28248,1855816,6,1,1
16140,28271,1855816,1,1,1
16141,28248,1855817,6,1,1
16142,28271,1855817,1,1,1
16143,28248,1855818,6,1,1
16144,28271,1855818,1,1,1
16145,28248,1855819,6,1,1
16146,28271,1855819,1,1,1
16147,28248,1855820,6,1,1
16148,28271,1855820,1,1,1
16149,28248,1855821,6,1,1
16150,28271,1855821,1,1,1
16151,28248,1855822,6,1,1
16152,28271,1855822,1,1,1
16153,28248,1855823,6,1,1
16154,28271,1855823,1,1,1
16155,28248,1855824,6,1,1
16156,28271,1855824,1,1,1
16157,28248,1855825,6,1,1
16158,28271,1855825,1,1,1
16159,28248,1855826,6,1,1
16160,28271,1855826,1,1,1
16161,28248,1856043,6,1,1
16162,28271,1856043,1,1,1
16163,28248,1856049,6,1,1
16164,28271,1856049,1,1,1
16165,28248,1856051,6,1,1
16166,28271,1856051,1,1,1
16167,28248,1856052,6,1,1
16168,28271,1856052,1,1,1
16169,28248,1856053,6,1,1
16170,28271,1856053,1,1,1
16171,28248,1856055,6,1,1
16172,28271,1856055,1,1,1
16173,28248,1856057,6,1,1
16174,28271,1856057,1,1,1
16175,28248,1856058,6,1,1
16176,28271,1856058,1,1,1
16177,28248,1856059,6,1,1
16178,28271,1856059,1,1,1
16179,28248,1856061,6,1,1
16180,28271,1856061,1,1,1
16181,28248,1856323,6,1,1
16182,28271,1856323,1,1,1
16183,28248,1856324,6,1,1
16184,28271,1856324,1,1,1
16185,28248,1856540,6,1,1
16186,28271,1856540,1,1,1
16187,28248,1856541,6,1,1
16188,28271,1856541,1,1,1
16189,28248,1856544,6,1,1
16190,28271,1856544,1,1,1
16191,28248,1857942,6,1,1
16192,28271,1857942,1,1,1
16193,28248,1861815,2,1,1
16194,28248,1863404,6,1,1
16195,28271,1863404,1,1,1
16196,28248,1864523,2,1,1
16197,28248,1866262,6,1,1
16198,28248,1875304,6,1,1
16199,28248,1888418,6,1,1
16200,28271,1888418,1,1,1
16201,28248,1888424,6,1,1
16202,28248,1888481,6,1,1
16203,28271,1888481,1,1,1
16204,28248,1888567,6,1,1
16205,28271,1888567,1,1,1
16206,28248,1890429,4,1,1
16207,28248,1892528,4,1,1
16208,28248,1901740,4,1,1
16209,28248,1960972,6,1,1
16210,28248,1971931,4,1,1
16211,28248,1985705,2,1,1
16212,28248,2001524,6,1,1
16213,28248,2040235,2,1,1
16214,28248,2099435,2,1,1
16215,28248,2130088,2,1,1
16216,28248,2173918,6,1,1
16217,28248,2354295,2,1,1
16218,28248,2891256,4,1,1
16219,28248,2899087,6,1,1
16220,28248,2963685,6,1,1
16221,28248,3020653,4,1,1
16222,28248,3049124,2,1,1
16223,28248,3075928,5,1,1
16224,28248,3083817,6,1,1
16225,28248,3145097,4,1,1
16226,28248,3176908,6,1,1
16227,28248,3233013,2,1,1
16228,28248,3287647,2,1,1
16229,28248,3295570,2,1,1
16230,28248,3317704,6,1,1
16231,28248,3338109,2,1,1
16232,28248,3345176,6,1,1
16233,28248,3346465,6,1,1
16234,28248,3349070,4,1,1
16235,28248,3388860,6,1,1
16236,28271,3388860,1,1,1
16237,28248,3388886,6,1,1
16238,28271,3388886,1,1,1
16239,28248,3388887,6,1,1
16240,28271,3388887,1,1,1
16241,28248,3388888,6,1,1
16242,28271,3388888,1,1,1
16243,28248,3388990,6,1,1
16244,28271,3388990,1,1,1
16245,28248,3388992,6,1,1
16246,28271,3388992,1,1,1
16247,28248,3388993,6,1,1
16248,28271,3388993,1,1,1
16249,28248,3388994,6,1,1
16250,28271,3388994,1,1,1
16251,28248,3388995,6,1,1
16252,28271,3388995,1,1,1
16253,28248,3388996,6,1,1
16254,28271,3388996,1,1,1
16255,28248,3389068,6,1,1
16256,28271,3389068,1,1,1
16257,28248,3389071,6,1,1
16258,28271,3389071,1,1,1
16259,28248,3389126,6,1,1
16260,28271,3389126,1,1,1
16261,28248,3389127,6,1,1
16262,28271,3389127,1,1,1
16263,28248,3389132,6,1,1
16264,28271,3389132,1,1,1
16265,28248,3397081,6,1,1
16266,28271,3397081,1,1,1
16267,28248,3398072,6,9,9
16268,28248,3399561,2,10,10
16269,28248,3400318,2,2,2
16270,28248,3401159,2,2,2
16271,28248,3401241,4,2,2
16272,28248,3403266,2,3,3
16273,28248,3403363,6,2,2
16274,28248,3403638,2,2,2
16275,28248,3404469,6,5,5
16276,28248,3404493,6,2,2
16277,28271,3404493,1,2,2
16278,28248,3404501,6,2,2
16279,28271,3404501,1,2,2
16280,28248,3404502,6,2,2
16281,28271,3404502,1,2,2
16282,28248,3404507,6,2,2
16283,28271,3404507,1,2,2
16284,28248,3404509,6,2,2
16285,28271,3404509,1,2,2
16286,28248,3404511,6,2,2
16287,28271,3404511,1,2,2
16288,28248,3404772,6,8,8
16289,28248,3405314,2,2,2
16290,28248,3406460,4,2,2
16291,28249,283613,5,3,3
16292,28249,1322776,5,1,1
16293,28249,1817401,5,1,1
16294,28249,2873186,5,1,1
16295,28249,3392933,5,1,1
16296,28249,3405275,5,3,3
16297,28250,281931,4,1,1
16298,28250,308149,4,1,1
16299,28250,349696,4,13,13
16300,28250,417449,4,2,2
16301,28250,771213,4,1,1
16302,28250,1133439,4,1,1
16303,28250,1135794,1,1,1
16304,28250,1146373,1,1,1
16305,28250,1213217,1,1,1
16306,28250,1288539,1,1,1
16307,28250,1341567,1,3,3
16308,28250,1396485,1,1,1
16309,28250,1490324,1,1,1
16310,28250,1606757,1,2,2
16311,28250,1689906,4,1,1
16312,28250,1697017,1,1,1
16313,28250,1704908,4,1,1
16314,28250,1712768,1,1,1
16315,28250,1884503,1,1,1
16316,28250,2987720,2,1,1
16317,28250,3136962,4,1,1
16318,28250,3256476,1,1,1
16319,28250,3282595,1,1,1
16320,28250,3404089,1,3,3
16321,28250,3405957,4,3,3
16322,28250,3406216,1,2,2
16323,28251,1097753,3,1,1
16324,28251,1699277,3,2,2
16325,28251,1734980,2,1,1
16326,28251,3390701,3,1,1
16327,28252,11138,2,6,6
16328,28252,14112,2,2,2
16329,28252,19531,2,2,2
16330,28252,32276,2,2,2
16331,28252,54109,2,1,1
16332,28252,89880,2,1,1
16333,28252,97931,2,1,1
16334,28252,186008,2,1,1
16335,28252,215790,2,21,21
16336,28252,248639,2,1,1
16337,28252,270678,2,3,3
16338,28252,324961,2,1,1
16339,28252,578913,2,1,1
16340,28252,700327,2,3,3
16341,28252,1056188,1,2,2
16342,28252,1110490,2,2,2
16343,28252,1150622,2,4,4
16344,28252,1172752,2,1,1
16345,28252,1314539,2,1,1
16346,28252,1334969,2,1,1
16347,28252,1348760,1,1,1
16348,28252,1376801,2,3,3
16349,28252,1379568,2,1,1
16350,28252,1482063,2,1,1
16351,28252,1483746,2,3,3
16352,28252,1483853,2,1,1
16353,28252,1510067,2,1,1
16354,28252,1520019,2,4,4
16355,28252,1552654,2,1,1
16356,28252,1571192,2,3,3
16357,28252,1595016,2,17,17
16358,28252,1595017,2,1,1
16359,28252,1603950,2,1,1
16360,28252,1604823,2,1,1
16361,28252,1615175,2,2,2
16362,28252,1620304,2,3,3
16363,28252,1642301,2,1,1
16364,28252,1673601,2,1,1
16365,28252,1681798,2,1,1
16366,28252,1693267,2,1,1
16367,28252,1694958,2,1,1
16368,28252,1697407,2,1,1
16369,28252,1707039,2,1,1
16370,28252,1708252,2,1,1
16371,28252,1735382,2,1,1
16372,28252,1738625,2,1,1
16373,28252,1756040,2,1,1
16374,28252,1760051,2,2,2
16375,28252,1769259,1,5,5
16376,28252,1771125,2,1,1
16377,28252,1778952,2,1,1
16378,28252,1780734,2,1,1
16379,28252,1785070,2,1,1
16380,28252,1809311,2,2,2
16381,28252,1812708,2,1,1
16382,28252,1838674,2,1,1
16383,28252,1843406,2,1,1
16384,28252,1861970,2,1,1
16385,28252,1883160,2,1,1
16386,28252,1891167,2,7,7
16387,28252,2144129,2,1,1
16388,28252,2976184,2,1,1
16389,28252,2981023,2,1,1
16390,28252,3086552,2,1,1
16391,28252,3134786,2,1,1
16392,28252,3242332,2,1,1
16393,28252,3300248,2,1,1
16394,28252,3378212,2,1,1
16395,28252,3385183,2,1,1
16396,28252,3400269,2,2,2
16397,28252,3400824,2,25,25
16398,28252,3401875,2,3,3
16399,28252,3402646,2,2,2
16400,28252,3403683,2,3,3
16401,28252,3404684,2,2,2
16402,28252,3405998,2,2,2
16403,28252,3406236,2,2,2
16404,28252,3406483,2,5,5
16405,28252,3406781,2,3,3
16406,28253,75684,1,1,1
16407,28253,223029,1,1,1
16408,28253,236129,1,2,2
16409,28253,238044,1,1,1
16410,28253,1387960,1,1,1
16411,28253,1479661,1,1,1
16412,28253,1485916,1,1,1
16413,28253,1656884,1,2,2
16414,28253,1659997,1,1,1
16415,28253,1734982,1,4,4
16416,28253,1744060,1,1,1
16417,28253,1747834,1,9,9
16418,28253,1773282,1,1,1
16419,28253,1775784,1,1,1
16420,28253,1791129,1,1,1
16421,28253,1797445,1,1,1
16422,28253,1807036,1,1,1
16423,28253,1820306,1,1,1
16424,28253,1823194,1,1,1
16425,28253,1848315,1,1,1
16426,28253,1849557,1,2,2
16427,28253,1862990,1,1,1
16428,28253,1884849,1,1,1
16429,28253,2262629,1,1,1
16430,28253,3385236,1,1,1
16431,28253,3399164,1,2,2
16432,28253,3405327,1,2,2
16433,28271,98988,1,41,41
16434,28271,136480,1,1,1
16435,28271,138227,1,4,4
16436,28271,139865,1,6,6
16437,28271,168535,1,897,897
16438,28271,212302,1,246,246
16439,28271,218853,1,1,1
16440,28271,219192,1,1,1
16441,28271,242304,1,426,426
16442,28271,778835,1,1,1
16443,28271,848979,1,2,2
16444,28271,1518928,1,1,1
16445,28271,1527223,1,1,1
16446,28271,2028940,1,1,1
16447,28271,3377453,1,1,1
16448,28271,3402585,1,1307678,1307678
16449,28271,3405493,1,5,5
16450,28271,3406758,1,4,4
16451,28362,53182,9,1,1
16452,28362,174343,9,1,1
16453,28362,2168126,9,1,1
16454,28362,2227829,9,1,1
16455,28362,2703171,9,1,1
16456,28363,53307,8,1,1
16457,28365,175125,6,1,1
16458,28367,1945024,4,1,1
16459,28369,53861,2,1,1
16460,28370,1523914,1,2,2
16461,28370,1547861,1,1,1
16462,28370,1555666,1,2,2
16463,28370,1558781,1,16,16
16464,28370,1564765,1,1,1
16465,28370,1566193,1,3,3
16466,28370,1566419,1,1,1
16467,28370,1567275,1,1,1
16468,28370,1579833,1,3,3
16469,28370,1582314,1,1,1
16470,28370,1591063,1,1,1
16471,28370,1594453,1,4,4
16472,28370,1597048,1,2,2
16473,28370,1609845,1,2,2
16474,28370,1610860,1,8,8
16475,28370,1620897,1,1,1
16476,28370,1631767,1,1,1
16477,28370,1632815,1,1,1
16478,28370,1633589,1,1,1
16479,28370,1633701,1,1,1
16480,28370,1635394,1,1,1
16481,28370,1635799,1,1,1
16482,28370,1652863,1,1,1
16483,28370,1653103,1,1,1
16484,28370,1654758,1,2,2
16485,28370,1659314,1,4,4
16486,28370,1662444,1,2,2
16487,28370,1666260,1,1,1
16488,28370,1670502,1,1,1
16489,28370,1674817,1,1,1
16490,28370,1676022,1,11,11
16491,28370,1687930,1,3,3
16492,28370,1695148,1,1,1
16493,28370,1711684,1,1,1
16494,28370,3297661,1,1,1
16495,28370,3305676,1,1,1
16496,28370,3332790,1,1,1
16497,28370,3398382,1,6,6
16498,28370,3403596,1,13,13
16499,28370,3405733,1,4,4
16500,28370,3405870,1,8,8
