pango,root,total_samples,max_descendants,min_descendants,parent_max_descendants,parent_min_descendants,diff,diff_parent,relative_diff,relative_diff_parent
A,9,317,317,317,317,317,0,0,0.0,0.0
A.1,273,283,283,283,283,283,0,0,0.0,0.0
A.11,4097,1,1,1,1,1,0,0,0.0,0.0
A.2,639,56,56,56,56,56,0,0,0.0,0.0
A.2.2,1269,81,81,81,81,81,0,0,0.0,0.0
A.2.3,1479,105,105,105,105,105,0,0,0.0,0.0
A.23,88011,1,1,1,1,1,0,0,0.0,0.0
A.23.1,84199,206,206,206,206,206,0,0,0.0,0.0
A.25,31369,6,6,6,6,6,0,0,0.0,0.0
A.26,6252,11,11,11,11,11,0,0,0.0,0.0
A.27,180622,17,17,17,17,17,0,0,0.0,0.0
A.29,214117,71,71,71,71,71,0,0,0.0,0.0
A.3,926,20,20,20,20,20,0,0,0.0,0.0
A.4,8158,23,23,23,23,23,0,0,0.0,0.0
A.5,934,57,56,56,57,57,1,0,0.017543859649122806,0.0
A.6,387,57,57,57,57,57,0,0,0.0,0.0
AA.1,32264,9,9,9,9,9,0,0,0.0,0.0
AA.2,64468,113,113,113,113,113,0,0,0.0,0.0
AA.3,55516,28,28,28,28,28,0,0,0.0,0.0
AA.4,49528,88,88,88,88,88,0,0,0.0,0.0
AA.5,73967,46,46,46,46,46,0,0,0.0,0.0
AA.6,53611,50,50,50,50,50,0,0,0.0,0.0
AA.7,56331,75,75,75,75,75,0,0,0.0,0.0
AA.8,70152,36,36,36,36,36,0,0,0.0,0.0
AD.2,27533,3151,3151,3151,3151,3151,0,0,0.0,0.0
AE.1,31992,2,2,2,2,2,0,0,0.0,0.0
AE.3,29634,1,1,1,1,1,0,0,0.0,0.0
AE.5,25223,1,1,1,1,1,0,0,0.0,0.0
AE.8,34147,36,36,36,36,36,0,0,0.0,0.0
AH.3,71407,47,47,47,47,47,0,0,0.0,0.0
AJ.1,69074,9,9,9,9,9,0,0,0.0,0.0
AK.1,31960,58,58,58,58,58,0,0,0.0,0.0
AM.1,60293,4,4,4,4,4,0,0,0.0,0.0
AP.1,37906,522,522,522,522,522,0,0,0.0,0.0
AQ.1,70361,6,6,6,6,6,0,0,0.0,0.0
AS.1,80298,40,40,40,40,40,0,0,0.0,0.0
AV.1,275778,142,142,142,142,142,0,0,0.0,0.0
AY.1,261820,476,468,468,476,476,8,0,0.01680672268907563,0.0
AY.10,252880,898,898,898,898,898,0,0,0.0,0.0
AY.100,308428,21263,20177,19874,20177,19874,1086,1086,0.05107463669284673,0.05107463669284673
AY.101,544764,26,26,26,26,26,0,0,0.0,0.0
AY.102,261024,11,11,11,11,11,0,0,0.0,0.0
AY.103,230025,74949,74910,74903,74949,74944,39,0,0.0005203538406116159,0.0
AY.103.1,551800,63,63,63,63,63,0,0,0.0,0.0
AY.104,381168,256,256,256,256,256,0,0,0.0,0.0
AY.105,288761,242,175,173,242,242,67,0,0.2768595041322314,0.0
AY.106,287068,171,168,168,170,170,3,1,0.017543859649122806,0.005847953216374269
AY.107,257797,839,633,630,633,630,206,206,0.24553039332538737,0.24553039332538737
AY.108,387556,138,138,138,138,138,0,0,0.0,0.0
AY.109,391071,486,476,475,476,475,10,10,0.0205761316872428,0.0205761316872428
AY.11,263372,547,547,547,547,547,0,0,0.0,0.0
AY.110,327913,802,746,746,746,746,56,56,0.06982543640897755,0.06982543640897755
AY.111,252255,5206,5161,5161,5201,5201,45,5,0.008643872454859777,0.0009604302727621974
AY.112,257423,490,469,469,482,481,21,8,0.04285714285714286,0.0163265306122449
AY.112.1,568932,2,2,2,2,2,0,0,0.0,0.0
AY.112.2,544501,191,186,186,186,186,5,5,0.02617801047120419,0.02617801047120419
AY.113,450549,2194,2194,2015,2194,2015,0,0,0.0,0.0
AY.114,293507,1442,1442,1345,1442,1442,0,0,0.0,0.0
AY.116,331324,176,96,95,176,176,80,0,0.45454545454545453,0.0
AY.116.1,342463,985,985,945,985,945,0,0,0.0,0.0
AY.117,288785,3855,3821,3737,3821,3737,34,34,0.008819714656290532,0.008819714656290532
AY.118,321009,4815,2639,2614,2689,2664,2176,2126,0.45192107995846315,0.4415368639667705
AY.119,271975,10025,9704,9668,9709,9673,321,316,0.03201995012468828,0.031521197007481294
AY.119.2,334127,4009,3802,3769,3803,3770,207,206,0.05163382389623347,0.051384385133449735
AY.120,274294,20256,20209,20188,20227,20214,47,29,0.002320300157977883,0.0014316745655608214
AY.120.1,168591,712,689,678,694,683,23,18,0.032303370786516857,0.025280898876404494
AY.120.2,322381,23,16,16,17,17,7,6,0.30434782608695654,0.2608695652173913
AY.120.2.1,339755,510,508,507,508,507,2,2,0.00392156862745098,0.00392156862745098
AY.121,419580,2485,2485,2485,2485,2485,0,0,0.0,0.0
AY.121.1,745638,411,411,411,411,411,0,0,0.0,0.0
AY.122,232870,28002,28002,28001,28002,28002,0,0,0.0,0.0
AY.122.1,463490,30,30,30,30,30,0,0,0.0,0.0
AY.122.2,232868,780,780,780,780,780,0,0,0.0,0.0
AY.122.3,680395,600,600,600,600,600,0,0,0.0,0.0
AY.122.4,642712,239,239,239,239,239,0,0,0.0,0.0
AY.122.6,887023,36,36,36,36,36,0,0,0.0,0.0
AY.123,712475,40,40,40,40,40,0,0,0.0,0.0
AY.123.1,911934,22,22,22,22,22,0,0,0.0,0.0
AY.124,322366,1904,1904,1888,1904,1888,0,0,0.0,0.0
AY.124.1,354779,222,222,222,222,222,0,0,0.0,0.0
AY.124.1.1,337992,82,82,82,82,82,0,0,0.0,0.0
AY.125,548790,1905,1896,1851,1896,1851,9,9,0.004724409448818898,0.004724409448818898
AY.126,326374,6241,5429,5428,5429,5428,812,812,0.13010735459061049,0.13010735459061049
AY.127,447617,4374,4338,4338,4363,4363,36,11,0.00823045267489712,0.002514860539551898
AY.127.1,670187,19,18,18,19,19,1,0,0.05263157894736842,0.0
AY.128,396922,171,171,170,171,170,0,0,0.0,0.0
AY.129,403668,1823,1821,1816,1821,1816,2,2,0.0010970927043335162,0.0010970927043335162
AY.13,276799,1775,1775,1775,1775,1775,0,0,0.0,0.0
AY.131,855891,9,9,9,9,9,0,0,0.0,0.0
AY.132,867265,188,188,188,188,188,0,0,0.0,0.0
AY.134,843066,299,299,299,299,299,0,0,0.0,0.0
AY.14,279018,4051,4051,4051,4051,4051,0,0,0.0,0.0
AY.15,447566,18,18,18,18,18,0,0,0.0,0.0
AY.16,334235,281,281,281,281,281,0,0,0.0,0.0
AY.16.1,412508,5,5,5,5,5,0,0,0.0,0.0
AY.17,298695,21,21,21,21,21,0,0,0.0,0.0
AY.19,322108,19,19,19,19,19,0,0,0.0,0.0
AY.2,310714,515,515,515,515,515,0,0,0.0,0.0
AY.20,325025,4376,4334,4309,4334,4309,42,42,0.009597806215722121,0.009597806215722121
AY.20.1,954003,10,10,10,10,10,0,0,0.0,0.0
AY.22,311415,115,115,115,115,115,0,0,0.0,0.0
AY.23,324984,225,225,225,225,225,0,0,0.0,0.0
AY.23.1,551799,21,21,21,21,21,0,0,0.0,0.0
AY.24,327909,107,105,105,106,106,2,1,0.018691588785046728,0.009345794392523364
AY.25,276859,37316,37316,37310,37316,37310,0,0,0.0,0.0
AY.25.1,316670,18599,18599,18597,18599,18597,0,0,0.0,0.0
AY.25.1.1,819647,50,43,43,43,43,7,7,0.14,0.14
AY.25.1.2,953988,3,2,2,2,2,1,1,0.3333333333333333,0.3333333333333333
AY.25.2,662741,62,61,61,62,62,1,0,0.016129032258064516,0.0
AY.25.3,381378,326,317,317,326,326,9,0,0.027607361963190184,0.0
AY.26,265105,8911,8910,8910,8911,8911,1,0,0.00011222085063404781,0.0
AY.27,794086,48,48,48,48,48,0,0,0.0,0.0
AY.28,415402,166,166,165,166,165,0,0,0.0,0.0
AY.29,294595,17,13,13,13,13,4,4,0.23529411764705882,0.23529411764705882
AY.29.1,560035,1,1,1,1,1,0,0,0.0,0.0
AY.3,672887,44406,44400,44377,44406,44396,6,0,0.00013511687609782462,0.0
AY.3.1,326167,3320,3320,3318,3320,3319,0,0,0.0,0.0
AY.3.3,624044,223,223,223,223,223,0,0,0.0,0.0
AY.30,3409258,14,14,14,14,14,0,0,0.0,0.0
AY.32,308403,302,302,302,302,302,0,0,0.0,0.0
AY.33,335292,3385,3385,3385,3385,3385,0,0,0.0,0.0
AY.33.2,659861,28,28,28,28,28,0,0,0.0,0.0
AY.34,344313,1812,1812,1812,1812,1812,0,0,0.0,0.0
AY.34.1,376498,1635,1549,1549,1549,1549,86,86,0.052599388379204894,0.052599388379204894
AY.34.1.1,524254,12,9,9,9,9,3,3,0.25,0.25
AY.34.2,483317,204,204,204,204,204,0,0,0.0,0.0
AY.35,314919,296,296,296,296,296,0,0,0.0,0.0
AY.36,348025,3643,3643,3643,3643,3643,0,0,0.0,0.0
AY.36.1,677359,141,141,141,141,141,0,0,0.0,0.0
AY.37,308431,831,831,831,831,831,0,0,0.0,0.0
AY.38,238904,310,310,310,310,310,0,0,0.0,0.0
AY.39,273858,12971,12097,11951,12097,11951,874,874,0.06738108087271606,0.06738108087271606
AY.39.1,319149,2027,1788,1783,1788,1783,239,239,0.11790823877651702,0.11790823877651702
AY.39.1.2,490259,2,2,2,2,2,0,0,0.0,0.0
AY.39.2,360512,39,39,39,39,39,0,0,0.0,0.0
AY.39.3,591388,5,3,3,3,3,2,2,0.4,0.4
AY.4,175379,552697,550067,549804,551920,551663,2630,777,0.004758484305143687,0.0014058335760823743
AY.4.1,328324,1025,1025,1022,1025,1022,0,0,0.0,0.0
AY.4.10,918623,819,819,819,819,819,0,0,0.0,0.0
AY.4.11,365594,212,208,208,208,208,4,4,0.018867924528301886,0.018867924528301886
AY.4.12,401306,6,5,5,5,5,1,1,0.16666666666666666,0.16666666666666666
AY.4.13,781507,73,73,73,73,73,0,0,0.0,0.0
AY.4.14,368622,368,368,368,368,368,0,0,0.0,0.0
AY.4.15,568322,681,681,681,681,681,0,0,0.0,0.0
AY.4.17,634894,4,1,1,4,4,3,0,0.75,0.0
AY.4.2,308418,60080,60024,59797,60025,59798,56,55,0.0009320905459387483,0.0009154460719041278
AY.4.2.1,400217,12337,12337,12305,12337,12305,0,0,0.0,0.0
AY.4.2.2,387963,20666,19741,19725,20657,20641,925,9,0.04475950837123778,0.00043549791928771894
AY.4.2.3,479655,1255,1221,1220,1252,1251,34,3,0.027091633466135457,0.002390438247011952
AY.4.2.4,817693,2,1,1,1,1,1,1,0.5,0.5
AY.4.2.5,791259,578,571,571,578,578,7,0,0.012110726643598616,0.0
AY.4.3,285760,1131,941,941,1130,1129,190,1,0.16799292661361626,0.0008841732979664014
AY.4.4,365376,296,290,290,290,290,6,6,0.02027027027027027,0.02027027027027027
AY.4.5,315635,1790,1778,1778,1789,1789,12,1,0.0067039106145251395,0.0005586592178770949
AY.4.6,334510,7404,7404,7404,7404,7404,0,0,0.0,0.0
AY.4.7,299633,345,341,339,341,339,4,4,0.011594202898550725,0.011594202898550725
AY.4.8,365759,3166,3165,3164,3165,3164,1,1,0.0003158559696778269,0.0003158559696778269
AY.4.9,317042,624,374,374,438,438,250,186,0.40064102564102566,0.2980769230769231
AY.41,367180,268,268,268,268,268,0,0,0.0,0.0
AY.42,344386,2125,2125,1984,2125,1984,0,0,0.0,0.0
AY.42.1,375800,9,9,9,9,9,0,0,0.0,0.0
AY.43,381519,45161,45152,45002,45158,45157,9,3,0.00019928699541639912,6.642899847213304e-05
AY.43.1,797325,1,1,1,1,1,0,0,0.0,0.0
AY.43.2,344315,1,1,1,1,1,0,0,0.0,0.0
AY.43.3,672395,191,101,101,101,101,90,90,0.4712041884816754,0.4712041884816754
AY.43.4,762259,18,13,13,13,13,5,5,0.2777777777777778,0.2777777777777778
AY.43.5,3408461,66,66,66,66,66,0,0,0.0,0.0
AY.43.6,592637,3506,3504,3504,3504,3504,2,2,0.0005704506560182544,0.0005704506560182544
AY.43.7,798838,10,8,8,8,8,2,2,0.2,0.2
AY.43.8,415898,207,202,201,206,205,5,1,0.024154589371980676,0.004830917874396135
AY.43.9,657031,97,97,97,97,97,0,0,0.0,0.0
AY.44,275683,56690,56689,56661,56690,56687,1,0,1.7639795378373612e-05,0.0
AY.45,297623,749,749,749,749,749,0,0,0.0,0.0
AY.46,296704,2192,2162,2161,2192,2192,30,0,0.013686131386861315,0.0
AY.46.1,529234,490,490,489,490,489,0,0,0.0,0.0
AY.46.2,338204,58,58,58,58,58,0,0,0.0,0.0
AY.46.3,568713,1,1,1,1,1,0,0,0.0,0.0
AY.46.4,305699,1536,1536,1536,1536,1536,0,0,0.0,0.0
AY.46.5,302689,9614,9611,9609,9611,9609,3,3,0.00031204493447056374,0.00031204493447056374
AY.46.6,327726,1888,1873,1873,1873,1873,15,15,0.007944915254237288,0.007944915254237288
AY.47,358851,10303,10303,10293,10303,10293,0,0,0.0,0.0
AY.48,293074,312,312,312,312,312,0,0,0.0,0.0
AY.49,311704,36,36,36,36,36,0,0,0.0,0.0
AY.5,255927,32879,32856,32450,32879,32873,23,0,0.0006995346573800906,0.0
AY.5.1,318183,61,60,60,60,60,1,1,0.01639344262295082,0.01639344262295082
AY.5.2,315480,82,81,81,82,82,1,0,0.012195121951219513,0.0
AY.5.3,358880,614,612,612,614,614,2,0,0.003257328990228013,0.0
AY.5.4,367093,142,116,116,142,138,26,0,0.18309859154929578,0.0
AY.5.5,415546,100,96,96,96,96,4,4,0.04,0.04
AY.5.6,625856,2,2,2,2,2,0,0,0.0,0.0
AY.50,321525,14,14,14,14,14,0,0,0.0,0.0
AY.51,435011,94,94,94,94,94,0,0,0.0,0.0
AY.52,298747,183,183,183,183,183,0,0,0.0,0.0
AY.53,378286,169,169,169,169,169,0,0,0.0,0.0
AY.54,291897,2520,2520,2520,2520,2520,0,0,0.0,0.0
AY.55,285721,16,13,13,16,16,3,0,0.1875,0.0
AY.56,319478,109,109,109,109,109,0,0,0.0,0.0
AY.57,1432918,20,20,20,20,20,0,0,0.0,0.0
AY.58,274631,332,332,332,332,332,0,0,0.0,0.0
AY.59,486109,5,5,5,5,5,0,0,0.0,0.0
AY.6,262166,18440,18340,18336,18434,18430,100,6,0.005422993492407809,0.00032537960954446855
AY.60,369911,285,285,284,285,284,0,0,0.0,0.0
AY.61,479762,37,21,21,37,37,16,0,0.43243243243243246,0.0
AY.62,272490,465,465,465,465,465,0,0,0.0,0.0
AY.63,518189,113,113,113,113,113,0,0,0.0,0.0
AY.64,309222,522,522,522,522,522,0,0,0.0,0.0
AY.65,303105,148,148,148,148,148,0,0,0.0,0.0
AY.66,256062,19,19,19,19,19,0,0,0.0,0.0
AY.67,289038,459,459,458,459,458,0,0,0.0,0.0
AY.68,361931,202,202,202,202,202,0,0,0.0,0.0
AY.7,276954,3798,3798,3798,3798,3798,0,0,0.0,0.0
AY.7.1,320958,3728,3727,3726,3728,3727,1,0,0.0002682403433476395,0.0
AY.7.2,365306,120,116,116,120,120,4,0,0.03333333333333333,0.0
AY.70,260839,364,364,364,364,364,0,0,0.0,0.0
AY.71,259895,41,41,41,41,41,0,0,0.0,0.0
AY.72,444024,121,121,121,121,121,0,0,0.0,0.0
AY.73,361730,79,79,79,79,79,0,0,0.0,0.0
AY.74,489490,234,234,234,234,234,0,0,0.0,0.0
AY.75,283289,4841,4797,4714,4841,4758,44,0,0.0090890311919025,0.0
AY.75.2,443867,22,22,22,22,22,0,0,0.0,0.0
AY.77,394420,73,73,73,73,73,0,0,0.0,0.0
AY.78,422929,19,19,19,19,19,0,0,0.0,0.0
AY.79,420933,1,1,1,1,1,0,0,0.0,0.0
AY.8,263540,1378,1378,1377,1378,1377,0,0,0.0,0.0
AY.80,422727,848,846,846,846,846,2,2,0.0023584905660377358,0.0023584905660377358
AY.81,342126,50,50,50,50,50,0,0,0.0,0.0
AY.83,319761,126,126,126,126,126,0,0,0.0,0.0
AY.84,805217,40,26,26,26,26,14,14,0.35,0.35
AY.85,735125,43,43,43,43,43,0,0,0.0,0.0
AY.86,360682,23,23,23,23,23,0,0,0.0,0.0
AY.87,296654,734,734,734,734,734,0,0,0.0,0.0
AY.88,348065,306,306,306,306,306,0,0,0.0,0.0
AY.9,224158,9136,9110,9107,9136,9133,26,0,0.0028458844133099825,0.0
AY.9.2,249163,5536,5530,5529,5536,5535,6,0,0.001083815028901734,0.0
AY.9.2.2,832072,40,40,40,40,40,0,0,0.0,0.0
AY.90,277766,1344,1344,1344,1344,1344,0,0,0.0,0.0
AY.91,315469,188,188,188,188,188,0,0,0.0,0.0
AY.91.1,456746,107,107,107,107,107,0,0,0.0,0.0
AY.92,1893411,95,47,47,47,47,48,48,0.5052631578947369,0.5052631578947369
AY.94,298341,531,531,531,531,531,0,0,0.0,0.0
AY.95,288768,39,39,39,39,39,0,0,0.0,0.0
AY.98,275993,29196,29183,29181,29196,29196,13,0,0.0004452664748595698,0.0
AY.98.1,317104,3038,3038,3037,3038,3037,0,0,0.0,0.0
AY.98.1.1,822643,67,67,67,67,67,0,0,0.0,0.0
AY.99,329343,104,104,104,104,104,0,0,0.0,0.0
AY.99.2,323837,145,145,145,145,145,0,0,0.0,0.0
AZ.2,255727,38,38,38,38,38,0,0,0.0,0.0
AZ.3,185571,168,168,168,168,168,0,0,0.0,0.0
AZ.4,263154,52,52,52,52,52,0,0,0.0,0.0
B,1,802,802,802,0,0,0,802,0.0,1.0
B.1,12,10588,10568,10568,10572,10572,20,16,0.0018889308651303363,0.001511144692104269
B.1.1,118,9290,9286,9280,9290,9289,4,0,0.0004305705059203445,0.0
B.1.1.1,240,1102,1094,1094,1094,1094,8,8,0.007259528130671506,0.007259528130671506
B.1.1.10,931,276,275,275,276,276,1,0,0.0036231884057971015,0.0
B.1.1.101,23378,2,1,1,1,1,1,1,0.5,0.5
B.1.1.107,18411,22,20,20,22,22,2,0,0.09090909090909091,0.0
B.1.1.109,18814,19,19,19,19,19,0,0,0.0,0.0
B.1.1.111,13553,26,26,26,26,26,0,0,0.0,0.0
B.1.1.113,3811,13,13,13,13,13,0,0,0.0,0.0
B.1.1.114,6796,3,3,3,3,3,0,0,0.0,0.0
B.1.1.115,14932,87,87,87,87,87,0,0,0.0,0.0
B.1.1.117,17736,6,2,2,6,6,4,0,0.6666666666666666,0.0
B.1.1.118,22098,4,2,2,2,2,2,2,0.5,0.5
B.1.1.119,9869,19,19,19,19,19,0,0,0.0,0.0
B.1.1.12,30436,92,49,49,49,49,43,43,0.4673913043478261,0.4673913043478261
B.1.1.120,17833,25,25,25,25,25,0,0,0.0,0.0
B.1.1.121,18068,78,73,73,78,78,5,0,0.0641025641025641,0.0
B.1.1.122,7228,4,2,2,4,4,2,0,0.5,0.0
B.1.1.123,18127,38,38,38,38,38,0,0,0.0,0.0
B.1.1.125,18145,72,49,49,72,72,23,0,0.3194444444444444,0.0
B.1.1.128,20311,23,23,23,23,23,0,0,0.0,0.0
B.1.1.129,8225,3,3,3,3,3,0,0,0.0,0.0
B.1.1.13,693,18,18,18,18,18,0,0,0.0,0.0
B.1.1.130,26624,60,60,60,60,60,0,0,0.0,0.0
B.1.1.132,12902,52,51,51,52,52,1,0,0.019230769230769232,0.0
B.1.1.133,27649,12,12,12,12,12,0,0,0.0,0.0
B.1.1.134,5435,38,37,37,38,38,1,0,0.02631578947368421,0.0
B.1.1.135,13994,7,6,6,7,7,1,0,0.14285714285714285,0.0
B.1.1.136,18163,32,32,32,32,32,0,0,0.0,0.0
B.1.1.137,2335,50,50,50,50,50,0,0,0.0,0.0
B.1.1.138,22371,117,117,117,117,117,0,0,0.0,0.0
B.1.1.139,20583,29,29,29,29,29,0,0,0.0,0.0
B.1.1.14,10118,18,18,18,18,18,0,0,0.0,0.0
B.1.1.141,287025,5,4,4,4,4,1,1,0.2,0.2
B.1.1.142,1257,69,1,1,66,66,68,3,0.9855072463768116,0.043478260869565216
B.1.1.145,18577,20,20,20,20,20,0,0,0.0,0.0
B.1.1.148,29047,4,2,2,2,2,2,2,0.5,0.5
B.1.1.149,13785,57,57,57,57,57,0,0,0.0,0.0
B.1.1.15,21682,47,47,47,47,47,0,0,0.0,0.0
B.1.1.152,71127,1,1,1,1,1,0,0,0.0,0.0
B.1.1.153,126529,19,19,19,19,19,0,0,0.0,0.0
B.1.1.154,5888,19,19,19,19,19,0,0,0.0,0.0
B.1.1.155,18584,11,10,10,10,10,1,1,0.09090909090909091,0.09090909090909091
B.1.1.157,22361,232,232,232,232,232,0,0,0.0,0.0
B.1.1.158,28300,8,8,8,8,8,0,0,0.0,0.0
B.1.1.16,8764,3,3,3,3,3,0,0,0.0,0.0
B.1.1.160,13892,10,10,10,10,10,0,0,0.0,0.0
B.1.1.162,4472,4,4,4,4,4,0,0,0.0,0.0
B.1.1.164,1370,88,84,84,88,88,4,0,0.045454545454545456,0.0
B.1.1.165,30736,52,50,50,50,50,2,2,0.038461538461538464,0.038461538461538464
B.1.1.166,4991,17,17,17,17,17,0,0,0.0,0.0
B.1.1.168,7652,25,23,23,25,25,2,0,0.08,0.0
B.1.1.169,12312,1,1,1,1,1,0,0,0.0,0.0
B.1.1.170,29717,100,100,100,100,100,0,0,0.0,0.0
B.1.1.171,4502,173,173,173,173,173,0,0,0.0,0.0
B.1.1.172,10357,59,37,37,59,59,22,0,0.3728813559322034,0.0
B.1.1.174,15979,99,43,43,43,43,56,56,0.5656565656565656,0.5656565656565656
B.1.1.176,1371,594,590,590,594,594,4,0,0.006734006734006734,0.0
B.1.1.177,21513,2,1,1,2,2,1,0,0.5,0.0
B.1.1.178,13428,14,14,14,14,14,0,0,0.0,0.0
B.1.1.181,3346,63,63,63,63,63,0,0,0.0,0.0
B.1.1.182,79192,6,6,6,6,6,0,0,0.0,0.0
B.1.1.186,142649,18,18,18,18,18,0,0,0.0,0.0
B.1.1.187,28438,12,12,12,12,12,0,0,0.0,0.0
B.1.1.189,31995,44,33,33,33,33,11,11,0.25,0.25
B.1.1.190,3963,3,3,3,3,3,0,0,0.0,0.0
B.1.1.192,25427,50,17,17,17,17,33,33,0.66,0.66
B.1.1.194,5014,10,10,10,10,10,0,0,0.0,0.0
B.1.1.196,36202,113,113,113,113,113,0,0,0.0,0.0
B.1.1.197,8202,19,19,19,19,19,0,0,0.0,0.0
B.1.1.198,4147,390,385,385,390,390,5,0,0.01282051282051282,0.0
B.1.1.200,18236,94,92,92,94,94,2,0,0.02127659574468085,0.0
B.1.1.201,25378,2,2,2,2,2,0,0,0.0,0.0
B.1.1.203,18834,17,17,17,17,17,0,0,0.0,0.0
B.1.1.204,34157,63,62,62,62,62,1,1,0.015873015873015872,0.015873015873015872
B.1.1.205,16214,50,50,50,50,50,0,0,0.0,0.0
B.1.1.207,42908,102,102,102,102,102,0,0,0.0,0.0
B.1.1.208,1852,53,53,53,53,53,0,0,0.0,0.0
B.1.1.209,32277,14,14,14,14,14,0,0,0.0,0.0
B.1.1.210,21484,4,4,4,4,4,0,0,0.0,0.0
B.1.1.213,4610,37,37,37,37,37,0,0,0.0,0.0
B.1.1.216,33513,31,31,31,31,31,0,0,0.0,0.0
B.1.1.217,14590,216,216,216,216,216,0,0,0.0,0.0
B.1.1.218,29452,7,7,7,7,7,0,0,0.0,0.0
B.1.1.219,27098,2,2,2,2,2,0,0,0.0,0.0
B.1.1.220,2207,134,134,134,134,134,0,0,0.0,0.0
B.1.1.222,23004,617,564,564,564,564,53,53,0.08589951377633712,0.08589951377633712
B.1.1.225,29253,3,3,3,3,3,0,0,0.0,0.0
B.1.1.226,21691,4,4,4,4,4,0,0,0.0,0.0
B.1.1.227,19779,192,192,192,192,192,0,0,0.0,0.0
B.1.1.228,15811,55,55,55,55,55,0,0,0.0,0.0
B.1.1.231,67051,19,10,10,10,10,9,9,0.47368421052631576,0.47368421052631576
B.1.1.232,23112,15,15,15,15,15,0,0,0.0,0.0
B.1.1.236,37200,68,68,68,68,68,0,0,0.0,0.0
B.1.1.237,17173,125,125,125,125,125,0,0,0.0,0.0
B.1.1.239,27053,13,13,13,13,13,0,0,0.0,0.0
B.1.1.240,30651,146,146,146,146,146,0,0,0.0,0.0
B.1.1.241,27620,54,54,54,54,54,0,0,0.0,0.0
B.1.1.242,29760,1,1,1,1,1,0,0,0.0,0.0
B.1.1.243,75843,5,5,5,5,5,0,0,0.0,0.0
B.1.1.249,5930,7,7,7,7,7,0,0,0.0,0.0
B.1.1.25,14642,246,225,225,225,225,21,21,0.08536585365853659,0.08536585365853659
B.1.1.253,14923,292,289,289,292,292,3,0,0.010273972602739725,0.0
B.1.1.254,19715,5,5,5,5,5,0,0,0.0,0.0
B.1.1.255,16898,242,242,242,242,242,0,0,0.0,0.0
B.1.1.256,13355,54,54,54,54,54,0,0,0.0,0.0
B.1.1.257,230,26,26,26,26,26,0,0,0.0,0.0
B.1.1.258,20960,2,2,2,2,2,0,0,0.0,0.0
B.1.1.261,25226,3,3,3,3,3,0,0,0.0,0.0
B.1.1.262,12942,50,50,50,50,50,0,0,0.0,0.0
B.1.1.263,32478,2,2,2,2,2,0,0,0.0,0.0
B.1.1.265,73750,3,2,2,2,2,1,1,0.3333333333333333,0.3333333333333333
B.1.1.266,30257,3,2,2,2,2,1,1,0.3333333333333333,0.3333333333333333
B.1.1.268,22576,2,1,1,1,1,1,1,0.5,0.5
B.1.1.269,22233,144,144,144,144,144,0,0,0.0,0.0
B.1.1.270,2615,46,46,46,46,46,0,0,0.0,0.0
B.1.1.271,517,2,1,1,1,1,1,1,0.5,0.5
B.1.1.273,20878,5,5,5,5,5,0,0,0.0,0.0
B.1.1.274,18589,64,47,47,64,64,17,0,0.265625,0.0
B.1.1.275,5472,4,4,4,4,4,0,0,0.0,0.0
B.1.1.277,8776,205,191,191,205,205,14,0,0.06829268292682927,0.0
B.1.1.279,2344,675,675,675,675,675,0,0,0.0,0.0
B.1.1.28,2295,88,82,82,88,88,6,0,0.06818181818181818,0.0
B.1.1.280,32970,4,4,4,4,4,0,0,0.0,0.0
B.1.1.282,23703,1,1,1,1,1,0,0,0.0,0.0
B.1.1.285,21905,1,1,1,1,1,0,0,0.0,0.0
B.1.1.286,21364,265,265,265,265,265,0,0,0.0,0.0
B.1.1.289,2981,182,182,182,182,182,0,0,0.0,0.0
B.1.1.29,10736,28,28,28,28,28,0,0,0.0,0.0
B.1.1.294,15912,87,87,87,87,87,0,0,0.0,0.0
B.1.1.296,1380,36,36,36,36,36,0,0,0.0,0.0
B.1.1.297,60363,10,9,9,9,9,1,1,0.1,0.1
B.1.1.299,18586,63,63,63,63,63,0,0,0.0,0.0
B.1.1.3,1755,85,85,85,85,85,0,0,0.0,0.0
B.1.1.300,19882,79,79,79,79,79,0,0,0.0,0.0
B.1.1.301,17306,637,637,637,637,637,0,0,0.0,0.0
B.1.1.302,26018,25,24,24,25,25,1,0,0.04,0.0
B.1.1.303,21681,265,265,265,265,265,0,0,0.0,0.0
B.1.1.304,24581,15,15,15,15,15,0,0,0.0,0.0
B.1.1.305,27345,50,50,50,50,50,0,0,0.0,0.0
B.1.1.306,18382,13,12,12,13,13,1,0,0.07692307692307693,0.0
B.1.1.307,26326,1557,1557,1556,1557,1556,0,0,0.0,0.0
B.1.1.308,34699,60,60,58,60,58,0,0,0.0,0.0
B.1.1.309,28025,116,116,116,116,116,0,0,0.0,0.0
B.1.1.310,29850,47,47,47,47,47,0,0,0.0,0.0
B.1.1.311,108,1942,1940,1940,1942,1942,2,0,0.0010298661174047373,0.0
B.1.1.312,29791,176,176,176,176,176,0,0,0.0,0.0
B.1.1.315,36174,19,19,19,19,19,0,0,0.0,0.0
B.1.1.316,45631,268,268,268,268,268,0,0,0.0,0.0
B.1.1.317,39831,7,6,6,6,6,1,1,0.14285714285714285,0.14285714285714285
B.1.1.318,151340,792,792,792,792,792,0,0,0.0,0.0
B.1.1.319,1264,2,2,2,2,2,0,0,0.0,0.0
B.1.1.323,182,13,13,13,13,13,0,0,0.0,0.0
B.1.1.329,53901,1,1,1,1,1,0,0,0.0,0.0
B.1.1.33,309,97,95,95,97,97,2,0,0.020618556701030927,0.0
B.1.1.331,138,62,62,62,62,62,0,0,0.0,0.0
B.1.1.333,119134,79,79,79,79,79,0,0,0.0,0.0
B.1.1.339,1582,5,5,5,5,5,0,0,0.0,0.0
B.1.1.34,1555,12,11,11,11,11,1,1,0.08333333333333333,0.08333333333333333
B.1.1.342,21654,1,1,1,1,1,0,0,0.0,0.0
B.1.1.344,9007,17,17,17,17,17,0,0,0.0,0.0
B.1.1.348,163865,105,105,105,105,105,0,0,0.0,0.0
B.1.1.351,358842,18,18,18,18,18,0,0,0.0,0.0
B.1.1.354,72508,116,116,116,116,116,0,0,0.0,0.0
B.1.1.355,55264,23,23,23,23,23,0,0,0.0,0.0
B.1.1.356,21919,3,2,2,2,2,1,1,0.3333333333333333,0.3333333333333333
B.1.1.359,30050,7,6,6,6,6,1,1,0.14285714285714285,0.14285714285714285
B.1.1.360,9847,10,10,10,10,10,0,0,0.0,0.0
B.1.1.361,18278,12,12,12,12,12,0,0,0.0,0.0
B.1.1.362,21958,26,26,26,26,26,0,0,0.0,0.0
B.1.1.363,4669,78,78,78,78,78,0,0,0.0,0.0
B.1.1.364,31310,3,3,3,3,3,0,0,0.0,0.0
B.1.1.365,17983,142,91,91,91,91,51,51,0.3591549295774648,0.3591549295774648
B.1.1.366,4001,1,1,1,1,1,0,0,0.0,0.0
B.1.1.367,7636,1,1,1,1,1,0,0,0.0,0.0
B.1.1.368,84049,46,46,46,46,46,0,0,0.0,0.0
B.1.1.369,389,1379,1378,1378,1379,1379,1,0,0.0007251631617113851,0.0
B.1.1.37,16435,3511,3511,3511,3511,3511,0,0,0.0,0.0
B.1.1.370,19208,1,1,1,1,1,0,0,0.0,0.0
B.1.1.371,32485,20,20,20,20,20,0,0,0.0,0.0
B.1.1.372,260,701,700,700,701,701,1,0,0.0014265335235378032,0.0
B.1.1.376,17540,65,65,65,65,65,0,0,0.0,0.0
B.1.1.378,13996,23,19,19,23,23,4,0,0.17391304347826086,0.0
B.1.1.379,13612,4,4,4,4,4,0,0,0.0,0.0
B.1.1.38,17282,11,11,11,11,11,0,0,0.0,0.0
B.1.1.380,19687,9,9,9,9,9,0,0,0.0,0.0
B.1.1.382,21929,5,5,5,5,5,0,0,0.0,0.0
B.1.1.383,15599,6,5,5,5,5,1,1,0.16666666666666666,0.16666666666666666
B.1.1.386,9786,2,2,2,2,2,0,0,0.0,0.0
B.1.1.39,24091,58,58,58,58,58,0,0,0.0,0.0
B.1.1.391,21512,1,1,1,1,1,0,0,0.0,0.0
B.1.1.394,29698,19,19,19,19,19,0,0,0.0,0.0
B.1.1.395,13307,13,13,13,13,13,0,0,0.0,0.0
B.1.1.397,165229,81,78,78,78,78,3,3,0.037037037037037035,0.037037037037037035
B.1.1.398,27422,1,1,1,1,1,0,0,0.0,0.0
B.1.1.4,18582,267,267,267,267,267,0,0,0.0,0.0
B.1.1.40,14496,15,15,15,15,15,0,0,0.0,0.0
B.1.1.401,20359,2,2,2,2,2,0,0,0.0,0.0
B.1.1.402,12025,7,7,7,7,7,0,0,0.0,0.0
B.1.1.403,41569,7,7,7,7,7,0,0,0.0,0.0
B.1.1.406,24756,66,66,66,66,66,0,0,0.0,0.0
B.1.1.408,23977,24,24,24,24,24,0,0,0.0,0.0
B.1.1.41,1625,112,112,112,112,112,0,0,0.0,0.0
B.1.1.410,22276,3,2,2,3,3,1,0,0.3333333333333333,0.0
B.1.1.411,102213,1,1,1,1,1,0,0,0.0,0.0
B.1.1.412,24573,2,2,2,2,2,0,0,0.0,0.0
B.1.1.416,6301,272,272,272,272,272,0,0,0.0,0.0
B.1.1.418,41539,26,26,26,26,26,0,0,0.0,0.0
B.1.1.419,690,49,29,29,49,49,20,0,0.40816326530612246,0.0
B.1.1.421,22461,9,9,9,9,9,0,0,0.0,0.0
B.1.1.423,16617,10,10,10,10,10,0,0,0.0,0.0
B.1.1.426,20779,5,5,5,5,5,0,0,0.0,0.0
B.1.1.43,3318,54,54,54,54,54,0,0,0.0,0.0
B.1.1.432,26470,44,44,44,44,44,0,0,0.0,0.0
B.1.1.434,30225,265,265,265,265,265,0,0,0.0,0.0
B.1.1.438,4900,3,2,2,2,2,1,1,0.3333333333333333,0.3333333333333333
B.1.1.44,27052,218,197,197,197,197,21,21,0.0963302752293578,0.0963302752293578
B.1.1.440,21645,2,2,2,2,2,0,0,0.0,0.0
B.1.1.441,22125,1,1,1,1,1,0,0,0.0,0.0
B.1.1.448,15835,7,7,7,7,7,0,0,0.0,0.0
B.1.1.45,17424,57,37,37,37,37,20,20,0.3508771929824561,0.3508771929824561
B.1.1.450,67533,13,13,13,13,13,0,0,0.0,0.0
B.1.1.451,42986,5,5,5,5,5,0,0,0.0,0.0
B.1.1.453,36381,2,2,2,2,2,0,0,0.0,0.0
B.1.1.459,14593,22,22,22,22,22,0,0,0.0,0.0
B.1.1.462,2696,2,2,2,2,2,0,0,0.0,0.0
B.1.1.463,15167,12,5,5,5,5,7,7,0.5833333333333334,0.5833333333333334
B.1.1.464,10321,138,138,138,138,138,0,0,0.0,0.0
B.1.1.47,24767,6,4,4,4,4,2,2,0.3333333333333333,0.3333333333333333
B.1.1.480,11018,7,7,7,7,7,0,0,0.0,0.0
B.1.1.482,2409,3,2,2,3,3,1,0,0.3333333333333333,0.0
B.1.1.485,19023,18,17,17,18,18,1,0,0.05555555555555555,0.0
B.1.1.49,5216,6,6,6,6,6,0,0,0.0,0.0
B.1.1.5,2672,16,16,16,16,16,0,0,0.0,0.0
B.1.1.50,10077,36,36,36,36,36,0,0,0.0,0.0
B.1.1.507,55190,1,1,1,1,1,0,0,0.0,0.0
B.1.1.51,4605,467,467,467,467,467,0,0,0.0,0.0
B.1.1.512,25432,1,1,1,1,1,0,0,0.0,0.0
B.1.1.513,874,3,3,3,3,3,0,0,0.0,0.0
B.1.1.514,13691,8,8,8,8,8,0,0,0.0,0.0
B.1.1.517,76396,35,35,35,35,35,0,0,0.0,0.0
B.1.1.519,117064,3387,3387,3386,3387,3386,0,0,0.0,0.0
B.1.1.529,871728,1,1,1,1,1,0,0,0.0,0.0
B.1.1.54,22838,7,7,7,7,7,0,0,0.0,0.0
B.1.1.55,9137,58,58,58,58,58,0,0,0.0,0.0
B.1.1.56,22974,1,1,1,1,1,0,0,0.0,0.0
B.1.1.57,15003,24,22,22,24,24,2,0,0.08333333333333333,0.0
B.1.1.58,32432,1,1,1,1,1,0,0,0.0,0.0
B.1.1.59,18591,138,123,123,138,138,15,0,0.10869565217391304,0.0
B.1.1.61,10177,36,26,26,26,26,10,10,0.2777777777777778,0.2777777777777778
B.1.1.62,26171,6,6,6,6,6,0,0,0.0,0.0
B.1.1.63,29963,1,1,1,1,1,0,0,0.0,0.0
B.1.1.67,18515,170,170,170,170,170,0,0,0.0,0.0
B.1.1.7,94150,294459,294459,294454,294459,294454,0,0,0.0,0.0
B.1.1.70,25055,121,100,100,100,100,21,21,0.17355371900826447,0.17355371900826447
B.1.1.71,417,20,20,20,20,20,0,0,0.0,0.0
B.1.1.74,24212,195,192,192,195,195,3,0,0.015384615384615385,0.0
B.1.1.75,1342,4,4,4,4,4,0,0,0.0,0.0
B.1.1.77,21464,1,1,1,1,1,0,0,0.0,0.0
B.1.1.8,1105,125,125,125,125,125,0,0,0.0,0.0
B.1.1.82,7345,9,9,9,9,9,0,0,0.0,0.0
B.1.1.83,1638,222,218,218,222,222,4,0,0.018018018018018018,0.0
B.1.1.86,16609,18,18,18,18,18,0,0,0.0,0.0
B.1.1.88,1781,9,9,9,9,9,0,0,0.0,0.0
B.1.1.89,1641,84,81,81,84,84,3,0,0.03571428571428571,0.0
B.1.1.92,18841,23,23,23,23,23,0,0,0.0,0.0
B.1.1.93,20412,21,21,21,21,21,0,0,0.0,0.0
B.1.1.95,18146,20,20,20,20,20,0,0,0.0,0.0
B.1.1.97,14554,31,31,31,31,31,0,0,0.0,0.0
B.1.1.98,11197,2,2,2,2,2,0,0,0.0,0.0
B.1.1.99,8060,1,1,1,1,1,0,0,0.0,0.0
B.1.104,565,168,163,163,168,168,5,0,0.02976190476190476,0.0
B.1.105,2290,91,91,91,91,91,0,0,0.0,0.0
B.1.106,12046,8,8,8,8,8,0,0,0.0,0.0
B.1.108,8784,20,19,19,20,20,1,0,0.05,0.0
B.1.110,1156,68,68,68,68,68,0,0,0.0,0.0
B.1.110.2,7175,4,4,4,4,4,0,0,0.0,0.0
B.1.110.3,22575,394,394,394,394,394,0,0,0.0,0.0
B.1.111,911,27,27,27,27,27,0,0,0.0,0.0
B.1.112,7508,24,24,24,24,24,0,0,0.0,0.0
B.1.113,18792,10,10,10,10,10,0,0,0.0,0.0
B.1.115,2977,5,5,5,5,5,0,0,0.0,0.0
B.1.117,5610,61,61,61,61,61,0,0,0.0,0.0
B.1.12,18386,22,22,22,22,22,0,0,0.0,0.0
B.1.120,10952,33,33,33,33,33,0,0,0.0,0.0
B.1.126,2979,103,103,103,103,103,0,0,0.0,0.0
B.1.128,1529,28,28,28,28,28,0,0,0.0,0.0
B.1.13,361,196,196,196,196,196,0,0,0.0,0.0
B.1.137,8318,38,38,38,38,38,0,0,0.0,0.0
B.1.139,16821,334,334,334,334,334,0,0,0.0,0.0
B.1.14,4921,12,12,12,12,12,0,0,0.0,0.0
B.1.140,22998,6,6,6,6,6,0,0,0.0,0.0
B.1.142,544,137,137,137,137,137,0,0,0.0,0.0
B.1.143,13760,13,12,12,13,13,1,0,0.07692307692307693,0.0
B.1.145,13472,7,6,6,6,6,1,1,0.14285714285714285,0.14285714285714285
B.1.146,23252,4,4,4,4,4,0,0,0.0,0.0
B.1.147,1357,307,307,307,307,307,0,0,0.0,0.0
B.1.151,1745,31,31,31,31,31,0,0,0.0,0.0
B.1.153,543,18,17,17,18,18,1,0,0.05555555555555555,0.0
B.1.157,1067,62,61,60,62,61,1,0,0.016129032258064516,0.0
B.1.159,3482,1,1,1,1,1,0,0,0.0,0.0
B.1.160,28647,2423,2422,2418,2422,2418,1,1,0.0004127115146512588,0.0004127115146512588
B.1.160.10,59509,3,3,3,3,3,0,0,0.0,0.0
B.1.160.12,76202,1,1,1,1,1,0,0,0.0,0.0
B.1.160.16,108200,5,5,5,5,5,0,0,0.0,0.0
B.1.160.23,32434,146,143,143,146,146,3,0,0.02054794520547945,0.0
B.1.160.26,55927,13,13,13,13,13,0,0,0.0,0.0
B.1.160.28,140499,1,1,1,1,1,0,0,0.0,0.0
B.1.160.29,110349,1,1,1,1,1,0,0,0.0,0.0
B.1.160.30,167112,9,5,5,9,9,4,0,0.4444444444444444,0.0
B.1.160.33,52597,124,111,111,124,124,13,0,0.10483870967741936,0.0
B.1.160.7,39893,344,344,344,344,344,0,0,0.0,0.0
B.1.162,2971,18,18,18,18,18,0,0,0.0,0.0
B.1.163,7870,10,10,10,10,10,0,0,0.0,0.0
B.1.164,23893,8,8,8,8,8,0,0,0.0,0.0
B.1.165,13648,48,48,48,48,48,0,0,0.0,0.0
B.1.166,2781,30,22,22,30,30,8,0,0.26666666666666666,0.0
B.1.167,5912,20,20,20,20,20,0,0,0.0,0.0
B.1.168,14874,13,13,13,13,13,0,0,0.0,0.0
B.1.173,16522,32,30,30,32,32,2,0,0.0625,0.0
B.1.177,25441,32648,32594,32591,32648,32645,54,0,0.001654006370987503,0.0
B.1.177.10,32486,703,703,703,703,703,0,0,0.0,0.0
B.1.177.11,27068,804,804,804,804,804,0,0,0.0,0.0
B.1.177.12,121502,1,1,1,1,1,0,0,0.0,0.0
B.1.177.14,26422,48,48,48,48,48,0,0,0.0,0.0
B.1.177.15,31577,1148,1147,1147,1147,1147,1,1,0.0008710801393728223,0.0008710801393728223
B.1.177.16,33317,1058,1058,1058,1058,1058,0,0,0.0,0.0
B.1.177.17,31653,924,924,924,924,924,0,0,0.0,0.0
B.1.177.18,33842,511,504,504,511,511,7,0,0.0136986301369863,0.0
B.1.177.19,31847,351,351,351,351,351,0,0,0.0,0.0
B.1.177.2,31944,158,158,158,158,158,0,0,0.0,0.0
B.1.177.20,32020,460,460,460,460,460,0,0,0.0,0.0
B.1.177.21,32191,8,8,8,8,8,0,0,0.0,0.0
B.1.177.24,40284,2,2,2,2,2,0,0,0.0,0.0
B.1.177.26,44241,111,111,111,111,111,0,0,0.0,0.0
B.1.177.3,29993,105,105,105,105,105,0,0,0.0,0.0
B.1.177.30,51304,97,97,97,97,97,0,0,0.0,0.0
B.1.177.32,51990,117,117,117,117,117,0,0,0.0,0.0
B.1.177.33,50431,48,48,48,48,48,0,0,0.0,0.0
B.1.177.35,80329,6,6,6,6,6,0,0,0.0,0.0
B.1.177.38,55780,3,3,3,3,3,0,0,0.0,0.0
B.1.177.39,104925,2,2,2,2,2,0,0,0.0,0.0
B.1.177.4,31725,3158,3158,3157,3158,3157,0,0,0.0,0.0
B.1.177.41,35314,3,3,3,3,3,0,0,0.0,0.0
B.1.177.42,74967,2,1,1,1,1,1,1,0.5,0.5
B.1.177.43,55225,2,2,2,2,2,0,0,0.0,0.0
B.1.177.44,27622,57,56,56,56,56,1,1,0.017543859649122806,0.017543859649122806
B.1.177.47,72168,17,17,17,17,17,0,0,0.0,0.0
B.1.177.48,36973,241,239,239,241,241,2,0,0.008298755186721992,0.0
B.1.177.49,146215,1,1,1,1,1,0,0,0.0,0.0
B.1.177.5,30880,488,488,488,488,488,0,0,0.0,0.0
B.1.177.50,41573,3,3,3,3,3,0,0,0.0,0.0
B.1.177.51,57391,19,17,17,17,17,2,2,0.10526315789473684,0.10526315789473684
B.1.177.52,28934,189,189,189,189,189,0,0,0.0,0.0
B.1.177.53,26944,39,39,39,39,39,0,0,0.0,0.0
B.1.177.54,33945,942,942,942,942,942,0,0,0.0,0.0
B.1.177.55,36177,236,236,236,236,236,0,0,0.0,0.0
B.1.177.56,28264,950,933,933,950,950,17,0,0.017894736842105262,0.0
B.1.177.57,28740,2513,2499,2499,2513,2513,14,0,0.005571030640668524,0.0
B.1.177.58,37629,427,427,427,427,427,0,0,0.0,0.0
B.1.177.59,97362,1,1,1,1,1,0,0,0.0,0.0
B.1.177.6,35538,703,703,703,703,703,0,0,0.0,0.0
B.1.177.60,28726,479,429,429,479,479,50,0,0.10438413361169102,0.0
B.1.177.62,138269,10,10,10,10,10,0,0,0.0,0.0
B.1.177.63,43890,272,271,271,272,272,1,0,0.003676470588235294,0.0
B.1.177.65,35963,1239,1232,1232,1239,1239,7,0,0.005649717514124294,0.0
B.1.177.67,82052,2,2,2,2,2,0,0,0.0,0.0
B.1.177.69,34370,440,440,440,440,440,0,0,0.0,0.0
B.1.177.7,28952,4671,4617,4617,4671,4671,54,0,0.011560693641618497,0.0
B.1.177.72,59681,123,122,122,123,123,1,0,0.008130081300813009,0.0
B.1.177.73,100188,19,19,19,19,19,0,0,0.0,0.0
B.1.177.74,84302,2,2,2,2,2,0,0,0.0,0.0
B.1.177.75,57638,11,11,11,11,11,0,0,0.0,0.0
B.1.177.77,48784,36,36,36,36,36,0,0,0.0,0.0
B.1.177.8,31952,920,920,920,920,920,0,0,0.0,0.0
B.1.177.80,90017,13,13,13,13,13,0,0,0.0,0.0
B.1.177.81,28937,295,295,295,295,295,0,0,0.0,0.0
B.1.177.82,30302,198,198,198,198,198,0,0,0.0,0.0
B.1.177.83,31127,8,8,8,8,8,0,0,0.0,0.0
B.1.177.84,34270,95,95,95,95,95,0,0,0.0,0.0
B.1.177.85,59734,69,49,49,49,49,20,20,0.2898550724637681,0.2898550724637681
B.1.177.86,40264,62,62,62,62,62,0,0,0.0,0.0
B.1.177.87,30406,863,863,863,863,863,0,0,0.0,0.0
B.1.177.9,33259,391,391,390,391,390,0,0,0.0,0.0
B.1.178,45634,3,3,3,3,3,0,0,0.0,0.0
B.1.179,16987,8,8,8,8,8,0,0,0.0,0.0
B.1.180,26573,2,1,1,2,2,1,0,0.5,0.0
B.1.189,28928,9,9,9,9,9,0,0,0.0,0.0
B.1.194,19799,1,1,1,1,1,0,0,0.0,0.0
B.1.195,3353,2,2,2,2,2,0,0,0.0,0.0
B.1.198,6456,12,12,12,12,12,0,0,0.0,0.0
B.1.199,5557,31,29,29,31,31,2,0,0.06451612903225806,0.0
B.1.2,18326,16903,16870,16869,16898,16897,33,5,0.0019523161568952257,0.00029580547831745845
B.1.201,292,148,141,141,148,148,7,0,0.0472972972972973,0.0
B.1.205,2952,1,1,1,1,1,0,0,0.0,0.0
B.1.206,21178,28,28,28,28,28,0,0,0.0,0.0
B.1.210,16244,12,11,11,11,11,1,1,0.08333333333333333,0.08333333333333333
B.1.212,4792,3,3,3,3,3,0,0,0.0,0.0
B.1.213,26937,2,2,2,2,2,0,0,0.0,0.0
B.1.214,342465,28,28,28,28,28,0,0,0.0,0.0
B.1.215,2449,52,52,52,52,52,0,0,0.0,0.0
B.1.22,1140,10,10,10,10,10,0,0,0.0,0.0
B.1.220,16324,20,20,20,20,20,0,0,0.0,0.0
B.1.221,34752,580,580,544,580,544,0,0,0.0,0.0
B.1.221.1,34750,203,203,203,203,203,0,0,0.0,0.0
B.1.221.2,76935,1,1,1,1,1,0,0,0.0,0.0
B.1.222,1281,385,377,377,385,385,8,0,0.02077922077922078,0.0
B.1.223,982,148,95,95,96,96,53,52,0.3581081081081081,0.35135135135135137
B.1.224,11470,32,32,32,32,32,0,0,0.0,0.0
B.1.225,5708,93,93,93,93,93,0,0,0.0,0.0
B.1.229,1614,57,57,57,57,57,0,0,0.0,0.0
B.1.23,1796,45,45,45,45,45,0,0,0.0,0.0
B.1.231,14569,18,18,18,18,18,0,0,0.0,0.0
B.1.232,8152,408,408,408,408,408,0,0,0.0,0.0
B.1.234,33951,801,801,801,801,801,0,0,0.0,0.0
B.1.235,18678,304,206,206,304,304,98,0,0.3223684210526316,0.0
B.1.236,24198,58,58,58,58,58,0,0,0.0,0.0
B.1.237,17743,11,10,10,11,11,1,0,0.09090909090909091,0.0
B.1.238,16511,62,59,59,62,62,3,0,0.04838709677419355,0.0
B.1.239,17703,121,112,112,121,121,9,0,0.0743801652892562,0.0
B.1.240,16788,524,524,524,524,524,0,0,0.0,0.0
B.1.241,13478,232,231,231,232,232,1,0,0.004310344827586207,0.0
B.1.242,22462,29,27,27,27,27,2,2,0.06896551724137931,0.06896551724137931
B.1.243,11009,2131,2114,2114,2131,2131,17,0,0.007977475363679024,0.0
B.1.245,18311,4,4,4,4,4,0,0,0.0,0.0
B.1.247,14250,6,6,6,6,6,0,0,0.0,0.0
B.1.248,3905,29,29,29,29,29,0,0,0.0,0.0
B.1.249,16077,9,9,9,9,9,0,0,0.0,0.0
B.1.250,4112,30,30,30,30,30,0,0,0.0,0.0
B.1.251,18149,36,36,36,36,36,0,0,0.0,0.0
B.1.252,3915,44,44,44,44,44,0,0,0.0,0.0
B.1.254,7420,30,30,30,30,30,0,0,0.0,0.0
B.1.256,3599,42,42,42,42,42,0,0,0.0,0.0
B.1.258,24341,1827,1826,1826,1827,1827,1,0,0.0005473453749315818,0.0
B.1.258.10,35438,72,72,72,72,72,0,0,0.0,0.0
B.1.258.11,90565,1,1,1,1,1,0,0,0.0,0.0
B.1.258.12,40337,67,67,67,67,67,0,0,0.0,0.0
B.1.258.14,57405,1,1,1,1,1,0,0,0.0,0.0
B.1.258.2,23078,24,24,24,24,24,0,0,0.0,0.0
B.1.258.20,114290,5,5,5,5,5,0,0,0.0,0.0
B.1.258.23,98778,3,3,3,3,3,0,0,0.0,0.0
B.1.258.3,53932,317,317,317,317,317,0,0,0.0,0.0
B.1.258.4,31959,173,173,173,173,173,0,0,0.0,0.0
B.1.258.5,33668,60,60,60,60,60,0,0,0.0,0.0
B.1.258.6,33222,37,37,37,37,37,0,0,0.0,0.0
B.1.258.7,31370,363,363,363,363,363,0,0,0.0,0.0
B.1.264,4476,17,15,15,16,16,2,1,0.11764705882352941,0.058823529411764705
B.1.264.1,65120,4,4,4,4,4,0,0,0.0,0.0
B.1.265,45659,26,26,26,26,26,0,0,0.0,0.0
B.1.267,2427,23,23,23,23,23,0,0,0.0,0.0
B.1.268,1235,6,6,6,6,6,0,0,0.0,0.0
B.1.270,1133,5,5,5,5,5,0,0,0.0,0.0
B.1.274,11318,12,10,10,12,12,2,0,0.16666666666666666,0.0
B.1.276,16495,27,24,24,24,24,3,3,0.1111111111111111,0.1111111111111111
B.1.277,4109,11,11,11,11,11,0,0,0.0,0.0
B.1.280,42247,47,19,19,47,47,28,0,0.5957446808510638,0.0
B.1.282,18815,54,54,54,54,54,0,0,0.0,0.0
B.1.287,20141,27,23,23,23,23,4,4,0.14814814814814814,0.14814814814814814
B.1.289,10803,50,47,47,50,50,3,0,0.06,0.0
B.1.293,39431,3,3,3,3,3,0,0,0.0,0.0
B.1.294,32164,3,3,3,3,3,0,0,0.0,0.0
B.1.298,124639,7,7,7,7,7,0,0,0.0,0.0
B.1.3,17170,28,28,28,28,28,0,0,0.0,0.0
B.1.301,12594,46,45,45,45,45,1,1,0.021739130434782608,0.021739130434782608
B.1.302,6754,2,1,1,2,2,1,0,0.5,0.0
B.1.304,20296,21,21,21,21,21,0,0,0.0,0.0
B.1.305,21204,131,131,131,131,131,0,0,0.0,0.0
B.1.306,148030,1,1,1,1,1,0,0,0.0,0.0
B.1.308,1574,2,2,2,2,2,0,0,0.0,0.0
B.1.309,24072,5,5,5,5,5,0,0,0.0,0.0
B.1.311,32475,605,597,597,597,597,8,8,0.013223140495867768,0.013223140495867768
B.1.313,20297,26,26,26,26,26,0,0,0.0,0.0
B.1.314,324,31,31,31,31,31,0,0,0.0,0.0
B.1.315,25673,1,1,1,1,1,0,0,0.0,0.0
B.1.316,13089,1,1,1,1,1,0,0,0.0,0.0
B.1.319,1782,32,32,32,32,32,0,0,0.0,0.0
B.1.320,327,424,421,421,424,424,3,0,0.007075471698113208,0.0
B.1.321,5158,5,5,5,5,5,0,0,0.0,0.0
B.1.323,16161,2,2,2,2,2,0,0,0.0,0.0
B.1.324,22175,78,71,71,78,78,7,0,0.08974358974358974,0.0
B.1.332,929,38,38,38,38,38,0,0,0.0,0.0
B.1.334,2414,1,1,1,1,1,0,0,0.0,0.0
B.1.336,1468,67,67,67,67,67,0,0,0.0,0.0
B.1.337,69887,11,11,11,11,11,0,0,0.0,0.0
B.1.338,4625,50,50,50,50,50,0,0,0.0,0.0
B.1.340,24076,8,8,8,8,8,0,0,0.0,0.0
B.1.341,15480,3,3,3,3,3,0,0,0.0,0.0
B.1.344,564,5,5,5,5,5,0,0,0.0,0.0
B.1.346,29517,138,137,137,137,137,1,1,0.007246376811594203,0.007246376811594203
B.1.348,73033,13,13,13,13,13,0,0,0.0,0.0
B.1.349,32988,71,71,71,71,71,0,0,0.0,0.0
B.1.35,1523,49,49,49,49,49,0,0,0.0,0.0
B.1.350,1159,107,103,103,107,107,4,0,0.037383177570093455,0.0
B.1.350.1,17286,5,5,5,5,5,0,0,0.0,0.0
B.1.351,67962,3227,3227,3227,3227,3227,0,0,0.0,0.0
B.1.351.2,74461,16,16,16,16,16,0,0,0.0,0.0
B.1.351.3,303092,214,214,214,214,214,0,0,0.0,0.0
B.1.351.5,447511,4,4,4,4,4,0,0,0.0,0.0
B.1.355,22460,22,22,22,22,22,0,0,0.0,0.0
B.1.356,9030,73,73,73,73,73,0,0,0.0,0.0
B.1.359,367,3,3,3,3,3,0,0,0.0,0.0
B.1.36,16240,139,139,139,139,139,0,0,0.0,0.0
B.1.36.1,38826,45,42,42,45,45,3,0,0.06666666666666667,0.0
B.1.36.10,38687,19,19,19,19,19,0,0,0.0,0.0
B.1.36.12,19619,65,65,65,65,65,0,0,0.0,0.0
B.1.36.16,30494,234,234,234,234,234,0,0,0.0,0.0
B.1.36.17,24681,1387,1387,1387,1387,1387,0,0,0.0,0.0
B.1.36.18,81248,55,55,55,55,55,0,0,0.0,0.0
B.1.36.2,44493,64,64,64,64,64,0,0,0.0,0.0
B.1.36.20,29383,38,38,38,38,38,0,0,0.0,0.0
B.1.36.21,61813,65,65,65,65,65,0,0,0.0,0.0
B.1.36.22,58578,130,129,129,130,130,1,0,0.007692307692307693,0.0
B.1.36.28,37483,109,109,109,109,109,0,0,0.0,0.0
B.1.36.35,37699,32,32,32,32,32,0,0,0.0,0.0
B.1.36.38,33518,12,12,12,12,12,0,0,0.0,0.0
B.1.36.39,35863,164,164,164,164,164,0,0,0.0,0.0
B.1.36.7,47749,68,61,61,61,61,7,7,0.10294117647058823,0.10294117647058823
B.1.36.8,12583,86,86,86,86,86,0,0,0.0,0.0
B.1.36.9,32397,167,167,167,167,167,0,0,0.0,0.0
B.1.360,16893,1,1,1,1,1,0,0,0.0,0.0
B.1.362,38831,1,1,1,1,1,0,0,0.0,0.0
B.1.362.1,38796,9,9,9,9,9,0,0,0.0,0.0
B.1.362.2,37830,125,125,125,125,125,0,0,0.0,0.0
B.1.363,33757,11,10,10,11,11,1,0,0.09090909090909091,0.0
B.1.366,19463,14,9,9,14,14,5,0,0.35714285714285715,0.0
B.1.367,29447,174,174,174,174,174,0,0,0.0,0.0
B.1.369,2784,464,444,444,464,464,20,0,0.04310344827586207,0.0
B.1.37,873,3,3,3,3,3,0,0,0.0,0.0
B.1.370,1341,29,29,29,29,29,0,0,0.0,0.0
B.1.372,19609,2,2,2,2,2,0,0,0.0,0.0
B.1.375,75691,156,156,154,156,154,0,0,0.0,0.0
B.1.378,1798,7,7,7,7,7,0,0,0.0,0.0
B.1.379,1293,31,31,31,31,31,0,0,0.0,0.0
B.1.380,28154,94,94,94,94,94,0,0,0.0,0.0
B.1.381,15819,26,26,26,26,26,0,0,0.0,0.0
B.1.382,844,46,46,46,46,46,0,0,0.0,0.0
B.1.383,4999,36,32,32,36,36,4,0,0.1111111111111111,0.0
B.1.384,1285,109,109,109,109,109,0,0,0.0,0.0
B.1.389,28440,582,582,582,582,582,0,0,0.0,0.0
B.1.39,7166,4,4,4,4,4,0,0,0.0,0.0
B.1.390,12079,52,52,52,52,52,0,0,0.0,0.0
B.1.391,490,456,456,456,456,456,0,0,0.0,0.0
B.1.395,193,31,31,31,31,31,0,0,0.0,0.0
B.1.396,21333,65,65,65,65,65,0,0,0.0,0.0
B.1.397,17543,23,23,23,23,23,0,0,0.0,0.0
B.1.398,20611,1,1,1,1,1,0,0,0.0,0.0
B.1.399,20701,154,134,134,152,152,20,2,0.12987012987012986,0.012987012987012988
B.1.40,6695,31,31,31,31,31,0,0,0.0,0.0
B.1.400,17630,353,353,353,353,353,0,0,0.0,0.0
B.1.400.1,88591,10,10,10,10,10,0,0,0.0,0.0
B.1.401,19881,86,86,86,86,86,0,0,0.0,0.0
B.1.402,21135,44,44,44,44,44,0,0,0.0,0.0
B.1.403,24589,63,63,63,63,63,0,0,0.0,0.0
B.1.404,86350,74,74,74,74,74,0,0,0.0,0.0
B.1.405,19487,16,16,16,16,16,0,0,0.0,0.0
B.1.406,56998,3,2,2,2,2,1,1,0.3333333333333333,0.3333333333333333
B.1.407,18976,19,19,19,19,19,0,0,0.0,0.0
B.1.408,76479,40,40,40,40,40,0,0,0.0,0.0
B.1.409,110586,65,65,65,65,65,0,0,0.0,0.0
B.1.413,4108,15,13,13,15,15,2,0,0.13333333333333333,0.0
B.1.415,1196,4,4,4,4,4,0,0,0.0,0.0
B.1.416,28930,25,24,24,24,24,1,1,0.04,0.04
B.1.416.1,29250,69,69,69,69,69,0,0,0.0,0.0
B.1.418,12189,12,12,12,12,12,0,0,0.0,0.0
B.1.422,13348,148,104,104,104,104,44,44,0.2972972972972973,0.2972972972972973
B.1.425,16242,18,18,18,18,18,0,0,0.0,0.0
B.1.426,7481,380,380,377,380,377,0,0,0.0,0.0
B.1.427,55814,4056,4056,4056,4056,4056,0,0,0.0,0.0
B.1.428,1425,1,1,1,1,1,0,0,0.0,0.0
B.1.429,55833,7619,7619,7619,7619,7619,0,0,0.0,0.0
B.1.429.1,127205,10,10,10,10,10,0,0,0.0,0.0
B.1.431,6303,14,14,14,14,14,0,0,0.0,0.0
B.1.433,33915,46,46,46,46,46,0,0,0.0,0.0
B.1.435,13473,14,14,14,14,14,0,0,0.0,0.0
B.1.436,40334,9,9,9,9,9,0,0,0.0,0.0
B.1.438,21004,4,4,4,4,4,0,0,0.0,0.0
B.1.439,5727,38,38,38,38,38,0,0,0.0,0.0
B.1.44,3970,43,43,43,43,43,0,0,0.0,0.0
B.1.441,28014,18,18,18,18,18,0,0,0.0,0.0
B.1.442,13768,8,8,8,8,8,0,0,0.0,0.0
B.1.443,16023,25,25,25,25,25,0,0,0.0,0.0
B.1.445,10572,15,15,15,15,15,0,0,0.0,0.0
B.1.448,60003,122,122,122,122,122,0,0,0.0,0.0
B.1.451,17841,4,3,3,4,4,1,0,0.25,0.0
B.1.452,15519,36,35,35,35,35,1,1,0.027777777777777776,0.027777777777777776
B.1.453,13022,133,131,131,133,133,2,0,0.015037593984962405,0.0
B.1.465,1966,158,158,158,158,158,0,0,0.0,0.0
B.1.466,23156,2,2,2,2,2,0,0,0.0,0.0
B.1.467,32172,1,1,1,1,1,0,0,0.0,0.0
B.1.468,20519,2,2,2,2,2,0,0,0.0,0.0
B.1.469,96527,42,41,41,41,41,1,1,0.023809523809523808,0.023809523809523808
B.1.471,22237,170,170,170,170,170,0,0,0.0,0.0
B.1.479,9903,1,1,1,1,1,0,0,0.0,0.0
B.1.480,28294,31,31,31,31,31,0,0,0.0,0.0
B.1.482,18427,1,1,1,1,1,0,0,0.0,0.0
B.1.483,16834,3,3,3,3,3,0,0,0.0,0.0
B.1.489,6308,8,8,8,8,8,0,0,0.0,0.0
B.1.491,14742,6,6,6,6,6,0,0,0.0,0.0
B.1.492,11026,42,42,42,42,42,0,0,0.0,0.0
B.1.498,67060,1,1,1,1,1,0,0,0.0,0.0
B.1.499,3480,2,2,2,2,2,0,0,0.0,0.0
B.1.503,8858,212,212,212,212,212,0,0,0.0,0.0
B.1.504,24873,1,1,1,1,1,0,0,0.0,0.0
B.1.505,22809,134,134,134,134,134,0,0,0.0,0.0
B.1.506,11187,1,1,1,1,1,0,0,0.0,0.0
B.1.508,15817,26,26,26,26,26,0,0,0.0,0.0
B.1.509,22600,36,36,36,36,36,0,0,0.0,0.0
B.1.510,371,1,1,1,1,1,0,0,0.0,0.0
B.1.511,21818,2,1,1,1,1,1,1,0.5,0.5
B.1.513,505,53,53,53,53,53,0,0,0.0,0.0
B.1.515,10678,31,31,31,31,31,0,0,0.0,0.0
B.1.516,16663,139,139,139,139,139,0,0,0.0,0.0
B.1.517,32645,524,524,524,524,524,0,0,0.0,0.0
B.1.518,16785,5,3,3,3,3,2,2,0.4,0.4
B.1.520,21660,3,1,1,1,1,2,2,0.6666666666666666,0.6666666666666666
B.1.523,17181,92,2,2,92,92,90,0,0.9782608695652174,0.0
B.1.525,130168,835,835,835,835,835,0,0,0.0,0.0
B.1.526,151400,10442,10442,10423,10442,10423,0,0,0.0,0.0
B.1.532,23179,120,118,118,120,120,2,0,0.016666666666666666,0.0
B.1.533,6295,7,4,4,6,6,3,1,0.42857142857142855,0.14285714285714285
B.1.535,10469,1,1,1,1,1,0,0,0.0,0.0
B.1.539,163780,5,5,5,5,5,0,0,0.0,0.0
B.1.541,94803,5,5,5,5,5,0,0,0.0,0.0
B.1.546,21132,11,11,11,11,11,0,0,0.0,0.0
B.1.547,1808,4,4,4,4,4,0,0,0.0,0.0
B.1.551,73754,151,151,151,151,151,0,0,0.0,0.0
B.1.552,5637,6,6,6,6,6,0,0,0.0,0.0
B.1.554,21071,8,8,8,8,8,0,0,0.0,0.0
B.1.555,1044,2,1,1,1,1,1,1,0.5,0.5
B.1.556,19390,25,25,25,25,25,0,0,0.0,0.0
B.1.557,7457,14,14,14,14,14,0,0,0.0,0.0
B.1.558,17414,17,17,17,17,17,0,0,0.0,0.0
B.1.559,4309,27,27,27,27,27,0,0,0.0,0.0
B.1.560,75729,101,38,38,100,100,63,1,0.6237623762376238,0.009900990099009901
B.1.561,64664,335,335,335,335,335,0,0,0.0,0.0
B.1.564,3741,74,74,74,74,74,0,0,0.0,0.0
B.1.564.1,29785,7,7,7,7,7,0,0,0.0,0.0
B.1.565,31806,143,143,143,143,143,0,0,0.0,0.0
B.1.568,203605,114,114,114,114,114,0,0,0.0,0.0
B.1.571,22521,1,1,1,1,1,0,0,0.0,0.0
B.1.572,10780,2,1,1,1,1,1,1,0.5,0.5
B.1.574,25448,40,37,37,40,40,3,0,0.075,0.0
B.1.576,4935,31,4,4,4,4,27,27,0.8709677419354839,0.8709677419354839
B.1.577,85328,121,79,79,121,121,42,0,0.34710743801652894,0.0
B.1.579,10918,26,26,26,26,26,0,0,0.0,0.0
B.1.581,22605,16,16,16,16,16,0,0,0.0,0.0
B.1.582,18170,63,63,63,63,63,0,0,0.0,0.0
B.1.586,3451,4,2,2,2,2,2,2,0.5,0.5
B.1.587,72453,18,18,18,18,18,0,0,0.0,0.0
B.1.588,75178,74,74,74,74,74,0,0,0.0,0.0
B.1.589,21692,2,2,2,2,2,0,0,0.0,0.0
B.1.590,22234,3,2,2,2,2,1,1,0.3333333333333333,0.3333333333333333
B.1.591,45845,9,9,9,9,9,0,0,0.0,0.0
B.1.592,6939,9,9,9,9,9,0,0,0.0,0.0
B.1.595,5410,271,271,271,271,271,0,0,0.0,0.0
B.1.595.2,20867,1,1,1,1,1,0,0,0.0,0.0
B.1.595.4,36396,1,1,1,1,1,0,0,0.0,0.0
B.1.596,44213,404,368,368,404,404,36,0,0.0891089108910891,0.0
B.1.597,3709,1,1,1,1,1,0,0,0.0,0.0
B.1.598,15885,20,20,20,20,20,0,0,0.0,0.0
B.1.6,8478,2,2,2,2,2,0,0,0.0,0.0
B.1.600,28189,1,1,1,1,1,0,0,0.0,0.0
B.1.602,28156,52,52,52,52,52,0,0,0.0,0.0
B.1.605,101836,19,19,19,19,19,0,0,0.0,0.0
B.1.607,8479,14,14,14,14,14,0,0,0.0,0.0
B.1.609,16248,122,121,121,122,122,1,0,0.00819672131147541,0.0
B.1.610,27215,205,205,205,205,205,0,0,0.0,0.0
B.1.617,167120,189,189,189,189,189,0,0,0.0,0.0
B.1.617.1,187689,306,295,295,306,306,11,0,0.03594771241830065,0.0
B.1.617.2,167136,22794,22794,22790,22794,22790,0,0,0.0,0.0
B.1.617.3,212181,19,19,19,19,19,0,0,0.0,0.0
B.1.621,235174,948,948,948,948,948,0,0,0.0,0.0
B.1.621.1,274403,365,365,365,365,365,0,0,0.0,0.0
B.1.627,207653,92,50,50,92,92,42,0,0.45652173913043476,0.0
B.1.631,263164,52,52,52,52,52,0,0,0.0,0.0
B.1.634,218128,59,59,59,59,59,0,0,0.0,0.0
B.1.637,159836,3282,3282,3282,3282,3282,0,0,0.0,0.0
B.1.67,2720,8,8,8,8,8,0,0,0.0,0.0
B.1.69,2715,2,2,2,2,2,0,0,0.0,0.0
B.1.70,994,30,30,30,30,30,0,0,0.0,0.0
B.1.76,127,50,38,38,50,50,12,0,0.24,0.0
B.1.77,16426,15,15,15,15,15,0,0,0.0,0.0
B.1.78,81307,3,3,3,3,3,0,0,0.0,0.0
B.1.8,1041,64,64,64,64,64,0,0,0.0,0.0
B.1.81,1045,26,26,26,26,26,0,0,0.0,0.0
B.1.9,10594,2,2,2,2,2,0,0,0.0,0.0
B.1.9.1,10959,6,6,6,6,6,0,0,0.0,0.0
B.1.9.2,14459,1,1,1,1,1,0,0,0.0,0.0
B.1.9.4,26817,1,1,1,1,1,0,0,0.0,0.0
B.1.9.5,31357,2,2,2,2,2,0,0,0.0,0.0
B.1.91,184,175,175,175,175,175,0,0,0.0,0.0
B.1.93,1157,656,656,656,656,656,0,0,0.0,0.0
B.1.97,2584,36,36,36,36,36,0,0,0.0,0.0
B.10,606,84,84,84,84,84,0,0,0.0,0.0
B.11,1359,9,9,9,9,9,0,0,0.0,0.0
B.15,1784,15,15,15,15,15,0,0,0.0,0.0
B.18,12378,3,2,2,3,3,1,0,0.3333333333333333,0.0
B.19,15795,1,1,1,1,1,0,0,0.0,0.0
B.20,7965,13,13,13,13,13,0,0,0.0,0.0
B.23,1353,103,102,102,103,103,1,0,0.009708737864077669,0.0
B.26,2301,41,41,41,41,41,0,0,0.0,0.0
B.27,322,40,40,40,40,40,0,0,0.0,0.0
B.28,829,138,136,136,138,138,2,0,0.014492753623188406,0.0
B.29,191,72,72,72,72,72,0,0,0.0,0.0
B.3,129,277,277,277,277,277,0,0,0.0,0.0
B.3.1,486,169,169,169,169,169,0,0,0.0,0.0
B.31,444,66,66,66,66,66,0,0,0.0,0.0
B.32,2297,18,18,18,18,18,0,0,0.0,0.0
B.33,1298,317,48,48,317,317,269,0,0.8485804416403786,0.0
B.34,1302,32,32,32,32,32,0,0,0.0,0.0
B.35,520,36,36,36,36,36,0,0,0.0,0.0
B.36,5889,2,2,2,2,2,0,0,0.0,0.0
B.37,10194,1,1,1,1,1,0,0,0.0,0.0
B.39,131,138,138,138,138,138,0,0,0.0,0.0
B.4,50,53,53,53,53,53,0,0,0.0,0.0
B.4.4,304,3,3,3,3,3,0,0,0.0,0.0
B.4.5,603,42,42,42,42,42,0,0,0.0,0.0
B.4.6,6257,1,1,1,1,1,0,0,0.0,0.0
B.4.7,13861,5,5,5,5,5,0,0,0.0,0.0
B.40,106,1013,1013,1013,1013,1013,0,0,0.0,0.0
B.44,1024,2,2,2,2,2,0,0,0.0,0.0
B.45,1179,223,223,223,223,223,0,0,0.0,0.0
B.46,9105,14,14,14,14,14,0,0,0.0,0.0
B.47,300,8,8,8,8,8,0,0,0.0,0.0
B.5,128,1,1,1,1,1,0,0,0.0,0.0
B.51,4977,1,1,1,1,1,0,0,0.0,0.0
B.52,1102,50,50,50,50,50,0,0,0.0,0.0
B.55,69,31,31,31,31,31,0,0,0.0,0.0
B.57,602,32,32,32,32,32,0,0,0.0,0.0
B.58,239,30,30,30,30,30,0,0,0.0,0.0
B.6,323,40,40,40,40,40,0,0,0.0,0.0
B.6.6,672,12,12,12,12,12,0,0,0.0,0.0
B.60,3746,13,13,13,13,13,0,0,0.0,0.0
B.61,281,57,54,54,57,57,3,0,0.05263157894736842,0.0
BA.1,1149197,84043,84043,84029,84043,84040,0,0,0.0,0.0
BA.1.1,903395,177608,157125,156998,177067,177059,20483,541,0.11532701229674339,0.0030460339624341247
BA.1.1.1,1025691,3928,3887,3885,3903,3901,41,25,0.010437881873727087,0.006364562118126273
BA.1.1.10,966553,402,254,254,350,350,148,52,0.3681592039800995,0.12935323383084577
BA.1.1.11,1052428,195,155,155,178,178,40,17,0.20512820512820512,0.08717948717948718
BA.1.1.12,991519,1937,1863,1863,1919,1919,74,18,0.03820340733092411,0.009292720702116675
BA.1.1.13,956102,3518,3015,3015,3509,3509,503,9,0.14297896532120524,0.002558271745309835
BA.1.1.14,961184,5019,4643,4640,4933,4930,376,86,0.07491532177724647,0.017134887427774456
BA.1.1.15,1025613,5038,5017,5016,5025,5024,21,13,0.004168320762207225,0.0025803890432711395
BA.1.1.16,1070133,193,70,70,151,151,123,42,0.6373056994818653,0.21761658031088082
BA.1.1.17,1045340,99,68,68,68,68,31,31,0.31313131313131315,0.31313131313131315
BA.1.1.18,998290,19362,9511,9496,10201,10184,9851,9161,0.5087800847019937,0.4731432703233137
BA.1.1.2,1016716,823,576,576,638,637,247,185,0.3001215066828676,0.22478736330498178
BA.1.1.3,1104857,3,3,3,3,3,0,0,0.0,0.0
BA.1.1.4,1041781,768,768,768,768,768,0,0,0.0,0.0
BA.1.1.5,1391703,1,1,1,1,1,0,0,0.0,0.0
BA.1.1.6,980233,19,14,14,18,18,5,1,0.2631578947368421,0.05263157894736842
BA.1.1.7,1111642,97,69,69,82,82,28,15,0.28865979381443296,0.15463917525773196
BA.1.1.8,935849,393,243,243,243,243,150,150,0.3816793893129771,0.3816793893129771
BA.1.1.9,1127328,23,12,12,23,23,11,0,0.4782608695652174,0.0
BA.1.10,980541,593,575,575,589,589,18,4,0.03035413153456998,0.006745362563237774
BA.1.12,1002804,822,802,802,821,821,20,1,0.024330900243309004,0.0012165450121654502
BA.1.13,903392,185,147,147,185,185,38,0,0.20540540540540542,0.0
BA.1.13.1,1274080,7,4,4,4,4,3,3,0.42857142857142855,0.42857142857142855
BA.1.14,938112,826,727,726,802,802,99,24,0.1198547215496368,0.029055690072639227
BA.1.14.1,1058807,85,68,67,83,82,17,2,0.2,0.023529411764705882
BA.1.14.2,1047648,14,10,10,10,10,4,4,0.2857142857142857,0.2857142857142857
BA.1.15,926284,27920,24667,24661,24674,24668,3253,3246,0.11651146131805158,0.11626074498567335
BA.1.15.1,960619,12800,11904,11904,12749,12749,896,51,0.07,0.003984375
BA.1.15.2,1017076,477,383,383,397,397,94,80,0.1970649895178197,0.16771488469601678
BA.1.15.3,1063901,10,9,9,9,9,1,1,0.1,0.1
BA.1.16,976291,4318,4118,4118,4230,4230,200,88,0.04631773969430292,0.020379805465493284
BA.1.16.1,1201007,1,1,1,1,1,0,0,0.0,0.0
BA.1.16.2,1081819,5,5,5,5,5,0,0,0.0,0.0
BA.1.17,903389,7713,7352,7350,7688,7687,361,25,0.04680409697912615,0.003241280954233113
BA.1.17.2,937732,49488,43633,43626,45377,45370,5855,4111,0.1183115098609764,0.08307064338829616
BA.1.18,961188,13307,8862,8846,8887,8871,4445,4420,0.3340347185691741,0.33215600811602913
BA.1.19,941449,764,625,625,734,734,139,30,0.18193717277486912,0.03926701570680628
BA.1.20,971017,6114,5603,5601,5606,5604,511,508,0.0835786719005561,0.08308799476611056
BA.1.21,966566,488,383,383,470,470,105,18,0.2151639344262295,0.036885245901639344
BA.1.21.1,1056320,14,14,14,14,14,0,0,0.0,0.0
BA.1.22,1180721,1,1,1,1,1,0,0,0.0,0.0
BA.1.3,1079231,5,5,5,5,5,0,0,0.0,0.0
BA.1.4,934390,2,2,2,2,2,0,0,0.0,0.0
BA.1.5,1052868,371,220,220,371,371,151,0,0.40700808625336926,0.0
BA.1.6,1065387,29,18,18,19,19,11,10,0.3793103448275862,0.3448275862068966
BA.1.7,971004,249,221,221,228,228,28,21,0.11244979919678715,0.08433734939759036
BA.1.8,1050312,189,177,177,177,177,12,12,0.06349206349206349,0.06349206349206349
BA.1.9,1119897,51,6,6,6,6,45,45,0.8823529411764706,0.8823529411764706
BA.2,871727,255556,255553,255263,255556,255556,3,0,1.1739110018939097e-05,0.0
BA.2.1,1092502,7103,6460,6460,6462,6462,643,641,0.0905251302266648,0.09024355905955231
BA.2.10,1039997,11234,10564,10560,11234,11230,670,0,0.05964037742567207,0.0
BA.2.10.1,1086165,833,759,759,832,832,74,1,0.08883553421368548,0.0012004801920768306
BA.2.10.2,1146688,11,11,11,11,11,0,0,0.0,0.0
BA.2.10.3,1267770,30,28,28,28,28,2,2,0.06666666666666667,0.06666666666666667
BA.2.11,1311981,20,20,20,20,20,0,0,0.0,0.0
BA.2.12,1100758,1365,1297,1294,1363,1360,68,2,0.04981684981684982,0.0014652014652014652
BA.2.12.1,1358136,50702,50702,50688,50702,50688,0,0,0.0,0.0
BA.2.12.2,1434388,11,11,11,11,11,0,0,0.0,0.0
BA.2.13,1398056,608,607,607,607,607,1,1,0.001644736842105263,0.001644736842105263
BA.2.13.1,1428139,168,168,168,168,168,0,0,0.0,0.0
BA.2.14,1217112,396,277,277,395,395,119,1,0.3005050505050505,0.0025252525252525255
BA.2.15,1257873,46,46,46,46,46,0,0,0.0,0.0
BA.2.16,1093444,298,298,298,298,298,0,0,0.0,0.0
BA.2.17,1345783,20,19,19,19,19,1,1,0.05,0.05
BA.2.18,1281266,2950,2949,2949,2950,2950,1,0,0.00033898305084745765,0.0
BA.2.19,1382517,3,2,2,2,2,1,1,0.3333333333333333,0.3333333333333333
BA.2.2,1261585,314,310,310,310,310,4,4,0.012738853503184714,0.012738853503184714
BA.2.2.1,985400,901,901,901,901,901,0,0,0.0,0.0
BA.2.20,1347687,182,182,182,182,182,0,0,0.0,0.0
BA.2.21,1332959,312,312,312,312,312,0,0,0.0,0.0
BA.2.22,1270178,732,728,728,732,732,4,0,0.00546448087431694,0.0
BA.2.23,1153468,7934,7830,7830,7913,7913,104,21,0.013108142172926645,0.0026468364003024956
BA.2.23.1,1289838,351,350,350,351,351,1,0,0.002849002849002849,0.0
BA.2.24,1505225,6,3,3,3,3,3,3,0.5,0.5
BA.2.25,1093691,61,58,58,61,61,3,0,0.04918032786885246,0.0
BA.2.25.1,1376781,21,21,21,21,21,0,0,0.0,0.0
BA.2.26,1317975,330,330,330,330,330,0,0,0.0,0.0
BA.2.27,1094995,13,8,8,8,8,5,5,0.38461538461538464,0.38461538461538464
BA.2.28,1432797,18,18,18,18,18,0,0,0.0,0.0
BA.2.29,1342269,17,10,10,17,17,7,0,0.4117647058823529,0.0
BA.2.3,1133638,16904,16740,16739,16903,16902,164,1,0.009701845716990062,5.915759583530525e-05
BA.2.3.1,1518601,1,1,1,1,1,0,0,0.0,0.0
BA.2.3.10,1380223,77,74,74,77,77,3,0,0.03896103896103896,0.0
BA.2.3.11,1492483,18,15,15,16,16,3,2,0.16666666666666666,0.1111111111111111
BA.2.3.12,1409625,29,29,29,29,29,0,0,0.0,0.0
BA.2.3.13,1348824,13,6,6,6,6,7,7,0.5384615384615384,0.5384615384615384
BA.2.3.14,1456303,32,15,15,15,15,17,17,0.53125,0.53125
BA.2.3.15,1316896,105,105,105,105,105,0,0,0.0,0.0
BA.2.3.16,1364637,13,7,7,7,7,6,6,0.46153846153846156,0.46153846153846156
BA.2.3.17,1118409,379,377,377,377,377,2,2,0.005277044854881266,0.005277044854881266
BA.2.3.2,1081905,156,141,141,156,156,15,0,0.09615384615384616,0.0
BA.2.3.20,1658117,155,155,155,155,155,0,0,0.0,0.0
BA.2.3.4,1374396,178,178,178,178,178,0,0,0.0,0.0
BA.2.3.5,1140401,79,79,79,79,79,0,0,0.0,0.0
BA.2.3.6,1341088,105,105,105,105,105,0,0,0.0,0.0
BA.2.3.7,1488202,27,27,27,27,27,0,0,0.0,0.0
BA.2.3.8,1519011,2,2,2,2,2,0,0,0.0,0.0
BA.2.3.9,1331837,53,38,38,46,46,15,7,0.2830188679245283,0.1320754716981132
BA.2.30,1377914,21,11,11,11,11,10,10,0.47619047619047616,0.47619047619047616
BA.2.31,1078628,286,239,239,286,286,47,0,0.16433566433566432,0.0
BA.2.31.1,1414476,24,24,24,24,24,0,0,0.0,0.0
BA.2.32,1291673,217,217,217,217,217,0,0,0.0,0.0
BA.2.33,1374938,1,1,1,1,1,0,0,0.0,0.0
BA.2.34,1163069,51,33,33,51,51,18,0,0.35294117647058826,0.0
BA.2.35,1323649,148,148,148,148,148,0,0,0.0,0.0
BA.2.36,1195927,1382,406,406,1381,1381,976,1,0.7062228654124457,0.000723589001447178
BA.2.37,1092188,2641,2589,2589,2641,2641,52,0,0.01968951154865581,0.0
BA.2.38,1272257,809,607,607,607,607,202,202,0.24969097651421507,0.24969097651421507
BA.2.38.1,1515840,32,32,32,32,32,0,0,0.0,0.0
BA.2.38.3,1536989,3,3,3,3,3,0,0,0.0,0.0
BA.2.38.4,1528364,2,2,2,2,2,0,0,0.0,0.0
BA.2.39,1230721,307,307,307,307,307,0,0,0.0,0.0
BA.2.4,1275818,47,45,45,45,45,2,2,0.0425531914893617,0.0425531914893617
BA.2.40.1,1399697,156,80,80,80,80,76,76,0.48717948717948717,0.48717948717948717
BA.2.41,1198425,643,638,638,638,638,5,5,0.007776049766718507,0.007776049766718507
BA.2.42,1466647,28,28,28,28,28,0,0,0.0,0.0
BA.2.43,1456260,44,44,44,44,44,0,0,0.0,0.0
BA.2.44,1362262,70,70,70,70,70,0,0,0.0,0.0
BA.2.45,1270159,57,57,57,57,57,0,0,0.0,0.0
BA.2.46,1314292,109,109,109,109,109,0,0,0.0,0.0
BA.2.47,1153631,374,374,374,374,374,0,0,0.0,0.0
BA.2.48,1339295,501,501,501,501,501,0,0,0.0,0.0
BA.2.49,1432840,169,167,167,167,167,2,2,0.011834319526627219,0.011834319526627219
BA.2.5,965896,11859,11857,11857,11859,11859,2,0,0.00016864828400371025,0.0
BA.2.50,1221025,421,421,421,421,421,0,0,0.0,0.0
BA.2.51,1059326,135,89,89,133,133,46,2,0.34074074074074073,0.014814814814814815
BA.2.52,1399337,202,99,99,99,99,103,103,0.5099009900990099,0.5099009900990099
BA.2.53,1400856,116,116,116,116,116,0,0,0.0,0.0
BA.2.54,1456345,48,48,48,48,48,0,0,0.0,0.0
BA.2.55,1252646,92,92,92,92,92,0,0,0.0,0.0
BA.2.56,1348461,409,163,163,406,406,246,3,0.6014669926650367,0.007334963325183374
BA.2.57,1520319,8,4,4,4,4,4,4,0.5,0.5
BA.2.58,1339737,5,1,1,3,3,4,2,0.8,0.4
BA.2.59,1328937,34,34,34,34,34,0,0,0.0,0.0
BA.2.6,1190971,227,80,80,213,213,147,14,0.6475770925110133,0.06167400881057269
BA.2.60,1444820,12,12,12,12,12,0,0,0.0,0.0
BA.2.61,1501080,8,4,4,4,4,4,4,0.5,0.5
BA.2.62,1491313,7,3,3,3,3,4,4,0.5714285714285714,0.5714285714285714
BA.2.63,1409722,25,25,25,25,25,0,0,0.0,0.0
BA.2.64,1425708,56,55,54,55,54,1,1,0.017857142857142856,0.017857142857142856
BA.2.65,1195911,452,267,267,452,452,185,0,0.4092920353982301,0.0
BA.2.66,1435784,10,10,10,10,10,0,0,0.0,0.0
BA.2.67,1168305,142,142,142,142,142,0,0,0.0,0.0
BA.2.68,1475088,32,23,23,23,23,9,9,0.28125,0.28125
BA.2.69,1478933,2,2,2,2,2,0,0,0.0,0.0
BA.2.7,1153617,1246,1159,1159,1234,1234,87,12,0.06982343499197431,0.009630818619582664
BA.2.70,1480562,13,13,13,13,13,0,0,0.0,0.0
BA.2.71,1466655,73,34,34,35,35,39,38,0.5342465753424658,0.5205479452054794
BA.2.72,1414438,149,142,142,142,142,7,7,0.04697986577181208,0.04697986577181208
BA.2.73,1329867,145,141,141,145,145,4,0,0.027586206896551724,0.0
BA.2.74,1510381,102,102,102,102,102,0,0,0.0,0.0
BA.2.75,1551582,82,82,75,82,75,0,0,0.0,0.0
BA.2.75.1,1571715,191,189,189,191,191,2,0,0.010471204188481676,0.0
BA.2.75.10,1551574,6,6,6,6,6,0,0,0.0,0.0
BA.2.75.2,1612589,369,369,368,369,368,0,0,0.0,0.0
BA.2.75.3,1562456,38,38,38,38,38,0,0,0.0,0.0
BA.2.75.4,1641860,19,19,19,19,19,0,0,0.0,0.0
BA.2.75.5,1611182,143,143,143,143,143,0,0,0.0,0.0
BA.2.75.6,1609708,13,10,10,13,13,3,0,0.23076923076923078,0.0
BA.2.75.7,1656880,8,4,4,4,4,4,4,0.5,0.5
BA.2.76,1482712,305,245,245,245,245,60,60,0.19672131147540983,0.19672131147540983
BA.2.78,1476160,26,25,25,25,25,1,1,0.038461538461538464,0.038461538461538464
BA.2.79,1508578,13,13,13,13,13,0,0,0.0,0.0
BA.2.79.1,1543777,3,3,3,3,3,0,0,0.0,0.0
BA.2.8,1233332,3979,3976,3976,3977,3977,3,2,0.0007539582809751194,0.0005026388539834129
BA.2.80,1547170,3,3,3,3,3,0,0,0.0,0.0
BA.2.81,1498245,19,18,18,18,18,1,1,0.05263157894736842,0.05263157894736842
BA.2.82,1532288,4,4,4,4,4,0,0,0.0,0.0
BA.2.86,1856465,14,13,13,13,13,1,1,0.07142857142857142,0.07142857142857142
BA.2.86.1,1854739,656,656,652,656,652,0,0,0.0,0.0
BA.2.86.2,1865304,16,7,7,7,7,9,9,0.5625,0.5625
BA.2.86.3,1862457,11,11,9,11,9,0,0,0.0,0.0
BA.2.86.4,1859467,1,1,1,1,1,0,0,0.0,0.0
BA.2.86.6,1862198,2,2,2,2,2,0,0,0.0,0.0
BA.2.86.7,1857177,1,1,1,1,1,0,0,0.0,0.0
BA.2.9,990865,37867,34841,34836,37634,37630,3026,233,0.07991126838672195,0.006153114849341115
BA.2.9.1,1311479,334,334,334,334,334,0,0,0.0,0.0
BA.2.9.2,1292042,333,296,296,296,296,37,37,0.1111111111111111,0.1111111111111111
BA.2.9.3,1320906,265,211,211,256,256,54,9,0.2037735849056604,0.033962264150943396
BA.2.9.4,1453219,7,7,7,7,7,0,0,0.0,0.0
BA.2.9.5,1236327,88,69,69,69,69,19,19,0.2159090909090909,0.2159090909090909
BA.2.9.6,1454703,73,73,73,73,73,0,0,0.0,0.0
BA.2.9.7,1444597,135,135,135,135,135,0,0,0.0,0.0
BA.3,871718,20,20,20,20,20,0,0,0.0,0.0
BA.3.1,1334243,25,25,25,25,25,0,0,0.0,0.0
BA.4,1519017,5642,5642,5586,5642,5629,0,0,0.0,0.0
BA.4.1,1337921,9959,9897,9893,9959,9956,62,0,0.006225524651069385,0.0
BA.4.1.1,1497352,529,100,100,100,100,429,429,0.8109640831758034,0.8109640831758034
BA.4.1.10,1623116,9,9,9,9,9,0,0,0.0,0.0
BA.4.1.11,1705604,90,90,90,90,90,0,0,0.0,0.0
BA.4.1.2,1449377,13,13,13,13,13,0,0,0.0,0.0
BA.4.1.3,1539238,28,28,28,28,28,0,0,0.0,0.0
BA.4.1.4,1530735,28,20,20,20,20,8,8,0.2857142857142857,0.2857142857142857
BA.4.1.5,1546026,18,13,13,18,18,5,0,0.2777777777777778,0.0
BA.4.1.6,1496166,257,248,248,257,257,9,0,0.03501945525291829,0.0
BA.4.1.7,1579776,1,1,1,1,1,0,0,0.0,0.0
BA.4.1.8,1520333,423,423,423,423,423,0,0,0.0,0.0
BA.4.1.9,1490384,91,78,78,78,78,13,13,0.14285714285714285,0.14285714285714285
BA.4.2,1478231,852,852,852,852,852,0,0,0.0,0.0
BA.4.3,1493740,14,14,14,14,14,0,0,0.0,0.0
BA.4.4,1449487,1207,1203,1203,1207,1207,4,0,0.0033140016570008283,0.0
BA.4.5,1454137,28,28,28,28,28,0,0,0.0,0.0
BA.4.6,1480768,9649,9649,9631,9649,9631,0,0,0.0,0.0
BA.4.6.1,1535908,254,250,250,254,254,4,0,0.015748031496062992,0.0
BA.4.6.2,1665415,25,24,24,25,25,1,0,0.04,0.0
BA.4.6.3,1681673,111,110,110,110,110,1,1,0.009009009009009009,0.009009009009009009
BA.4.6.4,1621911,31,21,21,31,31,10,0,0.3225806451612903,0.0
BA.4.6.5,1503402,751,680,680,751,749,71,0,0.09454061251664447,0.0
BA.4.7,1472478,250,250,250,250,250,0,0,0.0,0.0
BA.4.8,1488101,4,4,4,4,4,0,0,0.0,0.0
BA.5,1428716,2869,2869,2827,2869,2859,0,0,0.0,0.0
BA.5.1,1428715,28465,28413,28321,28448,28356,52,17,0.00182680484805902,0.0005972246618654488
BA.5.1.1,1473658,2180,2169,2169,2177,2177,11,3,0.005045871559633028,0.0013761467889908258
BA.5.1.10,1441799,1802,1802,1802,1802,1802,0,0,0.0,0.0
BA.5.1.11,1523118,260,260,260,260,260,0,0,0.0,0.0
BA.5.1.12,1566515,257,109,109,257,257,148,0,0.5758754863813229,0.0
BA.5.1.15,1498268,167,152,152,167,167,15,0,0.08982035928143713,0.0
BA.5.1.16,1500220,22,22,22,22,22,0,0,0.0,0.0
BA.5.1.17,1453813,111,68,68,111,111,43,0,0.38738738738738737,0.0
BA.5.1.18,1580029,397,397,395,397,395,0,0,0.0,0.0
BA.5.1.19,1553138,38,32,32,37,37,6,1,0.15789473684210525,0.02631578947368421
BA.5.1.2,1492504,1199,846,843,1199,1196,353,0,0.2944120100083403,0.0
BA.5.1.20,1535147,28,28,28,28,28,0,0,0.0,0.0
BA.5.1.21,1475279,152,152,148,152,148,0,0,0.0,0.0
BA.5.1.22,1443218,2285,2106,2106,2285,2284,179,0,0.07833698030634573,0.0
BA.5.1.23,1441802,1951,1914,1914,1951,1951,37,0,0.018964633521271142,0.0
BA.5.1.24,1486648,1023,860,860,1023,1023,163,0,0.15933528836754643,0.0
BA.5.1.25,1489264,787,773,772,773,772,14,14,0.017789072426937738,0.017789072426937738
BA.5.1.26,1536489,38,38,38,38,38,0,0,0.0,0.0
BA.5.1.27,3408421,396,396,396,396,396,0,0,0.0,0.0
BA.5.1.28,1579838,39,39,39,39,39,0,0,0.0,0.0
BA.5.1.3,1466019,1228,1142,1142,1228,1228,86,0,0.07003257328990228,0.0
BA.5.1.30,1490115,2260,2239,2228,2253,2242,21,7,0.009292035398230088,0.003097345132743363
BA.5.1.31,1615645,11,11,11,11,11,0,0,0.0,0.0
BA.5.1.32,1703955,5,5,5,5,5,0,0,0.0,0.0
BA.5.1.33,1651507,120,120,120,120,120,0,0,0.0,0.0
BA.5.1.34,1564517,748,748,747,748,747,0,0,0.0,0.0
BA.5.1.35,1455154,345,336,336,345,345,9,0,0.02608695652173913,0.0
BA.5.1.36,1690531,20,20,20,20,20,0,0,0.0,0.0
BA.5.1.37,1698302,3,3,3,3,3,0,0,0.0,0.0
BA.5.1.4,1502591,289,289,288,289,288,0,0,0.0,0.0
BA.5.1.5,1509505,1108,1098,1014,1098,1014,10,10,0.009025270758122744,0.009025270758122744
BA.5.1.6,1517599,508,508,508,508,508,0,0,0.0,0.0
BA.5.1.7,1546808,138,138,110,138,110,0,0,0.0,0.0
BA.5.1.8,1557872,22,22,22,22,22,0,0,0.0,0.0
BA.5.1.9,1512182,118,118,118,118,118,0,0,0.0,0.0
BA.5.10,1517421,139,139,139,139,139,0,0,0.0,0.0
BA.5.10.1,1649166,13,9,9,13,13,4,0,0.3076923076923077,0.0
BA.5.11,1673401,1259,1259,1259,1259,1259,0,0,0.0,0.0
BA.5.2,1441168,20998,20495,20464,20994,20963,503,4,0.023954662348795123,0.00019049433279359938
BA.5.2.1,1441088,39571,38554,38531,39500,39478,1017,71,0.02570063935710495,0.0017942432589522631
BA.5.2.10,1670830,4,3,3,4,4,1,0,0.25,0.0
BA.5.2.11,1583169,5,5,5,5,5,0,0,0.0,0.0
BA.5.2.12,1617618,15,6,6,15,15,9,0,0.6,0.0
BA.5.2.13,1535124,568,568,568,568,568,0,0,0.0,0.0
BA.5.2.14,1624034,45,45,45,45,45,0,0,0.0,0.0
BA.5.2.16,1519038,173,153,153,173,173,20,0,0.11560693641618497,0.0
BA.5.2.18,1610404,188,88,88,188,188,100,0,0.5319148936170213,0.0
BA.5.2.19,1521653,198,187,187,198,198,11,0,0.05555555555555555,0.0
BA.5.2.2,1498272,258,258,258,258,258,0,0,0.0,0.0
BA.5.2.20,1501228,2099,1800,1800,2099,2099,299,0,0.14244878513577894,0.0
BA.5.2.21,1492310,1603,1489,1488,1603,1602,114,0,0.07111665626949469,0.0
BA.5.2.22,1532462,440,406,406,440,440,34,0,0.07727272727272727,0.0
BA.5.2.23,1637555,198,198,197,198,197,0,0,0.0,0.0
BA.5.2.24,1557448,100,81,81,81,81,19,19,0.19,0.19
BA.5.2.25,1627405,87,87,87,87,87,0,0,0.0,0.0
BA.5.2.26,1535077,280,280,280,280,280,0,0,0.0,0.0
BA.5.2.27,1515905,348,340,340,343,343,8,5,0.022988505747126436,0.014367816091954023
BA.5.2.28,1516222,345,331,331,338,338,14,7,0.04057971014492753,0.020289855072463767
BA.5.2.29,1609768,135,132,132,132,132,3,3,0.022222222222222223,0.022222222222222223
BA.5.2.3,1479758,1383,1383,1383,1383,1383,0,0,0.0,0.0
BA.5.2.30,1646277,40,40,40,40,40,0,0,0.0,0.0
BA.5.2.31,1510743,326,280,280,326,326,46,0,0.1411042944785276,0.0
BA.5.2.32,1719911,12,10,10,10,10,2,2,0.16666666666666666,0.16666666666666666
BA.5.2.33,1508065,136,119,119,136,136,17,0,0.125,0.0
BA.5.2.34,1590066,534,534,534,534,534,0,0,0.0,0.0
BA.5.2.35,1636077,528,528,528,528,528,0,0,0.0,0.0
BA.5.2.36,1641496,56,29,29,29,29,27,27,0.48214285714285715,0.48214285714285715
BA.5.2.37,1592746,43,43,43,43,43,0,0,0.0,0.0
BA.5.2.38,1604436,7,3,3,3,3,4,4,0.5714285714285714,0.5714285714285714
BA.5.2.39,1652519,22,22,22,22,22,0,0,0.0,0.0
BA.5.2.4,1560982,55,53,53,55,55,2,0,0.03636363636363636,0.0
BA.5.2.41,1696499,6,3,3,6,6,3,0,0.5,0.0
BA.5.2.43,1712560,2,2,2,2,2,0,0,0.0,0.0
BA.5.2.44,1588139,61,27,27,27,27,34,34,0.5573770491803278,0.5573770491803278
BA.5.2.45,1661027,1,1,1,1,1,0,0,0.0,0.0
BA.5.2.46,1699556,1,1,1,1,1,0,0,0.0,0.0
BA.5.2.47,1680949,44,44,44,44,44,0,0,0.0,0.0
BA.5.2.48,1729224,0,0,0,0,0,0,0,,
BA.5.2.51,3408610,25,25,25,25,25,0,0,0.0,0.0
BA.5.2.52,1660807,26,26,26,26,26,0,0,0.0,0.0
BA.5.2.53,1533433,75,75,75,75,75,0,0,0.0,0.0
BA.5.2.54,1677085,31,31,31,31,31,0,0,0.0,0.0
BA.5.2.55,1693560,3,2,2,2,2,1,1,0.3333333333333333,0.3333333333333333
BA.5.2.56,1539390,36,23,23,36,36,13,0,0.3611111111111111,0.0
BA.5.2.57,1626335,114,70,70,114,114,44,0,0.38596491228070173,0.0
BA.5.2.58,1664151,128,128,128,128,128,0,0,0.0,0.0
BA.5.2.59,1686774,59,58,58,59,59,1,0,0.01694915254237288,0.0
BA.5.2.6,1566700,1140,582,582,1140,1140,558,0,0.48947368421052634,0.0
BA.5.2.60,1668420,14,14,14,14,14,0,0,0.0,0.0
BA.5.2.61,1689219,8,8,8,8,8,0,0,0.0,0.0
BA.5.2.62,1632975,39,29,29,29,29,10,10,0.2564102564102564,0.2564102564102564
BA.5.2.7,1555149,244,244,244,244,244,0,0,0.0,0.0
BA.5.2.8,1545415,128,128,128,128,128,0,0,0.0,0.0
BA.5.2.9,1508072,2997,2990,2990,2993,2993,7,4,0.002335669002335669,0.001334668001334668
BA.5.3,1442322,319,319,319,319,319,0,0,0.0,0.0
BA.5.3.1,1461988,591,580,578,591,589,11,0,0.018612521150592216,0.0
BA.5.3.2,1437906,183,183,183,183,183,0,0,0.0,0.0
BA.5.3.3,1471221,602,602,601,602,601,0,0,0.0,0.0
BA.5.3.4,1503309,44,44,44,44,44,0,0,0.0,0.0
BA.5.3.5,1641370,205,205,204,205,204,0,0,0.0,0.0
BA.5.5,1428704,10927,10925,10921,10927,10924,2,0,0.00018303285439736432,0.0
BA.5.5.1,1518010,357,353,353,357,357,4,0,0.011204481792717087,0.0
BA.5.5.2,1515938,205,205,205,205,205,0,0,0.0,0.0
BA.5.5.3,1513955,104,104,104,104,104,0,0,0.0,0.0
BA.5.6,1476164,7282,7282,7277,7282,7277,0,0,0.0,0.0
BA.5.6.1,1568449,37,34,34,37,37,3,0,0.08108108108108109,0.0
BA.5.6.2,1518015,183,183,183,183,183,0,0,0.0,0.0
BA.5.6.3,1637528,29,25,25,29,29,4,0,0.13793103448275862,0.0
BA.5.6.4,1640965,15,15,15,15,15,0,0,0.0,0.0
BA.5.7,1609685,5,5,5,5,5,0,0,0.0,0.0
BA.5.8,1486748,955,955,954,955,954,0,0,0.0,0.0
BA.5.9,1488149,629,629,629,629,629,0,0,0.0,0.0
BB.2,282485,73,73,73,73,73,0,0,0.0,0.0
BC.1,1191477,2,2,2,2,2,0,0,0.0,0.0
BD.1,1007032,1956,1575,1575,1947,1947,381,9,0.19478527607361965,0.004601226993865031
BE.1,1463181,4053,4048,4037,4052,4041,5,1,0.001233654083395016,0.0002467308166790032
BE.1.1,1488446,5212,5173,5154,5202,5183,39,10,0.007482732156561781,0.001918649270913277
BE.1.1.1,1561074,403,403,403,403,403,0,0,0.0,0.0
BE.1.1.2,1521331,575,554,553,554,553,21,21,0.036521739130434785,0.036521739130434785
BE.1.2,1558751,197,197,196,197,196,0,0,0.0,0.0
BE.1.2.1,1654939,105,105,105,105,105,0,0,0.0,0.0
BE.1.3,1492355,113,113,113,113,113,0,0,0.0,0.0
BE.1.4,1488123,484,484,481,484,481,0,0,0.0,0.0
BE.1.4.1,1540377,44,44,44,44,44,0,0,0.0,0.0
BE.1.4.2,1640465,79,79,79,79,79,0,0,0.0,0.0
BE.1.4.3,1604256,4,4,4,4,4,0,0,0.0,0.0
BE.1.4.4,1532927,16,15,15,16,16,1,0,0.0625,0.0
BE.10,1720160,31,31,31,31,31,0,0,0.0,0.0
BE.11,1498177,50,50,50,50,50,0,0,0.0,0.0
BE.12,1503236,72,72,71,72,71,0,0,0.0,0.0
BE.13,1760450,13,13,12,13,12,0,0,0.0,0.0
BE.2,1521615,275,275,274,275,274,0,0,0.0,0.0
BE.3,1447246,1820,1820,1820,1820,1820,0,0,0.0,0.0
BE.4,1523262,204,204,204,204,204,0,0,0.0,0.0
BE.4.1,1639229,86,86,86,86,86,0,0,0.0,0.0
BE.4.1.1,1645212,40,40,40,40,40,0,0,0.0,0.0
BE.4.2,3407743,32,32,32,32,32,0,0,0.0,0.0
BE.5,1486585,120,120,119,120,119,0,0,0.0,0.0
BE.6,1626422,5,5,5,5,5,0,0,0.0,0.0
BE.7,1669685,66,65,65,66,66,1,0,0.015151515151515152,0.0
BE.8,1650351,19,19,19,19,19,0,0,0.0,0.0
BF.1,1561008,1483,1483,1482,1483,1482,0,0,0.0,0.0
BF.1.1,1468095,84,84,84,84,84,0,0,0.0,0.0
BF.10,1495430,4060,4035,4035,4059,4059,25,1,0.006157635467980296,0.0002463054187192118
BF.10.1,1692045,1,1,1,1,1,0,0,0.0,0.0
BF.11,1532962,876,875,873,876,874,1,0,0.001141552511415525,0.0
BF.11.1,1550441,115,66,65,115,114,49,0,0.4260869565217391,0.0
BF.11.2,1679383,180,180,180,180,180,0,0,0.0,0.0
BF.11.3,1597346,26,26,24,26,24,0,0,0.0,0.0
BF.11.4,1622207,89,89,89,89,89,0,0,0.0,0.0
BF.11.5,1646215,64,64,64,64,64,0,0,0.0,0.0
BF.12,1564145,25,23,23,25,25,2,0,0.08,0.0
BF.13,1551468,399,399,399,399,399,0,0,0.0,0.0
BF.14,1594478,525,522,521,523,522,3,2,0.005714285714285714,0.0038095238095238095
BF.15,1590155,69,69,69,69,69,0,0,0.0,0.0
BF.16,1521826,96,53,53,96,96,43,0,0.4479166666666667,0.0
BF.17,1588506,4,4,4,4,4,0,0,0.0,0.0
BF.18,1611164,22,9,9,22,22,13,0,0.5909090909090909,0.0
BF.19,1528575,16,16,16,16,16,0,0,0.0,0.0
BF.2,1474297,439,429,429,434,434,10,5,0.022779043280182234,0.011389521640091117
BF.20,1556723,18,18,18,18,18,0,0,0.0,0.0
BF.21,1485794,1234,1234,1234,1234,1234,0,0,0.0,0.0
BF.22,1666221,1,1,1,1,1,0,0,0.0,0.0
BF.23,1515070,29,29,29,29,29,0,0,0.0,0.0
BF.24,1494532,494,44,44,446,446,450,48,0.9109311740890689,0.09716599190283401
BF.25,1576744,183,175,175,183,183,8,0,0.04371584699453552,0.0
BF.26,1505497,2329,2206,2202,2328,2324,123,1,0.0528123658222413,0.00042936882782310007
BF.27,1488740,1277,1277,1275,1277,1275,0,0,0.0,0.0
BF.28,1495450,1518,1518,1516,1518,1516,0,0,0.0,0.0
BF.29,1557033,122,117,117,122,122,5,0,0.040983606557377046,0.0
BF.3,1560983,150,150,150,150,150,0,0,0.0,0.0
BF.3.1,1558773,16,16,16,16,16,0,0,0.0,0.0
BF.30,1571640,31,31,31,31,31,0,0,0.0,0.0
BF.31,1539253,65,57,57,65,65,8,0,0.12307692307692308,0.0
BF.31.1,1693082,11,11,11,11,11,0,0,0.0,0.0
BF.32,1668405,108,108,108,108,108,0,0,0.0,0.0
BF.34,1671077,12,12,12,12,12,0,0,0.0,0.0
BF.36,1505643,235,235,235,235,235,0,0,0.0,0.0
BF.38,1613636,22,11,11,13,13,11,9,0.5,0.4090909090909091
BF.38.1,1558483,2,1,1,1,1,1,1,0.5,0.5
BF.39,1526170,277,261,261,277,277,16,0,0.05776173285198556,0.0
BF.39.1,1771832,2,2,2,2,2,0,0,0.0,0.0
BF.4,1501126,616,608,608,616,615,8,0,0.012987012987012988,0.0
BF.40,1627470,27,26,26,27,27,1,0,0.037037037037037035,0.0
BF.41,1536954,100,92,92,100,100,8,0,0.08,0.0
BF.41.1,1711722,5,5,5,5,5,0,0,0.0,0.0
BF.5,1490108,3661,3661,3654,3661,3654,0,0,0.0,0.0
BF.5.1,1539532,6,5,5,6,6,1,0,0.16666666666666666,0.0
BF.5.4,1623804,1,1,1,1,1,0,0,0.0,0.0
BF.5.5,1545291,58,57,57,58,58,1,0,0.017241379310344827,0.0
BF.6,1512203,359,358,348,359,349,1,0,0.002785515320334262,0.0
BF.7,1527853,4212,4210,4210,4212,4212,2,0,0.0004748338081671415,0.0
BF.7.1,1678868,16,16,16,16,16,0,0,0.0,0.0
BF.7.10,1671768,21,21,21,21,21,0,0,0.0,0.0
BF.7.11,1686721,21,21,21,21,21,0,0,0.0,0.0
BF.7.12,1671870,21,21,21,21,21,0,0,0.0,0.0
BF.7.13,1583292,6,6,5,6,5,0,0,0.0,0.0
BF.7.13.1,1666929,3,3,3,3,3,0,0,0.0,0.0
BF.7.13.2,1690671,10,10,10,10,10,0,0,0.0,0.0
BF.7.14,1735502,5,5,5,5,5,0,0,0.0,0.0
BF.7.14.4,1735341,1,1,1,1,1,0,0,0.0,0.0
BF.7.14.6,1736328,2,2,2,2,2,0,0,0.0,0.0
BF.7.15,1746748,4,4,4,4,4,0,0,0.0,0.0
BF.7.16,1652582,33,22,22,33,33,11,0,0.3333333333333333,0.0
BF.7.18,1709858,2,2,2,2,2,0,0,0.0,0.0
BF.7.19,1665386,49,42,42,49,49,7,0,0.14285714285714285,0.0
BF.7.19.1,1689801,2,2,2,2,2,0,0,0.0,0.0
BF.7.2,1655024,85,85,85,85,85,0,0,0.0,0.0
BF.7.20,1620358,429,422,422,429,429,7,0,0.016317016317016316,0.0
BF.7.21,1600331,120,113,113,120,120,7,0,0.058333333333333334,0.0
BF.7.22,1620511,103,102,102,103,103,1,0,0.009708737864077669,0.0
BF.7.23,1649186,164,164,164,164,164,0,0,0.0,0.0
BF.7.24,1641345,176,132,132,176,176,44,0,0.25,0.0
BF.7.26,1589831,28,27,25,28,26,1,0,0.03571428571428571,0.0
BF.7.27,1587008,86,86,86,86,86,0,0,0.0,0.0
BF.7.3,1673570,18,18,18,18,18,0,0,0.0,0.0
BF.7.4,1565945,697,697,697,697,697,0,0,0.0,0.0
BF.7.4.1,1608052,534,534,533,534,533,0,0,0.0,0.0
BF.7.4.2,1594989,45,45,45,45,45,0,0,0.0,0.0
BF.7.5,1612642,537,537,537,537,537,0,0,0.0,0.0
BF.7.5.1,1654462,17,17,16,17,16,0,0,0.0,0.0
BF.7.6,1570038,274,271,270,274,273,3,0,0.010948905109489052,0.0
BF.7.7,1640621,95,95,95,95,95,0,0,0.0,0.0
BF.7.8,1587125,34,22,22,34,34,12,0,0.35294117647058826,0.0
BF.7.9,1620596,1,1,1,1,1,0,0,0.0,0.0
BF.8,1479815,1100,1076,1076,1098,1098,24,2,0.02181818181818182,0.0018181818181818182
BF.9,1523307,63,63,63,63,63,0,0,0.0,0.0
BG.1,1438306,19,19,19,19,19,0,0,0.0,0.0
BG.2,1463927,210,210,210,210,210,0,0,0.0,0.0
BG.3,1533379,2,2,2,2,2,0,0,0.0,0.0
BG.4,1487512,11,11,11,11,11,0,0,0.0,0.0
BG.5,1427839,248,247,247,248,248,1,0,0.004032258064516129,0.0
BG.6,1505688,1,1,1,1,1,0,0,0.0,0.0
BH.1,1535547,22,22,22,22,22,0,0,0.0,0.0
BK.1,1516484,389,389,389,389,389,0,0,0.0,0.0
BL.1,1615851,89,62,62,62,62,27,27,0.30337078651685395,0.30337078651685395
BL.1.1,1642880,1,1,1,1,1,0,0,0.0,0.0
BL.1.4,1683726,7,7,7,7,7,0,0,0.0,0.0
BL.2,1636091,50,49,49,50,50,1,0,0.02,0.0
BL.3,1620352,18,18,18,18,18,0,0,0.0,0.0
BL.4,1651477,4,4,4,4,4,0,0,0.0,0.0
BL.5,1679711,8,8,8,8,8,0,0,0.0,0.0
BL.6,1675235,5,5,5,5,5,0,0,0.0,0.0
BM.1,1623088,19,19,19,19,19,0,0,0.0,0.0
BM.1.1,1626362,51,51,51,51,51,0,0,0.0,0.0
BM.1.1.1,1687934,15,15,15,15,15,0,0,0.0,0.0
BM.1.1.2,1671988,1,1,1,1,1,0,0,0.0,0.0
BM.1.1.3,1691414,186,186,186,186,186,0,0,0.0,0.0
BM.1.1.5,1717587,12,12,12,12,12,0,0,0.0,0.0
BM.2,1648362,4,4,4,4,4,0,0,0.0,0.0
BM.2.1,1646999,1,1,1,1,1,0,0,0.0,0.0
BM.3,1611982,1,1,1,1,1,0,0,0.0,0.0
BM.4,1551576,1,1,1,1,1,0,0,0.0,0.0
BM.4.1,1671905,1,1,1,1,1,0,0,0.0,0.0
BM.4.1.1,1632239,88,88,88,88,88,0,0,0.0,0.0
BM.5,1641409,9,9,9,9,9,0,0,0.0,0.0
BN.1,1626285,425,425,425,425,425,0,0,0.0,0.0
BN.1.1,1613196,32,32,32,32,32,0,0,0.0,0.0
BN.1.1.1,1691143,19,19,19,19,19,0,0,0.0,0.0
BN.1.10,1701356,16,16,16,16,16,0,0,0.0,0.0
BN.1.2,1680940,286,284,284,286,286,2,0,0.006993006993006993,0.0
BN.1.2.1,1679093,208,208,208,208,208,0,0,0.0,0.0
BN.1.2.2,1685692,16,16,16,16,16,0,0,0.0,0.0
BN.1.2.3,1692366,43,42,42,43,43,1,0,0.023255813953488372,0.0
BN.1.2.4,1729339,21,21,21,21,21,0,0,0.0,0.0
BN.1.2.5,1748432,2,2,2,2,2,0,0,0.0,0.0
BN.1.2.6,1763943,2,2,2,2,2,0,0,0.0,0.0
BN.1.2.7,1781016,2,2,2,2,2,0,0,0.0,0.0
BN.1.3,1631083,498,498,498,498,498,0,0,0.0,0.0
BN.1.3.1,1672550,673,673,673,673,673,0,0,0.0,0.0
BN.1.3.12,1683978,27,27,27,27,27,0,0,0.0,0.0
BN.1.3.3,1748444,5,5,5,5,5,0,0,0.0,0.0
BN.1.3.4,1716068,2,2,2,2,2,0,0,0.0,0.0
BN.1.3.5,1724405,22,21,21,22,22,1,0,0.045454545454545456,0.0
BN.1.3.6,1684858,58,58,58,58,58,0,0,0.0,0.0
BN.1.3.7,1714795,13,12,12,13,12,1,0,0.07692307692307693,0.0
BN.1.3.8,1689257,4,4,4,4,4,0,0,0.0,0.0
BN.1.3.9,1708659,2,1,1,2,2,1,0,0.5,0.0
BN.1.4,1646259,118,118,118,118,118,0,0,0.0,0.0
BN.1.4.1,1721837,34,34,34,34,34,0,0,0.0,0.0
BN.1.4.2,1750344,1,1,1,1,1,0,0,0.0,0.0
BN.1.4.3,1639210,29,29,29,29,29,0,0,0.0,0.0
BN.1.4.4,1656662,269,269,269,269,269,0,0,0.0,0.0
BN.1.4.5,1699224,12,12,12,12,12,0,0,0.0,0.0
BN.1.5,1654996,509,509,509,509,509,0,0,0.0,0.0
BN.1.5.2,1685374,11,11,11,11,11,0,0,0.0,0.0
BN.1.6,1665781,1,1,1,1,1,0,0,0.0,0.0
BN.1.7,1688674,135,135,135,135,135,0,0,0.0,0.0
BN.1.9,1684893,22,22,22,22,22,0,0,0.0,0.0
BN.2,1648473,3,3,3,3,3,0,0,0.0,0.0
BN.2.1,1646328,9,9,9,9,9,0,0,0.0,0.0
BN.3,1677102,3,3,3,3,3,0,0,0.0,0.0
BN.3.1,1681685,51,51,51,51,51,0,0,0.0,0.0
BN.4,1670896,3,3,3,3,3,0,0,0.0,0.0
BN.5,1631607,24,24,24,24,24,0,0,0.0,0.0
BN.6,1626329,43,43,43,43,43,0,0,0.0,0.0
BQ.1,1613656,3934,3934,3930,3934,3930,0,0,0.0,0.0
BQ.1.1,1620344,13801,13614,13609,13801,13796,187,0,0.013549742772262879,0.0
BQ.1.1.1,1647155,501,489,489,501,501,12,0,0.023952095808383235,0.0
BQ.1.1.10,1681811,312,303,303,303,303,9,9,0.028846153846153848,0.028846153846153848
BQ.1.1.11,1690654,63,40,40,63,63,23,0,0.36507936507936506,0.0
BQ.1.1.12,1721455,2,2,2,2,2,0,0,0.0,0.0
BQ.1.1.13,1699962,152,134,132,134,132,18,18,0.11842105263157894,0.11842105263157894
BQ.1.1.14,1691447,11,6,6,11,11,5,0,0.45454545454545453,0.0
BQ.1.1.15,1675964,338,312,312,338,338,26,0,0.07692307692307693,0.0
BQ.1.1.16,1718278,20,19,19,20,20,1,0,0.05,0.0
BQ.1.1.17,1675955,29,28,26,29,27,1,0,0.034482758620689655,0.0
BQ.1.1.18,1668427,583,555,555,583,583,28,0,0.048027444253859346,0.0
BQ.1.1.19,1677190,147,134,134,144,144,13,3,0.08843537414965986,0.02040816326530612
BQ.1.1.2,1617559,697,691,691,691,691,6,6,0.00860832137733142,0.00860832137733142
BQ.1.1.20,1687750,2593,2592,2592,2592,2592,1,1,0.0003856536829926726,0.0003856536829926726
BQ.1.1.21,1724693,2,1,1,1,1,1,1,0.5,0.5
BQ.1.1.22,1678025,363,363,363,363,363,0,0,0.0,0.0
BQ.1.1.23,1682597,246,245,245,245,245,1,1,0.0040650406504065045,0.0040650406504065045
BQ.1.1.24,1705795,366,186,186,186,186,180,180,0.4918032786885246,0.4918032786885246
BQ.1.1.25,1699359,5,5,5,5,5,0,0,0.0,0.0
BQ.1.1.26,3407788,71,71,71,71,71,0,0,0.0,0.0
BQ.1.1.27,1702040,63,63,63,63,63,0,0,0.0,0.0
BQ.1.1.28,1621240,201,201,201,201,201,0,0,0.0,0.0
BQ.1.1.29,1702108,166,166,166,166,166,0,0,0.0,0.0
BQ.1.1.3,1668428,636,595,595,636,636,41,0,0.06446540880503145,0.0
BQ.1.1.30,1749556,5,5,5,5,5,0,0,0.0,0.0
BQ.1.1.31,1703009,147,137,137,140,140,10,7,0.06802721088435375,0.047619047619047616
BQ.1.1.32,1701335,300,249,249,250,250,51,50,0.17,0.16666666666666666
BQ.1.1.34,1724376,31,31,31,31,31,0,0,0.0,0.0
BQ.1.1.35,1714714,48,48,48,48,48,0,0,0.0,0.0
BQ.1.1.36,1712195,50,39,39,50,50,11,0,0.22,0.0
BQ.1.1.37,1747826,15,12,12,15,15,3,0,0.2,0.0
BQ.1.1.38,1737534,86,86,86,86,86,0,0,0.0,0.0
BQ.1.1.39,1737483,16,16,16,16,16,0,0,0.0,0.0
BQ.1.1.4,1659262,1094,894,894,920,920,200,174,0.18281535648994515,0.1590493601462523
BQ.1.1.40,1694636,53,41,41,52,52,12,1,0.22641509433962265,0.018867924528301886
BQ.1.1.41,1684810,187,187,187,187,187,0,0,0.0,0.0
BQ.1.1.42,1721792,55,54,54,55,55,1,0,0.01818181818181818,0.0
BQ.1.1.43,1711297,96,96,96,96,96,0,0,0.0,0.0
BQ.1.1.44,1720619,16,1,1,16,16,15,0,0.9375,0.0
BQ.1.1.45,1726683,180,138,138,138,138,42,42,0.23333333333333334,0.23333333333333334
BQ.1.1.46,1753888,32,12,12,12,12,20,20,0.625,0.625
BQ.1.1.47,1716653,88,66,66,66,66,22,22,0.25,0.25
BQ.1.1.48,1754093,22,22,22,22,22,0,0,0.0,0.0
BQ.1.1.49,1717170,49,49,49,49,49,0,0,0.0,0.0
BQ.1.1.5,1693932,504,504,504,504,504,0,0,0.0,0.0
BQ.1.1.50,1745184,1,1,1,1,1,0,0,0.0,0.0
BQ.1.1.51,1664945,103,98,98,103,103,5,0,0.04854368932038835,0.0
BQ.1.1.52,1679011,119,100,100,119,119,19,0,0.15966386554621848,0.0
BQ.1.1.53,1744833,23,8,8,8,8,15,15,0.6521739130434783,0.6521739130434783
BQ.1.1.54,1702586,25,25,25,25,25,0,0,0.0,0.0
BQ.1.1.55,1729044,2,2,2,2,2,0,0,0.0,0.0
BQ.1.1.56,1709640,53,41,41,51,51,12,2,0.22641509433962265,0.03773584905660377
BQ.1.1.57,1703636,102,55,55,55,55,47,47,0.46078431372549017,0.46078431372549017
BQ.1.1.58,1713385,58,50,50,50,50,8,8,0.13793103448275862,0.13793103448275862
BQ.1.1.59,1755190,38,38,38,38,38,0,0,0.0,0.0
BQ.1.1.6,1670883,396,334,334,396,396,62,0,0.15656565656565657,0.0
BQ.1.1.60,1711293,36,21,21,21,21,15,15,0.4166666666666667,0.4166666666666667
BQ.1.1.61,1721804,20,20,20,20,20,0,0,0.0,0.0
BQ.1.1.62,1715393,15,15,15,15,15,0,0,0.0,0.0
BQ.1.1.63,1735901,88,87,87,88,88,1,0,0.011363636363636364,0.0
BQ.1.1.64,1757905,14,5,5,5,5,9,9,0.6428571428571429,0.6428571428571429
BQ.1.1.65,1723849,77,77,77,77,77,0,0,0.0,0.0
BQ.1.1.66,1719475,39,22,22,22,22,17,17,0.4358974358974359,0.4358974358974359
BQ.1.1.67,1683702,147,125,125,125,125,22,22,0.14965986394557823,0.14965986394557823
BQ.1.1.68,1675296,127,127,127,127,127,0,0,0.0,0.0
BQ.1.1.69,1688706,321,320,320,321,321,1,0,0.003115264797507788,0.0
BQ.1.1.7,1672706,270,260,247,270,257,10,0,0.037037037037037035,0.0
BQ.1.1.71,1734845,47,47,47,47,47,0,0,0.0,0.0
BQ.1.1.72,1693976,52,48,48,48,48,4,4,0.07692307692307693,0.07692307692307693
BQ.1.1.74,1752232,9,2,2,2,2,7,7,0.7777777777777778,0.7777777777777778
BQ.1.1.76,1757291,6,5,5,5,5,1,1,0.16666666666666666,0.16666666666666666
BQ.1.1.77,1718255,7,7,7,7,7,0,0,0.0,0.0
BQ.1.1.79,1757805,15,15,15,15,15,0,0,0.0,0.0
BQ.1.1.8,1644844,669,669,669,669,669,0,0,0.0,0.0
BQ.1.1.9,1748397,6,4,4,4,4,2,2,0.3333333333333333,0.3333333333333333
BQ.1.10,1643125,698,694,693,698,697,4,0,0.0057306590257879654,0.0
BQ.1.10.1,1674222,238,238,238,238,238,0,0,0.0,0.0
BQ.1.10.2,1706764,23,23,23,23,23,0,0,0.0,0.0
BQ.1.10.3,1721819,6,6,6,6,6,0,0,0.0,0.0
BQ.1.11,1638521,597,588,588,592,592,9,5,0.01507537688442211,0.008375209380234505
BQ.1.11.1,1722746,3,3,3,3,3,0,0,0.0,0.0
BQ.1.12,1650704,629,614,614,629,629,15,0,0.02384737678855326,0.0
BQ.1.13,1669661,249,249,248,249,248,0,0,0.0,0.0
BQ.1.13.1,1682938,345,345,345,345,345,0,0,0.0,0.0
BQ.1.14,1662797,435,431,431,435,435,4,0,0.009195402298850575,0.0
BQ.1.15,1668434,238,238,238,238,238,0,0,0.0,0.0
BQ.1.15.1,1762384,1,1,1,1,1,0,0,0.0,0.0
BQ.1.16,1628888,44,44,44,44,44,0,0,0.0,0.0
BQ.1.17,1649073,36,36,36,36,36,0,0,0.0,0.0
BQ.1.18,1675036,666,641,641,641,641,25,25,0.03753753753753754,0.03753753753753754
BQ.1.19,1690570,8,6,6,8,8,2,0,0.25,0.0
BQ.1.2,1638520,963,961,961,963,963,2,0,0.0020768431983385254,0.0
BQ.1.2.1,1702039,25,25,25,25,25,0,0,0.0,0.0
BQ.1.2.3,1677053,86,81,81,86,86,5,0,0.05813953488372093,0.0
BQ.1.20,1700467,18,18,18,18,18,0,0,0.0,0.0
BQ.1.21,1726434,67,67,67,67,67,0,0,0.0,0.0
BQ.1.22,1698468,101,23,23,97,97,78,4,0.7722772277227723,0.039603960396039604
BQ.1.23,1684854,389,387,387,387,387,2,2,0.005141388174807198,0.005141388174807198
BQ.1.24,1741194,41,39,39,40,40,2,1,0.04878048780487805,0.024390243902439025
BQ.1.25,1678852,132,132,132,132,132,0,0,0.0,0.0
BQ.1.25.1,1704575,69,69,69,69,69,0,0,0.0,0.0
BQ.1.26,1654966,24,24,24,24,24,0,0,0.0,0.0
BQ.1.26.1,1696423,177,177,177,177,177,0,0,0.0,0.0
BQ.1.26.2,1717348,1,1,1,1,1,0,0,0.0,0.0
BQ.1.27,1712975,17,17,17,17,17,0,0,0.0,0.0
BQ.1.28,1711734,50,50,50,50,50,0,0,0.0,0.0
BQ.1.29,1720646,17,17,17,17,17,0,0,0.0,0.0
BQ.1.3,1642271,64,64,64,64,64,0,0,0.0,0.0
BQ.1.3.1,1684896,187,187,187,187,187,0,0,0.0,0.0
BQ.1.3.2,1656936,344,344,344,344,344,0,0,0.0,0.0
BQ.1.31,1715992,49,26,26,26,26,23,23,0.46938775510204084,0.46938775510204084
BQ.1.32,1773175,14,11,11,14,14,3,0,0.21428571428571427,0.0
BQ.1.33,1742563,2,2,2,2,2,0,0,0.0,0.0
BQ.1.4,1654967,70,70,70,70,70,0,0,0.0,0.0
BQ.1.5,1656812,508,508,507,508,507,0,0,0.0,0.0
BQ.1.6,1625449,244,244,244,244,244,0,0,0.0,0.0
BQ.1.7,1660738,24,24,24,24,24,0,0,0.0,0.0
BQ.1.8,1657967,1069,1069,1068,1069,1068,0,0,0.0,0.0
BQ.1.8.1,1707425,4,4,4,4,4,0,0,0.0,0.0
BQ.1.8.2,1657080,212,212,212,212,212,0,0,0.0,0.0
BQ.1.9,1654969,21,21,21,21,21,0,0,0.0,0.0
BQ.2,1649136,23,23,23,23,23,0,0,0.0,0.0
BR.1,1641375,76,76,76,76,76,0,0,0.0,0.0
BR.1.2,1664970,38,38,38,38,38,0,0,0.0,0.0
BR.2,1738899,2,2,2,2,2,0,0,0.0,0.0
BR.2.1,1700691,222,222,222,222,222,0,0,0.0,0.0
BR.4,1712562,2,2,2,2,2,0,0,0.0,0.0
BR.5,1703014,5,5,5,5,5,0,0,0.0,0.0
BT.1,1517516,39,39,39,39,39,0,0,0.0,0.0
BT.2,1558700,111,111,111,111,111,0,0,0.0,0.0
BU.1,1639236,166,166,165,166,165,0,0,0.0,0.0
BU.2,1626390,24,24,24,24,24,0,0,0.0,0.0
BU.3,1696932,13,13,13,13,13,0,0,0.0,0.0
BV.1,1619039,29,29,29,29,29,0,0,0.0,0.0
BV.2,1649816,13,8,8,8,8,5,5,0.38461538461538464,0.38461538461538464
BW.1,3407755,30,30,30,30,30,0,0,0.0,0.0
BW.1.1,1687962,58,58,58,58,58,0,0,0.0,0.0
BW.1.1.1,1786377,22,22,22,22,22,0,0,0.0,0.0
BW.1.1.2,1729380,7,7,7,7,7,0,0,0.0,0.0
BY.1,1632252,88,88,88,88,88,0,0,0.0,0.0
BY.1.2,1675079,16,16,16,16,16,0,0,0.0,0.0
BY.1.2.1,1676237,1,1,1,1,1,0,0,0.0,0.0
BZ.1,1571374,79,79,79,79,79,0,0,0.0,0.0
BZ.2,1618133,25,25,25,25,25,0,0,0.0,0.0
C.1,22807,6,5,5,6,6,1,0,0.16666666666666666,0.0
C.16,80412,116,116,116,116,116,0,0,0.0,0.0
C.17,212302,66,62,62,66,66,4,0,0.06060606060606061,0.0
C.18,53939,3,3,3,3,3,0,0,0.0,0.0
C.2,27048,1,1,1,1,1,0,0,0.0,0.0
C.26,18918,1,1,1,1,1,0,0,0.0,0.0
C.27,13263,39,39,39,39,39,0,0,0.0,0.0
C.28,17658,6,6,6,6,6,0,0,0.0,0.0
C.3,17408,105,105,105,105,105,0,0,0.0,0.0
C.30,28004,390,390,390,390,390,0,0,0.0,0.0
C.33,66979,1,1,1,1,1,0,0,0.0,0.0
C.35,26312,149,149,149,149,149,0,0,0.0,0.0
C.36,2171,12,12,12,12,12,0,0,0.0,0.0
C.36.3,212301,178,178,178,178,178,0,0,0.0,0.0
C.36.3.1,277649,6,6,6,6,6,0,0,0.0,0.0
CA.1,1656767,51,51,51,51,51,0,0,0.0,0.0
CA.2,1644567,4,1,1,1,1,3,3,0.75,0.75
CA.3,1641905,20,20,20,20,20,0,0,0.0,0.0
CA.3.1,1696396,34,34,34,34,34,0,0,0.0,0.0
CA.5,1632466,23,23,23,23,23,0,0,0.0,0.0
CA.6,1675747,1,1,1,1,1,0,0,0.0,0.0
CA.7,1678131,109,109,109,109,109,0,0,0.0,0.0
CB.1,1639466,46,46,46,46,46,0,0,0.0,0.0
CC.1,1738897,2,2,2,2,2,0,0,0.0,0.0
CD.1,1617289,15,15,15,15,15,0,0,0.0,0.0
CD.2,1618642,40,40,40,40,40,0,0,0.0,0.0
CE.1,1593114,55,55,55,55,55,0,0,0.0,0.0
CF.1,1673399,8,3,3,3,3,5,5,0.625,0.625
CG.1,1592725,44,44,44,44,44,0,0,0.0,0.0
CH.1,1670907,7,7,7,7,7,0,0,0.0,0.0
CH.1.1,1677112,3509,3509,3509,3509,3509,0,0,0.0,0.0
CH.1.1.1,1711189,1180,1180,1180,1180,1180,0,0,0.0,0.0
CH.1.1.10,1712568,166,166,166,166,166,0,0,0.0,0.0
CH.1.1.11,1697138,136,136,136,136,136,0,0,0.0,0.0
CH.1.1.12,1712651,397,397,397,397,397,0,0,0.0,0.0
CH.1.1.13,1716492,180,180,180,180,180,0,0,0.0,0.0
CH.1.1.14,1715942,89,89,89,89,89,0,0,0.0,0.0
CH.1.1.15,1749550,54,54,54,54,54,0,0,0.0,0.0
CH.1.1.16,1754105,20,20,20,20,20,0,0,0.0,0.0
CH.1.1.18,1705562,52,52,52,52,52,0,0,0.0,0.0
CH.1.1.19,1709581,343,320,320,343,343,23,0,0.06705539358600583,0.0
CH.1.1.2,1710590,600,600,600,600,600,0,0,0.0,0.0
CH.1.1.20,1780029,12,12,12,12,12,0,0,0.0,0.0
CH.1.1.21,1725216,32,27,27,32,32,5,0,0.15625,0.0
CH.1.1.22,1754493,22,22,22,22,22,0,0,0.0,0.0
CH.1.1.23,1742057,20,20,20,20,20,0,0,0.0,0.0
CH.1.1.24,1705425,82,81,48,81,48,1,1,0.012195121951219513,0.012195121951219513
CH.1.1.25,1705141,142,142,142,142,142,0,0,0.0,0.0
CH.1.1.26,1778108,6,5,5,6,6,1,0,0.16666666666666666,0.0
CH.1.1.27,1753494,21,16,16,21,21,5,0,0.23809523809523808,0.0
CH.1.1.28,1711153,123,123,123,123,123,0,0,0.0,0.0
CH.1.1.29,1823679,1,1,1,1,1,0,0,0.0,0.0
CH.1.1.3,1725841,57,57,57,57,57,0,0,0.0,0.0
CH.1.1.30,1751265,9,9,9,9,9,0,0,0.0,0.0
CH.1.1.32,1801297,16,16,16,16,16,0,0,0.0,0.0
CH.1.1.5,1705546,199,199,199,199,199,0,0,0.0,0.0
CH.1.1.6,1717500,244,244,244,244,244,0,0,0.0,0.0
CH.1.1.7,1729361,12,12,12,12,12,0,0,0.0,0.0
CH.1.1.8,1728275,109,109,109,109,109,0,0,0.0,0.0
CH.1.1.9,1712110,114,114,114,114,114,0,0,0.0,0.0
CH.2,1640418,4,4,4,4,4,0,0,0.0,0.0
CH.3.1,1727536,1,1,1,1,1,0,0,0.0,0.0
CJ.1,1682446,2,1,1,1,1,1,1,0.5,0.5
CJ.1.1,1742979,16,16,16,16,16,0,0,0.0,0.0
CJ.1.2,1694595,119,119,119,119,119,0,0,0.0,0.0
CJ.1.3,1805632,8,8,8,8,8,0,0,0.0,0.0
CK.1,1636116,171,163,163,163,163,8,8,0.04678362573099415,0.04678362573099415
CK.1.2,1674090,4,4,4,4,4,0,0,0.0,0.0
CK.1.3,1729313,19,19,19,19,19,0,0,0.0,0.0
CK.1.4,1700434,55,55,55,55,55,0,0,0.0,0.0
CK.1.5,1677382,34,34,34,34,34,0,0,0.0,0.0
CK.2,1646226,57,43,43,43,43,14,14,0.24561403508771928,0.24561403508771928
CK.2.1,1652528,122,122,122,122,122,0,0,0.0,0.0
CK.2.1.1,1675875,121,121,121,121,121,0,0,0.0,0.0
CK.3,1696461,48,48,48,48,48,0,0,0.0,0.0
CL.1,1673361,302,302,302,302,302,0,0,0.0,0.0
CL.1.1,1708244,14,14,14,14,14,0,0,0.0,0.0
CL.1.2,1778007,2,2,2,2,2,0,0,0.0,0.0
CL.1.3,1697672,16,16,16,16,16,0,0,0.0,0.0
CM.1,1681762,3,3,3,3,3,0,0,0.0,0.0
CM.10,1751273,5,5,5,5,5,0,0,0.0,0.0
CM.12,1773081,2,2,2,2,2,0,0,0.0,0.0
CM.2,1658115,137,137,137,137,137,0,0,0.0,0.0
CM.2.1,1784806,2,2,2,2,2,0,0,0.0,0.0
CM.3,3408704,7,7,7,7,7,0,0,0.0,0.0
CM.4,1661836,37,37,37,37,37,0,0,0.0,0.0
CM.4.1,1699307,4,4,4,4,4,0,0,0.0,0.0
CM.5,1687959,22,22,22,22,22,0,0,0.0,0.0
CM.5.2,1698472,8,8,8,8,8,0,0,0.0,0.0
CM.6,1673716,1,1,1,1,1,0,0,0.0,0.0
CM.7,1694491,1,1,1,1,1,0,0,0.0,0.0
CM.7.1,1725813,3,3,3,3,3,0,0,0.0,0.0
CM.8.1,1722742,67,67,67,67,67,0,0,0.0,0.0
CM.8.1.4,1742814,1,1,1,1,1,0,0,0.0,0.0
CM.9,1681159,1,1,1,1,1,0,0,0.0,0.0
CN.1,1648491,100,100,100,100,100,0,0,0.0,0.0
CN.2,1655849,87,87,87,87,87,0,0,0.0,0.0
CP.1,1634380,68,68,68,68,68,0,0,0.0,0.0
CP.1.1,1660635,25,25,25,25,25,0,0,0.0,0.0
CP.1.2,1683781,17,17,17,17,17,0,0,0.0,0.0
CP.1.3,1681029,7,7,7,7,7,0,0,0.0,0.0
CP.2,1699695,4,4,4,4,4,0,0,0.0,0.0
CP.3,1692275,5,5,5,5,5,0,0,0.0,0.0
CP.4,1676121,18,18,18,18,18,0,0,0.0,0.0
CP.5,1700352,11,8,8,8,8,3,3,0.2727272727272727,0.2727272727272727
CP.6,1657955,5,5,5,5,5,0,0,0.0,0.0
CP.8,1678857,21,21,21,21,21,0,0,0.0,0.0
CQ.1,1666426,53,53,53,53,53,0,0,0.0,0.0
CQ.1.1,1658199,29,29,29,29,29,0,0,0.0,0.0
CQ.2,1699928,90,90,90,90,90,0,0,0.0,0.0
CR.1,1670897,72,62,62,65,65,10,7,0.1388888888888889,0.09722222222222222
CR.1.1,1692287,33,33,33,33,33,0,0,0.0,0.0
CR.1.3,1708094,16,16,16,16,16,0,0,0.0,0.0
CR.2,1645740,12,12,12,12,12,0,0,0.0,0.0
CS.1,1672622,4,4,4,4,4,0,0,0.0,0.0
CT.1,1652714,5,4,4,4,4,1,1,0.2,0.2
CU.1,1676861,1,1,1,1,1,0,0,0.0,0.0
CV.1,1685723,77,77,77,77,77,0,0,0.0,0.0
CW.1,1688008,4,4,4,4,4,0,0,0.0,0.0
CY.1,3407757,8,8,8,8,8,0,0,0.0,0.0
CZ.1,1679936,1,1,1,1,1,0,0,0.0,0.0
CZ.2,1699227,17,12,12,17,17,5,0,0.29411764705882354,0.0
D.2,15818,8813,8813,8813,8813,8813,0,0,0.0,0.0
D.3,19997,137,137,137,137,137,0,0,0.0,0.0
D.4,29737,12,12,12,12,12,0,0,0.0,0.0
DA.1,1639425,2,2,2,2,2,0,0,0.0,0.0
DB.1,1699929,33,33,33,33,33,0,0,0.0,0.0
DB.2,1705265,9,9,9,9,9,0,0,0.0,0.0
DC.1,1687929,33,33,33,33,33,0,0,0.0,0.0
DE.1,1521967,56,55,55,56,56,1,0,0.017857142857142856,0.0
DE.2,3400748,37,37,37,37,37,0,0,0.0,0.0
DF.1,1611098,113,113,113,113,113,0,0,0.0,0.0
DF.1.1,1694801,53,51,51,53,53,2,0,0.03773584905660377,0.0
DG.1,1692038,18,18,18,18,18,0,0,0.0,0.0
DH.1,1641342,38,38,38,38,38,0,0,0.0,0.0
DK.1,1711183,44,44,44,44,44,0,0,0.0,0.0
DM.1,1743990,4,4,4,4,4,0,0,0.0,0.0
DN.1,1686834,125,102,102,125,125,23,0,0.184,0.0
DN.1.1,1694680,234,234,234,234,234,0,0,0.0,0.0
DN.1.1.1,1750724,9,9,9,9,9,0,0,0.0,0.0
DN.1.1.2,1726025,20,20,20,20,20,0,0,0.0,0.0
DN.1.1.3,1711840,60,60,60,60,60,0,0,0.0,0.0
DN.1.1.4,1740178,37,37,37,37,37,0,0,0.0,0.0
DN.2,1681988,250,242,242,250,250,8,0,0.032,0.0
DN.3,1749023,2,2,2,2,2,0,0,0.0,0.0
DP.1,1725910,12,12,12,12,12,0,0,0.0,0.0
DQ.1,1717133,6,6,6,6,6,0,0,0.0,0.0
DR.1,1694328,36,36,36,36,36,0,0,0.0,0.0
DR.2,1719572,24,24,24,24,24,0,0,0.0,0.0
DS.1,1751252,27,27,27,27,27,0,0,0.0,0.0
DS.2,1755191,25,25,25,25,25,0,0,0.0,0.0
DS.3,1705124,211,211,211,211,211,0,0,0.0,0.0
DT.1,1722723,32,32,32,32,32,0,0,0.0,0.0
DT.2,1746735,85,82,82,85,85,3,0,0.03529411764705882,0.0
DT.3,1750209,8,8,8,8,8,0,0,0.0,0.0
DU.1,1720618,388,388,388,388,388,0,0,0.0,0.0
DV.1,1783481,34,31,31,33,33,3,1,0.08823529411764706,0.029411764705882353
DV.1.1,1730100,266,266,266,266,266,0,0,0.0,0.0
DV.2,1722788,99,99,99,99,99,0,0,0.0,0.0
DV.3,1711758,223,223,223,223,223,0,0,0.0,0.0
DV.3.1,1712676,61,61,61,61,61,0,0,0.0,0.0
DV.4,1760558,5,5,5,5,5,0,0,0.0,0.0
DV.5,1760488,33,32,32,32,32,1,1,0.030303030303030304,0.030303030303030304
DV.6,1710825,1296,1279,1278,1296,1295,17,0,0.013117283950617283,0.0
DV.6.1,1783463,11,11,11,11,11,0,0,0.0,0.0
DV.6.2,1825099,1,1,1,1,1,0,0,0.0,0.0
DV.7,1767896,76,76,76,76,76,0,0,0.0,0.0
DV.7.1,1828634,44,44,44,44,44,0,0,0.0,0.0
DV.7.1.1,1857010,9,9,9,9,9,0,0,0.0,0.0
DV.7.1.2,1831893,29,29,29,29,29,0,0,0.0,0.0
DV.7.1.3,1853730,13,13,13,13,13,0,0,0.0,0.0
DV.7.1.4,1828487,54,54,54,54,54,0,0,0.0,0.0
DV.7.1.5,1828491,45,45,45,45,45,0,0,0.0,0.0
DV.7.1.6,1839638,6,6,6,6,6,0,0,0.0,0.0
DV.7.1.8,1851908,2,2,2,2,2,0,0,0.0,0.0
DV.8,1782328,3,3,3,3,3,0,0,0.0,0.0
DW.1,1732349,1,1,1,1,1,0,0,0.0,0.0
DY.1,1785565,3,3,3,3,3,0,0,0.0,0.0
DY.2,1731725,5,5,5,5,5,0,0,0.0,0.0
DY.3,1736320,2,2,2,2,2,0,0,0.0,0.0
DY.4,1734722,3,3,3,3,3,0,0,0.0,0.0
EA.1,1732580,30,29,29,30,30,1,0,0.03333333333333333,0.0
EA.2,1720337,1,1,1,1,1,0,0,0.0,0.0
EB.1,1671822,44,43,43,44,44,1,0,0.022727272727272728,0.0
EC.1,1703711,96,96,96,96,96,0,0,0.0,0.0
EC.1.1,1721938,90,90,90,90,90,0,0,0.0,0.0
ED.2,1676610,77,77,77,77,77,0,0,0.0,0.0
ED.3,1794582,22,13,13,22,22,9,0,0.4090909090909091,0.0
EE.1,1654710,80,76,75,80,79,4,0,0.05,0.0
EE.2,1705788,59,59,59,59,59,0,0,0.0,0.0
EE.3,1738988,4,4,4,4,4,0,0,0.0,0.0
EE.4,1780476,10,6,6,6,6,4,4,0.4,0.4
EE.5,1695658,67,66,66,66,66,1,1,0.014925373134328358,0.014925373134328358
EF.1,1695261,359,359,357,359,357,0,0,0.0,0.0
EF.1.1,1690686,369,369,369,369,369,0,0,0.0,0.0
EF.1.1.1,1760530,34,34,34,34,34,0,0,0.0,0.0
EF.1.2,1712131,41,41,41,41,41,0,0,0.0,0.0
EF.1.3,1734129,10,10,10,10,10,0,0,0.0,0.0
EF.2,1706293,228,228,228,228,228,0,0,0.0,0.0
EF.3,1707032,4,4,4,4,4,0,0,0.0,0.0
EG.1,1743910,377,377,373,377,373,0,0,0.0,0.0
EG.1.1,1809290,1,1,1,1,1,0,0,0.0,0.0
EG.1.2,1792671,41,40,40,41,41,1,0,0.024390243902439025,0.0
EG.1.3,1780126,128,128,128,128,128,0,0,0.0,0.0
EG.1.4,1765803,74,74,74,74,74,0,0,0.0,0.0
EG.1.5,1822442,21,21,21,21,21,0,0,0.0,0.0
EG.1.6,1738262,64,64,64,64,64,0,0,0.0,0.0
EG.1.7,1822323,5,5,5,5,5,0,0,0.0,0.0
EG.1.8,1823988,11,10,10,11,11,1,0,0.09090909090909091,0.0
EG.10,1848091,1,1,1,1,1,0,0,0.0,0.0
EG.10.1,1829548,54,54,54,54,54,0,0,0.0,0.0
EG.10.1.1,1829547,130,130,130,130,130,0,0,0.0,0.0
EG.11,1830378,7,7,7,7,7,0,0,0.0,0.0
EG.13,1771884,52,52,52,52,52,0,0,0.0,0.0
EG.14,1813127,41,21,21,21,21,20,20,0.4878048780487805,0.4878048780487805
EG.2,1798715,66,50,50,66,66,16,0,0.24242424242424243,0.0
EG.2.5,1818183,1,1,1,1,1,0,0,0.0,0.0
EG.3,1745358,62,62,62,62,62,0,0,0.0,0.0
EG.4,1761585,118,113,113,118,118,5,0,0.0423728813559322,0.0
EG.4.1,1802567,2,2,2,2,2,0,0,0.0,0.0
EG.4.3,1813411,8,5,5,8,8,3,0,0.375,0.0
EG.4.4,1810837,8,8,8,8,8,0,0,0.0,0.0
EG.4.5,1843355,1,1,1,1,1,0,0,0.0,0.0
EG.5,1816039,16,16,16,16,16,0,0,0.0,0.0
EG.5.1,1805404,1345,1345,1335,1345,1335,0,0,0.0,0.0
EG.5.1.1,1845920,2036,2036,2027,2036,2029,0,0,0.0,0.0
EG.5.1.10,1823286,44,44,44,44,44,0,0,0.0,0.0
EG.5.1.12,1856448,13,13,13,13,13,0,0,0.0,0.0
EG.5.1.13,1820966,392,392,388,392,388,0,0,0.0,0.0
EG.5.1.14,1824356,185,185,185,185,185,0,0,0.0,0.0
EG.5.1.15,1814182,125,124,124,125,125,1,0,0.008,0.0
EG.5.1.16,1819111,313,312,312,313,313,1,0,0.003194888178913738,0.0
EG.5.1.17,1851256,2,1,1,1,1,1,1,0.5,0.5
EG.5.1.18,1831906,11,11,11,11,11,0,0,0.0,0.0
EG.5.1.19,1828290,69,63,63,69,69,6,0,0.08695652173913043,0.0
EG.5.1.2,1828616,30,30,30,30,30,0,0,0.0,0.0
EG.5.1.3,1816590,1329,1329,1328,1329,1328,0,0,0.0,0.0
EG.5.1.4,1824027,978,976,976,978,978,2,0,0.002044989775051125,0.0
EG.5.1.5,1821076,111,111,111,111,111,0,0,0.0,0.0
EG.5.1.6,1824123,747,696,696,747,747,51,0,0.06827309236947791,0.0
EG.5.1.7,1830919,32,21,21,32,32,11,0,0.34375,0.0
EG.5.1.8,1858099,133,126,126,126,126,7,7,0.05263157894736842,0.05263157894736842
EG.5.1.9,1828269,58,58,58,58,58,0,0,0.0,0.0
EG.5.2,1809241,220,220,220,220,220,0,0,0.0,0.0
EG.5.2.1,1818778,106,106,106,106,106,0,0,0.0,0.0
EG.5.2.3,1824130,40,40,40,40,40,0,0,0.0,0.0
EG.5.2.4,1826934,4,4,4,4,4,0,0,0.0,0.0
EG.6,1815722,1,1,1,1,1,0,0,0.0,0.0
EG.6.1,1815488,372,372,370,372,370,0,0,0.0,0.0
EG.6.1.1,1841532,23,23,23,23,23,0,0,0.0,0.0
EG.6.1.2,1847326,3,3,3,3,3,0,0,0.0,0.0
EG.7,1825377,20,20,20,20,20,0,0,0.0,0.0
EG.8,1809696,28,28,28,28,28,0,0,0.0,0.0
EG.9.1,1820222,4,4,4,4,4,0,0,0.0,0.0
EH.1,1782283,9,9,9,9,9,0,0,0.0,0.0
EJ.1,1709146,10,10,10,10,10,0,0,0.0,0.0
EJ.2,1683066,28,28,28,28,28,0,0,0.0,0.0
EK.1,1768980,2,2,2,2,2,0,0,0.0,0.0
EK.2,1759361,72,45,45,72,72,27,0,0.375,0.0
EK.2.1,1763123,22,22,22,22,22,0,0,0.0,0.0
EK.3,1768453,39,18,18,18,18,21,21,0.5384615384615384,0.5384615384615384
EK.4,1786257,15,8,8,8,8,7,7,0.4666666666666667,0.4666666666666667
EL.1,1781183,32,31,31,31,31,1,1,0.03125,0.03125
EM.1,1740205,208,204,204,208,208,4,0,0.019230769230769232,0.0
EN.1,1755529,33,30,30,30,30,3,3,0.09090909090909091,0.09090909090909091
EN.1.1,1818471,3,3,3,3,3,0,0,0.0,0.0
EQ.1,1669551,23,23,23,23,23,0,0,0.0,0.0
ER.1,1712995,53,53,53,53,53,0,0,0.0,0.0
ER.1.1,1722932,50,50,50,50,50,0,0,0.0,0.0
ES.1,1777019,9,9,9,9,9,0,0,0.0,0.0
ET.1,1728342,75,75,75,75,75,0,0,0.0,0.0
EU.1,1810234,1,1,1,1,1,0,0,0.0,0.0
EU.1.1,1761492,225,225,225,225,225,0,0,0.0,0.0
EU.1.1.1,1760277,60,60,60,60,60,0,0,0.0,0.0
EU.1.1.2,1812654,12,12,12,12,12,0,0,0.0,0.0
EU.1.1.3,1817789,30,30,30,30,30,0,0,0.0,0.0
EV.1,1780026,12,12,12,12,12,0,0,0.0,0.0
EW.1,1744513,12,11,11,12,12,1,0,0.08333333333333333,0.0
EW.2,1737503,39,39,39,39,39,0,0,0.0,0.0
EW.3,1754643,7,7,7,7,7,0,0,0.0,0.0
EY.1,1760354,37,22,22,22,22,15,15,0.40540540540540543,0.40540540540540543
EZ.1,1742947,114,114,113,114,113,0,0,0.0,0.0
FA.1,1751304,17,17,17,17,17,0,0,0.0,0.0
FA.2,1683599,52,52,52,52,52,0,0,0.0,0.0
FB.1,1792664,11,11,11,11,11,0,0,0.0,0.0
FB.2,1748395,11,11,11,11,11,0,0,0.0,0.0
FC.1,1723208,2,2,2,2,2,0,0,0.0,0.0
FD.1,1757473,56,56,56,56,56,0,0,0.0,0.0
FD.1.1,1806014,125,125,125,125,125,0,0,0.0,0.0
FD.2,1735501,447,446,446,446,446,1,1,0.0022371364653243847,0.0022371364653243847
FD.2.1,1813777,1,1,1,1,1,0,0,0.0,0.0
FD.3,1779132,15,15,15,15,15,0,0,0.0,0.0
FD.4,1732563,225,218,218,222,222,7,3,0.03111111111111111,0.013333333333333334
FD.4.1,1752604,28,28,28,28,28,0,0,0.0,0.0
FD.5,1797716,9,8,8,8,8,1,1,0.1111111111111111,0.1111111111111111
FD.5.1,1835328,46,46,46,46,46,0,0,0.0,0.0
FE.1,1786456,19,19,19,19,19,0,0,0.0,0.0
FE.1.1,1786359,81,81,81,81,81,0,0,0.0,0.0
FE.1.1.1,1808897,33,33,33,33,33,0,0,0.0,0.0
FE.1.1.2,1806935,14,14,14,14,14,0,0,0.0,0.0
FE.1.1.3,1826273,1,1,1,1,1,0,0,0.0,0.0
FE.1.1.5,1836428,7,7,7,7,7,0,0,0.0,0.0
FE.1.2,1789391,151,151,151,151,151,0,0,0.0,0.0
FF.1,1715357,26,26,26,26,26,0,0,0.0,0.0
FG.1,1786381,25,25,25,25,25,0,0,0.0,0.0
FG.2,1806463,71,71,71,71,71,0,0,0.0,0.0
FG.3,1755641,28,25,25,25,25,3,3,0.10714285714285714,0.10714285714285714
FH.1,1749016,63,62,62,62,62,1,1,0.015873015873015872,0.015873015873015872
FJ.1,1720156,80,80,80,80,80,0,0,0.0,0.0
FL.1,1755527,81,81,81,81,81,0,0,0.0,0.0
FL.1.1,1747531,49,49,49,49,49,0,0,0.0,0.0
FL.1.2,1791091,21,21,21,21,21,0,0,0.0,0.0
FL.1.3,1814735,21,21,21,21,21,0,0,0.0,0.0
FL.1.4,1813880,10,10,10,10,10,0,0,0.0,0.0
FL.1.5,1822042,72,72,72,72,72,0,0,0.0,0.0
FL.1.5.1,1814682,3345,3345,3344,3345,3344,0,0,0.0,0.0
FL.1.5.2,1840638,22,22,22,22,22,0,0,0.0,0.0
FL.1.6,1826440,4,4,4,4,4,0,0,0.0,0.0
FL.10,1747309,91,91,91,91,91,0,0,0.0,0.0
FL.10.1,1809542,64,64,64,64,64,0,0,0.0,0.0
FL.11,1813773,11,11,11,11,11,0,0,0.0,0.0
FL.12,1779144,66,53,53,66,66,13,0,0.19696969696969696,0.0
FL.13,1747829,63,63,63,63,63,0,0,0.0,0.0
FL.13.1,1821544,4,3,3,4,4,1,0,0.25,0.0
FL.13.2,1806016,15,15,15,15,15,0,0,0.0,0.0
FL.13.3,1779131,54,54,54,54,54,0,0,0.0,0.0
FL.13.3.1,1782957,10,10,10,10,10,0,0,0.0,0.0
FL.14,1808881,14,14,14,14,14,0,0,0.0,0.0
FL.15,1821334,85,85,85,85,85,0,0,0.0,0.0
FL.15.1.1,1855970,90,90,90,90,90,0,0,0.0,0.0
FL.15.3,1828376,17,17,17,17,17,0,0,0.0,0.0
FL.15.4,1832048,2,2,2,2,2,0,0,0.0,0.0
FL.16,1827354,30,29,29,30,30,1,0,0.03333333333333333,0.0
FL.17,1768035,24,24,24,24,24,0,0,0.0,0.0
FL.17.2,1815824,1,1,1,1,1,0,0,0.0,0.0
FL.18,1770524,77,74,74,77,77,3,0,0.03896103896103896,0.0
FL.18.1,1806417,6,6,6,6,6,0,0,0.0,0.0
FL.19,1830063,28,28,28,28,28,0,0,0.0,0.0
FL.19.1,1821388,23,23,23,23,23,0,0,0.0,0.0
FL.2,1753376,180,174,174,180,180,6,0,0.03333333333333333,0.0
FL.2.1,1770242,47,43,43,43,43,4,4,0.0851063829787234,0.0851063829787234
FL.2.2,1822752,2,2,2,2,2,0,0,0.0,0.0
FL.2.3,1797381,45,45,45,45,45,0,0,0.0,0.0
FL.2.3.1,1852711,3,3,3,3,3,0,0,0.0,0.0
FL.2.4,1816054,14,14,14,14,14,0,0,0.0,0.0
FL.2.5,1834558,3,3,3,3,3,0,0,0.0,0.0
FL.2.6,1812099,2,2,2,2,2,0,0,0.0,0.0
FL.2.7,1786424,20,20,20,20,20,0,0,0.0,0.0
FL.2.7.1,1832327,10,8,8,10,10,2,0,0.2,0.0
FL.20,1820315,77,77,77,77,77,0,0,0.0,0.0
FL.20.1,1822768,18,18,18,18,18,0,0,0.0,0.0
FL.20.2,1825209,73,73,73,73,73,0,0,0.0,0.0
FL.21,1819058,9,4,4,4,4,5,5,0.5555555555555556,0.5555555555555556
FL.21.1,1822394,4,4,4,4,4,0,0,0.0,0.0
FL.21.2,1821408,1,1,1,1,1,0,0,0.0,0.0
FL.22,1808894,9,8,8,8,8,1,1,0.1111111111111111,0.1111111111111111
FL.23,1820824,2,2,2,2,2,0,0,0.0,0.0
FL.23.1,1820671,6,6,6,6,6,0,0,0.0,0.0
FL.24,1826530,29,29,29,29,29,0,0,0.0,0.0
FL.24.1,1831509,17,17,17,17,17,0,0,0.0,0.0
FL.25,1855727,40,29,29,29,29,11,11,0.275,0.275
FL.26,1759770,32,31,31,32,32,1,0,0.03125,0.0
FL.26.1,1787275,5,5,5,5,5,0,0,0.0,0.0
FL.27,1779143,79,79,79,79,79,0,0,0.0,0.0
FL.28,1820040,5,5,5,5,5,0,0,0.0,0.0
FL.29,1825248,50,50,50,50,50,0,0,0.0,0.0
FL.3,1734915,494,494,494,494,494,0,0,0.0,0.0
FL.3.1,1755225,220,217,217,220,220,3,0,0.013636363636363636,0.0
FL.3.2,1738022,120,120,120,120,120,0,0,0.0,0.0
FL.3.3,1759355,66,66,66,66,66,0,0,0.0,0.0
FL.3.4,1768123,43,43,43,43,43,0,0,0.0,0.0
FL.31,1754891,22,22,22,22,22,0,0,0.0,0.0
FL.31.1,1830890,5,5,5,5,5,0,0,0.0,0.0
FL.33,1792485,9,9,9,9,9,0,0,0.0,0.0
FL.33.1,1835208,3,2,2,2,2,1,1,0.3333333333333333,0.3333333333333333
FL.35,1790228,5,5,5,5,5,0,0,0.0,0.0
FL.35.1,1828012,2,2,2,2,2,0,0,0.0,0.0
FL.37,1815336,6,6,6,6,6,0,0,0.0,0.0
FL.39,1798709,5,5,5,5,5,0,0,0.0,0.0
FL.4,1756589,391,376,376,391,391,15,0,0.03836317135549872,0.0
FL.4.1,1790237,5,5,5,5,5,0,0,0.0,0.0
FL.4.1.1,1814218,3,3,3,3,3,0,0,0.0,0.0
FL.4.10,1822692,1,1,1,1,1,0,0,0.0,0.0
FL.4.11,1819129,3,3,3,3,3,0,0,0.0,0.0
FL.4.3,1820032,7,7,7,7,7,0,0,0.0,0.0
FL.4.5,1795328,16,16,16,16,16,0,0,0.0,0.0
FL.4.6,1814959,17,16,16,17,17,1,0,0.058823529411764705,0.0
FL.4.7,1810436,1,1,1,1,1,0,0,0.0,0.0
FL.4.9,1820330,26,26,26,26,26,0,0,0.0,0.0
FL.5,1755542,230,218,218,230,230,12,0,0.05217391304347826,0.0
FL.5.1,1821242,15,10,10,15,15,5,0,0.3333333333333333,0.0
FL.7,1803711,37,19,19,37,37,18,0,0.4864864864864865,0.0
FL.8,1755208,109,109,109,109,109,0,0,0.0,0.0
FL.9,1757474,41,40,40,40,40,1,1,0.024390243902439025,0.024390243902439025
FM.1,1721478,48,48,48,48,48,0,0,0.0,0.0
FM.2,1775642,11,6,6,6,6,5,5,0.45454545454545453,0.45454545454545453
FN.1,1761904,9,9,9,9,9,0,0,0.0,0.0
FP.2.1,1822926,4,4,4,4,4,0,0,0.0,0.0
FP.2.1.1,1825000,5,5,5,5,5,0,0,0.0,0.0
FP.3,1823016,1,1,1,1,1,0,0,0.0,0.0
FQ.1,1778766,1,1,1,1,1,0,0,0.0,0.0
FR.1,1754554,8,8,8,8,8,0,0,0.0,0.0
FR.1.1,1823005,5,5,5,5,5,0,0,0.0,0.0
FR.1.2,1820904,2,2,2,2,2,0,0,0.0,0.0
FR.1.4,1824930,1,1,1,1,1,0,0,0.0,0.0
FS.1,1740233,129,129,129,129,129,0,0,0.0,0.0
FT.1,1793663,4,4,4,4,4,0,0,0.0,0.0
FT.2,1819785,1,1,1,1,1,0,0,0.0,0.0
FT.3,1761243,42,41,41,41,41,1,1,0.023809523809523808,0.023809523809523808
FT.3.1,1824292,9,9,9,9,9,0,0,0.0,0.0
FT.3.1.1,1824120,41,41,41,41,41,0,0,0.0,0.0
FT.4,1816388,2,2,2,2,2,0,0,0.0,0.0
FU.1,1789135,296,296,296,296,296,0,0,0.0,0.0
FU.1.1,1820065,7,6,6,6,6,1,1,0.14285714285714285,0.14285714285714285
FU.1.1.1,1828223,13,13,13,13,13,0,0,0.0,0.0
FU.2,1796833,294,293,293,293,293,1,1,0.003401360544217687,0.003401360544217687
FU.2.1,1799951,144,144,144,144,144,0,0,0.0,0.0
FU.3,1806076,9,9,9,9,9,0,0,0.0,0.0
FU.3.1,1812578,1,1,1,1,1,0,0,0.0,0.0
FU.4,1797668,3,3,3,3,3,0,0,0.0,0.0
FY.1,1782339,15,15,14,15,14,0,0,0.0,0.0
FY.1.1,1835925,3,3,3,3,3,0,0,0.0,0.0
FY.1.2,1824007,32,32,32,32,32,0,0,0.0,0.0
FY.1.2.1,1833642,7,7,7,7,7,0,0,0.0,0.0
FY.1.2.2,1847870,6,5,5,5,5,1,1,0.16666666666666666,0.16666666666666666
FY.1.2.3,1840641,19,19,19,19,19,0,0,0.0,0.0
FY.1.4,1811768,6,6,6,6,6,0,0,0.0,0.0
FY.1.4.1,1827898,42,40,40,42,42,2,0,0.047619047619047616,0.0
FY.2,1807968,56,56,56,56,56,0,0,0.0,0.0
FY.2.1,1802768,13,13,13,13,13,0,0,0.0,0.0
FY.3,1820639,9,9,9,9,9,0,0,0.0,0.0
FY.3.1,1823349,34,34,34,34,34,0,0,0.0,0.0
FY.3.2,1829312,38,38,38,38,38,0,0,0.0,0.0
FY.3.3,1823018,21,21,21,21,21,0,0,0.0,0.0
FY.4,1815879,0,0,0,0,0,0,0,,
FY.4.1,1818689,12,12,12,12,12,0,0,0.0,0.0
FY.4.1.1,1827222,23,22,22,22,22,1,1,0.043478260869565216,0.043478260869565216
FY.4.1.2,1824463,11,11,11,11,11,0,0,0.0,0.0
FY.4.2,1826664,27,27,27,27,27,0,0,0.0,0.0
FY.5,1834077,22,22,22,22,22,0,0,0.0,0.0
FY.5.1,1839649,15,15,15,15,15,0,0,0.0,0.0
FY.5.1.1,1851869,55,55,55,55,55,0,0,0.0,0.0
FY.5.2,1823964,6,5,5,6,6,1,0,0.16666666666666666,0.0
FY.5.4,1831170,7,7,7,7,7,0,0,0.0,0.0
FY.5.5,1824889,65,65,65,65,65,0,0,0.0,0.0
FY.5.5.1,1844381,65,65,65,65,65,0,0,0.0,0.0
FY.6,1818024,3,2,2,2,2,1,1,0.3333333333333333,0.3333333333333333
FY.8,1857739,3,3,3,3,3,0,0,0.0,0.0
FY.9,1825384,13,13,13,13,13,0,0,0.0,0.0
FZ.1,1757929,49,49,49,49,49,0,0,0.0,0.0
FZ.1.1,1786369,23,23,23,23,23,0,0,0.0,0.0
FZ.2,1747640,34,31,31,31,31,3,3,0.08823529411764706,0.08823529411764706
G.1,35946,22,22,22,22,22,0,0,0.0,0.0
GA.1,1785570,21,21,21,21,21,0,0,0.0,0.0
GA.10,1795471,2,2,2,2,2,0,0,0.0,0.0
GA.2,1773084,16,16,16,16,16,0,0,0.0,0.0
GA.3,1783514,4,4,4,4,4,0,0,0.0,0.0
GA.5,1810305,13,13,13,13,13,0,0,0.0,0.0
GA.6,1790206,16,16,16,16,16,0,0,0.0,0.0
GA.6.1,1806436,13,13,13,13,13,0,0,0.0,0.0
GA.7.2,1804735,1,1,1,1,1,0,0,0.0,0.0
GB.1,1812632,34,34,34,34,34,0,0,0.0,0.0
GB.2,1765807,18,18,18,18,18,0,0,0.0,0.0
GC.1,1761469,16,16,16,16,16,0,0,0.0,0.0
GC.2,1745492,30,30,30,30,30,0,0,0.0,0.0
GD.1,1805046,37,37,37,37,37,0,0,0.0,0.0
GD.2,1769421,5,5,5,5,5,0,0,0.0,0.0
GE.1,1815693,283,283,283,283,283,0,0,0.0,0.0
GE.1.1,1829065,9,8,8,8,8,1,1,0.1111111111111111,0.1111111111111111
GE.1.2,1827215,7,6,6,6,6,1,1,0.14285714285714285,0.14285714285714285
GE.1.3,1820048,31,31,31,31,31,0,0,0.0,0.0
GE.1.4,1819686,117,117,117,117,117,0,0,0.0,0.0
GE.1.5,1826858,29,29,29,29,29,0,0,0.0,0.0
GE.1.6,1843096,11,11,11,11,11,0,0,0.0,0.0
GF.1,1787148,38,38,38,38,38,0,0,0.0,0.0
GG.1,1807403,9,9,9,9,9,0,0,0.0,0.0
GH.1,1816361,10,10,10,10,10,0,0,0.0,0.0
GJ.1,1818692,4,4,4,4,4,0,0,0.0,0.0
GJ.1.2,1817420,629,625,624,625,624,4,4,0.006359300476947536,0.006359300476947536
GJ.1.2.1,1848965,13,13,13,13,13,0,0,0.0,0.0
GJ.1.2.2,1833223,218,218,218,218,218,0,0,0.0,0.0
GJ.1.2.4,1830394,8,8,8,8,8,0,0,0.0,0.0
GJ.1.2.5,1828798,24,23,23,24,24,1,0,0.041666666666666664,0.0
GJ.1.2.6,1828458,1,1,1,1,1,0,0,0.0,0.0
GJ.1.2.7,1846309,5,5,5,5,5,0,0,0.0,0.0
GJ.1.2.8,1830094,25,25,19,25,19,0,0,0.0,0.0
GJ.2,1825144,6,6,6,6,6,0,0,0.0,0.0
GJ.3,1800346,15,15,15,15,15,0,0,0.0,0.0
GJ.4,1774791,49,49,49,49,49,0,0,0.0,0.0
GJ.5,1814177,37,37,37,37,37,0,0,0.0,0.0
GJ.5.1,1830923,7,6,6,7,7,1,0,0.14285714285714285,0.0
GJ.6,1842194,2,2,2,2,2,0,0,0.0,0.0
GK.1,1831721,27,27,27,27,27,0,0,0.0,0.0
GK.1.1,1831720,342,342,342,342,342,0,0,0.0,0.0
GK.1.1.1,1831719,141,141,141,141,141,0,0,0.0,0.0
GK.1.10,1854863,9,9,9,9,9,0,0,0.0,0.0
GK.1.2,1849238,6,6,6,6,6,0,0,0.0,0.0
GK.1.5,1852707,2,2,2,2,2,0,0,0.0,0.0
GK.1.6,1831711,29,29,29,29,29,0,0,0.0,0.0
GK.1.6.1,1834035,35,35,35,35,35,0,0,0.0,0.0
GK.1.7,1853667,3,3,3,3,3,0,0,0.0,0.0
GK.1.9,1831932,3,3,3,3,3,0,0,0.0,0.0
GK.12,1849794,1,1,1,1,1,0,0,0.0,0.0
GK.2,1831741,143,143,143,143,143,0,0,0.0,0.0
GK.2.1,1833049,88,88,88,88,88,0,0,0.0,0.0
GK.2.1.1,1833562,11,11,11,11,11,0,0,0.0,0.0
GK.2.2,1834065,3,3,3,3,3,0,0,0.0,0.0
GK.2.3,1841546,8,7,7,8,8,1,0,0.125,0.0
GK.2.4,1837676,24,24,24,24,24,0,0,0.0,0.0
GK.3,1831705,5,5,5,5,5,0,0,0.0,0.0
GK.3.1,1831704,100,100,100,100,100,0,0,0.0,0.0
GK.3.2,1831698,8,8,8,8,8,0,0,0.0,0.0
GK.4,1843955,15,15,15,15,15,0,0,0.0,0.0
GK.5.1,1853669,2,2,2,2,2,0,0,0.0,0.0
GK.6,1834784,10,10,10,10,10,0,0,0.0,0.0
GK.7,1851906,12,12,12,12,12,0,0,0.0,0.0
GK.8,1839680,1,1,1,1,1,0,0,0.0,0.0
GK.8.1,1839537,7,7,7,7,7,0,0,0.0,0.0
GM.3,1816721,1,1,1,1,1,0,0,0.0,0.0
GN.1,1821161,79,79,79,79,79,0,0,0.0,0.0
GN.1.1,1835360,54,52,52,54,54,2,0,0.037037037037037035,0.0
GN.1.2,1849560,4,3,3,3,3,1,1,0.25,0.25
GN.2,1825655,1,1,1,1,1,0,0,0.0,0.0
GN.3,1820645,2,2,2,2,2,0,0,0.0,0.0
GN.4,1821524,7,4,4,4,4,3,3,0.42857142857142855,0.42857142857142855
GP.1,1776917,22,21,21,22,22,1,0,0.045454545454545456,0.0
GP.2,1710591,95,95,95,95,95,0,0,0.0,0.0
GP.3,1725011,41,41,41,41,41,0,0,0.0,0.0
GR.1,1816676,43,31,31,35,35,12,8,0.27906976744186046,0.18604651162790697
GS.1,1814955,68,68,68,68,68,0,0,0.0,0.0
GS.3,1825380,22,22,22,22,22,0,0,0.0,0.0
GS.4,1822839,82,82,82,82,82,0,0,0.0,0.0
GS.4.1,1826921,272,272,272,272,272,0,0,0.0,0.0
GS.4.1.1,1841073,2,2,2,2,2,0,0,0.0,0.0
GS.7,1851479,2,2,2,2,2,0,0,0.0,0.0
GU.1,1781168,80,80,80,80,80,0,0,0.0,0.0
GV.1,1801318,77,77,77,77,77,0,0,0.0,0.0
GW.2,1762114,24,24,24,24,24,0,0,0.0,0.0
GW.3,1769047,1,1,1,1,1,0,0,0.0,0.0
GW.4,1787733,2,2,2,2,2,0,0,0.0,0.0
GY.1,1833247,5,5,5,5,5,0,0,0.0,0.0
GY.1.1,1839683,4,4,4,4,4,0,0,0.0,0.0
GY.2.1,1811373,6,6,6,6,6,0,0,0.0,0.0
GY.5,1812772,65,65,65,65,65,0,0,0.0,0.0
GY.6,1821554,35,32,32,35,35,3,0,0.08571428571428572,0.0
GY.7,1824987,16,16,16,16,16,0,0,0.0,0.0
GY.8,1845994,5,4,4,4,4,1,1,0.2,0.2
GZ.1,1797378,76,76,76,76,76,0,0,0.0,0.0
HA.1,1825503,6,6,6,6,6,0,0,0.0,0.0
HA.2,1819724,22,22,22,22,22,0,0,0.0,0.0
HC.3,1834886,14,14,14,14,14,0,0,0.0,0.0
HD.1,1820820,3,3,3,3,3,0,0,0.0,0.0
HD.1.1,1832313,2,2,2,2,2,0,0,0.0,0.0
HE.1,1819367,286,286,286,286,286,0,0,0.0,0.0
HE.2,1823163,11,11,11,11,11,0,0,0.0,0.0
HF.1,1824016,513,513,513,513,513,0,0,0.0,0.0
HF.1.1,1824417,225,225,225,225,225,0,0,0.0,0.0
HF.1.2,1825565,64,63,63,64,64,1,0,0.015625,0.0
HG.1,1824976,2,2,2,2,2,0,0,0.0,0.0
HG.2,1829034,31,31,31,31,31,0,0,0.0,0.0
HG.3,1829640,1,1,1,1,1,0,0,0.0,0.0
HH.1,1810308,60,60,60,60,60,0,0,0.0,0.0
HH.1.1,1823265,8,8,8,8,8,0,0,0.0,0.0
HH.2,1810293,24,23,23,24,24,1,0,0.041666666666666664,0.0
HH.2.1,1832907,1,1,1,1,1,0,0,0.0,0.0
HH.5,1820089,16,16,16,16,16,0,0,0.0,0.0
HH.6,1846213,4,4,4,4,4,0,0,0.0,0.0
HH.7,1803777,40,40,40,40,40,0,0,0.0,0.0
HH.8,1822320,8,8,8,8,8,0,0,0.0,0.0
HH.8.1,1841132,2,2,2,2,2,0,0,0.0,0.0
HJ.1,1778017,37,34,34,34,34,3,3,0.08108108108108109,0.08108108108108109
HK.1,1879205,16,8,8,8,8,8,8,0.5,0.5
HK.1.2,1850023,4,4,4,4,4,0,0,0.0,0.0
HK.11,1827223,32,32,32,32,32,0,0,0.0,0.0
HK.11.1,1833056,31,31,31,31,31,0,0,0.0,0.0
HK.12,1851731,3,2,2,3,3,1,0,0.3333333333333333,0.0
HK.13,1835363,79,78,78,79,79,1,0,0.012658227848101266,0.0
HK.13.1,1850938,56,35,35,35,35,21,21,0.375,0.375
HK.13.2.1,1865200,5,5,5,5,5,0,0,0.0,0.0
HK.15,1829328,16,16,16,16,16,0,0,0.0,0.0
HK.16,1835906,8,8,8,8,8,0,0,0.0,0.0
HK.17,1831113,16,8,8,16,16,8,0,0.5,0.0
HK.19,1835365,18,5,5,18,13,13,0,0.7222222222222222,0.0
HK.2,1832658,6,5,5,6,6,1,0,0.16666666666666666,0.0
HK.2.1,1852472,10,8,8,8,8,2,2,0.2,0.2
HK.20.1,1851701,72,72,72,72,72,0,0,0.0,0.0
HK.21,1855647,2,2,2,2,2,0,0,0.0,0.0
HK.23,1865751,7,3,3,3,3,4,4,0.5714285714285714,0.5714285714285714
HK.24,1832354,1,1,1,1,1,0,0,0.0,0.0
HK.24.1,1866725,11,9,9,9,9,2,2,0.18181818181818182,0.18181818181818182
HK.26,1837744,119,119,119,119,119,0,0,0.0,0.0
HK.26.1,1863530,15,15,15,15,15,0,0,0.0,0.0
HK.27,1835137,29,18,18,18,18,11,11,0.3793103448275862,0.3793103448275862
HK.27.1,1831675,68,40,40,68,68,28,0,0.4117647058823529,0.0
HK.27.1.1,1847350,17,17,17,17,17,0,0,0.0,0.0
HK.28,1826924,141,140,140,141,141,1,0,0.0070921985815602835,0.0
HK.29,1825830,144,144,144,144,144,0,0,0.0,0.0
HK.3,1830097,892,797,797,892,892,95,0,0.10650224215246637,0.0
HK.3.1,1842593,85,64,64,80,80,21,5,0.24705882352941178,0.058823529411764705
HK.3.10,1863943,9,9,9,9,9,0,0,0.0,0.0
HK.3.12,1850059,35,35,35,35,35,0,0,0.0,0.0
HK.3.13,1842608,24,24,24,24,24,0,0,0.0,0.0
HK.3.14,1847301,15,7,7,7,7,8,8,0.5333333333333333,0.5333333333333333
HK.3.2,1847894,155,155,155,155,155,0,0,0.0,0.0
HK.3.2.1,1856424,24,24,24,24,24,0,0,0.0,0.0
HK.3.2.2,1850539,36,36,36,36,36,0,0,0.0,0.0
HK.3.3,1857506,18,10,10,10,10,8,8,0.4444444444444444,0.4444444444444444
HK.3.4,1829779,69,69,69,69,69,0,0,0.0,0.0
HK.3.5,1860283,4,4,4,4,4,0,0,0.0,0.0
HK.3.7,1845918,6,6,6,6,6,0,0,0.0,0.0
HK.3.8,1855651,3,3,3,3,3,0,0,0.0,0.0
HK.3.9,1849489,5,4,4,5,5,1,0,0.2,0.0
HK.30,1828633,59,57,57,59,59,2,0,0.03389830508474576,0.0
HK.31,1826614,177,177,177,177,177,0,0,0.0,0.0
HK.32,1870333,3,2,2,2,2,1,1,0.3333333333333333,0.3333333333333333
HK.33,1862900,12,6,6,6,6,6,6,0.5,0.5
HK.4,1826160,4,2,2,2,2,2,2,0.5,0.5
HK.5,1845058,1,1,1,1,1,0,0,0.0,0.0
HK.6,1827290,155,154,154,154,154,1,1,0.0064516129032258064,0.0064516129032258064
HK.7,1832654,63,62,62,62,62,1,1,0.015873015873015872,0.015873015873015872
HK.8,1837574,11,7,7,7,7,4,4,0.36363636363636365,0.36363636363636365
HK.8.1,1881494,21,21,21,21,21,0,0,0.0,0.0
HK.9,1832081,7,7,7,7,7,0,0,0.0,0.0
HL.1,1821048,5,5,5,5,5,0,0,0.0,0.0
HN.1,1827139,168,156,156,160,160,12,8,0.07142857142857142,0.047619047619047616
HN.2,1830689,58,58,58,58,58,0,0,0.0,0.0
HN.2.1,1840698,12,4,4,12,12,8,0,0.6666666666666666,0.0
HN.3,1832544,11,5,5,11,11,6,0,0.5454545454545454,0.0
HN.3.1,1828102,39,39,39,39,39,0,0,0.0,0.0
HN.4,1829041,86,86,86,86,86,0,0,0.0,0.0
HN.4.1,1826357,1,1,1,1,1,0,0,0.0,0.0
HN.4.2,1848670,1,1,1,1,1,0,0,0.0,0.0
HN.5,1847918,92,92,92,92,92,0,0,0.0,0.0
HN.6,1822790,90,90,90,90,90,0,0,0.0,0.0
HN.7,1843094,10,10,10,10,10,0,0,0.0,0.0
HN.8,1862307,2,1,1,1,1,1,1,0.5,0.5
HP.1,1810867,9,9,9,9,9,0,0,0.0,0.0
HP.1.1,1821443,33,33,33,33,33,0,0,0.0,0.0
HS.1,1818100,45,34,34,45,45,11,0,0.24444444444444444,0.0
HS.1.1,1828650,18,18,18,18,18,0,0,0.0,0.0
HT.1,1751280,61,61,61,61,61,0,0,0.0,0.0
HT.2,1769358,84,78,78,81,81,6,3,0.07142857142857142,0.03571428571428571
HU.1,1819053,8,7,7,7,7,1,1,0.125,0.125
HU.1.1,1824990,19,19,19,19,19,0,0,0.0,0.0
HV.1,1825887,7002,7002,6999,7002,6999,0,0,0.0,0.0
HV.1.1,1836606,303,286,286,303,303,17,0,0.056105610561056105,0.0
HV.1.10,1849566,67,67,67,67,67,0,0,0.0,0.0
HV.1.11,1863083,11,11,11,11,11,0,0,0.0,0.0
HV.1.2,1834599,88,59,57,88,86,29,0,0.32954545454545453,0.0
HV.1.3,1831921,45,45,45,45,45,0,0,0.0,0.0
HV.1.4,1828185,122,122,122,122,122,0,0,0.0,0.0
HV.1.5,1833829,85,83,83,85,85,2,0,0.023529411764705882,0.0
HV.1.6,1839651,175,175,175,175,175,0,0,0.0,0.0
HV.1.6.1,1871546,4,4,4,4,4,0,0,0.0,0.0
HV.1.7,1852448,33,33,33,33,33,0,0,0.0,0.0
HV.1.8,1830035,88,88,88,88,88,0,0,0.0,0.0
HV.1.9,1847469,6,6,6,6,6,0,0,0.0,0.0
HV.2,1857769,9,9,9,9,9,0,0,0.0,0.0
HY.1,1819382,89,89,89,89,89,0,0,0.0,0.0
HZ.1,1812161,214,214,214,214,214,0,0,0.0,0.0
HZ.2,1793622,98,98,98,98,98,0,0,0.0,0.0
HZ.3,1758500,73,73,73,73,73,0,0,0.0,0.0
JA.1,1830901,8,8,8,8,8,0,0,0.0,0.0
JB.2,1829008,1,1,1,1,1,0,0,0.0,0.0
JC.1,1845024,12,12,12,12,12,0,0,0.0,0.0
JC.3,1843960,4,4,4,4,4,0,0,0.0,0.0
JC.4,1856989,7,4,4,7,7,3,0,0.42857142857142855,0.0
JC.6,1844347,6,6,6,6,6,0,0,0.0,0.0
JD.1,1846600,26,26,26,26,26,0,0,0.0,0.0
JD.1.1,1829245,838,837,836,837,836,1,1,0.0011933174224343676,0.0011933174224343676
JD.1.1.1,1840680,241,238,238,241,241,3,0,0.012448132780082987,0.0
JD.1.1.2,1852719,4,4,4,4,4,0,0,0.0,0.0
JD.1.1.3,1850371,73,73,73,73,73,0,0,0.0,0.0
JD.1.1.4,1879227,3,3,3,3,3,0,0,0.0,0.0
JD.1.1.5,1845954,30,30,30,30,30,0,0,0.0,0.0
JD.1.1.6,1865825,18,14,14,18,18,4,0,0.2222222222222222,0.0
JD.1.1.7,1830495,132,130,130,130,130,2,2,0.015151515151515152,0.015151515151515152
JD.1.1.8,1843524,83,83,83,83,83,0,0,0.0,0.0
JD.1.2,1848606,2,2,2,2,2,0,0,0.0,0.0
JD.2,1799557,17,10,10,10,10,7,7,0.4117647058823529,0.4117647058823529
JD.2.1,1838496,4,4,4,4,4,0,0,0.0,0.0
JE.1,1869020,13,13,13,13,13,0,0,0.0,0.0
JE.1.1,1854504,2,2,2,2,2,0,0,0.0,0.0
JE.1.1.1,1855025,25,24,24,24,24,1,1,0.04,0.04
JF.1,1828273,235,235,235,235,235,0,0,0.0,0.0
JF.1.1,1830369,444,423,423,440,440,21,4,0.0472972972972973,0.009009009009009009
JF.1.1.2,1843757,16,16,16,16,16,0,0,0.0,0.0
JF.2,1825165,9,9,9,9,9,0,0,0.0,0.0
JF.3,1838201,3,3,3,3,3,0,0,0.0,0.0
JF.4,1832084,419,110,110,418,418,309,1,0.7374701670644391,0.002386634844868735
JG.1,1832072,24,24,24,24,24,0,0,0.0,0.0
JG.2,1827546,40,40,40,40,40,0,0,0.0,0.0
JG.3,1832406,778,777,777,777,777,1,1,0.0012853470437017994,0.0012853470437017994
JG.3.1,1833020,242,242,242,242,242,0,0,0.0,0.0
JG.3.2,1850006,141,139,139,141,141,2,0,0.014184397163120567,0.0
JG.3.3,1855701,5,5,5,5,5,0,0,0.0,0.0
JG.3.4,1844907,14,14,14,14,14,0,0,0.0,0.0
JG.4,1827932,33,33,33,33,33,0,0,0.0,0.0
JJ.1,1843977,23,22,22,23,23,1,0,0.043478260869565216,0.0
JK.1,1762980,46,38,38,38,38,8,8,0.17391304347826086,0.17391304347826086
JM.1,1850018,8,8,8,8,8,0,0,0.0,0.0
JM.2,1863553,11,7,7,8,8,4,3,0.36363636363636365,0.2727272727272727
JN.1,1854872,7448,7448,7446,7448,7446,0,0,0.0,0.0
JN.1.1,1854731,1571,1217,1210,1571,1560,354,0,0.22533418204964992,0.0
JN.1.1.1,1868147,33,15,15,18,18,18,15,0.5454545454545454,0.45454545454545453
JN.1.1.10,1862921,13,12,12,12,12,1,1,0.07692307692307693,0.07692307692307693
JN.1.1.2,1868129,11,7,7,7,7,4,4,0.36363636363636365,0.36363636363636365
JN.1.1.3,1873673,14,8,7,8,7,6,6,0.42857142857142855,0.42857142857142855
JN.1.1.4,1879487,10,5,5,8,8,5,2,0.5,0.2
JN.1.1.5,1862972,13,13,13,13,13,0,0,0.0,0.0
JN.1.1.6,1893259,11,2,2,2,2,9,9,0.8181818181818182,0.8181818181818182
JN.1.1.7,1872067,15,11,11,12,12,4,3,0.26666666666666666,0.2
JN.1.10,1872422,4,1,1,4,4,3,0,0.75,0.0
JN.1.11,1868912,39,30,30,30,30,9,9,0.23076923076923078,0.23076923076923078
JN.1.11.1,1876749,53,42,42,42,42,11,11,0.20754716981132076,0.20754716981132076
JN.1.12,1877463,1,1,1,1,1,0,0,0.0,0.0
JN.1.13,1869386,9,3,3,3,3,6,6,0.6666666666666666,0.6666666666666666
JN.1.13.1,1878343,221,189,189,189,189,32,32,0.14479638009049775,0.14479638009049775
JN.1.14,1873477,14,14,14,14,14,0,0,0.0,0.0
JN.1.15,1888508,9,2,2,2,2,7,7,0.7777777777777778,0.7777777777777778
JN.1.16,1882665,100,31,31,95,95,69,5,0.69,0.05
JN.1.16.1,1889669,61,36,36,41,41,25,20,0.4098360655737705,0.32786885245901637
JN.1.16.2,1889485,4,2,2,2,2,2,2,0.5,0.5
JN.1.16.3,1891233,7,4,4,4,4,3,3,0.42857142857142855,0.42857142857142855
JN.1.17,1863841,42,42,42,42,42,0,0,0.0,0.0
JN.1.18,1875834,171,83,83,154,153,88,17,0.5146198830409356,0.09941520467836257
JN.1.18.2,1888679,18,13,13,13,13,5,5,0.2777777777777778,0.2777777777777778
JN.1.18.3,1889455,22,18,18,18,18,4,4,0.18181818181818182,0.18181818181818182
JN.1.18.4,1891017,1,1,1,1,1,0,0,0.0,0.0
JN.1.18.6,1891214,3,2,2,2,2,1,1,0.3333333333333333,0.3333333333333333
JN.1.19,1857778,218,139,139,218,218,79,0,0.3623853211009174,0.0
JN.1.2,1858390,241,212,210,212,210,29,29,0.12033195020746888,0.12033195020746888
JN.1.2.1,1880810,1,1,1,1,1,0,0,0.0,0.0
JN.1.20,1875317,23,8,8,20,20,15,3,0.6521739130434783,0.13043478260869565
JN.1.21,1877510,19,6,6,19,19,13,0,0.6842105263157895,0.0
JN.1.22,1862467,233,190,189,233,233,43,0,0.18454935622317598,0.0
JN.1.23,1887925,8,8,8,8,8,0,0,0.0,0.0
JN.1.23.1,1889220,1,1,1,1,1,0,0,0.0,0.0
JN.1.24,1858812,25,11,11,14,14,14,11,0.56,0.44
JN.1.24.1,1884307,3,1,1,2,2,2,1,0.6666666666666666,0.3333333333333333
JN.1.25,1872256,7,4,4,7,7,3,0,0.42857142857142855,0.0
JN.1.25.1,1885682,3,3,3,3,3,0,0,0.0,0.0
JN.1.26,1880754,10,8,8,9,9,2,1,0.2,0.1
JN.1.27,1872073,16,14,14,14,14,2,2,0.125,0.125
JN.1.28,1878471,14,3,3,5,5,11,9,0.7857142857142857,0.6428571428571429
JN.1.28.1,1874773,4,4,3,4,3,0,0,0.0,0.0
JN.1.29,1875293,59,29,29,29,29,30,30,0.5084745762711864,0.5084745762711864
JN.1.29.1,1890026,1,1,1,1,1,0,0,0.0,0.0
JN.1.3,1876429,32,17,17,30,30,15,2,0.46875,0.0625
JN.1.30,1874007,27,10,10,26,26,17,1,0.6296296296296297,0.037037037037037035
JN.1.30.1,1877769,5,5,5,5,5,0,0,0.0,0.0
JN.1.31,1863733,93,46,45,46,45,47,47,0.5053763440860215,0.5053763440860215
JN.1.32,1872771,119,33,33,113,113,86,6,0.7226890756302521,0.05042016806722689
JN.1.32.1,1882151,14,10,10,11,11,4,3,0.2857142857142857,0.21428571428571427
JN.1.34,1883593,25,8,8,20,20,17,5,0.68,0.2
JN.1.35,1877353,2,1,1,1,1,1,1,0.5,0.5
JN.1.36,1886640,2,2,2,2,2,0,0,0.0,0.0
JN.1.37,1880492,13,2,2,3,3,11,10,0.8461538461538461,0.7692307692307693
JN.1.38,1865804,130,93,93,130,130,37,0,0.2846153846153846,0.0
JN.1.39,1855163,452,346,345,346,345,106,106,0.2345132743362832,0.2345132743362832
JN.1.39.1,1890887,3,3,3,3,3,0,0,0.0,0.0
JN.1.39.2,1889668,5,3,3,3,3,2,2,0.4,0.4
JN.1.39.3,1882802,14,11,8,11,8,3,3,0.21428571428571427,0.21428571428571427
JN.1.4,1857777,4741,3772,3764,4741,4728,969,0,0.20438726007171482,0.0
JN.1.4.1,1870741,25,25,25,25,25,0,0,0.0,0.0
JN.1.4.2,1864213,260,192,192,192,192,68,68,0.26153846153846155,0.26153846153846155
JN.1.4.3,1879063,51,43,42,43,42,8,8,0.1568627450980392,0.1568627450980392
JN.1.4.4,1879465,20,13,13,14,14,7,6,0.35,0.3
JN.1.4.5,1858216,1030,727,725,777,775,303,253,0.2941747572815534,0.24563106796116504
JN.1.4.6,1873273,64,20,20,52,48,44,12,0.6875,0.1875
JN.1.4.7,1857107,54,41,41,44,44,13,10,0.24074074074074073,0.18518518518518517
JN.1.4.8,1890176,29,19,19,19,19,10,10,0.3448275862068966,0.3448275862068966
JN.1.40,1889315,6,2,2,2,2,4,4,0.6666666666666666,0.6666666666666666
JN.1.41,1856709,58,58,58,58,58,0,0,0.0,0.0
JN.1.42,1859367,263,115,115,115,115,148,148,0.5627376425855514,0.5627376425855514
JN.1.42.1,1880068,6,3,3,3,3,3,3,0.5,0.5
JN.1.42.2,1893083,12,6,6,6,6,6,6,0.5,0.5
JN.1.43,1857776,158,132,132,158,158,26,0,0.16455696202531644,0.0
JN.1.43.1,1868063,92,70,69,70,69,22,22,0.2391304347826087,0.2391304347826087
JN.1.44,1865247,23,17,17,21,20,6,2,0.2608695652173913,0.08695652173913043
JN.1.44.1,1891310,1,1,1,1,1,0,0,0.0,0.0
JN.1.45,1862469,156,118,117,156,156,38,0,0.24358974358974358,0.0
JN.1.46,1866135,119,108,108,108,108,11,11,0.09243697478991597,0.09243697478991597
JN.1.47,1861498,55,46,46,46,46,9,9,0.16363636363636364,0.16363636363636364
JN.1.47.1,1885978,5,3,3,3,3,2,2,0.4,0.4
JN.1.47.2,1861397,61,56,56,56,56,5,5,0.08196721311475409,0.08196721311475409
JN.1.48,1875270,7,6,6,6,6,1,1,0.14285714285714285,0.14285714285714285
JN.1.48.1,1892278,1,1,1,1,1,0,0,0.0,0.0
JN.1.48.2,1891946,1,1,1,1,1,0,0,0.0,0.0
JN.1.48.3,1891694,3,3,3,3,3,0,0,0.0,0.0
JN.1.49,1871922,19,13,13,17,17,6,2,0.3157894736842105,0.10526315789473684
JN.1.49.1,1879458,6,4,4,4,4,2,2,0.3333333333333333,0.3333333333333333
JN.1.5,1866729,63,51,51,51,51,12,12,0.19047619047619047,0.19047619047619047
JN.1.50,1891604,8,8,8,8,8,0,0,0.0,0.0
JN.1.50.1,1891935,7,7,7,7,7,0,0,0.0,0.0
JN.1.50.2,1892458,2,2,2,2,2,0,0,0.0,0.0
JN.1.51,1880922,9,4,4,4,4,5,5,0.5555555555555556,0.5555555555555556
JN.1.51.1,1891080,5,4,4,4,4,1,1,0.2,0.2
JN.1.52,1864867,67,28,28,28,28,39,39,0.582089552238806,0.582089552238806
JN.1.53,1866724,22,12,12,20,20,10,2,0.45454545454545453,0.09090909090909091
JN.1.53.1,1876755,12,10,10,10,10,2,2,0.16666666666666666,0.16666666666666666
JN.1.54,1883282,15,13,13,13,13,2,2,0.13333333333333333,0.13333333333333333
JN.1.54.1,1886009,2,2,2,2,2,0,0,0.0,0.0
JN.1.55,1866733,29,21,21,29,29,8,0,0.27586206896551724,0.0
JN.1.55.1,1891116,2,2,2,2,2,0,0,0.0,0.0
JN.1.55.2,1885744,1,1,1,1,1,0,0,0.0,0.0
JN.1.56,1868653,6,1,1,1,1,5,5,0.8333333333333334,0.8333333333333334
JN.1.57,1889358,5,4,3,4,3,1,1,0.2,0.2
JN.1.57.1,1889336,4,4,4,4,4,0,0,0.0,0.0
JN.1.58,1866149,17,9,9,17,17,8,0,0.47058823529411764,0.0
JN.1.58.3,1882334,2,1,1,1,1,1,1,0.5,0.5
JN.1.59,1873755,32,28,28,32,32,4,0,0.125,0.0
JN.1.6,1862488,186,144,144,182,182,42,4,0.22580645161290322,0.021505376344086023
JN.1.6.1,1871084,28,18,18,18,18,10,10,0.35714285714285715,0.35714285714285715
JN.1.60,1872995,21,10,10,10,10,11,11,0.5238095238095238,0.5238095238095238
JN.1.61,1880147,3,1,1,3,3,2,0,0.6666666666666666,0.0
JN.1.62,1890675,11,11,11,11,11,0,0,0.0,0.0
JN.1.63,1877509,14,5,4,14,14,9,0,0.6428571428571429,0.0
JN.1.63.1,1876642,2,1,1,1,1,1,1,0.5,0.5
JN.1.64,1863313,43,34,34,43,43,9,0,0.20930232558139536,0.0
JN.1.64.1,1879807,10,4,4,4,4,6,6,0.6,0.6
JN.1.65,1877150,5,5,5,5,5,0,0,0.0,0.0
JN.1.65.1,1892040,5,5,5,5,5,0,0,0.0,0.0
JN.1.7,1856865,570,459,459,459,459,111,111,0.19473684210526315,0.19473684210526315
JN.1.7.1,1879529,9,8,8,8,8,1,1,0.1111111111111111,0.1111111111111111
JN.1.7.2,1880280,64,48,48,53,53,16,11,0.25,0.171875
JN.1.7.3,1884451,7,4,4,7,7,3,0,0.42857142857142855,0.0
JN.1.7.5,1870246,178,135,135,136,135,43,42,0.24157303370786518,0.23595505617977527
JN.1.7.7,1890555,2,1,1,1,1,1,1,0.5,0.5
JN.1.7.9,1893262,2,1,1,1,1,1,1,0.5,0.5
JN.1.8,1854908,151,78,72,151,151,73,0,0.48344370860927155,0.0
JN.1.8.1,1855239,586,447,447,447,447,139,139,0.23720136518771331,0.23720136518771331
JN.1.8.2,1880168,9,6,6,7,7,3,2,0.3333333333333333,0.2222222222222222
JN.1.8.3,1857727,72,62,62,62,62,10,10,0.1388888888888889,0.1388888888888889
JN.1.9,1863589,289,190,188,288,288,99,1,0.34256055363321797,0.0034602076124567475
JN.1.9.1,1867317,7,5,5,5,5,2,2,0.2857142857142857,0.2857142857142857
JN.1.9.2,1887942,1,1,1,1,1,0,0,0.0,0.0
JN.10,1865790,31,20,20,23,23,11,8,0.3548387096774194,0.25806451612903225
JN.11,1855063,42,38,38,38,38,4,4,0.09523809523809523,0.09523809523809523
JN.13,1856213,12,3,3,3,3,9,9,0.75,0.75
JN.13.1,1856109,8,7,7,7,7,1,1,0.125,0.125
JN.14,1874102,1,1,1,1,1,0,0,0.0,0.0
JN.16,1890142,3,2,2,3,3,1,0,0.3333333333333333,0.0
JN.18,1855098,160,160,108,160,108,0,0,0.0,0.0
JN.2,1855081,206,157,157,196,160,49,10,0.23786407766990292,0.04854368932038835
JN.2.1,1882424,3,2,2,2,2,1,1,0.3333333333333333,0.3333333333333333
JN.2.2,1876137,13,7,7,7,7,6,6,0.46153846153846156,0.46153846153846156
JN.2.3,1855080,37,33,33,33,33,4,4,0.10810810810810811,0.10810810810810811
JN.2.4,1869755,1,1,1,1,1,0,0,0.0,0.0
JN.2.5,1885693,5,2,2,3,3,3,2,0.6,0.4
JN.3,1856442,98,77,74,98,97,21,0,0.21428571428571427,0.0
JN.3.3,1856994,47,42,42,42,42,5,5,0.10638297872340426,0.10638297872340426
JN.4,1859989,39,24,24,24,24,15,15,0.38461538461538464,0.38461538461538464
JN.5,1868055,8,3,3,7,3,5,1,0.625,0.125
JN.6,1856808,69,61,61,61,61,8,8,0.11594202898550725,0.11594202898550725
JN.7,1865184,83,60,60,60,60,23,23,0.27710843373493976,0.27710843373493976
JN.8,1859435,1,1,1,1,1,0,0,0.0,0.0
JN.9,1859902,32,27,27,27,27,5,5,0.15625,0.15625
JQ.1,1857185,103,103,103,103,103,0,0,0.0,0.0
JQ.2.1,1888203,7,6,6,7,6,1,0,0.14285714285714285,0.0
JQ.2.1.1,1891678,1,1,1,1,1,0,0,0.0,0.0
JS.1,1826107,37,37,37,37,37,0,0,0.0,0.0
JS.2,1831686,19,19,19,19,19,0,0,0.0,0.0
JY.1,1838957,10,9,9,10,10,1,0,0.1,0.0
JY.1.1,1841116,15,15,15,15,15,0,0,0.0,0.0
JZ.1,1820057,24,24,24,24,24,0,0,0.0,0.0
K.3,35054,55,55,55,55,55,0,0,0.0,0.0
KA.1,1835372,13,13,13,13,13,0,0,0.0,0.0
KB.1,1860594,40,40,40,40,40,0,0,0.0,0.0
KB.2,1869011,3,3,3,3,3,0,0,0.0,0.0
KB.3,1845770,2,1,1,2,2,1,0,0.5,0.0
KB.4,1836438,24,24,24,24,24,0,0,0.0,0.0
KC.1,1847923,126,126,126,126,126,0,0,0.0,0.0
KC.1.1,3409103,5,5,5,5,5,0,0,0.0,0.0
KF.1,1855956,1,1,1,1,1,0,0,0.0,0.0
KG.1,1865262,7,7,7,7,7,0,0,0.0,0.0
KH.1,1866148,13,13,13,13,13,0,0,0.0,0.0
KJ.1,1845957,8,8,8,8,8,0,0,0.0,0.0
KK.1,1853178,36,36,36,36,36,0,0,0.0,0.0
KK.2,1873930,1,1,1,1,1,0,0,0.0,0.0
KL.1,1872074,13,13,13,13,13,0,0,0.0,0.0
KL.1.1,1874835,1,1,1,1,1,0,0,0.0,0.0
KP.1,1889875,15,4,4,15,15,11,0,0.7333333333333333,0.0
KP.1.1,1889488,65,58,58,64,64,7,1,0.1076923076923077,0.015384615384615385
KP.1.1.1,1889702,70,47,47,58,58,23,12,0.32857142857142857,0.17142857142857143
KP.1.1.3,1890783,36,36,36,36,36,0,0,0.0,0.0
KP.1.1.4,1891924,1,1,1,1,1,0,0,0.0,0.0
KP.1.1.5,1892946,6,5,5,5,5,1,1,0.16666666666666666,0.16666666666666666
KP.1.2,1891328,13,10,10,10,10,3,3,0.23076923076923078,0.23076923076923078
KP.2,1882670,214,177,177,177,177,37,37,0.17289719626168223,0.17289719626168223
KP.2.1,1891904,9,5,5,6,6,4,3,0.4444444444444444,0.3333333333333333
KP.2.10,1891165,4,4,4,4,4,0,0,0.0,0.0
KP.2.13,1890358,2,2,2,2,2,0,0,0.0,0.0
KP.2.14,1890639,1,1,1,1,1,0,0,0.0,0.0
KP.2.15,1891963,13,11,11,13,13,2,0,0.15384615384615385,0.0
KP.2.16,1889794,5,3,3,3,3,2,2,0.4,0.4
KP.2.2,1889998,64,60,60,60,60,4,4,0.0625,0.0625
KP.2.3,1889789,171,171,171,171,171,0,0,0.0,0.0
KP.2.3.1,1892211,1,1,1,1,1,0,0,0.0,0.0
KP.2.3.3,1890857,3,3,3,3,3,0,0,0.0,0.0
KP.2.5,1890796,5,2,2,4,4,3,1,0.6,0.2
KP.2.6,1892534,1,1,1,1,1,0,0,0.0,0.0
KP.2.7,1892390,5,2,2,4,4,3,1,0.6,0.2
KP.2.8,1892870,1,1,1,1,1,0,0,0.0,0.0
KP.2.9,1889647,1,1,1,1,1,0,0,0.0,0.0
KP.3,1889701,25,24,24,24,24,1,1,0.04,0.04
KP.3.1,1889183,90,83,83,83,83,7,7,0.07777777777777778,0.07777777777777778
KP.3.1.1,1892283,25,25,25,25,25,0,0,0.0,0.0
KP.3.1.2,1891922,3,2,2,2,2,1,1,0.3333333333333333,0.3333333333333333
KP.3.1.4,1890314,46,39,39,45,45,7,1,0.15217391304347827,0.021739130434782608
KP.3.1.5,1892888,4,4,4,4,4,0,0,0.0,0.0
KP.3.1.6,1890664,11,9,9,9,9,2,2,0.18181818181818182,0.18181818181818182
KP.3.2,1890523,31,23,23,23,23,8,8,0.25806451612903225,0.25806451612903225
KP.3.2.1,1891825,2,2,2,2,2,0,0,0.0,0.0
KP.3.2.2,1891830,3,3,3,3,3,0,0,0.0,0.0
KP.3.2.3,1891721,11,8,8,8,8,3,3,0.2727272727272727,0.2727272727272727
KP.3.2.4,1891052,83,82,82,82,82,1,1,0.012048192771084338,0.012048192771084338
KP.3.2.5,1892905,1,1,1,1,1,0,0,0.0,0.0
KP.3.3,1890956,57,53,53,53,53,4,4,0.07017543859649122,0.07017543859649122
KP.3.3.3,1893257,6,4,4,6,6,2,0,0.3333333333333333,0.0
KP.3.4,1893344,3,2,2,2,2,1,1,0.3333333333333333,0.3333333333333333
KP.3.5,1891892,6,4,4,4,4,2,2,0.3333333333333333,0.3333333333333333
KP.4,1886865,6,2,2,5,5,4,1,0.6666666666666666,0.16666666666666666
KP.4.1,1889869,29,21,21,21,21,8,8,0.27586206896551724,0.27586206896551724
KP.4.1.1,1893139,2,2,2,2,2,0,0,0.0,0.0
KP.4.1.2,1892320,1,1,1,1,1,0,0,0.0,0.0
KP.4.2,1881083,10,10,10,10,10,0,0,0.0,0.0
KP.4.2.1,1891680,3,2,2,2,2,1,1,0.3333333333333333,0.3333333333333333
KP.4.2.2,1893186,4,4,4,4,4,0,0,0.0,0.0
KP.5,1890713,9,3,3,7,7,6,2,0.6666666666666666,0.2222222222222222
KQ.1,1881831,86,68,68,68,68,18,18,0.20930232558139536,0.20930232558139536
KR.1,1877320,27,24,24,24,24,3,3,0.1111111111111111,0.1111111111111111
KR.1.1,1890766,11,11,11,11,11,0,0,0.0,0.0
KS.1,1889791,78,75,75,75,75,3,3,0.038461538461538464,0.038461538461538464
KS.1.1,1891192,9,8,8,9,9,1,0,0.1111111111111111,0.0
KS.1.3,1892536,2,2,2,2,2,0,0,0.0,0.0
KT.1,1875602,3,3,3,3,3,0,0,0.0,0.0
KT.1.1,1861104,259,259,258,259,258,0,0,0.0,0.0
KU.1,1887102,3,2,2,2,2,1,1,0.3333333333333333,0.3333333333333333
KU.2,1892039,5,4,4,5,5,1,0,0.2,0.0
KV.1,1883170,1,1,1,1,1,0,0,0.0,0.0
KV.2,1874018,147,99,99,99,99,48,48,0.32653061224489793,0.32653061224489793
KW.1,1881143,8,8,8,8,8,0,0,0.0,0.0
KW.1.1,1890467,13,13,13,13,13,0,0,0.0,0.0
KW.1.1.1,1891438,1,1,1,1,1,0,0,0.0,0.0
KY.1,1886894,1,1,1,1,1,0,0,0.0,0.0
KZ.1,1874708,2,2,2,2,2,0,0,0.0,0.0
KZ.1.1,1892273,2,2,2,2,2,0,0,0.0,0.0
L.1,10318,1,1,1,1,1,0,0,0.0,0.0
L.4,24336,8,8,8,8,8,0,0,0.0,0.0
LA.1,1890181,21,18,18,18,18,3,3,0.14285714285714285,0.14285714285714285
LA.2,1889988,1,1,1,1,1,0,0,0.0,0.0
LB.1,1890007,42,42,42,42,42,0,0,0.0,0.0
LB.1.2,1891895,5,5,5,5,5,0,0,0.0,0.0
LB.1.2.1,1892380,2,2,2,2,2,0,0,0.0,0.0
LB.1.3,1890718,43,43,43,43,43,0,0,0.0,0.0
LB.1.3.1,1893251,3,3,3,3,3,0,0,0.0,0.0
LB.1.3.2,1890685,9,8,8,9,9,1,0,0.1111111111111111,0.0
LB.1.4,1891620,22,15,15,22,22,7,0,0.3181818181818182,0.0
LB.1.7,1890056,35,35,35,35,35,0,0,0.0,0.0
LB.1.7.1,1892878,1,1,1,1,1,0,0,0.0,0.0
LB.1.8,1891812,7,7,7,7,7,0,0,0.0,0.0
LC.1,1884361,1,1,1,1,1,0,0,0.0,0.0
LE.1,1878017,8,4,4,4,4,4,4,0.5,0.5
LE.1.1,1892042,4,4,4,4,4,0,0,0.0,0.0
LF.1,1890843,13,11,11,11,11,2,2,0.15384615384615385,0.15384615384615385
LF.1.1,1890839,5,5,5,5,5,0,0,0.0,0.0
LF.1.1.1,1892123,12,7,7,10,10,5,2,0.4166666666666667,0.16666666666666666
LF.3,1892044,1,1,1,1,1,0,0,0.0,0.0
LF.3.1,1892744,5,5,5,5,5,0,0,0.0,0.0
LF.3.1.1,1892716,5,4,4,4,4,1,1,0.2,0.2
LF.4,1887064,4,3,3,3,3,1,1,0.25,0.25
LF.4.1,1892279,6,6,6,6,6,0,0,0.0,0.0
LF.5,1892035,8,6,6,6,6,2,2,0.25,0.25
LH.1,1892089,1,1,1,1,1,0,0,0.0,0.0
LH.2,1890976,4,4,4,4,4,0,0,0.0,0.0
LJ.1,1884774,10,10,10,10,10,0,0,0.0,0.0
LK.1,1886730,2,1,1,1,1,1,1,0.5,0.5
LK.2.1,1893248,2,2,2,2,2,0,0,0.0,0.0
LL.1,1878941,23,23,23,23,23,0,0,0.0,0.0
LM.1,1885551,1,1,1,1,1,0,0,0.0,0.0
LN.1.1,1891891,5,5,5,5,5,0,0,0.0,0.0
LP.1,1892539,17,17,17,17,17,0,0,0.0,0.0
LP.1.1,1892869,5,5,5,5,5,0,0,0.0,0.0
LP.3,1893351,2,1,1,2,2,1,0,0.5,0.0
LQ.1,1891290,1,1,1,1,1,0,0,0.0,0.0
LQ.1.1,1891853,11,11,11,11,11,0,0,0.0,0.0
LQ.3,1889951,1,1,1,1,1,0,0,0.0,0.0
LR.1,1890640,1,1,1,1,1,0,0,0.0,0.0
LU.2,1892416,1,1,1,1,1,0,0,0.0,0.0
LV.1,1868087,10,10,8,10,8,0,0,0.0,0.0
LW.1,1891729,5,5,5,5,5,0,0,0.0,0.0
LY.1,1892212,1,1,1,1,1,0,0,0.0,0.0
LY.2,1892522,1,1,1,1,1,0,0,0.0,0.0
M.3,67976,6,4,4,6,6,2,0,0.3333333333333333,0.0
MA.1,1893047,4,4,4,4,4,0,0,0.0,0.0
MD.1.1,1891605,7,4,4,4,4,3,3,0.42857142857142855,0.42857142857142855
MD.2,1892168,1,1,1,1,1,0,0,0.0,0.0
MF.1,1892382,4,4,4,4,4,0,0,0.0,0.0
MH.1,1893350,1,1,1,1,1,0,0,0.0,0.0
MK.2,1891931,4,2,2,2,2,2,2,0.5,0.5
ML.2,1893209,1,1,1,1,1,0,0,0.0,0.0
MM.1,1891083,3,3,3,3,3,0,0,0.0,0.0
N.1,12595,28,28,28,28,28,0,0,0.0,0.0
N.4,21482,2,2,2,2,2,0,0,0.0,0.0
P.1,132046,3677,3677,3677,3677,3677,0,0,0.0,0.0
P.1.1,237016,8,5,5,5,5,3,3,0.375,0.375
P.1.10,172486,601,601,601,601,601,0,0,0.0,0.0
P.1.12,313513,10,10,10,10,10,0,0,0.0,0.0
P.1.13,203391,164,164,164,164,164,0,0,0.0,0.0
P.1.14,170410,35,35,35,35,35,0,0,0.0,0.0
P.1.15,189765,736,736,736,736,736,0,0,0.0,0.0
P.1.16,253815,44,42,42,44,44,2,0,0.045454545454545456,0.0
P.1.17,172447,544,544,544,544,544,0,0,0.0,0.0
P.1.17.1,374645,6,6,6,6,6,0,0,0.0,0.0
P.1.2,195682,146,146,146,146,146,0,0,0.0,0.0
P.1.4,455711,1,1,1,1,1,0,0,0.0,0.0
P.1.7,294495,49,43,43,43,43,6,6,0.12244897959183673,0.12244897959183673
P.1.7.1,374642,4,4,4,4,4,0,0,0.0,0.0
P.1.9,434333,1,1,1,1,1,0,0,0.0,0.0
P.2,140666,359,359,359,359,359,0,0,0.0,0.0
Q.1,208579,181,73,73,73,73,108,108,0.5966850828729282,0.5966850828729282
Q.2,284275,2,2,2,2,2,0,0,0.0,0.0
Q.3,101459,753,750,745,753,748,3,0,0.00398406374501992,0.0
Q.4,134233,358,352,352,358,358,6,0,0.01675977653631285,0.0
Q.7,257488,6,6,6,6,6,0,0,0.0,0.0
Q.8,255588,17,17,17,17,17,0,0,0.0,0.0
R.1,168535,897,897,897,897,897,0,0,0.0,0.0
R.2,90303,31,30,30,31,31,1,0,0.03225806451612903,0.0
U.1,92350,55,55,55,55,55,0,0,0.0,0.0
U.3,191225,18,18,18,18,18,0,0,0.0,0.0
V.1,40534,19,19,19,19,19,0,0,0.0,0.0
V.2,50415,11,11,11,11,11,0,0,0.0,0.0
W.1,63584,7,7,7,7,7,0,0,0.0,0.0
W.2,38642,1,1,1,1,1,0,0,0.0,0.0
W.3,30875,117,117,117,117,117,0,0,0.0,0.0
W.4,30594,433,433,433,433,433,0,0,0.0,0.0
XA,132996,39,39,39,39,39,0,0,0.0,0.0
XAA,1406886,22,22,22,22,22,0,0,0.0,0.0
XAB,1480504,3,3,3,3,3,0,0,0.0,0.0
XAC,1488108,19,9,9,19,19,10,0,0.5263157894736842,0.0
XAD,1311512,2,2,2,2,2,0,0,0.0,0.0
XAE,1322988,10,10,10,10,10,0,0,0.0,0.0
XAG,1486589,17,17,17,17,17,0,0,0.0,0.0
XAJ,1534989,21,21,21,21,21,0,0,0.0,0.0
XAL,1502277,14,14,14,14,14,0,0,0.0,0.0
XAM,1477814,26,26,26,26,26,0,0,0.0,0.0
XAN,1500071,26,26,26,26,26,0,0,0.0,0.0
XAP,1447906,21,17,17,21,21,4,0,0.19047619047619047,0.0
XAS,1518721,84,84,84,84,84,0,0,0.0,0.0
XAU,1472899,9,9,9,9,9,0,0,0.0,0.0
XAV,1525011,13,13,13,13,13,0,0,0.0,0.0
XAY.2,1723586,91,91,91,91,91,0,0,0.0,0.0
XAY.2.1,1724421,81,81,81,81,81,0,0,0.0,0.0
XAY.2.2,1724198,72,72,72,72,72,0,0,0.0,0.0
XAY.2.3,1724261,127,127,127,127,127,0,0,0.0,0.0
XAZ,1485232,212,212,212,212,212,0,0,0.0,0.0
XB,242303,202,202,202,202,202,0,0,0.0,0.0
XBB,1673437,307,307,307,307,307,0,0,0.0,0.0
XBB.1,1675918,1383,1050,1044,1116,1110,333,267,0.24078091106290672,0.19305856832971802
XBB.1.1,1680933,34,34,34,34,34,0,0,0.0,0.0
XBB.1.10,1749323,8,8,8,8,8,0,0,0.0,0.0
XBB.1.11,1730443,2,1,1,2,2,1,0,0.5,0.0
XBB.1.11.1,1764377,22,18,18,19,19,4,3,0.18181818181818182,0.13636363636363635
XBB.1.12,1796827,3,3,3,3,3,0,0,0.0,0.0
XBB.1.13,1761498,17,12,12,13,13,5,4,0.29411764705882354,0.23529411764705882
XBB.1.13.1,1761274,11,11,11,11,11,0,0,0.0,0.0
XBB.1.14,1753428,6,6,6,6,6,0,0,0.0,0.0
XBB.1.14.1,1797710,2,2,2,2,2,0,0,0.0,0.0
XBB.1.15,1707429,228,226,226,228,228,2,0,0.008771929824561403,0.0
XBB.1.15.1,1812667,6,6,6,6,6,0,0,0.0,0.0
XBB.1.16,1799652,2598,2598,2578,2598,2578,0,0,0.0,0.0
XBB.1.16.1,1789136,855,779,779,853,853,76,2,0.08888888888888889,0.0023391812865497076
XBB.1.16.10,1841390,20,12,12,12,12,8,8,0.4,0.4
XBB.1.16.11,1812157,1310,1310,1309,1310,1309,0,0,0.0,0.0
XBB.1.16.12,1820642,30,29,29,30,30,1,0,0.03333333333333333,0.0
XBB.1.16.13,1792903,76,76,76,76,76,0,0,0.0,0.0
XBB.1.16.14,1822568,63,63,63,63,63,0,0,0.0,0.0
XBB.1.16.15,1820529,596,596,596,596,596,0,0,0.0,0.0
XBB.1.16.16,1801951,81,81,80,81,80,0,0,0.0,0.0
XBB.1.16.17,1826259,24,8,8,24,24,16,0,0.6666666666666666,0.0
XBB.1.16.18,1789554,69,57,57,57,57,12,12,0.17391304347826086,0.17391304347826086
XBB.1.16.19,1814244,47,46,46,46,46,1,1,0.02127659574468085,0.02127659574468085
XBB.1.16.2,1790218,196,196,196,196,196,0,0,0.0,0.0
XBB.1.16.20,1796075,470,466,466,470,470,4,0,0.00851063829787234,0.0
XBB.1.16.21,1829495,52,30,30,52,52,22,0,0.4230769230769231,0.0
XBB.1.16.22,1814726,10,10,10,10,10,0,0,0.0,0.0
XBB.1.16.23,1826008,119,119,119,119,119,0,0,0.0,0.0
XBB.1.16.24,1840079,6,6,6,6,6,0,0,0.0,0.0
XBB.1.16.25,1791242,138,137,137,137,137,1,1,0.007246376811594203,0.007246376811594203
XBB.1.16.26,1845712,10,6,6,10,10,4,0,0.4,0.0
XBB.1.16.28,1858225,1,1,1,1,1,0,0,0.0,0.0
XBB.1.16.29,1813833,29,29,29,29,29,0,0,0.0,0.0
XBB.1.16.3,1792668,38,38,38,38,38,0,0,0.0,0.0
XBB.1.16.30,1828611,16,16,16,16,16,0,0,0.0,0.0
XBB.1.16.31,1808007,19,19,19,19,19,0,0,0.0,0.0
XBB.1.16.32,1829039,8,8,8,8,8,0,0,0.0,0.0
XBB.1.16.4,1790593,36,31,30,36,35,5,0,0.1388888888888889,0.0
XBB.1.16.5,1794505,35,34,34,34,34,1,1,0.02857142857142857,0.02857142857142857
XBB.1.16.6,1814598,2752,2752,2750,2752,2750,0,0,0.0,0.0
XBB.1.16.7,1822043,11,11,11,11,11,0,0,0.0,0.0
XBB.1.16.8,1802057,78,78,78,78,78,0,0,0.0,0.0
XBB.1.16.9,1822683,183,182,182,183,183,1,0,0.00546448087431694,0.0
XBB.1.17.1,1762687,89,89,89,89,89,0,0,0.0,0.0
XBB.1.18,1731245,14,13,13,13,13,1,1,0.07142857142857142,0.07142857142857142
XBB.1.18.1,1757284,59,57,57,57,57,2,2,0.03389830508474576,0.03389830508474576
XBB.1.19,1755555,6,6,6,6,6,0,0,0.0,0.0
XBB.1.19.1,1761502,61,61,61,61,61,0,0,0.0,0.0
XBB.1.19.2,1767497,3,3,3,3,3,0,0,0.0,0.0
XBB.1.21,1746941,6,6,6,6,6,0,0,0.0,0.0
XBB.1.22,1754036,27,25,25,27,27,2,0,0.07407407407407407,0.0
XBB.1.22.1,1760102,43,11,11,43,43,32,0,0.7441860465116279,0.0
XBB.1.22.2,1792635,40,39,39,40,40,1,0,0.025,0.0
XBB.1.22.3,1826600,4,4,4,4,4,0,0,0.0,0.0
XBB.1.24,1808898,1,1,1,1,1,0,0,0.0,0.0
XBB.1.24.1,1818818,13,13,13,13,13,0,0,0.0,0.0
XBB.1.24.3,1818519,2,2,2,2,2,0,0,0.0,0.0
XBB.1.25,1740107,1,1,1,1,1,0,0,0.0,0.0
XBB.1.28,1767895,3,3,3,3,3,0,0,0.0,0.0
XBB.1.28.1,1802047,3,2,2,3,3,1,0,0.3333333333333333,0.0
XBB.1.29,1746837,1,1,1,1,1,0,0,0.0,0.0
XBB.1.3,1730677,6,4,4,6,6,2,0,0.3333333333333333,0.0
XBB.1.30,1723548,8,6,6,8,8,2,0,0.25,0.0
XBB.1.32,1726396,17,17,17,17,17,0,0,0.0,0.0
XBB.1.35,1791087,6,6,6,6,6,0,0,0.0,0.0
XBB.1.37,1693333,5,4,4,4,4,1,1,0.2,0.2
XBB.1.37.1,1824963,2,2,2,2,2,0,0,0.0,0.0
XBB.1.4,1716417,29,24,24,29,29,5,0,0.1724137931034483,0.0
XBB.1.4.1,1704551,209,209,209,209,209,0,0,0.0,0.0
XBB.1.4.2,1823158,10,10,10,10,10,0,0,0.0,0.0
XBB.1.41.1,1831895,14,14,14,14,14,0,0,0.0,0.0
XBB.1.41.2,1834586,84,84,84,84,84,0,0,0.0,0.0
XBB.1.42,1811338,23,23,23,23,23,0,0,0.0,0.0
XBB.1.42.1,1831676,39,39,39,39,39,0,0,0.0,0.0
XBB.1.42.2,1821090,150,150,150,150,150,0,0,0.0,0.0
XBB.1.43,1708433,1,1,1,1,1,0,0,0.0,0.0
XBB.1.43.1,1774732,10,7,7,7,7,3,3,0.3,0.3
XBB.1.44,1827851,3,2,2,2,2,1,1,0.3333333333333333,0.3333333333333333
XBB.1.44.1,1820193,4,4,4,4,4,0,0,0.0,0.0
XBB.1.45,1706256,2,2,2,2,2,0,0,0.0,0.0
XBB.1.45.1,1771860,50,47,47,47,47,3,3,0.06,0.06
XBB.1.46,1728968,1,1,1,1,1,0,0,0.0,0.0
XBB.1.47,1755140,1,1,1,1,1,0,0,0.0,0.0
XBB.1.48,1768443,3,2,2,3,3,1,0,0.3333333333333333,0.0
XBB.1.5,1722798,31131,31114,31098,31125,31109,17,6,0.0005460794706241368,0.00019273393080851883
XBB.1.5.1,1743964,748,511,511,748,748,237,0,0.31684491978609625,0.0
XBB.1.5.10,1750300,707,707,707,707,707,0,0,0.0,0.0
XBB.1.5.100,1771939,95,44,44,95,95,51,0,0.5368421052631579,0.0
XBB.1.5.101,1797766,20,18,18,20,20,2,0,0.1,0.0
XBB.1.5.102,1781147,11,11,11,11,11,0,0,0.0,0.0
XBB.1.5.103,1831689,16,6,6,16,16,10,0,0.625,0.0
XBB.1.5.104,1761788,133,118,118,118,118,15,15,0.11278195488721804,0.11278195488721804
XBB.1.5.105,1813912,32,32,32,32,32,0,0,0.0,0.0
XBB.1.5.106,1830379,10,10,10,10,10,0,0,0.0,0.0
XBB.1.5.107,1718552,82,60,60,82,82,22,0,0.2682926829268293,0.0
XBB.1.5.11,1737484,375,318,318,318,318,57,57,0.152,0.152
XBB.1.5.110,1768702,70,66,66,66,66,4,4,0.05714285714285714,0.05714285714285714
XBB.1.5.12,1747037,339,257,257,257,257,82,82,0.24188790560471976,0.24188790560471976
XBB.1.5.13,1719329,1032,1020,1020,1022,1022,12,10,0.011627906976744186,0.009689922480620155
XBB.1.5.14,1752566,121,114,114,121,121,7,0,0.05785123966942149,0.0
XBB.1.5.15,1715638,769,693,693,722,722,76,47,0.0988296488946684,0.0611183355006502
XBB.1.5.16,1739214,503,469,465,503,499,34,0,0.06759443339960239,0.0
XBB.1.5.17,1734672,606,539,539,592,592,67,14,0.11056105610561057,0.0231023102310231
XBB.1.5.18,1725020,689,515,515,689,689,174,0,0.2525399129172714,0.0
XBB.1.5.19,1725038,352,343,342,349,348,9,3,0.02556818181818182,0.008522727272727272
XBB.1.5.2,1746733,301,226,226,259,259,75,42,0.24916943521594684,0.13953488372093023
XBB.1.5.20,1730690,422,415,415,419,419,7,3,0.016587677725118485,0.0071090047393364926
XBB.1.5.21,1718250,304,304,304,304,304,0,0,0.0,0.0
XBB.1.5.22,1811804,5,5,5,5,5,0,0,0.0,0.0
XBB.1.5.23,1769305,111,109,109,109,109,2,2,0.018018018018018018,0.018018018018018018
XBB.1.5.24,1743915,319,301,301,319,319,18,0,0.05642633228840126,0.0
XBB.1.5.25,1739475,403,375,375,399,399,28,4,0.06947890818858561,0.009925558312655087
XBB.1.5.26,1720900,41,33,33,41,41,8,0,0.1951219512195122,0.0
XBB.1.5.27,1773892,66,66,66,66,66,0,0,0.0,0.0
XBB.1.5.28,1744969,98,34,34,98,98,64,0,0.6530612244897959,0.0
XBB.1.5.29,1782271,7,7,7,7,7,0,0,0.0,0.0
XBB.1.5.3,1722098,84,73,73,84,84,11,0,0.13095238095238096,0.0
XBB.1.5.30,1757260,245,221,221,245,245,24,0,0.09795918367346938,0.0
XBB.1.5.31,1714258,468,414,414,468,468,54,0,0.11538461538461539,0.0
XBB.1.5.32,1717616,778,766,766,778,778,12,0,0.015424164524421594,0.0
XBB.1.5.33,1714253,415,324,324,415,415,91,0,0.21927710843373494,0.0
XBB.1.5.34,1717386,175,175,175,175,175,0,0,0.0,0.0
XBB.1.5.35,1761524,341,269,269,341,341,72,0,0.21114369501466276,0.0
XBB.1.5.36,1715055,154,153,153,154,154,1,0,0.006493506493506494,0.0
XBB.1.5.37,1736074,287,238,238,284,284,49,3,0.17073170731707318,0.010452961672473868
XBB.1.5.38,1744979,35,26,26,33,33,9,2,0.2571428571428571,0.05714285714285714
XBB.1.5.39,1749705,84,75,75,83,83,9,1,0.10714285714285714,0.011904761904761904
XBB.1.5.4,1750194,377,235,235,377,365,142,0,0.376657824933687,0.0
XBB.1.5.40,1778045,29,6,6,13,13,23,16,0.7931034482758621,0.5517241379310345
XBB.1.5.41,1760472,19,19,19,19,19,0,0,0.0,0.0
XBB.1.5.42,1781367,3,2,2,2,2,1,1,0.3333333333333333,0.3333333333333333
XBB.1.5.43,1770950,20,17,17,17,17,3,3,0.15,0.15
XBB.1.5.44,1826255,1,1,1,1,1,0,0,0.0,0.0
XBB.1.5.45,1788384,69,69,63,69,63,0,0,0.0,0.0
XBB.1.5.46,1756830,179,134,134,134,134,45,45,0.25139664804469275,0.25139664804469275
XBB.1.5.47,1736352,232,107,107,107,107,125,125,0.5387931034482759,0.5387931034482759
XBB.1.5.48,1726401,471,437,437,469,469,34,2,0.07218683651804671,0.004246284501061571
XBB.1.5.49,1747823,638,616,616,628,627,22,10,0.034482758620689655,0.01567398119122257
XBB.1.5.5,1738890,107,99,99,99,99,8,8,0.07476635514018691,0.07476635514018691
XBB.1.5.50,1770509,28,28,28,28,28,0,0,0.0,0.0
XBB.1.5.51,1734809,394,394,394,394,394,0,0,0.0,0.0
XBB.1.5.52,1731577,359,355,355,359,359,4,0,0.011142061281337047,0.0
XBB.1.5.54,1815179,1,1,1,1,1,0,0,0.0,0.0
XBB.1.5.55,1754067,88,65,65,65,65,23,23,0.26136363636363635,0.26136363636363635
XBB.1.5.56,1732333,117,69,69,78,78,48,39,0.41025641025641024,0.3333333333333333
XBB.1.5.57,1759354,60,60,60,60,60,0,0,0.0,0.0
XBB.1.5.58,1814478,2,2,2,2,2,0,0,0.0,0.0
XBB.1.5.59,1791083,105,80,80,80,80,25,25,0.23809523809523808,0.23809523809523808
XBB.1.5.6,1747822,53,48,48,53,53,5,0,0.09433962264150944,0.0
XBB.1.5.60,1756850,53,53,53,53,53,0,0,0.0,0.0
XBB.1.5.61,1753413,141,133,133,140,140,8,1,0.05673758865248227,0.0070921985815602835
XBB.1.5.62,1726962,135,72,72,135,135,63,0,0.4666666666666667,0.0
XBB.1.5.63,1748607,98,59,59,59,59,39,39,0.3979591836734694,0.3979591836734694
XBB.1.5.64,1722993,26,26,26,26,26,0,0,0.0,0.0
XBB.1.5.65,1748515,151,130,130,130,130,21,21,0.1390728476821192,0.1390728476821192
XBB.1.5.66,1726530,314,245,245,313,312,69,1,0.2197452229299363,0.0031847133757961785
XBB.1.5.67,1742992,270,221,221,270,270,49,0,0.1814814814814815,0.0
XBB.1.5.68,1766506,7,7,7,7,7,0,0,0.0,0.0
XBB.1.5.69,1751284,128,127,127,128,128,1,0,0.0078125,0.0
XBB.1.5.7,1712283,1310,1286,1286,1310,1310,24,0,0.0183206106870229,0.0
XBB.1.5.70,1831743,12,12,11,12,11,0,0,0.0,0.0
XBB.1.5.71,1821336,6,3,3,5,5,3,1,0.5,0.16666666666666666
XBB.1.5.72,1808430,295,294,294,294,294,1,1,0.003389830508474576,0.003389830508474576
XBB.1.5.73,1820044,143,18,18,18,18,125,125,0.8741258741258742,0.8741258741258742
XBB.1.5.74,1815112,1,1,1,1,1,0,0,0.0,0.0
XBB.1.5.75,1758419,47,25,25,25,25,22,22,0.46808510638297873,0.46808510638297873
XBB.1.5.76,1780087,53,28,28,52,52,25,1,0.4716981132075472,0.018867924528301886
XBB.1.5.77,1750178,179,165,165,179,179,14,0,0.0782122905027933,0.0
XBB.1.5.78,1761530,74,72,72,74,74,2,0,0.02702702702702703,0.0
XBB.1.5.79,1788329,62,17,17,17,17,45,45,0.7258064516129032,0.7258064516129032
XBB.1.5.8,1745487,70,61,61,62,62,9,8,0.12857142857142856,0.11428571428571428
XBB.1.5.80,1746142,169,166,166,169,169,3,0,0.01775147928994083,0.0
XBB.1.5.81,1811274,16,12,12,12,12,4,4,0.25,0.25
XBB.1.5.83,1797729,15,11,11,15,15,4,0,0.26666666666666666,0.0
XBB.1.5.84,1777917,33,22,22,22,22,11,11,0.3333333333333333,0.3333333333333333
XBB.1.5.85,1796955,17,17,17,17,17,0,0,0.0,0.0
XBB.1.5.86,1784686,83,30,30,83,83,53,0,0.6385542168674698,0.0
XBB.1.5.88,1747153,79,72,72,78,78,7,1,0.08860759493670886,0.012658227848101266
XBB.1.5.89,1824986,7,7,7,7,7,0,0,0.0,0.0
XBB.1.5.9,1746728,115,84,84,109,109,31,6,0.26956521739130435,0.05217391304347826
XBB.1.5.90,1763800,21,21,21,21,21,0,0,0.0,0.0
XBB.1.5.91,1748399,91,45,45,45,45,46,46,0.5054945054945055,0.5054945054945055
XBB.1.5.92,1794555,12,9,9,12,12,3,0,0.25,0.0
XBB.1.5.93,1763493,19,18,18,19,19,1,0,0.05263157894736842,0.0
XBB.1.5.95,1741200,315,267,267,315,315,48,0,0.1523809523809524,0.0
XBB.1.5.96,1765066,140,67,67,135,135,73,5,0.5214285714285715,0.03571428571428571
XBB.1.5.97,1739210,16,16,16,16,16,0,0,0.0,0.0
XBB.1.5.98,1809246,8,6,6,6,6,2,2,0.25,0.25
XBB.1.5.99,1779812,86,42,42,42,42,44,44,0.5116279069767442,0.5116279069767442
XBB.1.6,1752528,3,3,3,3,3,0,0,0.0,0.0
XBB.1.7,1716959,7,7,7,7,7,0,0,0.0,0.0
XBB.1.8,1713734,27,27,27,27,27,0,0,0.0,0.0
XBB.1.9,1699953,114,114,107,114,107,0,0,0.0,0.0
XBB.1.9.1,1732577,1113,1113,1112,1113,1112,0,0,0.0,0.0
XBB.1.9.2,1740234,480,480,480,480,480,0,0,0.0,0.0
XBB.1.9.3,1738868,6,6,6,6,6,0,0,0.0,0.0
XBB.1.9.4,1733687,62,62,62,62,62,0,0,0.0,0.0
XBB.1.9.5,1777629,1,1,1,1,1,0,0,0.0,0.0
XBB.2,1673750,230,216,216,230,230,14,0,0.06086956521739131,0.0
XBB.2.1,1704530,16,16,16,16,16,0,0,0.0,0.0
XBB.2.10,1741210,15,15,15,15,15,0,0,0.0,0.0
XBB.2.11,1709122,5,4,4,5,5,1,0,0.2,0.0
XBB.2.11.1,1705390,58,56,56,58,58,2,0,0.034482758620689655,0.0
XBB.2.2,1715924,12,12,12,12,12,0,0,0.0,0.0
XBB.2.3,1762644,461,461,458,461,458,0,0,0.0,0.0
XBB.2.3.1,1766738,63,63,63,63,63,0,0,0.0,0.0
XBB.2.3.10,1778092,13,13,13,13,13,0,0,0.0,0.0
XBB.2.3.11,1801361,91,91,91,91,91,0,0,0.0,0.0
XBB.2.3.12,1782751,8,8,8,8,8,0,0,0.0,0.0
XBB.2.3.13,1786392,22,22,22,22,22,0,0,0.0,0.0
XBB.2.3.14,1798734,14,13,13,14,14,1,0,0.07142857142857142,0.0
XBB.2.3.15,1822334,69,69,69,69,69,0,0,0.0,0.0
XBB.2.3.16,1830412,6,6,6,6,6,0,0,0.0,0.0
XBB.2.3.17,1838484,8,8,8,8,8,0,0,0.0,0.0
XBB.2.3.19,1796809,98,98,98,98,98,0,0,0.0,0.0
XBB.2.3.2,1784708,252,251,251,252,252,1,0,0.003968253968253968,0.0
XBB.2.3.20,1824707,4,2,2,4,4,2,0,0.5,0.0
XBB.2.3.3,1786391,92,92,92,92,92,0,0,0.0,0.0
XBB.2.3.4,1792247,63,47,47,63,63,16,0,0.25396825396825395,0.0
XBB.2.3.5,1793705,54,54,54,54,54,0,0,0.0,0.0
XBB.2.3.6,1823751,3,2,2,3,3,1,0,0.3333333333333333,0.0
XBB.2.3.7,1807399,10,9,9,10,10,1,0,0.1,0.0
XBB.2.3.8,1818342,66,66,66,66,66,0,0,0.0,0.0
XBB.2.3.9,1783457,14,14,14,14,14,0,0,0.0,0.0
XBB.2.4,1757279,29,28,28,29,29,1,0,0.034482758620689655,0.0
XBB.2.5,1729336,50,46,46,46,46,4,4,0.08,0.08
XBB.2.6,1718322,68,67,67,67,67,1,1,0.014705882352941176,0.014705882352941176
XBB.2.6.1,1780068,2,2,2,2,2,0,0,0.0,0.0
XBB.2.6.2,1766441,2,1,1,1,1,1,1,0.5,0.5
XBB.2.6.3,1786616,1,1,1,1,1,0,0,0.0,0.0
XBB.2.7,1748415,9,3,3,9,9,6,0,0.6666666666666666,0.0
XBB.2.7.1,1799619,4,4,4,4,4,0,0,0.0,0.0
XBB.2.8,1703403,19,19,19,19,19,0,0,0.0,0.0
XBB.3,1677957,52,52,52,52,52,0,0,0.0,0.0
XBB.3.1,1717403,16,16,16,16,16,0,0,0.0,0.0
XBB.3.2,1703369,57,57,57,57,57,0,0,0.0,0.0
XBB.3.5,1722505,4,4,4,4,4,0,0,0.0,0.0
XBB.4,1699979,10,10,10,10,10,0,0,0.0,0.0
XBB.4.1,1708789,1,1,1,1,1,0,0,0.0,0.0
XBB.6,1718297,9,9,9,9,9,0,0,0.0,0.0
XBB.6.1,1737480,55,55,55,55,55,0,0,0.0,0.0
XBB.7,1768228,1,1,1,1,1,0,0,0.0,0.0
XBB.8,1696957,23,23,23,23,23,0,0,0.0,0.0
XBB.8.1,1759574,1,1,1,1,1,0,0,0.0,0.0
XBB.9,1693355,3,3,3,3,3,0,0,0.0,0.0
XBC.1.2.1,1727007,98,98,98,98,98,0,0,0.0,0.0
XBD,1667113,46,46,46,46,46,0,0,0.0,0.0
XBE,1623858,74,74,74,74,74,0,0,0.0,0.0
XBF,1705711,631,631,631,631,631,0,0,0.0,0.0
XBF.1,1731279,4,4,4,4,4,0,0,0.0,0.0
XBF.1.1,1788843,4,4,4,4,4,0,0,0.0,0.0
XBF.10,1751346,1,1,1,1,1,0,0,0.0,0.0
XBF.2,1756568,7,4,4,7,7,3,0,0.42857142857142855,0.0
XBF.3,1731506,64,64,64,64,64,0,0,0.0,0.0
XBF.4,1729185,65,65,65,65,65,0,0,0.0,0.0
XBF.5,1770529,8,7,7,8,8,1,0,0.125,0.0
XBF.6,1745473,10,10,10,10,10,0,0,0.0,0.0
XBF.7,1707787,13,13,13,13,13,0,0,0.0,0.0
XBF.7.1,1759708,12,12,12,12,12,0,0,0.0,0.0
XBF.9,1724660,13,13,13,13,13,0,0,0.0,0.0
XBG,1554790,31,31,31,31,31,0,0,0.0,0.0
XBH,1668622,7,7,7,7,7,0,0,0.0,0.0
XBK,1725053,103,103,103,103,103,0,0,0.0,0.0
XBK.1,1737584,75,75,75,75,75,0,0,0.0,0.0
XBL,1814205,3,3,3,3,3,0,0,0.0,0.0
XBL.2,1810244,3,3,3,3,3,0,0,0.0,0.0
XBL.3,1814739,3,3,3,3,3,0,0,0.0,0.0
XBL.3.1,1818324,4,4,4,4,4,0,0,0.0,0.0
XBM,1629518,21,21,21,21,21,0,0,0.0,0.0
XBQ,1733651,36,36,36,36,36,0,0,0.0,0.0
XBR,1729101,3,3,3,3,3,0,0,0.0,0.0
XBS,1728703,19,19,19,19,19,0,0,0.0,0.0
XBV,1719442,3,3,3,3,3,0,0,0.0,0.0
XBW,1788178,5,5,5,5,5,0,0,0.0,0.0
XBZ,1711075,165,165,165,165,165,0,0,0.0,0.0
XC,468298,5,5,5,5,5,0,0,0.0,0.0
XCC,1766388,15,15,15,15,15,0,0,0.0,0.0
XCE,1818894,1,1,1,1,1,0,0,0.0,0.0
XCF,1821991,38,38,38,38,38,0,0,0.0,0.0
XCF.1,1822134,1,1,1,1,1,0,0,0.0,0.0
XCF.3,1825662,6,6,6,6,6,0,0,0.0,0.0
XCH,1841603,103,103,103,103,103,0,0,0.0,0.0
XCH.1,1843528,52,52,52,52,52,0,0,0.0,0.0
XCL,1836320,22,22,22,22,22,0,0,0.0,0.0
XCP,1833066,40,40,40,40,40,0,0,0.0,0.0
XCQ,1825916,8,8,8,8,8,0,0,0.0,0.0
XCR,1833719,84,84,84,84,84,0,0,0.0,0.0
XCT,1840333,25,25,3,25,3,0,0,0.0,0.0
XCT.1,1851896,32,32,32,32,32,0,0,0.0,0.0
XCY,1848677,1,1,1,1,1,0,0,0.0,0.0
XCZ,1834477,6,6,6,6,6,0,0,0.0,0.0
XDA,1863208,97,97,97,97,97,0,0,0.0,0.0
XDA.1,1866593,8,7,7,7,7,1,1,0.125,0.125
XDB,1814888,13,12,12,12,12,1,1,0.07692307692307693,0.07692307692307693
XDD,1872109,68,68,68,68,68,0,0,0.0,0.0
XDD.1,1872432,17,17,17,17,17,0,0,0.0,0.0
XDD.1.1,1878377,17,17,17,17,17,0,0,0.0,0.0
XDD.1.1.1,1886661,7,7,7,7,7,0,0,0.0,0.0
XDD.2,1878324,1,1,1,1,1,0,0,0.0,0.0
XDD.3,1892590,2,2,2,2,2,0,0,0.0,0.0
XDF,1841699,1,1,1,1,1,0,0,0.0,0.0
XDK,1871605,47,47,26,47,26,0,0,0.0,0.0
XDK.1,1889469,12,12,12,12,12,0,0,0.0,0.0
XDK.1.2,1892748,4,4,4,4,4,0,0,0.0,0.0
XDK.3,1891910,2,1,1,1,1,1,1,0.5,0.5
XDK.4,1887669,2,2,2,2,2,0,0,0.0,0.0
XDK.4.1,1892465,8,7,7,7,7,1,1,0.125,0.125
XDK.5,1892678,9,6,6,6,6,3,3,0.3333333333333333,0.3333333333333333
XDP,1868714,80,62,62,62,62,18,18,0.225,0.225
XDP.1,1880135,32,24,24,24,24,8,8,0.25,0.25
XDP.2,1890708,1,1,1,1,1,0,0,0.0,0.0
XDP.3,1871824,15,13,13,13,13,2,2,0.13333333333333333,0.13333333333333333
XDR,1883456,6,6,4,6,4,0,0,0.0,0.0
XDV.1,1891345,32,32,32,32,32,0,0,0.0,0.0
XDY,1892436,3,3,3,3,3,0,0,0.0,0.0
XE,1129760,1256,1256,1256,1256,1256,0,0,0.0,0.0
XEB,1873501,9,5,5,5,5,4,4,0.4444444444444444,0.4444444444444444
XF,1105581,18,18,18,18,18,0,0,0.0,0.0
XG,1117665,159,159,159,159,159,0,0,0.0,0.0
XH,1073547,40,40,40,40,40,0,0,0.0,0.0
XJ,1133210,71,71,71,71,71,0,0,0.0,0.0
XL,1218637,67,67,67,67,67,0,0,0.0,0.0
XM,1178986,33,31,31,33,31,2,0,0.06060606060606061,0.0
XN,1253868,141,141,141,141,141,0,0,0.0,0.0
XP,1291412,48,48,48,48,48,0,0,0.0,0.0
XQ,1251095,58,58,58,58,58,0,0,0.0,0.0
XR,1361112,18,18,18,18,18,0,0,0.0,0.0
XS,1169967,19,19,10,19,10,0,0,0.0,0.0
XU,1489437,1,1,1,1,1,0,0,0.0,0.0
XV,1300637,9,9,9,9,9,0,0,0.0,0.0
XW,1375030,37,37,37,37,37,0,0,0.0,0.0
XY,1413955,23,23,23,23,23,0,0,0.0,0.0
XZ,1380286,51,51,51,51,51,0,0,0.0,0.0
Y.1,60919,38,38,38,38,38,0,0,0.0,0.0
Z.1,34064,217,217,217,217,217,0,0,0.0,0.0
