recombinant,sample_id,num_descendant_samples,num_samples,distinct_sample_pango,interval_left,interval_right,num_mutations,Viridian_amplicon_scheme,Artic_primer_version,date_added,group_id,group_size,recombinant_pango,recombinant_scorpio,recombinant_time,recombinant_date,sample,sample_pango,sample_scorpio,sample_time,sample_date,parent_left,parent_left_pango,parent_left_scorpio,parent_left_time,parent_left_date,parent_right,parent_right_pango,parent_right_scorpio,parent_right_time,parent_right_date,oldest_child,oldest_child_pango,oldest_child_scorpio,oldest_child_time,oldest_child_date,parent_mrca,parent_mrca_pango,parent_mrca_scorpio,parent_mrca_time,parent_mrca_date,is_rebar_recombinant,parent_pangonet_distance,net_min_supporting_loci_lft,net_min_supporting_loci_rgt,net_min_supporting_loci_lft_rgt_ge_4,k1000_muts,num_mns_left,mns_left,num_mns_right,mns_right
1438470,SRR19695004,1,1,1,519,670,2,COVID-AMPLISEQ-V1,.,2022-04-15,48bbfbfcaec6,2,BA.2,Omicron (BA.2-like),787.0,2022-04-11,1438469,BA.2,Omicron (BA.2-like),783.0,2022-04-15,1189455,BA.1.1,Omicron (BA.1-like),857.0000000001,2022-01-31,1431955,BA.2,Omicron (BA.2-like),787.0000000001,2022-04-11,1438469,BA.2,Omicron (BA.2-like),783.0,2022-04-15,871728,B.1.1.529,Omicron (Unassigned),1333.8575128682105,2020-10-12,True,3,2,55,False,6,1,mnS1,1,MNM3
1540083,ERR9939974,1,1,1,695,958,1,COVID-ARTIC-V4.1,.,2022-06-27,96ff31d5f493,2,BA.4.1,Omicron (BA.4-like),723.0921783857754,2022-06-14,1540082,BA.4.1,Omicron (BA.4-like),710.0,2022-06-27,1501317,BA.5.1,Omicron (BA.5-like),739.0000000001,2022-05-29,1474192,BA.4.1,Omicron (BA.4-like),761.0000000002001,2022-05-07,1540082,BA.4.1,Omicron (BA.4-like),710.0,2022-06-27,871728,B.1.1.529,Omicron (Unassigned),1333.8575128682105,2020-10-12,False,4,1,12,False,9,0,,1,MNM3
752955,SRR20259474,1,1,1,510,1222,1,COVID-AMPLISEQ-V1,.,2021-10-21,1476c0b3d53e,2,AY.44,Delta (B.1.617.2-like),976.9401693095704,2021-10-04,752954,AY.44,Delta (B.1.617.2-like),959.0,2021-10-21,444072,AY.43,Delta (B.1.617.2-like),1058.0947836341722,2021-07-14,666039,AY.44,Delta (B.1.617.2-like),1009.8452557107456,2021-09-01,752954,AY.44,Delta (B.1.617.2-like),959.0,2021-10-21,167127,B.1.617.2,Delta (B.1.617.2-like),1268.2440285999382,2020-12-16,False,2,2,19,False,5,1,mnS1,0,
1639578,ERR10219711,2,1,1,695,1453,2,COVID-ARTIC-V4.1,.,2022-08-30,a8925084fcc5,2,BA.4,Omicron (BA.4-like),670.2479013015359,2022-08-06,1639577,BA.4,Omicron (BA.4-like),646.0,2022-08-30,1501317,BA.5.1,Omicron (BA.5-like),739.0000000001,2022-05-29,1479797,BA.4,Omicron (BA.4-like),798.3534549637436,2022-03-31,1639577,BA.4,Omicron (BA.4-like),646.0,2022-08-30,871728,B.1.1.529,Omicron (Unassigned),1333.8575128682105,2020-10-12,False,3,0,12,False,6,0,,1,MNM3
1798212,ERR11184433,1,1,1,695,1545,2,COVID-ARTIC-V4.1,.,2023-03-20,f6a4444e2009,2,DV.6,Omicron (BA.2-like),446.0,2023-03-18,1798211,DV.6,Omicron (BA.2-like),444.0,2023-03-20,1501317,BA.5.1,Omicron (BA.5-like),739.0000000001,2022-05-29,1797134,DV.6,Omicron (BA.2-like),446.0000000001,2023-03-18,1798211,DV.6,Omicron (BA.2-like),444.0,2023-03-20,871728,B.1.1.529,Omicron (Unassigned),1333.8575128682105,2020-10-12,False,12,1,43,False,10,0,,1,MNM3
1628560,ERR10150242,1,1,1,695,1598,1,COVID-ARTIC-V4.1,.,2022-08-21,28bf7e743856,2,BA.4,Omicron (BA.4-like),680.1641727893028,2022-07-27,1628559,BA.4,Omicron (BA.4-like),655.0,2022-08-21,1501317,BA.5.1,Omicron (BA.5-like),739.0000000001,2022-05-29,1592663,BA.4,Omicron (BA.4-like),748.3742706699543,2022-05-20,1628559,BA.4,Omicron (BA.4-like),655.0,2022-08-21,871728,B.1.1.529,Omicron (Unassigned),1333.8575128682105,2020-10-12,False,3,0,14,False,7,0,,1,MNM3
1502609,ERR9848224,7,1,1,695,1627,0,COVID-ARTIC-V4.1,.,2022-05-30,3db839925c53,2,BA.5.2.1,Omicron (BA.5-like),739.0,2022-05-29,1502608,BA.5.2.1,Omicron (BA.5-like),738.0,2022-05-30,1501317,BA.5.1,Omicron (BA.5-like),739.0000000001,2022-05-29,1479035,BA.5.2.1,Omicron (BA.5-like),758.0000000001,2022-05-10,1502608,BA.5.2.1,Omicron (BA.5-like),738.0,2022-05-30,871728,B.1.1.529,Omicron (Unassigned),1333.8575128682105,2020-10-12,False,3,1,8,False,8,0,,0,
1002412,SRR21266141,1,1,1,746,1684,3,COVID-AMPLISEQ-V1,.,2021-12-08,f920df1fc2bb,2,AY.47,Delta (B.1.617.2-like),923.8065425916778,2021-11-26,1002411,AY.47,Delta (B.1.617.2-like),911.0,2021-12-08,973521,AY.125,Delta (B.1.617.2-like),936.2912254137722,2021-11-13,494658,AY.47,Delta (B.1.617.2-like),1019.0,2021-08-22,1002411,AY.47,Delta (B.1.617.2-like),911.0,2021-12-08,167135,B.1.617.2,Delta (B.1.617.2-like),1454.533651447372,2020-06-13,False,2,2,38,False,7,1,mnS1,0,
144266,SRR14154360,1,1,1,223,1738,0,COVID-ARTIC-V3,.,2021-02-08,2622bbd10251,2,B.1.1.519,.,1239.4108585119973,2021-01-14,144265,B.1.1.519,.,1214.0,2021-02-08,1330,B.1,.,1540.0000000001,2020-03-19,136423,B.1.1.519,.,1245.4547224256678,2021-01-08,144265,B.1.1.519,.,1214.0,2021-02-08,68,B.1,.,1591.6612163418586,2020-01-28,False,2,3,21,False,4,0,,1,mnS3
1659443,ERR10306608,1,1,1,695,1931,1,COVID-ARTIC-V4.1,.,2022-09-16,0c09051b2adb,2,BE.1,Omicron (BA.5-like),655.2833656668934,2022-08-21,1659442,BE.1,Omicron (BA.5-like),629.0,2022-09-16,1501317,BA.5.1,Omicron (BA.5-like),739.0000000001,2022-05-29,1537149,BE.1,Omicron (BA.5-like),712.0,2022-06-25,1659442,BE.1,Omicron (BA.5-like),629.0,2022-09-16,871728,B.1.1.529,Omicron (Unassigned),1333.8575128682105,2020-10-12,False,4,1,10,False,9,0,,0,
497286,ERR6760184,1,1,1,519,1968,0,COVID-ARTIC-V3,3,2021-08-23,4e739f8338b3,2,AY.60,Delta (B.1.617.2-like),1033.2900835983369,2021-08-08,497285,AY.60,Delta (B.1.617.2-like),1018.0,2021-08-23,446128,AY.44,Delta (B.1.617.2-like),1035.0000000001,2021-08-06,453048,AY.60,Delta (B.1.617.2-like),1063.0000000001,2021-07-09,497285,AY.60,Delta (B.1.617.2-like),1018.0,2021-08-23,167135,B.1.617.2,Delta (B.1.617.2-like),1454.533651447372,2020-06-13,False,2,2,37,False,4,1,mnS1,0,
1210438,SRR19798494,1,1,1,519,2470,0,COVID-AMPLISEQ-V1,.,2022-02-04,01fdeda7de6c,2,BA.1.15,Omicron (BA.1-like),857.0,2022-01-31,1210437,BA.1.15,Omicron (BA.1-like),853.0,2022-02-04,1189455,BA.1.1,Omicron (BA.1-like),857.0000000001,2022-01-31,1183541,BA.1.15,Omicron (BA.1-like),858.0000000001,2022-01-30,1210437,BA.1.15,Omicron (BA.1-like),853.0,2022-02-04,871713,BA.1,Omicron (BA.1-like),1011.137026065778,2021-08-30,False,2,2,12,False,4,1,mnS1,0,
1151835,ERR8476414,1,1,1,695,2668,2,COVID-ARTIC-V4.1,.,2022-01-23,9fb6e8f4a03b,2,AY.5,Delta (B.1.617.2-like),872.0,2022-01-16,1151834,AY.5,Delta (B.1.617.2-like),865.0,2022-01-23,1117051,BA.1,Omicron (BA.1-like),872.0000000001,2022-01-16,981937,AY.5,Delta (B.1.617.2-like),914.0,2021-12-05,1151834,AY.5,Delta (B.1.617.2-like),865.0,2022-01-23,68,B.1,.,1591.6612163418586,2020-01-28,False,6,0,82,False,7,0,,0,
1501318,ERR9848047,65,1,1,1600,2790,3,COVID-ARTIC-V4.1,.,2022-05-29,dea31364ce78,2,BA.5.1,Omicron (BA.5-like),746.0,2022-05-22,1501317,BA.5.1,Omicron (BA.5-like),739.0000000001,2022-05-29,1117051,BA.1,Omicron (BA.1-like),872.0000000001,2022-01-16,1497090,BA.5.1,Omicron (BA.5-like),746.0000000003001,2022-05-22,1501317,BA.5.1,Omicron (BA.5-like),739.0000000001,2022-05-29,871728,B.1.1.529,Omicron (Unassigned),1333.8575128682105,2020-10-12,False,3,1,51,False,7,0,,0,
1872434,ERR12554229,2,1,1,2335,3431,1,COVID-ARTIC-V3,.,2023-12-18,3d588b9f837b,2,JN.3,Omicron (BA.2-like),192.7804458401106,2023-11-27,1872433,JN.3,Omicron (BA.2-like),171.0,2023-12-18,1858620,EG.5.1.3,Omicron (XBB.1-like),210.0,2023-11-09,1857807,JN.3,Omicron (BA.2-like),317.81804545294955,2023-07-25,1876644,JN.18,Omicron (BA.2-like),172.8490176966544,2023-12-17,871726,BA.2,Omicron (BA.2-like),961.3848488132328,2021-10-19,True,13,4,75,True,5,0,,0,
1358369,ERR9380041,1,1,1,2833,3542,0,COVID-ARTIC-V4.1,4.1alt,2022-03-15,09d1037b3759,2,BA.1,Omicron (BA.1-like),839.8455604408035,2022-02-18,1358368,BA.1,Omicron (BA.1-like),814.0,2022-03-15,1127454,BA.2,Omicron (BA.2-like),911.9733780556984,2021-12-08,1191030,BA.1.1,Omicron (BA.1-like),889.0,2021-12-30,1358368,BA.1,Omicron (BA.1-like),814.0,2022-03-15,871728,B.1.1.529,Omicron (Unassigned),1333.8575128682105,2020-10-12,True,3,5,46,True,5,0,,0,
1012502,SRR20117827,1,1,1,519,3559,0,COVID-AMPLISEQ-V1,.,2021-12-11,41189b4353c2,2,AY.39,Delta (B.1.617.2-like),910.0,2021-12-09,1012501,AY.39,Delta (B.1.617.2-like),908.0,2021-12-11,446128,AY.44,Delta (B.1.617.2-like),1035.0000000001,2021-08-06,1005257,AY.39,Delta (B.1.617.2-like),910.0000000001,2021-12-09,1012501,AY.39,Delta (B.1.617.2-like),908.0,2021-12-11,167127,B.1.617.2,Delta (B.1.617.2-like),1268.2440285999382,2020-12-16,False,2,2,22,False,4,1,mnS1,0,
1890014,ERR13322922,2,1,1,3432,3565,2,COVID-ARTIC-V5.0-5.3.2_400,.,2024-04-01,8c0ac78a6ac6,2,JN.1.1,Omicron (BA.2-like),116.74892004524966,2024-02-11,1890013,JN.1.1,Omicron (BA.2-like),66.0,2024-04-01,1806291,XBB.1.5,Omicron (XBB.1.5-like),432.0,2023-04-01,1860268,JN.1.1,Omicron (BA.2-like),231.26760773278528,2023-10-19,1890013,JN.1.1,Omicron (BA.2-like),66.0,2024-04-01,871726,BA.2,Omicron (BA.2-like),961.3848488132328,2021-10-19,True,10,4,72,True,6,0,,0,
1793239,ERR11148908,5,1,1,3858,3927,3,COVID-ARTIC-V4.1,.,2023-03-13,43b162dcf18e,2,XBB.1.5,Omicron (XBB.1.5-like),460.4504987204103,2023-03-04,1793238,XBB.1.5,Omicron (XBB.1.5-like),451.0,2023-03-13,1769481,CH.1.1.1,Omicron (BA.2-like),477.0,2023-02-15,1755852,XBB.1.5,Omicron (XBB.1.5-like),511.0000000001,2023-01-12,1793238,XBB.1.5,Omicron (XBB.1.5-like),451.0,2023-03-13,965896,BA.2.5,Omicron (BA.2-like),961.3848488131327,2021-10-19,True,12,5,38,True,7,0,,0,
857687,ERR7480952,2,2,1,3402,4100,2,COVID-ARTIC-V4.1,4,2021-11-11,f6576d00f7e6,3,AY.4,Delta (AY.4-like),957.7744110476998,2021-10-23,857685,AY.4,Delta (AY.4-like),938.0,2021-11-11,645325,AY.6,Delta (B.1.617.2-like),984.0000000001,2021-09-26,654489,AY.4,Delta (AY.4-like),982.0000000001,2021-09-28,857685,AY.4,Delta (AY.4-like),938.0,2021-11-11,167127,B.1.617.2,Delta (B.1.617.2-like),1268.2440285999382,2020-12-16,False,2,5,15,True,7,0,,0,
470812,SRR15776056,1,1,1,1878,4181,1,COVID-ARTIC-V3,.,2021-08-14,f87b49c321f6,2,AY.100,Delta (B.1.617.2-like),1047.714721492726,2021-07-25,470811,AY.100,Delta (B.1.617.2-like),1027.0,2021-08-14,430359,AY.14,Delta (B.1.617.2-like),1106.9589696368334,2021-05-27,422971,AY.100,Delta (B.1.617.2-like),1101.198660627554,2021-06-01,470811,AY.100,Delta (B.1.617.2-like),1027.0,2021-08-14,167135,B.1.617.2,Delta (B.1.617.2-like),1454.533651447372,2020-06-13,True,2,5,29,True,6,0,,0,
978075,SRR20186337,2,1,1,3123,4181,3,COVID-AMPLISEQ-V1,.,2021-12-04,775812d9eadf,2,AY.44,Delta (B.1.617.2-like),928.6325240181504,2021-11-21,978074,AY.44,Delta (B.1.617.2-like),915.0,2021-12-04,749059,AY.54,Delta (B.1.617.2-like),960.0000000002,2021-10-20,678816,AY.44,Delta (B.1.617.2-like),976.0000000003,2021-10-04,978074,AY.44,Delta (B.1.617.2-like),915.0,2021-12-04,167135,B.1.617.2,Delta (B.1.617.2-like),1454.533651447372,2020-06-13,False,2,6,39,True,9,0,,0,
1280575,ERR9002000,1,1,1,2833,4184,0,COVID-ARTIC-V4.1,4.1alt,2022-02-19,bc76f5dffcd6,2,BA.1,Omicron (BA.1-like),839.0,2022-02-18,1280574,BA.1,Omicron (BA.1-like),838.0,2022-02-19,1274364,BA.2,Omicron (BA.2-like),839.0000000001,2022-02-18,1130050,BA.1.1,Omicron (BA.1-like),869.0000000001,2022-01-19,1280574,BA.1,Omicron (BA.1-like),838.0,2022-02-19,871728,B.1.1.529,Omicron (Unassigned),1333.8575128682105,2020-10-12,True,3,4,47,True,4,0,,0,
1352577,ERR9381847,1,1,1,4010,4184,3,COVID-ARTIC-V4.1,4.1alt,2022-03-13,ba711d698c22,2,BA.2,Omicron (BA.2-like),823.0,2022-03-06,1352576,BA.2,Omicron (BA.2-like),816.0,2022-03-13,1043969,BA.1.1,Omicron (BA.1-like),899.0,2021-12-20,1326519,BA.2.9,Omicron (BA.2-like),823.0000000001,2022-03-06,1352576,BA.2,Omicron (BA.2-like),816.0,2022-03-13,871728,B.1.1.529,Omicron (Unassigned),1333.8575128682105,2020-10-12,True,4,5,47,True,8,0,,1,MNM3
1169203,ERR8495032,5,1,1,4185,4321,0,COVID-ARTIC-V4.1,4.1alt,2022-01-27,9692f8f5882b,2,BA.2.10,Omicron (BA.2-like),862.0,2022-01-26,1169202,BA.2.10,Omicron (BA.2-like),861.0,2022-01-27,1118277,BA.1,Omicron (BA.1-like),871.0,2022-01-17,1163853,BA.2.10,Omicron (BA.2-like),862.0000000003001,2022-01-26,1169202,BA.2.10,Omicron (BA.2-like),861.0,2022-01-27,871728,B.1.1.529,Omicron (Unassigned),1333.8575128682105,2020-10-12,True,3,5,44,True,5,0,,1,MNM3
1578059,ERR10039038,1,1,1,4185,4321,3,COVID-ARTIC-V4.1,.,2022-07-18,35fabe0a071c,2,BA.2,Omicron (BA.2-like),719.7201167209894,2022-06-18,1578058,BA.2,Omicron (BA.2-like),689.0,2022-07-18,1002916,BA.1,Omicron (BA.1-like),910.0,2021-12-09,1238993,BA.2.3,Omicron (BA.2-like),847.0,2022-02-10,1578058,BA.2,Omicron (BA.2-like),689.0,2022-07-18,871728,B.1.1.529,Omicron (Unassigned),1333.8575128682105,2020-10-12,True,3,5,43,True,7,0,,1,MNM3
1375030,ERR9444530,40,1,1,2833,4321,1,COVID-ARTIC-V4.1,4.1alt,2022-03-20,2eb4972c99c3,2,XW,Omicron (BA.2-like),826.6424223755273,2022-03-03,1375029,XW,Omicron (BA.2-like),809.0000000001,2022-03-20,1256237,BA.1.1.2,Omicron (BA.1-like),900.6317801182308,2021-12-19,1267706,BA.2,Omicron (BA.2-like),841.0000000001,2022-02-16,1375029,XW,Omicron (BA.2-like),809.0000000001,2022-03-20,871728,B.1.1.529,Omicron (Unassigned),1333.8575128682105,2020-10-12,True,4,4,44,True,5,0,,1,MNM3
1818894,SRR24762455,1,1,1,2955,4370,2,COVID-ARTIC-V4.1,.,2023-05-08,9c8e14f531ac,2,XCE,Omicron (XBB.1-like),428.7139848496596,2023-04-05,1818893,XCE,Omicron (XBB.1-like),395.0,2023-05-08,1700050,BQ.1.1,Omicron (BA.5-like),585.0,2022-10-30,1782339,FY.1,Omicron (XBB.1-like),498.0000000001,2023-01-25,1818893,XCE,Omicron (XBB.1-like),395.0,2023-05-08,871726,BA.2,Omicron (BA.2-like),961.3848488132328,2021-10-19,True,17,4,43,True,6,0,,1,MNM3
1183862,SRR20350286,1,1,1,4577,4579,2,COVID-ARTIC-V4.1,.,2022-01-30,7092192f5007,2,BA.1.1,Omicron (BA.1-like),868.7676070348967,2022-01-20,1183861,BA.1.1,Omicron (BA.1-like),858.0,2022-01-30,1124715,BA.1,Omicron (BA.1-like),870.0,2022-01-18,985400,BA.2.2.1,Omicron (BA.1-like),968.1173181069614,2021-10-12,1183861,BA.1.1,Omicron (BA.1-like),858.0,2022-01-30,1046379,BA.1,Omicron (BA.1-like),1011.1370260660782,2021-08-30,False,4,0,4,False,6,0,,0,
1702293,ERR10627135,1,1,1,4552,4586,3,COVID-ARTIC-V4.1,.,2022-11-02,9ae1060b41d4,2,BN.1.3.7,Omicron (BA.2-like),608.0226066818177,2022-10-07,1702292,BN.1.3.7,Omicron (BA.2-like),582.0,2022-11-02,1541040,BA.5.2.20,Omicron (BA.5-like),730.0,2022-06-07,1683818,BN.1.3,Omicron (BA.2-like),630.0000000002001,2022-09-15,1702292,BN.1.3.7,Omicron (BA.2-like),582.0,2022-11-02,871726,BA.2,Omicron (BA.2-like),961.3848488132328,2021-10-19,False,8,5,39,True,8,0,,1,MNM3
371402,SRR17445040,1,1,1,2873,4890,1,COVID-ARTIC-V3,.,2021-07-15,6f9c3c157393,2,AY.67,Delta (B.1.617.2-like),1070.557289728,2021-07-02,371401,AY.67,Delta (B.1.617.2-like),1057.0,2021-07-15,283901,AY.14,Delta (B.1.617.2-like),1130.0000000004006,2021-05-03,344005,AY.67,Delta (B.1.617.2-like),1072.0000000002,2021-06-30,371401,AY.67,Delta (B.1.617.2-like),1057.0,2021-07-15,167134,B.1.617.2,Delta (B.1.617.2-like),1410.8192086723209,2020-07-27,False,2,5,16,True,6,0,,0,
1076236,SRR18675429,1,1,1,4580,5025,1,COVID-ARTIC-V3,.,2022-01-01,0a85ca58fe1d,2,BA.1.17.2,Omicron (BA.1-like),890.0,2021-12-29,1076235,BA.1.17.2,Omicron (BA.1-like),887.0,2022-01-01,1069140,BA.1.15,Omicron (BA.1-like),890.0000000001,2021-12-29,1050893,BA.1.17.2,Omicron (BA.1-like),897.0,2021-12-22,1076235,BA.1.17.2,Omicron (BA.1-like),887.0,2022-01-01,871714,BA.1,Omicron (BA.1-like),1011.137026065978,2021-08-30,False,3,3,10,False,5,0,,0,
1664424,ERR10306538,2,1,1,695,5194,1,COVID-ARTIC-V4.1,.,2022-09-20,b0471fba46bb,2,BA.5.2,Omicron (BA.5-like),640.1703423007211,2022-09-05,1664423,BA.5.2,Omicron (BA.5-like),625.0,2022-09-20,1502609,BA.5.2.1,Omicron (BA.5-like),739.0,2022-05-29,1656821,BA.5.2,Omicron (BA.5-like),685.9954543580902,2022-07-22,1664423,BA.5.2,Omicron (BA.5-like),625.0,2022-09-20,1441168,BA.5.2,Omicron (BA.5-like),828.0000003931715,2022-03-01,False,1,0,6,False,7,0,,0,
1412237,ERR12943628,1,1,1,4322,5386,0,COVID-ARTIC-V3,.,2022-03-31,d7c784375d7f,2,BA.2,Omicron (BA.2-like),822.3036070849688,2022-03-07,1412236,BA.2,Omicron (BA.2-like),798.0,2022-03-31,1043354,BA.1.15,Omicron (BA.1-like),950.9123193924516,2021-10-30,1220666,BA.2,Omicron (BA.2-like),851.0,2022-02-06,1412236,BA.2,Omicron (BA.2-like),798.0,2022-03-31,871728,B.1.1.529,Omicron (Unassigned),1333.8575128682105,2020-10-12,True,3,6,46,True,4,0,,1,MNM3
1251095,ERR8691075,187,1,1,4322,5386,1,COVID-ARTIC-V4.1,4.1alt,2022-02-12,f17cc10ee93e,2,XQ,Omicron (BA.2-like),862.724456052301,2022-01-26,1251094,XQ,Omicron (BA.2-like),845.0,2022-02-12,1114864,BA.1.1.15,Omicron (BA.1-like),912.0,2021-12-07,965896,BA.2.5,Omicron (BA.2-like),961.3848488131327,2021-10-19,1251094,XQ,Omicron (BA.2-like),845.0,2022-02-12,871728,B.1.1.529,Omicron (Unassigned),1333.8575128682105,2020-10-12,True,5,7,44,True,5,0,,1,MNM3
1032970,SRR20182593,1,1,1,4322,5386,3,COVID-AMPLISEQ-V1,.,2021-12-16,60d9600f3932,2,BA.1,Omicron (BA.1-like),922.7937537052114,2021-11-27,1032969,BA.1,Omicron (BA.1-like),903.0,2021-12-16,871718,BA.3,Omicron (BA.3-like),1023.6846460428034,2021-08-18,871713,BA.1,Omicron (BA.1-like),1011.137026065778,2021-08-30,1032969,BA.1,Omicron (BA.1-like),903.0,2021-12-16,871728,B.1.1.529,Omicron (Unassigned),1333.8575128682105,2020-10-12,True,2,5,27,True,8,0,,0,
1312996,ERR12924866,1,1,1,4322,5386,0,COVID-ARTIC-V3,.,2022-03-01,8edb8f2659ff,2,BA.2,Omicron (BA.2-like),844.8332644823291,2022-02-13,1312995,BA.2,Omicron (BA.2-like),828.0,2022-03-01,1164049,BA.2,Omicron (BA.2-like),862.0,2022-01-26,1117664,XG,Omicron (BA.2-like),872.0,2022-01-16,1312995,BA.2,Omicron (BA.2-like),828.0,2022-03-01,871728,B.1.1.529,Omicron (Unassigned),1333.8575128682105,2020-10-12,True,1,6,5,True,5,0,,0,
1317828,ERR9253033,2,1,1,5056,5386,3,COVID-ARTIC-V4.1,4.1alt,2022-03-03,bd39ee4a2c41,2,BA.2,Omicron (Unassigned),832.0855429907416,2022-02-25,1317827,BA.2,Omicron (Unassigned),826.0,2022-03-03,1101603,BA.2,Omicron (BA.2-like),877.0000000001,2022-01-11,1158388,BA.2,Omicron (Unassigned),864.0,2022-01-24,1317827,BA.2,Omicron (Unassigned),826.0,2022-03-03,871728,B.1.1.529,Omicron (Unassigned),1333.8575128682105,2020-10-12,True,0,6,4,True,8,0,,0,
1355989,ERR9397147,1,1,1,4322,5386,0,COVID-ARTIC-V4.1,4.1alt,2022-03-14,c6dfa6691fd6,2,BA.1,Omicron (BA.1-like),834.1520762177001,2022-02-23,1355988,BA.1,Omicron (BA.1-like),815.0,2022-03-14,1153468,BA.2.23,Omicron (BA.2-like),908.8245671021426,2021-12-11,1229766,BA.1,Omicron (BA.1-like),871.29052953095,2022-01-17,1355988,BA.1,Omicron (BA.1-like),815.0,2022-03-14,871728,B.1.1.529,Omicron (Unassigned),1333.8575128682105,2020-10-12,True,3,4,45,True,4,0,,0,
1358902,ERR9383202,3,2,1,4583,5386,0,COVID-ARTIC-V4.1,4.1alt,2022-03-15,7e5f5b2f5409,3,BA.2,Omicron (BA.2-like),831.0,2022-02-26,1358900,BA.2,Omicron (BA.2-like),814.0,2022-03-15,1104857,BA.1.1.3,Omicron (BA.1-like),898.0,2021-12-21,1303661,BA.2.9,Omicron (BA.2-like),831.0000000001,2022-02-26,1358900,BA.2,Omicron (BA.2-like),814.0,2022-03-15,871728,B.1.1.529,Omicron (Unassigned),1333.8575128682105,2020-10-12,True,5,8,46,True,4,0,,1,MNM3
562578,SRR16225589,3,1,1,5185,5584,3,COVID-ARTIC-V3,.,2021-09-07,69bc6e40fced,2,AY.103,Delta (B.1.617.2-like),1015.6777715020304,2021-08-26,562577,AY.103,Delta (B.1.617.2-like),1003.0,2021-09-07,458714,AY.26,Delta (B.1.617.2-like),1031.0,2021-08-10,402436,AY.103,Delta (B.1.617.2-like),1046.0000000001,2021-07-26,562577,AY.103,Delta (B.1.617.2-like),1003.0,2021-09-07,167135,B.1.617.2,Delta (B.1.617.2-like),1454.533651447372,2020-06-13,False,2,4,30,True,7,0,,0,
1192752,ERR8572924,1,1,1,695,5672,1,COVID-ARTIC-V4.1,.,2022-02-01,760a63375855,2,BA.1.17,Omicron (BA.1-like),867.9893282104199,2022-01-21,1192751,BA.1.17,Omicron (BA.1-like),856.0,2022-02-01,1117051,BA.1,Omicron (BA.1-like),872.0000000001,2022-01-16,1061096,BA.1.17,Omicron (BA.1-like),892.0,2021-12-27,1192751,BA.1.17,Omicron (BA.1-like),856.0,2022-02-01,871714,BA.1,Omicron (BA.1-like),1011.137026065978,2021-08-30,False,1,1,4,False,5,0,,0,
1878898,SRR28620111,1,1,1,3566,5720,0,COVID-ARTIC-V5.0-5.3.2_400,.,2024-01-12,92f97f6554cd,2,JN.1.1,Omicron (BA.2-like),162.46741458661435,2023-12-27,1878897,JN.1.1,Omicron (BA.2-like),146.0,2024-01-12,1877799,HV.1,Omicron (XBB.1-like),190.0,2023-11-29,1866380,JN.1,Omicron (BA.2-like),222.2172199728112,2023-10-28,1878897,JN.1.1,Omicron (BA.2-like),146.0,2024-01-12,871726,BA.2,Omicron (BA.2-like),961.3848488132328,2021-10-19,True,14,9,76,True,8,0,,0,
1605162,ERR10086625,1,1,1,693,5826,0,COVID-ARTIC-V4.1,.,2022-08-02,68be08f901f6,2,BA.5.2,Omicron (BA.5-like),679.0,2022-07-28,1605161,BA.5.2,Omicron (BA.5-like),674.0,2022-08-02,1502609,BA.5.2.1,Omicron (BA.5-like),739.0,2022-05-29,1596326,BA.5.2,Omicron (BA.5-like),679.0000000001,2022-07-28,1605161,BA.5.2,Omicron (BA.5-like),674.0,2022-08-02,1441168,BA.5.2,Omicron (BA.5-like),828.0000003931715,2022-03-01,False,1,1,13,False,7,0,,0,
1639830,SRR21834688,1,1,1,2911,5869,1,COVID-ARTIC-V4.1,.,2022-08-30,ae537da0c3f5,2,BA.5.2.1,Omicron (BA.5-like),669.3335372050216,2022-08-07,1639829,BA.5.2.1,Omicron (BA.5-like),646.0,2022-08-30,1520320,BE.2,Omicron (BA.5-like),764.262194162376,2022-05-04,1639400,BA.5.2.1,Omicron (BA.5-like),709.1696444710288,2022-06-28,1639829,BA.5.2.1,Omicron (BA.5-like),646.0,2022-08-30,1428716,BA.5,Omicron (BA.5-like),828.0000007252249,2022-03-01,True,5,5,9,True,6,0,,0,
1314409,ERR9219341,2,2,1,3874,5924,1,COVID-ARTIC-V4.1,4.1alt,2022-03-02,9f9e32a90a72,3,BA.1.17.2,Omicron (BA.1-like),858.8667915291857,2022-01-30,1314408,BA.1.17.2,Omicron (BA.1-like),827.0,2022-03-02,1103128,BA.1.1,Omicron (BA.1-like),876.0,2022-01-12,1277727,BA.1.17.2,Omicron (BA.1-like),885.6815952561659,2022-01-03,1314407,BA.1.17.2,Omicron (BA.1-like),827.0,2022-03-02,871714,BA.1,Omicron (BA.1-like),1011.137026065978,2021-08-30,False,3,5,7,True,5,0,,0,
1617903,ERR10123345,19,1,1,695,6026,0,COVID-ARTIC-V4.1,.,2022-08-13,93c624f31242,2,BA.4.6,Omicron (BA.4-like),721.0415581588854,2022-06-16,1617902,BA.4.6,Omicron (BA.4-like),663.0,2022-08-13,1501317,BA.5.1,Omicron (BA.5-like),739.0000000001,2022-05-29,1589199,BA.4.6,Omicron (BA.4-like),721.0415581589855,2022-06-16,1642753,BA.4.6,Omicron (BA.4-like),721.0415581587854,2022-06-16,871725,BA.4,Omicron (BA.4-like),881.0000000002001,2022-01-07,False,4,1,16,False,8,0,,1,MNM3
624513,ERR6868848,1,1,1,4505,6027,3,COVID-ARTIC-V3,3,2021-09-21,ec8e016efda0,2,AY.4,Delta (AY.4-like),999.5489320736132,2021-09-11,624512,AY.4,Delta (AY.4-like),989.0,2021-09-21,400402,AY.98,Delta (B.1.617.2-like),1067.0,2021-07-05,540983,AY.4,Delta (AY.4-like),1008.0,2021-09-02,624512,AY.4,Delta (AY.4-like),989.0,2021-09-21,167127,B.1.617.2,Delta (B.1.617.2-like),1268.2440285999382,2020-12-16,False,2,7,14,True,10,0,,0,
1764888,SRR23696120,2,1,1,3584,6033,0,COVID-ARTIC-V4.1,.,2023-02-10,6db63119171c,2,XBB.1.5,Omicron (XBB.1.5-like),504.0,2023-01-19,1764887,XBB.1.5,Omicron (XBB.1.5-like),482.0,2023-02-10,1532507,BE.1.1,Omicron (BA.5-like),716.0,2022-06-21,1749205,XBB.1.5,Omicron (XBB.1.5-like),504.0000000002,2023-01-19,1764887,XBB.1.5,Omicron (XBB.1.5-like),482.0,2023-02-10,871726,BA.2,Omicron (BA.2-like),961.3848488132328,2021-10-19,True,12,4,38,True,4,0,,1,MNM3
1006374,SRR20935082,2,1,1,3149,6040,1,COVID-ARTIC-V4.1,.,2021-12-09,7fe9edac77fc,2,AY.3,Delta (B.1.617.2-like),924.6496197931632,2021-11-25,1006373,AY.3,Delta (B.1.617.2-like),910.0,2021-12-09,573211,AY.44,Delta (B.1.617.2-like),1028.6135094014278,2021-08-13,827312,AY.3,Delta (B.1.617.2-like),944.0,2021-11-05,1006373,AY.3,Delta (B.1.617.2-like),910.0,2021-12-09,167127,B.1.617.2,Delta (B.1.617.2-like),1268.2440285999382,2020-12-16,False,2,4,19,True,5,0,,0,
1247289,SRR20392523,1,1,1,5585,6040,2,COVID-ARTIC-V4.1,.,2022-02-11,35742ebfcc6a,2,BA.1.1,Omicron (BA.1-like),860.4448875243565,2022-01-28,1247288,BA.1.1,Omicron (BA.1-like),846.0,2022-02-11,699117,AY.44,Delta (B.1.617.2-like),1036.8559744918414,2021-08-05,1211855,BA.1.1,Omicron (BA.1-like),882.0,2022-01-06,1247288,BA.1.1,Omicron (BA.1-like),846.0,2022-02-11,68,B.1,.,1591.6612163418586,2020-01-28,True,7,8,81,True,10,0,,1,mnS3
1871605,ERR12553254,84,1,1,5315,6183,3,COVID-ARTIC-V5.0-5.3.2_400,.,2023-12-15,1c3d50e615e3,2,XDK,Omicron (BA.2-like),245.173658156757,2023-10-05,1871604,XDK,Omicron (BA.2-like),174.0,2023-12-15,1756457,XBB.1.5,Omicron (XBB.1.5-like),493.0,2023-01-30,1868147,JN.1.1.1,Omicron (BA.2-like),252.75556008424675,2023-09-28,1887669,XDK.4,Omicron (BA.2-like),217.68904292023228,2023-11-02,871726,BA.2,Omicron (BA.2-like),961.3848488132328,2021-10-19,True,11,6,70,True,9,0,,0,
140807,ERR5403161,2,2,1,4891,6286,3,COVID-ARTIC-V3,3,2021-02-06,6d5e33d28316,3,B.1.177,.,1240.3003043675212,2021-01-13,140805,B.1.177,.,1216.0,2021-02-06,36094,C.30,.,1353.0000000002,2020-09-22,61006,B.1.177,.,1350.5634409391776,2020-09-25,140805,B.1.177,.,1216.0,2021-02-06,68,B.1,.,1591.6612163418586,2020-01-28,True,4,8,20,True,11,0,,0,
425792,SRR17157536,1,1,1,5813,6319,1,COVID-ARTIC-V3,.,2021-08-01,6cea3bfcf37b,2,AY.3.1,Delta (B.1.617.2-like),1067.8830458667155,2021-07-05,425791,AY.3.1,Delta (B.1.617.2-like),1040.0,2021-08-01,268079,P.1,Gamma (P.1-like),1140.0,2021-04-23,363312,AY.3.1,Delta (B.1.617.2-like),1084.0000000002003,2021-06-18,425791,AY.3.1,Delta (B.1.617.2-like),1040.0,2021-08-01,68,B.1,.,1591.6612163418586,2020-01-28,False,7,8,61,True,9,0,,2,"MNM1,MNM1a"
1242085,SRR21348829,1,1,1,5387,6402,1,COVID-ARTIC-V4.1,.,2022-02-10,7662ceb3438e,2,BA.1,Omicron (BA.1-like),870.0137254878715,2022-01-18,1242084,BA.1,Omicron (BA.1-like),847.0,2022-02-10,871545,AY.103,Delta (B.1.617.2-like),1039.0273143995803,2021-08-02,1042557,BA.1.1,Omicron (BA.1-like),900.0000000001,2021-12-19,1242084,BA.1,Omicron (BA.1-like),847.0,2022-02-10,68,B.1,.,1591.6612163418586,2020-01-28,True,7,8,78,True,9,0,,1,mnS3
1105581,ERR8076129,18,1,1,5387,6402,1,COVID-ARTIC-V4.1,4.1alt,2022-01-13,2126b5704954,2,XF,Omicron (BA.1-like),878.0,2022-01-10,1105580,XF,Omicron (BA.1-like),875.0,2022-01-13,336020,AY.4,Delta (AY.4-like),1076.0,2021-06-26,1097163,BA.1.16,Omicron (BA.1-like),878.0000000001,2022-01-10,1105580,XF,Omicron (BA.1-like),875.0,2022-01-13,68,B.1,.,1591.6612163418586,2020-01-28,True,7,7,73,True,6,0,,1,mnS3
915945,SRR19305694,1,1,1,5185,6402,0,COVID-ARTIC-V4.1,.,2021-11-22,e0cce64d0d7a,2,AY.47,Delta (B.1.617.2-like),943.8015391626756,2021-11-06,915944,AY.47,Delta (B.1.617.2-like),927.0,2021-11-22,485769,AY.5.1,Delta (B.1.617.2-like),1022.0,2021-08-19,774162,AY.47,Delta (B.1.617.2-like),954.0000000001,2021-10-26,915944,AY.47,Delta (B.1.617.2-like),927.0,2021-11-22,167135,B.1.617.2,Delta (B.1.617.2-like),1454.533651447372,2020-06-13,True,3,5,29,True,5,0,,0,
492136,ERR11742086,1,1,1,5585,6402,3,COVID-MIDNIGHT-1200,.,2021-08-21,74c43737db75,2,AY.28,Delta (B.1.617.2-like),1031.6868434110847,2021-08-10,492135,AY.28,Delta (B.1.617.2-like),1020.0,2021-08-21,310722,AY.4,Delta (AY.4-like),1220.2147994377951,2021-02-02,415402,AY.28,Delta (B.1.617.2-like),1043.0000000003,2021-07-29,492135,AY.28,Delta (B.1.617.2-like),1020.0,2021-08-21,167135,B.1.617.2,Delta (B.1.617.2-like),1454.533651447372,2020-06-13,True,2,6,22,True,9,0,,0,
412626,ERR6457057,1,1,1,5585,6402,1,COVID-ARTIC-V3,3,2021-07-29,db648c5dfaf3,2,AY.9,Delta (B.1.617.2-like),1066.4961686757497,2021-07-06,412625,AY.9,Delta (B.1.617.2-like),1043.0,2021-07-29,363221,AY.4.7,Delta (AY.4-like),1106.919675178459,2021-05-27,365300,AY.9.2,Delta (B.1.617.2-like),1128.968437486175,2021-05-05,412625,AY.9,Delta (B.1.617.2-like),1043.0,2021-07-29,167135,B.1.617.2,Delta (B.1.617.2-like),1454.533651447372,2020-06-13,True,4,6,25,True,6,0,,0,
612180,ERR6853156,17,1,1,3785,6473,1,COVID-ARTIC-V3,3,2021-09-18,21f2a69b9aa2,2,AY.4,Delta (AY.4-like),1007.159673674937,2021-09-03,612179,AY.4,Delta (AY.4-like),992.0,2021-09-18,373104,AY.4,Delta (AY.4-like),1056.0000000002,2021-07-16,474403,AY.4,Delta (AY.4-like),1025.0000000001,2021-08-16,612179,AY.4,Delta (AY.4-like),992.0,2021-09-18,278278,AY.4,Delta (AY.4-like),1162.820144818597,2021-04-01,False,0,4,5,True,5,0,,0,
1132034,SRR19814523,1,1,1,5585,6513,3,COVID-AMPLISEQ-V1,.,2022-01-19,36e8feb90bbb,2,AY.47,Delta (B.1.617.2-like),879.1062130313388,2022-01-09,1132033,AY.47,Delta (B.1.617.2-like),869.0,2022-01-19,1069685,BA.1.1,Omicron (BA.1-like),890.0,2021-12-29,982087,AY.47,Delta (B.1.617.2-like),914.0,2021-12-05,1132033,AY.47,Delta (B.1.617.2-like),869.0,2022-01-19,68,B.1,.,1591.6612163418586,2020-01-28,True,7,14,79,True,16,1,mnS1,0,
1308780,ERR9216792,1,1,1,5387,6513,0,COVID-ARTIC-V4.1,4.1alt,2022-02-28,b635453344ff,2,BA.1,Omicron (BA.1-like),839.0,2022-02-18,1308779,BA.1,Omicron (BA.1-like),829.0,2022-02-28,1274364,BA.2,Omicron (BA.2-like),839.0000000001,2022-02-18,1246999,BA.1,Omicron (BA.1-like),846.0,2022-02-11,1308779,BA.1,Omicron (BA.1-like),829.0,2022-02-28,871728,B.1.1.529,Omicron (Unassigned),1333.8575128682105,2020-10-12,True,2,8,45,True,7,0,,0,
1431253,ERR9625458,1,1,1,5387,6513,2,COVID-ARTIC-V4.1,4.1alt,2022-04-11,897f8b94f555,2,BA.1,Omicron (BA.1-like),800.4955688009989,2022-03-29,1431252,BA.1,Omicron (BA.1-like),787.0,2022-04-11,1295012,BA.1,Omicron (Unassigned),839.0,2022-02-18,1329555,BA.1.1.1,Omicron (BA.1-like),867.742657641538,2022-01-21,1431252,BA.1,Omicron (BA.1-like),787.0,2022-04-11,871728,B.1.1.529,Omicron (Unassigned),1333.8575128682105,2020-10-12,True,2,6,11,True,8,0,,0,
1876644,SRR28170169,1,1,1,2335,6525,1,COVID-ARTIC-V5.0-5.3.2_400,.,2024-01-02,dfcc89b9be00,2,JN.18,Omicron (BA.2-like),172.8490176966544,2023-12-17,1876643,JN.18,Omicron (BA.2-like),156.0,2024-01-02,1872434,JN.3,Omicron (BA.2-like),192.7804458401106,2023-11-27,1855097,JN.18,Omicron (BA.2-like),272.8397021708794,2023-09-08,1876643,JN.18,Omicron (BA.2-like),156.0,2024-01-02,1854738,BA.2.86.1,Omicron (BA.2-like),379.031941899035,2023-05-24,True,2,4,7,True,5,0,,0,
90053,ERR5058070,2,1,1,6529,6954,0,COVID-ARTIC-V3,3,2020-12-23,102d758189e8,2,B.1.1.7,.,1266.0,2020-12-18,90052,B.1.1.7,.,1261.0,2020-12-23,36564,B.1.36.28,.,1404.0206892103615,2020-08-02,87053,B.1.1.7,Alpha (B.1.1.7-like),1266.0000000001,2020-12-18,90052,B.1.1.7,.,1261.0,2020-12-23,68,B.1,.,1591.6612163418586,2020-01-28,False,4,6,38,True,6,0,,1,mnS3
1621645,SRR22194211,2,1,1,5366,6979,1,COVID-ARTIC-V4.1,.,2022-08-15,cb26f9955a06,2,BF.5,Omicron (BA.5-like),688.9215404958826,2022-07-19,1621644,BF.5,Omicron (BA.5-like),661.0,2022-08-15,1538609,BA.2.12.1,Omicron (BA.2-like),733.675817976586,2022-06-04,1495494,BF.5,Omicron (BA.5-like),781.9531844275733,2022-04-17,1621644,BF.5,Omicron (BA.5-like),661.0,2022-08-15,871726,BA.2,Omicron (BA.2-like),961.3848488132328,2021-10-19,False,7,4,26,True,5,0,,0,
1706095,SRR22973069,2,1,1,4907,6982,1,COVID-ARTIC-V4.1,.,2022-11-10,0606c8743b0b,2,BQ.1.1,Omicron (BA.5-like),584.3315202730577,2022-10-31,1706094,BQ.1.1,Omicron (BA.5-like),574.0,2022-11-10,1635801,BA.5.6,Omicron (BA.5-like),649.0,2022-08-27,1694622,BQ.1.1,Omicron (BA.5-like),592.0000000002001,2022-10-23,1706094,BQ.1.1,Omicron (BA.5-like),574.0,2022-11-10,1428716,BA.5,Omicron (BA.5-like),828.0000007252249,2022-03-01,True,8,4,18,True,5,0,,0,
1685198,SRR22063736,1,1,1,3810,7042,0,COVID-VARSKIP-V1a-2b,.,2022-10-12,adcba864e251,2,BA.4.6,Omicron (BA.4-like),613.9161538984093,2022-10-02,1685197,BA.4.6,Omicron (BA.4-like),603.0,2022-10-12,1625449,BQ.1.6,Omicron (BA.5-like),697.2072992189006,2022-07-10,1670405,BA.4.6,Omicron (BA.4-like),619.0,2022-09-26,1685197,BA.4.6,Omicron (BA.4-like),603.0,2022-10-12,871725,BA.4,Omicron (BA.4-like),881.0000000002001,2022-01-07,False,10,6,26,True,5,0,,1,MNM3
373965,SRR15352954,1,1,1,6403,7124,0,COVID-ARTIC-V3,.,2021-07-16,bcf7487f20b5,2,AY.3,Delta (B.1.617.2-like),1070.0,2021-07-02,373964,AY.3,Delta (B.1.617.2-like),1056.0,2021-07-16,283901,AY.14,Delta (B.1.617.2-like),1130.0000000004006,2021-05-03,347845,AY.3,Delta (B.1.617.2-like),1070.0000000001,2021-07-02,373964,AY.3,Delta (B.1.617.2-like),1056.0,2021-07-16,167135,B.1.617.2,Delta (B.1.617.2-like),1454.533651447372,2020-06-13,True,2,6,25,True,6,0,,0,
445255,ERR6631759,1,1,1,6403,7124,1,COVID-ARTIC-V3,3,2021-08-06,fab53a3432dc,2,AY.9.2,Delta (B.1.617.2-like),1047.9293193994852,2021-07-25,445254,AY.9.2,Delta (B.1.617.2-like),1035.0,2021-08-06,373451,AY.4,Delta (AY.4-like),1056.0,2021-07-16,387507,AY.9.2,Delta (B.1.617.2-like),1051.0,2021-07-21,445254,AY.9.2,Delta (B.1.617.2-like),1035.0,2021-08-06,167135,B.1.617.2,Delta (B.1.617.2-like),1454.533651447372,2020-06-13,True,3,5,26,True,6,0,,0,
1871976,SRR27417703,114,1,1,6542,7842,2,COVID-ARTIC-V4.1,.,2023-12-16,e2e89153c2e0,2,JN.1.1,Omicron (BA.2-like),220.0000000001,2023-10-30,1871975,JN.1.1,Omicron (BA.2-like),173.0,2023-12-16,1845920,EG.5.1.1,Omicron (XBB.1-like),434.0000000003001,2023-03-30,1855161,JN.1.39,Omicron (BA.2-like),220.0000000002,2023-10-30,1872109,XDD,Omicron (BA.2-like),220.0,2023-10-30,871726,BA.2,Omicron (BA.2-like),961.3848488132328,2021-10-19,True,14,9,68,True,10,0,,0,
739917,ERR11754286,1,1,1,4082,7851,0,COVID-ARTIC-V4.1,.,2021-10-18,60de1dd36856,2,AY.4.8,Delta (AY.4-like),983.9189621021654,2021-09-27,739916,AY.4.8,Delta (AY.4-like),962.0,2021-10-18,544564,AY.42,Delta (B.1.617.2-like),1047.0000000002,2021-07-25,411095,AY.4.8,Delta (AY.4-like),1090.0220510145937,2021-06-12,739916,AY.4.8,Delta (AY.4-like),962.0,2021-10-18,167126,B.1.617.2,Delta (B.1.617.2-like),1266.016653633328,2020-12-18,False,3,6,11,True,5,0,,0,
716613,ERR7137303,1,1,1,5992,7851,0,COVID-ARTIC-V3,3,2021-10-13,28be39fe4091,2,AY.4,Delta (AY.4-like),984.1960572944132,2021-09-26,716612,AY.4,Delta (AY.4-like),967.0,2021-10-13,505378,AY.5,Delta (B.1.617.2-like),1016.0000000001,2021-08-25,598582,AY.4,Delta (AY.4-like),995.0000000002,2021-09-15,716612,AY.4,Delta (AY.4-like),967.0,2021-10-13,167127,B.1.617.2,Delta (B.1.617.2-like),1268.2440285999382,2020-12-16,False,2,5,14,True,4,0,,0,
758027,ERR11851878,1,1,1,6311,7851,3,COVID-VARSKIP-V1a-2b,.,2021-10-22,ac833c0b7ae4,2,AY.46,Delta (B.1.617.2-like),982.643779638644,2021-09-28,758026,AY.46,Delta (B.1.617.2-like),958.0,2021-10-22,728563,AY.4.9,Delta (AY.4-like),1053.0,2021-07-19,405423,AY.46.6,Delta (B.1.617.2-like),1082.0000000002,2021-06-20,758026,AY.46,Delta (B.1.617.2-like),958.0,2021-10-22,167127,B.1.617.2,Delta (B.1.617.2-like),1268.2440285999382,2020-12-16,True,4,4,6,True,7,0,,0,
1706445,ERR10731614,2,1,1,5184,8090,3,COVID-ARTIC-V4.1,4.1alt,2022-11-11,0ae5919d0655,2,BA.2,Omicron (BA.2-like),589.9348698230853,2022-10-26,1706444,BA.2,Omicron (BA.2-like),573.0,2022-11-11,1702114,BQ.1,Omicron (BA.5-like),619.607191268031,2022-09-26,1694595,CJ.1.2,Omicron (BA.2-like),714.024354014236,2022-06-23,1706444,BA.2,Omicron (BA.2-like),573.0,2022-11-11,871726,BA.2,Omicron (BA.2-like),961.3848488132328,2021-10-19,True,15,9,36,True,9,0,,1,MNM3
1456159,ERR12959655,2,2,1,4112,8208,2,COVID-ARTIC-V3,.,2022-04-24,d69112d99f34,3,BA.2.9,Omicron (BA.2-like),787.0,2022-04-11,1456157,BA.2.9,Omicron (BA.2-like),774.0,2022-04-24,1313143,BA.2.9,Omicron (BA.2-like),865.5324734302661,2022-01-23,1432669,BA.2.9,Omicron (BA.2-like),787.0000000001,2022-04-11,1456157,BA.2.9,Omicron (BA.2-like),774.0,2022-04-24,932307,BA.2,Omicron (BA.2-like),961.3848488130328,2021-10-19,False,0,4,8,True,6,0,,0,
1657704,SRR22029756,2,1,1,6969,8251,0,COVID-ARTIC-V4.1,.,2022-09-14,7ee29fc989db,2,BE.1.4,Omicron (BA.5-like),644.6373158809099,2022-09-01,1657703,BE.1.4,Omicron (BA.5-like),631.0,2022-09-14,1615995,BA.5.2.1,Omicron (BA.5-like),664.0000000001,2022-08-12,1638006,BE.1.4,Omicron (BA.5-like),647.0,2022-08-29,1657703,BE.1.4,Omicron (BA.5-like),631.0,2022-09-14,1428716,BA.5,Omicron (BA.5-like),828.0000007252249,2022-03-01,True,6,5,10,True,5,0,,0,
1350909,ERR10711772,1,1,1,5387,8393,0,COVID-ARTIC-V4.1,.,2022-03-13,7e9ede95ae8a,2,BA.2,Omicron (BA.2-like),834.8488330950735,2022-02-23,1350908,BA.2,Omicron (BA.2-like),816.0,2022-03-13,1201874,BA.1.1.15,Omicron (BA.1-like),854.0,2022-02-03,1094571,BA.2,Omicron (BA.2-like),879.0000000001,2022-01-09,1350908,BA.2,Omicron (BA.2-like),816.0,2022-03-13,871728,B.1.1.529,Omicron (Unassigned),1333.8575128682105,2020-10-12,True,4,7,47,True,4,0,,1,MNM3
1295012,ERR9103393,2,1,1,5387,8393,1,COVID-ARTIC-V4.1,4.1alt,2022-02-23,a38a214d9c48,2,BA.1,Omicron (Unassigned),839.0,2022-02-18,1295011,BA.1,Omicron (Unassigned),834.0,2022-02-23,1274364,BA.2,Omicron (BA.2-like),839.0000000001,2022-02-18,1104471,BA.1,Omicron (BA.1-like),876.0000000001,2022-01-12,1295011,BA.1,Omicron (Unassigned),834.0,2022-02-23,871728,B.1.1.529,Omicron (Unassigned),1333.8575128682105,2020-10-12,True,2,7,42,True,7,0,,0,
1218637,ERR8629212,67,3,1,5925,8393,1,COVID-ARTIC-V4.1,4.1alt,2022-02-06,e1db8d4b7eeb,4,XL,Omicron (BA.2-like),874.5226445787188,2022-01-14,1218634,XL,Omicron (BA.2-like),851.0,2022-02-06,1076559,BA.1.17.2,Omicron (BA.1-like),886.0,2022-01-02,965896,BA.2.5,Omicron (BA.2-like),961.3848488131327,2021-10-19,1218634,XL,Omicron (BA.2-like),851.0,2022-02-06,871728,B.1.1.529,Omicron (Unassigned),1333.8575128682105,2020-10-12,True,5,10,40,True,5,0,,1,MNM3
1048697,SRR19286085,1,1,1,7453,8407,2,COVID-ARTIC-V4.1,.,2021-12-21,d41f19445d54,2,AY.3,Delta (B.1.617.2-like),913.882403744748,2021-12-06,1048696,AY.3,Delta (B.1.617.2-like),898.0,2021-12-21,726976,AY.25.1,Delta (B.1.617.2-like),965.0,2021-10-15,748013,AY.3,Delta (B.1.617.2-like),960.0,2021-10-20,1048696,AY.3,Delta (B.1.617.2-like),898.0,2021-12-21,167127,B.1.617.2,Delta (B.1.617.2-like),1268.2440285999382,2020-12-16,False,3,6,18,True,8,0,,0,
41914,ERR4758732,1,1,1,4292,8683,1,COVID-ARTIC-V3,3,2020-10-07,e8a2aae09450,2,B.1.1.307,.,1363.6737619107878,2020-09-12,41913,B.1.1.307,.,1338.0,2020-10-07,37964,B.1.1.37,.,1367.0000000001,2020-09-08,36971,B.1.1.307,.,1366.0000000002,2020-09-09,41913,B.1.1.307,.,1338.0,2020-10-07,118,B.1.1,.,1591.010637605047,2020-01-28,False,2,4,15,True,5,0,,0,
1855485,SRR26800710,2,2,1,7565,8737,1,COVID-ARTIC-V4.1,.,2023-10-30,b7fa59a19f1c,3,HV.1.2,Omicron (XBB.1-like),245.0897417603877,2023-10-05,1855483,HV.1.2,Omicron (XBB.1-like),220.0,2023-10-30,1831743,XBB.1.5.70,Omicron (XBB.1.5-like),540.0214033339648,2022-12-14,1834599,HV.1.2,Omicron (XBB.1-like),286.0,2023-08-25,1855483,HV.1.2,Omicron (XBB.1-like),220.0,2023-10-30,1675918,XBB.1,Omicron (XBB.1-like),695.2997348629449,2022-07-12,True,9,5,22,True,6,0,,0,
547488,SRR15983729,1,1,1,3645,8893,2,COVID-ARTIC-V3,.,2021-09-03,bd88c0ee2b43,2,AY.3.1,Delta (B.1.617.2-like),1024.9386952509526,2021-08-17,547487,AY.3.1,Delta (B.1.617.2-like),1007.0,2021-09-03,391164,AY.3,Delta (B.1.617.2-like),1107.1483833717898,2021-05-26,441636,AY.3.1,Delta (B.1.617.2-like),1065.0,2021-07-07,547487,AY.3.1,Delta (B.1.617.2-like),1007.0,2021-09-03,296174,AY.3,Delta (B.1.617.2-like),1114.0000000006826,2021-05-19,False,1,4,4,True,6,0,,0,
455856,SRR16318274,1,1,1,7125,8986,1,COVID-ARTIC-V3,.,2021-08-09,d1a7716f8ead,2,AY.25,Delta (B.1.617.2-like),1057.1558689807346,2021-07-15,455855,AY.25,Delta (B.1.617.2-like),1032.0,2021-08-09,283901,AY.14,Delta (B.1.617.2-like),1130.0000000004006,2021-05-03,354392,AY.25.1,Delta (B.1.617.2-like),1094.0000000002003,2021-06-08,455855,AY.25,Delta (B.1.617.2-like),1032.0,2021-08-09,167135,B.1.617.2,Delta (B.1.617.2-like),1454.533651447372,2020-06-13,True,3,9,20,True,9,0,,0,
560455,SRR15961110,7,1,1,7125,8986,0,COVID-VARSKIP-V1a-2b,.,2021-09-07,447b2e9dcd2e,2,AY.47,Delta (B.1.617.2-like),1030.582943676932,2021-08-11,560454,AY.47,Delta (B.1.617.2-like),1003.0,2021-09-07,305430,AY.5,Delta (B.1.617.2-like),1102.0,2021-05-31,421503,AY.47,Delta (B.1.617.2-like),1041.0,2021-07-31,560454,AY.47,Delta (B.1.617.2-like),1003.0,2021-09-07,167135,B.1.617.2,Delta (B.1.617.2-like),1454.533651447372,2020-06-13,True,2,8,20,True,8,0,,0,
571190,ERR6841431,4,1,1,7799,8986,3,COVID-ARTIC-V3,3,2021-09-09,4ccc3b75ba36,2,B.1.617.2,Delta (B.1.617.2-like),1036.5449651932072,2021-08-05,571189,B.1.617.2,Delta (B.1.617.2-like),1001.0,2021-09-09,151338,B.1.1.318,B.1.1.318-like,1311.3749283314214,2020-11-03,463373,AY.122,Delta (B.1.617.2-like),1173.7835765604254,2021-03-21,571189,B.1.617.2,Delta (B.1.617.2-like),1001.0,2021-09-09,68,B.1,.,1591.6612163418586,2020-01-28,True,5,9,42,True,12,0,,0,
528500,SRR15856342,1,1,1,7125,9053,2,COVID-VARSKIP-V1a-2b,.,2021-08-30,63d5e73820bd,2,AY.43,Delta (B.1.617.2-like),1037.0135807023437,2021-08-04,528499,AY.43,Delta (B.1.617.2-like),1011.0,2021-08-30,297582,P.1,Gamma (P.1-like),1113.0,2021-05-20,344431,AY.43,Delta (B.1.617.2-like),1154.0000000004002,2021-04-09,528499,AY.43,Delta (B.1.617.2-like),1011.0,2021-08-30,68,B.1,.,1591.6612163418586,2020-01-28,True,6,10,48,True,12,0,,0,
1787791,SRR23953549,1,1,1,4580,9203,3,COVID-ARTIC-V4.1,.,2023-03-06,30e2ad5391ed,2,XBB.1.5,Omicron (XBB.1.5-like),486.2394626238551,2023-02-06,1787790,XBB.1.5,Omicron (XBB.1.5-like),458.0,2023-03-06,1447599,BA.2,Omicron (BA.2-like),779.0,2022-04-19,1731256,XBB.1.5,Omicron (XBB.1.5-like),606.8548236635393,2022-10-09,1787790,XBB.1.5,Omicron (XBB.1.5-like),458.0,2023-03-06,871726,BA.2,Omicron (BA.2-like),961.3848488132328,2021-10-19,True,6,0,31,False,8,1,MNM12,0,
1629300,SRR21516077,2,2,1,6980,9251,3,COVID-ARTIC-V4.1,.,2022-08-22,972bbc43055a,3,BA.5.2.1,Omicron (BA.5-like),669.8024527913245,2022-08-07,1629298,BA.5.2.1,Omicron (BA.5-like),654.0,2022-08-22,1516557,BA.5.2.1,Omicron (BA.5-like),728.0000000002001,2022-06-09,1557854,BA.5.2.1,Omicron (BA.5-like),700.0,2022-07-07,1629298,BA.5.2.1,Omicron (BA.5-like),654.0,2022-08-22,1441088,BA.5.2.1,Omicron (BA.5-like),828.0000003930714,2022-03-01,False,0,4,5,True,7,0,,0,
1748208,SRR23447223,1,1,1,3041,9286,2,COVID-ARTIC-V4.1,.,2023-01-17,d6b61d21831d,2,BQ.1.10,Omicron (BA.5-like),539.7224540310937,2022-12-15,1748207,BQ.1.10,Omicron (BA.5-like),506.0,2023-01-17,1438798,BA.2,Omicron (BA.2-like),783.0,2022-04-15,1670121,BQ.1.10,Omicron (BA.5-like),619.0000000002001,2022-09-26,1748207,BQ.1.10,Omicron (BA.5-like),506.0,2023-01-17,871726,BA.2,Omicron (BA.2-like),961.3848488132328,2021-10-19,True,9,6,26,True,7,0,,0,
1616563,SRR21372742,2,2,1,6980,9319,0,COVID-ARTIC-V4.1,.,2022-08-12,cd2c1b3d7c18,3,BF.28,Omicron (BA.5-like),684.3975430444207,2022-07-23,1616561,BF.28,Omicron (BA.5-like),664.0,2022-08-12,1340791,BA.2,Omicron (BA.2-like),820.0,2022-03-09,1601887,BF.28,Omicron (BA.5-like),690.0000000001,2022-07-17,1616561,BF.28,Omicron (BA.5-like),664.0,2022-08-12,871726,BA.2,Omicron (BA.2-like),961.3848488132328,2021-10-19,False,5,5,21,True,5,0,,0,
1251239,ERR8756530,1,1,1,8394,9344,1,COVID-ARTIC-V4.1,4.1alt,2022-02-12,ea8b8b168800,2,BA.2,Omicron (BA.2-like),862.9649739411648,2022-01-26,1251238,BA.2,Omicron (BA.2-like),845.0,2022-02-12,1066244,BA.1.1,Omicron (BA.1-like),940.932729064018,2021-11-09,1039997,BA.2.10,Omicron (BA.2-like),901.0000000003,2021-12-18,1251238,BA.2,Omicron (BA.2-like),845.0,2022-02-12,871728,B.1.1.529,Omicron (Unassigned),1333.8575128682105,2020-10-12,True,4,10,40,True,6,0,,1,MNM3
1391384,ERR9494669,1,1,1,8394,9344,0,COVID-ARTIC-V4.1,4.1alt,2022-03-25,2f7bb7b054bb,2,BA.1,Omicron (Unassigned),818.6669269031246,2022-03-11,1391383,BA.1,Omicron (Unassigned),804.0,2022-03-25,1227431,BA.2,Omicron (BA.2-like),849.0000000001,2022-02-08,1314256,BA.1.1,Omicron (BA.1-like),827.0,2022-03-02,1391383,BA.1,Omicron (Unassigned),804.0,2022-03-25,871728,B.1.1.529,Omicron (Unassigned),1333.8575128682105,2020-10-12,True,3,12,39,True,4,0,,0,
1162778,ERR12900126,1,1,1,8503,9344,3,COVID-ARTIC-V3,.,2022-01-25,253b8b607a6c,2,BA.1,Omicron (BA.1-like),870.3526630187074,2022-01-18,1162777,BA.1,Omicron (BA.1-like),863.0,2022-01-25,1111459,BA.2,Omicron (BA.2-like),874.0,2022-01-14,1010501,BA.1.1,Omicron (BA.1-like),960.0645029158444,2021-10-20,1162777,BA.1,Omicron (BA.1-like),863.0,2022-01-25,871728,B.1.1.529,Omicron (Unassigned),1333.8575128682105,2020-10-12,True,3,5,41,True,9,0,,0,
1093814,ERR12888689,170,1,1,8394,9424,0,COVID-ARTIC-V3,.,2022-01-08,6062980ac258,2,BA.2,Omicron (BA.2-like),917.0000000001,2021-12-02,1093813,BA.2,Omicron (BA.2-like),880.0,2022-01-08,970585,BA.1.1,Omicron (BA.1-like),917.0000000002,2021-12-02,990865,BA.2.9,Omicron (BA.2-like),957.306223165016,2021-10-23,3407626,BA.2,Omicron (BA.2-like),917.0,2021-12-02,871728,B.1.1.529,Omicron (Unassigned),1333.8575128682105,2020-10-12,True,4,8,41,True,7,0,,1,MNM3
31804,SRR21719160,3,1,1,6542,9515,0,COVID-ARTIC-V3,.,2020-09-02,d856a9a45838,2,B.1.426,.,1378.0,2020-08-28,31803,B.1.426,.,1373.0,2020-09-02,30783,B.1.369,.,1378.0000000001,2020-08-28,30132,B.1.426,.,1389.0000000001,2020-08-17,31803,B.1.426,.,1373.0,2020-09-02,200,B.1,.,1591.6612163416585,2020-01-28,False,2,5,19,True,5,0,,0,
1565729,SRR20740939,1,1,1,4887,9533,0,COVID-ARTIC-V4.1,.,2022-07-11,995f44c7d4fa,2,BE.5,Omicron (BA.5-like),708.9579515033837,2022-06-29,1565728,BE.5,Omicron (BA.5-like),696.0,2022-07-11,1101640,BA.2,Omicron (BA.2-like),915.2247739388068,2021-12-04,1533855,BE.5,Omicron (BA.5-like),716.0,2022-06-21,1565728,BE.5,Omicron (BA.5-like),696.0,2022-07-11,871726,BA.2,Omicron (BA.2-like),961.3848488132328,2021-10-19,False,5,4,21,True,4,0,,0,
514006,ERR6655421,1,1,1,7713,9653,0,COVID-ARTIC-V3,3,2021-08-27,8dc4e1ff7298,2,AY.43,Delta (B.1.617.2-like),1019.0,2021-08-22,514005,AY.43,Delta (B.1.617.2-like),1014.0,2021-08-27,494753,B.1.617.2,Delta (B.1.617.2-like),1019.0000000001,2021-08-22,483494,AY.43,Delta (B.1.617.2-like),1022.0000000001,2021-08-19,514005,AY.43,Delta (B.1.617.2-like),1014.0,2021-08-27,167127,B.1.617.2,Delta (B.1.617.2-like),1268.2440285999382,2020-12-16,False,1,6,20,True,6,0,,0,
1827030,ERR13320077,4,1,1,6027,9693,0,COVID-ARTIC-V5.0-5.3.2_400,.,2023-07-19,172bf7a4f480,2,EG.5.1,Omicron (XBB.1-like),331.0,2023-07-11,1827029,EG.5.1,Omicron (XBB.1-like),323.0,2023-07-19,1826496,XBB.1.42,Omicron (XBB.1-like),331.0000000001,2023-07-11,1805404,EG.5.1,Omicron (XBB.1-like),434.00000000040006,2023-03-30,1827029,EG.5.1,Omicron (XBB.1-like),323.0,2023-07-19,1740234,XBB.1.9.2,Omicron (XBB.1-like),588.6976477275288,2022-10-27,True,5,7,10,True,7,0,,0,
1856285,ERR12385524,3,1,1,8738,9693,3,COVID-ARTIC-V4.1,.,2023-11-02,ce8bec84820f,2,HV.1,Omicron (XBB.1-like),306.17859206778434,2023-08-05,1856284,HV.1,Omicron (XBB.1-like),217.0,2023-11-02,1831743,XBB.1.5.70,Omicron (XBB.1.5-like),540.0214033339648,2022-12-14,1835355,HV.1,Omicron (XBB.1-like),332.0275232787599,2023-07-10,1865325,HV.1,Omicron (XBB.1-like),293.36136508671825,2023-08-18,1675918,XBB.1,Omicron (XBB.1-like),695.2997348629449,2022-07-12,True,8,6,20,True,8,0,,0,
1511159,SRR19941262,2,1,1,4994,9856,0,COVID-ARTIC-V4.1,.,2022-06-06,39723781a85c,2,BA.2.12.1,Omicron (BA.2-like),735.0,2022-06-02,1511158,BA.2.12.1,Omicron (BA.2-like),731.0,2022-06-06,1507370,BA.2,Omicron (BA.2-like),735.0000000001,2022-06-02,1500524,BA.2.12.1,Omicron (BA.2-like),740.0,2022-05-28,1511158,BA.2.12.1,Omicron (BA.2-like),731.0,2022-06-06,965896,BA.2.5,Omicron (BA.2-like),961.3848488131327,2021-10-19,False,2,5,12,True,5,0,,0,
1705711,ERR13035485,832,1,1,5184,9866,3,COVID-ARTIC-V3,.,2022-11-09,b34ca2111e09,2,XBF,Omicron (BA.2-like),600.9739426000411,2022-10-15,1705710,XBF,Omicron (BA.2-like),575.0000000003001,2022-11-09,1540750,BA.5.2.1,Omicron (BA.5-like),710.0,2022-06-27,1682446,CJ.1,Omicron (BA.2-like),738.2761132369359,2022-05-30,1705710,XBF,Omicron (BA.2-like),575.0000000003001,2022-11-09,871726,BA.2,Omicron (BA.2-like),961.3848488132328,2021-10-19,True,10,8,29,True,10,0,,1,MNM3
1782627,SRR23898355,2,2,1,6887,9866,2,COVID-ARTIC-V4.1,.,2023-02-28,3c2fab24c64d,3,XBB.1.5,Omicron (XBB.1.5-like),482.1994694500355,2023-02-10,1782625,XBB.1.5,Omicron (XBB.1.5-like),464.0,2023-02-28,1572986,BE.1.1,Omicron (BA.5-like),692.0,2022-07-15,1751244,HT.1,Omicron (XBB.1.5-like),548.7407915992347,2022-12-06,1782625,XBB.1.5,Omicron (XBB.1.5-like),464.0,2023-02-28,871726,BA.2,Omicron (BA.2-like),961.3848488132328,2021-10-19,True,14,5,42,True,6,0,,1,MNM3
1783943,SRR23903618,4,1,1,2955,9866,1,COVID-ARTIC-V4.1,.,2023-03-01,5dfd474edabd,2,XBB.1.5.16,Omicron (XBB.1.5-like),492.7840555705403,2023-01-31,1783942,XBB.1.5.16,Omicron (XBB.1.5-like),463.0,2023-03-01,1728933,BQ.1.1,Omicron (BA.5-like),534.0,2022-12-20,1778016,XBB.1.5.16,Omicron (XBB.1.5-like),507.1574471635113,2023-01-16,1783942,XBB.1.5.16,Omicron (XBB.1.5-like),463.0,2023-03-01,871726,BA.2,Omicron (BA.2-like),961.3848488132328,2021-10-19,True,16,4,43,True,5,0,,1,MNM3
1485232,ERR9809884,212,1,1,3359,9866,1,COVID-ARTIC-V4.1,.,2022-05-16,4a10a890731d,2,XAZ,Omicron (BA.5-like),793.1805156774702,2022-04-05,1485231,XAZ,Omicron (BA.5-like),752.0,2022-05-16,1412919,BA.2.5,Omicron (BA.2-like),797.0,2022-04-01,1476858,BA.5,Omicron (BA.5-like),793.1805156775703,2022-04-05,1520343,XAZ,Omicron (BA.5-like),786.1232492306771,2022-04-12,871726,BA.2,Omicron (BA.2-like),961.3848488132328,2021-10-19,True,3,4,13,True,5,0,,0,
1415652,ERR12961670,3,1,1,2833,9866,3,COVID-ARTIC-V3,.,2022-04-02,307f2cbf3178,2,BA.2,Omicron (BA.2-like),807.8670807848179,2022-03-22,1415651,BA.2,Omicron (BA.2-like),796.0,2022-04-02,1375030,XW,Omicron (BA.2-like),826.6424223755273,2022-03-03,1407126,BA.2,Omicron (BA.2-like),895.0608759104477,2021-12-24,1415651,BA.2,Omicron (BA.2-like),796.0,2022-04-02,871726,BA.2,Omicron (BA.2-like),961.3848488132328,2021-10-19,True,1,4,6,True,7,0,,0,
1427466,ERR9621490,1,1,1,9535,9866,1,COVID-ARTIC-V4.1,4.1alt,2022-04-09,adfe35c0e60d,2,BA.2,Omicron (Unassigned),820.5368854145062,2022-03-09,1427465,BA.2,Omicron (Unassigned),789.0,2022-04-09,1014511,BA.1,Omicron (BA.1-like),907.0000000001,2021-12-12,1068804,BA.2,Omicron (BA.2-like),890.0000000001,2021-12-29,1427465,BA.2,Omicron (Unassigned),789.0,2022-04-09,871728,B.1.1.529,Omicron (Unassigned),1333.8575128682105,2020-10-12,True,2,12,37,True,6,0,,1,MNM3
1752088,SRR23360109,7,2,1,7565,9866,2,COVID-ARTIC-V4.1,.,2023-01-23,651034a4fd1a,3,XBB.1.5,Omicron (XBB.1.5-like),503.0,2023-01-20,1752087,XBB.1.5,Omicron (XBB.1.5-like),500.0,2023-01-23,1720585,BQ.1.1,Omicron (BA.5-like),601.8092091056697,2022-10-14,1750023,XBB.1.5,Omicron (XBB.1.5-like),503.0000000001,2023-01-20,1752086,XBB.1.5,Omicron (XBB.1.5-like),500.0,2023-01-23,871726,BA.2,Omicron (BA.2-like),961.3848488132328,2021-10-19,True,15,6,37,True,6,0,,1,MNM3
1698302,SRR22472540,3,1,1,4486,9866,3,COVID-ARTIC-V4.1,.,2022-10-27,d5d72453c043,2,BA.5.1.37,Omicron (BA.5-like),612.5906647148398,2022-10-03,1698301,BA.5.1.37,Omicron (BA.5-like),588.0,2022-10-27,1335547,BA.2,Omicron (BA.2-like),821.0,2022-03-08,1535147,BA.5.1.20,Omicron (BA.5-like),714.0,2022-06-23,1698301,BA.5.1.37,Omicron (BA.5-like),588.0,2022-10-27,871726,BA.2,Omicron (BA.2-like),961.3848488132328,2021-10-19,False,4,2,18,False,7,0,,0,
1593848,SRR21605850,1,1,1,6980,9866,1,COVID-ARTIC-V4.1,.,2022-07-26,15ccf56e2abe,2,BF.1,Omicron (BA.5-like),691.2349689576611,2022-07-16,1593847,BF.1,Omicron (BA.5-like),681.0,2022-07-26,1474589,BA.2.12.1,Omicron (BA.2-like),761.0,2022-05-07,1557110,BF.1,Omicron (BA.5-like),700.0,2022-07-07,1593847,BF.1,Omicron (BA.5-like),681.0,2022-07-26,871726,BA.2,Omicron (BA.2-like),961.3848488132328,2021-10-19,False,7,6,28,True,6,0,,0,
1032506,SRR17647498,1,1,1,9054,9891,2,COVID-ARTIC-V3,.,2021-12-16,ff3b769d14eb,2,B.1.617.2,Delta (B.1.617.2-like),921.1362130789051,2021-11-28,1032505,B.1.617.2,Delta (B.1.617.2-like),903.0,2021-12-16,573113,AY.47,Delta (B.1.617.2-like),1001.0,2021-09-09,887249,AY.44,Delta (B.1.617.2-like),971.2315459866504,2021-10-09,1032505,B.1.617.2,Delta (B.1.617.2-like),903.0,2021-12-16,167135,B.1.617.2,Delta (B.1.617.2-like),1454.533651447372,2020-06-13,True,2,10,24,True,12,0,,0,
968340,SRR17353901,9,1,1,9275,9891,0,COVID-ARTIC-V3,.,2021-12-02,54984cee9eeb,2,B.1.617.2,Delta (B.1.617.2-like),936.9015604591413,2021-11-13,968339,B.1.617.2,Delta (B.1.617.2-like),917.0,2021-12-02,573323,AY.75,Delta (B.1.617.2-like),1001.0,2021-09-09,928923,AY.44,Delta (B.1.617.2-like),973.0,2021-10-07,968339,B.1.617.2,Delta (B.1.617.2-like),917.0,2021-12-02,167135,B.1.617.2,Delta (B.1.617.2-like),1454.533651447372,2020-06-13,True,2,16,27,True,16,0,,0,
447115,ERR6515877,1,1,1,7852,9929,2,COVID-ARTIC-V3,3,2021-08-06,71e6efca73ba,2,AY.6,Delta (AY.4-like),1047.0370834073308,2021-07-25,447114,AY.6,Delta (AY.4-like),1035.0,2021-08-06,329448,AY.4,Delta (AY.4-like),1080.0,2021-06-22,379373,AY.6,Delta (B.1.617.2-like),1053.0,2021-07-19,447114,AY.6,Delta (AY.4-like),1035.0,2021-08-06,167127,B.1.617.2,Delta (B.1.617.2-like),1268.2440285999382,2020-12-16,False,2,4,4,True,6,0,,0,
422661,SRR15489508,2,1,1,9679,10029,2,COVID-ARTIC-V3,.,2021-07-31,2e4d235effc8,2,AY.103,Delta (B.1.617.2-like),1053.7785535194162,2021-07-19,422660,AY.103,Delta (B.1.617.2-like),1041.0,2021-07-31,360698,AY.48,Delta (B.1.617.2-like),1075.0,2021-06-27,344071,AY.103,Delta (B.1.617.2-like),1072.0000000004002,2021-06-30,422660,AY.103,Delta (B.1.617.2-like),1041.0,2021-07-31,167136,B.1.617.2,Delta (B.1.617.2-like),1591.2875774757229,2020-01-28,True,2,11,24,True,12,0,,0,
1701501,ERR10481891,1,1,1,6701,10097,3,COVID-ARTIC-V4.1,4.1alt,2022-11-01,6b07b15f0d34,2,BE.1.1.2,Omicron (BA.5-like),597.7952831001146,2022-10-18,1701500,BE.1.1.2,Omicron (BA.5-like),583.0,2022-11-01,1503294,BA.4,Omicron (BA.4-like),832.3678447071608,2022-02-25,1645729,BE.1.1.2,Omicron (BA.5-like),733.2192924953248,2022-06-04,1701500,BE.1.1.2,Omicron (BA.5-like),583.0,2022-11-01,871725,BA.4,Omicron (BA.4-like),881.0000000002001,2022-01-07,False,7,4,14,True,7,0,,0,
1247224,SRR20358773,1,1,1,9054,10135,3,COVID-ARTIC-V4.1,.,2022-02-11,1363b64a57eb,2,BA.1.15,Omicron (Unassigned),855.6850885551313,2022-02-02,1247223,BA.1.15,Omicron (Unassigned),846.0,2022-02-11,1002765,AY.25,Delta (B.1.617.2-like),945.0,2021-11-04,1139588,BA.1.15,Omicron (BA.1-like),867.0,2022-01-21,1247223,BA.1.15,Omicron (Unassigned),846.0,2022-02-11,68,B.1,.,1591.6612163418586,2020-01-28,True,7,14,79,True,15,0,,1,mnS3
1301067,ERR9132550,7,1,1,9867,10198,3,COVID-ARTIC-V4.1,.,2022-02-25,2402107346fd,2,BA.2,Omicron (Unassigned),872.0,2022-01-16,1301066,BA.2,Omicron (Unassigned),832.0,2022-02-25,1041703,BA.1.1,Omicron (BA.1-like),900.0,2021-12-19,1133051,BA.2,Omicron (Unassigned),872.0000000003004,2022-01-16,1301066,BA.2,Omicron (Unassigned),832.0,2022-02-25,871728,B.1.1.529,Omicron (Unassigned),1333.8575128682105,2020-10-12,True,3,13,30,True,10,0,,0,
1462198,ERR9695062,1,1,1,9867,10198,3,COVID-ARTIC-V4.1,4.1alt,2022-04-28,459277ffcee8,2,BA.2,Omicron (Unassigned),789.583330424086,2022-04-09,1462197,BA.2,Omicron (Unassigned),770.0,2022-04-28,1013492,BA.1,Omicron (BA.1-like),907.0,2021-12-12,1227448,BA.2,Omicron (BA.2-like),849.0,2022-02-08,1462197,BA.2,Omicron (Unassigned),770.0,2022-04-28,871728,B.1.1.529,Omicron (Unassigned),1333.8575128682105,2020-10-12,True,2,14,36,True,7,0,,1,MNM3
1701632,SRR22344807,1,1,1,3550,10253,3,COVID-ARTIC-V4.1,.,2022-11-01,020c9aaa11b0,2,BF.14,Omicron (BA.5-like),600.3369344544827,2022-10-15,1701631,BF.14,Omicron (BA.5-like),583.0,2022-11-01,1603979,BA.5.1,Omicron (BA.5-like),675.0,2022-08-01,1662842,BF.14,Omicron (BA.5-like),691.2910428177036,2022-07-16,1701631,BF.14,Omicron (BA.5-like),583.0,2022-11-01,1428716,BA.5,Omicron (BA.5-like),828.0000007252249,2022-03-01,False,4,5,13,True,8,0,,0,
179122,SRR14158437,1,1,1,8084,10319,1,COVID-ARTIC-V3,.,2021-03-02,13de22739a2c,2,B.1.2,.,1206.5989885013878,2021-02-16,179121,B.1.2,.,1192.0,2021-03-02,145245,B.1.349,.,1213.0,2021-02-09,175279,B.1.2,.,1238.653804446576,2021-01-15,179121,B.1.2,.,1192.0,2021-03-02,200,B.1,.,1591.6612163416585,2020-01-28,False,2,9,20,True,10,0,,0,
1808050,SRR24259388,1,1,1,8773,10323,1,COVID-ARTIC-V4.1,.,2023-04-05,2616e556da8e,2,XBB.1.5,Omicron (XBB.1.5-like),432.2664965270377,2023-04-01,1808049,XBB.1.5,Omicron (XBB.1.5-like),428.0,2023-04-05,1783647,XBB.1.5,Omicron (XBB.1.5-like),463.0,2023-03-01,1782651,XBB.1.5,Omicron (XBB.1.5-like),464.0,2023-02-28,1808049,XBB.1.5,Omicron (XBB.1.5-like),428.0,2023-04-05,1702805,XBB.1.5,Omicron (XBB.1.5-like),637.0611528006282,2022-09-08,True,0,3,8,False,5,0,,0,
1396639,ERR9755541,9,1,1,9867,10447,1,COVID-ARTIC-V4.1,4.1alt,2022-03-26,bc5a17719de8,2,BA.2,Omicron (Unassigned),847.0,2022-02-10,1396638,BA.2,Omicron (Unassigned),803.0,2022-03-26,1111289,BA.1.1,Omicron (BA.1-like),874.0,2022-01-14,1239337,BA.2,Omicron (BA.2-like),847.0000000001,2022-02-10,1451344,BA.2,Omicron (Unassigned),838.1035553366514,2022-02-19,871728,B.1.1.529,Omicron (Unassigned),1333.8575128682105,2020-10-12,True,3,15,36,True,7,0,,1,MNM3
1169967,SRR18155768,19,1,1,9054,10449,0,COVID-ARTIC-V4.1,.,2022-01-27,8e7595783291,2,XS,Omicron (Unassigned),884.0000000003001,2022-01-04,1169966,XS,Omicron (Unassigned),861.0,2022-01-27,1013175,AY.103,Delta (B.1.617.2-like),961.3447895962464,2021-10-19,1145409,BA.1.1,Omicron (BA.1-like),884.0000000004002,2022-01-04,1193652,XS,Omicron (Unassigned),884.0000000002001,2022-01-04,68,B.1,.,1591.6612163418586,2020-01-28,True,7,14,76,True,13,0,,1,mnS3
673127,ERR7028215,1,1,1,4517,10456,3,COVID-ARTIC-V3,3,2021-10-03,c36def977a91,2,AY.4,Delta (AY.4-like),988.4801410994796,2021-09-22,673126,AY.4,Delta (AY.4-like),977.0,2021-10-03,654147,AY.4,Delta (AY.4-like),1010.809561571888,2021-08-31,508413,AY.4,Delta (AY.4-like),1015.0,2021-08-26,673126,AY.4,Delta (AY.4-like),977.0,2021-10-03,175379,AY.4,Delta (AY.4-like),1220.2147994378952,2021-02-02,False,0,4,8,True,7,0,,0,
1542386,SRR20380016,1,1,1,8992,10518,1,COVID-ARTIC-V4.1,.,2022-06-28,1976841a6982,2,BA.2.12.1,Omicron (BA.2-like),721.2066490269092,2022-06-16,1542385,BA.2.12.1,Omicron (BA.2-like),709.0,2022-06-28,1536947,BA.2.3.2,Omicron (BA.2-like),757.3408839601768,2022-05-11,1474886,BA.2.12.1,Omicron (BA.2-like),761.0000000001,2022-05-07,1542385,BA.2.12.1,Omicron (BA.2-like),709.0,2022-06-28,965896,BA.2.5,Omicron (BA.2-like),961.3848488131327,2021-10-19,False,4,4,14,True,5,0,,0,
1709677,ERR10559415,1,1,1,10324,10834,1,COVID-ARTIC-V4.1,4.1alt,2022-11-18,230b4b401e8a,2,BE.12,Omicron (BA.5-like),612.2954607538203,2022-10-03,1709676,BE.12,Omicron (BA.5-like),566.0,2022-11-18,1530715,BA.2.9,Omicron (BA.2-like),718.0,2022-06-19,1529548,BE.12,Omicron (BA.5-like),719.0,2022-06-18,1709676,BE.12,Omicron (BA.5-like),566.0,2022-11-18,871726,BA.2,Omicron (BA.2-like),961.3848488132328,2021-10-19,False,6,6,24,True,7,0,,0,
739656,ERR7177067,10,1,1,9803,10870,1,COVID-ARTIC-V4.1,.,2021-10-18,8368c115a8e3,2,AY.4,Delta (AY.4-like),975.80665129748,2021-10-05,739655,AY.4,Delta (AY.4-like),962.0,2021-10-18,594071,AY.4,Delta (AY.4-like),996.0000000001,2021-09-14,634357,AY.4,Delta (AY.4-like),987.0,2021-09-23,739655,AY.4,Delta (AY.4-like),962.0,2021-10-18,175379,AY.4,Delta (AY.4-like),1220.2147994378952,2021-02-02,False,0,9,10,True,9,0,,0,
114056,ERR5238288,1,1,1,7729,10870,3,COVID-ARTIC-V3,3,2021-01-17,c76cd6e98669,2,B.1.177.9,.,1250.066487089629,2021-01-03,114055,B.1.177.9,.,1236.0,2021-01-17,68520,B.1.1.7,Alpha (B.1.1.7-like),1292.0000000001,2020-11-22,79397,B.1.177.9,.,1272.0,2020-12-12,114055,B.1.177.9,.,1236.0,2021-01-17,68,B.1,.,1591.6612163418586,2020-01-28,True,4,12,33,True,14,0,,0,
655653,SRR16557846,1,1,1,8729,10870,2,COVID-ARTIC-V3,.,2021-09-28,cba41ac1a227,2,AY.3,Delta (B.1.617.2-like),983.0,2021-09-27,655652,AY.3,Delta (B.1.617.2-like),982.0,2021-09-28,652750,AY.25.1,Delta (B.1.617.2-like),983.0000000001,2021-09-27,595276,AY.3,Delta (B.1.617.2-like),996.0,2021-09-14,655652,AY.3,Delta (B.1.617.2-like),982.0,2021-09-28,167127,B.1.617.2,Delta (B.1.617.2-like),1268.2440285999382,2020-12-16,False,3,5,10,True,7,0,,0,
475290,SRR15651674,1,1,1,10030,11201,1,COVID-ARTIC-V3,.,2021-08-16,7c181a89a43a,2,B.1.617.2,Delta (B.1.617.2-like),1050.371457522281,2021-07-22,475289,B.1.617.2,Delta (B.1.617.2-like),1025.0,2021-08-16,293640,AY.119,Delta (B.1.617.2-like),1116.0000000001,2021-05-17,297999,AY.26,Delta (B.1.617.2-like),1112.0,2021-05-21,475289,B.1.617.2,Delta (B.1.617.2-like),1025.0,2021-08-16,167135,B.1.617.2,Delta (B.1.617.2-like),1454.533651447372,2020-06-13,True,2,11,15,True,10,0,,0,
566375,SRR15961629,2,1,1,10030,11201,3,COVID-VARSKIP-V1a-2b,.,2021-09-08,0fea943bb422,2,AY.9,Delta (B.1.617.2-like),1018.1730062600564,2021-08-23,566374,AY.9,Delta (B.1.617.2-like),1002.0,2021-09-08,334650,AY.4,Delta (AY.4-like),1077.0,2021-06-25,435148,AY.9.2,Delta (B.1.617.2-like),1050.0,2021-07-22,566374,AY.9,Delta (B.1.617.2-like),1002.0,2021-09-08,167135,B.1.617.2,Delta (B.1.617.2-like),1454.533651447372,2020-06-13,True,3,13,18,True,12,0,,0,
1444447,SRR20569979,2,1,1,10448,11283,0,COVID-ARTIC-V4.1,.,2022-04-18,dcb7b8e4ea52,2,BA.2,Omicron (Unassigned),798.9378632781702,2022-03-31,1444446,BA.2,Omicron (Unassigned),780.0,2022-04-18,1171751,BA.1.1,Omicron (BA.1-like),918.8962434085784,2021-12-01,1363612,BA.2.12.1,Omicron (BA.2-like),813.0,2022-03-16,1444446,BA.2,Omicron (Unassigned),780.0,2022-04-18,871728,B.1.1.529,Omicron (Unassigned),1333.8575128682105,2020-10-12,True,5,16,39,True,15,0,,1,MNM3
1379624,ERR9495524,1,1,1,10448,11283,0,COVID-ARTIC-V4.1,4.1alt,2022-03-21,afa6a20a85c2,2,BA.1,Omicron (Unassigned),830.7024502634274,2022-02-27,1379623,BA.1,Omicron (Unassigned),808.0,2022-03-21,1096732,BA.2.9,Omicron (BA.2-like),878.0,2022-01-10,1261550,BA.1.1.13,Omicron (BA.1-like),875.0,2022-01-13,1379623,BA.1,Omicron (Unassigned),808.0,2022-03-21,871728,B.1.1.529,Omicron (Unassigned),1333.8575128682105,2020-10-12,True,5,16,37,True,8,0,,0,
1446971,ERR9670965,1,1,1,10448,11283,1,COVID-ARTIC-V4.1,.,2022-04-19,584fadb7a023,2,BA.2,Omicron (Unassigned),809.5356517640628,2022-03-20,1446970,BA.2,Omicron (Unassigned),779.0,2022-04-19,1187589,BA.1.1,Omicron (BA.1-like),857.0,2022-01-31,1127464,BA.2,Omicron (BA.2-like),891.0000000002001,2021-12-28,1446970,BA.2,Omicron (Unassigned),779.0,2022-04-19,871728,B.1.1.529,Omicron (Unassigned),1333.8575128682105,2020-10-12,True,3,15,34,True,5,0,,2,"MNM2,MNM3"
1073548,ERR12888175,1330,1,1,10448,11283,3,COVID-ARTIC-V3,.,2021-12-30,c9a77b01fb0b,2,BA.2,Omicron (Unassigned),897.0000000001,2021-12-22,1073547,XH,Omicron (Unassigned),889.0000000001,2021-12-30,1041192,BA.1,Omicron (BA.1-like),904.0000000001,2021-12-15,1052199,BA.2.9,Omicron (BA.2-like),897.0000000002001,2021-12-22,1420291,BA.2,Omicron (Unassigned),897.0,2021-12-22,871728,B.1.1.529,Omicron (Unassigned),1333.8575128682105,2020-10-12,True,3,14,36,True,16,0,,1,MNM3
1237768,ERR8686127,1,1,1,10448,11283,0,COVID-ARTIC-V4.1,4.1alt,2022-02-09,af52048a2684,2,BA.1,Omicron (Unassigned),850.0,2022-02-07,1237767,BA.1,Omicron (Unassigned),848.0,2022-02-09,1223320,BA.2,Omicron (BA.2-like),850.0000000001,2022-02-07,1145317,BA.1.1,Omicron (BA.1-like),890.0,2021-12-29,1237767,BA.1,Omicron (Unassigned),848.0,2022-02-09,871728,B.1.1.529,Omicron (Unassigned),1333.8575128682105,2020-10-12,True,3,16,38,True,15,0,,0,
277190,SRR15151196,3,1,1,9868,11312,1,COVID-ARTIC-V3,.,2021-05-01,ba7ea64d73e8,2,B.1.526,Iota (B.1.526-like),1150.276368782076,2021-04-13,277189,B.1.526,Iota (B.1.526-like),1132.0,2021-05-01,232174,B.1.1.7,Alpha (B.1.1.7-like),1214.0000000001,2021-02-08,213411,B.1.526,Iota (B.1.526-like),1173.0,2021-03-21,277189,B.1.526,Iota (B.1.526-like),1132.0,2021-05-01,68,B.1,.,1591.6612163418586,2020-01-28,True,3,14,35,True,15,0,,0,
411566,ERR6451662,1,1,1,11202,11332,0,COVID-ARTIC-V3,3,2021-07-29,0fd35aa19ace,2,AY.8,Delta (B.1.617.2-like),1059.3429671276265,2021-07-13,411565,AY.8,Delta (B.1.617.2-like),1043.0,2021-07-29,360481,AY.98,Delta (B.1.617.2-like),1063.0000000001,2021-07-09,357485,AY.8,Delta (B.1.617.2-like),1085.0,2021-06-17,411565,AY.8,Delta (B.1.617.2-like),1043.0,2021-07-29,167135,B.1.617.2,Delta (B.1.617.2-like),1454.533651447372,2020-06-13,True,2,13,19,True,13,0,,0,
562448,SRR16221969,1,1,1,10643,11365,2,COVID-AMPLISEQ-V1,.,2021-09-07,0ab31dd37c08,2,AY.20,Delta (B.1.617.2-like),1019.9619295172128,2021-08-22,562447,AY.20,Delta (B.1.617.2-like),1003.0,2021-09-07,458613,AY.20,Delta (B.1.617.2-like),1031.0,2021-08-10,295610,B.1.617.2,Delta (B.1.617.2-like),1246.8788256838184,2021-01-07,562447,AY.20,Delta (B.1.617.2-like),1003.0,2021-09-07,167127,B.1.617.2,Delta (B.1.617.2-like),1268.2440285999382,2020-12-16,False,1,6,5,True,8,0,,0,
49914,ERR4825079,1,1,1,6287,11396,0,COVID-ARTIC-V3,3,2020-10-23,13a8f0f6b849,2,B.1.177,.,1343.3529130912689,2020-10-02,49913,B.1.177,.,1322.0,2020-10-23,3003,B.1.1,.,1533.0,2020-03-26,36086,B.1.177,.,1353.0000000002,2020-09-22,49913,B.1.177,.,1322.0,2020-10-23,68,B.1,.,1591.6612163418586,2020-01-28,True,2,4,10,True,4,0,,0,
617504,SRR16366666,1,1,1,10753,11456,1,COVID-ARTIC-V3,.,2021-09-19,e2bf0b137949,2,AY.3,Delta (B.1.617.2-like),993.0,2021-09-17,617503,AY.3,Delta (B.1.617.2-like),991.0,2021-09-19,609108,AY.25,Delta (B.1.617.2-like),993.0000000001,2021-09-17,542394,AY.3,Delta (B.1.617.2-like),1008.0,2021-09-02,617503,AY.3,Delta (B.1.617.2-like),991.0,2021-09-19,167127,B.1.617.2,Delta (B.1.617.2-like),1268.2440285999382,2020-12-16,False,2,4,18,True,5,0,,0,
374005,SRR15391405,2,1,1,11116,11456,0,COVID-AMPLISEQ-V1,.,2021-07-16,38407612381c,2,AY.3,Delta (B.1.617.2-like),1061.0,2021-07-11,374004,AY.3,Delta (B.1.617.2-like),1056.0,2021-07-16,342179,AY.103,Delta (B.1.617.2-like),1073.0000000001,2021-06-29,362929,AY.3,Delta (B.1.617.2-like),1061.0000000001,2021-07-11,374004,AY.3,Delta (B.1.617.2-like),1056.0,2021-07-16,167127,B.1.617.2,Delta (B.1.617.2-like),1268.2440285999382,2020-12-16,False,2,3,9,False,4,1,mnS1,0,
660847,SRR16566613,14,1,1,10280,11456,3,COVID-ARTIC-V3,.,2021-09-29,a7753cc27d69,2,AY.3,Delta (B.1.617.2-like),989.0000000002,2021-09-21,660846,AY.3,Delta (B.1.617.2-like),981.0000000001,2021-09-29,627375,AY.119,Delta (B.1.617.2-like),989.0000000003,2021-09-21,360756,AY.3,Delta (B.1.617.2-like),1089.0,2021-06-13,672809,AY.3,Delta (B.1.617.2-like),989.0000000001,2021-09-21,167127,B.1.617.2,Delta (B.1.617.2-like),1268.2440285999382,2020-12-16,False,2,4,13,True,7,0,,0,
1416322,ERR9925077,1,1,1,10448,11537,0,COVID-ARTIC-V4.1,4.1alt,2022-04-03,390ffbe266d9,2,BA.2,Omicron (Unassigned),812.0225711332544,2022-03-17,1416321,BA.2,Omicron (Unassigned),795.0,2022-04-03,1290583,BA.1.1,Omicron (BA.1-like),835.0,2022-02-22,1256310,BA.2,Omicron (BA.2-like),870.0000000001,2022-01-18,1416321,BA.2,Omicron (Unassigned),795.0,2022-04-03,871728,B.1.1.529,Omicron (Unassigned),1333.8575128682105,2020-10-12,True,3,19,37,True,6,0,,1,MNM3
851713,ERR7471772,9,1,1,8300,11620,0,COVID-ARTIC-V4.1,4,2021-11-10,3df26e90660a,2,AY.4,Delta (AY.4-like),960.842461631214,2021-10-20,851712,AY.4,Delta (AY.4-like),939.0,2021-11-10,355912,AY.4,Delta (AY.4-like),1065.0000000002,2021-07-07,720698,AY.110,Delta (AY.4-like),966.0,2021-10-14,851712,AY.4,Delta (AY.4-like),939.0,2021-11-10,175379,AY.4,Delta (AY.4-like),1220.2147994378952,2021-02-02,False,2,5,7,True,5,0,,0,
1833118,SRR26043246,1,1,1,6537,11653,0,COVID-ARTIC-V4.1,.,2023-08-21,2a0485171d1d,2,XBB.2.3,Omicron (XBB-like),307.6870428995056,2023-08-04,1833117,XBB.2.3,Omicron (XBB-like),290.0,2023-08-21,1769340,XBB.1.5,Omicron (XBB.1.5-like),573.667868730491,2022-11-11,1826858,GE.1.5,Omicron (XBB-like),325.0,2023-07-17,1833117,XBB.2.3,Omicron (XBB-like),290.0,2023-08-21,1673437,XBB,Omicron (XBB-like),747.5583239157871,2022-05-21,True,7,5,11,True,5,0,,0,
1883456,SRR28009590,6,1,1,11043,11727,3,COVID-ARTIC-V4.1,.,2024-01-30,12db8bd232ba,2,XDR,Omicron (BA.2-like),149.0,2024-01-09,1883455,XDR,Omicron (BA.2-like),128.0,2024-01-30,1877957,JN.1.1,Omicron (BA.2-like),149.0000000001,2024-01-09,1880961,JN.1.1,Omicron (BA.2-like),200.563639356642,2023-11-19,1885096,XDR,Omicron (BA.2-like),148.05376409446512,2024-01-10,871726,BA.2,Omicron (BA.2-like),961.3848488132328,2021-10-19,True,0,14,5,True,8,0,,0,
1588680,ERR10023875,3,1,1,6980,11750,1,COVID-ARTIC-V4.1,4.1alt,2022-07-24,c2884f06144b,2,BA.5,Omicron (BA.5-like),731.0,2022-06-06,1588679,BA.5,Omicron (BA.5-like),683.0,2022-07-24,1510915,BE.1.1,Omicron (BA.5-like),731.0000000001,2022-06-06,1501106,BF.28,Omicron (BA.5-like),788.2663831574633,2022-04-10,1588679,BA.5,Omicron (BA.5-like),683.0,2022-07-24,1428716,BA.5,Omicron (BA.5-like),828.0000007252249,2022-03-01,True,7,6,6,True,6,0,,0,
1863701,SRR27387213,1,1,1,9694,11750,1,COVID-ARTIC-V5.0-5.3.2_400,.,2023-11-25,d439f742443e,2,EG.5.1,Omicron (XBB.1-like),205.8678965868117,2023-11-14,1863700,EG.5.1,Omicron (XBB.1-like),194.0,2023-11-25,1850314,XBB.1.16.11,Omicron (XBB.1.16-like),240.0,2023-10-10,1854449,HV.1,Omicron (XBB.1-like),224.0,2023-10-26,1863700,EG.5.1,Omicron (XBB.1-like),194.0,2023-11-25,1675918,XBB.1,Omicron (XBB.1-like),695.2997348629449,2022-07-12,True,8,10,27,True,11,0,,0,
1685059,ERR10427736,1,1,1,7529,11750,2,COVID-ARTIC-V4.1,4.1alt,2022-10-12,1b64b2c15aa4,2,BF.7.13,Omicron (BA.5-like),635.5464363632365,2022-09-10,1685058,BF.7.13,Omicron (BA.5-like),603.0,2022-10-12,1583292,BF.7.13,Omicron (BA.5-like),720.0000000001,2022-06-17,1571892,BE.1.1,Omicron (BA.5-like),692.0000000001,2022-07-15,1685058,BF.7.13,Omicron (BA.5-like),603.0,2022-10-12,1428716,BA.5,Omicron (BA.5-like),828.0000007252249,2022-03-01,True,8,6,8,True,7,0,,0,
1675705,ERR13022613,1,1,1,5032,11750,2,COVID-ARTIC-V3,.,2022-10-02,a64d1cc80cf6,2,BQ.1.5,Omicron (BA.5-like),634.6268038492037,2022-09-11,1675704,BQ.1.5,Omicron (BA.5-like),613.0,2022-10-02,1594857,BA.5.2.1,Omicron (BA.5-like),699.4300964872916,2022-07-08,1656812,BQ.1.5,Omicron (BA.5-like),702.6744914412525,2022-07-05,1675704,BQ.1.5,Omicron (BA.5-like),613.0,2022-10-02,1428716,BA.5,Omicron (BA.5-like),828.0000007252249,2022-03-01,False,9,4,14,True,6,0,,0,
1837055,SRR26194994,2,1,1,10862,11750,0,COVID-ARTIC-V5.0-5.3.2_400,.,2023-08-31,64210310f3fb,2,XBB.1.16.6,Omicron (XBB.1.16-like),289.26824132291483,2023-08-22,1837054,XBB.1.16.6,Omicron (XBB.1.16-like),280.0,2023-08-31,1824355,EG.5.1,Omicron (XBB.1-like),430.68995063067376,2023-04-03,1831586,XBB.1.16.6,Omicron (XBB.1.16-like),297.0,2023-08-14,1837054,XBB.1.16.6,Omicron (XBB.1.16-like),280.0,2023-08-31,1675918,XBB.1,Omicron (XBB.1-like),695.2997348629449,2022-07-12,True,6,9,19,True,6,0,,0,
1829885,ERR11923812,4,1,1,9694,11956,2,COVID-ARTIC-V4.1,.,2023-08-07,1fb6a6359e46,2,EG.5.1.13,Omicron (XBB.1-like),316.9007115274845,2023-07-26,1829884,EG.5.1.13,Omicron (XBB.1-like),304.0,2023-08-07,1823621,FL.18,Omicron (XBB.1-like),360.0,2023-06-12,1829658,EG.5.1.13,Omicron (XBB.1-like),359.4294902442621,2023-06-13,1829884,EG.5.1.13,Omicron (XBB.1-like),304.0,2023-08-07,1699953,XBB.1.9,Omicron (XBB.1-like),669.9935037217681,2022-08-07,True,6,7,15,True,9,0,,0,
1829094,SRR25709216,1,1,1,10229,11956,1,COVID-ARTIC-V4.1,.,2023-08-03,c0e7d4c5eb99,2,XBB.1.16.4,Omicron (XBB.1.16-like),316.55290666899924,2023-07-26,1829093,XBB.1.16.4,Omicron (XBB.1.16-like),308.0,2023-08-03,1422000,BA.2,Omicron (BA.2-like),793.0,2022-04-05,1826910,XBB.1.16.4,Omicron (XBB.1.16-like),325.0,2023-07-17,1829093,XBB.1.16.4,Omicron (XBB.1.16-like),308.0,2023-08-03,965896,BA.2.5,Omicron (BA.2-like),961.3848488131327,2021-10-19,True,7,4,39,True,5,0,,0,
1560770,SRR20742269,1,1,1,6980,12068,2,COVID-ARTIC-V4.1,.,2022-07-08,d48cc449541c,2,BE.1,Omicron (BA.5-like),707.0941491685513,2022-06-30,1560769,BE.1,Omicron (BA.5-like),699.0,2022-07-08,1527768,BA.5.2.1,Omicron (BA.5-like),720.0000000001,2022-06-17,1539065,BE.1,Omicron (BA.5-like),711.0,2022-06-26,1560769,BE.1,Omicron (BA.5-like),699.0,2022-07-08,1428716,BA.5,Omicron (BA.5-like),828.0000007252249,2022-03-01,True,5,6,7,True,8,0,,0,
1752129,SRR23358540,1,1,1,11751,12160,1,COVID-ARTIC-V4.1,.,2023-01-23,b7c8e0260ee6,2,BA.2,Omicron (BA.2-like),524.0524240945891,2022-12-30,1752128,BA.2,Omicron (BA.2-like),500.0,2023-01-23,1711735,BQ.1,Omicron (BA.5-like),587.0,2022-10-28,1710590,CH.1.1.2,Omicron (BA.2-like),657.4774419987375,2022-08-19,1752128,BA.2,Omicron (BA.2-like),500.0,2023-01-23,871726,BA.2,Omicron (BA.2-like),961.3848488132328,2021-10-19,True,16,14,30,True,15,0,,1,MNM3
1566143,SRR20933159,1,1,1,11675,12160,1,COVID-ARTIC-V4.1,.,2022-07-11,d28102e1192b,2,BA.5.5,Omicron (BA.5-like),715.9855891548647,2022-06-22,1566142,BA.5.5,Omicron (BA.5-like),696.0,2022-07-11,1467463,BA.2.12.1,Omicron (BA.2-like),766.0,2022-05-02,1479198,BA.5.5,Omicron (BA.5-like),758.0000000002001,2022-05-10,1566142,BA.5.5,Omicron (BA.5-like),696.0,2022-07-11,871726,BA.2,Omicron (BA.2-like),961.3848488132328,2021-10-19,False,5,5,19,True,6,0,,0,
1670800,SRR21901214,2,1,1,8985,12310,3,COVID-ARTIC-V4.1,.,2022-09-26,7d7db5a52af2,2,BA.5.2,Omicron (BA.5-like),629.1258875618645,2022-09-16,1670799,BA.5.2,Omicron (BA.5-like),619.0,2022-09-26,1624851,BA.5.2.1,Omicron (BA.5-like),658.0,2022-08-18,1564414,BA.5.2,Omicron (BA.5-like),696.0,2022-07-11,1670799,BA.5.2,Omicron (BA.5-like),619.0,2022-09-26,1441168,BA.5.2,Omicron (BA.5-like),828.0000003931715,2022-03-01,False,1,5,9,True,7,0,,0,
1701008,SRR22294791,1,1,1,6980,12315,0,COVID-ARTIC-V4.1,.,2022-10-31,bf7560df36dd,2,BA.5.2.1,Omicron (BA.5-like),589.0,2022-10-26,1701007,BA.5.2.1,Omicron (BA.5-like),584.0,2022-10-31,1537601,BA.5.2.1,Omicron (BA.5-like),712.0,2022-06-25,1697149,BA.5.2.1,Omicron (BA.5-like),589.0000000001,2022-10-26,1701007,BA.5.2.1,Omicron (BA.5-like),584.0,2022-10-31,1441088,BA.5.2.1,Omicron (BA.5-like),828.0000003930714,2022-03-01,False,0,5,7,True,5,0,,0,
1837855,ERR12077841,1,1,1,9694,12439,3,COVID-ARTIC-V4.1,.,2023-09-04,c31a94e93b3a,2,EG.5.1,Omicron (XBB.1-like),287.0058394544432,2023-08-24,1837854,EG.5.1,Omicron (XBB.1-like),276.0,2023-09-04,1786392,XBB.2.3.13,Omicron (XBB-like),513.6269916775976,2023-01-10,1831245,EG.5.1.13,Omicron (XBB.1-like),301.0,2023-08-10,1837854,EG.5.1,Omicron (XBB.1-like),276.0,2023-09-04,1673437,XBB,Omicron (XBB-like),747.5583239157871,2022-05-21,True,9,7,18,True,10,0,,0,
1591342,SRR21039681,2,1,1,5184,12444,2,COVID-ARTIC-V4.1,.,2022-07-25,1d965b2b2475,2,BA.2.75.1,Omicron (BA.2-like),793.8362182301772,2022-04-05,1591341,BA.2.75,Omicron (BA.2-like),682.0,2022-07-25,1253088,BA.2,Omicron (BA.2-like),849.0000000001,2022-02-08,1571715,BA.2.75.1,Omicron (BA.2-like),807.778176312114,2022-03-22,1591341,BA.2.75,Omicron (BA.2-like),682.0,2022-07-25,965896,BA.2.5,Omicron (BA.2-like),961.3848488131327,2021-10-19,False,2,5,14,True,7,0,,0,
1642345,SRR21605320,2,1,1,5184,12444,3,COVID-ARTIC-V4.1,.,2022-09-02,c06d879c9a25,2,BA.2,Omicron (BA.2-like),647.0,2022-08-29,1642344,BA.2,Omicron (BA.2-like),643.0,2022-09-02,1221659,BA.2,Omicron (BA.2-like),850.0,2022-02-07,1638245,BA.2.75.7,Omicron (BA.2-like),647.0000000001,2022-08-29,1642344,BA.2,Omicron (BA.2-like),643.0,2022-09-02,965896,BA.2.5,Omicron (BA.2-like),961.3848488131327,2021-10-19,False,2,6,18,True,9,0,,0,
1837694,SRR26287955,1,1,1,8738,12467,1,COVID-ARTIC-V5.0-5.3.2_400,.,2023-09-03,5b4439adc8a2,2,EG.1,Omicron (XBB.1-like),310.4328635557277,2023-08-01,1837693,EG.1,Omicron (XBB.1-like),277.0,2023-09-03,1831742,XBB.1.5.70,Omicron (XBB.1.5-like),481.6756092108525,2023-02-11,1833241,EG.1,Omicron (XBB.1-like),350.74081494457096,2023-06-22,1837693,EG.1,Omicron (XBB.1-like),277.0,2023-09-03,1675918,XBB.1,Omicron (XBB.1-like),695.2997348629449,2022-07-12,True,5,10,16,True,7,0,,0,
423969,ERR6479685,1,1,1,10643,12685,0,COVID-ARTIC-V3,3,2021-08-01,062974929eca,2,AY.4,Delta (AY.4-like),1050.0,2021-07-22,423968,AY.4,Delta (AY.4-like),1040.0,2021-08-01,383016,AY.4,Delta (AY.4-like),1052.0000000001,2021-07-20,389074,AY.4,Delta (AY.4-like),1050.0000000001,2021-07-22,423968,AY.4,Delta (AY.4-like),1040.0,2021-08-01,175379,AY.4,Delta (AY.4-like),1220.2147994378952,2021-02-02,False,0,5,4,True,4,0,,0,
1830784,SRR25803842,2,1,1,11957,12730,1,COVID-ARTIC-V5.0-5.3.2_400,.,2023-08-10,2b18d00f99fd,2,EG.6.1,Omicron (XBB.1-like),331.3898205112007,2023-07-11,1830783,EG.6.1,Omicron (XBB.1-like),301.0,2023-08-10,1812053,XBB.1.16,Omicron (XBB.1.16-like),419.0,2023-04-14,1828822,EG.6.1,Omicron (XBB.1-like),378.92688538716936,2023-05-25,1830783,EG.6.1,Omicron (XBB.1-like),301.0,2023-08-10,1675918,XBB.1,Omicron (XBB.1-like),695.2997348629449,2022-07-12,True,5,6,16,True,7,0,,0,
631655,SRR16499704,3,1,1,10324,12772,2,COVID-ARTIC-V3,.,2021-09-22,8813d130a900,2,B.1.617.2,Delta (B.1.617.2-like),1019.1137731803908,2021-08-22,631654,B.1.617.2,Delta (B.1.617.2-like),988.0000000001,2021-09-22,326232,AY.100,Delta (B.1.617.2-like),1134.3583302677548,2021-04-29,419629,AY.113,Delta (B.1.617.2-like),1122.0419543268383,2021-05-11,631654,B.1.617.2,Delta (B.1.617.2-like),988.0000000001,2021-09-22,167126,B.1.617.2,Delta (B.1.617.2-like),1266.016653633328,2020-12-18,False,2,4,5,True,6,0,,0,
1834463,SRR27334498,3,1,1,9694,12789,1,COVID-ARTIC-V4.1,.,2023-08-24,2c80b6f8cae6,2,EG.5.1,Omicron (XBB.1-like),299.8073224097333,2023-08-12,1834462,EG.5.1,Omicron (XBB.1-like),287.0,2023-08-24,1832291,FE.1.2,Omicron (XBB.1-like),331.18466830051995,2023-07-11,1826262,HK.29,Omicron (XBB.1-like),338.0,2023-07-04,1834462,EG.5.1,Omicron (XBB.1-like),287.0,2023-08-24,1675918,XBB.1,Omicron (XBB.1-like),695.2997348629449,2022-07-12,True,10,14,16,True,15,0,,0,
1766388,SRR23651718,15,1,1,12445,12789,1,COVID-ARTIC-V4.1,.,2023-02-12,8bae381e0e5d,2,XCC,Omicron (XBB.1-like),575.3290415184667,2022-11-09,1766387,XCC,Omicron (XBB.1-like),480.0,2023-02-12,1714715,CH.1.1.1,Omicron (BA.2-like),653.7150130094925,2022-08-23,1750770,XBB.1.9,Omicron (XBB.1-like),604.2462404083946,2022-10-11,1766387,XCC,Omicron (XBB.1-like),480.0,2023-02-12,965896,BA.2.5,Omicron (BA.2-like),961.3848488131327,2021-10-19,True,12,9,28,True,10,0,,0,
1849150,SRR26473090,1,1,1,9694,12789,3,COVID-ARTIC-V5.0-5.3.2_400,.,2023-10-06,ca64b1d2fcc0,2,JD.1.1,Omicron (XBB.1.5-like),275.8853116527406,2023-09-05,1849149,JD.1.1,Omicron (XBB.1.5-like),244.0,2023-10-06,1839669,EG.5.1.1,Omicron (XBB.1-like),419.5472272269382,2023-04-14,1830670,JD.1.1,Omicron (XBB.1.5-like),308.00000000050005,2023-08-03,1849149,JD.1.1,Omicron (XBB.1.5-like),244.0,2023-10-06,1675918,XBB.1,Omicron (XBB.1-like),695.2997348629449,2022-07-12,True,9,6,20,True,9,0,,0,
1864431,ERR13052013,1,1,1,9694,12789,3,COVID-ARTIC-V5.0-5.3.2_400,.,2023-11-27,77040c9c3d00,2,XBB.1.9,Omicron (XBB.1-like),217.9153749318916,2023-11-02,1864430,XBB.1.9,Omicron (XBB.1-like),192.0,2023-11-27,1831262,GS.4.1,Omicron (XBB-like),415.466034402216,2023-04-18,1834476,XCZ,Omicron (XBB.1-like),287.0,2023-08-24,1864430,XBB.1.9,Omicron (XBB.1-like),192.0,2023-11-27,1673437,XBB,Omicron (XBB-like),747.5583239157871,2022-05-21,True,11,8,30,True,11,0,,0,
1877958,SRR28170054,7,1,1,11748,12789,2,COVID-ARTIC-V5.0-5.3.2_400,.,2024-01-09,84794f2488ee,2,JN.1.1,Omicron (BA.2-like),182.44179255046097,2023-12-07,1877957,JN.1.1,Omicron (BA.2-like),149.0000000001,2024-01-09,1781147,XBB.1.5.102,Omicron (XBB.1.5-like),580.2785365462057,2022-11-04,1858393,JN.1.1,Omicron (BA.2-like),257.0314866044453,2023-09-23,1877957,JN.1.1,Omicron (BA.2-like),149.0000000001,2024-01-09,871726,BA.2,Omicron (BA.2-like),961.3848488132328,2021-10-19,True,11,14,58,True,14,0,,0,
897554,SRR20944634,1,1,1,8380,12801,1,COVID-ARTIC-V4.1,.,2021-11-18,85dc594f7697,2,AY.103,Delta (B.1.617.2-like),959.3586974929476,2021-10-21,897553,AY.103,Delta (B.1.617.2-like),931.0,2021-11-18,689226,AY.25,Delta (B.1.617.2-like),1052.0,2021-07-20,637846,AY.103,Delta (B.1.617.2-like),1095.234431418927,2021-06-07,897553,AY.103,Delta (B.1.617.2-like),931.0,2021-11-18,167127,B.1.617.2,Delta (B.1.617.2-like),1268.2440285999382,2020-12-16,False,2,4,9,True,5,0,,0,
1885118,SRR28273033,1,1,1,11728,12815,2,COVID-ARTIC-V5.0-5.3.2_400,.,2024-02-06,90ab9dcbaf04,2,JN.1.1,Omicron (BA.2-like),135.71441008412992,2024-01-23,1885117,JN.1.1,Omicron (BA.2-like),121.0,2024-02-06,1859233,HV.1,Omicron (XBB.1-like),254.3974539427861,2023-09-26,1876436,JN.1,Omicron (BA.2-like),192.0,2023-11-27,1885117,JN.1.1,Omicron (BA.2-like),121.0,2024-02-06,871726,BA.2,Omicron (BA.2-like),961.3848488132328,2021-10-19,True,14,18,65,True,11,0,,0,
1413955,SRR20520593,23,1,1,11538,12880,3,COVID-ARTIC-V4.1,.,2022-04-01,13e2117dc441,2,XY,Omicron (Unassigned),814.0000000001,2022-03-15,1413954,XY,Omicron (Unassigned),797.0000000002001,2022-04-01,1026053,BA.1.1,Omicron (BA.1-like),904.0000000001,2021-12-15,1359227,BA.2,Omicron (BA.2-like),814.0000000002001,2022-03-15,1420287,XY,Omicron (Unassigned),814.0,2022-03-15,871728,B.1.1.529,Omicron (Unassigned),1333.8575128682105,2020-10-12,True,3,22,31,True,7,0,,1,MNM3
1535156,ERR9901517,1,1,1,6980,13078,2,COVID-ARTIC-V4.1,4.1alt,2022-06-23,fa7757ea757e,2,BA.5.2.1,Omicron (BA.5-like),723.2557481927497,2022-06-14,1535155,BA.5.2.1,Omicron (BA.5-like),714.0,2022-06-23,1504562,BA.4.2,Omicron (BA.4-like),737.0,2022-05-31,1491947,BA.5.2.1,Omicron (BA.5-like),747.0000000002001,2022-05-21,1535155,BA.5.2.1,Omicron (BA.5-like),714.0,2022-06-23,871725,BA.4,Omicron (BA.4-like),881.0000000002001,2022-01-07,True,5,6,13,True,6,0,,0,
1660891,SRR21737519,4,1,1,12782,13165,2,COVID-VARSKIP-V1a-2b,.,2022-09-17,0504a2649e57,2,BF.26,Omicron (BA.5-like),661.5257273789318,2022-08-15,1660890,BF.26,Omicron (BA.5-like),628.0,2022-09-17,1441620,BA.2.18,Omicron (BA.2-like),781.0,2022-04-17,1615578,BF.26,Omicron (BA.5-like),665.0,2022-08-11,1665406,BF.26,Omicron (BA.5-like),661.5257273788318,2022-08-15,871726,BA.2,Omicron (BA.2-like),961.3848488132328,2021-10-19,True,6,8,18,True,9,0,,0,
1253523,ERR8767178,1,1,1,12881,13195,0,COVID-ARTIC-V4.1,4.1alt,2022-02-13,2cd535138dfe,2,BA.1.1,Omicron (Unassigned),845.0,2022-02-12,1253522,BA.1.1,Omicron (Unassigned),844.0,2022-02-13,1251698,BA.2.9,Omicron (BA.2-like),845.0000000001,2022-02-12,1064285,BA.1.1,Omicron (BA.1-like),891.0,2021-12-28,1253522,BA.1.1,Omicron (Unassigned),844.0,2022-02-13,871728,B.1.1.529,Omicron (Unassigned),1333.8575128682105,2020-10-12,True,4,19,33,True,4,0,,0,
1330097,ERR9278240,1,1,1,12881,13195,0,COVID-ARTIC-V4.1,4.1alt,2022-03-07,169e5ed4e7d6,2,BA.2,Omicron (Unassigned),829.0,2022-02-28,1330096,BA.2,Omicron (Unassigned),822.0,2022-03-07,1254835,BA.1.1,Omicron (BA.1-like),844.0,2022-02-13,1309054,BA.2,Omicron (BA.2-like),829.0000000001,2022-02-28,1330096,BA.2,Omicron (Unassigned),822.0,2022-03-07,871728,B.1.1.529,Omicron (Unassigned),1333.8575128682105,2020-10-12,True,3,21,33,True,5,0,,1,MNM3
1616510,SRR21371381,1,1,1,12827,13342,0,COVID-ARTIC-V4.1,.,2022-08-12,38d5783841bf,2,BE.2,Omicron (BA.5-like),676.825770902783,2022-07-31,1616509,BE.2,Omicron (BA.5-like),664.0,2022-08-12,1548159,BE.2,Omicron (BA.5-like),705.0000000001,2022-07-02,1586032,BA.5.2.1,Omicron (BA.5-like),685.0,2022-07-22,1616509,BE.2,Omicron (BA.5-like),664.0,2022-08-12,1428716,BA.5,Omicron (BA.5-like),828.0000007252249,2022-03-01,True,5,11,7,True,7,0,,0,
1663129,SRR21797771,1,1,1,10400,13342,0,COVID-ARTIC-V4.1,.,2022-09-19,f901983a3ef9,2,BA.5.3.1,Omicron (BA.5-like),655.3223088372687,2022-08-21,1663128,BA.5.3.1,Omicron (BA.5-like),626.0,2022-09-19,1661855,BA.5.2.1,Omicron (BA.5-like),700.3305885117804,2022-07-07,1546627,BE.2,Omicron (BA.5-like),706.0000000002001,2022-07-01,1663128,BA.5.3.1,Omicron (BA.5-like),626.0,2022-09-19,1428716,BA.5,Omicron (BA.5-like),828.0000007252249,2022-03-01,True,5,9,9,True,5,0,,0,
497334,ERR6762966,1,1,1,11484,13390,0,COVID-ARTIC-V3,3,2021-08-23,ad5c5e54fd1b,2,AY.4,Delta (AY.4-like),1033.9303501050945,2021-08-08,497333,AY.4,Delta (AY.4-like),1018.0,2021-08-23,304268,AY.4,Delta (AY.4-like),1104.0000000001,2021-05-29,449122,AY.4,Delta (AY.4-like),1034.0000000001,2021-08-07,497333,AY.4,Delta (AY.4-like),1018.0,2021-08-23,175379,AY.4,Delta (AY.4-like),1220.2147994378952,2021-02-02,False,0,5,4,True,4,0,,0,
1590455,ERR10024647,2,1,1,12748,13617,2,COVID-ARTIC-V4.1,4.1alt,2022-07-25,0db2c890ce64,2,BA.5.1,Omicron (BA.5-like),687.1552016237877,2022-07-20,1590454,BA.5.1,Omicron (BA.5-like),682.0,2022-07-25,1565581,BA.5.1,Omicron (BA.5-like),696.0,2022-07-11,1573054,BA.5.1.15,Omicron (BA.5-like),692.0,2022-07-15,1590454,BA.5.1,Omicron (BA.5-like),682.0,2022-07-25,1428715,BA.5.1,Omicron (BA.5-like),828.0000007250248,2022-03-01,False,1,5,6,True,7,0,,1,MNM4
1894,ERR4437465,1,1,1,8783,13617,2,COVID-ARTIC-V3,3,2020-03-22,052b938d3189,2,B.1.157,.,1541.0,2020-03-18,1893,B.1.157,.,1537.0,2020-03-22,1403,B,.,1565.5290079125,2020-02-23,1067,B.1.157,.,1541.0000000001,2020-03-18,1893,B.1.157,.,1537.0,2020-03-22,1,B,.,1624.0000000006007,2019-12-26,True,2,5,5,True,7,0,,0,
1834754,SRR25955693,1,1,1,12398,13833,0,COVID-ARTIC-V5.0-5.3.2_400,.,2023-08-25,ec5e43ea3a31,2,XBB.1.16,Omicron (XBB.1.16-like),288.0,2023-08-23,1834753,XBB.1.16,Omicron (XBB.1.16-like),286.0,2023-08-25,1833841,XBB.1.16,Omicron (XBB.1.16-like),288.0000000001,2023-08-23,1829631,XBB.1.16.6,Omicron (XBB.1.16-like),306.0,2023-08-05,1834753,XBB.1.16,Omicron (XBB.1.16-like),286.0,2023-08-25,1789141,XBB.1.16,Omicron (XBB.1.16-like),473.21743173469287,2023-02-19,True,1,9,7,True,7,0,,0,
303636,SRR15226187,3,2,1,12163,13887,0,COVID-AMPLISEQ-V1,.,2021-05-28,b73ea1db3107,3,B.1.1.7,Alpha (B.1.1.7-like),1121.0,2021-05-12,303634,B.1.1.7,Alpha (B.1.1.7-like),1105.0,2021-05-28,289155,B.1.1.7,Alpha (B.1.1.7-like),1121.0000000001,2021-05-12,231517,B.1.1.7,Alpha (B.1.1.7-like),1190.5416458273571,2021-03-04,303634,B.1.1.7,Alpha (B.1.1.7-like),1105.0,2021-05-28,50503,B.1.1.7,Alpha (B.1.1.7-like),1359.8932779246688,2020-09-16,False,0,5,13,True,5,0,,0,
410524,SRR17444327,1,1,1,7927,14014,2,COVID-ARTIC-V3,.,2021-07-28,09280c5b971c,2,AY.44,Delta (B.1.617.2-like),1056.3363981896227,2021-07-16,410523,AY.44,Delta (B.1.617.2-like),1044.0,2021-07-28,330988,AY.103,Delta (B.1.617.2-like),1080.0000000006007,2021-06-22,356332,AY.44,Delta (B.1.617.2-like),1065.0000000003,2021-07-07,410523,AY.44,Delta (B.1.617.2-like),1044.0,2021-07-28,167127,B.1.617.2,Delta (B.1.617.2-like),1268.2440285999382,2020-12-16,False,2,4,9,True,6,0,,0,
815559,SRR21046306,2,1,1,7927,14014,2,COVID-ARTIC-V3,.,2021-11-03,41d66b23a167,2,AY.44,Delta (B.1.617.2-like),966.6852116477762,2021-10-14,815558,AY.44,Delta (B.1.617.2-like),946.0,2021-11-03,375959,AY.103,Delta (B.1.617.2-like),1055.0,2021-07-17,750426,AY.44,Delta (B.1.617.2-like),1052.8134219188314,2021-07-20,815558,AY.44,Delta (B.1.617.2-like),946.0,2021-11-03,167127,B.1.617.2,Delta (B.1.617.2-like),1268.2440285999382,2020-12-16,False,2,5,14,True,7,0,,0,
1742329,SRR23177951,2,1,1,11751,14257,0,COVID-VARSKIP-V1a-2b,.,2023-01-07,688a520879fa,2,BA.5.2.1,Omicron (BA.5-like),589.5953581193286,2022-10-26,1742328,BA.5.2.1,Omicron (BA.5-like),516.0,2023-01-07,1690508,BF.40,Omicron (BA.5-like),637.7349854230966,2022-09-08,1711383,BQ.1.23,Omicron (BA.5-like),589.5953581194286,2022-10-26,1742328,BA.5.2.1,Omicron (BA.5-like),516.0,2023-01-07,1428716,BA.5,Omicron (BA.5-like),828.0000007252249,2022-03-01,False,10,9,15,True,9,0,,0,
1699897,ERR13046667,1,1,1,12311,14346,2,COVID-ARTIC-V3,.,2022-10-29,bb9f332734c5,2,BA.5.2,Omicron (BA.5-like),596.3116647187356,2022-10-19,1699896,BA.5.2,Omicron (BA.5-like),586.0,2022-10-29,1672086,BF.7,Omicron (BA.5-like),617.0,2022-09-28,1630674,BA.5.2,Omicron (BA.5-like),653.0000000001,2022-08-23,1699896,BA.5.2,Omicron (BA.5-like),586.0,2022-10-29,1441168,BA.5.2,Omicron (BA.5-like),828.0000003931715,2022-03-01,False,2,4,9,True,6,0,,0,
288225,SRR16620947,1,1,1,12163,14403,2,COVID-ARTIC-V3,.,2021-05-11,5f4e056861d3,2,B.1.526,Iota (B.1.526-like),1142.990886986585,2021-04-21,288224,B.1.526,Iota (B.1.526-like),1122.0,2021-05-11,162878,B.1.1.7,Alpha (B.1.1.7-like),1202.0000000001,2021-02-20,206599,B.1.526,Iota (B.1.526-like),1203.487481827578,2021-02-19,288224,B.1.526,Iota (B.1.526-like),1122.0,2021-05-11,68,B.1,.,1591.6612163418586,2020-01-28,True,3,9,36,True,11,0,,0,
1649496,SRR22120214,5,1,1,12770,14508,3,COVID-ARTIC-V4.1,.,2022-09-08,2065afedc5db,2,BA.5.2.1,Omicron (BA.5-like),673.3218713887862,2022-08-03,1649495,BA.5.2.1,Omicron (BA.5-like),637.0,2022-09-08,1599859,BF.36,Omicron (BA.5-like),721.4141645150671,2022-06-16,1614871,BA.5.2.1,Omicron (BA.5-like),751.1184003375415,2022-05-17,1710283,BA.5.2.1,Omicron (BA.5-like),664.0656426064176,2022-08-12,871725,BA.4,Omicron (BA.4-like),881.0000000002001,2022-01-07,True,1,7,6,True,7,0,,0,
658701,ERR6934112,5,2,1,9804,14524,0,COVID-ARTIC-V3,3,2021-09-29,9dcb70ac479d,3,AY.4,Delta (AY.4-like),995.0,2021-09-15,658699,AY.4,Delta (AY.4-like),981.0,2021-09-29,275832,AY.4,Delta (AY.4-like),1133.0,2021-04-30,598937,AY.4,Delta (AY.4-like),995.0000000001,2021-09-15,658699,AY.4,Delta (AY.4-like),981.0,2021-09-29,175379,AY.4,Delta (AY.4-like),1220.2147994378952,2021-02-02,False,0,4,9,True,4,0,,0,
1682178,SRR22059748,1,1,1,10655,14599,2,COVID-ARTIC-V4.1,.,2022-10-09,a2cbbdfdd963,2,BF.11,Omicron (BA.5-like),629.7175148716251,2022-09-16,1682177,BF.11,Omicron (BA.5-like),606.0,2022-10-09,1619093,BA.4.6,Omicron (BA.4-like),718.4903424555827,2022-06-19,1532962,BF.11,Omicron (BA.5-like),716.0000000003001,2022-06-21,1682177,BF.11,Omicron (BA.5-like),606.0,2022-10-09,871725,BA.4,Omicron (BA.4-like),881.0000000002001,2022-01-07,True,6,6,14,True,6,0,,0,
1694390,SRR22239683,1,1,1,10288,14599,1,COVID-ARTIC-V4.1,.,2022-10-22,0297b6e99f53,2,BE.1.4,Omicron (BA.5-like),619.0134103351281,2022-09-26,1694389,BE.1.4,Omicron (BA.5-like),593.0,2022-10-22,1642796,BA.4.6,Omicron (BA.4-like),698.1618170340249,2022-07-09,1640465,BE.1.4.2,Omicron (BA.5-like),699.0,2022-07-08,1694389,BE.1.4,Omicron (BA.5-like),593.0,2022-10-22,871725,BA.4,Omicron (BA.4-like),881.0000000002001,2022-01-07,True,8,6,18,True,6,0,,0,
1526808,SRR20211079,2,2,1,12161,14619,0,COVID-ARTIC-V4.1,.,2022-06-16,c39cc6254142,3,BA.4.1,Omicron (BA.4-like),738.7236404661589,2022-05-30,1526806,BA.4.1,Omicron (BA.4-like),721.0,2022-06-16,1513351,BA.2.12.1,Omicron (BA.2-like),748.5993379262966,2022-05-20,1421540,BA.4.1,Omicron (BA.4-like),793.0,2022-04-05,1526806,BA.4.1,Omicron (BA.4-like),721.0,2022-06-16,871726,BA.2,Omicron (BA.2-like),961.3848488132328,2021-10-19,True,5,8,20,True,7,0,,0,
1833066,ERR13080333,40,1,1,14190,14634,0,COVID-ARTIC-V5.0-5.3.2_400,.,2023-08-21,30f2563bdbea,2,XCP,Omicron (XBB.1.5-like),308.0,2023-08-03,1833065,XCP,Omicron (XBB.1.5-like),290.0,2023-08-21,1823286,EG.5.1.10,Omicron (XBB.1-like),364.0000000002,2023-06-08,1830670,JD.1.1,Omicron (XBB.1.5-like),308.00000000050005,2023-08-03,1833065,XCP,Omicron (XBB.1.5-like),290.0,2023-08-21,1675918,XBB.1,Omicron (XBB.1-like),695.2997348629449,2022-07-12,True,9,9,15,True,9,0,,0,
1288119,SRR19690107,1,1,1,13330,14805,2,COVID-AMPLISEQ-V1,.,2022-02-21,d7d03c6bd7cc,2,BA.1.1,Omicron (BA.1-like),841.0,2022-02-16,1288118,BA.1.1,Omicron (BA.1-like),836.0,2022-02-21,1269538,BA.1.1,Omicron (BA.1-like),841.0000000001,2022-02-16,1236620,BA.1.1,Omicron (BA.1-like),848.0,2022-02-09,1288118,BA.1.1,Omicron (BA.1-like),836.0,2022-02-21,871714,BA.1,Omicron (BA.1-like),1011.137026065978,2021-08-30,False,0,6,3,False,7,0,,0,
963867,SRR20940538,2,1,1,14015,14818,0,COVID-ARTIC-V4.1,.,2021-12-01,e7fde661b03d,2,B.1.617.2,Delta (B.1.617.2-like),919.0,2021-11-30,963866,B.1.617.2,Delta (B.1.617.2-like),918.0,2021-12-01,959611,AY.25,Delta (B.1.617.2-like),919.0000000001,2021-11-30,764718,AY.44,Delta (B.1.617.2-like),956.0000000001,2021-10-24,963866,B.1.617.2,Delta (B.1.617.2-like),918.0,2021-12-01,167127,B.1.617.2,Delta (B.1.617.2-like),1268.2440285999382,2020-12-16,True,2,8,18,True,6,0,,0,
1847492,SRR26390973,1,1,1,13628,14856,3,COVID-ARTIC-V4.1,.,2023-10-02,2bc512106ee6,2,XBB.1.16,Omicron (XBB.1-like),251.20237905124503,2023-09-29,1847491,XBB.1.16,Omicron (XBB.1-like),248.0,2023-10-02,1812053,XBB.1.16,Omicron (XBB.1.16-like),419.0,2023-04-14,1845107,HK.30,Omicron (XBB.1-like),255.0,2023-09-25,1847491,XBB.1.16,Omicron (XBB.1-like),248.0,2023-10-02,1675918,XBB.1,Omicron (XBB.1-like),695.2997348629449,2022-07-12,True,7,12,19,True,11,0,,0,
1833588,SRR26524542,2,1,1,12790,14856,1,COVID-ARTIC-V4.1,.,2023-08-22,fc53b19b408f,2,XBB.1.16,Omicron (XBB.1-like),311.2025649036013,2023-07-31,1833587,XBB.1.16,Omicron (XBB.1-like),289.0,2023-08-22,1831680,XBB.1.16.6,Omicron (XBB.1.16-like),351.5161650342096,2023-06-21,1833293,EG.5.1.3,Omicron (XBB.1-like),395.5032256284904,2023-05-08,1833587,XBB.1.16,Omicron (XBB.1-like),289.0,2023-08-22,1675918,XBB.1,Omicron (XBB.1-like),695.2997348629449,2022-07-12,True,7,12,16,True,13,0,,0,
1846478,ERR13320857,2,2,1,12790,14856,3,COVID-ARTIC-V5.0-5.3.2_400,.,2023-09-28,8bb458350403,3,XBB.1.16,Omicron (XBB.1-like),269.8911202864063,2023-09-11,1846476,XBB.1.16,Omicron (XBB.1-like),252.0,2023-09-28,1812572,XBB.1.16.20,Omicron (XBB.1.16-like),417.0,2023-04-16,1839894,EG.5.1.3,Omicron (XBB.1-like),365.435481604194,2023-06-07,1846476,XBB.1.16,Omicron (XBB.1-like),252.0,2023-09-28,1675918,XBB.1,Omicron (XBB.1-like),695.2997348629449,2022-07-12,True,7,9,19,True,10,0,,0,
1831189,SRR25815444,3,1,1,13628,14856,2,COVID-ARTIC-V4.1,.,2023-08-12,9dc19df32ccb,2,XBB.1.16,Omicron (XBB.1-like),307.1442910578736,2023-08-04,1831188,XBB.1.16,Omicron (XBB.1-like),299.0,2023-08-12,1826414,XBB.1.16,Omicron (XBB.1.16-like),332.0,2023-07-10,1820818,EG.5.1.1,Omicron (XBB.1-like),434.0000000002001,2023-03-30,1831188,XBB.1.16,Omicron (XBB.1-like),299.0,2023-08-12,1675918,XBB.1,Omicron (XBB.1-like),695.2997348629449,2022-07-12,True,6,13,18,True,13,0,,0,
1500723,SRR19672131,2,1,1,11751,14857,1,COVID-ARTIC-V4.1,.,2022-05-28,4ad7e7d1eda5,2,BA.2.12.1,Omicron (BA.2-like),753.6103555736811,2022-05-15,1500722,BA.2.12.1,Omicron (BA.2-like),740.0,2022-05-28,1475831,BA.2.3,Omicron (BA.2-like),760.0,2022-05-08,1475584,BA.2.12.1,Omicron (BA.2-like),795.8076439553238,2022-04-03,1500722,BA.2.12.1,Omicron (BA.2-like),740.0,2022-05-28,965896,BA.2.5,Omicron (BA.2-like),961.3848488131327,2021-10-19,False,3,8,15,True,9,0,,0,
1652170,SRR21716808,1,1,1,5830,14925,1,COVID-ARTIC-V4.1,.,2022-09-11,0bc5e1f8e513,2,BA.5.6,Omicron (BA.5-like),643.8904633404056,2022-09-02,1652169,BA.5.6,Omicron (BA.5-like),634.0,2022-09-11,1640966,BA.5.2.1,Omicron (BA.5-like),645.0,2022-08-31,1606462,BA.5.6,Omicron (BA.5-like),744.9918619244224,2022-05-24,1652169,BA.5.6,Omicron (BA.5-like),634.0,2022-09-11,1428716,BA.5,Omicron (BA.5-like),828.0000007252249,2022-03-01,True,3,5,9,True,6,0,,0,
1120936,ERR9234688,1,1,1,13972,14925,3,COVID-ARTIC-V4.1,.,2022-01-17,aeb7b5682cea,2,AY.126,Delta (B.1.617.2-like),891.6240777329693,2021-12-28,1120935,AY.126,Delta (B.1.617.2-like),871.0,2022-01-17,849457,AY.124,Delta (B.1.617.2-like),940.0,2021-11-09,495140,AY.126,Delta (B.1.617.2-like),1019.0,2021-08-22,1120935,AY.126,Delta (B.1.617.2-like),871.0,2022-01-17,167126,B.1.617.2,Delta (B.1.617.2-like),1266.016653633328,2020-12-18,False,2,8,10,True,11,0,,0,
1128205,ERR8144931,1,1,1,14118,14937,0,COVID-ARTIC-V4.1,4.1alt,2022-01-19,ed9360e7b8d4,2,BA.1.1.15,Omicron (BA.1-like),880.0,2022-01-08,1128204,BA.1.1.15,Omicron (BA.1-like),869.0,2022-01-19,1092891,BA.1.1.15,Omicron (BA.1-like),880.0000000001,2022-01-08,1013355,BA.1.17.2,Omicron (BA.1-like),907.0,2021-12-12,1128204,BA.1.1.15,Omicron (BA.1-like),869.0,2022-01-19,871714,BA.1,Omicron (BA.1-like),1011.137026065978,2021-08-30,False,4,6,6,True,4,0,,0,
1507761,SRR19791801,4,1,1,11987,15009,2,COVID-ARTIC-V4.1,.,2022-06-03,550acf99d6fa,2,BA.2.12.1,Omicron (BA.2-like),748.0,2022-05-20,1507760,BA.2.12.1,Omicron (BA.2-like),734.0,2022-06-03,1491194,BA.2.3,Omicron (BA.2-like),748.0000000001,2022-05-20,1410313,BA.2.12.1,Omicron (BA.2-like),826.4233550349016,2022-03-03,1507760,BA.2.12.1,Omicron (BA.2-like),734.0,2022-06-03,965896,BA.2.5,Omicron (BA.2-like),961.3848488131327,2021-10-19,True,3,4,12,True,6,0,,0,
746723,ERR7193162,53,1,1,8209,15192,0,COVID-ARTIC-V4.1,4,2021-10-20,3f4845258e5c,2,AY.4.2,Delta (AY.4.2-like),964.0,2021-10-16,746722,AY.4.2,Delta (AY.4.2-like),960.0,2021-10-20,575335,AY.4,Delta (AY.4-like),1000.0000000001,2021-09-10,729323,AY.4.2,Delta (AY.4.2-like),964.0000000001,2021-10-16,746722,AY.4.2,Delta (AY.4.2-like),960.0,2021-10-20,175379,AY.4,Delta (AY.4-like),1220.2147994378952,2021-02-02,False,1,5,8,True,5,0,,1,MNM1a
1123059,ERR8123888,4,1,1,12881,15240,1,COVID-ARTIC-V4.1,4.1alt,2022-01-18,7f52d2265ccc,2,BA.2,Omicron (Unassigned),918.0,2021-12-01,1123058,BA.2,Omicron (Unassigned),870.0,2022-01-18,1054960,BA.1.1,Omicron (BA.1-like),953.7734099928264,2021-10-27,963496,BA.2,Omicron (BA.2-like),918.0000000002,2021-12-01,1123058,BA.2,Omicron (Unassigned),870.0,2022-01-18,871728,B.1.1.529,Omicron (Unassigned),1333.8575128682105,2020-10-12,True,3,19,29,True,8,0,,1,MNM3
1133210,SRR18729435,74,1,1,13196,15240,1,COVID-ARTIC-V4.1,.,2022-01-19,ff9f5834c39f,2,XJ,Omicron (Unassigned),882.5538579024148,2022-01-06,1133209,XJ,Omicron (Unassigned),869.0000000001,2022-01-19,1074206,BA.1.17.2,Omicron (BA.1-like),888.0,2021-12-31,932307,BA.2,Omicron (BA.2-like),961.3848488130328,2021-10-19,1133209,XJ,Omicron (Unassigned),869.0000000001,2022-01-19,871728,B.1.1.529,Omicron (Unassigned),1333.8575128682105,2020-10-12,True,4,21,29,True,7,0,,1,MNM3
1300637,ERR12922262,9,1,1,13196,15240,1,COVID-ARTIC-V3,.,2022-02-24,f8701c222a9b,2,XV,Omicron (Unassigned),863.0000000002001,2022-01-25,1300636,XV,Omicron (Unassigned),833.0,2022-02-24,1057495,BA.1,Omicron (BA.1-like),893.0,2021-12-26,1160372,BA.2,Omicron (BA.2-like),863.0000000003001,2022-01-25,1323773,XV,Omicron (Unassigned),863.0000000001,2022-01-25,871728,B.1.1.529,Omicron (Unassigned),1333.8575128682105,2020-10-12,True,2,21,28,True,5,0,,1,MNM3
1190390,ERR12903607,1,1,1,13196,15240,1,COVID-ARTIC-V3,.,2022-01-31,c8c2f335f816,2,BA.2,Omicron (Unassigned),870.7027204334775,2022-01-18,1190389,BA.2,Omicron (Unassigned),857.0,2022-01-31,1063023,BA.1,Omicron (BA.1-like),891.0,2021-12-28,1073685,BA.2,Omicron (BA.2-like),928.640908899936,2021-11-21,1190389,BA.2,Omicron (Unassigned),857.0,2022-01-31,871728,B.1.1.529,Omicron (Unassigned),1333.8575128682105,2020-10-12,True,2,18,29,True,5,0,,1,MNM3
1420832,ERR9618461,1,1,1,13196,15240,2,COVID-ARTIC-V4.1,4.1alt,2022-04-05,b6e9b955cfa4,2,BA.2,Omicron (Unassigned),813.9385737131556,2022-03-16,1420831,BA.2,Omicron (Unassigned),793.0,2022-04-05,1101994,BA.1,Omicron (BA.1-like),944.0397501704103,2021-11-05,1290362,BA.2.22,Omicron (BA.2-like),870.4175803728815,2022-01-18,1420831,BA.2,Omicron (Unassigned),793.0,2022-04-05,871728,B.1.1.529,Omicron (Unassigned),1333.8575128682105,2020-10-12,True,3,21,31,True,7,0,,1,MNM3
933156,ERR7605456,1,1,1,10970,15264,0,COVID-ARTIC-V4.1,4,2021-11-26,db9f8c51622f,2,AY.98,Delta (B.1.617.2-like),935.0,2021-11-14,933155,AY.98,Delta (B.1.617.2-like),923.0,2021-11-26,874134,AY.98,Delta (B.1.617.2-like),935.0000000001,2021-11-14,480474,AY.4,Delta (AY.4-like),1023.0000000002,2021-08-18,933155,AY.98,Delta (B.1.617.2-like),923.0,2021-11-26,167127,B.1.617.2,Delta (B.1.617.2-like),1268.2440285999382,2020-12-16,False,2,7,11,True,7,0,,0,
1733440,ERR13037131,2,1,1,14258,15451,2,COVID-ARTIC-V3,.,2022-12-28,0bf27a52ad52,2,BQ.1.1.13,Omicron (BA.5-like),537.7344325394895,2022-12-17,1733439,BQ.1.1.13,Omicron (BA.5-like),526.0,2022-12-28,1714654,XBB.1,Omicron (XBB.1-like),582.6431601706306,2022-11-02,1711075,XBZ,Omicron (BA.5-like),563.0000000001,2022-11-21,1733439,BQ.1.1.13,Omicron (BA.5-like),526.0,2022-12-28,871726,BA.2,Omicron (BA.2-like),961.3848488132328,2021-10-19,False,9,11,35,True,13,0,,0,
473026,SRR15806415,1,1,1,14600,15451,1,COVID-ARTIC-V3,.,2021-08-15,6e16751d8486,2,AY.44,Delta (B.1.617.2-like),1039.9698098298911,2021-08-02,473025,AY.44,Delta (B.1.617.2-like),1026.0,2021-08-15,447711,AY.44,Delta (B.1.617.2-like),1045.0000000001,2021-07-27,380524,B.1.617.2,Delta (B.1.617.2-like),1053.0000000001,2021-07-19,473025,AY.44,Delta (B.1.617.2-like),1026.0,2021-08-15,167136,B.1.617.2,Delta (B.1.617.2-like),1591.2875774757229,2020-01-28,True,1,23,19,True,24,0,,0,
1882541,SRR27936253,3,2,1,13340,15451,1,COVID-ARTIC-V4.1,.,2024-01-26,787ba7b62e15,3,JN.1.1,Omicron (BA.2-like),152.44791033093685,2024-01-06,1882539,JN.1.1,Omicron (BA.2-like),132.0,2024-01-26,1831625,HV.1,Omicron (XBB.1-like),297.0,2023-08-14,1871289,JN.1.4,Omicron (BA.2-like),175.0,2023-12-14,1882539,JN.1.1,Omicron (BA.2-like),132.0,2024-01-26,871726,BA.2,Omicron (BA.2-like),961.3848488132328,2021-10-19,True,15,20,62,True,21,0,,0,
1710519,ERR13042071,1,1,1,12311,15540,2,COVID-ARTIC-V3,.,2022-11-20,aca70dcb914c,2,BF.7.6,Omicron (BA.5-like),592.0390819854622,2022-10-23,1710518,BF.7.6,Omicron (BA.5-like),564.0,2022-11-20,1602641,BA.5.2.20,Omicron (BA.5-like),675.0,2022-08-01,1569896,BF.7.6,Omicron (BA.5-like),694.0,2022-07-13,1710518,BF.7.6,Omicron (BA.5-like),564.0,2022-11-20,1441168,BA.5.2,Omicron (BA.5-like),828.0000003931715,2022-03-01,True,4,5,12,True,7,0,,0,
914410,ERR7603856,10,1,1,7122,15656,1,COVID-ARTIC-V4.1,4,2021-11-22,2321ffe4c9c0,2,AY.4,Delta (AY.4-like),947.7445284724872,2021-11-02,914409,AY.4,Delta (AY.4-like),927.0,2021-11-22,329826,AY.4,Delta (AY.4-like),1080.0,2021-06-22,625472,AY.4,Delta (AY.4-like),989.0000000002,2021-09-21,914409,AY.4,Delta (AY.4-like),927.0,2021-11-22,175379,AY.4,Delta (AY.4-like),1220.2147994378952,2021-02-02,False,0,4,8,True,5,0,,0,
1246922,ERR8683190,17,1,1,13196,15714,0,COVID-ARTIC-V4.1,4.1alt,2022-02-11,df6d664a5bbd,2,BA.2,Omicron (Unassigned),852.0000000001,2022-02-05,1246921,BA.2,Omicron (Unassigned),846.0,2022-02-11,1212512,BA.1.1,Omicron (BA.1-like),852.0000000002001,2022-02-05,1162904,BA.2,Omicron (BA.2-like),901.9049425590453,2021-12-18,1284256,BA.2,Omicron (Unassigned),852.0,2022-02-05,871728,B.1.1.529,Omicron (Unassigned),1333.8575128682105,2020-10-12,True,3,19,29,True,4,0,,1,MNM3
1244358,ERR8687443,1,1,1,13196,15714,1,COVID-ARTIC-V4.1,4.1alt,2022-02-11,a5f5bee12ab9,2,BA.2,Omicron (Unassigned),847.0,2022-02-10,1244357,BA.2,Omicron (Unassigned),846.0,2022-02-11,1158988,BA.2,Omicron (BA.2-like),942.5990799061996,2021-11-07,1238757,BA.1.1,Omicron (BA.1-like),847.0000000001,2022-02-10,1244357,BA.2,Omicron (Unassigned),846.0,2022-02-11,871728,B.1.1.529,Omicron (Unassigned),1333.8575128682105,2020-10-12,True,3,20,27,True,8,0,,0,
1740122,ERR13176362,1,1,1,12161,15738,0,COVID-ARTIC-V3,.,2023-01-04,fa38bd6b1afc,2,XBB.1,Omicron (XBB-like),600.0801451697367,2022-10-15,1740121,XBB.1,Omicron (XBB-like),519.0,2023-01-04,1530397,BE.1.1,Omicron (BA.5-like),735.0,2022-06-02,1673437,XBB,Omicron (XBB-like),747.5583239157871,2022-05-21,1740121,XBB.1,Omicron (XBB-like),519.0,2023-01-04,871726,BA.2,Omicron (BA.2-like),961.3848488132328,2021-10-19,True,10,6,29,True,6,0,,1,MNM3
1836320,SRR26287925,22,1,1,12468,15755,3,COVID-ARTIC-V5.0-5.3.2_400,.,2023-08-29,9f422dac1153,2,XCL,Omicron (XBB.1.5-like),367.5084280434302,2023-06-05,1836319,XCL,Omicron (XBB.1.5-like),282.0,2023-08-29,1781409,XBB.1.5,Omicron (XBB.1.5-like),465.0,2023-02-27,1834555,GK.2.1,Omicron (XBB.1.5-like),376.6952474349458,2023-05-27,1838129,XCL,Omicron (XBB.1.5-like),359.0358485548172,2023-06-13,1702805,XBB.1.5,Omicron (XBB.1.5-like),637.0611528006282,2022-09-08,True,3,8,9,True,11,0,,0,
360588,ERR11761535,148,1,1,7769,15952,1,COVID-ARTIC-V3,.,2021-07-09,9f898596d8a3,2,AY.43,Delta (B.1.617.2-like),1083.2169244782526,2021-06-19,360587,AY.43,Delta (B.1.617.2-like),1063.0000000001,2021-07-09,317104,AY.98.1,Delta (B.1.617.2-like),1105.0000000003,2021-05-28,189897,AY.43,Delta (B.1.617.2-like),1201.8467965237414,2021-02-21,360587,AY.43,Delta (B.1.617.2-like),1063.0000000001,2021-07-09,167127,B.1.617.2,Delta (B.1.617.2-like),1268.2440285999382,2020-12-16,True,3,4,6,True,5,0,,0,
407879,ERR6421583,1,1,1,16050,16074,0,COVID-ARTIC-V3,3,2021-07-28,dfa01d21b1df,2,AY.5,Delta (B.1.617.2-like),1047.0,2021-07-25,407878,AY.5,Delta (B.1.617.2-like),1044.0,2021-07-28,397268,AY.5,Delta (B.1.617.2-like),1047.0000000001,2021-07-25,274294,AY.120,Delta (B.1.617.2-like),1202.1361037625973,2021-02-20,407878,AY.5,Delta (B.1.617.2-like),1044.0,2021-07-28,167127,B.1.617.2,Delta (B.1.617.2-like),1268.2440285999382,2020-12-16,False,2,5,5,True,5,0,,0,
588359,ERR6809277,1,1,1,10318,16075,3,COVID-ARTIC-V3,3,2021-09-13,d5f3f81dfd01,2,AY.4,Delta (AY.4-like),1007.6615805345152,2021-09-03,588358,AY.4,Delta (AY.4-like),997.0,2021-09-13,323379,AY.4,Delta (AY.4-like),1086.0000000002,2021-06-16,541781,AY.4,Delta (AY.4-like),1008.0000000001,2021-09-02,588358,AY.4,Delta (AY.4-like),997.0,2021-09-13,175379,AY.4,Delta (AY.4-like),1220.2147994378952,2021-02-02,False,0,5,5,True,8,0,,0,
1876790,ERR12658097,2,1,1,13628,16092,2,COVID-ARTIC-V4.1,.,2024-01-03,dc627a5eacf4,2,HK.19,Omicron (XBB.1-like),206.6412696557047,2023-11-13,1876789,HK.19,Omicron (XBB.1-like),155.0,2024-01-03,1848286,HK.3,Omicron (XBB.1-like),369.0559094726199,2023-06-03,1823559,EG.5.1.6,Omicron (XBB.1-like),381.9474061065357,2023-05-22,1876789,HK.19,Omicron (XBB.1-like),155.0,2024-01-03,1805404,EG.5.1,Omicron (XBB.1-like),434.00000000040006,2023-03-30,True,7,4,6,True,6,0,,0,
547381,SRR15982371,1,1,1,14203,16221,1,COVID-ARTIC-V3,.,2021-09-03,2554a9797f1f,2,B.1.617.2,Delta (B.1.617.2-like),1023.7037841670336,2021-08-18,547380,B.1.617.2,Delta (B.1.617.2-like),1007.0,2021-09-03,478938,AY.25,Delta (B.1.617.2-like),1059.0000000001,2021-07-13,390348,AY.26,Delta (B.1.617.2-like),1050.0000000001,2021-07-22,547380,B.1.617.2,Delta (B.1.617.2-like),1007.0,2021-09-03,167135,B.1.617.2,Delta (B.1.617.2-like),1454.533651447372,2020-06-13,True,2,20,16,True,10,0,,0,
1584329,SRR21000655,11,1,1,12311,16323,0,COVID-ARTIC-V4.1,.,2022-07-21,e20bc9dae4a2,2,BA.5.1.30,Omicron (BA.5-like),696.0,2022-07-11,1584328,BA.5.1.30,Omicron (BA.5-like),686.0,2022-07-21,1566076,BA.5.2.21,Omicron (BA.5-like),696.0000000001,2022-07-11,1547375,BA.5.1.30,Omicron (BA.5-like),705.0,2022-07-02,1584328,BA.5.1.30,Omicron (BA.5-like),686.0,2022-07-21,1428716,BA.5,Omicron (BA.5-like),828.0000007252249,2022-03-01,False,4,4,10,True,4,0,,0,
1804167,ERR11253876,1,1,1,15940,16342,3,COVID-ARTIC-V4.1,.,2023-03-28,ebc173e3e1d8,2,XBB.1,Omicron (XBB.1.5-like),451.2339669646337,2023-03-13,1804166,XBB.1,Omicron (XBB.1.5-like),436.0,2023-03-28,1688769,BQ.1.1,Omicron (BA.5-like),599.0,2022-10-16,1796067,XBB.1.5,Omicron (XBB.1.5-like),476.4892780091966,2023-02-16,1804166,XBB.1,Omicron (XBB.1.5-like),436.0,2023-03-28,871726,BA.2,Omicron (BA.2-like),961.3848488132328,2021-10-19,True,15,12,37,True,14,0,,1,MNM3
1689733,SRR22237356,1,1,1,15003,16428,1,COVID-ARTIC-V4.1,.,2022-10-17,cdf0b5b6b0c7,2,BA.5.1.5,Omicron (BA.5-like),611.5911300355849,2022-10-04,1689732,BA.5.1.5,Omicron (BA.5-like),598.0,2022-10-17,1660222,BA.5.2.9,Omicron (BA.5-like),629.0,2022-09-16,1666466,BA.5.1.5,Omicron (BA.5-like),667.3307449794531,2022-08-09,1689732,BA.5.1.5,Omicron (BA.5-like),598.0,2022-10-17,1428716,BA.5,Omicron (BA.5-like),828.0000007252249,2022-03-01,True,4,8,10,True,9,0,,0,
1288320,SRR20922434,1,1,1,15025,16543,2,COVID-AMPLISEQ-V1,.,2022-02-21,146958c6993f,2,BA.1.1,Omicron (BA.1-like),845.6923031350995,2022-02-12,1288319,BA.1.1,Omicron (BA.1-like),836.0,2022-02-21,1231551,BA.1.1,Omicron (BA.1-like),849.0,2022-02-08,1113912,BA.1.1.18,Omicron (BA.1-like),873.0,2022-01-15,1288319,BA.1.1,Omicron (BA.1-like),836.0,2022-02-21,871714,BA.1,Omicron (BA.1-like),1011.137026065978,2021-08-30,False,1,7,4,True,6,0,,0,
1848091,ERR12322865,1,1,1,11313,16548,2,COVID-ARTIC-V4.1,.,2023-10-03,9afa34158c9c,2,EG.10,Omicron (XBB.1-like),269.58580685552755,2023-09-11,1848090,EG.10,Omicron (XBB.1-like),247.0,2023-10-03,1816590,EG.5.1.3,Omicron (XBB.1-like),405.0000000001,2023-04-28,1832753,EG.10.1.1,Omicron (XBB.1-like),340.25941521793163,2023-07-02,1848090,EG.10,Omicron (XBB.1-like),247.0,2023-10-03,1740234,XBB.1.9.2,Omicron (XBB.1-like),588.6976477275288,2022-10-27,True,6,6,15,True,8,0,,0,
1705050,ERR13049290,9,1,1,15958,16616,1,COVID-ARTIC-V3,.,2022-11-08,fe3e60ff62b8,2,BA.5.2.1,Omicron (BA.5-like),593.3390127466528,2022-10-22,1705049,BA.5.2.1,Omicron (BA.5-like),576.0,2022-11-08,1692287,CR.1.1,Omicron (BA.5-like),653.3375507773072,2022-08-23,1685759,BF.7,Omicron (BA.5-like),642.9013068612536,2022-09-03,1705049,BA.5.2.1,Omicron (BA.5-like),576.0,2022-11-08,1441168,BA.5.2,Omicron (BA.5-like),828.0000003931715,2022-03-01,True,5,5,11,True,6,0,,0,
1657582,SRR21797590,6,2,1,12326,16616,2,COVID-ARTIC-V4.1,.,2022-09-14,017e1126a91b,3,BA.5.2,Omicron (BA.5-like),666.6181518351823,2022-08-10,1657581,BA.5.2,Omicron (BA.5-like),631.0,2022-09-14,1537468,BF.10,Omicron (BA.5-like),712.0000000001,2022-06-25,1530580,BA.5.2,Omicron (BA.5-like),775.4820955204435,2022-04-23,1664135,BA.5.2,Omicron (BA.5-like),645.9025487076884,2022-08-31,1441168,BA.5.2,Omicron (BA.5-like),828.0000003931715,2022-03-01,False,2,4,8,True,6,0,,0,
1528971,ERR11805200,2,1,1,12311,16616,3,COVID-ARTIC-V3,.,2022-06-17,5b8d8cc145a8,2,BA.5.2,Omicron (BA.5-like),723.0,2022-06-14,1528970,BA.5.2,Omicron (BA.5-like),720.0,2022-06-17,1523574,BA.5.2,Omicron (BA.5-like),723.0000000001,2022-06-14,1520396,BA.5.2.1,Omicron (BA.5-like),787.8181896780363,2022-04-11,1528970,BA.5.2,Omicron (BA.5-like),720.0,2022-06-17,1441168,BA.5.2,Omicron (BA.5-like),828.0000003931715,2022-03-01,False,1,5,6,True,7,0,,0,
1551695,ERR10000105,3,1,1,12793,16616,2,COVID-ARTIC-V4.1,4.1alt,2022-07-05,8ca7e1afe0aa,2,BA.5.1,Omicron (BA.5-like),711.5728972314914,2022-06-26,1551694,BA.5.1,Omicron (BA.5-like),702.0,2022-07-05,1414795,BA.2,Omicron (BA.2-like),796.0,2022-04-02,1530868,BA.5.1,Omicron (BA.5-like),718.0,2022-06-19,1551694,BA.5.1,Omicron (BA.5-like),702.0,2022-07-05,871726,BA.2,Omicron (BA.2-like),961.3848488132328,2021-10-19,True,3,6,15,True,7,0,,0,
1626676,SRR21606289,1,1,1,12161,16647,2,COVID-ARTIC-V4.1,.,2022-08-20,4ca495c4bd30,2,BA.5.6,Omicron (BA.5-like),668.3083709091293,2022-08-08,1626675,BA.5.6,Omicron (BA.5-like),656.0,2022-08-20,1561564,BA.2.12.1,Omicron (BA.2-like),698.0,2022-07-09,1525199,BA.5.6,Omicron (BA.5-like),722.0000000001,2022-06-15,1626675,BA.5.6,Omicron (BA.5-like),656.0,2022-08-20,871726,BA.2,Omicron (BA.2-like),961.3848488132328,2021-10-19,True,5,7,24,True,9,0,,0,
853352,SRR20249694,3,2,1,10627,16662,2,COVID-AMPLISEQ-V1,.,2021-11-10,50f0a748a87b,3,AY.100,Delta (B.1.617.2-like),961.2494201923648,2021-10-19,853350,AY.100,Delta (B.1.617.2-like),939.0,2021-11-10,679575,AY.100,Delta (B.1.617.2-like),976.0,2021-10-04,371238,AY.100,Delta (B.1.617.2-like),1057.0000000002,2021-07-15,853350,AY.100,Delta (B.1.617.2-like),939.0,2021-11-10,167127,B.1.617.2,Delta (B.1.617.2-like),1268.2440285999382,2020-12-16,False,0,7,3,False,8,0,,0,
1891563,SRR29131491,1,1,1,11301,16692,2,COVID-MIDNIGHT-1200,.,2024-05-08,fe2cbca52ecb,2,JN.1.7.5,Omicron (BA.2-like),31.263776425685595,2024-05-06,1891562,JN.1.7.5,Omicron (BA.2-like),29.0,2024-05-08,1891255,JN.1.7.5,Omicron (BA.2-like),36.0,2024-05-01,1856865,JN.1.7,Omicron (BA.2-like),214.0,2023-11-05,1891562,JN.1.7.5,Omicron (BA.2-like),29.0,2024-05-08,1855174,JN.1,Omicron (BA.2-like),232.0060237451545,2023-10-18,False,1,5,4,True,6,0,,0,
1522963,ERR11804435,6,1,1,6980,16700,0,COVID-ARTIC-V3,.,2022-06-13,7dcba66945ca,2,BA.5.1,Omicron (BA.5-like),754.3637581641692,2022-05-14,1522962,BA.5.1,Omicron (BA.5-like),724.0,2022-06-13,1492445,BA.5.2.1,Omicron (BA.5-like),828.0000003796359,2022-03-01,1502591,BA.5.1.4,Omicron (BA.5-like),771.2607887297643,2022-04-27,1656966,BA.5.1,Omicron (BA.5-like),740.1519768139401,2022-05-28,1428716,BA.5,Omicron (BA.5-like),828.0000007252249,2022-03-01,False,4,5,6,True,4,0,,0,
1168896,ERR8487500,1,1,1,11474,16809,1,COVID-ARTIC-V4.1,4.1alt,2022-01-27,cdc4a004fc48,2,BA.1,Omicron (BA.1-like),874.5472394490162,2022-01-14,1168895,BA.1,Omicron (BA.1-like),861.0,2022-01-27,1025837,BA.1,Omicron (BA.1-like),934.1616327424332,2021-11-15,1087606,BA.1.17,Omicron (BA.1-like),882.0,2022-01-06,1168895,BA.1,Omicron (BA.1-like),861.0,2022-01-27,871714,BA.1,Omicron (BA.1-like),1011.137026065978,2021-08-30,False,1,5,4,True,5,0,,0,
1844729,ERR12118131,1,1,1,14857,16878,2,COVID-ARTIC-V4.1,.,2023-09-23,77959b12138d,2,XBB.1.9,Omicron (XBB.1.16-like),259.50575338672354,2023-09-21,1844728,XBB.1.9,Omicron (XBB.1.16-like),257.0,2023-09-23,1836952,EG.5.1.1,Omicron (XBB.1-like),280.0,2023-08-31,1838100,XBB.1.16.6,Omicron (XBB.1.16-like),342.0207626257805,2023-06-30,1844728,XBB.1.9,Omicron (XBB.1.16-like),257.0,2023-09-23,1675918,XBB.1,Omicron (XBB.1-like),695.2997348629449,2022-07-12,True,7,15,16,True,14,0,,0,
1864584,ERR13053855,1,1,1,16343,16878,0,COVID-ARTIC-V5.0-5.3.2_400,.,2023-11-27,a817f4d4e907,2,JN.1.1,Omicron (BA.2-like),214.5694529607489,2023-11-05,1864583,JN.1.1,Omicron (BA.2-like),192.0,2023-11-27,1849705,EG.5.1.1,Omicron (XBB.1-like),251.63527632986504,2023-09-29,1862502,JN.1.4,Omicron (BA.2-like),222.3040334848323,2023-10-28,1864583,JN.1.1,Omicron (BA.2-like),192.0,2023-11-27,871726,BA.2,Omicron (BA.2-like),961.3848488132328,2021-10-19,True,14,27,56,True,27,0,,0,
1836985,ERR13320474,4,2,1,14857,16878,2,COVID-ARTIC-V5.0-5.3.2_400,.,2023-08-31,bbf5e084296d,3,XBB.1.9,Omicron (XBB.1.16-like),320.96222883090564,2023-07-22,1836984,XBB.1.9,Omicron (XBB.1.16-like),280.0,2023-08-31,1816590,EG.5.1.3,Omicron (XBB.1-like),405.0000000001,2023-04-28,1831491,XBB.1.16.11,Omicron (XBB.1.16-like),335.4013218828809,2023-07-07,1836983,XBB.1.9,Omicron (XBB.1.16-like),280.0,2023-08-31,1675918,XBB.1,Omicron (XBB.1-like),695.2997348629449,2022-07-12,True,7,13,17,True,12,0,,0,
1588420,SRR24220857,2,2,1,12069,16935,1,COVID-VARSKIP-V1a-2b,.,2022-07-23,1b2abbd316a3,3,BA.5,Omicron (BA.5-like),693.0,2022-07-14,1588418,BA.5,Omicron (BA.5-like),684.0,2022-07-23,1537121,BE.1,Omicron (BA.5-like),712.0,2022-06-25,1570584,BA.5.2.1,Omicron (BA.5-like),693.0000000001,2022-07-14,1588418,BA.5,Omicron (BA.5-like),684.0,2022-07-23,1428716,BA.5,Omicron (BA.5-like),828.0000007252249,2022-03-01,False,5,8,8,True,6,0,,0,
1542517,ERR12972009,1,1,1,11751,16935,2,COVID-ARTIC-V3,.,2022-06-28,cc0f9a04865f,2,BE.1.1,Omicron (BA.5-like),716.965182084008,2022-06-21,1542516,BE.1.1,Omicron (BA.5-like),709.0,2022-06-28,1529009,BE.1.1,Omicron (BA.5-like),720.0,2022-06-17,1527941,BA.5.1,Omicron (BA.5-like),720.0,2022-06-17,1542516,BE.1.1,Omicron (BA.5-like),709.0,2022-06-28,1428716,BA.5,Omicron (BA.5-like),828.0000007252249,2022-03-01,False,5,5,7,True,6,0,,0,
1870307,SRR29320158,1,1,1,14836,16971,2,COVID-ARTIC-V4.1,.,2023-12-11,bc1af0b1bfd3,2,HK.19,Omicron (XBB.1-like),194.38312110396245,2023-11-25,1870306,HK.19,Omicron (XBB.1-like),178.0,2023-12-11,1856937,HK.13,Omicron (XBB.1-like),214.0,2023-11-05,1825887,HV.1,Omicron (XBB.1-like),337.0000000003,2023-07-05,1870306,HK.19,Omicron (XBB.1-like),178.0,2023-12-11,1805404,EG.5.1,Omicron (XBB.1-like),434.00000000040006,2023-03-30,True,8,7,7,True,8,0,,0,
1741937,SRR23923608,1,1,1,16936,17039,0,COVID-ARTIC-V4.1,.,2023-01-06,e7b813304d9b,2,XBB.1,Omicron (XBB.1-like),532.5236868250706,2022-12-22,1741936,XBB.1,Omicron (XBB.1-like),517.0,2023-01-06,1728458,BQ.1.1,Omicron (BA.5-like),552.0144989814316,2022-12-02,1719442,XBV,Omicron (XBB.1-like),569.7318316001699,2022-11-15,1741936,XBB.1,Omicron (XBB.1-like),517.0,2023-01-06,1428716,BA.5,Omicron (BA.5-like),828.0000007252249,2022-03-01,True,11,12,30,True,12,0,,1,MNM3
543990,ERR6728798,1,1,1,7979,17040,1,COVID-ARTIC-V3,3,2021-09-02,24e82ccd9519,2,AY.98,Delta (B.1.617.2-like),1023.4549097836818,2021-08-18,543989,AY.98,Delta (B.1.617.2-like),1008.0,2021-09-02,400402,AY.98,Delta (B.1.617.2-like),1067.0,2021-07-05,464507,AY.4,Delta (AY.4-like),1029.0000000003,2021-08-12,543989,AY.98,Delta (B.1.617.2-like),1008.0,2021-09-02,167127,B.1.617.2,Delta (B.1.617.2-like),1268.2440285999382,2020-12-16,False,2,8,8,True,8,0,,0,
557241,ERR6834240,1,1,1,15597,17040,1,COVID-ARTIC-V4.1,4,2021-09-06,3caedc350295,2,AY.4,Delta (AY.4-like),1017.4161445792636,2021-08-24,557240,AY.4,Delta (AY.4-like),1004.0,2021-09-06,417335,AY.4,Delta (AY.4-like),1042.0000000003,2021-07-30,497400,AY.4,Delta (AY.4-like),1018.0000000003,2021-08-23,557240,AY.4,Delta (AY.4-like),1004.0,2021-09-06,175379,AY.4,Delta (AY.4-like),1220.2147994378952,2021-02-02,False,0,5,8,True,6,0,,0,
533749,SRR16153609,1,1,1,14396,17236,1,COVID-AMPLISEQ-V1,.,2021-08-31,583188b7f4e7,2,AY.3,Delta (B.1.617.2-like),1021.0,2021-08-20,533748,AY.3,Delta (B.1.617.2-like),1010.0,2021-08-31,528913,AY.103,Delta (B.1.617.2-like),1068.1304816701522,2021-07-04,488588,AY.3,Delta (B.1.617.2-like),1021.0000000001,2021-08-20,533748,AY.3,Delta (B.1.617.2-like),1010.0,2021-08-31,167127,B.1.617.2,Delta (B.1.617.2-like),1268.2440285999382,2020-12-16,False,2,5,11,True,6,0,,0,
25956,ERR7746728,1,1,1,14806,17247,2,COVID-ARTIC-V3,.,2020-07-25,2444c4015c27,2,B.1.1,.,1432.2084287836483,2020-07-05,25955,B.1.1,.,1412.0,2020-07-25,131,B.39,.,1563.0000000001,2020-02-25,20058,B.1.1,.,1456.0,2020-06-11,25955,B.1.1,.,1412.0,2020-07-25,1,B,.,1624.0000000006007,2019-12-26,True,3,7,4,True,7,0,,1,mnS3
1649029,SRR21954114,1,1,1,11963,17278,2,COVID-ARTIC-V4.1,.,2022-09-07,37bb1f3386f0,2,BA.5.8,Omicron (BA.5-like),665.5179356853316,2022-08-11,1649028,BA.5.8,Omicron (BA.5-like),638.0,2022-09-07,1512443,BA.5.1,Omicron (BA.5-like),730.0000000001,2022-06-07,1486748,BA.5.8,Omicron (BA.5-like),777.0000000001,2022-04-21,1649028,BA.5.8,Omicron (BA.5-like),638.0,2022-09-07,1428716,BA.5,Omicron (BA.5-like),828.0000007252249,2022-03-01,False,2,4,9,True,6,0,,0,
1624497,SRR21703859,1,1,1,14185,17371,0,COVID-ARTIC-V4.1,.,2022-08-18,d905f2bac99f,2,BA.5,Omicron (BA.5-like),670.1066661549015,2022-08-06,1624496,BA.5,Omicron (BA.5-like),658.0,2022-08-18,1595240,BA.5.5,Omicron (BA.5-like),680.0,2022-07-27,1606931,BA.5.2.1,Omicron (BA.5-like),680.0,2022-07-27,1624496,BA.5,Omicron (BA.5-like),658.0,2022-08-18,1428716,BA.5,Omicron (BA.5-like),828.0000007252249,2022-03-01,False,3,7,8,True,5,0,,0,
1658807,SRR21796436,1,1,1,15961,17386,2,COVID-ARTIC-V4.1,.,2022-09-15,02c7e0cdde59,2,BA.4,Omicron (BA.4-like),649.8345450563041,2022-08-27,1658806,BA.4,Omicron (BA.4-like),630.0,2022-09-15,1549480,BA.5.5,Omicron (BA.5-like),704.0,2022-07-03,1503402,BA.4.6.5,Omicron (BA.4-like),737.0000000002001,2022-05-31,1658806,BA.4,Omicron (BA.4-like),630.0,2022-09-15,871725,BA.4,Omicron (BA.4-like),881.0000000002001,2022-01-07,False,5,5,17,True,6,0,,1,MNM3
1590895,ERR10107402,2,2,1,9923,17402,2,COVID-ARTIC-V4.1,.,2022-07-25,3a659b07d14e,3,BA.5.6,Omicron (BA.5-like),701.8459794132668,2022-07-06,1590893,BA.5.6,Omicron (BA.5-like),682.0,2022-07-25,1576463,BA.5.1.23,Omicron (BA.5-like),744.0,2022-05-24,1549833,BA.5.6,Omicron (BA.5-like),704.0,2022-07-03,1590893,BA.5.6,Omicron (BA.5-like),682.0,2022-07-25,1428716,BA.5,Omicron (BA.5-like),828.0000007252249,2022-03-01,False,3,4,8,True,6,0,,0,
1608426,SRR21220913,1,1,1,14221,17402,2,COVID-ARTIC-V4.1,.,2022-08-04,ac96ea30f498,2,BA.5.6,Omicron (BA.5-like),680.2465257420357,2022-07-27,1608425,BA.5.6,Omicron (BA.5-like),672.0,2022-08-04,1593612,BA.5.2.1,Omicron (BA.5-like),681.0,2022-07-26,1597142,BA.5.6,Omicron (BA.5-like),726.9330143000433,2022-06-11,1608425,BA.5.6,Omicron (BA.5-like),672.0,2022-08-04,1428716,BA.5,Omicron (BA.5-like),828.0000007252249,2022-03-01,False,3,4,8,True,6,0,,0,
1254575,SRR18774091,1,1,1,6727,17410,0,COVID-ARTIC-V4.1,.,2022-02-13,d586ad6d9e69,2,BA.1.1,Omicron (BA.1-like),857.9391127873914,2022-01-31,1254574,BA.1.1,Omicron (BA.1-like),844.0,2022-02-13,1174296,BA.1.1,Omicron (BA.1-like),860.0,2022-01-28,1070059,BA.1.1,Omicron (BA.1-like),890.0,2021-12-29,1254574,BA.1.1,Omicron (BA.1-like),844.0,2022-02-13,871714,BA.1,Omicron (BA.1-like),1011.137026065978,2021-08-30,False,0,5,4,True,4,0,,0,
774237,SRR17155394,1,1,1,16998,17410,1,COVID-ARTIC-V3,.,2021-10-26,b7c419f36f12,2,AY.44,Delta (B.1.617.2-like),967.2594814196516,2021-10-13,774236,AY.44,Delta (B.1.617.2-like),954.0,2021-10-26,595076,AY.44,Delta (B.1.617.2-like),996.0,2021-09-14,749585,AY.56,Delta (B.1.617.2-like),981.6767828477005,2021-09-29,774236,AY.44,Delta (B.1.617.2-like),954.0,2021-10-26,167135,B.1.617.2,Delta (B.1.617.2-like),1454.533651447372,2020-06-13,True,2,27,17,True,28,0,,0,
1557568,SRR20510438,1,1,1,16617,17550,1,COVID-VARSKIP-V1a-2b,.,2022-07-07,c3b980b0909c,2,BA.5.2,Omicron (BA.5-like),712.6846858688881,2022-06-25,1557567,BA.5.2,Omicron (BA.5-like),700.0,2022-07-07,1522767,BA.2.12.1,Omicron (BA.2-like),724.0,2022-06-13,1479759,BA.5.2.1,Omicron (BA.5-like),782.0008187556843,2022-04-16,1557567,BA.5.2,Omicron (BA.5-like),700.0,2022-07-07,871726,BA.2,Omicron (BA.2-like),961.3848488132328,2021-10-19,True,6,8,19,True,8,0,,0,
1879198,SRR28335119,1,1,1,14693,17607,1,COVID-ARTIC-V5.0-5.3.2_400,.,2024-01-14,8908a78ad197,2,HV.1,Omicron (XBB.1-like),167.26221858379256,2023-12-22,1879197,HV.1,Omicron (XBB.1-like),144.0,2024-01-14,1856641,HV.1,Omicron (XBB.1-like),252.208651323675,2023-09-28,1862791,HV.1,Omicron (XBB.1-like),198.0,2023-11-21,1879197,HV.1,Omicron (XBB.1-like),144.0,2024-01-14,1827219,HV.1,Omicron (XBB.1-like),337.0000000002,2023-07-05,True,0,5,6,True,6,0,,0,
1753496,ERR10839578,3,1,1,11829,17676,3,COVID-ARTIC-V4.1,4.1alt,2023-01-25,88dc2f3f3e6a,2,BQ.1.1.66,Omicron (BA.5-like),512.6534565329506,2023-01-11,1753495,BQ.1.1.66,Omicron (BA.5-like),498.0,2023-01-25,1738949,DN.1.1,Omicron (BA.5-like),592.0,2022-10-23,1724585,BQ.1.1.8,Omicron (BA.5-like),539.0,2022-12-15,1753495,BQ.1.1.66,Omicron (BA.5-like),498.0,2023-01-25,1620344,BQ.1.1,Omicron (BA.5-like),727.9194944741254,2022-06-10,False,4,7,4,True,7,0,,0,
1701187,SRR22344184,1,1,1,12311,17700,1,COVID-ARTIC-V4.1,.,2022-10-31,32d20a2dbdd6,2,BA.5.2.23,Omicron (BA.5-like),588.0,2022-10-27,1701186,BA.5.2.23,Omicron (BA.5-like),584.0,2022-10-31,1527853,BF.7,Omicron (BA.5-like),720.0000000005004,2022-06-17,1697760,BA.5.2.23,Omicron (BA.5-like),588.0000000001,2022-10-27,1701186,BA.5.2.23,Omicron (BA.5-like),584.0,2022-10-31,1441168,BA.5.2,Omicron (BA.5-like),828.0000003931715,2022-03-01,True,3,5,7,True,6,0,,0,
1559471,ERR10019912,4,1,1,10184,17750,0,COVID-ARTIC-V4.1,.,2022-07-08,cb130ea014f4,2,BA.5.1,Omicron (BA.5-like),712.0,2022-06-25,1559470,BA.5.1,Omicron (BA.5-like),699.0,2022-07-08,1537275,BA.5.2.1,Omicron (BA.5-like),712.0000000001,2022-06-25,1523158,BA.5.1,Omicron (BA.5-like),724.0,2022-06-13,1559470,BA.5.1,Omicron (BA.5-like),699.0,2022-07-08,1428716,BA.5,Omicron (BA.5-like),828.0000007252249,2022-03-01,True,3,6,9,True,6,0,,0,
1548927,ERR10002072,1,1,1,11672,17750,1,COVID-ARTIC-V4.1,4.1alt,2022-07-03,3e8bdf6d5c2e,2,BA.5.1,Omicron (BA.5-like),710.0,2022-06-27,1548926,BA.5.1,Omicron (BA.5-like),704.0,2022-07-03,1514064,BA.5.2.1,Omicron (BA.5-like),813.6720508192842,2022-03-16,1539622,BA.5.1,Omicron (BA.5-like),710.0000000001,2022-06-27,1548926,BA.5.1,Omicron (BA.5-like),704.0,2022-07-03,1428716,BA.5,Omicron (BA.5-like),828.0000007252249,2022-03-01,False,3,5,6,True,5,0,,0,
1657401,SRR23054025,2,2,1,14397,17893,0,COVID-VARSKIP-V1a-2b,.,2022-09-14,f12255bb1cd0,3,BA.5.1.18,Omicron (BA.5-like),648.7482945703266,2022-08-28,1657399,BA.5.1.18,Omicron (BA.5-like),631.0,2022-09-14,1554584,BA.4,Omicron (BA.5-like),844.7605197300584,2022-02-13,1620020,BA.5.1.18,Omicron (BA.5-like),662.0,2022-08-14,1657399,BA.5.1.18,Omicron (BA.5-like),631.0,2022-09-14,1519017,BA.4,Omicron (BA.5-like),955.5873470964832,2021-10-25,True,4,7,14,True,6,0,,0,
436123,ERR6482421,1,1,1,17332,18115,1,COVID-ARTIC-V3,3,2021-08-04,221e2a0396f5,2,AY.6,Delta (B.1.617.2-like),1053.5865859298406,2021-07-19,436122,AY.6,Delta (B.1.617.2-like),1037.0,2021-08-04,412148,AY.6,Delta (B.1.617.2-like),1079.0,2021-06-23,304048,AY.4,Delta (AY.4-like),1104.0,2021-05-29,436122,AY.6,Delta (B.1.617.2-like),1037.0,2021-08-04,167127,B.1.617.2,Delta (B.1.617.2-like),1268.2440285999382,2020-12-16,False,2,9,5,True,6,0,,0,
1832044,SRR27334897,1,1,1,13628,18492,1,COVID-ARTIC-V4.1,.,2023-08-16,fbd2b42bd20c,2,EG.5.1,Omicron (XBB.1-like),326.63365124478554,2023-07-16,1832043,EG.5.1,Omicron (XBB.1-like),295.0,2023-08-16,1826100,XBB.1.9.2,Omicron (XBB.1-like),391.9969474387388,2023-05-12,1820818,EG.5.1.1,Omicron (XBB.1-like),434.0000000002001,2023-03-30,1832043,EG.5.1,Omicron (XBB.1-like),295.0,2023-08-16,1740234,XBB.1.9.2,Omicron (XBB.1-like),588.6976477275288,2022-10-27,True,3,6,10,True,6,0,,0,
769290,SRR17647457,11,1,1,15182,18501,2,COVID-ARTIC-V3,.,2021-10-25,366dd1b86a28,2,AY.44,Delta (B.1.617.2-like),995.146382916593,2021-09-15,769289,AY.44,Delta (B.1.617.2-like),955.0,2021-10-25,533097,AY.44,Delta (B.1.617.2-like),1010.0000000003,2021-08-31,547211,AY.120.1,Delta (B.1.617.2-like),1007.0,2021-09-03,997310,AY.44,Delta (B.1.617.2-like),995.1463829164928,2021-09-15,167127,B.1.617.2,Delta (B.1.617.2-like),1268.2440285999382,2020-12-16,False,3,9,7,True,8,0,,0,
1664114,ERR13018108,1,1,1,16617,18570,2,COVID-ARTIC-V3,.,2022-09-19,12131e729bbe,2,BA.5.2,Omicron (BA.5-like),640.1418795808459,2022-09-05,1664113,BA.5.2,Omicron (BA.5-like),626.0,2022-09-19,1564161,BA.5.2,Omicron (BA.5-like),782.0007485317506,2022-04-16,1594210,BF.24,Omicron (BA.5-like),681.0000000001,2022-07-26,1664113,BA.5.2,Omicron (BA.5-like),626.0,2022-09-19,1441168,BA.5.2,Omicron (BA.5-like),828.0000003931715,2022-03-01,True,2,6,8,True,8,0,,0,
488207,SRR15875404,1,1,1,17237,18657,3,COVID-ARTIC-V3,.,2021-08-20,8fb7bb48ac31,2,AY.103,Delta (B.1.617.2-like),1034.482103453689,2021-08-07,488206,AY.103,Delta (B.1.617.2-like),1021.0,2021-08-20,390493,AY.20,Delta (B.1.617.2-like),1081.8333702623656,2021-06-21,366508,AY.103,Delta (B.1.617.2-like),1059.0000000003,2021-07-13,488206,AY.103,Delta (B.1.617.2-like),1021.0,2021-08-20,167127,B.1.617.2,Delta (B.1.617.2-like),1268.2440285999382,2020-12-16,False,2,8,10,True,10,0,,0,
633729,ERR6898993,3,1,1,17041,18693,2,COVID-ARTIC-V3,3,2021-09-23,ef7daeda4c98,2,AY.4,Delta (AY.4-like),1003.5772796443512,2021-09-07,633728,AY.4,Delta (AY.4-like),987.0,2021-09-23,323246,AY.4,Delta (AY.4-like),1086.0,2021-06-16,483494,AY.43,Delta (B.1.617.2-like),1022.0000000001,2021-08-19,633728,AY.4,Delta (AY.4-like),987.0,2021-09-23,167127,B.1.617.2,Delta (B.1.617.2-like),1268.2440285999382,2020-12-16,True,2,5,9,True,7,0,,0,
1878601,SRR28165213,1,1,1,18493,18703,3,COVID-ARTIC-V5.0-5.3.2_400,.,2024-01-11,154b1dd0c720,2,XBB.1.9,Omicron (XBB.1.16-like),170.71001444836804,2023-12-19,1878600,XBB.1.9,Omicron (XBB.1.16-like),147.0,2024-01-11,1846852,HV.1,Omicron (XBB.1-like),251.0,2023-09-29,1815454,XBB.1.16.6,Omicron (XBB.1.16-like),408.0000000002,2023-04-25,1878600,XBB.1.9,Omicron (XBB.1.16-like),147.0,2024-01-11,1675918,XBB.1,Omicron (XBB.1-like),695.2997348629449,2022-07-12,True,8,16,14,True,13,0,,0,
1340913,SRR18539454,1,1,1,17804,18816,0,COVID-ARTIC-V4.1,.,2022-03-09,e85a63bf8d83,2,BA.1.1,Omicron (BA.1-like),823.0,2022-03-06,1340912,BA.1.1,Omicron (BA.1-like),820.0,2022-03-09,1328452,BA.1.1,Omicron (BA.1-like),823.0000000001,2022-03-06,1280248,BA.1.1,Omicron (BA.1-like),838.0,2022-02-19,1340912,BA.1.1,Omicron (BA.1-like),820.0,2022-03-09,871714,BA.1,Omicron (BA.1-like),1011.137026065978,2021-08-30,False,0,6,3,False,4,0,,0,
358773,ERR12791870,46,1,1,15907,18905,0,COVID-ARTIC-V3,.,2021-07-08,8bff3297703b,2,AY.42,Delta (B.1.617.2-like),1065.0,2021-07-07,358772,AY.42,Delta (B.1.617.2-like),1064.0,2021-07-08,356853,AY.42,Delta (B.1.617.2-like),1065.0000000002,2021-07-07,339353,AY.125,Delta (B.1.617.2-like),1074.0000000004006,2021-06-28,358772,AY.42,Delta (B.1.617.2-like),1064.0,2021-07-08,167126,B.1.617.2,Delta (B.1.617.2-like),1266.016653633328,2020-12-18,False,2,9,4,True,5,0,,0,
1589275,SRR21000864,3,1,1,17403,18957,1,COVID-ARTIC-V4.1,.,2022-07-24,f73aef02be3c,2,BA.5,Omicron (BA.5-like),725.139089279199,2022-06-12,1589274,BA.5,Omicron (BA.5-like),683.0,2022-07-24,1529415,BA.2.12.1,Omicron (BA.2-like),741.6645349298044,2022-05-27,1514859,BA.5.6,Omicron (BA.5-like),729.0000000001,2022-06-08,1589274,BA.5,Omicron (BA.5-like),683.0,2022-07-24,871726,BA.2,Omicron (BA.2-like),961.3848488132328,2021-10-19,True,5,9,18,True,10,0,,0,
1362383,ERR9406010,4,1,1,7322,19151,0,COVID-ARTIC-V4.1,4.1alt,2022-03-16,fe5cf5dafc66,2,BA.2,Omicron (BA.2-like),815.0,2022-03-14,1362382,BA.2,Omicron (BA.2-like),813.0,2022-03-16,1354643,BA.2.9,Omicron (BA.2-like),815.0000000001,2022-03-14,1319671,BA.2,Omicron (BA.2-like),826.0000000001,2022-03-03,1362382,BA.2,Omicron (BA.2-like),813.0,2022-03-16,965896,BA.2.5,Omicron (BA.2-like),961.3848488131327,2021-10-19,False,1,4,5,True,4,0,,0,
410803,SRR15406438,1,1,1,18177,19160,1,COVID-ARTIC-V3,.,2021-07-28,934d82b0b91c,2,AY.67,Delta (B.1.617.2-like),1065.815070913245,2021-07-07,410802,AY.67,Delta (B.1.617.2-like),1044.0,2021-07-28,376473,AY.67,Delta (B.1.617.2-like),1072.0000000001,2021-06-30,279018,AY.14,Delta (B.1.617.2-like),1130.000000000501,2021-05-03,410802,AY.67,Delta (B.1.617.2-like),1044.0,2021-07-28,167134,B.1.617.2,Delta (B.1.617.2-like),1410.8192086723209,2020-07-27,True,2,14,8,True,9,0,,0,
415019,SRR17148789,9,1,1,15343,19220,1,COVID-MIDNIGHT-1200,.,2021-07-29,cb265afaa53f,2,AY.3,Delta (B.1.617.2-like),1051.0,2021-07-21,415018,AY.3,Delta (B.1.617.2-like),1043.0,2021-07-29,384493,AY.3,Delta (B.1.617.2-like),1182.4267255548802,2021-03-12,387116,AY.26,Delta (B.1.617.2-like),1051.0000000001,2021-07-21,415018,AY.3,Delta (B.1.617.2-like),1043.0,2021-07-29,167135,B.1.617.2,Delta (B.1.617.2-like),1454.533651447372,2020-06-13,True,2,20,7,True,8,0,,0,
763622,ERR7273201,2,1,1,17041,19220,1,COVID-ARTIC-V4.1,4,2021-10-24,4dafe1402461,2,AY.4,Delta (AY.4-like),984.0,2021-09-26,763621,AY.4,Delta (AY.4-like),956.0,2021-10-24,645905,AY.4,Delta (AY.4-like),984.0000000001,2021-09-26,731694,B.1.617.2,Delta (B.1.617.2-like),995.0,2021-09-15,763621,AY.4,Delta (AY.4-like),956.0,2021-10-24,167135,B.1.617.2,Delta (B.1.617.2-like),1454.533651447372,2020-06-13,True,1,27,14,True,28,0,,0,
705144,SRR16832825,1,1,1,14488,19220,2,COVID-ARTIC-V3,.,2021-10-10,7e0deb4a6fb8,2,B.1.617.2,Delta (B.1.617.2-like),990.7808486541,2021-09-20,705143,B.1.617.2,Delta (B.1.617.2-like),970.0,2021-10-10,568973,AY.118,Delta (B.1.617.2-like),1046.279811080708,2021-07-26,381475,AY.26,Delta (B.1.617.2-like),1131.0699597022335,2021-05-02,705143,B.1.617.2,Delta (B.1.617.2-like),970.0,2021-10-10,167135,B.1.617.2,Delta (B.1.617.2-like),1454.533651447372,2020-06-13,True,2,17,13,True,9,0,,0,
488368,SRR15876884,1,1,1,18087,19220,1,COVID-ARTIC-V3,.,2021-08-20,9d244ce8042c,2,B.1.617.2,Delta (B.1.617.2-like),1034.4584791923312,2021-08-07,488367,B.1.617.2,Delta (B.1.617.2-like),1021.0,2021-08-20,432769,B.1.617.2,Delta (B.1.617.2-like),1038.0000000001,2021-08-03,430267,AY.44,Delta (B.1.617.2-like),1074.0,2021-06-28,488367,B.1.617.2,Delta (B.1.617.2-like),1021.0,2021-08-20,167136,B.1.617.2,Delta (B.1.617.2-like),1591.2875774757229,2020-01-28,True,1,23,10,True,10,0,,0,
1796621,ERR13323123,1,1,1,17860,19326,1,COVID-ARTIC-V5.0-5.3.2_400,.,2023-03-17,6ddd8b0b272d,2,XBB.2.3,Omicron (XBB-like),475.5202068142743,2023-02-17,1796620,XBB.2.3,Omicron (XBB-like),447.0,2023-03-17,1726669,BQ.1.1,Omicron (BA.5-like),536.0,2022-12-18,1762644,XBB.2.3,Omicron (XBB-like),610.2887114967414,2022-10-05,1796620,XBB.2.3,Omicron (XBB-like),447.0,2023-03-17,871726,BA.2,Omicron (BA.2-like),961.3848488132328,2021-10-19,True,15,17,28,True,18,0,,1,MNM3
1840333,ERR13050992,57,1,1,18584,19326,3,COVID-ARTIC-V5.0-5.3.2_400,.,2023-09-11,5050db3fb621,2,XCT,Omicron (BA.2-like),289.4401137196386,2023-08-22,1840332,XCT,Omicron (BA.2-like),269.00000000039995,2023-09-11,1827932,JG.4,Omicron (XBB.1-like),378.8857166668871,2023-05-25,1828605,DV.7.1,Omicron (BA.2-like),378.2461387376884,2023-05-25,1840332,XCT,Omicron (BA.2-like),269.00000000039995,2023-09-11,965896,BA.2.5,Omicron (BA.2-like),961.3848488131327,2021-10-19,True,19,27,34,True,29,0,,0,
1798617,SRR26444037,1,1,1,17125,19512,1,COVID-ARTIC-V4.1,.,2023-03-20,4ff5c1c2bb03,2,XBB.1.5,Omicron (XBB.1.5-like),453.4075529461501,2023-03-11,1798616,XBB.1.5,Omicron (XBB.1.5-like),444.0,2023-03-20,1782258,XBB.1.5.2,Omicron (XBB.1.5-like),465.0,2023-02-27,1762555,FL.4,Omicron (XBB.1-like),484.0,2023-02-08,1798616,XBB.1.5,Omicron (XBB.1.5-like),444.0,2023-03-20,1675918,XBB.1,Omicron (XBB.1-like),695.2997348629449,2022-07-12,True,5,10,6,True,7,0,,0,
1609023,ERR10119199,1,1,1,17286,19524,0,COVID-ARTIC-V4.1,4.1alt,2022-08-05,0330e3558436,2,BA.5.1.22,Omicron (BA.5-like),674.0,2022-08-02,1609022,BA.5.1.22,Omicron (BA.5-like),671.0,2022-08-05,1535857,BF.5,Omicron (BA.5-like),714.0000000001,2022-06-23,1605432,BA.5.1,Omicron (BA.5-like),674.0000000001,2022-08-02,1609022,BA.5.1.22,Omicron (BA.5-like),671.0,2022-08-05,1428716,BA.5,Omicron (BA.5-like),828.0000007252249,2022-03-01,True,4,8,8,True,4,0,,0,
540054,ERR6681428,3,2,1,5438,19524,3,COVID-ARTIC-V3,3,2021-09-02,b33b63a02a7a,3,B.1.617.2,Delta (B.1.617.2-like),1030.4894613731426,2021-08-11,540052,B.1.617.2,Delta (B.1.617.2-like),1008.0,2021-09-02,336579,AY.5,Delta (B.1.617.2-like),1100.5957529827328,2021-06-02,303336,AY.98,Delta (B.1.617.2-like),1105.0000000004002,2021-05-28,540052,B.1.617.2,Delta (B.1.617.2-like),1008.0,2021-09-02,167127,B.1.617.2,Delta (B.1.617.2-like),1268.2440285999382,2020-12-16,True,2,4,6,True,7,0,,0,
128944,SRR14386539,1,1,1,19018,19839,3,COVID-ARTIC-V3,.,2021-01-28,6aef447d5a67,2,B.1.1.222,.,1245.5245762048387,2021-01-08,128943,B.1.1.222,.,1225.0,2021-01-28,7422,B.1,.,1522.0,2020-04-06,72950,B.1.1.222,.,1282.0,2020-12-02,128943,B.1.1.222,.,1225.0,2021-01-28,68,B.1,.,1591.6612163418586,2020-01-28,False,2,4,8,True,7,0,,1,mnS3
1500071,ERR13126719,26,1,1,17823,19862,2,COVID-ARTIC-V3,.,2022-05-27,73ee8f9cc013,2,XAN,Omicron (BA.5-like),744.0000000001,2022-05-24,1500070,XAN,Omicron (BA.5-like),741.0,2022-05-27,1415798,BA.2,Omicron (BA.2-like),796.0,2022-04-02,1495573,BA.5.1.23,Omicron (BA.5-like),744.0000000003001,2022-05-24,1548797,XAN,Omicron (BA.5-like),744.0,2022-05-24,871726,BA.2,Omicron (BA.2-like),961.3848488132328,2021-10-19,True,4,5,18,True,7,0,,0,
1175823,ERR12920601,1,1,1,17411,19955,2,COVID-ARTIC-V3,.,2022-01-28,03a6736d2780,2,BA.2,Omicron (Unassigned),877.8005710446643,2022-01-11,1175822,BA.2,Omicron (Unassigned),860.0,2022-01-28,1040934,BA.1.17,Omicron (BA.1-like),929.0000000003004,2021-11-20,932307,BA.2,Omicron (BA.2-like),961.3848488130328,2021-10-19,1175822,BA.2,Omicron (Unassigned),860.0,2022-01-28,871728,B.1.1.529,Omicron (Unassigned),1333.8575128682105,2020-10-12,True,3,21,24,True,8,0,,1,MNM3
1299794,SRR18929214,1,1,1,17857,19955,3,COVID-ARTIC-V4.1,.,2022-02-24,3aa387ac5906,2,BA.1.1,Omicron (BA.1-like),842.9751387783435,2022-02-15,1299793,BA.1.1,Omicron (BA.1-like),833.0,2022-02-24,1193875,BA.1,Omicron (BA.1-like),856.0,2022-02-01,1184439,BA.1.1,Omicron (BA.1-like),927.2259008195672,2021-11-22,1299793,BA.1.1,Omicron (BA.1-like),833.0,2022-02-24,871714,BA.1,Omicron (BA.1-like),1011.137026065978,2021-08-30,False,1,6,8,True,7,0,,0,
1426105,ERR9700026,1,1,1,17411,19955,0,COVID-ARTIC-V4.1,4.1alt,2022-04-08,3cb16eb5d96c,2,BA.2,Omicron (Unassigned),816.4890251402857,2022-03-13,1426104,BA.2,Omicron (Unassigned),790.0,2022-04-08,1081856,BA.1,Omicron (BA.1-like),884.0,2022-01-04,1239228,BA.2,Omicron (BA.2-like),847.0000000001,2022-02-10,1426104,BA.2,Omicron (Unassigned),790.0,2022-04-08,871728,B.1.1.529,Omicron (Unassigned),1333.8575128682105,2020-10-12,True,2,26,25,True,6,0,,0,
1178294,ERR8534857,1,1,1,17411,19955,0,COVID-ARTIC-V4.1,4.1alt,2022-01-29,7e6a16a3a0e2,2,BA.2,Omicron (Unassigned),864.0,2022-01-24,1178293,BA.2,Omicron (Unassigned),859.0,2022-01-29,1133493,BA.2,Omicron (BA.2-like),869.0,2022-01-19,1155793,BA.1.1.14,Omicron (BA.1-like),864.0000000001,2022-01-24,1178293,BA.2,Omicron (Unassigned),859.0,2022-01-29,871728,B.1.1.529,Omicron (Unassigned),1333.8575128682105,2020-10-12,True,4,28,29,True,27,0,,0,
1569226,SRR21084986,1,1,1,15598,20016,1,COVID-ARTIC-V4.1,.,2022-07-13,ba25e0d233c0,2,BA.5.1.30,Omicron (BA.5-like),702.6333705435379,2022-07-05,1569225,BA.5.1.30,Omicron (BA.5-like),694.0,2022-07-13,1554530,BA.2.12.1,Omicron (BA.2-like),737.0,2022-05-31,1540240,BA.5.1.25,Omicron (BA.5-like),710.0000000002001,2022-06-27,1569225,BA.5.1.30,Omicron (BA.5-like),694.0,2022-07-13,871726,BA.2,Omicron (BA.2-like),961.3848488132328,2021-10-19,True,6,10,20,True,10,0,,0,
86926,ERR5054123,1,1,1,16177,20133,3,COVID-ARTIC-V3,3,2020-12-18,9607abe6a22e,2,B.1.1,.,1273.0,2020-12-11,86925,B.1.1,.,1266.0,2020-12-18,36092,B.1.177,.,1353.0,2020-09-22,78052,B.1.1.7,Alpha (B.1.1.7-like),1273.0000000001,2020-12-11,86925,B.1.1,.,1266.0,2020-12-18,68,B.1,.,1591.6612163418586,2020-01-28,True,3,17,23,True,17,0,,1,mnS3
1400011,SRR19692326,1,1,1,18939,20134,2,COVID-AMPLISEQ-V1,.,2022-03-27,4e67e18c3fe0,2,BA.1.1,Omicron (BA.1-like),812.6002017529925,2022-03-17,1400010,BA.1.1,Omicron (BA.1-like),802.0,2022-03-27,1265441,BA.1.1,Omicron (BA.1-like),842.0,2022-02-15,1312552,BA.1.1,Omicron (BA.1-like),828.0,2022-03-01,1400010,BA.1.1,Omicron (BA.1-like),802.0,2022-03-27,871714,BA.1,Omicron (BA.1-like),1011.137026065978,2021-08-30,False,0,4,3,False,6,0,,0,
1702508,SRR22344560,1,1,1,12445,20235,2,COVID-ARTIC-V4.1,.,2022-11-02,d890fa279d14,2,BA.2,Omicron (BA.2-like),609.0506365736723,2022-10-06,1702507,BA.2,Omicron (BA.2-like),582.0,2022-11-02,1561445,BA.5.2.1,Omicron (BA.5-like),716.4583558278806,2022-06-21,1613196,BN.1.1,Omicron (BA.2-like),667.0,2022-08-09,1702507,BA.2,Omicron (BA.2-like),582.0,2022-11-02,871726,BA.2,Omicron (BA.2-like),961.3848488132328,2021-10-19,True,8,10,28,True,12,0,,1,MNM3
1870680,SRR27642671,1,1,1,15764,20243,1,COVID-ARTIC-V5.0-5.3.2_400,.,2023-12-12,92bbddc5d74e,2,XBB.1.16,Omicron (XBB.1-like),203.41119552273665,2023-11-16,1870679,XBB.1.16,Omicron (XBB.1-like),177.0,2023-12-12,1833588,XBB.1.16,Omicron (XBB.1-like),311.2025649036013,2023-07-31,1851151,EG.5.1,Omicron (XBB.1-like),237.0,2023-10-13,1870679,XBB.1.16,Omicron (XBB.1-like),177.0,2023-12-12,1805404,EG.5.1,Omicron (XBB.1-like),434.00000000040006,2023-03-30,True,5,15,9,True,9,0,,0,
1772901,SRR23713909,1,1,1,14121,20316,2,COVID-ARTIC-V4.1,.,2023-02-17,7e6fcf9cc7d5,2,XBB.1.5,Omicron (XBB.1.5-like),480.3857522536503,2023-02-12,1772900,XBB.1.5,Omicron (XBB.1.5-like),475.0,2023-02-17,1764456,XBB.1.5,Omicron (XBB.1.5-like),482.0,2023-02-10,1765159,XBB.1.5.18,Omicron (XBB.1.5-like),481.0,2023-02-11,1772900,XBB.1.5,Omicron (XBB.1.5-like),475.0,2023-02-17,1702805,XBB.1.5,Omicron (XBB.1.5-like),637.0611528006282,2022-09-08,True,1,9,4,True,6,0,,0,
1750864,ERR10839902,4,1,1,19327,20428,1,COVID-ARTIC-V4.1,4.1alt,2023-01-22,c3fecc60d01e,2,XBB.1,Omicron (XBB.1-like),509.8478457374313,2023-01-14,1750863,XBB.1,Omicron (XBB.1-like),501.0,2023-01-22,1665429,BQ.1,Omicron (BA.5-like),683.682142679664,2022-07-24,1743091,XBB.1.5.18,Omicron (XBB.1.5-like),514.0,2023-01-09,1750863,XBB.1,Omicron (XBB.1-like),501.0,2023-01-22,871726,BA.2,Omicron (BA.2-like),961.3848488132328,2021-10-19,True,15,20,27,True,6,0,,1,MNM3
1629130,SRR21450704,1,1,1,16617,20429,1,COVID-ARTIC-V4.1,.,2022-08-22,a5ef9135d1ff,2,BA.5.2,Omicron (BA.5-like),665.6150941668726,2022-08-11,1629129,BA.5.2,Omicron (BA.5-like),654.0,2022-08-22,1603152,BA.5.2,Omicron (BA.5-like),675.0,2022-08-01,1570092,BA.5.2.1,Omicron (BA.5-like),742.4959019793243,2022-05-26,1629129,BA.5.2,Omicron (BA.5-like),654.0,2022-08-22,1441168,BA.5.2,Omicron (BA.5-like),828.0000003931715,2022-03-01,True,1,7,9,True,5,0,,0,
804898,ERR13239511,3,1,1,19221,20433,3,COVID-ARTIC-V3,.,2021-11-01,dc66884a45be,2,B.1.617.2,Delta (B.1.617.2-like),959.780346370601,2021-10-21,804897,B.1.617.2,Delta (B.1.617.2-like),948.0,2021-11-01,709164,AY.25,Delta (B.1.617.2-like),969.0,2021-10-11,361730,AY.73,Delta (B.1.617.2-like),1062.0000000002,2021-07-10,804897,B.1.617.2,Delta (B.1.617.2-like),948.0,2021-11-01,167135,B.1.617.2,Delta (B.1.617.2-like),1454.533651447372,2020-06-13,True,2,20,10,True,10,0,,0,
905911,SRR19291479,1,1,1,16727,20436,0,COVID-ARTIC-V4.1,.,2021-11-20,2d32de22fbe3,2,AY.44,Delta (B.1.617.2-like) +K417N,960.5289670525814,2021-10-20,905910,AY.44,Delta (B.1.617.2-like) +K417N,929.0,2021-11-20,657183,AY.44,Delta (B.1.617.2-like),1041.0,2021-07-31,563860,AY.1,Delta (B.1.617.2-like) +K417N,1050.0000000001,2021-07-22,905910,AY.44,Delta (B.1.617.2-like) +K417N,929.0,2021-11-20,167127,B.1.617.2,Delta (B.1.617.2-like),1268.2440285999382,2020-12-16,False,2,10,12,True,10,0,,0,
482429,SRR15864165,2,1,1,18487,20451,3,COVID-AMPLISEQ-V1,.,2021-08-18,fff7410a43ad,2,AY.25,Delta (B.1.617.2-like),1068.164917747748,2021-07-04,482428,AY.25,Delta (B.1.617.2-like),1023.0,2021-08-18,354794,AY.103,Delta (B.1.617.2-like),1149.3019178563386,2021-04-14,339939,AY.25,Delta (B.1.617.2-like),1133.0000000001,2021-04-30,534878,AY.25,Delta (B.1.617.2-like),1068.164917747648,2021-07-04,167127,B.1.617.2,Delta (B.1.617.2-like),1268.2440285999382,2020-12-16,False,2,4,4,True,7,0,,0,
488440,SRR15948477,1,1,1,17041,20480,3,COVID-AMPLISEQ-V1,.,2021-08-20,6616779ba616,2,AY.20,Delta (B.1.617.2-like),1032.3203656658102,2021-08-09,488439,AY.20,Delta (B.1.617.2-like),1021.0,2021-08-20,463399,AY.20,Delta (B.1.617.2-like),1087.9926022703285,2021-06-15,447838,AY.4,Delta (AY.4-like),1034.0,2021-08-07,488439,AY.20,Delta (B.1.617.2-like),1021.0,2021-08-20,167127,B.1.617.2,Delta (B.1.617.2-like),1268.2440285999382,2020-12-16,False,2,10,2,False,8,0,,0,
1880465,SRR28966083,1,1,1,17123,20480,1,COVID-MIDNIGHT-1200,.,2024-01-18,51bbac189f09,2,JN.1.57,Omicron (BA.2-like),151.10670325606236,2024-01-07,1880464,JN.1.57,Omicron (BA.2-like),140.0,2024-01-18,1875100,JN.1.57,Omicron (BA.2-like),163.0,2023-12-26,1876742,JN.1,Omicron (BA.2-like),231.25471329777167,2023-10-19,1880464,JN.1.57,Omicron (BA.2-like),140.0,2024-01-18,1855174,JN.1,Omicron (BA.2-like),232.0060237451545,2023-10-18,False,1,4,3,False,5,0,,0,
1353367,SRR21087713,1,1,1,20470,20629,0,COVID-AMPLISEQ-V1,.,2022-03-13,67cb262e33a5,2,BA.1.1,Omicron (BA.1-like),829.9103324857557,2022-02-28,1353366,BA.1.1,Omicron (BA.1-like),816.0,2022-03-13,1296579,BA.1.1,Omicron (BA.1-like),834.0,2022-02-23,1083659,BA.1.1,Omicron (BA.1-like),884.0,2022-01-04,1353366,BA.1.1,Omicron (BA.1-like),816.0,2022-03-13,871714,BA.1,Omicron (BA.1-like),1011.137026065978,2021-08-30,False,0,3,3,False,4,0,,0,
36153,ERR4758934,39,1,1,15325,20661,1,COVID-ARTIC-V3,.,2020-09-22,8b6c95eec492,2,B.1.221,.,1443.3947996160712,2020-06-24,36152,B.1.221,.,1353.0000000002,2020-09-22,27071,B.1.177,.,1451.8904198704304,2020-06-16,34752,B.1.221,.,1518.5505252455682,2020-04-10,40194,B.1.221,.,1413.9760994238925,2020-07-24,68,B.1,.,1591.6612163418586,2020-01-28,True,2,6,14,True,7,0,,0,
1751642,ERR10839848,1,1,1,19327,20741,2,COVID-ARTIC-V4.1,4.1alt,2023-01-23,d5ca15babe34,2,BA.2,Omicron (BA.2-like),515.7276915279904,2023-01-08,1751641,BA.2,Omicron (BA.2-like),500.0,2023-01-23,1673437,XBB,Omicron (XBB-like),747.5583239157871,2022-05-21,1740190,CH.1.1.2,Omicron (BA.2-like),616.1420897724231,2022-09-29,1751641,BA.2,Omicron (BA.2-like),500.0,2023-01-23,965896,BA.2.5,Omicron (BA.2-like),961.3848488131327,2021-10-19,True,10,17,17,True,19,0,,0,
1123638,ERR8132150,2,1,1,12460,20762,2,COVID-ARTIC-V4.1,4.1alt,2022-01-18,f939e3f30285,2,BA.1,Omicron (BA.1-like),877.0000000001,2022-01-11,1123637,BA.1,Omicron (BA.1-like),870.0,2022-01-18,1100771,BA.1,Omicron (BA.1-like),877.0000000002001,2022-01-11,1053038,BA.1.17.2,Omicron (BA.1-like),896.0000000001,2021-12-23,1238283,BA.1,Omicron (BA.1-like),877.0,2022-01-11,871714,BA.1,Omicron (BA.1-like),1011.137026065978,2021-08-30,False,2,4,5,True,6,0,,0,
1641250,ERR12976981,1,1,1,12031,20762,3,COVID-ARTIC-V3,.,2022-08-31,3280fc3cf650,2,BA.5.2.1,Omicron (BA.5-like),661.5196233705361,2022-08-15,1641249,BA.5.2.1,Omicron (BA.5-like),645.0,2022-08-31,1554616,BA.5.10,Omicron (BA.5-like),778.671570836761,2022-04-20,1527853,BF.7,Omicron (BA.5-like),720.0000000005004,2022-06-17,1641249,BA.5.2.1,Omicron (BA.5-like),645.0,2022-08-31,1437565,BA.5,Omicron (BA.5-like),828.0000003932715,2022-03-01,False,4,4,8,True,7,0,,0,
1556223,SRR20663506,2,1,1,16936,20883,2,COVID-ARTIC-V4.1,.,2022-07-06,b89ef54533df,2,BA.4,Omicron (BA.4-like),712.0337974100745,2022-06-25,1556222,BA.4,Omicron (BA.4-like),701.0,2022-07-06,1517639,BE.1.1,Omicron (BA.5-like),727.0,2022-06-10,871725,BA.4,Omicron (BA.4-like),881.0000000002001,2022-01-07,1556222,BA.4,Omicron (BA.4-like),701.0,2022-07-06,871725,BA.4,Omicron (BA.4-like),881.0000000002001,2022-01-07,False,6,6,10,True,6,0,,1,MNM3
1538349,ERR9940303,1,1,1,13713,20937,2,COVID-ARTIC-V4.1,.,2022-06-26,5015dab5330b,2,BA.5.1,Omicron (BA.5-like),720.2215547670841,2022-06-17,1538348,BA.5.1,Omicron (BA.5-like),711.0,2022-06-26,1491456,BA.2,Omicron (BA.2-like),747.0,2022-05-21,1510668,BA.5.1,Omicron (BA.5-like),731.0000000001,2022-06-06,1538348,BA.5.1,Omicron (BA.5-like),711.0,2022-06-26,871726,BA.2,Omicron (BA.2-like),961.3848488132328,2021-10-19,False,3,6,15,True,7,0,,0,
1712935,ERR13041352,1,1,1,16936,21057,2,COVID-ARTIC-V3,.,2022-11-25,b2d759bd1e1d,2,BQ.1.13,Omicron (BA.5-like),594.3878868642399,2022-10-21,1712934,BQ.1.13,Omicron (BA.5-like),559.0,2022-11-25,1661806,BQ.1.13,Omicron (BA.5-like),741.7659693195453,2022-05-27,1705274,CK.2.1,Omicron (BA.5-like),662.187476480762,2022-08-14,1712934,BQ.1.13,Omicron (BA.5-like),559.0,2022-11-25,1428716,BA.5,Omicron (BA.5-like),828.0000007252249,2022-03-01,True,11,15,11,True,12,0,,0,
1558242,SRR20682810,1,1,1,18985,21077,0,COVID-ARTIC-V4.1,.,2022-07-07,de35fe929c98,2,BA.2,Omicron (BA.2-like),713.2637277164297,2022-06-24,1558241,BA.2,Omicron (BA.2-like),700.0,2022-07-07,1485600,BA.5.6,Omicron (BA.5-like),752.0000000002001,2022-05-16,1528875,BA.2.48,Omicron (BA.2-like),720.0,2022-06-17,1558241,BA.2,Omicron (BA.2-like),700.0,2022-07-07,871726,BA.2,Omicron (BA.2-like),961.3848488132328,2021-10-19,True,4,12,13,True,7,0,,1,MNM3
1273727,SRR21345799,7,1,1,15452,21156,1,COVID-ARTIC-V4.1,.,2022-02-17,4bbee25284ab,2,BA.1.1.18,Omicron (BA.1-like),851.8806397568956,2022-02-06,1273726,BA.1.1.18,Omicron (BA.1-like),840.0000000001,2022-02-17,1205368,BA.1.1.18,Omicron (BA.1-like),854.0000000001,2022-02-03,1116623,BA.1.1,Omicron (BA.1-like),872.0,2022-01-16,1273726,BA.1.1.18,Omicron (BA.1-like),840.0000000001,2022-02-17,871714,BA.1,Omicron (BA.1-like),1011.137026065978,2021-08-30,False,1,5,2,False,5,0,,0,
1679227,ERR10445631,1,1,1,21078,21294,2,COVID-ARTIC-V4.1,.,2022-10-06,f5a038b0f522,2,BA.5.6,Omicron (BA.5-like),628.8960389926673,2022-09-17,1679226,BA.5.6,Omicron (BA.5-like),609.0,2022-10-06,1599184,BA.5.6,Omicron (BA.5-like),677.0,2022-07-30,1473881,BA.5.3.2,Omicron (BA.5-like),762.0,2022-05-06,1679226,BA.5.6,Omicron (BA.5-like),609.0,2022-10-06,1428716,BA.5,Omicron (BA.5-like),828.0000007252249,2022-03-01,False,3,8,3,False,6,0,,1,MNM8
1288109,SRR19690091,3,2,1,17750,21302,2,COVID-AMPLISEQ-V1,.,2022-02-21,a7dea3a04187,3,BA.1.1,Omicron (BA.1-like),851.0,2022-02-06,1288107,BA.1.1,Omicron (BA.1-like),836.0,2022-02-21,1219562,BA.1.1,Omicron (BA.1-like),851.0000000001,2022-02-06,1163121,BA.1.1,Omicron (BA.1-like),934.3885946535058,2021-11-15,1288107,BA.1.1,Omicron (BA.1-like),836.0,2022-02-21,871714,BA.1,Omicron (BA.1-like),1011.137026065978,2021-08-30,False,0,4,3,False,6,0,,0,
1132622,SRR19943223,1,1,1,18509,21304,3,COVID-AMPLISEQ-V1,.,2022-01-19,2d0a38f956af,2,BA.1,Omicron (BA.1-like),870.0,2022-01-18,1132621,BA.1,Omicron (BA.1-like),869.0,2022-01-19,1124508,BA.1,Omicron (BA.1-like),870.0000000001,2022-01-18,1079988,BA.1.1,Omicron (BA.1-like),885.0,2022-01-03,1132621,BA.1,Omicron (BA.1-like),869.0,2022-01-19,1046379,BA.1,Omicron (BA.1-like),1011.1370260660782,2021-08-30,False,1,7,4,True,7,0,,0,
1891345,SRR29023061,32,10,1,19327,21363,10,COVID-ARTIC-V5.0-5.3.2_400,.,2024-05-02,2c0f8299616d,16,XDV.1,Omicron (BA.2-like),192.56969999251507,2023-11-27,1891330,XDV.1,Omicron (BA.2-like),36.0,2024-05-01,1755555,XBB.1.19,Omicron (XBB-like),646.20828393044,2022-08-30,1873770,JN.1,Omicron (BA.2-like),210.85408758881763,2023-11-09,1893088,XDV.1,Omicron (BA.2-like),177.04939317817724,2023-12-12,871726,BA.2,Omicron (BA.2-like),961.3848488132328,2021-10-19,True,9,27,43,True,27,0,,0,
770359,ERR7268560,8,1,1,17392,21516,3,COVID-ARTIC-V4.1,4,2021-10-25,7e4d2ba36236,2,AY.4,Delta (AY.4-like),967.0062239698776,2021-10-13,770358,AY.4,Delta (AY.4-like),955.0,2021-10-25,680634,AY.4,Delta (AY.4-like),1036.17768947637,2021-08-05,633996,AY.4,Delta (AY.4-like),987.0,2021-09-23,770358,AY.4,Delta (AY.4-like),955.0,2021-10-25,175379,AY.4,Delta (AY.4-like),1220.2147994378952,2021-02-02,False,0,7,5,True,7,0,,0,
1616282,ERR10146719,1,1,1,11838,21520,3,COVID-ARTIC-V4.1,.,2022-08-12,fae4f7697c51,2,BA.4.1,Omicron (BA.4-like),687.9103742385757,2022-07-20,1616281,BA.4.1,Omicron (BA.4-like),664.0,2022-08-12,1442355,BF.1,Omicron (BA.5-like),809.7909438416964,2022-03-20,1337921,BA.4.1,Omicron (BA.4-like),881.0000000001,2022-01-07,1616281,BA.4.1,Omicron (BA.4-like),664.0,2022-08-12,871725,BA.4,Omicron (BA.4-like),881.0000000002001,2022-01-07,True,6,5,13,True,7,0,,1,MNM3
1393392,SRR18898670,1,1,1,16763,21588,1,COVID-ARTIC-V4.1,.,2022-03-25,848c1d5bb1f5,2,BA.1.1,Omicron (BA.1-like),818.5795700277213,2022-03-11,1393391,BA.1.1,Omicron (BA.1-like),804.0,2022-03-25,1297532,BA.1.1,Omicron (BA.1-like),834.0,2022-02-23,1297947,BA.1.1,Omicron (BA.1-like),889.6650336179146,2021-12-30,1393391,BA.1.1,Omicron (BA.1-like),804.0,2022-03-25,871714,BA.1,Omicron (BA.1-like),1011.137026065978,2021-08-30,False,0,5,3,False,6,0,,0,
1292884,SRR18691012,8,1,1,20179,21595,0,COVID-ARTIC-V4.1,.,2022-02-22,a60902bf77c0,2,BA.2,Omicron (Unassigned),845.0,2022-02-12,1292883,BA.2,Omicron (Unassigned),835.0,2022-02-22,1250435,BA.1.1,Omicron (BA.1-like),845.0000000001,2022-02-12,1116826,BA.2.9,Omicron (BA.2-like),872.0000000002001,2022-01-16,1292883,BA.2,Omicron (Unassigned),835.0,2022-02-22,871728,B.1.1.529,Omicron (Unassigned),1333.8575128682105,2020-10-12,True,4,30,25,True,7,0,,1,MNM3
1288721,SRR20395155,1,1,1,11795,21595,3,COVID-ARTIC-V4.1,.,2022-02-21,c6a48f0cdc5d,2,BA.1.1,Omicron (BA.1-like),846.9680188215485,2022-02-11,1288720,BA.1.1,Omicron (BA.1-like),836.0,2022-02-21,1179630,BA.1.15,Omicron (BA.1-like),863.0,2022-01-25,1092102,BA.1.1,Omicron (BA.1-like),936.0785933494932,2021-11-13,1288720,BA.1.1,Omicron (BA.1-like),836.0,2022-02-21,871714,BA.1,Omicron (BA.1-like),1011.137026065978,2021-08-30,False,2,5,5,True,7,0,,0,
1890738,SRR28992989,1,1,1,14725,21610,2,COVID-ARTIC-V5.0-5.3.2_400,.,2024-04-19,d8cab7e1b4b6,2,JN.1.4.3,Omicron (BA.2-like),61.26383598320274,2024-04-06,1890737,JN.1.4.3,Omicron (BA.2-like),48.0,2024-04-19,1888753,JN.1.4.3,Omicron (BA.2-like),92.0,2024-03-06,1888942,JN.1.4.3,Omicron (BA.2-like),172.1725506278515,2023-12-17,1890737,JN.1.4.3,Omicron (BA.2-like),48.0,2024-04-19,1855174,JN.1,Omicron (BA.2-like),232.0060237451545,2023-10-18,False,0,4,2,False,6,0,,0,
1880087,SRR28166573,4,1,1,20848,21610,0,COVID-ARTIC-V5.0-5.3.2_400,.,2024-01-17,09fd6b62100e,2,JN.1,Omicron (BA.2-like),142.0,2024-01-16,1880086,JN.1,Omicron (BA.2-like),141.0,2024-01-17,1879633,JN.1,Omicron (BA.2-like),142.0000000001,2024-01-16,1873277,JN.1,Omicron (BA.2-like),231.06278941501063,2023-10-19,1880086,JN.1,Omicron (BA.2-like),141.0,2024-01-17,1855174,JN.1,Omicron (BA.2-like),232.0060237451545,2023-10-18,False,0,5,2,False,5,0,,0,
1880734,SRR28339263,2,1,1,21142,21610,1,COVID-ARTIC-V5.0-5.3.2_400,.,2024-01-19,0b1c73b37147,2,JN.1.39,Omicron (BA.2-like),149.0,2024-01-09,1880733,JN.1.39,Omicron (BA.2-like),139.0,2024-01-19,1877932,JN.1.39,Omicron (BA.2-like),149.0000000001,2024-01-09,1867859,JN.1,Omicron (BA.2-like),185.0,2023-12-04,1880733,JN.1.39,Omicron (BA.2-like),139.0,2024-01-19,1854760,JN.1,Omicron (BA.2-like),232.0060237452545,2023-10-28,False,1,11,2,False,6,0,,0,
1882041,SRR27936420,7,1,1,21142,21610,2,COVID-ARTIC-V4.1,.,2024-01-24,4d7a3057e70a,2,JN.1.4,Omicron (BA.2-like),137.00000000019998,2024-01-21,1882040,JN.1.4,Omicron (BA.2-like),134.0,2024-01-24,1881087,JN.1.4,Omicron (BA.2-like),137.00000000029996,2024-01-21,1867859,JN.1,Omicron (BA.2-like),185.0,2023-12-04,1882437,JN.1.4,Omicron (BA.2-like),137.0000000001,2024-01-21,1854760,JN.1,Omicron (BA.2-like),232.0060237452545,2023-10-28,False,1,12,3,False,7,0,,0,
1884338,SRR28043877,3,1,1,15238,21610,2,COVID-ARTIC-V4.1,.,2024-02-02,de47e4556091,2,JN.1.29,Omicron (BA.2-like),133.0000000001,2024-01-25,1884337,JN.1.29,Omicron (BA.2-like),125.0,2024-02-02,1879025,JN.1.29,Omicron (BA.2-like),145.0,2024-01-13,1882283,JN.1,Omicron (BA.2-like),133.00000000019998,2024-01-25,1884577,JN.1.29,Omicron (BA.2-like),133.0,2024-01-25,1855174,JN.1,Omicron (BA.2-like),232.0060237451545,2023-10-18,False,1,7,2,False,6,0,,0,
1884643,SRR28166608,3,1,1,18454,21610,0,COVID-ARTIC-V5.0-5.3.2_400,.,2024-02-04,ef851d0ece4b,2,JN.1.39.3,Omicron (BA.2-like),130.0,2024-01-28,1884642,JN.1.39.3,Omicron (BA.2-like),123.0,2024-02-04,1883147,JN.1.39.3,Omicron (BA.2-like),130.0000000001,2024-01-28,1882255,JN.1.4,Omicron (BA.2-like),133.0,2024-01-25,1887506,JN.1.39.3,Omicron (BA.2-like),126.2017876817883,2024-02-01,1855174,JN.1,Omicron (BA.2-like),232.0060237451545,2023-10-18,False,3,9,2,False,4,0,,0,
1877057,SRR27846521,3,1,1,20179,21610,2,COVID-ARTIC-V5.0-5.3.2_400,.,2024-01-04,f39b5c2f1970,2,JN.3,Omicron (BA.2-like),170.7701892589959,2023-12-19,1877056,JN.3,Omicron (BA.2-like),154.0,2024-01-04,1871949,JN.3,Omicron (BA.2-like),173.0,2023-12-16,1858915,JN.18,Omicron (BA.2-like),232.0060237445546,2023-10-18,1877056,JN.3,Omicron (BA.2-like),154.0,2024-01-04,1854738,BA.2.86.1,Omicron (BA.2-like),379.031941899035,2023-05-24,False,2,9,3,False,9,0,,0,
1875925,SRR27593399,1,1,1,20501,21610,3,COVID-ARTIC-V5.0-5.3.2_400,.,2023-12-29,b645683dad60,2,JN.1,Omicron (BA.2-like),162.32474439249344,2023-12-27,1875924,JN.1,Omicron (BA.2-like),160.0,2023-12-29,1875105,JN.1,Omicron (BA.2-like),163.0,2023-12-26,1858133,JN.1,Omicron (BA.2-like),232.00602374485456,2023-10-18,1875924,JN.1,Omicron (BA.2-like),160.0,2023-12-29,1855174,JN.1,Omicron (BA.2-like),232.0060237451545,2023-10-18,False,0,4,1,False,7,0,,0,
1873573,SRR27642405,4,1,1,21220,21610,3,COVID-ARTIC-V5.0-5.3.2_400,.,2023-12-20,c2fbdcd02c76,2,JN.1,Omicron (BA.2-like),186.10338111794977,2023-12-03,1873572,JN.1,Omicron (BA.2-like),169.0,2023-12-20,1866110,JN.1,Omicron (BA.2-like),190.0,2023-11-29,1858133,JN.1,Omicron (BA.2-like),232.00602374485456,2023-10-18,1877167,JN.1,Omicron (BA.2-like),182.01078288210573,2023-12-07,1855174,JN.1,Omicron (BA.2-like),232.0060237451545,2023-10-18,True,0,4,2,False,7,0,,0,
1874981,SRR27492217,4,1,1,11076,21610,3,COVID-ARTIC-V5.0-5.3.2_400,.,2023-12-26,6128bf5f229d,2,JN.1,Omicron (BA.2-like),215.875536378566,2023-11-04,1874980,JN.1,Omicron (BA.2-like),163.0,2023-12-26,1865775,JN.1,Omicron (BA.2-like),222.25991512407376,2023-10-28,1858133,JN.1,Omicron (BA.2-like),232.00602374485456,2023-10-18,1880769,JN.1,Omicron (BA.2-like),193.84337416442511,2023-11-26,1855174,JN.1,Omicron (BA.2-like),232.0060237451545,2023-10-18,False,0,5,2,False,7,0,,0,
1869900,ERR13076230,1,1,1,10772,21610,0,COVID-ARTIC-V5.0-5.3.2_400,.,2023-12-11,6890607bc9e0,2,JN.5,Omicron (BA.2-like),188.0613467250215,2023-12-01,1869899,JN.5,Omicron (BA.2-like),178.0,2023-12-11,1861684,JN.5,Omicron (BA.2-like),199.0,2023-11-20,1859539,JN.3,Omicron (BA.2-like),206.0,2023-11-13,1869899,JN.5,Omicron (BA.2-like),178.0,2023-12-11,1854738,BA.2.86.1,Omicron (BA.2-like),379.031941899035,2023-05-24,False,2,4,2,False,4,0,,0,
1879714,SRR28122046,1,1,1,18757,21610,3,COVID-ARTIC-V5.0-5.3.2_400,.,2024-01-16,b70b8f316f13,2,JN.1.4,Omicron (BA.2-like),145.26527467481534,2024-01-13,1879713,JN.1.4,Omicron (BA.2-like),142.0,2024-01-16,1876691,JN.1.4,Omicron (BA.2-like),156.0,2024-01-02,1875596,JN.1.45,Omicron (BA.2-like),162.0,2023-12-27,1879713,JN.1.4,Omicron (BA.2-like),142.0,2024-01-16,1855174,JN.1,Omicron (BA.2-like),232.0060237451545,2023-10-18,False,2,8,1,False,8,0,,0,
1880065,SRR28122184,4,1,1,20179,21610,1,COVID-ARTIC-V5.0-5.3.2_400,.,2024-01-17,3cd2cbd434c8,2,JN.1.1,Omicron (BA.2-like),146.0,2024-01-12,1880064,JN.1.1,Omicron (BA.2-like),141.0,2024-01-17,1878707,JN.1.1,Omicron (BA.2-like),146.0000000001,2024-01-12,1877038,JN.1,Omicron (BA.2-like),154.0,2024-01-04,1880064,JN.1.1,Omicron (BA.2-like),141.0,2024-01-17,1854737,JN.1,Omicron (BA.2-like),277.3437240397046,2023-09-03,False,1,10,2,False,5,0,,0,
1879726,SRR28122210,2,1,1,16330,21610,1,COVID-ARTIC-V5.0-5.3.2_400,.,2024-01-16,df89cad4b02e,2,JN.1.9,Omicron (BA.2-like),154.37362907833398,2024-01-04,1879725,JN.1.9,Omicron (BA.2-like),142.0,2024-01-16,1878018,JN.1.9,Omicron (BA.2-like),169.10355272741413,2023-12-20,1858920,JN.1.9,Omicron (BA.2-like),230.05116026779947,2023-10-20,1879725,JN.1.9,Omicron (BA.2-like),142.0,2024-01-16,1855174,JN.1,Omicron (BA.2-like),232.0060237451545,2023-10-18,False,0,4,1,False,5,0,,0,
1880004,SRR27852398,1,1,1,21142,21610,2,COVID-ARTIC-V4.1,.,2024-01-17,73edeb36ceb4,2,JN.1,Omicron (BA.2-like),147.38642532792113,2024-01-11,1880003,JN.1,Omicron (BA.2-like),141.0,2024-01-17,1874972,JN.1,Omicron (BA.2-like),163.0,2023-12-26,1867859,JN.1,Omicron (BA.2-like),185.0,2023-12-04,1880003,JN.1,Omicron (BA.2-like),141.0,2024-01-17,1854760,JN.1,Omicron (BA.2-like),232.0060237452545,2023-10-28,False,0,8,2,False,6,0,,0,
1884311,SRR28043644,2,1,1,20641,21610,3,COVID-ARTIC-V4.1,.,2024-02-02,b1f84c631dc3,2,JN.1.8.3,Omicron (BA.2-like),129.0000000001,2024-01-29,1884310,JN.1.8.3,Omicron (BA.2-like),125.0,2024-02-02,1883159,JN.1.8.3,Omicron (BA.2-like),129.00000000019998,2024-01-29,1880323,JN.1.4,Omicron (BA.2-like),140.0,2024-01-18,1884906,JN.1.8.3,Omicron (BA.2-like),129.0,2024-01-29,1855174,JN.1,Omicron (BA.2-like),232.0060237451545,2023-10-18,False,3,13,2,False,7,0,,0,
1881763,SRR27941198,2,1,1,14179,21610,1,COVID-ARTIC-V5.0-5.3.2_400,.,2024-01-23,e58598f1a25b,2,JN.1.1,Omicron (BA.2-like),146.15735631398343,2024-01-12,1881762,JN.1.1,Omicron (BA.2-like),135.0,2024-01-23,1873111,JN.1.1,Omicron (BA.2-like),170.0,2023-12-19,1867872,JN.1,Omicron (BA.2-like),185.0,2023-12-04,1881762,JN.1.1,Omicron (BA.2-like),135.0,2024-01-23,1854737,JN.1,Omicron (BA.2-like),277.3437240397046,2023-09-03,False,1,8,3,False,7,0,,0,
1890397,SRR28966126,1,1,1,21481,21610,3,COVID-MIDNIGHT-1200,.,2024-04-09,fce4e43496a3,2,JN.1,Omicron (BA.2-like),67.58038651811506,2024-03-31,1890396,JN.1,Omicron (BA.2-like),58.0,2024-04-09,1882114,JN.1,Omicron (BA.2-like),134.0,2024-01-24,1888559,JN.1,Omicron (BA.2-like),94.0,2024-03-04,1890396,JN.1,Omicron (BA.2-like),58.0,2024-04-09,1855174,JN.1,Omicron (BA.2-like),232.0060237451545,2023-10-18,False,0,8,1,False,8,0,,0,
1880717,SRR28166739,3,1,1,13721,21610,2,COVID-ARTIC-V5.0-5.3.2_400,.,2024-01-19,9ca038b3d872,2,JN.1.4,Omicron (BA.2-like),146.8533252535546,2024-01-12,1880716,JN.1.4,Omicron (BA.2-like),139.0,2024-01-19,1876401,JN.1.4,Omicron (BA.2-like),157.0,2024-01-01,1861958,JN.1.1,Omicron (BA.2-like),199.0,2023-11-20,1880716,JN.1.4,Omicron (BA.2-like),139.0,2024-01-19,1855174,JN.1,Omicron (BA.2-like),232.0060237451545,2023-10-18,False,2,9,1,False,6,0,,0,
1880428,SRR28122319,1,1,1,19270,21610,3,COVID-ARTIC-V5.0-5.3.2_400,.,2024-01-18,afb2455bffb2,2,JN.1.44,Omicron (BA.2-like),142.0749850957492,2024-01-16,1880427,JN.1.44,Omicron (BA.2-like),140.0,2024-01-18,1867288,JN.1.44,Omicron (BA.2-like),185.0,2023-12-04,1879280,JN.1.4,Omicron (BA.2-like),143.0,2024-01-15,1880427,JN.1.44,Omicron (BA.2-like),140.0,2024-01-18,1854737,JN.1,Omicron (BA.2-like),277.3437240397046,2023-09-03,False,2,8,2,False,9,0,,0,
1881295,SRR27869989,1,1,1,13194,21610,1,COVID-ARTIC-V4.1,.,2024-01-22,4f1e877479b6,2,JN.1.31,Omicron (BA.2-like),144.7755809417315,2024-01-14,1881294,JN.1.31,Omicron (BA.2-like),136.0,2024-01-22,1875229,JN.1.31,Omicron (BA.2-like),163.0,2023-12-26,1863733,JN.1.31,Omicron (BA.2-like),222.153684939782,2023-10-28,1881294,JN.1.31,Omicron (BA.2-like),136.0,2024-01-22,1855174,JN.1,Omicron (BA.2-like),232.0060237451545,2023-10-18,False,0,6,2,False,6,0,,0,
1885096,SRR28221863,2,1,1,11748,21610,3,COVID-ARTIC-V5.0-5.3.2_400,.,2024-02-06,fa4ba3682f2c,2,XDR,Omicron (BA.2-like),148.05376409446512,2024-01-10,1885095,XDR,Omicron (BA.2-like),121.0,2024-02-06,1883456,XDR,Omicron (BA.2-like),149.0,2024-01-09,1858133,JN.1,Omicron (BA.2-like),232.00602374485456,2023-10-18,1885095,XDR,Omicron (BA.2-like),121.0,2024-02-06,1854737,JN.1,Omicron (BA.2-like),277.3437240397046,2023-09-03,True,2,13,4,True,17,0,,0,
1884854,SRR28971693,2,1,1,14138,21610,2,COVID-ARTIC-V4.1,.,2024-02-05,4e8fb7da8387,2,JN.1.2,Omicron (BA.2-like),154.99741053764308,2024-01-04,1884853,JN.1.2,Omicron (BA.2-like),122.0,2024-02-05,1875595,JN.1.2,Omicron (BA.2-like),162.0,2023-12-27,1858390,JN.1.2,Omicron (BA.2-like),222.40009000070904,2023-10-28,1884853,JN.1.2,Omicron (BA.2-like),122.0,2024-02-05,1855174,JN.1,Omicron (BA.2-like),232.0060237451545,2023-10-18,False,0,4,2,False,6,0,,0,
1882636,SRR28965628,1,1,1,13722,21610,1,COVID-MIDNIGHT-1200,.,2024-01-26,fe780fbcc78a,2,JN.1.1,Omicron (BA.2-like),136.40490902682146,2024-01-22,1882635,JN.1.1,Omicron (BA.2-like),132.0,2024-01-26,1880046,JN.1.1,Omicron (BA.2-like),141.0,2024-01-17,1858133,JN.1,Omicron (BA.2-like),232.00602374485456,2023-10-18,1882635,JN.1.1,Omicron (BA.2-like),132.0,2024-01-26,1854737,JN.1,Omicron (BA.2-like),277.3437240397046,2023-09-03,False,1,6,1,False,5,0,,0,
1860522,SRR27367662,3,1,1,12816,21610,2,COVID-ARTIC-V5.0-5.3.2_400,.,2023-11-15,a6770d0b18f6,2,BA.2.86.3,Omicron (BA.2-like),231.6275403682888,2023-10-19,1860521,BA.2.86.3,Omicron (BA.2-like),204.0,2023-11-15,1857185,JQ.1,Omicron (BA.2-like),294.3618524787019,2023-08-17,1858915,JN.18,Omicron (BA.2-like),232.0060237445546,2023-10-18,1860521,BA.2.86.3,Omicron (BA.2-like),204.0,2023-11-15,1854738,BA.2.86.1,Omicron (BA.2-like),379.031941899035,2023-05-24,False,4,6,3,False,7,0,,0,
1870902,ERR13321759,2,1,1,14348,21610,3,COVID-ARTIC-V5.0-5.3.2_400,.,2023-12-13,62b1efb40c8d,2,LV.1,Omicron (BA.2-like),231.6558423097325,2023-10-19,1870901,LV.1,Omicron (BA.2-like),176.0,2023-12-13,1868087,LV.1,Omicron (BA.2-like),319.21186424782206,2023-07-23,1858915,JN.18,Omicron (BA.2-like),232.0060237445546,2023-10-18,1870901,LV.1,Omicron (BA.2-like),176.0,2023-12-13,1854738,BA.2.86.1,Omicron (BA.2-like),379.031941899035,2023-05-24,False,4,5,2,False,7,0,,0,
1869280,SRR27410241,6,1,1,12929,21610,1,COVID-ARTIC-V5.0-5.3.2_400,.,2023-12-09,7a0fcf0ec49e,2,JN.1.8,Omicron (BA.2-like),198.56553855102945,2023-11-21,1869279,JN.1.8,Omicron (BA.2-like),180.0,2023-12-09,1869009,JN.1.8,Omicron (BA.2-like),208.5259688357068,2023-11-11,1858133,JN.1,Omicron (BA.2-like),232.00602374485456,2023-10-18,1869279,JN.1.8,Omicron (BA.2-like),180.0,2023-12-09,1854737,JN.1,Omicron (BA.2-like),277.3437240397046,2023-09-03,False,1,3,4,False,5,0,,0,
1858234,ERR13321457,256,1,1,18895,21610,2,COVID-ARTIC-V5.0-5.3.2_400,.,2023-11-08,436d5a6feded,2,BA.2.86.1,Omicron (BA.2-like),232.00602374475457,2023-10-18,1858233,BA.2.86.1,Omicron (BA.2-like),211.0,2023-11-08,1855098,JN.18,Omicron (BA.2-like),329.36186930312664,2023-07-13,1858133,JN.1,Omicron (BA.2-like),232.00602374485456,2023-10-18,1858683,BA.2.86.1,Omicron (BA.2-like),232.00602374465456,2023-10-18,1854738,BA.2.86.1,Omicron (BA.2-like),379.031941899035,2023-05-24,False,2,4,2,False,6,0,,0,
1885293,SRR28145180,1,1,1,19809,21610,1,COVID-ARTIC-V4.1,.,2024-02-07,aba5d5473d78,2,JN.1.4.5,Omicron (BA.2-like),124.87505337549132,2024-02-03,1885292,JN.1.4.5,Omicron (BA.2-like),120.0,2024-02-07,1881828,JN.1.4.5,Omicron (BA.2-like),135.0,2024-01-23,1860492,JN.1.4.5,Omicron (BA.2-like),204.0,2023-11-15,1885292,JN.1.4.5,Omicron (BA.2-like),120.0,2024-02-07,1855174,JN.1,Omicron (BA.2-like),232.0060237451545,2023-10-18,False,0,4,2,False,5,0,,0,
1888026,SRR28498916,4,1,1,21124,21610,0,COVID-ARTIC-V5.0-5.3.2_400,.,2024-02-26,c545e64f1bf9,2,JN.1.4.6,Omicron (BA.2-like),144.17465179666152,2024-01-14,1888025,JN.1.4.6,Omicron (BA.2-like),101.0,2024-02-26,1887783,JN.1.4.6,Omicron (BA.2-like),152.83756434035257,2024-01-06,1874018,KV.2,Omicron (BA.2-like),207.00000000020003,2023-11-12,1890008,JN.1.4.6,Omicron (BA.2-like),122.61290638306276,2024-02-05,1855174,JN.1,Omicron (BA.2-like),232.0060237451545,2023-10-18,False,3,7,2,False,5,0,,0,
1887628,SRR28439076,1,1,1,20630,21610,3,COVID-ARTIC-V5.0-5.3.2_400,.,2024-02-22,62547d8d3df7,2,JN.1.1.3,Omicron (BA.2-like),111.61000721518766,2024-02-16,1887627,JN.1.1.3,Omicron (BA.2-like),105.0,2024-02-22,1881316,JN.1.1.3,Omicron (BA.2-like),136.0,2024-01-22,1877166,JN.1,Omicron (BA.2-like),159.0,2023-12-30,1887627,JN.1.1.3,Omicron (BA.2-like),105.0,2024-02-22,1854737,JN.1,Omicron (BA.2-like),277.3437240397046,2023-09-03,False,2,5,2,False,8,0,,0,
1885141,SRR28334876,21,1,1,5870,21610,1,COVID-ARTIC-V5.0-5.3.2_400,.,2024-02-06,6cfe99200d3a,2,XDK,Omicron (BA.2-like),127.0000000001,2024-01-31,1885140,XDK,Omicron (BA.2-like),121.0,2024-02-06,1883857,XDK,Omicron (BA.2-like),127.0000000002,2024-01-31,1864482,JN.1.1.1,Omicron (BA.2-like),231.1085017951038,2023-10-19,1888544,XDK,Omicron (BA.2-like),127.0,2024-01-31,1854737,JN.1,Omicron (BA.2-like),277.3437240397046,2023-09-03,True,1,8,3,False,9,0,,0,
1888982,ERR13322799,1,1,1,19807,21610,3,COVID-ARTIC-V5.0-5.3.2_400,.,2024-03-11,14bdaaba770a,2,JN.1.63,Omicron (BA.2-like),98.45174393465524,2024-02-29,1888981,JN.1.63,Omicron (BA.2-like),87.0,2024-03-11,1880987,JN.1.63,Omicron (BA.2-like),137.0,2024-01-21,1858133,JN.1,Omicron (BA.2-like),232.00602374485456,2023-10-18,1888981,JN.1.63,Omicron (BA.2-like),87.0,2024-03-11,1855174,JN.1,Omicron (BA.2-like),232.0060237451545,2023-10-18,False,1,5,2,False,8,0,,0,
1889289,SRR28814267,1,1,1,17105,21610,3,COVID-ARTIC-V5.0-5.3.2_400,.,2024-03-16,897748ee1620,2,JN.1.28.1,Omicron (BA.2-like),86.6959552143649,2024-03-12,1889288,JN.1.28.1,Omicron (BA.2-like),82.0,2024-03-16,1874773,JN.1.28.1,Omicron (BA.2-like),220.3549989650137,2023-10-30,1888448,JN.1.28,Omicron (BA.2-like),97.0,2024-03-01,1889288,JN.1.28.1,Omicron (BA.2-like),82.0,2024-03-16,1855174,JN.1,Omicron (BA.2-like),232.0060237451545,2023-10-18,False,1,4,3,False,7,0,,0,
1889354,SRR28993025,1,1,1,21143,21610,0,COVID-ARTIC-V5.0-5.3.2_400,.,2024-03-18,fe92f8386513,2,JN.1.22,Omicron (BA.2-like),83.5347532884431,2024-03-15,1889353,JN.1.22,Omicron (BA.2-like),80.0,2024-03-18,1888994,JN.1.22,Omicron (BA.2-like),87.0,2024-03-11,1880154,JN.1.18,Omicron (BA.2-like),231.43820705975256,2023-10-19,1889353,JN.1.22,Omicron (BA.2-like),80.0,2024-03-18,1855174,JN.1,Omicron (BA.2-like),232.0060237451545,2023-10-18,False,2,9,2,False,7,0,,0,
1888578,SRR28498887,1,1,1,21142,21610,0,COVID-ARTIC-V5.0-5.3.2_400,.,2024-03-04,5789ddeffe54,2,JN.1.1,Omicron (BA.2-like),112.67659854979,2024-02-15,1888577,JN.1.1,Omicron (BA.2-like),94.0,2024-03-04,1886482,JN.1.1,Omicron (BA.2-like),131.64052070472826,2024-01-27,1867859,JN.1,Omicron (BA.2-like),185.0,2023-12-04,1888577,JN.1.1,Omicron (BA.2-like),94.0,2024-03-04,1854760,JN.1,Omicron (BA.2-like),232.0060237452545,2023-10-28,False,1,11,2,False,4,0,,0,
1889453,SRR28618890,1,1,1,18757,21610,3,COVID-ARTIC-V5.0-5.3.2_400,.,2024-03-20,fd2bb89d63c5,2,JN.1.45,Omicron (BA.2-like),82.30228542000535,2024-03-16,1889452,JN.1.45,Omicron (BA.2-like),78.0,2024-03-20,1888494,JN.1.45,Omicron (BA.2-like),96.0,2024-03-02,1858133,JN.1,Omicron (BA.2-like),232.00602374485456,2023-10-18,1889452,JN.1.45,Omicron (BA.2-like),78.0,2024-03-20,1855174,JN.1,Omicron (BA.2-like),232.0060237451545,2023-10-18,False,1,6,1,False,8,0,,0,
1889527,SRR28618830,1,1,1,8306,21610,1,COVID-ARTIC-V5.0-5.3.2_400,.,2024-03-21,3304be3d6e0d,2,JN.1,Omicron (BA.2-like),118.08492457493682,2024-02-09,1889526,JN.1,Omicron (BA.2-like),77.0,2024-03-21,1876423,JN.1,Omicron (BA.2-like),211.812776167664,2023-11-08,1858133,JN.1,Omicron (BA.2-like),232.00602374485456,2023-10-18,1889526,JN.1,Omicron (BA.2-like),77.0,2024-03-21,1855174,JN.1,Omicron (BA.2-like),232.0060237451545,2023-10-18,False,0,5,2,False,6,0,,0,
1886236,SRR28347182,1,1,1,18454,21610,0,COVID-ARTIC-V5.0-5.3.2_400,.,2024-02-12,6108ffa47e03,2,JN.1.4,Omicron (BA.2-like),121.0404582464963,2024-02-06,1886235,JN.1.4,Omicron (BA.2-like),115.0,2024-02-12,1885174,JN.1.4,Omicron (BA.2-like),177.6406497055762,2023-12-12,1883842,JN.1.4,Omicron (BA.2-like),127.0,2024-01-31,1886235,JN.1.4,Omicron (BA.2-like),115.0,2024-02-12,1855174,JN.1,Omicron (BA.2-like),232.0060237451545,2023-10-18,False,0,6,2,False,4,0,,0,
1890319,SRR28773468,1,1,1,21611,21612,1,COVID-ARTIC-V5.0-5.3.2_400,.,2024-04-07,cf7cef18710c,2,JN.1.18,Omicron (BA.2-like),68.38178561957305,2024-03-30,1890318,JN.1.18,Omicron (BA.2-like),60.0,2024-04-07,1889539,JN.1.18,Omicron (BA.2-like),77.0,2024-03-21,1880154,JN.1.18,Omicron (BA.2-like),231.43820705975256,2023-10-19,1890318,JN.1.18,Omicron (BA.2-like),60.0,2024-04-07,1854737,JN.1,Omicron (BA.2-like),277.3437240397046,2023-09-03,False,0,7,1,False,8,0,,0,
354522,SRR16008981,1,1,1,17058,21614,2,COVID-ARTIC-V3,.,2021-07-06,2da3d1c16706,2,B.1.351,Beta (B.1.351-like),1079.3025733292327,2021-06-23,354521,B.1.351,Beta (B.1.351-like),1066.0,2021-07-06,314899,B.1.351,Beta (B.1.351-like),1095.0,2021-06-07,296597,B.1.351,Beta (B.1.351-like),1114.0,2021-05-19,354521,B.1.351,Beta (B.1.351-like),1066.0,2021-07-06,55812,B.1.351,Beta (B.1.351-like),1385.652875034949,2020-08-21,False,0,7,8,True,9,0,,0,
1178986,SRR18814882,52,1,1,20056,21618,1,COVID-ARTIC-V4.1,.,2022-01-29,31d87451fcbe,2,XM,Omicron (Unassigned),881.0000000001,2022-01-07,1178985,XM,Omicron (Unassigned),859.0,2022-01-29,1090431,BA.1.1,Omicron (BA.1-like),881.0000000002001,2022-01-07,871726,BA.2,Omicron (BA.2-like),961.3848488132328,2021-10-19,1310988,XM,Omicron (Unassigned),881.0,2022-01-07,871728,B.1.1.529,Omicron (Unassigned),1333.8575128682105,2020-10-12,True,3,25,23,True,9,0,,1,MNM3
1329297,ERR12926785,3,2,1,20056,21618,2,COVID-ARTIC-V3,.,2022-03-06,6ed0693754f7,3,BA.2,Omicron (Unassigned),843.4988722434857,2022-02-14,1329295,BA.2,Omicron (Unassigned),823.0,2022-03-06,1303249,BA.3.1,Omicron (BA.3-like),907.2743584415598,2021-12-12,1158945,BA.2,Omicron (BA.2-like),897.0,2021-12-22,1329295,BA.2,Omicron (Unassigned),823.0,2022-03-06,871727,BA.2,Omicron (BA.3-like),1171.5918998290797,2021-03-23,True,3,13,17,True,16,0,,1,MNM3
1237406,SRR21327598,3,1,1,20056,21618,2,COVID-ARTIC-V4.1,.,2022-02-09,645e3b164e65,2,BA.2,Omicron (Unassigned),861.368279337566,2022-01-27,1237405,BA.2,Omicron (Unassigned),848.0,2022-02-09,954419,BA.1,Omicron (BA.1-like),943.5874032165988,2021-11-06,1086165,BA.2.10.1,Omicron (BA.2-like),883.0000000001,2022-01-05,1237405,BA.2,Omicron (Unassigned),848.0,2022-02-09,871728,B.1.1.529,Omicron (Unassigned),1333.8575128682105,2020-10-12,True,4,26,20,True,6,0,,1,MNM3
1369139,ERR9417928,1,1,1,20056,21618,3,COVID-ARTIC-V4.1,4.1alt,2022-03-18,93e01394b284,2,BA.2,Omicron (Unassigned),820.5316698959535,2022-03-09,1369138,BA.2,Omicron (Unassigned),811.0,2022-03-18,1258383,BA.1.15,Omicron (BA.1-like),843.0,2022-02-14,1264164,BA.2,Omicron (BA.2-like),842.0,2022-02-15,1369138,BA.2,Omicron (Unassigned),811.0,2022-03-18,871728,B.1.1.529,Omicron (Unassigned),1333.8575128682105,2020-10-12,True,3,28,23,True,9,0,,1,MNM3
1358449,ERR9380129,1,1,1,20056,21618,1,COVID-ARTIC-V4.1,4.1alt,2022-03-15,75979963988a,2,BA.2,Omicron (Unassigned),825.8455921036079,2022-03-04,1358448,BA.2,Omicron (Unassigned),814.0,2022-03-15,1274364,BA.2,Omicron (BA.2-like),839.0000000001,2022-02-18,1206977,BA.1.1.15,Omicron (BA.1-like),878.0,2022-01-10,1358448,BA.2,Omicron (Unassigned),814.0,2022-03-15,871728,B.1.1.529,Omicron (Unassigned),1333.8575128682105,2020-10-12,True,4,28,25,True,7,0,,0,
1414769,ERR9583535,6,2,1,20056,21618,2,COVID-ARTIC-V4.1,4.1alt,2022-04-02,e4b50fb863da,3,BA.2,Omicron (Unassigned),825.4711089105593,2022-03-04,1414767,BA.2,Omicron (Unassigned),796.0,2022-04-02,1067272,BA.1,Omicron (BA.1-like),890.0000000001,2021-12-29,1316476,BA.2.9,Omicron (BA.2-like),830.0,2022-02-27,1419772,BA.2,Omicron (Unassigned),825.4711089104593,2022-03-04,871728,B.1.1.529,Omicron (Unassigned),1333.8575128682105,2020-10-12,True,3,26,24,True,7,0,,1,MNM3
1876313,ERR12481653,12,1,1,21619,21620,1,COVID-ARTIC-V4.1,.,2024-01-01,beb83e235002,2,JN.1,Omicron (BA.2-like),176.0000000001,2023-12-13,1876312,JN.1.39,Omicron (BA.2-like),157.0,2024-01-01,1870914,JN.1,Omicron (BA.2-like),176.00000000019998,2023-12-13,1874013,JN.1,Omicron (BA.2-like),222.1776218172688,2023-10-28,1877401,JN.1,Omicron (BA.2-like),176.0,2023-12-13,1855174,JN.1,Omicron (BA.2-like),232.0060237451545,2023-10-18,False,0,3,2,False,8,0,,0,
1101825,ERR12897600,1,1,1,20419,21621,0,COVID-ARTIC-V3,.,2022-01-11,eeaf18254b5e,2,BA.1,Omicron (BA.1-like),890.0,2021-12-29,1101824,BA.1,Omicron (BA.1-like),877.0,2022-01-11,1066001,BA.1,Omicron (BA.1-like),891.0,2021-12-28,1093897,BA.1,Omicron (BA.1-like),890.0000000001,2021-12-29,1101824,BA.1,Omicron (BA.1-like),877.0,2022-01-11,871714,BA.1,Omicron (BA.1-like),1011.137026065978,2021-08-30,False,0,5,8,True,5,0,,0,
1888974,ERR13189056,1,1,1,21624,21625,3,COVID-ARTIC-V5.0-5.3.2_400,.,2024-03-11,b704e179350d,2,JN.1.4.5,Omicron (BA.2-like),104.58471268612756,2024-02-23,1888973,JN.1.4.5,Omicron (BA.2-like),87.0,2024-03-11,1869744,JN.1.4,Omicron (BA.2-like),178.0000000001,2023-12-11,1864255,JN.1.4.5,Omicron (BA.2-like),192.0,2023-11-27,1888973,JN.1.4.5,Omicron (BA.2-like),87.0,2024-03-11,1855174,JN.1,Omicron (BA.2-like),232.0060237451545,2023-10-18,False,1,4,5,True,10,0,,0,
1884610,SRR28043803,1,1,1,21624,21625,2,COVID-ARTIC-V4.1,.,2024-02-04,7f388730e48c,2,JN.1,Omicron (BA.2-like),129.16117792435182,2024-01-29,1884609,JN.1,Omicron (BA.2-like),123.0,2024-02-04,1860376,JN.1,Omicron (BA.2-like),204.0,2023-11-15,1856325,JN.1,Omicron (BA.2-like),217.0,2023-11-02,1884609,JN.1,Omicron (BA.2-like),123.0,2024-02-04,1854736,JN.1,Omicron (BA.2-like),261.6149661981357,2023-09-19,False,0,2,4,False,8,0,,0,
1171397,SRR20359700,3,1,1,21596,21646,3,COVID-ARTIC-V4.1,.,2022-01-27,9b15d92c804b,2,BA.1.1,Omicron (BA.1-like),869.0000000001,2022-01-19,1171396,BA.1.1,Omicron (BA.1-like),861.0,2022-01-27,1132683,BA.1.1,Omicron (BA.1-like),869.0000000002001,2022-01-19,1099120,BA.1.1,Omicron (BA.1-like),877.0000000001,2022-01-11,1206806,BA.1.1,Omicron (BA.1-like),869.0,2022-01-19,871714,BA.1,Omicron (BA.1-like),1011.137026065978,2021-08-30,False,0,5,4,True,7,0,,0,
1540827,ERR13127774,1,1,1,18304,21646,1,COVID-ARTIC-V3,.,2022-06-27,6cadb1c76ac3,2,BA.5.1.4,Omicron (BA.5-like),720.6198301253603,2022-06-17,1540826,BA.5.1.4,Omicron (BA.5-like),710.0,2022-06-27,1510488,BA.5.1.4,Omicron (BA.5-like),731.0000000001,2022-06-06,1507571,BA.5.2,Omicron (BA.5-like),782.0,2022-04-16,1540826,BA.5.1.4,Omicron (BA.5-like),710.0,2022-06-27,1428716,BA.5,Omicron (BA.5-like),828.0000007252249,2022-03-01,True,3,8,4,True,5,0,,0,
412029,ERR6452783,1,1,1,16076,21648,0,COVID-ARTIC-V3,3,2021-07-29,af8d0687fe15,2,B.1.617.2,Delta (B.1.617.2-like),1064.7255621273853,2021-07-08,412028,B.1.617.2,Delta (B.1.617.2-like),1043.0,2021-07-29,318718,AY.5,Delta (B.1.617.2-like),1091.0000000001,2021-06-11,363293,AY.4,Delta (AY.4-like),1112.0,2021-05-21,412028,B.1.617.2,Delta (B.1.617.2-like),1043.0,2021-07-29,167127,B.1.617.2,Delta (B.1.617.2-like),1268.2440285999382,2020-12-16,False,2,5,4,True,4,0,,0,
283854,SRR16729550,4,1,1,21659,21707,2,COVID-ARTIC-V3,.,2021-05-07,b8b2d8e96e5c,2,B.1.526,Iota (B.1.526-like),1139.2360430477158,2021-04-24,283853,B.1.526,Iota (B.1.526-like),1126.0,2021-05-07,241945,B.1.526,Iota (B.1.526-like),1158.0,2021-04-05,243808,B.1.526,Iota (B.1.526-like),1157.0,2021-04-06,283853,B.1.526,Iota (B.1.526-like),1126.0,2021-05-07,151400,B.1.526,.,1486.8001538165572,2020-05-12,False,0,15,11,True,13,0,,0,
681814,ERR7092306,8,2,1,20759,21714,1,COVID-ARTIC-V3,3,2021-10-05,b7133ee21dd7,3,AY.120,Delta (B.1.617.2-like),981.0,2021-09-29,681812,AY.120,Delta (B.1.617.2-like),975.0,2021-10-05,463007,AY.120,Delta (B.1.617.2-like),1030.0000000001,2021-08-11,660997,AY.4,Delta (AY.4-like),981.0000000001,2021-09-29,681812,AY.120,Delta (B.1.617.2-like),975.0,2021-10-05,167126,B.1.617.2,Delta (B.1.617.2-like),1266.016653633328,2020-12-18,False,2,6,5,True,6,0,,0,
1834477,SRR28099676,7,1,1,18493,21718,3,COVID-ARTIC-V5.0-5.3.2_400,.,2023-08-24,097832500fda,2,XCZ,Omicron (XBB.1-like),323.4608288059192,2023-07-19,1834476,XCZ,Omicron (XBB.1-like),287.0,2023-08-24,1820818,EG.5.1.1,Omicron (XBB.1-like),434.0000000002001,2023-03-30,1831720,GK.1.1,Omicron (XBB.1.5-like),488.14321916480367,2023-02-04,1834476,XCZ,Omicron (XBB.1-like),287.0,2023-08-24,1675918,XBB.1,Omicron (XBB.1-like),695.2997348629449,2022-07-12,True,9,13,16,True,16,0,,0,
1835228,SRR26084897,1,1,1,20545,21718,2,COVID-ARTIC-V4.1,.,2023-08-27,d2c736f92be3,2,GJ.1.2,Omicron (XBB.1-like),303.24476958735283,2023-08-08,1835227,GJ.1.2,Omicron (XBB.1-like),284.0,2023-08-27,1834088,GJ.1.2,Omicron (XBB-like),330.8903053735096,2023-07-12,1831111,EG.5.1,Omicron (XBB.1-like),423.2580040286797,2023-04-10,1835227,GJ.1.2,Omicron (XBB.1-like),284.0,2023-08-27,1673437,XBB,Omicron (XBB-like),747.5583239157871,2022-05-21,True,10,18,10,True,13,0,,0,
1766147,SRR23707985,1,1,1,20276,21721,3,COVID-ARTIC-V4.1,.,2023-02-12,f6038ba47bc1,2,EE.1,Omicron (BA.5-like),483.0,2023-02-09,1766146,EE.1,Omicron (BA.5-like),480.0,2023-02-12,1749050,BQ.1.27,Omicron (BA.5-like),637.2169674753873,2022-09-08,1763721,EE.1,Omicron (BA.5-like),483.0000000001,2023-02-09,1766146,EE.1,Omicron (BA.5-like),480.0,2023-02-12,1627492,BQ.1,Omicron (BA.5-like),727.9194944742254,2022-06-10,False,4,5,8,True,7,0,,0,
1672735,ERR10380693,1,1,1,15685,21721,2,COVID-ARTIC-V4.1,4.1alt,2022-09-29,5eb281bd4bbe,2,BA.5.1.30,Omicron (BA.5-like),642.8138194113457,2022-09-03,1672734,BA.5.1.30,Omicron (BA.5-like),616.0,2022-09-29,1493597,BG.5,Omicron (BA.2-like),782.0,2022-04-16,1527728,BA.5.1,Omicron (BA.5-like),720.0,2022-06-17,1672734,BA.5.1.30,Omicron (BA.5-like),616.0,2022-09-29,871726,BA.2,Omicron (BA.2-like),961.3848488132328,2021-10-19,True,6,7,17,True,6,0,,0,
1550839,ERR9934875,2,1,1,16093,21721,1,COVID-ARTIC-V4.1,4.1alt,2022-07-04,d1808f681307,2,BA.5.1,Omicron (BA.5-like),711.0146555994569,2022-06-26,1550838,BA.5.1,Omicron (BA.5-like),703.0,2022-07-04,1419320,BA.2.12.1,Omicron (BA.2-like),812.0000000001,2022-03-17,1522145,BA.5.1,Omicron (BA.5-like),724.0,2022-06-13,1550838,BA.5.1,Omicron (BA.5-like),703.0,2022-07-04,871726,BA.2,Omicron (BA.2-like),961.3848488132328,2021-10-19,True,5,11,18,True,11,0,,0,
1589707,SRR21042659,2,1,1,15010,21721,1,COVID-ARTIC-V4.1,.,2022-07-24,7f6999dcf55f,2,BA.2.12.1,Omicron (BA.2-like),694.2403608940876,2022-07-13,1589706,BA.2.12.1,Omicron (BA.2-like),683.0,2022-07-24,1552437,BA.5.1.3,Omicron (BA.5-like),702.0,2022-07-05,1525045,BA.2.12.1,Omicron (BA.2-like),722.0,2022-06-15,1589706,BA.2.12.1,Omicron (BA.2-like),683.0,2022-07-24,871726,BA.2,Omicron (BA.2-like),961.3848488132328,2021-10-19,True,6,5,18,True,6,0,,1,MNM3
1510202,SRR19942335,1,1,1,15010,21721,2,COVID-ARTIC-V4.1,.,2022-06-05,12203c89499a,2,BA.2,Omicron (BA.2-like),750.1941951439702,2022-05-18,1510201,BA.2,Omicron (BA.2-like),732.0,2022-06-05,1397581,BA.2.12.1,Omicron (BA.2-like),849.5079978770666,2022-02-08,1367248,BA.2,Omicron (BA.2-like),812.0,2022-03-17,1510201,BA.2,Omicron (BA.2-like),732.0,2022-06-05,965896,BA.2.5,Omicron (BA.2-like),961.3848488131327,2021-10-19,True,2,4,6,True,6,0,,0,
1522660,SRR19920005,1,1,1,18789,21721,1,COVID-ARTIC-V4.1,.,2022-06-13,8d4807b64cd0,2,BA.2.12.1,Omicron (BA.2-like),745.8672454485692,2022-05-23,1522659,BA.2.12.1,Omicron (BA.2-like),724.0,2022-06-13,1463181,BE.1,Omicron (BA.5-like),828.0000005501697,2022-03-01,1473406,BA.2.12.1,Omicron (BA.2-like),771.0000000001,2022-04-27,1522659,BA.2.12.1,Omicron (BA.2-like),724.0,2022-06-13,871726,BA.2,Omicron (BA.2-like),961.3848488132328,2021-10-19,True,7,9,15,True,6,0,,1,MNM3
1428241,SRR20537517,1,1,1,15010,21721,2,COVID-ARTIC-V4.1,.,2022-04-09,791ba308fbc7,2,BA.2.12.1,Omicron (BA.2-like),795.0,2022-04-03,1428240,BA.2.12.1,Omicron (BA.2-like),789.0,2022-04-09,1376294,BA.2,Omicron (BA.2-like),809.0000000001,2022-03-20,1416689,BA.2.12.1,Omicron (BA.2-like),795.0000000001,2022-04-03,1428240,BA.2.12.1,Omicron (BA.2-like),789.0,2022-04-09,965896,BA.2.5,Omicron (BA.2-like),961.3848488131327,2021-10-19,False,2,4,8,True,6,0,,1,MNM2
1560119,SRR21572245,2,1,1,17635,21721,1,COVID-ARTIC-V4.1,.,2022-07-08,b805828930be,2,BA.5.1,Omicron (BA.5-like),711.8130144199329,2022-06-26,1560118,BA.5.1,Omicron (BA.5-like),699.0,2022-07-08,1413175,BA.2.12.1,Omicron (BA.2-like),797.0,2022-04-01,1528242,BA.5.1,Omicron (BA.5-like),720.0,2022-06-17,1560118,BA.5.1,Omicron (BA.5-like),699.0,2022-07-08,871726,BA.2,Omicron (BA.2-like),961.3848488132328,2021-10-19,True,5,6,15,True,5,0,,0,
1508253,SRR19941578,1,1,1,15010,21721,0,COVID-ARTIC-V4.1,.,2022-06-03,93eaad990d20,2,BA.2.12.1,Omicron (BA.2-like),769.0056518501634,2022-04-29,1508252,BA.2.12.1,Omicron (BA.2-like),734.0,2022-06-03,1379477,BA.2,Omicron (BA.2-like),808.0000000001,2022-03-21,1319942,BA.2.12.1,Omicron (BA.2-like),864.6929520167355,2022-01-24,1508252,BA.2.12.1,Omicron (BA.2-like),734.0,2022-06-03,965896,BA.2.5,Omicron (BA.2-like),961.3848488131327,2021-10-19,True,2,7,5,True,5,0,,0,
1124270,ERR8142475,1,1,1,21619,21762,2,COVID-ARTIC-V4.1,4.1alt,2022-01-18,f86f2493de36,2,BA.1,Omicron (Unassigned),881.8750902647578,2022-01-07,1124269,BA.1,Omicron (Unassigned),870.0,2022-01-18,976253,AY.4,Delta (AY.4-like),915.0,2021-12-04,1034725,BA.1,Omicron (BA.1-like),902.0000000003,2021-12-17,1124269,BA.1,Omicron (Unassigned),870.0,2022-01-18,68,B.1,.,1591.6612163418586,2020-01-28,True,6,27,56,True,27,0,,1,mnS3
1357484,SRR18775874,1,1,1,21619,21762,1,COVID-ARTIC-V4.1,.,2022-03-14,62078f8d7987,2,XM,Omicron (Unassigned),832.5811883589796,2022-02-25,1357483,XM,Omicron (Unassigned),815.0,2022-03-14,1050087,BA.1.1,Omicron (BA.1-like),897.0000000002001,2021-12-22,1195904,BA.2,Omicron (BA.2-like),855.0,2022-02-02,1357483,XM,Omicron (Unassigned),815.0,2022-03-14,871728,B.1.1.529,Omicron (Unassigned),1333.8575128682105,2020-10-12,True,3,29,21,True,5,0,,1,MNM3
808705,SRR20233571,1,1,1,19873,21762,3,COVID-AMPLISEQ-V1,.,2021-11-02,09d0e8c6d3a2,2,AY.117,Delta (B.1.617.2-like),959.7584673055644,2021-10-21,808704,AY.117,Delta (B.1.617.2-like),947.0,2021-11-02,686865,AY.117,Delta (B.1.617.2-like),974.0000000001,2021-10-06,751864,AY.4,Delta (AY.4-like),1000.8526644440678,2021-09-10,808704,AY.117,Delta (B.1.617.2-like),947.0,2021-11-02,167126,B.1.617.2,Delta (B.1.617.2-like),1266.016653633328,2020-12-18,False,2,16,0,False,8,0,,0,
1698566,ERR10481476,1,1,1,20236,21765,2,COVID-ARTIC-V4.1,4.1alt,2022-10-28,65b457dadc8f,2,BA.2,Omicron (BA.2-like),597.8309577819447,2022-10-18,1698565,BA.2,Omicron (BA.2-like),587.0,2022-10-28,1658164,BQ.1.10,Omicron (BA.5-like),630.0000000004002,2022-09-15,1689257,BN.1.3.8,Omicron (BA.2-like),630.0000000001,2022-09-15,1698565,BA.2,Omicron (BA.2-like),587.0,2022-10-28,871726,BA.2,Omicron (BA.2-like),961.3848488132328,2021-10-19,True,14,18,28,True,20,0,,1,MNM3
1758224,ERR10921923,6,1,1,20742,21765,3,COVID-ARTIC-V4.1,.,2023-02-02,ef73940c5b9a,2,BA.2,Omicron (BA.2-like),495.914455286258,2023-01-28,1758223,BA.2,Omicron (BA.2-like),490.0,2023-02-02,1701519,BQ.1.1.29,Omicron (BA.5-like),583.0,2022-11-01,1739087,CH.1.1.1,Omicron (BA.2-like),519.0,2023-01-04,1758223,BA.2,Omicron (BA.2-like),490.0,2023-02-02,871726,BA.2,Omicron (BA.2-like),961.3848488132328,2021-10-19,True,18,24,24,True,28,0,,1,MNM3
1631461,ERR10150337,1,1,1,18556,21765,1,COVID-ARTIC-V4.1,.,2022-08-23,63319f06cbf2,2,BA.5.1,Omicron (BA.5-like),666.16228617091,2022-08-10,1631460,BA.5.1,Omicron (BA.5-like),653.0,2022-08-23,1497104,BA.2,Omicron (BA.2-like),773.1737936165447,2022-04-25,1596994,BA.5.1,Omicron (BA.5-like),679.0,2022-07-28,1631460,BA.5.1,Omicron (BA.5-like),653.0,2022-08-23,871726,BA.2,Omicron (BA.2-like),961.3848488132328,2021-10-19,False,3,8,12,True,6,0,,0,
132996,ERR5308556,39,1,1,21256,21765,0,COVID-ARTIC-V3,3,2021-01-30,a84217a3955e,2,XA,.,1230.0,2021-01-23,132995,XA,.,1223.0,2021-01-30,120557,B.1.177.18,.,1230.0000000001,2021-01-23,108722,B.1.1.7,Alpha (B.1.1.7-like),1240.0000000002,2021-01-13,199532,XA,.,1229.05879704441,2021-01-24,68,B.1,.,1591.6612163418586,2020-01-28,True,4,20,26,True,19,0,,1,mnS3
1521441,ERR11853959,1,1,1,13860,21765,0,COVID-VARSKIP-V1a-2b,.,2022-06-12,06658281e290,2,BA.5,Omicron (BA.5-like),743.8869512127142,2022-05-25,1521440,BA.5,Omicron (BA.5-like),725.0,2022-06-12,1471036,BA.2.45,Omicron (BA.2-like),764.0,2022-05-04,1461988,BA.5.3.1,Omicron (BA.5-like),828.0000006902145,2022-03-01,1521440,BA.5,Omicron (BA.5-like),725.0,2022-06-12,871726,BA.2,Omicron (BA.2-like),961.3848488132328,2021-10-19,True,5,6,16,True,6,0,,0,
1719442,ERR10707721,4,1,1,19327,21765,3,COVID-ARTIC-V4.1,4.1alt,2022-12-07,e4574adc4db9,2,XBV,Omicron (XBB.1-like),569.7318316001699,2022-11-15,1719441,XBV,Omicron (XBB.1-like),547.0000000001,2022-12-07,1708094,CR.1.3,Omicron (BA.5-like),621.9692453864255,2022-09-24,1675918,XBB.1,Omicron (XBB.1-like),695.2997348629449,2022-07-12,1719441,XBV,Omicron (XBB.1-like),547.0000000001,2022-12-07,871726,BA.2,Omicron (BA.2-like),961.3848488132328,2021-10-19,True,11,14,25,True,17,0,,1,MNM3
1759556,ERR10976952,1,1,1,18584,21765,2,COVID-ARTIC-V4.1,.,2023-02-05,2c169eae7299,2,BA.2,Omicron (BA.2-like),507.3887209149041,2023-01-16,1759555,BA.2,Omicron (BA.2-like),487.0,2023-02-05,1732037,BQ.1.1.40,Omicron (BA.5-like),577.2822790809663,2022-11-07,1685723,CV.1,Omicron (BA.2-like),674.4252125078675,2022-08-02,1759555,BA.2,Omicron (BA.2-like),487.0,2023-02-05,871726,BA.2,Omicron (BA.2-like),961.3848488132328,2021-10-19,True,16,22,23,True,11,0,,1,MNM3
1556477,SRR21198605,2,1,1,15281,21765,2,COVID-ARTIC-V4.1,.,2022-07-06,51e59002330b,2,BA.2,Omicron (BA.2-like),717.950217168646,2022-06-20,1556476,BA.2,Omicron (BA.2-like),701.0,2022-07-06,1446727,BA.2.12.1,Omicron (BA.2-like),779.0000000001,2022-04-19,1541254,BA.4,Omicron (BA.5-like),744.2246925181294,2022-05-24,1556476,BA.2,Omicron (BA.2-like),701.0,2022-07-06,871726,BA.2,Omicron (BA.2-like),961.3848488132328,2021-10-19,True,4,8,7,True,8,0,,0,
1241565,SRR20903686,2,1,1,21765,21766,0,COVID-ARTIC-V4.1,.,2022-02-10,9ba8e17234ad,2,BA.1.1,Omicron (BA.1-like),850.0,2022-02-07,1241564,BA.1.1,Omicron (BA.1-like),847.0,2022-02-10,1225489,BA.1.1,Omicron (BA.1-like),850.0000000001,2022-02-07,1215708,BA.1.1,Omicron (BA.1-like),852.0,2022-02-05,1241564,BA.1.1,Omicron (BA.1-like),847.0,2022-02-10,871714,BA.1,Omicron (BA.1-like),1011.137026065978,2021-08-30,False,0,7,3,False,4,0,,0,
1585668,SRR21000324,1,1,1,20605,21789,2,COVID-ARTIC-V4.1,.,2022-07-22,977ff758b53b,2,BA.4,Omicron (BA.4-like),702.6014042753006,2022-07-05,1585667,BA.4,Omicron (BA.4-like),685.0,2022-07-22,1469291,BA.5.5,Omicron (BA.5-like),765.0000000001,2022-05-03,1480768,BA.4.6,Omicron (BA.4-like),765.0000000002001,2022-05-03,1585667,BA.4,Omicron (BA.4-like),685.0,2022-07-22,871725,BA.4,Omicron (BA.4-like),881.0000000002001,2022-01-07,True,4,7,12,True,7,0,,1,MNM3
1533504,SRR20947065,3,1,1,11783,21789,0,COVID-ARTIC-V4.1,.,2022-06-21,453ba0743abd,2,BA.5,Omicron (BA.5-like),737.5862499161626,2022-05-31,1533503,BA.5,Omicron (BA.5-like),716.0,2022-06-21,1499047,BA.5.5,Omicron (BA.5-like),752.0000000001,2022-05-16,1509478,BA.5.2.1,Omicron (BA.5-like),779.0445663001851,2022-04-19,1533503,BA.5,Omicron (BA.5-like),716.0,2022-06-21,1428716,BA.5,Omicron (BA.5-like),828.0000007252249,2022-03-01,False,3,5,6,True,5,0,,0,
1194579,SRR19831183,1,1,1,20731,21800,1,COVID-AMPLISEQ-V1,.,2022-02-01,0cf1141b6d38,2,BA.1.14.1,Omicron (BA.1-like),860.0,2022-01-28,1194578,BA.1.14.1,Omicron (BA.1-like),856.0,2022-02-01,1099845,BA.1.14.1,Omicron (BA.1-like),877.0,2022-01-11,1175134,BA.1.17,Omicron (BA.1-like),860.0000000001,2022-01-28,1194578,BA.1.14.1,Omicron (BA.1-like),856.0,2022-02-01,871714,BA.1,Omicron (BA.1-like),1011.137026065978,2021-08-30,False,3,5,5,True,5,0,,0,
1755640,ERR10931828,1,1,1,19887,21811,3,COVID-ARTIC-V4.1,4.1alt,2023-01-29,efa2dbff2716,2,CH.1.1,Omicron (BA.2-like),500.5166553818156,2023-01-23,1755639,CH.1.1,Omicron (BA.2-like),494.0,2023-01-29,1745710,CH.1.1.1,Omicron (BA.2-like),511.0,2023-01-12,1680901,CH.1.1,Omicron (BA.2-like),652.7447465182772,2022-08-24,1755639,CH.1.1,Omicron (BA.2-like),494.0,2023-01-29,1677112,CH.1.1,Omicron (BA.2-like),704.1319639774956,2022-07-03,True,1,5,4,True,7,0,,0,
563041,ERR6776271,1,1,1,20452,21846,2,COVID-ARTIC-V3,3,2021-09-07,1ab80178941a,2,AY.120,Delta (B.1.617.2-like),1010.0,2021-08-31,563040,AY.120,Delta (B.1.617.2-like),1003.0,2021-09-07,440688,AY.120,Delta (B.1.617.2-like),1036.0000000002,2021-08-05,529860,AY.9,Delta (B.1.617.2-like),1010.0000000001,2021-08-31,563040,AY.120,Delta (B.1.617.2-like),1003.0,2021-09-07,167135,B.1.617.2,Delta (B.1.617.2-like),1454.533651447372,2020-06-13,True,2,23,8,True,8,0,,0,
464981,ERR6557788,1,1,1,13502,21846,0,COVID-ARTIC-V3,3,2021-08-12,001aef93d3d7,2,AY.122,Delta (B.1.617.2-like),1032.0,2021-08-09,464980,AY.122,Delta (B.1.617.2-like),1029.0,2021-08-12,417425,AY.122,Delta (B.1.617.2-like),1042.0000000001,2021-07-30,454150,AY.4,Delta (AY.4-like),1032.0000000001,2021-08-09,464980,AY.122,Delta (B.1.617.2-like),1029.0,2021-08-12,167127,B.1.617.2,Delta (B.1.617.2-like),1268.2440285999382,2020-12-16,False,2,7,8,True,7,0,,0,
708300,ERR7234185,2,1,1,18745,21846,2,COVID-AMPLISEQ-V1,3,2021-10-11,675c41f240fd,2,AY.43.8,Delta (B.1.617.2-like),1005.6852122548316,2021-09-05,708299,AY.43.8,Delta (B.1.617.2-like),969.0,2021-10-11,489702,AY.43.8,Delta (B.1.617.2-like),1100.7504512200285,2021-06-02,335325,B.1.617.2,Delta (B.1.617.2-like),1246.8788256837183,2021-01-07,708299,AY.43.8,Delta (B.1.617.2-like),969.0,2021-10-11,167127,B.1.617.2,Delta (B.1.617.2-like),1268.2440285999382,2020-12-16,False,2,4,1,False,6,0,,0,
414734,SRR16073857,2,1,1,15238,21846,0,COVID-ARTIC-V3,.,2021-07-29,270ae17580f5,2,AY.5,Delta (B.1.617.2-like),1064.1701540073273,2021-07-08,414733,AY.5,Delta (B.1.617.2-like),1043.0,2021-07-29,410761,AY.42,Delta (B.1.617.2-like),1065.785764887202,2021-07-07,350866,AY.5,Delta (B.1.617.2-like),1068.0000000002,2021-07-04,414733,AY.5,Delta (B.1.617.2-like),1043.0,2021-07-29,167127,B.1.617.2,Delta (B.1.617.2-like),1268.2440285999382,2020-12-16,True,2,7,11,True,7,0,,0,
420981,ERR6495160,45,1,1,21847,21893,3,COVID-AMPLISEQ-V1,3,2021-07-31,ca329a6b5bde,2,AY.125,Delta (B.1.617.2-like),1060.0000000002,2021-07-12,420980,AY.125,Delta (B.1.617.2-like),1041.0,2021-07-31,364396,AY.125,Delta (B.1.617.2-like),1060.0000000003,2021-07-12,295610,B.1.617.2,Delta (B.1.617.2-like),1246.8788256838184,2021-01-07,463369,AY.125,Delta (B.1.617.2-like),1060.0000000001,2021-07-12,167127,B.1.617.2,Delta (B.1.617.2-like),1268.2440285999382,2020-12-16,False,1,7,0,False,8,0,,0,
790868,ERR7298175,4,1,1,21669,21995,1,COVID-ARTIC-V4.1,4,2021-10-30,0ce92b8985f5,2,AY.4.2,Delta (AY.4.2-like),967.7190777822152,2021-10-13,790867,AY.4.2,Delta (AY.4.2-like),950.0,2021-10-30,750148,AY.4,Delta (AY.4-like),999.0952944539504,2021-09-11,529955,AY.4.2.1,Delta (AY.4.2-like),1036.7575953185508,2021-08-05,790867,AY.4.2,Delta (AY.4.2-like),950.0,2021-10-30,197833,AY.4,Delta (AY.4-like),1205.4515064848665,2021-02-17,False,2,7,7,True,6,0,,0,
599710,ERR7008629,1,1,1,21669,21995,1,COVID-ARTIC-V4.1,4,2021-09-15,9103783f8734,2,AY.4,Delta (AY.4-like),1014.5942956207588,2021-08-27,599709,AY.4,Delta (AY.4-like),995.0,2021-09-15,392479,AY.4.2.1,Delta (AY.4.2-like),1072.0959902500308,2021-06-30,402030,AY.4,Delta (AY.4-like),1046.0,2021-07-26,599709,AY.4,Delta (AY.4-like),995.0,2021-09-15,175379,AY.4,Delta (AY.4-like),1220.2147994378952,2021-02-02,False,2,6,6,True,5,0,,0,
1852912,SRR28104588,2,1,1,17005,21998,2,COVID-ARTIC-V5.0-5.3.2_400,.,2023-10-20,af491bb99ea9,2,EG.5.1.1,Omicron (XBB.1-like),278.7818927055194,2023-09-02,1852911,EG.5.1.1,Omicron (XBB.1-like),230.0,2023-10-20,1828725,EG.5.1.1,Omicron (XBB.1-like),310.0,2023-08-01,1836448,HV.1,Omicron (XBB.1-like),337.0,2023-07-05,1853707,EG.5.1.1,Omicron (XBB.1-like),263.96901041311514,2023-09-17,1805404,EG.5.1,Omicron (XBB.1-like),434.00000000040006,2023-03-30,True,7,7,5,True,7,0,,0,
1857458,ERR13079867,7,1,1,18067,21998,2,COVID-ARTIC-V5.0-5.3.2_400,.,2023-11-06,22b71441d9af,2,EG.5.1,Omicron (XBB.1-like),220.92879862413844,2023-10-30,1857457,EG.5.1,Omicron (XBB.1-like),213.0,2023-11-06,1848594,EG.5.1.3,Omicron (XBB.1-like),246.0,2023-10-04,1844712,HK.3,Omicron (XBB.1-like),257.0,2023-09-23,1857457,EG.5.1,Omicron (XBB.1-like),213.0,2023-11-06,1805404,EG.5.1,Omicron (XBB.1-like),434.00000000040006,2023-03-30,True,7,5,5,True,6,0,,0,
1453119,ERR13083874,1,1,1,20408,22000,3,COVID-ARTIC-V4.1,.,2022-04-22,9f186173e542,2,BA.2.3,Omicron (BA.2-like),789.2045953891409,2022-04-09,1453118,BA.2.3,Omicron (BA.2-like),776.0,2022-04-22,1311761,BA.2.3,Omicron (BA.2-like),828.0000000002001,2022-03-01,1334268,BA.2,Omicron (BA.2-like),858.0,2022-01-30,1453118,BA.2.3,Omicron (BA.2-like),776.0,2022-04-22,871726,BA.2,Omicron (BA.2-like),961.3848488132328,2021-10-19,False,1,6,5,True,7,0,,0,
1668622,ERR10381145,7,1,1,15452,22016,2,COVID-ARTIC-V4.1,4.1alt,2022-09-24,957f2b6d54b2,2,XBH,Omicron (BA.2-like),652.4849876719393,2022-08-24,1668621,XBH,Omicron (BA.2-like),621.0,2022-09-24,1399182,BA.2,Omicron (BA.2-like),802.0,2022-03-27,1612589,BA.2.75.2,Omicron (BA.2-like),760.3201996242901,2022-05-08,1668621,XBH,Omicron (BA.2-like),621.0,2022-09-24,965896,BA.2.5,Omicron (BA.2-like),961.3848488131327,2021-10-19,True,2,7,13,True,8,0,,0,
865000,SRR20261338,1,1,1,21708,22026,3,COVID-AMPLISEQ-V1,.,2021-11-12,30c18eade063,2,AY.100,Delta (B.1.617.2-like),954.5470693608238,2021-10-26,864999,AY.100,Delta (B.1.617.2-like),937.0,2021-11-12,754484,AY.100,Delta (B.1.617.2-like),1019.565077092126,2021-08-22,324982,AY.100,Delta (B.1.617.2-like),1144.7454560367014,2021-04-19,864999,AY.100,Delta (B.1.617.2-like),937.0,2021-11-12,167127,B.1.617.2,Delta (B.1.617.2-like),1268.2440285999382,2020-12-16,False,0,4,0,False,7,0,,0,
890878,SRR20178225,1,1,1,18829,22026,2,COVID-AMPLISEQ-V1,.,2021-11-17,1bd34c573a95,2,AY.4,Delta (AY.4-like),937.0,2021-11-12,890877,AY.4,Delta (AY.4-like),932.0,2021-11-17,866529,AY.4,Delta (AY.4-like),937.0000000001,2021-11-12,342040,AY.4,Delta (AY.4-like),1073.0000000003,2021-06-29,890877,AY.4,Delta (AY.4-like),932.0,2021-11-17,167127,B.1.617.2,Delta (B.1.617.2-like),1268.2440285999382,2020-12-16,False,0,9,-1,False,7,0,,0,
951258,SRR20178633,1,1,1,20763,22026,2,COVID-AMPLISEQ-V1,.,2021-11-29,08ab2aa8c3e9,2,B.1.617.2,Delta (B.1.617.2-like),941.0567240692096,2021-11-08,951257,B.1.617.2,Delta (B.1.617.2-like),920.0,2021-11-29,788368,B.1.617.2,Delta (B.1.617.2-like),982.0219510657432,2021-09-28,342040,AY.4,Delta (AY.4-like),1073.0000000003,2021-06-29,951257,B.1.617.2,Delta (B.1.617.2-like),920.0,2021-11-29,167127,B.1.617.2,Delta (B.1.617.2-like),1268.2440285999382,2020-12-16,False,1,9,0,False,8,0,,0,
853612,SRR20251941,1,1,1,21647,22026,1,COVID-AMPLISEQ-V1,.,2021-11-10,2e108bc51ff0,2,AY.100,Delta (B.1.617.2-like),940.0,2021-11-09,853611,AY.100,Delta (B.1.617.2-like),939.0,2021-11-10,847453,AY.100,Delta (B.1.617.2-like),940.0000000001,2021-11-09,324982,AY.100,Delta (B.1.617.2-like),1144.7454560367014,2021-04-19,853611,AY.100,Delta (B.1.617.2-like),939.0,2021-11-10,167127,B.1.617.2,Delta (B.1.617.2-like),1268.2440285999382,2020-12-16,False,0,8,0,False,7,0,,0,
953739,SRR21263382,3,1,1,19165,22026,2,COVID-AMPLISEQ-V1,.,2021-11-29,9f2feea18486,2,AY.100,Delta (B.1.617.2-like),925.0,2021-11-24,953738,AY.100,Delta (B.1.617.2-like),920.0000000001,2021-11-29,927100,AY.100,Delta (B.1.617.2-like),925.0000000001,2021-11-24,324982,AY.100,Delta (B.1.617.2-like),1144.7454560367014,2021-04-19,953738,AY.100,Delta (B.1.617.2-like),920.0000000001,2021-11-29,167127,B.1.617.2,Delta (B.1.617.2-like),1268.2440285999382,2020-12-16,False,0,5,-1,False,7,0,,0,
940280,SRR20180031,3,1,1,21847,22026,2,COVID-AMPLISEQ-V1,.,2021-11-27,56242606e2c2,2,AY.118,Delta (B.1.617.2-like),983.173929882912,2021-09-27,940279,AY.118,Delta (B.1.617.2-like),922.0,2021-11-27,898003,AY.118,Delta (B.1.617.2-like),983.173929883012,2021-09-27,384606,AY.118,Delta (B.1.617.2-like),1087.0,2021-06-15,954108,AY.118,Delta (B.1.617.2-like),983.173929882812,2021-09-27,167127,B.1.617.2,Delta (B.1.617.2-like),1268.2440285999382,2020-12-16,False,0,11,1,False,7,0,,0,
896047,SRR20178296,1,1,1,21847,22026,2,COVID-AMPLISEQ-V1,.,2021-11-18,d4bcec5ea3b4,2,AY.39,Delta (B.1.617.2-like),953.6326800811617,2021-10-27,896046,AY.39,Delta (B.1.617.2-like),931.0,2021-11-18,775272,AY.39,Delta (B.1.617.2-like),991.5554675126224,2021-09-19,430342,AY.39,Delta (B.1.617.2-like),1189.654114826939,2021-03-05,896046,AY.39,Delta (B.1.617.2-like),931.0,2021-11-18,167127,B.1.617.2,Delta (B.1.617.2-like),1268.2440285999382,2020-12-16,False,0,10,0,False,8,0,,0,
853484,SRR20250155,2,1,1,17443,22026,1,COVID-AMPLISEQ-V1,.,2021-11-10,6648ac592d60,2,AY.117,Delta (B.1.617.2-like),962.1598537640336,2021-10-18,853483,AY.117,Delta (B.1.617.2-like),939.0,2021-11-10,802328,AY.117,Delta (B.1.617.2-like),978.587198300864,2021-10-02,342040,AY.4,Delta (AY.4-like),1073.0000000003,2021-06-29,853483,AY.117,Delta (B.1.617.2-like),939.0,2021-11-10,167127,B.1.617.2,Delta (B.1.617.2-like),1268.2440285999382,2020-12-16,False,2,10,0,False,5,0,,0,
751817,ERR7301376,1,1,1,21996,22026,1,COVID-ARTIC-V3,3,2021-10-21,64abf836fd78,2,AY.4.2,Delta (AY.4.2-like),973.4943450962254,2021-10-07,751816,AY.4.2,Delta (AY.4.2-like),959.0,2021-10-21,676375,AY.4.2,Delta (AY.4.2-like),976.0,2021-10-04,706567,AY.4.2,Delta (AY.4.2-like),1067.8305983397142,2021-07-05,751816,AY.4.2,Delta (AY.4.2-like),959.0,2021-10-21,167127,B.1.617.2,Delta (B.1.617.2-like),1268.2440285999382,2020-12-16,False,0,6,0,False,6,0,,0,
978185,SRR20186826,1,1,1,22001,22026,2,COVID-AMPLISEQ-V1,.,2021-12-04,c72587d992e4,2,AY.20,Delta (B.1.617.2-like),927.99758005963,2021-11-22,978184,AY.20,Delta (B.1.617.2-like),915.0,2021-12-04,895622,AY.20,Delta (B.1.617.2-like),931.0,2021-11-18,527641,AY.20,Delta (B.1.617.2-like),1011.0,2021-08-30,978184,AY.20,Delta (B.1.617.2-like),915.0,2021-12-04,167127,B.1.617.2,Delta (B.1.617.2-like),1268.2440285999382,2020-12-16,False,0,12,-1,False,7,0,,0,
922131,SRR20264259,1,1,1,21847,22026,3,COVID-AMPLISEQ-V1,.,2021-11-23,63595bd676c8,2,AY.39,Delta (B.1.617.2-like),938.206870084562,2021-11-11,922130,AY.39,Delta (B.1.617.2-like),926.0,2021-11-23,761186,AY.39,Delta (B.1.617.2-like),957.0000000001,2021-10-23,430342,AY.39,Delta (B.1.617.2-like),1189.654114826939,2021-03-05,922130,AY.39,Delta (B.1.617.2-like),926.0,2021-11-23,167127,B.1.617.2,Delta (B.1.617.2-like),1268.2440285999382,2020-12-16,False,0,10,1,False,9,0,,0,
687566,SRR16706744,83,1,1,19852,22026,2,COVID-AMPLISEQ-V1,.,2021-10-06,698ec8884afc,2,AY.100,Delta (B.1.617.2-like),976.0,2021-10-04,687565,AY.100,Delta (B.1.617.2-like),974.0000000001,2021-10-06,678945,AY.100,Delta (B.1.617.2-like),976.0000000001,2021-10-04,628278,AY.100,Delta (B.1.617.2-like),989.0,2021-09-21,687565,AY.100,Delta (B.1.617.2-like),974.0000000001,2021-10-06,167127,B.1.617.2,Delta (B.1.617.2-like),1268.2440285999382,2020-12-16,False,0,6,-1,False,7,0,,0,
636877,SRR16551091,7,1,1,21847,22026,1,COVID-AMPLISEQ-V1,.,2021-09-23,481cc9eac993,2,AY.39,Delta (B.1.617.2-like),1010.1692020695948,2021-08-31,636876,AY.39,Delta (B.1.617.2-like),987.0,2021-09-23,450049,AY.39,Delta (B.1.617.2-like),1034.0000000001,2021-08-07,430342,AY.39,Delta (B.1.617.2-like),1189.654114826939,2021-03-05,636876,AY.39,Delta (B.1.617.2-like),987.0,2021-09-23,167127,B.1.617.2,Delta (B.1.617.2-like),1268.2440285999382,2020-12-16,False,0,6,0,False,7,0,,0,
753015,SRR20259867,1,1,1,21847,22026,2,COVID-AMPLISEQ-V1,.,2021-10-21,129dcfebbaf2,2,AY.39,Delta (B.1.617.2-like),960.0,2021-10-20,753014,AY.39,Delta (B.1.617.2-like),959.0,2021-10-21,748985,AY.39,Delta (B.1.617.2-like),960.0000000001,2021-10-20,430342,AY.39,Delta (B.1.617.2-like),1189.654114826939,2021-03-05,753014,AY.39,Delta (B.1.617.2-like),959.0,2021-10-21,167127,B.1.617.2,Delta (B.1.617.2-like),1268.2440285999382,2020-12-16,False,0,12,-1,False,7,0,,0,
719292,SRR16883831,1,1,1,10616,22026,2,COVID-AMPLISEQ-V1,.,2021-10-13,f72f7a1022e7,2,AY.100,Delta (B.1.617.2-like),971.0,2021-10-09,719291,AY.100,Delta (B.1.617.2-like),967.0,2021-10-13,701941,AY.100,Delta (B.1.617.2-like),971.0000000001,2021-10-09,460607,AY.100,Delta (B.1.617.2-like),1057.0000000001,2021-07-15,719291,AY.100,Delta (B.1.617.2-like),967.0,2021-10-13,167127,B.1.617.2,Delta (B.1.617.2-like),1268.2440285999382,2020-12-16,False,0,5,-1,False,7,0,,0,
726272,ERR7320938,1,1,1,21996,22026,2,COVID-ARTIC-V3,3,2021-10-15,dfe702d375a3,2,AY.4.2,Delta (AY.4.2-like),976.5136832694044,2021-10-04,726271,AY.4.2,Delta (AY.4.2-like),965.0,2021-10-15,684730,AY.4.2,Delta (AY.4.2-like),995.0,2021-09-15,706567,AY.4.2,Delta (AY.4.2-like),1067.8305983397142,2021-07-05,726271,AY.4.2,Delta (AY.4.2-like),965.0,2021-10-15,167127,B.1.617.2,Delta (B.1.617.2-like),1268.2440285999382,2020-12-16,False,0,4,0,False,7,0,,0,
730951,SRR20254651,1,1,1,19973,22026,0,COVID-AMPLISEQ-V1,.,2021-10-16,c7d2d52b24fa,2,AY.34.1,Delta (B.1.617.2-like),966.0,2021-10-14,730950,AY.34.1,Delta (B.1.617.2-like),964.0,2021-10-16,723350,AY.34.1,Delta (B.1.617.2-like),966.0000000001,2021-10-14,715124,AY.34.1,Delta (B.1.617.2-like),968.0,2021-10-12,730950,AY.34.1,Delta (B.1.617.2-like),964.0,2021-10-16,491815,AY.34.1,Delta (B.1.617.2-like),1020.0,2021-08-21,False,0,5,1,False,5,0,,0,
733199,ERR7304060,1,1,1,21996,22026,2,COVID-ARTIC-V3,3,2021-10-17,df61d98fa86f,2,AY.4.2,Delta (AY.4.2-like),972.0,2021-10-08,733198,AY.4.2,Delta (AY.4.2-like),963.0,2021-10-17,696061,AY.4.2,Delta (AY.4.2-like),972.0000000001,2021-10-08,706567,AY.4.2,Delta (AY.4.2-like),1067.8305983397142,2021-07-05,733198,AY.4.2,Delta (AY.4.2-like),963.0,2021-10-17,167127,B.1.617.2,Delta (B.1.617.2-like),1268.2440285999382,2020-12-16,False,0,5,0,False,8,0,,0,
737351,ERR7307567,1,1,1,17041,22026,1,COVID-ARTIC-V3,3,2021-10-18,b2a1af0109e8,2,AY.4,Delta (AY.4-like),977.7951501390304,2021-10-03,737350,AY.4,Delta (AY.4-like),962.0,2021-10-18,639312,AY.4,Delta (AY.4-like),986.0,2021-09-24,342040,AY.4,Delta (AY.4-like),1073.0000000003,2021-06-29,737350,AY.4,Delta (AY.4-like),962.0,2021-10-18,167127,B.1.617.2,Delta (B.1.617.2-like),1268.2440285999382,2020-12-16,False,0,8,0,False,6,0,,0,
692665,SRR16780510,2,1,1,21953,22026,3,COVID-AMPLISEQ-V1,.,2021-10-07,eb80410236f4,2,AY.113,Delta (B.1.617.2-like),985.7308477619916,2021-09-25,692664,AY.113,Delta (B.1.617.2-like),973.0,2021-10-07,562907,AY.113,Delta (B.1.617.2-like),1003.0,2021-09-07,342040,AY.4,Delta (AY.4-like),1073.0000000003,2021-06-29,692664,AY.113,Delta (B.1.617.2-like),973.0,2021-10-07,167127,B.1.617.2,Delta (B.1.617.2-like),1268.2440285999382,2020-12-16,False,2,11,0,False,7,0,,0,
692744,SRR16780615,2,1,1,21847,22026,2,COVID-AMPLISEQ-V1,.,2021-10-07,8ae58ae197b1,2,AY.39,Delta (B.1.617.2-like),996.7212549869386,2021-09-14,692743,AY.39,Delta (B.1.617.2-like),973.0,2021-10-07,560666,AY.39,Delta (B.1.617.2-like),1032.0029641185415,2021-08-09,430342,AY.39,Delta (B.1.617.2-like),1189.654114826939,2021-03-05,692743,AY.39,Delta (B.1.617.2-like),973.0,2021-10-07,167127,B.1.617.2,Delta (B.1.617.2-like),1268.2440285999382,2020-12-16,False,0,7,1,False,9,0,,0,
698428,SRR16829794,2,1,1,17035,22026,2,COVID-AMPLISEQ-V1,.,2021-10-08,416a910c902b,2,AY.119,Delta (B.1.617.2-like),1009.3746090676292,2021-09-01,698427,AY.119,Delta (B.1.617.2-like),972.0,2021-10-08,662462,AY.119,Delta (B.1.617.2-like),1022.6619328006252,2021-08-19,432750,AY.119,Delta (B.1.617.2-like),1038.0,2021-08-03,793965,AY.119,Delta (B.1.617.2-like),1009.3746090675291,2021-09-01,167127,B.1.617.2,Delta (B.1.617.2-like),1268.2440285999382,2020-12-16,False,0,5,0,False,6,0,,0,
704826,ERR7307104,1,1,1,21996,22026,2,COVID-ARTIC-V3,3,2021-10-10,f11b6159cb04,2,AY.4.2,Delta (AY.4.2-like),982.8569042251792,2021-09-28,704825,AY.4.2,Delta (AY.4.2-like),970.0,2021-10-10,498505,AY.4.2,Delta (AY.4.2-like),1018.0000000002,2021-08-23,571187,AY.4.2,Delta (AY.4.2-like),1001.0,2021-09-09,704825,AY.4.2,Delta (AY.4.2-like),970.0,2021-10-10,167127,B.1.617.2,Delta (B.1.617.2-like),1268.2440285999382,2020-12-16,False,0,6,1,False,8,0,,0,
704859,ERR7314279,2,1,1,21996,22026,1,COVID-ARTIC-V3,3,2021-10-10,5d70cdb47be4,2,AY.4.2,Delta (AY.4.2-like),981.0,2021-09-29,704858,AY.4.2,Delta (AY.4.2-like),970.0000000001,2021-10-10,660047,AY.4.2,Delta (AY.4.2-like),981.0000000001,2021-09-29,571187,AY.4.2,Delta (AY.4.2-like),1001.0,2021-09-09,704858,AY.4.2,Delta (AY.4.2-like),970.0000000001,2021-10-10,167127,B.1.617.2,Delta (B.1.617.2-like),1268.2440285999382,2020-12-16,False,0,4,0,False,6,0,,0,
675001,SRR16706051,1,1,1,19274,22026,2,COVID-AMPLISEQ-V1,.,2021-10-03,78ba4ee1312e,2,AY.113,Delta (B.1.617.2-like),988.5123170279256,2021-09-22,675000,AY.113,Delta (B.1.617.2-like),977.0,2021-10-03,605905,AY.113,Delta (B.1.617.2-like),994.0000000001,2021-09-16,342040,AY.4,Delta (AY.4-like),1073.0000000003,2021-06-29,675000,AY.113,Delta (B.1.617.2-like),977.0,2021-10-03,167127,B.1.617.2,Delta (B.1.617.2-like),1268.2440285999382,2020-12-16,False,2,12,1,False,7,0,,0,
678912,SRR16606770,8,1,1,21847,22026,3,COVID-AMPLISEQ-V1,.,2021-10-04,ec8e7f60d56b,2,AY.39,Delta (B.1.617.2-like),986.0000000002,2021-09-24,678911,AY.39,Delta (B.1.617.2-like),976.0,2021-10-04,640814,AY.39,Delta (B.1.617.2-like),986.0000000003,2021-09-24,430342,AY.39,Delta (B.1.617.2-like),1189.654114826939,2021-03-05,728318,AY.39,Delta (B.1.617.2-like),986.0000000001,2021-09-24,167127,B.1.617.2,Delta (B.1.617.2-like),1268.2440285999382,2020-12-16,False,0,5,-1,False,8,0,,0,
1002445,SRR21266624,1,1,1,21373,22026,3,COVID-AMPLISEQ-V1,.,2021-12-08,9d4cb1569ace,2,AY.116.1,Delta (B.1.617.2-like),928.086202703352,2021-11-21,1002444,AY.116.1,Delta (B.1.617.2-like),911.0,2021-12-08,787913,AY.116.1,Delta (B.1.617.2-like),951.0,2021-10-29,342040,AY.4,Delta (AY.4-like),1073.0000000003,2021-06-29,1002444,AY.116.1,Delta (B.1.617.2-like),911.0,2021-12-08,167127,B.1.617.2,Delta (B.1.617.2-like),1268.2440285999382,2020-12-16,False,3,13,-2,False,7,0,,0,
1033160,SRR20918207,1,1,1,21305,22026,1,COVID-AMPLISEQ-V1,.,2021-12-16,f0806a2ead4d,2,AY.39,Delta (B.1.617.2-like),919.4953967579248,2021-11-30,1033159,AY.39,Delta (B.1.617.2-like),903.0,2021-12-16,1028872,AY.39,Delta (B.1.617.2-like),929.7820784242688,2021-11-20,924271,AY.39,Delta (B.1.617.2-like),996.3245872436048,2021-09-14,1033159,AY.39,Delta (B.1.617.2-like),903.0,2021-12-16,167127,B.1.617.2,Delta (B.1.617.2-like),1268.2440285999382,2020-12-16,False,0,5,1,False,6,0,,0,
715160,SRR16884056,1,1,1,21847,22026,1,COVID-AMPLISEQ-V1,.,2021-10-12,5a92c1988e12,2,AY.118,Delta (B.1.617.2-like),982.3665114939288,2021-09-28,715159,AY.118,Delta (B.1.617.2-like),968.0,2021-10-12,597159,AY.118,Delta (B.1.617.2-like),996.0,2021-09-14,384606,AY.118,Delta (B.1.617.2-like),1087.0,2021-06-15,715159,AY.118,Delta (B.1.617.2-like),968.0,2021-10-12,167127,B.1.617.2,Delta (B.1.617.2-like),1268.2440285999382,2020-12-16,False,0,8,1,False,7,0,,0,
719277,SRR16883805,2,1,1,21847,22026,1,COVID-AMPLISEQ-V1,.,2021-10-13,dfee2a6f5242,2,AY.39,Delta (B.1.617.2-like),974.0,2021-10-06,719276,AY.39,Delta (B.1.617.2-like),967.0,2021-10-13,688887,AY.39,Delta (B.1.617.2-like),974.0000000001,2021-10-06,430342,AY.39,Delta (B.1.617.2-like),1189.654114826939,2021-03-05,719276,AY.39,Delta (B.1.617.2-like),967.0,2021-10-13,167127,B.1.617.2,Delta (B.1.617.2-like),1268.2440285999382,2020-12-16,False,0,7,3,False,7,0,,0,
438687,SRR15919758,4,1,1,20815,22026,2,COVID-AMPLISEQ-V1,.,2021-08-04,80dede76c4ef,2,AY.119,Delta (B.1.617.2-like),1043.0,2021-07-29,438686,AY.119,Delta (B.1.617.2-like),1037.0000000001,2021-08-04,414530,AY.119,Delta (B.1.617.2-like),1043.0000000001,2021-07-29,342040,AY.4,Delta (AY.4-like),1073.0000000003,2021-06-29,438686,AY.119,Delta (B.1.617.2-like),1037.0000000001,2021-08-04,167127,B.1.617.2,Delta (B.1.617.2-like),1268.2440285999382,2020-12-16,False,2,8,0,False,7,0,,0,
446667,SRR15629270,12,1,1,21847,22026,2,COVID-AMPLISEQ-V1,.,2021-08-06,96f8d73aaedd,2,AY.39,Delta (B.1.617.2-like),1049.3958844578572,2021-07-23,446666,AY.39,Delta (B.1.617.2-like),1035.0,2021-08-06,384243,AY.39,Delta (B.1.617.2-like),1052.0000000001,2021-07-20,430342,AY.39,Delta (B.1.617.2-like),1189.654114826939,2021-03-05,446666,AY.39,Delta (B.1.617.2-like),1035.0,2021-08-06,167127,B.1.617.2,Delta (B.1.617.2-like),1268.2440285999382,2020-12-16,False,0,5,-1,False,6,0,,0,
714007,ERR7302687,21,1,1,21996,22026,1,COVID-ARTIC-V3,3,2021-10-12,e3d93d3ed1dd,2,AY.4.2,Delta (AY.4.2-like),995.0,2021-09-15,714006,AY.4.2,Delta (AY.4.2-like),968.0,2021-10-12,598550,AY.4.2,Delta (AY.4.2-like),995.0000000001,2021-09-15,706567,AY.4.2,Delta (AY.4.2-like),1067.8305983397142,2021-07-05,714006,AY.4.2,Delta (AY.4.2-like),968.0,2021-10-12,167127,B.1.617.2,Delta (B.1.617.2-like),1268.2440285999382,2020-12-16,False,0,3,1,False,5,0,,0,
708606,ERR7317133,1,1,1,15151,22026,1,COVID-ARTIC-V3,3,2021-10-11,2e2d366b2e64,2,AY.4.2,Delta (AY.4.2-like),970.0,2021-10-10,708605,AY.4.2,Delta (AY.4.2-like),969.0,2021-10-11,695079,AY.4.2,Delta (AY.4.2-like),972.0000000002,2021-10-08,704858,AY.4.2,Delta (AY.4.2-like),970.0000000001,2021-10-10,708605,AY.4.2,Delta (AY.4.2-like),969.0,2021-10-11,167127,B.1.617.2,Delta (B.1.617.2-like),1268.2440285999382,2020-12-16,False,0,4,1,False,5,0,,0,
596253,SRR16287950,2,1,1,21847,22026,3,COVID-AMPLISEQ-V1,.,2021-09-14,4eb751e27c28,2,AY.118,Delta (B.1.617.2-like),1007.0,2021-09-03,596252,AY.118,Delta (B.1.617.2-like),996.0,2021-09-14,546976,AY.118,Delta (B.1.617.2-like),1007.0000000001,2021-09-03,384606,AY.118,Delta (B.1.617.2-like),1087.0,2021-06-15,596252,AY.118,Delta (B.1.617.2-like),996.0,2021-09-14,167127,B.1.617.2,Delta (B.1.617.2-like),1268.2440285999382,2020-12-16,False,0,8,-1,False,8,0,,0,
596405,SRR16350777,2,1,1,21847,22026,0,COVID-AMPLISEQ-V1,.,2021-09-14,bfc8e934f31e,2,AY.39,Delta (B.1.617.2-like),1007.0,2021-09-03,596404,AY.39,Delta (B.1.617.2-like),996.0,2021-09-14,546945,AY.39,Delta (B.1.617.2-like),1007.0000000001,2021-09-03,430342,AY.39,Delta (B.1.617.2-like),1189.654114826939,2021-03-05,596404,AY.39,Delta (B.1.617.2-like),996.0,2021-09-14,167127,B.1.617.2,Delta (B.1.617.2-like),1268.2440285999382,2020-12-16,False,0,6,1,False,6,0,,0,
596389,SRR16350758,3,1,1,21138,22026,2,COVID-AMPLISEQ-V1,.,2021-09-14,91858a95f544,2,AY.100,Delta (B.1.617.2-like),1024.4421413227178,2021-08-17,596388,AY.100,Delta (B.1.617.2-like),996.0,2021-09-14,568871,AY.100,Delta (B.1.617.2-like),1055.892987250388,2021-07-17,371238,AY.100,Delta (B.1.617.2-like),1057.0000000002,2021-07-15,615090,AY.100,Delta (B.1.617.2-like),1024.4421413226178,2021-08-17,167127,B.1.617.2,Delta (B.1.617.2-like),1268.2440285999382,2020-12-16,False,0,8,0,False,8,0,,0,
586250,SRR16287969,5,1,1,21847,22026,2,COVID-AMPLISEQ-V1,.,2021-09-12,11d367ffa8df,2,AY.39,Delta (B.1.617.2-like),1030.8706013818396,2021-08-11,586249,AY.39,Delta (B.1.617.2-like),998.0,2021-09-12,489520,AY.39,Delta (B.1.617.2-like),1051.0000000001,2021-07-21,430342,AY.39,Delta (B.1.617.2-like),1189.654114826939,2021-03-05,771669,AY.39,Delta (B.1.617.2-like),1030.8706013817396,2021-08-11,167127,B.1.617.2,Delta (B.1.617.2-like),1268.2440285999382,2020-12-16,False,0,5,0,False,7,0,,0,
562299,SRR16221704,6,2,1,19171,22026,2,COVID-AMPLISEQ-V1,.,2021-09-07,cfcec95fcb30,3,B.1.617.2,Delta (B.1.617.2-like),1027.9938179531853,2021-08-14,562297,B.1.617.2,Delta (B.1.617.2-like),1003.0,2021-09-07,381507,B.1.617.2,Delta (B.1.617.2-like),1145.6775046003725,2021-04-18,342040,AY.4,Delta (AY.4-like),1073.0000000003,2021-06-29,562297,B.1.617.2,Delta (B.1.617.2-like),1003.0,2021-09-07,167127,B.1.617.2,Delta (B.1.617.2-like),1268.2440285999382,2020-12-16,True,1,6,1,False,6,0,,0,
982739,SRR20186970,1,1,1,21847,22026,3,COVID-AMPLISEQ-V1,.,2021-12-05,24c6c1557b33,2,AY.39.1,Delta (B.1.617.2-like),930.390360825302,2021-11-19,982738,AY.39.1,Delta (B.1.617.2-like),914.0,2021-12-05,733461,AY.39.1,Delta (B.1.617.2-like),963.0,2021-10-17,430342,AY.39,Delta (B.1.617.2-like),1189.654114826939,2021-03-05,982738,AY.39.1,Delta (B.1.617.2-like),914.0,2021-12-05,167127,B.1.617.2,Delta (B.1.617.2-like),1268.2440285999382,2020-12-16,False,1,7,1,False,8,0,,0,
506486,SRR15993873,1,1,1,20969,22026,0,COVID-AMPLISEQ-V1,.,2021-08-25,75dfc4e4e270,2,AY.116.1,Delta (B.1.617.2-like),1032.446006884502,2021-08-09,506485,AY.116.1,Delta (B.1.617.2-like),1016.0,2021-08-25,442912,AY.116.1,Delta (B.1.617.2-like),1036.0,2021-08-05,342040,AY.4,Delta (AY.4-like),1073.0000000003,2021-06-29,506485,AY.116.1,Delta (B.1.617.2-like),1016.0,2021-08-25,167127,B.1.617.2,Delta (B.1.617.2-like),1268.2440285999382,2020-12-16,False,3,11,1,False,6,0,,0,
373989,SRR15391344,95,1,1,15241,22026,3,COVID-AMPLISEQ-V1,.,2021-07-16,6123fbb5f817,2,AY.113,Delta (B.1.617.2-like),1073.0000000002,2021-06-29,373988,AY.113,Delta (B.1.617.2-like),1056.0,2021-07-16,347893,AY.113,Delta (B.1.617.2-like),1154.5309103066766,2021-04-09,342040,AY.4,Delta (AY.4-like),1073.0000000003,2021-06-29,443866,AY.113,Delta (B.1.617.2-like),1073.0000000001,2021-06-29,167127,B.1.617.2,Delta (B.1.617.2-like),1268.2440285999382,2020-12-16,False,2,7,1,False,8,0,,0,
847176,SRR20249587,1,1,1,20760,22026,3,COVID-AMPLISEQ-V1,.,2021-11-09,ef24166a0c28,2,AY.119,Delta (B.1.617.2-like),951.7878348631272,2021-10-29,847175,AY.119,Delta (B.1.617.2-like),940.0,2021-11-09,743913,AY.119,Delta (B.1.617.2-like),961.0,2021-10-19,563939,AY.119,Delta (B.1.617.2-like),1044.0000000001,2021-07-28,847175,AY.119,Delta (B.1.617.2-like),940.0,2021-11-09,167127,B.1.617.2,Delta (B.1.617.2-like),1268.2440285999382,2020-12-16,False,0,7,-1,False,8,0,,0,
820378,SRR19931460,1,1,1,10031,22026,0,COVID-AMPLISEQ-V1,.,2021-11-04,83fb48cb0ab6,2,AY.100,Delta (B.1.617.2-like),947.0,2021-11-02,820377,AY.100,Delta (B.1.617.2-like),945.0,2021-11-04,808737,AY.100,Delta (B.1.617.2-like),947.0000000001,2021-11-02,324982,AY.100,Delta (B.1.617.2-like),1144.7454560367014,2021-04-19,820377,AY.100,Delta (B.1.617.2-like),945.0,2021-11-04,167127,B.1.617.2,Delta (B.1.617.2-like),1268.2440285999382,2020-12-16,False,0,5,2,False,5,0,,0,
847205,SRR20249801,1,1,1,21847,22026,1,COVID-AMPLISEQ-V1,.,2021-11-09,c350ac3943a5,2,AY.118,Delta (B.1.617.2-like),954.4715235053708,2021-10-26,847204,AY.118,Delta (B.1.617.2-like),940.0,2021-11-09,761478,AY.118,Delta (B.1.617.2-like),957.0,2021-10-23,384606,AY.118,Delta (B.1.617.2-like),1087.0,2021-06-15,847204,AY.118,Delta (B.1.617.2-like),940.0,2021-11-09,167127,B.1.617.2,Delta (B.1.617.2-like),1268.2440285999382,2020-12-16,False,0,9,0,False,6,0,,0,
686640,ERR7149619,1,1,1,21847,22027,2,COVID-AMPLISEQ-V1,3,2021-10-06,3fb2bb4835a3,2,AY.4,Delta (AY.4-like),991.56489184404,2021-09-19,686639,AY.4,Delta (AY.4-like),974.0,2021-10-06,657276,AY.4,Delta (AY.4-like),1026.0,2021-08-15,295610,B.1.617.2,Delta (B.1.617.2-like),1246.8788256838184,2021-01-07,686639,AY.4,Delta (AY.4-like),974.0,2021-10-06,167127,B.1.617.2,Delta (B.1.617.2-like),1268.2440285999382,2020-12-16,False,1,7,-1,False,6,0,,0,
664539,ERR7043913,2,1,1,21847,22027,0,COVID-AMPLISEQ-V1,3,2021-09-30,6fa4199575dd,2,AY.4,Delta (AY.4-like),983.0,2021-09-27,664538,AY.4,Delta (AY.4-like),980.0,2021-09-30,650655,AY.4,Delta (AY.4-like),983.0000000001,2021-09-27,295610,B.1.617.2,Delta (B.1.617.2-like),1246.8788256838184,2021-01-07,664538,AY.4,Delta (AY.4-like),980.0,2021-09-30,167127,B.1.617.2,Delta (B.1.617.2-like),1268.2440285999382,2020-12-16,False,1,11,1,False,6,0,,0,
656576,SRR23600395,1,1,1,13902,22027,2,COVID-ARTIC-V3,.,2021-09-28,416c2fa21d0c,2,AY.46.1,Delta (B.1.617.2-like),1005.5342011979144,2021-09-05,656575,AY.46.1,Delta (B.1.617.2-like),982.0,2021-09-28,425463,AY.46.1,Delta (B.1.617.2-like),1040.0000000002,2021-08-01,295610,B.1.617.2,Delta (B.1.617.2-like),1246.8788256838184,2021-01-07,656575,AY.46.1,Delta (B.1.617.2-like),982.0,2021-09-28,167127,B.1.617.2,Delta (B.1.617.2-like),1268.2440285999382,2020-12-16,False,2,4,0,False,6,0,,0,
656259,SRR16660077,71,1,1,22026,22027,3,COVID-AMPLISEQ-V1,.,2021-09-28,393d8cd36148,2,AY.100,Delta (B.1.617.2-like),1018.8327005841012,2021-08-23,656258,AY.100,Delta (B.1.617.2-like),982.0000000002,2021-09-28,623028,AY.100,Delta (B.1.617.2-like),1018.8327005842012,2021-08-23,371238,AY.100,Delta (B.1.617.2-like),1057.0000000002,2021-07-15,672795,AY.100,Delta (B.1.617.2-like),1018.8327005840011,2021-08-23,167127,B.1.617.2,Delta (B.1.617.2-like),1268.2440285999382,2020-12-16,False,0,7,-1,False,7,0,,0,
656179,SRR16606817,4,1,1,20704,22027,3,COVID-AMPLISEQ-V1,.,2021-09-28,fa11064f63d2,2,AY.39,Delta (B.1.617.2-like),991.0000000002,2021-09-19,656178,AY.39,Delta (B.1.617.2-like),982.0,2021-09-28,618201,AY.39,Delta (B.1.617.2-like),991.0000000003,2021-09-19,507998,AY.39,Delta (B.1.617.2-like),1152.4544519746407,2021-04-11,754424,AY.39,Delta (B.1.617.2-like),991.0000000001,2021-09-19,167127,B.1.617.2,Delta (B.1.617.2-like),1268.2440285999382,2020-12-16,False,0,6,-1,False,7,0,,0,
682405,ERR7147908,1,1,1,21847,22027,1,COVID-AMPLISEQ-V1,3,2021-10-05,71cfed3e8d87,2,AY.4,Delta (AY.4-like),1000.926150697642,2021-09-10,682404,AY.4,Delta (AY.4-like),975.0,2021-10-05,619588,AY.4,Delta (AY.4-like),1015.7177418595438,2021-08-26,295610,B.1.617.2,Delta (B.1.617.2-like),1246.8788256838184,2021-01-07,682404,AY.4,Delta (AY.4-like),975.0,2021-10-05,167127,B.1.617.2,Delta (B.1.617.2-like),1268.2440285999382,2020-12-16,False,1,11,0,False,5,0,,0,
679327,SRR16706980,11,1,1,18534,22027,3,COVID-AMPLISEQ-V1,.,2021-10-04,38ae642d0aae,2,AY.39,Delta (B.1.617.2-like),991.2319784174032,2021-09-19,679326,AY.39,Delta (B.1.617.2-like),976.0,2021-10-04,666619,AY.39,Delta (B.1.617.2-like),1002.0,2021-09-08,507998,AY.39,Delta (B.1.617.2-like),1152.4544519746407,2021-04-11,679326,AY.39,Delta (B.1.617.2-like),976.0,2021-10-04,167127,B.1.617.2,Delta (B.1.617.2-like),1268.2440285999382,2020-12-16,False,0,8,-1,False,7,0,,0,
675020,SRR16706536,1,1,1,18413,22027,2,COVID-AMPLISEQ-V1,.,2021-10-03,2ea4d8586f9a,2,AY.117,Delta (B.1.617.2-like),993.0789737430472,2021-09-17,675019,AY.117,Delta (B.1.617.2-like),977.0,2021-10-03,611323,AY.117,Delta (B.1.617.2-like),1009.0,2021-09-01,657199,AY.117,Delta (B.1.617.2-like),1104.1833016375358,2021-05-29,675019,AY.117,Delta (B.1.617.2-like),977.0,2021-10-03,167127,B.1.617.2,Delta (B.1.617.2-like),1268.2440285999382,2020-12-16,False,0,4,0,False,6,0,,0,
664668,ERR7150033,1,1,1,21996,22027,1,COVID-AMPLISEQ-V1,3,2021-09-30,752796cd5183,2,AY.4.2,Delta (AY.4.2-like),994.7998093391218,2021-09-16,664667,AY.4.2,Delta (AY.4.2-like),980.0,2021-09-30,593581,AY.4.2,Delta (AY.4.2-like),996.0,2021-09-14,513026,AY.4.2,Delta (AY.4.2-like),1094.000000337397,2021-06-08,664667,AY.4.2,Delta (AY.4.2-like),980.0,2021-09-30,167127,B.1.617.2,Delta (B.1.617.2-like),1268.2440285999382,2020-12-16,False,0,4,0,False,6,0,,0,
687515,SRR16706618,23,1,1,21847,22027,1,COVID-AMPLISEQ-V1,.,2021-10-06,9e01adaf6278,2,AY.4,Delta (AY.4-like),977.0,2021-10-03,687514,AY.4,Delta (AY.4-like),974.0000000001,2021-10-06,675591,AY.4,Delta (AY.4-like),977.0000000001,2021-10-03,295610,B.1.617.2,Delta (B.1.617.2-like),1246.8788256838184,2021-01-07,687514,AY.4,Delta (AY.4-like),974.0000000001,2021-10-06,167127,B.1.617.2,Delta (B.1.617.2-like),1268.2440285999382,2020-12-16,False,1,7,0,False,5,0,,0,
664550,ERR7046820,1,1,1,21847,22027,0,COVID-AMPLISEQ-V1,3,2021-09-30,b7cc261ceee2,2,AY.4,Delta (AY.4-like),1021.8683505646708,2021-08-20,664549,AY.4,Delta (AY.4-like),980.0,2021-09-30,471315,AY.4,Delta (AY.4-like),1031.0000000002,2021-08-10,295610,B.1.617.2,Delta (B.1.617.2-like),1246.8788256838184,2021-01-07,664549,AY.4,Delta (AY.4-like),980.0,2021-09-30,167127,B.1.617.2,Delta (B.1.617.2-like),1268.2440285999382,2020-12-16,False,1,10,1,False,6,0,,0,
698392,SRR16829698,5,1,1,11768,22027,1,COVID-AMPLISEQ-V1,.,2021-10-08,93235678131f,2,AY.34.1,Delta (B.1.617.2-like),984.4534780477009,2021-09-26,698391,AY.34.1,Delta (B.1.617.2-like),972.0000000001,2021-10-08,614035,AY.34.1,Delta (B.1.617.2-like),992.0,2021-09-18,617669,AY.34.1,Delta (B.1.617.2-like),991.0000000002,2021-09-19,698391,AY.34.1,Delta (B.1.617.2-like),972.0000000001,2021-10-08,376498,AY.34.1,Delta (B.1.617.2-like),1070.0000000004006,2021-07-02,False,0,10,0,False,6,0,,0,
698369,SRR16829480,1,1,1,22026,22027,1,COVID-AMPLISEQ-V1,.,2021-10-08,21d253fde810,2,AY.39,Delta (B.1.617.2-like),986.5282778931858,2021-09-24,698368,AY.39,Delta (B.1.617.2-like),972.0,2021-10-08,597041,AY.39,Delta (B.1.617.2-like),996.0,2021-09-14,482328,AY.39,Delta (B.1.617.2-like),1023.0,2021-08-18,698368,AY.39,Delta (B.1.617.2-like),972.0,2021-10-08,167127,B.1.617.2,Delta (B.1.617.2-like),1268.2440285999382,2020-12-16,False,0,11,2,False,8,0,,0,
698329,SRR16829334,1,1,1,21847,22027,1,COVID-AMPLISEQ-V1,.,2021-10-08,3523d7a39aec,2,AY.109,Delta (B.1.617.2-like),986.9296232376756,2021-09-24,698328,AY.109,Delta (B.1.617.2-like),972.0,2021-10-08,627471,AY.109,Delta (B.1.617.2-like),989.0,2021-09-21,539465,AY.109,Delta (B.1.617.2-like),1135.2672155579571,2021-04-28,698328,AY.109,Delta (B.1.617.2-like),972.0,2021-10-08,167127,B.1.617.2,Delta (B.1.617.2-like),1268.2440285999382,2020-12-16,False,0,7,0,False,6,0,,0,
693725,SRR16829252,2,1,1,19587,22027,1,COVID-AMPLISEQ-V1,.,2021-10-07,7f73ac9d478d,2,AY.119,Delta (B.1.617.2-like),975.0,2021-10-05,693724,AY.119,Delta (B.1.617.2-like),973.0,2021-10-07,684086,AY.119,Delta (B.1.617.2-like),975.0000000001,2021-10-05,411265,AY.119,Delta (B.1.617.2-like),1113.798226019964,2021-05-20,693724,AY.119,Delta (B.1.617.2-like),973.0,2021-10-07,167127,B.1.617.2,Delta (B.1.617.2-like),1268.2440285999382,2020-12-16,False,0,6,0,False,6,0,,0,
691785,ERR7154038,1,1,1,20081,22027,1,COVID-AMPLISEQ-V1,3,2021-10-07,eada64a617cd,2,AY.4,Delta (AY.4-like),991.9332379544804,2021-09-19,691784,AY.4,Delta (AY.4-like),973.0,2021-10-07,514224,AY.4,Delta (AY.4-like),1014.0,2021-08-27,342041,AY.4,Delta (AY.4-like),1073.0,2021-06-29,691784,AY.4,Delta (AY.4-like),973.0,2021-10-07,167127,B.1.617.2,Delta (B.1.617.2-like),1268.2440285999382,2020-12-16,False,0,8,0,False,6,0,,0,
691637,ERR7142206,4,1,1,21847,22027,1,COVID-AMPLISEQ-V1,3,2021-10-07,ff5740c95a11,2,AY.4.1,Delta (AY.4-like),1010.4884645880604,2021-08-31,691636,AY.4.1,Delta (AY.4-like),973.0,2021-10-07,363910,AY.4.1,Delta (AY.4-like),1060.0,2021-07-12,295610,B.1.617.2,Delta (B.1.617.2-like),1246.8788256838184,2021-01-07,691636,AY.4.1,Delta (AY.4-like),973.0,2021-10-07,167127,B.1.617.2,Delta (B.1.617.2-like),1268.2440285999382,2020-12-16,False,2,7,0,False,5,0,,0,
704844,ERR7310393,1,1,1,10253,22027,1,COVID-ARTIC-V3,3,2021-10-10,263236ec9770,2,AY.4.2.1,Delta (AY.4.2-like),974.0,2021-10-06,704843,AY.4.2.1,Delta (AY.4.2-like),970.0,2021-10-10,685055,AY.4.2.1,Delta (AY.4.2-like),974.0000000001,2021-10-06,497474,AY.4.2.1,Delta (AY.4.2-like),1018.0000000001,2021-08-23,704843,AY.4.2.1,Delta (AY.4.2-like),970.0,2021-10-10,167127,B.1.617.2,Delta (B.1.617.2-like),1268.2440285999382,2020-12-16,False,0,6,1,False,6,0,,0,
704794,ERR7304223,13,1,1,21996,22027,3,COVID-ARTIC-V3,3,2021-10-10,2565a849dc98,2,AY.4.2.2,Delta (AY.4.2-like),1023.0000000001,2021-08-18,704793,AY.4.2.2,Delta (AY.4.2-like),970.0,2021-10-10,657281,AY.4.2.2,Delta (AY.4.2-like),1023.0000000002,2021-08-18,513026,AY.4.2,Delta (AY.4.2-like),1094.000000337397,2021-06-08,762432,AY.4.2.2,Delta (AY.4.2-like),1023.0,2021-08-18,167127,B.1.617.2,Delta (B.1.617.2-like),1268.2440285999382,2020-12-16,False,1,4,0,False,8,0,,0,
656139,SRR16606679,3,1,1,21535,22027,2,COVID-AMPLISEQ-V1,.,2021-09-28,55844c0314d3,2,AY.119,Delta (B.1.617.2-like),987.0,2021-09-23,656138,AY.119,Delta (B.1.617.2-like),982.0,2021-09-28,636473,AY.119,Delta (B.1.617.2-like),987.0000000001,2021-09-23,411265,AY.119,Delta (B.1.617.2-like),1113.798226019964,2021-05-20,656138,AY.119,Delta (B.1.617.2-like),982.0,2021-09-28,167127,B.1.617.2,Delta (B.1.617.2-like),1268.2440285999382,2020-12-16,False,0,7,-1,False,6,0,,0,
628327,SRR16527680,1,1,1,22026,22027,0,COVID-AMPLISEQ-V1,.,2021-09-21,14302c0ca9bc,2,AY.100,Delta (B.1.617.2-like),1000.0,2021-09-10,628326,AY.100,Delta (B.1.617.2-like),989.0,2021-09-21,579415,AY.100,Delta (B.1.617.2-like),1000.0000000001,2021-09-10,324982,AY.100,Delta (B.1.617.2-like),1144.7454560367014,2021-04-19,628326,AY.100,Delta (B.1.617.2-like),989.0,2021-09-21,167127,B.1.617.2,Delta (B.1.617.2-like),1268.2440285999382,2020-12-16,False,0,7,1,False,6,0,,0,
622037,SRR16381073,1,1,1,21847,22027,3,COVID-AMPLISEQ-V1,.,2021-09-20,38b9086db314,2,AY.105,Delta (B.1.617.2-like),1000.0,2021-09-10,622036,AY.105,Delta (B.1.617.2-like),990.0,2021-09-20,578374,AY.105,Delta (B.1.617.2-like),1000.0000000001,2021-09-10,393715,AY.105,Delta (B.1.617.2-like),1049.0,2021-07-23,622036,AY.105,Delta (B.1.617.2-like),990.0,2021-09-20,167127,B.1.617.2,Delta (B.1.617.2-like),1268.2440285999382,2020-12-16,False,0,4,0,False,7,0,,0,
620825,ERR7009944,1,1,1,21847,22027,2,COVID-AMPLISEQ-V1,3,2021-09-20,47579766fb4e,2,AY.4,Delta (AY.4-like),1014.5299521184702,2021-08-27,620824,AY.4,Delta (AY.4-like),990.0,2021-09-20,507765,AY.4,Delta (AY.4-like),1042.0,2021-07-30,295610,B.1.617.2,Delta (B.1.617.2-like),1246.8788256838184,2021-01-07,620824,AY.4,Delta (AY.4-like),990.0,2021-09-20,167127,B.1.617.2,Delta (B.1.617.2-like),1268.2440285999382,2020-12-16,False,1,8,0,False,7,0,,0,
616677,ERR6886715,1,1,1,17659,22027,0,COVID-AMPLISEQ-V1,3,2021-09-19,aaa1622becb8,2,AY.4.7,Delta (AY.4-like),1010.7895567888164,2021-08-31,616676,AY.4.7,Delta (AY.4-like),991.0,2021-09-19,453136,AY.4.7,Delta (AY.4-like),1033.0,2021-08-08,468905,AY.4.7,Delta (AY.4-like),1084.0,2021-06-18,616676,AY.4.7,Delta (AY.4-like),991.0,2021-09-19,167127,B.1.617.2,Delta (B.1.617.2-like),1268.2440285999382,2020-12-16,False,0,5,1,False,5,0,,0,
646995,SRR16527809,1,1,1,17965,22027,0,COVID-AMPLISEQ-V1,.,2021-09-26,38044ab4e226,2,AY.34.1,Delta (B.1.617.2-like),991.0,2021-09-19,646994,AY.34.1,Delta (B.1.617.2-like),984.0,2021-09-26,548753,AY.34.1,Delta (B.1.617.2-like),1070.0000000000005,2021-07-02,617669,AY.34.1,Delta (B.1.617.2-like),991.0000000002,2021-09-19,646994,AY.34.1,Delta (B.1.617.2-like),984.0,2021-09-26,376498,AY.34.1,Delta (B.1.617.2-like),1070.0000000004006,2021-07-02,False,0,7,1,False,6,0,,0,
646795,ERR7145338,1,1,1,21996,22027,0,COVID-AMPLISEQ-V1,3,2021-09-26,e67530b83a0b,2,AY.4.2,Delta (AY.4.2-like),1013.7877709413632,2021-08-28,646794,AY.4.2,Delta (AY.4.2-like),984.0,2021-09-26,531586,AY.4.2,Delta (AY.4.2-like),1030.0000000001,2021-08-11,513026,AY.4.2,Delta (AY.4.2-like),1094.000000337397,2021-06-08,646794,AY.4.2,Delta (AY.4.2-like),984.0,2021-09-26,167127,B.1.617.2,Delta (B.1.617.2-like),1268.2440285999382,2020-12-16,False,0,5,1,False,6,0,,0,
636408,SRR16527874,2,1,1,20179,22027,2,COVID-AMPLISEQ-V1,.,2021-09-23,b1af49433591,2,AY.20,Delta (B.1.617.2-like),999.4525764465044,2021-09-11,636407,AY.20,Delta (B.1.617.2-like),987.0,2021-09-23,516806,AY.20,Delta (B.1.617.2-like),1014.0,2021-08-27,446580,AY.20,Delta (B.1.617.2-like),1035.0,2021-08-06,636407,AY.20,Delta (B.1.617.2-like),987.0,2021-09-23,167127,B.1.617.2,Delta (B.1.617.2-like),1268.2440285999382,2020-12-16,False,0,10,1,False,8,0,,0,
633536,ERR6882837,1,1,1,21847,22027,1,COVID-AMPLISEQ-V1,3,2021-09-23,39c867d36ecc,2,AY.4,Delta (AY.4-like),1010.7847571535748,2021-08-31,633535,AY.4,Delta (AY.4-like),987.0,2021-09-23,333236,AY.4,Delta (AY.4-like),1078.0000000003,2021-06-24,548863,AY.4,Delta (AY.4-like),1077.599517392752,2021-06-25,633535,AY.4,Delta (AY.4-like),987.0,2021-09-23,167127,B.1.617.2,Delta (B.1.617.2-like),1268.2440285999382,2020-12-16,False,0,4,0,False,5,0,,0,
633519,ERR6881713,1,1,1,21847,22027,0,COVID-AMPLISEQ-V1,3,2021-09-23,87eb601b2799,2,AY.4,Delta (AY.4-like),1007.9241489060464,2021-09-03,633518,AY.4,Delta (AY.4-like),987.0,2021-09-23,464613,AY.4,Delta (AY.4-like),1029.0,2021-08-12,295610,B.1.617.2,Delta (B.1.617.2-like),1246.8788256838184,2021-01-07,633518,AY.4,Delta (AY.4-like),987.0,2021-09-23,167127,B.1.617.2,Delta (B.1.617.2-like),1268.2440285999382,2020-12-16,False,1,10,1,False,6,0,,0,
704507,ERR7152210,6,1,1,21847,22027,2,COVID-AMPLISEQ-V1,3,2021-10-10,fb410d730f44,2,AY.4,Delta (AY.4-like),985.3035351734336,2021-09-25,704506,AY.4,Delta (AY.4-like),970.0000000002,2021-10-10,545244,AY.4,Delta (AY.4-like),1007.0,2021-09-03,295610,B.1.617.2,Delta (B.1.617.2-like),1246.8788256838184,2021-01-07,704506,AY.4,Delta (AY.4-like),970.0000000002,2021-10-10,167127,B.1.617.2,Delta (B.1.617.2-like),1268.2440285999382,2020-12-16,False,1,6,0,False,7,1,MNM12,0,
655496,SRR16527644,15,1,1,22026,22027,1,COVID-AMPLISEQ-V1,.,2021-09-28,a9351e0b721e,2,AY.100,Delta (B.1.617.2-like),1037.678151767219,2021-08-04,655495,AY.100,Delta (B.1.617.2-like),982.0,2021-09-28,586751,AY.100,Delta (B.1.617.2-like),1040.0000000001,2021-08-01,371238,AY.100,Delta (B.1.617.2-like),1057.0000000002,2021-07-15,764291,AY.100,Delta (B.1.617.2-like),997.832830526812,2021-09-13,167127,B.1.617.2,Delta (B.1.617.2-like),1268.2440285999382,2020-12-16,False,0,7,1,False,7,0,,0,
654970,ERR7156603,3,1,1,13459,22027,0,COVID-AMPLISEQ-V1,3,2021-09-28,8b79b0616377,2,AY.4,Delta (AY.4-like),1021.0,2021-08-20,654969,AY.4,Delta (AY.4-like),982.0,2021-09-28,379396,AY.4,Delta (AY.4-like),1053.0000000004002,2021-07-19,487203,AY.4,Delta (AY.4-like),1021.0000000001,2021-08-20,654969,AY.4,Delta (AY.4-like),982.0,2021-09-28,167127,B.1.617.2,Delta (B.1.617.2-like),1268.2440285999382,2020-12-16,False,0,7,2,False,5,0,,0,
651401,SRR16527246,2,1,1,15655,22027,1,COVID-AMPLISEQ-V1,.,2021-09-27,a0794bcbe4b3,2,AY.39,Delta (B.1.617.2-like),986.0,2021-09-24,651400,AY.39,Delta (B.1.617.2-like),983.0,2021-09-27,641809,AY.39,Delta (B.1.617.2-like),986.0000000001,2021-09-24,455378,AY.39,Delta (B.1.617.2-like),1035.0,2021-08-06,651400,AY.39,Delta (B.1.617.2-like),983.0,2021-09-27,167127,B.1.617.2,Delta (B.1.617.2-like),1268.2440285999382,2020-12-16,False,0,11,0,False,6,0,,0,
651346,SRR16527390,17,2,1,17914,22027,1,COVID-AMPLISEQ-V1,.,2021-09-27,7052bc5c332e,3,AY.117,Delta (B.1.617.2-like),1002.0,2021-09-08,651345,AY.117,Delta (B.1.617.2-like),983.0,2021-09-27,567376,AY.117,Delta (B.1.617.2-like),1002.0000000002,2021-09-08,482341,AY.117,Delta (B.1.617.2-like),1023.0,2021-08-18,651344,AY.117,Delta (B.1.617.2-like),983.0,2021-09-27,411275,AY.117,Delta (B.1.617.2-like),1094.0000000002,2021-06-08,False,0,5,1,False,4,0,,0,
650727,ERR7050000,2,1,1,21847,22027,1,COVID-AMPLISEQ-V1,3,2021-09-27,cee3cbac154f,2,AY.4,Delta (AY.4-like),1028.0,2021-08-13,650726,AY.4,Delta (AY.4-like),983.0,2021-09-27,642402,AY.4,Delta (AY.4-like),1028.0000000001,2021-08-13,295610,B.1.617.2,Delta (B.1.617.2-like),1246.8788256838184,2021-01-07,650726,AY.4,Delta (AY.4-like),983.0,2021-09-27,167127,B.1.617.2,Delta (B.1.617.2-like),1268.2440285999382,2020-12-16,False,1,8,3,False,6,0,,0,
650489,ERR6999202,8,1,1,21996,22027,1,COVID-AMPLISEQ-V1,3,2021-09-27,cadb952f9cd7,2,AY.4.2,Delta (AY.4.2-like),1007.0000000002,2021-09-03,650488,AY.4.2,Delta (AY.4.2-like),983.0,2021-09-27,545656,AY.4.2,Delta (AY.4.2-like),1007.0000000003,2021-09-03,513026,AY.4.2,Delta (AY.4.2-like),1094.000000337397,2021-06-08,789620,AY.4.2,Delta (AY.4.2-like),1007.0000000001,2021-09-03,167127,B.1.617.2,Delta (B.1.617.2-like),1268.2440285999382,2020-12-16,False,0,6,1,False,7,1,MNM1a,0,
1166977,ERR12903195,1,1,1,17324,22027,1,COVID-ARTIC-V3,.,2022-01-26,0b4a7713ff02,2,BA.1.17.2,Omicron (BA.1-like),867.0,2022-01-21,1166976,BA.1.17.2,Omicron (BA.1-like),862.0,2022-01-26,1144993,BA.1.17.2,Omicron (BA.1-like),867.0000000001,2022-01-21,1039037,BA.1.17.2,Omicron (BA.1-like),901.0,2021-12-18,1166976,BA.1.17.2,Omicron (BA.1-like),862.0,2022-01-26,871714,BA.1,Omicron (BA.1-like),1011.137026065978,2021-08-30,False,0,4,3,False,5,0,,0,
664648,ERR7146908,2,1,1,21847,22027,2,COVID-AMPLISEQ-V1,3,2021-09-30,2c853b5260c8,2,AY.4,Delta (AY.4-like),988.0,2021-09-22,664647,AY.4,Delta (AY.4-like),980.0,2021-09-30,631131,AY.4,Delta (AY.4-like),988.0000000001,2021-09-22,295610,B.1.617.2,Delta (B.1.617.2-like),1246.8788256838184,2021-01-07,664647,AY.4,Delta (AY.4-like),980.0,2021-09-30,167127,B.1.617.2,Delta (B.1.617.2-like),1268.2440285999382,2020-12-16,False,1,9,-1,False,6,0,,0,
863852,ERR7707958,1,1,1,12526,22027,1,COVID-AMPLISEQ-V1,3,2021-11-12,855de564709b,2,AY.36,Delta (B.1.617.2-like),951.0581267087978,2021-10-29,863851,AY.36,Delta (B.1.617.2-like),937.0,2021-11-12,783044,AY.36,Delta (B.1.617.2-like),952.0,2021-10-28,423994,AY.36,Delta (B.1.617.2-like),1040.0000000001,2021-08-01,863851,AY.36,Delta (B.1.617.2-like),937.0,2021-11-12,426077,AY.36,Delta (B.1.617.2-like),1114.113425825984,2021-05-19,False,0,5,0,False,5,0,,0,
725994,ERR7244470,13,1,1,21847,22027,3,COVID-AMPLISEQ-V1,3,2021-10-15,1b0468d93746,2,B.1.617.2,Delta (B.1.617.2-like),991.1165338919848,2021-09-19,725993,B.1.617.2,Delta (B.1.617.2-like),965.0000000001,2021-10-15,456512,B.1.617.2,Delta (B.1.617.2-like),1109.0000000000005,2021-05-24,295610,B.1.617.2,Delta (B.1.617.2-like),1246.8788256838184,2021-01-07,725993,B.1.617.2,Delta (B.1.617.2-like),965.0000000001,2021-10-15,167127,B.1.617.2,Delta (B.1.617.2-like),1268.2440285999382,2020-12-16,False,0,6,0,False,8,0,,0,
723568,SRR20258796,3,1,1,22026,22027,1,COVID-AMPLISEQ-V1,.,2021-10-14,f89e4de5feee,2,AY.100,Delta (B.1.617.2-like),969.0,2021-10-11,723567,AY.100,Delta (B.1.617.2-like),966.0,2021-10-14,709519,AY.100,Delta (B.1.617.2-like),969.0000000001,2021-10-11,443852,AY.100,Delta (B.1.617.2-like),1144.7454560365013,2021-04-19,723567,AY.100,Delta (B.1.617.2-like),966.0,2021-10-14,167127,B.1.617.2,Delta (B.1.617.2-like),1268.2440285999382,2020-12-16,False,0,6,2,False,7,0,,0,
721606,ERR7205472,28,1,1,21975,22027,1,COVID-AMPLISEQ-V1,3,2021-10-14,708d5582d6c5,2,AY.4,Delta (AY.4-like),988.5603637466634,2021-09-22,721605,AY.4,Delta (AY.4-like),966.0000000002,2021-10-14,518065,AY.4,Delta (AY.4-like),1051.0,2021-07-21,385990,AY.4,Delta (AY.4-like),1051.0,2021-07-21,721605,AY.4,Delta (AY.4-like),966.0000000002,2021-10-14,167127,B.1.617.2,Delta (B.1.617.2-like),1268.2440285999382,2020-12-16,False,0,7,2,False,6,0,,0,
731003,SRR20258511,1,1,1,13813,22027,0,COVID-AMPLISEQ-V1,.,2021-10-16,3ae2da9ee39e,2,AY.34.1,Delta (B.1.617.2-like),972.0,2021-10-08,731002,AY.34.1,Delta (B.1.617.2-like),964.0,2021-10-16,705050,AY.34.1,Delta (B.1.617.2-like),993.4270996583336,2021-09-17,698391,AY.34.1,Delta (B.1.617.2-like),972.0000000001,2021-10-08,731002,AY.34.1,Delta (B.1.617.2-like),964.0,2021-10-16,376498,AY.34.1,Delta (B.1.617.2-like),1070.0000000004006,2021-07-02,False,0,5,1,False,5,0,,0,
730996,SRR20258497,18,1,1,22026,22027,1,COVID-AMPLISEQ-V1,.,2021-10-16,add1c911c124,2,AY.100,Delta (B.1.617.2-like),981.1780148587972,2021-09-29,730995,AY.100,Delta (B.1.617.2-like),964.0000000001,2021-10-16,605200,AY.100,Delta (B.1.617.2-like),994.0000000001,2021-09-16,460607,AY.100,Delta (B.1.617.2-like),1057.0000000001,2021-07-15,730995,AY.100,Delta (B.1.617.2-like),964.0000000001,2021-10-16,167127,B.1.617.2,Delta (B.1.617.2-like),1268.2440285999382,2020-12-16,False,0,6,0,False,6,0,,0,
730145,ERR7319518,1,1,1,21847,22027,2,COVID-AMPLISEQ-V1,3,2021-10-16,45a39a249a62,2,AY.4,Delta (AY.4-like),978.7180866288232,2021-10-02,730144,AY.4,Delta (AY.4-like),964.0,2021-10-16,535984,AY.4,Delta (AY.4-like),1009.0,2021-09-01,295610,B.1.617.2,Delta (B.1.617.2-like),1246.8788256838184,2021-01-07,730144,AY.4,Delta (AY.4-like),964.0,2021-10-16,167127,B.1.617.2,Delta (B.1.617.2-like),1268.2440285999382,2020-12-16,False,1,8,2,False,6,0,,0,
730085,ERR7310933,2,1,1,21996,22027,2,COVID-ARTIC-V3,3,2021-10-16,edb67d550da4,2,AY.4.2,Delta (AY.4.2-like),980.7746446021428,2021-09-30,730084,AY.4.2,Delta (AY.4.2-like),964.0,2021-10-16,614794,AY.4.2,Delta (AY.4.2-like),1026.0,2021-08-15,513026,AY.4.2,Delta (AY.4.2-like),1094.000000337397,2021-06-08,730084,AY.4.2,Delta (AY.4.2-like),964.0,2021-10-16,167127,B.1.617.2,Delta (B.1.617.2-like),1268.2440285999382,2020-12-16,False,0,5,2,False,8,0,,0,
729831,ERR7239529,1,1,1,21747,22027,3,COVID-AMPLISEQ-V1,3,2021-10-16,a03e65b42aa5,2,AY.4,Delta (AY.4-like),976.5366014695716,2021-10-04,729830,AY.4,Delta (AY.4-like),964.0,2021-10-16,649517,AY.4,Delta (AY.4-like),983.0,2021-09-27,507802,B.1.617.2,Delta (B.1.617.2-like),1217.8635639073295,2021-02-05,729830,AY.4,Delta (AY.4-like),964.0,2021-10-16,167127,B.1.617.2,Delta (B.1.617.2-like),1268.2440285999382,2020-12-16,False,1,9,-1,False,7,0,,0,
729793,ERR7231714,1,1,1,10987,22027,1,COVID-AMPLISEQ-V1,3,2021-10-16,ce833951a97e,2,AY.4,Delta (AY.4-like),982.291286412872,2021-09-28,729792,AY.4,Delta (AY.4-like),964.0,2021-10-16,569819,AY.4,Delta (AY.4-like),1001.0000000001,2021-09-09,574625,AY.4,Delta (AY.4-like),1089.346809825336,2021-06-13,729792,AY.4,Delta (AY.4-like),964.0,2021-10-16,167127,B.1.617.2,Delta (B.1.617.2-like),1268.2440285999382,2020-12-16,False,0,4,0,False,5,0,,0,
714994,SRR16883439,1,1,1,6318,22027,2,COVID-AMPLISEQ-V1,.,2021-10-12,271ff026ec66,2,AY.39,Delta (B.1.617.2-like),972.0,2021-10-08,714993,AY.39,Delta (B.1.617.2-like),968.0,2021-10-12,697784,AY.39,Delta (B.1.617.2-like),972.0000000001,2021-10-08,678855,AY.39,Delta (B.1.617.2-like),976.0,2021-10-04,714993,AY.39,Delta (B.1.617.2-like),968.0,2021-10-12,479803,AY.39,Delta (B.1.617.2-like),1072.0322278009623,2021-06-30,False,0,4,-1,False,6,0,,0,
739416,SRR20258692,10,1,1,21725,22027,1,COVID-AMPLISEQ-V1,.,2021-10-18,8484218081e6,2,AY.120.1,Delta (B.1.617.2-like),967.0,2021-10-13,739415,AY.120.1,Delta (B.1.617.2-like),962.0000000001,2021-10-18,719418,AY.120.1,Delta (B.1.617.2-like),967.0000000001,2021-10-13,455502,AY.120.1,Delta (B.1.617.2-like),1032.0,2021-08-09,739415,AY.120.1,Delta (B.1.617.2-like),962.0000000001,2021-10-18,167127,B.1.617.2,Delta (B.1.617.2-like),1268.2440285999382,2020-12-16,False,0,7,1,False,7,0,,0,
739359,SRR20258397,3,1,1,22026,22027,3,COVID-AMPLISEQ-V1,.,2021-10-18,6c689aec39c7,2,AY.100,Delta (B.1.617.2-like),976.2889857741123,2021-10-04,739358,AY.100,Delta (B.1.617.2-like),962.0,2021-10-18,505868,AY.100,Delta (B.1.617.2-like),1016.0,2021-08-25,371238,AY.100,Delta (B.1.617.2-like),1057.0000000002,2021-07-15,739358,AY.100,Delta (B.1.617.2-like),962.0,2021-10-18,167127,B.1.617.2,Delta (B.1.617.2-like),1268.2440285999382,2020-12-16,False,0,7,0,False,8,0,,0,
739311,SRR20258232,1,1,1,21262,22027,2,COVID-AMPLISEQ-V1,.,2021-10-18,ecef2b8c6dea,2,AY.39.1,Delta (B.1.617.2-like),976.6216173482076,2021-10-04,739310,AY.39.1,Delta (B.1.617.2-like),962.0,2021-10-18,646983,AY.39.1,Delta (B.1.617.2-like),984.0,2021-09-26,455378,AY.39,Delta (B.1.617.2-like),1035.0,2021-08-06,739310,AY.39.1,Delta (B.1.617.2-like),962.0,2021-10-18,167127,B.1.617.2,Delta (B.1.617.2-like),1268.2440285999382,2020-12-16,False,1,14,-1,False,6,0,,0,
737227,ERR7244647,2,1,1,21138,22027,1,COVID-AMPLISEQ-V1,3,2021-10-18,16c84617b942,2,AY.126,Delta (B.1.617.2-like),974.5267144799598,2021-10-06,737226,AY.126,Delta (B.1.617.2-like),962.0,2021-10-18,653330,AY.126,Delta (B.1.617.2-like),984.0,2021-09-26,656094,AY.119,Delta (B.1.617.2-like),982.0,2021-09-28,737226,AY.126,Delta (B.1.617.2-like),962.0,2021-10-18,167127,B.1.617.2,Delta (B.1.617.2-like),1268.2440285999382,2020-12-16,False,2,16,0,False,6,0,,0,
737077,ERR7235713,1,1,1,15853,22027,3,COVID-AMPLISEQ-V1,3,2021-10-18,8fa0bb3ffb47,2,AY.112,Delta (B.1.617.2-like),979.73061034705,2021-10-01,737076,AY.112,Delta (B.1.617.2-like),962.0,2021-10-18,453144,B.1.617.2,Delta (B.1.617.2-like),1033.0000000001,2021-08-08,592942,AY.112,Delta (B.1.617.2-like),1182.4891549113192,2021-03-12,737076,AY.112,Delta (B.1.617.2-like),962.0,2021-10-18,167127,B.1.617.2,Delta (B.1.617.2-like),1268.2440285999382,2020-12-16,False,1,5,2,False,8,0,,0,
733116,ERR7244209,1,1,1,19649,22027,2,COVID-AMPLISEQ-V1,3,2021-10-17,8aa6b5759549,2,AY.4,Delta (AY.4-like),986.1239833268992,2021-09-24,733115,AY.4,Delta (AY.4-like),963.0,2021-10-17,569758,AY.4,Delta (AY.4-like),1020.0000000001,2021-08-21,387567,AY.119,Delta (B.1.617.2-like),1124.9971473701803,2021-05-09,733115,AY.4,Delta (AY.4-like),963.0,2021-10-17,167127,B.1.617.2,Delta (B.1.617.2-like),1268.2440285999382,2020-12-16,False,2,8,0,False,7,0,,0,
1002452,SRR21266675,1,1,1,12533,22027,3,COVID-AMPLISEQ-V1,.,2021-12-08,b40bd90e0c5f,2,AY.42,Delta (B.1.617.2-like),924.7821569360518,2021-11-25,1002451,AY.42,Delta (B.1.617.2-like),911.0,2021-12-08,802042,AY.42,Delta (B.1.617.2-like),948.0,2021-11-01,373409,AY.42,Delta (B.1.617.2-like),1056.0000000003,2021-07-16,1002451,AY.42,Delta (B.1.617.2-like),911.0,2021-12-08,167127,B.1.617.2,Delta (B.1.617.2-like),1268.2440285999382,2020-12-16,False,0,6,-1,False,7,0,,0,
999920,ERR8204883,1,1,1,21486,22027,3,COVID-AMPLISEQ-V1,3,2021-12-08,29f3ecc2886c,2,AY.4,Delta (AY.4-like),931.7960027363396,2021-11-18,999919,AY.4,Delta (AY.4-like),911.0,2021-12-08,795773,AY.4,Delta (AY.4-like),970.0000000001,2021-10-10,347144,AY.4,Delta (AY.4-like),1070.0,2021-07-02,999919,AY.4,Delta (AY.4-like),911.0,2021-12-08,167127,B.1.617.2,Delta (B.1.617.2-like),1268.2440285999382,2020-12-16,False,0,9,-1,False,7,0,,0,
713992,ERR7301467,4,1,1,21996,22027,2,COVID-ARTIC-V3,3,2021-10-12,58a9756be440,2,AY.4.2,Delta (AY.4.2-like),971.0,2021-10-09,713991,AY.4.2,Delta (AY.4.2-like),968.0,2021-10-12,700623,AY.4.2,Delta (AY.4.2-like),971.0000000001,2021-10-09,513026,AY.4.2,Delta (AY.4.2-like),1094.000000337397,2021-06-08,713991,AY.4.2,Delta (AY.4.2-like),968.0,2021-10-12,167127,B.1.617.2,Delta (B.1.617.2-like),1268.2440285999382,2020-12-16,False,0,4,1,False,7,0,,0,
704500,ERR7147643,1,1,1,20081,22027,2,COVID-AMPLISEQ-V1,3,2021-10-10,62ecfaab2134,2,AY.4,Delta (AY.4-like),987.867649475075,2021-09-23,704499,AY.4,Delta (AY.4-like),970.0,2021-10-10,509251,AY.4,Delta (AY.4-like),1015.0,2021-08-26,342041,AY.4,Delta (AY.4-like),1073.0,2021-06-29,704499,AY.4,Delta (AY.4-like),970.0,2021-10-10,167127,B.1.617.2,Delta (B.1.617.2-like),1268.2440285999382,2020-12-16,False,0,8,0,False,6,0,,0,
702200,SRR16829648,2,1,1,21847,22027,1,COVID-AMPLISEQ-V1,.,2021-10-09,24f8200ba9cd,2,AY.114,Delta (B.1.617.2-like),1017.0,2021-08-24,702199,AY.114,Delta (B.1.617.2-like),971.0,2021-10-09,502119,AY.114,Delta (B.1.617.2-like),1017.0000000001,2021-08-24,295610,B.1.617.2,Delta (B.1.617.2-like),1246.8788256838184,2021-01-07,702199,AY.114,Delta (B.1.617.2-like),971.0,2021-10-09,167127,B.1.617.2,Delta (B.1.617.2-like),1268.2440285999382,2020-12-16,False,1,10,1,False,5,0,,0,
701050,ERR7142070,2,2,1,21996,22027,2,COVID-AMPLISEQ-V1,3,2021-10-09,144a21281952,3,AY.4.2,Delta (AY.4.2-like),991.3578740657396,2021-09-19,701048,AY.4.2,Delta (AY.4.2-like),971.0,2021-10-09,649928,AY.4.2,Delta (AY.4.2-like),1001.0,2021-09-09,513026,AY.4.2,Delta (AY.4.2-like),1094.000000337397,2021-06-08,701048,AY.4.2,Delta (AY.4.2-like),971.0,2021-10-09,167127,B.1.617.2,Delta (B.1.617.2-like),1268.2440285999382,2020-12-16,False,0,4,1,False,7,0,,0,
708340,ERR7236807,1,1,1,21847,22027,2,COVID-AMPLISEQ-V1,3,2021-10-11,a7f5e48dfac5,2,AY.4,Delta (AY.4-like),971.0,2021-10-09,708339,AY.4,Delta (AY.4-like),969.0,2021-10-11,700435,AY.4,Delta (AY.4-like),971.0000000001,2021-10-09,295610,B.1.617.2,Delta (B.1.617.2-like),1246.8788256838184,2021-01-07,708339,AY.4,Delta (AY.4-like),969.0,2021-10-11,167127,B.1.617.2,Delta (B.1.617.2-like),1268.2440285999382,2020-12-16,False,1,8,-1,False,6,0,,0,
708329,ERR7236271,4,1,1,19270,22027,2,COVID-AMPLISEQ-V1,3,2021-10-11,366e41a65c3c,2,AY.4,Delta (AY.4-like),986.423661224486,2021-09-24,708328,AY.4,Delta (AY.4-like),969.0000000001,2021-10-11,484301,AY.4,Delta (AY.4-like),1022.0000000002,2021-08-19,637890,AY.4,Delta (AY.4-like),1048.0,2021-07-24,708328,AY.4,Delta (AY.4-like),969.0000000001,2021-10-11,167127,B.1.617.2,Delta (B.1.617.2-like),1268.2440285999382,2020-12-16,False,0,7,0,False,6,0,,0,
708317,ERR7235240,2,1,1,21847,22027,3,COVID-AMPLISEQ-V1,3,2021-10-11,81ed9942b2a2,2,AY.4,Delta (AY.4-like),1007.0,2021-09-03,708316,AY.4,Delta (AY.4-like),969.0,2021-10-11,479763,AY.4,Delta (AY.4-like),1061.0,2021-07-11,546416,AY.4,Delta (AY.4-like),1007.0000000002,2021-09-03,708316,AY.4,Delta (AY.4-like),969.0,2021-10-11,167127,B.1.617.2,Delta (B.1.617.2-like),1268.2440285999382,2020-12-16,False,0,7,1,False,7,0,,0,
708235,ERR7229021,1,1,1,21847,22027,1,COVID-AMPLISEQ-V1,3,2021-10-11,b24a695a73a2,2,AY.4,Delta (AY.4-like),991.393738589676,2021-09-19,708234,AY.4,Delta (AY.4-like),969.0,2021-10-11,493122,AY.4,Delta (AY.4-like),1019.0,2021-08-22,295610,B.1.617.2,Delta (B.1.617.2-like),1246.8788256838184,2021-01-07,708234,AY.4,Delta (AY.4-like),969.0,2021-10-11,167127,B.1.617.2,Delta (B.1.617.2-like),1268.2440285999382,2020-12-16,False,1,10,0,False,6,0,,0,
705901,SRR16883640,1,1,1,21847,22027,1,COVID-AMPLISEQ-V1,.,2021-10-10,f3ba00432ee5,2,AY.105,Delta (B.1.617.2-like),973.0,2021-10-07,705900,AY.105,Delta (B.1.617.2-like),970.0,2021-10-10,692403,AY.105,Delta (B.1.617.2-like),973.0000000001,2021-10-07,393715,AY.105,Delta (B.1.617.2-like),1049.0,2021-07-23,705900,AY.105,Delta (B.1.617.2-like),970.0,2021-10-10,167127,B.1.617.2,Delta (B.1.617.2-like),1268.2440285999382,2020-12-16,False,0,6,0,False,6,0,,0,
714003,ERR7302113,5,2,1,21996,22027,0,COVID-ARTIC-V3,3,2021-10-12,808b870df0a4,3,AY.4.2,Delta (AY.4.2-like),1000.4765662750358,2021-09-10,714001,AY.4.2,Delta (AY.4.2-like),968.0,2021-10-12,682539,AY.4.2,Delta (AY.4.2-like),1013.0,2021-08-28,513026,AY.4.2,Delta (AY.4.2-like),1094.000000337397,2021-06-08,714001,AY.4.2,Delta (AY.4.2-like),968.0,2021-10-12,167127,B.1.617.2,Delta (B.1.617.2-like),1268.2440285999382,2020-12-16,False,0,7,2,False,7,0,,0,
632165,SRR16527612,12,1,1,20056,22027,3,COVID-AMPLISEQ-V1,.,2021-09-22,3a8d8e2a108b,2,AY.20,Delta (B.1.617.2-like),1007.8090212401348,2021-09-03,632164,AY.20,Delta (B.1.617.2-like),988.0,2021-09-22,426071,AY.20,Delta (B.1.617.2-like),1159.820352545791,2021-04-04,446580,AY.20,Delta (B.1.617.2-like),1035.0,2021-08-06,632164,AY.20,Delta (B.1.617.2-like),988.0,2021-09-22,167127,B.1.617.2,Delta (B.1.617.2-like),1268.2440285999382,2020-12-16,False,0,6,1,False,8,0,,0,
713803,ERR7231659,1,1,1,18526,22027,2,COVID-AMPLISEQ-V1,3,2021-10-12,bdf3aff5b9a8,2,AY.126,Delta (B.1.617.2-like),979.224296689244,2021-10-01,713802,AY.126,Delta (B.1.617.2-like),968.0,2021-10-12,650685,AY.126,Delta (B.1.617.2-like),983.0,2021-09-27,512858,AY.126,Delta (B.1.617.2-like),1136.9673593886175,2021-04-27,713802,AY.126,Delta (B.1.617.2-like),968.0,2021-10-12,167127,B.1.617.2,Delta (B.1.617.2-like),1268.2440285999382,2020-12-16,False,0,7,3,False,9,0,,0,
713654,ERR7204000,1,1,1,21847,22027,2,COVID-AMPLISEQ-V1,3,2021-10-12,6d480ce10ee2,2,AY.4,Delta (AY.4-like),987.5100239532044,2021-09-23,713653,AY.4,Delta (AY.4-like),968.0,2021-10-12,472355,AY.4,Delta (AY.4-like),1049.6023033614126,2021-07-23,463444,AY.4,Delta (AY.4-like),1082.0,2021-06-20,713653,AY.4,Delta (AY.4-like),968.0,2021-10-12,167127,B.1.617.2,Delta (B.1.617.2-like),1268.2440285999382,2020-12-16,False,0,6,0,False,7,0,,0,
708513,ERR7307731,2,1,1,22026,22027,2,COVID-ARTIC-V3,3,2021-10-11,ac47e5178d73,2,AY.4.2.2,Delta (AY.4.2-like),970.0,2021-10-10,708512,AY.4.2.2,Delta (AY.4.2-like),969.0,2021-10-11,633704,AY.4.2.2,Delta (AY.4.2-like),987.0000000001,2021-09-23,704783,AY.4.2.2,Delta (AY.4.2-like),970.0000000001,2021-10-10,708512,AY.4.2.2,Delta (AY.4.2-like),969.0,2021-10-11,167127,B.1.617.2,Delta (B.1.617.2-like),1268.2440285999382,2020-12-16,False,0,7,-1,False,6,0,,0,
1111069,SRR19945500,1,1,1,21382,22027,2,COVID-AMPLISEQ-V1,.,2022-01-14,a88448bb4837,2,AY.39,Delta (B.1.617.2-like),895.056699887136,2021-12-24,1111068,AY.39,Delta (B.1.617.2-like),874.0,2022-01-14,1006824,AY.39,Delta (B.1.617.2-like),969.0000000001,2021-10-11,455378,AY.39,Delta (B.1.617.2-like),1035.0,2021-08-06,1111068,AY.39,Delta (B.1.617.2-like),874.0,2022-01-14,167127,B.1.617.2,Delta (B.1.617.2-like),1268.2440285999382,2020-12-16,False,0,10,-1,False,6,0,,0,
717996,ERR7307967,5,1,1,12873,22027,1,COVID-ARTIC-V3,3,2021-10-13,c748be4cc6d6,2,AY.4.2.1,Delta (AY.4.2-like),982.4936275166948,2021-09-28,717995,AY.4.2.1,Delta (AY.4.2-like),967.0000000001,2021-10-13,702927,AY.4.2.1,Delta (AY.4.2-like),986.0,2021-09-24,497474,AY.4.2.1,Delta (AY.4.2-like),1018.0000000001,2021-08-23,717995,AY.4.2.1,Delta (AY.4.2-like),967.0000000001,2021-10-13,167127,B.1.617.2,Delta (B.1.617.2-like),1268.2440285999382,2020-12-16,False,0,6,1,False,6,0,,0,
717860,ERR7239836,1,1,1,18653,22027,0,COVID-AMPLISEQ-V1,3,2021-10-13,413cb7015943,2,AY.4,Delta (AY.4-like),984.6425757129522,2021-09-26,717859,AY.4,Delta (AY.4-like),967.0,2021-10-13,594074,AY.4,Delta (AY.4-like),996.0000000001,2021-09-14,347111,AY.4,Delta (AY.4-like),1070.0,2021-07-02,717859,AY.4,Delta (AY.4-like),967.0,2021-10-13,167127,B.1.617.2,Delta (B.1.617.2-like),1268.2440285999382,2020-12-16,False,0,6,1,False,5,0,,0,
715189,SRR16884109,1,1,1,18757,22027,1,COVID-AMPLISEQ-V1,.,2021-10-12,8b033c16cc34,2,AY.39,Delta (B.1.617.2-like),970.0,2021-10-10,715188,AY.39,Delta (B.1.617.2-like),968.0,2021-10-12,705195,AY.39,Delta (B.1.617.2-like),970.0000000001,2021-10-10,455378,AY.39,Delta (B.1.617.2-like),1035.0,2021-08-06,715188,AY.39,Delta (B.1.617.2-like),968.0,2021-10-12,167127,B.1.617.2,Delta (B.1.617.2-like),1268.2440285999382,2020-12-16,False,0,15,0,False,6,0,,0,
714999,SRR16883450,1,1,1,21847,22027,3,COVID-AMPLISEQ-V1,.,2021-10-12,c08862ed0843,2,B.1.617.2,Delta (B.1.617.2-like),980.150524908785,2021-09-30,714998,B.1.617.2,Delta (B.1.617.2-like),968.0,2021-10-12,644000,B.1.617.2,Delta (B.1.617.2-like),985.0,2021-09-25,295610,B.1.617.2,Delta (B.1.617.2-like),1246.8788256838184,2021-01-07,714998,B.1.617.2,Delta (B.1.617.2-like),968.0,2021-10-12,167127,B.1.617.2,Delta (B.1.617.2-like),1268.2440285999382,2020-12-16,True,0,10,-1,False,7,0,,0,
500267,ERR6628027,1,1,1,14305,22027,1,COVID-AMPLISEQ-V1,3,2021-08-24,23505da28b48,2,AY.4,Delta (AY.4-like),1032.72221656406,2021-08-09,500266,AY.4,Delta (AY.4-like),1017.0,2021-08-24,381723,AY.4,Delta (AY.4-like),1052.0,2021-07-20,468888,AY.4,Delta (AY.4-like),1094.000000363537,2021-06-08,500266,AY.4,Delta (AY.4-like),1017.0,2021-08-24,167127,B.1.617.2,Delta (B.1.617.2-like),1268.2440285999382,2020-12-16,False,0,4,1,False,5,0,,0,
462369,SRR15877561,1,1,1,21847,22027,1,COVID-AMPLISEQ-V1,.,2021-08-11,51b44b85dceb,2,AY.116,Delta (B.1.617.2-like),1032.0,2021-08-09,462368,AY.116,Delta (B.1.617.2-like),1030.0,2021-08-11,455552,AY.116,Delta (B.1.617.2-like),1032.0000000001,2021-08-09,295610,B.1.617.2,Delta (B.1.617.2-like),1246.8788256838184,2021-01-07,462368,AY.116,Delta (B.1.617.2-like),1030.0,2021-08-11,167127,B.1.617.2,Delta (B.1.617.2-like),1268.2440285999382,2020-12-16,False,1,9,0,False,6,0,,0,
462264,SRR15819150,1,1,1,22026,22027,3,COVID-AMPLISEQ-V1,.,2021-08-11,bc1b44552c89,2,AY.20,Delta (B.1.617.2-like),1036.0,2021-08-05,462263,AY.20,Delta (B.1.617.2-like),1030.0,2021-08-11,442589,AY.20,Delta (B.1.617.2-like),1036.0000000001,2021-08-05,439961,AY.20,Delta (B.1.617.2-like),1036.0000000001,2021-08-05,462263,AY.20,Delta (B.1.617.2-like),1030.0,2021-08-11,324837,AY.20,Delta (B.1.617.2-like),1151.6376621747672,2021-04-12,False,0,6,0,False,8,0,,0,
484662,ERR6634242,1,1,1,19961,22027,1,COVID-AMPLISEQ-V1,3,2021-08-19,2853f7cf362d,2,AY.4,Delta (AY.4-like),1025.0,2021-08-16,484661,AY.4,Delta (AY.4-like),1022.0,2021-08-19,370608,AY.4,Delta (AY.4-like),1057.0,2021-07-15,474770,AY.4,Delta (AY.4-like),1025.0000000001,2021-08-16,484661,AY.4,Delta (AY.4-like),1022.0,2021-08-19,167127,B.1.617.2,Delta (B.1.617.2-like),1268.2440285999382,2020-12-16,False,0,4,1,False,5,0,,0,
482339,SRR15863962,1,1,1,22026,22027,0,COVID-AMPLISEQ-V1,.,2021-08-18,19b2520ba32d,2,AY.100,Delta (B.1.617.2-like),1036.0,2021-08-05,482338,AY.100,Delta (B.1.617.2-like),1023.0,2021-08-18,442229,AY.100,Delta (B.1.617.2-like),1036.0000000001,2021-08-05,371238,AY.100,Delta (B.1.617.2-like),1057.0000000002,2021-07-15,482338,AY.100,Delta (B.1.617.2-like),1023.0,2021-08-18,167127,B.1.617.2,Delta (B.1.617.2-like),1268.2440285999382,2020-12-16,False,0,6,1,False,6,0,,0,
479895,ERR6573578,1,1,1,21847,22027,2,COVID-AMPLISEQ-V1,3,2021-08-18,9a90bb1f7096,2,AY.128,Delta (B.1.617.2-like),1034.0,2021-08-07,479894,AY.128,Delta (B.1.617.2-like),1023.0,2021-08-18,450298,AY.128,Delta (B.1.617.2-like),1034.0000000001,2021-08-07,295610,B.1.617.2,Delta (B.1.617.2-like),1246.8788256838184,2021-01-07,479894,AY.128,Delta (B.1.617.2-like),1023.0,2021-08-18,167127,B.1.617.2,Delta (B.1.617.2-like),1268.2440285999382,2020-12-16,False,1,5,0,False,6,0,,0,
478806,SRR15863883,14,1,1,20506,22027,0,COVID-AMPLISEQ-V1,.,2021-08-17,61931c7cc517,2,AY.118,Delta (B.1.617.2-like),1047.0,2021-07-25,478805,AY.118,Delta (B.1.617.2-like),1024.0,2021-08-17,399540,AY.118,Delta (B.1.617.2-like),1047.0000000002,2021-07-25,434939,AY.118,Delta (B.1.617.2-like),1087.000060146116,2021-06-15,478805,AY.118,Delta (B.1.617.2-like),1024.0,2021-08-17,167127,B.1.617.2,Delta (B.1.617.2-like),1268.2440285999382,2020-12-16,False,0,7,1,False,4,0,,0,
477949,ERR6622206,1,1,1,21847,22027,0,COVID-AMPLISEQ-V1,3,2021-08-17,664180974867,2,AY.4,Delta (AY.4-like),1047.6474862921634,2021-07-25,477948,AY.4,Delta (AY.4-like),1024.0,2021-08-17,337766,AY.4,Delta (AY.4-like),1075.0,2021-06-27,295610,B.1.617.2,Delta (B.1.617.2-like),1246.8788256838184,2021-01-07,477948,AY.4,Delta (AY.4-like),1024.0,2021-08-17,167127,B.1.617.2,Delta (B.1.617.2-like),1268.2440285999382,2020-12-16,False,1,7,1,False,4,0,,0,
487210,ERR6623806,7,1,1,21847,22027,1,COVID-AMPLISEQ-V1,3,2021-08-20,4855fc29b0c0,2,AY.4,Delta (AY.4-like),1038.629307490342,2021-08-03,487209,AY.4,Delta (AY.4-like),1021.0,2021-08-20,385157,AY.4,Delta (AY.4-like),1051.0000000003,2021-07-21,295610,B.1.617.2,Delta (B.1.617.2-like),1246.8788256838184,2021-01-07,487209,AY.4,Delta (AY.4-like),1021.0,2021-08-20,167127,B.1.617.2,Delta (B.1.617.2-like),1268.2440285999382,2020-12-16,False,1,7,0,False,6,0,,0,
487200,ERR6622251,1,1,1,21847,22027,2,COVID-AMPLISEQ-V1,3,2021-08-20,d723986bd3bd,2,AY.4,Delta (AY.4-like),1022.0,2021-08-19,487199,AY.4,Delta (AY.4-like),1021.0,2021-08-20,484634,AY.4,Delta (AY.4-like),1022.0000000001,2021-08-19,295610,B.1.617.2,Delta (B.1.617.2-like),1246.8788256838184,2021-01-07,487199,AY.4,Delta (AY.4-like),1021.0,2021-08-20,167127,B.1.617.2,Delta (B.1.617.2-like),1268.2440285999382,2020-12-16,False,1,7,1,False,7,0,,0,
462441,SRR15916348,1,1,1,18648,22027,2,COVID-AMPLISEQ-V1,.,2021-08-11,db02db8f5439,2,AY.107,Delta (B.1.617.2-like),1044.5407495928473,2021-07-28,462440,AY.107,Delta (B.1.617.2-like),1030.0,2021-08-11,403075,AY.107,Delta (B.1.617.2-like),1046.0,2021-07-26,329068,AY.107,Delta (B.1.617.2-like),1120.5503322620543,2021-05-13,462440,AY.107,Delta (B.1.617.2-like),1030.0,2021-08-11,167127,B.1.617.2,Delta (B.1.617.2-like),1268.2440285999382,2020-12-16,False,0,2,2,False,6,1,mnS1,0,
323673,SRR15230473,1,1,1,21847,22027,3,COVID-AMPLISEQ-V1,.,2021-06-16,06da8841d6cb,2,B.1.617.2,Delta (B.1.617.2-like),1087.0,2021-06-15,323672,B.1.617.2,Delta (B.1.617.2-like),1086.0,2021-06-16,322148,B.1.617.2,Delta (B.1.617.2-like),1087.0000000001,2021-06-15,295610,B.1.617.2,Delta (B.1.617.2-like),1246.8788256838184,2021-01-07,323672,B.1.617.2,Delta (B.1.617.2-like),1086.0,2021-06-16,167127,B.1.617.2,Delta (B.1.617.2-like),1268.2440285999382,2020-12-16,False,0,5,-1,False,7,0,,0,
500222,ERR6622334,3,1,1,21847,22027,2,COVID-AMPLISEQ-V1,3,2021-08-24,d0fc75347ac0,2,AY.4,Delta (AY.4-like),1070.0,2021-07-02,500221,AY.4,Delta (AY.4-like),1017.0,2021-08-24,347240,AY.4,Delta (AY.4-like),1070.0000000001,2021-07-02,295610,B.1.617.2,Delta (B.1.617.2-like),1246.8788256838184,2021-01-07,500221,AY.4,Delta (AY.4-like),1017.0,2021-08-24,167127,B.1.617.2,Delta (B.1.617.2-like),1268.2440285999382,2020-12-16,False,1,6,1,False,6,0,,0,
497475,ERR6832685,32,1,1,21996,22027,1,COVID-AMPLISEQ-V1,3,2021-08-23,43c5b0c235ce,2,AY.4.2.1,Delta (AY.4.2-like),1030.6793437561132,2021-08-11,497474,AY.4.2.1,Delta (AY.4.2-like),1018.0000000001,2021-08-23,426259,AY.4.2.1,Delta (AY.4.2-like),1039.0000000002,2021-08-02,451763,AY.4.2,Delta (AY.4.2-like),1033.0,2021-08-08,497474,AY.4.2.1,Delta (AY.4.2-like),1018.0000000001,2021-08-23,167127,B.1.617.2,Delta (B.1.617.2-like),1268.2440285999382,2020-12-16,False,1,6,0,False,6,0,,0,
497037,ERR6702609,1,1,1,21847,22027,2,COVID-AMPLISEQ-V1,3,2021-08-23,bb715d16a0d3,2,AY.4,Delta (AY.4-like),1034.0191980300276,2021-08-07,497036,AY.4,Delta (AY.4-like),1018.0,2021-08-23,413332,AY.4,Delta (AY.4-like),1043.0,2021-07-29,295610,B.1.617.2,Delta (B.1.617.2-like),1246.8788256838184,2021-01-07,497036,AY.4,Delta (AY.4-like),1018.0,2021-08-23,167127,B.1.617.2,Delta (B.1.617.2-like),1268.2440285999382,2020-12-16,False,1,6,-1,False,6,0,,0,
497031,ERR6701329,1,1,1,20081,22027,2,COVID-AMPLISEQ-V1,3,2021-08-23,39d45a835976,2,AY.4,Delta (AY.4-like),1033.772100874198,2021-08-08,497030,AY.4,Delta (AY.4-like),1018.0,2021-08-23,422880,AY.4,Delta (AY.4-like),1102.0,2021-05-31,342041,AY.4,Delta (AY.4-like),1073.0,2021-06-29,497030,AY.4,Delta (AY.4-like),1018.0,2021-08-23,167127,B.1.617.2,Delta (B.1.617.2-like),1268.2440285999382,2020-12-16,False,0,7,0,False,7,0,,0,
515368,ERR6760245,1,1,1,13426,22027,2,COVID-AMPLISEQ-V1,3,2021-08-27,24117c8e74b4,2,AY.107,Delta (B.1.617.2-like),1029.7028015164717,2021-08-12,515367,AY.107,Delta (B.1.617.2-like),1014.0,2021-08-27,429035,AY.107,Delta (B.1.617.2-like),1039.0,2021-08-02,329068,AY.107,Delta (B.1.617.2-like),1120.5503322620543,2021-05-13,515367,AY.107,Delta (B.1.617.2-like),1014.0,2021-08-27,167127,B.1.617.2,Delta (B.1.617.2-like),1268.2440285999382,2020-12-16,False,0,2,-1,False,6,1,MNM11,0,
513371,ERR6633085,2,1,1,22026,22027,1,COVID-AMPLISEQ-V1,3,2021-08-27,4ac12fe2be26,2,AY.100,Delta (B.1.617.2-like),1015.0,2021-08-26,513370,AY.100,Delta (B.1.617.2-like),1014.0,2021-08-27,508325,AY.100,Delta (B.1.617.2-like),1015.0000000001,2021-08-26,324982,AY.100,Delta (B.1.617.2-like),1144.7454560367014,2021-04-19,513370,AY.100,Delta (B.1.617.2-like),1014.0,2021-08-27,167127,B.1.617.2,Delta (B.1.617.2-like),1268.2440285999382,2020-12-16,False,0,5,0,False,6,0,,0,
513360,ERR6630526,1,1,1,18043,22027,1,COVID-AMPLISEQ-V1,3,2021-08-27,1aa187f59fde,2,AY.36,Delta (B.1.617.2-like),1021.0,2021-08-20,513359,AY.36,Delta (B.1.617.2-like),1014.0,2021-08-27,487251,AY.36,Delta (B.1.617.2-like),1021.0000000001,2021-08-20,423994,AY.36,Delta (B.1.617.2-like),1040.0000000001,2021-08-01,513359,AY.36,Delta (B.1.617.2-like),1014.0,2021-08-27,381530,AY.36,Delta (B.1.617.2-like),1215.475419170946,2021-02-07,False,0,6,0,False,6,0,,0,
444172,ERR6495233,1,1,1,21847,22027,0,COVID-AMPLISEQ-V1,3,2021-08-06,2c885b56a795,2,AY.4,Delta (AY.4-like),1050.940704638077,2021-07-22,444171,AY.4,Delta (AY.4-like),1035.0,2021-08-06,384696,AY.4,Delta (AY.4-like),1051.0,2021-07-21,295610,B.1.617.2,Delta (B.1.617.2-like),1246.8788256838184,2021-01-07,444171,AY.4,Delta (AY.4-like),1035.0,2021-08-06,167127,B.1.617.2,Delta (B.1.617.2-like),1268.2440285999382,2020-12-16,False,1,8,1,False,5,0,,0,
415908,ERR6446480,2,1,1,21847,22027,0,COVID-AMPLISEQ-V1,3,2021-07-30,9e2b1c3744f5,2,AY.4,Delta (AY.4-like),1083.935850795184,2021-06-19,415907,AY.4,Delta (AY.4-like),1042.0,2021-07-30,323112,AY.4,Delta (AY.4-like),1086.0,2021-06-16,295610,B.1.617.2,Delta (B.1.617.2-like),1246.8788256838184,2021-01-07,415907,AY.4,Delta (AY.4-like),1042.0,2021-07-30,167127,B.1.617.2,Delta (B.1.617.2-like),1268.2440285999382,2020-12-16,False,1,8,1,False,5,0,,0,
386064,ERR6486365,1,1,1,21847,22027,0,COVID-AMPLISEQ-V1,3,2021-07-21,a89180bd5f83,2,AY.4,Delta (AY.4-like),1079.356615380835,2021-06-23,386063,AY.4,Delta (AY.4-like),1051.0,2021-07-21,350042,AY.4,Delta (AY.4-like),1094.4755354282615,2021-06-08,295610,B.1.617.2,Delta (B.1.617.2-like),1246.8788256838184,2021-01-07,386063,AY.4,Delta (AY.4-like),1051.0,2021-07-21,167127,B.1.617.2,Delta (B.1.617.2-like),1268.2440285999382,2020-12-16,False,1,6,1,False,4,0,,0,
332322,ERR6491994,15,1,1,21847,22027,3,COVID-AMPLISEQ-V1,3,2021-06-23,d0febb7e4dff,2,AY.124,Delta (B.1.617.2-like),1168.7714017384376,2021-03-26,332321,AY.124,Delta (B.1.617.2-like),1079.0,2021-06-23,288408,AY.124,Delta (B.1.617.2-like),1168.7714017385376,2021-03-26,295610,B.1.617.2,Delta (B.1.617.2-like),1246.8788256838184,2021-01-07,689465,AY.124,Delta (B.1.617.2-like),1137.4071070813036,2021-04-26,167127,B.1.617.2,Delta (B.1.617.2-like),1268.2440285999382,2020-12-16,False,1,6,1,False,8,0,,0,
332444,SRR15227430,52,1,1,21847,22027,2,COVID-AMPLISEQ-V1,.,2021-06-23,a2c4035e1134,2,AY.39,Delta (B.1.617.2-like),1080.0000000002,2021-06-22,332443,AY.39,Delta (B.1.617.2-like),1079.0000000001,2021-06-23,331001,AY.39,Delta (B.1.617.2-like),1080.0000000003,2021-06-22,325023,AY.39,Delta (B.1.617.2-like),1211.7252540738714,2021-02-11,348042,AY.39,Delta (B.1.617.2-like),1080.0000000001,2021-06-22,167127,B.1.617.2,Delta (B.1.617.2-like),1268.2440285999382,2020-12-16,False,0,6,0,False,7,0,,0,
347145,ERR6306060,3,1,1,21847,22027,1,COVID-AMPLISEQ-V1,.,2021-07-02,990cb35b1262,2,AY.4,Delta (AY.4-like),1096.0192396872922,2021-06-06,347144,AY.4,Delta (AY.4-like),1070.0,2021-07-02,329664,AY.4,Delta (AY.4-like),1098.0000000001,2021-06-04,295610,B.1.617.2,Delta (B.1.617.2-like),1246.8788256838184,2021-01-07,347144,AY.4,Delta (AY.4-like),1070.0,2021-07-02,167127,B.1.617.2,Delta (B.1.617.2-like),1268.2440285999382,2020-12-16,False,1,6,0,False,5,0,,0,
405226,ERR6491075,1,1,1,21847,22027,0,COVID-AMPLISEQ-V1,3,2021-07-27,76f20a5114c7,2,AY.4,Delta (AY.4-like),1075.0322757953625,2021-06-27,405225,AY.4,Delta (AY.4-like),1045.0,2021-07-27,325187,AY.4,Delta (AY.4-like),1098.0000000001,2021-06-04,295610,B.1.617.2,Delta (B.1.617.2-like),1246.8788256838184,2021-01-07,405225,AY.4,Delta (AY.4-like),1045.0,2021-07-27,167127,B.1.617.2,Delta (B.1.617.2-like),1268.2440285999382,2020-12-16,False,1,6,1,False,4,0,,0,
390208,SRR15391656,38,1,1,21847,22027,1,COVID-AMPLISEQ-V1,.,2021-07-22,9cdc4d639f6b,2,AY.116.1,Delta (B.1.617.2-like),1075.0000000001,2021-06-27,390207,AY.116.1,Delta (B.1.617.2-like),1050.0,2021-07-22,337094,AY.116.1,Delta (B.1.617.2-like),1075.0000000002,2021-06-27,295610,B.1.617.2,Delta (B.1.617.2-like),1246.8788256838184,2021-01-07,508001,AY.116.1,Delta (B.1.617.2-like),1075.0,2021-06-27,167127,B.1.617.2,Delta (B.1.617.2-like),1268.2440285999382,2020-12-16,False,2,6,1,False,6,0,,0,
386106,ERR6488452,1,1,1,21847,22027,2,COVID-AMPLISEQ-V1,3,2021-07-21,4de02691fd29,2,AY.120.2.1,Delta (B.1.617.2-like),1067.0642980953403,2021-07-05,386105,AY.120.2.1,Delta (B.1.617.2-like),1051.0,2021-07-21,339755,AY.120.2.1,Delta (B.1.617.2-like),1074.0000000002,2021-06-28,295610,B.1.617.2,Delta (B.1.617.2-like),1246.8788256838184,2021-01-07,386105,AY.120.2.1,Delta (B.1.617.2-like),1051.0,2021-07-21,167127,B.1.617.2,Delta (B.1.617.2-like),1268.2440285999382,2020-12-16,False,3,6,-1,False,6,0,,0,
386074,ERR6486587,3,1,1,21847,22027,1,COVID-AMPLISEQ-V1,3,2021-07-21,bc0017497efe,2,AY.4,Delta (AY.4-like),1089.7221890429464,2021-06-13,386073,AY.4,Delta (AY.4-like),1051.0,2021-07-21,315461,AY.4,Delta (AY.4-like),1111.0000000003006,2021-05-22,295610,B.1.617.2,Delta (B.1.617.2-like),1246.8788256838184,2021-01-07,386073,AY.4,Delta (AY.4-like),1051.0,2021-07-21,167127,B.1.617.2,Delta (B.1.617.2-like),1268.2440285999382,2020-12-16,False,1,7,0,False,5,0,,0,
509809,ERR6760510,2,1,1,19863,22027,1,COVID-AMPLISEQ-V1,3,2021-08-26,26e5f3cbc29a,2,AY.4,Delta (AY.4-like),1029.4226134145258,2021-08-12,509808,AY.4,Delta (AY.4-like),1015.0,2021-08-26,420208,AY.4,Delta (AY.4-like),1041.0000000001,2021-07-31,461763,AY.4,Delta (AY.4-like),1030.0,2021-08-11,509808,AY.4,Delta (AY.4-like),1015.0,2021-08-26,167127,B.1.617.2,Delta (B.1.617.2-like),1268.2440285999382,2020-12-16,False,0,6,0,False,6,0,,0,
439977,ERR6491292,1,1,1,21847,22027,2,COVID-AMPLISEQ-V1,3,2021-08-05,6abdaeeddff9,2,AY.4.3,Delta (AY.4-like),1051.1394021930616,2021-07-21,439976,AY.4.3,Delta (AY.4-like),1036.0,2021-08-05,375591,AY.4.3,Delta (AY.4-like),1055.0,2021-07-17,295610,B.1.617.2,Delta (B.1.617.2-like),1246.8788256838184,2021-01-07,439976,AY.4.3,Delta (AY.4-like),1036.0,2021-08-05,167127,B.1.617.2,Delta (B.1.617.2-like),1268.2440285999382,2020-12-16,False,2,7,-1,False,6,0,,0,
439936,ERR6488290,1,1,1,21847,22027,2,COVID-AMPLISEQ-V1,3,2021-08-05,320adbeed53f,2,AY.4,Delta (AY.4-like),1055.6728782255284,2021-07-17,439935,AY.4,Delta (AY.4-like),1036.0,2021-08-05,308600,AY.4,Delta (AY.4-like),1100.0,2021-06-02,295610,B.1.617.2,Delta (B.1.617.2-like),1246.8788256838184,2021-01-07,439935,AY.4,Delta (AY.4-like),1036.0,2021-08-05,167127,B.1.617.2,Delta (B.1.617.2-like),1268.2440285999382,2020-12-16,False,1,6,0,False,6,0,,0,
436324,ERR6487075,1,1,1,21847,22027,1,COVID-AMPLISEQ-V1,3,2021-08-04,262560d6868e,2,AY.4,Delta (AY.4-like),1055.860261280631,2021-07-17,436323,AY.4,Delta (AY.4-like),1037.0,2021-08-04,340564,AY.4,Delta (AY.4-like),1073.0000000002,2021-06-29,295610,B.1.617.2,Delta (B.1.617.2-like),1246.8788256838184,2021-01-07,436323,AY.4,Delta (AY.4-like),1037.0,2021-08-04,167127,B.1.617.2,Delta (B.1.617.2-like),1268.2440285999382,2020-12-16,True,1,9,0,False,5,0,,0,
461749,ERR6572774,1,1,1,21847,22027,0,COVID-AMPLISEQ-V1,3,2021-08-11,b4d698e5d5ca,2,AY.4,Delta (AY.4-like),1055.881410743795,2021-07-17,461748,AY.4,Delta (AY.4-like),1030.0,2021-08-11,320181,AY.4,Delta (AY.4-like),1088.0000000001,2021-06-14,295610,B.1.617.2,Delta (B.1.617.2-like),1246.8788256838184,2021-01-07,461748,AY.4,Delta (AY.4-like),1030.0,2021-08-11,167127,B.1.617.2,Delta (B.1.617.2-like),1268.2440285999382,2020-12-16,False,1,9,1,False,5,0,,0,
451846,ERR6629362,1,1,1,21847,22027,2,COVID-AMPLISEQ-V1,3,2021-08-08,9a777c404ce1,2,AY.4,Delta (AY.4-like),1054.7479028859009,2021-07-18,451845,AY.4,Delta (AY.4-like),1033.0,2021-08-08,388188,AY.4,Delta (AY.4-like),1065.0000000001,2021-07-07,295610,B.1.617.2,Delta (B.1.617.2-like),1246.8788256838184,2021-01-07,451845,AY.4,Delta (AY.4-like),1033.0,2021-08-08,167127,B.1.617.2,Delta (B.1.617.2-like),1268.2440285999382,2020-12-16,False,1,6,-1,False,6,0,,0,
451732,ERR6569117,2,1,1,20081,22027,3,COVID-AMPLISEQ-V1,3,2021-08-08,58b43f8676be,2,AY.4,Delta (AY.4-like),1046.071241792829,2021-07-26,451731,AY.4,Delta (AY.4-like),1033.0,2021-08-08,371981,AY.4,Delta (AY.4-like),1112.0,2021-05-21,342041,AY.4,Delta (AY.4-like),1073.0,2021-06-29,451731,AY.4,Delta (AY.4-like),1033.0,2021-08-08,167127,B.1.617.2,Delta (B.1.617.2-like),1268.2440285999382,2020-12-16,False,0,5,0,False,7,0,,0,
447876,ERR6494788,1,1,1,21847,22027,0,COVID-AMPLISEQ-V1,3,2021-08-07,b60ce530e8d8,2,AY.4,Delta (AY.4-like),1056.1195903218568,2021-07-16,447875,AY.4,Delta (AY.4-like),1034.0,2021-08-07,420913,AY.4,Delta (AY.4-like),1058.0,2021-07-14,295610,B.1.617.2,Delta (B.1.617.2-like),1246.8788256838184,2021-01-07,447875,AY.4,Delta (AY.4-like),1034.0,2021-08-07,167127,B.1.617.2,Delta (B.1.617.2-like),1268.2440285999382,2020-12-16,False,1,7,1,False,4,0,,0,
446581,SRR15628990,19,1,1,21852,22027,3,COVID-AMPLISEQ-V1,.,2021-08-06,957df83cb2ae,2,AY.20,Delta (B.1.617.2-like),1047.744235937527,2021-07-25,446580,AY.20,Delta (B.1.617.2-like),1035.0,2021-08-06,356441,AY.20,Delta (B.1.617.2-like),1065.0000000001,2021-07-07,295610,B.1.617.2,Delta (B.1.617.2-like),1246.8788256838184,2021-01-07,446580,AY.20,Delta (B.1.617.2-like),1035.0,2021-08-06,167127,B.1.617.2,Delta (B.1.617.2-like),1268.2440285999382,2020-12-16,False,1,6,0,False,8,0,,0,
604001,ERR6883462,1,1,1,17011,22027,1,COVID-AMPLISEQ-V1,3,2021-09-16,32072194c278,2,AY.129,Delta (B.1.617.2-like),996.0,2021-09-14,604000,AY.129,Delta (B.1.617.2-like),994.0,2021-09-16,594473,AY.129,Delta (B.1.617.2-like),996.0000000001,2021-09-14,552889,AY.129,Delta (B.1.617.2-like),1005.0,2021-09-05,604000,AY.129,Delta (B.1.617.2-like),994.0,2021-09-16,167127,B.1.617.2,Delta (B.1.617.2-like),1268.2440285999382,2020-12-16,False,0,4,0,False,5,0,,0,
569210,ERR6758016,1,1,1,21078,22027,1,COVID-AMPLISEQ-V1,3,2021-09-09,f2af790085fb,2,B.1.617.2,Delta (B.1.617.2-like),1005.0,2021-09-05,569209,B.1.617.2,Delta (B.1.617.2-like),1001.0,2021-09-09,554320,B.1.617.2,Delta (B.1.617.2-like),1005.0000000001,2021-09-05,444124,AY.36,Delta (B.1.617.2-like),1035.0,2021-08-06,569209,B.1.617.2,Delta (B.1.617.2-like),1001.0,2021-09-09,258880,B.1.617.2,Delta (B.1.617.2-like),1234.5484285670343,2021-01-19,False,1,11,0,False,6,0,,0,
569190,ERR6755518,1,1,1,21847,22027,2,COVID-AMPLISEQ-V1,3,2021-09-09,a2a2c89efe86,2,AY.4,Delta (AY.4-like),1016.7058192473984,2021-08-25,569189,AY.4,Delta (AY.4-like),1001.0,2021-09-09,427100,AY.4,Delta (AY.4-like),1039.0000000001,2021-08-02,295610,B.1.617.2,Delta (B.1.617.2-like),1246.8788256838184,2021-01-07,569189,AY.4,Delta (AY.4-like),1001.0,2021-09-09,167127,B.1.617.2,Delta (B.1.617.2-like),1268.2440285999382,2020-12-16,False,1,7,1,False,7,0,,0,
565952,ERR6888844,2,1,1,21847,22027,3,COVID-AMPLISEQ-V1,3,2021-09-08,c000d614c1ab,2,AY.4,Delta (AY.4-like),1007.0000000001,2021-09-03,565951,AY.4,Delta (AY.4-like),1002.0,2021-09-08,463271,AY.4,Delta (AY.4-like),1030.0000000001,2021-08-11,546416,AY.4,Delta (AY.4-like),1007.0000000002,2021-09-03,574365,AY.4,Delta (AY.4-like),1007.0,2021-09-03,167127,B.1.617.2,Delta (B.1.617.2-like),1268.2440285999382,2020-12-16,False,0,7,1,False,8,0,,0,
591453,SRR16307300,3,2,1,18259,22027,0,COVID-AMPLISEQ-V1,.,2021-09-13,86cb0748c542,3,AY.39,Delta (B.1.617.2-like),1025.9094314072156,2021-08-16,591451,AY.39,Delta (B.1.617.2-like),997.0,2021-09-13,539782,AY.39,Delta (B.1.617.2-like),1068.7611147702512,2021-07-04,455378,AY.39,Delta (B.1.617.2-like),1035.0,2021-08-06,591451,AY.39,Delta (B.1.617.2-like),997.0,2021-09-13,167127,B.1.617.2,Delta (B.1.617.2-like),1268.2440285999382,2020-12-16,False,0,9,1,False,4,0,,0,
591352,SRR16288101,1,1,1,21847,22027,0,COVID-AMPLISEQ-V1,.,2021-09-13,4013effd4268,2,AY.113,Delta (B.1.617.2-like),1030.1845421121325,2021-08-11,591351,AY.113,Delta (B.1.617.2-like),997.0,2021-09-13,507790,AY.113,Delta (B.1.617.2-like),1060.0953978978314,2021-07-12,295610,B.1.617.2,Delta (B.1.617.2-like),1246.8788256838184,2021-01-07,591351,AY.113,Delta (B.1.617.2-like),997.0,2021-09-13,167127,B.1.617.2,Delta (B.1.617.2-like),1268.2440285999382,2020-12-16,False,1,9,1,False,4,0,,0,
581208,ERR7000659,2,1,1,21847,22027,1,COVID-AMPLISEQ-V1,3,2021-09-11,43918eee5df9,2,AY.4,Delta (AY.4-like),1007.0,2021-09-03,581207,AY.4,Delta (AY.4-like),999.0,2021-09-11,362524,AY.4,Delta (AY.4-like),1061.0000000001,2021-07-11,546436,AY.4,Delta (AY.4-like),1007.0000000001,2021-09-03,581207,AY.4,Delta (AY.4-like),999.0,2021-09-11,167127,B.1.617.2,Delta (B.1.617.2-like),1268.2440285999382,2020-12-16,False,0,7,0,False,5,0,,0,
581144,ERR6837908,1,1,1,21847,22027,3,COVID-AMPLISEQ-V1,3,2021-09-11,520290fa67a5,2,AY.4,Delta (AY.4-like),1013.6669596398845,2021-08-28,581143,AY.4,Delta (AY.4-like),999.0,2021-09-11,499078,AY.4,Delta (AY.4-like),1042.0,2021-07-30,295610,B.1.617.2,Delta (B.1.617.2-like),1246.8788256838184,2021-01-07,581143,AY.4,Delta (AY.4-like),999.0,2021-09-11,167127,B.1.617.2,Delta (B.1.617.2-like),1268.2440285999382,2020-12-16,False,1,7,1,False,8,0,,0,
581131,ERR6828032,1,1,1,20964,22027,2,COVID-AMPLISEQ-V1,3,2021-09-11,25eafc1c8999,2,AY.118,Delta (B.1.617.2-like),1018.0869429424774,2021-08-23,581130,AY.118,Delta (B.1.617.2-like),999.0,2021-09-11,383484,AY.118,Delta (B.1.617.2-like),1052.0000000001,2021-07-20,434939,AY.118,Delta (B.1.617.2-like),1087.000060146116,2021-06-15,581130,AY.118,Delta (B.1.617.2-like),999.0,2021-09-11,167127,B.1.617.2,Delta (B.1.617.2-like),1268.2440285999382,2020-12-16,False,0,7,0,False,6,0,,0,
604971,SRR16351443,2,1,1,22026,22027,1,COVID-AMPLISEQ-V1,.,2021-09-16,c9c6121a9288,2,AY.39,Delta (B.1.617.2-like),997.0,2021-09-13,604970,AY.39,Delta (B.1.617.2-like),994.0,2021-09-16,589736,AY.39,Delta (B.1.617.2-like),997.0000000001,2021-09-13,573466,AY.39,Delta (B.1.617.2-like),1001.0,2021-09-09,604970,AY.39,Delta (B.1.617.2-like),994.0,2021-09-16,167127,B.1.617.2,Delta (B.1.617.2-like),1268.2440285999382,2020-12-16,False,0,14,0,False,6,0,,0,
557775,SRR17083840,1,1,1,22026,22027,2,COVID-AMPLISEQ-V1,.,2021-09-06,f7863033f059,2,B.1.617.2,Delta (B.1.617.2-like),1036.7155578839463,2021-08-05,557774,B.1.617.2,Delta (B.1.617.2-like),1004.0,2021-09-06,447815,B.1.617.2,Delta (B.1.617.2-like),1120.5966194504945,2021-05-13,324982,AY.100,Delta (B.1.617.2-like),1144.7454560367014,2021-04-19,557774,B.1.617.2,Delta (B.1.617.2-like),1004.0,2021-09-06,167127,B.1.617.2,Delta (B.1.617.2-like),1268.2440285999382,2020-12-16,False,1,5,-1,False,6,0,,0,
603964,ERR6879216,2,1,1,21847,22027,1,COVID-AMPLISEQ-V1,3,2021-09-16,896fdde95f63,2,AY.4,Delta (AY.4-like),1055.0820399666047,2021-07-17,603963,AY.4,Delta (AY.4-like),994.0,2021-09-16,434894,AY.4,Delta (AY.4-like),1084.8464057975984,2021-06-18,295610,B.1.617.2,Delta (B.1.617.2-like),1246.8788256838184,2021-01-07,603963,AY.4,Delta (AY.4-like),994.0,2021-09-16,167127,B.1.617.2,Delta (B.1.617.2-like),1268.2440285999382,2020-12-16,False,1,5,1,False,6,2,"MNM1,MNM1a",0,
599464,ERR6887655,2,1,1,21847,22027,0,COVID-AMPLISEQ-V1,3,2021-09-15,f86f27938c25,2,AY.4,Delta (AY.4-like),1024.5433340697807,2021-08-17,599463,AY.4,Delta (AY.4-like),995.0,2021-09-15,408248,AY.4,Delta (AY.4-like),1044.0000000001,2021-07-28,295610,B.1.617.2,Delta (B.1.617.2-like),1246.8788256838184,2021-01-07,599463,AY.4,Delta (AY.4-like),995.0,2021-09-15,167127,B.1.617.2,Delta (B.1.617.2-like),1268.2440285999382,2020-12-16,False,1,8,1,False,4,0,,0,
616661,ERR6884282,2,1,1,21847,22027,1,COVID-AMPLISEQ-V1,3,2021-09-19,98fac798b5ff,2,AY.4,Delta (AY.4-like),1009.26138309966,2021-09-01,616660,AY.4,Delta (AY.4-like),991.0,2021-09-19,606396,AY.4,Delta (AY.4-like),1033.0,2021-08-08,295610,B.1.617.2,Delta (B.1.617.2-like),1246.8788256838184,2021-01-07,616660,AY.4,Delta (AY.4-like),991.0,2021-09-19,167127,B.1.617.2,Delta (B.1.617.2-like),1268.2440285999382,2020-12-16,False,1,10,0,False,6,0,,0,
616631,ERR6880611,1,1,1,21847,22027,2,COVID-AMPLISEQ-V1,3,2021-09-19,46d802e1efef,2,AY.4,Delta (AY.4-like),1021.0446167927356,2021-08-20,616630,AY.4,Delta (AY.4-like),991.0,2021-09-19,359248,AY.4,Delta (AY.4-like),1066.0,2021-07-06,295610,B.1.617.2,Delta (B.1.617.2-like),1246.8788256838184,2021-01-07,616630,AY.4,Delta (AY.4-like),991.0,2021-09-19,167127,B.1.617.2,Delta (B.1.617.2-like),1268.2440285999382,2020-12-16,False,1,9,0,False,7,0,,0,
614015,SRR16381045,48,1,1,17914,22027,1,COVID-AMPLISEQ-V1,.,2021-09-18,44307b1faf6b,2,AY.117,Delta (B.1.617.2-like),1001.0,2021-09-09,614014,AY.117,Delta (B.1.617.2-like),992.0,2021-09-18,573566,AY.117,Delta (B.1.617.2-like),1001.0000000001,2021-09-09,482341,AY.117,Delta (B.1.617.2-like),1023.0,2021-08-18,614014,AY.117,Delta (B.1.617.2-like),992.0,2021-09-18,411275,AY.117,Delta (B.1.617.2-like),1094.0000000002,2021-06-08,False,0,5,2,False,6,0,,0,
609559,SRR16380919,2,2,1,21847,22027,2,COVID-AMPLISEQ-V1,.,2021-09-17,4907b2321bd4,3,AY.114,Delta (B.1.617.2-like),1005.0,2021-09-05,609558,AY.114,Delta (B.1.617.2-like),993.0,2021-09-17,553635,AY.114,Delta (B.1.617.2-like),1005.0000000001,2021-09-05,295610,B.1.617.2,Delta (B.1.617.2-like),1246.8788256838184,2021-01-07,609557,AY.114,Delta (B.1.617.2-like),993.0,2021-09-17,167127,B.1.617.2,Delta (B.1.617.2-like),1268.2440285999382,2020-12-16,False,1,10,-1,False,6,0,,0,
609412,SRR16351105,1,1,1,22026,22027,3,COVID-AMPLISEQ-V1,.,2021-09-17,49a0e9f827a2,2,AY.100,Delta (B.1.617.2-like),1004.7167447647638,2021-09-06,609411,AY.100,Delta (B.1.617.2-like),993.0,2021-09-17,520650,AY.100,Delta (B.1.617.2-like),1013.0,2021-08-28,371238,AY.100,Delta (B.1.617.2-like),1057.0000000002,2021-07-15,609411,AY.100,Delta (B.1.617.2-like),993.0,2021-09-17,167127,B.1.617.2,Delta (B.1.617.2-like),1268.2440285999382,2020-12-16,False,0,5,0,False,8,0,,0,
609342,SRR16351001,33,1,1,18463,22027,3,COVID-AMPLISEQ-V1,.,2021-09-17,95d15c942619,2,AY.119.2,Delta (B.1.617.2-like),1037.0000000001,2021-08-04,609341,AY.119.2,Delta (B.1.617.2-like),993.0,2021-09-17,437992,AY.119.2,Delta (B.1.617.2-like),1037.0000000002,2021-08-04,403722,AY.119.2,Delta (B.1.617.2-like),1128.0357696231822,2021-05-05,662704,AY.119.2,Delta (B.1.617.2-like),1037.0,2021-08-04,167127,B.1.617.2,Delta (B.1.617.2-like),1268.2440285999382,2020-12-16,False,0,4,1,False,7,0,,0,
541783,ERR7009611,1,1,1,21847,22027,1,COVID-AMPLISEQ-V1,3,2021-09-02,d080d47cfd7a,2,AY.4,Delta (AY.4-like),1027.832067549355,2021-08-14,541782,AY.4,Delta (AY.4-like),1008.0,2021-09-02,394913,AY.4,Delta (AY.4-like),1048.0000000001,2021-07-24,295610,B.1.617.2,Delta (B.1.617.2-like),1246.8788256838184,2021-01-07,541782,AY.4,Delta (AY.4-like),1008.0,2021-09-02,167127,B.1.617.2,Delta (B.1.617.2-like),1268.2440285999382,2020-12-16,False,1,10,0,False,6,0,,0,
509776,ERR6758419,1,1,1,21847,22027,0,COVID-AMPLISEQ-V1,3,2021-08-26,3e1f665f63d5,2,AY.4,Delta (AY.4-like),1031.9226125780474,2021-08-10,509775,AY.4,Delta (AY.4-like),1015.0,2021-08-26,430636,AY.4,Delta (AY.4-like),1038.0,2021-08-03,295610,B.1.617.2,Delta (B.1.617.2-like),1246.8788256838184,2021-01-07,509775,AY.4,Delta (AY.4-like),1015.0,2021-08-26,167127,B.1.617.2,Delta (B.1.617.2-like),1268.2440285999382,2020-12-16,False,1,7,1,False,4,0,,0,
506276,SRR15993592,1,1,1,13713,22027,0,COVID-AMPLISEQ-V1,.,2021-08-25,21db2d39a45f,2,AY.118,Delta (B.1.617.2-like),1032.2893617512718,2021-08-09,506275,AY.118,Delta (B.1.617.2-like),1016.0,2021-08-25,442707,AY.118,Delta (B.1.617.2-like),1036.0000000001,2021-08-05,434939,AY.118,Delta (B.1.617.2-like),1087.000060146116,2021-06-15,506275,AY.118,Delta (B.1.617.2-like),1016.0,2021-08-25,167127,B.1.617.2,Delta (B.1.617.2-like),1268.2440285999382,2020-12-16,False,0,9,1,False,5,0,,0,
526237,ERR6761416,1,1,1,21847,22027,1,COVID-AMPLISEQ-V1,3,2021-08-30,a690e40658af,2,AY.4,Delta (AY.4-like),1028.4077190810835,2021-08-13,526236,AY.4,Delta (AY.4-like),1011.0,2021-08-30,374817,AY.4,Delta (AY.4-like),1055.0000000001,2021-07-17,295610,B.1.617.2,Delta (B.1.617.2-like),1246.8788256838184,2021-01-07,526236,AY.4,Delta (AY.4-like),1011.0,2021-08-30,167127,B.1.617.2,Delta (B.1.617.2-like),1268.2440285999382,2020-12-16,False,1,6,1,False,5,0,,0,
526213,ERR6757522,1,1,1,21847,22027,1,COVID-AMPLISEQ-V1,3,2021-08-30,dbff29883900,2,AY.4,Delta (AY.4-like),1025.0,2021-08-16,526212,AY.4,Delta (AY.4-like),1011.0,2021-08-30,474793,AY.4,Delta (AY.4-like),1025.0000000001,2021-08-16,295610,B.1.617.2,Delta (B.1.617.2-like),1246.8788256838184,2021-01-07,526212,AY.4,Delta (AY.4-like),1011.0,2021-08-30,167127,B.1.617.2,Delta (B.1.617.2-like),1268.2440285999382,2020-12-16,False,1,7,0,False,5,0,,0,
523076,ERR6840057,1,1,1,21847,22027,1,COVID-AMPLISEQ-V1,3,2021-08-29,6f3c58e1e183,2,AY.120,Delta (B.1.617.2-like),1018.0,2021-08-23,523075,AY.120,Delta (B.1.617.2-like),1012.0,2021-08-29,496609,AY.120,Delta (B.1.617.2-like),1018.0000000001,2021-08-23,387635,AY.120,Delta (B.1.617.2-like),1192.088430713339,2021-03-02,523075,AY.120,Delta (B.1.617.2-like),1012.0,2021-08-29,167127,B.1.617.2,Delta (B.1.617.2-like),1268.2440285999382,2020-12-16,False,0,6,0,False,6,0,,0,
520675,SRR16040836,1,1,1,17244,22027,1,COVID-AMPLISEQ-V1,.,2021-08-28,2b7c0fa8107e,2,AY.20,Delta (B.1.617.2-like),1035.110019960195,2021-08-06,520674,AY.20,Delta (B.1.617.2-like),1013.0,2021-08-28,506738,AY.20,Delta (B.1.617.2-like),1056.0,2021-07-16,407122,AY.20,Delta (B.1.617.2-like),1162.2831287693011,2021-04-01,520674,AY.20,Delta (B.1.617.2-like),1013.0,2021-08-28,167127,B.1.617.2,Delta (B.1.617.2-like),1268.2440285999382,2020-12-16,False,0,6,0,False,6,0,,0,
520218,ERR6768468,1,1,1,21847,22027,0,COVID-AMPLISEQ-V1,3,2021-08-28,811962f35d8c,2,AY.4,Delta (AY.4-like),1034.994366805211,2021-08-07,520217,AY.4,Delta (AY.4-like),1013.0,2021-08-28,495339,AY.4,Delta (AY.4-like),1070.7393807430278,2021-07-02,295610,B.1.617.2,Delta (B.1.617.2-like),1246.8788256838184,2021-01-07,520217,AY.4,Delta (AY.4-like),1013.0,2021-08-28,167127,B.1.617.2,Delta (B.1.617.2-like),1268.2440285999382,2020-12-16,False,1,7,1,False,5,0,,0,
520150,ERR6756319,1,1,1,21847,22027,0,COVID-AMPLISEQ-V1,3,2021-08-28,d8c48d79a0ea,2,AY.4,Delta (AY.4-like),1029.7310246999498,2021-08-12,520149,AY.4,Delta (AY.4-like),1013.0,2021-08-28,444157,AY.4,Delta (AY.4-like),1035.0,2021-08-06,295610,B.1.617.2,Delta (B.1.617.2-like),1246.8788256838184,2021-01-07,520149,AY.4,Delta (AY.4-like),1013.0,2021-08-28,167127,B.1.617.2,Delta (B.1.617.2-like),1268.2440285999382,2020-12-16,False,1,9,2,False,6,0,,0,
543340,SRR16153315,8,1,1,19736,22027,1,COVID-AMPLISEQ-V1,.,2021-09-02,a61265defd9d,2,AY.39,Delta (B.1.617.2-like),1020.0,2021-08-21,543339,AY.39,Delta (B.1.617.2-like),1008.0,2021-09-02,491780,AY.39,Delta (B.1.617.2-like),1020.0000000001,2021-08-21,455378,AY.39,Delta (B.1.617.2-like),1035.0,2021-08-06,543339,AY.39,Delta (B.1.617.2-like),1008.0,2021-09-02,167127,B.1.617.2,Delta (B.1.617.2-like),1268.2440285999382,2020-12-16,False,0,14,2,False,6,0,,0,
727448,SRR20254225,4,1,1,21847,22027,1,COVID-AMPLISEQ-V1,.,2021-10-15,80d7b39765f5,2,AY.4,Delta (AY.4-like),974.0,2021-10-06,727447,AY.4,Delta (AY.4-like),965.0,2021-10-15,687942,AY.4,Delta (AY.4-like),974.0000000001,2021-10-06,548863,AY.4,Delta (AY.4-like),1077.599517392752,2021-06-25,727447,AY.4,Delta (AY.4-like),965.0,2021-10-15,167127,B.1.617.2,Delta (B.1.617.2-like),1268.2440285999382,2020-12-16,False,0,8,0,False,6,0,,0,
541519,ERR6758858,1,1,1,21046,22027,3,COVID-AMPLISEQ-V1,3,2021-09-02,b2b03f2bed99,2,AY.4,Delta (AY.4-like),1017.0,2021-08-24,541518,AY.4,Delta (AY.4-like),1008.0,2021-09-02,382482,AY.4,Delta (AY.4-like),1052.0,2021-07-20,500603,AY.4,Delta (AY.4-like),1017.0000000001,2021-08-24,541518,AY.4,Delta (AY.4-like),1008.0,2021-09-02,167127,B.1.617.2,Delta (B.1.617.2-like),1268.2440285999382,2020-12-16,False,0,8,-1,False,7,0,,0,
541505,ERR6757288,1,1,1,19863,22027,2,COVID-AMPLISEQ-V1,3,2021-09-02,919f216e6ab3,2,AY.36,Delta (B.1.617.2-like),1021.0442229052064,2021-08-20,541504,AY.36,Delta (B.1.617.2-like),1008.0,2021-09-02,478206,AY.36,Delta (B.1.617.2-like),1024.0,2021-08-17,444124,AY.36,Delta (B.1.617.2-like),1035.0,2021-08-06,541504,AY.36,Delta (B.1.617.2-like),1008.0,2021-09-02,348025,AY.36,Delta (B.1.617.2-like),1234.5484285669345,2021-01-19,False,0,8,-1,False,6,0,,0,
536529,ERR6761881,1,1,1,21847,22027,1,COVID-AMPLISEQ-V1,3,2021-09-01,80ee96e2fba4,2,AY.4,Delta (AY.4-like),1032.1332806782514,2021-08-09,536528,AY.4,Delta (AY.4-like),1009.0,2021-09-01,434911,AY.4,Delta (AY.4-like),1080.6238086050355,2021-06-22,295610,B.1.617.2,Delta (B.1.617.2-like),1246.8788256838184,2021-01-07,536528,AY.4,Delta (AY.4-like),1009.0,2021-09-01,167127,B.1.617.2,Delta (B.1.617.2-like),1268.2440285999382,2020-12-16,False,1,8,1,False,6,0,,0,
553079,ERR6824968,3,3,1,21847,22027,2,COVID-AMPLISEQ-V1,3,2021-09-05,56ba5b724bde,4,AY.4,Delta (AY.4-like),1027.5679540516985,2021-08-14,553076,AY.4,Delta (AY.4-like),1005.0,2021-09-05,443613,AY.4,Delta (AY.4-like),1036.0,2021-08-05,295610,B.1.617.2,Delta (B.1.617.2-like),1246.8788256838184,2021-01-07,553076,AY.4,Delta (AY.4-like),1005.0,2021-09-05,167127,B.1.617.2,Delta (B.1.617.2-like),1268.2440285999382,2020-12-16,False,1,6,-1,False,6,0,,0,
552890,ERR6768004,5,1,1,21195,22027,1,COVID-AMPLISEQ-V1,3,2021-09-05,60b472601b21,2,AY.129,Delta (B.1.617.2-like),1011.0,2021-08-30,552889,AY.129,Delta (B.1.617.2-like),1005.0,2021-09-05,526251,AY.129,Delta (B.1.617.2-like),1011.0000000001,2021-08-30,513088,B.1.617.2,Delta (B.1.617.2-like),1188.6061274999568,2021-03-06,552889,AY.129,Delta (B.1.617.2-like),1005.0,2021-09-05,167127,B.1.617.2,Delta (B.1.617.2-like),1268.2440285999382,2020-12-16,False,1,5,0,False,6,0,,0,
550278,ERR6758562,1,1,1,21847,22027,1,COVID-AMPLISEQ-V1,3,2021-09-04,086981ffee49,2,AY.4,Delta (AY.4-like),1023.3080475140604,2021-08-18,550277,AY.4,Delta (AY.4-like),1006.0,2021-09-04,486107,AY.4,Delta (AY.4-like),1048.0,2021-07-24,295610,B.1.617.2,Delta (B.1.617.2-like),1246.8788256838184,2021-01-07,550277,AY.4,Delta (AY.4-like),1006.0,2021-09-04,167127,B.1.617.2,Delta (B.1.617.2-like),1268.2440285999382,2020-12-16,False,1,6,0,False,5,0,,0,
546679,ERR7141593,1,1,1,21847,22027,0,COVID-AMPLISEQ-V1,3,2021-09-03,e16a3181fe64,2,AY.4,Delta (AY.4-like),1017.0,2021-08-24,546678,AY.4,Delta (AY.4-like),1007.0,2021-09-03,499851,AY.4,Delta (AY.4-like),1017.0000000001,2021-08-24,295610,B.1.617.2,Delta (B.1.617.2-like),1246.8788256838184,2021-01-07,546678,AY.4,Delta (AY.4-like),1007.0,2021-09-03,167127,B.1.617.2,Delta (B.1.617.2-like),1268.2440285999382,2020-12-16,False,1,13,1,False,6,0,,0,
546468,ERR6765753,1,1,1,21847,22027,2,COVID-AMPLISEQ-V1,3,2021-09-03,b3fb5e4695cc,2,AY.4,Delta (AY.4-like),1030.6318006958622,2021-08-11,546467,AY.4,Delta (AY.4-like),1007.0,2021-09-03,423402,AY.4,Delta (AY.4-like),1068.0,2021-07-04,295610,B.1.617.2,Delta (B.1.617.2-like),1246.8788256838184,2021-01-07,546467,AY.4,Delta (AY.4-like),1007.0,2021-09-03,167127,B.1.617.2,Delta (B.1.617.2-like),1268.2440285999382,2020-12-16,False,1,7,0,False,6,0,,0,
794442,ERR7303734,1,1,1,21847,22027,1,COVID-AMPLISEQ-V1,3,2021-10-31,77ef578aed83,2,AY.4,Delta (AY.4-like),964.6132675050134,2021-10-16,794441,AY.4,Delta (AY.4-like),949.0,2021-10-31,641971,AY.4,Delta (AY.4-like),986.0,2021-09-24,420919,AY.4,Delta (AY.4-like),1041.0000000001,2021-07-31,794441,AY.4,Delta (AY.4-like),949.0,2021-10-31,167127,B.1.617.2,Delta (B.1.617.2-like),1268.2440285999382,2020-12-16,False,0,6,1,False,6,0,,0,
773509,ERR7310438,1,1,1,21847,22027,2,COVID-AMPLISEQ-V1,3,2021-10-26,7764499d1275,2,AY.4,Delta (AY.4-like),961.0,2021-10-19,773508,AY.4,Delta (AY.4-like),954.0,2021-10-26,741545,AY.4,Delta (AY.4-like),961.0000000001,2021-10-19,295610,B.1.617.2,Delta (B.1.617.2-like),1246.8788256838184,2021-01-07,773508,AY.4,Delta (AY.4-like),954.0,2021-10-26,167127,B.1.617.2,Delta (B.1.617.2-like),1268.2440285999382,2020-12-16,False,1,10,-1,False,6,0,,0,
773507,ERR7309582,1,1,1,21847,22027,2,COVID-AMPLISEQ-V1,3,2021-10-26,ce8d4e5484be,2,AY.120,Delta (B.1.617.2-like),962.0,2021-10-18,773506,AY.120,Delta (B.1.617.2-like),954.0,2021-10-26,741221,AY.120,Delta (B.1.617.2-like),962.0000000003,2021-10-18,387635,AY.120,Delta (B.1.617.2-like),1192.088430713339,2021-03-02,773506,AY.120,Delta (B.1.617.2-like),954.0,2021-10-26,167127,B.1.617.2,Delta (B.1.617.2-like),1268.2440285999382,2020-12-16,False,0,11,0,False,7,0,,0,
771730,ERR7239824,1,1,1,21847,22027,2,COVID-AMPLISEQ-V1,3,2021-10-26,63f2c40236eb,2,AY.4,Delta (AY.4-like),979.2009618257276,2021-10-01,771729,AY.4,Delta (AY.4-like),954.0,2021-10-26,557338,AY.4,Delta (AY.4-like),1005.0000000002,2021-09-05,295610,B.1.617.2,Delta (B.1.617.2-like),1246.8788256838184,2021-01-07,771729,AY.4,Delta (AY.4-like),954.0,2021-10-26,167127,B.1.617.2,Delta (B.1.617.2-like),1268.2440285999382,2020-12-16,False,1,7,-1,False,6,0,,0,
783077,ERR7318562,1,1,1,19984,22027,1,COVID-AMPLISEQ-V1,3,2021-10-28,b7f5c70f24e6,2,AY.121,Delta (B.1.617.2-like),967.6422017562531,2021-10-13,783076,AY.121,Delta (B.1.617.2-like),952.0,2021-10-28,682432,AY.121,Delta (B.1.617.2-like),975.0,2021-10-05,740835,AY.121,Delta (B.1.617.2-like),1112.61523903239,2021-05-21,783076,AY.121,Delta (B.1.617.2-like),952.0,2021-10-28,369864,AY.121,Delta (B.1.617.2-like),1140.8502328041254,2021-04-23,False,0,5,1,False,6,0,,0,
779346,SRR20247153,6,1,1,22026,22027,1,COVID-AMPLISEQ-V1,.,2021-10-27,b0c4ce20b885,2,AY.100,Delta (B.1.617.2-like),954.0,2021-10-26,779345,AY.100,Delta (B.1.617.2-like),953.0,2021-10-27,774201,AY.100,Delta (B.1.617.2-like),954.0000000001,2021-10-26,730971,AY.100,Delta (B.1.617.2-like),964.0000000001,2021-10-16,779345,AY.100,Delta (B.1.617.2-like),953.0,2021-10-27,167127,B.1.617.2,Delta (B.1.617.2-like),1268.2440285999382,2020-12-16,False,0,7,0,False,6,0,,0,
323645,SRR15230096,95,2,1,21847,22027,0,COVID-AMPLISEQ-V1,.,2021-06-16,1da24f1b4d8c,3,AY.114,Delta (B.1.617.2-like),1093.0,2021-06-09,323644,AY.114,Delta (B.1.617.2-like),1086.0,2021-06-16,317756,AY.114,Delta (B.1.617.2-like),1093.0000000001,2021-06-09,295610,B.1.617.2,Delta (B.1.617.2-like),1246.8788256838184,2021-01-07,323643,AY.114,Delta (B.1.617.2-like),1086.0,2021-06-16,167127,B.1.617.2,Delta (B.1.617.2-like),1268.2440285999382,2020-12-16,False,1,5,2,False,5,0,,0,
778377,ERR7320943,1,1,1,21847,22027,2,COVID-AMPLISEQ-V1,3,2021-10-27,b52d36a0bcc6,2,AY.4,Delta (AY.4-like),969.4508606916264,2021-10-11,778376,AY.4,Delta (AY.4-like),953.0,2021-10-27,758541,AY.4,Delta (AY.4-like),998.0000000002,2021-09-12,295610,B.1.617.2,Delta (B.1.617.2-like),1246.8788256838184,2021-01-07,778376,AY.4,Delta (AY.4-like),953.0,2021-10-27,167127,B.1.617.2,Delta (B.1.617.2-like),1268.2440285999382,2020-12-16,False,1,9,0,False,6,0,,0,
778292,ERR7307607,1,1,1,21847,22027,0,COVID-AMPLISEQ-V1,3,2021-10-27,593a9004f4d7,2,AY.4,Delta (AY.4-like),981.3492609197966,2021-09-29,778291,AY.4,Delta (AY.4-like),953.0,2021-10-27,629439,AY.4,Delta (AY.4-like),1013.0,2021-08-28,295610,B.1.617.2,Delta (B.1.617.2-like),1246.8788256838184,2021-01-07,778291,AY.4,Delta (AY.4-like),953.0,2021-10-27,167127,B.1.617.2,Delta (B.1.617.2-like),1268.2440285999382,2020-12-16,False,1,8,1,False,5,0,,0,
778280,ERR7306375,1,1,1,20933,22027,2,COVID-AMPLISEQ-V1,3,2021-10-27,94e7f3a3313d,2,AY.4,Delta (AY.4-like),970.3835219096734,2021-10-10,778279,AY.4,Delta (AY.4-like),953.0,2021-10-27,536352,AY.4,Delta (AY.4-like),1009.0,2021-09-01,474770,AY.4,Delta (AY.4-like),1025.0000000001,2021-08-16,778279,AY.4,Delta (AY.4-like),953.0,2021-10-27,167127,B.1.617.2,Delta (B.1.617.2-like),1268.2440285999382,2020-12-16,False,0,4,0,False,6,0,,0,
774473,SRR20228873,3,1,1,21847,22027,2,COVID-AMPLISEQ-V1,.,2021-10-26,1490c6899db1,2,AY.39,Delta (B.1.617.2-like),982.0,2021-09-28,774472,AY.39,Delta (B.1.617.2-like),954.0,2021-10-26,551288,AY.39,Delta (B.1.617.2-like),1006.0000000001,2021-09-04,655499,AY.39,Delta (B.1.617.2-like),982.0000000001,2021-09-28,774472,AY.39,Delta (B.1.617.2-like),954.0,2021-10-26,167127,B.1.617.2,Delta (B.1.617.2-like),1268.2440285999382,2020-12-16,False,0,5,1,False,7,0,,0,
792247,SRR20227257,1,1,1,18226,22027,2,COVID-AMPLISEQ-V1,.,2021-10-30,261bbd96a85c,2,AY.117,Delta (B.1.617.2-like),958.0,2021-10-22,792246,AY.117,Delta (B.1.617.2-like),950.0,2021-10-30,757015,AY.117,Delta (B.1.617.2-like),958.0000000001,2021-10-22,482341,AY.117,Delta (B.1.617.2-like),1023.0,2021-08-18,792246,AY.117,Delta (B.1.617.2-like),950.0,2021-10-30,411275,AY.117,Delta (B.1.617.2-like),1094.0000000002,2021-06-08,False,0,6,-1,False,6,0,,0,
787507,ERR7367857,1,1,1,22001,22027,2,COVID-ARTIC-V3,3,2021-10-29,be81caf898c3,2,AY.6,Delta (B.1.617.2-like),952.0,2021-10-28,787506,AY.6,Delta (B.1.617.2-like),951.0,2021-10-29,785265,AY.6,Delta (B.1.617.2-like),952.0000000001,2021-10-28,295610,B.1.617.2,Delta (B.1.617.2-like),1246.8788256838184,2021-01-07,787506,AY.6,Delta (B.1.617.2-like),951.0,2021-10-29,167127,B.1.617.2,Delta (B.1.617.2-like),1268.2440285999382,2020-12-16,False,1,11,-1,False,6,0,,0,
787355,ERR7305340,1,1,1,21852,22027,0,COVID-AMPLISEQ-V1,3,2021-10-29,2af668f3e98f,2,B.1.617.2,Delta (B.1.617.2-like),976.0213696686044,2021-10-04,787354,B.1.617.2,Delta (B.1.617.2-like),951.0,2021-10-29,554525,B.1.617.2,Delta (B.1.617.2-like),1026.5915075380065,2021-08-15,446580,AY.20,Delta (B.1.617.2-like),1035.0,2021-08-06,787354,B.1.617.2,Delta (B.1.617.2-like),951.0,2021-10-29,167127,B.1.617.2,Delta (B.1.617.2-like),1268.2440285999382,2020-12-16,False,1,15,1,False,6,0,,0,
784114,SRR20228552,1,1,1,19587,22027,1,COVID-AMPLISEQ-V1,.,2021-10-28,248450522047,2,AY.119,Delta (B.1.617.2-like),960.0,2021-10-20,784113,AY.119,Delta (B.1.617.2-like),952.0,2021-10-28,748836,AY.119,Delta (B.1.617.2-like),960.0000000001,2021-10-20,693724,AY.119,Delta (B.1.617.2-like),973.0,2021-10-07,784113,AY.119,Delta (B.1.617.2-like),952.0,2021-10-28,167127,B.1.617.2,Delta (B.1.617.2-like),1268.2440285999382,2020-12-16,False,0,7,1,False,6,0,,0,
784100,SRR20228528,1,1,1,17281,22027,0,COVID-AMPLISEQ-V1,.,2021-10-28,d8907cd66279,2,AY.39,Delta (B.1.617.2-like),963.0,2021-10-17,784099,AY.39,Delta (B.1.617.2-like),952.0,2021-10-28,734156,AY.39,Delta (B.1.617.2-like),963.0000000001,2021-10-17,455378,AY.39,Delta (B.1.617.2-like),1035.0,2021-08-06,784099,AY.39,Delta (B.1.617.2-like),952.0,2021-10-28,167127,B.1.617.2,Delta (B.1.617.2-like),1268.2440285999382,2020-12-16,False,0,13,1,False,6,0,,0,
783415,ERR7383440,1,1,1,17563,22027,0,COVID-ARTIC-V3,3,2021-10-28,cbc4bd36303d,2,AY.4.2.1,Delta (AY.4.2-like),971.8254003459824,2021-10-09,783414,AY.4.2.1,Delta (AY.4.2-like),952.0,2021-10-28,649757,AY.4.2.1,Delta (AY.4.2-like),996.0,2021-09-14,497474,AY.4.2.1,Delta (AY.4.2-like),1018.0000000001,2021-08-23,783414,AY.4.2.1,Delta (AY.4.2-like),952.0,2021-10-28,167127,B.1.617.2,Delta (B.1.617.2-like),1268.2440285999382,2020-12-16,False,0,7,1,False,5,0,,0,
808453,SRR20226343,1,1,1,21711,22027,2,COVID-AMPLISEQ-V1,.,2021-11-02,4ef58cdd2d59,2,AY.39,Delta (B.1.617.2-like),960.3828852676417,2021-10-20,808452,AY.39,Delta (B.1.617.2-like),947.0,2021-11-02,675641,AY.39,Delta (B.1.617.2-like),977.0,2021-10-03,651400,AY.39,Delta (B.1.617.2-like),983.0,2021-09-27,808452,AY.39,Delta (B.1.617.2-like),947.0,2021-11-02,167127,B.1.617.2,Delta (B.1.617.2-like),1268.2440285999382,2020-12-16,False,0,11,0,False,6,0,,0,
805599,ERR7310305,1,1,1,20680,22027,2,COVID-AMPLISEQ-V1,3,2021-11-02,01b2069d4806,2,AY.4,Delta (AY.4-like),958.2804411016184,2021-10-22,805598,AY.4,Delta (AY.4-like),947.0,2021-11-02,781477,AY.4,Delta (AY.4-like),1000.0,2021-09-10,668206,AY.4,Delta (AY.4-like),979.0,2021-10-01,805598,AY.4,Delta (AY.4-like),947.0,2021-11-02,167127,B.1.617.2,Delta (B.1.617.2-like),1268.2440285999382,2020-12-16,False,0,4,-1,False,6,0,,0,
944952,SRR21263398,2,1,1,15739,22027,0,COVID-AMPLISEQ-V1,.,2021-11-28,57d6ab1d3822,2,AY.4,Delta (AY.4-like),923.0,2021-11-26,944951,AY.4,Delta (AY.4-like),921.0,2021-11-28,936041,AY.4,Delta (AY.4-like),923.0000000001,2021-11-26,687514,AY.4,Delta (AY.4-like),974.0000000001,2021-10-06,944951,AY.4,Delta (AY.4-like),921.0,2021-11-28,167127,B.1.617.2,Delta (B.1.617.2-like),1268.2440285999382,2020-12-16,False,0,4,1,False,4,0,,0,
769504,SRR20246874,2,1,1,22026,22027,1,COVID-AMPLISEQ-V1,.,2021-10-25,24b091f5a980,2,AY.100,Delta (B.1.617.2-like),977.5176713951616,2021-10-03,769503,AY.100,Delta (B.1.617.2-like),955.0,2021-10-25,754672,AY.100,Delta (B.1.617.2-like),1008.0,2021-09-02,324982,AY.100,Delta (B.1.617.2-like),1144.7454560367014,2021-04-19,769503,AY.100,Delta (B.1.617.2-like),955.0,2021-10-25,167127,B.1.617.2,Delta (B.1.617.2-like),1268.2440285999382,2020-12-16,False,0,7,0,False,6,0,,0,
768233,ERR7317537,1,1,1,14791,22027,3,COVID-AMPLISEQ-V1,3,2021-10-25,2285f21e8930,2,AY.4,Delta (AY.4-like),966.1638332962524,2021-10-14,768232,AY.4,Delta (AY.4-like),955.0,2021-10-25,658407,AY.4,Delta (AY.4-like),981.0000000001,2021-09-29,474770,AY.4,Delta (AY.4-like),1025.0000000001,2021-08-16,768232,AY.4,Delta (AY.4-like),955.0,2021-10-25,167127,B.1.617.2,Delta (B.1.617.2-like),1268.2440285999382,2020-12-16,False,0,4,0,False,7,0,,0,
764342,SRR20246171,1,1,1,22026,22027,2,COVID-AMPLISEQ-V1,.,2021-10-24,38788eb7d87a,2,AY.100,Delta (B.1.617.2-like),967.3396437697402,2021-10-13,764341,AY.100,Delta (B.1.617.2-like),956.0,2021-10-24,637447,AY.100,Delta (B.1.617.2-like),987.0,2021-09-23,668853,AY.100,Delta (B.1.617.2-like),979.0,2021-10-01,764341,AY.100,Delta (B.1.617.2-like),956.0,2021-10-24,167127,B.1.617.2,Delta (B.1.617.2-like),1268.2440285999382,2020-12-16,False,0,5,0,False,7,0,,0,
764303,SRR20245822,3,2,1,22026,22027,2,COVID-AMPLISEQ-V1,.,2021-10-24,2bb17c25102e,3,AY.100,Delta (B.1.617.2-like),964.0,2021-10-16,764301,AY.100,Delta (B.1.617.2-like),956.0,2021-10-24,730900,AY.100,Delta (B.1.617.2-like),964.0000000001,2021-10-16,460607,AY.100,Delta (B.1.617.2-like),1057.0000000001,2021-07-15,764301,AY.100,Delta (B.1.617.2-like),956.0,2021-10-24,167127,B.1.617.2,Delta (B.1.617.2-like),1268.2440285999382,2020-12-16,False,0,6,-1,False,6,1,MNM1a,0,
935039,ERR7718757,2,1,1,21847,22027,2,COVID-AMPLISEQ-V1,3,2021-11-26,72424abdb873,2,AY.4,Delta (AY.4-like),929.0,2021-11-20,935038,AY.4,Delta (AY.4-like),923.0,2021-11-26,905188,AY.4,Delta (AY.4-like),929.0000000001,2021-11-20,295610,B.1.617.2,Delta (B.1.617.2-like),1246.8788256838184,2021-01-07,935038,AY.4,Delta (AY.4-like),923.0,2021-11-26,167127,B.1.617.2,Delta (B.1.617.2-like),1268.2440285999382,2020-12-16,False,1,9,-1,False,6,0,,0,
927331,SRR20264149,1,1,1,21639,22027,3,COVID-AMPLISEQ-V1,.,2021-11-24,a3dc2bd5f1bc,2,AY.119,Delta (B.1.617.2-like),937.3158917921468,2021-11-12,927330,AY.119,Delta (B.1.617.2-like),925.0,2021-11-24,807657,AY.119,Delta (B.1.617.2-like),947.0000000001,2021-11-02,411265,AY.119,Delta (B.1.617.2-like),1113.798226019964,2021-05-20,927330,AY.119,Delta (B.1.617.2-like),925.0,2021-11-24,167127,B.1.617.2,Delta (B.1.617.2-like),1268.2440285999382,2020-12-16,False,0,6,0,False,7,0,,0,
927329,SRR20264148,2,1,1,22026,22027,1,COVID-AMPLISEQ-V1,.,2021-11-24,d239068f67cc,2,AY.100,Delta (B.1.617.2-like),970.0222770599754,2021-10-10,927328,AY.100,Delta (B.1.617.2-like),925.0,2021-11-24,702602,AY.100,Delta (B.1.617.2-like),971.0,2021-10-09,371238,AY.100,Delta (B.1.617.2-like),1057.0000000002,2021-07-15,927328,AY.100,Delta (B.1.617.2-like),925.0,2021-11-24,167127,B.1.617.2,Delta (B.1.617.2-like),1268.2440285999382,2020-12-16,False,0,10,1,False,7,0,,0,
995213,SRR20189267,2,1,1,15547,22027,1,COVID-AMPLISEQ-V1,.,2021-12-07,206700ffb5d1,2,AY.119,Delta (B.1.617.2-like),916.0,2021-12-03,995212,AY.119,Delta (B.1.617.2-like),912.0,2021-12-07,973510,AY.119,Delta (B.1.617.2-like),916.0000000001,2021-12-03,815054,AY.119,Delta (B.1.617.2-like),946.0,2021-11-03,995212,AY.119,Delta (B.1.617.2-like),912.0,2021-12-07,561558,AY.119,Delta (B.1.617.2-like),1003.0000000005002,2021-09-07,False,0,6,0,False,6,0,,0,
949783,ERR7718425,2,1,1,22022,22027,0,COVID-AMPLISEQ-V1,3,2021-11-29,aaf7d624b869,2,AY.4,Delta (AY.4-like),956.5205360625484,2021-10-24,949782,AY.4,Delta (AY.4-like),920.0,2021-11-29,789716,AY.4,Delta (AY.4-like),1018.081490701876,2021-08-23,487209,AY.4,Delta (AY.4-like),1021.0,2021-08-20,949782,AY.4,Delta (AY.4-like),920.0,2021-11-29,167127,B.1.617.2,Delta (B.1.617.2-like),1268.2440285999382,2020-12-16,False,0,7,1,False,5,0,,0,
796983,SRR20227424,1,1,1,22026,22027,2,COVID-AMPLISEQ-V1,.,2021-10-31,6619d80fc74a,2,AY.118,Delta (B.1.617.2-like),964.3947543508848,2021-10-16,796982,AY.118,Delta (B.1.617.2-like),949.0,2021-10-31,675030,AY.118,Delta (B.1.617.2-like),977.0,2021-10-03,434939,AY.118,Delta (B.1.617.2-like),1087.000060146116,2021-06-15,796982,AY.118,Delta (B.1.617.2-like),949.0,2021-10-31,167127,B.1.617.2,Delta (B.1.617.2-like),1268.2440285999382,2020-12-16,False,0,13,0,False,6,0,,0,
944728,SRR20146104,2,1,1,22026,22027,0,COVID-AMPLISEQ-V1,.,2021-11-28,a07bc247548e,2,AY.100,Delta (B.1.617.2-like),923.0,2021-11-26,944727,AY.100,Delta (B.1.617.2-like),921.0,2021-11-28,935818,AY.100,Delta (B.1.617.2-like),923.0000000001,2021-11-26,371238,AY.100,Delta (B.1.617.2-like),1057.0000000002,2021-07-15,944727,AY.100,Delta (B.1.617.2-like),921.0,2021-11-28,167127,B.1.617.2,Delta (B.1.617.2-like),1268.2440285999382,2020-12-16,False,0,6,1,False,5,1,mnS1,0,
940247,SRR20179594,1,1,1,21847,22027,0,COVID-AMPLISEQ-V1,.,2021-11-27,d04adacbaf84,2,AY.39.1,Delta (B.1.617.2-like),928.0,2021-11-21,940246,AY.39.1,Delta (B.1.617.2-like),922.0,2021-11-27,910029,AY.39.1,Delta (B.1.617.2-like),928.0000000001,2021-11-21,682966,AY.39.1,Delta (B.1.617.2-like),975.0,2021-10-05,940246,AY.39.1,Delta (B.1.617.2-like),922.0,2021-11-27,167127,B.1.617.2,Delta (B.1.617.2-like),1268.2440285999382,2020-12-16,False,0,4,1,False,4,0,,0,
939318,ERR7684935,1,1,1,21847,22027,0,COVID-AMPLISEQ-V1,3,2021-11-27,b9266a819b66,2,AY.4,Delta (AY.4-like),945.82381910658,2021-11-04,939317,AY.4,Delta (AY.4-like),922.0,2021-11-27,841716,AY.4,Delta (AY.4-like),965.1767917057736,2021-10-15,295610,B.1.617.2,Delta (B.1.617.2-like),1246.8788256838184,2021-01-07,939317,AY.4,Delta (AY.4-like),922.0,2021-11-27,167127,B.1.617.2,Delta (B.1.617.2-like),1268.2440285999382,2020-12-16,False,1,10,1,False,6,0,,0,
936013,SRR20180432,1,1,1,21584,22027,1,COVID-AMPLISEQ-V1,.,2021-11-26,39688558e386,2,AY.117,Delta (B.1.617.2-like),948.108745750262,2021-11-01,936012,AY.117,Delta (B.1.617.2-like),923.0,2021-11-26,827979,AY.117,Delta (B.1.617.2-like),1002.0030537066868,2021-09-08,430152,AY.117,Delta (B.1.617.2-like),1097.681794549485,2021-06-05,936012,AY.117,Delta (B.1.617.2-like),923.0,2021-11-26,167127,B.1.617.2,Delta (B.1.617.2-like),1268.2440285999382,2020-12-16,False,0,4,0,False,5,0,,0,
963588,SRR20115917,1,1,1,22026,22027,0,COVID-AMPLISEQ-V1,.,2021-12-01,e426bcf584d9,2,AY.100,Delta (B.1.617.2-like),956.0503974121348,2021-10-24,963587,AY.100,Delta (B.1.617.2-like),918.0,2021-12-01,924202,AY.100,Delta (B.1.617.2-like),974.0,2021-10-06,371238,AY.100,Delta (B.1.617.2-like),1057.0000000002,2021-07-15,963587,AY.100,Delta (B.1.617.2-like),918.0,2021-12-01,167127,B.1.617.2,Delta (B.1.617.2-like),1268.2440285999382,2020-12-16,False,0,5,1,False,5,0,,0,
778275,ERR7305383,1,1,1,15681,22027,0,COVID-AMPLISEQ-V1,3,2021-10-27,890916f126ca,2,AY.4,Delta (AY.4-like),962.0,2021-10-18,778274,AY.4,Delta (AY.4-like),953.0,2021-10-27,735458,AY.4,Delta (AY.4-like),962.0000000001,2021-10-18,704506,AY.4,Delta (AY.4-like),970.0000000002,2021-10-10,778274,AY.4,Delta (AY.4-like),953.0,2021-10-27,167127,B.1.617.2,Delta (B.1.617.2-like),1268.2440285999382,2020-12-16,False,0,5,1,False,4,0,,0,
778262,ERR7302919,1,1,1,21256,22027,1,COVID-AMPLISEQ-V1,3,2021-10-27,1a7063bef019,2,AY.4,Delta (AY.4-like),980.6698886830316,2021-09-30,778261,AY.4,Delta (AY.4-like),953.0,2021-10-27,464830,AY.4,Delta (AY.4-like),1029.0000000001,2021-08-12,359792,AY.4,Delta (AY.4-like),1063.0,2021-07-09,778261,AY.4,Delta (AY.4-like),953.0,2021-10-27,167127,B.1.617.2,Delta (B.1.617.2-like),1268.2440285999382,2020-12-16,False,0,8,0,False,6,0,,0,
774513,SRR20246729,6,1,1,21847,22027,2,COVID-AMPLISEQ-V1,.,2021-10-26,4238560f0e11,2,AY.39,Delta (B.1.617.2-like),960.0000000001,2021-10-20,774512,AY.39,Delta (B.1.617.2-like),954.0,2021-10-26,748256,AY.39,Delta (B.1.617.2-like),960.0000000002,2021-10-20,446779,AY.39,Delta (B.1.617.2-like),1035.0,2021-08-06,817179,AY.39,Delta (B.1.617.2-like),960.0,2021-10-20,167127,B.1.617.2,Delta (B.1.617.2-like),1268.2440285999382,2020-12-16,False,0,10,0,False,7,0,,0,
828354,ERR7372240,1,1,1,19070,22027,0,COVID-AMPLISEQ-V1,3,2021-11-06,70fbebba102b,2,AY.4,Delta (AY.4-like),960.1990602438244,2021-10-20,828353,AY.4,Delta (AY.4-like),943.0,2021-11-06,322865,AY.4,Delta (AY.4-like),1086.0,2021-06-16,708299,AY.43.8,Delta (B.1.617.2-like),969.0,2021-10-11,828353,AY.4,Delta (AY.4-like),943.0,2021-11-06,167127,B.1.617.2,Delta (B.1.617.2-like),1268.2440285999382,2020-12-16,False,3,10,2,False,5,0,,0,
909642,ERR7697441,1,1,1,21996,22027,2,COVID-AMPLISEQ-V1,3,2021-11-21,9bdebc90bae6,2,AY.4.2,Delta (AY.4.2-like),934.0,2021-11-15,909641,AY.4.2,Delta (AY.4.2-like),928.0,2021-11-21,877249,AY.4.2,Delta (AY.4.2-like),934.0000000001,2021-11-15,513026,AY.4.2,Delta (AY.4.2-like),1094.000000337397,2021-06-08,909641,AY.4.2,Delta (AY.4.2-like),928.0,2021-11-21,167127,B.1.617.2,Delta (B.1.617.2-like),1268.2440285999382,2020-12-16,False,0,4,0,False,6,0,,0,
909475,ERR7686527,1,1,1,20133,22027,3,COVID-AMPLISEQ-V1,3,2021-11-21,1c1e8c19e0e2,2,AY.4,Delta (AY.4-like),945.3929724908312,2021-11-04,909474,AY.4,Delta (AY.4-like),928.0,2021-11-21,482862,AY.4,Delta (AY.4-like),1023.0000000001,2021-08-18,526211,AY.4,Delta (AY.4-like),1011.0,2021-08-30,909474,AY.4,Delta (AY.4-like),928.0,2021-11-21,167127,B.1.617.2,Delta (B.1.617.2-like),1268.2440285999382,2020-12-16,False,0,7,2,False,7,0,,0,
895973,SRR19815311,3,1,1,18401,22027,1,COVID-AMPLISEQ-V1,.,2021-11-18,a67490bff7ac,2,AY.119,Delta (B.1.617.2-like),933.0,2021-11-16,895972,AY.119,Delta (B.1.617.2-like),931.0,2021-11-18,884762,AY.119,Delta (B.1.617.2-like),933.0000000001,2021-11-16,698280,AY.119,Delta (B.1.617.2-like),972.0,2021-10-08,895972,AY.119,Delta (B.1.617.2-like),931.0,2021-11-18,167127,B.1.617.2,Delta (B.1.617.2-like),1268.2440285999382,2020-12-16,False,0,6,2,False,5,0,,0,
823800,ERR7367241,1,1,1,20375,22027,2,COVID-AMPLISEQ-V1,3,2021-11-05,66f844e30a31,2,AY.4,Delta (AY.4-like),956.5752519490076,2021-10-24,823799,AY.4,Delta (AY.4-like),944.0,2021-11-05,805383,AY.4,Delta (AY.4-like),1038.0547526422806,2021-08-03,691636,AY.4.1,Delta (AY.4-like),973.0,2021-10-07,823799,AY.4,Delta (AY.4-like),944.0,2021-11-05,167127,B.1.617.2,Delta (B.1.617.2-like),1268.2440285999382,2020-12-16,False,1,10,1,False,8,0,,0,
815178,SRR20234417,2,1,1,17914,22027,2,COVID-AMPLISEQ-V1,.,2021-11-03,8cbc2c9588d5,2,AY.117,Delta (B.1.617.2-like),951.0,2021-10-29,815177,AY.117,Delta (B.1.617.2-like),946.0,2021-11-03,787924,AY.117,Delta (B.1.617.2-like),951.0000000001,2021-10-29,482341,AY.117,Delta (B.1.617.2-like),1023.0,2021-08-18,815177,AY.117,Delta (B.1.617.2-like),946.0,2021-11-03,288785,AY.117,Delta (B.1.617.2-like),1121.0000000001,2021-05-12,False,0,9,0,False,7,0,,0,
815127,SRR20234060,1,1,1,19678,22027,2,COVID-AMPLISEQ-V1,.,2021-11-03,be0998e7172a,2,AY.4,Delta (AY.4-like),965.930482356801,2021-10-15,815126,AY.4,Delta (AY.4-like),946.0,2021-11-03,771668,AY.4,Delta (AY.4-like),1031.0,2021-08-10,347717,AY.114,Delta (B.1.617.2-like),1070.0,2021-07-02,815126,AY.4,Delta (AY.4-like),946.0,2021-11-03,167127,B.1.617.2,Delta (B.1.617.2-like),1268.2440285999382,2020-12-16,False,2,10,0,False,6,0,,0,
814867,SRR20226638,1,1,1,21847,22027,2,COVID-AMPLISEQ-V1,.,2021-11-03,e1294641f812,2,AY.120.1,Delta (B.1.617.2-like),947.0,2021-11-02,814866,AY.120.1,Delta (B.1.617.2-like),946.0,2021-11-03,808658,AY.120.1,Delta (B.1.617.2-like),947.0000000001,2021-11-02,387635,AY.120,Delta (B.1.617.2-like),1192.088430713339,2021-03-02,814866,AY.120.1,Delta (B.1.617.2-like),946.0,2021-11-03,167127,B.1.617.2,Delta (B.1.617.2-like),1268.2440285999382,2020-12-16,False,1,6,0,False,6,0,,0,
834516,SRR20247505,1,1,1,21847,22027,1,COVID-AMPLISEQ-V1,.,2021-11-07,bd341fbe84b7,2,AY.4,Delta (AY.4-like),943.0,2021-11-06,834515,AY.4,Delta (AY.4-like),942.0,2021-11-07,831390,AY.4,Delta (AY.4-like),943.0000000001,2021-11-06,295610,B.1.617.2,Delta (B.1.617.2-like),1246.8788256838184,2021-01-07,834515,AY.4,Delta (AY.4-like),942.0,2021-11-07,167127,B.1.617.2,Delta (B.1.617.2-like),1268.2440285999382,2020-12-16,False,1,6,0,False,5,0,,0,
828380,ERR7383438,1,1,1,21975,22027,2,COVID-AMPLISEQ-V1,3,2021-11-06,1a1b930a5003,2,AY.4,Delta (AY.4-like),966.2236409056984,2021-10-14,828379,AY.4,Delta (AY.4-like),943.0,2021-11-06,642403,AY.4,Delta (AY.4-like),1027.108038526938,2021-08-14,295610,B.1.617.2,Delta (B.1.617.2-like),1246.8788256838184,2021-01-07,828379,AY.4,Delta (AY.4-like),943.0,2021-11-06,167127,B.1.617.2,Delta (B.1.617.2-like),1268.2440285999382,2020-12-16,False,1,7,-1,False,6,0,,0,
864955,SRR20251370,1,1,1,18313,22027,1,COVID-AMPLISEQ-V1,.,2021-11-12,3c891a0a329c,2,AY.39,Delta (B.1.617.2-like),954.9275671770748,2021-10-26,864954,AY.39,Delta (B.1.617.2-like),937.0,2021-11-12,730597,AY.39,Delta (B.1.617.2-like),990.2962693175454,2021-09-20,604970,AY.39,Delta (B.1.617.2-like),994.0,2021-09-16,864954,AY.39,Delta (B.1.617.2-like),937.0,2021-11-12,167127,B.1.617.2,Delta (B.1.617.2-like),1268.2440285999382,2020-12-16,False,0,4,1,False,5,0,,0,
823928,ERR7383256,1,1,1,21847,22027,3,COVID-AMPLISEQ-V1,3,2021-11-05,5c97961f91db,2,AY.4,Delta (AY.4-like),955.9496414128693,2021-10-25,823927,AY.4,Delta (AY.4-like),944.0,2021-11-05,747816,AY.4,Delta (AY.4-like),960.0,2021-10-20,295610,B.1.617.2,Delta (B.1.617.2-like),1246.8788256838184,2021-01-07,823927,AY.4,Delta (AY.4-like),944.0,2021-11-05,167127,B.1.617.2,Delta (B.1.617.2-like),1268.2440285999382,2020-12-16,False,1,9,-1,False,7,0,,0,
823909,ERR7381561,1,1,1,21847,22027,1,COVID-AMPLISEQ-V1,3,2021-11-05,1c7dd9a469c5,2,AY.4,Delta (AY.4-like),968.6110341747471,2021-10-12,823908,AY.4,Delta (AY.4-like),944.0,2021-11-05,746207,AY.4,Delta (AY.4-like),985.1330440548636,2021-09-25,295610,B.1.617.2,Delta (B.1.617.2-like),1246.8788256838184,2021-01-07,823908,AY.4,Delta (AY.4-like),944.0,2021-11-05,167127,B.1.617.2,Delta (B.1.617.2-like),1268.2440285999382,2020-12-16,False,1,12,0,False,6,0,,0,
823844,ERR7373448,1,1,1,21847,22027,3,COVID-AMPLISEQ-V1,3,2021-11-05,7a9567c1dae2,2,AY.4,Delta (AY.4-like),969.9951018419018,2021-10-11,823843,AY.4,Delta (AY.4-like),944.0,2021-11-05,524609,AY.4,Delta (AY.4-like),1011.0,2021-08-30,295610,B.1.617.2,Delta (B.1.617.2-like),1246.8788256838184,2021-01-07,823843,AY.4,Delta (AY.4-like),944.0,2021-11-05,167127,B.1.617.2,Delta (B.1.617.2-like),1268.2440285999382,2020-12-16,False,1,9,-1,False,7,0,,0,
823842,ERR7373358,2,2,1,20391,22027,1,COVID-AMPLISEQ-V1,3,2021-11-05,b9130936614b,3,AY.4,Delta (AY.4-like),955.0,2021-10-25,823840,AY.4,Delta (AY.4-like),944.0,2021-11-05,767414,AY.4,Delta (AY.4-like),955.0000000001,2021-10-25,342041,AY.4,Delta (AY.4-like),1073.0,2021-06-29,823840,AY.4,Delta (AY.4-like),944.0,2021-11-05,167127,B.1.617.2,Delta (B.1.617.2-like),1268.2440285999382,2020-12-16,False,0,8,0,False,6,0,,0,
852091,ERR7584913,1,1,1,14512,22027,2,COVID-AMPLISEQ-V1,3,2021-11-10,b6ad921c5fe8,2,AY.4,Delta (AY.4-like),951.3197495558423,2021-10-29,852090,AY.4,Delta (AY.4-like),939.0,2021-11-10,725123,AY.4,Delta (AY.4-like),965.0,2021-10-15,740500,AY.4,Delta (AY.4-like),1016.9986255718022,2021-08-25,852090,AY.4,Delta (AY.4-like),939.0,2021-11-10,167127,B.1.617.2,Delta (B.1.617.2-like),1268.2440285999382,2020-12-16,False,0,5,0,False,7,0,,0,
847387,SRR20953863,8,3,1,19842,22027,3,COVID-AMPLISEQ-V1,.,2021-11-09,b5712f92e761,4,AY.119,Delta (B.1.617.2-like),944.0,2021-11-05,847384,AY.119,Delta (B.1.617.2-like),940.0,2021-11-09,825870,AY.119,Delta (B.1.617.2-like),944.0000000001,2021-11-05,387567,AY.119,Delta (B.1.617.2-like),1124.9971473701803,2021-05-09,935797,AY.119,Delta (B.1.617.2-like),942.6083956493724,2021-11-07,167127,B.1.617.2,Delta (B.1.617.2-like),1268.2440285999382,2020-12-16,False,0,6,-1,False,7,0,,0,
373991,SRR15391345,40,1,1,21847,22027,3,COVID-AMPLISEQ-V1,.,2021-07-16,ceccfb531c6d,2,AY.113,Delta (B.1.617.2-like),1080.5215541923649,2021-06-22,373990,AY.113,Delta (B.1.617.2-like),1056.0,2021-07-16,347893,AY.113,Delta (B.1.617.2-like),1154.5309103066766,2021-04-09,295610,B.1.617.2,Delta (B.1.617.2-like),1246.8788256838184,2021-01-07,373990,AY.113,Delta (B.1.617.2-like),1056.0,2021-07-16,167127,B.1.617.2,Delta (B.1.617.2-like),1268.2440285999382,2020-12-16,False,1,5,1,False,7,0,,0,
373410,ERR6438122,96,1,1,21847,22027,1,COVID-AMPLISEQ-V1,.,2021-07-16,adcdc16b9c55,2,AY.42,Delta (B.1.617.2-like),1098.0648355363362,2021-06-04,373409,AY.42,Delta (B.1.617.2-like),1056.0000000003,2021-07-16,356998,AY.42,Delta (B.1.617.2-like),1169.3464839913267,2021-03-25,295610,B.1.617.2,Delta (B.1.617.2-like),1246.8788256838184,2021-01-07,373409,AY.42,Delta (B.1.617.2-like),1056.0000000003,2021-07-16,167127,B.1.617.2,Delta (B.1.617.2-like),1268.2440285999382,2020-12-16,False,1,5,0,False,5,0,,0,
500239,ERR6624099,4,1,1,21847,22027,1,COVID-AMPLISEQ-V1,3,2021-08-24,db6b5e7bd8f3,2,AY.4,Delta (AY.4-like),1042.7850589337606,2021-07-30,500238,AY.4,Delta (AY.4-like),1017.0,2021-08-24,454010,AY.4,Delta (AY.4-like),1049.0000000001,2021-07-23,295610,B.1.617.2,Delta (B.1.617.2-like),1246.8788256838184,2021-01-07,500238,AY.4,Delta (AY.4-like),1017.0,2021-08-24,167127,B.1.617.2,Delta (B.1.617.2-like),1268.2440285999382,2020-12-16,False,1,8,0,False,6,0,,0,
794469,ERR7309574,2,2,1,21847,22027,2,COVID-AMPLISEQ-V1,3,2021-10-31,cfca1fc00b28,3,AY.4,Delta (AY.4-like),963.0,2021-10-17,794467,AY.4,Delta (AY.4-like),949.0,2021-10-31,732664,AY.4,Delta (AY.4-like),963.0000000001,2021-10-17,295610,B.1.617.2,Delta (B.1.617.2-like),1246.8788256838184,2021-01-07,794467,AY.4,Delta (AY.4-like),949.0,2021-10-31,167127,B.1.617.2,Delta (B.1.617.2-like),1268.2440285999382,2020-12-16,False,1,10,-1,False,6,0,,0,
794466,ERR7309466,1,1,1,21847,22027,0,COVID-AMPLISEQ-V1,3,2021-10-31,4bbc8c784840,2,AY.4,Delta (AY.4-like),976.0946390683514,2021-10-04,794465,AY.4,Delta (AY.4-like),949.0,2021-10-31,658049,AY.4,Delta (AY.4-like),1021.4834112920666,2021-08-20,295610,B.1.617.2,Delta (B.1.617.2-like),1246.8788256838184,2021-01-07,794465,AY.4,Delta (AY.4-like),949.0,2021-10-31,167127,B.1.617.2,Delta (B.1.617.2-like),1268.2440285999382,2020-12-16,False,1,7,1,False,4,0,,0,
794464,ERR7308920,1,1,1,21847,22027,2,COVID-AMPLISEQ-V1,3,2021-10-31,01f964feef16,2,AY.4,Delta (AY.4-like),963.2632864594782,2021-10-17,794463,AY.4,Delta (AY.4-like),949.0,2021-10-31,724805,AY.4,Delta (AY.4-like),965.0,2021-10-15,295610,B.1.617.2,Delta (B.1.617.2-like),1246.8788256838184,2021-01-07,794463,AY.4,Delta (AY.4-like),949.0,2021-10-31,167127,B.1.617.2,Delta (B.1.617.2-like),1268.2440285999382,2020-12-16,False,1,10,-1,False,6,0,,0,
794450,ERR7305778,1,1,1,21847,22027,2,COVID-AMPLISEQ-V1,3,2021-10-31,dbee6f2b6bab,2,AY.4,Delta (AY.4-like),963.585499515558,2021-10-17,794449,AY.4,Delta (AY.4-like),949.0,2021-10-31,716968,AY.4,Delta (AY.4-like),967.0,2021-10-13,295610,B.1.617.2,Delta (B.1.617.2-like),1246.8788256838184,2021-01-07,794449,AY.4,Delta (AY.4-like),949.0,2021-10-31,167127,B.1.617.2,Delta (B.1.617.2-like),1268.2440285999382,2020-12-16,False,1,13,-1,False,6,0,,0,
853590,SRR20251930,3,2,1,15961,22027,1,COVID-AMPLISEQ-V1,.,2021-11-10,1fbd95f155ae,3,AY.39,Delta (B.1.617.2-like),977.0,2021-10-03,853589,AY.39,Delta (B.1.617.2-like),939.0,2021-11-10,675108,AY.39,Delta (B.1.617.2-like),977.0000000001,2021-10-03,403713,AY.39,Delta (B.1.617.2-like),1167.6024496720977,2021-03-27,853588,AY.39,Delta (B.1.617.2-like),939.0,2021-11-10,167127,B.1.617.2,Delta (B.1.617.2-like),1268.2440285999382,2020-12-16,False,0,6,1,False,5,0,,0,
853495,SRR20250176,1,1,1,21847,22027,2,COVID-AMPLISEQ-V1,.,2021-11-10,73d4d1ac969d,2,AY.39,Delta (B.1.617.2-like),961.1074873470262,2021-10-19,853494,AY.39,Delta (B.1.617.2-like),939.0,2021-11-10,647928,AY.39,Delta (B.1.617.2-like),1022.9689619412512,2021-08-19,632978,AY.39,Delta (B.1.617.2-like),1114.4407958262923,2021-05-19,853494,AY.39,Delta (B.1.617.2-like),939.0,2021-11-10,167127,B.1.617.2,Delta (B.1.617.2-like),1268.2440285999382,2020-12-16,False,0,7,0,False,7,0,,0,
853410,SRR20249864,1,1,1,22026,22027,2,COVID-AMPLISEQ-V1,.,2021-11-10,6113d5796a0f,2,AY.100,Delta (B.1.617.2-like),941.0,2021-11-08,853409,AY.100,Delta (B.1.617.2-like),939.0,2021-11-10,840638,AY.100,Delta (B.1.617.2-like),941.0000000001,2021-11-08,579995,AY.100,Delta (B.1.617.2-like),1144.7454560363012,2021-04-19,853409,AY.100,Delta (B.1.617.2-like),939.0,2021-11-10,167127,B.1.617.2,Delta (B.1.617.2-like),1268.2440285999382,2020-12-16,False,0,5,0,False,6,0,,0,
864843,SRR20250955,1,1,1,22026,22027,1,COVID-AMPLISEQ-V1,.,2021-11-12,a01b813524e8,2,AY.100,Delta (B.1.617.2-like),961.4424238897756,2021-10-19,864842,AY.100,Delta (B.1.617.2-like),937.0,2021-11-12,754484,AY.100,Delta (B.1.617.2-like),1019.565077092126,2021-08-22,324982,AY.100,Delta (B.1.617.2-like),1144.7454560367014,2021-04-19,864842,AY.100,Delta (B.1.617.2-like),937.0,2021-11-12,167127,B.1.617.2,Delta (B.1.617.2-like),1268.2440285999382,2020-12-16,False,0,5,0,False,6,0,,0,
951125,SRR20145644,1,1,1,18396,22027,0,COVID-AMPLISEQ-V1,.,2021-11-29,efc6e548d50b,2,AY.20,Delta (B.1.617.2-like),925.0,2021-11-24,951124,AY.20,Delta (B.1.617.2-like),920.0,2021-11-29,927321,AY.20,Delta (B.1.617.2-like),925.0000000001,2021-11-24,407122,AY.20,Delta (B.1.617.2-like),1162.2831287693011,2021-04-01,951124,AY.20,Delta (B.1.617.2-like),920.0,2021-11-29,167127,B.1.617.2,Delta (B.1.617.2-like),1268.2440285999382,2020-12-16,False,0,6,1,False,5,0,,0,
859518,SRR20251879,1,1,1,22026,22027,3,COVID-AMPLISEQ-V1,.,2021-11-11,c8797fafbd59,2,AY.100,Delta (B.1.617.2-like),950.864051985787,2021-10-30,859517,AY.100,Delta (B.1.617.2-like),938.0,2021-11-11,781407,AY.100,Delta (B.1.617.2-like),1047.239431483931,2021-07-25,668853,AY.100,Delta (B.1.617.2-like),979.0,2021-10-01,859517,AY.100,Delta (B.1.617.2-like),938.0,2021-11-11,167127,B.1.617.2,Delta (B.1.617.2-like),1268.2440285999382,2020-12-16,False,0,5,1,False,7,0,,0,
859209,SRR20250459,2,1,1,22026,22027,2,COVID-AMPLISEQ-V1,.,2021-11-11,bb42147f268b,2,AY.100,Delta (B.1.617.2-like),945.0000000001,2021-11-04,859208,AY.100,Delta (B.1.617.2-like),938.0,2021-11-11,819979,AY.100,Delta (B.1.617.2-like),945.0000000002,2021-11-04,371238,AY.100,Delta (B.1.617.2-like),1057.0000000002,2021-07-15,1020512,AY.100,Delta (B.1.617.2-like),945.0,2021-11-04,167127,B.1.617.2,Delta (B.1.617.2-like),1268.2440285999382,2020-12-16,False,0,6,0,False,7,0,,0,
853614,SRR20251944,1,1,1,21847,22027,0,COVID-AMPLISEQ-V1,.,2021-11-10,4f8dac8c0ceb,2,AY.39,Delta (B.1.617.2-like),963.292984368304,2021-10-17,853613,AY.39,Delta (B.1.617.2-like),939.0,2021-11-10,822855,AY.39,Delta (B.1.617.2-like),994.5043806004904,2021-09-16,716020,AY.39,Delta (B.1.617.2-like),1120.8578424621876,2021-05-13,853613,AY.39,Delta (B.1.617.2-like),939.0,2021-11-10,167127,B.1.617.2,Delta (B.1.617.2-like),1268.2440285999382,2020-12-16,False,0,6,1,False,6,0,,0,
853610,SRR20251940,2,1,1,22026,22027,1,COVID-AMPLISEQ-V1,.,2021-11-10,ebbfd8004dea,2,AY.100,Delta (B.1.617.2-like),940.0,2021-11-09,853609,AY.100,Delta (B.1.617.2-like),939.0,2021-11-10,847453,AY.100,Delta (B.1.617.2-like),940.0000000001,2021-11-09,324982,AY.100,Delta (B.1.617.2-like),1144.7454560367014,2021-04-19,853609,AY.100,Delta (B.1.617.2-like),939.0,2021-11-10,167127,B.1.617.2,Delta (B.1.617.2-like),1268.2440285999382,2020-12-16,False,0,9,0,False,6,0,,0,
879064,SRR20177943,3,1,1,21649,22027,3,COVID-AMPLISEQ-V1,.,2021-11-15,ca10029f1acd,2,AY.117,Delta (B.1.617.2-like),946.0,2021-11-03,879063,AY.117,Delta (B.1.617.2-like),934.0,2021-11-15,814825,AY.117,Delta (B.1.617.2-like),946.0000000001,2021-11-03,720316,AY.117,Delta (B.1.617.2-like),1100.2186689675857,2021-06-02,879063,AY.117,Delta (B.1.617.2-like),934.0,2021-11-15,167127,B.1.617.2,Delta (B.1.617.2-like),1268.2440285999382,2020-12-16,False,0,4,-1,False,7,0,,0,
873875,SRR20177754,2,1,1,22026,22027,1,COVID-AMPLISEQ-V1,.,2021-11-14,ef0012596cb3,2,AY.100,Delta (B.1.617.2-like),939.0,2021-11-10,873874,AY.100,Delta (B.1.617.2-like),935.0,2021-11-14,853301,AY.100,Delta (B.1.617.2-like),939.0000000001,2021-11-10,371238,AY.100,Delta (B.1.617.2-like),1057.0000000002,2021-07-15,873874,AY.100,Delta (B.1.617.2-like),935.0,2021-11-14,167127,B.1.617.2,Delta (B.1.617.2-like),1268.2440285999382,2020-12-16,False,0,7,0,False,6,0,,0,
779325,SRR20247060,3,1,1,21009,22027,2,COVID-AMPLISEQ-V1,.,2021-10-27,14559fa1365b,2,AY.113,Delta (B.1.617.2-like),959.0,2021-10-21,779324,AY.113,Delta (B.1.617.2-like),953.0,2021-10-27,753007,AY.113,Delta (B.1.617.2-like),959.0000000001,2021-10-21,574829,AY.4,Delta (AY.4-like),1000.0,2021-09-10,779324,AY.113,Delta (B.1.617.2-like),953.0,2021-10-27,167127,B.1.617.2,Delta (B.1.617.2-like),1268.2440285999382,2020-12-16,False,2,12,0,False,7,0,,0,
865140,SRR20261992,1,1,1,22026,22027,2,COVID-AMPLISEQ-V1,.,2021-11-12,066d7090de16,2,AY.100,Delta (B.1.617.2-like),950.5542693440758,2021-10-30,865139,AY.100,Delta (B.1.617.2-like),937.0,2021-11-12,820441,AY.100,Delta (B.1.617.2-like),976.3634777320256,2021-10-04,371238,AY.100,Delta (B.1.617.2-like),1057.0000000002,2021-07-15,865139,AY.100,Delta (B.1.617.2-like),937.0,2021-11-12,167127,B.1.617.2,Delta (B.1.617.2-like),1268.2440285999382,2020-12-16,False,0,12,1,False,8,0,,0,
744633,SRR20259015,2,1,1,22026,22027,1,COVID-AMPLISEQ-V1,.,2021-10-19,01a5b20b48a8,2,AY.39,Delta (B.1.617.2-like),975.0707267592968,2021-10-05,744632,AY.39,Delta (B.1.617.2-like),961.0,2021-10-19,680203,AY.39,Delta (B.1.617.2-like),976.0,2021-10-04,446666,AY.39,Delta (B.1.617.2-like),1035.0,2021-08-06,744632,AY.39,Delta (B.1.617.2-like),961.0,2021-10-19,167127,B.1.617.2,Delta (B.1.617.2-like),1268.2440285999382,2020-12-16,False,0,6,0,False,6,0,,0,
742742,ERR7235923,4,1,1,17551,22027,0,COVID-AMPLISEQ-V1,3,2021-10-19,715fceb9327c,2,AY.4,Delta (AY.4-like),970.0000000001,2021-10-10,742741,AY.4,Delta (AY.4-like),961.0,2021-10-19,619475,AY.4,Delta (AY.4-like),1013.8118890622642,2021-08-28,704506,AY.4,Delta (AY.4-like),970.0000000002,2021-10-10,997027,AY.4,Delta (AY.4-like),970.0,2021-10-10,167127,B.1.617.2,Delta (B.1.617.2-like),1268.2440285999382,2020-12-16,False,0,5,1,False,4,0,,0,
742736,ERR7234752,1,1,1,21847,22027,1,COVID-AMPLISEQ-V1,3,2021-10-19,4b895cfe49f9,2,AY.4,Delta (AY.4-like),978.5003077529597,2021-10-02,742735,AY.4,Delta (AY.4-like),961.0,2021-10-19,614500,AY.4,Delta (AY.4-like),992.0000000001,2021-09-18,295610,B.1.617.2,Delta (B.1.617.2-like),1246.8788256838184,2021-01-07,742735,AY.4,Delta (AY.4-like),961.0,2021-10-19,167127,B.1.617.2,Delta (B.1.617.2-like),1268.2440285999382,2020-12-16,False,1,6,1,False,5,0,,0,
742729,ERR7233771,2,2,1,18502,22027,0,COVID-AMPLISEQ-V1,3,2021-10-19,82d9e135f004,3,AY.4,Delta (AY.4-like),981.0,2021-09-29,742727,AY.4,Delta (AY.4-like),961.0,2021-10-19,659959,AY.4,Delta (AY.4-like),981.0000000001,2021-09-29,474770,AY.4,Delta (AY.4-like),1025.0000000001,2021-08-16,742727,AY.4,Delta (AY.4-like),961.0,2021-10-19,167127,B.1.617.2,Delta (B.1.617.2-like),1268.2440285999382,2020-12-16,False,0,7,1,False,6,0,,0,
747799,ERR7317852,1,1,1,21847,22027,1,COVID-AMPLISEQ-V1,3,2021-10-20,637ea906efd5,2,AY.4,Delta (AY.4-like),1005.6942823630392,2021-09-05,747798,AY.4,Delta (AY.4-like),960.0,2021-10-20,353789,AY.4,Delta (AY.4-like),1066.0000000001,2021-07-06,295610,B.1.617.2,Delta (B.1.617.2-like),1246.8788256838184,2021-01-07,747798,AY.4,Delta (AY.4-like),960.0,2021-10-20,167127,B.1.617.2,Delta (B.1.617.2-like),1268.2440285999382,2020-12-16,False,1,8,1,False,6,0,,0,
747743,ERR7312074,2,1,1,21847,22027,1,COVID-AMPLISEQ-V1,3,2021-10-20,a529946a17bb,2,AY.4,Delta (AY.4-like),990.0,2021-09-20,747742,AY.4,Delta (AY.4-like),960.0,2021-10-20,620630,AY.4,Delta (AY.4-like),990.0000000001,2021-09-20,295610,B.1.617.2,Delta (B.1.617.2-like),1246.8788256838184,2021-01-07,747742,AY.4,Delta (AY.4-like),960.0,2021-10-20,167127,B.1.617.2,Delta (B.1.617.2-like),1268.2440285999382,2020-12-16,False,1,9,1,False,7,0,,0,
747233,ERR7237498,1,1,1,21975,22027,2,COVID-AMPLISEQ-V1,3,2021-10-20,9bfab0e64281,2,AY.4,Delta (AY.4-like),961.0,2021-10-19,747232,AY.4,Delta (AY.4-like),960.0,2021-10-20,744810,AY.4,Delta (AY.4-like),961.0000000001,2021-10-19,295610,B.1.617.2,Delta (B.1.617.2-like),1246.8788256838184,2021-01-07,747232,AY.4,Delta (AY.4-like),960.0,2021-10-20,167127,B.1.617.2,Delta (B.1.617.2-like),1268.2440285999382,2020-12-16,False,1,8,-1,False,6,0,,0,
747219,ERR7236337,2,2,1,21847,22027,2,COVID-AMPLISEQ-V1,3,2021-10-20,67572cd23147,3,AY.4,Delta (AY.4-like),978.0,2021-10-02,747217,AY.4,Delta (AY.4-like),960.0,2021-10-20,670717,AY.4,Delta (AY.4-like),978.0000000001,2021-10-02,295610,B.1.617.2,Delta (B.1.617.2-like),1246.8788256838184,2021-01-07,747217,AY.4,Delta (AY.4-like),960.0,2021-10-20,167127,B.1.617.2,Delta (B.1.617.2-like),1268.2440285999382,2020-12-16,False,1,7,-1,False,6,0,,0,
747170,ERR7232746,1,1,1,20727,22027,0,COVID-AMPLISEQ-V1,3,2021-10-20,2a79187f1842,2,AY.4,Delta (AY.4-like),982.9851127723535,2021-09-28,747169,AY.4,Delta (AY.4-like),960.0,2021-10-20,677805,AY.4,Delta (AY.4-like),1015.0011039593838,2021-08-26,487209,AY.4,Delta (AY.4-like),1021.0,2021-08-20,747169,AY.4,Delta (AY.4-like),960.0,2021-10-20,167127,B.1.617.2,Delta (B.1.617.2-like),1268.2440285999382,2020-12-16,False,0,4,1,False,4,0,,0,
747147,ERR7229817,1,1,1,19678,22027,2,COVID-AMPLISEQ-V1,3,2021-10-20,3de10c3f5d70,2,AY.4,Delta (AY.4-like),975.4853354480196,2021-10-05,747146,AY.4,Delta (AY.4-like),960.0,2021-10-20,628575,AY.4,Delta (AY.4-like),989.0,2021-09-21,347717,AY.114,Delta (B.1.617.2-like),1070.0,2021-07-02,747146,AY.4,Delta (AY.4-like),960.0,2021-10-20,167127,B.1.617.2,Delta (B.1.617.2-like),1268.2440285999382,2020-12-16,False,2,11,0,False,6,0,,0,
742777,ERR7239998,1,1,1,21847,22027,0,COVID-AMPLISEQ-V1,3,2021-10-19,234edf00b632,2,AY.4,Delta (AY.4-like),982.7907694998804,2021-09-28,742776,AY.4,Delta (AY.4-like),961.0,2021-10-19,642417,AY.4,Delta (AY.4-like),994.0000000001,2021-09-16,526174,AY.4,Delta (AY.4-like),1011.0,2021-08-30,742776,AY.4,Delta (AY.4-like),961.0,2021-10-19,167127,B.1.617.2,Delta (B.1.617.2-like),1268.2440285999382,2020-12-16,False,0,4,1,False,4,0,,0,
749094,SRR20259890,12,1,1,20938,22027,1,COVID-AMPLISEQ-V1,.,2021-10-20,342f35012c7b,2,AY.127,Delta (B.1.617.2-like),961.0,2021-10-19,749093,AY.127,Delta (B.1.617.2-like),960.0000000002,2021-10-20,743516,AY.127,Delta (B.1.617.2-like),961.0000000001,2021-10-19,740400,AY.127,Delta (B.1.617.2-like),997.0,2021-09-13,749093,AY.127,Delta (B.1.617.2-like),960.0000000002,2021-10-20,473766,AY.127,Delta (B.1.617.2-like),1203.1755747317252,2021-02-19,False,0,7,2,False,8,0,,0,
749081,SRR20259495,2,1,1,22026,22027,1,COVID-AMPLISEQ-V1,.,2021-10-20,3156015b752e,2,AY.100,Delta (B.1.617.2-like),971.0,2021-10-09,749080,AY.100,Delta (B.1.617.2-like),960.0,2021-10-20,701765,AY.100,Delta (B.1.617.2-like),971.0000000001,2021-10-09,371238,AY.100,Delta (B.1.617.2-like),1057.0000000002,2021-07-15,749080,AY.100,Delta (B.1.617.2-like),960.0,2021-10-20,167127,B.1.617.2,Delta (B.1.617.2-like),1268.2440285999382,2020-12-16,False,0,8,1,False,6,0,,0,
749053,SRR20259256,1,1,1,21847,22027,1,COVID-AMPLISEQ-V1,.,2021-10-20,dbcb5c94449d,2,AY.39,Delta (B.1.617.2-like),962.0,2021-10-18,749052,AY.39,Delta (B.1.617.2-like),960.0,2021-10-20,738088,AY.39,Delta (B.1.617.2-like),962.0000000001,2021-10-18,716020,AY.39,Delta (B.1.617.2-like),1120.8578424621876,2021-05-13,749052,AY.39,Delta (B.1.617.2-like),960.0,2021-10-20,167127,B.1.617.2,Delta (B.1.617.2-like),1268.2440285999382,2020-12-16,False,0,10,2,False,8,0,,0,
749044,SRR20259238,24,1,1,22026,22027,2,COVID-AMPLISEQ-V1,.,2021-10-20,176a45f4412b,2,AY.100,Delta (B.1.617.2-like),1030.0228062866752,2021-08-11,749043,AY.100,Delta (B.1.617.2-like),960.0,2021-10-20,675983,AY.100,Delta (B.1.617.2-like),1036.0000000001,2021-08-05,324982,AY.100,Delta (B.1.617.2-like),1144.7454560367014,2021-04-19,817430,AY.100,Delta (B.1.617.2-like),1028.2275897137038,2021-08-13,167127,B.1.617.2,Delta (B.1.617.2-like),1268.2440285999382,2020-12-16,False,0,5,0,False,6,0,,0,
747827,ERR7321379,3,1,1,21803,22027,0,COVID-ARTIC-V3,3,2021-10-20,b4963ac2bb12,2,AY.4.2.1,Delta (AY.4.2-like),973.0,2021-10-07,747826,AY.4.2.1,Delta (AY.4.2-like),960.0,2021-10-20,690411,AY.4.2.1,Delta (AY.4.2-like),973.0000000001,2021-10-07,497474,AY.4.2.1,Delta (AY.4.2-like),1018.0000000001,2021-08-23,747826,AY.4.2.1,Delta (AY.4.2-like),960.0,2021-10-20,167127,B.1.617.2,Delta (B.1.617.2-like),1268.2440285999382,2020-12-16,False,0,6,1,False,5,0,,0,
978032,SRR20186254,1,1,1,15793,22027,0,COVID-AMPLISEQ-V1,.,2021-12-04,d8dcc7a55c81,2,B.1.617.2,Delta (B.1.617.2-like),931.2911198722296,2021-11-18,978031,B.1.617.2,Delta (B.1.617.2-like),915.0,2021-12-04,847830,B.1.617.2,Delta (B.1.617.2-like),940.0,2021-11-09,403119,B.1.617.2,Delta (B.1.617.2-like),1078.364324751125,2021-06-24,978031,B.1.617.2,Delta (B.1.617.2-like),915.0,2021-12-04,167127,B.1.617.2,Delta (B.1.617.2-like),1268.2440285999382,2020-12-16,False,0,11,1,False,6,0,,0,
973646,SRR20145485,1,1,1,20630,22027,1,COVID-AMPLISEQ-V1,.,2021-12-03,b073065d2e5e,2,AY.125,Delta (B.1.617.2-like),920.0,2021-11-29,973645,AY.125,Delta (B.1.617.2-like),916.0,2021-12-03,951658,AY.125,Delta (B.1.617.2-like),920.0000000001,2021-11-29,520164,AY.125,Delta (B.1.617.2-like),1013.0,2021-08-28,973645,AY.125,Delta (B.1.617.2-like),916.0,2021-12-03,167127,B.1.617.2,Delta (B.1.617.2-like),1268.2440285999382,2020-12-16,False,0,4,0,False,5,0,,0,
972182,ERR7696165,1,1,1,21728,22027,1,COVID-AMPLISEQ-V1,3,2021-12-03,220ad0da6a04,2,AY.4,Delta (AY.4-like),934.2905911959624,2021-11-15,972181,AY.4,Delta (AY.4-like),916.0,2021-12-03,746725,AY.4,Delta (AY.4-like),960.0000000001,2021-10-20,509809,AY.4,Delta (AY.4-like),1029.4226134145258,2021-08-12,972181,AY.4,Delta (AY.4-like),916.0,2021-12-03,167127,B.1.617.2,Delta (B.1.617.2-like),1268.2440285999382,2020-12-16,False,0,5,0,False,6,0,,0,
1029176,SRR20917503,1,1,1,21894,22027,2,COVID-AMPLISEQ-V1,.,2021-12-15,c9c9bd5a3f49,2,AY.119,Delta (B.1.617.2-like),910.0,2021-12-09,1029175,AY.119,Delta (B.1.617.2-like),904.0,2021-12-15,1005061,AY.119,Delta (B.1.617.2-like),910.0000000001,2021-12-09,387567,AY.119,Delta (B.1.617.2-like),1124.9971473701803,2021-05-09,1029175,AY.119,Delta (B.1.617.2-like),904.0,2021-12-15,167127,B.1.617.2,Delta (B.1.617.2-like),1268.2440285999382,2020-12-16,False,0,6,0,False,7,0,,0,
995188,SRR20189222,1,1,1,20375,22027,1,COVID-AMPLISEQ-V1,.,2021-12-07,f5c48e0c622d,2,AY.119,Delta (B.1.617.2-like),915.0,2021-12-04,995187,AY.119,Delta (B.1.617.2-like),912.0,2021-12-07,978126,AY.119,Delta (B.1.617.2-like),915.0000000001,2021-12-04,691636,AY.4.1,Delta (AY.4-like),973.0,2021-10-07,995187,AY.119,Delta (B.1.617.2-like),912.0,2021-12-07,167127,B.1.617.2,Delta (B.1.617.2-like),1268.2440285999382,2020-12-16,False,3,15,1,False,5,0,,0,
995083,SRR20188981,1,1,1,17977,22027,3,COVID-AMPLISEQ-V1,.,2021-12-07,eb8c21386776,2,AY.118,Delta (B.1.617.2-like),935.9559140556512,2021-11-14,995082,AY.118,Delta (B.1.617.2-like),912.0,2021-12-07,644799,AY.118,Delta (B.1.617.2-like),985.0,2021-09-25,434939,AY.118,Delta (B.1.617.2-like),1087.000060146116,2021-06-15,995082,AY.118,Delta (B.1.617.2-like),912.0,2021-12-07,167127,B.1.617.2,Delta (B.1.617.2-like),1268.2440285999382,2020-12-16,False,0,8,0,False,7,0,,0,
1024182,SRR20117366,2,1,1,18982,22027,2,COVID-AMPLISEQ-V1,.,2021-12-14,542ed6f23d48,2,AY.119,Delta (B.1.617.2-like),920.9497879661792,2021-11-29,1024181,AY.119,Delta (B.1.617.2-like),905.0,2021-12-14,1010404,AY.119,Delta (B.1.617.2-like),948.0000000001,2021-11-01,411265,AY.119,Delta (B.1.617.2-like),1113.798226019964,2021-05-20,1024181,AY.119,Delta (B.1.617.2-like),905.0,2021-12-14,167127,B.1.617.2,Delta (B.1.617.2-like),1268.2440285999382,2020-12-16,False,0,8,1,False,6,0,,0,
1024172,SRR20117358,1,1,1,22001,22027,1,COVID-AMPLISEQ-V1,.,2021-12-14,4c1fea16cde8,2,AY.107,Delta (B.1.617.2-like),906.0,2021-12-13,1024171,AY.107,Delta (B.1.617.2-like),905.0,2021-12-14,1019300,AY.107,Delta (B.1.617.2-like),906.0000000001,2021-12-13,657135,AY.107,Delta (B.1.617.2-like),1115.2696345963516,2021-05-18,1024171,AY.107,Delta (B.1.617.2-like),905.0,2021-12-14,167127,B.1.617.2,Delta (B.1.617.2-like),1268.2440285999382,2020-12-16,False,0,8,1,False,7,0,,0,
1012030,ERR8250720,1,1,1,21847,22027,3,COVID-AMPLISEQ-V1,3,2021-12-11,51b1c45ef3fb,2,AY.4,Delta (AY.4-like),919.040006988606,2021-11-30,1012029,AY.4,Delta (AY.4-like),908.0,2021-12-11,905006,AY.4,Delta (AY.4-like),929.0,2021-11-20,295610,B.1.617.2,Delta (B.1.617.2-like),1246.8788256838184,2021-01-07,1012029,AY.4,Delta (AY.4-like),908.0,2021-12-11,167127,B.1.617.2,Delta (B.1.617.2-like),1268.2440285999382,2020-12-16,False,1,10,0,False,8,0,,0,
1011955,ERR8193340,1,1,1,19871,22027,2,COVID-AMPLISEQ-V1,3,2021-12-11,518b4899a22e,2,AY.42,Delta (B.1.617.2-like),911.0,2021-12-08,1011954,AY.42,Delta (B.1.617.2-like),908.0,2021-12-11,997831,AY.42,Delta (B.1.617.2-like),911.0000000001,2021-12-08,373409,AY.42,Delta (B.1.617.2-like),1056.0000000003,2021-07-16,1011954,AY.42,Delta (B.1.617.2-like),908.0,2021-12-11,167127,B.1.617.2,Delta (B.1.617.2-like),1268.2440285999382,2020-12-16,False,0,6,0,False,7,0,,0,
1004546,ERR8248166,1,1,1,21847,22027,2,COVID-AMPLISEQ-V1,3,2021-12-09,b8a2594fdbc2,2,AY.4,Delta (AY.4-like),925.9493532651449,2021-11-24,1004545,AY.4,Delta (AY.4-like),910.0,2021-12-09,837784,AY.4,Delta (AY.4-like),976.0310171859212,2021-10-04,295610,B.1.617.2,Delta (B.1.617.2-like),1246.8788256838184,2021-01-07,1004545,AY.4,Delta (AY.4-like),910.0,2021-12-09,167127,B.1.617.2,Delta (B.1.617.2-like),1268.2440285999382,2020-12-16,False,1,6,0,False,6,0,,0,
1004451,ERR8207679,1,1,1,21623,22027,2,COVID-AMPLISEQ-V1,3,2021-12-09,45eee964315d,2,AY.4,Delta (AY.4-like),931.1249871836792,2021-11-18,1004450,AY.4,Delta (AY.4-like),910.0,2021-12-09,806368,AY.4,Delta (AY.4-like),972.0,2021-10-08,446610,AY.119,Delta (B.1.617.2-like),1035.0,2021-08-06,1004450,AY.4,Delta (AY.4-like),910.0,2021-12-09,167127,B.1.617.2,Delta (B.1.617.2-like),1268.2440285999382,2020-12-16,False,2,12,0,False,6,0,,0,
1029198,SRR20918102,1,1,1,22026,22027,2,COVID-AMPLISEQ-V1,.,2021-12-15,a0d45083c808,2,AY.100,Delta (B.1.617.2-like),917.7851122250252,2021-12-02,1029197,AY.100,Delta (B.1.617.2-like),904.0,2021-12-15,787933,AY.100,Delta (B.1.617.2-like),965.0,2021-10-15,815179,AY.100,Delta (B.1.617.2-like),946.0,2021-11-03,1029197,AY.100,Delta (B.1.617.2-like),904.0,2021-12-15,167127,B.1.617.2,Delta (B.1.617.2-like),1268.2440285999382,2020-12-16,False,0,10,0,False,7,0,,0,
771728,ERR7239731,1,1,1,21847,22027,0,COVID-AMPLISEQ-V1,3,2021-10-26,800d57e89d78,2,AY.4,Delta (AY.4-like),977.877629973251,2021-10-03,771727,AY.4,Delta (AY.4-like),954.0,2021-10-26,616327,AY.4,Delta (AY.4-like),1013.8345209251984,2021-08-28,295610,B.1.617.2,Delta (B.1.617.2-like),1246.8788256838184,2021-01-07,771727,AY.4,Delta (AY.4-like),954.0,2021-10-26,167127,B.1.617.2,Delta (B.1.617.2-like),1268.2440285999382,2020-12-16,False,1,8,1,False,5,0,,0,
1029051,SRR20117298,1,1,1,18087,22027,3,COVID-AMPLISEQ-V1,.,2021-12-15,ef823809ce4f,2,AY.39.1,Delta (B.1.617.2-like),918.4014352104282,2021-12-01,1029050,AY.39.1,Delta (B.1.617.2-like),904.0,2021-12-15,1002703,AY.39.1,Delta (B.1.617.2-like),957.0,2021-10-23,618779,AY.39.1,Delta (B.1.617.2-like),1081.6982253520027,2021-06-21,1029050,AY.39.1,Delta (B.1.617.2-like),904.0,2021-12-15,167127,B.1.617.2,Delta (B.1.617.2-like),1268.2440285999382,2020-12-16,False,0,7,0,False,8,0,,0,
1028976,SRR20117083,1,1,1,13769,22027,0,COVID-AMPLISEQ-V1,.,2021-12-15,68b44eeed51b,2,AY.119,Delta (B.1.617.2-like),912.0,2021-12-07,1028975,AY.119,Delta (B.1.617.2-like),904.0,2021-12-15,995018,AY.119,Delta (B.1.617.2-like),912.0000000001,2021-12-07,847229,AY.119,Delta (B.1.617.2-like),940.0,2021-11-09,1028975,AY.119,Delta (B.1.617.2-like),904.0,2021-12-15,167127,B.1.617.2,Delta (B.1.617.2-like),1268.2440285999382,2020-12-16,False,0,4,1,False,4,0,,0,
1024315,SRR20918306,1,1,1,13379,22027,1,COVID-AMPLISEQ-V1,.,2021-12-14,4be2ce55f842,2,AY.119,Delta (B.1.617.2-like),926.259137993126,2021-11-23,1024314,AY.119,Delta (B.1.617.2-like),905.0,2021-12-14,784124,AY.119,Delta (B.1.617.2-like),952.0,2021-10-28,387567,AY.119,Delta (B.1.617.2-like),1124.9971473701803,2021-05-09,1024314,AY.119,Delta (B.1.617.2-like),905.0,2021-12-14,167127,B.1.617.2,Delta (B.1.617.2-like),1268.2440285999382,2020-12-16,False,0,4,0,False,5,0,,0,
1024266,SRR20917429,1,1,1,22026,22027,3,COVID-AMPLISEQ-V1,.,2021-12-14,85c2ff7eb8f8,2,AY.100,Delta (B.1.617.2-like),922.7405199158296,2021-11-27,1024265,AY.100,Delta (B.1.617.2-like),905.0,2021-12-14,866965,AY.100,Delta (B.1.617.2-like),988.2800271767634,2021-09-22,371238,AY.100,Delta (B.1.617.2-like),1057.0000000002,2021-07-15,1024265,AY.100,Delta (B.1.617.2-like),905.0,2021-12-14,167127,B.1.617.2,Delta (B.1.617.2-like),1268.2440285999382,2020-12-16,False,0,6,-1,False,7,0,,0,
1073367,SRR20891142,1,1,1,21847,22027,1,COVID-AMPLISEQ-V1,.,2021-12-30,80e8e1ff5693,2,AY.39,Delta (B.1.617.2-like),909.3765966875455,2021-12-10,1073366,AY.39,Delta (B.1.617.2-like),889.0,2021-12-30,1046436,AY.39,Delta (B.1.617.2-like),940.8411372024163,2021-11-09,506441,AY.39,Delta (B.1.617.2-like),1016.0,2021-08-25,1073366,AY.39,Delta (B.1.617.2-like),889.0,2021-12-30,167127,B.1.617.2,Delta (B.1.617.2-like),1268.2440285999382,2020-12-16,False,0,5,0,False,6,0,,0,
1040310,SRR20917766,1,1,1,9074,22027,2,COVID-AMPLISEQ-V1,.,2021-12-18,b16935877341,2,AY.34,Delta (B.1.617.2-like),918.3132944794504,2021-12-01,1040309,AY.34,Delta (B.1.617.2-like),901.0,2021-12-18,831550,AY.34,Delta (B.1.617.2-like),943.0,2021-11-06,526234,AY.34,Delta (B.1.617.2-like),1029.8686552001056,2021-08-12,1040309,AY.34,Delta (B.1.617.2-like),901.0,2021-12-18,344313,AY.34,Delta (B.1.617.2-like),1072.0000000004002,2021-06-30,False,0,6,-1,False,6,0,,0,
1033128,SRR20918075,1,1,1,21847,22027,2,COVID-AMPLISEQ-V1,.,2021-12-16,4ad4ea1e25c4,2,AY.4,Delta (AY.4-like),916.752909886154,2021-12-03,1033127,AY.4,Delta (AY.4-like),903.0,2021-12-16,964164,AY.4,Delta (AY.4-like),918.0,2021-12-01,295610,B.1.617.2,Delta (B.1.617.2-like),1246.8788256838184,2021-01-07,1033127,AY.4,Delta (AY.4-like),903.0,2021-12-16,167127,B.1.617.2,Delta (B.1.617.2-like),1268.2440285999382,2020-12-16,False,1,6,-1,False,6,0,,0,
742851,ERR7301572,1,1,1,21256,22027,2,COVID-AMPLISEQ-V1,3,2021-10-19,2624f7176094,2,AY.4,Delta (AY.4-like),984.8872400636274,2021-09-26,742850,AY.4,Delta (AY.4-like),961.0,2021-10-19,633798,AY.4,Delta (AY.4-like),1012.2461370548726,2021-08-29,507802,B.1.617.2,Delta (B.1.617.2-like),1217.8635639073295,2021-02-05,742850,AY.4,Delta (AY.4-like),961.0,2021-10-19,167127,B.1.617.2,Delta (B.1.617.2-like),1268.2440285999382,2020-12-16,False,1,8,-1,False,6,0,,0,
771708,ERR7230437,1,1,1,21847,22027,0,COVID-AMPLISEQ-V1,3,2021-10-26,bec38493579f,2,AY.4,Delta (AY.4-like),968.9034328590704,2021-10-12,771707,AY.4,Delta (AY.4-like),954.0,2021-10-26,707020,AY.4,Delta (AY.4-like),969.0,2021-10-11,295610,B.1.617.2,Delta (B.1.617.2-like),1246.8788256838184,2021-01-07,771707,AY.4,Delta (AY.4-like),954.0,2021-10-26,167127,B.1.617.2,Delta (B.1.617.2-like),1268.2440285999382,2020-12-16,False,1,8,1,False,6,0,,0,
752882,SRR20259151,37,1,1,21847,22027,3,COVID-AMPLISEQ-V1,.,2021-10-21,753ee6fb23cf,2,AY.113,Delta (B.1.617.2-like),1009.0000000001,2021-09-01,752881,AY.113,Delta (B.1.617.2-like),959.0000000001,2021-10-21,538422,AY.113,Delta (B.1.617.2-like),1009.0000000002,2021-09-01,295610,B.1.617.2,Delta (B.1.617.2-like),1246.8788256838184,2021-01-07,781252,AY.113,Delta (B.1.617.2-like),1009.0,2021-09-01,167127,B.1.617.2,Delta (B.1.617.2-like),1268.2440285999382,2020-12-16,False,1,10,0,False,7,0,,0,
751985,ERR7320673,1,1,1,21847,22027,2,COVID-AMPLISEQ-V1,3,2021-10-21,5f197811c209,2,AY.4,Delta (AY.4-like),974.3026764765032,2021-10-06,751984,AY.4,Delta (AY.4-like),959.0,2021-10-21,657399,AY.4,Delta (AY.4-like),981.0,2021-09-29,295610,B.1.617.2,Delta (B.1.617.2-like),1246.8788256838184,2021-01-07,751984,AY.4,Delta (AY.4-like),959.0,2021-10-21,167127,B.1.617.2,Delta (B.1.617.2-like),1268.2440285999382,2020-12-16,False,1,8,-1,False,6,0,,0,
752919,SRR20259390,1,1,1,16996,22027,2,COVID-AMPLISEQ-V1,.,2021-10-21,183ef3f7a6ab,2,AY.119,Delta (B.1.617.2-like),962.0,2021-10-18,752918,AY.119,Delta (B.1.617.2-like),959.0,2021-10-21,739280,AY.119,Delta (B.1.617.2-like),962.0000000001,2021-10-18,411265,AY.119,Delta (B.1.617.2-like),1113.798226019964,2021-05-20,752918,AY.119,Delta (B.1.617.2-like),959.0,2021-10-21,167127,B.1.617.2,Delta (B.1.617.2-like),1268.2440285999382,2020-12-16,False,0,8,-1,False,6,0,,0,
963715,SRR20116218,1,1,1,17299,22027,2,COVID-AMPLISEQ-V1,.,2021-12-01,a815b7acecf5,2,AY.129,Delta (B.1.617.2-like),934.314180937957,2021-11-15,963714,AY.129,Delta (B.1.617.2-like),918.0,2021-12-01,847791,AY.129,Delta (B.1.617.2-like),966.73879404083,2021-10-14,552889,AY.129,Delta (B.1.617.2-like),1005.0,2021-09-05,963714,AY.129,Delta (B.1.617.2-like),918.0,2021-12-01,167127,B.1.617.2,Delta (B.1.617.2-like),1268.2440285999382,2020-12-16,False,0,7,-1,False,6,0,,0,
751914,ERR7311251,1,1,1,21486,22027,2,COVID-ARTIC-V3,3,2021-10-21,4aca55ec163a,2,AY.4,Delta (AY.4-like),974.6518616929402,2021-10-06,751913,AY.4,Delta (AY.4-like),959.0,2021-10-21,626233,AY.4,Delta (AY.4-like),989.0000000001,2021-09-21,347144,AY.4,Delta (AY.4-like),1070.0,2021-07-02,751913,AY.4,Delta (AY.4-like),959.0,2021-10-21,167127,B.1.617.2,Delta (B.1.617.2-like),1268.2440285999382,2020-12-16,False,0,13,0,False,7,0,,0,
752953,SRR20259472,30,1,1,22026,22027,1,COVID-AMPLISEQ-V1,.,2021-10-21,e29e4de652b5,2,AY.100,Delta (B.1.617.2-like),1011.703004905136,2021-08-30,752952,AY.100,Delta (B.1.617.2-like),959.0000000003,2021-10-21,745922,AY.100,Delta (B.1.617.2-like),1026.4859513132037,2021-08-15,324982,AY.100,Delta (B.1.617.2-like),1144.7454560367014,2021-04-19,752952,AY.100,Delta (B.1.617.2-like),959.0000000003,2021-10-21,167127,B.1.617.2,Delta (B.1.617.2-like),1268.2440285999382,2020-12-16,False,0,8,1,False,6,0,,0,
751897,ERR7309650,1,1,1,21996,22027,1,COVID-AMPLISEQ-V1,3,2021-10-21,10b31436bcd1,2,AY.4.2,Delta (AY.4.2-like),964.0,2021-10-16,751896,AY.4.2,Delta (AY.4.2-like),959.0,2021-10-21,662799,AY.4.2,Delta (AY.4.2-like),980.0,2021-09-30,729841,AY.4.2,Delta (AY.4.2-like),964.0000000001,2021-10-16,751896,AY.4.2,Delta (AY.4.2-like),959.0,2021-10-21,167127,B.1.617.2,Delta (B.1.617.2-like),1268.2440285999382,2020-12-16,False,0,5,0,False,6,0,,0,
761049,SRR20246692,1,1,1,22026,22027,2,COVID-AMPLISEQ-V1,.,2021-10-23,c336c662e7b7,2,AY.100,Delta (B.1.617.2-like),967.0,2021-10-13,761048,AY.100,Delta (B.1.617.2-like),957.0,2021-10-23,687783,AY.100,Delta (B.1.617.2-like),974.0,2021-10-06,719272,AY.100,Delta (B.1.617.2-like),967.0000000001,2021-10-13,761048,AY.100,Delta (B.1.617.2-like),957.0,2021-10-23,167127,B.1.617.2,Delta (B.1.617.2-like),1268.2440285999382,2020-12-16,False,0,14,-1,False,6,0,,0,
751864,ERR7305983,2,1,1,21847,22027,2,COVID-AMPLISEQ-V1,3,2021-10-21,210d9a759087,2,AY.4,Delta (AY.4-like),1000.8526644440678,2021-09-10,751863,AY.4,Delta (AY.4-like),959.0,2021-10-21,611781,AY.4,Delta (AY.4-like),1016.2297905667336,2021-08-25,295610,B.1.617.2,Delta (B.1.617.2-like),1246.8788256838184,2021-01-07,808705,AY.117,Delta (B.1.617.2-like),959.7584673055644,2021-10-21,167127,B.1.617.2,Delta (B.1.617.2-like),1268.2440285999382,2020-12-16,False,1,8,0,False,7,0,,0,
760318,ERR7312316,1,1,1,22026,22027,0,COVID-ARTIC-V3,3,2021-10-23,07159f077df7,2,AY.4.2.2,Delta (AY.4.2-like),978.4635885189268,2021-10-02,760317,AY.4.2.2,Delta (AY.4.2-like),957.0,2021-10-23,745637,AY.4.2.2,Delta (AY.4.2-like),980.0,2021-09-30,711083,AY.4.2.2,Delta (AY.4.2-like),1011.850039536936,2021-08-30,760317,AY.4.2.2,Delta (AY.4.2-like),957.0,2021-10-23,167127,B.1.617.2,Delta (B.1.617.2-like),1268.2440285999382,2020-12-16,False,0,5,1,False,6,0,,0,
987666,ERR8251978,1,1,1,3931,22027,0,COVID-AMPLISEQ-V1,3,2021-12-06,feb868bc9dc5,2,AY.36,Delta (B.1.617.2-like),928.6826123133712,2021-11-21,987665,AY.36,Delta (B.1.617.2-like),913.0,2021-12-06,872699,AY.36,Delta (B.1.617.2-like),935.0,2021-11-14,548871,AY.36,Delta (B.1.617.2-like),1148.937227256653,2021-04-15,987665,AY.36,Delta (B.1.617.2-like),913.0,2021-12-06,374684,AY.36,Delta (B.1.617.2-like),1171.880896532061,2021-03-23,False,0,4,1,False,4,0,,0,
988695,SRR20186553,1,1,1,21847,22027,2,COVID-AMPLISEQ-V1,.,2021-12-06,250806383248,2,AY.103,Delta (B.1.617.2-like),929.5393428587242,2021-11-20,988694,AY.103,Delta (B.1.617.2-like),913.0,2021-12-06,903012,AY.103,Delta (B.1.617.2-like),995.3476979023704,2021-09-15,644178,AY.103,Delta (B.1.617.2-like),985.0,2021-09-25,988694,AY.103,Delta (B.1.617.2-like),913.0,2021-12-06,356979,AY.103,Delta (B.1.617.2-like),1116.8595637335238,2021-05-17,False,0,9,-1,False,6,0,,0,
991145,ERR7696866,1,1,1,21847,22027,2,COVID-AMPLISEQ-V1,3,2021-12-07,c18167a4d2eb,2,AY.4,Delta (AY.4-like),945.036546305449,2021-11-04,991144,AY.4,Delta (AY.4-like),912.0,2021-12-07,675826,AY.4,Delta (AY.4-like),995.0000000001,2021-09-15,295610,B.1.617.2,Delta (B.1.617.2-like),1246.8788256838184,2021-01-07,991144,AY.4,Delta (AY.4-like),912.0,2021-12-07,167127,B.1.617.2,Delta (B.1.617.2-like),1268.2440285999382,2020-12-16,False,1,6,-1,False,6,0,,0,
991166,ERR7709970,1,1,1,17105,22027,2,COVID-AMPLISEQ-V1,3,2021-12-07,34fc97cff240,2,AY.129,Delta (B.1.617.2-like),919.0,2021-11-30,991165,AY.129,Delta (B.1.617.2-like),912.0,2021-12-07,957085,AY.129,Delta (B.1.617.2-like),919.0000000001,2021-11-30,552889,AY.129,Delta (B.1.617.2-like),1005.0,2021-09-05,991165,AY.129,Delta (B.1.617.2-like),912.0,2021-12-07,167127,B.1.617.2,Delta (B.1.617.2-like),1268.2440285999382,2020-12-16,False,0,9,-1,False,6,0,,0,
978056,SRR20186297,2,2,1,22026,22027,3,COVID-AMPLISEQ-V1,.,2021-12-04,e8497995ac12,3,AY.100,Delta (B.1.617.2-like),936.494967952616,2021-11-13,978054,AY.100,Delta (B.1.617.2-like),915.0,2021-12-04,789808,AY.100,Delta (B.1.617.2-like),1011.2601484767226,2021-08-30,371238,AY.100,Delta (B.1.617.2-like),1057.0000000002,2021-07-15,978054,AY.100,Delta (B.1.617.2-like),915.0,2021-12-04,167127,B.1.617.2,Delta (B.1.617.2-like),1268.2440285999382,2020-12-16,False,0,7,1,False,9,0,,0,
978140,SRR20186448,2,2,1,20556,22027,1,COVID-AMPLISEQ-V1,.,2021-12-04,3c036992cf54,3,AY.117,Delta (B.1.617.2-like),932.0,2021-11-17,978138,AY.117,Delta (B.1.617.2-like),915.0,2021-12-04,890519,AY.117,Delta (B.1.617.2-like),932.0000000001,2021-11-17,720316,AY.117,Delta (B.1.617.2-like),1100.2186689675857,2021-06-02,978138,AY.117,Delta (B.1.617.2-like),915.0,2021-12-04,167127,B.1.617.2,Delta (B.1.617.2-like),1268.2440285999382,2020-12-16,False,0,4,0,False,5,0,,0,
760263,ERR7307455,1,1,1,22006,22027,0,COVID-ARTIC-V3,3,2021-10-23,b1b9507eabc2,2,AY.4,Delta (AY.4-like),977.3428276418094,2021-10-03,760262,AY.4,Delta (AY.4-like),957.0,2021-10-23,583699,AY.4,Delta (AY.4-like),998.0,2021-09-12,444149,AY.4,Delta (AY.4-like),1035.0000000002,2021-08-06,760262,AY.4,Delta (AY.4-like),957.0,2021-10-23,167127,B.1.617.2,Delta (B.1.617.2-like),1268.2440285999382,2020-12-16,False,0,7,2,False,7,0,,0,
755211,ERR7234709,1,1,1,17443,22027,2,COVID-AMPLISEQ-V1,3,2021-10-22,318ab868c5d6,2,AY.4,Delta (AY.4-like),971.7570665742944,2021-10-09,755210,AY.4,Delta (AY.4-like),958.0,2021-10-22,695356,AY.4,Delta (AY.4-like),972.0,2021-10-08,489601,AY.4,Delta (AY.4-like),1094.0000003503496,2021-06-08,755210,AY.4,Delta (AY.4-like),958.0,2021-10-22,167127,B.1.617.2,Delta (B.1.617.2-like),1268.2440285999382,2020-12-16,False,0,7,-1,False,6,0,,0,
978157,SRR20186619,2,1,1,22001,22027,2,COVID-AMPLISEQ-V1,.,2021-12-04,68a723d8af16,2,AY.20,Delta (B.1.617.2-like),928.9375838968444,2021-11-21,978156,AY.20,Delta (B.1.617.2-like),915.0,2021-12-04,895622,AY.20,Delta (B.1.617.2-like),931.0,2021-11-18,407122,AY.20,Delta (B.1.617.2-like),1162.2831287693011,2021-04-01,978156,AY.20,Delta (B.1.617.2-like),915.0,2021-12-04,167127,B.1.617.2,Delta (B.1.617.2-like),1268.2440285999382,2020-12-16,False,0,10,-1,False,6,0,,0,
963638,SRR20116014,3,1,1,21975,22027,1,COVID-AMPLISEQ-V1,.,2021-12-01,a6010dea6378,2,AY.4,Delta (AY.4-like),938.1499860709891,2021-11-11,963637,AY.4,Delta (AY.4-like),918.0,2021-12-01,726663,AY.4,Delta (AY.4-like),965.0000000001,2021-10-15,482341,AY.117,Delta (B.1.617.2-like),1023.0,2021-08-18,963637,AY.4,Delta (AY.4-like),918.0,2021-12-01,167126,B.1.617.2,Delta (B.1.617.2-like),1266.016653633328,2020-12-18,False,2,12,1,False,6,0,,0,
978164,SRR20186624,4,3,1,8753,22027,1,COVID-AMPLISEQ-V1,.,2021-12-04,f3b5a0b1820f,5,AY.4,Delta (AY.4-like),921.0000000001,2021-11-28,978161,AY.4,Delta (AY.4-like),915.0,2021-12-04,944791,AY.4,Delta (AY.4-like),921.0000000002,2021-11-28,687514,AY.4,Delta (AY.4-like),974.0000000001,2021-10-06,978163,AY.4,Delta (AY.4-like),921.0,2021-11-28,167127,B.1.617.2,Delta (B.1.617.2-like),1268.2440285999382,2020-12-16,False,0,4,1,False,4,0,,0,
753028,SRR20260009,3,1,1,16040,22027,3,COVID-AMPLISEQ-V1,.,2021-10-21,61cbfe45d4f7,2,AY.20,Delta (B.1.617.2-like),975.0577509581556,2021-10-05,753027,AY.20,Delta (B.1.617.2-like),959.0,2021-10-21,427833,AY.20,Delta (B.1.617.2-like),1039.0,2021-08-02,446580,AY.20,Delta (B.1.617.2-like),1035.0,2021-08-06,753027,AY.20,Delta (B.1.617.2-like),959.0,2021-10-21,167127,B.1.617.2,Delta (B.1.617.2-like),1268.2440285999382,2020-12-16,False,0,6,0,False,7,0,,0,
982662,SRR20145379,1,1,1,21847,22027,1,COVID-AMPLISEQ-V1,.,2021-12-05,7b062f0c465d,2,AY.39,Delta (B.1.617.2-like),928.3452202352744,2021-11-21,982661,AY.39,Delta (B.1.617.2-like),914.0,2021-12-05,944542,AY.39,Delta (B.1.617.2-like),946.1243066196118,2021-11-03,731636,AY.39,Delta (B.1.617.2-like),1014.997335959928,2021-08-27,982661,AY.39,Delta (B.1.617.2-like),914.0,2021-12-05,167127,B.1.617.2,Delta (B.1.617.2-like),1268.2440285999382,2020-12-16,False,0,5,0,False,5,0,,0,
963634,SRR20116005,4,1,1,22026,22027,0,COVID-AMPLISEQ-V1,.,2021-12-01,451ac8ce6b4d,2,AY.100,Delta (B.1.617.2-like),938.706689393798,2021-11-11,963633,AY.100,Delta (B.1.617.2-like),918.0,2021-12-01,898019,AY.100,Delta (B.1.617.2-like),967.5192833305452,2021-10-13,752950,AY.100,Delta (B.1.617.2-like),959.0,2021-10-21,963633,AY.100,Delta (B.1.617.2-like),918.0,2021-12-01,167127,B.1.617.2,Delta (B.1.617.2-like),1268.2440285999382,2020-12-16,False,0,5,1,False,5,0,,0,
760292,ERR7309895,1,1,1,22028,22029,3,COVID-ARTIC-V3,3,2021-10-23,316fa88e53b6,2,AY.4.2.3,Delta (AY.4.2-like),967.402781062529,2021-10-13,760291,AY.4.2.3,Delta (AY.4.2-like),957.0,2021-10-23,649469,AY.4.2.3,Delta (AY.4.2-like),983.0,2021-09-27,616764,AY.4.2.3,Delta (AY.4.2-like),991.0,2021-09-19,760291,AY.4.2.3,Delta (AY.4.2-like),957.0,2021-10-23,167127,B.1.617.2,Delta (B.1.617.2-like),1268.2440285999382,2020-12-16,False,0,10,0,False,7,0,,0,
465551,SRR15877765,77,1,1,22028,22029,0,COVID-AMPLISEQ-V1,.,2021-08-12,e8bb170879bc,2,AY.117,Delta (B.1.617.2-like),1031.0,2021-08-10,465550,AY.117,Delta (B.1.617.2-like),1029.0,2021-08-12,459210,AY.117,Delta (B.1.617.2-like),1031.0000000001,2021-08-10,387568,AY.117,Delta (B.1.617.2-like),1189.7867396381248,2021-03-05,465550,AY.117,Delta (B.1.617.2-like),1029.0,2021-08-12,167127,B.1.617.2,Delta (B.1.617.2-like),1268.2440285999382,2020-12-16,False,0,5,1,False,5,0,,0,
820450,SRR19931606,2,1,1,22028,22029,2,COVID-AMPLISEQ-V1,.,2021-11-04,f8ab5e4259ce,2,AY.100,Delta (B.1.617.2-like),948.0000000001,2021-11-01,820449,AY.100,Delta (B.1.617.2-like),945.0,2021-11-04,802895,AY.100,Delta (B.1.617.2-like),948.0000000002,2021-11-01,324982,AY.100,Delta (B.1.617.2-like),1144.7454560367014,2021-04-19,856107,AY.100,Delta (B.1.617.2-like),948.0,2021-11-01,167127,B.1.617.2,Delta (B.1.617.2-like),1268.2440285999382,2020-12-16,False,0,5,0,False,6,0,,0,
779240,SRR20229247,5,2,1,22028,22029,1,COVID-AMPLISEQ-V1,.,2021-10-27,38d5ee30283d,3,AY.119,Delta (B.1.617.2-like),962.0,2021-10-18,779238,AY.119,Delta (B.1.617.2-like),953.0,2021-10-27,703051,AY.119,Delta (B.1.617.2-like),1003.0000000002,2021-09-07,739429,AY.119,Delta (B.1.617.2-like),962.0000000001,2021-10-18,779238,AY.119,Delta (B.1.617.2-like),953.0,2021-10-27,167127,B.1.617.2,Delta (B.1.617.2-like),1268.2440285999382,2020-12-16,False,0,6,0,False,5,0,,0,
1152112,SRR18151876,1,1,1,21596,22029,1,COVID-ARTIC-V3,.,2022-01-23,b8da4bf050ae,2,BA.1.1.14,Omicron (BA.1-like),876.0,2022-01-12,1152111,BA.1.1.14,Omicron (BA.1-like),865.0,2022-01-23,1104410,BA.1.1.14,Omicron (BA.1-like),876.0000000001,2022-01-12,1052377,BA.1.1,Omicron (BA.1-like),911.0000000002004,2021-12-08,1152111,BA.1.1.14,Omicron (BA.1-like),865.0,2022-01-23,871714,BA.1,Omicron (BA.1-like),1011.137026065978,2021-08-30,False,1,5,8,True,5,0,,0,
726225,ERR7314127,1,1,1,22028,22029,0,COVID-ARTIC-V3,3,2021-10-15,e99c18d91819,2,AY.4.2,Delta (AY.4.2-like),971.0,2021-10-09,726224,AY.4.2,Delta (AY.4.2-like),965.0,2021-10-15,700613,AY.4.2,Delta (AY.4.2-like),971.0000000001,2021-10-09,513026,AY.4.2,Delta (AY.4.2-like),1094.000000337397,2021-06-08,726224,AY.4.2,Delta (AY.4.2-like),965.0,2021-10-15,167127,B.1.617.2,Delta (B.1.617.2-like),1268.2440285999382,2020-12-16,False,0,7,2,False,6,0,,0,
714033,ERR7306782,2,2,1,22028,22029,0,COVID-ARTIC-V3,3,2021-10-12,8f47ad261af1,3,AY.4.2,Delta (AY.4.2-like),991.4849540846714,2021-09-19,714031,AY.4.2,Delta (AY.4.2-like),968.0,2021-10-12,682539,AY.4.2,Delta (AY.4.2-like),1013.0,2021-08-28,513026,AY.4.2,Delta (AY.4.2-like),1094.000000337397,2021-06-08,714031,AY.4.2,Delta (AY.4.2-like),968.0,2021-10-12,167127,B.1.617.2,Delta (B.1.617.2-like),1268.2440285999382,2020-12-16,False,0,8,2,False,6,0,,0,
742984,ERR7311425,3,1,1,16734,22029,3,COVID-ARTIC-V3,3,2021-10-19,c2d21ffe8898,2,AY.4.2,Delta (AY.4.2-like),971.0,2021-10-09,742983,AY.4.2,Delta (AY.4.2-like),961.0,2021-10-19,639321,AY.4.2,Delta (AY.4.2-like),997.0000000001,2021-09-13,701374,AY.4.2,Delta (AY.4.2-like),971.0000000001,2021-10-09,742983,AY.4.2,Delta (AY.4.2-like),961.0,2021-10-19,514290,AY.4.2,Delta (AY.4.2-like),1014.0000000002,2021-08-27,False,0,6,0,False,7,0,,0,
609408,SRR16351102,1,1,1,22028,22029,1,COVID-AMPLISEQ-V1,.,2021-09-17,dcabbb906de7,2,AY.39,Delta (B.1.617.2-like),998.0,2021-09-12,609407,AY.39,Delta (B.1.617.2-like),993.0,2021-09-17,585594,AY.39,Delta (B.1.617.2-like),998.0000000001,2021-09-12,533711,AY.39,Delta (B.1.617.2-like),1010.0,2021-08-31,609407,AY.39,Delta (B.1.617.2-like),993.0,2021-09-17,167127,B.1.617.2,Delta (B.1.617.2-like),1268.2440285999382,2020-12-16,False,0,5,1,False,6,0,,0,
951665,SRR21263213,3,1,1,22028,22029,2,COVID-AMPLISEQ-V1,.,2021-11-29,ef084c529390,2,AY.103,Delta (B.1.617.2-like),931.0,2021-11-18,951664,AY.103,Delta (B.1.617.2-like),920.0000000001,2021-11-29,897550,AY.103,Delta (B.1.617.2-like),931.0000000001,2021-11-18,680477,AY.103,Delta (B.1.617.2-like),1041.7030586891217,2021-07-31,951664,AY.103,Delta (B.1.617.2-like),920.0000000001,2021-11-29,167127,B.1.617.2,Delta (B.1.617.2-like),1268.2440285999382,2020-12-16,False,0,13,0,False,6,0,,0,
523544,SRR16040811,2,1,1,15398,22029,3,COVID-AMPLISEQ-V1,.,2021-08-29,924bd0dc7ef9,2,AY.20,Delta (B.1.617.2-like),1013.0000000001,2021-08-28,523543,AY.20,Delta (B.1.617.2-like),1012.0,2021-08-29,371060,AY.20,Delta (B.1.617.2-like),1114.6312305392955,2021-05-19,520668,AY.20,Delta (B.1.617.2-like),1013.0000000002,2021-08-28,611391,AY.20,Delta (B.1.617.2-like),1013.0,2021-08-28,371954,AY.20,Delta (B.1.617.2-like),1170.2386515808248,2021-03-24,False,0,4,1,False,7,0,,0,
708342,ERR7236965,1,1,1,21847,22029,1,COVID-AMPLISEQ-V1,3,2021-10-11,6c89d418be8c,2,AY.4,Delta (AY.4-like),986.2234120462598,2021-09-24,708341,AY.4,Delta (AY.4-like),969.0,2021-10-11,581060,AY.4,Delta (AY.4-like),999.0,2021-09-11,260081,B.1.617.2,Delta (B.1.617.2-like),1246.8788256839184,2021-01-07,708341,AY.4,Delta (AY.4-like),969.0,2021-10-11,167127,B.1.617.2,Delta (B.1.617.2-like),1268.2440285999382,2020-12-16,False,1,5,0,False,5,2,"MNM1,MNM1a",0,
873888,SRR20177842,2,1,1,22028,22030,1,COVID-AMPLISEQ-V1,.,2021-11-14,e8fd893945aa,2,AY.100,Delta (B.1.617.2-like),937.0,2021-11-12,873887,AY.100,Delta (B.1.617.2-like),935.0,2021-11-14,864268,AY.100,Delta (B.1.617.2-like),937.0000000001,2021-11-12,371238,AY.100,Delta (B.1.617.2-like),1057.0000000002,2021-07-15,873887,AY.100,Delta (B.1.617.2-like),935.0,2021-11-14,167127,B.1.617.2,Delta (B.1.617.2-like),1268.2440285999382,2020-12-16,False,0,5,1,False,6,0,,0,
896085,SRR20178538,2,1,1,22028,22030,2,COVID-AMPLISEQ-V1,.,2021-11-18,44424c43bbb0,2,AY.100,Delta (B.1.617.2-like),952.0,2021-10-28,896084,AY.100,Delta (B.1.617.2-like),931.0,2021-11-18,784508,AY.100,Delta (B.1.617.2-like),952.0000000001,2021-10-28,661549,AY.100,Delta (B.1.617.2-like),1002.2698107001814,2021-09-08,896084,AY.100,Delta (B.1.617.2-like),931.0,2021-11-18,167127,B.1.617.2,Delta (B.1.617.2-like),1268.2440285999382,2020-12-16,False,0,7,0,False,6,0,,0,
1092024,ERR13283046,1,1,1,20419,22031,1,COVID-ARTIC-V3,.,2022-01-07,cab7fceae7df,2,BA.1.17.2,Omicron (BA.1-like),883.0,2022-01-05,1092023,BA.1.17.2,Omicron (BA.1-like),881.0,2022-01-07,1084379,BA.1.17.2,Omicron (BA.1-like),883.0000000001,2022-01-05,1049375,BA.1,Omicron (BA.1-like),898.0000000002001,2021-12-21,1092023,BA.1.17.2,Omicron (BA.1-like),881.0,2022-01-07,871714,BA.1,Omicron (BA.1-like),1011.137026065978,2021-08-30,False,2,6,0,False,7,0,,0,
1863039,SRR27175812,2,1,1,21109,22033,2,COVID-ARTIC-V5.0-5.3.2_400,.,2023-11-22,652b9135fd17,2,HK.19,Omicron (XBB.1-like),201.0728904230189,2023-11-18,1863038,HK.19,Omicron (XBB.1-like),197.0,2023-11-22,1854614,EG.5.1.1,Omicron (XBB.1-like),223.0,2023-10-27,1857546,HV.1,Omicron (XBB.1-like),213.0,2023-11-06,1863038,HK.19,Omicron (XBB.1-like),197.0,2023-11-22,1805404,EG.5.1,Omicron (XBB.1-like),434.00000000040006,2023-03-30,True,7,10,8,True,9,0,,0,
873009,ERR7683692,1,1,1,22035,22051,2,COVID-AMPLISEQ-V1,3,2021-11-14,908fc3bcbf18,2,AY.4,Delta (AY.4-like),962.7724633164306,2021-10-18,873008,AY.4,Delta (AY.4-like),935.0,2021-11-14,327908,AY.4,Delta (AY.4-like),1094.0000004070191,2021-06-08,728402,AY.4,Delta (AY.4-like),981.0000000001,2021-09-29,873008,AY.4,Delta (AY.4-like),935.0,2021-11-14,167127,B.1.617.2,Delta (B.1.617.2-like),1268.2440285999382,2020-12-16,False,0,-1,5,False,6,0,,0,
921754,SRR20263135,2,1,1,22035,22054,1,COVID-AMPLISEQ-V1,.,2021-11-23,003d075d25fc,2,AY.39,Delta (B.1.617.2-like),933.0,2021-11-16,921753,AY.39,Delta (B.1.617.2-like),926.0,2021-11-23,446667,AY.39,Delta (B.1.617.2-like),1049.3958844578572,2021-07-23,884990,AY.39,Delta (B.1.617.2-like),933.0000000001,2021-11-16,921753,AY.39,Delta (B.1.617.2-like),926.0,2021-11-23,167127,B.1.617.2,Delta (B.1.617.2-like),1268.2440285999382,2020-12-16,False,0,1,4,False,5,0,,0,
896054,SRR20178407,1,1,1,22035,22093,1,COVID-AMPLISEQ-V1,.,2021-11-18,0fa221c8df21,2,AY.113,Delta (B.1.617.2-like),942.0,2021-11-07,896053,AY.113,Delta (B.1.617.2-like),931.0,2021-11-18,373989,AY.113,Delta (B.1.617.2-like),1073.0000000002,2021-06-29,835916,AY.113,Delta (B.1.617.2-like),942.0000000001,2021-11-07,896053,AY.113,Delta (B.1.617.2-like),931.0,2021-11-18,167127,B.1.617.2,Delta (B.1.617.2-like),1268.2440285999382,2020-12-16,False,0,0,5,False,6,0,,0,
1104752,ERR12896781,1,1,1,22089,22093,0,COVID-ARTIC-V3,.,2022-01-12,afce6dc93fea,2,BA.1,Omicron (BA.1-like),877.0,2022-01-11,1104751,BA.1,Omicron (BA.1-like),876.0,2022-01-12,1091941,BA.1,Omicron (BA.1-like),881.0,2022-01-07,1101723,BA.1,Omicron (BA.1-like),877.0000000001,2022-01-11,1104751,BA.1,Omicron (BA.1-like),876.0,2022-01-12,871714,BA.1,Omicron (BA.1-like),1011.137026065978,2021-08-30,False,0,7,5,True,9,0,,0,
723292,SRR16884223,3,1,1,22035,22094,3,COVID-AMPLISEQ-V1,.,2021-10-14,1ff621d9275e,2,B.1.617.2,Delta (B.1.617.2-like),982.330629381906,2021-09-28,723291,B.1.617.2,Delta (B.1.617.2-like),966.0,2021-10-14,335325,B.1.617.2,Delta (B.1.617.2-like),1246.8788256837183,2021-01-07,605466,B.1.617.2,Delta (B.1.617.2-like),994.0000000002,2021-09-16,723291,B.1.617.2,Delta (B.1.617.2-like),966.0,2021-10-14,167127,B.1.617.2,Delta (B.1.617.2-like),1268.2440285999382,2020-12-16,False,0,-1,4,False,7,0,,0,
1672486,SRR21948388,1,1,1,20760,22097,1,COVID-ARTIC-V4.1,.,2022-09-28,529bdad63937,2,BA.5.2,Omicron (BA.5-like),629.2231901857341,2022-09-16,1672485,BA.5.2,Omicron (BA.5-like),617.0,2022-09-28,1644749,BA.5.2.19,Omicron (BA.5-like),641.0000000001,2022-09-04,1555757,BF.10,Omicron (BA.5-like),701.0,2022-07-06,1672485,BA.5.2,Omicron (BA.5-like),617.0,2022-09-28,1441168,BA.5.2,Omicron (BA.5-like),828.0000003931715,2022-03-01,True,3,7,10,True,7,0,,0,
1846224,SRR27100701,2,2,1,21999,22101,2,COVID-ARTIC-V5.0-5.3.2_400,.,2023-09-27,8a5c6f5baa1e,3,EG.5.1.1,Omicron (XBB.1.16-like),275.0465096892032,2023-09-05,1846222,EG.5.1.1,Omicron (XBB.1.16-like),253.0,2023-09-27,1826809,EG.5.1.1,Omicron (XBB.1-like),404.5996740104122,2023-04-29,1816408,XBB.1.16,Omicron (XBB.1.16-like),405.0000000001,2023-04-28,1846222,EG.5.1.1,Omicron (XBB.1.16-like),253.0,2023-09-27,1675918,XBB.1,Omicron (XBB.1-like),695.2997348629449,2022-07-12,True,6,15,10,True,12,0,,0,
647465,SRR16568050,2,1,1,17551,22103,2,COVID-ARTIC-V3,.,2021-09-26,4c82d7f360fb,2,AY.103,Delta (B.1.617.2-like),996.7217470035696,2021-09-14,647464,AY.103,Delta (B.1.617.2-like),984.0,2021-09-26,342131,AY.25,Delta (B.1.617.2-like),1073.0000000004002,2021-06-29,568446,AY.103,Delta (B.1.617.2-like),1002.0,2021-09-08,647464,AY.103,Delta (B.1.617.2-like),984.0,2021-09-26,167127,B.1.617.2,Delta (B.1.617.2-like),1268.2440285999382,2020-12-16,False,2,5,7,True,6,0,,0,
778371,ERR7320404,1,1,1,22035,22104,2,COVID-ARTIC-V3,3,2021-10-27,67e8df8602ac,2,AY.4.2.3,Delta (AY.4.2-like),965.0,2021-10-15,778370,AY.4.2.3,Delta (AY.4.2-like),953.0,2021-10-27,766010,AY.4.2,Delta (AY.4.2-like),965.0000000001,2021-10-15,613136,AY.4.2.3,Delta (AY.4.2-like),992.0,2021-09-18,778370,AY.4.2.3,Delta (AY.4.2-like),953.0,2021-10-27,167127,B.1.617.2,Delta (B.1.617.2-like),1268.2440285999382,2020-12-16,False,1,1,5,False,6,0,,0,
1530697,ERR9893039,1,1,1,18085,22104,0,COVID-ARTIC-V4.1,.,2022-06-19,24a73e7a7c5a,2,BA.5.2.1,Omicron (BA.5-like),732.8648424188832,2022-06-05,1530696,BA.5.2.1,Omicron (BA.5-like),718.0,2022-06-19,1493562,BA.5.1,Omicron (BA.5-like),746.0000000002001,2022-05-22,1510528,BF.6,Omicron (BA.5-like),770.389354056419,2022-04-28,1530696,BA.5.2.1,Omicron (BA.5-like),718.0,2022-06-19,1428716,BA.5,Omicron (BA.5-like),828.0000007252249,2022-03-01,False,4,4,8,True,4,0,,0,
1551057,ERR9999957,10,1,1,18085,22104,3,COVID-ARTIC-V4.1,4.1alt,2022-07-04,af2111c5e424,2,BF.6,Omicron (BA.5-like),712.7092848478105,2022-06-25,1551056,BF.6,Omicron (BA.5-like),703.0,2022-07-04,1525119,BE.1,Omicron (BA.5-like),722.0000000001,2022-06-15,1510528,BF.6,Omicron (BA.5-like),770.389354056419,2022-04-28,1554372,BF.6,Omicron (BA.5-like),712.7092848477105,2022-06-25,1428716,BA.5,Omicron (BA.5-like),828.0000007252249,2022-03-01,True,6,7,8,True,10,0,,0,
1062729,ERR11795518,1,1,1,20419,22107,0,COVID-ARTIC-V3,.,2021-12-27,d012afb73a2b,2,BA.1.14,Omicron (BA.1-like),905.9792025120838,2021-12-14,1062728,BA.1.14,Omicron (BA.1-like),892.0,2021-12-27,1025592,BA.1.14,Omicron (BA.1-like),958.1131608748774,2021-10-22,1020080,BA.1,Omicron (BA.1-like),906.0,2021-12-13,1062728,BA.1.14,Omicron (BA.1-like),892.0,2021-12-27,871714,BA.1,Omicron (BA.1-like),1011.137026065978,2021-08-30,False,1,4,2,False,4,0,,0,
1844193,SRR26305083,3,1,1,21148,22121,2,COVID-ARTIC-V5.0-5.3.2_400,.,2023-09-21,7218821374cb,2,XBB.1.9,Omicron (XBB.1-like),280.9073580916982,2023-08-31,1844192,XBB.1.9,Omicron (XBB.1-like),259.0,2023-09-21,1827919,EG.5.2.1,Omicron (XBB.1-like),372.5590416650534,2023-05-31,1834156,FL.1.5.1,Omicron (XBB.1-like),287.0,2023-08-24,1844192,XBB.1.9,Omicron (XBB.1-like),259.0,2023-09-21,1699953,XBB.1.9,Omicron (XBB.1-like),669.9935037217681,2022-08-07,True,8,20,11,True,13,0,,0,
1302199,SRR18786448,1,1,1,11162,22180,1,COVID-ARTIC-V4.1,.,2022-02-25,5b4b47d123e5,2,BA.1.1,Omicron (BA.1-like),840.0,2022-02-17,1302198,BA.1.1,Omicron (BA.1-like),832.0,2022-02-25,1273231,BA.1.1,Omicron (BA.1-like),840.0000000001,2022-02-17,1065489,BA.1.1,Omicron (BA.1-like),891.0,2021-12-28,1302198,BA.1.1,Omicron (BA.1-like),832.0,2022-02-25,932477,BA.1.1,Omicron (BA.1-like),991.2778246860324,2021-09-19,False,0,4,4,True,5,0,,0,
1729101,ERR10778074,3,1,1,22034,22190,2,COVID-ARTIC-V4.1,4.1alt,2022-12-20,553996ae7821,2,XBR,Omicron (BA.5-like),567.8839891161767,2022-11-17,1729100,XBR,Omicron (BA.5-like),534.0,2022-12-20,1676346,BN.3.1,Omicron (BA.2-like),612.0,2022-10-03,1690345,BQ.1.25,Omicron (BA.5-like),598.0000000002001,2022-10-17,1745437,XBR,Omicron (BA.5-like),557.9889969085398,2022-11-27,871726,BA.2,Omicron (BA.2-like),961.3848488132328,2021-10-19,True,13,25,26,True,26,0,,0,
1728703,ERR10749106,19,1,1,22034,22190,3,COVID-ARTIC-V4.1,4.1alt,2022-12-20,b09f05665d5c,2,XBS,Omicron (BA.5-like),543.5555460663917,2022-12-11,1728702,XBS,Omicron (BA.5-like),534.0,2022-12-20,1723534,BY.1,Omicron (BA.2-like),665.341202274896,2022-08-11,1717303,BQ.1.1,Omicron (BA.5-like),550.0,2022-12-04,1728702,XBS,Omicron (BA.5-like),534.0,2022-12-20,871726,BA.2,Omicron (BA.2-like),961.3848488132328,2021-10-19,True,12,21,21,True,23,0,,0,
1873148,SRR27471107,1,1,1,18443,22194,2,COVID-ARTIC-V4.1,.,2023-12-19,fe5f4f1133f4,2,HV.1,Omicron (XBB.1-like),173.58444836028724,2023-12-16,1873147,HV.1,Omicron (XBB.1-like),170.0,2023-12-19,1867922,HV.1,Omicron (XBB.1-like),185.0,2023-12-04,1867014,HV.1,Omicron (XBB.1-like),185.0,2023-12-04,1873147,HV.1,Omicron (XBB.1-like),170.0,2023-12-19,1827219,HV.1,Omicron (XBB.1-like),337.0000000002,2023-07-05,True,0,8,5,True,6,0,,0,
1319285,SRR18526156,3,1,1,22105,22194,1,COVID-ARTIC-V3,.,2022-03-03,381af6463700,2,BA.1.1,Omicron (BA.1-like),837.7355465243852,2022-02-20,1319284,BA.1.1,Omicron (BA.1-like),826.0,2022-03-03,1284265,BA.1.1,Omicron (BA.1-like),886.7910175687527,2022-01-02,1275925,BA.1.1,Omicron (BA.1-like),839.0,2022-02-18,1319284,BA.1.1,Omicron (BA.1-like),826.0,2022-03-03,871714,BA.1,Omicron (BA.1-like),1011.137026065978,2021-08-30,False,0,7,2,False,5,0,,0,
1323050,SRR20854524,1,1,1,21596,22194,1,COVID-AMPLISEQ-V1,.,2022-03-04,24f757a649a7,2,BA.1.1,Omicron (BA.1-like),826.0,2022-03-03,1323049,BA.1.1,Omicron (BA.1-like),825.0,2022-03-04,1319857,BA.1.1,Omicron (BA.1-like),826.0000000001,2022-03-03,1131067,BA.1.1,Omicron (BA.1-like),915.8099993852604,2021-12-04,1323049,BA.1.1,Omicron (BA.1-like),825.0,2022-03-04,1046379,BA.1,Omicron (BA.1-like),1011.1370260660782,2021-08-30,False,0,6,1,False,5,0,,0,
1319404,SRR18784255,2,1,1,20942,22194,0,COVID-ARTIC-V4.1,.,2022-03-03,9aed8ad0f239,2,BA.1.1,Omicron (BA.1-like),841.0,2022-02-16,1319403,BA.1.1,Omicron (BA.1-like),826.0,2022-03-03,1269011,BA.1.1,Omicron (BA.1-like),841.0000000001,2022-02-16,1200895,BA.1.1,Omicron (BA.1-like),855.0,2022-02-02,1319403,BA.1.1,Omicron (BA.1-like),826.0,2022-03-03,871714,BA.1,Omicron (BA.1-like),1011.137026065978,2021-08-30,False,0,5,2,False,4,0,,0,
1296634,SRR18343235,1,1,1,16290,22194,0,COVID-ARTIC-V3,.,2022-02-23,654194ef2ddf,2,BA.1.1.18,Omicron (BA.1-like),846.0,2022-02-11,1296633,BA.1.1.18,Omicron (BA.1-like),834.0,2022-02-23,1245986,BA.1.1.18,Omicron (BA.1-like),846.0000000001,2022-02-11,1233251,BA.1.1,Omicron (BA.1-like),909.8537147989268,2021-12-10,1296633,BA.1.1.18,Omicron (BA.1-like),834.0,2022-02-23,871714,BA.1,Omicron (BA.1-like),1011.137026065978,2021-08-30,False,1,7,3,False,5,0,,0,
1296589,SRR18342726,2,1,1,21596,22194,0,COVID-ARTIC-V3,.,2022-02-23,4a7885188e8e,2,BA.1.1,Omicron (BA.1-like),837.0,2022-02-20,1296588,BA.1.1,Omicron (BA.1-like),834.0,2022-02-23,1283762,BA.1.1,Omicron (BA.1-like),837.0000000001,2022-02-20,1086744,BA.1.1,Omicron (BA.1-like),928.425788075469,2021-11-21,1296588,BA.1.1,Omicron (BA.1-like),834.0,2022-02-23,871714,BA.1,Omicron (BA.1-like),1011.137026065978,2021-08-30,False,0,6,2,False,4,0,,0,
1292091,SRR18342901,1,1,1,21596,22194,0,COVID-ARTIC-V3,.,2022-02-22,7e3bfa70c44b,2,BA.1.1,Omicron (BA.1-like),838.0,2022-02-19,1292090,BA.1.1,Omicron (BA.1-like),835.0,2022-02-22,1280467,BA.1.1,Omicron (BA.1-like),838.0000000001,2022-02-19,1096073,BA.1.1,Omicron (BA.1-like),878.0,2022-01-10,1292090,BA.1.1,Omicron (BA.1-like),835.0,2022-02-22,871714,BA.1,Omicron (BA.1-like),1011.137026065978,2021-08-30,False,0,5,3,False,5,0,,0,
1302782,SRR22319204,1,1,1,21596,22194,3,COVID-ARTIC-V4.1,.,2022-02-25,8abace50856a,2,BA.1.1,Omicron (BA.1-like),842.4566983701615,2022-02-15,1302781,BA.1.1,Omicron (BA.1-like),832.0,2022-02-25,1172499,BA.1.1,Omicron (BA.1-like),864.0000000001,2022-01-24,1210433,BA.1.1,Omicron (BA.1-like),853.0,2022-02-04,1302781,BA.1.1,Omicron (BA.1-like),832.0,2022-02-25,1046379,BA.1,Omicron (BA.1-like),1011.1370260660782,2021-08-30,False,0,7,1,False,7,0,,0,
1300117,SRR22319172,1,1,1,21775,22194,0,COVID-ARTIC-V4.1,.,2022-02-24,253adabc56b9,2,BA.1.1,Omicron (BA.1-like),847.8632496232631,2022-02-10,1300116,BA.1.1,Omicron (BA.1-like),833.0,2022-02-24,1289218,BA.1.1,Omicron (BA.1-like),878.0,2022-01-10,1151977,BA.1.1,Omicron (BA.1-like),865.0,2022-01-23,1300116,BA.1.1,Omicron (BA.1-like),833.0,2022-02-24,871714,BA.1,Omicron (BA.1-like),1011.137026065978,2021-08-30,False,0,4,2,False,4,0,,0,
1300122,SRR22319231,1,1,1,21692,22194,0,COVID-ARTIC-V4.1,.,2022-02-24,cd6a1a7a1731,2,BA.1.1,Omicron (BA.1-like),848.1224570387769,2022-02-09,1300121,BA.1.1,Omicron (BA.1-like),833.0,2022-02-24,1172626,BA.1.1,Omicron (BA.1-like),860.0,2022-01-28,1142964,BA.1.1,Omicron (BA.1-like),867.0,2022-01-21,1300121,BA.1.1,Omicron (BA.1-like),833.0,2022-02-24,871714,BA.1,Omicron (BA.1-like),1011.137026065978,2021-08-30,False,0,4,2,False,4,0,,0,
1302519,SRR19690472,1,1,1,21103,22194,1,COVID-AMPLISEQ-V1,.,2022-02-25,e4cb6abafa04,2,BA.1.1,Omicron (BA.1-like),842.6803697437051,2022-02-15,1302518,BA.1.1,Omicron (BA.1-like),832.0,2022-02-25,1241611,BA.1.1,Omicron (BA.1-like),847.0,2022-02-10,1231410,BA.1.1.18,Omicron (BA.1-like),849.0000000001,2022-02-08,1302518,BA.1.1,Omicron (BA.1-like),832.0,2022-02-25,871714,BA.1,Omicron (BA.1-like),1011.137026065978,2021-08-30,False,1,8,2,False,5,0,,0,
1302780,SRR22319198,1,1,1,21596,22194,1,COVID-ARTIC-V4.1,.,2022-02-25,df5fbfa06f58,2,BA.1.1,Omicron (BA.1-like),835.0,2022-02-22,1302779,BA.1.1,Omicron (BA.1-like),832.0,2022-02-25,1290941,BA.1.1,Omicron (BA.1-like),835.0000000001,2022-02-22,1210433,BA.1.1,Omicron (BA.1-like),853.0,2022-02-04,1302779,BA.1.1,Omicron (BA.1-like),832.0,2022-02-25,1046379,BA.1,Omicron (BA.1-like),1011.1370260660782,2021-08-30,False,0,8,1,False,5,0,,0,
1306793,SRR20392953,2,1,1,20438,22194,0,COVID-ARTIC-V4.1,.,2022-02-27,2fa3170c0868,2,BA.1.1,Omicron (BA.1-like),839.0,2022-02-18,1306792,BA.1.1,Omicron (BA.1-like),830.0,2022-02-27,1276769,BA.1.1,Omicron (BA.1-like),839.0000000001,2022-02-18,1021430,BA.1.1,Omicron (BA.1-like),947.2033481322414,2021-11-02,1306792,BA.1.1,Omicron (BA.1-like),830.0,2022-02-27,871714,BA.1,Omicron (BA.1-like),1011.137026065978,2021-08-30,False,0,8,2,False,4,0,,0,
1306799,SRR20392966,1,1,1,21596,22194,3,COVID-ARTIC-V4.1,.,2022-02-27,88f4559489c5,2,BA.1.1,Omicron (BA.1-like),835.0,2022-02-22,1306798,BA.1.1,Omicron (BA.1-like),830.0,2022-02-27,1292733,BA.1.1,Omicron (BA.1-like),835.0000000002001,2022-02-22,1126400,BA.1.1,Omicron (BA.1-like),870.0,2022-01-18,1306798,BA.1.1,Omicron (BA.1-like),830.0,2022-02-27,871714,BA.1,Omicron (BA.1-like),1011.137026065978,2021-08-30,False,0,6,3,False,7,0,,0,
1306874,SRR20469567,1,1,1,21640,22194,1,COVID-ARTIC-V4.1,.,2022-02-27,650f8606574a,2,BA.1.1,Omicron (BA.1-like),834.0,2022-02-23,1306873,BA.1.1,Omicron (BA.1-like),830.0,2022-02-27,1297115,BA.1.1,Omicron (BA.1-like),834.0000000001,2022-02-23,1250517,BA.1.1,Omicron (BA.1-like),845.0,2022-02-12,1306873,BA.1.1,Omicron (BA.1-like),830.0,2022-02-27,871714,BA.1,Omicron (BA.1-like),1011.137026065978,2021-08-30,False,0,7,2,False,5,0,,0,
1306988,SRR20392964,2,1,1,20000,22194,3,COVID-ARTIC-V4.1,.,2022-02-27,92cd0c91cb76,2,BA.1.1,Omicron (BA.1-like),835.0000000001,2022-02-22,1306987,BA.1.1,Omicron (BA.1-like),830.0,2022-02-27,1292733,BA.1.1,Omicron (BA.1-like),835.0000000002001,2022-02-22,1069455,BA.1.1,Omicron (BA.1-like),890.0,2021-12-29,1319976,BA.1.1,Omicron (BA.1-like),835.0,2022-02-22,871714,BA.1,Omicron (BA.1-like),1011.137026065978,2021-08-30,False,0,7,2,False,7,0,,0,
1418614,SRR19045782,1,1,1,21596,22194,0,COVID-ARTIC-V4.1,.,2022-04-04,60192dda1303,2,BA.1.1,Omicron (BA.1-like),810.7290094019006,2022-03-19,1418613,BA.1.1,Omicron (BA.1-like),794.0,2022-04-04,1394383,BA.1.1,Omicron (BA.1-like),841.1131302915018,2022-02-16,1231410,BA.1.1.18,Omicron (BA.1-like),849.0000000001,2022-02-08,1418613,BA.1.1,Omicron (BA.1-like),794.0,2022-04-04,871714,BA.1,Omicron (BA.1-like),1011.137026065978,2021-08-30,False,1,8,2,False,4,0,,0,
1422927,SRR19694690,1,1,1,16065,22194,1,COVID-AMPLISEQ-V1,.,2022-04-06,a4e72b1d55f9,2,BA.1.1.1,Omicron (BA.1-like),794.0,2022-04-04,1422926,BA.1.1.1,Omicron (BA.1-like),792.0,2022-04-06,1419488,BA.1.1.1,Omicron (BA.1-like),794.0000000001,2022-04-04,1032931,BA.1.1.18,Omicron (BA.1-like),903.0,2021-12-16,1422926,BA.1.1.1,Omicron (BA.1-like),792.0,2022-04-06,871714,BA.1,Omicron (BA.1-like),1011.137026065978,2021-08-30,False,2,6,2,False,5,0,,0,
1443769,SRR19675033,1,1,1,22089,22194,1,COVID-AMPLISEQ-V1,.,2022-04-18,d97100aba008,2,BA.1.1.1,Omicron (BA.1-like),800.0414529642734,2022-03-29,1443768,BA.1.1.1,Omicron (BA.1-like),780.0,2022-04-18,1256100,BA.1.1.1,Omicron (BA.1-like),875.0,2022-01-13,1231410,BA.1.1.18,Omicron (BA.1-like),849.0000000001,2022-02-08,1443768,BA.1.1.1,Omicron (BA.1-like),780.0,2022-04-18,871714,BA.1,Omicron (BA.1-like),1011.137026065978,2021-08-30,False,2,8,2,False,5,1,MNM1a,0,
1446711,SRR19675298,1,1,1,16745,22194,0,COVID-AMPLISEQ-V1,.,2022-04-19,d90bc4d1072d,2,BA.1.1,Omicron (BA.1-like),792.4242408287635,2022-04-06,1446710,BA.1.1,Omicron (BA.1-like),779.0,2022-04-19,1413888,BA.1.1,Omicron (BA.1-like),797.0,2022-04-01,1091209,BA.1.1,Omicron (BA.1-like),881.0,2022-01-07,1446710,BA.1.1,Omicron (BA.1-like),779.0,2022-04-19,871714,BA.1,Omicron (BA.1-like),1011.137026065978,2021-08-30,False,0,6,2,False,4,0,,0,
1287910,SRR18929441,1,1,1,21596,22194,0,COVID-ARTIC-V4.1,.,2022-02-21,1ae1bcba4077,2,BA.1.1,Omicron (BA.1-like),848.663710370828,2022-02-09,1287909,BA.1.1,Omicron (BA.1-like),836.0,2022-02-21,1225214,BA.1.1,Omicron (BA.1-like),868.7577228172602,2022-01-20,1059570,BA.1.1,Omicron (BA.1-like),946.2589070234044,2021-11-03,1287909,BA.1.1,Omicron (BA.1-like),836.0,2022-02-21,871714,BA.1,Omicron (BA.1-like),1011.137026065978,2021-08-30,False,0,7,2,False,4,0,,0,
1441940,SRR19675125,1,1,1,19860,22194,0,COVID-AMPLISEQ-V1,.,2022-04-17,9deb7302f4d5,2,BA.1.1,Omicron (BA.1-like),801.4308985990157,2022-03-28,1441939,BA.1.1,Omicron (BA.1-like),781.0,2022-04-17,1325571,BA.1.1,Omicron (BA.1-like),824.0,2022-03-05,1171850,BA.1.1,Omicron (BA.1-like),915.9323477025736,2021-12-04,1441939,BA.1.1,Omicron (BA.1-like),781.0,2022-04-17,871714,BA.1,Omicron (BA.1-like),1011.137026065978,2021-08-30,False,0,4,3,False,4,0,,0,
1436962,SRR19694872,1,1,1,19186,22194,0,COVID-AMPLISEQ-V1,.,2022-04-14,f8d507699189,2,BA.1.1,Omicron (BA.1-like),798.7623639324903,2022-03-31,1436961,BA.1.1,Omicron (BA.1-like),784.0,2022-04-14,1379510,BA.1.1,Omicron (BA.1-like),808.0,2022-03-21,1022608,BA.1.1,Omicron (BA.1-like),905.0000000002,2021-12-14,1436961,BA.1.1,Omicron (BA.1-like),784.0,2022-04-14,871714,BA.1,Omicron (BA.1-like),1011.137026065978,2021-08-30,False,0,6,2,False,4,0,,0,
1404812,SRR18837241,1,1,1,17020,22194,3,COVID-ARTIC-V4.1,.,2022-03-28,f24aab617562,2,BA.1.1,Omicron (BA.1-like),811.3657169652026,2022-03-18,1404811,BA.1.1,Omicron (BA.1-like),801.0,2022-03-28,1319952,BA.1.1,Omicron (BA.1-like),855.0,2022-02-02,1068680,BA.1.1,Omicron (BA.1-like),890.0,2021-12-29,1404811,BA.1.1,Omicron (BA.1-like),801.0,2022-03-28,871714,BA.1,Omicron (BA.1-like),1011.137026065978,2021-08-30,False,0,5,3,False,8,0,,0,
1283721,SRR20394616,2,2,1,20105,22194,1,COVID-ARTIC-V4.1,.,2022-02-20,9b0716d97db2,3,BA.1,Omicron (BA.1-like),857.4987842761077,2022-01-31,1283719,BA.1,Omicron (BA.1-like),837.0,2022-02-20,1268983,BA.1,Omicron (BA.1-like),874.8838249601424,2022-01-14,1046630,BA.1.17,Omicron (BA.1-like),898.0,2021-12-21,1283719,BA.1,Omicron (BA.1-like),837.0,2022-02-20,871714,BA.1,Omicron (BA.1-like),1011.137026065978,2021-08-30,False,1,8,3,False,7,0,,1,MNM9
1287538,SRR18343221,1,1,1,7733,22194,0,COVID-ARTIC-V3,.,2022-02-21,8cc985147196,2,BA.1.1,Omicron (BA.1-like),846.1055850214183,2022-02-11,1287537,BA.1.1,Omicron (BA.1-like),836.0,2022-02-21,1273978,BA.1.1,Omicron (BA.1-like),854.0,2022-02-03,1036049,BA.1.1,Omicron (BA.1-like),902.0000000001,2021-12-17,1287537,BA.1.1,Omicron (BA.1-like),836.0,2022-02-21,871714,BA.1,Omicron (BA.1-like),1011.137026065978,2021-08-30,False,0,2,3,False,4,0,,0,
1283712,SRR20394602,3,1,1,21596,22194,0,COVID-ARTIC-V4.1,.,2022-02-20,5f3b14ba4aea,2,BA.1.1,Omicron (BA.1-like),842.0,2022-02-15,1283711,BA.1.1,Omicron (BA.1-like),837.0,2022-02-20,1265135,BA.1.1,Omicron (BA.1-like),842.0000000001,2022-02-15,1231547,BA.1.1,Omicron (BA.1-like),849.0,2022-02-08,1283711,BA.1.1,Omicron (BA.1-like),837.0,2022-02-20,871714,BA.1,Omicron (BA.1-like),1011.137026065978,2021-08-30,False,0,10,3,False,4,0,,0,
1276732,SRR19684213,1,1,1,21596,22194,0,COVID-AMPLISEQ-V1,.,2022-02-18,cef55b8ccf28,2,BA.1.1,Omicron (BA.1-like),848.0,2022-02-09,1276731,BA.1.1,Omicron (BA.1-like),839.0,2022-02-18,1234981,BA.1.1,Omicron (BA.1-like),848.0000000001,2022-02-09,1231410,BA.1.1.18,Omicron (BA.1-like),849.0000000001,2022-02-08,1276731,BA.1.1,Omicron (BA.1-like),839.0,2022-02-18,871714,BA.1,Omicron (BA.1-like),1011.137026065978,2021-08-30,False,1,7,2,False,4,0,,0,
1269356,SRR20922603,1,1,1,12526,22194,0,COVID-AMPLISEQ-V1,.,2022-02-16,1a233aff30b4,2,BA.1.1,Omicron (BA.1-like),849.0,2022-02-08,1269355,BA.1.1,Omicron (BA.1-like),841.0,2022-02-16,1231534,BA.1.1,Omicron (BA.1-like),849.0000000001,2022-02-08,1022608,BA.1.1,Omicron (BA.1-like),905.0000000002,2021-12-14,1269355,BA.1.1,Omicron (BA.1-like),841.0,2022-02-16,871714,BA.1,Omicron (BA.1-like),1011.137026065978,2021-08-30,False,0,4,2,False,4,0,,0,
1266053,SRR18725684,1,1,1,22193,22194,0,COVID-ARTIC-V4.1,.,2022-02-15,e097737f0a0b,2,BA.1.1,Omicron (BA.1-like),844.0,2022-02-13,1266052,BA.1.1,Omicron (BA.1-like),842.0,2022-02-15,1254410,BA.1.1,Omicron (BA.1-like),844.0000000001,2022-02-13,1052896,BA.1.1,Omicron (BA.1-like),896.0,2021-12-23,1266052,BA.1.1,Omicron (BA.1-like),842.0,2022-02-15,871714,BA.1,Omicron (BA.1-like),1011.137026065978,2021-08-30,False,0,4,2,False,4,0,,0,
1412008,SRR20563964,1,1,1,21596,22194,0,COVID-ARTIC-V4.1,.,2022-03-31,28c9f0ad5437,2,BA.1.1,Omicron (BA.1-like),811.4196288475588,2022-03-18,1412007,BA.1.1,Omicron (BA.1-like),798.0,2022-03-31,1357218,BA.1.1,Omicron (BA.1-like),815.0,2022-03-14,1069008,BA.1.1,Omicron (BA.1-like),915.2415990125428,2021-12-04,1412007,BA.1.1,Omicron (BA.1-like),798.0,2022-03-31,871714,BA.1,Omicron (BA.1-like),1011.137026065978,2021-08-30,False,0,8,2,False,4,0,,0,
1410398,SRR20779954,3,1,1,21596,22194,0,COVID-AMPLISEQ-V1,.,2022-03-30,f9a9d06ddd52,2,BA.1.1,Omicron (BA.1-like),806.0,2022-03-23,1410397,BA.1.1,Omicron (BA.1-like),799.0,2022-03-30,1386595,BA.1.1,Omicron (BA.1-like),806.0000000001,2022-03-23,1032931,BA.1.1.18,Omicron (BA.1-like),903.0,2021-12-16,1410397,BA.1.1,Omicron (BA.1-like),799.0,2022-03-30,871714,BA.1,Omicron (BA.1-like),1011.137026065978,2021-08-30,False,1,5,2,False,4,0,,0,
1259930,SRR18563877,1,1,1,19074,22194,2,COVID-ARTIC-V4.1,.,2022-02-14,c6fa095ec86c,2,BA.1.1,Omicron (BA.1-like),854.7193717135847,2022-02-03,1259929,BA.1.1,Omicron (BA.1-like),843.0,2022-02-14,1104071,BA.1.1,Omicron (BA.1-like),876.0,2022-01-12,1065583,BA.1.1,Omicron (BA.1-like),891.0,2021-12-28,1259929,BA.1.1,Omicron (BA.1-like),843.0,2022-02-14,871714,BA.1,Omicron (BA.1-like),1011.137026065978,2021-08-30,False,0,5,3,False,6,0,,0,
1237075,SRR20899808,3,1,1,21596,22194,0,COVID-ARTIC-V4.1,.,2022-02-09,b2b3dec2ce1e,2,BA.1.1,Omicron (BA.1-like),855.0,2022-02-02,1237074,BA.1.1,Omicron (BA.1-like),848.0,2022-02-09,1199002,BA.1.1,Omicron (BA.1-like),855.0000000001,2022-02-02,1073915,BA.1.1,Omicron (BA.1-like),915.796828478892,2021-12-04,1237074,BA.1.1,Omicron (BA.1-like),848.0,2022-02-09,871714,BA.1,Omicron (BA.1-like),1011.137026065978,2021-08-30,False,0,9,3,False,4,0,,0,
1233218,SRR24775174,3,2,1,22121,22194,1,COVID-VARSKIP-V1a-2b,.,2022-02-08,850ca5e9cdb0,3,BA.1.15,Omicron (BA.1-like),865.0,2022-01-23,1233216,BA.1.15,Omicron (BA.1-like),849.0,2022-02-08,1150211,BA.1.15,Omicron (BA.1-like),865.0000000001,2022-01-23,1086158,BA.1.15,Omicron (BA.1-like),883.0,2022-01-05,1233216,BA.1.15,Omicron (BA.1-like),849.0,2022-02-08,871714,BA.1,Omicron (BA.1-like),1011.137026065978,2021-08-30,False,0,7,2,False,5,0,,0,
1245878,SRR19684960,3,1,1,20637,22194,0,COVID-AMPLISEQ-V1,.,2022-02-11,d860143e361e,2,BA.1.1.18,Omicron (BA.1-like),847.0,2022-02-10,1245877,BA.1.1.18,Omicron (BA.1-like),846.0,2022-02-11,1240482,BA.1.1.18,Omicron (BA.1-like),847.0000000001,2022-02-10,1110577,BA.1.1.18,Omicron (BA.1-like),874.0,2022-01-14,1245877,BA.1.1.18,Omicron (BA.1-like),846.0,2022-02-11,871714,BA.1,Omicron (BA.1-like),1011.137026065978,2021-08-30,False,0,4,3,False,4,0,,0,
1265146,SRR19842014,2,1,1,13020,22194,2,COVID-AMPLISEQ-V1,.,2022-02-15,74a146c6536b,2,BA.1.1.18,Omicron (BA.1-like),852.1808072976994,2022-02-05,1265145,BA.1.1.18,Omicron (BA.1-like),842.0,2022-02-15,1190292,BA.1.1.18,Omicron (BA.1-like),857.0,2022-01-31,1064967,BA.1.1.18,Omicron (BA.1-like),891.0000000001,2021-12-28,1265145,BA.1.1.18,Omicron (BA.1-like),842.0,2022-02-15,871714,BA.1,Omicron (BA.1-like),1011.137026065978,2021-08-30,False,0,5,3,False,7,0,,0,
1265102,SRR19684728,1,1,1,21596,22194,0,COVID-AMPLISEQ-V1,.,2022-02-15,45e5992ba11f,2,BA.1.1,Omicron (BA.1-like),849.0,2022-02-08,1265101,BA.1.1,Omicron (BA.1-like),842.0,2022-02-15,1219979,BA.1.1,Omicron (BA.1-like),851.0,2022-02-06,1231410,BA.1.1.18,Omicron (BA.1-like),849.0000000001,2022-02-08,1265101,BA.1.1,Omicron (BA.1-like),842.0,2022-02-15,871714,BA.1,Omicron (BA.1-like),1011.137026065978,2021-08-30,False,1,8,2,False,4,0,,0,
1260176,SRR19683474,3,1,1,17286,22194,2,COVID-AMPLISEQ-V1,.,2022-02-14,7e4efa9f6fe2,2,BA.1.1,Omicron (BA.1-like),849.0,2022-02-08,1260175,BA.1.1,Omicron (BA.1-like),843.0,2022-02-14,1178223,BA.1.1,Omicron (BA.1-like),859.0,2022-01-29,1231410,BA.1.1.18,Omicron (BA.1-like),849.0000000001,2022-02-08,1260175,BA.1.1,Omicron (BA.1-like),843.0,2022-02-14,871714,BA.1,Omicron (BA.1-like),1011.137026065978,2021-08-30,False,1,6,2,False,6,0,,0,
1245760,SRR18926253,2,1,1,12787,22194,0,COVID-ARTIC-V3,.,2022-02-11,709be8864249,2,BA.1,Omicron (BA.1-like),855.0,2022-02-02,1245759,BA.1,Omicron (BA.1-like),846.0,2022-02-11,1200477,BA.1,Omicron (BA.1-like),855.0000000001,2022-02-02,1079877,BA.1.14,Omicron (BA.1-like),885.0,2022-01-03,1245759,BA.1,Omicron (BA.1-like),846.0,2022-02-11,871714,BA.1,Omicron (BA.1-like),1011.137026065978,2021-08-30,False,1,5,3,False,4,0,,0,
1254667,SRR19685771,1,1,1,21596,22194,0,COVID-AMPLISEQ-V1,.,2022-02-13,075ba19b89e7,2,BA.1.1,Omicron (BA.1-like),845.0,2022-02-12,1254666,BA.1.1,Omicron (BA.1-like),844.0,2022-02-13,1250649,BA.1.1,Omicron (BA.1-like),845.0000000001,2022-02-12,1175156,BA.1.1,Omicron (BA.1-like),860.0,2022-01-28,1254666,BA.1.1,Omicron (BA.1-like),844.0,2022-02-13,871714,BA.1,Omicron (BA.1-like),1011.137026065978,2021-08-30,False,0,6,3,False,4,0,,0,
1254677,SRR19685878,1,1,1,21596,22194,2,COVID-AMPLISEQ-V1,.,2022-02-13,5aeb1cd76e3a,2,BA.1.1,Omicron (BA.1-like),854.4046797426952,2022-02-03,1254676,BA.1.1,Omicron (BA.1-like),844.0,2022-02-13,1039875,BA.1.1,Omicron (BA.1-like),901.0,2021-12-18,1189537,BA.1.1,Omicron (BA.1-like),857.0,2022-01-31,1254676,BA.1.1,Omicron (BA.1-like),844.0,2022-02-13,903395,BA.1.1,Omicron (BA.1-like),991.2778246861324,2021-09-19,False,0,4,2,False,6,0,,0,
1364157,SRR18930621,1,1,1,21590,22194,0,COVID-ARTIC-V4.1,.,2022-03-16,0460e7b352ec,2,BA.1.1,Omicron (BA.1-like),815.0,2022-03-14,1364156,BA.1.1,Omicron (BA.1-like),813.0,2022-03-16,1356868,BA.1.1,Omicron (BA.1-like),815.0000000001,2022-03-14,1215708,BA.1.1,Omicron (BA.1-like),852.0,2022-02-05,1364156,BA.1.1,Omicron (BA.1-like),813.0,2022-03-16,871714,BA.1,Omicron (BA.1-like),1011.137026065978,2021-08-30,False,0,7,2,False,4,0,,0,
1364246,SRR20521254,2,1,1,21773,22194,0,COVID-ARTIC-V4.1,.,2022-03-16,75606f93a834,2,BA.1.1,Omicron (BA.1-like),831.4715045135431,2022-02-26,1364245,BA.1.1,Omicron (BA.1-like),813.0,2022-03-16,1302469,BA.1.1,Omicron (BA.1-like),832.0,2022-02-25,1165408,BA.1.1,Omicron (BA.1-like),862.0,2022-01-26,1364245,BA.1.1,Omicron (BA.1-like),813.0,2022-03-16,871714,BA.1,Omicron (BA.1-like),1011.137026065978,2021-08-30,False,0,10,3,False,4,0,,0,
1357217,SRR21087988,2,2,1,10324,22194,1,COVID-AMPLISEQ-V1,.,2022-03-14,1bd2ec9c742e,3,BA.1.1,Omicron (BA.1-like),822.0,2022-03-07,1357215,BA.1.1,Omicron (BA.1-like),815.0,2022-03-14,1333732,BA.1.1,Omicron (BA.1-like),822.0000000001,2022-03-07,1231410,BA.1.1.18,Omicron (BA.1-like),849.0000000001,2022-02-08,1357215,BA.1.1,Omicron (BA.1-like),815.0,2022-03-14,871714,BA.1,Omicron (BA.1-like),1011.137026065978,2021-08-30,False,1,7,2,False,5,0,,0,
1373820,SRR20536944,1,1,1,21596,22194,1,COVID-ARTIC-V4.1,.,2022-03-19,f5671e685d67,2,BA.1.1,Omicron (BA.1-like),821.6885660462498,2022-03-08,1373819,BA.1.1,Omicron (BA.1-like),810.0,2022-03-19,1319465,BA.1.1,Omicron (BA.1-like),826.0,2022-03-03,1287152,BA.1.1,Omicron (BA.1-like),836.0,2022-02-21,1373819,BA.1.1,Omicron (BA.1-like),810.0,2022-03-19,871714,BA.1,Omicron (BA.1-like),1011.137026065978,2021-08-30,False,0,8,3,False,5,0,,1,MNM4
1302784,SRR22319205,1,1,1,21596,22194,1,COVID-ARTIC-V4.1,.,2022-02-25,2c7d7da10718,2,BA.1.1,Omicron (BA.1-like),843.4232525669576,2022-02-14,1302783,BA.1.1,Omicron (BA.1-like),832.0,2022-02-25,1196622,BA.1.1,Omicron (BA.1-like),855.0,2022-02-02,1210433,BA.1.1,Omicron (BA.1-like),853.0,2022-02-04,1302783,BA.1.1,Omicron (BA.1-like),832.0,2022-02-25,1046379,BA.1,Omicron (BA.1-like),1011.1370260660782,2021-08-30,False,0,8,1,False,5,0,,0,
1305036,SRR22319241,1,1,1,19826,22194,0,COVID-ARTIC-V4.1,.,2022-02-26,02906ec73456,2,BA.1.17,Omicron (BA.1-like),834.0,2022-02-23,1305035,BA.1.17,Omicron (BA.1-like),831.0,2022-02-26,1295674,BA.1.17,Omicron (BA.1-like),834.0000000001,2022-02-23,991159,BA.1,Omicron (BA.1-like),934.0606385717848,2021-11-15,1305035,BA.1.17,Omicron (BA.1-like),831.0,2022-02-26,871714,BA.1,Omicron (BA.1-like),1011.137026065978,2021-08-30,False,1,6,2,False,4,0,,0,
1333527,SRR21087474,4,1,1,22046,22194,0,COVID-AMPLISEQ-V1,.,2022-03-07,bd379ede42d4,2,BA.1.1,Omicron (BA.1-like),844.9319442572057,2022-02-13,1333526,BA.1.1,Omicron (BA.1-like),822.0,2022-03-07,1260664,BA.1.1,Omicron (BA.1-like),893.8687540521406,2021-12-26,1068705,BA.1.1,Omicron (BA.1-like),890.0000000001,2021-12-29,1333526,BA.1.1,Omicron (BA.1-like),822.0,2022-03-07,871714,BA.1,Omicron (BA.1-like),1011.137026065978,2021-08-30,False,0,5,2,False,4,0,,0,
1344305,SRR20419291,2,1,1,13274,22194,0,COVID-ARTIC-V4.1,.,2022-03-10,8b57b559d7ab,2,BA.1.1,Omicron (BA.1-like),836.0527375810894,2022-02-21,1344304,BA.1.1,Omicron (BA.1-like),819.0,2022-03-10,1297121,BA.1.1,Omicron (BA.1-like),850.0,2022-02-07,1186862,BA.1.1,Omicron (BA.1-like),857.0000000002001,2022-01-31,1344304,BA.1.1,Omicron (BA.1-like),819.0,2022-03-10,871714,BA.1,Omicron (BA.1-like),1011.137026065978,2021-08-30,False,0,5,4,True,5,0,,1,MNM2
1309793,SRR22319184,1,1,1,22187,22194,2,COVID-ARTIC-V4.1,.,2022-02-28,2e52fab1bb18,2,BA.1.1.14,Omicron (BA.1-like),834.0,2022-02-23,1309792,BA.1.1.14,Omicron (BA.1-like),829.0,2022-02-28,1294750,BA.1.1.14,Omicron (BA.1-like),834.0000000001,2022-02-23,1276784,BA.1.1,Omicron (BA.1-like),839.0,2022-02-18,1309792,BA.1.1.14,Omicron (BA.1-like),829.0,2022-02-28,871714,BA.1,Omicron (BA.1-like),1011.137026065978,2021-08-30,False,1,8,2,False,6,0,,0,
1061131,ERR7937571,1,1,1,22193,22194,2,COVID-ARTIC-V4.1,4,2021-12-27,b5656c80c30c,2,BA.1,Omicron (Unassigned),915.0341341495274,2021-12-04,1061130,BA.1,Omicron (Unassigned),892.0,2021-12-27,624621,AY.4.2,Delta (AY.4.2-like),989.0000000001,2021-09-21,990718,BA.1,Omicron (BA.1-like),915.0454131703876,2021-12-04,1061130,BA.1,Omicron (Unassigned),892.0,2021-12-27,68,B.1,.,1591.6612163418586,2020-01-28,True,7,31,47,True,31,0,,1,mnS3
1309791,SRR22319176,2,1,1,15038,22194,0,COVID-ARTIC-V4.1,.,2022-02-28,20bbe1704afe,2,BA.1.1,Omicron (BA.1-like),846.0,2022-02-11,1309790,BA.1.1,Omicron (BA.1-like),829.0,2022-02-28,1262968,BA.1.1,Omicron (BA.1-like),846.0000000001,2022-02-11,1200320,BA.1.1.14,Omicron (BA.1-like),855.0,2022-02-02,1309790,BA.1.1,Omicron (BA.1-like),829.0,2022-02-28,871714,BA.1,Omicron (BA.1-like),1011.137026065978,2021-08-30,False,1,6,2,False,4,0,,0,
1097925,SRR18738982,1,1,1,14108,22194,0,COVID-ARTIC-V4.1,.,2022-01-10,b4629d409f9f,2,BA.1.1.14,Omicron (BA.1-like),883.0,2022-01-05,1097924,BA.1.1.14,Omicron (BA.1-like),878.0,2022-01-10,1086234,BA.1.1.14,Omicron (BA.1-like),883.0000000001,2022-01-05,1052375,BA.1.1,Omicron (BA.1-like),976.8559810550578,2021-10-04,1097924,BA.1.1.14,Omicron (BA.1-like),878.0,2022-01-10,871714,BA.1,Omicron (BA.1-like),1011.137026065978,2021-08-30,False,1,5,4,True,7,0,,0,
1125893,SRR18153327,1,1,1,21302,22194,2,COVID-ARTIC-V4.1,.,2022-01-18,2080ba0afe14,2,BA.1.15,Omicron (BA.1-like),879.502971777973,2022-01-09,1125892,BA.1.15,Omicron (BA.1-like),870.0,2022-01-18,1073218,BA.1.15,Omicron (BA.1-like),889.0,2021-12-30,1086158,BA.1.15,Omicron (BA.1-like),883.0,2022-01-05,1125892,BA.1.15,Omicron (BA.1-like),870.0,2022-01-18,871714,BA.1,Omicron (BA.1-like),1011.137026065978,2021-08-30,False,0,8,2,False,6,0,,0,
1125891,SRR18153203,1,1,1,21596,22194,0,COVID-ARTIC-V4.1,.,2022-01-18,6bea837a3b78,2,BA.1.1,Omicron (BA.1-like),877.0,2022-01-11,1125890,BA.1.1,Omicron (BA.1-like),870.0,2022-01-18,1101089,BA.1.1,Omicron (BA.1-like),877.0000000001,2022-01-11,900210,BA.1.1,Omicron (BA.1-like),1011.137026065678,2021-08-30,1125890,BA.1.1,Omicron (BA.1-like),870.0,2022-01-18,871714,BA.1,Omicron (BA.1-like),1011.137026065978,2021-08-30,False,0,6,2,False,4,0,,0,
1204439,SRR18526907,1,1,1,20947,22194,0,COVID-ARTIC-V3,.,2022-02-03,61b5edbbffb6,2,BA.1.15,Omicron (BA.1-like),861.0,2022-01-27,1204438,BA.1.15,Omicron (BA.1-like),854.0,2022-02-03,1170066,BA.1.15,Omicron (BA.1-like),861.0000000001,2022-01-27,1121207,BA.1.15,Omicron (BA.1-like),871.0,2022-01-17,1204438,BA.1.15,Omicron (BA.1-like),854.0,2022-02-03,871714,BA.1,Omicron (BA.1-like),1011.137026065978,2021-08-30,False,0,4,4,True,4,0,,0,
1205084,SRR18971605,2,1,1,18708,22194,1,COVID-ARTIC-V4.1,.,2022-02-03,dabffc1baf29,2,BA.1.20,Omicron (BA.1-like),857.0,2022-01-31,1205083,BA.1.20,Omicron (BA.1-like),854.0,2022-02-03,1189674,BA.1.20,Omicron (BA.1-like),857.0000000001,2022-01-31,1098396,BA.1.20,Omicron (BA.1-like),878.0,2022-01-10,1205083,BA.1.20,Omicron (BA.1-like),854.0,2022-02-03,871714,BA.1,Omicron (BA.1-like),1011.137026065978,2021-08-30,False,0,5,2,False,5,0,,0,
1183000,SRR18157473,1,1,1,21659,22194,0,COVID-ARTIC-V3,.,2022-01-30,d6dd5e9a252f,2,BA.1.1,Omicron (BA.1-like),862.0,2022-01-26,1182999,BA.1.1,Omicron (BA.1-like),858.0,2022-01-30,1166570,BA.1.1,Omicron (BA.1-like),862.0000000001,2022-01-26,1027840,BA.1.1.18,Omicron (BA.1-like),904.0,2021-12-15,1182999,BA.1.1,Omicron (BA.1-like),858.0,2022-01-30,871714,BA.1,Omicron (BA.1-like),1011.137026065978,2021-08-30,False,1,4,3,False,4,0,,0,
1216129,SRR20351011,1,1,1,21640,22194,0,COVID-ARTIC-V4.1,.,2022-02-05,e6b4bbf12c48,2,BA.1.1.18,Omicron (BA.1-like),857.0,2022-01-31,1216128,BA.1.1.18,Omicron (BA.1-like),852.0,2022-02-05,1189864,BA.1.1.18,Omicron (BA.1-like),857.0000000001,2022-01-31,1116822,BA.1.1,Omicron (BA.1-like),872.0,2022-01-16,1216128,BA.1.1.18,Omicron (BA.1-like),852.0,2022-02-05,871714,BA.1,Omicron (BA.1-like),1011.137026065978,2021-08-30,False,1,8,2,False,4,0,,0,
1240516,SRR18188254,1,1,1,17146,22194,0,COVID-ARTIC-V3,.,2022-02-10,1a20440a7f4c,2,BA.1.1.18,Omicron (BA.1-like),852.0,2022-02-05,1240515,BA.1.1.18,Omicron (BA.1-like),847.0,2022-02-10,1214744,BA.1.1.18,Omicron (BA.1-like),852.0000000001,2022-02-05,1065058,BA.1.1.18,Omicron (BA.1-like),891.0,2021-12-28,1240515,BA.1.1.18,Omicron (BA.1-like),847.0,2022-02-10,871714,BA.1,Omicron (BA.1-like),1011.137026065978,2021-08-30,False,0,4,3,False,4,0,,0,
1215374,SRR19826685,4,1,1,21596,22194,0,COVID-AMPLISEQ-V1,.,2022-02-05,748e0669b602,2,BA.1.1.18,Omicron (BA.1-like),853.0,2022-02-04,1215373,BA.1.1.18,Omicron (BA.1-like),852.0,2022-02-05,1209184,BA.1.1.18,Omicron (BA.1-like),853.0000000001,2022-02-04,1205664,BA.1.1,Omicron (BA.1-like),854.0,2022-02-03,1215373,BA.1.1.18,Omicron (BA.1-like),852.0,2022-02-05,871714,BA.1,Omicron (BA.1-like),1011.137026065978,2021-08-30,False,1,9,3,False,4,0,,0,
1193652,SRR18343220,9,1,1,21596,22194,1,COVID-ARTIC-V3,.,2022-02-01,d3e7ea386f32,2,XS,Omicron (Unassigned),884.0000000002001,2022-01-04,1193651,XS,Omicron (Unassigned),856.0,2022-02-01,1169967,XS,Omicron (Unassigned),884.0000000003001,2022-01-04,1070239,BA.1.1,Omicron (BA.1-like),938.0390126469674,2021-11-11,1310526,XS,Omicron (Unassigned),884.0000000001,2022-01-04,871714,BA.1,Omicron (BA.1-like),1011.137026065978,2021-08-30,True,1,15,3,False,6,0,,0,
571196,ERR6860433,1,1,1,14725,22194,0,COVID-ARTIC-V3,3,2021-09-09,3c98ba78b25d,2,AY.4,Delta (AY.4-like),1016.6979289027182,2021-08-25,571195,AY.4,Delta (AY.4-like),1001.0,2021-09-09,483626,AY.4,Delta (AY.4-like),1022.0,2021-08-19,479696,AY.4,Delta (AY.4-like),1090.1016143755205,2021-06-12,571195,AY.4,Delta (AY.4-like),1001.0,2021-09-09,175379,AY.4,Delta (AY.4-like),1220.2147994378952,2021-02-02,False,0,4,6,True,4,0,,0,
1312702,SRR19691135,8,1,1,18172,22194,0,COVID-AMPLISEQ-V1,.,2022-03-01,3b1b547695a8,2,BA.1.1.18,Omicron (BA.1-like),832.0,2022-02-25,1312701,BA.1.1.18,Omicron (BA.1-like),828.0,2022-03-01,1302018,BA.1.1.18,Omicron (BA.1-like),832.0000000001,2022-02-25,1091304,BA.1.1.18,Omicron (BA.1-like),881.0,2022-01-07,1312701,BA.1.1.18,Omicron (BA.1-like),828.0,2022-03-01,871714,BA.1,Omicron (BA.1-like),1011.137026065978,2021-08-30,False,0,5,3,False,4,0,,0,
1312720,SRR19691288,1,1,1,22079,22194,2,COVID-AMPLISEQ-V1,.,2022-03-01,94ed1a50b2e0,2,BA.1.18,Omicron (BA.1-like),840.0739130047231,2022-02-17,1312719,BA.1.18,Omicron (BA.1-like),828.0,2022-03-01,1161631,BA.1.18,Omicron (BA.1-like),863.0,2022-01-25,871713,BA.1,Omicron (BA.1-like),1011.137026065778,2021-08-30,1312719,BA.1.18,Omicron (BA.1-like),828.0,2022-03-01,871714,BA.1,Omicron (BA.1-like),1011.137026065978,2021-08-30,False,1,5,2,False,6,0,,0,
1386220,SRR19692067,1,1,1,18675,22194,0,COVID-AMPLISEQ-V1,.,2022-03-23,8b5da1e3a44f,2,BA.1.1,Omicron (BA.1-like),824.9801616979992,2022-03-05,1386219,BA.1.1,Omicron (BA.1-like),806.0,2022-03-23,1319234,BA.1.1,Omicron (BA.1-like),858.4251575487737,2022-01-30,1088702,BA.1.1.18,Omicron (BA.1-like),882.0,2022-01-06,1386219,BA.1.1,Omicron (BA.1-like),806.0,2022-03-23,871714,BA.1,Omicron (BA.1-like),1011.137026065978,2021-08-30,False,1,7,2,False,4,0,,0,
1396656,SRR18676348,1,1,1,22187,22194,0,COVID-ARTIC-V4.1,.,2022-03-26,c499d75dfe5b,2,BA.1.1,Omicron (BA.1-like),813.0,2022-03-16,1396655,BA.1.1,Omicron (BA.1-like),803.0,2022-03-26,1363731,BA.1.1,Omicron (BA.1-like),813.0000000001,2022-03-16,1231410,BA.1.1.18,Omicron (BA.1-like),849.0000000001,2022-02-08,1396655,BA.1.1,Omicron (BA.1-like),803.0,2022-03-26,871714,BA.1,Omicron (BA.1-like),1011.137026065978,2021-08-30,False,1,9,2,False,4,0,,0,
1400001,SRR19452631,1,1,1,8622,22194,0,COVID-ARTIC-V4.1,.,2022-03-27,ebb47a88cc3d,2,BA.1.1,Omicron (BA.1-like),823.2604427765542,2022-03-06,1400000,BA.1.1,Omicron (BA.1-like),802.0,2022-03-27,1240704,BA.1.1,Omicron (BA.1-like),847.0,2022-02-10,1009288,BA.1.1,Omicron (BA.1-like),909.0,2021-12-10,1400000,BA.1.1,Omicron (BA.1-like),802.0,2022-03-27,871714,BA.1,Omicron (BA.1-like),1011.137026065978,2021-08-30,False,0,4,4,True,4,0,,0,
1373836,SRR21086694,1,1,1,19555,22194,1,COVID-AMPLISEQ-V1,.,2022-03-19,6f2cab5ba812,2,BA.1.15,Omicron (BA.1-like),823.4651522229467,2022-03-06,1373835,BA.1.15,Omicron (BA.1-like),810.0,2022-03-19,1302208,BA.1.15,Omicron (BA.1-like),832.0,2022-02-25,1086158,BA.1.15,Omicron (BA.1-like),883.0,2022-01-05,1373835,BA.1.15,Omicron (BA.1-like),810.0,2022-03-19,871714,BA.1,Omicron (BA.1-like),1011.137026065978,2021-08-30,False,0,8,2,False,5,0,,0,
1379291,SRR18728209,1,1,1,21645,22194,1,COVID-ARTIC-V3,.,2022-03-21,fb2476b17d61,2,BA.1.1,Omicron (BA.1-like),815.0,2022-03-14,1379290,BA.1.1,Omicron (BA.1-like),808.0,2022-03-21,1356867,BA.1.1,Omicron (BA.1-like),815.0000000001,2022-03-14,1054946,BA.1.1,Omicron (BA.1-like),958.8409519698578,2021-10-22,1379290,BA.1.1,Omicron (BA.1-like),808.0,2022-03-21,871714,BA.1,Omicron (BA.1-like),1011.137026065978,2021-08-30,False,0,5,2,False,5,0,,0,
1382790,SRR19692086,4,1,1,21596,22194,0,COVID-AMPLISEQ-V1,.,2022-03-22,c919713802bb,2,BA.1.1,Omicron (BA.1-like),827.0472798776415,2022-03-02,1382789,BA.1.1,Omicron (BA.1-like),807.0,2022-03-22,1302333,BA.1.1,Omicron (BA.1-like),852.0188964066758,2022-02-05,1042787,BA.1.1.18,Omicron (BA.1-like),900.0,2021-12-19,1382789,BA.1.1,Omicron (BA.1-like),807.0,2022-03-22,871714,BA.1,Omicron (BA.1-like),1011.137026065978,2021-08-30,False,1,6,2,False,4,0,,0,
1382942,SRR22566461,1,1,1,21596,22194,2,COVID-VARSKIP-V1a-2b,.,2022-03-22,3ca906f1799e,2,BA.1.1,Omicron (BA.1-like),819.9385592578137,2022-03-10,1382941,BA.1.1,Omicron (BA.1-like),807.0,2022-03-22,1300387,BA.1.1,Omicron (BA.1-like),870.0,2022-01-18,1152067,BA.1.1,Omicron (BA.1-like),865.0,2022-01-23,1382941,BA.1.1,Omicron (BA.1-like),807.0,2022-03-22,871714,BA.1,Omicron (BA.1-like),1011.137026065978,2021-08-30,False,0,8,3,False,7,0,,0,
1360646,SRR21087162,1,1,1,19513,22194,1,COVID-AMPLISEQ-V1,.,2022-03-15,ca83933d1980,2,BA.1.1,Omicron (BA.1-like),827.3422782473124,2022-03-02,1360645,BA.1.1,Omicron (BA.1-like),814.0,2022-03-15,1300378,BA.1.1,Omicron (BA.1-like),833.0000000001,2022-02-24,1068720,BA.1.1,Omicron (BA.1-like),931.2672813944818,2021-11-18,1360645,BA.1.1,Omicron (BA.1-like),814.0,2022-03-15,871714,BA.1,Omicron (BA.1-like),1011.137026065978,2021-08-30,False,0,5,2,False,5,0,,0,
1344200,SRR18728213,2,1,1,12514,22194,0,COVID-ARTIC-V3,.,2022-03-10,c1becebc40e8,2,BA.1.1.10,Omicron (BA.1-like),824.0,2022-03-05,1344199,BA.1.1.10,Omicron (BA.1-like),819.0,2022-03-10,1325510,BA.1.1.10,Omicron (BA.1-like),824.0000000001,2022-03-05,1069008,BA.1.1,Omicron (BA.1-like),915.2415990125428,2021-12-04,1344199,BA.1.1.10,Omicron (BA.1-like),819.0,2022-03-10,871714,BA.1,Omicron (BA.1-like),1011.137026065978,2021-08-30,False,1,5,2,False,4,0,,0,
1333471,SRR20517777,1,1,1,20105,22194,2,COVID-ARTIC-V4.1,.,2022-03-07,bffc08dc567a,2,BA.1,Omicron (BA.1-like),830.6746759201976,2022-02-27,1333470,BA.1,Omicron (BA.1-like),822.0,2022-03-07,1268983,BA.1,Omicron (BA.1-like),874.8838249601424,2022-01-14,1070172,BA.1.1,Omicron (BA.1-like),952.848312075342,2021-10-28,1333470,BA.1,Omicron (BA.1-like),822.0,2022-03-07,871714,BA.1,Omicron (BA.1-like),1011.137026065978,2021-08-30,False,1,7,2,False,6,0,,0,
1347812,SRR21087725,2,1,1,20947,22194,0,COVID-AMPLISEQ-V1,.,2022-03-11,0740e08ab660,2,BA.1.1,Omicron (BA.1-like),819.0,2022-03-10,1347811,BA.1.1,Omicron (BA.1-like),818.0,2022-03-11,1344320,BA.1.1,Omicron (BA.1-like),819.0000000001,2022-03-10,1075312,BA.1.1,Omicron (BA.1-like),940.7791944280806,2021-11-09,1347811,BA.1.1,Omicron (BA.1-like),818.0,2022-03-11,871714,BA.1,Omicron (BA.1-like),1011.137026065978,2021-08-30,False,0,4,2,False,4,0,,0,
1337052,SRR21087927,1,1,1,14941,22194,0,COVID-AMPLISEQ-V1,.,2022-03-08,f67da12c3b90,2,BA.1.1,Omicron (BA.1-like),834.6142785215396,2022-02-23,1337051,BA.1.1,Omicron (BA.1-like),821.0,2022-03-08,1273690,BA.1.1,Omicron (BA.1-like),840.0,2022-02-17,1231410,BA.1.1.18,Omicron (BA.1-like),849.0000000001,2022-02-08,1337051,BA.1.1,Omicron (BA.1-like),821.0,2022-03-08,871714,BA.1,Omicron (BA.1-like),1011.137026065978,2021-08-30,False,1,9,2,False,4,0,,0,
1333059,SRR18589833,1,1,1,19984,22194,0,COVID-ARTIC-V4.1,.,2022-03-07,86594de232b7,2,BA.1.1,Omicron (BA.1-like),834.9248010704774,2022-02-23,1333058,BA.1.1,Omicron (BA.1-like),822.0,2022-03-07,1291939,BA.1.1,Omicron (BA.1-like),854.252574390083,2022-02-03,1231410,BA.1.1.18,Omicron (BA.1-like),849.0000000001,2022-02-08,1333058,BA.1.1,Omicron (BA.1-like),822.0,2022-03-07,871714,BA.1,Omicron (BA.1-like),1011.137026065978,2021-08-30,False,1,8,2,False,4,0,,0,
1237915,SRR20904786,1,1,1,22194,22195,0,COVID-ARTIC-V4.1,.,2022-02-09,6fde89c05c48,2,BA.1.1.2,Omicron (BA.1-like),849.0,2022-02-08,1237914,BA.1.1.2,Omicron (BA.1-like),848.0,2022-02-09,1230616,BA.1.1.2,Omicron (BA.1-like),849.0000000001,2022-02-08,1030941,BA.1.1,Omicron (BA.1-like),903.0,2021-12-16,1237914,BA.1.1.2,Omicron (BA.1-like),848.0,2022-02-09,871714,BA.1,Omicron (BA.1-like),1011.137026065978,2021-08-30,False,1,6,3,False,5,0,,0,
1209176,SRR18081324,1,1,1,21596,22197,3,COVID-ARTIC-V3,.,2022-02-04,493e931ccc41,2,BA.1.1,Omicron (BA.1-like),862.8650336845251,2022-01-26,1209175,BA.1.1,Omicron (BA.1-like),853.0,2022-02-04,1201358,BA.1.1,Omicron (BA.1-like),895.863201860807,2021-12-24,1056882,BA.1.1,Omicron (BA.1-like),894.0,2021-12-25,1209175,BA.1.1,Omicron (BA.1-like),853.0,2022-02-04,903395,BA.1.1,Omicron (BA.1-like),991.2778246861324,2021-09-19,False,0,4,0,False,7,0,,0,
1319252,SRR18483500,1,1,1,22196,22197,0,COVID-ARTIC-V3,.,2022-03-03,5604493d4b79,2,BA.1.1,Omicron (BA.1-like),842.8117670357633,2022-02-15,1319251,BA.1.1,Omicron (BA.1-like),826.0,2022-03-03,1187812,BA.1.1,Omicron (BA.1-like),857.0,2022-01-31,1056882,BA.1.1,Omicron (BA.1-like),894.0,2021-12-25,1319251,BA.1.1,Omicron (BA.1-like),826.0,2022-03-03,871714,BA.1,Omicron (BA.1-like),1011.137026065978,2021-08-30,False,0,3,3,False,5,0,,0,
1280365,SRR20394476,7,1,1,9554,22197,0,COVID-ARTIC-V4.1,.,2022-02-19,09f449e4ff84,2,BA.1.1,Omicron (BA.1-like),849.0,2022-02-08,1280364,BA.1.1,Omicron (BA.1-like),838.0,2022-02-19,1272757,BA.1.1,Omicron (BA.1-like),849.0000000001,2022-02-08,1215708,BA.1.1,Omicron (BA.1-like),852.0,2022-02-05,1280364,BA.1.1,Omicron (BA.1-like),838.0,2022-02-19,871714,BA.1,Omicron (BA.1-like),1011.137026065978,2021-08-30,False,0,6,3,False,5,0,,0,
1404806,SRR18746442,1,1,1,5706,22197,3,COVID-ARTIC-V4.1,.,2022-03-28,a02ad7a5bcc3,2,BA.1.15,Omicron (BA.1-like),815.0944590491847,2022-03-14,1404805,BA.1.15,Omicron (BA.1-like),801.0,2022-03-28,1256231,BA.1.15,Omicron (BA.1-like),905.0000000001,2021-12-14,1131427,BA.1.15,Omicron (BA.1-like),869.0,2022-01-19,1404805,BA.1.15,Omicron (BA.1-like),801.0,2022-03-28,871714,BA.1,Omicron (BA.1-like),1011.137026065978,2021-08-30,False,0,2,3,False,7,0,,0,
1283655,SRR19690784,3,1,1,22196,22197,0,COVID-AMPLISEQ-V1,.,2022-02-20,9d2a7854f71f,2,BA.1.1,Omicron (BA.1-like),844.0,2022-02-13,1283654,BA.1.1,Omicron (BA.1-like),837.0,2022-02-20,1241457,BA.1.1,Omicron (BA.1-like),847.0,2022-02-10,1254438,BA.1.1,Omicron (BA.1-like),844.0000000001,2022-02-13,1283654,BA.1.1,Omicron (BA.1-like),837.0,2022-02-20,871714,BA.1,Omicron (BA.1-like),1011.137026065978,2021-08-30,False,0,7,2,False,4,0,,0,
1242614,SRR24805887,1,1,1,21596,22202,1,COVID-ARTIC-V4.1,.,2022-02-10,8869d6398489,2,BA.1.1,Omicron (BA.1-like),850.0,2022-02-07,1242613,BA.1.1,Omicron (BA.1-like),847.0,2022-02-10,1226716,BA.1.1,Omicron (BA.1-like),850.0000000001,2022-02-07,1052375,BA.1.1,Omicron (BA.1-like),976.8559810550578,2021-10-04,1242613,BA.1.1,Omicron (BA.1-like),847.0,2022-02-10,902917,BA.1,Omicron (BA.1-like),1011.137026065878,2021-08-30,False,0,5,1,False,5,0,,0,
1113927,SRR17957050,1,1,1,10136,22202,0,COVID-ARTIC-V4.1,.,2022-01-15,59d671df4249,2,BA.1.1,Omicron (BA.1-like),887.0844573468946,2022-01-01,1113926,BA.1.1,Omicron (BA.1-like),873.0,2022-01-15,1028200,BA.1.15,Omicron (BA.1-like),922.0,2021-11-27,1075053,BA.1.1.18,Omicron (BA.1-like),888.0,2021-12-31,1113926,BA.1.1,Omicron (BA.1-like),873.0,2022-01-15,902917,BA.1,Omicron (BA.1-like),1011.137026065878,2021-08-30,False,3,4,6,True,4,0,,0,
1025241,SRR21266444,1,1,1,22035,22206,3,COVID-AMPLISEQ-V1,.,2021-12-14,25181a8638b1,2,AY.39,Delta (B.1.617.2-like),911.0,2021-12-08,1025240,AY.39,Delta (B.1.617.2-like),905.0,2021-12-14,447578,AY.39,Delta (B.1.617.2-like),1130.000731702317,2021-05-03,1000767,AY.39,Delta (B.1.617.2-like),911.0000000001,2021-12-08,1025240,AY.39,Delta (B.1.617.2-like),905.0,2021-12-14,167127,B.1.617.2,Delta (B.1.617.2-like),1268.2440285999382,2020-12-16,False,0,-1,4,False,7,0,,0,
683635,SRR16780730,8,1,1,22035,22217,1,COVID-AMPLISEQ-V1,.,2021-10-05,1f5fbbdcf617,2,AY.119,Delta (B.1.617.2-like),982.0,2021-09-28,683634,AY.119,Delta (B.1.617.2-like),975.0000000002,2021-10-05,403066,AY.119,Delta (B.1.617.2-like),1046.0,2021-07-26,656501,AY.119,Delta (B.1.617.2-like),982.0000000001,2021-09-28,683634,AY.119,Delta (B.1.617.2-like),975.0000000002,2021-10-05,167127,B.1.617.2,Delta (B.1.617.2-like),1268.2440285999382,2020-12-16,False,0,0,4,False,5,0,,0,
511511,SRR16063537,23,1,1,21319,22227,1,COVID-ARTIC-V3,.,2021-08-26,d6f05dbfd404,2,B.1.617.2,Delta (B.1.617.2-like),1042.0,2021-07-30,511510,B.1.617.2,Delta (B.1.617.2-like),1015.0000000002,2021-08-26,503805,AY.26,Delta (B.1.617.2-like),1090.8689814394088,2021-06-12,417501,AY.3,Delta (B.1.617.2-like),1042.0000000001,2021-07-30,511510,B.1.617.2,Delta (B.1.617.2-like),1015.0000000002,2021-08-26,167135,B.1.617.2,Delta (B.1.617.2-like),1454.533651447372,2020-06-13,True,2,22,9,True,10,0,,0,
710252,SRR16884182,1,1,1,22035,22242,1,COVID-AMPLISEQ-V1,.,2021-10-11,bdc0252af38d,2,AY.39,Delta (B.1.617.2-like),976.0,2021-10-04,710251,AY.39,Delta (B.1.617.2-like),969.0,2021-10-11,636877,AY.39,Delta (B.1.617.2-like),1010.1692020695948,2021-08-31,678764,AY.39,Delta (B.1.617.2-like),976.0000000001,2021-10-04,710251,AY.39,Delta (B.1.617.2-like),969.0,2021-10-11,167127,B.1.617.2,Delta (B.1.617.2-like),1268.2440285999382,2020-12-16,False,0,2,5,False,5,0,,0,
1002431,SRR21266401,2,2,1,22035,22304,1,COVID-AMPLISEQ-V1,.,2021-12-08,a74d0de7dd53,3,AY.20,Delta (B.1.617.2-like),922.0,2021-11-27,1002429,AY.20,Delta (B.1.617.2-like),911.0,2021-12-08,940166,AY.20,Delta (B.1.617.2-like),922.0000000001,2021-11-27,885097,AY.20,Delta (B.1.617.2-like),933.0,2021-11-16,1002429,AY.20,Delta (B.1.617.2-like),911.0,2021-12-08,819897,AY.20,Delta (B.1.617.2-like),945.0,2021-11-04,False,0,0,4,False,5,0,,0,
855733,ERR12847873,1,1,1,21847,22314,3,COVID-ARTIC-V3,.,2021-11-10,8a8315b8d9f4,2,AY.98.1,Delta (B.1.617.2-like),962.4604167725192,2021-10-18,855732,AY.98.1,Delta (B.1.617.2-like),939.0,2021-11-10,850019,AY.98.1,Delta (B.1.617.2-like),1062.867836923636,2021-07-10,374684,AY.36,Delta (B.1.617.2-like),1171.880896532061,2021-03-23,855732,AY.98.1,Delta (B.1.617.2-like),939.0,2021-11-10,167127,B.1.617.2,Delta (B.1.617.2-like),1268.2440285999382,2020-12-16,False,3,12,6,True,9,0,,0,
1838999,SRR26170356,1,1,1,22114,22317,3,COVID-ARTIC-V4.1,.,2023-09-07,1b2d3c5b6927,2,XBB.2.3,Omicron (XBB.1-like),277.83009657695726,2023-09-03,1838998,XBB.2.3,Omicron (XBB.1-like),273.0,2023-09-07,1834691,HH.2,Omicron (XBB-like),286.0,2023-08-25,1827009,XBB.1.16.6,Omicron (XBB.1.16-like),388.2530792032156,2023-05-15,1838998,XBB.2.3,Omicron (XBB.1-like),273.0,2023-09-07,1673437,XBB,Omicron (XBB-like),747.5583239157871,2022-05-21,True,7,20,18,True,24,0,,0,
1730438,ERR10777582,1,1,1,22002,22328,2,COVID-ARTIC-V4.1,4.1alt,2022-12-22,2d06ad78a7e0,2,BQ.1.1,Omicron (BA.5-like),536.0,2022-12-18,1730437,BQ.1.1,Omicron (BA.5-like),532.0,2022-12-22,1726587,BQ.1.1.57,Omicron (BA.5-like),536.0000000001,2022-12-18,1677115,BQ.1.1.8,Omicron (BA.5-like),641.0000000002001,2022-09-04,1730437,BQ.1.1,Omicron (BA.5-like),532.0,2022-12-22,1620344,BQ.1.1,Omicron (BA.5-like),727.9194944741254,2022-06-10,False,2,6,7,True,6,0,,0,
604011,ERR6884448,1,1,1,22035,22346,1,COVID-AMPLISEQ-V1,3,2021-09-16,7039dad5cc07,2,AY.126,Delta (B.1.617.2-like),1017.7562866152604,2021-08-24,604010,AY.126,Delta (B.1.617.2-like),994.0,2021-09-16,512858,AY.126,Delta (B.1.617.2-like),1136.9673593886175,2021-04-27,587471,AY.126,Delta (B.1.617.2-like),1027.812028777632,2021-08-14,604010,AY.126,Delta (B.1.617.2-like),994.0,2021-09-16,167127,B.1.617.2,Delta (B.1.617.2-like),1268.2440285999382,2020-12-16,False,0,0,4,False,5,0,,0,
1571551,ERR12973627,12,1,1,16936,22427,2,COVID-ARTIC-V3,.,2022-07-14,c8cd8f750980,2,BE.1.1,Omicron (BA.5-like),699.0000000001,2022-07-08,1571550,BE.1.1,Omicron (BA.5-like),693.0,2022-07-14,1559071,BE.1.1.2,Omicron (BA.5-like),699.0000000002001,2022-07-08,1466019,BA.5.1.3,Omicron (BA.5-like),767.0000000002001,2022-05-01,1573773,BE.1.1,Omicron (BA.5-like),699.0,2022-07-08,1428716,BA.5,Omicron (BA.5-like),828.0000007252249,2022-03-01,False,7,4,5,True,6,0,,0,
751853,ERR7305190,1,1,1,22035,22465,1,COVID-AMPLISEQ-V1,3,2021-10-21,c44ad5904a5a,2,AY.4,Delta (AY.4-like),965.0,2021-10-15,751852,AY.4,Delta (AY.4-like),959.0,2021-10-21,439605,AY.4,Delta (AY.4-like),1094.0,2021-06-08,725320,AY.4,Delta (AY.4-like),965.0000000001,2021-10-15,751852,AY.4,Delta (AY.4-like),959.0,2021-10-21,167127,B.1.617.2,Delta (B.1.617.2-like),1268.2440285999382,2020-12-16,False,0,0,5,False,6,0,,0,
1815660,SRR25691017,1,1,1,22102,22480,3,COVID-ARTIC-V4.1,.,2023-04-25,26c2eb8766db,2,XBB.1.16,Omicron (XBB.1-like),413.3447830930651,2023-04-20,1815659,XBB.1.16,Omicron (XBB.1-like),408.0,2023-04-25,1811074,XBB.1.16.19,Omicron (XBB.1.16-like),421.0,2023-04-12,1809241,EG.5.2,Omicron (XBB.1-like),550.0798432773033,2022-12-04,1815659,XBB.1.16,Omicron (XBB.1-like),408.0,2023-04-25,1675918,XBB.1,Omicron (XBB.1-like),695.2997348629449,2022-07-12,True,6,14,10,True,10,0,,0,
1857842,SRR26938277,1,1,1,22102,22480,3,COVID-ARTIC-V4.1,.,2023-11-07,5557ff26a53e,2,XBB.1.16,Omicron (XBB.1-like),226.4752193836309,2023-10-24,1857841,XBB.1.16,Omicron (XBB.1-like),212.0,2023-11-07,1847328,JF.1.1,Omicron (XBB.1.16-like),297.49123651720555,2023-08-14,1833829,HV.1.5,Omicron (XBB.1-like),288.0,2023-08-23,1857841,XBB.1.16,Omicron (XBB.1-like),212.0,2023-11-07,1675918,XBB.1,Omicron (XBB.1-like),695.2997348629449,2022-07-12,True,11,21,11,True,14,0,,0,
1848677,SRR26415839,1,1,1,21719,22480,1,COVID-ARTIC-V4.1,.,2023-10-05,003431e3f4ad,2,XCY,Omicron (XBB.1-like),304.5284045321643,2023-08-07,1848676,XCY,Omicron (XBB.1-like),245.0,2023-10-05,1816590,EG.5.1.3,Omicron (XBB.1-like),405.0000000001,2023-04-28,1831704,GK.3.1,Omicron (XBB.1.5-like),462.7235731737664,2023-03-02,1848676,XCY,Omicron (XBB.1-like),245.0,2023-10-05,1675918,XBB.1,Omicron (XBB.1-like),695.2997348629449,2022-07-12,True,9,14,11,True,11,0,,0,
999945,ERR8214964,1,1,1,22035,22502,3,COVID-AMPLISEQ-V1,3,2021-12-08,1fd6d11dc672,2,AY.4,Delta (AY.4-like),925.8888235397486,2021-11-24,999944,AY.4,Delta (AY.4-like),911.0,2021-12-08,503775,AY.4,Delta (AY.4-like),1094.0,2021-06-08,879872,AY.4,Delta (AY.4-like),934.0000000001,2021-11-15,999944,AY.4,Delta (AY.4-like),911.0,2021-12-08,167127,B.1.617.2,Delta (B.1.617.2-like),1268.2440285999382,2020-12-16,False,0,0,4,False,7,0,,0,
1673437,SRR22255464,112220,10,1,22332,22577,14,COVID-ARTIC-V4.1,.,2022-09-29,00a224cfde25,14,XBB,Omicron (XBB-like),747.5583239157871,2022-05-21,1673425,XBB,Omicron (XBB-like),618.0,2022-09-27,1303535,BA.2.10,Omicron (BA.2-like),831.0,2022-02-26,1628320,BM.1.1.1,Omicron (BA.2-like),785.8715560233582,2022-04-13,1673426,XBB,Omicron (XBB-like),747.5583239156871,2022-05-21,965896,BA.2.5,Omicron (BA.2-like),961.3848488131327,2021-10-19,True,6,13,10,True,21,0,,0,
1251516,SRR21326100,1,1,1,22196,22578,1,COVID-ARTIC-V4.1,.,2022-02-12,bd885b3dcbe3,2,BA.1.1,Omicron (Unassigned),865.2519139687927,2022-01-23,1251515,BA.1.1,Omicron (Unassigned),845.0,2022-02-12,907206,AY.119.2,Delta (B.1.617.2-like),929.0,2021-11-20,1050113,BA.1.1,Omicron (BA.1-like),897.0,2021-12-22,1251515,BA.1.1,Omicron (Unassigned),845.0,2022-02-12,68,B.1,.,1591.6612163418586,2020-01-28,True,8,33,51,True,30,0,,1,mnS3
1888703,SRR28498899,1,1,1,21642,22592,2,COVID-ARTIC-V5.0-5.3.2_400,.,2024-03-06,2a111ccfc2e7,2,JN.1,Omicron (BA.2-like),93.0,2024-03-05,1888702,JN.1,Omicron (BA.2-like),92.0,2024-03-06,1883596,JN.1,Omicron (BA.2-like),169.00000000019998,2023-12-20,1888645,JN.1,Omicron (BA.2-like),93.0000000001,2024-03-05,1888702,JN.1,Omicron (BA.2-like),92.0,2024-03-06,1855174,JN.1,Omicron (BA.2-like),232.0060237451545,2023-10-18,False,0,0,4,False,6,0,,0,
1101849,ERR13281042,1,1,1,20000,22599,1,COVID-ARTIC-V3,.,2022-01-11,30b22a4e5346,2,BA.1,Omicron (BA.1-like),889.0667067888572,2021-12-30,1101848,BA.1,Omicron (BA.1-like),877.0,2022-01-11,1032992,BA.1.1,Omicron (BA.1-like),949.9653357281308,2021-10-31,1055346,BA.1,Omicron (BA.1-like),895.0000000001,2021-12-24,1101848,BA.1,Omicron (BA.1-like),877.0,2022-01-11,871714,BA.1,Omicron (BA.1-like),1011.137026065978,2021-08-30,False,1,4,6,True,5,0,,0,
1715773,SRR22734395,1,1,1,17040,22599,3,COVID-VARSKIP-V1a-2b,.,2022-11-30,80e7ee47472e,2,BQ.1.8,Omicron (BA.5-like),571.810052942831,2022-11-13,1715772,BQ.1.8,Omicron (BA.5-like),554.0,2022-11-30,1703004,BQ.1.8,Omicron (BA.5-like),635.7037909095328,2022-09-10,1532962,BF.11,Omicron (BA.5-like),716.0000000003001,2022-06-21,1715772,BQ.1.8,Omicron (BA.5-like),554.0,2022-11-30,1428716,BA.5,Omicron (BA.5-like),828.0000007252249,2022-03-01,True,10,13,10,True,13,0,,0,
1716623,ERR10673333,5,1,1,17040,22599,1,COVID-ARTIC-V4.1,4.1alt,2022-12-02,b4166c855793,2,BA.5.2.1,Omicron (BA.5-like),575.8935095616389,2022-11-09,1716622,BA.5.2.1,Omicron (BA.5-like),552.0000000001,2022-12-02,1609287,BA.5.2,Omicron (BA.5-like),671.0,2022-08-05,1681810,BQ.1.1,Omicron (BA.5-like),606.0,2022-10-09,1716622,BA.5.2.1,Omicron (BA.5-like),552.0000000001,2022-12-02,1428716,BA.5,Omicron (BA.5-like),828.0000007252249,2022-03-01,True,8,11,10,True,7,0,,0,
1718848,ERR13043027,1,1,1,17962,22599,0,COVID-ARTIC-V3,.,2022-12-06,82d855728156,2,BA.5.2.1,Omicron (BA.5-like),566.0921985882264,2022-11-18,1718847,BA.5.2.1,Omicron (BA.5-like),548.0,2022-12-06,1696361,BA.5.1.34,Omicron (BA.5-like),591.0,2022-10-24,1695145,BQ.1.1.20,Omicron (BA.5-like),592.0000000002001,2022-10-23,1718847,BA.5.2.1,Omicron (BA.5-like),548.0,2022-12-06,1428716,BA.5,Omicron (BA.5-like),828.0000007252249,2022-03-01,True,10,14,12,True,13,0,,0,
1095085,SRR19024311,2,1,1,22205,22599,0,COVID-ARTIC-V4.1,.,2022-01-09,237b9efaf1a0,2,XM,Omicron (Unassigned),915.1297285279544,2021-12-04,1095084,XM,Omicron (Unassigned),879.0,2022-01-09,937969,BA.1.1,Omicron (BA.1-like),1011.137026065578,2021-08-30,871726,BA.2,Omicron (BA.2-like),961.3848488132328,2021-10-19,1095084,XM,Omicron (Unassigned),879.0,2022-01-09,871728,B.1.1.529,Omicron (Unassigned),1333.8575128682105,2020-10-12,True,3,30,15,True,30,0,,1,MNM3
1621555,SRR21382986,2,1,1,21078,22599,1,COVID-ARTIC-V4.1,.,2022-08-15,b2507129db97,2,BA.4,Omicron (BA.4-like),731.9524076441911,2022-06-06,1621554,BA.4,Omicron (BA.4-like),661.0,2022-08-15,1485600,BA.5.6,Omicron (BA.5-like),752.0000000002001,2022-05-16,1480768,BA.4.6,Omicron (BA.4-like),765.0000000002001,2022-05-03,1621554,BA.4,Omicron (BA.4-like),661.0,2022-08-15,871725,BA.4,Omicron (BA.4-like),881.0000000002001,2022-01-07,True,4,8,10,True,7,0,,1,MNM3
1092906,ERR8035884,1,1,1,13898,22599,0,COVID-ARTIC-V4.1,4.1alt,2022-01-08,ebdb23a7ae77,2,BA.1.17.2,Omicron (BA.1-like),893.0,2021-12-26,1092905,BA.1.17.2,Omicron (BA.1-like),880.0,2022-01-08,976137,BA.1.17.2,Omicron (BA.1-like),915.0000000002,2021-12-04,1058170,BA.1.1,Omicron (BA.1-like),893.0000000002001,2021-12-26,1092905,BA.1.17.2,Omicron (BA.1-like),880.0,2022-01-08,871714,BA.1,Omicron (BA.1-like),1011.137026065978,2021-08-30,True,3,4,5,True,4,0,,0,
1639120,ERR12976923,1,1,1,16617,22599,0,COVID-ARTIC-V3,.,2022-08-29,aa3b72429808,2,BF.11,Omicron (BA.5-like),659.983949664793,2022-08-17,1639119,BF.11,Omicron (BA.5-like),647.0,2022-08-29,1532152,BA.5.2,Omicron (BA.5-like),717.0000000001,2022-06-20,1612482,BF.11,Omicron (BA.5-like),668.0,2022-08-08,1639119,BF.11,Omicron (BA.5-like),647.0,2022-08-29,1441168,BA.5.2,Omicron (BA.5-like),828.0000003931715,2022-03-01,False,2,6,9,True,5,0,,0,
1707413,SRR23939873,1,1,1,16936,22599,1,COVID-ARTIC-V4.1,.,2022-11-13,cd4d675e0420,2,BE.1.2,Omicron (BA.5-like),583.383330718911,2022-11-01,1707412,BE.1.2,Omicron (BA.5-like),571.0,2022-11-13,1705222,BE.1.2,Omicron (BA.5-like),609.503281950287,2022-10-06,1585778,BA.5.1.25,Omicron (BA.5-like),685.0000000001,2022-07-22,1707412,BE.1.2,Omicron (BA.5-like),571.0,2022-11-13,1428716,BA.5,Omicron (BA.5-like),828.0000007252249,2022-03-01,False,6,12,7,True,8,0,,0,
1669034,SRR21900426,1,1,1,14600,22599,1,COVID-ARTIC-V4.1,.,2022-09-24,7898679fbba4,2,BA.4,Omicron (BA.5-like),644.8807232924723,2022-09-01,1669033,BA.4,Omicron (BA.5-like),621.0,2022-09-24,1577937,BA.5.2.1,Omicron (BA.5-like),707.9880521936941,2022-06-30,1537337,BA.4.6,Omicron (BA.5-like),712.0000000002001,2022-06-25,1669033,BA.4,Omicron (BA.5-like),621.0,2022-09-24,871725,BA.4,Omicron (BA.4-like),881.0000000002001,2022-01-07,True,5,7,14,True,7,0,,1,MNM3
1670820,ERR13175096,3,1,1,16324,22599,1,COVID-ARTIC-V4.1,.,2022-09-26,4e6587f26f9e,2,BA.4,Omicron (BA.4-like),632.6621490776439,2022-09-13,1670819,BA.4,Omicron (BA.4-like),619.0,2022-09-26,1621105,BA.5.1.30,Omicron (BA.5-like),661.0,2022-08-15,1604771,BA.4.6,Omicron (BA.4-like),674.0,2022-08-02,1670819,BA.4,Omicron (BA.4-like),619.0,2022-09-26,871725,BA.4,Omicron (BA.4-like),881.0000000002001,2022-01-07,False,5,5,16,True,5,0,,1,MNM3
1892436,SRR29364071,3,2,1,22132,22599,2,COVID-ARTIC-V5.0-5.3.2_400,.,2024-05-22,28ce644d57ab,3,XDY,Omicron (BA.2-like),49.785550436598655,2024-04-18,1892434,XDY,Omicron (BA.2-like),15.0,2024-05-22,1892380,LB.1.2.1,Omicron (BA.2-like),98.57420507953984,2024-02-29,1890523,KP.3.2,Omicron (BA.2-like),177.42982217940735,2023-12-12,1892600,XDY,Omicron (BA.2-like),31.331654050154345,2024-05-06,1855174,JN.1,Omicron (BA.2-like),232.0060237451545,2023-10-18,True,9,6,4,True,6,0,,0,
1732755,ERR10758325,1,1,1,17040,22599,3,COVID-ARTIC-V4.1,4.1alt,2022-12-28,9aae03715d09,2,BA.5.2.1,Omicron (BA.5-like),549.0836790465784,2022-12-05,1732754,BA.5.2.1,Omicron (BA.5-like),526.0,2022-12-28,1537965,BA.5.2,Omicron (BA.5-like),782.0,2022-04-16,1713874,BQ.1.1,Omicron (BA.5-like),640.173641949379,2022-09-05,1732754,BA.5.2.1,Omicron (BA.5-like),526.0,2022-12-28,1428716,BA.5,Omicron (BA.5-like),828.0000007252249,2022-03-01,True,8,9,7,True,8,0,,0,
1078052,ERR11795690,5,1,1,21743,22673,1,COVID-ARTIC-V3,.,2022-01-02,eab91d5d9eae,2,BA.1.17.2,Omicron (BA.1-like),895.0,2021-12-24,1078051,BA.1.17.2,Omicron (BA.1-like),886.0,2022-01-02,970408,BA.1.17.2,Omicron (BA.1-like),929.000000000203,2021-11-20,1055346,BA.1,Omicron (BA.1-like),895.0000000001,2021-12-24,1078051,BA.1.17.2,Omicron (BA.1-like),886.0,2022-01-02,871714,BA.1,Omicron (BA.1-like),1011.137026065978,2021-08-30,False,2,5,4,True,5,0,,0,
1062686,ERR13278714,8,1,1,20419,22673,0,COVID-ARTIC-V3,.,2021-12-27,4be0365972a8,2,BA.1,Omicron (BA.1-like),895.0,2021-12-24,1062685,BA.1,Omicron (BA.1-like),892.0,2021-12-27,946355,BA.1,Omicron (BA.1-like),993.996179873354,2021-09-17,1055346,BA.1,Omicron (BA.1-like),895.0000000001,2021-12-24,1062685,BA.1,Omicron (BA.1-like),892.0,2021-12-27,871714,BA.1,Omicron (BA.1-like),1011.137026065978,2021-08-30,False,0,4,5,True,4,0,,0,
1062771,ERR13288180,16,1,1,20419,22673,2,COVID-ARTIC-V3,.,2021-12-27,d72db6641298,2,BA.1,Omicron (BA.1-like),895.0,2021-12-24,1062770,BA.1,Omicron (BA.1-like),892.0000000001,2021-12-27,1052227,BA.1,Omicron (BA.1-like),897.0,2021-12-22,1055346,BA.1,Omicron (BA.1-like),895.0000000001,2021-12-24,1062770,BA.1,Omicron (BA.1-like),892.0000000001,2021-12-27,871714,BA.1,Omicron (BA.1-like),1011.137026065978,2021-08-30,True,0,5,5,True,7,0,,0,
1190644,ERR12918462,1,1,1,21743,22673,1,COVID-ARTIC-V3,.,2022-01-31,617c86968eae,2,BA.1.17.2,Omicron (BA.1-like),869.656762571878,2022-01-19,1190643,BA.1.17.2,Omicron (BA.1-like),857.0,2022-01-31,1075732,BA.1.17.2,Omicron (BA.1-like),887.0,2022-01-01,1078051,BA.1.17.2,Omicron (BA.1-like),886.0,2022-01-02,1190643,BA.1.17.2,Omicron (BA.1-like),857.0,2022-01-31,871714,BA.1,Omicron (BA.1-like),1011.137026065978,2021-08-30,False,0,4,7,True,5,0,,0,
988511,SRR17901911,16,1,1,22205,22673,0,COVID-ARTIC-V3,.,2021-12-06,a7d675d62764,2,BA.1.18,Omicron (BA.1-like),914.0000000002,2021-12-05,988510,BA.1.18,Omicron (BA.1-like),913.0,2021-12-06,924217,BA.1.18,Omicron (BA.1-like),973.3350312982868,2021-10-07,984103,BA.1,Omicron (BA.1-like),914.0000000003,2021-12-05,1180202,BA.1,Omicron (BA.1-like),914.0000000001,2021-12-05,871714,BA.1,Omicron (BA.1-like),1011.137026065978,2021-08-30,False,1,6,4,True,5,0,,0,
1477049,SRR20111223,1,1,1,22600,22673,3,COVID-ARTIC-V4.1,.,2022-05-09,5e9eea7cc69d,2,BA.2,Omicron (BA.2-like),772.6769207489156,2022-04-26,1477048,BA.2,Omicron (BA.2-like),759.0,2022-05-09,1387433,BA.2,Omicron (BA.2-like),805.0,2022-03-24,1190823,BA.2,Omicron (BA.2-like),878.0000000001,2022-01-10,1477048,BA.2,Omicron (BA.2-like),759.0,2022-05-09,965896,BA.2.5,Omicron (BA.2-like),961.3848488131327,2021-10-19,True,0,5,4,True,7,0,,0,
495726,ERR6601251,14,1,1,19375,22713,1,COVID-ARTIC-V3,3,2021-08-23,31cfe6a3c1f7,2,AY.4,Delta (AY.4-like),1031.3948932676485,2021-08-10,495725,AY.4,Delta (AY.4-like),1018.0,2021-08-23,427525,AY.4,Delta (AY.4-like),1039.0,2021-08-02,468985,AY.4,Delta (AY.4-like),1032.0,2021-08-09,495725,AY.4,Delta (AY.4-like),1018.0,2021-08-23,175379,AY.4,Delta (AY.4-like),1220.2147994378952,2021-02-02,False,0,9,5,True,6,0,,0,
1339348,ERR9327284,1,1,1,22689,22775,0,COVID-ARTIC-V4.1,4.1alt,2022-03-09,daa40378065a,2,BA.2,Omicron (Unassigned),834.4415195946427,2022-02-23,1339347,BA.2,Omicron (Unassigned),820.0,2022-03-09,1229221,BA.1.16,Omicron (BA.1-like),849.0,2022-02-08,1329475,BA.2.37,Omicron (BA.2-like),853.0,2022-02-04,1339347,BA.2,Omicron (Unassigned),820.0,2022-03-09,871728,B.1.1.529,Omicron (Unassigned),1333.8575128682105,2020-10-12,True,4,41,17,True,36,0,,1,MNM3
476037,SRR15708579,3,2,1,11563,22783,1,COVID-VARSKIP-V1a-2b,.,2021-08-16,8dd13fe1043a,3,AY.3,Delta (B.1.617.2-like),1064.6416050569237,2021-07-08,476036,AY.3,Delta (B.1.617.2-like),1025.0,2021-08-16,342536,AY.25.1,Delta (B.1.617.2-like),1094.0000000004006,2021-06-08,353323,AY.3,Delta (B.1.617.2-like),1113.0000000002003,2021-05-20,476035,AY.3,Delta (B.1.617.2-like),1025.0,2021-08-16,167127,B.1.617.2,Delta (B.1.617.2-like),1268.2440285999382,2020-12-16,True,3,5,6,True,6,0,,0,
1528413,SRR20734713,1,1,1,22055,22786,2,COVID-ARTIC-V4.1,.,2022-06-17,07b279fc2c3a,2,BA.2.12,Omicron (BA.2-like),737.2118811943727,2022-05-31,1528412,BA.2.12,Omicron (BA.2-like),720.0,2022-06-17,1434678,BA.2.23,Omicron (BA.2-like),785.0,2022-04-13,1462008,BA.2.12.1,Omicron (BA.2-like),835.2913558993994,2022-02-22,1528412,BA.2.12,Omicron (BA.2-like),720.0,2022-06-17,965896,BA.2.5,Omicron (BA.2-like),961.3848488131327,2021-10-19,False,3,7,5,True,6,0,,0,
1535596,SRR20735310,1,1,1,21790,22786,2,COVID-ARTIC-V4.1,.,2022-06-23,484d836111c8,2,BA.5,Omicron (BA.5-like),727.2877515670331,2022-06-10,1535595,BA.5,Omicron (BA.5-like),714.0,2022-06-23,1468864,BA.2.12.1,Omicron (BA.2-like),765.0,2022-05-03,1482711,BA.5.5,Omicron (BA.5-like),783.0,2022-04-15,1535595,BA.5,Omicron (BA.5-like),714.0,2022-06-23,871726,BA.2,Omicron (BA.2-like),961.3848488132328,2021-10-19,True,5,7,12,True,7,0,,0,
1436065,ERR9627305,2,1,1,17243,22792,0,COVID-ARTIC-V4.1,4.1alt,2022-04-14,f57ec3c8ea5e,2,BA.2.56,Omicron (BA.2-like),801.7160764300922,2022-03-28,1436064,BA.2.56,Omicron (BA.2-like),784.0,2022-04-14,1382197,BA.2,Omicron (BA.2-like),807.0,2022-03-22,1362407,BA.2,Omicron (BA.2-like),813.0,2022-03-16,1436064,BA.2.56,Omicron (BA.2-like),784.0,2022-04-14,965896,BA.2.5,Omicron (BA.2-like),961.3848488131327,2021-10-19,False,0,5,4,True,4,0,,0,
1541824,ERR9926949,7,1,1,17279,22792,0,COVID-ARTIC-V4.1,4.1alt,2022-06-28,84d615ec7435,2,BE.1,Omicron (BA.5-like),724.0000000001,2022-06-13,1541823,BE.1,Omicron (BA.5-like),709.0,2022-06-28,1522053,BA.5.1.24,Omicron (BA.5-like),724.0000000002001,2022-06-13,1490129,BE.1,Omicron (BA.5-like),803.6480702265212,2022-03-26,1641913,BE.1,Omicron (BA.5-like),724.0,2022-06-13,1428716,BA.5,Omicron (BA.5-like),828.0000007252249,2022-03-01,False,5,7,7,True,5,0,,0,
1543949,ERR9926825,1,1,1,8619,22792,2,COVID-ARTIC-V4.1,4.1alt,2022-06-30,528cfc5a7ff2,2,BA.2,Omicron (BA.2-like),724.1212255091147,2022-06-13,1543948,BA.2,Omicron (BA.2-like),707.0,2022-06-30,1499111,BA.2.18,Omicron (BA.2-like),761.2994635517081,2022-05-07,1126944,BA.2,Omicron (BA.2-like),870.0000000001,2022-01-18,1543948,BA.2,Omicron (BA.2-like),707.0,2022-06-30,965896,BA.2.5,Omicron (BA.2-like),961.3848488131327,2021-10-19,False,1,4,6,True,6,0,,0,
1612730,ERR10088934,1,1,1,18161,22792,1,COVID-ARTIC-V4.1,4.1alt,2022-08-09,597e79df7390,2,BE.1,Omicron (BA.5-like),698.0552184442732,2022-07-09,1612729,BE.1,Omicron (BA.5-like),667.0,2022-08-09,1509468,BA.5.1,Omicron (BA.5-like),740.0000000003001,2022-05-28,1490129,BE.1,Omicron (BA.5-like),803.6480702265212,2022-03-26,1612729,BE.1,Omicron (BA.5-like),667.0,2022-08-09,1428716,BA.5,Omicron (BA.5-like),828.0000007252249,2022-03-01,True,4,7,7,True,6,0,,0,
1591747,SRR22291050,1,1,1,16936,22792,1,COVID-ARTIC-V4.1,.,2022-07-25,ded0f5a93aca,2,BA.5.2.1,Omicron (BA.5-like),690.8950592405927,2022-07-17,1591746,BA.5.2.1,Omicron (BA.5-like),682.0,2022-07-25,1571924,BA.5.1,Omicron (BA.5-like),692.0,2022-07-15,1532465,BE.1,Omicron (BA.5-like),773.8932142867027,2022-04-25,1591746,BA.5.2.1,Omicron (BA.5-like),682.0,2022-07-25,1428716,BA.5,Omicron (BA.5-like),828.0000007252249,2022-03-01,True,4,5,7,True,5,0,,0,
468495,ERR12816691,99,1,1,22228,22792,3,COVID-ARTIC-V3,.,2021-08-13,90730a21579c,2,B.1.617.2,Delta (B.1.617.2-like),1058.0000000004006,2021-07-14,468494,B.1.617.2,Delta (B.1.617.2-like),1028.0000000001,2021-08-13,189903,AY.43,Delta (B.1.617.2-like),1201.8467965238417,2021-02-21,368178,AY.9,Delta (B.1.617.2-like),1058.000000000501,2021-07-14,471010,B.1.617.2,Delta (B.1.617.2-like),1058.0000000003006,2021-07-14,167135,B.1.617.2,Delta (B.1.617.2-like),1454.533651447372,2020-06-13,True,2,20,5,True,7,0,,0,
1032520,SRR17886510,1,1,1,18805,22801,2,COVID-VARSKIP-V1a-2b,.,2021-12-16,c0c5c8feddd7,2,AY.25,Delta (B.1.617.2-like),928.4940206300518,2021-11-21,1032519,AY.25,Delta (B.1.617.2-like),903.0,2021-12-16,589907,AY.103,Delta (B.1.617.2-like),997.0000000001,2021-09-13,716199,AY.25,Delta (B.1.617.2-like),1054.9252031407918,2021-07-18,1032519,AY.25,Delta (B.1.617.2-like),903.0,2021-12-16,167127,B.1.617.2,Delta (B.1.617.2-like),1268.2440285999382,2020-12-16,False,2,5,7,True,7,0,,0,
1165539,ERR8486797,1,1,1,21902,22813,2,COVID-ARTIC-V4.1,4.1alt,2022-01-26,a53e6ae2e95e,2,BA.1.15.1,Omicron (BA.1-like),866.0,2022-01-22,1165538,BA.1.15.1,Omicron (BA.1-like),862.0,2022-01-26,1058249,BA.1.15.1,Omicron (BA.1-like),893.0,2021-12-26,1147313,BA.1.15.1,Omicron (BA.1-like),866.0000000001,2022-01-22,1165538,BA.1.15.1,Omicron (BA.1-like),862.0,2022-01-26,960619,BA.1.15.1,Omicron (BA.1-like),958.2354196370436,2021-10-22,False,0,5,5,True,6,0,,0,
1171412,SRR20359810,1,1,1,21935,22813,1,COVID-ARTIC-V4.1,.,2022-01-27,dbf12a6c45b2,2,BA.1.1,Omicron (BA.1-like),872.2706717675301,2022-01-16,1171411,BA.1.1,Omicron (BA.1-like),861.0,2022-01-27,1107366,BA.1.1,Omicron (BA.1-like),875.0,2022-01-13,1054261,BA.1.1,Omicron (BA.1-like),896.0000000001,2021-12-23,1171411,BA.1.1,Omicron (BA.1-like),861.0,2022-01-27,932477,BA.1.1,Omicron (BA.1-like),991.2778246860324,2021-09-19,False,0,8,4,True,5,0,,0,
1333075,SRR18665782,1,1,1,22600,22813,1,COVID-ARTIC-V3,.,2022-03-07,146ea1505346,2,BA.1.1,Omicron (BA.1-like),832.0,2022-02-25,1333074,BA.1.1,Omicron (BA.1-like),822.0,2022-03-07,1302066,BA.1.1,Omicron (BA.1-like),832.0000000001,2022-02-25,1234949,BA.1,Omicron (BA.1-like),848.0,2022-02-09,1333074,BA.1.1,Omicron (BA.1-like),822.0,2022-03-07,871714,BA.1,Omicron (BA.1-like),1011.137026065978,2021-08-30,False,1,9,4,True,5,0,,0,
1031698,ERR7855221,5,1,1,6699,22813,3,COVID-ARTIC-V4.1,4,2021-12-16,133529bc127a,2,BA.1.17.2,Omicron (BA.1-like),910.0,2021-12-09,1031697,BA.1.17.2,Omicron (BA.1-like),903.0000000001,2021-12-16,1003527,BA.1.17.2,Omicron (BA.1-like),910.0000000001,2021-12-09,1013156,BA.1,Omicron (BA.1-like),915.0272679580175,2021-12-04,1031697,BA.1.17.2,Omicron (BA.1-like),903.0000000001,2021-12-16,871714,BA.1,Omicron (BA.1-like),1011.137026065978,2021-08-30,False,2,4,9,True,7,0,,0,
1034984,ERR7844844,1,1,1,12310,22813,1,COVID-ARTIC-V4.1,4,2021-12-17,7960a24e8e53,2,BA.1.17.2,Omicron (BA.1-like),903.0,2021-12-16,1034983,BA.1.17.2,Omicron (BA.1-like),902.0,2021-12-17,991344,BA.1.17.2,Omicron (BA.1-like),929.1297989929255,2021-11-20,1031697,BA.1.17.2,Omicron (BA.1-like),903.0000000001,2021-12-16,1034983,BA.1.17.2,Omicron (BA.1-like),902.0,2021-12-17,871714,BA.1,Omicron (BA.1-like),1011.137026065978,2021-08-30,False,0,4,12,True,5,0,,0,
1254317,ERR9235185,1,1,1,22600,22813,0,COVID-ARTIC-V4.1,.,2022-02-13,92f82df96732,2,BA.1.19,Omicron (BA.1-like),847.0,2022-02-10,1254316,BA.1.19,Omicron (BA.1-like),844.0,2022-02-13,1219153,BA.1.19,Omicron (BA.1-like),851.0,2022-02-06,1240775,BA.1.1,Omicron (BA.1-like),847.0000000001,2022-02-10,1254316,BA.1.19,Omicron (BA.1-like),844.0,2022-02-13,932477,BA.1.1,Omicron (BA.1-like),991.2778246860324,2021-09-19,False,2,10,5,True,5,0,,0,
1499601,SRR19763322,1,1,1,21722,22882,1,COVID-ARTIC-V3,.,2022-05-27,09abdbd4f760,2,BA.2.12,Omicron (BA.2-like),755.9127804067692,2022-05-13,1499600,BA.2.12,Omicron (BA.2-like),741.0,2022-05-27,1435295,BA.2,Omicron (BA.2-like),785.0,2022-04-13,1451337,BA.2.12.1,Omicron (BA.2-like),823.6973448683207,2022-03-06,1499600,BA.2.12,Omicron (BA.2-like),741.0,2022-05-27,965896,BA.2.5,Omicron (BA.2-like),961.3848488131327,2021-10-19,False,2,7,7,True,6,0,,0,
1629518,SRR21719313,21,1,1,22787,22882,3,COVID-ARTIC-V4.1,.,2022-08-22,55523968f72b,2,XBM,Omicron (BA.5-like),660.0000000002001,2022-08-16,1629517,XBM,Omicron (BA.5-like),654.0,2022-08-22,1622615,BA.2.76,Omicron (BA.2-like),660.0000000003001,2022-08-16,1515860,BF.3,Omicron (BA.5-like),820.0556293496076,2022-03-09,1642734,XBM,Omicron (BA.5-like),660.0000000001,2022-08-16,871726,BA.2,Omicron (BA.2-like),961.3848488132328,2021-10-19,True,6,9,17,True,11,0,,0,
1727399,ERR10749002,1,1,1,22018,22893,2,COVID-ARTIC-V4.1,4.1alt,2022-12-19,2d53355f3255,2,BA.5.2.1,Omicron (BA.5-like),544.419715796197,2022-12-10,1727398,BA.5.2.1,Omicron (BA.5-like),535.0,2022-12-19,1527816,BA.4.6.1,Omicron (BA.4-like),720.0,2022-06-17,1717463,BQ.1.1,Omicron (BA.5-like),549.0,2022-12-05,1727398,BA.5.2.1,Omicron (BA.5-like),535.0,2022-12-19,871725,BA.4,Omicron (BA.4-like),881.0000000002001,2022-01-07,False,11,14,14,True,10,0,,0,
1643831,SRR21637001,1,1,1,16617,22894,2,COVID-ARTIC-V4.1,.,2022-09-03,88bd16ed96ea,2,BA.5.2,Omicron (BA.5-like),657.6200503044605,2022-08-19,1643830,BA.5.2,Omicron (BA.5-like),642.0,2022-09-03,1523262,BE.4,Omicron (BA.5-like),724.0000000003001,2022-06-13,1557448,BA.5.2.24,Omicron (BA.5-like),700.0000000008006,2022-07-07,1643830,BA.5.2,Omicron (BA.5-like),642.0,2022-09-03,1428716,BA.5,Omicron (BA.5-like),828.0000007252249,2022-03-01,True,5,7,6,True,7,0,,0,
1775461,SRR23730481,1,1,1,18458,22894,2,COVID-ARTIC-V4.1,.,2023-02-20,f4e1889fb7c9,2,BE.13,Omicron (BA.5-like),481.1949356164315,2023-02-11,1775460,BE.13,Omicron (BA.5-like),472.0,2023-02-20,1748063,BA.5.3.5,Omicron (BA.5-like),506.0,2023-01-17,1763934,BE.13,Omicron (BA.5-like),637.7687412827717,2022-09-08,1775460,BE.13,Omicron (BA.5-like),472.0,2023-02-20,1442322,BA.5.3,Omicron (BA.5-like),828.0000006903146,2022-03-01,True,3,9,11,True,11,0,,0,
1483963,ERR9810020,4,1,1,22793,22916,2,COVID-ARTIC-V4.1,.,2022-05-15,e4da62480840,2,BA.2,Omicron (BA.2-like),775.4222576667105,2022-04-23,1483962,BA.2,Omicron (BA.2-like),753.0,2022-05-15,1446204,BA.5.1,Omicron (BA.5-like),779.0000000003001,2022-04-19,1447922,BA.2.13,Omicron (BA.2-like),802.0000000003004,2022-03-27,1495454,BA.2,Omicron (BA.2-like),775.4222576666104,2022-04-23,871726,BA.2,Omicron (BA.2-like),961.3848488132328,2021-10-19,False,4,6,13,True,7,0,,1,MNM3
1523091,ERR13123202,3,1,1,21722,22917,0,COVID-ARTIC-V3,.,2022-06-13,6cd5f0fc19ac,2,BA.5,Omicron (BA.5-like),741.8967104726343,2022-05-27,1523090,BA.5,Omicron (BA.5-like),724.0,2022-06-13,1477629,BA.2.12.1,Omicron (BA.2-like),759.0,2022-05-09,1467858,BA.5.2.1,Omicron (BA.5-like),766.0000000004004,2022-05-02,1523090,BA.5,Omicron (BA.5-like),724.0,2022-06-13,871726,BA.2,Omicron (BA.2-like),961.3848488132328,2021-10-19,True,6,8,17,True,7,0,,0,
1482382,SRR19693929,1,1,1,21538,22917,0,COVID-ARTIC-V4.1,.,2022-05-13,c22441df157d,2,BA.2.64,Omicron (BA.2-like),790.0814628748248,2022-04-08,1482381,BA.2.64,Omicron (BA.2-like),755.0,2022-05-13,1422172,BA.2.64,Omicron (BA.2-like),837.7998479157632,2022-02-20,1358136,BA.2.12.1,Omicron (BA.2-like),867.0000000001,2022-01-21,1482381,BA.2.64,Omicron (BA.2-like),755.0,2022-05-13,965896,BA.2.5,Omicron (BA.2-like),961.3848488131327,2021-10-19,True,3,6,4,True,4,0,,0,
1489719,SRR19748173,2,1,1,21571,22917,1,COVID-ARTIC-V4.1,.,2022-05-19,b41e0d6a37f8,2,BA.2,Omicron (BA.2-like),855.2512284862644,2022-02-02,1489718,BA.2,Omicron (BA.2-like),749.0,2022-05-19,1337921,BA.4.1,Omicron (BA.4-like),881.0000000001,2022-01-07,1358136,BA.2.12.1,Omicron (BA.2-like),867.0000000001,2022-01-21,1489718,BA.2,Omicron (BA.2-like),749.0,2022-05-19,871726,BA.2,Omicron (BA.2-like),961.3848488132328,2021-10-19,True,5,6,7,True,5,0,,0,
1499606,SRR19763475,1,1,1,22793,22917,1,COVID-ARTIC-V3,.,2022-05-27,e3214ea344dd,2,BA.2.12,Omicron (BA.2-like),752.4863107228301,2022-05-16,1499605,BA.2.12,Omicron (BA.2-like),741.0,2022-05-27,1435295,BA.2,Omicron (BA.2-like),785.0,2022-04-13,1476965,BA.2.12.1,Omicron (BA.2-like),759.0,2022-05-09,1499605,BA.2.12,Omicron (BA.2-like),741.0,2022-05-27,965896,BA.2.5,Omicron (BA.2-like),961.3848488131327,2021-10-19,False,2,9,7,True,6,0,,0,
1543421,SRR21120891,1,1,1,21722,22917,0,COVID-ARTIC-V4.1,.,2022-06-29,7cd92ba4a87f,2,BA.4,Omicron (BA.2-like),731.9358464098519,2022-06-06,1543420,BA.4,Omicron (BA.2-like),708.0,2022-06-29,1505492,BA.2.12.1,Omicron (BA.2-like),780.0,2022-04-18,1475502,BA.4.1,Omicron (BA.4-like),760.0,2022-05-08,1543420,BA.4,Omicron (BA.2-like),708.0,2022-06-29,871726,BA.2,Omicron (BA.2-like),961.3848488132328,2021-10-19,True,5,10,8,True,5,0,,0,
1700564,ERR10482112,1,1,1,21790,22917,2,COVID-ARTIC-V4.1,4.1alt,2022-10-31,4e3ec8fce1aa,2,BA.5,Omicron (BA.5-like),610.0962139760018,2022-10-05,1700563,BA.5,Omicron (BA.5-like),584.0,2022-10-31,1530357,BA.2.12.1,Omicron (BA.2-like),719.0,2022-06-18,1570715,BA.5.5,Omicron (BA.5-like),693.0,2022-07-14,1700563,BA.5,Omicron (BA.5-like),584.0,2022-10-31,871726,BA.2,Omicron (BA.2-like),961.3848488132328,2021-10-19,True,5,11,15,True,8,0,,0,
1554790,ERR10000477,31,1,1,22600,22917,2,COVID-ARTIC-V4.1,4.1alt,2022-07-06,17a7bfc23157,2,XBG,Omicron (BA.5-like),710.4046799981526,2022-06-27,1554789,XBG,Omicron (BA.5-like),701.0,2022-07-06,1518395,BA.2.76,Omicron (BA.2-like),727.0000000002001,2022-06-10,1510742,BA.5.2,Omicron (BA.5-like),731.0000000001,2022-06-06,1554789,XBG,Omicron (BA.5-like),701.0,2022-07-06,871726,BA.2,Omicron (BA.2-like),961.3848488132328,2021-10-19,True,4,11,15,True,11,0,,0,
1863208,SRR27373550,105,11,1,22102,22928,6,COVID-ARTIC-V5.0-5.3.2_400,.,2023-11-22,f690cab9a13e,15,XDA,Omicron (XBB.1-like),371.218368852464,2023-06-01,1863198,XDA,Omicron (XBB.1-like),198.0,2023-11-21,1797200,XBB.1.16.20,Omicron (XBB.1.16-like),446.0000000003,2023-03-18,1840682,HN.5,Omicron (XBB.1-like),398.8045736724592,2023-05-05,1866742,XDA,Omicron (XBB.1-like),340.7692613825697,2023-07-02,1675918,XBB.1,Omicron (XBB.1-like),695.2997348629449,2022-07-12,True,8,12,7,True,9,0,,0,
1867663,ERR13077315,1,1,1,22927,23009,1,COVID-ARTIC-V5.0-5.3.2_400,.,2023-12-04,544026707dd6,2,JN.1.4,Omicron (BA.2-like),189.6388772347005,2023-11-30,1867662,JN.1.4,Omicron (BA.2-like),185.0,2023-12-04,1859971,JN.1.4,Omicron (BA.2-like),222.29539429171456,2023-10-28,1862132,BA.2.86.1,Omicron (BA.2-like),199.0,2023-11-20,1867662,JN.1.4,Omicron (BA.2-like),185.0,2023-12-04,1854738,BA.2.86.1,Omicron (BA.2-like),379.031941899035,2023-05-24,False,2,14,0,False,5,0,,0,
1048297,SRR17847376,13,1,1,22993,23013,1,COVID-ARTIC-V3,.,2021-12-21,339050cd72e5,2,BA.1,Probable Omicron (Unassigned),899.0000000006005,2021-12-20,1048296,BA.1,Probable Omicron (Unassigned),898.0,2021-12-21,1016234,BA.1.1,Omicron (BA.1-like),907.0,2021-12-12,1045383,BA.1.1,Omicron (BA.1-like),899.0000000007005,2021-12-20,3399042,BA.1,Probable Omicron (Unassigned),899.0000000005004,2021-12-20,871714,BA.1,Omicron (BA.1-like),1011.137026065978,2021-08-30,False,0,12,6,True,7,0,,0,
500842,ERR6761008,1,1,1,22035,23039,0,COVID-AMPLISEQ-V1,3,2021-08-24,3efb2a294219,2,AY.4,Delta (AY.4-like),1035.531952245423,2021-08-06,500841,AY.4,Delta (AY.4-like),1017.0,2021-08-24,327908,AY.4,Delta (AY.4-like),1094.0000004070191,2021-06-08,401626,AY.4,Delta (AY.4-like),1046.0000000001,2021-07-26,500841,AY.4,Delta (AY.4-like),1017.0,2021-08-24,167127,B.1.617.2,Delta (B.1.617.2-like),1268.2440285999382,2020-12-16,False,0,1,6,False,6,0,,0,
1162085,SRR18978401,1,1,1,23014,23040,1,COVID-ARTIC-V3,.,2022-01-25,2b607b9b00a8,2,BA.1.1.18,Probable Omicron (Unassigned),876.2895472077082,2022-01-12,1162084,BA.1.1.18,Probable Omicron (Unassigned),863.0,2022-01-25,1022079,BA.1.1.18,Omicron (BA.1-like),905.0,2021-12-14,1061821,BA.1,Probable Omicron (Unassigned),892.0,2021-12-27,1162084,BA.1.1.18,Probable Omicron (Unassigned),863.0,2022-01-25,871714,BA.1,Omicron (BA.1-like),1011.137026065978,2021-08-30,False,2,13,7,True,7,0,,0,
508295,ERR6631004,1,1,1,22035,23043,2,COVID-AMPLISEQ-V1,3,2021-08-26,44cdbe400f79,2,AY.4,Delta (AY.4-like),1018.0,2021-08-23,508294,AY.4,Delta (AY.4-like),1015.0,2021-08-26,327908,AY.4,Delta (AY.4-like),1094.0000004070191,2021-06-08,498519,AY.4,Delta (AY.4-like),1018.0000000001,2021-08-23,508294,AY.4,Delta (AY.4-like),1015.0,2021-08-26,167127,B.1.617.2,Delta (B.1.617.2-like),1268.2440285999382,2020-12-16,False,0,-1,6,False,6,0,,0,
729836,ERR7239993,1,1,1,22035,23044,1,COVID-AMPLISEQ-V1,3,2021-10-16,77edd6808ce0,2,B.1.617.2,Delta (B.1.617.2-like),1015.468374616175,2021-08-26,729835,B.1.617.2,Delta (B.1.617.2-like),964.0,2021-10-16,335325,B.1.617.2,Delta (B.1.617.2-like),1246.8788256837183,2021-01-07,584469,B.1.617.2,Delta (B.1.617.2-like),1098.710009522203,2021-06-04,729835,B.1.617.2,Delta (B.1.617.2-like),964.0,2021-10-16,167127,B.1.617.2,Delta (B.1.617.2-like),1268.2440285999382,2020-12-16,False,0,1,4,False,5,0,,0,
1048223,SRR17510738,1,1,1,23041,23048,0,COVID-ARTIC-V3,.,2021-12-21,88710f3a36e0,2,BA.1.1.18,Omicron (BA.1-like),899.0,2021-12-20,1048222,BA.1.1.18,Omicron (BA.1-like),898.0,2021-12-21,1004806,BA.1.1.18,Omicron (BA.1-like),910.0000000002,2021-12-09,1045383,BA.1.1,Omicron (BA.1-like),899.0000000007005,2021-12-20,1048222,BA.1.1.18,Omicron (BA.1-like),898.0,2021-12-21,871714,BA.1,Omicron (BA.1-like),1011.137026065978,2021-08-30,False,1,10,4,True,4,0,,0,
136674,ERR5335088,3,2,1,22445,23063,3,COVID-ARTIC-V3,3,2021-02-02,181379d30a9d,3,B.1.1,.,1244.2610597942491,2021-01-09,136672,B.1.1,.,1220.0,2021-02-02,76697,B.1.36.39,.,1274.0,2020-12-10,84836,B.1.1.7,Alpha (B.1.1.7-like),1268.0,2020-12-16,136672,B.1.1,.,1220.0,2021-02-02,68,B.1,.,1591.6612163418586,2020-01-28,True,4,22,20,True,22,0,,1,mnS3
1042123,ERR7889430,1,1,1,22214,23120,2,COVID-ARTIC-V4.1,.,2021-12-19,b917ff41af51,2,AY.124,Delta (B.1.617.2-like),912.3083321235728,2021-12-07,1042122,AY.124,Delta (B.1.617.2-like),900.0,2021-12-19,881653,AY.124,Delta (B.1.617.2-like),933.0,2021-11-16,378360,B.1.617.2,Delta (B.1.617.2-like),1205.5471753410864,2021-02-17,1042122,AY.124,Delta (B.1.617.2-like),900.0,2021-12-19,167127,B.1.617.2,Delta (B.1.617.2-like),1268.2440285999382,2020-12-16,False,1,14,6,True,8,0,,0,
1819853,SRR24795823,7,1,1,22996,23123,3,COVID-ARTIC-V4.1,.,2023-05-11,af15068a79e1,2,XBB.1.16,Omicron (XBB-like),402.67232453731,2023-05-01,1819852,XBB.1.16,Omicron (XBB-like),392.0000000001,2023-05-11,1797200,XBB.1.16.20,Omicron (XBB.1.16-like),446.0000000003,2023-03-18,1762644,XBB.2.3,Omicron (XBB-like),610.2887114967414,2022-10-05,1819852,XBB.1.16,Omicron (XBB-like),392.0000000001,2023-05-11,1673437,XBB,Omicron (XBB-like),747.5583239157871,2022-05-21,True,5,11,8,True,9,0,,0,
1224495,SRR18310219,1,1,1,23049,23202,1,COVID-ARTIC-V3,.,2022-02-07,7826b6471592,2,BA.1,Omicron (BA.1-like),862.7008709491857,2022-01-26,1224494,BA.1,Omicron (BA.1-like),850.0,2022-02-07,1095085,XM,Omicron (Unassigned),915.1297285279544,2021-12-04,1154247,BA.1,Omicron (BA.1-like),864.0,2022-01-24,1224494,BA.1,Omicron (BA.1-like),850.0,2022-02-07,871728,B.1.1.529,Omicron (Unassigned),1333.8575128682105,2020-10-12,False,2,13,9,True,9,0,,0,
935778,SRR20179132,1,1,1,22035,23248,2,COVID-AMPLISEQ-V1,.,2021-11-26,cced8ec92d58,2,AY.125,Delta (B.1.617.2-like),936.4558090836156,2021-11-13,935777,AY.125,Delta (B.1.617.2-like),923.0,2021-11-26,499034,AY.125,Delta (B.1.617.2-like),1060.0,2021-07-12,866662,AY.125,Delta (B.1.617.2-like),937.0,2021-11-12,935777,AY.125,Delta (B.1.617.2-like),923.0,2021-11-26,167127,B.1.617.2,Delta (B.1.617.2-like),1268.2440285999382,2020-12-16,False,0,1,4,False,6,0,,0,
1037384,SRR17418578,1,1,1,19907,23284,1,COVID-ARTIC-V3,.,2021-12-17,f7c5e24bf341,2,AY.3,Delta (B.1.617.2-like),926.6876437540903,2021-11-23,1037383,AY.3,Delta (B.1.617.2-like),902.0,2021-12-17,517835,AY.3,Delta (B.1.617.2-like),1036.0,2021-08-05,512051,AY.103,Delta (B.1.617.2-like),1015.0000000001,2021-08-26,1037383,AY.3,Delta (B.1.617.2-like),902.0,2021-12-17,167127,B.1.617.2,Delta (B.1.617.2-like),1268.2440285999382,2020-12-16,False,2,8,7,True,7,0,,0,
631971,SRR16518465,1,1,1,21847,23284,2,COVID-ARTIC-V3,.,2021-09-22,9c16a55404e4,2,AY.3,Delta (B.1.617.2-like),1010.1954986677076,2021-08-31,631970,AY.3,Delta (B.1.617.2-like),988.0,2021-09-22,517958,AY.119,Delta (B.1.617.2-like),1066.0000000001,2021-07-06,296174,AY.3,Delta (B.1.617.2-like),1114.0000000006826,2021-05-19,631970,AY.3,Delta (B.1.617.2-like),988.0,2021-09-22,167127,B.1.617.2,Delta (B.1.617.2-like),1268.2440285999382,2020-12-16,True,2,6,5,True,7,0,,0,
1652396,SRR21794151,5,1,1,22793,23323,2,COVID-ARTIC-V4.1,.,2022-09-11,d0d6f54b7bb5,2,BA.5.1,Omicron (BA.5-like),649.423678874009,2022-08-27,1652395,BA.5.1,Omicron (BA.5-like),634.0,2022-09-11,1488809,BE.1,Omicron (BA.5-like),750.0,2022-05-18,1585829,BA.5.1,Omicron (BA.5-like),685.0,2022-07-22,1652395,BA.5.1,Omicron (BA.5-like),634.0,2022-09-11,1428716,BA.5,Omicron (BA.5-like),828.0000007252249,2022-03-01,False,4,9,7,True,9,0,,0,
1794225,ERR13079392,3,1,1,18889,23401,3,COVID-ARTIC-V3,.,2023-03-14,d9f38742ac2f,2,EG.1,Omicron (XBB.1-like),471.258467524565,2023-02-21,1794224,EG.1,Omicron (XBB.1-like),450.0,2023-03-14,1792229,FL.22,Omicron (XBB.1-like),548.6732176222033,2022-12-06,1743910,EG.1,Omicron (XBB.1-like),587.1450764604065,2022-10-28,1794224,EG.1,Omicron (XBB.1-like),450.0,2023-03-14,1699953,XBB.1.9,Omicron (XBB.1-like),669.9935037217681,2022-08-07,True,4,4,5,True,7,0,,0,
957191,ERR8213432,1,1,1,21899,23426,0,COVID-ARTIC-V4.1,4,2021-11-30,689f21332d7b,2,AY.43,Delta (B.1.617.2-like),923.0,2021-11-26,957190,AY.43,Delta (B.1.617.2-like),919.0,2021-11-30,919985,AY.43,Delta (B.1.617.2-like),928.0,2021-11-21,936196,AY.4,Delta (AY.4-like),923.0000000001,2021-11-26,957190,AY.43,Delta (B.1.617.2-like),919.0,2021-11-30,167127,B.1.617.2,Delta (B.1.617.2-like),1268.2440285999382,2020-12-16,True,2,19,10,True,19,0,,0,
487422,ERR6755418,2,1,1,18714,23481,0,COVID-ARTIC-V3,3,2021-08-20,0794cae81e9b,2,AY.4,Delta (AY.4-like),1039.0,2021-08-02,487421,AY.4,Delta (AY.4-like),1021.0,2021-08-20,427100,AY.4,Delta (AY.4-like),1039.0000000001,2021-08-02,425954,AY.4,Delta (AY.4-like),1067.0,2021-07-05,487421,AY.4,Delta (AY.4-like),1021.0,2021-08-20,175379,AY.4,Delta (AY.4-like),1220.2147994378952,2021-02-02,False,0,9,5,True,5,0,,0,
1681396,SRR22011605,1,1,1,22600,23535,3,COVID-ARTIC-V4.1,.,2022-10-08,1a7be60c8303,2,BA.5,Omicron (BA.5-like),629.7666842922788,2022-09-16,1681395,BA.5,Omicron (BA.5-like),607.0,2022-10-08,1519067,BA.4.6,Omicron (BA.4-like),765.0,2022-05-03,1523262,BE.4,Omicron (BA.5-like),724.0000000003001,2022-06-13,1681395,BA.5,Omicron (BA.5-like),607.0,2022-10-08,871725,BA.4,Omicron (BA.4-like),881.0000000002001,2022-01-07,True,6,8,11,True,8,0,,0,
1634051,SRR21539321,7,1,1,22600,23535,3,COVID-ARTIC-V4.1,.,2022-08-26,db422dcaf72c,2,BA.5.1,Omicron (BA.5-like),659.1540659535787,2022-08-17,1634050,BA.5.1,Omicron (BA.5-like),650.0,2022-08-26,1539731,BA.4.6,Omicron (BA.4-like),710.0000000002001,2022-06-27,1604209,BA.5.1,Omicron (BA.5-like),675.0,2022-08-01,1634050,BA.5.1,Omicron (BA.5-like),650.0,2022-08-26,871725,BA.4,Omicron (BA.4-like),881.0000000002001,2022-01-07,False,4,7,12,True,7,0,,0,
797174,SRR20757449,5,1,1,17237,23551,3,COVID-ARTIC-V3,.,2021-10-31,6fbeb6664fc1,2,B.1.617.2,Delta (B.1.617.2-like),971.2894950682664,2021-10-09,797173,B.1.617.2,Delta (B.1.617.2-like),949.0000000001,2021-10-31,422992,AY.103,Delta (B.1.617.2-like),1099.855703784399,2021-06-03,453336,AY.44,Delta (B.1.617.2-like),1083.0000000001005,2021-06-19,797173,B.1.617.2,Delta (B.1.617.2-like),949.0000000001,2021-10-31,167127,B.1.617.2,Delta (B.1.617.2-like),1268.2440285999382,2020-12-16,False,2,8,7,True,8,0,,0,
869673,SRR20261293,1,1,1,22035,23664,3,COVID-AMPLISEQ-V1,.,2021-11-13,4cfaf370bc39,2,AY.39,Delta (B.1.617.2-like),948.5095290842388,2021-11-01,869672,AY.39,Delta (B.1.617.2-like),936.0,2021-11-13,499109,AY.39,Delta (B.1.617.2-like),1107.2690357668582,2021-05-26,761388,AY.39,Delta (B.1.617.2-like),957.0,2021-10-23,869672,AY.39,Delta (B.1.617.2-like),936.0,2021-11-13,167127,B.1.617.2,Delta (B.1.617.2-like),1268.2440285999382,2020-12-16,False,0,-1,4,False,7,0,,0,
1185151,ERR8504703,1,1,1,10324,23664,1,COVID-ARTIC-V4.1,4.1alt,2022-01-31,9af25b2b3062,2,BA.1,Omicron (BA.1-like),866.0,2022-01-22,1185150,BA.1,Omicron (BA.1-like),857.0,2022-01-31,1158746,BA.1.15.1,Omicron (BA.1-like),903.0,2021-12-16,1146490,BA.1.17.2,Omicron (BA.1-like),866.0000000001,2022-01-22,1185150,BA.1,Omicron (BA.1-like),857.0,2022-01-31,871714,BA.1,Omicron (BA.1-like),1011.137026065978,2021-08-30,False,4,9,5,True,6,0,,0,
1818668,SRR25985777,2,1,1,23043,23674,3,COVID-ARTIC-V4.1,.,2023-05-06,439603ad553a,2,XBB.1.16,Omicron (XBB.1-like),423.0,2023-04-10,1818667,XBB.1.16,Omicron (XBB.1-like),397.0,2023-05-06,1810080,XBB.1.16.20,Omicron (XBB.1.16-like),423.0000000001,2023-04-10,1774106,XBB.1.5,Omicron (XBB.1.5-like),473.0,2023-02-19,1818667,XBB.1.16,Omicron (XBB.1-like),397.0,2023-05-06,1675918,XBB.1,Omicron (XBB.1-like),695.2997348629449,2022-07-12,True,3,11,6,True,7,0,,0,
864962,SRR20251374,2,1,1,22035,23683,2,COVID-AMPLISEQ-V1,.,2021-11-12,c15b41ea8daa,2,AY.113,Delta (B.1.617.2-like),939.0,2021-11-10,864961,AY.113,Delta (B.1.617.2-like),937.0,2021-11-12,373989,AY.113,Delta (B.1.617.2-like),1073.0000000002,2021-06-29,852931,AY.113,Delta (B.1.617.2-like),939.0000000001,2021-11-10,864961,AY.113,Delta (B.1.617.2-like),937.0,2021-11-12,167127,B.1.617.2,Delta (B.1.617.2-like),1268.2440285999382,2020-12-16,False,0,0,4,False,6,0,,0,
584675,ERR6838550,1,1,1,22035,23683,2,COVID-AMPLISEQ-V1,3,2021-09-12,b79f183d6104,2,AY.4,Delta (AY.4-like),1014.1066405580668,2021-08-27,584674,AY.4,Delta (AY.4-like),998.0,2021-09-12,387626,AY.4,Delta (AY.4-like),1094.0000003569826,2021-06-08,461218,AY.4,Delta (AY.4-like),1030.0,2021-08-11,584674,AY.4,Delta (AY.4-like),998.0,2021-09-12,167127,B.1.617.2,Delta (B.1.617.2-like),1268.2440285999382,2020-12-16,True,0,-1,4,False,6,0,,0,
1575595,ERR12968037,2,1,1,16936,23707,1,COVID-ARTIC-V3,.,2022-07-16,f5a2394aea5f,2,BA.5.2,Omicron (BA.5-like),699.7304742757536,2022-07-08,1575594,BA.5.2,Omicron (BA.5-like),691.0,2022-07-16,1553788,BA.5.2.20,Omicron (BA.5-like),702.0,2022-07-05,1558525,BE.1.1,Omicron (BA.5-like),718.2495160645353,2022-06-19,1575594,BA.5.2,Omicron (BA.5-like),691.0,2022-07-16,1428716,BA.5,Omicron (BA.5-like),828.0000007252249,2022-03-01,True,6,9,7,True,5,0,,0,
1595800,ERR12979795,2,1,1,18569,23707,1,COVID-ARTIC-V3,.,2022-07-27,98e9cda5d91a,2,BA.5.2,Omicron (BA.5-like),686.0,2022-07-21,1595799,BA.5.2,Omicron (BA.5-like),680.0,2022-07-27,1584484,BA.5.1.25,Omicron (BA.5-like),686.0000000001,2022-07-21,1501228,BA.5.2.20,Omicron (BA.5-like),782.0006053448299,2022-04-16,1595799,BA.5.2,Omicron (BA.5-like),680.0,2022-07-27,1428716,BA.5,Omicron (BA.5-like),828.0000007252249,2022-03-01,True,4,5,7,True,5,0,,0,
757055,SRR20260044,1,1,1,22035,23725,3,COVID-AMPLISEQ-V1,.,2021-10-22,9c43d6918226,2,AY.39,Delta (B.1.617.2-like),990.096757719156,2021-09-20,757054,AY.39,Delta (B.1.617.2-like),958.0,2021-10-22,325023,AY.39,Delta (B.1.617.2-like),1211.7252540738714,2021-02-11,414081,AY.39,Delta (B.1.617.2-like),1043.0000000003,2021-07-29,757054,AY.39,Delta (B.1.617.2-like),958.0,2021-10-22,167127,B.1.617.2,Delta (B.1.617.2-like),1268.2440285999382,2020-12-16,False,0,2,4,False,7,0,,0,
1825916,SRR25656023,8,1,1,23124,23757,1,COVID-VARSKIP-V1a-2b,.,2023-07-05,7ee446e14992,2,XCQ,Omicron (XBB.1-like),348.3317871406598,2023-06-24,1825915,XCQ,Omicron (XBB.1-like),337.0,2023-07-05,1822334,XBB.2.3.15,Omicron (XBB-like),372.0000000001,2023-05-31,1762693,XBB.1.5.15,Omicron (XBB.1.5-like),534.8455676664877,2022-12-20,1825915,XCQ,Omicron (XBB.1-like),337.0,2023-07-05,1673437,XBB,Omicron (XBB-like),747.5583239157871,2022-05-21,True,6,9,4,True,5,0,,0,
468453,SRR16602278,1,1,1,22228,23758,0,COVID-ARTIC-V3,.,2021-08-13,cb72f166ab4e,2,B.1.617.2,Delta (B.1.617.2-like),1048.0,2021-07-24,468452,B.1.617.2,Delta (B.1.617.2-like),1028.0,2021-08-13,369344,AY.26,Delta (B.1.617.2-like),1094.5123474675074,2021-06-08,419111,AY.20,Delta (B.1.617.2-like),1048.0000000001,2021-07-24,468452,B.1.617.2,Delta (B.1.617.2-like),1028.0,2021-08-13,167135,B.1.617.2,Delta (B.1.617.2-like),1454.533651447372,2020-06-13,False,2,25,8,True,7,0,,0,
1887292,SRR28439091,1,1,1,21642,23765,0,COVID-ARTIC-V5.0-5.3.2_400,.,2024-02-20,16f1bb5c7dbd,2,JN.1.4,Omicron (BA.2-like),117.57719302351228,2024-02-10,1887291,JN.1.4,Omicron (BA.2-like),107.0,2024-02-20,1861120,JN.1.4,Omicron (BA.2-like),230.8341377382177,2023-10-20,1883432,JN.1.4.5,Omicron (BA.2-like),128.0,2024-01-30,1887291,JN.1.4,Omicron (BA.2-like),107.0,2024-02-20,1855174,JN.1,Omicron (BA.2-like),232.0060237451545,2023-10-18,False,1,3,5,False,5,0,,0,
1508499,ERR12973126,8,1,1,22675,23767,3,COVID-ARTIC-V3,.,2022-06-03,7d08dac601fa,2,BA.2,Omicron (BA.2-like),743.5065663310477,2022-05-25,1508498,BA.2,Omicron (BA.2-like),734.0,2022-06-03,1464491,BA.2.9,Omicron (BA.2-like),769.0,2022-04-29,1506651,BA.2.44,Omicron (BA.2-like),780.9224136461278,2022-04-18,1508498,BA.2,Omicron (BA.2-like),734.0,2022-06-03,932307,BA.2,Omicron (BA.2-like),961.3848488130328,2021-10-19,False,2,7,5,True,8,0,,0,
1047849,ERR8226498,1,1,1,23605,23854,0,COVID-ARTIC-V4.1,.,2021-12-21,74b8fe31faed,2,BA.1,Omicron (BA.1-like),903.0,2021-12-16,1047848,BA.1,Omicron (BA.1-like),898.0,2021-12-21,1028115,BA.1,Omicron (BA.1-like),904.0,2021-12-15,1031697,BA.1.17.2,Omicron (BA.1-like),903.0000000001,2021-12-16,1047848,BA.1,Omicron (BA.1-like),898.0,2021-12-21,871714,BA.1,Omicron (BA.1-like),1011.137026065978,2021-08-30,False,2,12,6,True,5,0,,0,
608500,ERR6886412,1,1,1,22035,23939,3,COVID-AMPLISEQ-V1,3,2021-09-17,d1b7ab5ff171,2,AY.4,Delta (AY.4-like),1007.9466752961454,2021-09-03,608499,AY.4,Delta (AY.4-like),993.0,2021-09-17,327908,AY.4,Delta (AY.4-like),1094.0000004070191,2021-06-08,539570,AY.4,Delta (AY.4-like),1055.0,2021-07-17,608499,AY.4,Delta (AY.4-like),993.0,2021-09-17,167127,B.1.617.2,Delta (B.1.617.2-like),1268.2440285999382,2020-12-16,False,0,-1,4,False,7,0,,0,
1549911,SRR20638733,2,1,1,21647,23948,0,COVID-ARTIC-V4.1,.,2022-07-03,b2a4ab2ead6f,2,BA.4,Omicron (BA.4-like),729.2285966506312,2022-06-08,1549910,BA.4,Omicron (BA.4-like),704.0,2022-07-03,1507571,BA.5.2,Omicron (BA.5-like),782.0,2022-04-16,1444574,BA.4.1,Omicron (BA.4-like),780.0000000001,2022-04-18,1549910,BA.4,Omicron (BA.4-like),704.0,2022-07-03,871725,BA.4,Omicron (BA.4-like),881.0000000002001,2022-01-07,False,4,6,10,True,5,0,,1,MNM3
1328694,SRR20517731,2,1,1,23072,23948,3,COVID-ARTIC-V4.1,.,2022-03-06,f9afda04414a,2,BA.1.1,Omicron (BA.1-like),832.4176186325033,2022-02-25,1328693,BA.1.1,Omicron (BA.1-like),823.0,2022-03-06,1237095,BA.1.1,Omicron (BA.1-like),848.0,2022-02-09,1215507,BA.1.1,Omicron (BA.1-like),852.0,2022-02-05,1328693,BA.1.1,Omicron (BA.1-like),823.0,2022-03-06,932477,BA.1.1,Omicron (BA.1-like),991.2778246860324,2021-09-19,False,0,6,3,False,7,0,,1,MNM3
747259,ERR7239232,1,1,1,22035,23959,2,COVID-AMPLISEQ-V1,3,2021-10-20,0ca400ab78a2,2,AY.4,Delta (AY.4-like),981.0,2021-09-29,747258,AY.4,Delta (AY.4-like),960.0,2021-10-20,327908,AY.4,Delta (AY.4-like),1094.0000004070191,2021-06-08,685773,AY.4,Delta (AY.4-like),981.0000000001,2021-09-29,747258,AY.4,Delta (AY.4-like),960.0,2021-10-20,167127,B.1.617.2,Delta (B.1.617.2-like),1268.2440285999382,2020-12-16,False,0,-1,4,False,6,0,,0,
1024107,SRR20117201,1,1,1,23636,23987,1,COVID-AMPLISEQ-V1,.,2021-12-14,2b018422a958,2,AY.119,Delta (B.1.617.2-like),919.8886842101692,2021-11-30,1024106,AY.119,Delta (B.1.617.2-like),905.0,2021-12-14,912114,AY.119,Delta (B.1.617.2-like),975.5819609795956,2021-10-05,810324,AY.103,Delta (B.1.617.2-like),947.0,2021-11-02,1024106,AY.119,Delta (B.1.617.2-like),905.0,2021-12-14,167127,B.1.617.2,Delta (B.1.617.2-like),1268.2440285999382,2020-12-16,False,2,16,6,True,7,0,,0,
1362101,ERR9404277,1,1,1,23203,24130,0,COVID-ARTIC-V4.1,4.1alt,2022-03-16,c3a8c5943ed8,2,BA.2,Omicron (BA.2-like),842.3112466530376,2022-02-15,1362100,BA.2,Omicron (BA.2-like),813.0,2022-03-16,1158862,BA.2,Omicron (BA.2-like),885.0,2022-01-03,1149197,BA.1,Omicron (BA.1-like),1011.1370260661782,2021-08-30,1362100,BA.2,Omicron (BA.2-like),813.0,2022-03-16,871728,B.1.1.529,Omicron (Unassigned),1333.8575128682105,2020-10-12,True,2,39,7,True,4,0,,0,
1323162,ERR9262073,1,1,1,23203,24130,0,COVID-ARTIC-V4.1,4.1alt,2022-03-04,dc8e5fd2dd33,2,BA.2,Omicron (BA.2-like),846.6829199891235,2022-02-11,1323161,BA.2,Omicron (BA.2-like),825.0,2022-03-04,1092502,BA.2.1,Omicron (BA.2-like),921.6925407027422,2021-11-28,1083596,BA.1.15,Omicron (BA.1-like),884.0,2022-01-04,1323161,BA.2,Omicron (BA.2-like),825.0,2022-03-04,871728,B.1.1.529,Omicron (Unassigned),1333.8575128682105,2020-10-12,True,4,42,10,True,6,0,,0,
820151,SRR19279475,1,1,1,18487,24208,1,COVID-ARTIC-V3,.,2021-11-04,08ad5e124e02,2,AY.44,Delta (B.1.617.2-like),956.653407600778,2021-10-24,820150,AY.44,Delta (B.1.617.2-like),945.0,2021-11-04,743819,AY.44,Delta (B.1.617.2-like),961.0,2021-10-19,748753,AY.103,Delta (B.1.617.2-like),960.0000000001,2021-10-20,820150,AY.44,Delta (B.1.617.2-like),945.0,2021-11-04,167127,B.1.617.2,Delta (B.1.617.2-like),1268.2440285999382,2020-12-16,False,2,11,4,True,5,0,,0,
485108,SRR15777646,8,1,1,22802,24208,3,COVID-ARTIC-V3,.,2021-08-19,e424a38b3a1d,2,AY.75,Delta (B.1.617.2-like),1041.4600993220922,2021-07-31,485107,AY.75,Delta (B.1.617.2-like),1022.0,2021-08-19,282372,AY.75,Delta (B.1.617.2-like),1127.0000000004002,2021-05-06,417558,AY.103,Delta (B.1.617.2-like),1072.0000000001,2021-06-30,485107,AY.75,Delta (B.1.617.2-like),1022.0,2021-08-19,167135,B.1.617.2,Delta (B.1.617.2-like),1454.533651447372,2020-06-13,False,2,17,8,True,10,0,,0,
756874,SRR19242653,1,1,1,21596,24208,1,COVID-ARTIC-V3,.,2021-10-22,d7f134e78829,2,AY.3,Delta (B.1.617.2-like),976.7364632794852,2021-10-04,756873,AY.3,Delta (B.1.617.2-like),958.0,2021-10-22,734907,AY.103,Delta (B.1.617.2-like),1016.2503998169336,2021-08-25,716134,AY.3,Delta (B.1.617.2-like),1046.4269750359506,2021-07-26,756873,AY.3,Delta (B.1.617.2-like),958.0,2021-10-22,167127,B.1.617.2,Delta (B.1.617.2-like),1268.2440285999382,2020-12-16,False,2,14,5,True,6,0,,0,
585895,SRR16241365,1,1,1,22315,24208,3,COVID-ARTIC-V3,.,2021-09-12,d827abfc2af1,2,B.1.617.2,Delta (B.1.617.2-like),1012.224933593694,2021-08-29,585894,B.1.617.2,Delta (B.1.617.2-like),998.0,2021-09-12,371965,AY.103,Delta (B.1.617.2-like),1072.0000000002,2021-06-30,529206,AY.98.1,Delta (B.1.617.2-like),1031.0,2021-08-10,585894,B.1.617.2,Delta (B.1.617.2-like),998.0,2021-09-12,167127,B.1.617.2,Delta (B.1.617.2-like),1268.2440285999382,2020-12-16,False,3,13,6,True,8,0,,0,
533351,SRR15986193,1,1,1,20629,24208,3,COVID-ARTIC-V3,.,2021-08-31,702a5c83b3e0,2,AY.44,Delta (B.1.617.2-like),1020.8796960449356,2021-08-21,533350,AY.44,Delta (B.1.617.2-like),1010.0,2021-08-31,483052,AY.44,Delta (B.1.617.2-like),1023.0,2021-08-18,479824,AY.103,Delta (B.1.617.2-like),1137.9753650836742,2021-04-26,533350,AY.44,Delta (B.1.617.2-like),1010.0,2021-08-31,167127,B.1.617.2,Delta (B.1.617.2-like),1268.2440285999382,2020-12-16,False,2,8,5,True,8,0,,0,
709750,SRR16835517,1,1,1,18658,24208,0,COVID-ARTIC-V3,.,2021-10-11,bfa67522f91f,2,AY.103,Delta (B.1.617.2-like),976.0,2021-10-04,709749,AY.103,Delta (B.1.617.2-like),969.0,2021-10-11,679255,AY.103,Delta (B.1.617.2-like),976.0000000002,2021-10-04,356332,AY.44,Delta (B.1.617.2-like),1065.0000000003,2021-07-07,709749,AY.103,Delta (B.1.617.2-like),969.0,2021-10-11,167127,B.1.617.2,Delta (B.1.617.2-like),1268.2440285999382,2020-12-16,False,2,11,8,True,8,0,,0,
573306,SRR16239288,1,1,1,17237,24208,0,COVID-ARTIC-V3,.,2021-09-09,c2d09beb0801,2,AY.25,Delta (B.1.617.2-like),1022.3167543849322,2021-08-19,573305,AY.25,Delta (B.1.617.2-like),1001.0,2021-09-09,374716,AY.103,Delta (B.1.617.2-like),1122.3517644638855,2021-05-11,532104,AY.25.1,Delta (B.1.617.2-like),1049.4382568964236,2021-07-23,573305,AY.25,Delta (B.1.617.2-like),1001.0,2021-09-09,167127,B.1.617.2,Delta (B.1.617.2-like),1268.2440285999382,2020-12-16,False,3,5,5,True,4,0,,0,
1209421,SRR18257624,1,1,1,22205,24223,1,COVID-ARTIC-V3,.,2022-02-04,2c8cf90c2f10,2,BA.1.1,Omicron (BA.1-like),857.0,2022-01-31,1209420,BA.1.1,Omicron (BA.1-like),853.0,2022-02-04,1158292,BA.1.1,Omicron (BA.1-like),864.0,2022-01-24,1189486,BA.1.1,Omicron (BA.1-like),857.0000000001,2022-01-31,1209420,BA.1.1,Omicron (BA.1-like),853.0,2022-02-04,871714,BA.1,Omicron (BA.1-like),1011.137026065978,2021-08-30,False,0,3,3,False,5,0,,1,MNM2
655432,SRR16483630,54,1,1,22228,24319,1,COVID-ARTIC-V3,.,2021-09-28,a7f6d84ac22f,2,AY.75,Delta (B.1.617.2-like),997.623809159054,2021-09-13,655431,AY.75,Delta (B.1.617.2-like),982.0,2021-09-28,447697,AY.75,Delta (B.1.617.2-like),1103.97590640666,2021-05-30,501344,AY.25.1,Delta (B.1.617.2-like),1017.0,2021-08-24,655431,AY.75,Delta (B.1.617.2-like),982.0,2021-09-28,167135,B.1.617.2,Delta (B.1.617.2-like),1454.533651447372,2020-06-13,True,3,25,9,True,9,0,,0,
46908,ERR4803482,1,1,1,21615,24334,0,COVID-ARTIC-V3,3,2020-10-19,15556f53f6fe,2,B.1.177,.,1344.178543508797,2020-10-01,46907,B.1.177,.,1326.0,2020-10-19,36780,B.1.177,.,1351.0000000001,2020-09-24,37985,B.1.177,.,1348.0,2020-09-27,46907,B.1.177,.,1326.0,2020-10-19,25441,B.1.177,.,1493.5297529163468,2020-05-05,False,0,6,6,True,6,0,,0,
1875330,ERR12522900,1,1,1,23605,24378,1,COVID-ARTIC-V4.1,.,2023-12-27,8fa8c87bd42d,2,BA.2.86.1,Omicron (BA.2-like),195.6970311720011,2023-11-24,1875329,BA.2.86.1,Omicron (BA.2-like),162.0,2023-12-27,1857777,JN.1.4,Omicron (BA.2-like),222.4103891002128,2023-10-28,1833858,HV.1,Omicron (XBB.1-like),288.0,2023-08-23,1875329,BA.2.86.1,Omicron (BA.2-like),162.0,2023-12-27,965896,BA.2.5,Omicron (BA.2-like),961.3848488131327,2021-10-19,True,15,63,17,True,65,0,,0,
1883276,ERR12658284,1,1,1,13428,24442,0,COVID-ARTIC-V4.1,.,2024-01-30,6a012cffcfc5,2,JN.1,Omicron (BA.2-like),145.58191278768209,2024-01-13,1883275,JN.1,Omicron (BA.2-like),128.0,2024-01-30,1881864,JN.1,Omicron (BA.2-like),164.32324028906126,2023-12-25,1879209,JN.1.1,Omicron (BA.2-like),185.0217948854245,2023-12-04,1883275,JN.1,Omicron (BA.2-like),128.0,2024-01-30,1854737,JN.1,Omicron (BA.2-like),277.3437240397046,2023-09-03,False,1,8,4,True,4,0,,0,
1859647,ERR13321417,1,1,1,22931,24604,3,COVID-ARTIC-V5.0-5.3.2_400,.,2023-11-13,37dd70842d00,2,HK.13.1,Omicron (XBB.1-like),225.11702143483723,2023-10-25,1859646,HK.13.1,Omicron (XBB.1-like),206.0,2023-11-13,1858684,HK.13.1,Omicron (XBB.1-like),303.6821204111245,2023-08-08,1846600,JD.1,Omicron (XBB.1.5-like),464.17183275412697,2023-02-28,1859646,HK.13.1,Omicron (XBB.1-like),206.0,2023-11-13,1675918,XBB.1,Omicron (XBB.1-like),695.2997348629449,2022-07-12,True,10,13,7,True,10,0,,0,
1589703,SRR21042300,1,1,1,12311,24620,0,COVID-ARTIC-V4.1,.,2022-07-24,413f59d56df4,2,BF.5,Omicron (BA.5-like),715.1814462034782,2022-06-22,1589702,BF.5,Omicron (BA.5-like),683.0,2022-07-24,1579935,BA.5.2,Omicron (BA.5-like),748.1368944000099,2022-05-20,1490108,BF.5,Omicron (BA.5-like),813.3864903490515,2022-03-16,1589702,BF.5,Omicron (BA.5-like),683.0,2022-07-24,1441168,BA.5.2,Omicron (BA.5-like),828.0000003931715,2022-03-01,True,2,4,4,True,4,0,,0,
1597949,SRR21394554,3,1,1,11139,24620,1,COVID-ARTIC-V4.1,.,2022-07-29,63fa581d4095,2,BF.5,Omicron (BA.5-like),732.0000000001,2022-06-05,1597948,BF.5,Omicron (BA.5-like),678.0,2022-07-29,1509877,BA.5.1.1,Omicron (BA.5-like),732.0000000002001,2022-06-05,1490108,BF.5,Omicron (BA.5-like),813.3864903490515,2022-03-16,1668444,BF.5,Omicron (BA.5-like),732.0,2022-06-05,1428716,BA.5,Omicron (BA.5-like),828.0000007252249,2022-03-01,False,5,4,9,True,5,0,,0,
1667113,SRR21898564,46,1,1,23020,24620,1,COVID-ARTIC-V4.1,.,2022-09-22,92adb8492b87,2,XBD,Omicron (BA.2-like),738.2081142543586,2022-05-30,1667112,XBD,Omicron (BA.2-like),623.0,2022-09-22,1619113,BA.2.75.2,Omicron (BA.2-like),760.3201996241901,2022-05-08,1462005,BA.5.2.1,Omicron (BA.5-like),828.0000003928448,2022-03-01,1681759,XBD,Omicron (BA.2-like),706.0063199271855,2022-07-01,871726,BA.2,Omicron (BA.2-like),961.3848488132328,2021-10-19,True,6,23,12,True,9,0,,0,
1553956,SRR20662983,1,1,1,15373,24620,1,COVID-ARTIC-V4.1,.,2022-07-05,336135f150c7,2,BF.5,Omicron (BA.5-like),713.632882889612,2022-06-24,1553955,BF.5,Omicron (BA.5-like),702.0,2022-07-05,1514960,BA.5,Omicron (BA.5-like),729.0,2022-06-08,1490108,BF.5,Omicron (BA.5-like),813.3864903490515,2022-03-16,1553955,BF.5,Omicron (BA.5-like),702.0,2022-07-05,1437565,BA.5,Omicron (BA.5-like),828.0000003932715,2022-03-01,True,3,7,6,True,7,0,,0,
832282,ERR7379152,1,1,1,22035,24620,1,COVID-AMPLISEQ-V1,3,2021-11-07,0ef2d38adfc1,2,AY.4,Delta (AY.4-like),959.4682469301237,2021-10-21,832281,AY.4,Delta (AY.4-like),942.0,2021-11-07,654970,AY.4,Delta (AY.4-like),1021.0,2021-08-20,740380,AY.4,Delta (AY.4-like),1004.0,2021-09-06,832281,AY.4,Delta (AY.4-like),942.0,2021-11-07,167127,B.1.617.2,Delta (B.1.617.2-like),1268.2440285999382,2020-12-16,False,0,0,4,False,5,0,,0,
1619628,SRR21369737,6,1,1,19525,24620,2,COVID-ARTIC-V4.1,.,2022-08-14,431a2d8e6f06,2,BA.5.1,Omicron (BA.5-like),675.3430164898975,2022-08-01,1619627,BA.5.1,Omicron (BA.5-like),662.0,2022-08-14,1600086,BF.5,Omicron (BA.5-like),677.0,2022-07-30,1563436,BA.5.1.10,Omicron (BA.5-like),735.636719762859,2022-06-02,1630626,BA.5.1,Omicron (BA.5-like),675.3430164897975,2022-08-01,1428716,BA.5,Omicron (BA.5-like),828.0000007252249,2022-03-01,True,5,5,10,True,7,0,,0,
1699023,SRR22295349,1,1,1,19525,24620,3,COVID-ARTIC-V4.1,.,2022-10-28,dd32af74ba2c,2,BA.5.2.1,Omicron (BA.5-like),607.3144937392818,2022-10-08,1699022,BA.5.2.1,Omicron (BA.5-like),587.0,2022-10-28,1509875,BF.5,Omicron (BA.5-like),770.3920792000525,2022-04-28,1644318,BA.5.2.1,Omicron (BA.5-like),641.0,2022-09-04,1699022,BA.5.2.1,Omicron (BA.5-like),587.0,2022-10-28,1441088,BA.5.2.1,Omicron (BA.5-like),828.0000003930714,2022-03-01,True,1,6,4,True,7,0,,0,
360883,ERR6331630,6,1,1,20263,24700,0,COVID-ARTIC-V3,3,2021-07-10,5c9c232aea3b,2,AY.5,Delta (B.1.617.2-like),1097.495951158351,2021-06-05,360882,AY.5,Delta (B.1.617.2-like),1062.0,2021-07-10,340065,AY.5,Delta (B.1.617.2-like),1110.0000000001,2021-05-23,234933,B.1.617.2,Delta (B.1.617.2-like),1296.921763930914,2020-11-18,360882,AY.5,Delta (B.1.617.2-like),1062.0,2021-07-10,167135,B.1.617.2,Delta (B.1.617.2-like),1454.533651447372,2020-06-13,False,1,19,5,True,5,0,,0,
1672310,SRR21889546,1,1,1,23684,24745,1,COVID-ARTIC-V4.1,.,2022-09-28,345be9c8c6fb,2,BA.5.2,Omicron (BA.5-like),624.0,2022-09-21,1672309,BA.5.2,Omicron (BA.5-like),617.0,2022-09-28,1666035,BA.5.1,Omicron (BA.5-like),624.0000000001,2022-09-21,1620338,BA.5.2,Omicron (BA.5-like),773.585961616472,2022-04-25,1672309,BA.5.2,Omicron (BA.5-like),617.0,2022-09-28,1428716,BA.5,Omicron (BA.5-like),828.0000007252249,2022-03-01,False,2,11,6,True,7,0,,0,
747820,ERR7321043,1,1,1,22035,24757,2,COVID-AMPLISEQ-V1,3,2021-10-20,a0fadd05582d,2,AY.4,Delta (AY.4-like),969.0,2021-10-11,747819,AY.4,Delta (AY.4-like),960.0,2021-10-20,481945,AY.4,Delta (AY.4-like),1023.0,2021-08-18,707670,AY.4,Delta (AY.4-like),969.0000000001,2021-10-11,747819,AY.4,Delta (AY.4-like),960.0,2021-10-20,167127,B.1.617.2,Delta (B.1.617.2-like),1268.2440285999382,2020-12-16,False,0,0,4,False,6,0,,0,
756116,ERR7316343,1,1,1,22035,24766,1,COVID-ARTIC-V3,3,2021-10-22,739233a81caa,2,AY.4.2,Delta (AY.4.2-like),974.8262483537673,2021-10-06,756115,AY.4.2,Delta (AY.4.2-like),958.0,2021-10-22,513026,AY.4.2,Delta (AY.4.2-like),1094.000000337397,2021-06-08,716081,AY.4.2,Delta (AY.4.2-like),980.0000000002,2021-09-30,756115,AY.4.2,Delta (AY.4.2-like),958.0,2021-10-22,167127,B.1.617.2,Delta (B.1.617.2-like),1268.2440285999382,2020-12-16,False,0,0,4,False,5,0,,0,
589147,ERR6837989,1,1,1,22035,24780,1,COVID-AMPLISEQ-V1,3,2021-09-13,6e1911eaba8e,2,AY.4,Delta (AY.4-like),1018.9439185095488,2021-08-23,589146,AY.4,Delta (AY.4-like),997.0,2021-09-13,327752,AY.4,Delta (AY.4-like),1082.0000000001,2021-06-20,549375,AY.4,Delta (AY.4-like),1030.4442709889968,2021-08-11,589146,AY.4,Delta (AY.4-like),997.0,2021-09-13,167127,B.1.617.2,Delta (B.1.617.2-like),1268.2440285999382,2020-12-16,False,0,2,3,False,5,0,,0,
684355,SRR16373762,1,1,1,22228,24863,3,COVID-VARSKIP-V1a-2b,.,2021-10-05,301f9cf06983,2,B.1.617.2,Delta (B.1.617.2-like),989.9723957484756,2021-09-21,684354,B.1.617.2,Delta (B.1.617.2-like),975.0,2021-10-05,422277,AY.107,Delta (B.1.617.2-like),1041.0000000002,2021-07-31,409439,AY.75,Delta (B.1.617.2-like),1044.0000000001,2021-07-28,684354,B.1.617.2,Delta (B.1.617.2-like),975.0,2021-10-05,167135,B.1.617.2,Delta (B.1.617.2-like),1454.533651447372,2020-06-13,False,2,24,10,True,12,0,,0,
731301,SRR16672744,1,1,1,23759,24872,0,COVID-VARSKIP-V1a-2b,.,2021-10-16,3bd292f9b1bd,2,B.1.617.2,Delta (B.1.617.2-like),969.0,2021-10-11,731300,B.1.617.2,Delta (B.1.617.2-like),964.0,2021-10-16,613678,AY.3,Delta (B.1.617.2-like),992.0000000002,2021-09-18,710371,AY.20,Delta (B.1.617.2-like),969.0000000001,2021-10-11,731300,B.1.617.2,Delta (B.1.617.2-like),964.0,2021-10-16,167127,B.1.617.2,Delta (B.1.617.2-like),1268.2440285999382,2020-12-16,False,2,15,9,True,6,0,,0,
733976,SRR16899114,1,1,1,21847,24872,1,COVID-ARTIC-V3,.,2021-10-17,2088cdf34ab5,2,AY.44,Delta (B.1.617.2-like),978.0578299865184,2021-10-02,733975,AY.44,Delta (B.1.617.2-like),963.0,2021-10-17,578978,AY.44,Delta (B.1.617.2-like),1000.0000000001,2021-09-10,617768,AY.20,Delta (B.1.617.2-like),1017.4235245224278,2021-08-24,733975,AY.44,Delta (B.1.617.2-like),963.0,2021-10-17,167127,B.1.617.2,Delta (B.1.617.2-like),1268.2440285999382,2020-12-16,False,2,17,5,True,6,0,,0,
1671609,SRR21901029,3,1,1,22338,24919,3,COVID-ARTIC-V4.1,.,2022-09-27,8b6ea29050c5,2,BA.5,Omicron (BA.5-like),678.693014941159,2022-07-29,1671608,BA.5,Omicron (BA.5-like),618.0,2022-09-27,1555157,BE.1,Omicron (BA.5-like),701.0,2022-07-06,1549812,BF.4,Omicron (BA.5-like),704.0,2022-07-03,1671608,BA.5,Omicron (BA.5-like),618.0,2022-09-27,1428716,BA.5,Omicron (BA.5-like),828.0000007252249,2022-03-01,False,6,8,7,True,8,0,,0,
343835,ERR6310735,410,1,1,21847,24928,1,COVID-ARTIC-V3,3,2021-06-30,d8863aee4d57,2,AY.5,Delta (AY.4-like),1078.0,2021-06-24,343834,AY.5,Delta (AY.4-like),1072.0000000002,2021-06-30,304630,AY.4,Delta (AY.4-like),1103.0000000002,2021-05-30,332889,AY.5,Delta (B.1.617.2-like),1078.0000000001,2021-06-24,343834,AY.5,Delta (AY.4-like),1072.0000000002,2021-06-30,167127,B.1.617.2,Delta (B.1.617.2-like),1268.2440285999382,2020-12-16,False,2,6,4,True,5,0,,0,
823862,ERR7375444,1,1,1,22035,24985,2,COVID-AMPLISEQ-V1,3,2021-11-05,2de0b2a8d32e,2,AY.4,Delta (AY.4-like),947.0,2021-11-02,823861,AY.4,Delta (AY.4-like),944.0,2021-11-05,439605,AY.4,Delta (AY.4-like),1094.0,2021-06-08,805626,AY.4,Delta (AY.4-like),947.0000000001,2021-11-02,823861,AY.4,Delta (AY.4-like),944.0,2021-11-05,167127,B.1.617.2,Delta (B.1.617.2-like),1268.2440285999382,2020-12-16,False,0,0,5,False,7,0,,0,
1784320,ERR11029990,1,1,1,23402,25019,3,COVID-ARTIC-V4.1,.,2023-03-01,109c42038665,2,EZ.1,Omicron (BA.5-like),470.1659144984319,2023-02-22,1784319,EZ.1,Omicron (BA.5-like),463.0,2023-03-01,1756179,EZ.1,Omicron (BA.5-like),493.0,2023-01-30,1763625,CH.1.1.24,Omicron (BA.2-like),483.0,2023-02-09,1784319,EZ.1,Omicron (BA.5-like),463.0,2023-03-01,871726,BA.2,Omicron (BA.2-like),961.3848488132328,2021-10-19,True,19,39,15,True,43,0,,1,MNM3
1833719,SRR26042987,85,1,1,23674,25045,2,COVID-ARTIC-V4.1,.,2023-08-23,e019203c114b,2,XCR,Omicron (XBB.1.5-like),333.2486958839001,2023-07-09,1833718,XCR,Omicron (XBB.1.5-like),288.0,2023-08-23,1831720,GK.1.1,Omicron (XBB.1.5-like),488.14321916480367,2023-02-04,1820065,FU.1.1,Omicron (XBB.1.16-like),457.0,2023-03-07,1833718,XCR,Omicron (XBB.1.5-like),288.0,2023-08-23,1675918,XBB.1,Omicron (XBB.1-like),695.2997348629449,2022-07-12,True,8,18,11,True,12,0,,0,
1841603,SRR26170341,155,12,1,23674,25045,8,COVID-ARTIC-V4.1,.,2023-09-13,6228a34a3eb3,15,XCH,Omicron (XBB.1.5-like),276.00000000165653,2023-09-04,1841590,XCH,Omicron (XBB.1.5-like),273.0,2023-09-07,1831721,GK.1,Omicron (XBB.1.5-like),513.2002555529148,2023-01-10,1838060,FY.2,Omicron (XBB.1-like),276.0000000017565,2023-09-04,1844332,XCH,Omicron (XBB.1.5-like),276.00000000155654,2023-09-04,1722798,XBB.1.5,Omicron (XBB.1-like),637.0611528007282,2022-09-08,True,6,18,5,True,11,0,,0,
1856182,SRR28104551,1,1,1,22931,25045,3,COVID-ARTIC-V5.0-5.3.2_400,.,2023-11-01,eabb8d830ed1,2,EG.5.1.3,Omicron (XBB.1-like),244.9902686839933,2023-10-06,1856181,EG.5.1.3,Omicron (XBB.1-like),218.0,2023-11-01,1838536,EG.5.1.3,Omicron (XBB.1-like),356.12316780244686,2023-06-16,1831743,XBB.1.5.70,Omicron (XBB.1.5-like),540.0214033339648,2022-12-14,1856181,EG.5.1.3,Omicron (XBB.1-like),218.0,2023-11-01,1675918,XBB.1,Omicron (XBB.1-like),695.2997348629449,2022-07-12,True,7,18,7,True,10,0,,0,
1718944,ERR13028446,1,1,1,22943,25046,0,COVID-ARTIC-V3,.,2022-12-06,bb80b82763ca,2,BE.1.1,Omicron (BA.5-like),558.0011001298698,2022-11-26,1718943,BE.1.1,Omicron (BA.5-like),548.0,2022-12-06,1711074,BQ.1.26.1,Omicron (BA.5-like),563.0,2022-11-21,1713375,BA.5.1.34,Omicron (BA.5-like),612.4266811143057,2022-10-03,1718943,BE.1.1,Omicron (BA.5-like),548.0,2022-12-06,1428716,BA.5,Omicron (BA.5-like),828.0000007252249,2022-03-01,True,10,15,11,True,14,0,,0,
38793,ERR4760005,1,1,1,11523,25049,2,COVID-ARTIC-V3,3,2020-09-30,484083652223,2,B.1.177,.,1361.03780905838,2020-09-14,38792,B.1.177,.,1345.0,2020-09-30,31073,B.1.177.56,.,1376.0000000001,2020-08-30,27068,B.1.177.11,.,1402.0000000002,2020-08-04,38792,B.1.177,.,1345.0,2020-09-30,25441,B.1.177,.,1493.5297529163468,2020-05-05,False,2,4,5,True,6,0,,0,
958297,SRR20939245,2,1,1,21124,25072,1,COVID-ARTIC-V4.1,.,2021-11-30,4150b5f8c7a1,2,AY.44,Delta (B.1.617.2-like),943.395348041018,2021-11-06,958296,AY.44,Delta (B.1.617.2-like),919.0,2021-11-30,689373,AY.44,Delta (B.1.617.2-like),1000.0000000001,2021-09-10,360693,AY.122,Delta (B.1.617.2-like),1089.0282881874082,2021-06-13,958296,AY.44,Delta (B.1.617.2-like),919.0,2021-11-30,167127,B.1.617.2,Delta (B.1.617.2-like),1268.2440285999382,2020-12-16,False,2,13,10,True,14,0,,0,
506324,SRR15993700,1,1,1,22035,25075,2,COVID-AMPLISEQ-V1,.,2021-08-25,8ff1881a3765,2,AY.120.1,Delta (B.1.617.2-like),1030.414304887846,2021-08-11,506323,AY.120.1,Delta (B.1.617.2-like),1016.0,2021-08-25,430352,AY.120.1,Delta (B.1.617.2-like),1173.6370659630122,2021-03-21,418618,AY.120.1,Delta (B.1.617.2-like),1042.0,2021-07-30,506323,AY.120.1,Delta (B.1.617.2-like),1016.0,2021-08-25,167127,B.1.617.2,Delta (B.1.617.2-like),1268.2440285999382,2020-12-16,False,0,3,5,False,7,0,,0,
1798274,ERR11255248,1,1,1,24851,25162,2,COVID-ARTIC-V4.1,.,2023-03-20,95d922d25f5f,2,XBB.1.5,Omicron (XBB-like),452.3278964435268,2023-03-12,1798273,XBB.1.5,Omicron (XBB-like),444.0,2023-03-20,1756369,XBB.1.5,Omicron (XBB.1.5-like),493.0000000001,2023-01-30,1776614,BN.1.4.1,Omicron (BA.2-like),471.0,2023-02-21,1798273,XBB.1.5,Omicron (XBB-like),444.0,2023-03-20,1551581,BA.2.75,Omicron (BA.2-like),807.7781763125142,2022-03-22,True,11,37,10,True,13,0,,1,MNM6
749110,SRR20259923,2,1,1,22035,25254,3,COVID-AMPLISEQ-V1,.,2021-10-20,f7d54895f1f6,2,AY.117,Delta (B.1.617.2-like),983.773530105625,2021-09-27,749109,AY.117,Delta (B.1.617.2-like),960.0,2021-10-20,720316,AY.117,Delta (B.1.617.2-like),1100.2186689675857,2021-06-02,628207,AY.117,Delta (B.1.617.2-like),989.0,2021-09-21,781249,AY.117,Delta (B.1.617.2-like),983.773530105525,2021-09-27,167127,B.1.617.2,Delta (B.1.617.2-like),1268.2440285999382,2020-12-16,False,0,-1,4,False,7,0,,0,
506265,SRR15993522,8,1,1,22035,25297,1,COVID-AMPLISEQ-V1,.,2021-08-25,1db19f4d6e96,2,AY.39,Delta (B.1.617.2-like),1018.0,2021-08-23,506264,AY.39,Delta (B.1.617.2-like),1016.0000000001,2021-08-25,430342,AY.39,Delta (B.1.617.2-like),1189.654114826939,2021-03-05,498162,AY.39,Delta (B.1.617.2-like),1018.0000000001,2021-08-23,506264,AY.39,Delta (B.1.617.2-like),1016.0000000001,2021-08-25,167127,B.1.617.2,Delta (B.1.617.2-like),1268.2440285999382,2020-12-16,False,0,5,5,True,6,0,,0,
607938,ERR6853619,1,1,1,22001,25316,1,COVID-ARTIC-V3,3,2021-09-17,93180c91bdf0,2,AY.4,Delta (AY.4-like),1006.8919522858142,2021-09-04,607937,AY.4,Delta (AY.4-like),993.0,2021-09-17,504481,AY.4,Delta (AY.4-like),1016.0,2021-08-25,337650,AY.4,Delta (AY.4-like),1075.0,2021-06-27,607937,AY.4,Delta (AY.4-like),993.0,2021-09-17,175379,AY.4,Delta (AY.4-like),1220.2147994378952,2021-02-02,False,0,8,5,True,6,0,,0,
1706405,ERR10512105,1,1,1,20794,25317,1,COVID-ARTIC-V4.1,4.1alt,2022-11-11,28014cd47e63,2,BF.11.1,Omicron (BA.5-like),586.5297104676804,2022-10-29,1706404,BF.11.1,Omicron (BA.5-like),573.0,2022-11-11,1696437,BA.5.2.28,Omicron (BA.5-like),625.8223740218647,2022-09-20,1550441,BF.11.1,Omicron (BA.5-like),703.0,2022-07-04,1706404,BF.11.1,Omicron (BA.5-like),573.0,2022-11-11,1441168,BA.5.2,Omicron (BA.5-like),828.0000003931715,2022-03-01,True,4,7,7,True,8,0,,0,
1703928,ERR13038196,2,1,1,25249,25350,1,COVID-ARTIC-V3,.,2022-11-06,56931e3556eb,2,BA.5.1.5,Omicron (BA.5-like),604.5757922315028,2022-10-11,1703927,BA.5.1.5,Omicron (BA.5-like),578.0,2022-11-06,1662743,BA.5.2.1,Omicron (BA.5-like),690.6697836979343,2022-07-17,1543181,BA.5.1.5,Omicron (BA.5-like),708.0000000001,2022-06-29,1703927,BA.5.1.5,Omicron (BA.5-like),578.0,2022-11-06,1428716,BA.5,Omicron (BA.5-like),828.0000007252249,2022-03-01,True,4,9,8,True,8,0,,0,
1710494,ERR13019002,1,1,1,22600,25350,3,COVID-ARTIC-V3,.,2022-11-20,a1803a074ad4,2,BA.5.1.5,Omicron (BA.5-like),594.067310289672,2022-10-21,1710493,BA.5.1.5,Omicron (BA.5-like),564.0,2022-11-20,1527853,BF.7,Omicron (BA.5-like),720.0000000005004,2022-06-17,1508717,BA.5.1.5,Omicron (BA.5-like),733.0000000003001,2022-06-04,1710493,BA.5.1.5,Omicron (BA.5-like),564.0,2022-11-20,1428716,BA.5,Omicron (BA.5-like),828.0000007252249,2022-03-01,True,5,4,7,True,7,0,,0,
1700904,ERR10838008,2,1,1,22600,25350,1,COVID-ARTIC-V4.1,.,2022-10-31,fbbe29648984,2,BA.5,Omicron (BA.5-like),619.3453719077103,2022-09-26,1700903,BA.5,Omicron (BA.5-like),584.0,2022-10-31,1625025,BF.7,Omicron (BA.5-like),712.8109273232404,2022-06-25,1516229,BA.5.1.5,Omicron (BA.5-like),759.0,2022-05-09,1700903,BA.5,Omicron (BA.5-like),584.0,2022-10-31,1428716,BA.5,Omicron (BA.5-like),828.0000007252249,2022-03-01,True,5,5,12,True,5,0,,0,
1850441,SRR26556244,1,1,1,23674,25359,3,COVID-ARTIC-V4.1,.,2023-10-11,9623f1203cd1,2,XBB.1.5.70,Omicron (XBB.1.5-like),250.2549887312617,2023-09-30,1850440,XBB.1.5.70,Omicron (XBB.1.5-like),239.0,2023-10-11,1833719,XCR,Omicron (XBB.1.5-like),333.2486958839001,2023-07-09,1836020,EG.5.1.1,Omicron (XBB.1-like),282.0,2023-08-29,1850440,XBB.1.5.70,Omicron (XBB.1.5-like),239.0,2023-10-11,1675918,XBB.1,Omicron (XBB.1-like),695.2997348629449,2022-07-12,True,11,21,8,True,11,0,,0,
1625491,SRR21458174,1,1,1,23041,25416,1,COVID-ARTIC-V4.1,.,2022-08-19,9f9b484385be,2,BA.4,Omicron (BA.5-like),676.5833368230336,2022-07-31,1625490,BA.4,Omicron (BA.5-like),657.0,2022-08-19,1531063,BA.5.5,Omicron (BA.5-like),718.0000000001,2022-06-19,1233890,BA.2,Omicron (BA.2-like),848.0,2022-02-09,1625490,BA.4,Omicron (BA.5-like),657.0,2022-08-19,871726,BA.2,Omicron (BA.2-like),961.3848488132328,2021-10-19,True,3,16,8,True,8,0,,1,MNM3
1537647,SRR20304164,1,1,1,23674,25416,3,COVID-ARTIC-V4.1,.,2022-06-25,72177d6432b0,2,BA.4.1.4,Omicron (BA.5-like),719.3395704388802,2022-06-18,1537646,BA.4.1.4,Omicron (BA.5-like),712.0,2022-06-25,1524352,BA.4.1,Omicron (BA.4-like),723.0,2022-06-14,1529129,BA.2.12.1,Omicron (BA.2-like),775.2864059822259,2022-04-23,1537646,BA.4.1.4,Omicron (BA.5-like),712.0,2022-06-25,871726,BA.2,Omicron (BA.2-like),961.3848488132328,2021-10-19,True,5,13,8,True,9,0,,1,MNM2
1565504,SRR21197142,2,1,1,23674,25416,1,COVID-ARTIC-V4.1,.,2022-07-11,656eb38ee5bb,2,BA.2.12.1,Omicron (BA.2-like),713.5752751171657,2022-06-24,1565503,BA.2.12.1,Omicron (BA.2-like),696.0,2022-07-11,1457376,BA.2.12.1,Omicron (BA.2-like),773.0000000002001,2022-04-25,1467858,BA.5.2.1,Omicron (BA.5-like),766.0000000004004,2022-05-02,1565503,BA.2.12.1,Omicron (BA.2-like),696.0,2022-07-11,871726,BA.2,Omicron (BA.2-like),961.3848488132328,2021-10-19,True,6,15,14,True,10,0,,0,
1587899,SRR21001321,1,1,1,23674,25416,2,COVID-ARTIC-V4.1,.,2022-07-23,a990d095a693,2,BA.5.1,Omicron (BA.2-like),695.6547397549444,2022-07-12,1587898,BA.5.1,Omicron (BA.2-like),684.0,2022-07-23,1386580,BA.2.12.1,Omicron (BA.2-like),806.0000000001,2022-03-23,1552631,BA.5.1,Omicron (BA.5-like),702.0,2022-07-05,1587898,BA.5.1,Omicron (BA.2-like),684.0,2022-07-23,871726,BA.2,Omicron (BA.2-like),961.3848488132328,2021-10-19,True,5,12,10,True,9,0,,0,
1566126,SRR20933116,2,1,1,23041,25416,2,COVID-ARTIC-V4.1,.,2022-07-11,fe2957e239c4,2,BA.4,Omicron (BA.5-like),714.5700244597743,2022-06-23,1566125,BA.4,Omicron (BA.5-like),696.0,2022-07-11,1477046,BA.5.5,Omicron (BA.5-like),759.0000000003001,2022-05-09,1221316,BA.2,Omicron (BA.2-like),850.0,2022-02-07,1566125,BA.4,Omicron (BA.5-like),696.0,2022-07-11,871726,BA.2,Omicron (BA.2-like),961.3848488132328,2021-10-19,True,3,9,8,True,7,0,,1,MNM3
1528119,SRR20127349,1,1,1,23674,25416,3,COVID-ARTIC-V4.1,.,2022-06-17,1160e4c0cefa,2,BA.5.2.1,Omicron (BA.2-like),730.6692691801605,2022-06-07,1528118,BA.5.2.1,Omicron (BA.2-like),720.0,2022-06-17,1470350,BA.2.12.1,Omicron (BA.2-like),764.0,2022-05-04,1441088,BA.5.2.1,Omicron (BA.5-like),828.0000003930714,2022-03-01,1528118,BA.5.2.1,Omicron (BA.2-like),720.0,2022-06-17,871726,BA.2,Omicron (BA.2-like),961.3848488132328,2021-10-19,True,6,10,9,True,12,0,,0,
1685654,ERR13021554,1,1,1,23345,25416,0,COVID-ARTIC-V3,.,2022-10-12,02d2e6666cfc,2,BA.2.75,Omicron (BA.2-like),605.0,2022-10-10,1685653,BA.2.75,Omicron (BA.2-like),603.0,2022-10-12,1683065,BN.1.3,Omicron (BA.2-like),605.0000000001,2022-10-10,1537887,BA.5.1.11,Omicron (BA.5-like),712.0000000002001,2022-06-25,1685653,BA.2.75,Omicron (BA.2-like),603.0,2022-10-12,871726,BA.2,Omicron (BA.2-like),961.3848488132328,2021-10-19,True,8,30,13,True,29,0,,0,
1517547,ERR9858123,2,1,1,23324,25416,3,COVID-ARTIC-V4.1,4.1alt,2022-06-10,e5c5345c0bee,2,BA.4,Omicron (BA.5-like),739.0000000001,2022-05-29,1517546,BA.4,Omicron (BA.5-like),727.0,2022-06-10,1501275,BE.1,Omicron (BA.5-like),739.0000000002001,2022-05-29,963496,BA.2,Omicron (BA.2-like),918.0000000002,2021-12-01,1523282,BA.4,Omicron (BA.5-like),739.0,2022-05-29,871726,BA.2,Omicron (BA.2-like),961.3848488132328,2021-10-19,True,5,13,9,True,12,0,,1,MNM3
1594771,ERR10031820,1,1,1,22378,25455,1,COVID-ARTIC-V4.1,4.1alt,2022-07-27,86503f75da68,2,BE.1,Omicron (BA.5-like),694.8628336984274,2022-07-13,1594770,BE.1,Omicron (BA.5-like),680.0,2022-07-27,1552498,BA.5.1,Omicron (BA.5-like),724.3807304011812,2022-06-13,1562391,BE.1,Omicron (BA.5-like),742.0,2022-05-26,1594770,BE.1,Omicron (BA.5-like),680.0,2022-07-27,1428716,BA.5,Omicron (BA.5-like),828.0000007252249,2022-03-01,True,4,6,7,True,7,0,,0,
1680480,SRR21976891,2,2,1,23536,25463,0,COVID-ARTIC-V4.1,.,2022-10-07,74feeb48a379,3,BA.5.1,Omicron (BA.5-like),647.309568571478,2022-08-29,1680479,BA.5.1,Omicron (BA.5-like),608.0,2022-10-07,1512458,BA.4.6,Omicron (BA.4-like),730.0000000001,2022-06-07,1603763,BA.5.1.10,Omicron (BA.5-like),675.0,2022-08-01,1680478,BA.5.1,Omicron (BA.5-like),608.0,2022-10-07,871725,BA.4,Omicron (BA.4-like),881.0000000002001,2022-01-07,True,5,12,12,True,7,0,,0,
604155,ERR7008120,1,1,1,21162,25471,3,COVID-ARTIC-V4.1,4,2021-09-16,e02e51f502f4,2,AY.4,Delta (AY.4-like),1007.784524719074,2021-09-03,604154,AY.4,Delta (AY.4-like),994.0,2021-09-16,316315,AY.4,Delta (AY.4-like),1094.0000000001,2021-06-08,526397,AY.42,Delta (B.1.617.2-like),1011.0,2021-08-30,604154,AY.4,Delta (AY.4-like),994.0,2021-09-16,175379,AY.4,Delta (AY.4-like),1220.2147994378952,2021-02-02,True,2,6,6,True,7,0,,0,
1828107,SRR25642961,1,1,1,23124,25471,3,COVID-ARTIC-V4.1,.,2023-07-28,91f5a3982152,2,XBB.2.3,Omicron (XBB.1-like),331.77543321516646,2023-07-11,1828106,XBB.2.3,Omicron (XBB.1-like),314.0,2023-07-28,1824426,XBB.2.3,Omicron (XBB-like),388.37919596768126,2023-05-15,1744574,XBB.1.5,Omicron (XBB.1-like),513.0,2023-01-10,1828106,XBB.2.3,Omicron (XBB.1-like),314.0,2023-07-28,1673437,XBB,Omicron (XBB-like),747.5583239157871,2022-05-21,True,4,14,5,True,8,0,,0,
1606050,ERR12969702,1,1,1,23041,25487,3,COVID-ARTIC-V3,.,2022-08-02,4df5b242cf67,2,BA.4,Omicron (BA.5-like),698.6659010661157,2022-07-09,1606049,BA.4,Omicron (BA.5-like),674.0,2022-08-02,1535033,BA.5.2,Omicron (BA.5-like),776.6316929305731,2022-04-22,1098229,BA.2,Omicron (BA.2-like),878.0,2022-01-10,1606049,BA.4,Omicron (BA.5-like),674.0,2022-08-02,871726,BA.2,Omicron (BA.2-like),961.3848488132328,2021-10-19,True,3,15,10,True,7,0,,1,MNM3
1841633,SRR26256643,1,1,1,23124,25496,1,COVID-ARTIC-V4.1,.,2023-09-14,49c13517fdd6,2,XBB.1.16.11,Omicron (XBB.1-like),285.54897594108576,2023-08-26,1841632,XBB.1.16.11,Omicron (XBB.1-like),266.0,2023-09-14,1837411,XBB.1.16.11,Omicron (XBB.1.16-like),334.81983536233486,2023-07-08,1829302,HA.2,Omicron (XBB.1.5-like),330.9139813488117,2023-07-12,1841632,XBB.1.16.11,Omicron (XBB.1-like),266.0,2023-09-14,1675918,XBB.1,Omicron (XBB.1-like),695.2997348629449,2022-07-12,True,5,23,12,True,24,0,,0,
791788,ERR7378832,1,1,1,21847,25500,2,COVID-ARTIC-V4.1,4,2021-10-30,7e9df4ae1105,2,AY.98,Delta (AY.4-like),969.7393553668088,2021-10-11,791787,AY.98,Delta (AY.4-like),950.0,2021-10-30,564476,AY.4,Delta (AY.4-like),1027.0,2021-08-14,310706,AY.98,Delta (B.1.617.2-like),1127.0000000002,2021-05-06,791787,AY.98,Delta (AY.4-like),950.0,2021-10-30,167127,B.1.617.2,Delta (B.1.617.2-like),1268.2440285999382,2020-12-16,False,2,6,4,True,6,0,,0,
47531,ERR4793705,1,1,1,22993,25505,0,COVID-ARTIC-V3,3,2020-10-20,c98965e219e7,2,B.1,.,1344.0,2020-10-01,47530,B.1,.,1325.0,2020-10-20,39288,B.1.221.1,.,1344.0000000002,2020-10-01,28647,B.1.160,.,1474.0000000002,2020-05-24,47530,B.1,.,1325.0,2020-10-20,68,B.1,.,1591.6612163418586,2020-01-28,True,3,18,12,True,18,0,,0,
863887,ERR7715835,1,1,1,21847,25518,0,COVID-ARTIC-V4.1,4,2021-11-12,de4f5bfab8a7,2,AY.98,Delta (B.1.617.2-like),950.0,2021-10-30,863886,AY.98,Delta (B.1.617.2-like),937.0,2021-11-12,819343,AY.98,Delta (B.1.617.2-like),973.7388759659892,2021-10-07,791638,AY.127,Delta (B.1.617.2-like),950.0000000001,2021-10-30,863886,AY.98,Delta (B.1.617.2-like),937.0,2021-11-12,167127,B.1.617.2,Delta (B.1.617.2-like),1268.2440285999382,2020-12-16,True,2,19,7,True,7,0,,0,
1459784,SRR19693459,1,1,1,22205,25538,3,COVID-AMPLISEQ-V1,.,2022-04-26,10d9b3d16201,2,BA.1.1,Omicron (BA.1-like),782.5124826855232,2022-04-16,1459783,BA.1.1,Omicron (BA.1-like),772.0,2022-04-26,1211826,BA.1.1,Omicron (BA.1-like),871.0,2022-01-17,1408666,BA.1.1,Omicron (BA.1-like),800.0,2022-03-29,1459783,BA.1.1,Omicron (BA.1-like),772.0,2022-04-26,871714,BA.1,Omicron (BA.1-like),1011.137026065978,2021-08-30,False,0,2,4,False,7,0,,0,
729324,ERR7171151,156,1,1,22228,25549,1,COVID-ARTIC-V4.1,.,2021-10-16,c7fdf00b0803,2,AY.4.2,Delta (AY.4.2-like),979.5551418114718,2021-10-01,729323,AY.4.2,Delta (AY.4.2-like),964.0000000001,2021-10-16,530412,AY.4.2,Delta (AY.4.2-like),1010.0000000001,2021-08-31,550608,AY.4,Delta (AY.4-like),1006.0000000002,2021-09-04,729323,AY.4.2,Delta (AY.4.2-like),964.0000000001,2021-10-16,175379,AY.4,Delta (AY.4-like),1220.2147994378952,2021-02-02,False,1,11,5,True,6,1,MNM1a,0,
1582960,SRR21042171,1,1,1,21790,25552,2,COVID-ARTIC-V4.1,.,2022-07-20,830672aea132,2,BA.5,Omicron (BA.5-like),689.0,2022-07-18,1582959,BA.5,Omicron (BA.5-like),687.0,2022-07-20,1579089,BA.4.1,Omicron (BA.4-like),689.0000000001,2022-07-18,1522369,BA.5.5,Omicron (BA.5-like),724.0,2022-06-13,1582959,BA.5,Omicron (BA.5-like),687.0,2022-07-20,871725,BA.4,Omicron (BA.4-like),881.0000000002001,2022-01-07,False,4,11,12,True,10,0,,0,
1612095,SRR21119154,28,3,1,20463,25553,1,COVID-VARSKIP-V1a-2b,.,2022-08-08,3cc721dc958c,4,BA.5.1.7,Omicron (BA.5-like),693.1155126318147,2022-07-14,1612092,BA.5.1.7,Omicron (BA.5-like),668.0,2022-08-08,1588446,BA.5.1.7,Omicron (BA.5-like),733.4287540890933,2022-06-04,1592388,BA.5.2.1,Omicron (BA.5-like),703.1750213402955,2022-07-04,1612092,BA.5.1.7,Omicron (BA.5-like),668.0,2022-08-08,1428716,BA.5,Omicron (BA.5-like),828.0000007252249,2022-03-01,False,4,8,6,True,7,0,,0,
270324,ERR5904439,34,1,1,21847,25562,1,COVID-ARTIC-V3,3,2021-04-26,816bb55e274a,2,B.1.617.2,Delta (B.1.617.2-like),1144.0,2021-04-19,270323,B.1.617.2,Delta (B.1.617.2-like),1137.0,2021-04-26,167126,B.1.617.2,Delta (B.1.617.2-like),1266.016653633328,2020-12-18,262002,B.1.617.2,Delta (B.1.617.2-like),1144.0000000001,2021-04-19,270323,B.1.617.2,Delta (B.1.617.2-like),1137.0,2021-04-26,167135,B.1.617.2,Delta (B.1.617.2-like),1454.533651447372,2020-06-13,True,0,21,5,True,6,0,,0,
30443,ERR4671078,4,1,1,22993,25563,2,COVID-ARTIC-V3,3,2020-08-26,0c768f9bb44f,2,B.1.160,.,1435.2298416907329,2020-07-02,30442,B.1.160,.,1380.0,2020-08-26,28647,B.1.160,.,1474.0000000002,2020-05-24,28437,B.1.1.70,.,1470.4770560126403,2020-05-28,30982,B.1.160,.,1435.2298416906328,2020-07-02,68,B.1,.,1591.6612163418586,2020-01-28,True,3,14,10,True,14,0,,1,mnS3
1842342,SRR26441731,1,1,1,23402,25572,3,COVID-ARTIC-V5.0-5.3.2_400,.,2023-09-16,ed35cf98eb2d,2,XBB.1.16.16,Omicron (XBB.1-like),269.27010584720364,2023-09-11,1842341,XBB.1.16.16,Omicron (XBB.1-like),264.0,2023-09-16,1833222,XBB.1.16.16,Omicron (XBB.1.16-like),368.3117832271317,2023-06-04,1836952,EG.5.1.1,Omicron (XBB.1-like),280.0,2023-08-31,1842341,XBB.1.16.16,Omicron (XBB.1-like),264.0,2023-09-16,1675918,XBB.1,Omicron (XBB.1-like),695.2997348629449,2022-07-12,True,7,27,10,True,14,0,,0,
1837898,ERR13058475,5,1,1,22931,25572,0,COVID-ARTIC-V5.0-5.3.2_400,.,2023-09-04,94207b2d60b7,2,EG.5.1.1,Omicron (XBB.1-like),333.57839561185614,2023-07-09,1837897,EG.5.1.1,Omicron (XBB.1-like),276.0,2023-09-04,1835907,EG.5.1.1,Omicron (XBB.1-like),377.9321275227992,2023-05-26,1815488,EG.6.1,Omicron (XBB.1-like),506.9872191749597,2023-01-17,1837897,EG.5.1.1,Omicron (XBB.1-like),276.0,2023-09-04,1740234,XBB.1.9.2,Omicron (XBB.1-like),588.6976477275288,2022-10-27,True,5,13,4,True,4,0,,0,
376079,SRR17448843,1,1,1,24209,25572,0,COVID-ARTIC-V3,.,2021-07-17,11a3309bd3c0,2,AY.103,Delta (B.1.617.2-like),1056.0,2021-07-16,376078,AY.103,Delta (B.1.617.2-like),1055.0,2021-07-17,373862,AY.103,Delta (B.1.617.2-like),1056.0000000002,2021-07-16,356549,AY.48,Delta (B.1.617.2-like),1065.0000000002,2021-07-07,376078,AY.103,Delta (B.1.617.2-like),1055.0,2021-07-17,167136,B.1.617.2,Delta (B.1.617.2-like),1591.2875774757229,2020-01-28,True,2,28,9,True,8,0,,0,
726136,ERR7303363,1,1,1,22035,25613,3,COVID-AMPLISEQ-V1,3,2021-10-15,569f71e25787,2,AY.4,Delta (AY.4-like),968.0,2021-10-12,726135,AY.4,Delta (AY.4-like),965.0,2021-10-15,349213,AY.4,Delta (AY.4-like),1094.0000004068193,2021-06-08,712542,AY.4,Delta (AY.4-like),968.0000000001,2021-10-12,726135,AY.4,Delta (AY.4-like),965.0,2021-10-15,167127,B.1.617.2,Delta (B.1.617.2-like),1268.2440285999382,2020-12-16,False,0,1,6,False,7,0,,0,
955399,ERR7650749,2,1,1,22228,25614,1,COVID-ARTIC-V4.1,4,2021-11-30,27f18631e3b9,2,AY.4.2,Delta (AY.4.2-like),949.7397397649936,2021-10-31,955398,AY.4.2,Delta (AY.4.2-like),919.0,2021-11-30,612218,AY.4.2,Delta (AY.4.2-like),1013.0000000001,2021-08-28,548699,AY.109,Delta (B.1.617.2-like),1189.9155135472324,2021-03-05,955398,AY.4.2,Delta (AY.4.2-like),919.0,2021-11-30,167127,B.1.617.2,Delta (B.1.617.2-like),1268.2440285999382,2020-12-16,False,3,10,6,True,5,0,,0,
999109,ERR7777094,1,1,1,22228,25614,0,COVID-ARTIC-V4.1,4,2021-12-08,fc5a363891aa,2,AY.4.2,Delta (AY.4.2-like),965.9674097876753,2021-10-15,999108,AY.4.2,Delta (AY.4.2-like),911.0,2021-12-08,469329,AY.4.2,Delta (AY.4.2-like),1027.0000000001,2021-08-14,369082,AY.44,Delta (B.1.617.2-like),1058.0,2021-07-14,999108,AY.4.2,Delta (AY.4.2-like),911.0,2021-12-08,167127,B.1.617.2,Delta (B.1.617.2-like),1268.2440285999382,2020-12-16,False,3,13,5,True,4,0,,0,
1079765,ERR8018134,1,1,1,21996,25614,2,COVID-ARTIC-V4.1,4,2022-01-03,92fdb2845179,2,AY.46.5,Delta (B.1.617.2-like),907.7238768179924,2021-12-12,1079764,AY.46.5,Delta (B.1.617.2-like),885.0,2022-01-03,580118,AY.46.5,Delta (B.1.617.2-like),999.0000000001,2021-09-11,772267,AY.4.2,Delta (AY.4.2-like),954.0000000002,2021-10-26,1079764,AY.46.5,Delta (B.1.617.2-like),885.0,2022-01-03,167127,B.1.617.2,Delta (B.1.617.2-like),1268.2440285999382,2020-12-16,False,4,11,4,True,6,0,,0,
1529091,ERR13129152,25,1,1,23041,25624,3,COVID-ARTIC-V3,.,2022-06-17,f017781132f0,2,BA.4,Omicron (BA.5-like),731.798092721893,2022-06-06,1529090,BA.4,Omicron (BA.5-like),720.0,2022-06-17,1466019,BA.5.1.3,Omicron (BA.5-like),767.0000000002001,2022-05-01,1458524,BA.2.9,Omicron (BA.2-like),835.2721937841072,2022-02-22,1529090,BA.4,Omicron (BA.5-like),720.0,2022-06-17,871726,BA.2,Omicron (BA.2-like),961.3848488132328,2021-10-19,False,5,11,11,True,8,0,,1,MNM3
488034,SRR15800454,3,2,1,21898,25688,0,COVID-ARTIC-V3,.,2021-08-20,f94a14078d73,3,B.1.617.2,Delta (B.1.617.2-like),1043.085732143686,2021-07-29,488032,B.1.617.2,Delta (B.1.617.2-like),1021.0,2021-08-20,380389,AY.25,Delta (B.1.617.2-like),1053.0,2021-07-19,394370,AY.44,Delta (B.1.617.2-like),1073.0,2021-06-29,488032,B.1.617.2,Delta (B.1.617.2-like),1021.0,2021-08-20,167127,B.1.617.2,Delta (B.1.617.2-like),1268.2440285999382,2020-12-16,False,2,11,5,True,4,0,,0,
1683254,SRR22037705,1,1,1,22589,25710,2,COVID-ARTIC-V4.1,.,2022-10-10,879e0eb3fac1,2,BA.5.6,Omicron (BA.5-like),617.8104517591835,2022-09-28,1683253,BA.5.6,Omicron (BA.5-like),605.0,2022-10-10,1628290,BA.5.6,Omicron (BA.5-like),655.0,2022-08-21,1590060,BA.5.2.1,Omicron (BA.5-like),724.9723782808834,2022-06-13,1683253,BA.5.6,Omicron (BA.5-like),605.0,2022-10-10,1428716,BA.5,Omicron (BA.5-like),828.0000007252249,2022-03-01,True,3,9,4,True,7,0,,0,
1657701,SRR22029754,1,1,1,22640,25903,3,COVID-ARTIC-V4.1,.,2022-09-14,90e2300db180,2,BA.5,Omicron (BA.5-like),646.2208415778632,2022-08-30,1657700,BA.5,Omicron (BA.5-like),631.0,2022-09-14,1543094,BA.5.1,Omicron (BA.5-like),708.0,2022-06-29,1537778,BA.5.5,Omicron (BA.5-like),712.0000000001,2022-06-25,1657700,BA.5,Omicron (BA.5-like),631.0,2022-09-14,1428716,BA.5,Omicron (BA.5-like),828.0000007252249,2022-03-01,False,2,9,5,True,8,0,,0,
742745,ERR7236193,24,1,1,22035,25912,0,COVID-AMPLISEQ-V1,3,2021-10-19,6ac533eee5a3,2,AY.4,Delta (AY.4-like),965.0,2021-10-15,742744,AY.4,Delta (AY.4-like),961.0,2021-10-19,444151,AY.4,Delta (AY.4-like),1035.0,2021-08-06,726209,AY.4,Delta (AY.4-like),965.0000000002,2021-10-15,848012,AY.4,Delta (AY.4-like),963.5005470494176,2021-10-17,167127,B.1.617.2,Delta (B.1.617.2-like),1268.2440285999382,2020-12-16,False,0,2,4,False,4,0,,0,
328088,ERR6148731,2,1,1,23857,25959,0,COVID-ARTIC-V3,3,2021-06-21,0052ab22cf42,2,AY.4,Delta (AY.4-like),1083.0,2021-06-19,328087,AY.4,Delta (AY.4-like),1081.0,2021-06-21,326840,AY.4,Delta (AY.4-like),1083.0000000001,2021-06-19,317498,AY.98,Delta (B.1.617.2-like),1093.0000000002,2021-06-09,328087,AY.4,Delta (AY.4-like),1081.0,2021-06-21,167127,B.1.617.2,Delta (B.1.617.2-like),1268.2440285999382,2020-12-16,False,2,5,3,False,5,0,,2,"MNM7,MNM7a"
1849732,ERR13048009,1,1,1,24074,25959,1,COVID-ARTIC-V5.0-5.3.2_400,.,2023-10-09,738eead357d7,2,XCT,Omicron (BA.2-like),247.25301631890684,2023-10-03,1849731,XCT,Omicron (BA.2-like),241.0,2023-10-09,1843807,XCT,Omicron (BA.2-like),260.0,2023-09-20,1829886,DV.7.1,Omicron (BA.2-like),304.0,2023-08-07,1849731,XCT,Omicron (BA.2-like),241.0,2023-10-09,1828634,DV.7.1,Omicron (BA.2-like),492.04041413646746,2023-01-31,True,1,34,6,True,7,0,,0,
1739239,ERR10778720,2,1,1,23357,26022,2,COVID-ARTIC-V4.1,4.1alt,2023-01-04,a3804f5857bc,2,BQ.1.1,Omicron (BA.5-like),547.2388247682909,2022-12-07,1739238,BQ.1.1,Omicron (BA.5-like),519.0,2023-01-04,1694551,BQ.1.1,Omicron (BA.5-like),631.9183531804989,2022-09-14,1583346,BA.5.9,Omicron (BA.5-like),722.9359200878355,2022-06-15,1739238,BQ.1.1,Omicron (BA.5-like),519.0,2023-01-04,1428716,BA.5,Omicron (BA.5-like),828.0000007252249,2022-03-01,False,8,17,5,True,7,0,,0,
1448913,SRR19495684,19,1,1,25811,26028,3,COVID-ARTIC-V4.1,.,2022-04-20,872cf5090f25,2,BA.2,Omicron (BA.2-like),858.019366040293,2022-01-30,1448912,XAC,Omicron (BA.2-like),778.0,2022-04-20,1266421,BA.2.3,Omicron (BA.2-like),886.1383731040028,2022-01-02,998284,BA.1.1,Omicron (BA.1-like),911.0,2021-12-08,1456322,BA.2,Omicron (BA.2-like),849.9872967247152,2022-02-08,871728,B.1.1.529,Omicron (Unassigned),1333.8575128682105,2020-10-12,True,4,45,4,True,7,0,,0,
748874,SRR17105262,1,1,1,23997,26034,1,COVID-ARTIC-V3,.,2021-10-20,4ac2bead0368,2,AY.44,Delta (B.1.617.2-like),977.1223657362732,2021-10-03,748873,AY.44,Delta (B.1.617.2-like),960.0,2021-10-20,383356,AY.44,Delta (B.1.617.2-like),1052.0,2021-07-20,621614,AY.25.1,Delta (B.1.617.2-like),990.0,2021-09-20,748873,AY.44,Delta (B.1.617.2-like),960.0,2021-10-20,167127,B.1.617.2,Delta (B.1.617.2-like),1268.2440285999382,2020-12-16,False,3,10,5,True,6,0,,0,
258069,SRR14791788,2,1,1,25438,26058,1,COVID-ARTIC-V3,.,2021-04-15,cea9e12c7df3,2,B.1.1.7,Alpha (B.1.1.7-like),1162.556971844542,2021-04-01,258068,B.1.1.7,Alpha (B.1.1.7-like),1148.0,2021-04-15,229202,B.1.1.7,Alpha (B.1.1.7-like),1164.0,2021-03-30,138277,B.1.1.7,Alpha (B.1.1.7-like),1316.0,2020-10-29,258068,B.1.1.7,Alpha (B.1.1.7-like),1148.0,2021-04-15,50503,B.1.1.7,Alpha (B.1.1.7-like),1359.8932779246688,2020-09-16,False,0,10,3,False,5,0,,0,
1322988,SRR20390772,10,1,1,24504,26060,2,COVID-ARTIC-V4.1,.,2022-03-04,7e6a3a4f317e,2,XAE,Omicron (BA.2-like),848.4947335361223,2022-02-09,1322987,XAE,Omicron (BA.2-like),825.0000000001,2022-03-04,1270643,BA.2,Omicron (BA.2-like),866.0000000002003,2022-01-22,1247473,BA.1.1,Omicron (BA.1-like),897.7762473931396,2021-12-22,1322987,XAE,Omicron (BA.2-like),825.0000000001,2022-03-04,871728,B.1.1.529,Omicron (Unassigned),1333.8575128682105,2020-10-12,True,3,43,7,True,7,0,,1,MNM2
1253766,ERR8985886,2,2,1,25225,26060,1,COVID-ARTIC-V4.1,4.1alt,2022-02-13,a694b91042e3,3,BA.2,Omicron (BA.2-like),862.7539420289552,2022-01-26,1253764,BA.2,Omicron (BA.2-like),844.0,2022-02-13,1229035,BA.2,Omicron (BA.2-like),872.0313961076029,2022-01-16,1145777,BA.1.1,Omicron (BA.1-like),866.0000000001,2022-01-22,1253764,BA.2,Omicron (BA.2-like),844.0,2022-02-13,871728,B.1.1.529,Omicron (Unassigned),1333.8575128682105,2020-10-12,True,3,45,7,True,6,0,,0,
1133051,ERR8146303,290,1,1,24504,26060,0,COVID-ARTIC-V4.1,4.1alt,2022-01-19,f03a1de9c797,2,BA.2,Omicron (Unassigned),872.0000000003004,2022-01-16,1133050,BA.2,Omicron (Unassigned),869.0,2022-01-19,871726,BA.2,Omicron (BA.2-like),961.3848488132328,2021-10-19,1116959,BA.1.17.2,Omicron (BA.1-like),872.0000000004004,2022-01-16,1233469,BA.2,Omicron (BA.2-like),872.0000000002003,2022-01-16,871728,B.1.1.529,Omicron (Unassigned),1333.8575128682105,2020-10-12,False,4,43,5,True,7,0,,0,
462022,ERR6763319,4,1,1,14015,26107,1,COVID-ARTIC-V3,3,2021-08-11,8f5ffc1b84c0,2,AY.44,Delta (B.1.617.2-like),1042.0,2021-07-30,462021,AY.44,Delta (B.1.617.2-like),1030.0,2021-08-11,417896,AY.44,Delta (B.1.617.2-like),1042.0000000001,2021-07-30,410243,AY.25,Delta (B.1.617.2-like),1044.0,2021-07-28,462021,AY.44,Delta (B.1.617.2-like),1030.0,2021-08-11,167127,B.1.617.2,Delta (B.1.617.2-like),1268.2440285999382,2020-12-16,False,2,9,5,True,6,0,,0,
1028759,SRR19223626,1,1,1,25645,26107,0,COVID-ARTIC-V4.1,.,2021-12-15,5203e9e379aa,2,AY.39,Delta (B.1.617.2-like),925.9800758909792,2021-11-24,1028758,AY.39,Delta (B.1.617.2-like),904.0,2021-12-15,730597,AY.39,Delta (B.1.617.2-like),990.2962693175454,2021-09-20,768622,AY.25.1,Delta (B.1.617.2-like),955.0,2021-10-25,1028758,AY.39,Delta (B.1.617.2-like),904.0,2021-12-15,167127,B.1.617.2,Delta (B.1.617.2-like),1268.2440285999382,2020-12-16,False,3,20,7,True,7,0,,0,
581743,SRR16196496,3,2,1,22802,26107,0,COVID-ARTIC-V3,.,2021-09-11,93550b230dd9,3,AY.25,Delta (B.1.617.2-like),1015.0,2021-08-26,581741,AY.25,Delta (B.1.617.2-like),999.0,2021-09-11,534915,AY.25,Delta (B.1.617.2-like),1063.5346607138215,2021-07-09,510968,AY.47,Delta (B.1.617.2-like),1015.0000000001,2021-08-26,581741,AY.25,Delta (B.1.617.2-like),999.0,2021-09-11,167135,B.1.617.2,Delta (B.1.617.2-like),1454.533651447372,2020-06-13,True,2,29,7,True,7,0,,0,
1801903,SRR24141700,1,1,1,18856,26110,2,COVID-ARTIC-V4.1,.,2023-03-24,7cb793d0491d,2,XBB.1.5.19,Omicron (XBB.1.5-like),451.5266150033836,2023-03-13,1801902,XBB.1.5.19,Omicron (XBB.1.5-like),440.0,2023-03-24,1785592,XBB.1.5.19,Omicron (XBB.1.5-like),493.24293227363705,2023-01-30,1756210,XBB.1.5,Omicron (XBB.1.5-like),493.0,2023-01-30,1801902,XBB.1.5.19,Omicron (XBB.1.5-like),440.0,2023-03-24,1702805,XBB.1.5,Omicron (XBB.1.5-like),637.0611528006282,2022-09-08,True,1,6,4,True,6,0,,0,
1594332,ERR12978293,1,1,1,16994,26135,2,COVID-ARTIC-V3,.,2022-07-26,b40c841a2263,2,BA.5,Omicron (BA.5-like),690.6197981950164,2022-07-17,1594331,BA.5,Omicron (BA.5-like),681.0,2022-07-26,1541625,BA.5.1,Omicron (BA.5-like),709.0,2022-06-28,1527633,BA.5.2.1,Omicron (BA.5-like),720.0,2022-06-17,1594331,BA.5,Omicron (BA.5-like),681.0,2022-07-26,1428716,BA.5,Omicron (BA.5-like),828.0000007252249,2022-03-01,False,3,4,10,True,6,0,,0,
1737336,ERR13052576,1,1,1,25047,26209,2,COVID-ARTIC-V3,.,2023-01-02,390a751520a3,2,BA.5.1.34,Omicron (BA.5-like),527.2007622623544,2022-12-27,1737335,BA.5.1.34,Omicron (BA.5-like),521.0,2023-01-02,1731174,BA.5.1.34,Omicron (BA.5-like),531.0,2022-12-23,1536304,BA.4,Omicron (BA.5-like),713.0,2022-06-24,1737335,BA.5.1.34,Omicron (BA.5-like),521.0,2023-01-02,1519017,BA.4,Omicron (BA.5-like),955.5873470964832,2021-10-25,False,4,8,5,True,8,0,,1,MNM3
944943,SRR20949740,1,1,1,21847,26227,2,COVID-ARTIC-V3,.,2021-11-28,7dd67b4ff92a,2,AY.44,Delta (B.1.617.2-like),933.3804503510064,2021-11-16,944942,AY.44,Delta (B.1.617.2-like),921.0,2021-11-28,779997,AY.44,Delta (B.1.617.2-like),953.0,2021-10-27,864621,AY.39,Delta (B.1.617.2-like),969.0000000002,2021-10-11,944942,AY.44,Delta (B.1.617.2-like),921.0,2021-11-28,167127,B.1.617.2,Delta (B.1.617.2-like),1268.2440285999382,2020-12-16,False,2,19,7,True,9,0,,0,
1648887,SRR22291849,2,1,1,22899,26252,3,COVID-ARTIC-V4.1,.,2022-09-07,b25cd5214ba0,2,BA.5.1,Omicron (BA.5-like),644.9064834395919,2022-09-01,1648886,BA.5.1,Omicron (BA.5-like),638.0,2022-09-07,1631151,BA.5.5,Omicron (BA.5-like),653.0,2022-08-23,1625728,BA.5.1.6,Omicron (BA.5-like),657.0,2022-08-19,1648886,BA.5.1,Omicron (BA.5-like),638.0,2022-09-07,1428716,BA.5,Omicron (BA.5-like),828.0000007252249,2022-03-01,False,3,7,6,True,7,0,,0,
1728903,ERR10769993,1,1,1,25417,26275,3,COVID-ARTIC-V4.1,4.1alt,2022-12-20,351d3ad2d6bd,2,XBB.1.5,Omicron (XBB-like),550.1384285597234,2022-12-04,1728902,XBB.1.5,Omicron (XBB-like),534.0,2022-12-20,1727220,XBB.1,Omicron (XBB.1-like),618.6901727337145,2022-09-27,1699962,BQ.1.1.13,Omicron (BA.5-like),652.793417740118,2022-08-24,1728902,XBB.1.5,Omicron (XBB-like),534.0,2022-12-20,871726,BA.2,Omicron (BA.2-like),961.3848488132328,2021-10-19,True,15,30,11,True,16,0,,0,
1788178,ERR13322976,5,1,1,25417,26275,3,COVID-ARTIC-V5.0-5.3.2_400,.,2023-03-06,6d36768bad1f,2,XBW,Omicron (XBB-like),530.3501113076193,2022-12-24,1788177,XBW,Omicron (XBB-like),458.0,2023-03-06,1718552,XBB.1.5.107,Omicron (XBB.1.5-like),548.0000000003001,2022-12-06,1753451,BQ.1.1,Omicron (BA.5-like),655.1681198544859,2022-08-21,1805633,XBW,Omicron (XBB-like),524.4136282636905,2022-12-30,871726,BA.2,Omicron (BA.2-like),961.3848488132328,2021-10-19,True,16,32,11,True,9,0,,0,
1872109,ERR12551151,112,1,1,25700,26275,0,COVID-ARTIC-V5.0-5.3.2_400,.,2023-12-17,19ff24446e8f,2,XDD,Omicron (BA.2-like),220.0,2023-10-30,1872108,XDD,Omicron (BA.2-like),172.0,2023-12-17,1871976,JN.1.1,Omicron (BA.2-like),220.0000000001,2023-10-30,1846635,EG.5.1.1,Omicron (XBB.1-like),328.90201844862924,2023-07-14,1884582,XDD,Omicron (BA.2-like),217.41072760184807,2023-11-02,965896,BA.2.5,Omicron (BA.2-like),961.3848488131327,2021-10-19,True,14,62,11,True,67,0,,0,
1646465,ERR10304633,6,1,1,22787,26428,2,COVID-ARTIC-V4.1,.,2022-09-06,2e1aef4cf005,2,BA.5,Omicron (BA.5-like),661.0,2022-08-15,1646464,BA.5,Omicron (BA.5-like),639.0,2022-09-06,1540206,BA.5.1,Omicron (BA.5-like),710.0,2022-06-27,1621687,BA.5,Omicron (BA.5-like),661.0000000001,2022-08-15,1646464,BA.5,Omicron (BA.5-like),639.0,2022-09-06,1515835,BA.5.1,Omicron (BA.5-like),772.1484420514942,2022-04-26,False,1,2,4,False,6,0,,0,
1515581,ERR12750695,2,1,1,25625,26487,3,COVID-ARTIC-V3,.,2022-06-08,af1d688b1895,2,BA.2.9,Omicron (BA.2-like),740.2076203740967,2022-05-28,1515580,BA.2.9,Omicron (BA.2-like),729.0,2022-06-08,1489966,BA.2.9,Omicron (BA.2-like),771.3830505633455,2022-04-27,1361139,BA.2,Omicron (BA.2-like),836.0000000001,2022-02-21,1515580,BA.2.9,Omicron (BA.2-like),729.0,2022-06-08,965896,BA.2.5,Omicron (BA.2-like),961.3848488131327,2021-10-19,False,1,5,0,False,8,0,,0,
1140792,ERR8269618,1,1,1,26140,26488,1,COVID-ARTIC-V4.1,4.1alt,2022-01-21,8e267c077c5c,2,BA.1,Omicron (BA.1-like),878.8694962139502,2022-01-10,1140791,BA.1,Omicron (BA.1-like),867.0,2022-01-21,1079576,BA.1,Omicron (BA.1-like),885.0,2022-01-03,938500,BA.1.17.2,Omicron (BA.1-like),922.0000000001,2021-11-27,1140791,BA.1,Omicron (BA.1-like),867.0,2022-01-21,871714,BA.1,Omicron (BA.1-like),1011.137026065978,2021-08-30,False,2,7,2,False,5,0,,1,MNM4
787257,ERR7297817,1,1,1,25436,26488,2,COVID-ARTIC-V4.1,4,2021-10-29,78ff4524bc9d,2,AY.4,Delta (AY.4-like),977.380802517916,2021-10-03,787256,AY.4,Delta (AY.4-like),951.0,2021-10-29,642938,AY.4,Delta (AY.4-like),1033.743970485473,2021-08-08,347040,AY.120,Delta (B.1.617.2-like),1070.0,2021-07-02,787256,AY.4,Delta (AY.4-like),951.0,2021-10-29,167126,B.1.617.2,Delta (B.1.617.2-like),1266.016653633328,2020-12-18,False,2,8,3,False,6,0,,1,MNM4
1522558,ERR9869580,1,1,1,21790,26488,1,COVID-ARTIC-V4.1,4.1alt,2022-06-13,ff3b12b66fbc,2,BA.5.3.3,Omicron (BA.5-like),727.0,2022-06-10,1522557,BA.5.3.3,Omicron (BA.5-like),724.0,2022-06-13,1471221,BA.5.3.3,Omicron (BA.5-like),763.0000000002001,2022-05-05,1518038,BA.5.5,Omicron (BA.5-like),727.0000000001,2022-06-10,1522557,BA.5.3.3,Omicron (BA.5-like),724.0,2022-06-13,1428716,BA.5,Omicron (BA.5-like),828.0000007252249,2022-03-01,False,3,4,2,False,5,0,,1,MNM4
594269,ERR6816656,3,1,1,25004,26488,0,COVID-ARTIC-V3,3,2021-09-14,29c6cd164287,2,AY.4,Delta (AY.4-like),1013.0,2021-08-28,594268,AY.4,Delta (AY.4-like),996.0,2021-09-14,518762,AY.4,Delta (AY.4-like),1013.0000000001,2021-08-28,347040,AY.120,Delta (B.1.617.2-like),1070.0,2021-07-02,594268,AY.4,Delta (AY.4-like),996.0,2021-09-14,167126,B.1.617.2,Delta (B.1.617.2-like),1266.016653633328,2020-12-18,False,2,10,2,False,4,0,,1,MNM4
751633,ERR7268953,1,1,1,25615,26488,3,COVID-ARTIC-V4.1,4,2021-10-21,849135e959de,2,AY.4.2,Delta (AY.4.2-like),969.7751177213592,2021-10-11,751632,AY.4.2,Delta (AY.4.2-like),959.0,2021-10-21,648445,AY.4.2,Delta (AY.4.2-like),983.0,2021-09-27,347040,AY.120,Delta (B.1.617.2-like),1070.0,2021-07-02,751632,AY.4.2,Delta (AY.4.2-like),959.0,2021-10-21,167126,B.1.617.2,Delta (B.1.617.2-like),1266.016653633328,2020-12-18,False,3,14,2,False,7,0,,1,MNM4
1613876,ERR10120291,1,1,1,17293,26491,1,COVID-ARTIC-V4.1,4.1alt,2022-08-10,36c33bdda85c,2,BA.5.1,Omicron (BA.5-like),676.7628492736757,2022-07-31,1613875,BA.5.1,Omicron (BA.5-like),666.0,2022-08-10,1590454,BA.5.1,Omicron (BA.5-like),682.0,2022-07-25,1559437,BA.5.1,Omicron (BA.5-like),699.0,2022-07-08,1613875,BA.5.1,Omicron (BA.5-like),666.0,2022-08-10,1428715,BA.5.1,Omicron (BA.5-like),828.0000007250248,2022-03-01,False,0,8,4,True,5,0,,0,
1309755,SRR20469327,1,1,1,22205,26522,0,COVID-ARTIC-V4.1,.,2022-02-28,763088bbab5c,2,BA.1.1,Omicron (BA.1-like),843.6924458109978,2022-02-14,1309754,BA.1.1,Omicron (BA.1-like),829.0,2022-02-28,1154012,BA.1.1,Omicron (BA.1-like),864.0,2022-01-24,1210400,BA.1.1,Omicron (BA.1-like),853.0,2022-02-04,1309754,BA.1.1,Omicron (BA.1-like),829.0,2022-02-28,871714,BA.1,Omicron (BA.1-like),1011.137026065978,2021-08-30,False,0,3,5,False,5,0,,0,
1619701,SRR21370028,1,1,1,23536,26529,1,COVID-ARTIC-V4.1,.,2022-08-14,bacba58564fc,2,BA.5.2,Omicron (BA.5-like),680.726261480855,2022-07-27,1619700,BA.5.2,Omicron (BA.5-like),662.0,2022-08-14,1545324,BA.4.6,Omicron (BA.4-like),713.0,2022-06-24,1529248,BA.5.2.21,Omicron (BA.5-like),747.0000000001,2022-05-21,1619700,BA.5.2,Omicron (BA.5-like),662.0,2022-08-14,871725,BA.4,Omicron (BA.4-like),881.0000000002001,2022-01-07,True,5,11,12,True,8,0,,0,
1631860,SRR21829081,26,1,1,22911,26529,1,COVID-ARTIC-V4.1,.,2022-08-24,2b9683974adc,2,BA.5,Omicron (BA.5-like),662.3547084874658,2022-08-14,1631859,BA.5,Omicron (BA.5-like),652.0000000002001,2022-08-24,1610445,BA.4.1,Omicron (BA.4-like),765.246745424662,2022-05-03,1618632,BA.5.2.1,Omicron (BA.5-like),663.0,2022-08-13,1631859,BA.5,Omicron (BA.5-like),652.0000000002001,2022-08-24,871725,BA.4,Omicron (BA.4-like),881.0000000002001,2022-01-07,False,5,10,13,True,6,0,,0,
1609884,ERR10109642,1,1,1,24621,26529,0,COVID-ARTIC-V4.1,.,2022-08-06,4dbd990edd41,2,BA.4,Omicron (BA.5-like),708.7633135043511,2022-06-29,1609883,BA.4,Omicron (BA.5-like),670.0,2022-08-06,1495494,BF.5,Omicron (BA.5-like),781.9531844275733,2022-04-17,1107709,BA.2,Omicron (BA.2-like),875.0,2022-01-13,1609883,BA.4,Omicron (BA.5-like),670.0,2022-08-06,871726,BA.2,Omicron (BA.2-like),961.3848488132328,2021-10-19,True,5,13,11,True,6,0,,1,MNM3
1658954,ERR12980829,14,1,1,23536,26529,2,COVID-ARTIC-V3,.,2022-09-15,689dd9d5870d,2,BA.5.1,Omicron (BA.5-like),647.5012372824968,2022-08-29,1658953,BA.5.1,Omicron (BA.5-like),630.0,2022-09-15,1604564,BA.4.6,Omicron (BA.4-like),713.3892998033089,2022-06-24,1569745,BA.5.1,Omicron (BA.5-like),694.0,2022-07-13,1658953,BA.5.1,Omicron (BA.5-like),630.0,2022-09-15,871725,BA.4,Omicron (BA.4-like),881.0000000002001,2022-01-07,True,4,9,12,True,8,0,,0,
1670316,SRR22255468,1,1,1,23536,26529,1,COVID-ARTIC-V4.1,.,2022-09-26,769117d72de3,2,BA.5,Omicron (BA.5-like),628.780872772932,2022-09-17,1670315,BA.5,Omicron (BA.5-like),619.0,2022-09-26,1657215,BA.4.6,Omicron (BA.4-like),631.0,2022-09-14,1534816,BA.5.2,Omicron (BA.5-like),715.0,2022-06-22,1670315,BA.5,Omicron (BA.5-like),619.0,2022-09-26,871725,BA.4,Omicron (BA.4-like),881.0000000002001,2022-01-07,True,4,12,10,True,8,0,,0,
1614871,SRR21212337,8,1,1,23536,26529,2,COVID-ARTIC-V4.1,.,2022-08-11,d56113a67939,2,BA.5.2.1,Omicron (BA.5-like),751.1184003375415,2022-05-17,1614870,BA.5.2.1,Omicron (BA.5-like),665.0,2022-08-11,1519067,BA.4.6,Omicron (BA.4-like),765.0,2022-05-03,1441088,BA.5.2.1,Omicron (BA.5-like),828.0000003930714,2022-03-01,1649496,BA.5.2.1,Omicron (BA.5-like),673.3218713887862,2022-08-03,871725,BA.4,Omicron (BA.4-like),881.0000000002001,2022-01-07,True,5,7,10,True,7,0,,0,
1567768,ERR9979167,1,1,1,23249,26529,1,COVID-ARTIC-V4.1,4.1alt,2022-07-12,41c9d25ede00,2,BA.5,Omicron (BA.2-like),705.9919149104626,2022-07-02,1567767,BA.5,Omicron (BA.2-like),695.0,2022-07-12,1527787,BA.2.18,Omicron (BA.2-like),720.0,2022-06-17,1441088,BA.5.2.1,Omicron (BA.5-like),828.0000003930714,2022-03-01,1567767,BA.5,Omicron (BA.2-like),695.0,2022-07-12,871726,BA.2,Omicron (BA.2-like),961.3848488132328,2021-10-19,True,5,10,9,True,9,0,,0,
1561971,SRR20682949,1,1,1,23536,26529,1,COVID-ARTIC-V4.1,.,2022-07-09,1d80c7c45b08,2,BA.5.1,Omicron (BA.5-like),719.3546079421211,2022-06-18,1561970,BA.5.1,Omicron (BA.5-like),698.0,2022-07-09,1546240,BA.4.6,Omicron (BA.4-like),747.5211420226196,2022-05-21,1540982,BA.5.1,Omicron (BA.5-like),771.7715358967055,2022-04-27,1561970,BA.5.1,Omicron (BA.5-like),698.0,2022-07-09,871725,BA.4,Omicron (BA.4-like),881.0000000002001,2022-01-07,False,4,9,11,True,7,0,,0,
1562885,SRR20706313,1,1,1,24379,26529,0,COVID-ARTIC-V4.1,.,2022-07-10,58480870bd38,2,BA.4,Omicron (BA.4-like),700.0,2022-07-07,1562884,BA.4,Omicron (BA.4-like),697.0,2022-07-10,1484562,BA.5.6,Omicron (BA.5-like),753.0000000001,2022-05-15,1557160,BA.4,Omicron (BA.4-like),700.0000000001,2022-07-07,1562884,BA.4,Omicron (BA.4-like),697.0,2022-07-10,871725,BA.4,Omicron (BA.4-like),881.0000000002001,2022-01-07,True,3,10,8,True,6,0,,1,MNM3
1539736,ERR9911630,6,3,1,23041,26529,0,COVID-ARTIC-V4.1,4.1alt,2022-06-27,e4f32c251157,4,BA.4,Omicron (BA.5-like),731.7586719203586,2022-06-06,1539733,BA.4,Omicron (BA.5-like),710.0,2022-06-27,1521516,BE.1.1,Omicron (BA.5-like),750.0,2022-05-18,1388721,BA.2,Omicron (BA.2-like),805.0,2022-03-24,1539733,BA.4,Omicron (BA.5-like),710.0,2022-06-27,871726,BA.2,Omicron (BA.2-like),961.3848488132328,2021-10-19,True,6,12,7,True,5,0,,1,MNM3
1870231,SRR27482619,1,1,1,26276,26529,0,COVID-ARTIC-V5.0-5.3.2_400,.,2023-12-11,0256117f3a01,2,HV.1,Omicron (XBB-like),190.32384850571896,2023-11-29,1870230,HV.1,Omicron (XBB-like),178.0,2023-12-11,1860426,HV.1,Omicron (XBB.1-like),204.0000000001,2023-11-15,1858216,JN.1.4.5,Omicron (BA.2-like),211.0000000002,2023-11-08,1870230,HV.1,Omicron (XBB-like),178.0,2023-12-11,965896,BA.2.5,Omicron (BA.2-like),961.3848488131327,2021-10-19,True,16,71,12,True,72,0,,0,
1526256,ERR9876715,5,1,1,24107,26529,1,COVID-ARTIC-V4.1,4.1alt,2022-06-16,caffaaa574ad,2,BA.5.2.1,Omicron (BA.5-like),734.0610191301972,2022-06-03,1526255,BA.5.2.1,Omicron (BA.5-like),721.0,2022-06-16,1510686,BA.4,Omicron (BA.4-like),759.7289799088719,2022-05-09,1510528,BF.6,Omicron (BA.5-like),770.389354056419,2022-04-28,1526255,BA.5.2.1,Omicron (BA.5-like),721.0,2022-06-16,871725,BA.4,Omicron (BA.4-like),881.0000000002001,2022-01-07,False,5,8,11,True,7,0,,0,
1535267,ERR9908351,1,1,1,24384,26529,3,COVID-ARTIC-V4.1,4.1alt,2022-06-23,08e7c5eba7f9,2,BA.2,Omicron (BA.2-like),725.9784692515485,2022-06-12,1535266,BA.2,Omicron (BA.2-like),714.0,2022-06-23,1428139,BA.2.13.1,Omicron (BA.2-like),789.0000000001,2022-04-09,1504007,BA.5.5,Omicron (BA.5-like),737.0000000001,2022-05-31,1535266,BA.2,Omicron (BA.2-like),714.0,2022-06-23,871726,BA.2,Omicron (BA.2-like),961.3848488132328,2021-10-19,True,5,11,8,True,13,0,,0,
1646431,ERR10231277,1,1,1,26276,26529,3,COVID-ARTIC-V4.1,.,2022-09-06,83b17e742865,2,BA.2.75,Omicron (BA.2-like),649.8910635925271,2022-08-27,1646430,BA.2.75,Omicron (BA.2-like),639.0,2022-09-06,1562456,BA.2.75.3,Omicron (BA.2-like),807.7781763124142,2022-03-22,1627202,BA.5.2.1,Omicron (BA.5-like),656.0,2022-08-20,1646430,BA.2.75,Omicron (BA.2-like),639.0,2022-09-06,871726,BA.2,Omicron (BA.2-like),961.3848488132328,2021-10-19,True,6,29,9,True,14,0,,0,
1311512,ERR9216823,2,1,1,26061,26530,2,COVID-ARTIC-V4.1,4.1alt,2022-03-01,38f94336ac39,2,XAD,Omicron (BA.2-like),836.0000000001,2022-02-21,1311511,XAD,Omicron (BA.2-like),828.0,2022-03-01,1109239,BA.2,Omicron (BA.2-like),874.0,2022-01-14,1287131,BA.1.1,Omicron (BA.1-like),836.0000000002001,2022-02-21,1482736,XAD,Omicron (BA.2-like),836.0,2022-02-21,871728,B.1.1.529,Omicron (Unassigned),1333.8575128682105,2020-10-12,True,3,46,5,True,7,0,,1,MNM2
160838,SRR13868074,2,1,1,25908,26664,1,COVID-ARTIC-V3,.,2021-02-18,a3ac24058d14,2,B.1.375,.,1226.0825085616173,2021-01-27,160837,B.1.375,.,1204.0,2021-02-18,85163,B.1.375,.,1268.0,2020-12-16,24075,B.1.2,.,1462.0,2020-06-05,160837,B.1.375,.,1204.0,2021-02-18,200,B.1,.,1591.6612163416585,2020-01-28,True,2,16,8,True,9,0,,0,
1374550,ERR9419411,1,1,1,25516,26681,1,COVID-ARTIC-V4.1,.,2022-03-20,895ebb403f8f,2,BA.1.17,Omicron (BA.1-like),828.2857126466765,2022-03-01,1374549,BA.1.17,Omicron (BA.1-like),809.0,2022-03-20,1098280,BA.1.17,Omicron (BA.1-like),878.0,2022-01-10,1116672,BA.1.17.2,Omicron (BA.1-like),872.0,2022-01-16,1374549,BA.1.17,Omicron (BA.1-like),809.0,2022-03-20,903389,BA.1.17,Omicron (BA.1-like),929.1821366261852,2021-11-20,False,1,9,2,False,5,0,,1,MNM3
931529,ERR7607023,5,1,1,26102,26681,1,COVID-ARTIC-V4.1,4,2021-11-25,200760424fa4,2,AY.4,Delta (AY.4-like),938.1336319980368,2021-11-11,931528,AY.4,Delta (AY.4-like),924.0000000002,2021-11-25,842072,AY.4,Delta (AY.4-like),941.0000000002,2021-11-08,461674,AY.4,Delta (AY.4-like),1030.0,2021-08-11,931528,AY.4,Delta (AY.4-like),924.0000000002,2021-11-25,197833,AY.4,Delta (AY.4-like),1205.4515064848665,2021-02-17,False,0,8,4,True,5,0,,0,
1533487,SRR20735484,1,1,1,26622,26690,2,COVID-ARTIC-V4.1,.,2022-06-21,f376ac6003fc,2,BA.5,Omicron (BA.5-like),726.1216221177511,2022-06-11,1533486,BA.5,Omicron (BA.5-like),716.0,2022-06-21,1502463,BA.4,Omicron (BA.4-like),803.0305181580168,2022-03-26,1477824,BA.5.3,Omicron (BA.5-like),759.0,2022-05-09,1533486,BA.5,Omicron (BA.5-like),716.0,2022-06-21,871725,BA.4,Omicron (BA.4-like),881.0000000002001,2022-01-07,True,3,3,7,False,6,0,,0,
166252,ERR5458932,1,1,1,21976,26714,1,COVID-ARTIC-V3,3,2021-02-22,c42ae40e81dd,2,B.1.1.7,Alpha (B.1.1.7-like),1206.0,2021-02-16,166251,B.1.1.7,Alpha (B.1.1.7-like),1200.0,2021-02-22,154200,B.1.1.7,Alpha (B.1.1.7-like),1241.0000000001,2021-01-12,156664,B.1.1.7,Alpha (B.1.1.7-like),1206.0000000001,2021-02-16,166251,B.1.1.7,Alpha (B.1.1.7-like),1200.0,2021-02-22,50503,B.1.1.7,Alpha (B.1.1.7-like),1359.8932779246688,2020-09-16,False,0,7,2,False,5,0,,0,
1872524,SRR27417007,1,1,1,26682,26750,3,COVID-ARTIC-V4.1,.,2023-12-18,bd9fb8db035c,2,BA.2.86.1,Omicron (BA.2-like),200.54210926888948,2023-11-19,1872523,BA.2.86.1,Omicron (BA.2-like),171.0,2023-12-18,1854731,JN.1.1,Omicron (BA.2-like),277.34372403960464,2023-09-03,1811821,FU.2,Omicron (XBB.1.16-like),469.546021954975,2023-02-23,1872523,BA.2.86.1,Omicron (BA.2-like),171.0,2023-12-18,965896,BA.2.5,Omicron (BA.2-like),961.3848488131327,2021-10-19,True,12,71,8,True,11,0,,0,
1646115,SRR21670886,2,1,1,22600,26753,0,COVID-ARTIC-V4.1,.,2022-09-05,c447fbdd0d4f,2,BA.5.1.18,Omicron (BA.5-like),656.5178330958975,2022-08-20,1646114,BA.5.1.18,Omicron (BA.5-like),640.0,2022-09-05,1602623,BA.5.1.18,Omicron (BA.5-like),675.0,2022-08-01,1546573,BA.5.6,Omicron (BA.5-like),706.0,2022-07-01,1646114,BA.5.1.18,Omicron (BA.5-like),640.0,2022-09-05,1428716,BA.5,Omicron (BA.5-like),828.0000007252249,2022-03-01,False,3,14,4,True,4,0,,0,
399636,SRR15387612,1,1,1,25470,26767,2,COVID-ARTIC-V3,.,2021-07-25,74eed6d3426a,2,B.1.617.2,.,1072.6489413155762,2021-06-30,399635,B.1.617.2,.,1047.0,2021-07-25,347893,AY.113,Delta (B.1.617.2-like),1154.5309103066766,2021-04-09,10596,B.1.1,.,1538.0,2020-03-21,399635,B.1.617.2,.,1047.0,2021-07-25,68,B.1,.,1591.6612163418586,2020-01-28,True,4,24,3,False,11,0,,2,"MNM2,mnS3"
618695,SRR24008365,1,1,1,26108,26786,0,COVID-ARTIC-V3,.,2021-09-19,16e55598db38,2,B.1.617.2,Delta (B.1.617.2-like),1016.5959296825246,2021-08-25,618694,B.1.617.2,Delta (B.1.617.2-like),991.0,2021-09-19,396233,AY.25,Delta (B.1.617.2-like),1048.0000000002,2021-07-24,265107,B.1.617.2,Delta (B.1.617.2-like),1203.2082888462096,2021-02-19,618694,B.1.617.2,Delta (B.1.617.2-like),991.0,2021-09-19,167135,B.1.617.2,Delta (B.1.617.2-like),1454.533651447372,2020-06-13,False,1,20,6,True,5,0,,0,
1360191,ERR9453780,3,1,1,26531,26858,0,COVID-ARTIC-V4.1,.,2022-03-15,c309b685f577,2,BA.2,Omicron (BA.2-like),827.4627898477431,2022-03-02,1360190,BA.2,Omicron (BA.2-like),814.0,2022-03-15,1310486,BA.2.9,Omicron (BA.2-like),836.0,2022-02-21,1310366,BA.1.1,Omicron (BA.1-like),871.3422187163667,2022-01-17,1360190,BA.2,Omicron (BA.2-like),814.0,2022-03-15,871728,B.1.1.529,Omicron (Unassigned),1333.8575128682105,2020-10-12,False,4,53,5,True,7,0,,0,
1697530,SRR22295686,5,1,1,26530,26858,2,COVID-ARTIC-V4.1,.,2022-10-26,f0c7b1185d85,2,BA.2.75,Omicron (BA.2-like),625.2131695377407,2022-09-20,1697529,BA.2.75,Omicron (BA.2-like),589.0000000001,2022-10-26,1611182,BA.2.75.5,Omicron (BA.2-like),794.6247180928445,2022-04-04,1489122,BA.5.2,Omicron (BA.5-like),750.0,2022-05-18,1697529,BA.2.75,Omicron (BA.2-like),589.0000000001,2022-10-26,965896,BA.2.5,Omicron (BA.2-like),961.3848488131327,2021-10-19,True,5,26,9,True,10,0,,0,
1428716,SRR21340546,244601,11,2,23041,26858,4,COVID-ARTIC-V4.1,.,2022-04-09,b5319075bfb0,13,BA.5,Omicron (BA.5-like),828.0000007252249,2022-03-01,1428704,BA.5.5,Omicron (BA.5-like),795.0000000002001,2022-04-03,871725,BA.4,Omicron (BA.4-like),881.0000000002001,2022-01-07,1312303,BA.2,Omicron (BA.2-like),828.000000725325,2022-03-01,1492443,BA.5,Omicron (BA.5-like),828.0000007251249,2022-03-01,871726,BA.2,Omicron (BA.2-like),961.3848488132328,2021-10-19,False,2,6,5,True,9,0,,0,
1728249,ERR13175818,1,1,1,26530,26858,2,COVID-ARTIC-V4.1,.,2022-12-19,2776e8956116,2,BA.5.3.1,Omicron (BA.5-like),557.070421148132,2022-11-27,1728248,BA.5.3.1,Omicron (BA.5-like),535.0,2022-12-19,1663037,BA.4.6,Omicron (BA.4-like),626.0,2022-09-19,1493655,BA.5.3.1,Omicron (BA.5-like),828.0000006060291,2022-03-01,1728248,BA.5.3.1,Omicron (BA.5-like),535.0,2022-12-19,871726,BA.2,Omicron (BA.2-like),961.3848488132328,2021-10-19,True,5,8,10,True,8,0,,0,
1868714,SRR27366578,108,1,1,26834,26882,1,COVID-ARTIC-V5.0-5.3.2_400,.,2023-12-06,f3a0a40365b5,2,XDP,Omicron (BA.2-like),222.3398569309016,2023-10-28,1868713,XDP,Omicron (BA.2-like),183.0,2023-12-06,1855173,JN.1.4,Omicron (BA.2-like),222.41038910011275,2023-10-28,1849229,FL.15,Omicron (XBB.1-like),360.0138763603849,2023-06-12,1870372,XDP,Omicron (BA.2-like),219.5514964354152,2023-10-31,965896,BA.2.5,Omicron (BA.2-like),961.3848488131327,2021-10-19,True,12,71,6,True,7,0,,0,
1872252,SRR29320372,1,1,1,25977,26900,1,COVID-ARTIC-V4.1,.,2023-12-17,94119542b0a9,2,KT.1.1,Omicron (XBB.1-like),174.0,2023-12-15,1872251,KT.1.1,Omicron (XBB.1-like),172.0,2023-12-17,1871766,KT.1.1,Omicron (XBB-like),174.0000000001,2023-12-15,1822084,XBB.1.5.3,Omicron (XBB.1.5-like),374.0,2023-05-29,1872251,KT.1.1,Omicron (XBB.1-like),172.0,2023-12-17,1673437,XBB,Omicron (XBB-like),747.5583239157871,2022-05-21,True,11,30,6,True,7,0,,0,
1706441,ERR10618774,1,1,1,24211,26966,2,COVID-ARTIC-V4.1,.,2022-11-11,9dfb7ec8938b,2,BA.5.2,Omicron (BA.5-like),592.4544066436545,2022-10-23,1706440,BA.5.2,Omicron (BA.5-like),573.0,2022-11-11,1634202,BF.7.8,Omicron (BA.5-like),650.0,2022-08-26,1615560,BA.5.2.8,Omicron (BA.5-like),665.0,2022-08-11,1706440,BA.5.2,Omicron (BA.5-like),573.0,2022-11-11,1441168,BA.5.2,Omicron (BA.5-like),828.0000003931715,2022-03-01,True,4,8,6,True,7,0,,0,
828928,ERR7392241,10,1,1,26007,27005,0,COVID-ARTIC-V4.1,4,2021-11-06,4666f9304733,2,AY.120,Delta (B.1.617.2-like),972.7722822669562,2021-10-08,828927,AY.120,Delta (B.1.617.2-like),943.0,2021-11-06,776402,AY.120,Delta (B.1.617.2-like),974.0,2021-10-06,448120,AY.98,Delta (B.1.617.2-like),1034.0,2021-08-07,3399721,AY.120,Delta (B.1.617.2-like),972.772282266856,2021-10-08,167127,B.1.617.2,Delta (B.1.617.2-like),1268.2440285999382,2020-12-16,False,2,15,3,False,5,0,,2,"MNM7,MNM7a"
1706132,SRR22834501,1,1,1,22499,27012,0,COVID-ARTIC-V4.1,.,2022-11-10,46a408d1ffd4,2,BA.5.2,Omicron (BA.5-like),592.6052060158102,2022-10-23,1706131,BA.5.2,Omicron (BA.5-like),574.0,2022-11-10,1683793,BA.5.2.1,Omicron (BA.5-like),638.0,2022-09-07,1556203,BA.5.2,Omicron (BA.5-like),701.0000000002001,2022-07-06,1706131,BA.5.2,Omicron (BA.5-like),574.0,2022-11-10,1441088,BA.5.2.1,Omicron (BA.5-like),828.0000003930714,2022-03-01,False,1,10,5,True,5,0,,0,
1647273,SRR21635978,1,1,1,21138,27012,1,COVID-ARTIC-V4.1,.,2022-09-06,d1e0f911be03,2,BA.5.2,Omicron (BA.5-like),654.5597845044907,2022-08-22,1647272,BA.5.2,Omicron (BA.5-like),639.0,2022-09-06,1636865,BA.5.1,Omicron (BA.5-like),674.8490341221975,2022-08-02,1556203,BA.5.2,Omicron (BA.5-like),701.0000000002001,2022-07-06,1647272,BA.5.2,Omicron (BA.5-like),639.0,2022-09-06,1428716,BA.5,Omicron (BA.5-like),828.0000007252249,2022-03-01,True,2,10,6,True,7,0,,0,
1671685,SRR21947661,1,1,1,19274,27012,0,COVID-ARTIC-V4.1,.,2022-09-27,278f3a9a6902,2,BA.5.2,Omicron (BA.5-like),658.196048959284,2022-08-18,1671684,BA.5.2,Omicron (BA.5-like),618.0,2022-09-27,1573804,BA.5.1.22,Omicron (BA.5-like),759.5860421207019,2022-05-09,1556203,BA.5.2,Omicron (BA.5-like),701.0000000002001,2022-07-06,1671684,BA.5.2,Omicron (BA.5-like),618.0,2022-09-27,1428716,BA.5,Omicron (BA.5-like),828.0000007252249,2022-03-01,True,3,9,5,True,5,0,,0,
1683417,SRR22060046,6,1,1,17616,27012,2,COVID-ARTIC-V4.1,.,2022-10-10,f70508c89063,2,BA.5.2,Omicron (BA.5-like),650.8834014767731,2022-08-26,1683416,BA.5.2,Omicron (BA.5-like),605.0,2022-10-10,1529618,BA.5.1,Omicron (BA.5-like),719.0,2022-06-18,1564091,BA.5.2,Omicron (BA.5-like),752.0397617246796,2022-05-16,1708129,BA.5.2,Omicron (BA.5-like),634.9922392072788,2022-09-11,1428716,BA.5,Omicron (BA.5-like),828.0000007252249,2022-03-01,False,2,5,7,True,6,0,,0,
1623858,SRR22194083,74,2,1,22600,27012,1,COVID-ARTIC-V4.1,.,2022-08-17,6d4834cbcf00,3,XBE,Omicron (BA.5-like),691.0862282656963,2022-07-16,1623856,XBE,Omicron (BA.5-like),659.0,2022-08-17,1566700,BA.5.2.6,Omicron (BA.5-like),753.1805684046628,2022-05-15,1523262,BE.4,Omicron (BA.5-like),724.0000000003001,2022-06-13,1648566,XBE,Omicron (BA.5-like),674.3007338948387,2022-08-02,1428716,BA.5,Omicron (BA.5-like),828.0000007252249,2022-03-01,True,5,7,5,True,5,0,,0,
1630344,SRR28423099,2,1,1,22883,27012,2,COVID-ARTIC-V4.1,.,2022-08-22,d334dd655caa,2,BA.5.2,Omicron (BA.5-like),698.641707452976,2022-07-09,1630343,BA.5.2,Omicron (BA.5-like),654.0,2022-08-22,1459523,BA.5.1,Omicron (BA.5-like),772.0000000001,2022-04-26,1542127,BA.5.2,Omicron (BA.5-like),709.0,2022-06-28,1679816,BA.5.2,Omicron (BA.5-like),692.634119589523,2022-07-15,1428716,BA.5,Omicron (BA.5-like),828.0000007252249,2022-03-01,True,2,7,6,True,7,0,,0,
1627218,SRR21459201,2,1,1,17305,27012,0,COVID-ARTIC-V4.1,.,2022-08-20,b4503cfe152b,2,BA.5.2,Omicron (BA.5-like),679.728676631027,2022-07-28,1627217,BA.5.2,Omicron (BA.5-like),656.0,2022-08-20,1557482,BE.3,Omicron (BA.5-like),718.8168562492166,2022-06-19,1542697,BA.5.2.1,Omicron (BA.5-like),708.0,2022-06-29,1627217,BA.5.2,Omicron (BA.5-like),656.0,2022-08-20,1428716,BA.5,Omicron (BA.5-like),828.0000007252249,2022-03-01,True,5,7,6,True,5,0,,0,
1731575,SRR23204535,4,1,1,22943,27012,1,COVID-ARTIC-V4.1,.,2022-12-25,fdac7ce2abc6,2,BU.1,Omicron (BA.5-like),565.1084478033989,2022-11-19,1731574,BU.1,Omicron (BA.5-like),529.0000000001,2022-12-25,1627306,BU.1,Omicron (BA.5-like),656.0000000002001,2022-08-20,1643125,BQ.1.10,Omicron (BA.5-like),676.0325341576172,2022-07-31,1731574,BU.1,Omicron (BA.5-like),529.0000000001,2022-12-25,1428716,BA.5,Omicron (BA.5-like),828.0000007252249,2022-03-01,True,10,13,6,True,7,0,,0,
1614375,SRR24221402,1,1,1,20678,27012,1,COVID-VARSKIP-V1a-2b,.,2022-08-10,4f4f3e24e033,2,BA.5.2,Omicron (BA.5-like),682.5792510291068,2022-07-25,1614374,BA.5.2,Omicron (BA.5-like),666.0,2022-08-10,1527316,BA.5.2,Omicron (BA.5-like),721.0000000002001,2022-06-16,1592682,BA.5.2.1,Omicron (BA.5-like),728.0,2022-06-09,1614374,BA.5.2,Omicron (BA.5-like),666.0,2022-08-10,1441168,BA.5.2,Omicron (BA.5-like),828.0000003931715,2022-03-01,True,1,8,7,True,7,0,,0,
1613302,ERR13090835,10,2,1,19274,27012,1,COVID-ARTIC-V4.1,.,2022-08-09,d7bbc711ced3,3,BA.5.2,Omicron (BA.5-like),701.0,2022-07-06,1613301,BA.5.2,Omicron (BA.5-like),667.0,2022-08-09,1533005,BA.5.1,Omicron (BA.5-like),716.0,2022-06-21,1556203,BA.5.2,Omicron (BA.5-like),701.0000000002001,2022-07-06,1687868,BA.5.2,Omicron (BA.5-like),699.8230489795387,2022-07-08,1428716,BA.5,Omicron (BA.5-like),828.0000007252249,2022-03-01,True,2,9,5,True,6,0,,0,
1733018,ERR10771265,2,1,1,22943,27012,3,COVID-ARTIC-V4.1,4.1alt,2022-12-28,26fe1ddfbdd6,2,BQ.1.1,Omicron (BA.5-like),601.45545760268,2022-10-14,1733017,BQ.1.1,Omicron (BA.5-like),526.0,2022-12-28,1723524,BQ.1.1,Omicron (BA.5-like),655.335346391527,2022-08-21,1556203,BA.5.2,Omicron (BA.5-like),701.0000000002001,2022-07-06,1735521,BQ.1.1,Omicron (BA.5-like),576.18489188797,2022-11-08,1428716,BA.5,Omicron (BA.5-like),828.0000007252249,2022-03-01,True,8,15,5,True,8,0,,0,
1532312,ERR13124279,4,1,1,16936,27012,1,COVID-ARTIC-V3,.,2022-06-20,f546f39f3f13,2,BE.1.1,Omicron (BA.5-like),750.0,2022-05-18,1532311,BE.1.1,Omicron (BA.5-like),717.0,2022-06-20,1488446,BE.1.1,Omicron (BA.5-like),750.0000000005007,2022-05-18,1479759,BA.5.2.1,Omicron (BA.5-like),782.0008187556843,2022-04-16,1532311,BE.1.1,Omicron (BA.5-like),717.0,2022-06-20,1428716,BA.5,Omicron (BA.5-like),828.0000007252249,2022-03-01,True,6,7,4,True,5,0,,0,
1040116,SRR19283568,64,1,1,22600,27031,1,COVID-ARTIC-V4.1,.,2021-12-18,2d206bad6c34,2,BA.1.1,Omicron (BA.1-like),912.0,2021-12-07,1040115,BA.1.1,Omicron (BA.1-like),901.0,2021-12-18,961188,BA.1.18,Omicron (BA.1-like),991.2778246859324,2021-09-19,995387,BA.1.20,Omicron (BA.1-like),912.0000000001,2021-12-07,1040115,BA.1.1,Omicron (BA.1-like),901.0,2021-12-18,871714,BA.1,Omicron (BA.1-like),1011.137026065978,2021-08-30,False,2,4,2,False,5,0,,0,
1685093,ERR10428510,1,1,1,25097,27038,2,COVID-ARTIC-V4.1,4.1alt,2022-10-12,c26d711f8f6b,2,BF.28,Omicron (BA.5-like),613.9489636464818,2022-10-02,1685092,BF.28,Omicron (BA.5-like),603.0,2022-10-12,1650825,BF.28,Omicron (BA.5-like),635.0,2022-09-10,1545217,BA.5.1,Omicron (BA.5-like),707.0,2022-06-30,1685092,BF.28,Omicron (BA.5-like),603.0,2022-10-12,1428716,BA.5,Omicron (BA.5-like),828.0000007252249,2022-03-01,True,4,9,4,True,6,0,,0,
1650860,SRR21694577,1,1,1,23639,27038,0,COVID-ARTIC-V4.1,.,2022-09-10,c39e58448751,2,BA.5.5,Omicron (BA.5-like),639.0,2022-09-06,1650859,BA.5.5,Omicron (BA.5-like),635.0,2022-09-10,1647072,BA.5.5,Omicron (BA.5-like),656.9919473469498,2022-08-20,1647260,BF.26,Omicron (BA.5-like),639.0000000001,2022-09-06,1650859,BA.5.5,Omicron (BA.5-like),635.0,2022-09-10,1428716,BA.5,Omicron (BA.5-like),828.0000007252249,2022-03-01,False,4,10,3,False,4,0,,0,
1662304,SRR21795806,5,2,1,19153,27038,0,COVID-ARTIC-V4.1,.,2022-09-18,6e3061e97e3d,3,BA.5,Omicron (BA.5-like),635.0,2022-09-10,1662302,BA.5,Omicron (BA.5-like),627.0,2022-09-18,1650419,BA.5.1.22,Omicron (BA.5-like),635.0000000001,2022-09-10,1647260,BF.26,Omicron (BA.5-like),639.0000000001,2022-09-06,1662302,BA.5,Omicron (BA.5-like),627.0,2022-09-18,1428716,BA.5,Omicron (BA.5-like),828.0000007252249,2022-03-01,True,5,9,6,True,5,0,,0,
1575222,SRR20916680,1,1,1,23949,27038,0,COVID-ARTIC-V4.1,.,2022-07-16,4e18bdde89d8,2,BE.1,Omicron (BA.5-like),699.0,2022-07-08,1575221,BE.1,Omicron (BA.5-like),691.0,2022-07-16,1560507,BE.1,Omicron (BA.5-like),699.0000000001,2022-07-08,1547931,BF.1.1,Omicron (BA.5-like),705.0,2022-07-02,1575221,BE.1,Omicron (BA.5-like),691.0,2022-07-16,1428716,BA.5,Omicron (BA.5-like),828.0000007252249,2022-03-01,True,7,20,4,True,4,0,,0,
1558525,ERR13126744,3,1,1,24621,27038,0,COVID-ARTIC-V3,.,2022-07-07,7dd421a5ae65,2,BE.1.1,Omicron (BA.5-like),718.2495160645353,2022-06-19,1558524,BE.1.1,Omicron (BA.5-like),700.0,2022-07-07,1542971,BE.1.1,Omicron (BA.5-like),750.0,2022-05-18,1490108,BF.5,Omicron (BA.5-like),813.3864903490515,2022-03-16,1558524,BE.1.1,Omicron (BA.5-like),700.0,2022-07-07,1428716,BA.5,Omicron (BA.5-like),828.0000007252249,2022-03-01,True,7,9,5,True,5,0,,0,
1422832,SRR19024411,1,1,1,22205,27131,2,COVID-ARTIC-V4.1,.,2022-04-06,e3262cf07f62,2,BA.1.1,Omicron (BA.1-like),808.0349929390854,2022-03-21,1422831,BA.1.1,Omicron (BA.1-like),792.0,2022-04-06,1266537,BA.1.1,Omicron (BA.1-like),922.219123534248,2021-11-27,1319805,BA.1.1,Omicron (BA.1-like),826.0,2022-03-03,1422831,BA.1.1,Omicron (BA.1-like),792.0,2022-04-06,871714,BA.1,Omicron (BA.1-like),1011.137026065978,2021-08-30,False,0,2,4,False,6,0,,1,MNM2
1576616,SRR21642040,1,1,1,27039,27259,3,COVID-ARTIC-V4.1,.,2022-07-17,9d66ebc48a41,2,BA.2.12.1,Omicron (BA.2-like),701.1643395360406,2022-07-06,1576615,BA.2.12.1,Omicron (BA.2-like),690.0,2022-07-17,1523304,BA.2.12.1,Omicron (BA.2-like),771.2912307053122,2022-04-27,1527565,BF.1,Omicron (BA.5-like),731.0,2022-06-06,1576615,BA.2.12.1,Omicron (BA.2-like),690.0,2022-07-17,965896,BA.2.5,Omicron (BA.2-like),961.3848488131327,2021-10-19,True,7,33,9,True,14,0,,0,
1762526,SRR23730458,1,1,1,26859,27259,1,COVID-ARTIC-V4.1,.,2023-02-08,98ebff61c906,2,BA.5.3.5,Omicron (BA.5-like),485.0,2023-02-07,1762525,BA.5.3.5,Omicron (BA.5-like),484.0,2023-02-08,1761375,BA.5.3.5,Omicron (BA.5-like),485.0000000001,2023-02-07,1288932,BA.2,Omicron (BA.2-like),836.0,2022-02-21,1762525,BA.5.3.5,Omicron (BA.5-like),484.0,2023-02-08,965896,BA.2.5,Omicron (BA.2-like),961.3848488131327,2021-10-19,False,4,21,4,True,7,0,,1,MNM3
1583143,ERR12540034,1,1,1,27013,27259,3,COVID-MIDNIGHT-1200,.,2022-07-20,7561d161e32f,2,BA.4,Omicron (BA.5-like),707.4265558486935,2022-06-30,1583142,BA.4,Omicron (BA.5-like),687.0,2022-07-20,1523285,BA.5.2,Omicron (BA.5-like),782.0005946323984,2022-04-16,1300797,BA.2,Omicron (BA.2-like),895.9142488343923,2021-12-24,1583142,BA.4,Omicron (BA.5-like),687.0,2022-07-20,965896,BA.2.5,Omicron (BA.2-like),961.3848488131327,2021-10-19,True,3,14,7,True,9,0,,1,MNM3
1626552,SRR21450946,1,1,1,26859,27259,2,COVID-ARTIC-V4.1,.,2022-08-20,1b1c66196b2a,2,BA.4.6,Omicron (BA.4-like),664.6043689445761,2022-08-12,1626551,BA.4.6,Omicron (BA.4-like),656.0,2022-08-20,1584235,BA.4.6,Omicron (BA.4-like),686.0,2022-07-21,1597792,BA.5,Omicron (BA.5-like),678.0,2022-07-29,1626551,BA.4.6,Omicron (BA.4-like),656.0,2022-08-20,871726,BA.2,Omicron (BA.2-like),961.3848488132328,2021-10-19,False,3,14,4,True,8,0,,0,
1620855,SRR21382433,1,1,1,27039,27259,2,COVID-ARTIC-V4.1,.,2022-08-15,09f82aca293b,2,BA.4,Omicron (BA.5-like),698.8613460508843,2022-07-09,1620854,BA.4,Omicron (BA.5-like),661.0,2022-08-15,1560983,BF.3,Omicron (BA.5-like),828.0000003927447,2022-03-01,1227159,BA.2.9,Omicron (BA.2-like),882.0,2022-01-06,1620854,BA.4,Omicron (BA.5-like),661.0,2022-08-15,965896,BA.2.5,Omicron (BA.2-like),961.3848488131327,2021-10-19,True,6,16,5,True,7,0,,1,MNM3
1767168,SRR23620346,2,1,1,26859,27259,2,COVID-VARSKIP-V1a-2b,.,2023-02-13,6a5d6044853e,2,XBB.1.5,Omicron (XBB-like),495.0503626135288,2023-01-28,1767167,XBB.1.5,Omicron (XBB-like),479.0,2023-02-13,1722098,XBB.1.5.3,Omicron (XBB.1.5-like),542.0,2022-12-12,1756602,BQ.1.1,Omicron (BA.5-like),542.0000000001,2022-12-12,1767167,XBB.1.5,Omicron (XBB-like),479.0,2023-02-13,965896,BA.2.5,Omicron (BA.2-like),961.3848488131327,2021-10-19,True,16,36,7,True,10,0,,0,
1532057,SRR20735880,2,1,1,27039,27259,3,COVID-ARTIC-V4.1,.,2022-06-20,1495eff94fed,2,BA.4,Omicron (BA.5-like),763.0,2022-05-05,1532056,BA.4,Omicron (BA.5-like),717.0,2022-06-20,1501126,BF.4,Omicron (BA.5-like),807.6801906735332,2022-03-22,1471770,BA.2.3,Omicron (BA.2-like),763.0000000001,2022-05-05,1532056,BA.4,Omicron (BA.5-like),717.0,2022-06-20,965896,BA.2.5,Omicron (BA.2-like),961.3848488131327,2021-10-19,False,6,17,4,True,8,0,,1,MNM3
1588857,SRR20999825,1,1,1,26859,27259,0,COVID-ARTIC-V4.1,.,2022-07-24,b1efa3836908,2,BA.4,Omicron (BA.5-like),715.6114034821128,2022-06-22,1588856,BA.4,Omicron (BA.5-like),683.0,2022-07-24,1479885,BA.4.1,Omicron (BA.4-like),757.0,2022-05-11,1477824,BA.5.3,Omicron (BA.5-like),759.0,2022-05-09,1588856,BA.4,Omicron (BA.5-like),683.0,2022-07-24,871726,BA.2,Omicron (BA.2-like),961.3848488132328,2021-10-19,True,4,6,5,True,5,0,,0,
1522483,SRR20735646,1,1,1,26859,27259,3,COVID-ARTIC-V4.1,.,2022-06-13,0d81e8c73d0e,2,BA.2.12,Omicron (BA.2-like),741.8149177603084,2022-05-27,1522482,BA.2.12,Omicron (BA.2-like),724.0,2022-06-13,1357002,BA.2.12.1,Omicron (BA.2-like),815.0000000001,2022-03-14,1428716,BA.5,Omicron (BA.5-like),828.0000007252249,2022-03-01,1522482,BA.2.12,Omicron (BA.2-like),724.0,2022-06-13,965896,BA.2.5,Omicron (BA.2-like),961.3848488131327,2021-10-19,True,4,10,4,True,9,0,,0,
1065974,SRR24065866,1,1,1,26257,27262,2,COVID-ARTIC-V3,.,2021-12-28,a5fd4756aaf0,2,AY.25,Delta (B.1.617.2-like),906.098322837629,2021-12-13,1065973,AY.25,Delta (B.1.617.2-like),891.0,2021-12-28,820105,AY.25,Delta (B.1.617.2-like),945.0,2021-11-04,539579,AY.103,Delta (B.1.617.2-like),1051.0000000001,2021-07-21,1065973,AY.25,Delta (B.1.617.2-like),891.0,2021-12-28,167127,B.1.617.2,Delta (B.1.617.2-like),1268.2440285999382,2020-12-16,False,2,17,5,True,7,0,,0,
433825,SRR15557674,1,1,1,24209,27291,0,COVID-ARTIC-V3,.,2021-08-03,3841080e1532,2,AY.44,Delta (B.1.617.2-like),1066.313780497826,2021-07-06,433824,AY.44,Delta (B.1.617.2-like),1038.0,2021-08-03,419635,AY.44,Delta (B.1.617.2-like),1083.0000000001005,2021-06-19,317893,AY.103,Delta (B.1.617.2-like),1162.0761901606472,2021-04-01,433824,AY.44,Delta (B.1.617.2-like),1038.0,2021-08-03,167127,B.1.617.2,Delta (B.1.617.2-like),1268.2440285999382,2020-12-16,False,2,9,6,True,5,0,,0,
1705459,SRR22394020,1,1,1,27260,27294,0,COVID-MIDNIGHT-1200,.,2022-11-09,930c9cb266fa,2,BA.4,Omicron (BA.5-like),580.3441360596823,2022-11-04,1705458,BA.4,Omicron (BA.5-like),575.0,2022-11-09,1679253,BA.5,Omicron (BA.5-like),609.0,2022-10-06,1107703,BA.2,Omicron (BA.2-like),875.0,2022-01-13,1705458,BA.4,Omicron (BA.5-like),575.0,2022-11-09,965896,BA.2.5,Omicron (BA.2-like),961.3848488131327,2021-10-19,True,2,15,3,False,5,0,,1,MNM3
1152381,SRR18812650,1,1,1,25048,27377,0,COVID-ARTIC-V4.1,.,2022-01-23,909ebe01852f,2,BA.1.1,Omicron (BA.1-like),868.0,2022-01-20,1152380,BA.1.1,Omicron (BA.1-like),865.0,2022-01-23,1137707,BA.1.1,Omicron (BA.1-like),868.0000000001,2022-01-20,1050850,BA.1.17.2,Omicron (BA.1-like),897.0000000001,2021-12-22,1152380,BA.1.1,Omicron (BA.1-like),865.0,2022-01-23,871714,BA.1,Omicron (BA.1-like),1011.137026065978,2021-08-30,False,3,12,1,False,6,0,,1,MNM3
1072961,SRR20860861,9,1,1,25048,27377,0,COVID-ARTIC-V4.1,.,2021-12-30,3ce34f9dbf04,2,BA.1.1,Omicron (BA.1-like),897.0,2021-12-22,1072960,BA.1.1,Omicron (BA.1-like),889.0,2021-12-30,985400,BA.2.2.1,Omicron (BA.1-like),968.1173181069614,2021-10-12,1050850,BA.1.17.2,Omicron (BA.1-like),897.0000000001,2021-12-22,1143346,BA.1.1,Omicron (BA.1-like),890.0086097895309,2021-12-29,871714,BA.1,Omicron (BA.1-like),1011.137026065978,2021-08-30,False,6,8,1,False,5,0,,1,MNM3
1213517,ERR8619597,244192,1,1,26859,27382,0,COVID-ARTIC-V4.1,4.1alt,2022-02-05,126ab1467032,2,BA.2,Omicron (BA.2-like),895.0608759106478,2021-12-24,1213516,BA.2,Omicron (BA.2-like),852.0,2022-02-05,1039997,BA.2.10,Omicron (BA.2-like),901.0000000003,2021-12-18,1133684,BA.1.1,Omicron (BA.1-like),929.2867358153536,2021-11-20,1289409,BA.2,Omicron (BA.2-like),895.0608759105478,2021-12-24,871728,B.1.1.529,Omicron (Unassigned),1333.8575128682105,2020-10-12,False,4,46,3,False,5,0,,0,
1536406,ERR9910512,4,1,1,27260,27382,3,COVID-ARTIC-V4.1,4.1alt,2022-06-24,35c8279bce5e,2,BA.4,Omicron (BA.5-like),765.8180202537698,2022-05-03,1536405,BA.4,Omicron (BA.5-like),713.0,2022-06-24,1440558,BA.5.2.1,Omicron (BA.5-like),782.0008187559845,2022-04-16,1171662,BA.2,Omicron (BA.2-like),961.3848488133328,2021-10-19,1548809,BA.4,Omicron (BA.5-like),765.8180202536697,2022-05-03,1171662,BA.2,Omicron (BA.2-like),961.3848488133328,2021-10-19,True,4,11,4,True,7,0,,1,MNM3
618522,SRR16125372,2,1,1,26612,27382,1,COVID-VARSKIP-V1a-2b,.,2021-09-19,319be3656ad1,2,AY.25,Delta (B.1.617.2-like),1014.089162433266,2021-08-27,618521,AY.25,Delta (B.1.617.2-like),991.0,2021-09-19,450733,AY.25,Delta (B.1.617.2-like),1074.0,2021-06-28,324460,AY.4,Delta (AY.4-like),1085.0000000001,2021-06-17,618521,AY.25,Delta (B.1.617.2-like),991.0,2021-09-19,167127,B.1.617.2,Delta (B.1.617.2-like),1268.2440285999382,2020-12-16,False,2,7,2,False,5,0,,1,MNM3
1324014,ERR9263786,8,1,1,26859,27382,0,COVID-ARTIC-V4.1,4.1alt,2022-03-05,b56cac979a59,2,BA.2,Omicron (BA.2-like),850.9022786416961,2022-02-07,1324013,BA.2,Omicron (BA.2-like),824.0,2022-03-05,1176761,BA.2,Omicron (BA.2-like),859.0000000002001,2022-01-29,1085869,BA.1.15,Omicron (BA.1-like),883.0000000001,2022-01-05,1425730,BA.2,Omicron (BA.2-like),844.623275350977,2022-02-13,871728,B.1.1.529,Omicron (Unassigned),1333.8575128682105,2020-10-12,True,3,51,4,True,5,0,,0,
1670702,SRR21900689,1,1,1,27260,27382,3,COVID-ARTIC-V4.1,.,2022-09-26,5a704d50d284,2,BA.4,Omicron (BA.5-like),639.2259153212353,2022-09-06,1670701,BA.4,Omicron (BA.5-like),619.0,2022-09-26,1577429,BA.5.2.1,Omicron (BA.5-like),771.3072744402364,2022-04-27,1171662,BA.2,Omicron (BA.2-like),961.3848488133328,2021-10-19,1670701,BA.4,Omicron (BA.5-like),619.0,2022-09-26,1171662,BA.2,Omicron (BA.2-like),961.3848488133328,2021-10-19,True,4,14,4,True,8,0,,1,MNM3
948385,ERR7646442,7,1,1,26520,27382,1,COVID-ARTIC-V4.1,4,2021-11-29,4222a7619f68,2,AY.4,Delta (AY.4-like),929.0,2021-11-20,948384,AY.4,Delta (AY.4-like),920.0,2021-11-29,904314,AY.4,Delta (AY.4-like),929.0000000001,2021-11-20,245018,B.1.617.2,Delta (B.1.617.2-like),1185.2898060905293,2021-03-09,948384,AY.4,Delta (AY.4-like),920.0,2021-11-29,167127,B.1.617.2,Delta (B.1.617.2-like),1268.2440285999382,2020-12-16,False,1,11,3,False,5,0,,0,
1482330,SRR19688533,2,1,1,27260,27382,0,COVID-ARTIC-V4.1,.,2022-05-13,c5d6eb7fd230,2,BA.5.5,Omicron (BA.5-like),783.0,2022-04-15,1482329,BA.5.5,Omicron (BA.5-like),755.0,2022-05-13,1439020,BA.5.5,Omicron (BA.5-like),783.0000000002001,2022-04-15,1171662,BA.2,Omicron (BA.2-like),961.3848488133328,2021-10-19,1482329,BA.5.5,Omicron (BA.5-like),755.0,2022-05-13,1171662,BA.2,Omicron (BA.2-like),961.3848488133328,2021-10-19,True,3,11,3,False,5,0,,1,MNM3
1311517,ERR9216924,3,1,1,26751,27384,2,COVID-ARTIC-V4.1,4.1alt,2022-03-01,639e5df72e90,2,BA.1.1,Omicron (BA.1-like),870.0,2022-01-18,1311516,BA.1.1,Omicron (BA.1-like),828.0,2022-03-01,1142353,BA.1.1,Omicron (BA.1-like),875.0,2022-01-13,1125352,BA.1.17.2,Omicron (BA.1-like),870.0000000001,2022-01-18,1366126,BA.1.1,Omicron (BA.1-like),843.3654852493643,2022-02-14,871714,BA.1,Omicron (BA.1-like),1011.137026065978,2021-08-30,False,3,13,2,False,8,0,,1,MNM7a
463545,DRR321273,6,1,1,26768,27390,1,COVID-ARTIC-V3,.,2021-08-12,1d85c5f3a67f,2,B.1.617.2,.,1079.8741785180875,2021-06-23,463544,B.1.617.2,.,1029.0,2021-08-12,294595,AY.29,Delta (B.1.617.2-like),1115.0000000002,2021-05-18,62910,B.1.1.7,Alpha (B.1.1.7-like),1301.0,2020-11-13,468298,XC,.,1059.9972911519878,2021-07-13,68,B.1,.,1591.6612163418586,2020-01-28,True,5,40,15,True,37,0,,1,mnS3
1816264,SRR24540383,1,1,1,23124,27425,1,COVID-ARTIC-V4.1,.,2023-04-27,71b51dfbbb16,2,XBB.2.3,Omicron (XBB.1-like),424.204827775708,2023-04-09,1816263,XBB.2.3,Omicron (XBB.1-like),406.0,2023-04-27,1791401,XBB.2.3.4,Omicron (XBB-like),454.0,2023-03-10,1788384,XBB.1.5.45,Omicron (XBB.1-like),512.0000000001,2023-01-11,1816263,XBB.2.3,Omicron (XBB.1-like),406.0,2023-04-27,1673437,XBB,Omicron (XBB-like),747.5583239157871,2022-05-21,True,6,7,6,True,7,0,,0,
1837591,SRR26085496,6,1,1,25691,27431,1,COVID-ARTIC-V4.1,.,2023-09-03,4444808c5500,2,GJ.1.2.8,Omicron (XBB.1-like),314.12288238638945,2023-07-28,1837590,GJ.1.2.8,Omicron (XBB.1-like),277.0,2023-09-03,1830094,GJ.1.2.8,Omicron (XBB-like),457.1430739270215,2023-03-07,1827219,HV.1,Omicron (XBB.1-like),337.0000000002,2023-07-05,1837590,GJ.1.2.8,Omicron (XBB.1-like),277.0,2023-09-03,1673437,XBB,Omicron (XBB-like),747.5583239157871,2022-05-21,True,13,26,8,True,9,0,,0,
1730944,SRR23024304,3,1,1,25856,27438,3,COVID-ARTIC-V4.1,.,2022-12-23,abf78e29f1bb,2,BQ.1,Omicron (BA.5-like),547.069644432498,2022-12-07,1730943,BQ.1,Omicron (BA.5-like),531.0,2022-12-23,1665429,BQ.1,Omicron (BA.5-like),683.682142679664,2022-07-24,1670211,BA.5.1.10,Omicron (BA.5-like),619.0,2022-09-26,1730943,BQ.1,Omicron (BA.5-like),531.0,2022-12-23,1428716,BA.5,Omicron (BA.5-like),828.0000007252249,2022-03-01,True,8,15,4,True,7,0,,0,
1714965,ERR10666854,1,1,1,23278,27438,2,COVID-ARTIC-V4.1,4.1alt,2022-11-29,f09c9264e73d,2,BQ.1,Omicron (BA.5-like),561.4837054072044,2022-11-23,1714964,BQ.1,Omicron (BA.5-like),555.0,2022-11-29,1700027,BQ.1,Omicron (BA.5-like),585.0,2022-10-30,1431386,BA.5.1,Omicron (BA.5-like),787.0,2022-04-11,1714964,BQ.1,Omicron (BA.5-like),555.0,2022-11-29,1428716,BA.5,Omicron (BA.5-like),828.0000007252249,2022-03-01,True,7,9,6,True,8,0,,0,
1682081,SRR22037240,2,2,1,27385,27438,2,COVID-ARTIC-V4.1,.,2022-10-09,13afaac1b406,3,BA.5,Omicron (BA.5-like),629.2278854333081,2022-09-16,1682079,BA.5,Omicron (BA.5-like),606.0,2022-10-09,1596805,BA.5.1.23,Omicron (BA.5-like),679.0,2022-07-28,1493606,BA.4,Omicron (BA.4-like),793.2417623386697,2022-04-05,1682079,BA.5,Omicron (BA.5-like),606.0,2022-10-09,871728,B.1.1.529,Omicron (Unassigned),1333.8575128682105,2020-10-12,True,4,12,7,True,9,0,,0,
1581998,ERR10020846,1,1,1,27385,27438,0,COVID-ARTIC-V4.1,4.1alt,2022-07-20,06468933341c,2,BA.5,Omicron (BA.5-like),700.4389986742647,2022-07-07,1581997,BA.5,Omicron (BA.5-like),687.0,2022-07-20,1540000,BA.5.1,Omicron (BA.5-like),710.0,2022-06-27,1356841,BA.2,Omicron (BA.2-like),815.0,2022-03-14,1581997,BA.5,Omicron (BA.5-like),687.0,2022-07-20,871728,B.1.1.529,Omicron (Unassigned),1333.8575128682105,2020-10-12,False,3,17,6,True,6,0,,0,
1548714,ERR12534228,1,1,1,17305,27438,1,COVID-ARTIC-V3,.,2022-07-02,36011bffd971,2,BA.5.1,Omicron (BA.5-like),721.5807744948346,2022-06-16,1548713,BA.5.1,Omicron (BA.5-like),705.0,2022-07-02,1515430,BE.3,Omicron (BA.5-like),730.0000000001,2022-06-07,1491473,BA.5.1.35,Omicron (BA.5-like),747.0,2022-05-21,1548713,BA.5.1,Omicron (BA.5-like),705.0,2022-07-02,1428716,BA.5,Omicron (BA.5-like),828.0000007252249,2022-03-01,False,5,5,5,True,5,0,,0,
1630020,SRR21457722,1,1,1,25522,27438,1,COVID-ARTIC-V4.1,.,2022-08-22,2e2b5a4e359d,2,BA.5.1.25,Omicron (BA.5-like),662.1804878876371,2022-08-14,1630019,BA.5.1.25,Omicron (BA.5-like),654.0,2022-08-22,1618326,BA.5.2,Omicron (BA.5-like),663.0,2022-08-13,1611797,BA.5.1.25,Omicron (BA.5-like),668.0,2022-08-08,1630019,BA.5.1.25,Omicron (BA.5-like),654.0,2022-08-22,1428716,BA.5,Omicron (BA.5-like),828.0000007252249,2022-03-01,True,3,14,7,True,8,0,,0,
1642257,SRR21834646,1,1,1,27385,27494,2,COVID-ARTIC-V4.1,.,2022-09-02,2919aaa113a9,2,BA.5.2.1,Omicron (BA.5-like),644.0,2022-09-01,1642256,BA.5.2.1,Omicron (BA.5-like),643.0,2022-09-02,1641689,BA.5.2.1,Omicron (BA.5-like),644.0000000001,2022-09-01,1464556,BA.4.1,Omicron (BA.4-like),821.7667956898065,2022-03-08,1642256,BA.5.2.1,Omicron (BA.5-like),643.0,2022-09-02,871728,B.1.1.529,Omicron (Unassigned),1333.8575128682105,2020-10-12,True,5,10,9,True,8,0,,0,
1842923,ERR13320700,54,1,1,27347,27507,3,COVID-ARTIC-V5.0-5.3.2_400,.,2023-09-18,e644aedbef04,2,XCT,Omicron (BA.2-like),269.0000000003,2023-09-11,1842922,XCT,Omicron (BA.2-like),262.0,2023-09-18,1840332,XCT,Omicron (BA.2-like),269.00000000039995,2023-09-11,1829659,EG.6.1,Omicron (XBB.1-like),430.6356630713349,2023-04-03,1844651,XCT,Omicron (BA.2-like),269.0000000002,2023-09-11,1626362,BM.1.1,Omicron (BA.2-like),807.7781763122141,2022-03-22,True,7,35,6,True,9,0,,0,
428960,SRR15493514,21,1,1,27113,27507,1,COVID-ARTIC-V3,.,2021-08-02,67b3e371dc8f,2,AY.75,Delta (B.1.617.2-like),1056.1400515387136,2021-07-16,428959,AY.75,Delta (B.1.617.2-like),1039.0000000001,2021-08-02,361417,AY.75,Delta (B.1.617.2-like),1103.9533572792243,2021-05-30,406234,AY.25.1,Delta (B.1.617.2-like),1074.1619629634542,2021-06-28,428959,AY.75,Delta (B.1.617.2-like),1039.0000000001,2021-08-02,167135,B.1.617.2,Delta (B.1.617.2-like),1454.533651447372,2020-06-13,False,3,29,6,True,7,0,,0,
1874872,ERR12658011,1,1,1,27347,27507,2,COVID-ARTIC-V4.1,.,2023-12-26,ca3a1b8ab18d,2,JN.18,Omicron (BA.2-like),198.88080318420648,2023-11-21,1874871,JN.18,Omicron (BA.2-like),163.0,2023-12-26,1855098,JN.18,Omicron (BA.2-like),329.36186930312664,2023-07-13,1837973,EG.6.1,Omicron (XBB.1-like),276.0,2023-09-04,1874871,JN.18,Omicron (BA.2-like),163.0,2023-12-26,965896,BA.2.5,Omicron (BA.2-like),961.3848488131327,2021-10-19,True,12,70,5,True,6,0,,0,
1843038,SRR26827825,1,1,1,22996,27507,1,COVID-ARTIC-V5.0-5.3.2_400,.,2023-09-18,e79913a54ff8,2,XBB.1.16,Omicron (XBB.1-like),266.0541918358538,2023-09-14,1843037,XBB.1.16,Omicron (XBB.1-like),262.0,2023-09-18,1827485,XBB.1.16.9,Omicron (XBB.1.16-like),318.0,2023-07-24,1839940,HV.1,Omicron (XBB.1-like),270.0,2023-09-10,1843037,XBB.1.16,Omicron (XBB.1-like),262.0,2023-09-18,1675918,XBB.1,Omicron (XBB.1-like),695.2997348629449,2022-07-12,True,8,23,7,True,8,0,,0,
1567632,SRR21236763,1,1,1,27385,27513,1,COVID-ARTIC-V4.1,.,2022-07-12,ff553ad76486,2,BA.5.2.21,Omicron (BA.5-like),716.3286964570591,2022-06-21,1567631,BA.5.2.21,Omicron (BA.5-like),695.0,2022-07-12,1543837,BA.5.2.21,Omicron (BA.5-like),747.0,2022-05-21,1408207,BA.4.1,Omicron (BA.4-like),800.0,2022-03-29,1567631,BA.5.2.21,Omicron (BA.5-like),695.0,2022-07-12,871728,B.1.1.529,Omicron (Unassigned),1333.8575128682105,2020-10-12,True,5,13,7,True,8,0,,0,
1593285,ERR10032066,1,1,1,27385,27532,2,COVID-ARTIC-V4.1,4.1alt,2022-07-26,ee492146d2c8,2,BF.24,Omicron (BA.5-like),705.9755630808642,2022-07-02,1593284,BF.24,Omicron (BA.5-like),681.0,2022-07-26,1489781,BF.5,Omicron (BA.5-like),781.9531844276734,2022-04-17,1162938,BA.2.10,Omicron (BA.2-like),899.3112960495126,2021-12-20,1593284,BF.24,Omicron (BA.5-like),681.0,2022-07-26,871728,B.1.1.529,Omicron (Unassigned),1333.8575128682105,2020-10-12,False,6,17,6,True,8,0,,0,
1594211,ERR12977379,12,1,1,27385,27532,1,COVID-ARTIC-V3,.,2022-07-26,db639ab38ea4,2,BF.24,Omicron (BA.5-like),712.3029291205564,2022-06-25,1594210,BF.24,Omicron (BA.5-like),681.0000000001,2022-07-26,1489781,BF.5,Omicron (BA.5-like),781.9531844276734,2022-04-17,1278183,BA.2,Omicron (BA.2-like),852.0,2022-02-05,1594210,BF.24,Omicron (BA.5-like),681.0000000001,2022-07-26,871728,B.1.1.529,Omicron (Unassigned),1333.8575128682105,2020-10-12,False,5,18,5,True,6,0,,0,
1054069,SRR17813172,1,1,1,26895,27572,0,COVID-ARTIC-V3,.,2021-12-23,5d75f5486882,2,AY.119,Delta (B.1.617.2-like),898.0,2021-12-21,1054068,AY.119,Delta (B.1.617.2-like),896.0,2021-12-23,1048330,AY.119,Delta (B.1.617.2-like),898.0000000001,2021-12-21,364717,AY.120.1,Delta (B.1.617.2-like),1060.0000000001,2021-07-12,1054068,AY.119,Delta (B.1.617.2-like),896.0,2021-12-23,167126,B.1.617.2,Delta (B.1.617.2-like),1266.016653633328,2020-12-18,False,3,18,1,False,5,0,,0,
579003,SRR16928822,2,1,1,25735,27572,3,COVID-ARTIC-V3,.,2021-09-10,1378980e869b,2,AY.120.1,Delta (B.1.617.2-like),1012.3309410632656,2021-08-29,579002,AY.120.1,Delta (B.1.617.2-like),1000.0,2021-09-10,425608,AY.120.1,Delta (B.1.617.2-like),1040.0000000001,2021-08-01,364717,AY.120.1,Delta (B.1.617.2-like),1060.0000000001,2021-07-12,579002,AY.120.1,Delta (B.1.617.2-like),1000.0,2021-09-10,168591,AY.120.1,Delta (B.1.617.2-like),1201.2958278538692,2021-02-21,False,0,4,0,False,7,0,,0,
982314,ERR8241972,2,1,1,25957,27572,2,COVID-ARTIC-V3,3,2021-12-05,8c13599d347e,2,AY.4,Delta (AY.4-like),935.9198170397544,2021-11-14,982313,AY.4,Delta (AY.4-like),914.0,2021-12-05,613275,AY.4,Delta (AY.4-like),992.0,2021-09-18,364717,AY.120.1,Delta (B.1.617.2-like),1060.0000000001,2021-07-12,982313,AY.4,Delta (AY.4-like),914.0,2021-12-05,167126,B.1.617.2,Delta (B.1.617.2-like),1266.016653633328,2020-12-18,False,3,14,0,False,6,0,,0,
987771,SRR17351344,1,1,1,25453,27572,0,COVID-ARTIC-V3,.,2021-12-06,18c44891ab3d,2,AY.120.1,Delta (B.1.617.2-like),946.010420239156,2021-11-03,987770,AY.120.1,Delta (B.1.617.2-like),913.0,2021-12-06,644688,AY.120.1,Delta (B.1.617.2-like),985.0,2021-09-25,364717,AY.120.1,Delta (B.1.617.2-like),1060.0000000001,2021-07-12,987770,AY.120.1,Delta (B.1.617.2-like),913.0,2021-12-06,168591,AY.120.1,Delta (B.1.617.2-like),1201.2958278538692,2021-02-21,False,0,5,1,False,5,0,,0,
458680,SRR15585515,2,2,1,27508,27572,1,COVID-ARTIC-V3,.,2021-08-10,ef4710d58fbc,3,AY.25.1,Delta (B.1.617.2-like),1052.1155382437992,2021-07-20,458678,AY.25.1,Delta (B.1.617.2-like),1031.0,2021-08-10,399482,AY.25.1,Delta (B.1.617.2-like),1081.7614086470664,2021-06-21,364717,AY.120.1,Delta (B.1.617.2-like),1060.0000000001,2021-07-12,458678,AY.25.1,Delta (B.1.617.2-like),1031.0,2021-08-10,167127,B.1.617.2,Delta (B.1.617.2-like),1268.2440285999382,2020-12-16,False,4,10,1,False,6,0,,0,
443207,SRR15583342,42,1,1,22228,27604,1,COVID-ARTIC-V3,.,2021-08-05,13a17f1e80f0,2,B.1.617.2,Delta (B.1.617.2-like),1056.7842495821071,2021-07-16,443206,B.1.617.2,Delta (B.1.617.2-like),1036.0000000001,2021-08-05,273858,AY.39,Delta (B.1.617.2-like),1135.0000000006012,2021-04-28,346407,AY.62,Delta (B.1.617.2-like),1136.0,2021-04-27,443206,B.1.617.2,Delta (B.1.617.2-like),1036.0000000001,2021-08-05,167135,B.1.617.2,Delta (B.1.617.2-like),1454.533651447372,2020-06-13,True,2,20,6,True,7,0,,0,
1280899,ERR12919221,1,1,1,25625,27618,1,COVID-ARTIC-V3,.,2022-02-19,99fe10de879a,2,BA.2.9,Omicron (BA.2-like),850.3365917211445,2022-02-07,1280898,BA.2.9,Omicron (BA.2-like),838.0,2022-02-19,1216321,BA.2.9,Omicron (BA.2-like),852.0,2022-02-05,1252069,BA.2,Omicron (BA.2-like),863.0000000001,2022-01-25,1280898,BA.2.9,Omicron (BA.2-like),838.0,2022-02-19,932307,BA.2,Omicron (BA.2-like),961.3848488130328,2021-10-19,False,1,4,4,True,5,0,,0,
975080,SRR23879373,1,1,1,24929,27649,2,COVID-ARTIC-V3,.,2021-12-03,87b786e1fdf4,2,AY.44,Delta (B.1.617.2-like),932.4585150591764,2021-11-17,975079,AY.44,Delta (B.1.617.2-like),916.0,2021-12-03,733978,AY.44,Delta (B.1.617.2-like),963.0000000001,2021-10-17,283376,AY.5,Delta (B.1.617.2-like),1126.0,2021-05-07,975079,AY.44,Delta (B.1.617.2-like),916.0,2021-12-03,167127,B.1.617.2,Delta (B.1.617.2-like),1268.2440285999382,2020-12-16,False,2,11,4,True,6,0,,0,
472261,ERR6643654,2,1,1,17042,27656,1,COVID-ARTIC-V3,3,2021-08-15,02750207cfdf,2,AY.4,Delta (AY.4-like),1040.0,2021-08-01,472260,AY.4,Delta (AY.4-like),1026.0,2021-08-15,404030,AY.4,Delta (AY.4-like),1045.0,2021-07-27,423702,AY.4,Delta (AY.4-like),1040.0000000001,2021-08-01,472260,AY.4,Delta (AY.4-like),1026.0,2021-08-15,175379,AY.4,Delta (AY.4-like),1220.2147994378952,2021-02-02,False,0,6,6,True,6,0,,0,
527948,SRR16684178,1,1,1,20719,27739,0,COVID-ARTIC-V3,.,2021-08-30,a478c83f1990,2,AY.44,Delta (B.1.617.2-like),1037.7932483349866,2021-08-04,527947,AY.44,Delta (B.1.617.2-like),1011.0,2021-08-30,342107,AY.44,Delta (B.1.617.2-like),1073.0000000003,2021-06-29,331293,AY.14,Delta (B.1.617.2-like),1129.426718521892,2021-05-04,527947,AY.44,Delta (B.1.617.2-like),1011.0,2021-08-30,167135,B.1.617.2,Delta (B.1.617.2-like),1454.533651447372,2020-06-13,False,2,25,5,True,5,0,,0,
244971,SRR14569320,1,1,1,25969,27739,2,COVID-ARTIC-V3,.,2021-04-07,610dd6e051a5,2,B.1.526,Iota (B.1.526-like),1183.7355845187017,2021-03-11,244970,B.1.526,Iota (B.1.526-like),1156.0,2021-04-07,151386,B.1.526,Iota (B.1.526-like),1268.21810588976,2020-12-16,151353,B.1.526,Iota (B.1.526-like),1309.91329044216,2020-11-05,244970,B.1.526,Iota (B.1.526-like),1156.0,2021-04-07,151400,B.1.526,.,1486.8001538165572,2020-05-12,False,0,5,5,True,7,0,,0,
500952,ERR6765742,1,1,1,22035,27739,1,COVID-AMPLISEQ-V1,3,2021-08-24,88178488bd97,2,AY.4,Delta (AY.4-like),1034.385801041295,2021-08-07,500951,AY.4,Delta (AY.4-like),1017.0,2021-08-24,439606,AY.4,Delta (AY.4-like),1094.0000000001,2021-06-08,415876,AY.4,Delta (AY.4-like),1063.805234617703,2021-07-09,500951,AY.4,Delta (AY.4-like),1017.0,2021-08-24,167127,B.1.617.2,Delta (B.1.617.2-like),1268.2440285999382,2020-12-16,False,0,0,4,False,5,0,,0,
1704366,SRR22896031,1,1,1,27385,27788,2,COVID-ARTIC-V4.1,.,2022-11-07,c144c09eac0a,2,BF.7.4.1,Omicron (BA.5-like),591.2493167599054,2022-10-24,1704365,BF.7.4.1,Omicron (BA.5-like),577.0,2022-11-07,1664565,BF.7.4.1,Omicron (BA.5-like),625.0000000001,2022-09-20,1604717,BA.4.1,Omicron (BA.4-like),730.0,2022-06-07,1704365,BF.7.4.1,Omicron (BA.5-like),577.0,2022-11-07,871728,B.1.1.529,Omicron (Unassigned),1333.8575128682105,2020-10-12,True,8,19,8,True,11,0,,0,
1874983,SRR27492219,34,1,1,26834,27810,0,COVID-ARTIC-V5.0-5.3.2_400,.,2023-12-26,cf8c3c1f021f,2,XDP,Omicron (BA.2-like),178.0,2023-12-11,1874982,XDP,Omicron (BA.2-like),163.0,2023-12-26,1869744,JN.1.4,Omicron (BA.2-like),178.0000000001,2023-12-11,1780121,XBB.1.9.1,Omicron (XBB.1-like),608.3559360558505,2022-10-07,1874982,XDP,Omicron (BA.2-like),163.0,2023-12-26,965896,BA.2.5,Omicron (BA.2-like),961.3848488131327,2021-10-19,True,11,67,6,True,5,0,,0,
1881530,ERR12658186,2,1,1,26834,27810,2,COVID-ARTIC-V4.1,.,2024-01-23,c17380ea5fc6,2,BA.2.86.1,Omicron (BA.2-like),163.35006673272446,2023-12-26,1881529,BA.2.86.1,Omicron (BA.2-like),135.0,2024-01-23,1855159,JN.1,Omicron (BA.2-like),222.0000000001,2023-10-28,1812087,XBB.1.16.1,Omicron (XBB.1.16-like),436.45833340026894,2023-03-28,1881529,BA.2.86.1,Omicron (BA.2-like),135.0,2024-01-23,965896,BA.2.5,Omicron (BA.2-like),961.3848488131327,2021-10-19,True,10,77,7,True,9,0,,0,
1190249,SRR20351098,1,1,1,25709,27874,3,COVID-ARTIC-V4.1,.,2022-01-31,24fc46919784,2,BA.1.15,Omicron (BA.1-like),868.1629006315951,2022-01-20,1190248,BA.1.15,Omicron (BA.1-like),857.0,2022-01-31,1026112,BA.1.15.1,Omicron (BA.1-like),904.0,2021-12-15,1047243,BA.1.17.2,Omicron (BA.1-like),898.0000000003001,2021-12-21,1190248,BA.1.15,Omicron (BA.1-like),857.0,2022-01-31,871714,BA.1,Omicron (BA.1-like),1011.137026065978,2021-08-30,False,4,7,1,False,7,1,MNM12,2,"MNM7,MNM7a"
1257863,ERR8759440,56,1,1,27385,27874,1,COVID-ARTIC-V4.1,4.1alt,2022-02-14,26326c2abf62,2,BA.2.10,Omicron (BA.2-like),859.9995645917056,2022-01-29,1257862,BA.2.10,Omicron (BA.2-like),843.0000000001,2022-02-14,1111624,BA.2.10,Omicron (BA.2-like),901.0,2021-12-18,1047243,BA.1.17.2,Omicron (BA.1-like),898.0000000003001,2021-12-21,1257862,BA.2.10,Omicron (BA.2-like),843.0000000001,2022-02-14,871728,B.1.1.529,Omicron (Unassigned),1333.8575128682105,2020-10-12,False,5,51,1,False,5,1,MNM3,2,"MNM7,MNM7a"
1767510,SRR23710835,52,1,1,26276,27874,1,COVID-ARTIC-V4.1,.,2023-02-13,7ad013783a01,2,XBB.1.5,Omicron (XBB.1.5-like),494.1195232651076,2023-01-29,1767509,XBB.1.5,Omicron (XBB.1.5-like),479.0,2023-02-13,1766527,XBB.1.5,Omicron (XBB.1.5-like),523.4742611528925,2022-12-31,1257862,BA.2.10,Omicron (BA.2-like),843.0000000001,2022-02-14,1767509,XBB.1.5,Omicron (XBB.1.5-like),479.0,2023-02-13,871728,B.1.1.529,Omicron (Unassigned),1333.8575128682105,2020-10-12,True,5,25,1,False,5,0,,2,"MNM7,MNM7a"
1303819,ERR9199246,2,1,1,23445,27874,1,COVID-ARTIC-V4.1,4.1alt,2022-02-26,7783baa53b60,2,BD.1,Omicron (BA.1-like),846.6705407357003,2022-02-11,1303818,BD.1,Omicron (BA.1-like),831.0,2022-02-26,1103549,BD.1,Omicron (BA.1-like),876.0,2022-01-12,1047243,BA.1.17.2,Omicron (BA.1-like),898.0000000003001,2021-12-21,1303818,BD.1,Omicron (BA.1-like),831.0,2022-02-26,937732,BA.1.17.2,Omicron (BA.1-like),929.1821366259852,2021-11-20,False,1,6,2,False,6,0,,2,"MNM7,MNM7a"
1383291,SRR21346640,2,1,1,25417,27874,2,COVID-ARTIC-V4.1,.,2022-03-22,4b480b9fdc42,2,BA.2.12.1,Omicron (BA.2-like),843.0,2022-02-14,1383290,BA.2.12.1,Omicron (BA.2-like),807.0,2022-03-22,1319942,BA.2.12.1,Omicron (BA.2-like),864.6929520167355,2022-01-24,1257862,BA.2.10,Omicron (BA.2-like),843.0000000001,2022-02-14,1383290,BA.2.12.1,Omicron (BA.2-like),807.0,2022-03-22,871728,B.1.1.529,Omicron (Unassigned),1333.8575128682105,2020-10-12,False,3,8,2,False,7,0,,2,"MNM7,MNM7a"
274195,SRR16729055,1,1,1,26788,27874,3,COVID-ARTIC-V3,.,2021-04-28,ef6a60201ebf,2,B.1.1.7,Alpha (B.1.1.7-like),1152.1694691954312,2021-04-11,274194,B.1.1.7,Alpha (B.1.1.7-like),1135.0,2021-04-28,235062,B.1.1.7,Alpha (B.1.1.7-like),1232.355220857382,2021-01-21,104127,B.1.1.7,Alpha (B.1.1.7-like),1306.0,2020-11-08,274194,B.1.1.7,Alpha (B.1.1.7-like),1135.0,2021-04-28,50503,B.1.1.7,Alpha (B.1.1.7-like),1359.8932779246688,2020-09-16,False,0,7,1,False,7,0,,2,"MNM7,MNM7a"
49406,ERR4802533,2,1,1,25618,27874,3,COVID-ARTIC-V3,3,2020-10-22,2fc1521dbfdc,2,B.1.1.308,.,1349.4085020619682,2020-09-26,49405,B.1.1.308,.,1323.0,2020-10-22,34699,B.1.1.308,.,1419.0531710835587,2020-07-18,13055,B.1.1.29,.,1499.0,2020-04-29,49405,B.1.1.308,.,1323.0,2020-10-22,118,B.1.1,.,1591.010637605047,2020-01-28,False,2,6,1,False,7,0,,2,"MNM7,MNM7a"
1091508,SRR21145046,44,1,1,23665,27874,1,COVID-ARTIC-V4.1,.,2022-01-07,cc42bc539d8d,2,BA.1.1,Omicron (BA.1-like),898.0000000002001,2021-12-21,1091507,BA.1.1,Omicron (BA.1-like),881.0,2022-01-07,1009302,BA.1.1,Omicron (BA.1-like),943.1822629248712,2021-11-06,1047243,BA.1.17.2,Omicron (BA.1-like),898.0000000003001,2021-12-21,1195641,BA.1.1,Omicron (BA.1-like),898.0000000001,2021-12-21,871714,BA.1,Omicron (BA.1-like),1011.137026065978,2021-08-30,False,3,9,2,False,5,0,,2,"MNM7,MNM7a"
398193,ERR6416444,11,1,1,23626,27875,0,COVID-ARTIC-V3,3,2021-07-25,1adefa6f1f3c,2,AY.4,Delta (AY.4-like),1066.0,2021-07-06,398192,AY.4,Delta (AY.4-like),1047.0,2021-07-25,354141,AY.4,Delta (AY.4-like),1066.0000000001,2021-07-06,317498,AY.98,Delta (B.1.617.2-like),1093.0000000002,2021-06-09,398192,AY.4,Delta (AY.4-like),1047.0,2021-07-25,167127,B.1.617.2,Delta (B.1.617.2-like),1268.2440285999382,2020-12-16,False,2,7,2,False,4,0,,2,"MNM7,MNM7a"
979454,ERR13287273,1,1,1,27015,27875,0,COVID-ARTIC-V3,.,2021-12-04,75582e9aa43e,2,AY.4,Delta (AY.4-like),951.4160727858692,2021-10-29,979453,AY.4,Delta (AY.4-like),915.0,2021-12-04,662320,AY.4,Delta (AY.4-like),1023.4557696587124,2021-08-18,317498,AY.98,Delta (B.1.617.2-like),1093.0000000002,2021-06-09,979453,AY.4,Delta (AY.4-like),915.0,2021-12-04,167127,B.1.617.2,Delta (B.1.617.2-like),1268.2440285999382,2020-12-16,True,2,9,2,False,4,1,MNM12,2,"MNM7,MNM7a"
1005926,ERR7787700,1,1,1,26066,27875,1,COVID-ARTIC-V4.1,4,2021-12-09,12f6be111487,2,AY.4,Delta (AY.4-like),924.0943227113684,2021-11-25,1005925,AY.4,Delta (AY.4-like),910.0,2021-12-09,848548,AY.4,Delta (AY.4-like),940.0,2021-11-09,338703,AY.98,Delta (B.1.617.2-like),1081.0000000003,2021-06-21,1005925,AY.4,Delta (AY.4-like),910.0,2021-12-09,167127,B.1.617.2,Delta (B.1.617.2-like),1268.2440285999382,2020-12-16,False,2,15,2,False,5,0,,2,"MNM7,MNM7a"
1028807,SRR19223783,1,1,1,26229,27875,0,COVID-ARTIC-V4.1,.,2021-12-15,8df70174bb20,2,AY.4,Delta (AY.4-like),921.3821471055066,2021-11-28,1028806,AY.4,Delta (AY.4-like),904.0,2021-12-15,873672,AY.4,Delta (AY.4-like),935.0,2021-11-14,317498,AY.98,Delta (B.1.617.2-like),1093.0000000002,2021-06-09,1028806,AY.4,Delta (AY.4-like),904.0,2021-12-15,167127,B.1.617.2,Delta (B.1.617.2-like),1268.2440285999382,2020-12-16,False,2,12,2,False,4,0,,2,"MNM7,MNM7a"
757786,ERR7268636,1,1,1,24596,27875,0,COVID-ARTIC-V4.1,4,2021-10-22,9f9c27146ef4,2,AY.4,Delta (AY.4-like),986.2749752586687,2021-09-24,757785,AY.4,Delta (AY.4-like),958.0,2021-10-22,568938,AY.4,Delta (AY.4-like),1067.0,2021-07-05,317498,AY.98,Delta (B.1.617.2-like),1093.0000000002,2021-06-09,757785,AY.4,Delta (AY.4-like),958.0,2021-10-22,167127,B.1.617.2,Delta (B.1.617.2-like),1268.2440285999382,2020-12-16,False,2,9,2,False,4,0,,2,"MNM7,MNM7a"
838162,ERR7403021,2,2,1,27391,27875,1,COVID-ARTIC-V4.1,4,2021-11-08,672c61143dc6,3,AY.5,Delta (B.1.617.2-like),960.8618580015494,2021-10-20,838160,AY.5,Delta (B.1.617.2-like),941.0,2021-11-08,716745,AY.5,Delta (B.1.617.2-like),967.0000000001,2021-10-13,377420,AY.98,Delta (B.1.617.2-like),1054.0,2021-07-18,838160,AY.5,Delta (B.1.617.2-like),941.0,2021-11-08,167127,B.1.617.2,Delta (B.1.617.2-like),1268.2440285999382,2020-12-16,False,2,11,2,False,7,0,,2,"MNM7,MNM7a"
1005525,SRR20935183,1,1,1,18805,27875,2,COVID-ARTIC-V4.1,.,2021-12-09,772971dde2ed,2,AY.44,Delta (B.1.617.2-like),928.1007389678468,2021-11-21,1005524,AY.44,Delta (B.1.617.2-like),910.0,2021-12-09,637529,AY.44,Delta (B.1.617.2-like),987.0,2021-09-23,655766,AY.44,Delta (B.1.617.2-like),982.0,2021-09-28,1005524,AY.44,Delta (B.1.617.2-like),910.0,2021-12-09,251368,AY.44,Delta (B.1.617.2-like),1152.0000000003,2021-04-11,False,0,6,2,False,6,0,,2,"MNM7,MNM7a"
835721,ERR7585066,1,1,1,27006,27875,0,COVID-ARTIC-V3,3,2021-11-07,7699fe1e2e67,2,AY.4,Delta (AY.4-like),990.0064637651826,2021-09-20,835720,AY.4,Delta (AY.4-like),942.0,2021-11-07,423926,AY.4,Delta (AY.4-like),1040.0,2021-08-01,317498,AY.98,Delta (B.1.617.2-like),1093.0000000002,2021-06-09,835720,AY.4,Delta (AY.4-like),942.0,2021-11-07,167127,B.1.617.2,Delta (B.1.617.2-like),1268.2440285999382,2020-12-16,False,2,7,2,False,4,0,,2,"MNM7,MNM7a"
449105,ERR6639646,5,1,1,21847,27875,2,COVID-ARTIC-V3,3,2021-08-07,0f29d548b714,2,AY.4,Delta (AY.4-like),1051.3444360864098,2021-07-21,449104,AY.4,Delta (AY.4-like),1034.0000000001,2021-08-07,294705,AY.4,Delta (AY.4-like),1115.0000000003,2021-05-18,317498,AY.98,Delta (B.1.617.2-like),1093.0000000002,2021-06-09,449104,AY.4,Delta (AY.4-like),1034.0000000001,2021-08-07,167127,B.1.617.2,Delta (B.1.617.2-like),1268.2440285999382,2020-12-16,False,2,7,2,False,6,0,,2,"MNM7,MNM7a"
474894,ERR6645697,13,1,1,21847,27875,2,COVID-ARTIC-V3,3,2021-08-16,868aab1c653c,2,AY.4,Delta (AY.4-like),1046.7772151530762,2021-07-26,474893,AY.4,Delta (AY.4-like),1025.0000000001,2021-08-16,335693,AY.4,Delta (AY.4-like),1085.0000000001,2021-06-17,317498,AY.98,Delta (B.1.617.2-like),1093.0000000002,2021-06-09,474893,AY.4,Delta (AY.4-like),1025.0000000001,2021-08-16,167127,B.1.617.2,Delta (B.1.617.2-like),1268.2440285999382,2020-12-16,False,2,7,2,False,6,0,,2,"MNM7,MNM7a"
936985,ERR7712574,2,1,1,21847,27875,2,COVID-ARTIC-V4.1,3,2021-11-26,413919e19ebb,2,AY.4,Delta (AY.4-like),943.153246066344,2021-11-06,936984,AY.4,Delta (AY.4-like),923.0,2021-11-26,556523,AY.4,Delta (AY.4-like),1004.0000000002,2021-09-06,317498,AY.98,Delta (B.1.617.2-like),1093.0000000002,2021-06-09,936984,AY.4,Delta (AY.4-like),923.0,2021-11-26,167127,B.1.617.2,Delta (B.1.617.2-like),1268.2440285999382,2020-12-16,False,2,9,2,False,6,0,,2,"MNM7,MNM7a"
929417,ERR7561646,1,1,1,25553,27875,1,COVID-ARTIC-V4.1,4,2021-11-25,d528470a18fa,2,AY.46.5,Delta (B.1.617.2-like),937.8001124059182,2021-11-12,929416,AY.46.5,Delta (B.1.617.2-like),924.0,2021-11-25,786592,AY.46.5,Delta (B.1.617.2-like),951.0000000001,2021-10-29,317498,AY.98,Delta (B.1.617.2-like),1093.0000000002,2021-06-09,929416,AY.46.5,Delta (B.1.617.2-like),924.0,2021-11-25,167127,B.1.617.2,Delta (B.1.617.2-like),1268.2440285999382,2020-12-16,False,3,12,2,False,5,0,,2,"MNM7,MNM7a"
361106,ERR6333468,1,1,1,27385,27875,0,COVID-ARTIC-V3,3,2021-07-10,bb1c0ec6b134,2,AY.4,Delta (AY.4-like),1077.9057528297344,2021-06-25,361105,AY.4,Delta (AY.4-like),1062.0,2021-07-10,333236,AY.4,Delta (AY.4-like),1078.0000000003,2021-06-24,317498,AY.98,Delta (B.1.617.2-like),1093.0000000002,2021-06-09,361105,AY.4,Delta (AY.4-like),1062.0,2021-07-10,167127,B.1.617.2,Delta (B.1.617.2-like),1268.2440285999382,2020-12-16,False,2,9,2,False,4,0,,2,"MNM7,MNM7a"
855276,SRR21322647,1,1,1,27605,27875,0,COVID-ARTIC-V4.1,.,2021-11-10,eaeb0f90147a,2,AY.39.1,Delta (B.1.617.2-like),981.968504852701,2021-09-29,855275,AY.39.1,Delta (B.1.617.2-like),939.0,2021-11-10,792342,AY.39.1,Delta (B.1.617.2-like),981.9685048528012,2021-09-29,317498,AY.98,Delta (B.1.617.2-like),1093.0000000002,2021-06-09,855275,AY.39.1,Delta (B.1.617.2-like),939.0,2021-11-10,167127,B.1.617.2,Delta (B.1.617.2-like),1268.2440285999382,2020-12-16,False,3,11,2,False,4,0,,2,"MNM7,MNM7a"
901125,SRR21322204,1,1,1,27372,27875,2,COVID-ARTIC-V4.1,.,2021-11-19,d3ce24bf9f75,2,AY.113,Delta (B.1.617.2-like),963.7002728717866,2021-10-17,901124,AY.113,Delta (B.1.617.2-like),930.0,2021-11-19,419629,AY.113,Delta (B.1.617.2-like),1122.0419543268383,2021-05-11,317498,AY.98,Delta (B.1.617.2-like),1093.0000000002,2021-06-09,901124,AY.113,Delta (B.1.617.2-like),930.0,2021-11-19,167127,B.1.617.2,Delta (B.1.617.2-like),1268.2440285999382,2020-12-16,False,2,8,2,False,6,0,,2,"MNM7,MNM7a"
494794,ERR6598739,1,1,1,24817,27875,2,COVID-ARTIC-V3,3,2021-08-22,8d576e157eae,2,AY.4,Delta (AY.4-like),1026.0,2021-08-15,494793,AY.4,Delta (AY.4-like),1019.0,2021-08-22,473289,AY.4,Delta (AY.4-like),1026.0000000001,2021-08-15,317498,AY.98,Delta (B.1.617.2-like),1093.0000000002,2021-06-09,494793,AY.4,Delta (AY.4-like),1019.0,2021-08-22,167127,B.1.617.2,Delta (B.1.617.2-like),1268.2440285999382,2020-12-16,False,2,15,2,False,6,0,,2,"MNM7,MNM7a"
939147,ERR7645856,8,2,1,23681,27875,0,COVID-ARTIC-V4.1,4,2021-11-27,029f7dfa7d01,3,AY.4,Delta (AY.4-like),943.9687665500052,2021-11-06,939145,AY.4,Delta (AY.4-like),922.0,2021-11-27,686734,AY.4,Delta (AY.4-like),974.0000000002,2021-10-06,317498,AY.98,Delta (B.1.617.2-like),1093.0000000002,2021-06-09,939145,AY.4,Delta (AY.4-like),922.0,2021-11-27,167127,B.1.617.2,Delta (B.1.617.2-like),1268.2440285999382,2020-12-16,False,2,10,2,False,4,0,,2,"MNM7,MNM7a"
938163,ERR7608959,1,1,1,26456,27875,0,COVID-ARTIC-V4.1,4,2021-11-27,b34fa6d6b656,2,AY.4,Delta (AY.4-like),949.1986894251988,2021-10-31,938162,AY.4,Delta (AY.4-like),922.0,2021-11-27,741572,AY.4,Delta (AY.4-like),984.0,2021-09-26,317498,AY.98,Delta (B.1.617.2-like),1093.0000000002,2021-06-09,938162,AY.4,Delta (AY.4-like),922.0,2021-11-27,167127,B.1.617.2,Delta (B.1.617.2-like),1268.2440285999382,2020-12-16,False,2,9,2,False,4,0,,2,"MNM7,MNM7a"
535776,ERR6692685,10,1,1,25615,27875,0,COVID-ARTIC-V3,3,2021-09-01,3865461e9409,2,AY.4.2,Delta (AY.4.2-like),1046.493744450842,2021-07-26,535775,AY.4.2,Delta (AY.4.2-like),1009.0,2021-09-01,387969,AY.4.2,Delta (AY.4.2-like),1050.0,2021-07-22,317498,AY.98,Delta (B.1.617.2-like),1093.0000000002,2021-06-09,535775,AY.4.2,Delta (AY.4.2-like),1009.0,2021-09-01,167127,B.1.617.2,Delta (B.1.617.2-like),1268.2440285999382,2020-12-16,False,3,9,2,False,4,0,,2,"MNM7,MNM7a"
667880,ERR7033626,2,1,1,25689,27875,1,COVID-ARTIC-V3,3,2021-10-01,71abf172839f,2,AY.6,Delta (B.1.617.2-like),995.0990876612948,2021-09-15,667879,AY.6,Delta (B.1.617.2-like),979.0,2021-10-01,495730,AY.6,Delta (B.1.617.2-like),1018.0000000001,2021-08-23,317498,AY.98,Delta (B.1.617.2-like),1093.0000000002,2021-06-09,667879,AY.6,Delta (B.1.617.2-like),979.0,2021-10-01,167127,B.1.617.2,Delta (B.1.617.2-like),1268.2440285999382,2020-12-16,False,2,9,2,False,5,0,,2,"MNM7,MNM7a"
677327,ERR7035845,1,1,1,27144,27875,0,COVID-ARTIC-V3,3,2021-10-04,7c2cf805e39b,2,AY.4.2,Delta (AY.4.2-like),980.0,2021-09-30,677326,AY.4.2,Delta (AY.4.2-like),976.0,2021-10-04,663248,AY.4.2,Delta (AY.4.2-like),980.0000000001,2021-09-30,317498,AY.98,Delta (B.1.617.2-like),1093.0000000002,2021-06-09,677326,AY.4.2,Delta (AY.4.2-like),976.0,2021-10-04,167127,B.1.617.2,Delta (B.1.617.2-like),1268.2440285999382,2020-12-16,False,3,15,2,False,4,0,,2,"MNM7,MNM7a"
663938,ERR7021445,1,1,1,25804,27875,1,COVID-ARTIC-V3,3,2021-09-30,2208a709d802,2,AY.4.1,Delta (AY.4-like),994.4399259320344,2021-09-16,663937,AY.4.1,Delta (AY.4-like),980.0,2021-09-30,541046,AY.4.1,Delta (AY.4-like),1008.0000000001,2021-09-02,317498,AY.98,Delta (B.1.617.2-like),1093.0000000002,2021-06-09,663937,AY.4.1,Delta (AY.4-like),980.0,2021-09-30,167127,B.1.617.2,Delta (B.1.617.2-like),1268.2440285999382,2020-12-16,False,3,13,2,False,5,0,,2,"MNM7,MNM7a"
643799,ERR7343244,1,1,1,27611,27875,3,COVID-ARTIC-V3,3,2021-09-25,e77a5f36065d,2,AY.4,Delta (AY.4-like),998.138972503536,2021-09-12,643798,AY.4,Delta (AY.4-like),985.0,2021-09-25,472568,AY.4,Delta (AY.4-like),1026.0,2021-08-15,317498,AY.98,Delta (B.1.617.2-like),1093.0000000002,2021-06-09,643798,AY.4,Delta (AY.4-like),985.0,2021-09-25,167127,B.1.617.2,Delta (B.1.617.2-like),1268.2440285999382,2020-12-16,False,2,13,2,False,7,0,,2,"MNM7,MNM7a"
1236577,SRR19797153,1,1,1,27385,27879,0,COVID-AMPLISEQ-V1,.,2022-02-09,c58547a692c1,2,BA.1.1,Omicron (BA.1-like),861.6816248863843,2022-01-27,1236576,BA.1.1,Omicron (BA.1-like),848.0,2022-02-09,1131270,BA.1.1,Omicron (BA.1-like),869.0,2022-01-19,1125352,BA.1.17.2,Omicron (BA.1-like),870.0000000001,2022-01-18,1236576,BA.1.1,Omicron (BA.1-like),848.0,2022-02-09,871714,BA.1,Omicron (BA.1-like),1011.137026065978,2021-08-30,False,3,13,2,False,6,0,,1,MNM7a
1277567,ERR12924538,2,1,1,27384,27879,3,COVID-ARTIC-V3,.,2022-02-18,bf0560abe2a5,2,BA.2.9,Omicron (BA.2-like),850.5491751708761,2022-02-07,1277566,BA.2.9,Omicron (BA.2-like),839.0,2022-02-18,1089656,BA.2.9,Omicron (BA.2-like),904.0000000001,2021-12-15,1125352,BA.1.17.2,Omicron (BA.1-like),870.0000000001,2022-01-18,1277566,BA.2.9,Omicron (BA.2-like),839.0,2022-02-18,871728,B.1.1.529,Omicron (Unassigned),1333.8575128682105,2020-10-12,False,5,55,0,False,7,0,,1,MNM7a
1300077,SRR20855021,1,1,1,24055,27879,1,COVID-ARTIC-V4.1,.,2022-02-24,42127946e694,2,BA.1.1.18,Omicron (BA.1-like),845.7065095481103,2022-02-12,1300076,BA.1.1.18,Omicron (BA.1-like),833.0,2022-02-24,1053988,BA.1.1.18,Omicron (BA.1-like),896.0,2021-12-23,1195338,BA.1.1,Omicron (BA.1-like),856.0,2022-02-01,1300076,BA.1.1.18,Omicron (BA.1-like),833.0,2022-02-24,1046379,BA.1,Omicron (BA.1-like),1011.1370260660782,2021-08-30,False,1,4,2,False,6,0,,1,MNM7a
1192036,ERR8542467,7,1,1,27385,27879,1,COVID-ARTIC-V4.1,4.1alt,2022-02-01,11fb60c00a51,2,BA.1.17.2,Omicron (BA.1-like),860.0000000001,2022-01-28,1192035,BA.1.17.2,Omicron (BA.1-like),856.0,2022-02-01,1172629,BA.1.17.2,Omicron (BA.1-like),860.0000000002001,2022-01-28,1125352,BA.1.17.2,Omicron (BA.1-like),870.0000000001,2022-01-18,1238068,BA.1.17.2,Omicron (BA.1-like),860.0,2022-01-28,937732,BA.1.17.2,Omicron (BA.1-like),929.1821366259852,2021-11-20,False,0,5,2,False,5,0,,1,MNM7a
259308,ERR6719263,71,1,1,23594,27879,1,COVID-ARTIC-V3,.,2021-04-16,93bc92af5da0,2,B.1.1.7,Alpha (B.1.1.7-like),1193.0,2021-03-01,259307,B.1.1.7,Alpha (B.1.1.7-like),1147.0,2021-04-16,240841,B.1.1.7,Alpha (B.1.1.7-like),1194.899916777486,2021-02-28,177888,B.1.1.7,Alpha (B.1.1.7-like),1193.0000000001,2021-03-01,259307,B.1.1.7,Alpha (B.1.1.7-like),1147.0,2021-04-16,50503,B.1.1.7,Alpha (B.1.1.7-like),1359.8932779246688,2020-09-16,False,0,13,2,False,5,1,mnS2,1,MNM7a
217046,ERR5673237,66,3,1,18556,27880,1,COVID-ARTIC-V3,3,2021-03-23,a207ed605989,4,B.1.1.7,Alpha (B.1.1.7-like),1179.0,2021-03-15,217045,B.1.1.7,Alpha (B.1.1.7-like),1171.0,2021-03-23,94258,B.1.1.7,Alpha (B.1.1.7-like),1254.0,2020-12-30,202585,B.1.1.7,Alpha (B.1.1.7-like),1179.0000000001,2021-03-15,217043,B.1.1.7,Alpha (B.1.1.7-like),1171.0,2021-03-23,50503,B.1.1.7,Alpha (B.1.1.7-like),1359.8932779246688,2020-09-16,False,0,10,1,False,5,0,,1,MNM7a
1423597,ERR12255012,1,1,1,26523,27880,0,COVID-ARTIC-V4.1,.,2022-04-06,13210769c23f,2,BA.1.1,Omicron (BA.1-like),808.2861313908043,2022-03-21,1423596,BA.1.1,Omicron (BA.1-like),792.0,2022-04-06,1328751,BA.1.1,Omicron (BA.1-like),823.0,2022-03-06,1228147,BA.1.17,Omicron (BA.1-like),849.0,2022-02-08,1423596,BA.1.1,Omicron (BA.1-like),792.0,2022-04-06,871714,BA.1,Omicron (BA.1-like),1011.137026065978,2021-08-30,False,2,11,1,False,4,0,,1,MNM7a
1400699,ERR11804268,1,1,1,25351,27880,0,COVID-ARTIC-V3,.,2022-03-27,9b71e6f824e2,2,BA.2,Omicron (BA.2-like),820.3021029040316,2022-03-09,1400698,BA.2,Omicron (BA.2-like),802.0,2022-03-27,1206537,BA.2,Omicron (BA.2-like),854.0,2022-02-03,1266874,BA.2,Omicron (BA.2-like),841.0,2022-02-16,1400698,BA.2,Omicron (BA.2-like),802.0,2022-03-27,965896,BA.2.5,Omicron (BA.2-like),961.3848488131327,2021-10-19,False,0,6,1,False,4,0,,1,MNM7a
1790907,SRR24083325,3,1,1,27385,27889,3,COVID-ARTIC-V4.1,.,2023-03-09,b60c20da5c16,2,XBB.1.5,Omicron (XBB-like),474.8324258535118,2023-02-18,1790906,XBB.1.5,Omicron (XBB-like),455.0000000001,2023-03-09,1713497,XBB.1.5,Omicron (XBB.1.5-like),557.0000089501193,2022-11-27,1689472,BQ.1,Omicron (BA.5-like),598.0,2022-10-17,1790906,XBB.1.5,Omicron (XBB-like),455.0000000001,2023-03-09,871728,B.1.1.529,Omicron (Unassigned),1333.8575128682105,2020-10-12,True,14,39,6,True,9,1,MNM3,0,
1516229,ERR9858118,86,1,1,27439,27889,0,COVID-ARTIC-V4.1,4.1alt,2022-06-09,c9caa1f8fb0f,2,BA.5.1.5,Omicron (BA.5-like),759.0,2022-05-09,1516228,BA.5.1.5,Omicron (BA.5-like),728.0,2022-06-09,1509505,BA.5.1.5,Omicron (BA.5-like),778.2615141338674,2022-04-20,1476696,BA.2.9.1,Omicron (BA.2-like),759.0000000001,2022-05-09,1530619,BA.5.1.5,Omicron (BA.5-like),735.3047051743745,2022-06-02,871728,B.1.1.529,Omicron (Unassigned),1333.8575128682105,2020-10-12,False,6,22,6,True,6,0,,0,
1645356,SRR21637036,7,1,1,27789,27889,1,COVID-ARTIC-V4.1,.,2022-09-04,1d003e39947d,2,BA.5.2.1,Omicron (BA.5-like),658.6524784793705,2022-08-18,1645355,BA.5.2.1,Omicron (BA.5-like),641.0,2022-09-04,1556174,BA.5.2.1,Omicron (BA.5-like),701.0,2022-07-06,1633037,BA.4.6.5,Omicron (BA.4-like),721.4985685552396,2022-06-16,1645355,BA.5.2.1,Omicron (BA.5-like),641.0,2022-09-04,871728,B.1.1.529,Omicron (Unassigned),1333.8575128682105,2020-10-12,False,6,14,6,True,7,0,,0,
43742,ERR4786984,1,1,1,27871,27944,1,COVID-ARTIC-V3,3,2020-10-12,bc8f11ad139f,2,B.1.177.4,.,1345.660341502993,2020-09-30,43741,B.1.177.4,.,1333.0,2020-10-12,38405,B.1.177.4,.,1346.0,2020-09-29,34752,B.1.221,.,1518.5505252455682,2020-04-10,43741,B.1.177.4,.,1333.0,2020-10-12,68,B.1,.,1591.6612163418586,2020-01-28,True,3,19,5,True,6,0,,0,
115377,ERR5232711,3,1,1,25997,27972,2,COVID-ARTIC-V3,3,2021-01-18,8ed8fa69ba67,2,B.1.1.7,.,1274.0,2020-12-10,115376,B.1.1.7,.,1235.0,2021-01-18,76594,B.1.1.7,Alpha (B.1.1.7-like),1274.0000000002,2020-12-10,65127,B.1.221.1,.,1346.805231807136,2020-09-29,115376,B.1.1.7,.,1235.0,2021-01-18,68,B.1,.,1591.6612163418586,2020-01-28,True,4,32,10,True,32,0,,0,
107777,ERR5304348,1,1,1,26802,27972,2,COVID-ARTIC-V3,3,2021-01-12,04de7d375da9,2,B.1.1,.,1254.8291663156317,2020-12-30,107776,B.1.1,.,1241.0,2021-01-12,70465,B.1.177.16,.,1288.0000000001,2020-11-26,94150,B.1.1.7,Alpha (B.1.1.7-like),1359.8932779247689,2020-09-16,107776,B.1.1,.,1241.0,2021-01-12,68,B.1,.,1591.6612163418586,2020-01-28,True,4,25,12,True,24,0,,1,mnS3
1676486,SRR21909427,2,1,1,27533,27998,0,COVID-ARTIC-V4.1,.,2022-10-03,f050d5c5d98b,2,BF.5,Omicron (BA.5-like),669.6490028617748,2022-08-07,1676485,BF.5,Omicron (BA.5-like),612.0,2022-10-03,1509875,BF.5,Omicron (BA.5-like),770.3920792000525,2022-04-28,1547176,BA.5.1.22,Omicron (BA.5-like),755.8760136604928,2022-05-13,1676485,BF.5,Omicron (BA.5-like),612.0,2022-10-03,1428716,BA.5,Omicron (BA.5-like),828.0000007252249,2022-03-01,False,5,12,5,True,5,0,,0,
1873770,ERR12551652,34,1,1,27916,28121,3,COVID-ARTIC-V5.0-5.3.2_400,.,2023-12-21,193c344f3e79,2,JN.1,Omicron (BA.2-like),210.85408758881763,2023-11-09,1873769,JN.1,Omicron (BA.2-like),168.0,2023-12-21,1873271,JN.1,Omicron (BA.2-like),215.22745794186528,2023-11-04,1800652,XBB.1.9.1,Omicron (XBB.1-like),441.0,2023-03-23,1874654,JN.1,Omicron (BA.2-like),201.01648341251587,2023-11-18,965896,BA.2.5,Omicron (BA.2-like),961.3848488131327,2021-10-19,False,10,74,4,True,7,0,,0,
1678792,ERR13020116,13,1,1,27439,28153,1,COVID-ARTIC-V3,.,2022-10-05,f7d4940babac,2,BQ.1.1.7,Omicron (BA.5-like),616.0,2022-09-29,1678791,BQ.1.1.7,Omicron (BA.5-like),610.0000000001,2022-10-05,1672706,BQ.1.1.7,Omicron (BA.5-like),616.0000000001,2022-09-29,1521325,BA.5.1,Omicron (BA.5-like),725.0,2022-06-12,1678791,BQ.1.1.7,Omicron (BA.5-like),610.0000000001,2022-10-05,1428716,BA.5,Omicron (BA.5-like),828.0000007252249,2022-03-01,True,9,14,5,True,6,0,,0,
356165,SRR15189070,1,1,1,28041,28209,2,COVID-ARTIC-V3,.,2021-07-07,4915715bb3cf,2,B.1.1.7,Alpha (B.1.1.7-like),1087.5444300612849,2021-06-15,356164,B.1.1.7,Alpha (B.1.1.7-like),1065.0,2021-07-07,232083,B.1.1.7,Alpha (B.1.1.7-like),1198.0,2021-02-24,150469,B.1.1.7,Alpha (B.1.1.7-like),1210.0,2021-02-12,356164,B.1.1.7,Alpha (B.1.1.7-like),1065.0,2021-07-07,50502,B.1.1.7,Alpha (B.1.1.7-like),1359.8932779244687,2020-09-16,False,0,10,4,True,7,0,,0,
208392,ERR5553633,1,1,1,26417,28233,0,COVID-ARTIC-V3,3,2021-03-18,0dc6c54dde3e,2,B.1.1.7,Alpha (B.1.1.7-like),1197.246543640951,2021-02-25,208391,B.1.1.7,Alpha (B.1.1.7-like),1176.0,2021-03-18,141715,B.1.1.7,Alpha (B.1.1.7-like),1215.0,2021-02-07,88691,B.1.1.7,Alpha (B.1.1.7-like),1263.0,2020-12-21,208391,B.1.1.7,Alpha (B.1.1.7-like),1176.0,2021-03-18,64821,B.1.1.7,Alpha (B.1.1.7-like),1341.562877032149,2020-10-04,False,0,5,2,False,5,0,,0,
185301,ERR6708782,1,1,1,28096,28233,3,COVID-ARTIC-V3,.,2021-03-05,cd7b6fe0cabb,2,B.1.1.7,Alpha (B.1.1.7-like),1191.0,2021-03-03,185300,B.1.1.7,Alpha (B.1.1.7-like),1189.0,2021-03-05,182045,B.1.1.7,Alpha (B.1.1.7-like),1191.0000000001,2021-03-03,88691,B.1.1.7,Alpha (B.1.1.7-like),1263.0,2020-12-21,185300,B.1.1.7,Alpha (B.1.1.7-like),1189.0,2021-03-05,50503,B.1.1.7,Alpha (B.1.1.7-like),1359.8932779246688,2020-09-16,False,0,9,1,False,8,0,,0,
522251,ERR6666963,1,1,1,27630,28237,2,COVID-ARTIC-V3,3,2021-08-29,500746348f5a,2,AY.4.2,Delta (AY.4.2-like),1023.4667514317084,2021-08-18,522250,AY.4.2,Delta (AY.4.2-like),1012.0,2021-08-29,471860,AY.4.2,Delta (AY.4.2-like),1026.0000000001,2021-08-15,376324,AY.7.1,Delta (B.1.617.2-like),1055.0,2021-07-17,522250,AY.4.2,Delta (AY.4.2-like),1012.0,2021-08-29,167127,B.1.617.2,Delta (B.1.617.2-like),1268.2440285999382,2020-12-16,False,4,15,2,False,7,0,,0,
894576,ERR7528093,1,1,1,27630,28237,3,COVID-ARTIC-V4.1,4,2021-11-18,91104b1bc975,2,AY.43,Delta (B.1.617.2-like),943.049031662706,2021-11-06,894575,AY.43,Delta (B.1.617.2-like),931.0,2021-11-18,770360,AY.43,Delta (B.1.617.2-like),955.0000000002,2021-10-25,376324,AY.7.1,Delta (B.1.617.2-like),1055.0,2021-07-17,894575,AY.43,Delta (B.1.617.2-like),931.0,2021-11-18,167127,B.1.617.2,Delta (B.1.617.2-like),1268.2440285999382,2020-12-16,False,3,16,1,False,7,0,,0,
870473,ERR7490967,10,1,1,27630,28237,3,COVID-ARTIC-V4.1,4,2021-11-13,8e1d159f1e1b,2,AY.4,Delta (AY.4-like),950.0000000001,2021-10-30,870472,AY.4,Delta (AY.4-like),936.0,2021-11-13,789971,AY.4,Delta (AY.4-like),950.0000000002,2021-10-30,376324,AY.7.1,Delta (B.1.617.2-like),1055.0,2021-07-17,918550,AY.4,Delta (AY.4-like),950.0,2021-10-30,167127,B.1.617.2,Delta (B.1.617.2-like),1268.2440285999382,2020-12-16,False,3,15,3,False,9,0,,0,
751954,ERR7316860,1,1,1,28078,28237,0,COVID-AMPLISEQ-V1,3,2021-10-21,cea67324d2c3,2,AY.4,Delta (AY.4-like),977.780599732981,2021-10-03,751953,AY.4,Delta (AY.4-like),959.0,2021-10-21,625190,AY.4,Delta (AY.4-like),1016.5599767289124,2021-08-25,376324,AY.7.1,Delta (B.1.617.2-like),1055.0,2021-07-17,751953,AY.4,Delta (AY.4-like),959.0,2021-10-21,167127,B.1.617.2,Delta (B.1.617.2-like),1268.2440285999382,2020-12-16,False,3,15,3,False,6,0,,0,
293024,ERR11852901,1,1,1,28234,28238,0,COVID-ARTIC-V3,.,2021-05-16,78097f083eec,2,B.1.1.7,Alpha (B.1.1.7-like),1123.0,2021-05-10,293023,B.1.1.7,Alpha (B.1.1.7-like),1117.0,2021-05-16,286902,B.1.1.7,Alpha (B.1.1.7-like),1123.0000000001,2021-05-10,88691,B.1.1.7,Alpha (B.1.1.7-like),1263.0,2020-12-21,293023,B.1.1.7,Alpha (B.1.1.7-like),1117.0,2021-05-16,50498,B.1.1.7,Alpha (B.1.1.7-like),1341.5628770322487,2020-10-04,False,0,9,1,False,5,0,,0,
376325,ERR12794355,20,1,1,28000,28241,2,COVID-ARTIC-V3,.,2021-07-17,80b4ae68b5a9,2,AY.7.1,Delta (B.1.617.2-like),1066.0,2021-07-06,376324,AY.7.1,Delta (B.1.617.2-like),1055.0,2021-07-17,354700,AY.7.1,Delta (B.1.617.2-like),1066.0000000003,2021-07-06,338898,AY.6,Delta (B.1.617.2-like),1074.0,2021-06-28,376324,AY.7.1,Delta (B.1.617.2-like),1055.0,2021-07-17,167127,B.1.617.2,Delta (B.1.617.2-like),1268.2440285999382,2020-12-16,False,3,12,1,False,6,0,,0,
988750,SRR20186924,1,1,1,28238,28241,1,COVID-AMPLISEQ-V1,.,2021-12-06,07867be509eb,2,AY.3,Delta (B.1.617.2-like),925.4207530170164,2021-11-24,988749,AY.3,Delta (B.1.617.2-like),913.0,2021-12-06,896043,AY.3,Delta (B.1.617.2-like),931.0,2021-11-18,438438,AY.3,Delta (B.1.617.2-like),1037.0,2021-08-04,988749,AY.3,Delta (B.1.617.2-like),913.0,2021-12-06,292424,AY.3,Delta (B.1.617.2-like),1182.4267255547802,2021-03-12,False,0,16,2,False,5,0,,0,
928453,SRR19267453,1,1,1,27630,28241,1,COVID-ARTIC-V4.1,.,2021-11-24,8ee4955f5abf,2,AY.39,Delta (B.1.617.2-like),940.0322788420564,2021-11-09,928452,AY.39,Delta (B.1.617.2-like),925.0,2021-11-24,738088,AY.39,Delta (B.1.617.2-like),962.0000000001,2021-10-18,376325,AY.7.1,Delta (B.1.617.2-like),1066.0,2021-07-06,928452,AY.39,Delta (B.1.617.2-like),925.0,2021-11-24,167127,B.1.617.2,Delta (B.1.617.2-like),1268.2440285999382,2020-12-16,False,3,24,2,False,6,0,,0,
1028593,SRR19223070,1,1,1,28238,28241,2,COVID-ARTIC-V4.1,.,2021-12-15,bbe2e579ec7e,2,AY.3,Delta (B.1.617.2-like),917.4365350226558,2021-12-02,1028592,AY.3,Delta (B.1.617.2-like),904.0,2021-12-15,820873,AY.3,Delta (B.1.617.2-like),945.0,2021-11-04,595557,AY.3,Delta (B.1.617.2-like),996.0,2021-09-14,1028592,AY.3,Delta (B.1.617.2-like),904.0,2021-12-15,292424,AY.3,Delta (B.1.617.2-like),1182.4267255547802,2021-03-12,False,0,22,2,False,7,0,,0,
592986,ERR6796680,4,1,1,27630,28241,1,COVID-ARTIC-V3,3,2021-09-14,8f3a429fd8de,2,AY.4,Delta (AY.4-like),1012.3762180002718,2021-08-29,592985,AY.4,Delta (AY.4-like),996.0,2021-09-14,558180,AY.4,Delta (AY.4-like),1049.0000000002,2021-07-23,376325,AY.7.1,Delta (B.1.617.2-like),1066.0,2021-07-06,592985,AY.4,Delta (AY.4-like),996.0,2021-09-14,167127,B.1.617.2,Delta (B.1.617.2-like),1268.2440285999382,2020-12-16,False,3,17,2,False,5,0,,0,
1007153,ERR7775950,1,1,1,27630,28241,0,COVID-ARTIC-V4.1,4,2021-12-10,e01822f1ce4c,2,AY.4.2,Delta (AY.4.2-like),919.0,2021-11-30,1007152,AY.4.2,Delta (AY.4.2-like),909.0,2021-12-10,955369,AY.4.2,Delta (AY.4.2-like),919.0000000001,2021-11-30,376325,AY.7.1,Delta (B.1.617.2-like),1066.0,2021-07-06,1007152,AY.4.2,Delta (AY.4.2-like),909.0,2021-12-10,167127,B.1.617.2,Delta (B.1.617.2-like),1268.2440285999382,2020-12-16,False,4,18,2,False,5,0,,0,
250177,ERR5743634,1,1,1,25691,28245,1,COVID-ARTIC-V3,3,2021-04-10,2b984872d1a1,2,B.1.1.7,Alpha (B.1.1.7-like),1170.4146935439626,2021-03-24,250176,B.1.1.7,Alpha (B.1.1.7-like),1153.0,2021-04-10,179619,B.1.1.7,Alpha (B.1.1.7-like),1192.0000000002,2021-03-02,110720,B.1.1.7,Alpha (B.1.1.7-like),1238.0,2021-01-15,250176,B.1.1.7,Alpha (B.1.1.7-like),1153.0,2021-04-10,50498,B.1.1.7,Alpha (B.1.1.7-like),1341.5628770322487,2020-10-04,False,0,5,1,False,6,0,,0,
878939,SRR19933575,3,2,1,28117,28245,0,COVID-AMPLISEQ-V1,.,2021-11-15,b9087d3aae82,3,AY.44,Delta (B.1.617.2-like),938.0,2021-11-11,878937,AY.44,Delta (B.1.617.2-like),934.0,2021-11-15,859327,AY.44,Delta (B.1.617.2-like),938.0000000001,2021-11-11,632137,AY.44,Delta (B.1.617.2-like),988.0,2021-09-22,878937,AY.44,Delta (B.1.617.2-like),934.0,2021-11-15,332401,AY.44,Delta (B.1.617.2-like),1079.0000000003,2021-06-23,False,0,13,1,False,4,0,,0,
279263,SRR16660456,1,1,1,25414,28251,0,COVID-ARTIC-V3,.,2021-05-03,d24359476773,2,P.1,Gamma (P.1-like),1151.543256868477,2021-04-12,279262,P.1,Gamma (P.1-like),1130.0,2021-05-03,230948,P.1,Gamma (P.1-like),1217.0426724057218,2021-02-05,218091,P.1,Gamma (P.1-like),1171.0,2021-03-23,279262,P.1,Gamma (P.1-like),1130.0,2021-05-03,132045,P.1,Gamma (P.1-like),1325.0195372255253,2020-10-20,False,0,10,3,False,4,0,,0,
1263449,ERR8993018,2,1,1,25793,28251,2,COVID-ARTIC-V4.1,4.1alt,2022-02-15,318cd5e05b45,2,BA.1.17.2,Omicron (BA.1-like),853.0264190086751,2022-02-04,1263448,BA.1.17.2,Omicron (BA.1-like),842.0,2022-02-15,1127546,BA.1.17.2,Omicron (BA.1-like),869.0,2022-01-19,1059007,BA.1.1.2,Omicron (BA.1-like),893.0,2021-12-26,1263448,BA.1.17.2,Omicron (BA.1-like),842.0,2022-02-15,871714,BA.1,Omicron (BA.1-like),1011.137026065978,2021-08-30,True,4,11,2,False,6,0,,1,MNM2
376386,ERR13159904,1,1,1,25414,28252,3,COVID-ARTIC-V3,.,2021-07-17,7ac0ed57884a,2,P.1,Gamma (P.1-like),1080.1384301611497,2021-06-22,376385,P.1,Gamma (P.1-like),1055.0,2021-07-17,318637,P.1,Gamma (P.1-like),1217.5044254771076,2021-02-05,270678,P.1,Gamma (P.1-like),1137.0000000001,2021-04-26,376385,P.1,Gamma (P.1-like),1055.0,2021-07-17,132045,P.1,Gamma (P.1-like),1325.0195372255253,2020-10-20,False,0,11,2,False,8,0,,0,
284626,SRR14627955,1,1,1,25573,28254,1,COVID-ARTIC-V3,.,2021-05-08,4c7ed8cddeee,2,P.1,Gamma (P.1-like),1126.0,2021-05-07,284625,P.1,Gamma (P.1-like),1125.0,2021-05-08,251184,P.1,Gamma (P.1-like),1152.0,2021-04-11,283733,P.1,Gamma (P.1-like),1126.0000000001,2021-05-07,284625,P.1,Gamma (P.1-like),1125.0,2021-05-08,132045,P.1,Gamma (P.1-like),1325.0195372255253,2020-10-20,False,0,7,1,False,6,0,,0,
295567,ERR13159128,2,1,1,25414,28255,2,COVID-ARTIC-V3,.,2021-05-18,662563e957d6,2,P.1,Gamma (P.1-like),1137.0,2021-04-26,295566,P.1,Gamma (P.1-like),1115.0,2021-05-18,261093,P.1.15,Gamma (P.1-like),1185.0000000001,2021-03-09,270678,P.1,Gamma (P.1-like),1137.0000000001,2021-04-26,295566,P.1,Gamma (P.1-like),1115.0,2021-05-18,132045,P.1,Gamma (P.1-like),1325.0195372255253,2020-10-20,False,1,12,2,False,7,0,,0,
1690394,ERR13012164,2,1,1,27390,28271,2,COVID-ARTIC-V3,.,2022-10-17,9a1046c2d7f9,2,BF.11.3,Omicron (BA.5-like),606.5737059202663,2022-10-09,1690393,BF.11.3,Omicron (BA.5-like),598.0,2022-10-17,1682287,BF.11.3,Omicron (BA.5-like),616.0,2022-09-29,1530598,BE.1.1,Omicron (BA.5-like),750.0000000004006,2022-05-18,1690393,BF.11.3,Omicron (BA.5-like),598.0,2022-10-17,1428716,BA.5,Omicron (BA.5-like),828.0000007252249,2022-03-01,False,8,15,5,True,7,0,,0,
322200,SRR15230194,1,1,1,27904,28273,2,COVID-AMPLISEQ-V1,.,2021-06-15,421ad3a31ae9,2,B.1.214,.,1101.5240417291095,2021-06-01,322199,B.1.214,.,1087.0,2021-06-15,253904,B.1.214,.,1210.76000391895,2021-02-12,292233,B.1.214,.,1118.0,2021-05-15,322199,B.1.214,.,1087.0,2021-06-15,253904,B.1.214,.,1210.76000391895,2021-02-12,False,0,6,1,False,7,0,,0,
445228,ERR6574429,1,1,1,26417,28291,1,COVID-ARTIC-V3,3,2021-08-06,16899366361b,2,AY.4.7,Delta (AY.4-like),1048.883987679901,2021-07-24,445227,AY.4.7,Delta (AY.4-like),1035.0,2021-08-06,387469,AY.4.7,Delta (AY.4-like),1051.0,2021-07-21,350866,AY.5,Delta (B.1.617.2-like),1068.0000000002,2021-07-04,445227,AY.4.7,Delta (AY.4-like),1035.0,2021-08-06,167127,B.1.617.2,Delta (B.1.617.2-like),1268.2440285999382,2020-12-16,False,3,10,4,True,5,0,,0,
217375,SRR14370520,19,2,1,27965,28311,2,COVID-ARTIC-V3,.,2021-03-23,79b7f456f105,3,B.1.526,Iota (B.1.526-like),1201.43575195906,2021-02-21,217373,B.1.526,Iota (B.1.526-like),1171.0,2021-03-23,214000,B.1.526,Iota (B.1.526-like),1220.68541736443,2021-02-02,164334,B.1.595,.,1227.1079069326283,2021-01-26,255659,B.1.526,Iota (B.1.526-like),1201.43575195896,2021-02-21,200,B.1,.,1591.6612163416585,2020-01-28,False,2,30,4,True,6,0,,0,
1704281,SRR22484659,2,1,1,27439,28312,1,COVID-ARTIC-V4.1,.,2022-11-07,c6b54621590b,2,BQ.1.1.17,Omicron (BA.5-like),589.2264901775821,2022-10-26,1704280,BQ.1.1.17,Omicron (BA.5-like),577.0,2022-11-07,1675955,BQ.1.1.17,Omicron (BA.5-like),612.0000000002001,2022-10-03,1508717,BA.5.1.5,Omicron (BA.5-like),733.0000000003001,2022-06-04,1704280,BQ.1.1.17,Omicron (BA.5-like),577.0,2022-11-07,1428716,BA.5,Omicron (BA.5-like),828.0000007252249,2022-03-01,False,10,13,4,True,5,0,,0,
1677891,ERR13039284,1,1,1,27890,28330,0,COVID-ARTIC-V3,.,2022-10-04,f8595c231e9c,2,BF.7.5.1,Omicron (BA.5-like),623.4350262913972,2022-09-22,1677890,BF.7.5.1,Omicron (BA.5-like),611.0,2022-10-04,1654462,BF.7.5.1,Omicron (BA.5-like),633.0,2022-09-12,1326159,BA.2,Omicron (BA.2-like),868.7613524528623,2022-01-20,1677890,BF.7.5.1,Omicron (BA.5-like),611.0,2022-10-04,871728,B.1.1.529,Omicron (Unassigned),1333.8575128682105,2020-10-12,True,7,22,5,True,6,0,,0,
1645177,SRR21636269,1,1,1,27439,28330,0,COVID-ARTIC-V4.1,.,2022-09-04,e25076113e2a,2,BA.5.1.30,Omicron (BA.5-like),652.7638371224137,2022-08-24,1645176,BA.5.1.30,Omicron (BA.5-like),641.0,2022-09-04,1623132,BA.5.1.30,Omicron (BA.5-like),659.0,2022-08-17,1564567,BA.5.2.1,Omicron (BA.5-like),696.0,2022-07-11,1645176,BA.5.1.30,Omicron (BA.5-like),641.0,2022-09-04,1428716,BA.5,Omicron (BA.5-like),828.0000007252249,2022-03-01,False,4,10,4,True,5,0,,0,
1532149,SRR21139593,18,1,1,27439,28330,0,COVID-ARTIC-V4.1,.,2022-06-20,4b4fd0a10ab1,2,BA.5,Omicron (BA.5-like),762.5231009393186,2022-05-06,1532148,BA.5,Omicron (BA.5-like),717.0,2022-06-20,1512161,BA.5.1,Omicron (BA.5-like),787.6278918424674,2022-04-11,1467858,BA.5.2.1,Omicron (BA.5-like),766.0000000004004,2022-05-02,1532148,BA.5,Omicron (BA.5-like),717.0,2022-06-20,1428716,BA.5,Omicron (BA.5-like),828.0000007252249,2022-03-01,True,3,5,4,True,4,0,,0,
1559491,ERR10033976,4,1,1,27439,28330,3,COVID-ARTIC-V4.1,.,2022-07-08,dc848bde2477,2,BA.5.1.21,Omicron (BA.5-like),717.6760680080997,2022-06-20,1559490,BA.5.1.21,Omicron (BA.5-like),699.0,2022-07-08,1475279,BA.5.1.21,Omicron (BA.5-like),779.0000000001,2022-04-19,1467858,BA.5.2.1,Omicron (BA.5-like),766.0000000004004,2022-05-02,1559490,BA.5.1.21,Omicron (BA.5-like),699.0,2022-07-08,1428716,BA.5,Omicron (BA.5-like),828.0000007252249,2022-03-01,False,4,6,4,True,8,0,,0,
1855611,SRR27380455,1,1,1,27817,28447,3,COVID-ARTIC-V5.0-5.3.2_400,.,2023-10-30,86c1bc929a15,2,HV.1,Omicron (XBB.1-like),225.1712577291161,2023-10-25,1855610,HV.1,Omicron (XBB.1-like),220.0,2023-10-30,1848011,HV.1,Omicron (XBB.1-like),247.0,2023-10-03,1848077,HK.6,Omicron (XBB.1-like),247.0,2023-10-03,1855610,HV.1,Omicron (XBB.1-like),220.0,2023-10-30,1805404,EG.5.1,Omicron (XBB.1-like),434.00000000040006,2023-03-30,True,8,14,4,True,7,0,,0,
1602821,SRR21222419,1,1,1,27439,28681,1,COVID-ARTIC-V4.1,.,2022-08-01,8f65dce25e66,2,BA.5,Omicron (BA.5-like),690.0206849728256,2022-07-17,1602820,BA.5,Omicron (BA.5-like),675.0,2022-08-01,1526285,BA.5.1,Omicron (BA.5-like),721.0,2022-06-16,1558745,BE.1.1,Omicron (BA.5-like),729.0000000001,2022-06-08,1602820,BA.5,Omicron (BA.5-like),675.0,2022-08-01,1428716,BA.5,Omicron (BA.5-like),828.0000007252249,2022-03-01,False,5,9,4,True,5,0,,0,
366701,SRR17445276,5,1,1,28096,28697,1,COVID-ARTIC-V3,.,2021-07-13,1737376c2671,2,Q.3,Alpha (B.1.1.7-like),1076.5451209253126,2021-06-26,366700,Q.3,Alpha (B.1.1.7-like),1059.0,2021-07-13,351050,Q.3,Alpha (B.1.1.7-like),1112.0688702048867,2021-05-21,316176,B.1.1.7,Alpha (B.1.1.7-like),1120.4984146249938,2021-05-13,366700,Q.3,Alpha (B.1.1.7-like),1059.0,2021-07-13,50503,B.1.1.7,Alpha (B.1.1.7-like),1359.8932779246688,2020-09-16,False,1,19,4,True,7,0,,0,
258053,SRR14720349,1,1,1,28283,28881,2,COVID-ARTIC-V3,.,2021-04-15,74e0ef723e38,2,B.1.1.7,Alpha (B.1.1.7-like),1179.681385233754,2021-03-15,258052,B.1.1.7,Alpha (B.1.1.7-like),1148.0,2021-04-15,59586,B.1.1.7,Alpha (B.1.1.7-like),1350.6494266190762,2020-09-25,8165,B,.,1624.0,2019-12-26,258052,B.1.1.7,Alpha (B.1.1.7-like),1148.0,2021-04-15,1,B,.,1624.0000000006007,2019-12-26,False,3,29,3,False,6,0,,0,
316176,ERR6101447,6,1,1,28698,28881,1,COVID-ARTIC-V3,3,2021-06-08,8eb767750860,2,B.1.1.7,Alpha (B.1.1.7-like),1120.4984146249938,2021-05-13,316175,B.1.1.7,Alpha (B.1.1.7-like),1094.0,2021-06-08,303154,B.1.1.7,Alpha (B.1.1.7-like),1129.7053424419107,2021-05-04,6690,B.1,.,1583.770327957429,2020-02-05,316175,B.1.1.7,Alpha (B.1.1.7-like),1094.0,2021-06-08,68,B.1,.,1591.6612163418586,2020-01-28,False,2,32,2,False,5,0,,0,
112685,ERR5220706,1,1,1,28718,28881,0,COVID-ARTIC-V3,.,2021-01-16,ecf31a7d2429,2,B.1.177,.,1240.0,2021-01-13,112684,B.1.177,.,1237.0,2021-01-16,108788,B.1.177,.,1240.0000000001,2021-01-13,87366,B.1.1.7,Alpha (B.1.1.7-like),1323.0000000001,2020-10-22,112684,B.1.177,.,1237.0,2021-01-16,68,B.1,.,1591.6612163418586,2020-01-28,False,3,40,4,True,6,0,,1,mnS3
1156865,ERR9127352,1,1,1,26768,28881,3,COVID-ARTIC-V4.1,.,2022-01-24,bf282d901ceb,2,BA.1,Omicron (BA.1-like),866.0,2022-01-22,1156864,BA.1,Omicron (BA.1-like),864.0,2022-01-24,1055552,BA.1.17,Omicron (BA.1-like),895.0,2021-12-24,1147888,BA.1,Omicron (BA.1-like),866.0000000001,2022-01-22,1156864,BA.1,Omicron (BA.1-like),864.0,2022-01-24,871714,BA.1,Omicron (BA.1-like),1011.137026065978,2021-08-30,False,1,10,2,False,7,0,,0,
1680627,SRR22037361,2,2,1,27890,29253,0,COVID-ARTIC-V4.1,.,2022-10-07,2de94b5f43d9,3,BA.5.1,Omicron (BA.5-like),610.0,2022-10-05,1680625,BA.5.1,Omicron (BA.5-like),608.0,2022-10-07,1678812,BA.5.1,Omicron (BA.5-like),610.0000000001,2022-10-05,1080954,BA.2,Omicron (BA.2-like),906.6726388992732,2021-12-13,1680625,BA.5.1,Omicron (BA.5-like),608.0,2022-10-07,871728,B.1.1.529,Omicron (Unassigned),1333.8575128682105,2020-10-12,True,3,19,5,True,5,0,,0,
978558,ERR7678774,1,1,1,27946,29571,2,COVID-ARTIC-V4.1,4,2021-12-04,9368ebf76a33,2,AY.4,Delta (AY.4-like),930.4576317245512,2021-11-19,978557,AY.4,Delta (AY.4-like),915.0,2021-12-04,337867,AY.4,Delta (AY.4-like),1075.0,2021-06-27,855415,AY.122,Delta (B.1.617.2-like),962.7193358824748,2021-10-18,978557,AY.4,Delta (AY.4-like),915.0,2021-12-04,167127,B.1.617.2,Delta (B.1.617.2-like),1268.2440285999382,2020-12-16,False,2,10,1,False,6,0,,0,
1790973,SRR24638789,6,3,1,29511,29571,1,COVID-ARTIC-V3,.,2023-03-09,6e1cdd44e23b,5,XBB.1.5.45,Omicron (XBB.1-like),499.9536121778096,2023-01-24,1790969,XBB.1.5.45,Omicron (XBB.1-like),455.0,2023-03-09,1788384,XBB.1.5.45,Omicron (XBB.1-like),512.0000000001,2023-01-11,855415,AY.122,Delta (B.1.617.2-like),962.7193358824748,2021-10-18,1790972,XBB.1.5.45,Omicron (XBB.1-like),470.59286763297087,2023-02-22,68,B.1,.,1591.6612163418586,2020-01-28,True,13,103,2,False,6,2,"MNM3,mnS3",0,
1867921,SRR27240204,1,1,1,28959,29726,3,COVID-ARTIC-V4.1,.,2023-12-04,e9415f62902c,2,JN.1.39,Omicron (BA.2-like),191.84612372646927,2023-11-28,1867920,JN.1.39,Omicron (BA.2-like),185.0,2023-12-04,1855161,JN.1.39,Omicron (BA.2-like),220.0000000002,2023-10-30,1471596,BA.2,Omicron (BA.2-like),763.0,2022-05-05,1867920,JN.1.39,Omicron (BA.2-like),185.0,2023-12-04,965896,BA.2.5,Omicron (BA.2-like),961.3848488131327,2021-10-19,False,4,54,2,False,7,0,,0,
1689146,ERR13022444,2,1,1,28694,29728,3,COVID-ARTIC-V3,.,2022-10-16,49f49bb5fcff,2,BA.5.3.1,Omicron (BA.5-like),613.9257575783918,2022-10-02,1689145,BA.5.3.1,Omicron (BA.5-like),599.0,2022-10-16,1606249,BA.5.3.1,Omicron (BA.5-like),674.0,2022-08-02,1263705,BA.2,Omicron (BA.2-like),842.0,2022-02-15,1689145,BA.5.3.1,Omicron (BA.5-like),599.0,2022-10-16,871728,B.1.1.529,Omicron (Unassigned),1333.8575128682105,2020-10-12,False,4,19,2,False,8,0,,0,
1691303,ERR13027900,2,2,1,28372,29728,3,COVID-ARTIC-V3,.,2022-10-18,0bb24a62c636,3,BF.7.26,Omicron (BA.5-like),612.5551267966254,2022-10-03,1691301,BF.7.26,Omicron (BA.5-like),597.0,2022-10-18,1679736,BF.7.26,Omicron (BA.5-like),683.0,2022-07-24,1263705,BA.2,Omicron (BA.2-like),842.0,2022-02-15,1691301,BF.7.26,Omicron (BA.5-like),597.0,2022-10-18,871728,B.1.1.529,Omicron (Unassigned),1333.8575128682105,2020-10-12,False,6,24,2,False,8,0,,0,
1446453,ERR9840332,1,1,1,25092,29728,0,COVID-ARTIC-V4.1,4.1alt,2022-04-19,5a8170461235,2,BA.2,Omicron (BA.2-like),801.4668228808557,2022-03-28,1446452,BA.2,Omicron (BA.2-like),779.0,2022-04-19,1310927,BA.2,Omicron (BA.2-like),838.0,2022-02-19,1263705,BA.2,Omicron (BA.2-like),842.0,2022-02-15,1446452,BA.2,Omicron (BA.2-like),779.0,2022-04-19,965896,BA.2.5,Omicron (BA.2-like),961.3848488131327,2021-10-19,False,0,5,2,False,4,0,,0,
1484637,ERR12754228,6,1,1,25417,29728,0,COVID-ARTIC-V3,.,2022-05-15,cdb889b1c764,2,BA.2,Omicron (BA.2-like),764.0,2022-05-04,1484636,BA.2,Omicron (BA.2-like),753.0,2022-05-15,1470322,BA.2,Omicron (BA.2-like),764.0000000001,2022-05-04,1263705,BA.2,Omicron (BA.2-like),842.0,2022-02-15,1484636,BA.2,Omicron (BA.2-like),753.0,2022-05-15,965896,BA.2.5,Omicron (BA.2-like),961.3848488131327,2021-10-19,False,0,6,2,False,4,0,,0,
1435483,SRR20566918,2,1,1,29701,29728,3,COVID-ARTIC-V4.1,.,2022-04-13,b09117a41c61,2,BA.2,Omicron (BA.2-like),811.6439772396913,2022-03-18,1435482,BA.2,Omicron (BA.2-like),785.0,2022-04-13,1347757,BA.2,Omicron (BA.2-like),835.0000000001,2022-02-22,1263705,BA.2,Omicron (BA.2-like),842.0,2022-02-15,1439257,BA.2,Omicron (BA.2-like),811.6439772395912,2022-03-18,965896,BA.2.5,Omicron (BA.2-like),961.3848488131327,2021-10-19,False,0,9,2,False,7,0,,0,
1833115,SRR26043232,1,1,1,28298,29728,2,COVID-ARTIC-V4.1,.,2023-08-21,0da87dc3ea6d,2,FL.1.5.1,Omicron (XBB.1-like),307.05626153219634,2023-08-04,1833114,FL.1.5.1,Omicron (XBB.1-like),290.0,2023-08-21,1823722,FL.1.5.1,Omicron (XBB.1-like),360.00000000040006,2023-06-12,1263705,BA.2,Omicron (BA.2-like),842.0,2022-02-15,1833114,FL.1.5.1,Omicron (XBB.1-like),290.0,2023-08-21,965896,BA.2.5,Omicron (BA.2-like),961.3848488131327,2021-10-19,True,10,39,2,False,6,0,,0,
1884050,SRR28043704,1,1,1,29219,29728,2,COVID-ARTIC-V4.1,.,2024-02-01,829c8bcac80d,2,JN.1.43.1,Omicron (BA.2-like),153.57041409892386,2024-01-05,1884049,JN.1.43.1,Omicron (BA.2-like),126.0,2024-02-01,1868063,JN.1.43.1,Omicron (BA.2-like),222.00000000010004,2023-10-28,1263705,BA.2,Omicron (BA.2-like),842.0,2022-02-15,1884049,JN.1.43.1,Omicron (BA.2-like),126.0,2024-02-01,965896,BA.2.5,Omicron (BA.2-like),961.3848488131327,2021-10-19,False,5,57,2,False,6,0,,0,
1558219,SRR20682676,1,1,1,28418,29728,1,COVID-ARTIC-V4.1,.,2022-07-07,87c58b54be37,2,BA.5.5,Omicron (BA.5-like),714.3476408232874,2022-06-23,1558218,BA.5.5,Omicron (BA.5-like),700.0,2022-07-07,1499470,BA.5.5,Omicron (BA.5-like),741.0,2022-05-27,1263705,BA.2,Omicron (BA.2-like),842.0,2022-02-15,1558218,BA.5.5,Omicron (BA.5-like),700.0,2022-07-07,871728,B.1.1.529,Omicron (Unassigned),1333.8575128682105,2020-10-12,False,3,16,2,False,6,0,,0,
1585369,ERR10039731,2,1,1,28331,29728,3,COVID-ARTIC-V4.1,.,2022-07-22,c7b02a5c48dc,2,BA.5.2.1,Omicron (BA.5-like),695.2422215624442,2022-07-12,1585368,BA.5.2.1,Omicron (BA.5-like),685.0,2022-07-22,1519310,BA.5.2.1,Omicron (BA.5-like),726.0000000001,2022-06-11,1263705,BA.2,Omicron (BA.2-like),842.0,2022-02-15,1585368,BA.5.2.1,Omicron (BA.5-like),685.0,2022-07-22,871728,B.1.1.529,Omicron (Unassigned),1333.8575128682105,2020-10-12,False,4,18,2,False,8,0,,0,
1663572,SRR21797337,1,1,1,26276,29729,1,COVID-ARTIC-V4.1,.,2022-09-19,002ee223c315,2,BA.2.75.2,Omicron (BA.2-like),678.8862681207723,2022-07-29,1663571,BA.2.75.2,Omicron (BA.2-like),626.0,2022-09-19,1619113,BA.2.75.2,Omicron (BA.2-like),760.3201996241901,2022-05-08,1243956,BA.2,Omicron (BA.2-like),874.0000000001,2022-01-14,1663571,BA.2.75.2,Omicron (BA.2-like),626.0,2022-09-19,963496,BA.2,Omicron (BA.2-like),918.0000000002,2021-12-01,False,2,22,2,False,5,0,,0,
1642870,ERR10219839,3,1,1,29667,29729,2,COVID-ARTIC-V4.1,.,2022-09-03,50fa598cd1db,2,BA.5.1.2,Omicron (BA.5-like),720.2975953287164,2022-06-17,1642869,BA.5.1.2,Omicron (BA.5-like),642.0,2022-09-03,1520882,BA.5.1.2,Omicron (BA.5-like),725.0000000001,2022-06-12,1243956,BA.2,Omicron (BA.2-like),874.0000000001,2022-01-14,1642869,BA.5.1.2,Omicron (BA.5-like),642.0,2022-09-03,871728,B.1.1.529,Omicron (Unassigned),1333.8575128682105,2020-10-12,False,4,19,2,False,7,0,,0,
1647778,SRR21671244,2,1,1,29667,29729,3,COVID-ARTIC-V4.1,.,2022-09-06,335aff0f853b,2,BA.5.1,Omicron (BA.5-like),651.908664482613,2022-08-25,1647777,BA.5.1,Omicron (BA.5-like),639.0,2022-09-06,1556108,BA.5.1,Omicron (BA.5-like),701.0,2022-07-06,1243956,BA.2,Omicron (BA.2-like),874.0000000001,2022-01-14,1647777,BA.5.1,Omicron (BA.5-like),639.0,2022-09-06,871728,B.1.1.529,Omicron (Unassigned),1333.8575128682105,2020-10-12,False,3,24,2,False,8,0,,0,
1594013,SRR21031984,3,1,1,28331,29729,1,COVID-ARTIC-V4.1,.,2022-07-26,2e54f3b94423,2,BA.5.2.1,Omicron (BA.5-like),735.571469335057,2022-06-02,1594012,BA.5.2.1,Omicron (BA.5-like),681.0,2022-07-26,1441088,BA.5.2.1,Omicron (BA.5-like),828.0000003930714,2022-03-01,1243956,BA.2,Omicron (BA.2-like),874.0000000001,2022-01-14,1594012,BA.5.2.1,Omicron (BA.5-like),681.0,2022-07-26,871728,B.1.1.529,Omicron (Unassigned),1333.8575128682105,2020-10-12,False,4,18,2,False,5,0,,0,
1745732,ERR10850941,33,1,1,27577,29729,3,COVID-ARTIC-V4.1,.,2023-01-12,f27831445900,2,CH.1.1.24,Omicron (BA.2-like),575.0000000001,2022-11-09,1745731,CH.1.1.24,Omicron (BA.2-like),511.0,2023-01-12,1705425,CH.1.1.24,Omicron (BA.2-like),575.0000000002001,2022-11-09,1243956,BA.2,Omicron (BA.2-like),874.0000000001,2022-01-14,1757942,CH.1.1.24,Omicron (BA.2-like),575.0,2022-11-09,963496,BA.2,Omicron (BA.2-like),918.0000000002,2021-12-01,False,8,28,2,False,7,0,,0,
1661324,SRR21794908,2,1,1,28331,29729,2,COVID-ARTIC-V4.1,.,2022-09-17,950f43603767,2,BF.27,Omicron (BA.5-like),642.5649528945767,2022-09-03,1661323,BF.27,Omicron (BA.5-like),628.0,2022-09-17,1648425,BF.27,Omicron (BA.5-like),701.0,2022-07-06,1243956,BA.2,Omicron (BA.2-like),874.0000000001,2022-01-14,1661323,BF.27,Omicron (BA.5-like),628.0,2022-09-17,871728,B.1.1.529,Omicron (Unassigned),1333.8575128682105,2020-10-12,False,5,25,2,False,7,0,,0,
1306423,ERR9247992,24,1,1,27685,29729,1,COVID-ARTIC-V4.1,.,2022-02-27,cb97b0125704,2,BA.2,Omicron (BA.2-like),874.0,2022-01-14,1306422,BA.2,Omicron (BA.2-like),830.0,2022-02-27,1297968,BA.2,Omicron (BA.2-like),890.0534933037089,2021-12-29,1243956,BA.2,Omicron (BA.2-like),874.0000000001,2022-01-14,1306422,BA.2,Omicron (BA.2-like),830.0,2022-02-27,965896,BA.2.5,Omicron (BA.2-like),961.3848488131327,2021-10-19,False,0,5,2,False,5,0,,0,
1767081,ERR10933635,12,2,1,27916,29729,0,COVID-ARTIC-V4.1,4.1alt,2023-02-13,9fe4a2d99bcd,3,XBB.1.5.4,Omicron (XBB.1.5-like),504.0,2023-01-19,1767080,XBB.1.5.4,Omicron (XBB.1.5-like),479.0,2023-02-13,1760512,XBB.1.5.4,Omicron (XBB.1.5-like),504.0000000002,2023-01-19,1243956,BA.2,Omicron (BA.2-like),874.0000000001,2022-01-14,1794128,XBB.1.5.4,Omicron (XBB.1.5-like),481.3677161143258,2023-02-11,963496,BA.2,Omicron (BA.2-like),918.0000000002,2021-12-01,True,7,28,2,False,4,0,,0,
1465084,SRR20772183,2,1,1,23674,29729,0,COVID-ARTIC-V4.1,.,2022-04-30,733362e3d149,2,BA.2.12.1,Omicron (BA.2-like),825.7433223938879,2022-03-04,1465083,BA.2.12.1,Omicron (BA.2-like),768.0,2022-04-30,1319942,BA.2.12.1,Omicron (BA.2-like),864.6929520167355,2022-01-24,1243956,BA.2,Omicron (BA.2-like),874.0000000001,2022-01-14,1465083,BA.2.12.1,Omicron (BA.2-like),768.0,2022-04-30,963496,BA.2,Omicron (BA.2-like),918.0000000002,2021-12-01,False,2,8,2,False,4,0,,0,
1606764,ERR10109588,2,1,1,28682,29729,3,COVID-ARTIC-V4.1,.,2022-08-03,0fe01445ecef,2,BE.1,Omicron (BA.5-like),758.4320283908513,2022-05-10,1606763,BE.1,Omicron (BA.5-like),673.0,2022-08-03,1521518,BE.1,Omicron (BA.5-like),803.6480702267213,2022-03-26,1243956,BA.2,Omicron (BA.2-like),874.0000000001,2022-01-14,1690574,BE.1,Omicron (BA.5-like),739.9088497344704,2022-05-29,871728,B.1.1.529,Omicron (Unassigned),1333.8575128682105,2020-10-12,False,5,21,2,False,8,0,,0,
1726434,ERR12080697,67,17,1,28682,29729,7,COVID-ARTIC-V4.1,.,2022-12-17,53f8eba593d3,21,BQ.1.21,Omicron (BA.5-like),652.8463069223258,2022-08-24,1726414,BQ.1.21,Omicron (BA.5-like),540.0,2022-12-14,1613656,BQ.1,Omicron (BA.5-like),750.0000000001005,2022-05-18,1243956,BA.2,Omicron (BA.2-like),874.0000000001,2022-01-14,1726433,BQ.1.21,Omicron (BA.5-like),633.7650545982608,2022-09-12,871728,B.1.1.529,Omicron (Unassigned),1333.8575128682105,2020-10-12,False,8,23,2,False,9,0,,0,
1589729,SRR22472502,1,1,1,28372,29729,1,COVID-ARTIC-V4.1,.,2022-07-24,9dafe712a75a,2,BA.5.2.1,Omicron (BA.5-like),691.7536941950046,2022-07-16,1589728,BA.5.2.1,Omicron (BA.5-like),683.0,2022-07-24,1572263,BA.5.2.1,Omicron (BA.5-like),692.0,2022-07-15,1243956,BA.2,Omicron (BA.2-like),874.0000000001,2022-01-14,1589728,BA.5.2.1,Omicron (BA.5-like),683.0,2022-07-24,871728,B.1.1.529,Omicron (Unassigned),1333.8575128682105,2020-10-12,False,4,23,2,False,6,0,,0,
1818009,SRR25053154,1,1,1,28331,29733,1,COVID-MIDNIGHT-1200,.,2023-05-03,ccb5759b531c,2,XBB.1.9.1,Omicron (XBB.1-like),406.72292825890327,2023-04-27,1818008,XBB.1.9.1,Omicron (XBB.1-like),400.0,2023-05-03,1812967,XBB.1.9.1,Omicron (XBB.1-like),416.0,2023-04-17,1585461,BA.5.2,Omicron (BA.5-like),685.0,2022-07-22,1818008,XBB.1.9.1,Omicron (XBB.1-like),400.0,2023-05-03,871728,B.1.1.529,Omicron (Unassigned),1333.8575128682105,2020-10-12,True,10,46,4,True,10,1,MNM3,0,
1232639,SRR18234565,16,2,1,25923,29734,2,COVID-VARSKIP-V1a-2b,.,2022-02-08,46061a063958,3,BA.1.18,Omicron (BA.1-like),868.0000000002001,2022-01-20,1232637,BA.1.18,Omicron (BA.1-like),849.0,2022-02-08,1056222,BA.1.18,Omicron (BA.1-like),930.0000000001,2021-11-19,1137350,BA.1.1,Omicron (BA.1-like),868.0000000003001,2022-01-20,1334415,BA.1.18,Omicron (BA.1-like),868.0000000001,2022-01-20,871714,BA.1,Omicron (BA.1-like),1011.137026065978,2021-08-30,False,2,6,3,False,5,0,,0,
1556595,ERR12781803,6,1,1,29509,29739,1,COVID-ARTIC-V3,.,2022-07-06,d3380c560596,2,BA.5.2.1,Omicron (BA.5-like),721.9941773529788,2022-06-16,1556594,BA.5.2.1,Omicron (BA.5-like),701.0,2022-07-06,1441088,BA.5.2.1,Omicron (BA.5-like),828.0000003930714,2022-03-01,1456229,BA.2.9.1,Omicron (BA.2-like),774.0,2022-04-24,1556594,BA.5.2.1,Omicron (BA.5-like),701.0,2022-07-06,871728,B.1.1.529,Omicron (Unassigned),1333.8575128682105,2020-10-12,False,6,24,2,False,6,0,,0,
1750096,ERR13040343,1,1,1,29509,29739,1,COVID-ARTIC-V3,.,2023-01-20,fb573dd16e37,2,BQ.1.1,Omicron (BA.5-like),517.1036692172681,2023-01-06,1750095,BQ.1.1,Omicron (BA.5-like),503.0,2023-01-20,1742444,BQ.1.1,Omicron (BA.5-like),546.4551403633163,2022-12-08,1456229,BA.2.9.1,Omicron (BA.2-like),774.0,2022-04-24,1750095,BQ.1.1,Omicron (BA.5-like),503.0,2023-01-20,871728,B.1.1.529,Omicron (Unassigned),1333.8575128682105,2020-10-12,False,11,35,2,False,6,0,,0,
1756387,ERR13041473,2,1,1,29509,29739,2,COVID-ARTIC-V3,.,2023-01-30,63fdc76a0f52,2,EF.1,Omicron (BA.5-like),508.07785603952914,2023-01-15,1756386,EF.1,Omicron (BA.5-like),493.0,2023-01-30,1715301,EF.1,Omicron (BA.5-like),555.0000000001,2022-11-29,1456229,BA.2.9.1,Omicron (BA.2-like),774.0,2022-04-24,1756386,EF.1,Omicron (BA.5-like),493.0,2023-01-30,871728,B.1.1.529,Omicron (Unassigned),1333.8575128682105,2020-10-12,False,13,36,2,False,7,0,,0,
1179983,SRR25727637,1,1,1,29422,29751,1,COVID-MIDNIGHT-1200,.,2022-01-29,9e5447484a2e,2,BA.1.17,Omicron (BA.1-like),879.6762206582589,2022-01-09,1179982,BA.1.17,Omicron (BA.1-like),859.0,2022-01-29,935829,BA.1.17,Omicron (BA.1-like),923.0,2021-11-26,22143,B.1,.,1441.0,2020-06-26,1179982,BA.1.17,Omicron (BA.1-like),859.0,2022-01-29,68,B.1,.,1591.6612163418586,2020-01-28,False,4,62,1,False,5,1,mnS3,0,
1771516,ERR11006399,1,1,1,28704,29754,3,COVID-ARTIC-V4.1,.,2023-02-16,042df158bb7a,2,FY.1,Omicron (XBB.1-like),477.0,2023-02-15,1771515,FY.1,Omicron (XBB.1-like),476.0,2023-02-16,1770177,FY.1,Omicron (XBB.1-like),477.0000000001,2023-02-15,1658761,BA.5.6,Omicron (BA.5-like),630.0,2022-09-15,1771515,FY.1,Omicron (XBB.1-like),476.0,2023-02-16,871728,B.1.1.529,Omicron (Unassigned),1333.8575128682105,2020-10-12,True,11,48,1,False,7,1,MNM3,0,
